<?xml version="1.0" encoding="UTF-8"?>
<gpx xmlns="http://www.topografix.com/GPX/1/1" xmlns:gpxdata="http://www.cluetrust.com/XML/GPXDATA/1/0" xmlns:xsi="http://www.w3.org/2001/XMLSchema-instance" xsi:schemaLocation="http://www.topografix.com/GPX/1/1 https://www.topografix.com/GPX/1/1/gpx.xsd http://www.cluetrust.com/XML/GPXDATA/1/0 https://www.cluetrust.com/Schemas/gpxdata10.xsd" creator="COROS Wearables" version="1.1">
 <metadata>
  <link href="https://www.coros.com">
   <text>COROS</text>
  </link>
  <time>2026-08-07T18:14:38Z</time>
 </metadata>
 <trk>
  <name>Vela Luka Gravel</name>
  <type>Other</type>
  <trkseg>
   <trkpt lat="42.9552495" lon="16.7117137">
    <ele>9</ele>
    <time>2026-08-07T18:14:38Z</time>
    <extensions>
     <gpxdata:distance>0.00</gpxdata:distance>
    </extensions>
   </trkpt>
   <trkpt lat="42.9552411" lon="16.7117230">
    <ele>9</ele>
    <time>2026-08-07T18:14:39Z</time>
    <extensions>
     <gpxdata:distance>0.00</gpxdata:distance>
    </extensions>
   </trkpt>
   <trkpt lat="42.9552321" lon="16.7117325">
    <ele>9</ele>
    <time>2026-08-07T18:14:40Z</time>
    <extensions>
     <gpxdata:distance>0.00</gpxdata:distance>
    </extensions>
   </trkpt>
   <trkpt lat="42.9552224" lon="16.7117437">
    <ele>9</ele>
    <time>2026-08-07T18:14:41Z</time>
    <extensions>
     <gpxdata:distance>0.00</gpxdata:distance>
    </extensions>
   </trkpt>
   <trkpt lat="42.9552120" lon="16.7117578">
    <ele>9</ele>
    <time>2026-08-07T18:14:42Z</time>
    <extensions>
     <gpxdata:distance>0.00</gpxdata:distance>
    </extensions>
   </trkpt>
   <trkpt lat="42.9552006" lon="16.7117747">
    <ele>9</ele>
    <time>2026-08-07T18:14:43Z</time>
    <extensions>
     <gpxdata:distance>5.00</gpxdata:distance>
     <gpxdata:speed>2.297</gpxdata:speed>
    </extensions>
   </trkpt>
   <trkpt lat="42.9551879" lon="16.7117934">
    <ele>9</ele>
    <time>2026-08-07T18:14:44Z</time>
    <extensions>
     <gpxdata:distance>10.00</gpxdata:distance>
     <gpxdata:speed>2.308</gpxdata:speed>
    </extensions>
   </trkpt>
   <trkpt lat="42.9551736" lon="16.7118137">
    <ele>9</ele>
    <time>2026-08-07T18:14:45Z</time>
    <extensions>
     <gpxdata:distance>12.50</gpxdata:distance>
     <gpxdata:speed>2.367</gpxdata:speed>
    </extensions>
   </trkpt>
   <trkpt lat="42.9551580" lon="16.7118356">
    <ele>9</ele>
    <time>2026-08-07T18:14:46Z</time>
    <extensions>
     <gpxdata:distance>15.00</gpxdata:distance>
     <gpxdata:speed>2.450</gpxdata:speed>
    </extensions>
   </trkpt>
   <trkpt lat="42.9551410" lon="16.7118593">
    <ele>9</ele>
    <time>2026-08-07T18:14:47Z</time>
    <extensions>
     <gpxdata:distance>18.00</gpxdata:distance>
     <gpxdata:speed>2.558</gpxdata:speed>
    </extensions>
   </trkpt>
   <trkpt lat="42.9551219" lon="16.7118837">
    <ele>9</ele>
    <time>2026-08-07T18:14:48Z</time>
    <extensions>
     <gpxdata:distance>21.00</gpxdata:distance>
     <gpxdata:speed>2.739</gpxdata:speed>
    </extensions>
   </trkpt>
   <trkpt lat="42.9551003" lon="16.7119094">
    <ele>9</ele>
    <time>2026-08-07T18:14:49Z</time>
    <extensions>
     <gpxdata:distance>24.50</gpxdata:distance>
     <gpxdata:speed>2.894</gpxdata:speed>
    </extensions>
   </trkpt>
   <trkpt lat="42.9550618" lon="16.7119545">
    <ele>9</ele>
    <time>2026-08-07T18:14:50Z</time>
    <extensions>
     <gpxdata:distance>28.00</gpxdata:distance>
     <gpxdata:speed>3.200</gpxdata:speed>
    </extensions>
   </trkpt>
   <trkpt lat="42.9550333" lon="16.7119880">
    <ele>9</ele>
    <time>2026-08-07T18:14:51Z</time>
    <extensions>
     <gpxdata:distance>32.00</gpxdata:distance>
     <gpxdata:speed>3.433</gpxdata:speed>
    </extensions>
   </trkpt>
   <trkpt lat="42.9550053" lon="16.7120209">
    <ele>9</ele>
    <time>2026-08-07T18:14:52Z</time>
    <extensions>
     <gpxdata:distance>36.00</gpxdata:distance>
     <gpxdata:speed>3.644</gpxdata:speed>
    </extensions>
   </trkpt>
   <trkpt lat="42.9549763" lon="16.7120548">
    <ele>9</ele>
    <time>2026-08-07T18:14:53Z</time>
    <extensions>
     <gpxdata:distance>40.50</gpxdata:distance>
     <gpxdata:speed>3.858</gpxdata:speed>
    </extensions>
   </trkpt>
   <trkpt lat="42.9549463" lon="16.7120904">
    <ele>9</ele>
    <time>2026-08-07T18:14:54Z</time>
    <extensions>
     <gpxdata:distance>45.00</gpxdata:distance>
     <gpxdata:speed>4.069</gpxdata:speed>
    </extensions>
   </trkpt>
   <trkpt lat="42.9549154" lon="16.7121274">
    <ele>9</ele>
    <time>2026-08-07T18:14:55Z</time>
    <extensions>
     <gpxdata:distance>49.50</gpxdata:distance>
     <gpxdata:speed>4.264</gpxdata:speed>
    </extensions>
   </trkpt>
   <trkpt lat="42.9548838" lon="16.7121657">
    <ele>9</ele>
    <time>2026-08-07T18:14:56Z</time>
    <extensions>
     <gpxdata:distance>54.00</gpxdata:distance>
     <gpxdata:speed>4.436</gpxdata:speed>
    </extensions>
   </trkpt>
   <trkpt lat="42.9548520" lon="16.7122066">
    <ele>9</ele>
    <time>2026-08-07T18:14:57Z</time>
    <extensions>
     <gpxdata:distance>59.00</gpxdata:distance>
     <gpxdata:speed>4.592</gpxdata:speed>
    </extensions>
   </trkpt>
   <trkpt lat="42.9548215" lon="16.7122515">
    <ele>9</ele>
    <time>2026-08-07T18:14:58Z</time>
    <extensions>
     <gpxdata:distance>64.00</gpxdata:distance>
     <gpxdata:speed>4.750</gpxdata:speed>
    </extensions>
   </trkpt>
   <trkpt lat="42.9547958" lon="16.7123033">
    <ele>9</ele>
    <time>2026-08-07T18:14:59Z</time>
    <extensions>
     <gpxdata:distance>69.50</gpxdata:distance>
     <gpxdata:speed>4.903</gpxdata:speed>
    </extensions>
   </trkpt>
   <trkpt lat="42.9547768" lon="16.7123614">
    <ele>9</ele>
    <time>2026-08-07T18:15:00Z</time>
    <extensions>
     <gpxdata:distance>75.00</gpxdata:distance>
     <gpxdata:speed>5.086</gpxdata:speed>
    </extensions>
   </trkpt>
   <trkpt lat="42.9547642" lon="16.7124240">
    <ele>9</ele>
    <time>2026-08-07T18:15:01Z</time>
    <extensions>
     <gpxdata:distance>80.00</gpxdata:distance>
     <gpxdata:speed>5.211</gpxdata:speed>
    </extensions>
   </trkpt>
   <trkpt lat="42.9547559" lon="16.7124884">
    <ele>9</ele>
    <time>2026-08-07T18:15:02Z</time>
    <extensions>
     <gpxdata:distance>85.00</gpxdata:distance>
     <gpxdata:speed>5.303</gpxdata:speed>
    </extensions>
   </trkpt>
   <trkpt lat="42.9547515" lon="16.7125537">
    <ele>9</ele>
    <time>2026-08-07T18:15:03Z</time>
    <extensions>
     <gpxdata:distance>90.50</gpxdata:distance>
     <gpxdata:speed>5.342</gpxdata:speed>
    </extensions>
   </trkpt>
   <trkpt lat="42.9547508" lon="16.7126189">
    <ele>9</ele>
    <time>2026-08-07T18:15:04Z</time>
    <extensions>
     <gpxdata:distance>96.00</gpxdata:distance>
     <gpxdata:speed>5.361</gpxdata:speed>
    </extensions>
   </trkpt>
   <trkpt lat="42.9547525" lon="16.7126835">
    <ele>9</ele>
    <time>2026-08-07T18:15:05Z</time>
    <extensions>
     <gpxdata:distance>101.00</gpxdata:distance>
     <gpxdata:speed>5.367</gpxdata:speed>
    </extensions>
   </trkpt>
   <trkpt lat="42.9547549" lon="16.7127470">
    <ele>9</ele>
    <time>2026-08-07T18:15:06Z</time>
    <extensions>
     <gpxdata:distance>106.00</gpxdata:distance>
     <gpxdata:speed>5.358</gpxdata:speed>
    </extensions>
   </trkpt>
   <trkpt lat="42.9547586" lon="16.7128087">
    <ele>9</ele>
    <time>2026-08-07T18:15:07Z</time>
    <extensions>
     <gpxdata:distance>111.00</gpxdata:distance>
     <gpxdata:speed>5.333</gpxdata:speed>
    </extensions>
   </trkpt>
   <trkpt lat="42.9547631" lon="16.7128688">
    <ele>9</ele>
    <time>2026-08-07T18:15:08Z</time>
    <extensions>
     <gpxdata:distance>116.00</gpxdata:distance>
     <gpxdata:speed>5.289</gpxdata:speed>
    </extensions>
   </trkpt>
   <trkpt lat="42.9547676" lon="16.7129292">
    <ele>9</ele>
    <time>2026-08-07T18:15:09Z</time>
    <extensions>
     <gpxdata:distance>121.00</gpxdata:distance>
     <gpxdata:speed>4.983</gpxdata:speed>
    </extensions>
   </trkpt>
   <trkpt lat="42.9547714" lon="16.7129915">
    <ele>9</ele>
    <time>2026-08-07T18:15:10Z</time>
    <extensions>
     <gpxdata:distance>126.00</gpxdata:distance>
     <gpxdata:speed>4.978</gpxdata:speed>
    </extensions>
   </trkpt>
   <trkpt lat="42.9547746" lon="16.7130547">
    <ele>9</ele>
    <time>2026-08-07T18:15:11Z</time>
    <extensions>
     <gpxdata:distance>131.50</gpxdata:distance>
     <gpxdata:speed>5.053</gpxdata:speed>
    </extensions>
   </trkpt>
   <trkpt lat="42.9547777" lon="16.7131197">
    <ele>9</ele>
    <time>2026-08-07T18:15:12Z</time>
    <extensions>
     <gpxdata:distance>137.00</gpxdata:distance>
     <gpxdata:speed>5.103</gpxdata:speed>
    </extensions>
   </trkpt>
   <trkpt lat="42.9547837" lon="16.7131862">
    <ele>9</ele>
    <time>2026-08-07T18:15:13Z</time>
    <extensions>
     <gpxdata:distance>142.50</gpxdata:distance>
     <gpxdata:speed>5.192</gpxdata:speed>
    </extensions>
   </trkpt>
   <trkpt lat="42.9547954" lon="16.7132531">
    <ele>9</ele>
    <time>2026-08-07T18:15:14Z</time>
    <extensions>
     <gpxdata:distance>148.00</gpxdata:distance>
     <gpxdata:speed>5.314</gpxdata:speed>
    </extensions>
   </trkpt>
   <trkpt lat="42.9548160" lon="16.7133167">
    <ele>9</ele>
    <time>2026-08-07T18:15:15Z</time>
    <extensions>
     <gpxdata:distance>153.50</gpxdata:distance>
     <gpxdata:speed>5.453</gpxdata:speed>
    </extensions>
   </trkpt>
   <trkpt lat="42.9548465" lon="16.7133749">
    <ele>9</ele>
    <time>2026-08-07T18:15:16Z</time>
    <extensions>
     <gpxdata:distance>159.00</gpxdata:distance>
     <gpxdata:speed>5.583</gpxdata:speed>
    </extensions>
   </trkpt>
   <trkpt lat="42.9548851" lon="16.7134279">
    <ele>9</ele>
    <time>2026-08-07T18:15:17Z</time>
    <extensions>
     <gpxdata:distance>165.50</gpxdata:distance>
     <gpxdata:speed>5.947</gpxdata:speed>
    </extensions>
   </trkpt>
   <trkpt lat="42.9549452" lon="16.7134920">
    <ele>9</ele>
    <time>2026-08-07T18:15:18Z</time>
    <extensions>
     <gpxdata:distance>172.00</gpxdata:distance>
     <gpxdata:speed>6.181</gpxdata:speed>
    </extensions>
   </trkpt>
   <trkpt lat="42.9549975" lon="16.7135343">
    <ele>9</ele>
    <time>2026-08-07T18:15:19Z</time>
    <extensions>
     <gpxdata:distance>178.50</gpxdata:distance>
     <gpxdata:speed>6.400</gpxdata:speed>
    </extensions>
   </trkpt>
   <trkpt lat="42.9550499" lon="16.7135677">
    <ele>10</ele>
    <time>2026-08-07T18:15:20Z</time>
    <extensions>
     <gpxdata:distance>185.00</gpxdata:distance>
     <gpxdata:speed>6.436</gpxdata:speed>
    </extensions>
   </trkpt>
   <trkpt lat="42.9551014" lon="16.7135955">
    <ele>10</ele>
    <time>2026-08-07T18:15:21Z</time>
    <extensions>
     <gpxdata:distance>191.00</gpxdata:distance>
     <gpxdata:speed>6.342</gpxdata:speed>
    </extensions>
   </trkpt>
   <trkpt lat="42.9551521" lon="16.7136189">
    <ele>10</ele>
    <time>2026-08-07T18:15:22Z</time>
    <extensions>
     <gpxdata:distance>197.00</gpxdata:distance>
     <gpxdata:speed>6.125</gpxdata:speed>
    </extensions>
   </trkpt>
   <trkpt lat="42.9551883" lon="16.7136338">
    <ele>10</ele>
    <time>2026-08-07T18:15:23Z</time>
    <extensions>
     <gpxdata:distance>203.00</gpxdata:distance>
     <gpxdata:speed>5.986</gpxdata:speed>
    </extensions>
   </trkpt>
   <trkpt lat="42.9552342" lon="16.7136512">
    <ele>10</ele>
    <time>2026-08-07T18:15:24Z</time>
    <extensions>
     <gpxdata:distance>209.00</gpxdata:distance>
     <gpxdata:speed>5.925</gpxdata:speed>
    </extensions>
   </trkpt>
   <trkpt lat="42.9552822" lon="16.7136683">
    <ele>10</ele>
    <time>2026-08-07T18:15:25Z</time>
    <extensions>
     <gpxdata:distance>214.50</gpxdata:distance>
     <gpxdata:speed>5.861</gpxdata:speed>
    </extensions>
   </trkpt>
   <trkpt lat="42.9553292" lon="16.7136824">
    <ele>10</ele>
    <time>2026-08-07T18:15:26Z</time>
    <extensions>
     <gpxdata:distance>220.00</gpxdata:distance>
     <gpxdata:speed>5.772</gpxdata:speed>
    </extensions>
   </trkpt>
   <trkpt lat="42.9553738" lon="16.7136914">
    <ele>10</ele>
    <time>2026-08-07T18:15:27Z</time>
    <extensions>
     <gpxdata:distance>224.50</gpxdata:distance>
     <gpxdata:speed>5.400</gpxdata:speed>
    </extensions>
   </trkpt>
   <trkpt lat="42.9554143" lon="16.7136946">
    <ele>10</ele>
    <time>2026-08-07T18:15:28Z</time>
    <extensions>
     <gpxdata:distance>229.00</gpxdata:distance>
     <gpxdata:speed>5.028</gpxdata:speed>
    </extensions>
   </trkpt>
   <trkpt lat="42.9554501" lon="16.7136927">
    <ele>11</ele>
    <time>2026-08-07T18:15:29Z</time>
    <extensions>
     <gpxdata:distance>233.00</gpxdata:distance>
     <gpxdata:speed>4.514</gpxdata:speed>
    </extensions>
   </trkpt>
   <trkpt lat="42.9554799" lon="16.7136865">
    <ele>11</ele>
    <time>2026-08-07T18:15:30Z</time>
    <extensions>
     <gpxdata:distance>237.00</gpxdata:distance>
     <gpxdata:speed>4.008</gpxdata:speed>
    </extensions>
   </trkpt>
   <trkpt lat="42.9555045" lon="16.7136757">
    <ele>11</ele>
    <time>2026-08-07T18:15:31Z</time>
    <extensions>
     <gpxdata:distance>239.50</gpxdata:distance>
     <gpxdata:speed>3.381</gpxdata:speed>
    </extensions>
   </trkpt>
   <trkpt lat="42.9555166" lon="16.7136668">
    <ele>11</ele>
    <time>2026-08-07T18:15:32Z</time>
    <extensions>
     <gpxdata:distance>242.00</gpxdata:distance>
     <gpxdata:speed>2.964</gpxdata:speed>
    </extensions>
   </trkpt>
   <trkpt lat="42.9555322" lon="16.7136511">
    <ele>11</ele>
    <time>2026-08-07T18:15:33Z</time>
    <extensions>
     <gpxdata:distance>245.00</gpxdata:distance>
     <gpxdata:speed>2.806</gpxdata:speed>
    </extensions>
   </trkpt>
   <trkpt lat="42.9555500" lon="16.7136288">
    <ele>11</ele>
    <time>2026-08-07T18:15:34Z</time>
    <extensions>
     <gpxdata:distance>248.00</gpxdata:distance>
     <gpxdata:speed>2.853</gpxdata:speed>
    </extensions>
   </trkpt>
   <trkpt lat="42.9555836" lon="16.7135815">
    <ele>11</ele>
    <time>2026-08-07T18:15:35Z</time>
    <extensions>
     <gpxdata:distance>251.50</gpxdata:distance>
     <gpxdata:speed>3.161</gpxdata:speed>
    </extensions>
   </trkpt>
   <trkpt lat="42.9556103" lon="16.7135378">
    <ele>11</ele>
    <time>2026-08-07T18:15:36Z</time>
    <extensions>
     <gpxdata:distance>255.00</gpxdata:distance>
     <gpxdata:speed>3.467</gpxdata:speed>
    </extensions>
   </trkpt>
   <trkpt lat="42.9556346" lon="16.7134861">
    <ele>11</ele>
    <time>2026-08-07T18:15:37Z</time>
    <extensions>
     <gpxdata:distance>260.50</gpxdata:distance>
     <gpxdata:speed>3.900</gpxdata:speed>
    </extensions>
   </trkpt>
   <trkpt lat="42.9556557" lon="16.7134250">
    <ele>12</ele>
    <time>2026-08-07T18:15:38Z</time>
    <extensions>
     <gpxdata:distance>266.00</gpxdata:distance>
     <gpxdata:speed>4.939</gpxdata:speed>
    </extensions>
   </trkpt>
   <trkpt lat="42.9556732" lon="16.7133575">
    <ele>12</ele>
    <time>2026-08-07T18:15:39Z</time>
    <extensions>
     <gpxdata:distance>272.00</gpxdata:distance>
     <gpxdata:speed>5.506</gpxdata:speed>
    </extensions>
   </trkpt>
   <trkpt lat="42.9556883" lon="16.7132878">
    <ele>12</ele>
    <time>2026-08-07T18:15:40Z</time>
    <extensions>
     <gpxdata:distance>278.00</gpxdata:distance>
     <gpxdata:speed>5.783</gpxdata:speed>
    </extensions>
   </trkpt>
   <trkpt lat="42.9557023" lon="16.7132192">
    <ele>12</ele>
    <time>2026-08-07T18:15:41Z</time>
    <extensions>
     <gpxdata:distance>284.00</gpxdata:distance>
     <gpxdata:speed>5.822</gpxdata:speed>
    </extensions>
   </trkpt>
   <trkpt lat="42.9557157" lon="16.7131526">
    <ele>12</ele>
    <time>2026-08-07T18:15:42Z</time>
    <extensions>
     <gpxdata:distance>290.00</gpxdata:distance>
     <gpxdata:speed>5.689</gpxdata:speed>
    </extensions>
   </trkpt>
   <trkpt lat="42.9557291" lon="16.7130863">
    <ele>12</ele>
    <time>2026-08-07T18:15:43Z</time>
    <extensions>
     <gpxdata:distance>295.50</gpxdata:distance>
     <gpxdata:speed>5.553</gpxdata:speed>
    </extensions>
   </trkpt>
   <trkpt lat="42.9557438" lon="16.7130213">
    <ele>12</ele>
    <time>2026-08-07T18:15:44Z</time>
    <extensions>
     <gpxdata:distance>301.00</gpxdata:distance>
     <gpxdata:speed>5.606</gpxdata:speed>
    </extensions>
   </trkpt>
   <trkpt lat="42.9557594" lon="16.7129576">
    <ele>12</ele>
    <time>2026-08-07T18:15:45Z</time>
    <extensions>
     <gpxdata:distance>306.50</gpxdata:distance>
     <gpxdata:speed>5.558</gpxdata:speed>
    </extensions>
   </trkpt>
   <trkpt lat="42.9557766" lon="16.7128962">
    <ele>13</ele>
    <time>2026-08-07T18:15:46Z</time>
    <extensions>
     <gpxdata:distance>312.00</gpxdata:distance>
     <gpxdata:speed>5.544</gpxdata:speed>
    </extensions>
   </trkpt>
   <trkpt lat="42.9557959" lon="16.7128373">
    <ele>13</ele>
    <time>2026-08-07T18:15:47Z</time>
    <extensions>
     <gpxdata:distance>317.00</gpxdata:distance>
     <gpxdata:speed>5.456</gpxdata:speed>
    </extensions>
   </trkpt>
   <trkpt lat="42.9558176" lon="16.7127797">
    <ele>13</ele>
    <time>2026-08-07T18:15:48Z</time>
    <extensions>
     <gpxdata:distance>322.00</gpxdata:distance>
     <gpxdata:speed>5.375</gpxdata:speed>
    </extensions>
   </trkpt>
   <trkpt lat="42.9558416" lon="16.7127214">
    <ele>13</ele>
    <time>2026-08-07T18:15:49Z</time>
    <extensions>
     <gpxdata:distance>327.50</gpxdata:distance>
     <gpxdata:speed>5.342</gpxdata:speed>
    </extensions>
   </trkpt>
   <trkpt lat="42.9558688" lon="16.7126615">
    <ele>13</ele>
    <time>2026-08-07T18:15:50Z</time>
    <extensions>
     <gpxdata:distance>333.00</gpxdata:distance>
     <gpxdata:speed>5.414</gpxdata:speed>
    </extensions>
   </trkpt>
   <trkpt lat="42.9558984" lon="16.7125999">
    <ele>13</ele>
    <time>2026-08-07T18:15:51Z</time>
    <extensions>
     <gpxdata:distance>339.00</gpxdata:distance>
     <gpxdata:speed>5.578</gpxdata:speed>
    </extensions>
   </trkpt>
   <trkpt lat="42.9559292" lon="16.7125367">
    <ele>13</ele>
    <time>2026-08-07T18:15:52Z</time>
    <extensions>
     <gpxdata:distance>345.00</gpxdata:distance>
     <gpxdata:speed>5.758</gpxdata:speed>
    </extensions>
   </trkpt>
   <trkpt lat="42.9559601" lon="16.7124721">
    <ele>13</ele>
    <time>2026-08-07T18:15:53Z</time>
    <extensions>
     <gpxdata:distance>351.50</gpxdata:distance>
     <gpxdata:speed>5.933</gpxdata:speed>
    </extensions>
   </trkpt>
   <trkpt lat="42.9560023" lon="16.7123864">
    <ele>13</ele>
    <time>2026-08-07T18:15:54Z</time>
    <extensions>
     <gpxdata:distance>358.00</gpxdata:distance>
     <gpxdata:speed>6.069</gpxdata:speed>
    </extensions>
   </trkpt>
   <trkpt lat="42.9560372" lon="16.7123210">
    <ele>13</ele>
    <time>2026-08-07T18:15:55Z</time>
    <extensions>
     <gpxdata:distance>364.50</gpxdata:distance>
     <gpxdata:speed>6.247</gpxdata:speed>
    </extensions>
   </trkpt>
   <trkpt lat="42.9560742" lon="16.7122565">
    <ele>13</ele>
    <time>2026-08-07T18:15:56Z</time>
    <extensions>
     <gpxdata:distance>371.00</gpxdata:distance>
     <gpxdata:speed>6.311</gpxdata:speed>
    </extensions>
   </trkpt>
   <trkpt lat="42.9561134" lon="16.7121906">
    <ele>13</ele>
    <time>2026-08-07T18:15:57Z</time>
    <extensions>
     <gpxdata:distance>378.00</gpxdata:distance>
     <gpxdata:speed>6.622</gpxdata:speed>
    </extensions>
   </trkpt>
   <trkpt lat="42.9561561" lon="16.7121236">
    <ele>12</ele>
    <time>2026-08-07T18:15:58Z</time>
    <extensions>
     <gpxdata:distance>385.00</gpxdata:distance>
     <gpxdata:speed>6.861</gpxdata:speed>
    </extensions>
   </trkpt>
   <trkpt lat="42.9562023" lon="16.7120564">
    <ele>12</ele>
    <time>2026-08-07T18:15:59Z</time>
    <extensions>
     <gpxdata:distance>392.50</gpxdata:distance>
     <gpxdata:speed>7.161</gpxdata:speed>
    </extensions>
   </trkpt>
   <trkpt lat="42.9562506" lon="16.7119858">
    <ele>12</ele>
    <time>2026-08-07T18:16:00Z</time>
    <extensions>
     <gpxdata:distance>400.00</gpxdata:distance>
     <gpxdata:speed>7.419</gpxdata:speed>
    </extensions>
   </trkpt>
   <trkpt lat="42.9563001" lon="16.7119089">
    <ele>12</ele>
    <time>2026-08-07T18:16:01Z</time>
    <extensions>
     <gpxdata:distance>408.50</gpxdata:distance>
     <gpxdata:speed>7.778</gpxdata:speed>
    </extensions>
   </trkpt>
   <trkpt lat="42.9563486" lon="16.7118266">
    <ele>12</ele>
    <time>2026-08-07T18:16:02Z</time>
    <extensions>
     <gpxdata:distance>417.00</gpxdata:distance>
     <gpxdata:speed>8.200</gpxdata:speed>
    </extensions>
   </trkpt>
   <trkpt lat="42.9563926" lon="16.7117436">
    <ele>12</ele>
    <time>2026-08-07T18:16:03Z</time>
    <extensions>
     <gpxdata:distance>425.00</gpxdata:distance>
     <gpxdata:speed>8.461</gpxdata:speed>
    </extensions>
   </trkpt>
   <trkpt lat="42.9564297" lon="16.7116675">
    <ele>11</ele>
    <time>2026-08-07T18:16:04Z</time>
    <extensions>
     <gpxdata:distance>433.00</gpxdata:distance>
     <gpxdata:speed>8.358</gpxdata:speed>
    </extensions>
   </trkpt>
   <trkpt lat="42.9564572" lon="16.7116011">
    <ele>11</ele>
    <time>2026-08-07T18:16:05Z</time>
    <extensions>
     <gpxdata:distance>439.00</gpxdata:distance>
     <gpxdata:speed>7.908</gpxdata:speed>
    </extensions>
   </trkpt>
   <trkpt lat="42.9564764" lon="16.7115477">
    <ele>11</ele>
    <time>2026-08-07T18:16:06Z</time>
    <extensions>
     <gpxdata:distance>445.00</gpxdata:distance>
     <gpxdata:speed>7.897</gpxdata:speed>
    </extensions>
   </trkpt>
   <trkpt lat="42.9564866" lon="16.7115189">
    <ele>10</ele>
    <time>2026-08-07T18:16:07Z</time>
    <extensions>
     <gpxdata:distance>448.50</gpxdata:distance>
     <gpxdata:speed>5.100</gpxdata:speed>
    </extensions>
   </trkpt>
   <trkpt lat="42.9564967" lon="16.7114921">
    <ele>10</ele>
    <time>2026-08-07T18:16:08Z</time>
    <extensions>
     <gpxdata:distance>452.00</gpxdata:distance>
     <gpxdata:speed>3.947</gpxdata:speed>
    </extensions>
   </trkpt>
   <trkpt lat="42.9565008" lon="16.7114817">
    <ele>9</ele>
    <time>2026-08-07T18:16:09Z</time>
    <extensions>
     <gpxdata:distance>453.00</gpxdata:distance>
     <gpxdata:speed>2.944</gpxdata:speed>
    </extensions>
   </trkpt>
   <trkpt lat="42.9565025" lon="16.7114738">
    <ele>9</ele>
    <time>2026-08-07T18:16:10Z</time>
    <extensions>
     <gpxdata:distance>454.00</gpxdata:distance>
     <gpxdata:speed>1.886</gpxdata:speed>
    </extensions>
   </trkpt>
   <trkpt lat="42.9565023" lon="16.7114720">
    <ele>8</ele>
    <time>2026-08-07T18:16:11Z</time>
    <extensions>
     <gpxdata:distance>454.50</gpxdata:distance>
     <gpxdata:speed>1.464</gpxdata:speed>
    </extensions>
   </trkpt>
   <trkpt lat="42.9565022" lon="16.7114703">
    <ele>8</ele>
    <time>2026-08-07T18:16:12Z</time>
    <extensions>
     <gpxdata:distance>455.00</gpxdata:distance>
     <gpxdata:speed>0.906</gpxdata:speed>
    </extensions>
   </trkpt>
   <trkpt lat="42.9565020" lon="16.7114685">
    <ele>8</ele>
    <time>2026-08-07T18:16:13Z</time>
    <extensions>
     <gpxdata:distance>455.00</gpxdata:distance>
    </extensions>
   </trkpt>
   <trkpt lat="42.9565489" lon="16.7113395">
    <ele>6</ele>
    <time>2026-08-07T18:16:23Z</time>
    <extensions>
     <gpxdata:distance>470.00</gpxdata:distance>
     <gpxdata:speed>2.067</gpxdata:speed>
    </extensions>
   </trkpt>
   <trkpt lat="42.9565641" lon="16.7113182">
    <ele>6</ele>
    <time>2026-08-07T18:16:24Z</time>
    <extensions>
     <gpxdata:distance>470.00</gpxdata:distance>
     <gpxdata:speed>2.294</gpxdata:speed>
    </extensions>
   </trkpt>
   <trkpt lat="42.9565795" lon="16.7112984">
    <ele>6</ele>
    <time>2026-08-07T18:16:25Z</time>
    <extensions>
     <gpxdata:distance>472.50</gpxdata:distance>
     <gpxdata:speed>2.347</gpxdata:speed>
    </extensions>
   </trkpt>
   <trkpt lat="42.9565949" lon="16.7112798">
    <ele>6</ele>
    <time>2026-08-07T18:16:26Z</time>
    <extensions>
     <gpxdata:distance>475.00</gpxdata:distance>
     <gpxdata:speed>2.372</gpxdata:speed>
    </extensions>
   </trkpt>
   <trkpt lat="42.9566102" lon="16.7112635">
    <ele>6</ele>
    <time>2026-08-07T18:16:27Z</time>
    <extensions>
     <gpxdata:distance>477.00</gpxdata:distance>
     <gpxdata:speed>2.269</gpxdata:speed>
    </extensions>
   </trkpt>
   <trkpt lat="42.9566268" lon="16.7112493">
    <ele>6</ele>
    <time>2026-08-07T18:16:28Z</time>
    <extensions>
     <gpxdata:distance>479.00</gpxdata:distance>
     <gpxdata:speed>2.131</gpxdata:speed>
    </extensions>
   </trkpt>
   <trkpt lat="42.9566459" lon="16.7112369">
    <ele>6</ele>
    <time>2026-08-07T18:16:29Z</time>
    <extensions>
     <gpxdata:distance>481.50</gpxdata:distance>
     <gpxdata:speed>2.247</gpxdata:speed>
    </extensions>
   </trkpt>
   <trkpt lat="42.9566674" lon="16.7112257">
    <ele>5</ele>
    <time>2026-08-07T18:16:30Z</time>
    <extensions>
     <gpxdata:distance>484.00</gpxdata:distance>
     <gpxdata:speed>2.550</gpxdata:speed>
    </extensions>
   </trkpt>
   <trkpt lat="42.9566917" lon="16.7112165">
    <ele>5</ele>
    <time>2026-08-07T18:16:31Z</time>
    <extensions>
     <gpxdata:distance>487.00</gpxdata:distance>
     <gpxdata:speed>2.739</gpxdata:speed>
    </extensions>
   </trkpt>
   <trkpt lat="42.9567372" lon="16.7112044">
    <ele>5</ele>
    <time>2026-08-07T18:16:32Z</time>
    <extensions>
     <gpxdata:distance>490.00</gpxdata:distance>
     <gpxdata:speed>3.008</gpxdata:speed>
    </extensions>
   </trkpt>
   <trkpt lat="42.9567748" lon="16.7111970">
    <ele>5</ele>
    <time>2026-08-07T18:16:33Z</time>
    <extensions>
     <gpxdata:distance>494.50</gpxdata:distance>
     <gpxdata:speed>3.475</gpxdata:speed>
    </extensions>
   </trkpt>
   <trkpt lat="42.9568159" lon="16.7111924">
    <ele>5</ele>
    <time>2026-08-07T18:16:34Z</time>
    <extensions>
     <gpxdata:distance>499.00</gpxdata:distance>
     <gpxdata:speed>3.967</gpxdata:speed>
    </extensions>
   </trkpt>
   <trkpt lat="42.9568626" lon="16.7111912">
    <ele>5</ele>
    <time>2026-08-07T18:16:35Z</time>
    <extensions>
     <gpxdata:distance>504.50</gpxdata:distance>
     <gpxdata:speed>4.628</gpxdata:speed>
    </extensions>
   </trkpt>
   <trkpt lat="42.9569167" lon="16.7111931">
    <ele>5</ele>
    <time>2026-08-07T18:16:36Z</time>
    <extensions>
     <gpxdata:distance>510.00</gpxdata:distance>
     <gpxdata:speed>5.250</gpxdata:speed>
    </extensions>
   </trkpt>
   <trkpt lat="42.9569781" lon="16.7111979">
    <ele>5</ele>
    <time>2026-08-07T18:16:37Z</time>
    <extensions>
     <gpxdata:distance>517.00</gpxdata:distance>
     <gpxdata:speed>4.525</gpxdata:speed>
    </extensions>
   </trkpt>
   <trkpt lat="42.9570444" lon="16.7112034">
    <ele>4</ele>
    <time>2026-08-07T18:16:38Z</time>
    <extensions>
     <gpxdata:distance>524.00</gpxdata:distance>
     <gpxdata:speed>5.072</gpxdata:speed>
    </extensions>
   </trkpt>
   <trkpt lat="42.9571126" lon="16.7112086">
    <ele>4</ele>
    <time>2026-08-07T18:16:39Z</time>
    <extensions>
     <gpxdata:distance>532.00</gpxdata:distance>
     <gpxdata:speed>5.522</gpxdata:speed>
    </extensions>
   </trkpt>
   <trkpt lat="42.9571789" lon="16.7112138">
    <ele>4</ele>
    <time>2026-08-07T18:16:40Z</time>
    <extensions>
     <gpxdata:distance>540.00</gpxdata:distance>
     <gpxdata:speed>5.836</gpxdata:speed>
    </extensions>
   </trkpt>
   <trkpt lat="42.9572619" lon="16.7112212">
    <ele>4</ele>
    <time>2026-08-07T18:16:41Z</time>
    <extensions>
     <gpxdata:distance>546.50</gpxdata:distance>
     <gpxdata:speed>7.078</gpxdata:speed>
    </extensions>
   </trkpt>
   <trkpt lat="42.9573205" lon="16.7112271">
    <ele>4</ele>
    <time>2026-08-07T18:16:42Z</time>
    <extensions>
     <gpxdata:distance>553.00</gpxdata:distance>
     <gpxdata:speed>6.800</gpxdata:speed>
    </extensions>
   </trkpt>
   <trkpt lat="42.9573719" lon="16.7112314">
    <ele>4</ele>
    <time>2026-08-07T18:16:43Z</time>
    <extensions>
     <gpxdata:distance>558.50</gpxdata:distance>
     <gpxdata:speed>6.319</gpxdata:speed>
    </extensions>
   </trkpt>
   <trkpt lat="42.9574183" lon="16.7112337">
    <ele>4</ele>
    <time>2026-08-07T18:16:44Z</time>
    <extensions>
     <gpxdata:distance>564.00</gpxdata:distance>
     <gpxdata:speed>6.072</gpxdata:speed>
    </extensions>
   </trkpt>
   <trkpt lat="42.9574481" lon="16.7112345">
    <ele>4</ele>
    <time>2026-08-07T18:16:45Z</time>
    <extensions>
     <gpxdata:distance>568.50</gpxdata:distance>
     <gpxdata:speed>5.744</gpxdata:speed>
    </extensions>
   </trkpt>
   <trkpt lat="42.9574822" lon="16.7112359">
    <ele>4</ele>
    <time>2026-08-07T18:16:46Z</time>
    <extensions>
     <gpxdata:distance>573.00</gpxdata:distance>
     <gpxdata:speed>4.853</gpxdata:speed>
    </extensions>
   </trkpt>
   <trkpt lat="42.9575165" lon="16.7112381">
    <ele>4</ele>
    <time>2026-08-07T18:16:47Z</time>
    <extensions>
     <gpxdata:distance>577.00</gpxdata:distance>
     <gpxdata:speed>4.308</gpxdata:speed>
    </extensions>
   </trkpt>
   <trkpt lat="42.9575508" lon="16.7112411">
    <ele>4</ele>
    <time>2026-08-07T18:16:48Z</time>
    <extensions>
     <gpxdata:distance>581.00</gpxdata:distance>
     <gpxdata:speed>4.050</gpxdata:speed>
    </extensions>
   </trkpt>
   <trkpt lat="42.9575865" lon="16.7112442">
    <ele>4</ele>
    <time>2026-08-07T18:16:49Z</time>
    <extensions>
     <gpxdata:distance>585.00</gpxdata:distance>
     <gpxdata:speed>3.992</gpxdata:speed>
    </extensions>
   </trkpt>
   <trkpt lat="42.9576246" lon="16.7112474">
    <ele>4</ele>
    <time>2026-08-07T18:16:50Z</time>
    <extensions>
     <gpxdata:distance>589.00</gpxdata:distance>
     <gpxdata:speed>4.111</gpxdata:speed>
    </extensions>
   </trkpt>
   <trkpt lat="42.9576650" lon="16.7112510">
    <ele>4</ele>
    <time>2026-08-07T18:16:51Z</time>
    <extensions>
     <gpxdata:distance>593.50</gpxdata:distance>
     <gpxdata:speed>4.361</gpxdata:speed>
    </extensions>
   </trkpt>
   <trkpt lat="42.9577069" lon="16.7112546">
    <ele>4</ele>
    <time>2026-08-07T18:16:52Z</time>
    <extensions>
     <gpxdata:distance>598.00</gpxdata:distance>
     <gpxdata:speed>4.564</gpxdata:speed>
    </extensions>
   </trkpt>
   <trkpt lat="42.9577497" lon="16.7112565">
    <ele>4</ele>
    <time>2026-08-07T18:16:53Z</time>
    <extensions>
     <gpxdata:distance>603.00</gpxdata:distance>
     <gpxdata:speed>4.658</gpxdata:speed>
    </extensions>
   </trkpt>
   <trkpt lat="42.9577930" lon="16.7112563">
    <ele>4</ele>
    <time>2026-08-07T18:16:54Z</time>
    <extensions>
     <gpxdata:distance>608.00</gpxdata:distance>
     <gpxdata:speed>4.744</gpxdata:speed>
    </extensions>
   </trkpt>
   <trkpt lat="42.9578375" lon="16.7112540">
    <ele>4</ele>
    <time>2026-08-07T18:16:55Z</time>
    <extensions>
     <gpxdata:distance>613.00</gpxdata:distance>
     <gpxdata:speed>4.789</gpxdata:speed>
    </extensions>
   </trkpt>
   <trkpt lat="42.9578840" lon="16.7112519">
    <ele>4</ele>
    <time>2026-08-07T18:16:56Z</time>
    <extensions>
     <gpxdata:distance>618.00</gpxdata:distance>
     <gpxdata:speed>4.956</gpxdata:speed>
    </extensions>
   </trkpt>
   <trkpt lat="42.9579329" lon="16.7112493">
    <ele>4</ele>
    <time>2026-08-07T18:16:57Z</time>
    <extensions>
     <gpxdata:distance>623.50</gpxdata:distance>
     <gpxdata:speed>5.203</gpxdata:speed>
    </extensions>
   </trkpt>
   <trkpt lat="42.9579834" lon="16.7112452">
    <ele>4</ele>
    <time>2026-08-07T18:16:58Z</time>
    <extensions>
     <gpxdata:distance>629.00</gpxdata:distance>
     <gpxdata:speed>5.450</gpxdata:speed>
    </extensions>
   </trkpt>
   <trkpt lat="42.9580351" lon="16.7112405">
    <ele>4</ele>
    <time>2026-08-07T18:16:59Z</time>
    <extensions>
     <gpxdata:distance>635.00</gpxdata:distance>
     <gpxdata:speed>5.628</gpxdata:speed>
    </extensions>
   </trkpt>
   <trkpt lat="42.9580878" lon="16.7112362">
    <ele>4</ele>
    <time>2026-08-07T18:17:00Z</time>
    <extensions>
     <gpxdata:distance>641.00</gpxdata:distance>
     <gpxdata:speed>5.733</gpxdata:speed>
    </extensions>
   </trkpt>
   <trkpt lat="42.9581415" lon="16.7112322">
    <ele>4</ele>
    <time>2026-08-07T18:17:01Z</time>
    <extensions>
     <gpxdata:distance>647.00</gpxdata:distance>
     <gpxdata:speed>5.858</gpxdata:speed>
    </extensions>
   </trkpt>
   <trkpt lat="42.9581964" lon="16.7112287">
    <ele>4</ele>
    <time>2026-08-07T18:17:02Z</time>
    <extensions>
     <gpxdata:distance>653.00</gpxdata:distance>
     <gpxdata:speed>5.969</gpxdata:speed>
    </extensions>
   </trkpt>
   <trkpt lat="42.9582713" lon="16.7112233">
    <ele>4</ele>
    <time>2026-08-07T18:17:03Z</time>
    <extensions>
     <gpxdata:distance>659.00</gpxdata:distance>
     <gpxdata:speed>6.119</gpxdata:speed>
    </extensions>
   </trkpt>
   <trkpt lat="42.9583316" lon="16.7112198">
    <ele>4</ele>
    <time>2026-08-07T18:17:04Z</time>
    <extensions>
     <gpxdata:distance>665.00</gpxdata:distance>
     <gpxdata:speed>6.267</gpxdata:speed>
    </extensions>
   </trkpt>
   <trkpt lat="42.9583917" lon="16.7112201">
    <ele>4</ele>
    <time>2026-08-07T18:17:05Z</time>
    <extensions>
     <gpxdata:distance>672.00</gpxdata:distance>
     <gpxdata:speed>6.425</gpxdata:speed>
    </extensions>
   </trkpt>
   <trkpt lat="42.9584529" lon="16.7112274">
    <ele>4</ele>
    <time>2026-08-07T18:17:06Z</time>
    <extensions>
     <gpxdata:distance>679.00</gpxdata:distance>
     <gpxdata:speed>6.606</gpxdata:speed>
    </extensions>
   </trkpt>
   <trkpt lat="42.9585139" lon="16.7112433">
    <ele>4</ele>
    <time>2026-08-07T18:17:07Z</time>
    <extensions>
     <gpxdata:distance>686.00</gpxdata:distance>
     <gpxdata:speed>6.797</gpxdata:speed>
    </extensions>
   </trkpt>
   <trkpt lat="42.9585732" lon="16.7112693">
    <ele>4</ele>
    <time>2026-08-07T18:17:08Z</time>
    <extensions>
     <gpxdata:distance>693.00</gpxdata:distance>
     <gpxdata:speed>6.864</gpxdata:speed>
    </extensions>
   </trkpt>
   <trkpt lat="42.9586294" lon="16.7113058">
    <ele>4</ele>
    <time>2026-08-07T18:17:09Z</time>
    <extensions>
     <gpxdata:distance>700.00</gpxdata:distance>
     <gpxdata:speed>6.908</gpxdata:speed>
    </extensions>
   </trkpt>
   <trkpt lat="42.9586806" lon="16.7113518">
    <ele>4</ele>
    <time>2026-08-07T18:17:10Z</time>
    <extensions>
     <gpxdata:distance>707.00</gpxdata:distance>
     <gpxdata:speed>6.906</gpxdata:speed>
    </extensions>
   </trkpt>
   <trkpt lat="42.9587257" lon="16.7114047">
    <ele>4</ele>
    <time>2026-08-07T18:17:11Z</time>
    <extensions>
     <gpxdata:distance>713.50</gpxdata:distance>
     <gpxdata:speed>6.817</gpxdata:speed>
    </extensions>
   </trkpt>
   <trkpt lat="42.9587636" lon="16.7114625">
    <ele>5</ele>
    <time>2026-08-07T18:17:12Z</time>
    <extensions>
     <gpxdata:distance>720.00</gpxdata:distance>
     <gpxdata:speed>6.642</gpxdata:speed>
    </extensions>
   </trkpt>
   <trkpt lat="42.9587949" lon="16.7115257">
    <ele>5</ele>
    <time>2026-08-07T18:17:13Z</time>
    <extensions>
     <gpxdata:distance>726.00</gpxdata:distance>
     <gpxdata:speed>6.425</gpxdata:speed>
    </extensions>
   </trkpt>
   <trkpt lat="42.9588229" lon="16.7115947">
    <ele>5</ele>
    <time>2026-08-07T18:17:14Z</time>
    <extensions>
     <gpxdata:distance>732.00</gpxdata:distance>
     <gpxdata:speed>6.353</gpxdata:speed>
    </extensions>
   </trkpt>
   <trkpt lat="42.9588515" lon="16.7116681">
    <ele>5</ele>
    <time>2026-08-07T18:17:15Z</time>
    <extensions>
     <gpxdata:distance>739.00</gpxdata:distance>
     <gpxdata:speed>6.406</gpxdata:speed>
    </extensions>
   </trkpt>
   <trkpt lat="42.9588828" lon="16.7117449">
    <ele>5</ele>
    <time>2026-08-07T18:17:16Z</time>
    <extensions>
     <gpxdata:distance>746.00</gpxdata:distance>
     <gpxdata:speed>6.556</gpxdata:speed>
    </extensions>
   </trkpt>
   <trkpt lat="42.9589177" lon="16.7118242">
    <ele>4</ele>
    <time>2026-08-07T18:17:17Z</time>
    <extensions>
     <gpxdata:distance>753.50</gpxdata:distance>
     <gpxdata:speed>6.781</gpxdata:speed>
    </extensions>
   </trkpt>
   <trkpt lat="42.9589561" lon="16.7119052">
    <ele>4</ele>
    <time>2026-08-07T18:17:18Z</time>
    <extensions>
     <gpxdata:distance>761.00</gpxdata:distance>
     <gpxdata:speed>7.047</gpxdata:speed>
    </extensions>
   </trkpt>
   <trkpt lat="42.9589971" lon="16.7119867">
    <ele>4</ele>
    <time>2026-08-07T18:17:19Z</time>
    <extensions>
     <gpxdata:distance>769.00</gpxdata:distance>
     <gpxdata:speed>7.672</gpxdata:speed>
    </extensions>
   </trkpt>
   <trkpt lat="42.9590384" lon="16.7120660">
    <ele>4</ele>
    <time>2026-08-07T18:17:20Z</time>
    <extensions>
     <gpxdata:distance>777.00</gpxdata:distance>
     <gpxdata:speed>7.903</gpxdata:speed>
    </extensions>
   </trkpt>
   <trkpt lat="42.9590775" lon="16.7121404">
    <ele>4</ele>
    <time>2026-08-07T18:17:21Z</time>
    <extensions>
     <gpxdata:distance>784.50</gpxdata:distance>
     <gpxdata:speed>7.822</gpxdata:speed>
    </extensions>
   </trkpt>
   <trkpt lat="42.9591138" lon="16.7122063">
    <ele>4</ele>
    <time>2026-08-07T18:17:22Z</time>
    <extensions>
     <gpxdata:distance>792.00</gpxdata:distance>
     <gpxdata:speed>7.456</gpxdata:speed>
    </extensions>
   </trkpt>
   <trkpt lat="42.9591481" lon="16.7122611">
    <ele>4</ele>
    <time>2026-08-07T18:17:23Z</time>
    <extensions>
     <gpxdata:distance>797.50</gpxdata:distance>
     <gpxdata:speed>6.925</gpxdata:speed>
    </extensions>
   </trkpt>
   <trkpt lat="42.9591810" lon="16.7123064">
    <ele>4</ele>
    <time>2026-08-07T18:17:24Z</time>
    <extensions>
     <gpxdata:distance>803.00</gpxdata:distance>
     <gpxdata:speed>6.100</gpxdata:speed>
    </extensions>
   </trkpt>
   <trkpt lat="42.9592042" lon="16.7123354">
    <ele>4</ele>
    <time>2026-08-07T18:17:25Z</time>
    <extensions>
     <gpxdata:distance>808.00</gpxdata:distance>
     <gpxdata:speed>5.489</gpxdata:speed>
    </extensions>
   </trkpt>
   <trkpt lat="42.9592325" lon="16.7123709">
    <ele>4</ele>
    <time>2026-08-07T18:17:26Z</time>
    <extensions>
     <gpxdata:distance>813.00</gpxdata:distance>
     <gpxdata:speed>5.114</gpxdata:speed>
    </extensions>
   </trkpt>
   <trkpt lat="42.9592608" lon="16.7124077">
    <ele>4</ele>
    <time>2026-08-07T18:17:27Z</time>
    <extensions>
     <gpxdata:distance>817.50</gpxdata:distance>
     <gpxdata:speed>4.836</gpxdata:speed>
    </extensions>
   </trkpt>
   <trkpt lat="42.9592887" lon="16.7124451">
    <ele>4</ele>
    <time>2026-08-07T18:17:28Z</time>
    <extensions>
     <gpxdata:distance>822.00</gpxdata:distance>
     <gpxdata:speed>4.550</gpxdata:speed>
    </extensions>
   </trkpt>
   <trkpt lat="42.9593183" lon="16.7124848">
    <ele>4</ele>
    <time>2026-08-07T18:17:29Z</time>
    <extensions>
     <gpxdata:distance>826.50</gpxdata:distance>
     <gpxdata:speed>4.486</gpxdata:speed>
    </extensions>
   </trkpt>
   <trkpt lat="42.9593510" lon="16.7125280">
    <ele>4</ele>
    <time>2026-08-07T18:17:30Z</time>
    <extensions>
     <gpxdata:distance>831.00</gpxdata:distance>
     <gpxdata:speed>4.769</gpxdata:speed>
    </extensions>
   </trkpt>
   <trkpt lat="42.9593866" lon="16.7125746">
    <ele>4</ele>
    <time>2026-08-07T18:17:31Z</time>
    <extensions>
     <gpxdata:distance>837.00</gpxdata:distance>
     <gpxdata:speed>5.153</gpxdata:speed>
    </extensions>
   </trkpt>
   <trkpt lat="42.9594251" lon="16.7126246">
    <ele>4</ele>
    <time>2026-08-07T18:17:32Z</time>
    <extensions>
     <gpxdata:distance>843.00</gpxdata:distance>
     <gpxdata:speed>5.342</gpxdata:speed>
    </extensions>
   </trkpt>
   <trkpt lat="42.9594665" lon="16.7126782">
    <ele>4</ele>
    <time>2026-08-07T18:17:33Z</time>
    <extensions>
     <gpxdata:distance>849.50</gpxdata:distance>
     <gpxdata:speed>5.608</gpxdata:speed>
    </extensions>
   </trkpt>
   <trkpt lat="42.9595254" lon="16.7127539">
    <ele>4</ele>
    <time>2026-08-07T18:17:34Z</time>
    <extensions>
     <gpxdata:distance>856.00</gpxdata:distance>
     <gpxdata:speed>6.292</gpxdata:speed>
    </extensions>
   </trkpt>
   <trkpt lat="42.9595744" lon="16.7128161">
    <ele>4</ele>
    <time>2026-08-07T18:17:35Z</time>
    <extensions>
     <gpxdata:distance>863.00</gpxdata:distance>
     <gpxdata:speed>6.711</gpxdata:speed>
    </extensions>
   </trkpt>
   <trkpt lat="42.9596239" lon="16.7128784">
    <ele>4</ele>
    <time>2026-08-07T18:17:36Z</time>
    <extensions>
     <gpxdata:distance>870.00</gpxdata:distance>
     <gpxdata:speed>7.033</gpxdata:speed>
    </extensions>
   </trkpt>
   <trkpt lat="42.9596735" lon="16.7129425">
    <ele>4</ele>
    <time>2026-08-07T18:17:37Z</time>
    <extensions>
     <gpxdata:distance>877.50</gpxdata:distance>
     <gpxdata:speed>7.306</gpxdata:speed>
    </extensions>
   </trkpt>
   <trkpt lat="42.9597228" lon="16.7130073">
    <ele>4</ele>
    <time>2026-08-07T18:17:38Z</time>
    <extensions>
     <gpxdata:distance>885.00</gpxdata:distance>
     <gpxdata:speed>7.472</gpxdata:speed>
    </extensions>
   </trkpt>
   <trkpt lat="42.9597702" lon="16.7130708">
    <ele>4</ele>
    <time>2026-08-07T18:17:39Z</time>
    <extensions>
     <gpxdata:distance>892.50</gpxdata:distance>
     <gpxdata:speed>7.519</gpxdata:speed>
    </extensions>
   </trkpt>
   <trkpt lat="42.9598168" lon="16.7131311">
    <ele>4</ele>
    <time>2026-08-07T18:17:40Z</time>
    <extensions>
     <gpxdata:distance>900.00</gpxdata:distance>
     <gpxdata:speed>7.317</gpxdata:speed>
    </extensions>
   </trkpt>
   <trkpt lat="42.9598644" lon="16.7131872">
    <ele>4</ele>
    <time>2026-08-07T18:17:41Z</time>
    <extensions>
     <gpxdata:distance>907.00</gpxdata:distance>
     <gpxdata:speed>7.164</gpxdata:speed>
    </extensions>
   </trkpt>
   <trkpt lat="42.9599142" lon="16.7132405">
    <ele>4</ele>
    <time>2026-08-07T18:17:42Z</time>
    <extensions>
     <gpxdata:distance>914.00</gpxdata:distance>
     <gpxdata:speed>7.128</gpxdata:speed>
    </extensions>
   </trkpt>
   <trkpt lat="42.9599667" lon="16.7132936">
    <ele>4</ele>
    <time>2026-08-07T18:17:43Z</time>
    <extensions>
     <gpxdata:distance>921.50</gpxdata:distance>
     <gpxdata:speed>7.139</gpxdata:speed>
    </extensions>
   </trkpt>
   <trkpt lat="42.9600212" lon="16.7133472">
    <ele>4</ele>
    <time>2026-08-07T18:17:44Z</time>
    <extensions>
     <gpxdata:distance>929.00</gpxdata:distance>
     <gpxdata:speed>7.222</gpxdata:speed>
    </extensions>
   </trkpt>
   <trkpt lat="42.9600770" lon="16.7134014">
    <ele>5</ele>
    <time>2026-08-07T18:17:45Z</time>
    <extensions>
     <gpxdata:distance>936.50</gpxdata:distance>
     <gpxdata:speed>7.325</gpxdata:speed>
    </extensions>
   </trkpt>
   <trkpt lat="42.9601335" lon="16.7134574">
    <ele>5</ele>
    <time>2026-08-07T18:17:46Z</time>
    <extensions>
     <gpxdata:distance>944.00</gpxdata:distance>
     <gpxdata:speed>7.431</gpxdata:speed>
    </extensions>
   </trkpt>
   <trkpt lat="42.9601903" lon="16.7135155">
    <ele>5</ele>
    <time>2026-08-07T18:17:47Z</time>
    <extensions>
     <gpxdata:distance>952.00</gpxdata:distance>
     <gpxdata:speed>7.550</gpxdata:speed>
    </extensions>
   </trkpt>
   <trkpt lat="42.9602475" lon="16.7135744">
    <ele>5</ele>
    <time>2026-08-07T18:17:48Z</time>
    <extensions>
     <gpxdata:distance>960.00</gpxdata:distance>
     <gpxdata:speed>7.667</gpxdata:speed>
    </extensions>
   </trkpt>
   <trkpt lat="42.9603052" lon="16.7136332">
    <ele>5</ele>
    <time>2026-08-07T18:17:49Z</time>
    <extensions>
     <gpxdata:distance>968.00</gpxdata:distance>
     <gpxdata:speed>7.769</gpxdata:speed>
    </extensions>
   </trkpt>
   <trkpt lat="42.9603637" lon="16.7136916">
    <ele>5</ele>
    <time>2026-08-07T18:17:50Z</time>
    <extensions>
     <gpxdata:distance>976.00</gpxdata:distance>
     <gpxdata:speed>7.853</gpxdata:speed>
    </extensions>
   </trkpt>
   <trkpt lat="42.9604225" lon="16.7137500">
    <ele>5</ele>
    <time>2026-08-07T18:17:51Z</time>
    <extensions>
     <gpxdata:distance>984.00</gpxdata:distance>
     <gpxdata:speed>8.011</gpxdata:speed>
    </extensions>
   </trkpt>
   <trkpt lat="42.9604809" lon="16.7138094">
    <ele>5</ele>
    <time>2026-08-07T18:17:52Z</time>
    <extensions>
     <gpxdata:distance>992.00</gpxdata:distance>
     <gpxdata:speed>8.069</gpxdata:speed>
    </extensions>
   </trkpt>
   <trkpt lat="42.9605388" lon="16.7138698">
    <ele>5</ele>
    <time>2026-08-07T18:17:53Z</time>
    <extensions>
     <gpxdata:distance>1000.00</gpxdata:distance>
     <gpxdata:speed>8.086</gpxdata:speed>
    </extensions>
   </trkpt>
   <trkpt lat="42.9605971" lon="16.7139299">
    <ele>4</ele>
    <time>2026-08-07T18:17:54Z</time>
    <extensions>
     <gpxdata:distance>1008.00</gpxdata:distance>
     <gpxdata:speed>8.097</gpxdata:speed>
    </extensions>
   </trkpt>
   <trkpt lat="42.9606555" lon="16.7139886">
    <ele>4</ele>
    <time>2026-08-07T18:17:55Z</time>
    <extensions>
     <gpxdata:distance>1016.00</gpxdata:distance>
     <gpxdata:speed>8.119</gpxdata:speed>
    </extensions>
   </trkpt>
   <trkpt lat="42.9607135" lon="16.7140471">
    <ele>4</ele>
    <time>2026-08-07T18:17:56Z</time>
    <extensions>
     <gpxdata:distance>1024.00</gpxdata:distance>
     <gpxdata:speed>8.083</gpxdata:speed>
    </extensions>
   </trkpt>
   <trkpt lat="42.9607718" lon="16.7141058">
    <ele>4</ele>
    <time>2026-08-07T18:17:57Z</time>
    <extensions>
     <gpxdata:distance>1032.00</gpxdata:distance>
     <gpxdata:speed>8.061</gpxdata:speed>
    </extensions>
   </trkpt>
   <trkpt lat="42.9608311" lon="16.7141639">
    <ele>4</ele>
    <time>2026-08-07T18:17:58Z</time>
    <extensions>
     <gpxdata:distance>1040.00</gpxdata:distance>
     <gpxdata:speed>8.069</gpxdata:speed>
    </extensions>
   </trkpt>
   <trkpt lat="42.9608922" lon="16.7142193">
    <ele>4</ele>
    <time>2026-08-07T18:17:59Z</time>
    <extensions>
     <gpxdata:distance>1048.50</gpxdata:distance>
     <gpxdata:speed>8.094</gpxdata:speed>
    </extensions>
   </trkpt>
   <trkpt lat="42.9609556" lon="16.7142712">
    <ele>4</ele>
    <time>2026-08-07T18:18:00Z</time>
    <extensions>
     <gpxdata:distance>1057.00</gpxdata:distance>
     <gpxdata:speed>8.122</gpxdata:speed>
    </extensions>
   </trkpt>
   <trkpt lat="42.9610198" lon="16.7143201">
    <ele>4</ele>
    <time>2026-08-07T18:18:01Z</time>
    <extensions>
     <gpxdata:distance>1065.00</gpxdata:distance>
     <gpxdata:speed>8.164</gpxdata:speed>
    </extensions>
   </trkpt>
   <trkpt lat="42.9610833" lon="16.7143664">
    <ele>4</ele>
    <time>2026-08-07T18:18:02Z</time>
    <extensions>
     <gpxdata:distance>1073.00</gpxdata:distance>
     <gpxdata:speed>8.164</gpxdata:speed>
    </extensions>
   </trkpt>
   <trkpt lat="42.9611447" lon="16.7144113">
    <ele>4</ele>
    <time>2026-08-07T18:18:03Z</time>
    <extensions>
     <gpxdata:distance>1081.00</gpxdata:distance>
     <gpxdata:speed>8.094</gpxdata:speed>
    </extensions>
   </trkpt>
   <trkpt lat="42.9612028" lon="16.7144567">
    <ele>4</ele>
    <time>2026-08-07T18:18:04Z</time>
    <extensions>
     <gpxdata:distance>1089.00</gpxdata:distance>
     <gpxdata:speed>7.961</gpxdata:speed>
    </extensions>
   </trkpt>
   <trkpt lat="42.9612547" lon="16.7145074">
    <ele>4</ele>
    <time>2026-08-07T18:18:05Z</time>
    <extensions>
     <gpxdata:distance>1096.00</gpxdata:distance>
     <gpxdata:speed>7.772</gpxdata:speed>
    </extensions>
   </trkpt>
   <trkpt lat="42.9612979" lon="16.7145669">
    <ele>4</ele>
    <time>2026-08-07T18:18:06Z</time>
    <extensions>
     <gpxdata:distance>1103.00</gpxdata:distance>
     <gpxdata:speed>7.272</gpxdata:speed>
    </extensions>
   </trkpt>
   <trkpt lat="42.9613318" lon="16.7146344">
    <ele>4</ele>
    <time>2026-08-07T18:18:07Z</time>
    <extensions>
     <gpxdata:distance>1109.50</gpxdata:distance>
     <gpxdata:speed>7.025</gpxdata:speed>
    </extensions>
   </trkpt>
   <trkpt lat="42.9613581" lon="16.7147062">
    <ele>4</ele>
    <time>2026-08-07T18:18:08Z</time>
    <extensions>
     <gpxdata:distance>1116.00</gpxdata:distance>
     <gpxdata:speed>6.842</gpxdata:speed>
    </extensions>
   </trkpt>
   <trkpt lat="42.9613792" lon="16.7147789">
    <ele>4</ele>
    <time>2026-08-07T18:18:09Z</time>
    <extensions>
     <gpxdata:distance>1122.50</gpxdata:distance>
     <gpxdata:speed>6.692</gpxdata:speed>
    </extensions>
   </trkpt>
   <trkpt lat="42.9613961" lon="16.7148507">
    <ele>4</ele>
    <time>2026-08-07T18:18:10Z</time>
    <extensions>
     <gpxdata:distance>1129.00</gpxdata:distance>
     <gpxdata:speed>6.531</gpxdata:speed>
    </extensions>
   </trkpt>
   <trkpt lat="42.9614123" lon="16.7149212">
    <ele>4</ele>
    <time>2026-08-07T18:18:11Z</time>
    <extensions>
     <gpxdata:distance>1135.00</gpxdata:distance>
     <gpxdata:speed>6.186</gpxdata:speed>
    </extensions>
   </trkpt>
   <trkpt lat="42.9614295" lon="16.7149905">
    <ele>4</ele>
    <time>2026-08-07T18:18:12Z</time>
    <extensions>
     <gpxdata:distance>1141.00</gpxdata:distance>
     <gpxdata:speed>6.069</gpxdata:speed>
    </extensions>
   </trkpt>
   <trkpt lat="42.9614473" lon="16.7150601">
    <ele>4</ele>
    <time>2026-08-07T18:18:13Z</time>
    <extensions>
     <gpxdata:distance>1147.00</gpxdata:distance>
     <gpxdata:speed>6.019</gpxdata:speed>
    </extensions>
   </trkpt>
   <trkpt lat="42.9614640" lon="16.7151330">
    <ele>4</ele>
    <time>2026-08-07T18:18:14Z</time>
    <extensions>
     <gpxdata:distance>1153.00</gpxdata:distance>
     <gpxdata:speed>6.039</gpxdata:speed>
    </extensions>
   </trkpt>
   <trkpt lat="42.9614790" lon="16.7152110">
    <ele>4</ele>
    <time>2026-08-07T18:18:15Z</time>
    <extensions>
     <gpxdata:distance>1159.50</gpxdata:distance>
     <gpxdata:speed>6.133</gpxdata:speed>
    </extensions>
   </trkpt>
   <trkpt lat="42.9614922" lon="16.7152931">
    <ele>4</ele>
    <time>2026-08-07T18:18:16Z</time>
    <extensions>
     <gpxdata:distance>1166.00</gpxdata:distance>
     <gpxdata:speed>6.325</gpxdata:speed>
    </extensions>
   </trkpt>
   <trkpt lat="42.9615046" lon="16.7153767">
    <ele>4</ele>
    <time>2026-08-07T18:18:17Z</time>
    <extensions>
     <gpxdata:distance>1173.00</gpxdata:distance>
     <gpxdata:speed>6.517</gpxdata:speed>
    </extensions>
   </trkpt>
   <trkpt lat="42.9615143" lon="16.7154611">
    <ele>5</ele>
    <time>2026-08-07T18:18:18Z</time>
    <extensions>
     <gpxdata:distance>1180.00</gpxdata:distance>
     <gpxdata:speed>6.647</gpxdata:speed>
    </extensions>
   </trkpt>
   <trkpt lat="42.9615206" lon="16.7155460">
    <ele>5</ele>
    <time>2026-08-07T18:18:19Z</time>
    <extensions>
     <gpxdata:distance>1187.00</gpxdata:distance>
     <gpxdata:speed>6.744</gpxdata:speed>
    </extensions>
   </trkpt>
   <trkpt lat="42.9615243" lon="16.7156305">
    <ele>5</ele>
    <time>2026-08-07T18:18:20Z</time>
    <extensions>
     <gpxdata:distance>1194.00</gpxdata:distance>
     <gpxdata:speed>6.817</gpxdata:speed>
    </extensions>
   </trkpt>
   <trkpt lat="42.9615265" lon="16.7157149">
    <ele>5</ele>
    <time>2026-08-07T18:18:21Z</time>
    <extensions>
     <gpxdata:distance>1201.00</gpxdata:distance>
     <gpxdata:speed>6.844</gpxdata:speed>
    </extensions>
   </trkpt>
   <trkpt lat="42.9615280" lon="16.7158010">
    <ele>5</ele>
    <time>2026-08-07T18:18:22Z</time>
    <extensions>
     <gpxdata:distance>1208.00</gpxdata:distance>
     <gpxdata:speed>6.867</gpxdata:speed>
    </extensions>
   </trkpt>
   <trkpt lat="42.9615299" lon="16.7158888">
    <ele>5</ele>
    <time>2026-08-07T18:18:23Z</time>
    <extensions>
     <gpxdata:distance>1215.00</gpxdata:distance>
     <gpxdata:speed>7.017</gpxdata:speed>
    </extensions>
   </trkpt>
   <trkpt lat="42.9615322" lon="16.7159758">
    <ele>5</ele>
    <time>2026-08-07T18:18:24Z</time>
    <extensions>
     <gpxdata:distance>1222.00</gpxdata:distance>
     <gpxdata:speed>7.131</gpxdata:speed>
    </extensions>
   </trkpt>
   <trkpt lat="42.9615315" lon="16.7160574">
    <ele>5</ele>
    <time>2026-08-07T18:18:25Z</time>
    <extensions>
     <gpxdata:distance>1228.50</gpxdata:distance>
     <gpxdata:speed>7.061</gpxdata:speed>
    </extensions>
   </trkpt>
   <trkpt lat="42.9615245" lon="16.7161301">
    <ele>5</ele>
    <time>2026-08-07T18:18:26Z</time>
    <extensions>
     <gpxdata:distance>1235.00</gpxdata:distance>
     <gpxdata:speed>6.664</gpxdata:speed>
    </extensions>
   </trkpt>
   <trkpt lat="42.9615099" lon="16.7161942">
    <ele>5</ele>
    <time>2026-08-07T18:18:27Z</time>
    <extensions>
     <gpxdata:distance>1240.50</gpxdata:distance>
     <gpxdata:speed>6.108</gpxdata:speed>
    </extensions>
   </trkpt>
   <trkpt lat="42.9614956" lon="16.7162352">
    <ele>5</ele>
    <time>2026-08-07T18:18:28Z</time>
    <extensions>
     <gpxdata:distance>1246.00</gpxdata:distance>
     <gpxdata:speed>5.697</gpxdata:speed>
    </extensions>
   </trkpt>
   <trkpt lat="42.9614760" lon="16.7162830">
    <ele>5</ele>
    <time>2026-08-07T18:18:29Z</time>
    <extensions>
     <gpxdata:distance>1250.50</gpxdata:distance>
     <gpxdata:speed>5.325</gpxdata:speed>
    </extensions>
   </trkpt>
   <trkpt lat="42.9614554" lon="16.7163291">
    <ele>5</ele>
    <time>2026-08-07T18:18:30Z</time>
    <extensions>
     <gpxdata:distance>1255.00</gpxdata:distance>
     <gpxdata:speed>4.944</gpxdata:speed>
    </extensions>
   </trkpt>
   <trkpt lat="42.9614379" lon="16.7163686">
    <ele>5</ele>
    <time>2026-08-07T18:18:31Z</time>
    <extensions>
     <gpxdata:distance>1258.50</gpxdata:distance>
     <gpxdata:speed>4.525</gpxdata:speed>
    </extensions>
   </trkpt>
   <trkpt lat="42.9614254" lon="16.7163990">
    <ele>5</ele>
    <time>2026-08-07T18:18:32Z</time>
    <extensions>
     <gpxdata:distance>1262.00</gpxdata:distance>
     <gpxdata:speed>3.686</gpxdata:speed>
    </extensions>
   </trkpt>
   <trkpt lat="42.9614207" lon="16.7164130">
    <ele>5</ele>
    <time>2026-08-07T18:18:33Z</time>
    <extensions>
     <gpxdata:distance>1264.00</gpxdata:distance>
     <gpxdata:speed>2.758</gpxdata:speed>
    </extensions>
   </trkpt>
   <trkpt lat="42.9614149" lon="16.7164322">
    <ele>5</ele>
    <time>2026-08-07T18:18:34Z</time>
    <extensions>
     <gpxdata:distance>1266.00</gpxdata:distance>
     <gpxdata:speed>2.250</gpxdata:speed>
    </extensions>
   </trkpt>
   <trkpt lat="42.9614075" lon="16.7164559">
    <ele>5</ele>
    <time>2026-08-07T18:18:35Z</time>
    <extensions>
     <gpxdata:distance>1268.50</gpxdata:distance>
     <gpxdata:speed>2.269</gpxdata:speed>
    </extensions>
   </trkpt>
   <trkpt lat="42.9613981" lon="16.7164838">
    <ele>5</ele>
    <time>2026-08-07T18:18:36Z</time>
    <extensions>
     <gpxdata:distance>1271.00</gpxdata:distance>
     <gpxdata:speed>2.528</gpxdata:speed>
    </extensions>
   </trkpt>
   <trkpt lat="42.9613861" lon="16.7165146">
    <ele>4</ele>
    <time>2026-08-07T18:18:37Z</time>
    <extensions>
     <gpxdata:distance>1274.50</gpxdata:distance>
     <gpxdata:speed>2.850</gpxdata:speed>
    </extensions>
   </trkpt>
   <trkpt lat="42.9613644" lon="16.7165689">
    <ele>5</ele>
    <time>2026-08-07T18:18:38Z</time>
    <extensions>
     <gpxdata:distance>1278.00</gpxdata:distance>
     <gpxdata:speed>3.111</gpxdata:speed>
    </extensions>
   </trkpt>
   <trkpt lat="42.9613497" lon="16.7166104">
    <ele>5</ele>
    <time>2026-08-07T18:18:39Z</time>
    <extensions>
     <gpxdata:distance>1281.50</gpxdata:distance>
     <gpxdata:speed>3.267</gpxdata:speed>
    </extensions>
   </trkpt>
   <trkpt lat="42.9613365" lon="16.7166520">
    <ele>4</ele>
    <time>2026-08-07T18:18:40Z</time>
    <extensions>
     <gpxdata:distance>1285.00</gpxdata:distance>
     <gpxdata:speed>3.333</gpxdata:speed>
    </extensions>
   </trkpt>
   <trkpt lat="42.9613224" lon="16.7166949">
    <ele>4</ele>
    <time>2026-08-07T18:18:41Z</time>
    <extensions>
     <gpxdata:distance>1288.50</gpxdata:distance>
     <gpxdata:speed>3.472</gpxdata:speed>
    </extensions>
   </trkpt>
   <trkpt lat="42.9613070" lon="16.7167395">
    <ele>4</ele>
    <time>2026-08-07T18:18:42Z</time>
    <extensions>
     <gpxdata:distance>1292.00</gpxdata:distance>
     <gpxdata:speed>3.803</gpxdata:speed>
    </extensions>
   </trkpt>
   <trkpt lat="42.9612911" lon="16.7167847">
    <ele>4</ele>
    <time>2026-08-07T18:18:43Z</time>
    <extensions>
     <gpxdata:distance>1296.50</gpxdata:distance>
     <gpxdata:speed>4.003</gpxdata:speed>
    </extensions>
   </trkpt>
   <trkpt lat="42.9612755" lon="16.7168293">
    <ele>4</ele>
    <time>2026-08-07T18:18:44Z</time>
    <extensions>
     <gpxdata:distance>1301.00</gpxdata:distance>
     <gpxdata:speed>4.056</gpxdata:speed>
    </extensions>
   </trkpt>
   <trkpt lat="42.9612620" lon="16.7168737">
    <ele>4</ele>
    <time>2026-08-07T18:18:45Z</time>
    <extensions>
     <gpxdata:distance>1304.50</gpxdata:distance>
     <gpxdata:speed>3.986</gpxdata:speed>
    </extensions>
   </trkpt>
   <trkpt lat="42.9612527" lon="16.7169184">
    <ele>4</ele>
    <time>2026-08-07T18:18:46Z</time>
    <extensions>
     <gpxdata:distance>1308.00</gpxdata:distance>
     <gpxdata:speed>3.953</gpxdata:speed>
    </extensions>
   </trkpt>
   <trkpt lat="42.9612510" lon="16.7169632">
    <ele>4</ele>
    <time>2026-08-07T18:18:47Z</time>
    <extensions>
     <gpxdata:distance>1312.00</gpxdata:distance>
     <gpxdata:speed>3.894</gpxdata:speed>
    </extensions>
   </trkpt>
   <trkpt lat="42.9612597" lon="16.7170063">
    <ele>4</ele>
    <time>2026-08-07T18:18:48Z</time>
    <extensions>
     <gpxdata:distance>1316.00</gpxdata:distance>
     <gpxdata:speed>3.856</gpxdata:speed>
    </extensions>
   </trkpt>
   <trkpt lat="42.9612791" lon="16.7170446">
    <ele>4</ele>
    <time>2026-08-07T18:18:49Z</time>
    <extensions>
     <gpxdata:distance>1320.00</gpxdata:distance>
     <gpxdata:speed>3.886</gpxdata:speed>
    </extensions>
   </trkpt>
   <trkpt lat="42.9613069" lon="16.7170761">
    <ele>4</ele>
    <time>2026-08-07T18:18:50Z</time>
    <extensions>
     <gpxdata:distance>1324.00</gpxdata:distance>
     <gpxdata:speed>3.967</gpxdata:speed>
    </extensions>
   </trkpt>
   <trkpt lat="42.9613405" lon="16.7171012">
    <ele>4</ele>
    <time>2026-08-07T18:18:51Z</time>
    <extensions>
     <gpxdata:distance>1328.00</gpxdata:distance>
     <gpxdata:speed>4.069</gpxdata:speed>
    </extensions>
   </trkpt>
   <trkpt lat="42.9613768" lon="16.7171214">
    <ele>4</ele>
    <time>2026-08-07T18:18:52Z</time>
    <extensions>
     <gpxdata:distance>1332.00</gpxdata:distance>
     <gpxdata:speed>4.175</gpxdata:speed>
    </extensions>
   </trkpt>
   <trkpt lat="42.9614132" lon="16.7171380">
    <ele>4</ele>
    <time>2026-08-07T18:18:53Z</time>
    <extensions>
     <gpxdata:distance>1336.50</gpxdata:distance>
     <gpxdata:speed>4.236</gpxdata:speed>
    </extensions>
   </trkpt>
   <trkpt lat="42.9614487" lon="16.7171527">
    <ele>4</ele>
    <time>2026-08-07T18:18:54Z</time>
    <extensions>
     <gpxdata:distance>1341.00</gpxdata:distance>
     <gpxdata:speed>4.214</gpxdata:speed>
    </extensions>
   </trkpt>
   <trkpt lat="42.9614829" lon="16.7171674">
    <ele>4</ele>
    <time>2026-08-07T18:18:55Z</time>
    <extensions>
     <gpxdata:distance>1344.50</gpxdata:distance>
     <gpxdata:speed>4.144</gpxdata:speed>
    </extensions>
   </trkpt>
   <trkpt lat="42.9615157" lon="16.7171828">
    <ele>4</ele>
    <time>2026-08-07T18:18:56Z</time>
    <extensions>
     <gpxdata:distance>1348.00</gpxdata:distance>
     <gpxdata:speed>4.072</gpxdata:speed>
    </extensions>
   </trkpt>
   <trkpt lat="42.9615476" lon="16.7171981">
    <ele>4</ele>
    <time>2026-08-07T18:18:57Z</time>
    <extensions>
     <gpxdata:distance>1352.00</gpxdata:distance>
     <gpxdata:speed>3.989</gpxdata:speed>
    </extensions>
   </trkpt>
   <trkpt lat="42.9615796" lon="16.7172134">
    <ele>4</ele>
    <time>2026-08-07T18:18:58Z</time>
    <extensions>
     <gpxdata:distance>1356.00</gpxdata:distance>
     <gpxdata:speed>3.897</gpxdata:speed>
    </extensions>
   </trkpt>
   <trkpt lat="42.9616125" lon="16.7172305">
    <ele>4</ele>
    <time>2026-08-07T18:18:59Z</time>
    <extensions>
     <gpxdata:distance>1360.00</gpxdata:distance>
     <gpxdata:speed>3.864</gpxdata:speed>
    </extensions>
   </trkpt>
   <trkpt lat="42.9616471" lon="16.7172502">
    <ele>4</ele>
    <time>2026-08-07T18:19:00Z</time>
    <extensions>
     <gpxdata:distance>1364.00</gpxdata:distance>
     <gpxdata:speed>3.911</gpxdata:speed>
    </extensions>
   </trkpt>
   <trkpt lat="42.9616839" lon="16.7172718">
    <ele>4</ele>
    <time>2026-08-07T18:19:01Z</time>
    <extensions>
     <gpxdata:distance>1368.50</gpxdata:distance>
     <gpxdata:speed>4.042</gpxdata:speed>
    </extensions>
   </trkpt>
   <trkpt lat="42.9617236" lon="16.7172939">
    <ele>4</ele>
    <time>2026-08-07T18:19:02Z</time>
    <extensions>
     <gpxdata:distance>1373.00</gpxdata:distance>
     <gpxdata:speed>4.225</gpxdata:speed>
    </extensions>
   </trkpt>
   <trkpt lat="42.9617659" lon="16.7173170">
    <ele>4</ele>
    <time>2026-08-07T18:19:03Z</time>
    <extensions>
     <gpxdata:distance>1378.50</gpxdata:distance>
     <gpxdata:speed>4.458</gpxdata:speed>
    </extensions>
   </trkpt>
   <trkpt lat="42.9618102" lon="16.7173418">
    <ele>4</ele>
    <time>2026-08-07T18:19:04Z</time>
    <extensions>
     <gpxdata:distance>1384.00</gpxdata:distance>
     <gpxdata:speed>5.017</gpxdata:speed>
    </extensions>
   </trkpt>
   <trkpt lat="42.9618565" lon="16.7173676">
    <ele>4</ele>
    <time>2026-08-07T18:19:05Z</time>
    <extensions>
     <gpxdata:distance>1389.50</gpxdata:distance>
     <gpxdata:speed>5.306</gpxdata:speed>
    </extensions>
   </trkpt>
   <trkpt lat="42.9619044" lon="16.7173938">
    <ele>4</ele>
    <time>2026-08-07T18:19:06Z</time>
    <extensions>
     <gpxdata:distance>1395.00</gpxdata:distance>
     <gpxdata:speed>5.550</gpxdata:speed>
    </extensions>
   </trkpt>
   <trkpt lat="42.9619536" lon="16.7174197">
    <ele>4</ele>
    <time>2026-08-07T18:19:07Z</time>
    <extensions>
     <gpxdata:distance>1401.00</gpxdata:distance>
     <gpxdata:speed>5.717</gpxdata:speed>
    </extensions>
   </trkpt>
   <trkpt lat="42.9620033" lon="16.7174460">
    <ele>4</ele>
    <time>2026-08-07T18:19:08Z</time>
    <extensions>
     <gpxdata:distance>1407.00</gpxdata:distance>
     <gpxdata:speed>5.836</gpxdata:speed>
    </extensions>
   </trkpt>
   <trkpt lat="42.9620530" lon="16.7174729">
    <ele>4</ele>
    <time>2026-08-07T18:19:09Z</time>
    <extensions>
     <gpxdata:distance>1413.00</gpxdata:distance>
     <gpxdata:speed>5.897</gpxdata:speed>
    </extensions>
   </trkpt>
   <trkpt lat="42.9621030" lon="16.7174997">
    <ele>4</ele>
    <time>2026-08-07T18:19:10Z</time>
    <extensions>
     <gpxdata:distance>1419.00</gpxdata:distance>
     <gpxdata:speed>5.931</gpxdata:speed>
    </extensions>
   </trkpt>
   <trkpt lat="42.9621535" lon="16.7175264">
    <ele>4</ele>
    <time>2026-08-07T18:19:11Z</time>
    <extensions>
     <gpxdata:distance>1425.00</gpxdata:distance>
     <gpxdata:speed>5.969</gpxdata:speed>
    </extensions>
   </trkpt>
   <trkpt lat="42.9622224" lon="16.7175613">
    <ele>4</ele>
    <time>2026-08-07T18:19:12Z</time>
    <extensions>
     <gpxdata:distance>1431.00</gpxdata:distance>
     <gpxdata:speed>6.025</gpxdata:speed>
    </extensions>
   </trkpt>
   <trkpt lat="42.9622780" lon="16.7175867">
    <ele>4</ele>
    <time>2026-08-07T18:19:13Z</time>
    <extensions>
     <gpxdata:distance>1437.00</gpxdata:distance>
     <gpxdata:speed>6.147</gpxdata:speed>
    </extensions>
   </trkpt>
   <trkpt lat="42.9623339" lon="16.7176053">
    <ele>4</ele>
    <time>2026-08-07T18:19:14Z</time>
    <extensions>
     <gpxdata:distance>1443.00</gpxdata:distance>
     <gpxdata:speed>6.225</gpxdata:speed>
    </extensions>
   </trkpt>
   <trkpt lat="42.9623900" lon="16.7176134">
    <ele>4</ele>
    <time>2026-08-07T18:19:15Z</time>
    <extensions>
     <gpxdata:distance>1449.50</gpxdata:distance>
     <gpxdata:speed>6.306</gpxdata:speed>
    </extensions>
   </trkpt>
   <trkpt lat="42.9624449" lon="16.7176068">
    <ele>4</ele>
    <time>2026-08-07T18:19:16Z</time>
    <extensions>
     <gpxdata:distance>1456.00</gpxdata:distance>
     <gpxdata:speed>6.306</gpxdata:speed>
    </extensions>
   </trkpt>
   <trkpt lat="42.9624985" lon="16.7175797">
    <ele>4</ele>
    <time>2026-08-07T18:19:17Z</time>
    <extensions>
     <gpxdata:distance>1462.50</gpxdata:distance>
     <gpxdata:speed>6.258</gpxdata:speed>
    </extensions>
   </trkpt>
   <trkpt lat="42.9625498" lon="16.7175373">
    <ele>4</ele>
    <time>2026-08-07T18:19:18Z</time>
    <extensions>
     <gpxdata:distance>1469.00</gpxdata:distance>
     <gpxdata:speed>6.367</gpxdata:speed>
    </extensions>
   </trkpt>
   <trkpt lat="42.9625996" lon="16.7174876">
    <ele>4</ele>
    <time>2026-08-07T18:19:19Z</time>
    <extensions>
     <gpxdata:distance>1476.00</gpxdata:distance>
     <gpxdata:speed>6.553</gpxdata:speed>
    </extensions>
   </trkpt>
   <trkpt lat="42.9626474" lon="16.7174376">
    <ele>4</ele>
    <time>2026-08-07T18:19:20Z</time>
    <extensions>
     <gpxdata:distance>1483.00</gpxdata:distance>
     <gpxdata:speed>6.661</gpxdata:speed>
    </extensions>
   </trkpt>
   <trkpt lat="42.9626912" lon="16.7173924">
    <ele>4</ele>
    <time>2026-08-07T18:19:21Z</time>
    <extensions>
     <gpxdata:distance>1488.50</gpxdata:distance>
     <gpxdata:speed>6.625</gpxdata:speed>
    </extensions>
   </trkpt>
   <trkpt lat="42.9627298" lon="16.7173549">
    <ele>4</ele>
    <time>2026-08-07T18:19:22Z</time>
    <extensions>
     <gpxdata:distance>1494.00</gpxdata:distance>
     <gpxdata:speed>6.072</gpxdata:speed>
    </extensions>
   </trkpt>
   <trkpt lat="42.9627546" lon="16.7173320">
    <ele>4</ele>
    <time>2026-08-07T18:19:23Z</time>
    <extensions>
     <gpxdata:distance>1498.50</gpxdata:distance>
     <gpxdata:speed>5.364</gpxdata:speed>
    </extensions>
   </trkpt>
   <trkpt lat="42.9627846" lon="16.7173040">
    <ele>4</ele>
    <time>2026-08-07T18:19:24Z</time>
    <extensions>
     <gpxdata:distance>1503.00</gpxdata:distance>
     <gpxdata:speed>4.822</gpxdata:speed>
    </extensions>
   </trkpt>
   <trkpt lat="42.9628177" lon="16.7172738">
    <ele>4</ele>
    <time>2026-08-07T18:19:25Z</time>
    <extensions>
     <gpxdata:distance>1508.00</gpxdata:distance>
     <gpxdata:speed>4.589</gpxdata:speed>
    </extensions>
   </trkpt>
   <trkpt lat="42.9628537" lon="16.7172404">
    <ele>4</ele>
    <time>2026-08-07T18:19:26Z</time>
    <extensions>
     <gpxdata:distance>1513.00</gpxdata:distance>
     <gpxdata:speed>4.722</gpxdata:speed>
    </extensions>
   </trkpt>
   <trkpt lat="42.9628929" lon="16.7172044">
    <ele>4</ele>
    <time>2026-08-07T18:19:27Z</time>
    <extensions>
     <gpxdata:distance>1518.50</gpxdata:distance>
     <gpxdata:speed>5.039</gpxdata:speed>
    </extensions>
   </trkpt>
   <trkpt lat="42.9629338" lon="16.7171673">
    <ele>4</ele>
    <time>2026-08-07T18:19:28Z</time>
    <extensions>
     <gpxdata:distance>1524.00</gpxdata:distance>
     <gpxdata:speed>5.361</gpxdata:speed>
    </extensions>
   </trkpt>
   <trkpt lat="42.9629745" lon="16.7171312">
    <ele>4</ele>
    <time>2026-08-07T18:19:29Z</time>
    <extensions>
     <gpxdata:distance>1529.00</gpxdata:distance>
     <gpxdata:speed>5.458</gpxdata:speed>
    </extensions>
   </trkpt>
   <trkpt lat="42.9630142" lon="16.7170973">
    <ele>4</ele>
    <time>2026-08-07T18:19:30Z</time>
    <extensions>
     <gpxdata:distance>1534.00</gpxdata:distance>
     <gpxdata:speed>5.331</gpxdata:speed>
    </extensions>
   </trkpt>
   <trkpt lat="42.9630537" lon="16.7170653">
    <ele>4</ele>
    <time>2026-08-07T18:19:31Z</time>
    <extensions>
     <gpxdata:distance>1539.00</gpxdata:distance>
     <gpxdata:speed>5.142</gpxdata:speed>
    </extensions>
   </trkpt>
   <trkpt lat="42.9630930" lon="16.7170351">
    <ele>4</ele>
    <time>2026-08-07T18:19:32Z</time>
    <extensions>
     <gpxdata:distance>1544.00</gpxdata:distance>
     <gpxdata:speed>5.114</gpxdata:speed>
    </extensions>
   </trkpt>
   <trkpt lat="42.9631312" lon="16.7170076">
    <ele>4</ele>
    <time>2026-08-07T18:19:33Z</time>
    <extensions>
     <gpxdata:distance>1549.00</gpxdata:distance>
     <gpxdata:speed>5.081</gpxdata:speed>
    </extensions>
   </trkpt>
   <trkpt lat="42.9631668" lon="16.7169835">
    <ele>4</ele>
    <time>2026-08-07T18:19:34Z</time>
    <extensions>
     <gpxdata:distance>1554.00</gpxdata:distance>
     <gpxdata:speed>4.958</gpxdata:speed>
    </extensions>
   </trkpt>
   <trkpt lat="42.9631995" lon="16.7169621">
    <ele>4</ele>
    <time>2026-08-07T18:19:35Z</time>
    <extensions>
     <gpxdata:distance>1557.50</gpxdata:distance>
     <gpxdata:speed>4.714</gpxdata:speed>
    </extensions>
   </trkpt>
   <trkpt lat="42.9632298" lon="16.7169431">
    <ele>4</ele>
    <time>2026-08-07T18:19:36Z</time>
    <extensions>
     <gpxdata:distance>1561.00</gpxdata:distance>
     <gpxdata:speed>4.072</gpxdata:speed>
    </extensions>
   </trkpt>
   <trkpt lat="42.9632578" lon="16.7169259">
    <ele>4</ele>
    <time>2026-08-07T18:19:37Z</time>
    <extensions>
     <gpxdata:distance>1564.50</gpxdata:distance>
     <gpxdata:speed>3.733</gpxdata:speed>
    </extensions>
   </trkpt>
   <trkpt lat="42.9632837" lon="16.7169097">
    <ele>4</ele>
    <time>2026-08-07T18:19:38Z</time>
    <extensions>
     <gpxdata:distance>1568.00</gpxdata:distance>
     <gpxdata:speed>3.456</gpxdata:speed>
    </extensions>
   </trkpt>
   <trkpt lat="42.9633084" lon="16.7168941">
    <ele>4</ele>
    <time>2026-08-07T18:19:39Z</time>
    <extensions>
     <gpxdata:distance>1571.00</gpxdata:distance>
     <gpxdata:speed>3.197</gpxdata:speed>
    </extensions>
   </trkpt>
   <trkpt lat="42.9633322" lon="16.7168796">
    <ele>4</ele>
    <time>2026-08-07T18:19:40Z</time>
    <extensions>
     <gpxdata:distance>1574.00</gpxdata:distance>
     <gpxdata:speed>3.083</gpxdata:speed>
    </extensions>
   </trkpt>
   <trkpt lat="42.9633447" lon="16.7168722">
    <ele>4</ele>
    <time>2026-08-07T18:19:41Z</time>
    <extensions>
     <gpxdata:distance>1576.50</gpxdata:distance>
     <gpxdata:speed>2.925</gpxdata:speed>
    </extensions>
   </trkpt>
   <trkpt lat="42.9633601" lon="16.7168627">
    <ele>4</ele>
    <time>2026-08-07T18:19:42Z</time>
    <extensions>
     <gpxdata:distance>1579.00</gpxdata:distance>
     <gpxdata:speed>2.642</gpxdata:speed>
    </extensions>
   </trkpt>
   <trkpt lat="42.9633755" lon="16.7168530">
    <ele>4</ele>
    <time>2026-08-07T18:19:43Z</time>
    <extensions>
     <gpxdata:distance>1580.50</gpxdata:distance>
     <gpxdata:speed>2.292</gpxdata:speed>
    </extensions>
   </trkpt>
   <trkpt lat="42.9633857" lon="16.7168465">
    <ele>4</ele>
    <time>2026-08-07T18:19:44Z</time>
    <extensions>
     <gpxdata:distance>1582.00</gpxdata:distance>
     <gpxdata:speed>1.942</gpxdata:speed>
    </extensions>
   </trkpt>
   <trkpt lat="42.9633962" lon="16.7168401">
    <ele>4</ele>
    <time>2026-08-07T18:19:45Z</time>
    <extensions>
     <gpxdata:distance>1583.50</gpxdata:distance>
     <gpxdata:speed>1.669</gpxdata:speed>
    </extensions>
   </trkpt>
   <trkpt lat="42.9634060" lon="16.7168344">
    <ele>4</ele>
    <time>2026-08-07T18:19:46Z</time>
    <extensions>
     <gpxdata:distance>1585.00</gpxdata:distance>
     <gpxdata:speed>1.344</gpxdata:speed>
    </extensions>
   </trkpt>
   <trkpt lat="42.9634150" lon="16.7168294">
    <ele>4</ele>
    <time>2026-08-07T18:19:47Z</time>
    <extensions>
     <gpxdata:distance>1585.50</gpxdata:distance>
     <gpxdata:speed>1.067</gpxdata:speed>
    </extensions>
   </trkpt>
   <trkpt lat="42.9634243" lon="16.7168242">
    <ele>4</ele>
    <time>2026-08-07T18:19:48Z</time>
    <extensions>
     <gpxdata:distance>1586.00</gpxdata:distance>
     <gpxdata:speed>0.956</gpxdata:speed>
    </extensions>
   </trkpt>
   <trkpt lat="42.9634354" lon="16.7168175">
    <ele>4</ele>
    <time>2026-08-07T18:19:49Z</time>
    <extensions>
     <gpxdata:distance>1588.00</gpxdata:distance>
     <gpxdata:speed>1.136</gpxdata:speed>
    </extensions>
   </trkpt>
   <trkpt lat="42.9634497" lon="16.7168084">
    <ele>4</ele>
    <time>2026-08-07T18:19:50Z</time>
    <extensions>
     <gpxdata:distance>1590.00</gpxdata:distance>
     <gpxdata:speed>1.356</gpxdata:speed>
    </extensions>
   </trkpt>
   <trkpt lat="42.9634682" lon="16.7167967">
    <ele>4</ele>
    <time>2026-08-07T18:19:51Z</time>
    <extensions>
     <gpxdata:distance>1593.00</gpxdata:distance>
     <gpxdata:speed>1.744</gpxdata:speed>
    </extensions>
   </trkpt>
   <trkpt lat="42.9634998" lon="16.7167771">
    <ele>4</ele>
    <time>2026-08-07T18:19:52Z</time>
    <extensions>
     <gpxdata:distance>1596.00</gpxdata:distance>
     <gpxdata:speed>2.794</gpxdata:speed>
    </extensions>
   </trkpt>
   <trkpt lat="42.9635509" lon="16.7167452">
    <ele>4</ele>
    <time>2026-08-07T18:19:53Z</time>
    <extensions>
     <gpxdata:distance>1600.50</gpxdata:distance>
     <gpxdata:speed>3.472</gpxdata:speed>
    </extensions>
   </trkpt>
   <trkpt lat="42.9635900" lon="16.7167207">
    <ele>4</ele>
    <time>2026-08-07T18:19:54Z</time>
    <extensions>
     <gpxdata:distance>1605.00</gpxdata:distance>
     <gpxdata:speed>4.028</gpxdata:speed>
    </extensions>
   </trkpt>
   <trkpt lat="42.9636284" lon="16.7166966">
    <ele>4</ele>
    <time>2026-08-07T18:19:55Z</time>
    <extensions>
     <gpxdata:distance>1610.00</gpxdata:distance>
     <gpxdata:speed>4.447</gpxdata:speed>
    </extensions>
   </trkpt>
   <trkpt lat="42.9636664" lon="16.7166730">
    <ele>4</ele>
    <time>2026-08-07T18:19:56Z</time>
    <extensions>
     <gpxdata:distance>1615.00</gpxdata:distance>
     <gpxdata:speed>4.628</gpxdata:speed>
    </extensions>
   </trkpt>
   <trkpt lat="42.9637037" lon="16.7166511">
    <ele>4</ele>
    <time>2026-08-07T18:19:57Z</time>
    <extensions>
     <gpxdata:distance>1619.50</gpxdata:distance>
     <gpxdata:speed>4.592</gpxdata:speed>
    </extensions>
   </trkpt>
   <trkpt lat="42.9637407" lon="16.7166305">
    <ele>4</ele>
    <time>2026-08-07T18:19:58Z</time>
    <extensions>
     <gpxdata:distance>1624.00</gpxdata:distance>
     <gpxdata:speed>4.478</gpxdata:speed>
    </extensions>
   </trkpt>
   <trkpt lat="42.9637780" lon="16.7166108">
    <ele>4</ele>
    <time>2026-08-07T18:19:59Z</time>
    <extensions>
     <gpxdata:distance>1628.00</gpxdata:distance>
     <gpxdata:speed>4.456</gpxdata:speed>
    </extensions>
   </trkpt>
   <trkpt lat="42.9638162" lon="16.7165903">
    <ele>4</ele>
    <time>2026-08-07T18:20:00Z</time>
    <extensions>
     <gpxdata:distance>1632.00</gpxdata:distance>
     <gpxdata:speed>4.475</gpxdata:speed>
    </extensions>
   </trkpt>
   <trkpt lat="42.9638580" lon="16.7165677">
    <ele>4</ele>
    <time>2026-08-07T18:20:01Z</time>
    <extensions>
     <gpxdata:distance>1637.50</gpxdata:distance>
     <gpxdata:speed>4.617</gpxdata:speed>
    </extensions>
   </trkpt>
   <trkpt lat="42.9639032" lon="16.7165428">
    <ele>4</ele>
    <time>2026-08-07T18:20:02Z</time>
    <extensions>
     <gpxdata:distance>1643.00</gpxdata:distance>
     <gpxdata:speed>5.125</gpxdata:speed>
    </extensions>
   </trkpt>
   <trkpt lat="42.9639499" lon="16.7165157">
    <ele>4</ele>
    <time>2026-08-07T18:20:03Z</time>
    <extensions>
     <gpxdata:distance>1649.00</gpxdata:distance>
     <gpxdata:speed>5.469</gpxdata:speed>
    </extensions>
   </trkpt>
   <trkpt lat="42.9639964" lon="16.7164886">
    <ele>4</ele>
    <time>2026-08-07T18:20:04Z</time>
    <extensions>
     <gpxdata:distance>1655.00</gpxdata:distance>
     <gpxdata:speed>5.611</gpxdata:speed>
    </extensions>
   </trkpt>
   <trkpt lat="42.9640425" lon="16.7164629">
    <ele>4</ele>
    <time>2026-08-07T18:20:05Z</time>
    <extensions>
     <gpxdata:distance>1660.00</gpxdata:distance>
     <gpxdata:speed>5.589</gpxdata:speed>
    </extensions>
   </trkpt>
   <trkpt lat="42.9640882" lon="16.7164383">
    <ele>4</ele>
    <time>2026-08-07T18:20:06Z</time>
    <extensions>
     <gpxdata:distance>1665.00</gpxdata:distance>
     <gpxdata:speed>5.544</gpxdata:speed>
    </extensions>
   </trkpt>
   <trkpt lat="42.9641332" lon="16.7164142">
    <ele>4</ele>
    <time>2026-08-07T18:20:07Z</time>
    <extensions>
     <gpxdata:distance>1670.50</gpxdata:distance>
     <gpxdata:speed>5.458</gpxdata:speed>
    </extensions>
   </trkpt>
   <trkpt lat="42.9641772" lon="16.7163912">
    <ele>4</ele>
    <time>2026-08-07T18:20:08Z</time>
    <extensions>
     <gpxdata:distance>1676.00</gpxdata:distance>
     <gpxdata:speed>5.372</gpxdata:speed>
    </extensions>
   </trkpt>
   <trkpt lat="42.9642201" lon="16.7163688">
    <ele>4</ele>
    <time>2026-08-07T18:20:09Z</time>
    <extensions>
     <gpxdata:distance>1681.00</gpxdata:distance>
     <gpxdata:speed>5.308</gpxdata:speed>
    </extensions>
   </trkpt>
   <trkpt lat="42.9642622" lon="16.7163473">
    <ele>4</ele>
    <time>2026-08-07T18:20:10Z</time>
    <extensions>
     <gpxdata:distance>1686.00</gpxdata:distance>
     <gpxdata:speed>5.228</gpxdata:speed>
    </extensions>
   </trkpt>
   <trkpt lat="42.9643036" lon="16.7163257">
    <ele>4</ele>
    <time>2026-08-07T18:20:11Z</time>
    <extensions>
     <gpxdata:distance>1691.00</gpxdata:distance>
     <gpxdata:speed>5.139</gpxdata:speed>
    </extensions>
   </trkpt>
   <trkpt lat="42.9643449" lon="16.7163042">
    <ele>4</ele>
    <time>2026-08-07T18:20:12Z</time>
    <extensions>
     <gpxdata:distance>1696.00</gpxdata:distance>
     <gpxdata:speed>5.058</gpxdata:speed>
    </extensions>
   </trkpt>
   <trkpt lat="42.9643849" lon="16.7162838">
    <ele>4</ele>
    <time>2026-08-07T18:20:13Z</time>
    <extensions>
     <gpxdata:distance>1700.50</gpxdata:distance>
     <gpxdata:speed>4.997</gpxdata:speed>
    </extensions>
   </trkpt>
   <trkpt lat="42.9644221" lon="16.7162653">
    <ele>4</ele>
    <time>2026-08-07T18:20:14Z</time>
    <extensions>
     <gpxdata:distance>1705.00</gpxdata:distance>
     <gpxdata:speed>4.753</gpxdata:speed>
    </extensions>
   </trkpt>
   <trkpt lat="42.9644557" lon="16.7162478">
    <ele>4</ele>
    <time>2026-08-07T18:20:15Z</time>
    <extensions>
     <gpxdata:distance>1709.00</gpxdata:distance>
     <gpxdata:speed>4.364</gpxdata:speed>
    </extensions>
   </trkpt>
   <trkpt lat="42.9644876" lon="16.7162290">
    <ele>4</ele>
    <time>2026-08-07T18:20:16Z</time>
    <extensions>
     <gpxdata:distance>1713.00</gpxdata:distance>
     <gpxdata:speed>3.969</gpxdata:speed>
    </extensions>
   </trkpt>
   <trkpt lat="42.9645206" lon="16.7162067">
    <ele>4</ele>
    <time>2026-08-07T18:20:17Z</time>
    <extensions>
     <gpxdata:distance>1717.00</gpxdata:distance>
     <gpxdata:speed>3.933</gpxdata:speed>
    </extensions>
   </trkpt>
   <trkpt lat="42.9645574" lon="16.7161802">
    <ele>4</ele>
    <time>2026-08-07T18:20:18Z</time>
    <extensions>
     <gpxdata:distance>1721.00</gpxdata:distance>
     <gpxdata:speed>4.217</gpxdata:speed>
    </extensions>
   </trkpt>
   <trkpt lat="42.9645991" lon="16.7161515">
    <ele>4</ele>
    <time>2026-08-07T18:20:19Z</time>
    <extensions>
     <gpxdata:distance>1726.50</gpxdata:distance>
     <gpxdata:speed>4.692</gpxdata:speed>
    </extensions>
   </trkpt>
   <trkpt lat="42.9646457" lon="16.7161235">
    <ele>4</ele>
    <time>2026-08-07T18:20:20Z</time>
    <extensions>
     <gpxdata:distance>1732.00</gpxdata:distance>
     <gpxdata:speed>5.256</gpxdata:speed>
    </extensions>
   </trkpt>
   <trkpt lat="42.9646967" lon="16.7160995">
    <ele>4</ele>
    <time>2026-08-07T18:20:21Z</time>
    <extensions>
     <gpxdata:distance>1738.50</gpxdata:distance>
     <gpxdata:speed>5.661</gpxdata:speed>
    </extensions>
   </trkpt>
   <trkpt lat="42.9647501" lon="16.7160770">
    <ele>4</ele>
    <time>2026-08-07T18:20:22Z</time>
    <extensions>
     <gpxdata:distance>1745.00</gpxdata:distance>
     <gpxdata:speed>5.961</gpxdata:speed>
    </extensions>
   </trkpt>
   <trkpt lat="42.9648216" lon="16.7160461">
    <ele>4</ele>
    <time>2026-08-07T18:20:23Z</time>
    <extensions>
     <gpxdata:distance>1751.00</gpxdata:distance>
     <gpxdata:speed>6.158</gpxdata:speed>
    </extensions>
   </trkpt>
   <trkpt lat="42.9648757" lon="16.7160218">
    <ele>4</ele>
    <time>2026-08-07T18:20:24Z</time>
    <extensions>
     <gpxdata:distance>1757.00</gpxdata:distance>
     <gpxdata:speed>6.181</gpxdata:speed>
    </extensions>
   </trkpt>
   <trkpt lat="42.9649252" lon="16.7159987">
    <ele>4</ele>
    <time>2026-08-07T18:20:25Z</time>
    <extensions>
     <gpxdata:distance>1763.00</gpxdata:distance>
     <gpxdata:speed>6.019</gpxdata:speed>
    </extensions>
   </trkpt>
   <trkpt lat="42.9649594" lon="16.7159843">
    <ele>4</ele>
    <time>2026-08-07T18:20:26Z</time>
    <extensions>
     <gpxdata:distance>1769.00</gpxdata:distance>
     <gpxdata:speed>5.783</gpxdata:speed>
    </extensions>
   </trkpt>
   <trkpt lat="42.9650015" lon="16.7159647">
    <ele>4</ele>
    <time>2026-08-07T18:20:27Z</time>
    <extensions>
     <gpxdata:distance>1774.00</gpxdata:distance>
     <gpxdata:speed>5.556</gpxdata:speed>
    </extensions>
   </trkpt>
   <trkpt lat="42.9650471" lon="16.7159406">
    <ele>4</ele>
    <time>2026-08-07T18:20:28Z</time>
    <extensions>
     <gpxdata:distance>1779.00</gpxdata:distance>
     <gpxdata:speed>5.456</gpxdata:speed>
    </extensions>
   </trkpt>
   <trkpt lat="42.9650948" lon="16.7159134">
    <ele>4</ele>
    <time>2026-08-07T18:20:29Z</time>
    <extensions>
     <gpxdata:distance>1785.00</gpxdata:distance>
     <gpxdata:speed>5.669</gpxdata:speed>
    </extensions>
   </trkpt>
   <trkpt lat="42.9651436" lon="16.7158850">
    <ele>4</ele>
    <time>2026-08-07T18:20:30Z</time>
    <extensions>
     <gpxdata:distance>1791.00</gpxdata:distance>
     <gpxdata:speed>5.847</gpxdata:speed>
    </extensions>
   </trkpt>
   <trkpt lat="42.9651932" lon="16.7158570">
    <ele>4</ele>
    <time>2026-08-07T18:20:31Z</time>
    <extensions>
     <gpxdata:distance>1797.00</gpxdata:distance>
     <gpxdata:speed>5.894</gpxdata:speed>
    </extensions>
   </trkpt>
   <trkpt lat="42.9652435" lon="16.7158305">
    <ele>4</ele>
    <time>2026-08-07T18:20:32Z</time>
    <extensions>
     <gpxdata:distance>1803.00</gpxdata:distance>
     <gpxdata:speed>5.919</gpxdata:speed>
    </extensions>
   </trkpt>
   <trkpt lat="42.9652936" lon="16.7158046">
    <ele>4</ele>
    <time>2026-08-07T18:20:33Z</time>
    <extensions>
     <gpxdata:distance>1809.00</gpxdata:distance>
     <gpxdata:speed>5.936</gpxdata:speed>
    </extensions>
   </trkpt>
   <trkpt lat="42.9653437" lon="16.7157791">
    <ele>4</ele>
    <time>2026-08-07T18:20:34Z</time>
    <extensions>
     <gpxdata:distance>1815.00</gpxdata:distance>
     <gpxdata:speed>5.933</gpxdata:speed>
    </extensions>
   </trkpt>
   <trkpt lat="42.9653940" lon="16.7157529">
    <ele>4</ele>
    <time>2026-08-07T18:20:35Z</time>
    <extensions>
     <gpxdata:distance>1821.00</gpxdata:distance>
     <gpxdata:speed>5.939</gpxdata:speed>
    </extensions>
   </trkpt>
   <trkpt lat="42.9654443" lon="16.7157265">
    <ele>4</ele>
    <time>2026-08-07T18:20:36Z</time>
    <extensions>
     <gpxdata:distance>1827.00</gpxdata:distance>
     <gpxdata:speed>5.967</gpxdata:speed>
    </extensions>
   </trkpt>
   <trkpt lat="42.9654940" lon="16.7156990">
    <ele>4</ele>
    <time>2026-08-07T18:20:37Z</time>
    <extensions>
     <gpxdata:distance>1833.00</gpxdata:distance>
     <gpxdata:speed>5.983</gpxdata:speed>
    </extensions>
   </trkpt>
   <trkpt lat="42.9655432" lon="16.7156700">
    <ele>4</ele>
    <time>2026-08-07T18:20:38Z</time>
    <extensions>
     <gpxdata:distance>1839.00</gpxdata:distance>
     <gpxdata:speed>5.983</gpxdata:speed>
    </extensions>
   </trkpt>
   <trkpt lat="42.9655927" lon="16.7156398">
    <ele>4</ele>
    <time>2026-08-07T18:20:39Z</time>
    <extensions>
     <gpxdata:distance>1845.00</gpxdata:distance>
     <gpxdata:speed>5.983</gpxdata:speed>
    </extensions>
   </trkpt>
   <trkpt lat="42.9656592" lon="16.7155987">
    <ele>4</ele>
    <time>2026-08-07T18:20:40Z</time>
    <extensions>
     <gpxdata:distance>1851.00</gpxdata:distance>
     <gpxdata:speed>6.011</gpxdata:speed>
    </extensions>
   </trkpt>
   <trkpt lat="42.9657113" lon="16.7155659">
    <ele>4</ele>
    <time>2026-08-07T18:20:41Z</time>
    <extensions>
     <gpxdata:distance>1857.50</gpxdata:distance>
     <gpxdata:speed>6.050</gpxdata:speed>
    </extensions>
   </trkpt>
   <trkpt lat="42.9657614" lon="16.7155340">
    <ele>4</ele>
    <time>2026-08-07T18:20:42Z</time>
    <extensions>
     <gpxdata:distance>1864.00</gpxdata:distance>
     <gpxdata:speed>6.083</gpxdata:speed>
    </extensions>
   </trkpt>
   <trkpt lat="42.9658102" lon="16.7155019">
    <ele>4</ele>
    <time>2026-08-07T18:20:43Z</time>
    <extensions>
     <gpxdata:distance>1870.00</gpxdata:distance>
     <gpxdata:speed>6.092</gpxdata:speed>
    </extensions>
   </trkpt>
   <trkpt lat="42.9658571" lon="16.7154704">
    <ele>4</ele>
    <time>2026-08-07T18:20:44Z</time>
    <extensions>
     <gpxdata:distance>1876.00</gpxdata:distance>
     <gpxdata:speed>6.058</gpxdata:speed>
    </extensions>
   </trkpt>
   <trkpt lat="42.9658898" lon="16.7154488">
    <ele>4</ele>
    <time>2026-08-07T18:20:45Z</time>
    <extensions>
     <gpxdata:distance>1881.50</gpxdata:distance>
     <gpxdata:speed>5.961</gpxdata:speed>
    </extensions>
   </trkpt>
   <trkpt lat="42.9659320" lon="16.7154228">
    <ele>4</ele>
    <time>2026-08-07T18:20:46Z</time>
    <extensions>
     <gpxdata:distance>1887.00</gpxdata:distance>
     <gpxdata:speed>5.819</gpxdata:speed>
    </extensions>
   </trkpt>
   <trkpt lat="42.9659793" lon="16.7153952">
    <ele>4</ele>
    <time>2026-08-07T18:20:47Z</time>
    <extensions>
     <gpxdata:distance>1893.00</gpxdata:distance>
     <gpxdata:speed>5.761</gpxdata:speed>
    </extensions>
   </trkpt>
   <trkpt lat="42.9660298" lon="16.7153652">
    <ele>4</ele>
    <time>2026-08-07T18:20:48Z</time>
    <extensions>
     <gpxdata:distance>1899.00</gpxdata:distance>
     <gpxdata:speed>5.842</gpxdata:speed>
    </extensions>
   </trkpt>
   <trkpt lat="42.9661000" lon="16.7153232">
    <ele>4</ele>
    <time>2026-08-07T18:20:49Z</time>
    <extensions>
     <gpxdata:distance>1905.50</gpxdata:distance>
     <gpxdata:speed>6.011</gpxdata:speed>
    </extensions>
   </trkpt>
   <trkpt lat="42.9661559" lon="16.7152894">
    <ele>4</ele>
    <time>2026-08-07T18:20:50Z</time>
    <extensions>
     <gpxdata:distance>1912.00</gpxdata:distance>
     <gpxdata:speed>6.178</gpxdata:speed>
    </extensions>
   </trkpt>
   <trkpt lat="42.9662107" lon="16.7152575">
    <ele>4</ele>
    <time>2026-08-07T18:20:51Z</time>
    <extensions>
     <gpxdata:distance>1918.50</gpxdata:distance>
     <gpxdata:speed>6.306</gpxdata:speed>
    </extensions>
   </trkpt>
   <trkpt lat="42.9662654" lon="16.7152267">
    <ele>4</ele>
    <time>2026-08-07T18:20:52Z</time>
    <extensions>
     <gpxdata:distance>1925.00</gpxdata:distance>
     <gpxdata:speed>6.394</gpxdata:speed>
    </extensions>
   </trkpt>
   <trkpt lat="42.9663205" lon="16.7151969">
    <ele>4</ele>
    <time>2026-08-07T18:20:53Z</time>
    <extensions>
     <gpxdata:distance>1931.50</gpxdata:distance>
     <gpxdata:speed>6.458</gpxdata:speed>
    </extensions>
   </trkpt>
   <trkpt lat="42.9663761" lon="16.7151680">
    <ele>4</ele>
    <time>2026-08-07T18:20:54Z</time>
    <extensions>
     <gpxdata:distance>1938.00</gpxdata:distance>
     <gpxdata:speed>6.508</gpxdata:speed>
    </extensions>
   </trkpt>
   <trkpt lat="42.9664329" lon="16.7151428">
    <ele>4</ele>
    <time>2026-08-07T18:20:55Z</time>
    <extensions>
     <gpxdata:distance>1944.50</gpxdata:distance>
     <gpxdata:speed>6.600</gpxdata:speed>
    </extensions>
   </trkpt>
   <trkpt lat="42.9664917" lon="16.7151226">
    <ele>4</ele>
    <time>2026-08-07T18:20:56Z</time>
    <extensions>
     <gpxdata:distance>1951.00</gpxdata:distance>
     <gpxdata:speed>6.647</gpxdata:speed>
    </extensions>
   </trkpt>
   <trkpt lat="42.9665524" lon="16.7151044">
    <ele>4</ele>
    <time>2026-08-07T18:20:57Z</time>
    <extensions>
     <gpxdata:distance>1958.00</gpxdata:distance>
     <gpxdata:speed>6.742</gpxdata:speed>
    </extensions>
   </trkpt>
   <trkpt lat="42.9666146" lon="16.7150862">
    <ele>4</ele>
    <time>2026-08-07T18:20:58Z</time>
    <extensions>
     <gpxdata:distance>1965.00</gpxdata:distance>
     <gpxdata:speed>6.886</gpxdata:speed>
    </extensions>
   </trkpt>
   <trkpt lat="42.9666779" lon="16.7150674">
    <ele>4</ele>
    <time>2026-08-07T18:20:59Z</time>
    <extensions>
     <gpxdata:distance>1972.50</gpxdata:distance>
     <gpxdata:speed>7.028</gpxdata:speed>
    </extensions>
   </trkpt>
   <trkpt lat="42.9667424" lon="16.7150480">
    <ele>4</ele>
    <time>2026-08-07T18:21:00Z</time>
    <extensions>
     <gpxdata:distance>1980.00</gpxdata:distance>
     <gpxdata:speed>7.139</gpxdata:speed>
    </extensions>
   </trkpt>
   <trkpt lat="42.9668092" lon="16.7150275">
    <ele>4</ele>
    <time>2026-08-07T18:21:01Z</time>
    <extensions>
     <gpxdata:distance>1987.50</gpxdata:distance>
     <gpxdata:speed>7.297</gpxdata:speed>
    </extensions>
   </trkpt>
   <trkpt lat="42.9668778" lon="16.7150039">
    <ele>4</ele>
    <time>2026-08-07T18:21:02Z</time>
    <extensions>
     <gpxdata:distance>1995.00</gpxdata:distance>
     <gpxdata:speed>7.553</gpxdata:speed>
    </extensions>
   </trkpt>
   <trkpt lat="42.9669483" lon="16.7149762">
    <ele>4</ele>
    <time>2026-08-07T18:21:03Z</time>
    <extensions>
     <gpxdata:distance>2003.00</gpxdata:distance>
     <gpxdata:speed>7.803</gpxdata:speed>
    </extensions>
   </trkpt>
   <trkpt lat="42.9670205" lon="16.7149455">
    <ele>4</ele>
    <time>2026-08-07T18:21:04Z</time>
    <extensions>
     <gpxdata:distance>2011.00</gpxdata:distance>
     <gpxdata:speed>8.081</gpxdata:speed>
    </extensions>
   </trkpt>
   <trkpt lat="42.9670942" lon="16.7149121">
    <ele>4</ele>
    <time>2026-08-07T18:21:05Z</time>
    <extensions>
     <gpxdata:distance>2020.00</gpxdata:distance>
     <gpxdata:speed>8.317</gpxdata:speed>
    </extensions>
   </trkpt>
   <trkpt lat="42.9671686" lon="16.7148769">
    <ele>4</ele>
    <time>2026-08-07T18:21:06Z</time>
    <extensions>
     <gpxdata:distance>2029.00</gpxdata:distance>
     <gpxdata:speed>8.539</gpxdata:speed>
    </extensions>
   </trkpt>
   <trkpt lat="42.9672434" lon="16.7148397">
    <ele>4</ele>
    <time>2026-08-07T18:21:07Z</time>
    <extensions>
     <gpxdata:distance>2037.50</gpxdata:distance>
     <gpxdata:speed>8.661</gpxdata:speed>
    </extensions>
   </trkpt>
   <trkpt lat="42.9673185" lon="16.7148012">
    <ele>5</ele>
    <time>2026-08-07T18:21:08Z</time>
    <extensions>
     <gpxdata:distance>2046.00</gpxdata:distance>
     <gpxdata:speed>8.789</gpxdata:speed>
    </extensions>
   </trkpt>
   <trkpt lat="42.9673923" lon="16.7147583">
    <ele>5</ele>
    <time>2026-08-07T18:21:09Z</time>
    <extensions>
     <gpxdata:distance>2055.00</gpxdata:distance>
     <gpxdata:speed>8.881</gpxdata:speed>
    </extensions>
   </trkpt>
   <trkpt lat="42.9674638" lon="16.7147112">
    <ele>5</ele>
    <time>2026-08-07T18:21:10Z</time>
    <extensions>
     <gpxdata:distance>2064.00</gpxdata:distance>
     <gpxdata:speed>8.914</gpxdata:speed>
    </extensions>
   </trkpt>
   <trkpt lat="42.9675327" lon="16.7146600">
    <ele>5</ele>
    <time>2026-08-07T18:21:11Z</time>
    <extensions>
     <gpxdata:distance>2073.00</gpxdata:distance>
     <gpxdata:speed>8.897</gpxdata:speed>
    </extensions>
   </trkpt>
   <trkpt lat="42.9675995" lon="16.7146057">
    <ele>5</ele>
    <time>2026-08-07T18:21:12Z</time>
    <extensions>
     <gpxdata:distance>2082.00</gpxdata:distance>
     <gpxdata:speed>8.844</gpxdata:speed>
    </extensions>
   </trkpt>
   <trkpt lat="42.9676632" lon="16.7145483">
    <ele>5</ele>
    <time>2026-08-07T18:21:13Z</time>
    <extensions>
     <gpxdata:distance>2090.50</gpxdata:distance>
     <gpxdata:speed>8.786</gpxdata:speed>
    </extensions>
   </trkpt>
   <trkpt lat="42.9677223" lon="16.7144859">
    <ele>5</ele>
    <time>2026-08-07T18:21:14Z</time>
    <extensions>
     <gpxdata:distance>2099.00</gpxdata:distance>
     <gpxdata:speed>8.678</gpxdata:speed>
    </extensions>
   </trkpt>
   <trkpt lat="42.9677767" lon="16.7144161">
    <ele>5</ele>
    <time>2026-08-07T18:21:15Z</time>
    <extensions>
     <gpxdata:distance>2107.00</gpxdata:distance>
     <gpxdata:speed>8.550</gpxdata:speed>
    </extensions>
   </trkpt>
   <trkpt lat="42.9678246" lon="16.7143377">
    <ele>5</ele>
    <time>2026-08-07T18:21:16Z</time>
    <extensions>
     <gpxdata:distance>2115.00</gpxdata:distance>
     <gpxdata:speed>8.483</gpxdata:speed>
    </extensions>
   </trkpt>
   <trkpt lat="42.9678640" lon="16.7142503">
    <ele>5</ele>
    <time>2026-08-07T18:21:17Z</time>
    <extensions>
     <gpxdata:distance>2123.50</gpxdata:distance>
     <gpxdata:speed>8.442</gpxdata:speed>
    </extensions>
   </trkpt>
   <trkpt lat="42.9678935" lon="16.7141555">
    <ele>5</ele>
    <time>2026-08-07T18:21:18Z</time>
    <extensions>
     <gpxdata:distance>2132.00</gpxdata:distance>
     <gpxdata:speed>8.431</gpxdata:speed>
    </extensions>
   </trkpt>
   <trkpt lat="42.9679127" lon="16.7140562">
    <ele>5</ele>
    <time>2026-08-07T18:21:19Z</time>
    <extensions>
     <gpxdata:distance>2140.50</gpxdata:distance>
     <gpxdata:speed>8.419</gpxdata:speed>
    </extensions>
   </trkpt>
   <trkpt lat="42.9679216" lon="16.7139547">
    <ele>5</ele>
    <time>2026-08-07T18:21:20Z</time>
    <extensions>
     <gpxdata:distance>2149.00</gpxdata:distance>
     <gpxdata:speed>8.394</gpxdata:speed>
    </extensions>
   </trkpt>
   <trkpt lat="42.9679211" lon="16.7138533">
    <ele>5</ele>
    <time>2026-08-07T18:21:21Z</time>
    <extensions>
     <gpxdata:distance>2157.00</gpxdata:distance>
     <gpxdata:speed>8.356</gpxdata:speed>
    </extensions>
   </trkpt>
   <trkpt lat="42.9679116" lon="16.7137547">
    <ele>5</ele>
    <time>2026-08-07T18:21:22Z</time>
    <extensions>
     <gpxdata:distance>2165.00</gpxdata:distance>
     <gpxdata:speed>8.306</gpxdata:speed>
    </extensions>
   </trkpt>
   <trkpt lat="42.9678928" lon="16.7136603">
    <ele>5</ele>
    <time>2026-08-07T18:21:23Z</time>
    <extensions>
     <gpxdata:distance>2173.00</gpxdata:distance>
     <gpxdata:speed>8.214</gpxdata:speed>
    </extensions>
   </trkpt>
   <trkpt lat="42.9678654" lon="16.7135709">
    <ele>5</ele>
    <time>2026-08-07T18:21:24Z</time>
    <extensions>
     <gpxdata:distance>2181.00</gpxdata:distance>
     <gpxdata:speed>8.117</gpxdata:speed>
    </extensions>
   </trkpt>
   <trkpt lat="42.9678293" lon="16.7134883">
    <ele>5</ele>
    <time>2026-08-07T18:21:25Z</time>
    <extensions>
     <gpxdata:distance>2189.00</gpxdata:distance>
     <gpxdata:speed>8.031</gpxdata:speed>
    </extensions>
   </trkpt>
   <trkpt lat="42.9677859" lon="16.7134134">
    <ele>5</ele>
    <time>2026-08-07T18:21:26Z</time>
    <extensions>
     <gpxdata:distance>2197.00</gpxdata:distance>
     <gpxdata:speed>7.964</gpxdata:speed>
    </extensions>
   </trkpt>
   <trkpt lat="42.9677370" lon="16.7133473">
    <ele>5</ele>
    <time>2026-08-07T18:21:27Z</time>
    <extensions>
     <gpxdata:distance>2204.50</gpxdata:distance>
     <gpxdata:speed>7.886</gpxdata:speed>
    </extensions>
   </trkpt>
   <trkpt lat="42.9676844" lon="16.7132896">
    <ele>5</ele>
    <time>2026-08-07T18:21:28Z</time>
    <extensions>
     <gpxdata:distance>2212.00</gpxdata:distance>
     <gpxdata:speed>7.786</gpxdata:speed>
    </extensions>
   </trkpt>
   <trkpt lat="42.9676294" lon="16.7132396">
    <ele>5</ele>
    <time>2026-08-07T18:21:29Z</time>
    <extensions>
     <gpxdata:distance>2219.50</gpxdata:distance>
     <gpxdata:speed>7.669</gpxdata:speed>
    </extensions>
   </trkpt>
   <trkpt lat="42.9675744" lon="16.7131937">
    <ele>5</ele>
    <time>2026-08-07T18:21:30Z</time>
    <extensions>
     <gpxdata:distance>2227.00</gpxdata:distance>
     <gpxdata:speed>7.542</gpxdata:speed>
    </extensions>
   </trkpt>
   <trkpt lat="42.9675211" lon="16.7131503">
    <ele>5</ele>
    <time>2026-08-07T18:21:31Z</time>
    <extensions>
     <gpxdata:distance>2233.50</gpxdata:distance>
     <gpxdata:speed>7.389</gpxdata:speed>
    </extensions>
   </trkpt>
   <trkpt lat="42.9674698" lon="16.7131124">
    <ele>5</ele>
    <time>2026-08-07T18:21:32Z</time>
    <extensions>
     <gpxdata:distance>2240.00</gpxdata:distance>
     <gpxdata:speed>7.203</gpxdata:speed>
    </extensions>
   </trkpt>
   <trkpt lat="42.9674197" lon="16.7130842">
    <ele>5</ele>
    <time>2026-08-07T18:21:33Z</time>
    <extensions>
     <gpxdata:distance>2246.00</gpxdata:distance>
     <gpxdata:speed>6.936</gpxdata:speed>
    </extensions>
   </trkpt>
   <trkpt lat="42.9673704" lon="16.7130643">
    <ele>5</ele>
    <time>2026-08-07T18:21:34Z</time>
    <extensions>
     <gpxdata:distance>2252.00</gpxdata:distance>
     <gpxdata:speed>6.617</gpxdata:speed>
    </extensions>
   </trkpt>
   <trkpt lat="42.9673225" lon="16.7130453">
    <ele>5</ele>
    <time>2026-08-07T18:21:35Z</time>
    <extensions>
     <gpxdata:distance>2257.50</gpxdata:distance>
     <gpxdata:speed>6.314</gpxdata:speed>
    </extensions>
   </trkpt>
   <trkpt lat="42.9672796" lon="16.7130181">
    <ele>4</ele>
    <time>2026-08-07T18:21:36Z</time>
    <extensions>
     <gpxdata:distance>2263.00</gpxdata:distance>
     <gpxdata:speed>6.061</gpxdata:speed>
    </extensions>
   </trkpt>
   <trkpt lat="42.9672551" lon="16.7129895">
    <ele>4</ele>
    <time>2026-08-07T18:21:37Z</time>
    <extensions>
     <gpxdata:distance>2268.00</gpxdata:distance>
     <gpxdata:speed>5.811</gpxdata:speed>
    </extensions>
   </trkpt>
   <trkpt lat="42.9672319" lon="16.7129456">
    <ele>4</ele>
    <time>2026-08-07T18:21:38Z</time>
    <extensions>
     <gpxdata:distance>2273.00</gpxdata:distance>
     <gpxdata:speed>5.572</gpxdata:speed>
    </extensions>
   </trkpt>
   <trkpt lat="42.9672138" lon="16.7128950">
    <ele>4</ele>
    <time>2026-08-07T18:21:39Z</time>
    <extensions>
     <gpxdata:distance>2278.00</gpxdata:distance>
     <gpxdata:speed>5.342</gpxdata:speed>
    </extensions>
   </trkpt>
   <trkpt lat="42.9671983" lon="16.7128432">
    <ele>4</ele>
    <time>2026-08-07T18:21:40Z</time>
    <extensions>
     <gpxdata:distance>2283.00</gpxdata:distance>
     <gpxdata:speed>5.108</gpxdata:speed>
    </extensions>
   </trkpt>
   <trkpt lat="42.9671824" lon="16.7127931">
    <ele>4</ele>
    <time>2026-08-07T18:21:41Z</time>
    <extensions>
     <gpxdata:distance>2287.00</gpxdata:distance>
     <gpxdata:speed>4.897</gpxdata:speed>
    </extensions>
   </trkpt>
   <trkpt lat="42.9671663" lon="16.7127469">
    <ele>5</ele>
    <time>2026-08-07T18:21:42Z</time>
    <extensions>
     <gpxdata:distance>2291.00</gpxdata:distance>
     <gpxdata:speed>4.714</gpxdata:speed>
    </extensions>
   </trkpt>
   <trkpt lat="42.9671513" lon="16.7127051">
    <ele>5</ele>
    <time>2026-08-07T18:21:43Z</time>
    <extensions>
     <gpxdata:distance>2294.50</gpxdata:distance>
     <gpxdata:speed>4.472</gpxdata:speed>
    </extensions>
   </trkpt>
   <trkpt lat="42.9671394" lon="16.7126658">
    <ele>5</ele>
    <time>2026-08-07T18:21:44Z</time>
    <extensions>
     <gpxdata:distance>2298.00</gpxdata:distance>
     <gpxdata:speed>3.811</gpxdata:speed>
    </extensions>
   </trkpt>
   <trkpt lat="42.9671326" lon="16.7126262">
    <ele>5</ele>
    <time>2026-08-07T18:21:45Z</time>
    <extensions>
     <gpxdata:distance>2301.50</gpxdata:distance>
     <gpxdata:speed>3.475</gpxdata:speed>
    </extensions>
   </trkpt>
   <trkpt lat="42.9671319" lon="16.7125847">
    <ele>6</ele>
    <time>2026-08-07T18:21:46Z</time>
    <extensions>
     <gpxdata:distance>2305.00</gpxdata:distance>
     <gpxdata:speed>3.439</gpxdata:speed>
    </extensions>
   </trkpt>
   <trkpt lat="42.9671378" lon="16.7125422">
    <ele>6</ele>
    <time>2026-08-07T18:21:47Z</time>
    <extensions>
     <gpxdata:distance>2308.50</gpxdata:distance>
     <gpxdata:speed>3.544</gpxdata:speed>
    </extensions>
   </trkpt>
   <trkpt lat="42.9671512" lon="16.7125000">
    <ele>6</ele>
    <time>2026-08-07T18:21:48Z</time>
    <extensions>
     <gpxdata:distance>2312.00</gpxdata:distance>
     <gpxdata:speed>3.675</gpxdata:speed>
    </extensions>
   </trkpt>
   <trkpt lat="42.9671723" lon="16.7124591">
    <ele>7</ele>
    <time>2026-08-07T18:21:49Z</time>
    <extensions>
     <gpxdata:distance>2316.50</gpxdata:distance>
     <gpxdata:speed>3.808</gpxdata:speed>
    </extensions>
   </trkpt>
   <trkpt lat="42.9672009" lon="16.7124231">
    <ele>7</ele>
    <time>2026-08-07T18:21:50Z</time>
    <extensions>
     <gpxdata:distance>2321.00</gpxdata:distance>
     <gpxdata:speed>4.050</gpxdata:speed>
    </extensions>
   </trkpt>
   <trkpt lat="42.9672358" lon="16.7123927">
    <ele>7</ele>
    <time>2026-08-07T18:21:51Z</time>
    <extensions>
     <gpxdata:distance>2325.50</gpxdata:distance>
     <gpxdata:speed>4.286</gpxdata:speed>
    </extensions>
   </trkpt>
   <trkpt lat="42.9672742" lon="16.7123651">
    <ele>8</ele>
    <time>2026-08-07T18:21:52Z</time>
    <extensions>
     <gpxdata:distance>2330.00</gpxdata:distance>
     <gpxdata:speed>4.403</gpxdata:speed>
    </extensions>
   </trkpt>
   <trkpt lat="42.9673145" lon="16.7123381">
    <ele>8</ele>
    <time>2026-08-07T18:21:53Z</time>
    <extensions>
     <gpxdata:distance>2335.00</gpxdata:distance>
     <gpxdata:speed>4.764</gpxdata:speed>
    </extensions>
   </trkpt>
   <trkpt lat="42.9673560" lon="16.7123109">
    <ele>8</ele>
    <time>2026-08-07T18:21:54Z</time>
    <extensions>
     <gpxdata:distance>2340.00</gpxdata:distance>
     <gpxdata:speed>4.944</gpxdata:speed>
    </extensions>
   </trkpt>
   <trkpt lat="42.9673986" lon="16.7122837">
    <ele>9</ele>
    <time>2026-08-07T18:21:55Z</time>
    <extensions>
     <gpxdata:distance>2345.50</gpxdata:distance>
     <gpxdata:speed>5.083</gpxdata:speed>
    </extensions>
   </trkpt>
   <trkpt lat="42.9674416" lon="16.7122564">
    <ele>9</ele>
    <time>2026-08-07T18:21:56Z</time>
    <extensions>
     <gpxdata:distance>2351.00</gpxdata:distance>
     <gpxdata:speed>5.203</gpxdata:speed>
    </extensions>
   </trkpt>
   <trkpt lat="42.9674849" lon="16.7122295">
    <ele>9</ele>
    <time>2026-08-07T18:21:57Z</time>
    <extensions>
     <gpxdata:distance>2356.00</gpxdata:distance>
     <gpxdata:speed>5.250</gpxdata:speed>
    </extensions>
   </trkpt>
   <trkpt lat="42.9675282" lon="16.7122036">
    <ele>9</ele>
    <time>2026-08-07T18:21:58Z</time>
    <extensions>
     <gpxdata:distance>2361.00</gpxdata:distance>
     <gpxdata:speed>5.261</gpxdata:speed>
    </extensions>
   </trkpt>
   <trkpt lat="42.9675715" lon="16.7121791">
    <ele>9</ele>
    <time>2026-08-07T18:21:59Z</time>
    <extensions>
     <gpxdata:distance>2366.50</gpxdata:distance>
     <gpxdata:speed>5.250</gpxdata:speed>
    </extensions>
   </trkpt>
   <trkpt lat="42.9676139" lon="16.7121562">
    <ele>9</ele>
    <time>2026-08-07T18:22:00Z</time>
    <extensions>
     <gpxdata:distance>2372.00</gpxdata:distance>
     <gpxdata:speed>5.200</gpxdata:speed>
    </extensions>
   </trkpt>
   <trkpt lat="42.9676526" lon="16.7121359">
    <ele>9</ele>
    <time>2026-08-07T18:22:01Z</time>
    <extensions>
     <gpxdata:distance>2376.00</gpxdata:distance>
     <gpxdata:speed>5.058</gpxdata:speed>
    </extensions>
   </trkpt>
   <trkpt lat="42.9676835" lon="16.7121197">
    <ele>9</ele>
    <time>2026-08-07T18:22:02Z</time>
    <extensions>
     <gpxdata:distance>2380.00</gpxdata:distance>
     <gpxdata:speed>4.542</gpxdata:speed>
    </extensions>
   </trkpt>
   <trkpt lat="42.9677032" lon="16.7121089">
    <ele>9</ele>
    <time>2026-08-07T18:22:03Z</time>
    <extensions>
     <gpxdata:distance>2382.00</gpxdata:distance>
     <gpxdata:speed>3.578</gpxdata:speed>
    </extensions>
   </trkpt>
   <trkpt lat="42.9677844" lon="16.7120372">
    <ele>9</ele>
    <time>2026-08-07T18:22:23Z</time>
    <extensions>
     <gpxdata:distance>2398.00</gpxdata:distance>
     <gpxdata:speed>2.669</gpxdata:speed>
    </extensions>
   </trkpt>
   <trkpt lat="42.9678273" lon="16.7120084">
    <ele>9</ele>
    <time>2026-08-07T18:22:24Z</time>
    <extensions>
     <gpxdata:distance>2398.00</gpxdata:distance>
     <gpxdata:speed>3.122</gpxdata:speed>
    </extensions>
   </trkpt>
   <trkpt lat="42.9678613" lon="16.7119857">
    <ele>9</ele>
    <time>2026-08-07T18:22:25Z</time>
    <extensions>
     <gpxdata:distance>2402.50</gpxdata:distance>
     <gpxdata:speed>3.583</gpxdata:speed>
    </extensions>
   </trkpt>
   <trkpt lat="42.9678954" lon="16.7119619">
    <ele>9</ele>
    <time>2026-08-07T18:22:26Z</time>
    <extensions>
     <gpxdata:distance>2407.00</gpxdata:distance>
     <gpxdata:speed>3.964</gpxdata:speed>
    </extensions>
   </trkpt>
   <trkpt lat="42.9679308" lon="16.7119349">
    <ele>9</ele>
    <time>2026-08-07T18:22:27Z</time>
    <extensions>
     <gpxdata:distance>2411.50</gpxdata:distance>
     <gpxdata:speed>4.239</gpxdata:speed>
    </extensions>
   </trkpt>
   <trkpt lat="42.9679680" lon="16.7119053">
    <ele>9</ele>
    <time>2026-08-07T18:22:28Z</time>
    <extensions>
     <gpxdata:distance>2416.00</gpxdata:distance>
     <gpxdata:speed>4.519</gpxdata:speed>
    </extensions>
   </trkpt>
   <trkpt lat="42.9680071" lon="16.7118739">
    <ele>9</ele>
    <time>2026-08-07T18:22:29Z</time>
    <extensions>
     <gpxdata:distance>2421.00</gpxdata:distance>
     <gpxdata:speed>4.817</gpxdata:speed>
    </extensions>
   </trkpt>
   <trkpt lat="42.9680473" lon="16.7118411">
    <ele>9</ele>
    <time>2026-08-07T18:22:30Z</time>
    <extensions>
     <gpxdata:distance>2426.00</gpxdata:distance>
     <gpxdata:speed>5.047</gpxdata:speed>
    </extensions>
   </trkpt>
   <trkpt lat="42.9680864" lon="16.7118069">
    <ele>9</ele>
    <time>2026-08-07T18:22:31Z</time>
    <extensions>
     <gpxdata:distance>2431.50</gpxdata:distance>
     <gpxdata:speed>5.183</gpxdata:speed>
    </extensions>
   </trkpt>
   <trkpt lat="42.9681214" lon="16.7117703">
    <ele>9</ele>
    <time>2026-08-07T18:22:32Z</time>
    <extensions>
     <gpxdata:distance>2437.00</gpxdata:distance>
     <gpxdata:speed>5.092</gpxdata:speed>
    </extensions>
   </trkpt>
   <trkpt lat="42.9681500" lon="16.7117294">
    <ele>9</ele>
    <time>2026-08-07T18:22:33Z</time>
    <extensions>
     <gpxdata:distance>2441.00</gpxdata:distance>
     <gpxdata:speed>4.828</gpxdata:speed>
    </extensions>
   </trkpt>
   <trkpt lat="42.9681713" lon="16.7116839">
    <ele>9</ele>
    <time>2026-08-07T18:22:34Z</time>
    <extensions>
     <gpxdata:distance>2445.00</gpxdata:distance>
     <gpxdata:speed>4.628</gpxdata:speed>
    </extensions>
   </trkpt>
   <trkpt lat="42.9681858" lon="16.7116356">
    <ele>10</ele>
    <time>2026-08-07T18:22:35Z</time>
    <extensions>
     <gpxdata:distance>2449.50</gpxdata:distance>
     <gpxdata:speed>4.503</gpxdata:speed>
    </extensions>
   </trkpt>
   <trkpt lat="42.9681954" lon="16.7115863">
    <ele>10</ele>
    <time>2026-08-07T18:22:36Z</time>
    <extensions>
     <gpxdata:distance>2454.00</gpxdata:distance>
     <gpxdata:speed>4.347</gpxdata:speed>
    </extensions>
   </trkpt>
   <trkpt lat="42.9682020" lon="16.7115367">
    <ele>10</ele>
    <time>2026-08-07T18:22:37Z</time>
    <extensions>
     <gpxdata:distance>2458.00</gpxdata:distance>
     <gpxdata:speed>4.258</gpxdata:speed>
    </extensions>
   </trkpt>
   <trkpt lat="42.9682062" lon="16.7114865">
    <ele>10</ele>
    <time>2026-08-07T18:22:38Z</time>
    <extensions>
     <gpxdata:distance>2462.00</gpxdata:distance>
     <gpxdata:speed>4.186</gpxdata:speed>
    </extensions>
   </trkpt>
   <trkpt lat="42.9682088" lon="16.7114350">
    <ele>10</ele>
    <time>2026-08-07T18:22:39Z</time>
    <extensions>
     <gpxdata:distance>2466.00</gpxdata:distance>
     <gpxdata:speed>4.156</gpxdata:speed>
    </extensions>
   </trkpt>
   <trkpt lat="42.9682108" lon="16.7113824">
    <ele>10</ele>
    <time>2026-08-07T18:22:40Z</time>
    <extensions>
     <gpxdata:distance>2470.00</gpxdata:distance>
     <gpxdata:speed>4.172</gpxdata:speed>
    </extensions>
   </trkpt>
   <trkpt lat="42.9682136" lon="16.7113291">
    <ele>10</ele>
    <time>2026-08-07T18:22:41Z</time>
    <extensions>
     <gpxdata:distance>2474.50</gpxdata:distance>
     <gpxdata:speed>4.211</gpxdata:speed>
    </extensions>
   </trkpt>
   <trkpt lat="42.9682174" lon="16.7112763">
    <ele>11</ele>
    <time>2026-08-07T18:22:42Z</time>
    <extensions>
     <gpxdata:distance>2479.00</gpxdata:distance>
     <gpxdata:speed>4.300</gpxdata:speed>
    </extensions>
   </trkpt>
   <trkpt lat="42.9682211" lon="16.7112242">
    <ele>11</ele>
    <time>2026-08-07T18:22:43Z</time>
    <extensions>
     <gpxdata:distance>2483.50</gpxdata:distance>
     <gpxdata:speed>4.294</gpxdata:speed>
    </extensions>
   </trkpt>
   <trkpt lat="42.9682243" lon="16.7111726">
    <ele>11</ele>
    <time>2026-08-07T18:22:44Z</time>
    <extensions>
     <gpxdata:distance>2488.00</gpxdata:distance>
     <gpxdata:speed>4.253</gpxdata:speed>
    </extensions>
   </trkpt>
   <trkpt lat="42.9682279" lon="16.7111211">
    <ele>12</ele>
    <time>2026-08-07T18:22:45Z</time>
    <extensions>
     <gpxdata:distance>2492.00</gpxdata:distance>
     <gpxdata:speed>4.233</gpxdata:speed>
    </extensions>
   </trkpt>
   <trkpt lat="42.9682324" lon="16.7110700">
    <ele>12</ele>
    <time>2026-08-07T18:22:46Z</time>
    <extensions>
     <gpxdata:distance>2496.00</gpxdata:distance>
     <gpxdata:speed>4.228</gpxdata:speed>
    </extensions>
   </trkpt>
   <trkpt lat="42.9682378" lon="16.7110196">
    <ele>12</ele>
    <time>2026-08-07T18:22:47Z</time>
    <extensions>
     <gpxdata:distance>2500.00</gpxdata:distance>
     <gpxdata:speed>4.214</gpxdata:speed>
    </extensions>
   </trkpt>
   <trkpt lat="42.9682433" lon="16.7109702">
    <ele>13</ele>
    <time>2026-08-07T18:22:48Z</time>
    <extensions>
     <gpxdata:distance>2504.00</gpxdata:distance>
     <gpxdata:speed>4.189</gpxdata:speed>
    </extensions>
   </trkpt>
   <trkpt lat="42.9682488" lon="16.7109215">
    <ele>13</ele>
    <time>2026-08-07T18:22:49Z</time>
    <extensions>
     <gpxdata:distance>2508.00</gpxdata:distance>
     <gpxdata:speed>4.142</gpxdata:speed>
    </extensions>
   </trkpt>
   <trkpt lat="42.9682536" lon="16.7108733">
    <ele>13</ele>
    <time>2026-08-07T18:22:50Z</time>
    <extensions>
     <gpxdata:distance>2512.00</gpxdata:distance>
     <gpxdata:speed>4.083</gpxdata:speed>
    </extensions>
   </trkpt>
   <trkpt lat="42.9682578" lon="16.7108252">
    <ele>14</ele>
    <time>2026-08-07T18:22:51Z</time>
    <extensions>
     <gpxdata:distance>2516.00</gpxdata:distance>
     <gpxdata:speed>4.039</gpxdata:speed>
    </extensions>
   </trkpt>
   <trkpt lat="42.9682616" lon="16.7107776">
    <ele>14</ele>
    <time>2026-08-07T18:22:52Z</time>
    <extensions>
     <gpxdata:distance>2520.00</gpxdata:distance>
     <gpxdata:speed>4.000</gpxdata:speed>
    </extensions>
   </trkpt>
   <trkpt lat="42.9682651" lon="16.7107303">
    <ele>14</ele>
    <time>2026-08-07T18:22:53Z</time>
    <extensions>
     <gpxdata:distance>2524.00</gpxdata:distance>
     <gpxdata:speed>3.956</gpxdata:speed>
    </extensions>
   </trkpt>
   <trkpt lat="42.9682685" lon="16.7106835">
    <ele>14</ele>
    <time>2026-08-07T18:22:54Z</time>
    <extensions>
     <gpxdata:distance>2528.00</gpxdata:distance>
     <gpxdata:speed>3.922</gpxdata:speed>
    </extensions>
   </trkpt>
   <trkpt lat="42.9682715" lon="16.7106396">
    <ele>15</ele>
    <time>2026-08-07T18:22:55Z</time>
    <extensions>
     <gpxdata:distance>2531.50</gpxdata:distance>
     <gpxdata:speed>3.881</gpxdata:speed>
    </extensions>
   </trkpt>
   <trkpt lat="42.9682740" lon="16.7106005">
    <ele>15</ele>
    <time>2026-08-07T18:22:56Z</time>
    <extensions>
     <gpxdata:distance>2535.00</gpxdata:distance>
     <gpxdata:speed>3.558</gpxdata:speed>
    </extensions>
   </trkpt>
   <trkpt lat="42.9682767" lon="16.7105644">
    <ele>15</ele>
    <time>2026-08-07T18:22:57Z</time>
    <extensions>
     <gpxdata:distance>2537.50</gpxdata:distance>
     <gpxdata:speed>3.142</gpxdata:speed>
    </extensions>
   </trkpt>
   <trkpt lat="42.9682783" lon="16.7105438">
    <ele>16</ele>
    <time>2026-08-07T18:22:58Z</time>
    <extensions>
     <gpxdata:distance>2540.00</gpxdata:distance>
     <gpxdata:speed>2.975</gpxdata:speed>
    </extensions>
   </trkpt>
   <trkpt lat="42.9682821" lon="16.7104937">
    <ele>16</ele>
    <time>2026-08-07T18:22:59Z</time>
    <extensions>
     <gpxdata:distance>2543.50</gpxdata:distance>
     <gpxdata:speed>3.008</gpxdata:speed>
    </extensions>
   </trkpt>
   <trkpt lat="42.9682854" lon="16.7104506">
    <ele>16</ele>
    <time>2026-08-07T18:23:00Z</time>
    <extensions>
     <gpxdata:distance>2547.00</gpxdata:distance>
     <gpxdata:speed>3.183</gpxdata:speed>
    </extensions>
   </trkpt>
   <trkpt lat="42.9682892" lon="16.7104074">
    <ele>17</ele>
    <time>2026-08-07T18:23:01Z</time>
    <extensions>
     <gpxdata:distance>2550.50</gpxdata:distance>
     <gpxdata:speed>3.353</gpxdata:speed>
    </extensions>
   </trkpt>
   <trkpt lat="42.9682937" lon="16.7103639">
    <ele>17</ele>
    <time>2026-08-07T18:23:02Z</time>
    <extensions>
     <gpxdata:distance>2554.00</gpxdata:distance>
     <gpxdata:speed>3.483</gpxdata:speed>
    </extensions>
   </trkpt>
   <trkpt lat="42.9682991" lon="16.7103204">
    <ele>17</ele>
    <time>2026-08-07T18:23:03Z</time>
    <extensions>
     <gpxdata:distance>2557.50</gpxdata:distance>
     <gpxdata:speed>3.511</gpxdata:speed>
    </extensions>
   </trkpt>
   <trkpt lat="42.9683056" lon="16.7102768">
    <ele>17</ele>
    <time>2026-08-07T18:23:04Z</time>
    <extensions>
     <gpxdata:distance>2561.00</gpxdata:distance>
     <gpxdata:speed>3.533</gpxdata:speed>
    </extensions>
   </trkpt>
   <trkpt lat="42.9683130" lon="16.7102340">
    <ele>17</ele>
    <time>2026-08-07T18:23:05Z</time>
    <extensions>
     <gpxdata:distance>2564.50</gpxdata:distance>
     <gpxdata:speed>3.558</gpxdata:speed>
    </extensions>
   </trkpt>
   <trkpt lat="42.9683213" lon="16.7101927">
    <ele>18</ele>
    <time>2026-08-07T18:23:06Z</time>
    <extensions>
     <gpxdata:distance>2568.00</gpxdata:distance>
     <gpxdata:speed>3.558</gpxdata:speed>
    </extensions>
   </trkpt>
   <trkpt lat="42.9683305" lon="16.7101531">
    <ele>18</ele>
    <time>2026-08-07T18:23:07Z</time>
    <extensions>
     <gpxdata:distance>2571.50</gpxdata:distance>
     <gpxdata:speed>3.531</gpxdata:speed>
    </extensions>
   </trkpt>
   <trkpt lat="42.9683399" lon="16.7101147">
    <ele>18</ele>
    <time>2026-08-07T18:23:08Z</time>
    <extensions>
     <gpxdata:distance>2575.00</gpxdata:distance>
     <gpxdata:speed>3.472</gpxdata:speed>
    </extensions>
   </trkpt>
   <trkpt lat="42.9683489" lon="16.7100769">
    <ele>18</ele>
    <time>2026-08-07T18:23:09Z</time>
    <extensions>
     <gpxdata:distance>2578.00</gpxdata:distance>
     <gpxdata:speed>3.406</gpxdata:speed>
    </extensions>
   </trkpt>
   <trkpt lat="42.9683573" lon="16.7100395">
    <ele>19</ele>
    <time>2026-08-07T18:23:10Z</time>
    <extensions>
     <gpxdata:distance>2581.00</gpxdata:distance>
     <gpxdata:speed>3.344</gpxdata:speed>
    </extensions>
   </trkpt>
   <trkpt lat="42.9683647" lon="16.7100020">
    <ele>19</ele>
    <time>2026-08-07T18:23:11Z</time>
    <extensions>
     <gpxdata:distance>2584.50</gpxdata:distance>
     <gpxdata:speed>3.283</gpxdata:speed>
    </extensions>
   </trkpt>
   <trkpt lat="42.9683717" lon="16.7099645">
    <ele>19</ele>
    <time>2026-08-07T18:23:12Z</time>
    <extensions>
     <gpxdata:distance>2588.00</gpxdata:distance>
     <gpxdata:speed>3.236</gpxdata:speed>
    </extensions>
   </trkpt>
   <trkpt lat="42.9683790" lon="16.7099275">
    <ele>20</ele>
    <time>2026-08-07T18:23:13Z</time>
    <extensions>
     <gpxdata:distance>2591.00</gpxdata:distance>
     <gpxdata:speed>3.206</gpxdata:speed>
    </extensions>
   </trkpt>
   <trkpt lat="42.9683866" lon="16.7098917">
    <ele>20</ele>
    <time>2026-08-07T18:23:14Z</time>
    <extensions>
     <gpxdata:distance>2594.00</gpxdata:distance>
     <gpxdata:speed>3.169</gpxdata:speed>
    </extensions>
   </trkpt>
   <trkpt lat="42.9683945" lon="16.7098567">
    <ele>20</ele>
    <time>2026-08-07T18:23:15Z</time>
    <extensions>
     <gpxdata:distance>2597.00</gpxdata:distance>
     <gpxdata:speed>3.100</gpxdata:speed>
    </extensions>
   </trkpt>
   <trkpt lat="42.9684033" lon="16.7098220">
    <ele>20</ele>
    <time>2026-08-07T18:23:16Z</time>
    <extensions>
     <gpxdata:distance>2600.00</gpxdata:distance>
     <gpxdata:speed>3.047</gpxdata:speed>
    </extensions>
   </trkpt>
   <trkpt lat="42.9684130" lon="16.7097877">
    <ele>21</ele>
    <time>2026-08-07T18:23:17Z</time>
    <extensions>
     <gpxdata:distance>2603.00</gpxdata:distance>
     <gpxdata:speed>3.031</gpxdata:speed>
    </extensions>
   </trkpt>
   <trkpt lat="42.9684228" lon="16.7097536">
    <ele>21</ele>
    <time>2026-08-07T18:23:18Z</time>
    <extensions>
     <gpxdata:distance>2606.00</gpxdata:distance>
     <gpxdata:speed>3.014</gpxdata:speed>
    </extensions>
   </trkpt>
   <trkpt lat="42.9684310" lon="16.7097194">
    <ele>21</ele>
    <time>2026-08-07T18:23:19Z</time>
    <extensions>
     <gpxdata:distance>2609.00</gpxdata:distance>
     <gpxdata:speed>3.000</gpxdata:speed>
    </extensions>
   </trkpt>
   <trkpt lat="42.9684344" lon="16.7097001">
    <ele>21</ele>
    <time>2026-08-07T18:23:20Z</time>
    <extensions>
     <gpxdata:distance>2612.00</gpxdata:distance>
     <gpxdata:speed>2.967</gpxdata:speed>
    </extensions>
   </trkpt>
   <trkpt lat="42.9684380" lon="16.7096735">
    <ele>22</ele>
    <time>2026-08-07T18:23:21Z</time>
    <extensions>
     <gpxdata:distance>2614.50</gpxdata:distance>
     <gpxdata:speed>2.908</gpxdata:speed>
    </extensions>
   </trkpt>
   <trkpt lat="42.9684414" lon="16.7096435">
    <ele>22</ele>
    <time>2026-08-07T18:23:22Z</time>
    <extensions>
     <gpxdata:distance>2617.00</gpxdata:distance>
     <gpxdata:speed>2.844</gpxdata:speed>
    </extensions>
   </trkpt>
   <trkpt lat="42.9684441" lon="16.7096116">
    <ele>22</ele>
    <time>2026-08-07T18:23:23Z</time>
    <extensions>
     <gpxdata:distance>2619.50</gpxdata:distance>
     <gpxdata:speed>2.792</gpxdata:speed>
    </extensions>
   </trkpt>
   <trkpt lat="42.9684456" lon="16.7095789">
    <ele>23</ele>
    <time>2026-08-07T18:23:24Z</time>
    <extensions>
     <gpxdata:distance>2622.00</gpxdata:distance>
     <gpxdata:speed>2.764</gpxdata:speed>
    </extensions>
   </trkpt>
   <trkpt lat="42.9684447" lon="16.7095465">
    <ele>23</ele>
    <time>2026-08-07T18:23:25Z</time>
    <extensions>
     <gpxdata:distance>2625.00</gpxdata:distance>
     <gpxdata:speed>2.744</gpxdata:speed>
    </extensions>
   </trkpt>
   <trkpt lat="42.9684405" lon="16.7095152">
    <ele>23</ele>
    <time>2026-08-07T18:23:26Z</time>
    <extensions>
     <gpxdata:distance>2628.00</gpxdata:distance>
     <gpxdata:speed>2.714</gpxdata:speed>
    </extensions>
   </trkpt>
   <trkpt lat="42.9684322" lon="16.7094856">
    <ele>24</ele>
    <time>2026-08-07T18:23:27Z</time>
    <extensions>
     <gpxdata:distance>2630.50</gpxdata:distance>
     <gpxdata:speed>2.689</gpxdata:speed>
    </extensions>
   </trkpt>
   <trkpt lat="42.9684202" lon="16.7094575">
    <ele>24</ele>
    <time>2026-08-07T18:23:28Z</time>
    <extensions>
     <gpxdata:distance>2633.00</gpxdata:distance>
     <gpxdata:speed>2.694</gpxdata:speed>
    </extensions>
   </trkpt>
   <trkpt lat="42.9684048" lon="16.7094308">
    <ele>24</ele>
    <time>2026-08-07T18:23:29Z</time>
    <extensions>
     <gpxdata:distance>2636.00</gpxdata:distance>
     <gpxdata:speed>2.742</gpxdata:speed>
    </extensions>
   </trkpt>
   <trkpt lat="42.9683868" lon="16.7094050">
    <ele>24</ele>
    <time>2026-08-07T18:23:30Z</time>
    <extensions>
     <gpxdata:distance>2639.00</gpxdata:distance>
     <gpxdata:speed>2.819</gpxdata:speed>
    </extensions>
   </trkpt>
   <trkpt lat="42.9683669" lon="16.7093803">
    <ele>24</ele>
    <time>2026-08-07T18:23:31Z</time>
    <extensions>
     <gpxdata:distance>2642.00</gpxdata:distance>
     <gpxdata:speed>2.917</gpxdata:speed>
    </extensions>
   </trkpt>
   <trkpt lat="42.9683455" lon="16.7093560">
    <ele>25</ele>
    <time>2026-08-07T18:23:32Z</time>
    <extensions>
     <gpxdata:distance>2645.00</gpxdata:distance>
     <gpxdata:speed>2.983</gpxdata:speed>
    </extensions>
   </trkpt>
   <trkpt lat="42.9683094" lon="16.7093161">
    <ele>25</ele>
    <time>2026-08-07T18:23:33Z</time>
    <extensions>
     <gpxdata:distance>2648.00</gpxdata:distance>
     <gpxdata:speed>3.069</gpxdata:speed>
    </extensions>
   </trkpt>
   <trkpt lat="42.9682841" lon="16.7092873">
    <ele>25</ele>
    <time>2026-08-07T18:23:34Z</time>
    <extensions>
     <gpxdata:distance>2651.00</gpxdata:distance>
     <gpxdata:speed>3.139</gpxdata:speed>
    </extensions>
   </trkpt>
   <trkpt lat="42.9682609" lon="16.7092599">
    <ele>25</ele>
    <time>2026-08-07T18:23:35Z</time>
    <extensions>
     <gpxdata:distance>2654.50</gpxdata:distance>
     <gpxdata:speed>3.203</gpxdata:speed>
    </extensions>
   </trkpt>
   <trkpt lat="42.9682383" lon="16.7092323">
    <ele>25</ele>
    <time>2026-08-07T18:23:36Z</time>
    <extensions>
     <gpxdata:distance>2658.00</gpxdata:distance>
     <gpxdata:speed>3.250</gpxdata:speed>
    </extensions>
   </trkpt>
   <trkpt lat="42.9682151" lon="16.7092042">
    <ele>25</ele>
    <time>2026-08-07T18:23:37Z</time>
    <extensions>
     <gpxdata:distance>2661.50</gpxdata:distance>
     <gpxdata:speed>3.300</gpxdata:speed>
    </extensions>
   </trkpt>
   <trkpt lat="42.9681913" lon="16.7091760">
    <ele>25</ele>
    <time>2026-08-07T18:23:38Z</time>
    <extensions>
     <gpxdata:distance>2665.00</gpxdata:distance>
     <gpxdata:speed>3.367</gpxdata:speed>
    </extensions>
   </trkpt>
   <trkpt lat="42.9681676" lon="16.7091475">
    <ele>25</ele>
    <time>2026-08-07T18:23:39Z</time>
    <extensions>
     <gpxdata:distance>2668.50</gpxdata:distance>
     <gpxdata:speed>3.419</gpxdata:speed>
    </extensions>
   </trkpt>
   <trkpt lat="42.9681441" lon="16.7091190">
    <ele>25</ele>
    <time>2026-08-07T18:23:40Z</time>
    <extensions>
     <gpxdata:distance>2672.00</gpxdata:distance>
     <gpxdata:speed>3.456</gpxdata:speed>
    </extensions>
   </trkpt>
   <trkpt lat="42.9681203" lon="16.7090912">
    <ele>26</ele>
    <time>2026-08-07T18:23:41Z</time>
    <extensions>
     <gpxdata:distance>2675.50</gpxdata:distance>
     <gpxdata:speed>3.467</gpxdata:speed>
    </extensions>
   </trkpt>
   <trkpt lat="42.9680967" lon="16.7090641">
    <ele>26</ele>
    <time>2026-08-07T18:23:42Z</time>
    <extensions>
     <gpxdata:distance>2679.00</gpxdata:distance>
     <gpxdata:speed>3.475</gpxdata:speed>
    </extensions>
   </trkpt>
   <trkpt lat="42.9680734" lon="16.7090383">
    <ele>26</ele>
    <time>2026-08-07T18:23:43Z</time>
    <extensions>
     <gpxdata:distance>2682.50</gpxdata:distance>
     <gpxdata:speed>3.453</gpxdata:speed>
    </extensions>
   </trkpt>
   <trkpt lat="42.9680512" lon="16.7090129">
    <ele>26</ele>
    <time>2026-08-07T18:23:44Z</time>
    <extensions>
     <gpxdata:distance>2686.00</gpxdata:distance>
     <gpxdata:speed>3.397</gpxdata:speed>
    </extensions>
   </trkpt>
   <trkpt lat="42.9680307" lon="16.7089866">
    <ele>26</ele>
    <time>2026-08-07T18:23:45Z</time>
    <extensions>
     <gpxdata:distance>2689.00</gpxdata:distance>
     <gpxdata:speed>3.322</gpxdata:speed>
    </extensions>
   </trkpt>
   <trkpt lat="42.9680108" lon="16.7089593">
    <ele>26</ele>
    <time>2026-08-07T18:23:46Z</time>
    <extensions>
     <gpxdata:distance>2692.00</gpxdata:distance>
     <gpxdata:speed>3.253</gpxdata:speed>
    </extensions>
   </trkpt>
   <trkpt lat="42.9679906" lon="16.7089316">
    <ele>26</ele>
    <time>2026-08-07T18:23:47Z</time>
    <extensions>
     <gpxdata:distance>2695.00</gpxdata:distance>
     <gpxdata:speed>3.222</gpxdata:speed>
    </extensions>
   </trkpt>
   <trkpt lat="42.9679702" lon="16.7089039">
    <ele>27</ele>
    <time>2026-08-07T18:23:48Z</time>
    <extensions>
     <gpxdata:distance>2698.00</gpxdata:distance>
     <gpxdata:speed>3.217</gpxdata:speed>
    </extensions>
   </trkpt>
   <trkpt lat="42.9679493" lon="16.7088757">
    <ele>27</ele>
    <time>2026-08-07T18:23:49Z</time>
    <extensions>
     <gpxdata:distance>2701.50</gpxdata:distance>
     <gpxdata:speed>3.217</gpxdata:speed>
    </extensions>
   </trkpt>
   <trkpt lat="42.9679277" lon="16.7088475">
    <ele>27</ele>
    <time>2026-08-07T18:23:50Z</time>
    <extensions>
     <gpxdata:distance>2705.00</gpxdata:distance>
     <gpxdata:speed>3.244</gpxdata:speed>
    </extensions>
   </trkpt>
   <trkpt lat="42.9679054" lon="16.7088207">
    <ele>27</ele>
    <time>2026-08-07T18:23:51Z</time>
    <extensions>
     <gpxdata:distance>2708.50</gpxdata:distance>
     <gpxdata:speed>3.278</gpxdata:speed>
    </extensions>
   </trkpt>
   <trkpt lat="42.9678831" lon="16.7087948">
    <ele>27</ele>
    <time>2026-08-07T18:23:52Z</time>
    <extensions>
     <gpxdata:distance>2712.00</gpxdata:distance>
     <gpxdata:speed>3.283</gpxdata:speed>
    </extensions>
   </trkpt>
   <trkpt lat="42.9678615" lon="16.7087689">
    <ele>28</ele>
    <time>2026-08-07T18:23:53Z</time>
    <extensions>
     <gpxdata:distance>2715.00</gpxdata:distance>
     <gpxdata:speed>3.264</gpxdata:speed>
    </extensions>
   </trkpt>
   <trkpt lat="42.9678402" lon="16.7087427">
    <ele>28</ele>
    <time>2026-08-07T18:23:54Z</time>
    <extensions>
     <gpxdata:distance>2718.00</gpxdata:distance>
     <gpxdata:speed>3.236</gpxdata:speed>
    </extensions>
   </trkpt>
   <trkpt lat="42.9678190" lon="16.7087164">
    <ele>28</ele>
    <time>2026-08-07T18:23:55Z</time>
    <extensions>
     <gpxdata:distance>2721.00</gpxdata:distance>
     <gpxdata:speed>3.219</gpxdata:speed>
    </extensions>
   </trkpt>
   <trkpt lat="42.9677973" lon="16.7086904">
    <ele>28</ele>
    <time>2026-08-07T18:23:56Z</time>
    <extensions>
     <gpxdata:distance>2724.00</gpxdata:distance>
     <gpxdata:speed>3.208</gpxdata:speed>
    </extensions>
   </trkpt>
   <trkpt lat="42.9677753" lon="16.7086644">
    <ele>28</ele>
    <time>2026-08-07T18:23:57Z</time>
    <extensions>
     <gpxdata:distance>2727.50</gpxdata:distance>
     <gpxdata:speed>3.217</gpxdata:speed>
    </extensions>
   </trkpt>
   <trkpt lat="42.9677535" lon="16.7086376">
    <ele>29</ele>
    <time>2026-08-07T18:23:58Z</time>
    <extensions>
     <gpxdata:distance>2731.00</gpxdata:distance>
     <gpxdata:speed>3.228</gpxdata:speed>
    </extensions>
   </trkpt>
   <trkpt lat="42.9677313" lon="16.7086105">
    <ele>29</ele>
    <time>2026-08-07T18:23:59Z</time>
    <extensions>
     <gpxdata:distance>2734.00</gpxdata:distance>
     <gpxdata:speed>3.244</gpxdata:speed>
    </extensions>
   </trkpt>
   <trkpt lat="42.9677089" lon="16.7085839">
    <ele>29</ele>
    <time>2026-08-07T18:24:00Z</time>
    <extensions>
     <gpxdata:distance>2737.00</gpxdata:distance>
     <gpxdata:speed>3.272</gpxdata:speed>
    </extensions>
   </trkpt>
   <trkpt lat="42.9676864" lon="16.7085584">
    <ele>29</ele>
    <time>2026-08-07T18:24:01Z</time>
    <extensions>
     <gpxdata:distance>2740.50</gpxdata:distance>
     <gpxdata:speed>3.283</gpxdata:speed>
    </extensions>
   </trkpt>
   <trkpt lat="42.9676639" lon="16.7085348">
    <ele>30</ele>
    <time>2026-08-07T18:24:02Z</time>
    <extensions>
     <gpxdata:distance>2744.00</gpxdata:distance>
     <gpxdata:speed>3.258</gpxdata:speed>
    </extensions>
   </trkpt>
   <trkpt lat="42.9676400" lon="16.7085125">
    <ele>30</ele>
    <time>2026-08-07T18:24:03Z</time>
    <extensions>
     <gpxdata:distance>2747.00</gpxdata:distance>
     <gpxdata:speed>3.217</gpxdata:speed>
    </extensions>
   </trkpt>
   <trkpt lat="42.9676152" lon="16.7084918">
    <ele>30</ele>
    <time>2026-08-07T18:24:04Z</time>
    <extensions>
     <gpxdata:distance>2750.00</gpxdata:distance>
     <gpxdata:speed>3.233</gpxdata:speed>
    </extensions>
   </trkpt>
   <trkpt lat="42.9675893" lon="16.7084726">
    <ele>30</ele>
    <time>2026-08-07T18:24:05Z</time>
    <extensions>
     <gpxdata:distance>2753.50</gpxdata:distance>
     <gpxdata:speed>3.239</gpxdata:speed>
    </extensions>
   </trkpt>
   <trkpt lat="42.9675622" lon="16.7084542">
    <ele>30</ele>
    <time>2026-08-07T18:24:06Z</time>
    <extensions>
     <gpxdata:distance>2757.00</gpxdata:distance>
     <gpxdata:speed>3.258</gpxdata:speed>
    </extensions>
   </trkpt>
   <trkpt lat="42.9675341" lon="16.7084348">
    <ele>30</ele>
    <time>2026-08-07T18:24:07Z</time>
    <extensions>
     <gpxdata:distance>2760.50</gpxdata:distance>
     <gpxdata:speed>3.311</gpxdata:speed>
    </extensions>
   </trkpt>
   <trkpt lat="42.9675060" lon="16.7084143">
    <ele>31</ele>
    <time>2026-08-07T18:24:08Z</time>
    <extensions>
     <gpxdata:distance>2764.00</gpxdata:distance>
     <gpxdata:speed>3.397</gpxdata:speed>
    </extensions>
   </trkpt>
   <trkpt lat="42.9674780" lon="16.7083940">
    <ele>31</ele>
    <time>2026-08-07T18:24:09Z</time>
    <extensions>
     <gpxdata:distance>2767.50</gpxdata:distance>
     <gpxdata:speed>3.453</gpxdata:speed>
    </extensions>
   </trkpt>
   <trkpt lat="42.9674503" lon="16.7083742">
    <ele>31</ele>
    <time>2026-08-07T18:24:10Z</time>
    <extensions>
     <gpxdata:distance>2771.00</gpxdata:distance>
     <gpxdata:speed>3.469</gpxdata:speed>
    </extensions>
   </trkpt>
   <trkpt lat="42.9674233" lon="16.7083544">
    <ele>31</ele>
    <time>2026-08-07T18:24:11Z</time>
    <extensions>
     <gpxdata:distance>2774.50</gpxdata:distance>
     <gpxdata:speed>3.464</gpxdata:speed>
    </extensions>
   </trkpt>
   <trkpt lat="42.9673973" lon="16.7083341">
    <ele>31</ele>
    <time>2026-08-07T18:24:12Z</time>
    <extensions>
     <gpxdata:distance>2778.00</gpxdata:distance>
     <gpxdata:speed>3.436</gpxdata:speed>
    </extensions>
   </trkpt>
   <trkpt lat="42.9673723" lon="16.7083123">
    <ele>32</ele>
    <time>2026-08-07T18:24:13Z</time>
    <extensions>
     <gpxdata:distance>2781.00</gpxdata:distance>
     <gpxdata:speed>3.397</gpxdata:speed>
    </extensions>
   </trkpt>
   <trkpt lat="42.9673483" lon="16.7082900">
    <ele>32</ele>
    <time>2026-08-07T18:24:14Z</time>
    <extensions>
     <gpxdata:distance>2784.00</gpxdata:distance>
     <gpxdata:speed>3.358</gpxdata:speed>
    </extensions>
   </trkpt>
   <trkpt lat="42.9673245" lon="16.7082688">
    <ele>32</ele>
    <time>2026-08-07T18:24:15Z</time>
    <extensions>
     <gpxdata:distance>2787.50</gpxdata:distance>
     <gpxdata:speed>3.308</gpxdata:speed>
    </extensions>
   </trkpt>
   <trkpt lat="42.9672999" lon="16.7082493">
    <ele>32</ele>
    <time>2026-08-07T18:24:16Z</time>
    <extensions>
     <gpxdata:distance>2791.00</gpxdata:distance>
     <gpxdata:speed>3.253</gpxdata:speed>
    </extensions>
   </trkpt>
   <trkpt lat="42.9672750" lon="16.7082303">
    <ele>32</ele>
    <time>2026-08-07T18:24:17Z</time>
    <extensions>
     <gpxdata:distance>2794.00</gpxdata:distance>
     <gpxdata:speed>3.231</gpxdata:speed>
    </extensions>
   </trkpt>
   <trkpt lat="42.9672502" lon="16.7082115">
    <ele>33</ele>
    <time>2026-08-07T18:24:18Z</time>
    <extensions>
     <gpxdata:distance>2797.00</gpxdata:distance>
     <gpxdata:speed>3.211</gpxdata:speed>
    </extensions>
   </trkpt>
   <trkpt lat="42.9672256" lon="16.7081930">
    <ele>33</ele>
    <time>2026-08-07T18:24:19Z</time>
    <extensions>
     <gpxdata:distance>2800.00</gpxdata:distance>
     <gpxdata:speed>3.194</gpxdata:speed>
    </extensions>
   </trkpt>
   <trkpt lat="42.9672017" lon="16.7081740">
    <ele>33</ele>
    <time>2026-08-07T18:24:20Z</time>
    <extensions>
     <gpxdata:distance>2803.00</gpxdata:distance>
     <gpxdata:speed>3.161</gpxdata:speed>
    </extensions>
   </trkpt>
   <trkpt lat="42.9671790" lon="16.7081544">
    <ele>34</ele>
    <time>2026-08-07T18:24:21Z</time>
    <extensions>
     <gpxdata:distance>2806.00</gpxdata:distance>
     <gpxdata:speed>3.122</gpxdata:speed>
    </extensions>
   </trkpt>
   <trkpt lat="42.9671562" lon="16.7081355">
    <ele>34</ele>
    <time>2026-08-07T18:24:22Z</time>
    <extensions>
     <gpxdata:distance>2809.00</gpxdata:distance>
     <gpxdata:speed>3.069</gpxdata:speed>
    </extensions>
   </trkpt>
   <trkpt lat="42.9671314" lon="16.7081193">
    <ele>34</ele>
    <time>2026-08-07T18:24:23Z</time>
    <extensions>
     <gpxdata:distance>2812.00</gpxdata:distance>
     <gpxdata:speed>3.033</gpxdata:speed>
    </extensions>
   </trkpt>
   <trkpt lat="42.9671057" lon="16.7081047">
    <ele>34</ele>
    <time>2026-08-07T18:24:24Z</time>
    <extensions>
     <gpxdata:distance>2815.00</gpxdata:distance>
     <gpxdata:speed>3.072</gpxdata:speed>
    </extensions>
   </trkpt>
   <trkpt lat="42.9670796" lon="16.7080901">
    <ele>34</ele>
    <time>2026-08-07T18:24:25Z</time>
    <extensions>
     <gpxdata:distance>2818.50</gpxdata:distance>
     <gpxdata:speed>3.089</gpxdata:speed>
    </extensions>
   </trkpt>
   <trkpt lat="42.9670544" lon="16.7080741">
    <ele>34</ele>
    <time>2026-08-07T18:24:26Z</time>
    <extensions>
     <gpxdata:distance>2822.00</gpxdata:distance>
     <gpxdata:speed>3.111</gpxdata:speed>
    </extensions>
   </trkpt>
   <trkpt lat="42.9670301" lon="16.7080556">
    <ele>35</ele>
    <time>2026-08-07T18:24:27Z</time>
    <extensions>
     <gpxdata:distance>2825.00</gpxdata:distance>
     <gpxdata:speed>3.094</gpxdata:speed>
    </extensions>
   </trkpt>
   <trkpt lat="42.9670060" lon="16.7080357">
    <ele>35</ele>
    <time>2026-08-07T18:24:28Z</time>
    <extensions>
     <gpxdata:distance>2828.00</gpxdata:distance>
     <gpxdata:speed>3.103</gpxdata:speed>
    </extensions>
   </trkpt>
   <trkpt lat="42.9669822" lon="16.7080138">
    <ele>35</ele>
    <time>2026-08-07T18:24:29Z</time>
    <extensions>
     <gpxdata:distance>2831.00</gpxdata:distance>
     <gpxdata:speed>3.122</gpxdata:speed>
    </extensions>
   </trkpt>
   <trkpt lat="42.9669581" lon="16.7079904">
    <ele>36</ele>
    <time>2026-08-07T18:24:30Z</time>
    <extensions>
     <gpxdata:distance>2834.00</gpxdata:distance>
     <gpxdata:speed>3.153</gpxdata:speed>
    </extensions>
   </trkpt>
   <trkpt lat="42.9669336" lon="16.7079665">
    <ele>36</ele>
    <time>2026-08-07T18:24:31Z</time>
    <extensions>
     <gpxdata:distance>2837.50</gpxdata:distance>
     <gpxdata:speed>3.219</gpxdata:speed>
    </extensions>
   </trkpt>
   <trkpt lat="42.9669094" lon="16.7079432">
    <ele>36</ele>
    <time>2026-08-07T18:24:32Z</time>
    <extensions>
     <gpxdata:distance>2841.00</gpxdata:distance>
     <gpxdata:speed>3.269</gpxdata:speed>
    </extensions>
   </trkpt>
   <trkpt lat="42.9668867" lon="16.7079204">
    <ele>36</ele>
    <time>2026-08-07T18:24:33Z</time>
    <extensions>
     <gpxdata:distance>2844.00</gpxdata:distance>
     <gpxdata:speed>3.264</gpxdata:speed>
    </extensions>
   </trkpt>
   <trkpt lat="42.9668651" lon="16.7078980">
    <ele>36</ele>
    <time>2026-08-07T18:24:34Z</time>
    <extensions>
     <gpxdata:distance>2847.00</gpxdata:distance>
     <gpxdata:speed>3.194</gpxdata:speed>
    </extensions>
   </trkpt>
   <trkpt lat="42.9668451" lon="16.7078752">
    <ele>37</ele>
    <time>2026-08-07T18:24:35Z</time>
    <extensions>
     <gpxdata:distance>2850.00</gpxdata:distance>
     <gpxdata:speed>3.117</gpxdata:speed>
    </extensions>
   </trkpt>
   <trkpt lat="42.9668276" lon="16.7078508">
    <ele>37</ele>
    <time>2026-08-07T18:24:36Z</time>
    <extensions>
     <gpxdata:distance>2853.00</gpxdata:distance>
     <gpxdata:speed>3.025</gpxdata:speed>
    </extensions>
   </trkpt>
   <trkpt lat="42.9668187" lon="16.7078360">
    <ele>37</ele>
    <time>2026-08-07T18:24:37Z</time>
    <extensions>
     <gpxdata:distance>2855.50</gpxdata:distance>
     <gpxdata:speed>2.939</gpxdata:speed>
    </extensions>
   </trkpt>
   <trkpt lat="42.9668072" lon="16.7078153">
    <ele>37</ele>
    <time>2026-08-07T18:24:38Z</time>
    <extensions>
     <gpxdata:distance>2858.00</gpxdata:distance>
     <gpxdata:speed>2.864</gpxdata:speed>
    </extensions>
   </trkpt>
   <trkpt lat="42.9667945" lon="16.7077911">
    <ele>38</ele>
    <time>2026-08-07T18:24:39Z</time>
    <extensions>
     <gpxdata:distance>2860.50</gpxdata:distance>
     <gpxdata:speed>2.783</gpxdata:speed>
    </extensions>
   </trkpt>
   <trkpt lat="42.9667813" lon="16.7077643">
    <ele>38</ele>
    <time>2026-08-07T18:24:40Z</time>
    <extensions>
     <gpxdata:distance>2863.00</gpxdata:distance>
     <gpxdata:speed>2.744</gpxdata:speed>
    </extensions>
   </trkpt>
   <trkpt lat="42.9667692" lon="16.7077353">
    <ele>38</ele>
    <time>2026-08-07T18:24:41Z</time>
    <extensions>
     <gpxdata:distance>2866.00</gpxdata:distance>
     <gpxdata:speed>2.764</gpxdata:speed>
    </extensions>
   </trkpt>
   <trkpt lat="42.9667596" lon="16.7077040">
    <ele>38</ele>
    <time>2026-08-07T18:24:42Z</time>
    <extensions>
     <gpxdata:distance>2869.00</gpxdata:distance>
     <gpxdata:speed>2.786</gpxdata:speed>
    </extensions>
   </trkpt>
   <trkpt lat="42.9667535" lon="16.7076702">
    <ele>38</ele>
    <time>2026-08-07T18:24:43Z</time>
    <extensions>
     <gpxdata:distance>2872.00</gpxdata:distance>
     <gpxdata:speed>2.822</gpxdata:speed>
    </extensions>
   </trkpt>
   <trkpt lat="42.9667519" lon="16.7076338">
    <ele>38</ele>
    <time>2026-08-07T18:24:44Z</time>
    <extensions>
     <gpxdata:distance>2875.00</gpxdata:distance>
     <gpxdata:speed>2.886</gpxdata:speed>
    </extensions>
   </trkpt>
   <trkpt lat="42.9667564" lon="16.7075709">
    <ele>38</ele>
    <time>2026-08-07T18:24:45Z</time>
    <extensions>
     <gpxdata:distance>2878.50</gpxdata:distance>
     <gpxdata:speed>3.014</gpxdata:speed>
    </extensions>
   </trkpt>
   <trkpt lat="42.9667662" lon="16.7075254">
    <ele>38</ele>
    <time>2026-08-07T18:24:46Z</time>
    <extensions>
     <gpxdata:distance>2882.00</gpxdata:distance>
     <gpxdata:speed>3.181</gpxdata:speed>
    </extensions>
   </trkpt>
   <trkpt lat="42.9667817" lon="16.7074836">
    <ele>39</ele>
    <time>2026-08-07T18:24:47Z</time>
    <extensions>
     <gpxdata:distance>2885.50</gpxdata:distance>
     <gpxdata:speed>3.356</gpxdata:speed>
    </extensions>
   </trkpt>
   <trkpt lat="42.9668022" lon="16.7074449">
    <ele>39</ele>
    <time>2026-08-07T18:24:48Z</time>
    <extensions>
     <gpxdata:distance>2889.00</gpxdata:distance>
     <gpxdata:speed>3.553</gpxdata:speed>
    </extensions>
   </trkpt>
   <trkpt lat="42.9668265" lon="16.7074096">
    <ele>39</ele>
    <time>2026-08-07T18:24:49Z</time>
    <extensions>
     <gpxdata:distance>2893.00</gpxdata:distance>
     <gpxdata:speed>3.706</gpxdata:speed>
    </extensions>
   </trkpt>
   <trkpt lat="42.9668529" lon="16.7073775">
    <ele>39</ele>
    <time>2026-08-07T18:24:50Z</time>
    <extensions>
     <gpxdata:distance>2897.00</gpxdata:distance>
     <gpxdata:speed>3.800</gpxdata:speed>
    </extensions>
   </trkpt>
   <trkpt lat="42.9668805" lon="16.7073485">
    <ele>39</ele>
    <time>2026-08-07T18:24:51Z</time>
    <extensions>
     <gpxdata:distance>2901.00</gpxdata:distance>
     <gpxdata:speed>3.847</gpxdata:speed>
    </extensions>
   </trkpt>
   <trkpt lat="42.9669092" lon="16.7073219">
    <ele>39</ele>
    <time>2026-08-07T18:24:52Z</time>
    <extensions>
     <gpxdata:distance>2905.00</gpxdata:distance>
     <gpxdata:speed>3.850</gpxdata:speed>
    </extensions>
   </trkpt>
   <trkpt lat="42.9669386" lon="16.7072971">
    <ele>39</ele>
    <time>2026-08-07T18:24:53Z</time>
    <extensions>
     <gpxdata:distance>2909.00</gpxdata:distance>
     <gpxdata:speed>3.872</gpxdata:speed>
    </extensions>
   </trkpt>
   <trkpt lat="42.9669688" lon="16.7072733">
    <ele>39</ele>
    <time>2026-08-07T18:24:54Z</time>
    <extensions>
     <gpxdata:distance>2913.00</gpxdata:distance>
     <gpxdata:speed>3.875</gpxdata:speed>
    </extensions>
   </trkpt>
   <trkpt lat="42.9669996" lon="16.7072499">
    <ele>40</ele>
    <time>2026-08-07T18:24:55Z</time>
    <extensions>
     <gpxdata:distance>2917.00</gpxdata:distance>
     <gpxdata:speed>3.894</gpxdata:speed>
    </extensions>
   </trkpt>
   <trkpt lat="42.9670310" lon="16.7072277">
    <ele>40</ele>
    <time>2026-08-07T18:24:56Z</time>
    <extensions>
     <gpxdata:distance>2921.00</gpxdata:distance>
     <gpxdata:speed>3.919</gpxdata:speed>
    </extensions>
   </trkpt>
   <trkpt lat="42.9670621" lon="16.7072069">
    <ele>40</ele>
    <time>2026-08-07T18:24:57Z</time>
    <extensions>
     <gpxdata:distance>2924.50</gpxdata:distance>
     <gpxdata:speed>3.928</gpxdata:speed>
    </extensions>
   </trkpt>
   <trkpt lat="42.9670928" lon="16.7071872">
    <ele>40</ele>
    <time>2026-08-07T18:24:58Z</time>
    <extensions>
     <gpxdata:distance>2928.00</gpxdata:distance>
     <gpxdata:speed>3.883</gpxdata:speed>
    </extensions>
   </trkpt>
   <trkpt lat="42.9671235" lon="16.7071676">
    <ele>40</ele>
    <time>2026-08-07T18:24:59Z</time>
    <extensions>
     <gpxdata:distance>2932.00</gpxdata:distance>
     <gpxdata:speed>3.833</gpxdata:speed>
    </extensions>
   </trkpt>
   <trkpt lat="42.9671545" lon="16.7071483">
    <ele>40</ele>
    <time>2026-08-07T18:25:00Z</time>
    <extensions>
     <gpxdata:distance>2936.00</gpxdata:distance>
     <gpxdata:speed>3.817</gpxdata:speed>
    </extensions>
   </trkpt>
   <trkpt lat="42.9671853" lon="16.7071296">
    <ele>41</ele>
    <time>2026-08-07T18:25:01Z</time>
    <extensions>
     <gpxdata:distance>2939.50</gpxdata:distance>
     <gpxdata:speed>3.808</gpxdata:speed>
    </extensions>
   </trkpt>
   <trkpt lat="42.9672162" lon="16.7071118">
    <ele>41</ele>
    <time>2026-08-07T18:25:02Z</time>
    <extensions>
     <gpxdata:distance>2943.00</gpxdata:distance>
     <gpxdata:speed>3.786</gpxdata:speed>
    </extensions>
   </trkpt>
   <trkpt lat="42.9672473" lon="16.7070963">
    <ele>41</ele>
    <time>2026-08-07T18:25:03Z</time>
    <extensions>
     <gpxdata:distance>2947.00</gpxdata:distance>
     <gpxdata:speed>3.761</gpxdata:speed>
    </extensions>
   </trkpt>
   <trkpt lat="42.9672777" lon="16.7070840">
    <ele>42</ele>
    <time>2026-08-07T18:25:04Z</time>
    <extensions>
     <gpxdata:distance>2951.00</gpxdata:distance>
     <gpxdata:speed>3.728</gpxdata:speed>
    </extensions>
   </trkpt>
   <trkpt lat="42.9673064" lon="16.7070750">
    <ele>42</ele>
    <time>2026-08-07T18:25:05Z</time>
    <extensions>
     <gpxdata:distance>2954.00</gpxdata:distance>
     <gpxdata:speed>3.639</gpxdata:speed>
    </extensions>
   </trkpt>
   <trkpt lat="42.9673330" lon="16.7070681">
    <ele>42</ele>
    <time>2026-08-07T18:25:06Z</time>
    <extensions>
     <gpxdata:distance>2957.00</gpxdata:distance>
     <gpxdata:speed>3.275</gpxdata:speed>
    </extensions>
   </trkpt>
   <trkpt lat="42.9673469" lon="16.7070645">
    <ele>42</ele>
    <time>2026-08-07T18:25:07Z</time>
    <extensions>
     <gpxdata:distance>2959.50</gpxdata:distance>
     <gpxdata:speed>2.992</gpxdata:speed>
    </extensions>
   </trkpt>
   <trkpt lat="42.9673653" lon="16.7070590">
    <ele>42</ele>
    <time>2026-08-07T18:25:08Z</time>
    <extensions>
     <gpxdata:distance>2962.00</gpxdata:distance>
     <gpxdata:speed>2.756</gpxdata:speed>
    </extensions>
   </trkpt>
   <trkpt lat="42.9673865" lon="16.7070522">
    <ele>43</ele>
    <time>2026-08-07T18:25:09Z</time>
    <extensions>
     <gpxdata:distance>2964.50</gpxdata:distance>
     <gpxdata:speed>2.669</gpxdata:speed>
    </extensions>
   </trkpt>
   <trkpt lat="42.9674095" lon="16.7070444">
    <ele>43</ele>
    <time>2026-08-07T18:25:10Z</time>
    <extensions>
     <gpxdata:distance>2967.00</gpxdata:distance>
     <gpxdata:speed>2.722</gpxdata:speed>
    </extensions>
   </trkpt>
   <trkpt lat="42.9674337" lon="16.7070360">
    <ele>43</ele>
    <time>2026-08-07T18:25:11Z</time>
    <extensions>
     <gpxdata:distance>2970.00</gpxdata:distance>
     <gpxdata:speed>2.811</gpxdata:speed>
    </extensions>
   </trkpt>
   <trkpt lat="42.9674579" lon="16.7070260">
    <ele>43</ele>
    <time>2026-08-07T18:25:12Z</time>
    <extensions>
     <gpxdata:distance>2973.00</gpxdata:distance>
     <gpxdata:speed>2.883</gpxdata:speed>
    </extensions>
   </trkpt>
   <trkpt lat="42.9674813" lon="16.7070125">
    <ele>44</ele>
    <time>2026-08-07T18:25:13Z</time>
    <extensions>
     <gpxdata:distance>2976.00</gpxdata:distance>
     <gpxdata:speed>2.856</gpxdata:speed>
    </extensions>
   </trkpt>
   <trkpt lat="42.9675032" lon="16.7069936">
    <ele>44</ele>
    <time>2026-08-07T18:25:14Z</time>
    <extensions>
     <gpxdata:distance>2979.00</gpxdata:distance>
     <gpxdata:speed>2.861</gpxdata:speed>
    </extensions>
   </trkpt>
   <trkpt lat="42.9675235" lon="16.7069693">
    <ele>44</ele>
    <time>2026-08-07T18:25:15Z</time>
    <extensions>
     <gpxdata:distance>2982.00</gpxdata:distance>
     <gpxdata:speed>2.947</gpxdata:speed>
    </extensions>
   </trkpt>
   <trkpt lat="42.9675546" lon="16.7069229">
    <ele>44</ele>
    <time>2026-08-07T18:25:16Z</time>
    <extensions>
     <gpxdata:distance>2985.00</gpxdata:distance>
     <gpxdata:speed>3.058</gpxdata:speed>
    </extensions>
   </trkpt>
   <trkpt lat="42.9675773" lon="16.7068870">
    <ele>44</ele>
    <time>2026-08-07T18:25:17Z</time>
    <extensions>
     <gpxdata:distance>2989.00</gpxdata:distance>
     <gpxdata:speed>3.172</gpxdata:speed>
    </extensions>
   </trkpt>
   <trkpt lat="42.9676012" lon="16.7068516">
    <ele>44</ele>
    <time>2026-08-07T18:25:18Z</time>
    <extensions>
     <gpxdata:distance>2993.00</gpxdata:distance>
     <gpxdata:speed>3.522</gpxdata:speed>
    </extensions>
   </trkpt>
   <trkpt lat="42.9676285" lon="16.7068139">
    <ele>44</ele>
    <time>2026-08-07T18:25:19Z</time>
    <extensions>
     <gpxdata:distance>2997.50</gpxdata:distance>
     <gpxdata:speed>3.886</gpxdata:speed>
    </extensions>
   </trkpt>
   <trkpt lat="42.9676602" lon="16.7067742">
    <ele>44</ele>
    <time>2026-08-07T18:25:20Z</time>
    <extensions>
     <gpxdata:distance>3002.00</gpxdata:distance>
     <gpxdata:speed>4.344</gpxdata:speed>
    </extensions>
   </trkpt>
   <trkpt lat="42.9676960" lon="16.7067330">
    <ele>44</ele>
    <time>2026-08-07T18:25:21Z</time>
    <extensions>
     <gpxdata:distance>3007.50</gpxdata:distance>
     <gpxdata:speed>4.800</gpxdata:speed>
    </extensions>
   </trkpt>
   <trkpt lat="42.9677346" lon="16.7066902">
    <ele>44</ele>
    <time>2026-08-07T18:25:22Z</time>
    <extensions>
     <gpxdata:distance>3013.00</gpxdata:distance>
     <gpxdata:speed>5.183</gpxdata:speed>
    </extensions>
   </trkpt>
   <trkpt lat="42.9677751" lon="16.7066451">
    <ele>44</ele>
    <time>2026-08-07T18:25:23Z</time>
    <extensions>
     <gpxdata:distance>3018.50</gpxdata:distance>
     <gpxdata:speed>5.506</gpxdata:speed>
    </extensions>
   </trkpt>
   <trkpt lat="42.9678169" lon="16.7065977">
    <ele>44</ele>
    <time>2026-08-07T18:25:24Z</time>
    <extensions>
     <gpxdata:distance>3024.00</gpxdata:distance>
     <gpxdata:speed>5.778</gpxdata:speed>
    </extensions>
   </trkpt>
   <trkpt lat="42.9678744" lon="16.7065327">
    <ele>44</ele>
    <time>2026-08-07T18:25:25Z</time>
    <extensions>
     <gpxdata:distance>3030.50</gpxdata:distance>
     <gpxdata:speed>6.000</gpxdata:speed>
    </extensions>
   </trkpt>
   <trkpt lat="42.9679208" lon="16.7064812">
    <ele>44</ele>
    <time>2026-08-07T18:25:26Z</time>
    <extensions>
     <gpxdata:distance>3037.00</gpxdata:distance>
     <gpxdata:speed>6.183</gpxdata:speed>
    </extensions>
   </trkpt>
   <trkpt lat="42.9679669" lon="16.7064315">
    <ele>44</ele>
    <time>2026-08-07T18:25:27Z</time>
    <extensions>
     <gpxdata:distance>3043.50</gpxdata:distance>
     <gpxdata:speed>6.333</gpxdata:speed>
    </extensions>
   </trkpt>
   <trkpt lat="42.9680142" lon="16.7063827">
    <ele>44</ele>
    <time>2026-08-07T18:25:28Z</time>
    <extensions>
     <gpxdata:distance>3050.00</gpxdata:distance>
     <gpxdata:speed>6.439</gpxdata:speed>
    </extensions>
   </trkpt>
   <trkpt lat="42.9680630" lon="16.7063352">
    <ele>43</ele>
    <time>2026-08-07T18:25:29Z</time>
    <extensions>
     <gpxdata:distance>3056.50</gpxdata:distance>
     <gpxdata:speed>6.539</gpxdata:speed>
    </extensions>
   </trkpt>
   <trkpt lat="42.9681135" lon="16.7062903">
    <ele>43</ele>
    <time>2026-08-07T18:25:30Z</time>
    <extensions>
     <gpxdata:distance>3063.00</gpxdata:distance>
     <gpxdata:speed>6.625</gpxdata:speed>
    </extensions>
   </trkpt>
   <trkpt lat="42.9681665" lon="16.7062500">
    <ele>43</ele>
    <time>2026-08-07T18:25:31Z</time>
    <extensions>
     <gpxdata:distance>3070.00</gpxdata:distance>
     <gpxdata:speed>6.667</gpxdata:speed>
    </extensions>
   </trkpt>
   <trkpt lat="42.9682220" lon="16.7062129">
    <ele>43</ele>
    <time>2026-08-07T18:25:32Z</time>
    <extensions>
     <gpxdata:distance>3077.00</gpxdata:distance>
     <gpxdata:speed>6.733</gpxdata:speed>
    </extensions>
   </trkpt>
   <trkpt lat="42.9682796" lon="16.7061769">
    <ele>42</ele>
    <time>2026-08-07T18:25:33Z</time>
    <extensions>
     <gpxdata:distance>3084.00</gpxdata:distance>
     <gpxdata:speed>6.858</gpxdata:speed>
    </extensions>
   </trkpt>
   <trkpt lat="42.9683389" lon="16.7061417">
    <ele>42</ele>
    <time>2026-08-07T18:25:34Z</time>
    <extensions>
     <gpxdata:distance>3091.00</gpxdata:distance>
     <gpxdata:speed>7.017</gpxdata:speed>
    </extensions>
   </trkpt>
   <trkpt lat="42.9683998" lon="16.7061080">
    <ele>42</ele>
    <time>2026-08-07T18:25:35Z</time>
    <extensions>
     <gpxdata:distance>3098.50</gpxdata:distance>
     <gpxdata:speed>7.106</gpxdata:speed>
    </extensions>
   </trkpt>
   <trkpt lat="42.9684627" lon="16.7060760">
    <ele>42</ele>
    <time>2026-08-07T18:25:36Z</time>
    <extensions>
     <gpxdata:distance>3106.00</gpxdata:distance>
     <gpxdata:speed>7.194</gpxdata:speed>
    </extensions>
   </trkpt>
   <trkpt lat="42.9685274" lon="16.7060448">
    <ele>42</ele>
    <time>2026-08-07T18:25:37Z</time>
    <extensions>
     <gpxdata:distance>3113.50</gpxdata:distance>
     <gpxdata:speed>7.303</gpxdata:speed>
    </extensions>
   </trkpt>
   <trkpt lat="42.9685935" lon="16.7060140">
    <ele>42</ele>
    <time>2026-08-07T18:25:38Z</time>
    <extensions>
     <gpxdata:distance>3121.00</gpxdata:distance>
     <gpxdata:speed>7.558</gpxdata:speed>
    </extensions>
   </trkpt>
   <trkpt lat="42.9686603" lon="16.7059812">
    <ele>42</ele>
    <time>2026-08-07T18:25:39Z</time>
    <extensions>
     <gpxdata:distance>3129.00</gpxdata:distance>
     <gpxdata:speed>7.708</gpxdata:speed>
    </extensions>
   </trkpt>
   <trkpt lat="42.9687267" lon="16.7059441">
    <ele>42</ele>
    <time>2026-08-07T18:25:40Z</time>
    <extensions>
     <gpxdata:distance>3137.00</gpxdata:distance>
     <gpxdata:speed>7.833</gpxdata:speed>
    </extensions>
   </trkpt>
   <trkpt lat="42.9687921" lon="16.7059017">
    <ele>41</ele>
    <time>2026-08-07T18:25:41Z</time>
    <extensions>
     <gpxdata:distance>3145.00</gpxdata:distance>
     <gpxdata:speed>7.933</gpxdata:speed>
    </extensions>
   </trkpt>
   <trkpt lat="42.9688557" lon="16.7058538">
    <ele>41</ele>
    <time>2026-08-07T18:25:42Z</time>
    <extensions>
     <gpxdata:distance>3153.00</gpxdata:distance>
     <gpxdata:speed>8.011</gpxdata:speed>
    </extensions>
   </trkpt>
   <trkpt lat="42.9689170" lon="16.7057997">
    <ele>41</ele>
    <time>2026-08-07T18:25:43Z</time>
    <extensions>
     <gpxdata:distance>3161.00</gpxdata:distance>
     <gpxdata:speed>8.053</gpxdata:speed>
    </extensions>
   </trkpt>
   <trkpt lat="42.9689758" lon="16.7057405">
    <ele>41</ele>
    <time>2026-08-07T18:25:44Z</time>
    <extensions>
     <gpxdata:distance>3169.00</gpxdata:distance>
     <gpxdata:speed>8.106</gpxdata:speed>
    </extensions>
   </trkpt>
   <trkpt lat="42.9690322" lon="16.7056761">
    <ele>40</ele>
    <time>2026-08-07T18:25:45Z</time>
    <extensions>
     <gpxdata:distance>3177.50</gpxdata:distance>
     <gpxdata:speed>8.125</gpxdata:speed>
    </extensions>
   </trkpt>
   <trkpt lat="42.9690859" lon="16.7056074">
    <ele>40</ele>
    <time>2026-08-07T18:25:46Z</time>
    <extensions>
     <gpxdata:distance>3186.00</gpxdata:distance>
     <gpxdata:speed>8.161</gpxdata:speed>
    </extensions>
   </trkpt>
   <trkpt lat="42.9691351" lon="16.7055318">
    <ele>40</ele>
    <time>2026-08-07T18:25:47Z</time>
    <extensions>
     <gpxdata:distance>3194.00</gpxdata:distance>
     <gpxdata:speed>8.175</gpxdata:speed>
    </extensions>
   </trkpt>
   <trkpt lat="42.9691797" lon="16.7054489">
    <ele>40</ele>
    <time>2026-08-07T18:25:48Z</time>
    <extensions>
     <gpxdata:distance>3202.00</gpxdata:distance>
     <gpxdata:speed>8.217</gpxdata:speed>
    </extensions>
   </trkpt>
   <trkpt lat="42.9692192" lon="16.7053608">
    <ele>40</ele>
    <time>2026-08-07T18:25:49Z</time>
    <extensions>
     <gpxdata:distance>3210.50</gpxdata:distance>
     <gpxdata:speed>8.289</gpxdata:speed>
    </extensions>
   </trkpt>
   <trkpt lat="42.9692523" lon="16.7052683">
    <ele>40</ele>
    <time>2026-08-07T18:25:50Z</time>
    <extensions>
     <gpxdata:distance>3219.00</gpxdata:distance>
     <gpxdata:speed>8.331</gpxdata:speed>
    </extensions>
   </trkpt>
   <trkpt lat="42.9692779" lon="16.7051719">
    <ele>39</ele>
    <time>2026-08-07T18:25:51Z</time>
    <extensions>
     <gpxdata:distance>3227.50</gpxdata:distance>
     <gpxdata:speed>8.347</gpxdata:speed>
    </extensions>
   </trkpt>
   <trkpt lat="42.9692957" lon="16.7050727">
    <ele>39</ele>
    <time>2026-08-07T18:25:52Z</time>
    <extensions>
     <gpxdata:distance>3236.00</gpxdata:distance>
     <gpxdata:speed>8.344</gpxdata:speed>
    </extensions>
   </trkpt>
   <trkpt lat="42.9693050" lon="16.7049709">
    <ele>39</ele>
    <time>2026-08-07T18:25:53Z</time>
    <extensions>
     <gpxdata:distance>3244.00</gpxdata:distance>
     <gpxdata:speed>8.339</gpxdata:speed>
    </extensions>
   </trkpt>
   <trkpt lat="42.9693049" lon="16.7048676">
    <ele>39</ele>
    <time>2026-08-07T18:25:54Z</time>
    <extensions>
     <gpxdata:distance>3252.00</gpxdata:distance>
     <gpxdata:speed>8.347</gpxdata:speed>
    </extensions>
   </trkpt>
   <trkpt lat="42.9692955" lon="16.7047652">
    <ele>39</ele>
    <time>2026-08-07T18:25:55Z</time>
    <extensions>
     <gpxdata:distance>3260.50</gpxdata:distance>
     <gpxdata:speed>8.375</gpxdata:speed>
    </extensions>
   </trkpt>
   <trkpt lat="42.9692780" lon="16.7046655">
    <ele>38</ele>
    <time>2026-08-07T18:25:56Z</time>
    <extensions>
     <gpxdata:distance>3269.00</gpxdata:distance>
     <gpxdata:speed>8.381</gpxdata:speed>
    </extensions>
   </trkpt>
   <trkpt lat="42.9692551" lon="16.7045678">
    <ele>38</ele>
    <time>2026-08-07T18:25:57Z</time>
    <extensions>
     <gpxdata:distance>3277.50</gpxdata:distance>
     <gpxdata:speed>8.358</gpxdata:speed>
    </extensions>
   </trkpt>
   <trkpt lat="42.9692301" lon="16.7044712">
    <ele>38</ele>
    <time>2026-08-07T18:25:58Z</time>
    <extensions>
     <gpxdata:distance>3286.00</gpxdata:distance>
     <gpxdata:speed>8.344</gpxdata:speed>
    </extensions>
   </trkpt>
   <trkpt lat="42.9692070" lon="16.7043728">
    <ele>38</ele>
    <time>2026-08-07T18:25:59Z</time>
    <extensions>
     <gpxdata:distance>3294.50</gpxdata:distance>
     <gpxdata:speed>8.336</gpxdata:speed>
    </extensions>
   </trkpt>
   <trkpt lat="42.9691882" lon="16.7042717">
    <ele>38</ele>
    <time>2026-08-07T18:26:00Z</time>
    <extensions>
     <gpxdata:distance>3303.00</gpxdata:distance>
     <gpxdata:speed>8.364</gpxdata:speed>
    </extensions>
   </trkpt>
   <trkpt lat="42.9691728" lon="16.7041687">
    <ele>38</ele>
    <time>2026-08-07T18:26:01Z</time>
    <extensions>
     <gpxdata:distance>3311.50</gpxdata:distance>
     <gpxdata:speed>8.417</gpxdata:speed>
    </extensions>
   </trkpt>
   <trkpt lat="42.9691607" lon="16.7040632">
    <ele>38</ele>
    <time>2026-08-07T18:26:02Z</time>
    <extensions>
     <gpxdata:distance>3320.00</gpxdata:distance>
     <gpxdata:speed>8.469</gpxdata:speed>
    </extensions>
   </trkpt>
   <trkpt lat="42.9691531" lon="16.7039551">
    <ele>38</ele>
    <time>2026-08-07T18:26:03Z</time>
    <extensions>
     <gpxdata:distance>3329.00</gpxdata:distance>
     <gpxdata:speed>8.558</gpxdata:speed>
    </extensions>
   </trkpt>
   <trkpt lat="42.9691507" lon="16.7038455">
    <ele>37</ele>
    <time>2026-08-07T18:26:04Z</time>
    <extensions>
     <gpxdata:distance>3338.00</gpxdata:distance>
     <gpxdata:speed>8.667</gpxdata:speed>
    </extensions>
   </trkpt>
   <trkpt lat="42.9691535" lon="16.7037335">
    <ele>37</ele>
    <time>2026-08-07T18:26:05Z</time>
    <extensions>
     <gpxdata:distance>3347.00</gpxdata:distance>
     <gpxdata:speed>8.789</gpxdata:speed>
    </extensions>
   </trkpt>
   <trkpt lat="42.9691610" lon="16.7036199">
    <ele>37</ele>
    <time>2026-08-07T18:26:06Z</time>
    <extensions>
     <gpxdata:distance>3356.00</gpxdata:distance>
     <gpxdata:speed>9.069</gpxdata:speed>
    </extensions>
   </trkpt>
   <trkpt lat="42.9691733" lon="16.7035070">
    <ele>36</ele>
    <time>2026-08-07T18:26:07Z</time>
    <extensions>
     <gpxdata:distance>3365.00</gpxdata:distance>
     <gpxdata:speed>9.225</gpxdata:speed>
    </extensions>
   </trkpt>
   <trkpt lat="42.9691899" lon="16.7033957">
    <ele>36</ele>
    <time>2026-08-07T18:26:08Z</time>
    <extensions>
     <gpxdata:distance>3374.00</gpxdata:distance>
     <gpxdata:speed>9.231</gpxdata:speed>
    </extensions>
   </trkpt>
   <trkpt lat="42.9692098" lon="16.7032855">
    <ele>35</ele>
    <time>2026-08-07T18:26:09Z</time>
    <extensions>
     <gpxdata:distance>3383.50</gpxdata:distance>
     <gpxdata:speed>9.208</gpxdata:speed>
    </extensions>
   </trkpt>
   <trkpt lat="42.9692337" lon="16.7031762">
    <ele>35</ele>
    <time>2026-08-07T18:26:10Z</time>
    <extensions>
     <gpxdata:distance>3393.00</gpxdata:distance>
     <gpxdata:speed>9.228</gpxdata:speed>
    </extensions>
   </trkpt>
   <trkpt lat="42.9692630" lon="16.7030682">
    <ele>34</ele>
    <time>2026-08-07T18:26:11Z</time>
    <extensions>
     <gpxdata:distance>3402.50</gpxdata:distance>
     <gpxdata:speed>9.278</gpxdata:speed>
    </extensions>
   </trkpt>
   <trkpt lat="42.9692982" lon="16.7029614">
    <ele>34</ele>
    <time>2026-08-07T18:26:12Z</time>
    <extensions>
     <gpxdata:distance>3412.00</gpxdata:distance>
     <gpxdata:speed>9.372</gpxdata:speed>
    </extensions>
   </trkpt>
   <trkpt lat="42.9693401" lon="16.7028567">
    <ele>33</ele>
    <time>2026-08-07T18:26:13Z</time>
    <extensions>
     <gpxdata:distance>3421.50</gpxdata:distance>
     <gpxdata:speed>9.503</gpxdata:speed>
    </extensions>
   </trkpt>
   <trkpt lat="42.9693896" lon="16.7027545">
    <ele>33</ele>
    <time>2026-08-07T18:26:14Z</time>
    <extensions>
     <gpxdata:distance>3431.00</gpxdata:distance>
     <gpxdata:speed>9.689</gpxdata:speed>
    </extensions>
   </trkpt>
   <trkpt lat="42.9694457" lon="16.7026560">
    <ele>32</ele>
    <time>2026-08-07T18:26:15Z</time>
    <extensions>
     <gpxdata:distance>3441.50</gpxdata:distance>
     <gpxdata:speed>9.933</gpxdata:speed>
    </extensions>
   </trkpt>
   <trkpt lat="42.9695076" lon="16.7025622">
    <ele>32</ele>
    <time>2026-08-07T18:26:16Z</time>
    <extensions>
     <gpxdata:distance>3452.00</gpxdata:distance>
     <gpxdata:speed>10.083</gpxdata:speed>
    </extensions>
   </trkpt>
   <trkpt lat="42.9695739" lon="16.7024736">
    <ele>31</ele>
    <time>2026-08-07T18:26:17Z</time>
    <extensions>
     <gpxdata:distance>3462.00</gpxdata:distance>
     <gpxdata:speed>10.189</gpxdata:speed>
    </extensions>
   </trkpt>
   <trkpt lat="42.9696440" lon="16.7023905">
    <ele>31</ele>
    <time>2026-08-07T18:26:18Z</time>
    <extensions>
     <gpxdata:distance>3472.00</gpxdata:distance>
     <gpxdata:speed>10.239</gpxdata:speed>
    </extensions>
   </trkpt>
   <trkpt lat="42.9697164" lon="16.7023143">
    <ele>30</ele>
    <time>2026-08-07T18:26:19Z</time>
    <extensions>
     <gpxdata:distance>3482.50</gpxdata:distance>
     <gpxdata:speed>10.269</gpxdata:speed>
    </extensions>
   </trkpt>
   <trkpt lat="42.9697906" lon="16.7022454">
    <ele>30</ele>
    <time>2026-08-07T18:26:20Z</time>
    <extensions>
     <gpxdata:distance>3493.00</gpxdata:distance>
     <gpxdata:speed>10.153</gpxdata:speed>
    </extensions>
   </trkpt>
   <trkpt lat="42.9698671" lon="16.7021843">
    <ele>29</ele>
    <time>2026-08-07T18:26:21Z</time>
    <extensions>
     <gpxdata:distance>3502.50</gpxdata:distance>
     <gpxdata:speed>10.008</gpxdata:speed>
    </extensions>
   </trkpt>
   <trkpt lat="42.9699454" lon="16.7021314">
    <ele>29</ele>
    <time>2026-08-07T18:26:22Z</time>
    <extensions>
     <gpxdata:distance>3512.00</gpxdata:distance>
     <gpxdata:speed>9.925</gpxdata:speed>
    </extensions>
   </trkpt>
   <trkpt lat="42.9700252" lon="16.7020862">
    <ele>28</ele>
    <time>2026-08-07T18:26:23Z</time>
    <extensions>
     <gpxdata:distance>3521.50</gpxdata:distance>
     <gpxdata:speed>9.844</gpxdata:speed>
    </extensions>
   </trkpt>
   <trkpt lat="42.9701060" lon="16.7020484">
    <ele>28</ele>
    <time>2026-08-07T18:26:24Z</time>
    <extensions>
     <gpxdata:distance>3531.00</gpxdata:distance>
     <gpxdata:speed>9.764</gpxdata:speed>
    </extensions>
   </trkpt>
   <trkpt lat="42.9701881" lon="16.7020165">
    <ele>28</ele>
    <time>2026-08-07T18:26:25Z</time>
    <extensions>
     <gpxdata:distance>3540.50</gpxdata:distance>
     <gpxdata:speed>9.667</gpxdata:speed>
    </extensions>
   </trkpt>
   <trkpt lat="42.9702701" lon="16.7019894">
    <ele>27</ele>
    <time>2026-08-07T18:26:26Z</time>
    <extensions>
     <gpxdata:distance>3550.00</gpxdata:distance>
     <gpxdata:speed>9.606</gpxdata:speed>
    </extensions>
   </trkpt>
   <trkpt lat="42.9703509" lon="16.7019647">
    <ele>27</ele>
    <time>2026-08-07T18:26:27Z</time>
    <extensions>
     <gpxdata:distance>3559.50</gpxdata:distance>
     <gpxdata:speed>9.422</gpxdata:speed>
    </extensions>
   </trkpt>
   <trkpt lat="42.9704280" lon="16.7019427">
    <ele>27</ele>
    <time>2026-08-07T18:26:28Z</time>
    <extensions>
     <gpxdata:distance>3569.00</gpxdata:distance>
     <gpxdata:speed>9.239</gpxdata:speed>
    </extensions>
   </trkpt>
   <trkpt lat="42.9704985" lon="16.7019235">
    <ele>26</ele>
    <time>2026-08-07T18:26:29Z</time>
    <extensions>
     <gpxdata:distance>3576.50</gpxdata:distance>
     <gpxdata:speed>8.814</gpxdata:speed>
    </extensions>
   </trkpt>
   <trkpt lat="42.9705627" lon="16.7019065">
    <ele>26</ele>
    <time>2026-08-07T18:26:30Z</time>
    <extensions>
     <gpxdata:distance>3584.00</gpxdata:distance>
     <gpxdata:speed>8.078</gpxdata:speed>
    </extensions>
   </trkpt>
   <trkpt lat="42.9706224" lon="16.7018896">
    <ele>26</ele>
    <time>2026-08-07T18:26:31Z</time>
    <extensions>
     <gpxdata:distance>3591.00</gpxdata:distance>
     <gpxdata:speed>7.444</gpxdata:speed>
    </extensions>
   </trkpt>
   <trkpt lat="42.9706785" lon="16.7018691">
    <ele>26</ele>
    <time>2026-08-07T18:26:32Z</time>
    <extensions>
     <gpxdata:distance>3598.00</gpxdata:distance>
     <gpxdata:speed>7.031</gpxdata:speed>
    </extensions>
   </trkpt>
   <trkpt lat="42.9707296" lon="16.7018394">
    <ele>25</ele>
    <time>2026-08-07T18:26:33Z</time>
    <extensions>
     <gpxdata:distance>3604.00</gpxdata:distance>
     <gpxdata:speed>6.706</gpxdata:speed>
    </extensions>
   </trkpt>
   <trkpt lat="42.9707727" lon="16.7017968">
    <ele>25</ele>
    <time>2026-08-07T18:26:34Z</time>
    <extensions>
     <gpxdata:distance>3610.00</gpxdata:distance>
     <gpxdata:speed>6.436</gpxdata:speed>
    </extensions>
   </trkpt>
   <trkpt lat="42.9708022" lon="16.7017427">
    <ele>25</ele>
    <time>2026-08-07T18:26:35Z</time>
    <extensions>
     <gpxdata:distance>3616.00</gpxdata:distance>
     <gpxdata:speed>6.192</gpxdata:speed>
    </extensions>
   </trkpt>
   <trkpt lat="42.9708109" lon="16.7016985">
    <ele>25</ele>
    <time>2026-08-07T18:26:36Z</time>
    <extensions>
     <gpxdata:distance>3622.00</gpxdata:distance>
     <gpxdata:speed>5.814</gpxdata:speed>
    </extensions>
   </trkpt>
   <trkpt lat="42.9708060" lon="16.7016408">
    <ele>25</ele>
    <time>2026-08-07T18:26:37Z</time>
    <extensions>
     <gpxdata:distance>3627.00</gpxdata:distance>
     <gpxdata:speed>5.483</gpxdata:speed>
    </extensions>
   </trkpt>
   <trkpt lat="42.9707838" lon="16.7015835">
    <ele>25</ele>
    <time>2026-08-07T18:26:38Z</time>
    <extensions>
     <gpxdata:distance>3632.00</gpxdata:distance>
     <gpxdata:speed>5.506</gpxdata:speed>
    </extensions>
   </trkpt>
   <trkpt lat="42.9707475" lon="16.7015353">
    <ele>25</ele>
    <time>2026-08-07T18:26:39Z</time>
    <extensions>
     <gpxdata:distance>3638.00</gpxdata:distance>
     <gpxdata:speed>5.731</gpxdata:speed>
    </extensions>
   </trkpt>
   <trkpt lat="42.9707005" lon="16.7015002">
    <ele>25</ele>
    <time>2026-08-07T18:26:40Z</time>
    <extensions>
     <gpxdata:distance>3644.00</gpxdata:distance>
     <gpxdata:speed>5.839</gpxdata:speed>
    </extensions>
   </trkpt>
   <trkpt lat="42.9706464" lon="16.7014744">
    <ele>25</ele>
    <time>2026-08-07T18:26:41Z</time>
    <extensions>
     <gpxdata:distance>3650.50</gpxdata:distance>
     <gpxdata:speed>5.964</gpxdata:speed>
    </extensions>
   </trkpt>
   <trkpt lat="42.9705679" lon="16.7014470">
    <ele>25</ele>
    <time>2026-08-07T18:26:42Z</time>
    <extensions>
     <gpxdata:distance>3657.00</gpxdata:distance>
     <gpxdata:speed>6.375</gpxdata:speed>
    </extensions>
   </trkpt>
   <trkpt lat="42.9705022" lon="16.7014275">
    <ele>25</ele>
    <time>2026-08-07T18:26:43Z</time>
    <extensions>
     <gpxdata:distance>3664.00</gpxdata:distance>
     <gpxdata:speed>6.564</gpxdata:speed>
    </extensions>
   </trkpt>
   <trkpt lat="42.9704367" lon="16.7014081">
    <ele>25</ele>
    <time>2026-08-07T18:26:44Z</time>
    <extensions>
     <gpxdata:distance>3671.00</gpxdata:distance>
     <gpxdata:speed>6.792</gpxdata:speed>
    </extensions>
   </trkpt>
   <trkpt lat="42.9703704" lon="16.7013880">
    <ele>25</ele>
    <time>2026-08-07T18:26:45Z</time>
    <extensions>
     <gpxdata:distance>3678.50</gpxdata:distance>
     <gpxdata:speed>7.214</gpxdata:speed>
    </extensions>
   </trkpt>
   <trkpt lat="42.9703032" lon="16.7013685">
    <ele>25</ele>
    <time>2026-08-07T18:26:46Z</time>
    <extensions>
     <gpxdata:distance>3686.00</gpxdata:distance>
     <gpxdata:speed>7.400</gpxdata:speed>
    </extensions>
   </trkpt>
   <trkpt lat="42.9702358" lon="16.7013489">
    <ele>25</ele>
    <time>2026-08-07T18:26:47Z</time>
    <extensions>
     <gpxdata:distance>3693.50</gpxdata:distance>
     <gpxdata:speed>7.544</gpxdata:speed>
    </extensions>
   </trkpt>
   <trkpt lat="42.9701687" lon="16.7013302">
    <ele>25</ele>
    <time>2026-08-07T18:26:48Z</time>
    <extensions>
     <gpxdata:distance>3701.00</gpxdata:distance>
     <gpxdata:speed>7.594</gpxdata:speed>
    </extensions>
   </trkpt>
   <trkpt lat="42.9701020" lon="16.7013107">
    <ele>25</ele>
    <time>2026-08-07T18:26:49Z</time>
    <extensions>
     <gpxdata:distance>3708.50</gpxdata:distance>
     <gpxdata:speed>7.581</gpxdata:speed>
    </extensions>
   </trkpt>
   <trkpt lat="42.9700350" lon="16.7012896">
    <ele>25</ele>
    <time>2026-08-07T18:26:50Z</time>
    <extensions>
     <gpxdata:distance>3716.00</gpxdata:distance>
     <gpxdata:speed>7.575</gpxdata:speed>
    </extensions>
   </trkpt>
   <trkpt lat="42.9699660" lon="16.7012676">
    <ele>25</ele>
    <time>2026-08-07T18:26:51Z</time>
    <extensions>
     <gpxdata:distance>3724.00</gpxdata:distance>
     <gpxdata:speed>7.661</gpxdata:speed>
    </extensions>
   </trkpt>
   <trkpt lat="42.9698947" lon="16.7012449">
    <ele>25</ele>
    <time>2026-08-07T18:26:52Z</time>
    <extensions>
     <gpxdata:distance>3732.00</gpxdata:distance>
     <gpxdata:speed>7.881</gpxdata:speed>
    </extensions>
   </trkpt>
   <trkpt lat="42.9698207" lon="16.7012194">
    <ele>24</ele>
    <time>2026-08-07T18:26:53Z</time>
    <extensions>
     <gpxdata:distance>3740.50</gpxdata:distance>
     <gpxdata:speed>8.103</gpxdata:speed>
    </extensions>
   </trkpt>
   <trkpt lat="42.9697447" lon="16.7011870">
    <ele>24</ele>
    <time>2026-08-07T18:26:54Z</time>
    <extensions>
     <gpxdata:distance>3749.00</gpxdata:distance>
     <gpxdata:speed>8.417</gpxdata:speed>
    </extensions>
   </trkpt>
   <trkpt lat="42.9696677" lon="16.7011476">
    <ele>24</ele>
    <time>2026-08-07T18:26:55Z</time>
    <extensions>
     <gpxdata:distance>3758.50</gpxdata:distance>
     <gpxdata:speed>8.756</gpxdata:speed>
    </extensions>
   </trkpt>
   <trkpt lat="42.9695904" lon="16.7011075">
    <ele>24</ele>
    <time>2026-08-07T18:26:56Z</time>
    <extensions>
     <gpxdata:distance>3768.00</gpxdata:distance>
     <gpxdata:speed>9.031</gpxdata:speed>
    </extensions>
   </trkpt>
   <trkpt lat="42.9695168" lon="16.7010725">
    <ele>24</ele>
    <time>2026-08-07T18:26:57Z</time>
    <extensions>
     <gpxdata:distance>3776.50</gpxdata:distance>
     <gpxdata:speed>9.081</gpxdata:speed>
    </extensions>
   </trkpt>
   <trkpt lat="42.9694536" lon="16.7010458">
    <ele>23</ele>
    <time>2026-08-07T18:26:58Z</time>
    <extensions>
     <gpxdata:distance>3785.00</gpxdata:distance>
     <gpxdata:speed>8.794</gpxdata:speed>
    </extensions>
   </trkpt>
   <trkpt lat="42.9694052" lon="16.7010263">
    <ele>23</ele>
    <time>2026-08-07T18:26:59Z</time>
    <extensions>
     <gpxdata:distance>3790.00</gpxdata:distance>
     <gpxdata:speed>8.792</gpxdata:speed>
    </extensions>
   </trkpt>
   <trkpt lat="42.9693724" lon="16.7010116">
    <ele>22</ele>
    <time>2026-08-07T18:27:00Z</time>
    <extensions>
     <gpxdata:distance>3795.00</gpxdata:distance>
     <gpxdata:speed>8.719</gpxdata:speed>
    </extensions>
   </trkpt>
   <trkpt lat="42.9693576" lon="16.7010028">
    <ele>22</ele>
    <time>2026-08-07T18:27:01Z</time>
    <extensions>
     <gpxdata:distance>3797.50</gpxdata:distance>
     <gpxdata:speed>4.244</gpxdata:speed>
    </extensions>
   </trkpt>
   <trkpt lat="42.9693445" lon="16.7009931">
    <ele>21</ele>
    <time>2026-08-07T18:27:02Z</time>
    <extensions>
     <gpxdata:distance>3800.00</gpxdata:distance>
     <gpxdata:speed>3.033</gpxdata:speed>
    </extensions>
   </trkpt>
   <trkpt lat="42.9693382" lon="16.7009900">
    <ele>21</ele>
    <time>2026-08-07T18:27:03Z</time>
    <extensions>
     <gpxdata:distance>3801.00</gpxdata:distance>
     <gpxdata:speed>2.253</gpxdata:speed>
    </extensions>
   </trkpt>
   <trkpt lat="42.9693326" lon="16.7009906">
    <ele>20</ele>
    <time>2026-08-07T18:27:04Z</time>
    <extensions>
     <gpxdata:distance>3802.00</gpxdata:distance>
     <gpxdata:speed>1.758</gpxdata:speed>
    </extensions>
   </trkpt>
   <trkpt lat="42.9693266" lon="16.7009957">
    <ele>20</ele>
    <time>2026-08-07T18:27:05Z</time>
    <extensions>
     <gpxdata:distance>3803.50</gpxdata:distance>
     <gpxdata:speed>1.619</gpxdata:speed>
    </extensions>
   </trkpt>
   <trkpt lat="42.9693226" lon="16.7010045">
    <ele>19</ele>
    <time>2026-08-07T18:27:06Z</time>
    <extensions>
     <gpxdata:distance>3805.00</gpxdata:distance>
     <gpxdata:speed>1.533</gpxdata:speed>
    </extensions>
   </trkpt>
   <trkpt lat="42.9693216" lon="16.7010142">
    <ele>19</ele>
    <time>2026-08-07T18:27:07Z</time>
    <extensions>
     <gpxdata:distance>3805.50</gpxdata:distance>
     <gpxdata:speed>1.383</gpxdata:speed>
    </extensions>
   </trkpt>
   <trkpt lat="42.9693228" lon="16.7010231">
    <ele>19</ele>
    <time>2026-08-07T18:27:08Z</time>
    <extensions>
     <gpxdata:distance>3806.00</gpxdata:distance>
     <gpxdata:speed>1.233</gpxdata:speed>
    </extensions>
   </trkpt>
   <trkpt lat="42.9694066" lon="16.7010600">
    <ele>18</ele>
    <time>2026-08-07T18:27:24Z</time>
    <extensions>
     <gpxdata:distance>3817.00</gpxdata:distance>
     <gpxdata:speed>1.064</gpxdata:speed>
    </extensions>
   </trkpt>
   <trkpt lat="42.9694174" lon="16.7010634">
    <ele>18</ele>
    <time>2026-08-07T18:27:25Z</time>
    <extensions>
     <gpxdata:distance>3817.00</gpxdata:distance>
     <gpxdata:speed>1.106</gpxdata:speed>
    </extensions>
   </trkpt>
   <trkpt lat="42.9694295" lon="16.7010671">
    <ele>18</ele>
    <time>2026-08-07T18:27:26Z</time>
    <extensions>
     <gpxdata:distance>3819.00</gpxdata:distance>
     <gpxdata:speed>1.336</gpxdata:speed>
    </extensions>
   </trkpt>
   <trkpt lat="42.9694432" lon="16.7010713">
    <ele>18</ele>
    <time>2026-08-07T18:27:27Z</time>
    <extensions>
     <gpxdata:distance>3821.00</gpxdata:distance>
     <gpxdata:speed>1.536</gpxdata:speed>
    </extensions>
   </trkpt>
   <trkpt lat="42.9694587" lon="16.7010764">
    <ele>19</ele>
    <time>2026-08-07T18:27:28Z</time>
    <extensions>
     <gpxdata:distance>3823.00</gpxdata:distance>
     <gpxdata:speed>1.778</gpxdata:speed>
    </extensions>
   </trkpt>
   <trkpt lat="42.9694825" lon="16.7010862">
    <ele>19</ele>
    <time>2026-08-07T18:27:29Z</time>
    <extensions>
     <gpxdata:distance>3825.00</gpxdata:distance>
     <gpxdata:speed>2.050</gpxdata:speed>
    </extensions>
   </trkpt>
   <trkpt lat="42.9695050" lon="16.7010971">
    <ele>19</ele>
    <time>2026-08-07T18:27:30Z</time>
    <extensions>
     <gpxdata:distance>3828.00</gpxdata:distance>
     <gpxdata:speed>2.364</gpxdata:speed>
    </extensions>
   </trkpt>
   <trkpt lat="42.9695283" lon="16.7011088">
    <ele>19</ele>
    <time>2026-08-07T18:27:31Z</time>
    <extensions>
     <gpxdata:distance>3831.00</gpxdata:distance>
     <gpxdata:speed>2.658</gpxdata:speed>
    </extensions>
   </trkpt>
   <trkpt lat="42.9695527" lon="16.7011205">
    <ele>19</ele>
    <time>2026-08-07T18:27:32Z</time>
    <extensions>
     <gpxdata:distance>3834.00</gpxdata:distance>
     <gpxdata:speed>2.897</gpxdata:speed>
    </extensions>
   </trkpt>
   <trkpt lat="42.9695779" lon="16.7011317">
    <ele>19</ele>
    <time>2026-08-07T18:27:33Z</time>
    <extensions>
     <gpxdata:distance>3837.00</gpxdata:distance>
     <gpxdata:speed>2.992</gpxdata:speed>
    </extensions>
   </trkpt>
   <trkpt lat="42.9696201" lon="16.7011492">
    <ele>20</ele>
    <time>2026-08-07T18:27:34Z</time>
    <extensions>
     <gpxdata:distance>3840.00</gpxdata:distance>
     <gpxdata:speed>3.028</gpxdata:speed>
    </extensions>
   </trkpt>
   <trkpt lat="42.9696509" lon="16.7011606">
    <ele>20</ele>
    <time>2026-08-07T18:27:35Z</time>
    <extensions>
     <gpxdata:distance>3843.00</gpxdata:distance>
     <gpxdata:speed>3.097</gpxdata:speed>
    </extensions>
   </trkpt>
   <trkpt lat="42.9696811" lon="16.7011707">
    <ele>20</ele>
    <time>2026-08-07T18:27:36Z</time>
    <extensions>
     <gpxdata:distance>3846.50</gpxdata:distance>
     <gpxdata:speed>3.228</gpxdata:speed>
    </extensions>
   </trkpt>
   <trkpt lat="42.9697113" lon="16.7011820">
    <ele>20</ele>
    <time>2026-08-07T18:27:37Z</time>
    <extensions>
     <gpxdata:distance>3850.00</gpxdata:distance>
     <gpxdata:speed>3.403</gpxdata:speed>
    </extensions>
   </trkpt>
   <trkpt lat="42.9697420" lon="16.7011945">
    <ele>20</ele>
    <time>2026-08-07T18:27:38Z</time>
    <extensions>
     <gpxdata:distance>3853.50</gpxdata:distance>
     <gpxdata:speed>3.478</gpxdata:speed>
    </extensions>
   </trkpt>
   <trkpt lat="42.9697733" lon="16.7012077">
    <ele>21</ele>
    <time>2026-08-07T18:27:39Z</time>
    <extensions>
     <gpxdata:distance>3857.00</gpxdata:distance>
     <gpxdata:speed>3.567</gpxdata:speed>
    </extensions>
   </trkpt>
   <trkpt lat="42.9698051" lon="16.7012209">
    <ele>21</ele>
    <time>2026-08-07T18:27:40Z</time>
    <extensions>
     <gpxdata:distance>3861.00</gpxdata:distance>
     <gpxdata:speed>3.631</gpxdata:speed>
    </extensions>
   </trkpt>
   <trkpt lat="42.9698359" lon="16.7012339">
    <ele>21</ele>
    <time>2026-08-07T18:27:41Z</time>
    <extensions>
     <gpxdata:distance>3865.00</gpxdata:distance>
     <gpxdata:speed>3.678</gpxdata:speed>
    </extensions>
   </trkpt>
   <trkpt lat="42.9698650" lon="16.7012459">
    <ele>21</ele>
    <time>2026-08-07T18:27:42Z</time>
    <extensions>
     <gpxdata:distance>3868.00</gpxdata:distance>
     <gpxdata:speed>3.542</gpxdata:speed>
    </extensions>
   </trkpt>
   <trkpt lat="42.9698929" lon="16.7012567">
    <ele>22</ele>
    <time>2026-08-07T18:27:43Z</time>
    <extensions>
     <gpxdata:distance>3871.00</gpxdata:distance>
     <gpxdata:speed>3.425</gpxdata:speed>
    </extensions>
   </trkpt>
   <trkpt lat="42.9699206" lon="16.7012682">
    <ele>22</ele>
    <time>2026-08-07T18:27:44Z</time>
    <extensions>
     <gpxdata:distance>3874.50</gpxdata:distance>
     <gpxdata:speed>3.339</gpxdata:speed>
    </extensions>
   </trkpt>
   <trkpt lat="42.9699492" lon="16.7012815">
    <ele>22</ele>
    <time>2026-08-07T18:27:45Z</time>
    <extensions>
     <gpxdata:distance>3878.00</gpxdata:distance>
     <gpxdata:speed>3.317</gpxdata:speed>
    </extensions>
   </trkpt>
   <trkpt lat="42.9699792" lon="16.7012956">
    <ele>22</ele>
    <time>2026-08-07T18:27:46Z</time>
    <extensions>
     <gpxdata:distance>3881.50</gpxdata:distance>
     <gpxdata:speed>3.364</gpxdata:speed>
    </extensions>
   </trkpt>
   <trkpt lat="42.9700106" lon="16.7013096">
    <ele>23</ele>
    <time>2026-08-07T18:27:47Z</time>
    <extensions>
     <gpxdata:distance>3885.00</gpxdata:distance>
     <gpxdata:speed>3.456</gpxdata:speed>
    </extensions>
   </trkpt>
   <trkpt lat="42.9700434" lon="16.7013231">
    <ele>23</ele>
    <time>2026-08-07T18:27:48Z</time>
    <extensions>
     <gpxdata:distance>3889.00</gpxdata:distance>
     <gpxdata:speed>3.556</gpxdata:speed>
    </extensions>
   </trkpt>
   <trkpt lat="42.9700767" lon="16.7013363">
    <ele>23</ele>
    <time>2026-08-07T18:27:49Z</time>
    <extensions>
     <gpxdata:distance>3893.00</gpxdata:distance>
     <gpxdata:speed>3.661</gpxdata:speed>
    </extensions>
   </trkpt>
   <trkpt lat="42.9701107" lon="16.7013491">
    <ele>23</ele>
    <time>2026-08-07T18:27:50Z</time>
    <extensions>
     <gpxdata:distance>3897.00</gpxdata:distance>
     <gpxdata:speed>3.725</gpxdata:speed>
    </extensions>
   </trkpt>
   <trkpt lat="42.9701451" lon="16.7013620">
    <ele>23</ele>
    <time>2026-08-07T18:27:51Z</time>
    <extensions>
     <gpxdata:distance>3901.00</gpxdata:distance>
     <gpxdata:speed>3.806</gpxdata:speed>
    </extensions>
   </trkpt>
   <trkpt lat="42.9701799" lon="16.7013750">
    <ele>24</ele>
    <time>2026-08-07T18:27:52Z</time>
    <extensions>
     <gpxdata:distance>3905.00</gpxdata:distance>
     <gpxdata:speed>3.875</gpxdata:speed>
    </extensions>
   </trkpt>
   <trkpt lat="42.9702153" lon="16.7013881">
    <ele>24</ele>
    <time>2026-08-07T18:27:53Z</time>
    <extensions>
     <gpxdata:distance>3909.00</gpxdata:distance>
     <gpxdata:speed>3.933</gpxdata:speed>
    </extensions>
   </trkpt>
   <trkpt lat="42.9702513" lon="16.7014008">
    <ele>24</ele>
    <time>2026-08-07T18:27:54Z</time>
    <extensions>
     <gpxdata:distance>3913.00</gpxdata:distance>
     <gpxdata:speed>4.033</gpxdata:speed>
    </extensions>
   </trkpt>
   <trkpt lat="42.9702878" lon="16.7014133">
    <ele>24</ele>
    <time>2026-08-07T18:27:55Z</time>
    <extensions>
     <gpxdata:distance>3917.00</gpxdata:distance>
     <gpxdata:speed>4.117</gpxdata:speed>
    </extensions>
   </trkpt>
   <trkpt lat="42.9703248" lon="16.7014256">
    <ele>24</ele>
    <time>2026-08-07T18:27:56Z</time>
    <extensions>
     <gpxdata:distance>3921.50</gpxdata:distance>
     <gpxdata:speed>4.178</gpxdata:speed>
    </extensions>
   </trkpt>
   <trkpt lat="42.9703623" lon="16.7014379">
    <ele>24</ele>
    <time>2026-08-07T18:27:57Z</time>
    <extensions>
     <gpxdata:distance>3926.00</gpxdata:distance>
     <gpxdata:speed>4.231</gpxdata:speed>
    </extensions>
   </trkpt>
   <trkpt lat="42.9704003" lon="16.7014518">
    <ele>24</ele>
    <time>2026-08-07T18:27:58Z</time>
    <extensions>
     <gpxdata:distance>3930.00</gpxdata:distance>
     <gpxdata:speed>4.283</gpxdata:speed>
    </extensions>
   </trkpt>
   <trkpt lat="42.9704387" lon="16.7014672">
    <ele>24</ele>
    <time>2026-08-07T18:27:59Z</time>
    <extensions>
     <gpxdata:distance>3934.00</gpxdata:distance>
     <gpxdata:speed>4.364</gpxdata:speed>
    </extensions>
   </trkpt>
   <trkpt lat="42.9704770" lon="16.7014831">
    <ele>24</ele>
    <time>2026-08-07T18:28:00Z</time>
    <extensions>
     <gpxdata:distance>3938.50</gpxdata:distance>
     <gpxdata:speed>4.425</gpxdata:speed>
    </extensions>
   </trkpt>
   <trkpt lat="42.9705155" lon="16.7014987">
    <ele>24</ele>
    <time>2026-08-07T18:28:01Z</time>
    <extensions>
     <gpxdata:distance>3943.00</gpxdata:distance>
     <gpxdata:speed>4.433</gpxdata:speed>
    </extensions>
   </trkpt>
   <trkpt lat="42.9705543" lon="16.7015141">
    <ele>24</ele>
    <time>2026-08-07T18:28:02Z</time>
    <extensions>
     <gpxdata:distance>3947.50</gpxdata:distance>
     <gpxdata:speed>4.461</gpxdata:speed>
    </extensions>
   </trkpt>
   <trkpt lat="42.9705930" lon="16.7015300">
    <ele>25</ele>
    <time>2026-08-07T18:28:03Z</time>
    <extensions>
     <gpxdata:distance>3952.00</gpxdata:distance>
     <gpxdata:speed>4.478</gpxdata:speed>
    </extensions>
   </trkpt>
   <trkpt lat="42.9706319" lon="16.7015476">
    <ele>25</ele>
    <time>2026-08-07T18:28:04Z</time>
    <extensions>
     <gpxdata:distance>3956.50</gpxdata:distance>
     <gpxdata:speed>4.492</gpxdata:speed>
    </extensions>
   </trkpt>
   <trkpt lat="42.9706704" lon="16.7015691">
    <ele>25</ele>
    <time>2026-08-07T18:28:05Z</time>
    <extensions>
     <gpxdata:distance>3961.00</gpxdata:distance>
     <gpxdata:speed>4.531</gpxdata:speed>
    </extensions>
   </trkpt>
   <trkpt lat="42.9707062" lon="16.7015977">
    <ele>25</ele>
    <time>2026-08-07T18:28:06Z</time>
    <extensions>
     <gpxdata:distance>3966.00</gpxdata:distance>
     <gpxdata:speed>4.586</gpxdata:speed>
    </extensions>
   </trkpt>
   <trkpt lat="42.9707362" lon="16.7016359">
    <ele>25</ele>
    <time>2026-08-07T18:28:07Z</time>
    <extensions>
     <gpxdata:distance>3971.00</gpxdata:distance>
     <gpxdata:speed>4.625</gpxdata:speed>
    </extensions>
   </trkpt>
   <trkpt lat="42.9707568" lon="16.7016828">
    <ele>25</ele>
    <time>2026-08-07T18:28:08Z</time>
    <extensions>
     <gpxdata:distance>3975.50</gpxdata:distance>
     <gpxdata:speed>4.658</gpxdata:speed>
    </extensions>
   </trkpt>
   <trkpt lat="42.9707641" lon="16.7017337">
    <ele>25</ele>
    <time>2026-08-07T18:28:09Z</time>
    <extensions>
     <gpxdata:distance>3980.00</gpxdata:distance>
     <gpxdata:speed>4.653</gpxdata:speed>
    </extensions>
   </trkpt>
   <trkpt lat="42.9707596" lon="16.7017826">
    <ele>25</ele>
    <time>2026-08-07T18:28:10Z</time>
    <extensions>
     <gpxdata:distance>3984.00</gpxdata:distance>
     <gpxdata:speed>4.589</gpxdata:speed>
    </extensions>
   </trkpt>
   <trkpt lat="42.9707526" lon="16.7018254">
    <ele>25</ele>
    <time>2026-08-07T18:28:11Z</time>
    <extensions>
     <gpxdata:distance>3988.00</gpxdata:distance>
     <gpxdata:speed>4.236</gpxdata:speed>
    </extensions>
   </trkpt>
   <trkpt lat="42.9707500" lon="16.7018589">
    <ele>25</ele>
    <time>2026-08-07T18:28:12Z</time>
    <extensions>
     <gpxdata:distance>3990.00</gpxdata:distance>
     <gpxdata:speed>3.547</gpxdata:speed>
    </extensions>
   </trkpt>
   <trkpt lat="42.9707519" lon="16.7018707">
    <ele>25</ele>
    <time>2026-08-07T18:28:13Z</time>
    <extensions>
     <gpxdata:distance>3992.00</gpxdata:distance>
     <gpxdata:speed>2.764</gpxdata:speed>
    </extensions>
   </trkpt>
   <trkpt lat="42.9707578" lon="16.7018795">
    <ele>25</ele>
    <time>2026-08-07T18:28:14Z</time>
    <extensions>
     <gpxdata:distance>3993.00</gpxdata:distance>
     <gpxdata:speed>2.017</gpxdata:speed>
    </extensions>
   </trkpt>
   <trkpt lat="42.9707641" lon="16.7018822">
    <ele>25</ele>
    <time>2026-08-07T18:28:15Z</time>
    <extensions>
     <gpxdata:distance>3994.00</gpxdata:distance>
     <gpxdata:speed>1.703</gpxdata:speed>
    </extensions>
   </trkpt>
   <trkpt lat="42.9707732" lon="16.7018819">
    <ele>25</ele>
    <time>2026-08-07T18:28:16Z</time>
    <extensions>
     <gpxdata:distance>3995.00</gpxdata:distance>
     <gpxdata:speed>1.544</gpxdata:speed>
    </extensions>
   </trkpt>
   <trkpt lat="42.9707841" lon="16.7018779">
    <ele>25</ele>
    <time>2026-08-07T18:28:17Z</time>
    <extensions>
     <gpxdata:distance>3996.00</gpxdata:distance>
     <gpxdata:speed>1.550</gpxdata:speed>
    </extensions>
   </trkpt>
   <trkpt lat="42.9707960" lon="16.7018702">
    <ele>25</ele>
    <time>2026-08-07T18:28:18Z</time>
    <extensions>
     <gpxdata:distance>3998.00</gpxdata:distance>
     <gpxdata:speed>1.669</gpxdata:speed>
    </extensions>
   </trkpt>
   <trkpt lat="42.9708086" lon="16.7018589">
    <ele>25</ele>
    <time>2026-08-07T18:28:19Z</time>
    <extensions>
     <gpxdata:distance>4000.00</gpxdata:distance>
     <gpxdata:speed>1.797</gpxdata:speed>
    </extensions>
   </trkpt>
   <trkpt lat="42.9708219" lon="16.7018450">
    <ele>25</ele>
    <time>2026-08-07T18:28:20Z</time>
    <extensions>
     <gpxdata:distance>4002.00</gpxdata:distance>
     <gpxdata:speed>1.983</gpxdata:speed>
    </extensions>
   </trkpt>
   <trkpt lat="42.9708409" lon="16.7018230">
    <ele>25</ele>
    <time>2026-08-07T18:28:21Z</time>
    <extensions>
     <gpxdata:distance>4004.00</gpxdata:distance>
     <gpxdata:speed>2.031</gpxdata:speed>
    </extensions>
   </trkpt>
   <trkpt lat="42.9708570" lon="16.7018020">
    <ele>26</ele>
    <time>2026-08-07T18:28:22Z</time>
    <extensions>
     <gpxdata:distance>4006.50</gpxdata:distance>
     <gpxdata:speed>2.122</gpxdata:speed>
    </extensions>
   </trkpt>
   <trkpt lat="42.9708723" lon="16.7017817">
    <ele>26</ele>
    <time>2026-08-07T18:28:23Z</time>
    <extensions>
     <gpxdata:distance>4009.00</gpxdata:distance>
     <gpxdata:speed>2.228</gpxdata:speed>
    </extensions>
   </trkpt>
   <trkpt lat="42.9708867" lon="16.7017612">
    <ele>26</ele>
    <time>2026-08-07T18:28:24Z</time>
    <extensions>
     <gpxdata:distance>4011.50</gpxdata:distance>
     <gpxdata:speed>2.322</gpxdata:speed>
    </extensions>
   </trkpt>
   <trkpt lat="42.9709000" lon="16.7017394">
    <ele>26</ele>
    <time>2026-08-07T18:28:25Z</time>
    <extensions>
     <gpxdata:distance>4014.00</gpxdata:distance>
     <gpxdata:speed>2.328</gpxdata:speed>
    </extensions>
   </trkpt>
   <trkpt lat="42.9709110" lon="16.7017151">
    <ele>26</ele>
    <time>2026-08-07T18:28:26Z</time>
    <extensions>
     <gpxdata:distance>4016.00</gpxdata:distance>
     <gpxdata:speed>2.361</gpxdata:speed>
    </extensions>
   </trkpt>
   <trkpt lat="42.9709192" lon="16.7016892">
    <ele>27</ele>
    <time>2026-08-07T18:28:27Z</time>
    <extensions>
     <gpxdata:distance>4018.00</gpxdata:distance>
     <gpxdata:speed>2.408</gpxdata:speed>
    </extensions>
   </trkpt>
   <trkpt lat="42.9709244" lon="16.7016619">
    <ele>27</ele>
    <time>2026-08-07T18:28:28Z</time>
    <extensions>
     <gpxdata:distance>4020.50</gpxdata:distance>
     <gpxdata:speed>2.403</gpxdata:speed>
    </extensions>
   </trkpt>
   <trkpt lat="42.9709264" lon="16.7016335">
    <ele>27</ele>
    <time>2026-08-07T18:28:29Z</time>
    <extensions>
     <gpxdata:distance>4023.00</gpxdata:distance>
     <gpxdata:speed>2.400</gpxdata:speed>
    </extensions>
   </trkpt>
   <trkpt lat="42.9709257" lon="16.7016053">
    <ele>28</ele>
    <time>2026-08-07T18:28:30Z</time>
    <extensions>
     <gpxdata:distance>4025.50</gpxdata:distance>
     <gpxdata:speed>2.428</gpxdata:speed>
    </extensions>
   </trkpt>
   <trkpt lat="42.9709217" lon="16.7015785">
    <ele>28</ele>
    <time>2026-08-07T18:28:31Z</time>
    <extensions>
     <gpxdata:distance>4028.00</gpxdata:distance>
     <gpxdata:speed>2.392</gpxdata:speed>
    </extensions>
   </trkpt>
   <trkpt lat="42.9709138" lon="16.7015543">
    <ele>28</ele>
    <time>2026-08-07T18:28:32Z</time>
    <extensions>
     <gpxdata:distance>4030.00</gpxdata:distance>
     <gpxdata:speed>2.344</gpxdata:speed>
    </extensions>
   </trkpt>
   <trkpt lat="42.9709025" lon="16.7015324">
    <ele>28</ele>
    <time>2026-08-07T18:28:33Z</time>
    <extensions>
     <gpxdata:distance>4032.00</gpxdata:distance>
     <gpxdata:speed>2.322</gpxdata:speed>
    </extensions>
   </trkpt>
   <trkpt lat="42.9708890" lon="16.7015123">
    <ele>29</ele>
    <time>2026-08-07T18:28:34Z</time>
    <extensions>
     <gpxdata:distance>4034.00</gpxdata:distance>
     <gpxdata:speed>2.325</gpxdata:speed>
    </extensions>
   </trkpt>
   <trkpt lat="42.9708737" lon="16.7014938">
    <ele>29</ele>
    <time>2026-08-07T18:28:35Z</time>
    <extensions>
     <gpxdata:distance>4036.00</gpxdata:distance>
     <gpxdata:speed>2.331</gpxdata:speed>
    </extensions>
   </trkpt>
   <trkpt lat="42.9708573" lon="16.7014778">
    <ele>29</ele>
    <time>2026-08-07T18:28:36Z</time>
    <extensions>
     <gpxdata:distance>4038.50</gpxdata:distance>
     <gpxdata:speed>2.339</gpxdata:speed>
    </extensions>
   </trkpt>
   <trkpt lat="42.9708392" lon="16.7014641">
    <ele>30</ele>
    <time>2026-08-07T18:28:37Z</time>
    <extensions>
     <gpxdata:distance>4041.00</gpxdata:distance>
     <gpxdata:speed>2.319</gpxdata:speed>
    </extensions>
   </trkpt>
   <trkpt lat="42.9708194" lon="16.7014516">
    <ele>30</ele>
    <time>2026-08-07T18:28:38Z</time>
    <extensions>
     <gpxdata:distance>4043.50</gpxdata:distance>
     <gpxdata:speed>2.350</gpxdata:speed>
    </extensions>
   </trkpt>
   <trkpt lat="42.9707982" lon="16.7014390">
    <ele>30</ele>
    <time>2026-08-07T18:28:39Z</time>
    <extensions>
     <gpxdata:distance>4046.00</gpxdata:distance>
     <gpxdata:speed>2.436</gpxdata:speed>
    </extensions>
   </trkpt>
   <trkpt lat="42.9707757" lon="16.7014252">
    <ele>30</ele>
    <time>2026-08-07T18:28:40Z</time>
    <extensions>
     <gpxdata:distance>4049.00</gpxdata:distance>
     <gpxdata:speed>2.550</gpxdata:speed>
    </extensions>
   </trkpt>
   <trkpt lat="42.9707520" lon="16.7014098">
    <ele>31</ele>
    <time>2026-08-07T18:28:41Z</time>
    <extensions>
     <gpxdata:distance>4052.00</gpxdata:distance>
     <gpxdata:speed>2.683</gpxdata:speed>
    </extensions>
   </trkpt>
   <trkpt lat="42.9707266" lon="16.7013941">
    <ele>31</ele>
    <time>2026-08-07T18:28:42Z</time>
    <extensions>
     <gpxdata:distance>4055.50</gpxdata:distance>
     <gpxdata:speed>2.836</gpxdata:speed>
    </extensions>
   </trkpt>
   <trkpt lat="42.9706823" lon="16.7013687">
    <ele>31</ele>
    <time>2026-08-07T18:28:43Z</time>
    <extensions>
     <gpxdata:distance>4059.00</gpxdata:distance>
     <gpxdata:speed>3.008</gpxdata:speed>
    </extensions>
   </trkpt>
   <trkpt lat="42.9706497" lon="16.7013505">
    <ele>32</ele>
    <time>2026-08-07T18:28:44Z</time>
    <extensions>
     <gpxdata:distance>4062.50</gpxdata:distance>
     <gpxdata:speed>3.181</gpxdata:speed>
    </extensions>
   </trkpt>
   <trkpt lat="42.9706193" lon="16.7013324">
    <ele>32</ele>
    <time>2026-08-07T18:28:45Z</time>
    <extensions>
     <gpxdata:distance>4066.00</gpxdata:distance>
     <gpxdata:speed>3.333</gpxdata:speed>
    </extensions>
   </trkpt>
   <trkpt lat="42.9705902" lon="16.7013148">
    <ele>32</ele>
    <time>2026-08-07T18:28:46Z</time>
    <extensions>
     <gpxdata:distance>4069.50</gpxdata:distance>
     <gpxdata:speed>3.447</gpxdata:speed>
    </extensions>
   </trkpt>
   <trkpt lat="42.9705616" lon="16.7012980">
    <ele>32</ele>
    <time>2026-08-07T18:28:47Z</time>
    <extensions>
     <gpxdata:distance>4073.00</gpxdata:distance>
     <gpxdata:speed>3.464</gpxdata:speed>
    </extensions>
   </trkpt>
   <trkpt lat="42.9705322" lon="16.7012812">
    <ele>32</ele>
    <time>2026-08-07T18:28:48Z</time>
    <extensions>
     <gpxdata:distance>4076.50</gpxdata:distance>
     <gpxdata:speed>3.433</gpxdata:speed>
    </extensions>
   </trkpt>
   <trkpt lat="42.9705018" lon="16.7012632">
    <ele>32</ele>
    <time>2026-08-07T18:28:49Z</time>
    <extensions>
     <gpxdata:distance>4080.00</gpxdata:distance>
     <gpxdata:speed>3.533</gpxdata:speed>
    </extensions>
   </trkpt>
   <trkpt lat="42.9704711" lon="16.7012439">
    <ele>33</ele>
    <time>2026-08-07T18:28:50Z</time>
    <extensions>
     <gpxdata:distance>4084.00</gpxdata:distance>
     <gpxdata:speed>3.633</gpxdata:speed>
    </extensions>
   </trkpt>
   <trkpt lat="42.9704405" lon="16.7012245">
    <ele>33</ele>
    <time>2026-08-07T18:28:51Z</time>
    <extensions>
     <gpxdata:distance>4088.00</gpxdata:distance>
     <gpxdata:speed>3.697</gpxdata:speed>
    </extensions>
   </trkpt>
   <trkpt lat="42.9704098" lon="16.7012049">
    <ele>33</ele>
    <time>2026-08-07T18:28:52Z</time>
    <extensions>
     <gpxdata:distance>4091.50</gpxdata:distance>
     <gpxdata:speed>3.725</gpxdata:speed>
    </extensions>
   </trkpt>
   <trkpt lat="42.9703787" lon="16.7011863">
    <ele>33</ele>
    <time>2026-08-07T18:28:53Z</time>
    <extensions>
     <gpxdata:distance>4095.00</gpxdata:distance>
     <gpxdata:speed>3.744</gpxdata:speed>
    </extensions>
   </trkpt>
   <trkpt lat="42.9703470" lon="16.7011690">
    <ele>34</ele>
    <time>2026-08-07T18:28:54Z</time>
    <extensions>
     <gpxdata:distance>4099.00</gpxdata:distance>
     <gpxdata:speed>3.761</gpxdata:speed>
    </extensions>
   </trkpt>
   <trkpt lat="42.9703148" lon="16.7011524">
    <ele>34</ele>
    <time>2026-08-07T18:28:55Z</time>
    <extensions>
     <gpxdata:distance>4103.00</gpxdata:distance>
     <gpxdata:speed>3.778</gpxdata:speed>
    </extensions>
   </trkpt>
   <trkpt lat="42.9702822" lon="16.7011354">
    <ele>34</ele>
    <time>2026-08-07T18:28:56Z</time>
    <extensions>
     <gpxdata:distance>4107.00</gpxdata:distance>
     <gpxdata:speed>3.806</gpxdata:speed>
    </extensions>
   </trkpt>
   <trkpt lat="42.9702492" lon="16.7011184">
    <ele>34</ele>
    <time>2026-08-07T18:28:57Z</time>
    <extensions>
     <gpxdata:distance>4111.00</gpxdata:distance>
     <gpxdata:speed>3.844</gpxdata:speed>
    </extensions>
   </trkpt>
   <trkpt lat="42.9702155" lon="16.7011017">
    <ele>34</ele>
    <time>2026-08-07T18:28:58Z</time>
    <extensions>
     <gpxdata:distance>4115.00</gpxdata:distance>
     <gpxdata:speed>3.889</gpxdata:speed>
    </extensions>
   </trkpt>
   <trkpt lat="42.9701811" lon="16.7010850">
    <ele>34</ele>
    <time>2026-08-07T18:28:59Z</time>
    <extensions>
     <gpxdata:distance>4119.00</gpxdata:distance>
     <gpxdata:speed>3.939</gpxdata:speed>
    </extensions>
   </trkpt>
   <trkpt lat="42.9701462" lon="16.7010674">
    <ele>34</ele>
    <time>2026-08-07T18:29:00Z</time>
    <extensions>
     <gpxdata:distance>4123.00</gpxdata:distance>
     <gpxdata:speed>3.994</gpxdata:speed>
    </extensions>
   </trkpt>
   <trkpt lat="42.9701114" lon="16.7010496">
    <ele>34</ele>
    <time>2026-08-07T18:29:01Z</time>
    <extensions>
     <gpxdata:distance>4127.00</gpxdata:distance>
     <gpxdata:speed>4.058</gpxdata:speed>
    </extensions>
   </trkpt>
   <trkpt lat="42.9700772" lon="16.7010311">
    <ele>34</ele>
    <time>2026-08-07T18:29:02Z</time>
    <extensions>
     <gpxdata:distance>4131.00</gpxdata:distance>
     <gpxdata:speed>4.089</gpxdata:speed>
    </extensions>
   </trkpt>
   <trkpt lat="42.9700435" lon="16.7010122">
    <ele>34</ele>
    <time>2026-08-07T18:29:03Z</time>
    <extensions>
     <gpxdata:distance>4135.00</gpxdata:distance>
     <gpxdata:speed>4.089</gpxdata:speed>
    </extensions>
   </trkpt>
   <trkpt lat="42.9700100" lon="16.7009926">
    <ele>34</ele>
    <time>2026-08-07T18:29:04Z</time>
    <extensions>
     <gpxdata:distance>4139.00</gpxdata:distance>
     <gpxdata:speed>4.072</gpxdata:speed>
    </extensions>
   </trkpt>
   <trkpt lat="42.9699767" lon="16.7009716">
    <ele>34</ele>
    <time>2026-08-07T18:29:05Z</time>
    <extensions>
     <gpxdata:distance>4143.00</gpxdata:distance>
     <gpxdata:speed>4.072</gpxdata:speed>
    </extensions>
   </trkpt>
   <trkpt lat="42.9699427" lon="16.7009493">
    <ele>34</ele>
    <time>2026-08-07T18:29:06Z</time>
    <extensions>
     <gpxdata:distance>4147.50</gpxdata:distance>
     <gpxdata:speed>4.089</gpxdata:speed>
    </extensions>
   </trkpt>
   <trkpt lat="42.9699072" lon="16.7009259">
    <ele>34</ele>
    <time>2026-08-07T18:29:07Z</time>
    <extensions>
     <gpxdata:distance>4152.00</gpxdata:distance>
     <gpxdata:speed>4.153</gpxdata:speed>
    </extensions>
   </trkpt>
   <trkpt lat="42.9698703" lon="16.7009022">
    <ele>34</ele>
    <time>2026-08-07T18:29:08Z</time>
    <extensions>
     <gpxdata:distance>4156.50</gpxdata:distance>
     <gpxdata:speed>4.267</gpxdata:speed>
    </extensions>
   </trkpt>
   <trkpt lat="42.9698325" lon="16.7008785">
    <ele>34</ele>
    <time>2026-08-07T18:29:09Z</time>
    <extensions>
     <gpxdata:distance>4161.00</gpxdata:distance>
     <gpxdata:speed>4.386</gpxdata:speed>
    </extensions>
   </trkpt>
   <trkpt lat="42.9697941" lon="16.7008537">
    <ele>34</ele>
    <time>2026-08-07T18:29:10Z</time>
    <extensions>
     <gpxdata:distance>4165.50</gpxdata:distance>
     <gpxdata:speed>4.519</gpxdata:speed>
    </extensions>
   </trkpt>
   <trkpt lat="42.9697553" lon="16.7008265">
    <ele>34</ele>
    <time>2026-08-07T18:29:11Z</time>
    <extensions>
     <gpxdata:distance>4170.00</gpxdata:distance>
     <gpxdata:speed>4.661</gpxdata:speed>
    </extensions>
   </trkpt>
   <trkpt lat="42.9697156" lon="16.7007956">
    <ele>34</ele>
    <time>2026-08-07T18:29:12Z</time>
    <extensions>
     <gpxdata:distance>4175.50</gpxdata:distance>
     <gpxdata:speed>4.853</gpxdata:speed>
    </extensions>
   </trkpt>
   <trkpt lat="42.9696750" lon="16.7007608">
    <ele>34</ele>
    <time>2026-08-07T18:29:13Z</time>
    <extensions>
     <gpxdata:distance>4181.00</gpxdata:distance>
     <gpxdata:speed>5.108</gpxdata:speed>
    </extensions>
   </trkpt>
   <trkpt lat="42.9696335" lon="16.7007218">
    <ele>34</ele>
    <time>2026-08-07T18:29:14Z</time>
    <extensions>
     <gpxdata:distance>4186.50</gpxdata:distance>
     <gpxdata:speed>5.353</gpxdata:speed>
    </extensions>
   </trkpt>
   <trkpt lat="42.9695914" lon="16.7006783">
    <ele>34</ele>
    <time>2026-08-07T18:29:15Z</time>
    <extensions>
     <gpxdata:distance>4192.00</gpxdata:distance>
     <gpxdata:speed>5.628</gpxdata:speed>
    </extensions>
   </trkpt>
   <trkpt lat="42.9695498" lon="16.7006302">
    <ele>34</ele>
    <time>2026-08-07T18:29:16Z</time>
    <extensions>
     <gpxdata:distance>4198.50</gpxdata:distance>
     <gpxdata:speed>5.881</gpxdata:speed>
    </extensions>
   </trkpt>
   <trkpt lat="42.9694973" lon="16.7005603">
    <ele>33</ele>
    <time>2026-08-07T18:29:17Z</time>
    <extensions>
     <gpxdata:distance>4205.00</gpxdata:distance>
     <gpxdata:speed>6.053</gpxdata:speed>
    </extensions>
   </trkpt>
   <trkpt lat="42.9694594" lon="16.7005028">
    <ele>33</ele>
    <time>2026-08-07T18:29:18Z</time>
    <extensions>
     <gpxdata:distance>4211.00</gpxdata:distance>
     <gpxdata:speed>6.086</gpxdata:speed>
    </extensions>
   </trkpt>
   <trkpt lat="42.9694264" lon="16.7004460">
    <ele>33</ele>
    <time>2026-08-07T18:29:19Z</time>
    <extensions>
     <gpxdata:distance>4217.00</gpxdata:distance>
     <gpxdata:speed>6.067</gpxdata:speed>
    </extensions>
   </trkpt>
   <trkpt lat="42.9694053" lon="16.7004044">
    <ele>32</ele>
    <time>2026-08-07T18:29:20Z</time>
    <extensions>
     <gpxdata:distance>4222.50</gpxdata:distance>
     <gpxdata:speed>5.989</gpxdata:speed>
    </extensions>
   </trkpt>
   <trkpt lat="42.9693813" lon="16.7003506">
    <ele>32</ele>
    <time>2026-08-07T18:29:21Z</time>
    <extensions>
     <gpxdata:distance>4228.00</gpxdata:distance>
     <gpxdata:speed>5.886</gpxdata:speed>
    </extensions>
   </trkpt>
   <trkpt lat="42.9693589" lon="16.7002922">
    <ele>32</ele>
    <time>2026-08-07T18:29:22Z</time>
    <extensions>
     <gpxdata:distance>4233.50</gpxdata:distance>
     <gpxdata:speed>5.775</gpxdata:speed>
    </extensions>
   </trkpt>
   <trkpt lat="42.9693398" lon="16.7002313">
    <ele>32</ele>
    <time>2026-08-07T18:29:23Z</time>
    <extensions>
     <gpxdata:distance>4239.00</gpxdata:distance>
     <gpxdata:speed>5.672</gpxdata:speed>
    </extensions>
   </trkpt>
   <trkpt lat="42.9693246" lon="16.7001691">
    <ele>32</ele>
    <time>2026-08-07T18:29:24Z</time>
    <extensions>
     <gpxdata:distance>4244.50</gpxdata:distance>
     <gpxdata:speed>5.586</gpxdata:speed>
    </extensions>
   </trkpt>
   <trkpt lat="42.9693139" lon="16.7001066">
    <ele>32</ele>
    <time>2026-08-07T18:29:25Z</time>
    <extensions>
     <gpxdata:distance>4250.00</gpxdata:distance>
     <gpxdata:speed>5.500</gpxdata:speed>
    </extensions>
   </trkpt>
   <trkpt lat="42.9693056" lon="16.7000462">
    <ele>32</ele>
    <time>2026-08-07T18:29:26Z</time>
    <extensions>
     <gpxdata:distance>4254.50</gpxdata:distance>
     <gpxdata:speed>5.269</gpxdata:speed>
    </extensions>
   </trkpt>
   <trkpt lat="42.9692986" lon="16.6999882">
    <ele>32</ele>
    <time>2026-08-07T18:29:27Z</time>
    <extensions>
     <gpxdata:distance>4259.00</gpxdata:distance>
     <gpxdata:speed>4.983</gpxdata:speed>
    </extensions>
   </trkpt>
   <trkpt lat="42.9692925" lon="16.6999312">
    <ele>32</ele>
    <time>2026-08-07T18:29:28Z</time>
    <extensions>
     <gpxdata:distance>4264.00</gpxdata:distance>
     <gpxdata:speed>4.781</gpxdata:speed>
    </extensions>
   </trkpt>
   <trkpt lat="42.9692869" lon="16.6998737">
    <ele>32</ele>
    <time>2026-08-07T18:29:29Z</time>
    <extensions>
     <gpxdata:distance>4269.00</gpxdata:distance>
     <gpxdata:speed>4.717</gpxdata:speed>
    </extensions>
   </trkpt>
   <trkpt lat="42.9692817" lon="16.6998150">
    <ele>32</ele>
    <time>2026-08-07T18:29:30Z</time>
    <extensions>
     <gpxdata:distance>4273.50</gpxdata:distance>
     <gpxdata:speed>4.781</gpxdata:speed>
    </extensions>
   </trkpt>
   <trkpt lat="42.9692769" lon="16.6997553">
    <ele>32</ele>
    <time>2026-08-07T18:29:31Z</time>
    <extensions>
     <gpxdata:distance>4278.00</gpxdata:distance>
     <gpxdata:speed>4.839</gpxdata:speed>
    </extensions>
   </trkpt>
   <trkpt lat="42.9692713" lon="16.6996941">
    <ele>33</ele>
    <time>2026-08-07T18:29:32Z</time>
    <extensions>
     <gpxdata:distance>4283.50</gpxdata:distance>
     <gpxdata:speed>4.906</gpxdata:speed>
    </extensions>
   </trkpt>
   <trkpt lat="42.9692641" lon="16.6996313">
    <ele>33</ele>
    <time>2026-08-07T18:29:33Z</time>
    <extensions>
     <gpxdata:distance>4289.00</gpxdata:distance>
     <gpxdata:speed>5.000</gpxdata:speed>
    </extensions>
   </trkpt>
   <trkpt lat="42.9692548" lon="16.6995666">
    <ele>33</ele>
    <time>2026-08-07T18:29:34Z</time>
    <extensions>
     <gpxdata:distance>4294.00</gpxdata:distance>
     <gpxdata:speed>5.094</gpxdata:speed>
    </extensions>
   </trkpt>
   <trkpt lat="42.9692430" lon="16.6995002">
    <ele>33</ele>
    <time>2026-08-07T18:29:35Z</time>
    <extensions>
     <gpxdata:distance>4299.00</gpxdata:distance>
     <gpxdata:speed>5.228</gpxdata:speed>
    </extensions>
   </trkpt>
   <trkpt lat="42.9692269" lon="16.6994341">
    <ele>33</ele>
    <time>2026-08-07T18:29:36Z</time>
    <extensions>
     <gpxdata:distance>4305.00</gpxdata:distance>
     <gpxdata:speed>5.375</gpxdata:speed>
    </extensions>
   </trkpt>
   <trkpt lat="42.9692056" lon="16.6993723">
    <ele>33</ele>
    <time>2026-08-07T18:29:37Z</time>
    <extensions>
     <gpxdata:distance>4311.00</gpxdata:distance>
     <gpxdata:speed>5.650</gpxdata:speed>
    </extensions>
   </trkpt>
   <trkpt lat="42.9691769" lon="16.6993154">
    <ele>33</ele>
    <time>2026-08-07T18:29:38Z</time>
    <extensions>
     <gpxdata:distance>4316.50</gpxdata:distance>
     <gpxdata:speed>5.611</gpxdata:speed>
    </extensions>
   </trkpt>
   <trkpt lat="42.9691405" lon="16.6992639">
    <ele>34</ele>
    <time>2026-08-07T18:29:39Z</time>
    <extensions>
     <gpxdata:distance>4322.00</gpxdata:distance>
     <gpxdata:speed>5.717</gpxdata:speed>
    </extensions>
   </trkpt>
   <trkpt lat="42.9690971" lon="16.6992175">
    <ele>34</ele>
    <time>2026-08-07T18:29:40Z</time>
    <extensions>
     <gpxdata:distance>4328.50</gpxdata:distance>
     <gpxdata:speed>5.950</gpxdata:speed>
    </extensions>
   </trkpt>
   <trkpt lat="42.9690303" lon="16.6991618">
    <ele>34</ele>
    <time>2026-08-07T18:29:41Z</time>
    <extensions>
     <gpxdata:distance>4335.00</gpxdata:distance>
     <gpxdata:speed>6.231</gpxdata:speed>
    </extensions>
   </trkpt>
   <trkpt lat="42.9689696" lon="16.6991248">
    <ele>34</ele>
    <time>2026-08-07T18:29:42Z</time>
    <extensions>
     <gpxdata:distance>4342.00</gpxdata:distance>
     <gpxdata:speed>6.592</gpxdata:speed>
    </extensions>
   </trkpt>
   <trkpt lat="42.9689045" lon="16.6990937">
    <ele>33</ele>
    <time>2026-08-07T18:29:43Z</time>
    <extensions>
     <gpxdata:distance>4349.00</gpxdata:distance>
     <gpxdata:speed>7.067</gpxdata:speed>
    </extensions>
   </trkpt>
   <trkpt lat="42.9688363" lon="16.6990676">
    <ele>33</ele>
    <time>2026-08-07T18:29:44Z</time>
    <extensions>
     <gpxdata:distance>4357.00</gpxdata:distance>
     <gpxdata:speed>7.494</gpxdata:speed>
    </extensions>
   </trkpt>
   <trkpt lat="42.9687665" lon="16.6990448">
    <ele>33</ele>
    <time>2026-08-07T18:29:45Z</time>
    <extensions>
     <gpxdata:distance>4365.00</gpxdata:distance>
     <gpxdata:speed>7.683</gpxdata:speed>
    </extensions>
   </trkpt>
   <trkpt lat="42.9686966" lon="16.6990229">
    <ele>33</ele>
    <time>2026-08-07T18:29:46Z</time>
    <extensions>
     <gpxdata:distance>4373.00</gpxdata:distance>
     <gpxdata:speed>7.819</gpxdata:speed>
    </extensions>
   </trkpt>
   <trkpt lat="42.9686278" lon="16.6989998">
    <ele>32</ele>
    <time>2026-08-07T18:29:47Z</time>
    <extensions>
     <gpxdata:distance>4381.00</gpxdata:distance>
     <gpxdata:speed>7.867</gpxdata:speed>
    </extensions>
   </trkpt>
   <trkpt lat="42.9685606" lon="16.6989749">
    <ele>32</ele>
    <time>2026-08-07T18:29:48Z</time>
    <extensions>
     <gpxdata:distance>4388.50</gpxdata:distance>
     <gpxdata:speed>7.831</gpxdata:speed>
    </extensions>
   </trkpt>
   <trkpt lat="42.9684947" lon="16.6989485">
    <ele>32</ele>
    <time>2026-08-07T18:29:49Z</time>
    <extensions>
     <gpxdata:distance>4396.00</gpxdata:distance>
     <gpxdata:speed>7.731</gpxdata:speed>
    </extensions>
   </trkpt>
   <trkpt lat="42.9684293" lon="16.6989203">
    <ele>31</ele>
    <time>2026-08-07T18:29:50Z</time>
    <extensions>
     <gpxdata:distance>4404.00</gpxdata:distance>
     <gpxdata:speed>7.672</gpxdata:speed>
    </extensions>
   </trkpt>
   <trkpt lat="42.9683634" lon="16.6988913">
    <ele>31</ele>
    <time>2026-08-07T18:29:51Z</time>
    <extensions>
     <gpxdata:distance>4412.00</gpxdata:distance>
     <gpxdata:speed>7.672</gpxdata:speed>
    </extensions>
   </trkpt>
   <trkpt lat="42.9682970" lon="16.6988611">
    <ele>31</ele>
    <time>2026-08-07T18:29:52Z</time>
    <extensions>
     <gpxdata:distance>4419.50</gpxdata:distance>
     <gpxdata:speed>7.719</gpxdata:speed>
    </extensions>
   </trkpt>
   <trkpt lat="42.9682300" lon="16.6988295">
    <ele>31</ele>
    <time>2026-08-07T18:29:53Z</time>
    <extensions>
     <gpxdata:distance>4427.00</gpxdata:distance>
     <gpxdata:speed>7.767</gpxdata:speed>
    </extensions>
   </trkpt>
   <trkpt lat="42.9681637" lon="16.6987957">
    <ele>31</ele>
    <time>2026-08-07T18:29:54Z</time>
    <extensions>
     <gpxdata:distance>4435.00</gpxdata:distance>
     <gpxdata:speed>7.856</gpxdata:speed>
    </extensions>
   </trkpt>
   <trkpt lat="42.9680990" lon="16.6987586">
    <ele>31</ele>
    <time>2026-08-07T18:29:55Z</time>
    <extensions>
     <gpxdata:distance>4443.00</gpxdata:distance>
     <gpxdata:speed>7.853</gpxdata:speed>
    </extensions>
   </trkpt>
   <trkpt lat="42.9680367" lon="16.6987169">
    <ele>30</ele>
    <time>2026-08-07T18:29:56Z</time>
    <extensions>
     <gpxdata:distance>4450.50</gpxdata:distance>
     <gpxdata:speed>7.831</gpxdata:speed>
    </extensions>
   </trkpt>
   <trkpt lat="42.9679790" lon="16.6986714">
    <ele>30</ele>
    <time>2026-08-07T18:29:57Z</time>
    <extensions>
     <gpxdata:distance>4458.00</gpxdata:distance>
     <gpxdata:speed>7.783</gpxdata:speed>
    </extensions>
   </trkpt>
   <trkpt lat="42.9679267" lon="16.6986232">
    <ele>30</ele>
    <time>2026-08-07T18:29:58Z</time>
    <extensions>
     <gpxdata:distance>4465.00</gpxdata:distance>
     <gpxdata:speed>7.636</gpxdata:speed>
    </extensions>
   </trkpt>
   <trkpt lat="42.9678784" lon="16.6985740">
    <ele>30</ele>
    <time>2026-08-07T18:29:59Z</time>
    <extensions>
     <gpxdata:distance>4472.00</gpxdata:distance>
     <gpxdata:speed>7.406</gpxdata:speed>
    </extensions>
   </trkpt>
   <trkpt lat="42.9678326" lon="16.6985245">
    <ele>29</ele>
    <time>2026-08-07T18:30:00Z</time>
    <extensions>
     <gpxdata:distance>4478.50</gpxdata:distance>
     <gpxdata:speed>7.150</gpxdata:speed>
    </extensions>
   </trkpt>
   <trkpt lat="42.9677886" lon="16.6984750">
    <ele>29</ele>
    <time>2026-08-07T18:30:01Z</time>
    <extensions>
     <gpxdata:distance>4485.00</gpxdata:distance>
     <gpxdata:speed>6.664</gpxdata:speed>
    </extensions>
   </trkpt>
   <trkpt lat="42.9677458" lon="16.6984251">
    <ele>29</ele>
    <time>2026-08-07T18:30:02Z</time>
    <extensions>
     <gpxdata:distance>4491.50</gpxdata:distance>
     <gpxdata:speed>6.458</gpxdata:speed>
    </extensions>
   </trkpt>
   <trkpt lat="42.9677042" lon="16.6983735">
    <ele>29</ele>
    <time>2026-08-07T18:30:03Z</time>
    <extensions>
     <gpxdata:distance>4498.00</gpxdata:distance>
     <gpxdata:speed>6.364</gpxdata:speed>
    </extensions>
   </trkpt>
   <trkpt lat="42.9676641" lon="16.6983203">
    <ele>29</ele>
    <time>2026-08-07T18:30:04Z</time>
    <extensions>
     <gpxdata:distance>4504.00</gpxdata:distance>
     <gpxdata:speed>6.314</gpxdata:speed>
    </extensions>
   </trkpt>
   <trkpt lat="42.9676255" lon="16.6982658">
    <ele>29</ele>
    <time>2026-08-07T18:30:05Z</time>
    <extensions>
     <gpxdata:distance>4510.00</gpxdata:distance>
     <gpxdata:speed>6.267</gpxdata:speed>
    </extensions>
   </trkpt>
   <trkpt lat="42.9675891" lon="16.6982107">
    <ele>29</ele>
    <time>2026-08-07T18:30:06Z</time>
    <extensions>
     <gpxdata:distance>4516.00</gpxdata:distance>
     <gpxdata:speed>6.197</gpxdata:speed>
    </extensions>
   </trkpt>
   <trkpt lat="42.9675548" lon="16.6981558">
    <ele>29</ele>
    <time>2026-08-07T18:30:07Z</time>
    <extensions>
     <gpxdata:distance>4522.00</gpxdata:distance>
     <gpxdata:speed>6.061</gpxdata:speed>
    </extensions>
   </trkpt>
   <trkpt lat="42.9675309" lon="16.6981174">
    <ele>29</ele>
    <time>2026-08-07T18:30:08Z</time>
    <extensions>
     <gpxdata:distance>4528.00</gpxdata:distance>
     <gpxdata:speed>5.914</gpxdata:speed>
    </extensions>
   </trkpt>
   <trkpt lat="42.9675011" lon="16.6980715">
    <ele>29</ele>
    <time>2026-08-07T18:30:09Z</time>
    <extensions>
     <gpxdata:distance>4534.00</gpxdata:distance>
     <gpxdata:speed>5.728</gpxdata:speed>
    </extensions>
   </trkpt>
   <trkpt lat="42.9674695" lon="16.6980273">
    <ele>29</ele>
    <time>2026-08-07T18:30:10Z</time>
    <extensions>
     <gpxdata:distance>4539.00</gpxdata:distance>
     <gpxdata:speed>5.464</gpxdata:speed>
    </extensions>
   </trkpt>
   <trkpt lat="42.9674379" lon="16.6979876">
    <ele>30</ele>
    <time>2026-08-07T18:30:11Z</time>
    <extensions>
     <gpxdata:distance>4544.00</gpxdata:distance>
     <gpxdata:speed>5.167</gpxdata:speed>
    </extensions>
   </trkpt>
   <trkpt lat="42.9674095" lon="16.6979523">
    <ele>30</ele>
    <time>2026-08-07T18:30:12Z</time>
    <extensions>
     <gpxdata:distance>4548.00</gpxdata:distance>
     <gpxdata:speed>4.825</gpxdata:speed>
    </extensions>
   </trkpt>
   <trkpt lat="42.9673852" lon="16.6979238">
    <ele>30</ele>
    <time>2026-08-07T18:30:13Z</time>
    <extensions>
     <gpxdata:distance>4552.00</gpxdata:distance>
     <gpxdata:speed>4.264</gpxdata:speed>
    </extensions>
   </trkpt>
   <trkpt lat="42.9673641" lon="16.6979025">
    <ele>30</ele>
    <time>2026-08-07T18:30:14Z</time>
    <extensions>
     <gpxdata:distance>4554.50</gpxdata:distance>
     <gpxdata:speed>3.531</gpxdata:speed>
    </extensions>
   </trkpt>
   <trkpt lat="42.9673523" lon="16.6978918">
    <ele>29</ele>
    <time>2026-08-07T18:30:15Z</time>
    <extensions>
     <gpxdata:distance>4557.00</gpxdata:distance>
     <gpxdata:speed>2.964</gpxdata:speed>
    </extensions>
   </trkpt>
   <trkpt lat="42.9673348" lon="16.6978753">
    <ele>29</ele>
    <time>2026-08-07T18:30:16Z</time>
    <extensions>
     <gpxdata:distance>4560.00</gpxdata:distance>
     <gpxdata:speed>2.906</gpxdata:speed>
    </extensions>
   </trkpt>
   <trkpt lat="42.9672994" lon="16.6978371">
    <ele>29</ele>
    <time>2026-08-07T18:30:17Z</time>
    <extensions>
     <gpxdata:distance>4563.00</gpxdata:distance>
     <gpxdata:speed>3.253</gpxdata:speed>
    </extensions>
   </trkpt>
   <trkpt lat="42.9672714" lon="16.6978001">
    <ele>29</ele>
    <time>2026-08-07T18:30:18Z</time>
    <extensions>
     <gpxdata:distance>4567.50</gpxdata:distance>
     <gpxdata:speed>3.628</gpxdata:speed>
    </extensions>
   </trkpt>
   <trkpt lat="42.9672443" lon="16.6977574">
    <ele>29</ele>
    <time>2026-08-07T18:30:19Z</time>
    <extensions>
     <gpxdata:distance>4572.00</gpxdata:distance>
     <gpxdata:speed>3.900</gpxdata:speed>
    </extensions>
   </trkpt>
   <trkpt lat="42.9672169" lon="16.6977089">
    <ele>29</ele>
    <time>2026-08-07T18:30:20Z</time>
    <extensions>
     <gpxdata:distance>4577.00</gpxdata:distance>
     <gpxdata:speed>4.211</gpxdata:speed>
    </extensions>
   </trkpt>
   <trkpt lat="42.9671887" lon="16.6976563">
    <ele>28</ele>
    <time>2026-08-07T18:30:21Z</time>
    <extensions>
     <gpxdata:distance>4582.00</gpxdata:distance>
     <gpxdata:speed>4.536</gpxdata:speed>
    </extensions>
   </trkpt>
   <trkpt lat="42.9671605" lon="16.6976016">
    <ele>28</ele>
    <time>2026-08-07T18:30:22Z</time>
    <extensions>
     <gpxdata:distance>4587.50</gpxdata:distance>
     <gpxdata:speed>5.211</gpxdata:speed>
    </extensions>
   </trkpt>
   <trkpt lat="42.9671345" lon="16.6975449">
    <ele>28</ele>
    <time>2026-08-07T18:30:23Z</time>
    <extensions>
     <gpxdata:distance>4593.00</gpxdata:distance>
     <gpxdata:speed>5.358</gpxdata:speed>
    </extensions>
   </trkpt>
   <trkpt lat="42.9671114" lon="16.6974860">
    <ele>28</ele>
    <time>2026-08-07T18:30:24Z</time>
    <extensions>
     <gpxdata:distance>4598.50</gpxdata:distance>
     <gpxdata:speed>5.383</gpxdata:speed>
    </extensions>
   </trkpt>
   <trkpt lat="42.9670911" lon="16.6974259">
    <ele>28</ele>
    <time>2026-08-07T18:30:25Z</time>
    <extensions>
     <gpxdata:distance>4604.00</gpxdata:distance>
     <gpxdata:speed>5.414</gpxdata:speed>
    </extensions>
   </trkpt>
   <trkpt lat="42.9670731" lon="16.6973644">
    <ele>28</ele>
    <time>2026-08-07T18:30:26Z</time>
    <extensions>
     <gpxdata:distance>4609.50</gpxdata:distance>
     <gpxdata:speed>5.389</gpxdata:speed>
    </extensions>
   </trkpt>
   <trkpt lat="42.9670579" lon="16.6973018">
    <ele>27</ele>
    <time>2026-08-07T18:30:27Z</time>
    <extensions>
     <gpxdata:distance>4615.00</gpxdata:distance>
     <gpxdata:speed>5.394</gpxdata:speed>
    </extensions>
   </trkpt>
   <trkpt lat="42.9670459" lon="16.6972392">
    <ele>27</ele>
    <time>2026-08-07T18:30:28Z</time>
    <extensions>
     <gpxdata:distance>4620.00</gpxdata:distance>
     <gpxdata:speed>5.378</gpxdata:speed>
    </extensions>
   </trkpt>
   <trkpt lat="42.9670366" lon="16.6971767">
    <ele>27</ele>
    <time>2026-08-07T18:30:29Z</time>
    <extensions>
     <gpxdata:distance>4625.00</gpxdata:distance>
     <gpxdata:speed>5.333</gpxdata:speed>
    </extensions>
   </trkpt>
   <trkpt lat="42.9670288" lon="16.6971138">
    <ele>27</ele>
    <time>2026-08-07T18:30:30Z</time>
    <extensions>
     <gpxdata:distance>4630.50</gpxdata:distance>
     <gpxdata:speed>5.275</gpxdata:speed>
    </extensions>
   </trkpt>
   <trkpt lat="42.9670212" lon="16.6970508">
    <ele>27</ele>
    <time>2026-08-07T18:30:31Z</time>
    <extensions>
     <gpxdata:distance>4636.00</gpxdata:distance>
     <gpxdata:speed>5.256</gpxdata:speed>
    </extensions>
   </trkpt>
   <trkpt lat="42.9670134" lon="16.6969875">
    <ele>27</ele>
    <time>2026-08-07T18:30:32Z</time>
    <extensions>
     <gpxdata:distance>4641.00</gpxdata:distance>
     <gpxdata:speed>5.231</gpxdata:speed>
    </extensions>
   </trkpt>
   <trkpt lat="42.9670054" lon="16.6969239">
    <ele>27</ele>
    <time>2026-08-07T18:30:33Z</time>
    <extensions>
     <gpxdata:distance>4646.00</gpxdata:distance>
     <gpxdata:speed>5.233</gpxdata:speed>
    </extensions>
   </trkpt>
   <trkpt lat="42.9669972" lon="16.6968594">
    <ele>27</ele>
    <time>2026-08-07T18:30:34Z</time>
    <extensions>
     <gpxdata:distance>4651.50</gpxdata:distance>
     <gpxdata:speed>5.242</gpxdata:speed>
    </extensions>
   </trkpt>
   <trkpt lat="42.9669889" lon="16.6967930">
    <ele>27</ele>
    <time>2026-08-07T18:30:35Z</time>
    <extensions>
     <gpxdata:distance>4657.00</gpxdata:distance>
     <gpxdata:speed>5.289</gpxdata:speed>
    </extensions>
   </trkpt>
   <trkpt lat="42.9669799" lon="16.6967257">
    <ele>27</ele>
    <time>2026-08-07T18:30:36Z</time>
    <extensions>
     <gpxdata:distance>4662.50</gpxdata:distance>
     <gpxdata:speed>5.381</gpxdata:speed>
    </extensions>
   </trkpt>
   <trkpt lat="42.9669690" lon="16.6966575">
    <ele>27</ele>
    <time>2026-08-07T18:30:37Z</time>
    <extensions>
     <gpxdata:distance>4668.00</gpxdata:distance>
     <gpxdata:speed>5.458</gpxdata:speed>
    </extensions>
   </trkpt>
   <trkpt lat="42.9669565" lon="16.6965882">
    <ele>27</ele>
    <time>2026-08-07T18:30:38Z</time>
    <extensions>
     <gpxdata:distance>4674.00</gpxdata:distance>
     <gpxdata:speed>5.550</gpxdata:speed>
    </extensions>
   </trkpt>
   <trkpt lat="42.9669431" lon="16.6965179">
    <ele>27</ele>
    <time>2026-08-07T18:30:39Z</time>
    <extensions>
     <gpxdata:distance>4680.00</gpxdata:distance>
     <gpxdata:speed>5.667</gpxdata:speed>
    </extensions>
   </trkpt>
   <trkpt lat="42.9669301" lon="16.6964476">
    <ele>27</ele>
    <time>2026-08-07T18:30:40Z</time>
    <extensions>
     <gpxdata:distance>4686.00</gpxdata:distance>
     <gpxdata:speed>5.775</gpxdata:speed>
    </extensions>
   </trkpt>
   <trkpt lat="42.9669197" lon="16.6963750">
    <ele>27</ele>
    <time>2026-08-07T18:30:41Z</time>
    <extensions>
     <gpxdata:distance>4692.00</gpxdata:distance>
     <gpxdata:speed>5.836</gpxdata:speed>
    </extensions>
   </trkpt>
   <trkpt lat="42.9669108" lon="16.6962730">
    <ele>27</ele>
    <time>2026-08-07T18:30:42Z</time>
    <extensions>
     <gpxdata:distance>4698.50</gpxdata:distance>
     <gpxdata:speed>6.053</gpxdata:speed>
    </extensions>
   </trkpt>
   <trkpt lat="42.9669093" lon="16.6961890">
    <ele>26</ele>
    <time>2026-08-07T18:30:43Z</time>
    <extensions>
     <gpxdata:distance>4705.00</gpxdata:distance>
     <gpxdata:speed>6.339</gpxdata:speed>
    </extensions>
   </trkpt>
   <trkpt lat="42.9669110" lon="16.6961071">
    <ele>26</ele>
    <time>2026-08-07T18:30:44Z</time>
    <extensions>
     <gpxdata:distance>4711.50</gpxdata:distance>
     <gpxdata:speed>6.558</gpxdata:speed>
    </extensions>
   </trkpt>
   <trkpt lat="42.9669129" lon="16.6960276">
    <ele>26</ele>
    <time>2026-08-07T18:30:45Z</time>
    <extensions>
     <gpxdata:distance>4718.00</gpxdata:distance>
     <gpxdata:speed>6.558</gpxdata:speed>
    </extensions>
   </trkpt>
   <trkpt lat="42.9669161" lon="16.6959509">
    <ele>26</ele>
    <time>2026-08-07T18:30:46Z</time>
    <extensions>
     <gpxdata:distance>4724.00</gpxdata:distance>
     <gpxdata:speed>6.428</gpxdata:speed>
    </extensions>
   </trkpt>
   <trkpt lat="42.9669211" lon="16.6958751">
    <ele>26</ele>
    <time>2026-08-07T18:30:47Z</time>
    <extensions>
     <gpxdata:distance>4730.00</gpxdata:distance>
     <gpxdata:speed>6.264</gpxdata:speed>
    </extensions>
   </trkpt>
   <trkpt lat="42.9669266" lon="16.6957985">
    <ele>26</ele>
    <time>2026-08-07T18:30:48Z</time>
    <extensions>
     <gpxdata:distance>4736.50</gpxdata:distance>
     <gpxdata:speed>6.256</gpxdata:speed>
    </extensions>
   </trkpt>
   <trkpt lat="42.9669321" lon="16.6957200">
    <ele>26</ele>
    <time>2026-08-07T18:30:49Z</time>
    <extensions>
     <gpxdata:distance>4743.00</gpxdata:distance>
     <gpxdata:speed>6.281</gpxdata:speed>
    </extensions>
   </trkpt>
   <trkpt lat="42.9669386" lon="16.6956392">
    <ele>26</ele>
    <time>2026-08-07T18:30:50Z</time>
    <extensions>
     <gpxdata:distance>4749.50</gpxdata:distance>
     <gpxdata:speed>6.353</gpxdata:speed>
    </extensions>
   </trkpt>
   <trkpt lat="42.9669486" lon="16.6955575">
    <ele>25</ele>
    <time>2026-08-07T18:30:51Z</time>
    <extensions>
     <gpxdata:distance>4756.00</gpxdata:distance>
     <gpxdata:speed>6.467</gpxdata:speed>
    </extensions>
   </trkpt>
   <trkpt lat="42.9669631" lon="16.6954772">
    <ele>25</ele>
    <time>2026-08-07T18:30:52Z</time>
    <extensions>
     <gpxdata:distance>4763.00</gpxdata:distance>
     <gpxdata:speed>6.575</gpxdata:speed>
    </extensions>
   </trkpt>
   <trkpt lat="42.9669818" lon="16.6954007">
    <ele>25</ele>
    <time>2026-08-07T18:30:53Z</time>
    <extensions>
     <gpxdata:distance>4770.00</gpxdata:distance>
     <gpxdata:speed>6.622</gpxdata:speed>
    </extensions>
   </trkpt>
   <trkpt lat="42.9670058" lon="16.6953305">
    <ele>25</ele>
    <time>2026-08-07T18:30:54Z</time>
    <extensions>
     <gpxdata:distance>4776.00</gpxdata:distance>
     <gpxdata:speed>6.586</gpxdata:speed>
    </extensions>
   </trkpt>
   <trkpt lat="42.9670339" lon="16.6952661">
    <ele>25</ele>
    <time>2026-08-07T18:30:55Z</time>
    <extensions>
     <gpxdata:distance>4782.00</gpxdata:distance>
     <gpxdata:speed>6.483</gpxdata:speed>
    </extensions>
   </trkpt>
   <trkpt lat="42.9670654" lon="16.6952068">
    <ele>25</ele>
    <time>2026-08-07T18:30:56Z</time>
    <extensions>
     <gpxdata:distance>4788.00</gpxdata:distance>
     <gpxdata:speed>6.350</gpxdata:speed>
    </extensions>
   </trkpt>
   <trkpt lat="42.9670995" lon="16.6951514">
    <ele>25</ele>
    <time>2026-08-07T18:30:57Z</time>
    <extensions>
     <gpxdata:distance>4794.00</gpxdata:distance>
     <gpxdata:speed>6.219</gpxdata:speed>
    </extensions>
   </trkpt>
   <trkpt lat="42.9671357" lon="16.6951002">
    <ele>24</ele>
    <time>2026-08-07T18:30:58Z</time>
    <extensions>
     <gpxdata:distance>4800.00</gpxdata:distance>
     <gpxdata:speed>6.114</gpxdata:speed>
    </extensions>
   </trkpt>
   <trkpt lat="42.9671622" lon="16.6950652">
    <ele>24</ele>
    <time>2026-08-07T18:30:59Z</time>
    <extensions>
     <gpxdata:distance>4806.00</gpxdata:distance>
     <gpxdata:speed>6.000</gpxdata:speed>
    </extensions>
   </trkpt>
   <trkpt lat="42.9671943" lon="16.6950200">
    <ele>24</ele>
    <time>2026-08-07T18:31:00Z</time>
    <extensions>
     <gpxdata:distance>4811.50</gpxdata:distance>
     <gpxdata:speed>5.733</gpxdata:speed>
    </extensions>
   </trkpt>
   <trkpt lat="42.9672224" lon="16.6949697">
    <ele>24</ele>
    <time>2026-08-07T18:31:01Z</time>
    <extensions>
     <gpxdata:distance>4817.00</gpxdata:distance>
     <gpxdata:speed>5.603</gpxdata:speed>
    </extensions>
   </trkpt>
   <trkpt lat="42.9672411" lon="16.6949184">
    <ele>24</ele>
    <time>2026-08-07T18:31:02Z</time>
    <extensions>
     <gpxdata:distance>4821.50</gpxdata:distance>
     <gpxdata:speed>5.303</gpxdata:speed>
    </extensions>
   </trkpt>
   <trkpt lat="42.9672463" lon="16.6948708">
    <ele>24</ele>
    <time>2026-08-07T18:31:03Z</time>
    <extensions>
     <gpxdata:distance>4826.00</gpxdata:distance>
     <gpxdata:speed>4.744</gpxdata:speed>
    </extensions>
   </trkpt>
   <trkpt lat="42.9672376" lon="16.6948308">
    <ele>24</ele>
    <time>2026-08-07T18:31:04Z</time>
    <extensions>
     <gpxdata:distance>4829.00</gpxdata:distance>
     <gpxdata:speed>4.178</gpxdata:speed>
    </extensions>
   </trkpt>
   <trkpt lat="42.9672184" lon="16.6947986">
    <ele>24</ele>
    <time>2026-08-07T18:31:05Z</time>
    <extensions>
     <gpxdata:distance>4832.00</gpxdata:distance>
     <gpxdata:speed>3.853</gpxdata:speed>
    </extensions>
   </trkpt>
   <trkpt lat="42.9671933" lon="16.6947723">
    <ele>24</ele>
    <time>2026-08-07T18:31:06Z</time>
    <extensions>
     <gpxdata:distance>4835.50</gpxdata:distance>
     <gpxdata:speed>3.739</gpxdata:speed>
    </extensions>
   </trkpt>
   <trkpt lat="42.9671654" lon="16.6947503">
    <ele>24</ele>
    <time>2026-08-07T18:31:07Z</time>
    <extensions>
     <gpxdata:distance>4839.00</gpxdata:distance>
     <gpxdata:speed>3.653</gpxdata:speed>
    </extensions>
   </trkpt>
   <trkpt lat="42.9671357" lon="16.6947304">
    <ele>25</ele>
    <time>2026-08-07T18:31:08Z</time>
    <extensions>
     <gpxdata:distance>4843.00</gpxdata:distance>
     <gpxdata:speed>3.589</gpxdata:speed>
    </extensions>
   </trkpt>
   <trkpt lat="42.9671034" lon="16.6947113">
    <ele>25</ele>
    <time>2026-08-07T18:31:09Z</time>
    <extensions>
     <gpxdata:distance>4847.00</gpxdata:distance>
     <gpxdata:speed>3.658</gpxdata:speed>
    </extensions>
   </trkpt>
   <trkpt lat="42.9670684" lon="16.6946905">
    <ele>25</ele>
    <time>2026-08-07T18:31:10Z</time>
    <extensions>
     <gpxdata:distance>4851.00</gpxdata:distance>
     <gpxdata:speed>3.914</gpxdata:speed>
    </extensions>
   </trkpt>
   <trkpt lat="42.9670306" lon="16.6946663">
    <ele>25</ele>
    <time>2026-08-07T18:31:11Z</time>
    <extensions>
     <gpxdata:distance>4855.00</gpxdata:distance>
     <gpxdata:speed>4.094</gpxdata:speed>
    </extensions>
   </trkpt>
   <trkpt lat="42.9669917" lon="16.6946375">
    <ele>25</ele>
    <time>2026-08-07T18:31:12Z</time>
    <extensions>
     <gpxdata:distance>4860.50</gpxdata:distance>
     <gpxdata:speed>4.367</gpxdata:speed>
    </extensions>
   </trkpt>
   <trkpt lat="42.9669550" lon="16.6946038">
    <ele>25</ele>
    <time>2026-08-07T18:31:13Z</time>
    <extensions>
     <gpxdata:distance>4866.00</gpxdata:distance>
     <gpxdata:speed>4.864</gpxdata:speed>
    </extensions>
   </trkpt>
   <trkpt lat="42.9669235" lon="16.6945650">
    <ele>25</ele>
    <time>2026-08-07T18:31:14Z</time>
    <extensions>
     <gpxdata:distance>4870.50</gpxdata:distance>
     <gpxdata:speed>4.867</gpxdata:speed>
    </extensions>
   </trkpt>
   <trkpt lat="42.9668994" lon="16.6945208">
    <ele>25</ele>
    <time>2026-08-07T18:31:15Z</time>
    <extensions>
     <gpxdata:distance>4875.00</gpxdata:distance>
     <gpxdata:speed>4.786</gpxdata:speed>
    </extensions>
   </trkpt>
   <trkpt lat="42.9668839" lon="16.6944700">
    <ele>25</ele>
    <time>2026-08-07T18:31:16Z</time>
    <extensions>
     <gpxdata:distance>4879.50</gpxdata:distance>
     <gpxdata:speed>4.569</gpxdata:speed>
    </extensions>
   </trkpt>
   <trkpt lat="42.9668773" lon="16.6944134">
    <ele>25</ele>
    <time>2026-08-07T18:31:17Z</time>
    <extensions>
     <gpxdata:distance>4884.00</gpxdata:distance>
     <gpxdata:speed>4.661</gpxdata:speed>
    </extensions>
   </trkpt>
   <trkpt lat="42.9668784" lon="16.6943542">
    <ele>25</ele>
    <time>2026-08-07T18:31:18Z</time>
    <extensions>
     <gpxdata:distance>4889.00</gpxdata:distance>
     <gpxdata:speed>4.842</gpxdata:speed>
    </extensions>
   </trkpt>
   <trkpt lat="42.9668850" lon="16.6942964">
    <ele>25</ele>
    <time>2026-08-07T18:31:19Z</time>
    <extensions>
     <gpxdata:distance>4894.00</gpxdata:distance>
     <gpxdata:speed>4.900</gpxdata:speed>
    </extensions>
   </trkpt>
   <trkpt lat="42.9668963" lon="16.6942429">
    <ele>25</ele>
    <time>2026-08-07T18:31:20Z</time>
    <extensions>
     <gpxdata:distance>4898.00</gpxdata:distance>
     <gpxdata:speed>4.750</gpxdata:speed>
    </extensions>
   </trkpt>
   <trkpt lat="42.9669108" lon="16.6941942">
    <ele>25</ele>
    <time>2026-08-07T18:31:21Z</time>
    <extensions>
     <gpxdata:distance>4902.00</gpxdata:distance>
     <gpxdata:speed>4.522</gpxdata:speed>
    </extensions>
   </trkpt>
   <trkpt lat="42.9669271" lon="16.6941490">
    <ele>25</ele>
    <time>2026-08-07T18:31:22Z</time>
    <extensions>
     <gpxdata:distance>4906.00</gpxdata:distance>
     <gpxdata:speed>4.264</gpxdata:speed>
    </extensions>
   </trkpt>
   <trkpt lat="42.9669442" lon="16.6941061">
    <ele>25</ele>
    <time>2026-08-07T18:31:23Z</time>
    <extensions>
     <gpxdata:distance>4910.00</gpxdata:distance>
     <gpxdata:speed>4.106</gpxdata:speed>
    </extensions>
   </trkpt>
   <trkpt lat="42.9669620" lon="16.6940648">
    <ele>26</ele>
    <time>2026-08-07T18:31:24Z</time>
    <extensions>
     <gpxdata:distance>4914.00</gpxdata:distance>
     <gpxdata:speed>4.019</gpxdata:speed>
    </extensions>
   </trkpt>
   <trkpt lat="42.9669805" lon="16.6940245">
    <ele>26</ele>
    <time>2026-08-07T18:31:25Z</time>
    <extensions>
     <gpxdata:distance>4918.00</gpxdata:distance>
     <gpxdata:speed>3.961</gpxdata:speed>
    </extensions>
   </trkpt>
   <trkpt lat="42.9669995" lon="16.6939843">
    <ele>26</ele>
    <time>2026-08-07T18:31:26Z</time>
    <extensions>
     <gpxdata:distance>4922.00</gpxdata:distance>
     <gpxdata:speed>3.925</gpxdata:speed>
    </extensions>
   </trkpt>
   <trkpt lat="42.9670187" lon="16.6939429">
    <ele>26</ele>
    <time>2026-08-07T18:31:27Z</time>
    <extensions>
     <gpxdata:distance>4926.00</gpxdata:distance>
     <gpxdata:speed>3.917</gpxdata:speed>
    </extensions>
   </trkpt>
   <trkpt lat="42.9670378" lon="16.6938990">
    <ele>27</ele>
    <time>2026-08-07T18:31:28Z</time>
    <extensions>
     <gpxdata:distance>4930.00</gpxdata:distance>
     <gpxdata:speed>4.008</gpxdata:speed>
    </extensions>
   </trkpt>
   <trkpt lat="42.9670578" lon="16.6938536">
    <ele>27</ele>
    <time>2026-08-07T18:31:29Z</time>
    <extensions>
     <gpxdata:distance>4934.00</gpxdata:distance>
     <gpxdata:speed>4.147</gpxdata:speed>
    </extensions>
   </trkpt>
   <trkpt lat="42.9670802" lon="16.6938081">
    <ele>27</ele>
    <time>2026-08-07T18:31:30Z</time>
    <extensions>
     <gpxdata:distance>4939.00</gpxdata:distance>
     <gpxdata:speed>4.244</gpxdata:speed>
    </extensions>
   </trkpt>
   <trkpt lat="42.9671045" lon="16.6937645">
    <ele>27</ele>
    <time>2026-08-07T18:31:31Z</time>
    <extensions>
     <gpxdata:distance>4944.00</gpxdata:distance>
     <gpxdata:speed>4.350</gpxdata:speed>
    </extensions>
   </trkpt>
   <trkpt lat="42.9671298" lon="16.6937242">
    <ele>28</ele>
    <time>2026-08-07T18:31:32Z</time>
    <extensions>
     <gpxdata:distance>4948.00</gpxdata:distance>
     <gpxdata:speed>4.397</gpxdata:speed>
    </extensions>
   </trkpt>
   <trkpt lat="42.9671552" lon="16.6936877">
    <ele>28</ele>
    <time>2026-08-07T18:31:33Z</time>
    <extensions>
     <gpxdata:distance>4952.00</gpxdata:distance>
     <gpxdata:speed>4.344</gpxdata:speed>
    </extensions>
   </trkpt>
   <trkpt lat="42.9671809" lon="16.6936540">
    <ele>28</ele>
    <time>2026-08-07T18:31:34Z</time>
    <extensions>
     <gpxdata:distance>4956.00</gpxdata:distance>
     <gpxdata:speed>4.231</gpxdata:speed>
    </extensions>
   </trkpt>
   <trkpt lat="42.9672070" lon="16.6936220">
    <ele>28</ele>
    <time>2026-08-07T18:31:35Z</time>
    <extensions>
     <gpxdata:distance>4960.00</gpxdata:distance>
     <gpxdata:speed>4.122</gpxdata:speed>
    </extensions>
   </trkpt>
   <trkpt lat="42.9672340" lon="16.6935917">
    <ele>28</ele>
    <time>2026-08-07T18:31:36Z</time>
    <extensions>
     <gpxdata:distance>4964.00</gpxdata:distance>
     <gpxdata:speed>4.047</gpxdata:speed>
    </extensions>
   </trkpt>
   <trkpt lat="42.9672618" lon="16.6935631">
    <ele>28</ele>
    <time>2026-08-07T18:31:37Z</time>
    <extensions>
     <gpxdata:distance>4968.00</gpxdata:distance>
     <gpxdata:speed>3.997</gpxdata:speed>
    </extensions>
   </trkpt>
   <trkpt lat="42.9672915" lon="16.6935360">
    <ele>29</ele>
    <time>2026-08-07T18:31:38Z</time>
    <extensions>
     <gpxdata:distance>4972.00</gpxdata:distance>
     <gpxdata:speed>3.956</gpxdata:speed>
    </extensions>
   </trkpt>
   <trkpt lat="42.9673232" lon="16.6935100">
    <ele>29</ele>
    <time>2026-08-07T18:31:39Z</time>
    <extensions>
     <gpxdata:distance>4976.00</gpxdata:distance>
     <gpxdata:speed>3.981</gpxdata:speed>
    </extensions>
   </trkpt>
   <trkpt lat="42.9673565" lon="16.6934846">
    <ele>29</ele>
    <time>2026-08-07T18:31:40Z</time>
    <extensions>
     <gpxdata:distance>4980.00</gpxdata:distance>
     <gpxdata:speed>4.044</gpxdata:speed>
    </extensions>
   </trkpt>
   <trkpt lat="42.9673909" lon="16.6934606">
    <ele>29</ele>
    <time>2026-08-07T18:31:41Z</time>
    <extensions>
     <gpxdata:distance>4984.00</gpxdata:distance>
     <gpxdata:speed>4.128</gpxdata:speed>
    </extensions>
   </trkpt>
   <trkpt lat="42.9674257" lon="16.6934386">
    <ele>30</ele>
    <time>2026-08-07T18:31:42Z</time>
    <extensions>
     <gpxdata:distance>4988.50</gpxdata:distance>
     <gpxdata:speed>4.186</gpxdata:speed>
    </extensions>
   </trkpt>
   <trkpt lat="42.9674601" lon="16.6934173">
    <ele>30</ele>
    <time>2026-08-07T18:31:43Z</time>
    <extensions>
     <gpxdata:distance>4993.00</gpxdata:distance>
     <gpxdata:speed>4.203</gpxdata:speed>
    </extensions>
   </trkpt>
   <trkpt lat="42.9674934" lon="16.6933962">
    <ele>30</ele>
    <time>2026-08-07T18:31:44Z</time>
    <extensions>
     <gpxdata:distance>4997.00</gpxdata:distance>
     <gpxdata:speed>4.189</gpxdata:speed>
    </extensions>
   </trkpt>
   <trkpt lat="42.9675253" lon="16.6933746">
    <ele>30</ele>
    <time>2026-08-07T18:31:45Z</time>
    <extensions>
     <gpxdata:distance>5001.00</gpxdata:distance>
     <gpxdata:speed>4.142</gpxdata:speed>
    </extensions>
   </trkpt>
   <trkpt lat="42.9675556" lon="16.6933521">
    <ele>30</ele>
    <time>2026-08-07T18:31:46Z</time>
    <extensions>
     <gpxdata:distance>5004.50</gpxdata:distance>
     <gpxdata:speed>4.067</gpxdata:speed>
    </extensions>
   </trkpt>
   <trkpt lat="42.9675845" lon="16.6933286">
    <ele>30</ele>
    <time>2026-08-07T18:31:47Z</time>
    <extensions>
     <gpxdata:distance>5008.00</gpxdata:distance>
     <gpxdata:speed>3.975</gpxdata:speed>
    </extensions>
   </trkpt>
   <trkpt lat="42.9676118" lon="16.6933049">
    <ele>30</ele>
    <time>2026-08-07T18:31:48Z</time>
    <extensions>
     <gpxdata:distance>5011.50</gpxdata:distance>
     <gpxdata:speed>3.883</gpxdata:speed>
    </extensions>
   </trkpt>
   <trkpt lat="42.9676375" lon="16.6932814">
    <ele>31</ele>
    <time>2026-08-07T18:31:49Z</time>
    <extensions>
     <gpxdata:distance>5015.00</gpxdata:distance>
     <gpxdata:speed>3.769</gpxdata:speed>
    </extensions>
   </trkpt>
   <trkpt lat="42.9676611" lon="16.6932569">
    <ele>31</ele>
    <time>2026-08-07T18:31:50Z</time>
    <extensions>
     <gpxdata:distance>5018.50</gpxdata:distance>
     <gpxdata:speed>3.628</gpxdata:speed>
    </extensions>
   </trkpt>
   <trkpt lat="42.9676833" lon="16.6932296">
    <ele>31</ele>
    <time>2026-08-07T18:31:51Z</time>
    <extensions>
     <gpxdata:distance>5022.00</gpxdata:distance>
     <gpxdata:speed>3.494</gpxdata:speed>
    </extensions>
   </trkpt>
   <trkpt lat="42.9677043" lon="16.6931969">
    <ele>31</ele>
    <time>2026-08-07T18:31:52Z</time>
    <extensions>
     <gpxdata:distance>5025.50</gpxdata:distance>
     <gpxdata:speed>3.450</gpxdata:speed>
    </extensions>
   </trkpt>
   <trkpt lat="42.9677226" lon="16.6931561">
    <ele>31</ele>
    <time>2026-08-07T18:31:53Z</time>
    <extensions>
     <gpxdata:distance>5029.00</gpxdata:distance>
     <gpxdata:speed>3.531</gpxdata:speed>
    </extensions>
   </trkpt>
   <trkpt lat="42.9677356" lon="16.6931064">
    <ele>31</ele>
    <time>2026-08-07T18:31:54Z</time>
    <extensions>
     <gpxdata:distance>5033.50</gpxdata:distance>
     <gpxdata:speed>3.736</gpxdata:speed>
    </extensions>
   </trkpt>
   <trkpt lat="42.9677408" lon="16.6930509">
    <ele>31</ele>
    <time>2026-08-07T18:31:55Z</time>
    <extensions>
     <gpxdata:distance>5038.00</gpxdata:distance>
     <gpxdata:speed>4.019</gpxdata:speed>
    </extensions>
   </trkpt>
   <trkpt lat="42.9677370" lon="16.6929947">
    <ele>31</ele>
    <time>2026-08-07T18:31:56Z</time>
    <extensions>
     <gpxdata:distance>5043.00</gpxdata:distance>
     <gpxdata:speed>4.275</gpxdata:speed>
    </extensions>
   </trkpt>
   <trkpt lat="42.9677249" lon="16.6929438">
    <ele>31</ele>
    <time>2026-08-07T18:31:57Z</time>
    <extensions>
     <gpxdata:distance>5048.00</gpxdata:distance>
     <gpxdata:speed>4.422</gpxdata:speed>
    </extensions>
   </trkpt>
   <trkpt lat="42.9677077" lon="16.6929008">
    <ele>31</ele>
    <time>2026-08-07T18:31:58Z</time>
    <extensions>
     <gpxdata:distance>5051.50</gpxdata:distance>
     <gpxdata:speed>4.394</gpxdata:speed>
    </extensions>
   </trkpt>
   <trkpt lat="42.9676898" lon="16.6928662">
    <ele>30</ele>
    <time>2026-08-07T18:31:59Z</time>
    <extensions>
     <gpxdata:distance>5055.00</gpxdata:distance>
     <gpxdata:speed>4.211</gpxdata:speed>
    </extensions>
   </trkpt>
   <trkpt lat="42.9676733" lon="16.6928384">
    <ele>30</ele>
    <time>2026-08-07T18:32:00Z</time>
    <extensions>
     <gpxdata:distance>5057.50</gpxdata:distance>
     <gpxdata:speed>3.861</gpxdata:speed>
    </extensions>
   </trkpt>
   <trkpt lat="42.9676585" lon="16.6928137">
    <ele>30</ele>
    <time>2026-08-07T18:32:01Z</time>
    <extensions>
     <gpxdata:distance>5060.00</gpxdata:distance>
     <gpxdata:speed>3.458</gpxdata:speed>
    </extensions>
   </trkpt>
   <trkpt lat="42.9676440" lon="16.6927898">
    <ele>30</ele>
    <time>2026-08-07T18:32:02Z</time>
    <extensions>
     <gpxdata:distance>5062.50</gpxdata:distance>
     <gpxdata:speed>3.125</gpxdata:speed>
    </extensions>
   </trkpt>
   <trkpt lat="42.9676349" lon="16.6927752">
    <ele>30</ele>
    <time>2026-08-07T18:32:03Z</time>
    <extensions>
     <gpxdata:distance>5065.00</gpxdata:distance>
     <gpxdata:speed>2.925</gpxdata:speed>
    </extensions>
   </trkpt>
   <trkpt lat="42.9676207" lon="16.6927531">
    <ele>30</ele>
    <time>2026-08-07T18:32:04Z</time>
    <extensions>
     <gpxdata:distance>5068.50</gpxdata:distance>
     <gpxdata:speed>2.900</gpxdata:speed>
    </extensions>
   </trkpt>
   <trkpt lat="42.9675910" lon="16.6927059">
    <ele>30</ele>
    <time>2026-08-07T18:32:05Z</time>
    <extensions>
     <gpxdata:distance>5072.00</gpxdata:distance>
     <gpxdata:speed>3.011</gpxdata:speed>
    </extensions>
   </trkpt>
   <trkpt lat="42.9675665" lon="16.6926658">
    <ele>30</ele>
    <time>2026-08-07T18:32:06Z</time>
    <extensions>
     <gpxdata:distance>5076.00</gpxdata:distance>
     <gpxdata:speed>3.253</gpxdata:speed>
    </extensions>
   </trkpt>
   <trkpt lat="42.9675431" lon="16.6926242">
    <ele>30</ele>
    <time>2026-08-07T18:32:07Z</time>
    <extensions>
     <gpxdata:distance>5080.00</gpxdata:distance>
     <gpxdata:speed>3.544</gpxdata:speed>
    </extensions>
   </trkpt>
   <trkpt lat="42.9675206" lon="16.6925804">
    <ele>31</ele>
    <time>2026-08-07T18:32:08Z</time>
    <extensions>
     <gpxdata:distance>5084.50</gpxdata:distance>
     <gpxdata:speed>3.806</gpxdata:speed>
    </extensions>
   </trkpt>
   <trkpt lat="42.9674992" lon="16.6925351">
    <ele>31</ele>
    <time>2026-08-07T18:32:09Z</time>
    <extensions>
     <gpxdata:distance>5089.00</gpxdata:distance>
     <gpxdata:speed>4.000</gpxdata:speed>
    </extensions>
   </trkpt>
   <trkpt lat="42.9674786" lon="16.6924882">
    <ele>31</ele>
    <time>2026-08-07T18:32:10Z</time>
    <extensions>
     <gpxdata:distance>5093.50</gpxdata:distance>
     <gpxdata:speed>4.142</gpxdata:speed>
    </extensions>
   </trkpt>
   <trkpt lat="42.9674598" lon="16.6924381">
    <ele>31</ele>
    <time>2026-08-07T18:32:11Z</time>
    <extensions>
     <gpxdata:distance>5098.00</gpxdata:distance>
     <gpxdata:speed>4.264</gpxdata:speed>
    </extensions>
   </trkpt>
   <trkpt lat="42.9674436" lon="16.6923844">
    <ele>31</ele>
    <time>2026-08-07T18:32:12Z</time>
    <extensions>
     <gpxdata:distance>5103.00</gpxdata:distance>
     <gpxdata:speed>4.414</gpxdata:speed>
    </extensions>
   </trkpt>
   <trkpt lat="42.9674322" lon="16.6923262">
    <ele>31</ele>
    <time>2026-08-07T18:32:13Z</time>
    <extensions>
     <gpxdata:distance>5108.00</gpxdata:distance>
     <gpxdata:speed>4.558</gpxdata:speed>
    </extensions>
   </trkpt>
   <trkpt lat="42.9674279" lon="16.6922645">
    <ele>31</ele>
    <time>2026-08-07T18:32:14Z</time>
    <extensions>
     <gpxdata:distance>5113.00</gpxdata:distance>
     <gpxdata:speed>4.733</gpxdata:speed>
    </extensions>
   </trkpt>
   <trkpt lat="42.9674318" lon="16.6922025">
    <ele>31</ele>
    <time>2026-08-07T18:32:15Z</time>
    <extensions>
     <gpxdata:distance>5118.00</gpxdata:distance>
     <gpxdata:speed>5.117</gpxdata:speed>
    </extensions>
   </trkpt>
   <trkpt lat="42.9674443" lon="16.6921441">
    <ele>31</ele>
    <time>2026-08-07T18:32:16Z</time>
    <extensions>
     <gpxdata:distance>5123.00</gpxdata:distance>
     <gpxdata:speed>5.147</gpxdata:speed>
    </extensions>
   </trkpt>
   <trkpt lat="42.9674653" lon="16.6920920">
    <ele>31</ele>
    <time>2026-08-07T18:32:17Z</time>
    <extensions>
     <gpxdata:distance>5128.00</gpxdata:distance>
     <gpxdata:speed>5.106</gpxdata:speed>
    </extensions>
   </trkpt>
   <trkpt lat="42.9674934" lon="16.6920476">
    <ele>30</ele>
    <time>2026-08-07T18:32:18Z</time>
    <extensions>
     <gpxdata:distance>5132.50</gpxdata:distance>
     <gpxdata:speed>5.036</gpxdata:speed>
    </extensions>
   </trkpt>
   <trkpt lat="42.9675271" lon="16.6920103">
    <ele>30</ele>
    <time>2026-08-07T18:32:19Z</time>
    <extensions>
     <gpxdata:distance>5137.00</gpxdata:distance>
     <gpxdata:speed>4.981</gpxdata:speed>
    </extensions>
   </trkpt>
   <trkpt lat="42.9675647" lon="16.6919793">
    <ele>30</ele>
    <time>2026-08-07T18:32:20Z</time>
    <extensions>
     <gpxdata:distance>5142.00</gpxdata:distance>
     <gpxdata:speed>4.950</gpxdata:speed>
    </extensions>
   </trkpt>
   <trkpt lat="42.9676050" lon="16.6919534">
    <ele>30</ele>
    <time>2026-08-07T18:32:21Z</time>
    <extensions>
     <gpxdata:distance>5147.00</gpxdata:distance>
     <gpxdata:speed>4.950</gpxdata:speed>
    </extensions>
   </trkpt>
   <trkpt lat="42.9676467" lon="16.6919322">
    <ele>30</ele>
    <time>2026-08-07T18:32:22Z</time>
    <extensions>
     <gpxdata:distance>5152.00</gpxdata:distance>
     <gpxdata:speed>4.953</gpxdata:speed>
    </extensions>
   </trkpt>
   <trkpt lat="42.9676892" lon="16.6919144">
    <ele>31</ele>
    <time>2026-08-07T18:32:23Z</time>
    <extensions>
     <gpxdata:distance>5157.00</gpxdata:distance>
     <gpxdata:speed>4.944</gpxdata:speed>
    </extensions>
   </trkpt>
   <trkpt lat="42.9677323" lon="16.6918979">
    <ele>31</ele>
    <time>2026-08-07T18:32:24Z</time>
    <extensions>
     <gpxdata:distance>5162.00</gpxdata:distance>
     <gpxdata:speed>4.939</gpxdata:speed>
    </extensions>
   </trkpt>
   <trkpt lat="42.9677753" lon="16.6918790">
    <ele>31</ele>
    <time>2026-08-07T18:32:25Z</time>
    <extensions>
     <gpxdata:distance>5167.00</gpxdata:distance>
     <gpxdata:speed>4.944</gpxdata:speed>
    </extensions>
   </trkpt>
   <trkpt lat="42.9678190" lon="16.6918571">
    <ele>31</ele>
    <time>2026-08-07T18:32:26Z</time>
    <extensions>
     <gpxdata:distance>5172.00</gpxdata:distance>
     <gpxdata:speed>4.983</gpxdata:speed>
    </extensions>
   </trkpt>
   <trkpt lat="42.9678649" lon="16.6918352">
    <ele>31</ele>
    <time>2026-08-07T18:32:27Z</time>
    <extensions>
     <gpxdata:distance>5177.00</gpxdata:distance>
     <gpxdata:speed>5.081</gpxdata:speed>
    </extensions>
   </trkpt>
   <trkpt lat="42.9679131" lon="16.6918146">
    <ele>32</ele>
    <time>2026-08-07T18:32:28Z</time>
    <extensions>
     <gpxdata:distance>5183.00</gpxdata:distance>
     <gpxdata:speed>5.239</gpxdata:speed>
    </extensions>
   </trkpt>
   <trkpt lat="42.9679630" lon="16.6917943">
    <ele>32</ele>
    <time>2026-08-07T18:32:29Z</time>
    <extensions>
     <gpxdata:distance>5189.00</gpxdata:distance>
     <gpxdata:speed>5.597</gpxdata:speed>
    </extensions>
   </trkpt>
   <trkpt lat="42.9680139" lon="16.6917728">
    <ele>32</ele>
    <time>2026-08-07T18:32:30Z</time>
    <extensions>
     <gpxdata:distance>5195.00</gpxdata:distance>
     <gpxdata:speed>5.783</gpxdata:speed>
    </extensions>
   </trkpt>
   <trkpt lat="42.9680654" lon="16.6917492">
    <ele>32</ele>
    <time>2026-08-07T18:32:31Z</time>
    <extensions>
     <gpxdata:distance>5201.00</gpxdata:distance>
     <gpxdata:speed>5.908</gpxdata:speed>
    </extensions>
   </trkpt>
   <trkpt lat="42.9681345" lon="16.6917151">
    <ele>32</ele>
    <time>2026-08-07T18:32:32Z</time>
    <extensions>
     <gpxdata:distance>5207.00</gpxdata:distance>
     <gpxdata:speed>6.028</gpxdata:speed>
    </extensions>
   </trkpt>
   <trkpt lat="42.9681886" lon="16.6916863">
    <ele>32</ele>
    <time>2026-08-07T18:32:33Z</time>
    <extensions>
     <gpxdata:distance>5213.00</gpxdata:distance>
     <gpxdata:speed>6.119</gpxdata:speed>
    </extensions>
   </trkpt>
   <trkpt lat="42.9682406" lon="16.6916568">
    <ele>32</ele>
    <time>2026-08-07T18:32:34Z</time>
    <extensions>
     <gpxdata:distance>5219.50</gpxdata:distance>
     <gpxdata:speed>6.181</gpxdata:speed>
    </extensions>
   </trkpt>
   <trkpt lat="42.9682919" lon="16.6916252">
    <ele>32</ele>
    <time>2026-08-07T18:32:35Z</time>
    <extensions>
     <gpxdata:distance>5226.00</gpxdata:distance>
     <gpxdata:speed>6.203</gpxdata:speed>
    </extensions>
   </trkpt>
   <trkpt lat="42.9683413" lon="16.6915915">
    <ele>32</ele>
    <time>2026-08-07T18:32:36Z</time>
    <extensions>
     <gpxdata:distance>5232.00</gpxdata:distance>
     <gpxdata:speed>6.253</gpxdata:speed>
    </extensions>
   </trkpt>
   <trkpt lat="42.9683883" lon="16.6915550">
    <ele>32</ele>
    <time>2026-08-07T18:32:37Z</time>
    <extensions>
     <gpxdata:distance>5238.00</gpxdata:distance>
     <gpxdata:speed>6.214</gpxdata:speed>
    </extensions>
   </trkpt>
   <trkpt lat="42.9684324" lon="16.6915156">
    <ele>32</ele>
    <time>2026-08-07T18:32:38Z</time>
    <extensions>
     <gpxdata:distance>5244.00</gpxdata:distance>
     <gpxdata:speed>6.142</gpxdata:speed>
    </extensions>
   </trkpt>
   <trkpt lat="42.9684746" lon="16.6914724">
    <ele>32</ele>
    <time>2026-08-07T18:32:39Z</time>
    <extensions>
     <gpxdata:distance>5250.00</gpxdata:distance>
     <gpxdata:speed>6.047</gpxdata:speed>
    </extensions>
   </trkpt>
   <trkpt lat="42.9685040" lon="16.6914379">
    <ele>32</ele>
    <time>2026-08-07T18:32:40Z</time>
    <extensions>
     <gpxdata:distance>5256.00</gpxdata:distance>
     <gpxdata:speed>5.997</gpxdata:speed>
    </extensions>
   </trkpt>
   <trkpt lat="42.9685404" lon="16.6913904">
    <ele>32</ele>
    <time>2026-08-07T18:32:41Z</time>
    <extensions>
     <gpxdata:distance>5262.00</gpxdata:distance>
     <gpxdata:speed>6.000</gpxdata:speed>
    </extensions>
   </trkpt>
   <trkpt lat="42.9685885" lon="16.6913179">
    <ele>32</ele>
    <time>2026-08-07T18:32:42Z</time>
    <extensions>
     <gpxdata:distance>5268.00</gpxdata:distance>
     <gpxdata:speed>6.042</gpxdata:speed>
    </extensions>
   </trkpt>
   <trkpt lat="42.9686201" lon="16.6912574">
    <ele>32</ele>
    <time>2026-08-07T18:32:43Z</time>
    <extensions>
     <gpxdata:distance>5274.00</gpxdata:distance>
     <gpxdata:speed>6.056</gpxdata:speed>
    </extensions>
   </trkpt>
   <trkpt lat="42.9686368" lon="16.6912148">
    <ele>32</ele>
    <time>2026-08-07T18:32:44Z</time>
    <extensions>
     <gpxdata:distance>5279.50</gpxdata:distance>
     <gpxdata:speed>5.958</gpxdata:speed>
    </extensions>
   </trkpt>
   <trkpt lat="42.9686544" lon="16.6911623">
    <ele>32</ele>
    <time>2026-08-07T18:32:45Z</time>
    <extensions>
     <gpxdata:distance>5285.00</gpxdata:distance>
     <gpxdata:speed>5.472</gpxdata:speed>
    </extensions>
   </trkpt>
   <trkpt lat="42.9686744" lon="16.6911081">
    <ele>32</ele>
    <time>2026-08-07T18:32:46Z</time>
    <extensions>
     <gpxdata:distance>5289.50</gpxdata:distance>
     <gpxdata:speed>5.142</gpxdata:speed>
    </extensions>
   </trkpt>
   <trkpt lat="42.9686974" lon="16.6910515">
    <ele>32</ele>
    <time>2026-08-07T18:32:47Z</time>
    <extensions>
     <gpxdata:distance>5294.00</gpxdata:distance>
     <gpxdata:speed>5.133</gpxdata:speed>
    </extensions>
   </trkpt>
   <trkpt lat="42.9687221" lon="16.6909892">
    <ele>32</ele>
    <time>2026-08-07T18:32:48Z</time>
    <extensions>
     <gpxdata:distance>5300.50</gpxdata:distance>
     <gpxdata:speed>5.389</gpxdata:speed>
    </extensions>
   </trkpt>
   <trkpt lat="42.9687462" lon="16.6909198">
    <ele>32</ele>
    <time>2026-08-07T18:32:49Z</time>
    <extensions>
     <gpxdata:distance>5307.00</gpxdata:distance>
     <gpxdata:speed>5.672</gpxdata:speed>
    </extensions>
   </trkpt>
   <trkpt lat="42.9687685" lon="16.6908444">
    <ele>32</ele>
    <time>2026-08-07T18:32:50Z</time>
    <extensions>
     <gpxdata:distance>5313.50</gpxdata:distance>
     <gpxdata:speed>5.978</gpxdata:speed>
    </extensions>
   </trkpt>
   <trkpt lat="42.9687958" lon="16.6907388">
    <ele>32</ele>
    <time>2026-08-07T18:32:51Z</time>
    <extensions>
     <gpxdata:distance>5320.00</gpxdata:distance>
     <gpxdata:speed>6.264</gpxdata:speed>
    </extensions>
   </trkpt>
   <trkpt lat="42.9688148" lon="16.6906547">
    <ele>32</ele>
    <time>2026-08-07T18:32:52Z</time>
    <extensions>
     <gpxdata:distance>5327.00</gpxdata:distance>
     <gpxdata:speed>6.492</gpxdata:speed>
    </extensions>
   </trkpt>
   <trkpt lat="42.9688329" lon="16.6905749">
    <ele>32</ele>
    <time>2026-08-07T18:32:53Z</time>
    <extensions>
     <gpxdata:distance>5334.00</gpxdata:distance>
     <gpxdata:speed>6.619</gpxdata:speed>
    </extensions>
   </trkpt>
   <trkpt lat="42.9688524" lon="16.6904977">
    <ele>32</ele>
    <time>2026-08-07T18:32:54Z</time>
    <extensions>
     <gpxdata:distance>5340.50</gpxdata:distance>
     <gpxdata:speed>6.694</gpxdata:speed>
    </extensions>
   </trkpt>
   <trkpt lat="42.9688729" lon="16.6904222">
    <ele>32</ele>
    <time>2026-08-07T18:32:55Z</time>
    <extensions>
     <gpxdata:distance>5347.00</gpxdata:distance>
     <gpxdata:speed>6.636</gpxdata:speed>
    </extensions>
   </trkpt>
   <trkpt lat="42.9688933" lon="16.6903465">
    <ele>31</ele>
    <time>2026-08-07T18:32:56Z</time>
    <extensions>
     <gpxdata:distance>5353.50</gpxdata:distance>
     <gpxdata:speed>6.586</gpxdata:speed>
    </extensions>
   </trkpt>
   <trkpt lat="42.9689124" lon="16.6902702">
    <ele>31</ele>
    <time>2026-08-07T18:32:57Z</time>
    <extensions>
     <gpxdata:distance>5360.00</gpxdata:distance>
     <gpxdata:speed>6.606</gpxdata:speed>
    </extensions>
   </trkpt>
   <trkpt lat="42.9689287" lon="16.6901932">
    <ele>31</ele>
    <time>2026-08-07T18:32:58Z</time>
    <extensions>
     <gpxdata:distance>5366.50</gpxdata:distance>
     <gpxdata:speed>6.592</gpxdata:speed>
    </extensions>
   </trkpt>
   <trkpt lat="42.9689422" lon="16.6901158">
    <ele>31</ele>
    <time>2026-08-07T18:32:59Z</time>
    <extensions>
     <gpxdata:distance>5373.00</gpxdata:distance>
     <gpxdata:speed>6.567</gpxdata:speed>
    </extensions>
   </trkpt>
   <trkpt lat="42.9689537" lon="16.6900390">
    <ele>31</ele>
    <time>2026-08-07T18:33:00Z</time>
    <extensions>
     <gpxdata:distance>5379.50</gpxdata:distance>
     <gpxdata:speed>6.531</gpxdata:speed>
    </extensions>
   </trkpt>
   <trkpt lat="42.9689649" lon="16.6899621">
    <ele>31</ele>
    <time>2026-08-07T18:33:01Z</time>
    <extensions>
     <gpxdata:distance>5386.00</gpxdata:distance>
     <gpxdata:speed>6.469</gpxdata:speed>
    </extensions>
   </trkpt>
   <trkpt lat="42.9689760" lon="16.6898849">
    <ele>31</ele>
    <time>2026-08-07T18:33:02Z</time>
    <extensions>
     <gpxdata:distance>5392.50</gpxdata:distance>
     <gpxdata:speed>6.439</gpxdata:speed>
    </extensions>
   </trkpt>
   <trkpt lat="42.9689879" lon="16.6898085">
    <ele>30</ele>
    <time>2026-08-07T18:33:03Z</time>
    <extensions>
     <gpxdata:distance>5399.00</gpxdata:distance>
     <gpxdata:speed>6.431</gpxdata:speed>
    </extensions>
   </trkpt>
   <trkpt lat="42.9690007" lon="16.6897350">
    <ele>30</ele>
    <time>2026-08-07T18:33:04Z</time>
    <extensions>
     <gpxdata:distance>5405.00</gpxdata:distance>
     <gpxdata:speed>6.397</gpxdata:speed>
    </extensions>
   </trkpt>
   <trkpt lat="42.9690141" lon="16.6896654">
    <ele>30</ele>
    <time>2026-08-07T18:33:05Z</time>
    <extensions>
     <gpxdata:distance>5411.00</gpxdata:distance>
     <gpxdata:speed>6.294</gpxdata:speed>
    </extensions>
   </trkpt>
   <trkpt lat="42.9690250" lon="16.6896176">
    <ele>30</ele>
    <time>2026-08-07T18:33:06Z</time>
    <extensions>
     <gpxdata:distance>5416.50</gpxdata:distance>
     <gpxdata:speed>5.933</gpxdata:speed>
    </extensions>
   </trkpt>
   <trkpt lat="42.9690410" lon="16.6895585">
    <ele>30</ele>
    <time>2026-08-07T18:33:07Z</time>
    <extensions>
     <gpxdata:distance>5422.00</gpxdata:distance>
     <gpxdata:speed>5.794</gpxdata:speed>
    </extensions>
   </trkpt>
   <trkpt lat="42.9690600" lon="16.6894973">
    <ele>30</ele>
    <time>2026-08-07T18:33:08Z</time>
    <extensions>
     <gpxdata:distance>5428.00</gpxdata:distance>
     <gpxdata:speed>5.678</gpxdata:speed>
    </extensions>
   </trkpt>
   <trkpt lat="42.9690799" lon="16.6894377">
    <ele>30</ele>
    <time>2026-08-07T18:33:09Z</time>
    <extensions>
     <gpxdata:distance>5434.00</gpxdata:distance>
     <gpxdata:speed>5.583</gpxdata:speed>
    </extensions>
   </trkpt>
   <trkpt lat="42.9690997" lon="16.6893812">
    <ele>30</ele>
    <time>2026-08-07T18:33:10Z</time>
    <extensions>
     <gpxdata:distance>5438.50</gpxdata:distance>
     <gpxdata:speed>5.369</gpxdata:speed>
    </extensions>
   </trkpt>
   <trkpt lat="42.9691191" lon="16.6893284">
    <ele>30</ele>
    <time>2026-08-07T18:33:11Z</time>
    <extensions>
     <gpxdata:distance>5443.00</gpxdata:distance>
     <gpxdata:speed>5.081</gpxdata:speed>
    </extensions>
   </trkpt>
   <trkpt lat="42.9691383" lon="16.6892787">
    <ele>30</ele>
    <time>2026-08-07T18:33:12Z</time>
    <extensions>
     <gpxdata:distance>5447.50</gpxdata:distance>
     <gpxdata:speed>4.794</gpxdata:speed>
    </extensions>
   </trkpt>
   <trkpt lat="42.9691575" lon="16.6892310">
    <ele>30</ele>
    <time>2026-08-07T18:33:13Z</time>
    <extensions>
     <gpxdata:distance>5452.00</gpxdata:distance>
     <gpxdata:speed>4.589</gpxdata:speed>
    </extensions>
   </trkpt>
   <trkpt lat="42.9691766" lon="16.6891836">
    <ele>30</ele>
    <time>2026-08-07T18:33:14Z</time>
    <extensions>
     <gpxdata:distance>5456.50</gpxdata:distance>
     <gpxdata:speed>4.461</gpxdata:speed>
    </extensions>
   </trkpt>
   <trkpt lat="42.9691961" lon="16.6891354">
    <ele>30</ele>
    <time>2026-08-07T18:33:15Z</time>
    <extensions>
     <gpxdata:distance>5461.00</gpxdata:distance>
     <gpxdata:speed>4.467</gpxdata:speed>
    </extensions>
   </trkpt>
   <trkpt lat="42.9692154" lon="16.6890869">
    <ele>30</ele>
    <time>2026-08-07T18:33:16Z</time>
    <extensions>
     <gpxdata:distance>5465.50</gpxdata:distance>
     <gpxdata:speed>4.533</gpxdata:speed>
    </extensions>
   </trkpt>
   <trkpt lat="42.9692356" lon="16.6890380">
    <ele>30</ele>
    <time>2026-08-07T18:33:17Z</time>
    <extensions>
     <gpxdata:distance>5470.00</gpxdata:distance>
     <gpxdata:speed>4.517</gpxdata:speed>
    </extensions>
   </trkpt>
   <trkpt lat="42.9692566" lon="16.6889879">
    <ele>30</ele>
    <time>2026-08-07T18:33:18Z</time>
    <extensions>
     <gpxdata:distance>5475.00</gpxdata:distance>
     <gpxdata:speed>4.586</gpxdata:speed>
    </extensions>
   </trkpt>
   <trkpt lat="42.9692782" lon="16.6889354">
    <ele>30</ele>
    <time>2026-08-07T18:33:19Z</time>
    <extensions>
     <gpxdata:distance>5480.00</gpxdata:distance>
     <gpxdata:speed>4.711</gpxdata:speed>
    </extensions>
   </trkpt>
   <trkpt lat="42.9693016" lon="16.6888805">
    <ele>30</ele>
    <time>2026-08-07T18:33:20Z</time>
    <extensions>
     <gpxdata:distance>5485.00</gpxdata:distance>
     <gpxdata:speed>4.875</gpxdata:speed>
    </extensions>
   </trkpt>
   <trkpt lat="42.9693278" lon="16.6888233">
    <ele>30</ele>
    <time>2026-08-07T18:33:21Z</time>
    <extensions>
     <gpxdata:distance>5490.00</gpxdata:distance>
     <gpxdata:speed>5.047</gpxdata:speed>
    </extensions>
   </trkpt>
   <trkpt lat="42.9693577" lon="16.6887636">
    <ele>30</ele>
    <time>2026-08-07T18:33:22Z</time>
    <extensions>
     <gpxdata:distance>5496.50</gpxdata:distance>
     <gpxdata:speed>5.489</gpxdata:speed>
    </extensions>
   </trkpt>
   <trkpt lat="42.9693920" lon="16.6887016">
    <ele>30</ele>
    <time>2026-08-07T18:33:23Z</time>
    <extensions>
     <gpxdata:distance>5503.00</gpxdata:distance>
     <gpxdata:speed>5.906</gpxdata:speed>
    </extensions>
   </trkpt>
   <trkpt lat="42.9694419" lon="16.6886175">
    <ele>30</ele>
    <time>2026-08-07T18:33:24Z</time>
    <extensions>
     <gpxdata:distance>5509.50</gpxdata:distance>
     <gpxdata:speed>6.353</gpxdata:speed>
    </extensions>
   </trkpt>
   <trkpt lat="42.9694834" lon="16.6885536">
    <ele>30</ele>
    <time>2026-08-07T18:33:25Z</time>
    <extensions>
     <gpxdata:distance>5516.00</gpxdata:distance>
     <gpxdata:speed>6.583</gpxdata:speed>
    </extensions>
   </trkpt>
   <trkpt lat="42.9695256" lon="16.6884971">
    <ele>30</ele>
    <time>2026-08-07T18:33:26Z</time>
    <extensions>
     <gpxdata:distance>5522.50</gpxdata:distance>
     <gpxdata:speed>6.583</gpxdata:speed>
    </extensions>
   </trkpt>
   <trkpt lat="42.9695693" lon="16.6884470">
    <ele>30</ele>
    <time>2026-08-07T18:33:27Z</time>
    <extensions>
     <gpxdata:distance>5529.00</gpxdata:distance>
     <gpxdata:speed>6.467</gpxdata:speed>
    </extensions>
   </trkpt>
   <trkpt lat="42.9696148" lon="16.6884022">
    <ele>30</ele>
    <time>2026-08-07T18:33:28Z</time>
    <extensions>
     <gpxdata:distance>5535.50</gpxdata:distance>
     <gpxdata:speed>6.350</gpxdata:speed>
    </extensions>
   </trkpt>
   <trkpt lat="42.9696619" lon="16.6883620">
    <ele>29</ele>
    <time>2026-08-07T18:33:29Z</time>
    <extensions>
     <gpxdata:distance>5542.00</gpxdata:distance>
     <gpxdata:speed>6.261</gpxdata:speed>
    </extensions>
   </trkpt>
   <trkpt lat="42.9697101" lon="16.6883247">
    <ele>29</ele>
    <time>2026-08-07T18:33:30Z</time>
    <extensions>
     <gpxdata:distance>5548.00</gpxdata:distance>
     <gpxdata:speed>6.231</gpxdata:speed>
    </extensions>
   </trkpt>
   <trkpt lat="42.9697590" lon="16.6882903">
    <ele>29</ele>
    <time>2026-08-07T18:33:31Z</time>
    <extensions>
     <gpxdata:distance>5554.00</gpxdata:distance>
     <gpxdata:speed>6.203</gpxdata:speed>
    </extensions>
   </trkpt>
   <trkpt lat="42.9698083" lon="16.6882586">
    <ele>29</ele>
    <time>2026-08-07T18:33:32Z</time>
    <extensions>
     <gpxdata:distance>5560.00</gpxdata:distance>
     <gpxdata:speed>6.147</gpxdata:speed>
    </extensions>
   </trkpt>
   <trkpt lat="42.9698574" lon="16.6882292">
    <ele>29</ele>
    <time>2026-08-07T18:33:33Z</time>
    <extensions>
     <gpxdata:distance>5566.00</gpxdata:distance>
     <gpxdata:speed>6.111</gpxdata:speed>
    </extensions>
   </trkpt>
   <trkpt lat="42.9699056" lon="16.6882014">
    <ele>29</ele>
    <time>2026-08-07T18:33:34Z</time>
    <extensions>
     <gpxdata:distance>5572.00</gpxdata:distance>
     <gpxdata:speed>6.039</gpxdata:speed>
    </extensions>
   </trkpt>
   <trkpt lat="42.9699392" lon="16.6881818">
    <ele>29</ele>
    <time>2026-08-07T18:33:35Z</time>
    <extensions>
     <gpxdata:distance>5578.00</gpxdata:distance>
     <gpxdata:speed>5.864</gpxdata:speed>
    </extensions>
   </trkpt>
   <trkpt lat="42.9699804" lon="16.6881580">
    <ele>30</ele>
    <time>2026-08-07T18:33:36Z</time>
    <extensions>
     <gpxdata:distance>5583.00</gpxdata:distance>
     <gpxdata:speed>5.667</gpxdata:speed>
    </extensions>
   </trkpt>
   <trkpt lat="42.9700223" lon="16.6881340">
    <ele>30</ele>
    <time>2026-08-07T18:33:37Z</time>
    <extensions>
     <gpxdata:distance>5588.00</gpxdata:distance>
     <gpxdata:speed>5.433</gpxdata:speed>
    </extensions>
   </trkpt>
   <trkpt lat="42.9700631" lon="16.6881102">
    <ele>30</ele>
    <time>2026-08-07T18:33:38Z</time>
    <extensions>
     <gpxdata:distance>5593.00</gpxdata:distance>
     <gpxdata:speed>5.175</gpxdata:speed>
    </extensions>
   </trkpt>
   <trkpt lat="42.9701029" lon="16.6880851">
    <ele>30</ele>
    <time>2026-08-07T18:33:39Z</time>
    <extensions>
     <gpxdata:distance>5598.00</gpxdata:distance>
     <gpxdata:speed>4.989</gpxdata:speed>
    </extensions>
   </trkpt>
   <trkpt lat="42.9701428" lon="16.6880592">
    <ele>30</ele>
    <time>2026-08-07T18:33:40Z</time>
    <extensions>
     <gpxdata:distance>5603.00</gpxdata:distance>
     <gpxdata:speed>4.936</gpxdata:speed>
    </extensions>
   </trkpt>
   <trkpt lat="42.9701837" lon="16.6880335">
    <ele>31</ele>
    <time>2026-08-07T18:33:41Z</time>
    <extensions>
     <gpxdata:distance>5608.00</gpxdata:distance>
     <gpxdata:speed>4.983</gpxdata:speed>
    </extensions>
   </trkpt>
   <trkpt lat="42.9702266" lon="16.6880081">
    <ele>31</ele>
    <time>2026-08-07T18:33:42Z</time>
    <extensions>
     <gpxdata:distance>5613.00</gpxdata:distance>
     <gpxdata:speed>5.056</gpxdata:speed>
    </extensions>
   </trkpt>
   <trkpt lat="42.9702715" lon="16.6879832">
    <ele>31</ele>
    <time>2026-08-07T18:33:43Z</time>
    <extensions>
     <gpxdata:distance>5618.00</gpxdata:distance>
     <gpxdata:speed>5.231</gpxdata:speed>
    </extensions>
   </trkpt>
   <trkpt lat="42.9703179" lon="16.6879594">
    <ele>31</ele>
    <time>2026-08-07T18:33:44Z</time>
    <extensions>
     <gpxdata:distance>5624.00</gpxdata:distance>
     <gpxdata:speed>5.383</gpxdata:speed>
    </extensions>
   </trkpt>
   <trkpt lat="42.9703652" lon="16.6879361">
    <ele>32</ele>
    <time>2026-08-07T18:33:45Z</time>
    <extensions>
     <gpxdata:distance>5630.00</gpxdata:distance>
     <gpxdata:speed>5.447</gpxdata:speed>
    </extensions>
   </trkpt>
   <trkpt lat="42.9704134" lon="16.6879133">
    <ele>32</ele>
    <time>2026-08-07T18:33:46Z</time>
    <extensions>
     <gpxdata:distance>5635.50</gpxdata:distance>
     <gpxdata:speed>5.506</gpxdata:speed>
    </extensions>
   </trkpt>
   <trkpt lat="42.9704627" lon="16.6878920">
    <ele>32</ele>
    <time>2026-08-07T18:33:47Z</time>
    <extensions>
     <gpxdata:distance>5641.00</gpxdata:distance>
     <gpxdata:speed>5.578</gpxdata:speed>
    </extensions>
   </trkpt>
   <trkpt lat="42.9705118" lon="16.6878720">
    <ele>32</ele>
    <time>2026-08-07T18:33:48Z</time>
    <extensions>
     <gpxdata:distance>5646.50</gpxdata:distance>
     <gpxdata:speed>5.658</gpxdata:speed>
    </extensions>
   </trkpt>
   <trkpt lat="42.9705591" lon="16.6878546">
    <ele>32</ele>
    <time>2026-08-07T18:33:49Z</time>
    <extensions>
     <gpxdata:distance>5652.00</gpxdata:distance>
     <gpxdata:speed>5.667</gpxdata:speed>
    </extensions>
   </trkpt>
   <trkpt lat="42.9706035" lon="16.6878386">
    <ele>32</ele>
    <time>2026-08-07T18:33:50Z</time>
    <extensions>
     <gpxdata:distance>5657.00</gpxdata:distance>
     <gpxdata:speed>5.550</gpxdata:speed>
    </extensions>
   </trkpt>
   <trkpt lat="42.9706445" lon="16.6878230">
    <ele>33</ele>
    <time>2026-08-07T18:33:51Z</time>
    <extensions>
     <gpxdata:distance>5662.00</gpxdata:distance>
     <gpxdata:speed>5.350</gpxdata:speed>
    </extensions>
   </trkpt>
   <trkpt lat="42.9706819" lon="16.6878087">
    <ele>33</ele>
    <time>2026-08-07T18:33:52Z</time>
    <extensions>
     <gpxdata:distance>5666.00</gpxdata:distance>
     <gpxdata:speed>4.758</gpxdata:speed>
    </extensions>
   </trkpt>
   <trkpt lat="42.9707164" lon="16.6877957">
    <ele>33</ele>
    <time>2026-08-07T18:33:53Z</time>
    <extensions>
     <gpxdata:distance>5670.00</gpxdata:distance>
     <gpxdata:speed>4.328</gpxdata:speed>
    </extensions>
   </trkpt>
   <trkpt lat="42.9707491" lon="16.6877840">
    <ele>33</ele>
    <time>2026-08-07T18:33:54Z</time>
    <extensions>
     <gpxdata:distance>5674.00</gpxdata:distance>
     <gpxdata:speed>4.008</gpxdata:speed>
    </extensions>
   </trkpt>
   <trkpt lat="42.9707806" lon="16.6877723">
    <ele>33</ele>
    <time>2026-08-07T18:33:55Z</time>
    <extensions>
     <gpxdata:distance>5678.00</gpxdata:distance>
     <gpxdata:speed>3.819</gpxdata:speed>
    </extensions>
   </trkpt>
   <trkpt lat="42.9708112" lon="16.6877602">
    <ele>34</ele>
    <time>2026-08-07T18:33:56Z</time>
    <extensions>
     <gpxdata:distance>5681.50</gpxdata:distance>
     <gpxdata:speed>3.689</gpxdata:speed>
    </extensions>
   </trkpt>
   <trkpt lat="42.9708409" lon="16.6877469">
    <ele>34</ele>
    <time>2026-08-07T18:33:57Z</time>
    <extensions>
     <gpxdata:distance>5685.00</gpxdata:distance>
     <gpxdata:speed>3.594</gpxdata:speed>
    </extensions>
   </trkpt>
   <trkpt lat="42.9708697" lon="16.6877323">
    <ele>34</ele>
    <time>2026-08-07T18:33:58Z</time>
    <extensions>
     <gpxdata:distance>5688.50</gpxdata:distance>
     <gpxdata:speed>3.508</gpxdata:speed>
    </extensions>
   </trkpt>
   <trkpt lat="42.9708975" lon="16.6877172">
    <ele>34</ele>
    <time>2026-08-07T18:33:59Z</time>
    <extensions>
     <gpxdata:distance>5692.00</gpxdata:distance>
     <gpxdata:speed>3.425</gpxdata:speed>
    </extensions>
   </trkpt>
   <trkpt lat="42.9709245" lon="16.6877024">
    <ele>35</ele>
    <time>2026-08-07T18:34:00Z</time>
    <extensions>
     <gpxdata:distance>5695.00</gpxdata:distance>
     <gpxdata:speed>3.336</gpxdata:speed>
    </extensions>
   </trkpt>
   <trkpt lat="42.9709501" lon="16.6876882">
    <ele>35</ele>
    <time>2026-08-07T18:34:01Z</time>
    <extensions>
     <gpxdata:distance>5698.00</gpxdata:distance>
     <gpxdata:speed>3.233</gpxdata:speed>
    </extensions>
   </trkpt>
   <trkpt lat="42.9709730" lon="16.6876752">
    <ele>35</ele>
    <time>2026-08-07T18:34:02Z</time>
    <extensions>
     <gpxdata:distance>5700.50</gpxdata:distance>
     <gpxdata:speed>3.064</gpxdata:speed>
    </extensions>
   </trkpt>
   <trkpt lat="42.9709845" lon="16.6876685">
    <ele>36</ele>
    <time>2026-08-07T18:34:03Z</time>
    <extensions>
     <gpxdata:distance>5703.00</gpxdata:distance>
     <gpxdata:speed>2.736</gpxdata:speed>
    </extensions>
   </trkpt>
   <trkpt lat="42.9710006" lon="16.6876586">
    <ele>36</ele>
    <time>2026-08-07T18:34:04Z</time>
    <extensions>
     <gpxdata:distance>5705.50</gpxdata:distance>
     <gpxdata:speed>2.419</gpxdata:speed>
    </extensions>
   </trkpt>
   <trkpt lat="42.9710209" lon="16.6876457">
    <ele>36</ele>
    <time>2026-08-07T18:34:05Z</time>
    <extensions>
     <gpxdata:distance>5708.00</gpxdata:distance>
     <gpxdata:speed>2.483</gpxdata:speed>
    </extensions>
   </trkpt>
   <trkpt lat="42.9710448" lon="16.6876307">
    <ele>36</ele>
    <time>2026-08-07T18:34:06Z</time>
    <extensions>
     <gpxdata:distance>5711.50</gpxdata:distance>
     <gpxdata:speed>2.692</gpxdata:speed>
    </extensions>
   </trkpt>
   <trkpt lat="42.9710710" lon="16.6876149">
    <ele>36</ele>
    <time>2026-08-07T18:34:07Z</time>
    <extensions>
     <gpxdata:distance>5715.00</gpxdata:distance>
     <gpxdata:speed>2.931</gpxdata:speed>
    </extensions>
   </trkpt>
   <trkpt lat="42.9711163" lon="16.6875902">
    <ele>37</ele>
    <time>2026-08-07T18:34:08Z</time>
    <extensions>
     <gpxdata:distance>5718.50</gpxdata:distance>
     <gpxdata:speed>3.175</gpxdata:speed>
    </extensions>
   </trkpt>
   <trkpt lat="42.9711494" lon="16.6875756">
    <ele>37</ele>
    <time>2026-08-07T18:34:09Z</time>
    <extensions>
     <gpxdata:distance>5722.00</gpxdata:distance>
     <gpxdata:speed>3.292</gpxdata:speed>
    </extensions>
   </trkpt>
   <trkpt lat="42.9711810" lon="16.6875653">
    <ele>37</ele>
    <time>2026-08-07T18:34:10Z</time>
    <extensions>
     <gpxdata:distance>5725.50</gpxdata:distance>
     <gpxdata:speed>3.372</gpxdata:speed>
    </extensions>
   </trkpt>
   <trkpt lat="42.9712127" lon="16.6875582">
    <ele>37</ele>
    <time>2026-08-07T18:34:11Z</time>
    <extensions>
     <gpxdata:distance>5729.00</gpxdata:distance>
     <gpxdata:speed>3.447</gpxdata:speed>
    </extensions>
   </trkpt>
   <trkpt lat="42.9712437" lon="16.6875532">
    <ele>37</ele>
    <time>2026-08-07T18:34:12Z</time>
    <extensions>
     <gpxdata:distance>5732.50</gpxdata:distance>
     <gpxdata:speed>3.497</gpxdata:speed>
    </extensions>
   </trkpt>
   <trkpt lat="42.9712740" lon="16.6875499">
    <ele>37</ele>
    <time>2026-08-07T18:34:13Z</time>
    <extensions>
     <gpxdata:distance>5736.00</gpxdata:distance>
     <gpxdata:speed>3.442</gpxdata:speed>
    </extensions>
   </trkpt>
   <trkpt lat="42.9713036" lon="16.6875478">
    <ele>38</ele>
    <time>2026-08-07T18:34:14Z</time>
    <extensions>
     <gpxdata:distance>5739.50</gpxdata:distance>
     <gpxdata:speed>3.417</gpxdata:speed>
    </extensions>
   </trkpt>
   <trkpt lat="42.9713322" lon="16.6875459">
    <ele>38</ele>
    <time>2026-08-07T18:34:15Z</time>
    <extensions>
     <gpxdata:distance>5743.00</gpxdata:distance>
     <gpxdata:speed>3.378</gpxdata:speed>
    </extensions>
   </trkpt>
   <trkpt lat="42.9713604" lon="16.6875424">
    <ele>38</ele>
    <time>2026-08-07T18:34:16Z</time>
    <extensions>
     <gpxdata:distance>5746.00</gpxdata:distance>
     <gpxdata:speed>3.297</gpxdata:speed>
    </extensions>
   </trkpt>
   <trkpt lat="42.9713892" lon="16.6875372">
    <ele>38</ele>
    <time>2026-08-07T18:34:17Z</time>
    <extensions>
     <gpxdata:distance>5749.00</gpxdata:distance>
     <gpxdata:speed>3.242</gpxdata:speed>
    </extensions>
   </trkpt>
   <trkpt lat="42.9714185" lon="16.6875318">
    <ele>38</ele>
    <time>2026-08-07T18:34:18Z</time>
    <extensions>
     <gpxdata:distance>5752.00</gpxdata:distance>
     <gpxdata:speed>3.253</gpxdata:speed>
    </extensions>
   </trkpt>
   <trkpt lat="42.9714483" lon="16.6875268">
    <ele>39</ele>
    <time>2026-08-07T18:34:19Z</time>
    <extensions>
     <gpxdata:distance>5755.00</gpxdata:distance>
     <gpxdata:speed>3.278</gpxdata:speed>
    </extensions>
   </trkpt>
   <trkpt lat="42.9714783" lon="16.6875220">
    <ele>39</ele>
    <time>2026-08-07T18:34:20Z</time>
    <extensions>
     <gpxdata:distance>5758.50</gpxdata:distance>
     <gpxdata:speed>3.303</gpxdata:speed>
    </extensions>
   </trkpt>
   <trkpt lat="42.9715085" lon="16.6875173">
    <ele>40</ele>
    <time>2026-08-07T18:34:21Z</time>
    <extensions>
     <gpxdata:distance>5762.00</gpxdata:distance>
     <gpxdata:speed>3.322</gpxdata:speed>
    </extensions>
   </trkpt>
   <trkpt lat="42.9715388" lon="16.6875134">
    <ele>40</ele>
    <time>2026-08-07T18:34:22Z</time>
    <extensions>
     <gpxdata:distance>5765.50</gpxdata:distance>
     <gpxdata:speed>3.344</gpxdata:speed>
    </extensions>
   </trkpt>
   <trkpt lat="42.9715687" lon="16.6875107">
    <ele>40</ele>
    <time>2026-08-07T18:34:23Z</time>
    <extensions>
     <gpxdata:distance>5769.00</gpxdata:distance>
     <gpxdata:speed>3.358</gpxdata:speed>
    </extensions>
   </trkpt>
   <trkpt lat="42.9715978" lon="16.6875095">
    <ele>40</ele>
    <time>2026-08-07T18:34:24Z</time>
    <extensions>
     <gpxdata:distance>5772.00</gpxdata:distance>
     <gpxdata:speed>3.342</gpxdata:speed>
    </extensions>
   </trkpt>
   <trkpt lat="42.9716267" lon="16.6875098">
    <ele>41</ele>
    <time>2026-08-07T18:34:25Z</time>
    <extensions>
     <gpxdata:distance>5775.00</gpxdata:distance>
     <gpxdata:speed>3.294</gpxdata:speed>
    </extensions>
   </trkpt>
   <trkpt lat="42.9716551" lon="16.6875106">
    <ele>41</ele>
    <time>2026-08-07T18:34:26Z</time>
    <extensions>
     <gpxdata:distance>5778.50</gpxdata:distance>
     <gpxdata:speed>3.267</gpxdata:speed>
    </extensions>
   </trkpt>
   <trkpt lat="42.9716829" lon="16.6875112">
    <ele>41</ele>
    <time>2026-08-07T18:34:27Z</time>
    <extensions>
     <gpxdata:distance>5782.00</gpxdata:distance>
     <gpxdata:speed>3.228</gpxdata:speed>
    </extensions>
   </trkpt>
   <trkpt lat="42.9717095" lon="16.6875120">
    <ele>41</ele>
    <time>2026-08-07T18:34:28Z</time>
    <extensions>
     <gpxdata:distance>5784.50</gpxdata:distance>
     <gpxdata:speed>3.172</gpxdata:speed>
    </extensions>
   </trkpt>
   <trkpt lat="42.9717338" lon="16.6875123">
    <ele>42</ele>
    <time>2026-08-07T18:34:29Z</time>
    <extensions>
     <gpxdata:distance>5787.00</gpxdata:distance>
     <gpxdata:speed>3.075</gpxdata:speed>
    </extensions>
   </trkpt>
   <trkpt lat="42.9717468" lon="16.6875110">
    <ele>42</ele>
    <time>2026-08-07T18:34:30Z</time>
    <extensions>
     <gpxdata:distance>5789.50</gpxdata:distance>
     <gpxdata:speed>2.911</gpxdata:speed>
    </extensions>
   </trkpt>
   <trkpt lat="42.9717651" lon="16.6875073">
    <ele>42</ele>
    <time>2026-08-07T18:34:31Z</time>
    <extensions>
     <gpxdata:distance>5792.00</gpxdata:distance>
     <gpxdata:speed>2.767</gpxdata:speed>
    </extensions>
   </trkpt>
   <trkpt lat="42.9717871" lon="16.6875017">
    <ele>43</ele>
    <time>2026-08-07T18:34:32Z</time>
    <extensions>
     <gpxdata:distance>5795.00</gpxdata:distance>
     <gpxdata:speed>2.733</gpxdata:speed>
    </extensions>
   </trkpt>
   <trkpt lat="42.9718119" lon="16.6874948">
    <ele>43</ele>
    <time>2026-08-07T18:34:33Z</time>
    <extensions>
     <gpxdata:distance>5798.00</gpxdata:distance>
     <gpxdata:speed>2.789</gpxdata:speed>
    </extensions>
   </trkpt>
   <trkpt lat="42.9718390" lon="16.6874865">
    <ele>43</ele>
    <time>2026-08-07T18:34:34Z</time>
    <extensions>
     <gpxdata:distance>5801.50</gpxdata:distance>
     <gpxdata:speed>2.906</gpxdata:speed>
    </extensions>
   </trkpt>
   <trkpt lat="42.9718866" lon="16.6874702">
    <ele>44</ele>
    <time>2026-08-07T18:34:35Z</time>
    <extensions>
     <gpxdata:distance>5805.00</gpxdata:distance>
     <gpxdata:speed>3.064</gpxdata:speed>
    </extensions>
   </trkpt>
   <trkpt lat="42.9719220" lon="16.6874572">
    <ele>44</ele>
    <time>2026-08-07T18:34:36Z</time>
    <extensions>
     <gpxdata:distance>5809.00</gpxdata:distance>
     <gpxdata:speed>3.258</gpxdata:speed>
    </extensions>
   </trkpt>
   <trkpt lat="42.9719560" lon="16.6874449">
    <ele>44</ele>
    <time>2026-08-07T18:34:37Z</time>
    <extensions>
     <gpxdata:distance>5813.00</gpxdata:distance>
     <gpxdata:speed>3.442</gpxdata:speed>
    </extensions>
   </trkpt>
   <trkpt lat="42.9719908" lon="16.6874341">
    <ele>44</ele>
    <time>2026-08-07T18:34:38Z</time>
    <extensions>
     <gpxdata:distance>5817.00</gpxdata:distance>
     <gpxdata:speed>3.600</gpxdata:speed>
    </extensions>
   </trkpt>
   <trkpt lat="42.9720266" lon="16.6874252">
    <ele>44</ele>
    <time>2026-08-07T18:34:39Z</time>
    <extensions>
     <gpxdata:distance>5821.00</gpxdata:distance>
     <gpxdata:speed>3.739</gpxdata:speed>
    </extensions>
   </trkpt>
   <trkpt lat="42.9720635" lon="16.6874175">
    <ele>44</ele>
    <time>2026-08-07T18:34:40Z</time>
    <extensions>
     <gpxdata:distance>5825.00</gpxdata:distance>
     <gpxdata:speed>3.867</gpxdata:speed>
    </extensions>
   </trkpt>
   <trkpt lat="42.9721011" lon="16.6874100">
    <ele>44</ele>
    <time>2026-08-07T18:34:41Z</time>
    <extensions>
     <gpxdata:distance>5829.00</gpxdata:distance>
     <gpxdata:speed>3.992</gpxdata:speed>
    </extensions>
   </trkpt>
   <trkpt lat="42.9721389" lon="16.6874019">
    <ele>44</ele>
    <time>2026-08-07T18:34:42Z</time>
    <extensions>
     <gpxdata:distance>5833.50</gpxdata:distance>
     <gpxdata:speed>4.086</gpxdata:speed>
    </extensions>
   </trkpt>
   <trkpt lat="42.9721773" lon="16.6873938">
    <ele>44</ele>
    <time>2026-08-07T18:34:43Z</time>
    <extensions>
     <gpxdata:distance>5838.00</gpxdata:distance>
     <gpxdata:speed>4.231</gpxdata:speed>
    </extensions>
   </trkpt>
   <trkpt lat="42.9722168" lon="16.6873865">
    <ele>44</ele>
    <time>2026-08-07T18:34:44Z</time>
    <extensions>
     <gpxdata:distance>5842.50</gpxdata:distance>
     <gpxdata:speed>4.328</gpxdata:speed>
    </extensions>
   </trkpt>
   <trkpt lat="42.9722573" lon="16.6873800">
    <ele>44</ele>
    <time>2026-08-07T18:34:45Z</time>
    <extensions>
     <gpxdata:distance>5847.00</gpxdata:distance>
     <gpxdata:speed>4.417</gpxdata:speed>
    </extensions>
   </trkpt>
   <trkpt lat="42.9722985" lon="16.6873742">
    <ele>44</ele>
    <time>2026-08-07T18:34:46Z</time>
    <extensions>
     <gpxdata:distance>5851.50</gpxdata:distance>
     <gpxdata:speed>4.492</gpxdata:speed>
    </extensions>
   </trkpt>
   <trkpt lat="42.9723402" lon="16.6873697">
    <ele>44</ele>
    <time>2026-08-07T18:34:47Z</time>
    <extensions>
     <gpxdata:distance>5856.00</gpxdata:distance>
     <gpxdata:speed>4.553</gpxdata:speed>
    </extensions>
   </trkpt>
   <trkpt lat="42.9723819" lon="16.6873678">
    <ele>44</ele>
    <time>2026-08-07T18:34:48Z</time>
    <extensions>
     <gpxdata:distance>5860.50</gpxdata:distance>
     <gpxdata:speed>4.600</gpxdata:speed>
    </extensions>
   </trkpt>
   <trkpt lat="42.9724234" lon="16.6873672">
    <ele>44</ele>
    <time>2026-08-07T18:34:49Z</time>
    <extensions>
     <gpxdata:distance>5865.00</gpxdata:distance>
     <gpxdata:speed>4.625</gpxdata:speed>
    </extensions>
   </trkpt>
   <trkpt lat="42.9724649" lon="16.6873669">
    <ele>44</ele>
    <time>2026-08-07T18:34:50Z</time>
    <extensions>
     <gpxdata:distance>5869.50</gpxdata:distance>
     <gpxdata:speed>4.625</gpxdata:speed>
    </extensions>
   </trkpt>
   <trkpt lat="42.9725064" lon="16.6873668">
    <ele>45</ele>
    <time>2026-08-07T18:34:51Z</time>
    <extensions>
     <gpxdata:distance>5874.00</gpxdata:distance>
     <gpxdata:speed>4.622</gpxdata:speed>
    </extensions>
   </trkpt>
   <trkpt lat="42.9725484" lon="16.6873667">
    <ele>45</ele>
    <time>2026-08-07T18:34:52Z</time>
    <extensions>
     <gpxdata:distance>5879.00</gpxdata:distance>
     <gpxdata:speed>4.628</gpxdata:speed>
    </extensions>
   </trkpt>
   <trkpt lat="42.9725913" lon="16.6873663">
    <ele>45</ele>
    <time>2026-08-07T18:34:53Z</time>
    <extensions>
     <gpxdata:distance>5884.00</gpxdata:distance>
     <gpxdata:speed>4.661</gpxdata:speed>
    </extensions>
   </trkpt>
   <trkpt lat="42.9726348" lon="16.6873663">
    <ele>45</ele>
    <time>2026-08-07T18:34:54Z</time>
    <extensions>
     <gpxdata:distance>5889.00</gpxdata:distance>
     <gpxdata:speed>4.719</gpxdata:speed>
    </extensions>
   </trkpt>
   <trkpt lat="42.9726781" lon="16.6873676">
    <ele>45</ele>
    <time>2026-08-07T18:34:55Z</time>
    <extensions>
     <gpxdata:distance>5894.00</gpxdata:distance>
     <gpxdata:speed>4.775</gpxdata:speed>
    </extensions>
   </trkpt>
   <trkpt lat="42.9727203" lon="16.6873702">
    <ele>45</ele>
    <time>2026-08-07T18:34:56Z</time>
    <extensions>
     <gpxdata:distance>5898.50</gpxdata:distance>
     <gpxdata:speed>4.783</gpxdata:speed>
    </extensions>
   </trkpt>
   <trkpt lat="42.9727615" lon="16.6873732">
    <ele>45</ele>
    <time>2026-08-07T18:34:57Z</time>
    <extensions>
     <gpxdata:distance>5903.00</gpxdata:distance>
     <gpxdata:speed>4.733</gpxdata:speed>
    </extensions>
   </trkpt>
   <trkpt lat="42.9728028" lon="16.6873745">
    <ele>45</ele>
    <time>2026-08-07T18:34:58Z</time>
    <extensions>
     <gpxdata:distance>5907.50</gpxdata:distance>
     <gpxdata:speed>4.669</gpxdata:speed>
    </extensions>
   </trkpt>
   <trkpt lat="42.9728453" lon="16.6873729">
    <ele>45</ele>
    <time>2026-08-07T18:34:59Z</time>
    <extensions>
     <gpxdata:distance>5912.00</gpxdata:distance>
     <gpxdata:speed>4.658</gpxdata:speed>
    </extensions>
   </trkpt>
   <trkpt lat="42.9728890" lon="16.6873670">
    <ele>45</ele>
    <time>2026-08-07T18:35:00Z</time>
    <extensions>
     <gpxdata:distance>5917.00</gpxdata:distance>
     <gpxdata:speed>4.714</gpxdata:speed>
    </extensions>
   </trkpt>
   <trkpt lat="42.9729333" lon="16.6873557">
    <ele>45</ele>
    <time>2026-08-07T18:35:01Z</time>
    <extensions>
     <gpxdata:distance>5922.00</gpxdata:distance>
     <gpxdata:speed>4.808</gpxdata:speed>
    </extensions>
   </trkpt>
   <trkpt lat="42.9729784" lon="16.6873385">
    <ele>45</ele>
    <time>2026-08-07T18:35:02Z</time>
    <extensions>
     <gpxdata:distance>5927.50</gpxdata:distance>
     <gpxdata:speed>4.906</gpxdata:speed>
    </extensions>
   </trkpt>
   <trkpt lat="42.9730244" lon="16.6873165">
    <ele>45</ele>
    <time>2026-08-07T18:35:03Z</time>
    <extensions>
     <gpxdata:distance>5933.00</gpxdata:distance>
     <gpxdata:speed>5.056</gpxdata:speed>
    </extensions>
   </trkpt>
   <trkpt lat="42.9730714" lon="16.6872911">
    <ele>45</ele>
    <time>2026-08-07T18:35:04Z</time>
    <extensions>
     <gpxdata:distance>5938.50</gpxdata:distance>
     <gpxdata:speed>5.303</gpxdata:speed>
    </extensions>
   </trkpt>
   <trkpt lat="42.9731185" lon="16.6872630">
    <ele>45</ele>
    <time>2026-08-07T18:35:05Z</time>
    <extensions>
     <gpxdata:distance>5944.00</gpxdata:distance>
     <gpxdata:speed>5.597</gpxdata:speed>
    </extensions>
   </trkpt>
   <trkpt lat="42.9731646" lon="16.6872320">
    <ele>45</ele>
    <time>2026-08-07T18:35:06Z</time>
    <extensions>
     <gpxdata:distance>5950.00</gpxdata:distance>
     <gpxdata:speed>5.686</gpxdata:speed>
    </extensions>
   </trkpt>
   <trkpt lat="42.9732092" lon="16.6871969">
    <ele>45</ele>
    <time>2026-08-07T18:35:07Z</time>
    <extensions>
     <gpxdata:distance>5956.00</gpxdata:distance>
     <gpxdata:speed>5.686</gpxdata:speed>
    </extensions>
   </trkpt>
   <trkpt lat="42.9732522" lon="16.6871572">
    <ele>45</ele>
    <time>2026-08-07T18:35:08Z</time>
    <extensions>
     <gpxdata:distance>5961.50</gpxdata:distance>
     <gpxdata:speed>5.714</gpxdata:speed>
    </extensions>
   </trkpt>
   <trkpt lat="42.9732955" lon="16.6871134">
    <ele>45</ele>
    <time>2026-08-07T18:35:09Z</time>
    <extensions>
     <gpxdata:distance>5967.00</gpxdata:distance>
     <gpxdata:speed>5.800</gpxdata:speed>
    </extensions>
   </trkpt>
   <trkpt lat="42.9733563" lon="16.6870533">
    <ele>45</ele>
    <time>2026-08-07T18:35:10Z</time>
    <extensions>
     <gpxdata:distance>5973.50</gpxdata:distance>
     <gpxdata:speed>6.036</gpxdata:speed>
    </extensions>
   </trkpt>
   <trkpt lat="42.9734087" lon="16.6870074">
    <ele>44</ele>
    <time>2026-08-07T18:35:11Z</time>
    <extensions>
     <gpxdata:distance>5980.00</gpxdata:distance>
     <gpxdata:speed>6.311</gpxdata:speed>
    </extensions>
   </trkpt>
   <trkpt lat="42.9734641" lon="16.6869670">
    <ele>44</ele>
    <time>2026-08-07T18:35:12Z</time>
    <extensions>
     <gpxdata:distance>5987.00</gpxdata:distance>
     <gpxdata:speed>6.611</gpxdata:speed>
    </extensions>
   </trkpt>
   <trkpt lat="42.9735238" lon="16.6869346">
    <ele>44</ele>
    <time>2026-08-07T18:35:13Z</time>
    <extensions>
     <gpxdata:distance>5994.00</gpxdata:distance>
     <gpxdata:speed>6.869</gpxdata:speed>
    </extensions>
   </trkpt>
   <trkpt lat="42.9735870" lon="16.6869130">
    <ele>44</ele>
    <time>2026-08-07T18:35:14Z</time>
    <extensions>
     <gpxdata:distance>6001.50</gpxdata:distance>
     <gpxdata:speed>7.056</gpxdata:speed>
    </extensions>
   </trkpt>
   <trkpt lat="42.9736527" lon="16.6869004">
    <ele>44</ele>
    <time>2026-08-07T18:35:15Z</time>
    <extensions>
     <gpxdata:distance>6009.00</gpxdata:distance>
     <gpxdata:speed>7.175</gpxdata:speed>
    </extensions>
   </trkpt>
   <trkpt lat="42.9737212" lon="16.6868956">
    <ele>44</ele>
    <time>2026-08-07T18:35:16Z</time>
    <extensions>
     <gpxdata:distance>6016.50</gpxdata:distance>
     <gpxdata:speed>7.311</gpxdata:speed>
    </extensions>
   </trkpt>
   <trkpt lat="42.9737913" lon="16.6869003">
    <ele>43</ele>
    <time>2026-08-07T18:35:17Z</time>
    <extensions>
     <gpxdata:distance>6024.00</gpxdata:distance>
     <gpxdata:speed>7.558</gpxdata:speed>
    </extensions>
   </trkpt>
   <trkpt lat="42.9738607" lon="16.6869178">
    <ele>43</ele>
    <time>2026-08-07T18:35:18Z</time>
    <extensions>
     <gpxdata:distance>6032.00</gpxdata:distance>
     <gpxdata:speed>7.711</gpxdata:speed>
    </extensions>
   </trkpt>
   <trkpt lat="42.9739281" lon="16.6869476">
    <ele>43</ele>
    <time>2026-08-07T18:35:19Z</time>
    <extensions>
     <gpxdata:distance>6040.00</gpxdata:distance>
     <gpxdata:speed>7.806</gpxdata:speed>
    </extensions>
   </trkpt>
   <trkpt lat="42.9739929" lon="16.6869851">
    <ele>42</ele>
    <time>2026-08-07T18:35:20Z</time>
    <extensions>
     <gpxdata:distance>6047.50</gpxdata:distance>
     <gpxdata:speed>7.831</gpxdata:speed>
    </extensions>
   </trkpt>
   <trkpt lat="42.9740547" lon="16.6870232">
    <ele>42</ele>
    <time>2026-08-07T18:35:21Z</time>
    <extensions>
     <gpxdata:distance>6055.00</gpxdata:distance>
     <gpxdata:speed>7.772</gpxdata:speed>
    </extensions>
   </trkpt>
   <trkpt lat="42.9741139" lon="16.6870580">
    <ele>42</ele>
    <time>2026-08-07T18:35:22Z</time>
    <extensions>
     <gpxdata:distance>6062.00</gpxdata:distance>
     <gpxdata:speed>7.614</gpxdata:speed>
    </extensions>
   </trkpt>
   <trkpt lat="42.9741725" lon="16.6870891">
    <ele>41</ele>
    <time>2026-08-07T18:35:23Z</time>
    <extensions>
     <gpxdata:distance>6069.00</gpxdata:distance>
     <gpxdata:speed>7.417</gpxdata:speed>
    </extensions>
   </trkpt>
   <trkpt lat="42.9742322" lon="16.6871159">
    <ele>41</ele>
    <time>2026-08-07T18:35:24Z</time>
    <extensions>
     <gpxdata:distance>6076.00</gpxdata:distance>
     <gpxdata:speed>7.275</gpxdata:speed>
    </extensions>
   </trkpt>
   <trkpt lat="42.9742941" lon="16.6871361">
    <ele>41</ele>
    <time>2026-08-07T18:35:25Z</time>
    <extensions>
     <gpxdata:distance>6083.00</gpxdata:distance>
     <gpxdata:speed>7.200</gpxdata:speed>
    </extensions>
   </trkpt>
   <trkpt lat="42.9743589" lon="16.6871476">
    <ele>40</ele>
    <time>2026-08-07T18:35:26Z</time>
    <extensions>
     <gpxdata:distance>6090.50</gpxdata:distance>
     <gpxdata:speed>7.181</gpxdata:speed>
    </extensions>
   </trkpt>
   <trkpt lat="42.9744266" lon="16.6871492">
    <ele>40</ele>
    <time>2026-08-07T18:35:27Z</time>
    <extensions>
     <gpxdata:distance>6098.00</gpxdata:distance>
     <gpxdata:speed>7.233</gpxdata:speed>
    </extensions>
   </trkpt>
   <trkpt lat="42.9744958" lon="16.6871421">
    <ele>39</ele>
    <time>2026-08-07T18:35:28Z</time>
    <extensions>
     <gpxdata:distance>6106.00</gpxdata:distance>
     <gpxdata:speed>7.350</gpxdata:speed>
    </extensions>
   </trkpt>
   <trkpt lat="42.9745647" lon="16.6871299">
    <ele>39</ele>
    <time>2026-08-07T18:35:29Z</time>
    <extensions>
     <gpxdata:distance>6114.00</gpxdata:distance>
     <gpxdata:speed>7.475</gpxdata:speed>
    </extensions>
   </trkpt>
   <trkpt lat="42.9746322" lon="16.6871143">
    <ele>39</ele>
    <time>2026-08-07T18:35:30Z</time>
    <extensions>
     <gpxdata:distance>6121.50</gpxdata:distance>
     <gpxdata:speed>7.542</gpxdata:speed>
    </extensions>
   </trkpt>
   <trkpt lat="42.9746978" lon="16.6870929">
    <ele>39</ele>
    <time>2026-08-07T18:35:31Z</time>
    <extensions>
     <gpxdata:distance>6129.00</gpxdata:distance>
     <gpxdata:speed>7.539</gpxdata:speed>
    </extensions>
   </trkpt>
   <trkpt lat="42.9747611" lon="16.6870624">
    <ele>39</ele>
    <time>2026-08-07T18:35:32Z</time>
    <extensions>
     <gpxdata:distance>6136.50</gpxdata:distance>
     <gpxdata:speed>7.519</gpxdata:speed>
    </extensions>
   </trkpt>
   <trkpt lat="42.9748216" lon="16.6870226">
    <ele>38</ele>
    <time>2026-08-07T18:35:33Z</time>
    <extensions>
     <gpxdata:distance>6144.00</gpxdata:distance>
     <gpxdata:speed>7.519</gpxdata:speed>
    </extensions>
   </trkpt>
   <trkpt lat="42.9748810" lon="16.6869769">
    <ele>38</ele>
    <time>2026-08-07T18:35:34Z</time>
    <extensions>
     <gpxdata:distance>6151.50</gpxdata:distance>
     <gpxdata:speed>7.522</gpxdata:speed>
    </extensions>
   </trkpt>
   <trkpt lat="42.9749417" lon="16.6869329">
    <ele>38</ele>
    <time>2026-08-07T18:35:35Z</time>
    <extensions>
     <gpxdata:distance>6159.00</gpxdata:distance>
     <gpxdata:speed>7.556</gpxdata:speed>
    </extensions>
   </trkpt>
   <trkpt lat="42.9750065" lon="16.6868987">
    <ele>38</ele>
    <time>2026-08-07T18:35:36Z</time>
    <extensions>
     <gpxdata:distance>6166.50</gpxdata:distance>
     <gpxdata:speed>7.594</gpxdata:speed>
    </extensions>
   </trkpt>
   <trkpt lat="42.9750755" lon="16.6868775">
    <ele>37</ele>
    <time>2026-08-07T18:35:37Z</time>
    <extensions>
     <gpxdata:distance>6174.00</gpxdata:distance>
     <gpxdata:speed>7.672</gpxdata:speed>
    </extensions>
   </trkpt>
   <trkpt lat="42.9751471" lon="16.6868646">
    <ele>37</ele>
    <time>2026-08-07T18:35:38Z</time>
    <extensions>
     <gpxdata:distance>6182.50</gpxdata:distance>
     <gpxdata:speed>7.772</gpxdata:speed>
    </extensions>
   </trkpt>
   <trkpt lat="42.9752196" lon="16.6868529">
    <ele>37</ele>
    <time>2026-08-07T18:35:39Z</time>
    <extensions>
     <gpxdata:distance>6191.00</gpxdata:distance>
     <gpxdata:speed>7.872</gpxdata:speed>
    </extensions>
   </trkpt>
   <trkpt lat="42.9752909" lon="16.6868372">
    <ele>37</ele>
    <time>2026-08-07T18:35:40Z</time>
    <extensions>
     <gpxdata:distance>6199.00</gpxdata:distance>
     <gpxdata:speed>7.953</gpxdata:speed>
    </extensions>
   </trkpt>
   <trkpt lat="42.9753611" lon="16.6868157">
    <ele>36</ele>
    <time>2026-08-07T18:35:41Z</time>
    <extensions>
     <gpxdata:distance>6207.00</gpxdata:distance>
     <gpxdata:speed>7.975</gpxdata:speed>
    </extensions>
   </trkpt>
   <trkpt lat="42.9754305" lon="16.6867911">
    <ele>36</ele>
    <time>2026-08-07T18:35:42Z</time>
    <extensions>
     <gpxdata:distance>6214.50</gpxdata:distance>
     <gpxdata:speed>7.994</gpxdata:speed>
    </extensions>
   </trkpt>
   <trkpt lat="42.9755001" lon="16.6867671">
    <ele>36</ele>
    <time>2026-08-07T18:35:43Z</time>
    <extensions>
     <gpxdata:distance>6222.00</gpxdata:distance>
     <gpxdata:speed>7.994</gpxdata:speed>
    </extensions>
   </trkpt>
   <trkpt lat="42.9755699" lon="16.6867467">
    <ele>36</ele>
    <time>2026-08-07T18:35:44Z</time>
    <extensions>
     <gpxdata:distance>6230.00</gpxdata:distance>
     <gpxdata:speed>8.003</gpxdata:speed>
    </extensions>
   </trkpt>
   <trkpt lat="42.9756394" lon="16.6867286">
    <ele>36</ele>
    <time>2026-08-07T18:35:45Z</time>
    <extensions>
     <gpxdata:distance>6238.00</gpxdata:distance>
     <gpxdata:speed>7.986</gpxdata:speed>
    </extensions>
   </trkpt>
   <trkpt lat="42.9757086" lon="16.6867118">
    <ele>36</ele>
    <time>2026-08-07T18:35:46Z</time>
    <extensions>
     <gpxdata:distance>6246.00</gpxdata:distance>
     <gpxdata:speed>7.953</gpxdata:speed>
    </extensions>
   </trkpt>
   <trkpt lat="42.9757779" lon="16.6866978">
    <ele>36</ele>
    <time>2026-08-07T18:35:47Z</time>
    <extensions>
     <gpxdata:distance>6254.00</gpxdata:distance>
     <gpxdata:speed>7.908</gpxdata:speed>
    </extensions>
   </trkpt>
   <trkpt lat="42.9758473" lon="16.6866907">
    <ele>36</ele>
    <time>2026-08-07T18:35:48Z</time>
    <extensions>
     <gpxdata:distance>6262.00</gpxdata:distance>
     <gpxdata:speed>7.869</gpxdata:speed>
    </extensions>
   </trkpt>
   <trkpt lat="42.9759163" lon="16.6866928">
    <ele>36</ele>
    <time>2026-08-07T18:35:49Z</time>
    <extensions>
     <gpxdata:distance>6270.00</gpxdata:distance>
     <gpxdata:speed>7.831</gpxdata:speed>
    </extensions>
   </trkpt>
   <trkpt lat="42.9759844" lon="16.6867028">
    <ele>36</ele>
    <time>2026-08-07T18:35:50Z</time>
    <extensions>
     <gpxdata:distance>6277.50</gpxdata:distance>
     <gpxdata:speed>7.783</gpxdata:speed>
    </extensions>
   </trkpt>
   <trkpt lat="42.9760519" lon="16.6867152">
    <ele>36</ele>
    <time>2026-08-07T18:35:51Z</time>
    <extensions>
     <gpxdata:distance>6285.00</gpxdata:distance>
     <gpxdata:speed>7.728</gpxdata:speed>
    </extensions>
   </trkpt>
   <trkpt lat="42.9761191" lon="16.6867258">
    <ele>36</ele>
    <time>2026-08-07T18:35:52Z</time>
    <extensions>
     <gpxdata:distance>6292.50</gpxdata:distance>
     <gpxdata:speed>7.672</gpxdata:speed>
    </extensions>
   </trkpt>
   <trkpt lat="42.9761849" lon="16.6867336">
    <ele>36</ele>
    <time>2026-08-07T18:35:53Z</time>
    <extensions>
     <gpxdata:distance>6300.00</gpxdata:distance>
     <gpxdata:speed>7.614</gpxdata:speed>
    </extensions>
   </trkpt>
   <trkpt lat="42.9762487" lon="16.6867398">
    <ele>36</ele>
    <time>2026-08-07T18:35:54Z</time>
    <extensions>
     <gpxdata:distance>6307.00</gpxdata:distance>
     <gpxdata:speed>7.506</gpxdata:speed>
    </extensions>
   </trkpt>
   <trkpt lat="42.9763097" lon="16.6867456">
    <ele>36</ele>
    <time>2026-08-07T18:35:55Z</time>
    <extensions>
     <gpxdata:distance>6314.00</gpxdata:distance>
     <gpxdata:speed>7.172</gpxdata:speed>
    </extensions>
   </trkpt>
   <trkpt lat="42.9763683" lon="16.6867523">
    <ele>36</ele>
    <time>2026-08-07T18:35:56Z</time>
    <extensions>
     <gpxdata:distance>6320.50</gpxdata:distance>
     <gpxdata:speed>6.883</gpxdata:speed>
    </extensions>
   </trkpt>
   <trkpt lat="42.9764244" lon="16.6867604">
    <ele>36</ele>
    <time>2026-08-07T18:35:57Z</time>
    <extensions>
     <gpxdata:distance>6327.00</gpxdata:distance>
     <gpxdata:speed>6.633</gpxdata:speed>
    </extensions>
   </trkpt>
   <trkpt lat="42.9764781" lon="16.6867702">
    <ele>36</ele>
    <time>2026-08-07T18:35:58Z</time>
    <extensions>
     <gpxdata:distance>6333.00</gpxdata:distance>
     <gpxdata:speed>6.375</gpxdata:speed>
    </extensions>
   </trkpt>
   <trkpt lat="42.9765292" lon="16.6867796">
    <ele>36</ele>
    <time>2026-08-07T18:35:59Z</time>
    <extensions>
     <gpxdata:distance>6339.00</gpxdata:distance>
     <gpxdata:speed>6.142</gpxdata:speed>
    </extensions>
   </trkpt>
   <trkpt lat="42.9765643" lon="16.6867847">
    <ele>36</ele>
    <time>2026-08-07T18:36:00Z</time>
    <extensions>
     <gpxdata:distance>6344.50</gpxdata:distance>
     <gpxdata:speed>5.839</gpxdata:speed>
    </extensions>
   </trkpt>
   <trkpt lat="42.9766064" lon="16.6867893">
    <ele>36</ele>
    <time>2026-08-07T18:36:01Z</time>
    <extensions>
     <gpxdata:distance>6350.00</gpxdata:distance>
     <gpxdata:speed>5.542</gpxdata:speed>
    </extensions>
   </trkpt>
   <trkpt lat="42.9766472" lon="16.6867929">
    <ele>36</ele>
    <time>2026-08-07T18:36:02Z</time>
    <extensions>
     <gpxdata:distance>6354.00</gpxdata:distance>
     <gpxdata:speed>5.192</gpxdata:speed>
    </extensions>
   </trkpt>
   <trkpt lat="42.9766826" lon="16.6867943">
    <ele>36</ele>
    <time>2026-08-07T18:36:03Z</time>
    <extensions>
     <gpxdata:distance>6358.00</gpxdata:distance>
     <gpxdata:speed>4.675</gpxdata:speed>
    </extensions>
   </trkpt>
   <trkpt lat="42.9767106" lon="16.6867924">
    <ele>36</ele>
    <time>2026-08-07T18:36:04Z</time>
    <extensions>
     <gpxdata:distance>6361.00</gpxdata:distance>
     <gpxdata:speed>3.958</gpxdata:speed>
    </extensions>
   </trkpt>
   <trkpt lat="42.9767314" lon="16.6867863">
    <ele>36</ele>
    <time>2026-08-07T18:36:05Z</time>
    <extensions>
     <gpxdata:distance>6364.00</gpxdata:distance>
     <gpxdata:speed>3.136</gpxdata:speed>
    </extensions>
   </trkpt>
   <trkpt lat="42.9767470" lon="16.6867737">
    <ele>36</ele>
    <time>2026-08-07T18:36:06Z</time>
    <extensions>
     <gpxdata:distance>6366.00</gpxdata:distance>
     <gpxdata:speed>3.019</gpxdata:speed>
    </extensions>
   </trkpt>
   <trkpt lat="42.9767534" lon="16.6867606">
    <ele>36</ele>
    <time>2026-08-07T18:36:07Z</time>
    <extensions>
     <gpxdata:distance>6368.00</gpxdata:distance>
     <gpxdata:speed>2.333</gpxdata:speed>
    </extensions>
   </trkpt>
   <trkpt lat="42.9767585" lon="16.6867348">
    <ele>36</ele>
    <time>2026-08-07T18:36:08Z</time>
    <extensions>
     <gpxdata:distance>6371.00</gpxdata:distance>
     <gpxdata:speed>2.600</gpxdata:speed>
    </extensions>
   </trkpt>
   <trkpt lat="42.9767588" lon="16.6866732">
    <ele>36</ele>
    <time>2026-08-07T18:36:09Z</time>
    <extensions>
     <gpxdata:distance>6374.00</gpxdata:distance>
     <gpxdata:speed>3.164</gpxdata:speed>
    </extensions>
   </trkpt>
   <trkpt lat="42.9767499" lon="16.6866173">
    <ele>36</ele>
    <time>2026-08-07T18:36:10Z</time>
    <extensions>
     <gpxdata:distance>6379.00</gpxdata:distance>
     <gpxdata:speed>3.900</gpxdata:speed>
    </extensions>
   </trkpt>
   <trkpt lat="42.9767352" lon="16.6865569">
    <ele>36</ele>
    <time>2026-08-07T18:36:11Z</time>
    <extensions>
     <gpxdata:distance>6384.00</gpxdata:distance>
     <gpxdata:speed>4.283</gpxdata:speed>
    </extensions>
   </trkpt>
   <trkpt lat="42.9767179" lon="16.6864909">
    <ele>36</ele>
    <time>2026-08-07T18:36:12Z</time>
    <extensions>
     <gpxdata:distance>6390.00</gpxdata:distance>
     <gpxdata:speed>5.122</gpxdata:speed>
    </extensions>
   </trkpt>
   <trkpt lat="42.9767000" lon="16.6864198">
    <ele>36</ele>
    <time>2026-08-07T18:36:13Z</time>
    <extensions>
     <gpxdata:distance>6396.00</gpxdata:distance>
     <gpxdata:speed>5.636</gpxdata:speed>
    </extensions>
   </trkpt>
   <trkpt lat="42.9766775" lon="16.6863195">
    <ele>36</ele>
    <time>2026-08-07T18:36:14Z</time>
    <extensions>
     <gpxdata:distance>6402.50</gpxdata:distance>
     <gpxdata:speed>6.028</gpxdata:speed>
    </extensions>
   </trkpt>
   <trkpt lat="42.9766619" lon="16.6862370">
    <ele>36</ele>
    <time>2026-08-07T18:36:15Z</time>
    <extensions>
     <gpxdata:distance>6409.00</gpxdata:distance>
     <gpxdata:speed>6.333</gpxdata:speed>
    </extensions>
   </trkpt>
   <trkpt lat="42.9766487" lon="16.6861554">
    <ele>36</ele>
    <time>2026-08-07T18:36:16Z</time>
    <extensions>
     <gpxdata:distance>6415.50</gpxdata:distance>
     <gpxdata:speed>6.556</gpxdata:speed>
    </extensions>
   </trkpt>
   <trkpt lat="42.9766363" lon="16.6860736">
    <ele>36</ele>
    <time>2026-08-07T18:36:17Z</time>
    <extensions>
     <gpxdata:distance>6422.00</gpxdata:distance>
     <gpxdata:speed>6.669</gpxdata:speed>
    </extensions>
   </trkpt>
   <trkpt lat="42.9766229" lon="16.6859921">
    <ele>36</ele>
    <time>2026-08-07T18:36:18Z</time>
    <extensions>
     <gpxdata:distance>6429.00</gpxdata:distance>
     <gpxdata:speed>6.733</gpxdata:speed>
    </extensions>
   </trkpt>
   <trkpt lat="42.9766060" lon="16.6859116">
    <ele>37</ele>
    <time>2026-08-07T18:36:19Z</time>
    <extensions>
     <gpxdata:distance>6436.00</gpxdata:distance>
     <gpxdata:speed>6.761</gpxdata:speed>
    </extensions>
   </trkpt>
   <trkpt lat="42.9765863" lon="16.6858321">
    <ele>37</ele>
    <time>2026-08-07T18:36:20Z</time>
    <extensions>
     <gpxdata:distance>6443.00</gpxdata:distance>
     <gpxdata:speed>6.806</gpxdata:speed>
    </extensions>
   </trkpt>
   <trkpt lat="42.9765641" lon="16.6857531">
    <ele>37</ele>
    <time>2026-08-07T18:36:21Z</time>
    <extensions>
     <gpxdata:distance>6450.00</gpxdata:distance>
     <gpxdata:speed>6.839</gpxdata:speed>
    </extensions>
   </trkpt>
   <trkpt lat="42.9765406" lon="16.6856737">
    <ele>37</ele>
    <time>2026-08-07T18:36:22Z</time>
    <extensions>
     <gpxdata:distance>6457.00</gpxdata:distance>
     <gpxdata:speed>6.881</gpxdata:speed>
    </extensions>
   </trkpt>
   <trkpt lat="42.9765171" lon="16.6855929">
    <ele>37</ele>
    <time>2026-08-07T18:36:23Z</time>
    <extensions>
     <gpxdata:distance>6464.00</gpxdata:distance>
     <gpxdata:speed>6.958</gpxdata:speed>
    </extensions>
   </trkpt>
   <trkpt lat="42.9764936" lon="16.6855110">
    <ele>37</ele>
    <time>2026-08-07T18:36:24Z</time>
    <extensions>
     <gpxdata:distance>6471.00</gpxdata:distance>
     <gpxdata:speed>7.033</gpxdata:speed>
    </extensions>
   </trkpt>
   <trkpt lat="42.9764685" lon="16.6854286">
    <ele>37</ele>
    <time>2026-08-07T18:36:25Z</time>
    <extensions>
     <gpxdata:distance>6478.00</gpxdata:distance>
     <gpxdata:speed>7.092</gpxdata:speed>
    </extensions>
   </trkpt>
   <trkpt lat="42.9764417" lon="16.6853451">
    <ele>37</ele>
    <time>2026-08-07T18:36:26Z</time>
    <extensions>
     <gpxdata:distance>6485.50</gpxdata:distance>
     <gpxdata:speed>7.167</gpxdata:speed>
    </extensions>
   </trkpt>
   <trkpt lat="42.9764140" lon="16.6852601">
    <ele>37</ele>
    <time>2026-08-07T18:36:27Z</time>
    <extensions>
     <gpxdata:distance>6493.00</gpxdata:distance>
     <gpxdata:speed>7.275</gpxdata:speed>
    </extensions>
   </trkpt>
   <trkpt lat="42.9763859" lon="16.6851741">
    <ele>37</ele>
    <time>2026-08-07T18:36:28Z</time>
    <extensions>
     <gpxdata:distance>6500.50</gpxdata:distance>
     <gpxdata:speed>7.389</gpxdata:speed>
    </extensions>
   </trkpt>
   <trkpt lat="42.9763577" lon="16.6850877">
    <ele>37</ele>
    <time>2026-08-07T18:36:29Z</time>
    <extensions>
     <gpxdata:distance>6508.00</gpxdata:distance>
     <gpxdata:speed>7.494</gpxdata:speed>
    </extensions>
   </trkpt>
   <trkpt lat="42.9763307" lon="16.6850011">
    <ele>37</ele>
    <time>2026-08-07T18:36:30Z</time>
    <extensions>
     <gpxdata:distance>6516.00</gpxdata:distance>
     <gpxdata:speed>7.639</gpxdata:speed>
    </extensions>
   </trkpt>
   <trkpt lat="42.9763060" lon="16.6849144">
    <ele>37</ele>
    <time>2026-08-07T18:36:31Z</time>
    <extensions>
     <gpxdata:distance>6524.00</gpxdata:distance>
     <gpxdata:speed>7.633</gpxdata:speed>
    </extensions>
   </trkpt>
   <trkpt lat="42.9762825" lon="16.6848295">
    <ele>37</ele>
    <time>2026-08-07T18:36:32Z</time>
    <extensions>
     <gpxdata:distance>6531.00</gpxdata:distance>
     <gpxdata:speed>7.572</gpxdata:speed>
    </extensions>
   </trkpt>
   <trkpt lat="42.9762601" lon="16.6847478">
    <ele>37</ele>
    <time>2026-08-07T18:36:33Z</time>
    <extensions>
     <gpxdata:distance>6538.00</gpxdata:distance>
     <gpxdata:speed>7.447</gpxdata:speed>
    </extensions>
   </trkpt>
   <trkpt lat="42.9762384" lon="16.6846702">
    <ele>37</ele>
    <time>2026-08-07T18:36:34Z</time>
    <extensions>
     <gpxdata:distance>6545.00</gpxdata:distance>
     <gpxdata:speed>7.283</gpxdata:speed>
    </extensions>
   </trkpt>
   <trkpt lat="42.9762175" lon="16.6845960">
    <ele>37</ele>
    <time>2026-08-07T18:36:35Z</time>
    <extensions>
     <gpxdata:distance>6552.00</gpxdata:distance>
     <gpxdata:speed>7.078</gpxdata:speed>
    </extensions>
   </trkpt>
   <trkpt lat="42.9761976" lon="16.6845245">
    <ele>37</ele>
    <time>2026-08-07T18:36:36Z</time>
    <extensions>
     <gpxdata:distance>6558.00</gpxdata:distance>
     <gpxdata:speed>6.622</gpxdata:speed>
    </extensions>
   </trkpt>
   <trkpt lat="42.9761778" lon="16.6844559">
    <ele>37</ele>
    <time>2026-08-07T18:36:37Z</time>
    <extensions>
     <gpxdata:distance>6564.00</gpxdata:distance>
     <gpxdata:speed>6.361</gpxdata:speed>
    </extensions>
   </trkpt>
   <trkpt lat="42.9761587" lon="16.6843912">
    <ele>37</ele>
    <time>2026-08-07T18:36:38Z</time>
    <extensions>
     <gpxdata:distance>6569.50</gpxdata:distance>
     <gpxdata:speed>6.117</gpxdata:speed>
    </extensions>
   </trkpt>
   <trkpt lat="42.9761467" lon="16.6843485">
    <ele>37</ele>
    <time>2026-08-07T18:36:39Z</time>
    <extensions>
     <gpxdata:distance>6575.00</gpxdata:distance>
     <gpxdata:speed>5.786</gpxdata:speed>
    </extensions>
   </trkpt>
   <trkpt lat="42.9761352" lon="16.6842990">
    <ele>37</ele>
    <time>2026-08-07T18:36:40Z</time>
    <extensions>
     <gpxdata:distance>6579.50</gpxdata:distance>
     <gpxdata:speed>5.258</gpxdata:speed>
    </extensions>
   </trkpt>
   <trkpt lat="42.9761303" lon="16.6842511">
    <ele>38</ele>
    <time>2026-08-07T18:36:41Z</time>
    <extensions>
     <gpxdata:distance>6584.00</gpxdata:distance>
     <gpxdata:speed>4.647</gpxdata:speed>
    </extensions>
   </trkpt>
   <trkpt lat="42.9761349" lon="16.6842073">
    <ele>38</ele>
    <time>2026-08-07T18:36:42Z</time>
    <extensions>
     <gpxdata:distance>6587.50</gpxdata:distance>
     <gpxdata:speed>4.158</gpxdata:speed>
    </extensions>
   </trkpt>
   <trkpt lat="42.9761499" lon="16.6841713">
    <ele>38</ele>
    <time>2026-08-07T18:36:43Z</time>
    <extensions>
     <gpxdata:distance>6591.00</gpxdata:distance>
     <gpxdata:speed>3.894</gpxdata:speed>
    </extensions>
   </trkpt>
   <trkpt lat="42.9761739" lon="16.6841447">
    <ele>38</ele>
    <time>2026-08-07T18:36:44Z</time>
    <extensions>
     <gpxdata:distance>6594.50</gpxdata:distance>
     <gpxdata:speed>3.733</gpxdata:speed>
    </extensions>
   </trkpt>
   <trkpt lat="42.9762032" lon="16.6841252">
    <ele>38</ele>
    <time>2026-08-07T18:36:45Z</time>
    <extensions>
     <gpxdata:distance>6598.00</gpxdata:distance>
     <gpxdata:speed>3.761</gpxdata:speed>
    </extensions>
   </trkpt>
   <trkpt lat="42.9762360" lon="16.6841101">
    <ele>39</ele>
    <time>2026-08-07T18:36:46Z</time>
    <extensions>
     <gpxdata:distance>6602.00</gpxdata:distance>
     <gpxdata:speed>3.758</gpxdata:speed>
    </extensions>
   </trkpt>
   <trkpt lat="42.9762706" lon="16.6840967">
    <ele>39</ele>
    <time>2026-08-07T18:36:47Z</time>
    <extensions>
     <gpxdata:distance>6606.00</gpxdata:distance>
     <gpxdata:speed>3.864</gpxdata:speed>
    </extensions>
   </trkpt>
   <trkpt lat="42.9763068" lon="16.6840842">
    <ele>39</ele>
    <time>2026-08-07T18:36:48Z</time>
    <extensions>
     <gpxdata:distance>6610.00</gpxdata:distance>
     <gpxdata:speed>3.972</gpxdata:speed>
    </extensions>
   </trkpt>
   <trkpt lat="42.9763439" lon="16.6840724">
    <ele>40</ele>
    <time>2026-08-07T18:36:49Z</time>
    <extensions>
     <gpxdata:distance>6614.00</gpxdata:distance>
     <gpxdata:speed>4.111</gpxdata:speed>
    </extensions>
   </trkpt>
   <trkpt lat="42.9763805" lon="16.6840602">
    <ele>40</ele>
    <time>2026-08-07T18:36:50Z</time>
    <extensions>
     <gpxdata:distance>6618.50</gpxdata:distance>
     <gpxdata:speed>4.139</gpxdata:speed>
    </extensions>
   </trkpt>
   <trkpt lat="42.9764156" lon="16.6840453">
    <ele>40</ele>
    <time>2026-08-07T18:36:51Z</time>
    <extensions>
     <gpxdata:distance>6623.00</gpxdata:distance>
     <gpxdata:speed>4.131</gpxdata:speed>
    </extensions>
   </trkpt>
   <trkpt lat="42.9764491" lon="16.6840279">
    <ele>40</ele>
    <time>2026-08-07T18:36:52Z</time>
    <extensions>
     <gpxdata:distance>6626.50</gpxdata:distance>
     <gpxdata:speed>4.069</gpxdata:speed>
    </extensions>
   </trkpt>
   <trkpt lat="42.9764816" lon="16.6840092">
    <ele>40</ele>
    <time>2026-08-07T18:36:53Z</time>
    <extensions>
     <gpxdata:distance>6630.00</gpxdata:distance>
     <gpxdata:speed>4.031</gpxdata:speed>
    </extensions>
   </trkpt>
   <trkpt lat="42.9765131" lon="16.6839905">
    <ele>40</ele>
    <time>2026-08-07T18:36:54Z</time>
    <extensions>
     <gpxdata:distance>6634.00</gpxdata:distance>
     <gpxdata:speed>3.981</gpxdata:speed>
    </extensions>
   </trkpt>
   <trkpt lat="42.9765438" lon="16.6839726">
    <ele>40</ele>
    <time>2026-08-07T18:36:55Z</time>
    <extensions>
     <gpxdata:distance>6638.00</gpxdata:distance>
     <gpxdata:speed>3.914</gpxdata:speed>
    </extensions>
   </trkpt>
   <trkpt lat="42.9765740" lon="16.6839552">
    <ele>41</ele>
    <time>2026-08-07T18:36:56Z</time>
    <extensions>
     <gpxdata:distance>6641.50</gpxdata:distance>
     <gpxdata:speed>3.828</gpxdata:speed>
    </extensions>
   </trkpt>
   <trkpt lat="42.9766043" lon="16.6839380">
    <ele>41</ele>
    <time>2026-08-07T18:36:57Z</time>
    <extensions>
     <gpxdata:distance>6645.00</gpxdata:distance>
     <gpxdata:speed>3.758</gpxdata:speed>
    </extensions>
   </trkpt>
   <trkpt lat="42.9766351" lon="16.6839203">
    <ele>41</ele>
    <time>2026-08-07T18:36:58Z</time>
    <extensions>
     <gpxdata:distance>6649.00</gpxdata:distance>
     <gpxdata:speed>3.728</gpxdata:speed>
    </extensions>
   </trkpt>
   <trkpt lat="42.9766663" lon="16.6839027">
    <ele>41</ele>
    <time>2026-08-07T18:36:59Z</time>
    <extensions>
     <gpxdata:distance>6653.00</gpxdata:distance>
     <gpxdata:speed>3.733</gpxdata:speed>
    </extensions>
   </trkpt>
   <trkpt lat="42.9766977" lon="16.6838854">
    <ele>42</ele>
    <time>2026-08-07T18:37:00Z</time>
    <extensions>
     <gpxdata:distance>6656.50</gpxdata:distance>
     <gpxdata:speed>3.742</gpxdata:speed>
    </extensions>
   </trkpt>
   <trkpt lat="42.9767293" lon="16.6838684">
    <ele>42</ele>
    <time>2026-08-07T18:37:01Z</time>
    <extensions>
     <gpxdata:distance>6660.00</gpxdata:distance>
     <gpxdata:speed>3.744</gpxdata:speed>
    </extensions>
   </trkpt>
   <trkpt lat="42.9767616" lon="16.6838507">
    <ele>42</ele>
    <time>2026-08-07T18:37:02Z</time>
    <extensions>
     <gpxdata:distance>6664.00</gpxdata:distance>
     <gpxdata:speed>3.761</gpxdata:speed>
    </extensions>
   </trkpt>
   <trkpt lat="42.9767944" lon="16.6838324">
    <ele>42</ele>
    <time>2026-08-07T18:37:03Z</time>
    <extensions>
     <gpxdata:distance>6668.00</gpxdata:distance>
     <gpxdata:speed>3.811</gpxdata:speed>
    </extensions>
   </trkpt>
   <trkpt lat="42.9768274" lon="16.6838135">
    <ele>43</ele>
    <time>2026-08-07T18:37:04Z</time>
    <extensions>
     <gpxdata:distance>6672.00</gpxdata:distance>
     <gpxdata:speed>3.869</gpxdata:speed>
    </extensions>
   </trkpt>
   <trkpt lat="42.9768607" lon="16.6837945">
    <ele>43</ele>
    <time>2026-08-07T18:37:05Z</time>
    <extensions>
     <gpxdata:distance>6676.00</gpxdata:distance>
     <gpxdata:speed>3.911</gpxdata:speed>
    </extensions>
   </trkpt>
   <trkpt lat="42.9768943" lon="16.6837763">
    <ele>43</ele>
    <time>2026-08-07T18:37:06Z</time>
    <extensions>
     <gpxdata:distance>6680.00</gpxdata:distance>
     <gpxdata:speed>3.958</gpxdata:speed>
    </extensions>
   </trkpt>
   <trkpt lat="42.9769276" lon="16.6837595">
    <ele>43</ele>
    <time>2026-08-07T18:37:07Z</time>
    <extensions>
     <gpxdata:distance>6684.00</gpxdata:distance>
     <gpxdata:speed>3.981</gpxdata:speed>
    </extensions>
   </trkpt>
   <trkpt lat="42.9769608" lon="16.6837426">
    <ele>44</ele>
    <time>2026-08-07T18:37:08Z</time>
    <extensions>
     <gpxdata:distance>6688.00</gpxdata:distance>
     <gpxdata:speed>3.967</gpxdata:speed>
    </extensions>
   </trkpt>
   <trkpt lat="42.9769936" lon="16.6837255">
    <ele>44</ele>
    <time>2026-08-07T18:37:09Z</time>
    <extensions>
     <gpxdata:distance>6692.00</gpxdata:distance>
     <gpxdata:speed>3.958</gpxdata:speed>
    </extensions>
   </trkpt>
   <trkpt lat="42.9770267" lon="16.6837084">
    <ele>44</ele>
    <time>2026-08-07T18:37:10Z</time>
    <extensions>
     <gpxdata:distance>6696.00</gpxdata:distance>
     <gpxdata:speed>3.944</gpxdata:speed>
    </extensions>
   </trkpt>
   <trkpt lat="42.9770601" lon="16.6836909">
    <ele>45</ele>
    <time>2026-08-07T18:37:11Z</time>
    <extensions>
     <gpxdata:distance>6700.00</gpxdata:distance>
     <gpxdata:speed>3.947</gpxdata:speed>
    </extensions>
   </trkpt>
   <trkpt lat="42.9770936" lon="16.6836734">
    <ele>45</ele>
    <time>2026-08-07T18:37:12Z</time>
    <extensions>
     <gpxdata:distance>6704.00</gpxdata:distance>
     <gpxdata:speed>3.967</gpxdata:speed>
    </extensions>
   </trkpt>
   <trkpt lat="42.9771253" lon="16.6836560">
    <ele>45</ele>
    <time>2026-08-07T18:37:13Z</time>
    <extensions>
     <gpxdata:distance>6708.00</gpxdata:distance>
     <gpxdata:speed>3.978</gpxdata:speed>
    </extensions>
   </trkpt>
   <trkpt lat="42.9771530" lon="16.6836402">
    <ele>45</ele>
    <time>2026-08-07T18:37:14Z</time>
    <extensions>
     <gpxdata:distance>6711.00</gpxdata:distance>
     <gpxdata:speed>3.881</gpxdata:speed>
    </extensions>
   </trkpt>
   <trkpt lat="42.9771780" lon="16.6836259">
    <ele>46</ele>
    <time>2026-08-07T18:37:15Z</time>
    <extensions>
     <gpxdata:distance>6714.00</gpxdata:distance>
     <gpxdata:speed>3.303</gpxdata:speed>
    </extensions>
   </trkpt>
   <trkpt lat="42.9772026" lon="16.6836123">
    <ele>46</ele>
    <time>2026-08-07T18:37:16Z</time>
    <extensions>
     <gpxdata:distance>6717.00</gpxdata:distance>
     <gpxdata:speed>3.011</gpxdata:speed>
    </extensions>
   </trkpt>
   <trkpt lat="42.9772281" lon="16.6835981">
    <ele>46</ele>
    <time>2026-08-07T18:37:17Z</time>
    <extensions>
     <gpxdata:distance>6720.00</gpxdata:distance>
     <gpxdata:speed>3.019</gpxdata:speed>
    </extensions>
   </trkpt>
   <trkpt lat="42.9772544" lon="16.6835834">
    <ele>47</ele>
    <time>2026-08-07T18:37:18Z</time>
    <extensions>
     <gpxdata:distance>6723.00</gpxdata:distance>
     <gpxdata:speed>3.136</gpxdata:speed>
    </extensions>
   </trkpt>
   <trkpt lat="42.9772808" lon="16.6835687">
    <ele>47</ele>
    <time>2026-08-07T18:37:19Z</time>
    <extensions>
     <gpxdata:distance>6726.00</gpxdata:distance>
     <gpxdata:speed>3.164</gpxdata:speed>
    </extensions>
   </trkpt>
   <trkpt lat="42.9773074" lon="16.6835551">
    <ele>47</ele>
    <time>2026-08-07T18:37:20Z</time>
    <extensions>
     <gpxdata:distance>6729.50</gpxdata:distance>
     <gpxdata:speed>3.150</gpxdata:speed>
    </extensions>
   </trkpt>
   <trkpt lat="42.9773337" lon="16.6835439">
    <ele>48</ele>
    <time>2026-08-07T18:37:21Z</time>
    <extensions>
     <gpxdata:distance>6733.00</gpxdata:distance>
     <gpxdata:speed>3.142</gpxdata:speed>
    </extensions>
   </trkpt>
   <trkpt lat="42.9773560" lon="16.6835360">
    <ele>48</ele>
    <time>2026-08-07T18:37:22Z</time>
    <extensions>
     <gpxdata:distance>6735.00</gpxdata:distance>
     <gpxdata:speed>3.094</gpxdata:speed>
    </extensions>
   </trkpt>
   <trkpt lat="42.9773578" lon="16.6835352">
    <ele>48</ele>
    <time>2026-08-07T18:37:23Z</time>
    <extensions>
     <gpxdata:distance>6737.00</gpxdata:distance>
     <gpxdata:speed>2.817</gpxdata:speed>
    </extensions>
   </trkpt>
   <trkpt lat="42.9773597" lon="16.6835344">
    <ele>48</ele>
    <time>2026-08-07T18:37:24Z</time>
    <extensions>
     <gpxdata:distance>6737.00</gpxdata:distance>
     <gpxdata:speed>2.258</gpxdata:speed>
    </extensions>
   </trkpt>
   <trkpt lat="42.9773616" lon="16.6835336">
    <ele>48</ele>
    <time>2026-08-07T18:37:25Z</time>
    <extensions>
     <gpxdata:distance>6737.00</gpxdata:distance>
     <gpxdata:speed>1.681</gpxdata:speed>
    </extensions>
   </trkpt>
   <trkpt lat="42.9773678" lon="16.6835295">
    <ele>49</ele>
    <time>2026-08-07T18:37:26Z</time>
    <extensions>
     <gpxdata:distance>6737.00</gpxdata:distance>
     <gpxdata:speed>0.597</gpxdata:speed>
    </extensions>
   </trkpt>
   <trkpt lat="42.9773750" lon="16.6835226">
    <ele>49</ele>
    <time>2026-08-07T18:37:27Z</time>
    <extensions>
     <gpxdata:distance>6737.00</gpxdata:distance>
     <gpxdata:speed>0.597</gpxdata:speed>
    </extensions>
   </trkpt>
   <trkpt lat="42.9773842" lon="16.6835132">
    <ele>49</ele>
    <time>2026-08-07T18:37:28Z</time>
    <extensions>
     <gpxdata:distance>6739.50</gpxdata:distance>
     <gpxdata:speed>0.597</gpxdata:speed>
    </extensions>
   </trkpt>
   <trkpt lat="42.9773963" lon="16.6835023">
    <ele>49</ele>
    <time>2026-08-07T18:37:29Z</time>
    <extensions>
     <gpxdata:distance>6742.00</gpxdata:distance>
     <gpxdata:speed>1.519</gpxdata:speed>
    </extensions>
   </trkpt>
   <trkpt lat="42.9774122" lon="16.6834906">
    <ele>49</ele>
    <time>2026-08-07T18:37:30Z</time>
    <extensions>
     <gpxdata:distance>6745.00</gpxdata:distance>
     <gpxdata:speed>1.728</gpxdata:speed>
    </extensions>
   </trkpt>
   <trkpt lat="42.9774396" lon="16.6834750">
    <ele>49</ele>
    <time>2026-08-07T18:37:31Z</time>
    <extensions>
     <gpxdata:distance>6748.00</gpxdata:distance>
     <gpxdata:speed>2.050</gpxdata:speed>
    </extensions>
   </trkpt>
   <trkpt lat="42.9774671" lon="16.6834631">
    <ele>49</ele>
    <time>2026-08-07T18:37:32Z</time>
    <extensions>
     <gpxdata:distance>6751.50</gpxdata:distance>
     <gpxdata:speed>2.419</gpxdata:speed>
    </extensions>
   </trkpt>
   <trkpt lat="42.9775139" lon="16.6834461">
    <ele>49</ele>
    <time>2026-08-07T18:37:33Z</time>
    <extensions>
     <gpxdata:distance>6755.00</gpxdata:distance>
     <gpxdata:speed>3.172</gpxdata:speed>
    </extensions>
   </trkpt>
   <trkpt lat="42.9775490" lon="16.6834343">
    <ele>49</ele>
    <time>2026-08-07T18:37:34Z</time>
    <extensions>
     <gpxdata:distance>6758.50</gpxdata:distance>
     <gpxdata:speed>3.464</gpxdata:speed>
    </extensions>
   </trkpt>
   <trkpt lat="42.9775831" lon="16.6834217">
    <ele>49</ele>
    <time>2026-08-07T18:37:35Z</time>
    <extensions>
     <gpxdata:distance>6762.00</gpxdata:distance>
     <gpxdata:speed>3.694</gpxdata:speed>
    </extensions>
   </trkpt>
   <trkpt lat="42.9776185" lon="16.6834078">
    <ele>49</ele>
    <time>2026-08-07T18:37:36Z</time>
    <extensions>
     <gpxdata:distance>6766.50</gpxdata:distance>
     <gpxdata:speed>3.892</gpxdata:speed>
    </extensions>
   </trkpt>
   <trkpt lat="42.9776548" lon="16.6833929">
    <ele>49</ele>
    <time>2026-08-07T18:37:37Z</time>
    <extensions>
     <gpxdata:distance>6771.00</gpxdata:distance>
     <gpxdata:speed>4.108</gpxdata:speed>
    </extensions>
   </trkpt>
   <trkpt lat="42.9776922" lon="16.6833767">
    <ele>50</ele>
    <time>2026-08-07T18:37:38Z</time>
    <extensions>
     <gpxdata:distance>6775.00</gpxdata:distance>
     <gpxdata:speed>4.217</gpxdata:speed>
    </extensions>
   </trkpt>
   <trkpt lat="42.9777307" lon="16.6833599">
    <ele>50</ele>
    <time>2026-08-07T18:37:39Z</time>
    <extensions>
     <gpxdata:distance>6779.00</gpxdata:distance>
     <gpxdata:speed>4.369</gpxdata:speed>
    </extensions>
   </trkpt>
   <trkpt lat="42.9777701" lon="16.6833427">
    <ele>50</ele>
    <time>2026-08-07T18:37:40Z</time>
    <extensions>
     <gpxdata:distance>6784.00</gpxdata:distance>
     <gpxdata:speed>4.492</gpxdata:speed>
    </extensions>
   </trkpt>
   <trkpt lat="42.9778097" lon="16.6833241">
    <ele>50</ele>
    <time>2026-08-07T18:37:41Z</time>
    <extensions>
     <gpxdata:distance>6789.00</gpxdata:distance>
     <gpxdata:speed>4.606</gpxdata:speed>
    </extensions>
   </trkpt>
   <trkpt lat="42.9778488" lon="16.6833040">
    <ele>50</ele>
    <time>2026-08-07T18:37:42Z</time>
    <extensions>
     <gpxdata:distance>6793.50</gpxdata:distance>
     <gpxdata:speed>4.642</gpxdata:speed>
    </extensions>
   </trkpt>
   <trkpt lat="42.9778876" lon="16.6832837">
    <ele>50</ele>
    <time>2026-08-07T18:37:43Z</time>
    <extensions>
     <gpxdata:distance>6798.00</gpxdata:distance>
     <gpxdata:speed>4.622</gpxdata:speed>
    </extensions>
   </trkpt>
   <trkpt lat="42.9779264" lon="16.6832641">
    <ele>50</ele>
    <time>2026-08-07T18:37:44Z</time>
    <extensions>
     <gpxdata:distance>6802.50</gpxdata:distance>
     <gpxdata:speed>4.633</gpxdata:speed>
    </extensions>
   </trkpt>
   <trkpt lat="42.9779661" lon="16.6832448">
    <ele>50</ele>
    <time>2026-08-07T18:37:45Z</time>
    <extensions>
     <gpxdata:distance>6807.00</gpxdata:distance>
     <gpxdata:speed>4.636</gpxdata:speed>
    </extensions>
   </trkpt>
   <trkpt lat="42.9780070" lon="16.6832253">
    <ele>51</ele>
    <time>2026-08-07T18:37:46Z</time>
    <extensions>
     <gpxdata:distance>6812.00</gpxdata:distance>
     <gpxdata:speed>4.681</gpxdata:speed>
    </extensions>
   </trkpt>
   <trkpt lat="42.9780486" lon="16.6832056">
    <ele>51</ele>
    <time>2026-08-07T18:37:47Z</time>
    <extensions>
     <gpxdata:distance>6817.00</gpxdata:distance>
     <gpxdata:speed>4.764</gpxdata:speed>
    </extensions>
   </trkpt>
   <trkpt lat="42.9780912" lon="16.6831857">
    <ele>51</ele>
    <time>2026-08-07T18:37:48Z</time>
    <extensions>
     <gpxdata:distance>6822.00</gpxdata:distance>
     <gpxdata:speed>4.883</gpxdata:speed>
    </extensions>
   </trkpt>
   <trkpt lat="42.9781341" lon="16.6831658">
    <ele>51</ele>
    <time>2026-08-07T18:37:49Z</time>
    <extensions>
     <gpxdata:distance>6827.00</gpxdata:distance>
     <gpxdata:speed>4.986</gpxdata:speed>
    </extensions>
   </trkpt>
   <trkpt lat="42.9781767" lon="16.6831453">
    <ele>51</ele>
    <time>2026-08-07T18:37:50Z</time>
    <extensions>
     <gpxdata:distance>6832.00</gpxdata:distance>
     <gpxdata:speed>5.022</gpxdata:speed>
    </extensions>
   </trkpt>
   <trkpt lat="42.9782190" lon="16.6831244">
    <ele>51</ele>
    <time>2026-08-07T18:37:51Z</time>
    <extensions>
     <gpxdata:distance>6837.00</gpxdata:distance>
     <gpxdata:speed>5.019</gpxdata:speed>
    </extensions>
   </trkpt>
   <trkpt lat="42.9782614" lon="16.6831036">
    <ele>51</ele>
    <time>2026-08-07T18:37:52Z</time>
    <extensions>
     <gpxdata:distance>6842.00</gpxdata:distance>
     <gpxdata:speed>5.008</gpxdata:speed>
    </extensions>
   </trkpt>
   <trkpt lat="42.9783039" lon="16.6830821">
    <ele>51</ele>
    <time>2026-08-07T18:37:53Z</time>
    <extensions>
     <gpxdata:distance>6847.00</gpxdata:distance>
     <gpxdata:speed>5.017</gpxdata:speed>
    </extensions>
   </trkpt>
   <trkpt lat="42.9783460" lon="16.6830592">
    <ele>51</ele>
    <time>2026-08-07T18:37:54Z</time>
    <extensions>
     <gpxdata:distance>6852.00</gpxdata:distance>
     <gpxdata:speed>5.042</gpxdata:speed>
    </extensions>
   </trkpt>
   <trkpt lat="42.9783875" lon="16.6830349">
    <ele>52</ele>
    <time>2026-08-07T18:37:55Z</time>
    <extensions>
     <gpxdata:distance>6857.00</gpxdata:distance>
     <gpxdata:speed>5.050</gpxdata:speed>
    </extensions>
   </trkpt>
   <trkpt lat="42.9784282" lon="16.6830098">
    <ele>52</ele>
    <time>2026-08-07T18:37:56Z</time>
    <extensions>
     <gpxdata:distance>6862.00</gpxdata:distance>
     <gpxdata:speed>5.044</gpxdata:speed>
    </extensions>
   </trkpt>
   <trkpt lat="42.9784682" lon="16.6829848">
    <ele>52</ele>
    <time>2026-08-07T18:37:57Z</time>
    <extensions>
     <gpxdata:distance>6867.00</gpxdata:distance>
     <gpxdata:speed>5.008</gpxdata:speed>
    </extensions>
   </trkpt>
   <trkpt lat="42.9785071" lon="16.6829616">
    <ele>52</ele>
    <time>2026-08-07T18:37:58Z</time>
    <extensions>
     <gpxdata:distance>6871.50</gpxdata:distance>
     <gpxdata:speed>4.961</gpxdata:speed>
    </extensions>
   </trkpt>
   <trkpt lat="42.9785437" lon="16.6829418">
    <ele>52</ele>
    <time>2026-08-07T18:37:59Z</time>
    <extensions>
     <gpxdata:distance>6876.00</gpxdata:distance>
     <gpxdata:speed>4.850</gpxdata:speed>
    </extensions>
   </trkpt>
   <trkpt lat="42.9785778" lon="16.6829248">
    <ele>52</ele>
    <time>2026-08-07T18:38:00Z</time>
    <extensions>
     <gpxdata:distance>6880.00</gpxdata:distance>
     <gpxdata:speed>4.367</gpxdata:speed>
    </extensions>
   </trkpt>
   <trkpt lat="42.9786103" lon="16.6829085">
    <ele>52</ele>
    <time>2026-08-07T18:38:01Z</time>
    <extensions>
     <gpxdata:distance>6884.00</gpxdata:distance>
     <gpxdata:speed>4.044</gpxdata:speed>
    </extensions>
   </trkpt>
   <trkpt lat="42.9786424" lon="16.6828915">
    <ele>52</ele>
    <time>2026-08-07T18:38:02Z</time>
    <extensions>
     <gpxdata:distance>6888.00</gpxdata:distance>
     <gpxdata:speed>3.894</gpxdata:speed>
    </extensions>
   </trkpt>
   <trkpt lat="42.9786753" lon="16.6828745">
    <ele>52</ele>
    <time>2026-08-07T18:38:03Z</time>
    <extensions>
     <gpxdata:distance>6892.00</gpxdata:distance>
     <gpxdata:speed>3.886</gpxdata:speed>
    </extensions>
   </trkpt>
   <trkpt lat="42.9787094" lon="16.6828575">
    <ele>52</ele>
    <time>2026-08-07T18:38:04Z</time>
    <extensions>
     <gpxdata:distance>6896.00</gpxdata:distance>
     <gpxdata:speed>3.978</gpxdata:speed>
    </extensions>
   </trkpt>
   <trkpt lat="42.9787448" lon="16.6828406">
    <ele>52</ele>
    <time>2026-08-07T18:38:05Z</time>
    <extensions>
     <gpxdata:distance>6900.00</gpxdata:distance>
     <gpxdata:speed>4.069</gpxdata:speed>
    </extensions>
   </trkpt>
   <trkpt lat="42.9787814" lon="16.6828235">
    <ele>53</ele>
    <time>2026-08-07T18:38:06Z</time>
    <extensions>
     <gpxdata:distance>6904.50</gpxdata:distance>
     <gpxdata:speed>4.192</gpxdata:speed>
    </extensions>
   </trkpt>
   <trkpt lat="42.9788180" lon="16.6828058">
    <ele>53</ele>
    <time>2026-08-07T18:38:07Z</time>
    <extensions>
     <gpxdata:distance>6909.00</gpxdata:distance>
     <gpxdata:speed>4.286</gpxdata:speed>
    </extensions>
   </trkpt>
   <trkpt lat="42.9788544" lon="16.6827873">
    <ele>53</ele>
    <time>2026-08-07T18:38:08Z</time>
    <extensions>
     <gpxdata:distance>6913.00</gpxdata:distance>
     <gpxdata:speed>4.292</gpxdata:speed>
    </extensions>
   </trkpt>
   <trkpt lat="42.9788903" lon="16.6827677">
    <ele>53</ele>
    <time>2026-08-07T18:38:09Z</time>
    <extensions>
     <gpxdata:distance>6917.00</gpxdata:distance>
     <gpxdata:speed>4.289</gpxdata:speed>
    </extensions>
   </trkpt>
   <trkpt lat="42.9789254" lon="16.6827475">
    <ele>53</ele>
    <time>2026-08-07T18:38:10Z</time>
    <extensions>
     <gpxdata:distance>6921.50</gpxdata:distance>
     <gpxdata:speed>4.286</gpxdata:speed>
    </extensions>
   </trkpt>
   <trkpt lat="42.9789600" lon="16.6827275">
    <ele>53</ele>
    <time>2026-08-07T18:38:11Z</time>
    <extensions>
     <gpxdata:distance>6926.00</gpxdata:distance>
     <gpxdata:speed>4.264</gpxdata:speed>
    </extensions>
   </trkpt>
   <trkpt lat="42.9789945" lon="16.6827084">
    <ele>53</ele>
    <time>2026-08-07T18:38:12Z</time>
    <extensions>
     <gpxdata:distance>6930.00</gpxdata:distance>
     <gpxdata:speed>4.233</gpxdata:speed>
    </extensions>
   </trkpt>
   <trkpt lat="42.9790282" lon="16.6826897">
    <ele>53</ele>
    <time>2026-08-07T18:38:13Z</time>
    <extensions>
     <gpxdata:distance>6934.00</gpxdata:distance>
     <gpxdata:speed>4.200</gpxdata:speed>
    </extensions>
   </trkpt>
   <trkpt lat="42.9790610" lon="16.6826717">
    <ele>54</ele>
    <time>2026-08-07T18:38:14Z</time>
    <extensions>
     <gpxdata:distance>6938.00</gpxdata:distance>
     <gpxdata:speed>4.139</gpxdata:speed>
    </extensions>
   </trkpt>
   <trkpt lat="42.9790928" lon="16.6826546">
    <ele>54</ele>
    <time>2026-08-07T18:38:15Z</time>
    <extensions>
     <gpxdata:distance>6942.00</gpxdata:distance>
     <gpxdata:speed>4.047</gpxdata:speed>
    </extensions>
   </trkpt>
   <trkpt lat="42.9791238" lon="16.6826384">
    <ele>54</ele>
    <time>2026-08-07T18:38:16Z</time>
    <extensions>
     <gpxdata:distance>6945.50</gpxdata:distance>
     <gpxdata:speed>3.936</gpxdata:speed>
    </extensions>
   </trkpt>
   <trkpt lat="42.9791546" lon="16.6826228">
    <ele>54</ele>
    <time>2026-08-07T18:38:17Z</time>
    <extensions>
     <gpxdata:distance>6949.00</gpxdata:distance>
     <gpxdata:speed>3.833</gpxdata:speed>
    </extensions>
   </trkpt>
   <trkpt lat="42.9791853" lon="16.6826077">
    <ele>55</ele>
    <time>2026-08-07T18:38:18Z</time>
    <extensions>
     <gpxdata:distance>6952.50</gpxdata:distance>
     <gpxdata:speed>3.764</gpxdata:speed>
    </extensions>
   </trkpt>
   <trkpt lat="42.9792160" lon="16.6825934">
    <ele>55</ele>
    <time>2026-08-07T18:38:19Z</time>
    <extensions>
     <gpxdata:distance>6956.00</gpxdata:distance>
     <gpxdata:speed>3.711</gpxdata:speed>
    </extensions>
   </trkpt>
   <trkpt lat="42.9792470" lon="16.6825798">
    <ele>55</ele>
    <time>2026-08-07T18:38:20Z</time>
    <extensions>
     <gpxdata:distance>6960.00</gpxdata:distance>
     <gpxdata:speed>3.667</gpxdata:speed>
    </extensions>
   </trkpt>
   <trkpt lat="42.9792785" lon="16.6825668">
    <ele>55</ele>
    <time>2026-08-07T18:38:21Z</time>
    <extensions>
     <gpxdata:distance>6964.00</gpxdata:distance>
     <gpxdata:speed>3.650</gpxdata:speed>
    </extensions>
   </trkpt>
   <trkpt lat="42.9793098" lon="16.6825536">
    <ele>56</ele>
    <time>2026-08-07T18:38:22Z</time>
    <extensions>
     <gpxdata:distance>6967.50</gpxdata:distance>
     <gpxdata:speed>3.653</gpxdata:speed>
    </extensions>
   </trkpt>
   <trkpt lat="42.9793409" lon="16.6825402">
    <ele>56</ele>
    <time>2026-08-07T18:38:23Z</time>
    <extensions>
     <gpxdata:distance>6971.00</gpxdata:distance>
     <gpxdata:speed>3.647</gpxdata:speed>
    </extensions>
   </trkpt>
   <trkpt lat="42.9793716" lon="16.6825271">
    <ele>56</ele>
    <time>2026-08-07T18:38:24Z</time>
    <extensions>
     <gpxdata:distance>6974.50</gpxdata:distance>
     <gpxdata:speed>3.625</gpxdata:speed>
    </extensions>
   </trkpt>
   <trkpt lat="42.9794027" lon="16.6825140">
    <ele>57</ele>
    <time>2026-08-07T18:38:25Z</time>
    <extensions>
     <gpxdata:distance>6978.00</gpxdata:distance>
     <gpxdata:speed>3.600</gpxdata:speed>
    </extensions>
   </trkpt>
   <trkpt lat="42.9794347" lon="16.6825007">
    <ele>57</ele>
    <time>2026-08-07T18:38:26Z</time>
    <extensions>
     <gpxdata:distance>6982.00</gpxdata:distance>
     <gpxdata:speed>3.622</gpxdata:speed>
    </extensions>
   </trkpt>
   <trkpt lat="42.9794673" lon="16.6824863">
    <ele>58</ele>
    <time>2026-08-07T18:38:27Z</time>
    <extensions>
     <gpxdata:distance>6986.00</gpxdata:distance>
     <gpxdata:speed>3.672</gpxdata:speed>
    </extensions>
   </trkpt>
   <trkpt lat="42.9794998" lon="16.6824697">
    <ele>58</ele>
    <time>2026-08-07T18:38:28Z</time>
    <extensions>
     <gpxdata:distance>6989.50</gpxdata:distance>
     <gpxdata:speed>3.733</gpxdata:speed>
    </extensions>
   </trkpt>
   <trkpt lat="42.9795319" lon="16.6824504">
    <ele>58</ele>
    <time>2026-08-07T18:38:29Z</time>
    <extensions>
     <gpxdata:distance>6993.00</gpxdata:distance>
     <gpxdata:speed>3.786</gpxdata:speed>
    </extensions>
   </trkpt>
   <trkpt lat="42.9795628" lon="16.6824287">
    <ele>58</ele>
    <time>2026-08-07T18:38:30Z</time>
    <extensions>
     <gpxdata:distance>6997.00</gpxdata:distance>
     <gpxdata:speed>3.836</gpxdata:speed>
    </extensions>
   </trkpt>
   <trkpt lat="42.9795927" lon="16.6824047">
    <ele>58</ele>
    <time>2026-08-07T18:38:31Z</time>
    <extensions>
     <gpxdata:distance>7001.00</gpxdata:distance>
     <gpxdata:speed>3.842</gpxdata:speed>
    </extensions>
   </trkpt>
   <trkpt lat="42.9796213" lon="16.6823790">
    <ele>59</ele>
    <time>2026-08-07T18:38:32Z</time>
    <extensions>
     <gpxdata:distance>7005.00</gpxdata:distance>
     <gpxdata:speed>3.844</gpxdata:speed>
    </extensions>
   </trkpt>
   <trkpt lat="42.9796495" lon="16.6823522">
    <ele>59</ele>
    <time>2026-08-07T18:38:33Z</time>
    <extensions>
     <gpxdata:distance>7009.00</gpxdata:distance>
     <gpxdata:speed>3.828</gpxdata:speed>
    </extensions>
   </trkpt>
   <trkpt lat="42.9796776" lon="16.6823245">
    <ele>59</ele>
    <time>2026-08-07T18:38:34Z</time>
    <extensions>
     <gpxdata:distance>7013.00</gpxdata:distance>
     <gpxdata:speed>3.833</gpxdata:speed>
    </extensions>
   </trkpt>
   <trkpt lat="42.9797055" lon="16.6822960">
    <ele>60</ele>
    <time>2026-08-07T18:38:35Z</time>
    <extensions>
     <gpxdata:distance>7017.00</gpxdata:distance>
     <gpxdata:speed>3.850</gpxdata:speed>
    </extensions>
   </trkpt>
   <trkpt lat="42.9797332" lon="16.6822674">
    <ele>60</ele>
    <time>2026-08-07T18:38:36Z</time>
    <extensions>
     <gpxdata:distance>7020.50</gpxdata:distance>
     <gpxdata:speed>3.867</gpxdata:speed>
    </extensions>
   </trkpt>
   <trkpt lat="42.9797610" lon="16.6822385">
    <ele>60</ele>
    <time>2026-08-07T18:38:37Z</time>
    <extensions>
     <gpxdata:distance>7024.00</gpxdata:distance>
     <gpxdata:speed>3.861</gpxdata:speed>
    </extensions>
   </trkpt>
   <trkpt lat="42.9797885" lon="16.6822091">
    <ele>60</ele>
    <time>2026-08-07T18:38:38Z</time>
    <extensions>
     <gpxdata:distance>7028.00</gpxdata:distance>
     <gpxdata:speed>3.869</gpxdata:speed>
    </extensions>
   </trkpt>
   <trkpt lat="42.9798153" lon="16.6821781">
    <ele>61</ele>
    <time>2026-08-07T18:38:39Z</time>
    <extensions>
     <gpxdata:distance>7032.00</gpxdata:distance>
     <gpxdata:speed>3.878</gpxdata:speed>
    </extensions>
   </trkpt>
   <trkpt lat="42.9798409" lon="16.6821452">
    <ele>61</ele>
    <time>2026-08-07T18:38:40Z</time>
    <extensions>
     <gpxdata:distance>7036.00</gpxdata:distance>
     <gpxdata:speed>3.894</gpxdata:speed>
    </extensions>
   </trkpt>
   <trkpt lat="42.9798646" lon="16.6821106">
    <ele>61</ele>
    <time>2026-08-07T18:38:41Z</time>
    <extensions>
     <gpxdata:distance>7040.00</gpxdata:distance>
     <gpxdata:speed>3.903</gpxdata:speed>
    </extensions>
   </trkpt>
   <trkpt lat="42.9798858" lon="16.6820746">
    <ele>62</ele>
    <time>2026-08-07T18:38:42Z</time>
    <extensions>
     <gpxdata:distance>7043.50</gpxdata:distance>
     <gpxdata:speed>3.881</gpxdata:speed>
    </extensions>
   </trkpt>
   <trkpt lat="42.9799050" lon="16.6820391">
    <ele>62</ele>
    <time>2026-08-07T18:38:43Z</time>
    <extensions>
     <gpxdata:distance>7047.00</gpxdata:distance>
     <gpxdata:speed>3.831</gpxdata:speed>
    </extensions>
   </trkpt>
   <trkpt lat="42.9799221" lon="16.6820044">
    <ele>62</ele>
    <time>2026-08-07T18:38:44Z</time>
    <extensions>
     <gpxdata:distance>7050.50</gpxdata:distance>
     <gpxdata:speed>3.722</gpxdata:speed>
    </extensions>
   </trkpt>
   <trkpt lat="42.9799377" lon="16.6819706">
    <ele>62</ele>
    <time>2026-08-07T18:38:45Z</time>
    <extensions>
     <gpxdata:distance>7054.00</gpxdata:distance>
     <gpxdata:speed>3.583</gpxdata:speed>
    </extensions>
   </trkpt>
   <trkpt lat="42.9799522" lon="16.6819379">
    <ele>62</ele>
    <time>2026-08-07T18:38:46Z</time>
    <extensions>
     <gpxdata:distance>7057.00</gpxdata:distance>
     <gpxdata:speed>3.447</gpxdata:speed>
    </extensions>
   </trkpt>
   <trkpt lat="42.9799663" lon="16.6819075">
    <ele>62</ele>
    <time>2026-08-07T18:38:47Z</time>
    <extensions>
     <gpxdata:distance>7060.00</gpxdata:distance>
     <gpxdata:speed>3.142</gpxdata:speed>
    </extensions>
   </trkpt>
   <trkpt lat="42.9799740" lon="16.6818932">
    <ele>63</ele>
    <time>2026-08-07T18:38:48Z</time>
    <extensions>
     <gpxdata:distance>7062.50</gpxdata:distance>
     <gpxdata:speed>2.936</gpxdata:speed>
    </extensions>
   </trkpt>
   <trkpt lat="42.9799825" lon="16.6818785">
    <ele>63</ele>
    <time>2026-08-07T18:38:49Z</time>
    <extensions>
     <gpxdata:distance>7065.00</gpxdata:distance>
     <gpxdata:speed>2.497</gpxdata:speed>
    </extensions>
   </trkpt>
   <trkpt lat="42.9800192" lon="16.6817358">
    <ele>65</ele>
    <time>2026-08-07T18:39:03Z</time>
    <extensions>
     <gpxdata:distance>7080.00</gpxdata:distance>
     <gpxdata:speed>2.383</gpxdata:speed>
    </extensions>
   </trkpt>
   <trkpt lat="42.9800303" lon="16.6817043">
    <ele>65</ele>
    <time>2026-08-07T18:39:04Z</time>
    <extensions>
     <gpxdata:distance>7080.00</gpxdata:distance>
     <gpxdata:speed>2.728</gpxdata:speed>
    </extensions>
   </trkpt>
   <trkpt lat="42.9800428" lon="16.6816716">
    <ele>65</ele>
    <time>2026-08-07T18:39:05Z</time>
    <extensions>
     <gpxdata:distance>7083.50</gpxdata:distance>
     <gpxdata:speed>2.953</gpxdata:speed>
    </extensions>
   </trkpt>
   <trkpt lat="42.9800664" lon="16.6816164">
    <ele>65</ele>
    <time>2026-08-07T18:39:06Z</time>
    <extensions>
     <gpxdata:distance>7087.00</gpxdata:distance>
     <gpxdata:speed>3.158</gpxdata:speed>
    </extensions>
   </trkpt>
   <trkpt lat="42.9800851" lon="16.6815766">
    <ele>65</ele>
    <time>2026-08-07T18:39:07Z</time>
    <extensions>
     <gpxdata:distance>7090.50</gpxdata:distance>
     <gpxdata:speed>3.378</gpxdata:speed>
    </extensions>
   </trkpt>
   <trkpt lat="42.9801030" lon="16.6815379">
    <ele>65</ele>
    <time>2026-08-07T18:39:08Z</time>
    <extensions>
     <gpxdata:distance>7094.00</gpxdata:distance>
     <gpxdata:speed>3.522</gpxdata:speed>
    </extensions>
   </trkpt>
   <trkpt lat="42.9801199" lon="16.6814976">
    <ele>65</ele>
    <time>2026-08-07T18:39:09Z</time>
    <extensions>
     <gpxdata:distance>7097.50</gpxdata:distance>
     <gpxdata:speed>3.664</gpxdata:speed>
    </extensions>
   </trkpt>
   <trkpt lat="42.9801366" lon="16.6814563">
    <ele>65</ele>
    <time>2026-08-07T18:39:10Z</time>
    <extensions>
     <gpxdata:distance>7101.00</gpxdata:distance>
     <gpxdata:speed>3.767</gpxdata:speed>
    </extensions>
   </trkpt>
   <trkpt lat="42.9801540" lon="16.6814139">
    <ele>65</ele>
    <time>2026-08-07T18:39:11Z</time>
    <extensions>
     <gpxdata:distance>7105.00</gpxdata:distance>
     <gpxdata:speed>3.847</gpxdata:speed>
    </extensions>
   </trkpt>
   <trkpt lat="42.9801729" lon="16.6813708">
    <ele>65</ele>
    <time>2026-08-07T18:39:12Z</time>
    <extensions>
     <gpxdata:distance>7109.00</gpxdata:distance>
     <gpxdata:speed>3.964</gpxdata:speed>
    </extensions>
   </trkpt>
   <trkpt lat="42.9801929" lon="16.6813276">
    <ele>65</ele>
    <time>2026-08-07T18:39:13Z</time>
    <extensions>
     <gpxdata:distance>7113.50</gpxdata:distance>
     <gpxdata:speed>4.097</gpxdata:speed>
    </extensions>
   </trkpt>
   <trkpt lat="42.9802138" lon="16.6812837">
    <ele>65</ele>
    <time>2026-08-07T18:39:14Z</time>
    <extensions>
     <gpxdata:distance>7118.00</gpxdata:distance>
     <gpxdata:speed>4.161</gpxdata:speed>
    </extensions>
   </trkpt>
   <trkpt lat="42.9802350" lon="16.6812392">
    <ele>65</ele>
    <time>2026-08-07T18:39:15Z</time>
    <extensions>
     <gpxdata:distance>7122.50</gpxdata:distance>
     <gpxdata:speed>4.250</gpxdata:speed>
    </extensions>
   </trkpt>
   <trkpt lat="42.9802560" lon="16.6811942">
    <ele>66</ele>
    <time>2026-08-07T18:39:16Z</time>
    <extensions>
     <gpxdata:distance>7127.00</gpxdata:distance>
     <gpxdata:speed>4.308</gpxdata:speed>
    </extensions>
   </trkpt>
   <trkpt lat="42.9802767" lon="16.6811491">
    <ele>66</ele>
    <time>2026-08-07T18:39:17Z</time>
    <extensions>
     <gpxdata:distance>7131.00</gpxdata:distance>
     <gpxdata:speed>4.333</gpxdata:speed>
    </extensions>
   </trkpt>
   <trkpt lat="42.9802969" lon="16.6811044">
    <ele>66</ele>
    <time>2026-08-07T18:39:18Z</time>
    <extensions>
     <gpxdata:distance>7135.00</gpxdata:distance>
     <gpxdata:speed>4.336</gpxdata:speed>
    </extensions>
   </trkpt>
   <trkpt lat="42.9803173" lon="16.6810602">
    <ele>66</ele>
    <time>2026-08-07T18:39:19Z</time>
    <extensions>
     <gpxdata:distance>7139.50</gpxdata:distance>
     <gpxdata:speed>4.319</gpxdata:speed>
    </extensions>
   </trkpt>
   <trkpt lat="42.9803377" lon="16.6810167">
    <ele>66</ele>
    <time>2026-08-07T18:39:20Z</time>
    <extensions>
     <gpxdata:distance>7144.00</gpxdata:distance>
     <gpxdata:speed>4.297</gpxdata:speed>
    </extensions>
   </trkpt>
   <trkpt lat="42.9803580" lon="16.6809742">
    <ele>66</ele>
    <time>2026-08-07T18:39:21Z</time>
    <extensions>
     <gpxdata:distance>7148.00</gpxdata:distance>
     <gpxdata:speed>4.264</gpxdata:speed>
    </extensions>
   </trkpt>
   <trkpt lat="42.9803781" lon="16.6809326">
    <ele>66</ele>
    <time>2026-08-07T18:39:22Z</time>
    <extensions>
     <gpxdata:distance>7152.00</gpxdata:distance>
     <gpxdata:speed>4.211</gpxdata:speed>
    </extensions>
   </trkpt>
   <trkpt lat="42.9803987" lon="16.6808915">
    <ele>66</ele>
    <time>2026-08-07T18:39:23Z</time>
    <extensions>
     <gpxdata:distance>7156.00</gpxdata:distance>
     <gpxdata:speed>4.147</gpxdata:speed>
    </extensions>
   </trkpt>
   <trkpt lat="42.9804193" lon="16.6808502">
    <ele>67</ele>
    <time>2026-08-07T18:39:24Z</time>
    <extensions>
     <gpxdata:distance>7160.00</gpxdata:distance>
     <gpxdata:speed>4.122</gpxdata:speed>
    </extensions>
   </trkpt>
   <trkpt lat="42.9804396" lon="16.6808084">
    <ele>67</ele>
    <time>2026-08-07T18:39:25Z</time>
    <extensions>
     <gpxdata:distance>7164.00</gpxdata:distance>
     <gpxdata:speed>4.106</gpxdata:speed>
    </extensions>
   </trkpt>
   <trkpt lat="42.9804594" lon="16.6807660">
    <ele>67</ele>
    <time>2026-08-07T18:39:26Z</time>
    <extensions>
     <gpxdata:distance>7168.00</gpxdata:distance>
     <gpxdata:speed>4.100</gpxdata:speed>
    </extensions>
   </trkpt>
   <trkpt lat="42.9804784" lon="16.6807222">
    <ele>67</ele>
    <time>2026-08-07T18:39:27Z</time>
    <extensions>
     <gpxdata:distance>7172.50</gpxdata:distance>
     <gpxdata:speed>4.100</gpxdata:speed>
    </extensions>
   </trkpt>
   <trkpt lat="42.9804959" lon="16.6806765">
    <ele>67</ele>
    <time>2026-08-07T18:39:28Z</time>
    <extensions>
     <gpxdata:distance>7177.00</gpxdata:distance>
     <gpxdata:speed>4.125</gpxdata:speed>
    </extensions>
   </trkpt>
   <trkpt lat="42.9805125" lon="16.6806294">
    <ele>68</ele>
    <time>2026-08-07T18:39:29Z</time>
    <extensions>
     <gpxdata:distance>7181.00</gpxdata:distance>
     <gpxdata:speed>4.158</gpxdata:speed>
    </extensions>
   </trkpt>
   <trkpt lat="42.9805282" lon="16.6805818">
    <ele>68</ele>
    <time>2026-08-07T18:39:30Z</time>
    <extensions>
     <gpxdata:distance>7185.00</gpxdata:distance>
     <gpxdata:speed>4.203</gpxdata:speed>
    </extensions>
   </trkpt>
   <trkpt lat="42.9805433" lon="16.6805341">
    <ele>68</ele>
    <time>2026-08-07T18:39:31Z</time>
    <extensions>
     <gpxdata:distance>7189.50</gpxdata:distance>
     <gpxdata:speed>4.219</gpxdata:speed>
    </extensions>
   </trkpt>
   <trkpt lat="42.9805570" lon="16.6804864">
    <ele>68</ele>
    <time>2026-08-07T18:39:32Z</time>
    <extensions>
     <gpxdata:distance>7194.00</gpxdata:distance>
     <gpxdata:speed>4.217</gpxdata:speed>
    </extensions>
   </trkpt>
   <trkpt lat="42.9805693" lon="16.6804381">
    <ele>69</ele>
    <time>2026-08-07T18:39:33Z</time>
    <extensions>
     <gpxdata:distance>7198.00</gpxdata:distance>
     <gpxdata:speed>4.194</gpxdata:speed>
    </extensions>
   </trkpt>
   <trkpt lat="42.9805803" lon="16.6803895">
    <ele>69</ele>
    <time>2026-08-07T18:39:34Z</time>
    <extensions>
     <gpxdata:distance>7202.00</gpxdata:distance>
     <gpxdata:speed>4.186</gpxdata:speed>
    </extensions>
   </trkpt>
   <trkpt lat="42.9805905" lon="16.6803415">
    <ele>69</ele>
    <time>2026-08-07T18:39:35Z</time>
    <extensions>
     <gpxdata:distance>7206.00</gpxdata:distance>
     <gpxdata:speed>4.167</gpxdata:speed>
    </extensions>
   </trkpt>
   <trkpt lat="42.9805999" lon="16.6802945">
    <ele>70</ele>
    <time>2026-08-07T18:39:36Z</time>
    <extensions>
     <gpxdata:distance>7210.00</gpxdata:distance>
     <gpxdata:speed>4.128</gpxdata:speed>
    </extensions>
   </trkpt>
   <trkpt lat="42.9806080" lon="16.6802503">
    <ele>70</ele>
    <time>2026-08-07T18:39:37Z</time>
    <extensions>
     <gpxdata:distance>7213.50</gpxdata:distance>
     <gpxdata:speed>4.053</gpxdata:speed>
    </extensions>
   </trkpt>
   <trkpt lat="42.9806145" lon="16.6802090">
    <ele>70</ele>
    <time>2026-08-07T18:39:38Z</time>
    <extensions>
     <gpxdata:distance>7217.00</gpxdata:distance>
     <gpxdata:speed>3.694</gpxdata:speed>
    </extensions>
   </trkpt>
   <trkpt lat="42.9806187" lon="16.6801702">
    <ele>71</ele>
    <time>2026-08-07T18:39:39Z</time>
    <extensions>
     <gpxdata:distance>7220.00</gpxdata:distance>
     <gpxdata:speed>3.433</gpxdata:speed>
    </extensions>
   </trkpt>
   <trkpt lat="42.9806197" lon="16.6801332">
    <ele>71</ele>
    <time>2026-08-07T18:39:40Z</time>
    <extensions>
     <gpxdata:distance>7223.00</gpxdata:distance>
     <gpxdata:speed>3.208</gpxdata:speed>
    </extensions>
   </trkpt>
   <trkpt lat="42.9806165" lon="16.6800975">
    <ele>71</ele>
    <time>2026-08-07T18:39:41Z</time>
    <extensions>
     <gpxdata:distance>7226.00</gpxdata:distance>
     <gpxdata:speed>3.075</gpxdata:speed>
    </extensions>
   </trkpt>
   <trkpt lat="42.9806123" lon="16.6800777">
    <ele>72</ele>
    <time>2026-08-07T18:39:42Z</time>
    <extensions>
     <gpxdata:distance>7229.00</gpxdata:distance>
     <gpxdata:speed>2.997</gpxdata:speed>
    </extensions>
   </trkpt>
   <trkpt lat="42.9805986" lon="16.6800322">
    <ele>72</ele>
    <time>2026-08-07T18:39:43Z</time>
    <extensions>
     <gpxdata:distance>7232.00</gpxdata:distance>
     <gpxdata:speed>3.025</gpxdata:speed>
    </extensions>
   </trkpt>
   <trkpt lat="42.9805838" lon="16.6799962">
    <ele>72</ele>
    <time>2026-08-07T18:39:44Z</time>
    <extensions>
     <gpxdata:distance>7235.00</gpxdata:distance>
     <gpxdata:speed>3.083</gpxdata:speed>
    </extensions>
   </trkpt>
   <trkpt lat="42.9805670" lon="16.6799630">
    <ele>72</ele>
    <time>2026-08-07T18:39:45Z</time>
    <extensions>
     <gpxdata:distance>7238.50</gpxdata:distance>
     <gpxdata:speed>3.128</gpxdata:speed>
    </extensions>
   </trkpt>
   <trkpt lat="42.9805487" lon="16.6799325">
    <ele>72</ele>
    <time>2026-08-07T18:39:46Z</time>
    <extensions>
     <gpxdata:distance>7242.00</gpxdata:distance>
     <gpxdata:speed>3.167</gpxdata:speed>
    </extensions>
   </trkpt>
   <trkpt lat="42.9805298" lon="16.6799048">
    <ele>73</ele>
    <time>2026-08-07T18:39:47Z</time>
    <extensions>
     <gpxdata:distance>7245.00</gpxdata:distance>
     <gpxdata:speed>3.144</gpxdata:speed>
    </extensions>
   </trkpt>
   <trkpt lat="42.9805108" lon="16.6798779">
    <ele>73</ele>
    <time>2026-08-07T18:39:48Z</time>
    <extensions>
     <gpxdata:distance>7248.00</gpxdata:distance>
     <gpxdata:speed>3.097</gpxdata:speed>
    </extensions>
   </trkpt>
   <trkpt lat="42.9804912" lon="16.6798515">
    <ele>73</ele>
    <time>2026-08-07T18:39:49Z</time>
    <extensions>
     <gpxdata:distance>7251.00</gpxdata:distance>
     <gpxdata:speed>3.069</gpxdata:speed>
    </extensions>
   </trkpt>
   <trkpt lat="42.9804699" lon="16.6798253">
    <ele>73</ele>
    <time>2026-08-07T18:39:50Z</time>
    <extensions>
     <gpxdata:distance>7254.00</gpxdata:distance>
     <gpxdata:speed>3.075</gpxdata:speed>
    </extensions>
   </trkpt>
   <trkpt lat="42.9804477" lon="16.6797987">
    <ele>73</ele>
    <time>2026-08-07T18:39:51Z</time>
    <extensions>
     <gpxdata:distance>7257.50</gpxdata:distance>
     <gpxdata:speed>3.139</gpxdata:speed>
    </extensions>
   </trkpt>
   <trkpt lat="42.9804264" lon="16.6797718">
    <ele>73</ele>
    <time>2026-08-07T18:39:52Z</time>
    <extensions>
     <gpxdata:distance>7261.00</gpxdata:distance>
     <gpxdata:speed>3.214</gpxdata:speed>
    </extensions>
   </trkpt>
   <trkpt lat="42.9804087" lon="16.6797474">
    <ele>73</ele>
    <time>2026-08-07T18:39:53Z</time>
    <extensions>
     <gpxdata:distance>7263.50</gpxdata:distance>
     <gpxdata:speed>3.200</gpxdata:speed>
    </extensions>
   </trkpt>
   <trkpt lat="42.9804020" lon="16.6797377">
    <ele>73</ele>
    <time>2026-08-07T18:39:54Z</time>
    <extensions>
     <gpxdata:distance>7266.00</gpxdata:distance>
     <gpxdata:speed>2.722</gpxdata:speed>
    </extensions>
   </trkpt>
   <trkpt lat="42.9803207" lon="16.6796476">
    <ele>73</ele>
    <time>2026-08-07T18:40:08Z</time>
    <extensions>
     <gpxdata:distance>7282.00</gpxdata:distance>
     <gpxdata:speed>2.914</gpxdata:speed>
    </extensions>
   </trkpt>
   <trkpt lat="42.9802830" lon="16.6796023">
    <ele>74</ele>
    <time>2026-08-07T18:40:09Z</time>
    <extensions>
     <gpxdata:distance>7282.00</gpxdata:distance>
     <gpxdata:speed>3.358</gpxdata:speed>
    </extensions>
   </trkpt>
   <trkpt lat="42.9802554" lon="16.6795681">
    <ele>74</ele>
    <time>2026-08-07T18:40:10Z</time>
    <extensions>
     <gpxdata:distance>7286.00</gpxdata:distance>
     <gpxdata:speed>3.633</gpxdata:speed>
    </extensions>
   </trkpt>
   <trkpt lat="42.9802290" lon="16.6795343">
    <ele>74</ele>
    <time>2026-08-07T18:40:11Z</time>
    <extensions>
     <gpxdata:distance>7290.00</gpxdata:distance>
     <gpxdata:speed>3.819</gpxdata:speed>
    </extensions>
   </trkpt>
   <trkpt lat="42.9802024" lon="16.6795005">
    <ele>74</ele>
    <time>2026-08-07T18:40:12Z</time>
    <extensions>
     <gpxdata:distance>7294.00</gpxdata:distance>
     <gpxdata:speed>3.964</gpxdata:speed>
    </extensions>
   </trkpt>
   <trkpt lat="42.9801751" lon="16.6794672">
    <ele>74</ele>
    <time>2026-08-07T18:40:13Z</time>
    <extensions>
     <gpxdata:distance>7298.00</gpxdata:distance>
     <gpxdata:speed>4.033</gpxdata:speed>
    </extensions>
   </trkpt>
   <trkpt lat="42.9801476" lon="16.6794339">
    <ele>74</ele>
    <time>2026-08-07T18:40:14Z</time>
    <extensions>
     <gpxdata:distance>7302.00</gpxdata:distance>
     <gpxdata:speed>4.081</gpxdata:speed>
    </extensions>
   </trkpt>
   <trkpt lat="42.9801203" lon="16.6794008">
    <ele>74</ele>
    <time>2026-08-07T18:40:15Z</time>
    <extensions>
     <gpxdata:distance>7306.00</gpxdata:distance>
     <gpxdata:speed>4.089</gpxdata:speed>
    </extensions>
   </trkpt>
   <trkpt lat="42.9800933" lon="16.6793683">
    <ele>74</ele>
    <time>2026-08-07T18:40:16Z</time>
    <extensions>
     <gpxdata:distance>7310.00</gpxdata:distance>
     <gpxdata:speed>4.058</gpxdata:speed>
    </extensions>
   </trkpt>
   <trkpt lat="42.9800661" lon="16.6793363">
    <ele>75</ele>
    <time>2026-08-07T18:40:17Z</time>
    <extensions>
     <gpxdata:distance>7314.00</gpxdata:distance>
     <gpxdata:speed>4.042</gpxdata:speed>
    </extensions>
   </trkpt>
   <trkpt lat="42.9800386" lon="16.6793043">
    <ele>75</ele>
    <time>2026-08-07T18:40:18Z</time>
    <extensions>
     <gpxdata:distance>7318.00</gpxdata:distance>
     <gpxdata:speed>4.033</gpxdata:speed>
    </extensions>
   </trkpt>
   <trkpt lat="42.9800113" lon="16.6792711">
    <ele>75</ele>
    <time>2026-08-07T18:40:19Z</time>
    <extensions>
     <gpxdata:distance>7322.00</gpxdata:distance>
     <gpxdata:speed>4.042</gpxdata:speed>
    </extensions>
   </trkpt>
   <trkpt lat="42.9799844" lon="16.6792379">
    <ele>76</ele>
    <time>2026-08-07T18:40:20Z</time>
    <extensions>
     <gpxdata:distance>7326.00</gpxdata:distance>
     <gpxdata:speed>4.064</gpxdata:speed>
    </extensions>
   </trkpt>
   <trkpt lat="42.9799575" lon="16.6792056">
    <ele>76</ele>
    <time>2026-08-07T18:40:21Z</time>
    <extensions>
     <gpxdata:distance>7330.00</gpxdata:distance>
     <gpxdata:speed>4.047</gpxdata:speed>
    </extensions>
   </trkpt>
   <trkpt lat="42.9799306" lon="16.6791739">
    <ele>76</ele>
    <time>2026-08-07T18:40:22Z</time>
    <extensions>
     <gpxdata:distance>7334.00</gpxdata:distance>
     <gpxdata:speed>4.017</gpxdata:speed>
    </extensions>
   </trkpt>
   <trkpt lat="42.9799041" lon="16.6791429">
    <ele>76</ele>
    <time>2026-08-07T18:40:23Z</time>
    <extensions>
     <gpxdata:distance>7338.00</gpxdata:distance>
     <gpxdata:speed>3.989</gpxdata:speed>
    </extensions>
   </trkpt>
   <trkpt lat="42.9798793" lon="16.6791137">
    <ele>77</ele>
    <time>2026-08-07T18:40:24Z</time>
    <extensions>
     <gpxdata:distance>7341.50</gpxdata:distance>
     <gpxdata:speed>3.944</gpxdata:speed>
    </extensions>
   </trkpt>
   <trkpt lat="42.9798570" lon="16.6790886">
    <ele>77</ele>
    <time>2026-08-07T18:40:25Z</time>
    <extensions>
     <gpxdata:distance>7345.00</gpxdata:distance>
     <gpxdata:speed>3.797</gpxdata:speed>
    </extensions>
   </trkpt>
   <trkpt lat="42.9798374" lon="16.6790686">
    <ele>77</ele>
    <time>2026-08-07T18:40:26Z</time>
    <extensions>
     <gpxdata:distance>7347.50</gpxdata:distance>
     <gpxdata:speed>3.203</gpxdata:speed>
    </extensions>
   </trkpt>
   <trkpt lat="42.9798273" lon="16.6790592">
    <ele>78</ele>
    <time>2026-08-07T18:40:27Z</time>
    <extensions>
     <gpxdata:distance>7350.00</gpxdata:distance>
     <gpxdata:speed>2.697</gpxdata:speed>
    </extensions>
   </trkpt>
   <trkpt lat="42.9798139" lon="16.6790467">
    <ele>78</ele>
    <time>2026-08-07T18:40:28Z</time>
    <extensions>
     <gpxdata:distance>7352.00</gpxdata:distance>
     <gpxdata:speed>2.406</gpxdata:speed>
    </extensions>
   </trkpt>
   <trkpt lat="42.9797984" lon="16.6790321">
    <ele>78</ele>
    <time>2026-08-07T18:40:29Z</time>
    <extensions>
     <gpxdata:distance>7354.00</gpxdata:distance>
     <gpxdata:speed>2.339</gpxdata:speed>
    </extensions>
   </trkpt>
   <trkpt lat="42.9797820" lon="16.6790158">
    <ele>79</ele>
    <time>2026-08-07T18:40:30Z</time>
    <extensions>
     <gpxdata:distance>7356.50</gpxdata:distance>
     <gpxdata:speed>2.383</gpxdata:speed>
    </extensions>
   </trkpt>
   <trkpt lat="42.9797655" lon="16.6789978">
    <ele>79</ele>
    <time>2026-08-07T18:40:31Z</time>
    <extensions>
     <gpxdata:distance>7359.00</gpxdata:distance>
     <gpxdata:speed>2.422</gpxdata:speed>
    </extensions>
   </trkpt>
   <trkpt lat="42.9797491" lon="16.6789782">
    <ele>79</ele>
    <time>2026-08-07T18:40:32Z</time>
    <extensions>
     <gpxdata:distance>7361.50</gpxdata:distance>
     <gpxdata:speed>2.442</gpxdata:speed>
    </extensions>
   </trkpt>
   <trkpt lat="42.9797326" lon="16.6789573">
    <ele>79</ele>
    <time>2026-08-07T18:40:33Z</time>
    <extensions>
     <gpxdata:distance>7364.00</gpxdata:distance>
     <gpxdata:speed>2.481</gpxdata:speed>
    </extensions>
   </trkpt>
   <trkpt lat="42.9797155" lon="16.6789363">
    <ele>80</ele>
    <time>2026-08-07T18:40:34Z</time>
    <extensions>
     <gpxdata:distance>7367.00</gpxdata:distance>
     <gpxdata:speed>2.561</gpxdata:speed>
    </extensions>
   </trkpt>
   <trkpt lat="42.9796979" lon="16.6789159">
    <ele>80</ele>
    <time>2026-08-07T18:40:35Z</time>
    <extensions>
     <gpxdata:distance>7370.00</gpxdata:distance>
     <gpxdata:speed>2.561</gpxdata:speed>
    </extensions>
   </trkpt>
   <trkpt lat="42.9796798" lon="16.6788957">
    <ele>80</ele>
    <time>2026-08-07T18:40:36Z</time>
    <extensions>
     <gpxdata:distance>7372.50</gpxdata:distance>
     <gpxdata:speed>2.572</gpxdata:speed>
    </extensions>
   </trkpt>
   <trkpt lat="42.9796614" lon="16.6788756">
    <ele>80</ele>
    <time>2026-08-07T18:40:37Z</time>
    <extensions>
     <gpxdata:distance>7375.00</gpxdata:distance>
     <gpxdata:speed>2.597</gpxdata:speed>
    </extensions>
   </trkpt>
   <trkpt lat="42.9796431" lon="16.6788556">
    <ele>80</ele>
    <time>2026-08-07T18:40:38Z</time>
    <extensions>
     <gpxdata:distance>7377.50</gpxdata:distance>
     <gpxdata:speed>2.622</gpxdata:speed>
    </extensions>
   </trkpt>
   <trkpt lat="42.9796248" lon="16.6788359">
    <ele>81</ele>
    <time>2026-08-07T18:40:39Z</time>
    <extensions>
     <gpxdata:distance>7380.00</gpxdata:distance>
     <gpxdata:speed>2.614</gpxdata:speed>
    </extensions>
   </trkpt>
   <trkpt lat="42.9796063" lon="16.6788166">
    <ele>81</ele>
    <time>2026-08-07T18:40:40Z</time>
    <extensions>
     <gpxdata:distance>7382.50</gpxdata:distance>
     <gpxdata:speed>2.600</gpxdata:speed>
    </extensions>
   </trkpt>
   <trkpt lat="42.9795876" lon="16.6787972">
    <ele>81</ele>
    <time>2026-08-07T18:40:41Z</time>
    <extensions>
     <gpxdata:distance>7385.00</gpxdata:distance>
     <gpxdata:speed>2.603</gpxdata:speed>
    </extensions>
   </trkpt>
   <trkpt lat="42.9795692" lon="16.6787776">
    <ele>82</ele>
    <time>2026-08-07T18:40:42Z</time>
    <extensions>
     <gpxdata:distance>7387.50</gpxdata:distance>
     <gpxdata:speed>2.608</gpxdata:speed>
    </extensions>
   </trkpt>
   <trkpt lat="42.9795506" lon="16.6787576">
    <ele>82</ele>
    <time>2026-08-07T18:40:43Z</time>
    <extensions>
     <gpxdata:distance>7390.00</gpxdata:distance>
     <gpxdata:speed>2.606</gpxdata:speed>
    </extensions>
   </trkpt>
   <trkpt lat="42.9795317" lon="16.6787367">
    <ele>82</ele>
    <time>2026-08-07T18:40:44Z</time>
    <extensions>
     <gpxdata:distance>7393.00</gpxdata:distance>
     <gpxdata:speed>2.633</gpxdata:speed>
    </extensions>
   </trkpt>
   <trkpt lat="42.9795126" lon="16.6787148">
    <ele>82</ele>
    <time>2026-08-07T18:40:45Z</time>
    <extensions>
     <gpxdata:distance>7396.00</gpxdata:distance>
     <gpxdata:speed>2.681</gpxdata:speed>
    </extensions>
   </trkpt>
   <trkpt lat="42.9794930" lon="16.6786921">
    <ele>82</ele>
    <time>2026-08-07T18:40:46Z</time>
    <extensions>
     <gpxdata:distance>7399.00</gpxdata:distance>
     <gpxdata:speed>2.742</gpxdata:speed>
    </extensions>
   </trkpt>
   <trkpt lat="42.9794735" lon="16.6786683">
    <ele>83</ele>
    <time>2026-08-07T18:40:47Z</time>
    <extensions>
     <gpxdata:distance>7402.00</gpxdata:distance>
     <gpxdata:speed>2.811</gpxdata:speed>
    </extensions>
   </trkpt>
   <trkpt lat="42.9794544" lon="16.6786435">
    <ele>83</ele>
    <time>2026-08-07T18:40:48Z</time>
    <extensions>
     <gpxdata:distance>7405.00</gpxdata:distance>
     <gpxdata:speed>2.869</gpxdata:speed>
    </extensions>
   </trkpt>
   <trkpt lat="42.9794355" lon="16.6786182">
    <ele>83</ele>
    <time>2026-08-07T18:40:49Z</time>
    <extensions>
     <gpxdata:distance>7408.00</gpxdata:distance>
     <gpxdata:speed>2.911</gpxdata:speed>
    </extensions>
   </trkpt>
   <trkpt lat="42.9794167" lon="16.6785923">
    <ele>84</ele>
    <time>2026-08-07T18:40:50Z</time>
    <extensions>
     <gpxdata:distance>7411.00</gpxdata:distance>
     <gpxdata:speed>2.928</gpxdata:speed>
    </extensions>
   </trkpt>
   <trkpt lat="42.9793991" lon="16.6785652">
    <ele>84</ele>
    <time>2026-08-07T18:40:51Z</time>
    <extensions>
     <gpxdata:distance>7414.00</gpxdata:distance>
     <gpxdata:speed>2.958</gpxdata:speed>
    </extensions>
   </trkpt>
   <trkpt lat="42.9793836" lon="16.6785365">
    <ele>84</ele>
    <time>2026-08-07T18:40:52Z</time>
    <extensions>
     <gpxdata:distance>7417.00</gpxdata:distance>
     <gpxdata:speed>2.961</gpxdata:speed>
    </extensions>
   </trkpt>
   <trkpt lat="42.9793703" lon="16.6785063">
    <ele>84</ele>
    <time>2026-08-07T18:40:53Z</time>
    <extensions>
     <gpxdata:distance>7420.00</gpxdata:distance>
     <gpxdata:speed>2.953</gpxdata:speed>
    </extensions>
   </trkpt>
   <trkpt lat="42.9793590" lon="16.6784749">
    <ele>84</ele>
    <time>2026-08-07T18:40:54Z</time>
    <extensions>
     <gpxdata:distance>7422.50</gpxdata:distance>
     <gpxdata:speed>2.928</gpxdata:speed>
    </extensions>
   </trkpt>
   <trkpt lat="42.9793498" lon="16.6784426">
    <ele>85</ele>
    <time>2026-08-07T18:40:55Z</time>
    <extensions>
     <gpxdata:distance>7425.00</gpxdata:distance>
     <gpxdata:speed>2.908</gpxdata:speed>
    </extensions>
   </trkpt>
   <trkpt lat="42.9793426" lon="16.6784095">
    <ele>85</ele>
    <time>2026-08-07T18:40:56Z</time>
    <extensions>
     <gpxdata:distance>7428.00</gpxdata:distance>
     <gpxdata:speed>2.881</gpxdata:speed>
    </extensions>
   </trkpt>
   <trkpt lat="42.9793375" lon="16.6783760">
    <ele>85</ele>
    <time>2026-08-07T18:40:57Z</time>
    <extensions>
     <gpxdata:distance>7431.00</gpxdata:distance>
     <gpxdata:speed>2.864</gpxdata:speed>
    </extensions>
   </trkpt>
   <trkpt lat="42.9793348" lon="16.6783423">
    <ele>85</ele>
    <time>2026-08-07T18:40:58Z</time>
    <extensions>
     <gpxdata:distance>7433.50</gpxdata:distance>
     <gpxdata:speed>2.839</gpxdata:speed>
    </extensions>
   </trkpt>
   <trkpt lat="42.9793352" lon="16.6783083">
    <ele>86</ele>
    <time>2026-08-07T18:40:59Z</time>
    <extensions>
     <gpxdata:distance>7436.00</gpxdata:distance>
     <gpxdata:speed>2.819</gpxdata:speed>
    </extensions>
   </trkpt>
   <trkpt lat="42.9793387" lon="16.6782742">
    <ele>86</ele>
    <time>2026-08-07T18:41:00Z</time>
    <extensions>
     <gpxdata:distance>7439.00</gpxdata:distance>
     <gpxdata:speed>2.828</gpxdata:speed>
    </extensions>
   </trkpt>
   <trkpt lat="42.9793452" lon="16.6782400">
    <ele>86</ele>
    <time>2026-08-07T18:41:01Z</time>
    <extensions>
     <gpxdata:distance>7442.00</gpxdata:distance>
     <gpxdata:speed>2.856</gpxdata:speed>
    </extensions>
   </trkpt>
   <trkpt lat="42.9793534" lon="16.6782059">
    <ele>86</ele>
    <time>2026-08-07T18:41:02Z</time>
    <extensions>
     <gpxdata:distance>7445.00</gpxdata:distance>
     <gpxdata:speed>2.908</gpxdata:speed>
    </extensions>
   </trkpt>
   <trkpt lat="42.9793628" lon="16.6781719">
    <ele>87</ele>
    <time>2026-08-07T18:41:03Z</time>
    <extensions>
     <gpxdata:distance>7448.00</gpxdata:distance>
     <gpxdata:speed>2.942</gpxdata:speed>
    </extensions>
   </trkpt>
   <trkpt lat="42.9793736" lon="16.6781381">
    <ele>87</ele>
    <time>2026-08-07T18:41:04Z</time>
    <extensions>
     <gpxdata:distance>7451.00</gpxdata:distance>
     <gpxdata:speed>2.967</gpxdata:speed>
    </extensions>
   </trkpt>
   <trkpt lat="42.9793856" lon="16.6781051">
    <ele>87</ele>
    <time>2026-08-07T18:41:05Z</time>
    <extensions>
     <gpxdata:distance>7454.00</gpxdata:distance>
     <gpxdata:speed>2.997</gpxdata:speed>
    </extensions>
   </trkpt>
   <trkpt lat="42.9794066" lon="16.6780530">
    <ele>87</ele>
    <time>2026-08-07T18:41:06Z</time>
    <extensions>
     <gpxdata:distance>7457.00</gpxdata:distance>
     <gpxdata:speed>3.008</gpxdata:speed>
    </extensions>
   </trkpt>
   <trkpt lat="42.9794158" lon="16.6780334">
    <ele>88</ele>
    <time>2026-08-07T18:41:07Z</time>
    <extensions>
     <gpxdata:distance>7460.00</gpxdata:distance>
     <gpxdata:speed>2.997</gpxdata:speed>
    </extensions>
   </trkpt>
   <trkpt lat="42.9794279" lon="16.6780102">
    <ele>88</ele>
    <time>2026-08-07T18:41:08Z</time>
    <extensions>
     <gpxdata:distance>7462.50</gpxdata:distance>
     <gpxdata:speed>2.944</gpxdata:speed>
    </extensions>
   </trkpt>
   <trkpt lat="42.9794422" lon="16.6779862">
    <ele>88</ele>
    <time>2026-08-07T18:41:09Z</time>
    <extensions>
     <gpxdata:distance>7465.00</gpxdata:distance>
     <gpxdata:speed>2.858</gpxdata:speed>
    </extensions>
   </trkpt>
   <trkpt lat="42.9794582" lon="16.6779628">
    <ele>88</ele>
    <time>2026-08-07T18:41:10Z</time>
    <extensions>
     <gpxdata:distance>7468.00</gpxdata:distance>
     <gpxdata:speed>2.792</gpxdata:speed>
    </extensions>
   </trkpt>
   <trkpt lat="42.9794753" lon="16.6779393">
    <ele>88</ele>
    <time>2026-08-07T18:41:11Z</time>
    <extensions>
     <gpxdata:distance>7471.00</gpxdata:distance>
     <gpxdata:speed>2.758</gpxdata:speed>
    </extensions>
   </trkpt>
   <trkpt lat="42.9794934" lon="16.6779156">
    <ele>88</ele>
    <time>2026-08-07T18:41:12Z</time>
    <extensions>
     <gpxdata:distance>7473.50</gpxdata:distance>
     <gpxdata:speed>2.767</gpxdata:speed>
    </extensions>
   </trkpt>
   <trkpt lat="42.9795129" lon="16.6778919">
    <ele>89</ele>
    <time>2026-08-07T18:41:13Z</time>
    <extensions>
     <gpxdata:distance>7476.00</gpxdata:distance>
     <gpxdata:speed>2.808</gpxdata:speed>
    </extensions>
   </trkpt>
   <trkpt lat="42.9795338" lon="16.6778684">
    <ele>89</ele>
    <time>2026-08-07T18:41:14Z</time>
    <extensions>
     <gpxdata:distance>7479.50</gpxdata:distance>
     <gpxdata:speed>2.881</gpxdata:speed>
    </extensions>
   </trkpt>
   <trkpt lat="42.9795557" lon="16.6778447">
    <ele>89</ele>
    <time>2026-08-07T18:41:15Z</time>
    <extensions>
     <gpxdata:distance>7483.00</gpxdata:distance>
     <gpxdata:speed>2.967</gpxdata:speed>
    </extensions>
   </trkpt>
   <trkpt lat="42.9795925" lon="16.6778050">
    <ele>89</ele>
    <time>2026-08-07T18:41:16Z</time>
    <extensions>
     <gpxdata:distance>7486.00</gpxdata:distance>
     <gpxdata:speed>3.056</gpxdata:speed>
    </extensions>
   </trkpt>
   <trkpt lat="42.9796185" lon="16.6777759">
    <ele>89</ele>
    <time>2026-08-07T18:41:17Z</time>
    <extensions>
     <gpxdata:distance>7489.00</gpxdata:distance>
     <gpxdata:speed>3.147</gpxdata:speed>
    </extensions>
   </trkpt>
   <trkpt lat="42.9796420" lon="16.6777466">
    <ele>89</ele>
    <time>2026-08-07T18:41:18Z</time>
    <extensions>
     <gpxdata:distance>7492.50</gpxdata:distance>
     <gpxdata:speed>3.244</gpxdata:speed>
    </extensions>
   </trkpt>
   <trkpt lat="42.9796652" lon="16.6777156">
    <ele>89</ele>
    <time>2026-08-07T18:41:19Z</time>
    <extensions>
     <gpxdata:distance>7496.00</gpxdata:distance>
     <gpxdata:speed>3.447</gpxdata:speed>
    </extensions>
   </trkpt>
   <trkpt lat="42.9796890" lon="16.6776833">
    <ele>89</ele>
    <time>2026-08-07T18:41:20Z</time>
    <extensions>
     <gpxdata:distance>7500.00</gpxdata:distance>
     <gpxdata:speed>3.597</gpxdata:speed>
    </extensions>
   </trkpt>
   <trkpt lat="42.9797140" lon="16.6776505">
    <ele>89</ele>
    <time>2026-08-07T18:41:21Z</time>
    <extensions>
     <gpxdata:distance>7504.00</gpxdata:distance>
     <gpxdata:speed>3.742</gpxdata:speed>
    </extensions>
   </trkpt>
   <trkpt lat="42.9797411" lon="16.6776185">
    <ele>90</ele>
    <time>2026-08-07T18:41:22Z</time>
    <extensions>
     <gpxdata:distance>7508.00</gpxdata:distance>
     <gpxdata:speed>3.861</gpxdata:speed>
    </extensions>
   </trkpt>
   <trkpt lat="42.9797702" lon="16.6775874">
    <ele>90</ele>
    <time>2026-08-07T18:41:23Z</time>
    <extensions>
     <gpxdata:distance>7512.00</gpxdata:distance>
     <gpxdata:speed>3.997</gpxdata:speed>
    </extensions>
   </trkpt>
   <trkpt lat="42.9798005" lon="16.6775558">
    <ele>90</ele>
    <time>2026-08-07T18:41:24Z</time>
    <extensions>
     <gpxdata:distance>7516.50</gpxdata:distance>
     <gpxdata:speed>4.111</gpxdata:speed>
    </extensions>
   </trkpt>
   <trkpt lat="42.9798319" lon="16.6775218">
    <ele>90</ele>
    <time>2026-08-07T18:41:25Z</time>
    <extensions>
     <gpxdata:distance>7521.00</gpxdata:distance>
     <gpxdata:speed>4.244</gpxdata:speed>
    </extensions>
   </trkpt>
   <trkpt lat="42.9798655" lon="16.6774852">
    <ele>90</ele>
    <time>2026-08-07T18:41:26Z</time>
    <extensions>
     <gpxdata:distance>7526.00</gpxdata:distance>
     <gpxdata:speed>4.475</gpxdata:speed>
    </extensions>
   </trkpt>
   <trkpt lat="42.9799021" lon="16.6774457">
    <ele>90</ele>
    <time>2026-08-07T18:41:27Z</time>
    <extensions>
     <gpxdata:distance>7531.00</gpxdata:distance>
     <gpxdata:speed>4.814</gpxdata:speed>
    </extensions>
   </trkpt>
   <trkpt lat="42.9799417" lon="16.6774031">
    <ele>90</ele>
    <time>2026-08-07T18:41:28Z</time>
    <extensions>
     <gpxdata:distance>7536.50</gpxdata:distance>
     <gpxdata:speed>5.208</gpxdata:speed>
    </extensions>
   </trkpt>
   <trkpt lat="42.9799835" lon="16.6773575">
    <ele>90</ele>
    <time>2026-08-07T18:41:29Z</time>
    <extensions>
     <gpxdata:distance>7542.00</gpxdata:distance>
     <gpxdata:speed>5.606</gpxdata:speed>
    </extensions>
   </trkpt>
   <trkpt lat="42.9800276" lon="16.6773097">
    <ele>89</ele>
    <time>2026-08-07T18:41:30Z</time>
    <extensions>
     <gpxdata:distance>7548.50</gpxdata:distance>
     <gpxdata:speed>5.922</gpxdata:speed>
    </extensions>
   </trkpt>
   <trkpt lat="42.9800893" lon="16.6772431">
    <ele>89</ele>
    <time>2026-08-07T18:41:31Z</time>
    <extensions>
     <gpxdata:distance>7555.00</gpxdata:distance>
     <gpxdata:speed>6.222</gpxdata:speed>
    </extensions>
   </trkpt>
   <trkpt lat="42.9801406" lon="16.6771891">
    <ele>89</ele>
    <time>2026-08-07T18:41:32Z</time>
    <extensions>
     <gpxdata:distance>7562.00</gpxdata:distance>
     <gpxdata:speed>6.533</gpxdata:speed>
    </extensions>
   </trkpt>
   <trkpt lat="42.9801926" lon="16.6771352">
    <ele>89</ele>
    <time>2026-08-07T18:41:33Z</time>
    <extensions>
     <gpxdata:distance>7569.00</gpxdata:distance>
     <gpxdata:speed>6.828</gpxdata:speed>
    </extensions>
   </trkpt>
   <trkpt lat="42.9802471" lon="16.6770793">
    <ele>89</ele>
    <time>2026-08-07T18:41:34Z</time>
    <extensions>
     <gpxdata:distance>7576.50</gpxdata:distance>
     <gpxdata:speed>7.106</gpxdata:speed>
    </extensions>
   </trkpt>
   <trkpt lat="42.9803058" lon="16.6770223">
    <ele>88</ele>
    <time>2026-08-07T18:41:35Z</time>
    <extensions>
     <gpxdata:distance>7584.00</gpxdata:distance>
     <gpxdata:speed>7.461</gpxdata:speed>
    </extensions>
   </trkpt>
   <trkpt lat="42.9803701" lon="16.6769660">
    <ele>88</ele>
    <time>2026-08-07T18:41:36Z</time>
    <extensions>
     <gpxdata:distance>7593.00</gpxdata:distance>
     <gpxdata:speed>7.900</gpxdata:speed>
    </extensions>
   </trkpt>
   <trkpt lat="42.9804398" lon="16.6769125">
    <ele>88</ele>
    <time>2026-08-07T18:41:37Z</time>
    <extensions>
     <gpxdata:distance>7602.00</gpxdata:distance>
     <gpxdata:speed>8.353</gpxdata:speed>
    </extensions>
   </trkpt>
   <trkpt lat="42.9805138" lon="16.6768623">
    <ele>87</ele>
    <time>2026-08-07T18:41:38Z</time>
    <extensions>
     <gpxdata:distance>7611.00</gpxdata:distance>
     <gpxdata:speed>8.728</gpxdata:speed>
    </extensions>
   </trkpt>
   <trkpt lat="42.9805911" lon="16.6768155">
    <ele>87</ele>
    <time>2026-08-07T18:41:39Z</time>
    <extensions>
     <gpxdata:distance>7620.00</gpxdata:distance>
     <gpxdata:speed>9.022</gpxdata:speed>
    </extensions>
   </trkpt>
   <trkpt lat="42.9806717" lon="16.6767706">
    <ele>86</ele>
    <time>2026-08-07T18:41:40Z</time>
    <extensions>
     <gpxdata:distance>7629.50</gpxdata:distance>
     <gpxdata:speed>9.253</gpxdata:speed>
    </extensions>
   </trkpt>
   <trkpt lat="42.9807551" lon="16.6767261">
    <ele>86</ele>
    <time>2026-08-07T18:41:41Z</time>
    <extensions>
     <gpxdata:distance>7639.00</gpxdata:distance>
     <gpxdata:speed>9.539</gpxdata:speed>
    </extensions>
   </trkpt>
   <trkpt lat="42.9808410" lon="16.6766825">
    <ele>85</ele>
    <time>2026-08-07T18:41:42Z</time>
    <extensions>
     <gpxdata:distance>7649.50</gpxdata:distance>
     <gpxdata:speed>9.833</gpxdata:speed>
    </extensions>
   </trkpt>
   <trkpt lat="42.9809283" lon="16.6766395">
    <ele>85</ele>
    <time>2026-08-07T18:41:43Z</time>
    <extensions>
     <gpxdata:distance>7660.00</gpxdata:distance>
     <gpxdata:speed>10.072</gpxdata:speed>
    </extensions>
   </trkpt>
   <trkpt lat="42.9810158" lon="16.6765957">
    <ele>84</ele>
    <time>2026-08-07T18:41:44Z</time>
    <extensions>
     <gpxdata:distance>7670.50</gpxdata:distance>
     <gpxdata:speed>10.214</gpxdata:speed>
    </extensions>
   </trkpt>
   <trkpt lat="42.9811030" lon="16.6765507">
    <ele>83</ele>
    <time>2026-08-07T18:41:45Z</time>
    <extensions>
     <gpxdata:distance>7681.00</gpxdata:distance>
     <gpxdata:speed>10.283</gpxdata:speed>
    </extensions>
   </trkpt>
   <trkpt lat="42.9811903" lon="16.6765059">
    <ele>83</ele>
    <time>2026-08-07T18:41:46Z</time>
    <extensions>
     <gpxdata:distance>7691.00</gpxdata:distance>
     <gpxdata:speed>10.317</gpxdata:speed>
    </extensions>
   </trkpt>
   <trkpt lat="42.9812779" lon="16.6764618">
    <ele>82</ele>
    <time>2026-08-07T18:41:47Z</time>
    <extensions>
     <gpxdata:distance>7701.00</gpxdata:distance>
     <gpxdata:speed>10.344</gpxdata:speed>
    </extensions>
   </trkpt>
   <trkpt lat="42.9813629" lon="16.6764206">
    <ele>82</ele>
    <time>2026-08-07T18:41:48Z</time>
    <extensions>
     <gpxdata:distance>7711.00</gpxdata:distance>
     <gpxdata:speed>10.381</gpxdata:speed>
    </extensions>
   </trkpt>
   <trkpt lat="42.9814375" lon="16.6763862">
    <ele>81</ele>
    <time>2026-08-07T18:41:49Z</time>
    <extensions>
     <gpxdata:distance>7721.00</gpxdata:distance>
     <gpxdata:speed>10.172</gpxdata:speed>
    </extensions>
   </trkpt>
   <trkpt lat="42.9814957" lon="16.6763603">
    <ele>81</ele>
    <time>2026-08-07T18:41:50Z</time>
    <extensions>
     <gpxdata:distance>7727.50</gpxdata:distance>
     <gpxdata:speed>8.894</gpxdata:speed>
    </extensions>
   </trkpt>
   <trkpt lat="42.9815340" lon="16.6763436">
    <ele>80</ele>
    <time>2026-08-07T18:41:51Z</time>
    <extensions>
     <gpxdata:distance>7734.00</gpxdata:distance>
     <gpxdata:speed>8.781</gpxdata:speed>
    </extensions>
   </trkpt>
   <trkpt lat="42.9815423" lon="16.6763403">
    <ele>80</ele>
    <time>2026-08-07T18:41:52Z</time>
    <extensions>
     <gpxdata:distance>7736.00</gpxdata:distance>
     <gpxdata:speed>2.914</gpxdata:speed>
    </extensions>
   </trkpt>
   <trkpt lat="42.9815487" lon="16.6763378">
    <ele>79</ele>
    <time>2026-08-07T18:41:53Z</time>
    <extensions>
     <gpxdata:distance>7738.00</gpxdata:distance>
     <gpxdata:speed>1.631</gpxdata:speed>
    </extensions>
   </trkpt>
   <trkpt lat="42.9815559" lon="16.6763334">
    <ele>79</ele>
    <time>2026-08-07T18:41:54Z</time>
    <extensions>
     <gpxdata:distance>7739.00</gpxdata:distance>
     <gpxdata:speed>1.631</gpxdata:speed>
    </extensions>
   </trkpt>
   <trkpt lat="42.9815655" lon="16.6763261">
    <ele>79</ele>
    <time>2026-08-07T18:41:55Z</time>
    <extensions>
     <gpxdata:distance>7740.00</gpxdata:distance>
     <gpxdata:speed>1.742</gpxdata:speed>
    </extensions>
   </trkpt>
   <trkpt lat="42.9815846" lon="16.6763123">
    <ele>78</ele>
    <time>2026-08-07T18:41:56Z</time>
    <extensions>
     <gpxdata:distance>7743.00</gpxdata:distance>
     <gpxdata:speed>2.047</gpxdata:speed>
    </extensions>
   </trkpt>
   <trkpt lat="42.9816081" lon="16.6762977">
    <ele>78</ele>
    <time>2026-08-07T18:41:57Z</time>
    <extensions>
     <gpxdata:distance>7746.00</gpxdata:distance>
     <gpxdata:speed>2.647</gpxdata:speed>
    </extensions>
   </trkpt>
   <trkpt lat="42.9816559" lon="16.6762709">
    <ele>78</ele>
    <time>2026-08-07T18:41:58Z</time>
    <extensions>
     <gpxdata:distance>7750.50</gpxdata:distance>
     <gpxdata:speed>3.389</gpxdata:speed>
    </extensions>
   </trkpt>
   <trkpt lat="42.9816972" lon="16.6762484">
    <ele>77</ele>
    <time>2026-08-07T18:41:59Z</time>
    <extensions>
     <gpxdata:distance>7755.00</gpxdata:distance>
     <gpxdata:speed>4.156</gpxdata:speed>
    </extensions>
   </trkpt>
   <trkpt lat="42.9817414" lon="16.6762239">
    <ele>77</ele>
    <time>2026-08-07T18:42:00Z</time>
    <extensions>
     <gpxdata:distance>7760.50</gpxdata:distance>
     <gpxdata:speed>4.761</gpxdata:speed>
    </extensions>
   </trkpt>
   <trkpt lat="42.9817903" lon="16.6761974">
    <ele>77</ele>
    <time>2026-08-07T18:42:01Z</time>
    <extensions>
     <gpxdata:distance>7766.00</gpxdata:distance>
     <gpxdata:speed>4.761</gpxdata:speed>
    </extensions>
   </trkpt>
   <trkpt lat="42.9818441" lon="16.6761690">
    <ele>77</ele>
    <time>2026-08-07T18:42:02Z</time>
    <extensions>
     <gpxdata:distance>7772.50</gpxdata:distance>
     <gpxdata:speed>4.489</gpxdata:speed>
    </extensions>
   </trkpt>
   <trkpt lat="42.9819217" lon="16.6761282">
    <ele>76</ele>
    <time>2026-08-07T18:42:03Z</time>
    <extensions>
     <gpxdata:distance>7779.00</gpxdata:distance>
     <gpxdata:speed>6.378</gpxdata:speed>
    </extensions>
   </trkpt>
   <trkpt lat="42.9819865" lon="16.6760936">
    <ele>76</ele>
    <time>2026-08-07T18:42:04Z</time>
    <extensions>
     <gpxdata:distance>7787.00</gpxdata:distance>
     <gpxdata:speed>6.933</gpxdata:speed>
    </extensions>
   </trkpt>
   <trkpt lat="42.9820515" lon="16.6760587">
    <ele>76</ele>
    <time>2026-08-07T18:42:05Z</time>
    <extensions>
     <gpxdata:distance>7795.00</gpxdata:distance>
     <gpxdata:speed>7.317</gpxdata:speed>
    </extensions>
   </trkpt>
   <trkpt lat="42.9821181" lon="16.6760223">
    <ele>76</ele>
    <time>2026-08-07T18:42:06Z</time>
    <extensions>
     <gpxdata:distance>7803.00</gpxdata:distance>
     <gpxdata:speed>7.575</gpxdata:speed>
    </extensions>
   </trkpt>
   <trkpt lat="42.9821869" lon="16.6759838">
    <ele>75</ele>
    <time>2026-08-07T18:42:07Z</time>
    <extensions>
     <gpxdata:distance>7811.00</gpxdata:distance>
     <gpxdata:speed>7.847</gpxdata:speed>
    </extensions>
   </trkpt>
   <trkpt lat="42.9822588" lon="16.6759427">
    <ele>75</ele>
    <time>2026-08-07T18:42:08Z</time>
    <extensions>
     <gpxdata:distance>7819.50</gpxdata:distance>
     <gpxdata:speed>8.164</gpxdata:speed>
    </extensions>
   </trkpt>
   <trkpt lat="42.9823338" lon="16.6758997">
    <ele>75</ele>
    <time>2026-08-07T18:42:09Z</time>
    <extensions>
     <gpxdata:distance>7828.00</gpxdata:distance>
     <gpxdata:speed>8.567</gpxdata:speed>
    </extensions>
   </trkpt>
   <trkpt lat="42.9824104" lon="16.6758532">
    <ele>74</ele>
    <time>2026-08-07T18:42:10Z</time>
    <extensions>
     <gpxdata:distance>7837.50</gpxdata:distance>
     <gpxdata:speed>8.922</gpxdata:speed>
    </extensions>
   </trkpt>
   <trkpt lat="42.9824876" lon="16.6758021">
    <ele>74</ele>
    <time>2026-08-07T18:42:11Z</time>
    <extensions>
     <gpxdata:distance>7847.00</gpxdata:distance>
     <gpxdata:speed>9.197</gpxdata:speed>
    </extensions>
   </trkpt>
   <trkpt lat="42.9825645" lon="16.6757473">
    <ele>74</ele>
    <time>2026-08-07T18:42:12Z</time>
    <extensions>
     <gpxdata:distance>7856.50</gpxdata:distance>
     <gpxdata:speed>9.411</gpxdata:speed>
    </extensions>
   </trkpt>
   <trkpt lat="42.9826406" lon="16.6756886">
    <ele>73</ele>
    <time>2026-08-07T18:42:13Z</time>
    <extensions>
     <gpxdata:distance>7866.00</gpxdata:distance>
     <gpxdata:speed>9.542</gpxdata:speed>
    </extensions>
   </trkpt>
   <trkpt lat="42.9827149" lon="16.6756231">
    <ele>73</ele>
    <time>2026-08-07T18:42:14Z</time>
    <extensions>
     <gpxdata:distance>7876.00</gpxdata:distance>
     <gpxdata:speed>9.631</gpxdata:speed>
    </extensions>
   </trkpt>
   <trkpt lat="42.9827867" lon="16.6755495">
    <ele>72</ele>
    <time>2026-08-07T18:42:15Z</time>
    <extensions>
     <gpxdata:distance>7886.00</gpxdata:distance>
     <gpxdata:speed>9.786</gpxdata:speed>
    </extensions>
   </trkpt>
   <trkpt lat="42.9828568" lon="16.6754700">
    <ele>72</ele>
    <time>2026-08-07T18:42:16Z</time>
    <extensions>
     <gpxdata:distance>7896.00</gpxdata:distance>
     <gpxdata:speed>9.950</gpxdata:speed>
    </extensions>
   </trkpt>
   <trkpt lat="42.9829261" lon="16.6753878">
    <ele>71</ele>
    <time>2026-08-07T18:42:17Z</time>
    <extensions>
     <gpxdata:distance>7906.00</gpxdata:distance>
     <gpxdata:speed>10.072</gpxdata:speed>
    </extensions>
   </trkpt>
   <trkpt lat="42.9829952" lon="16.6753057">
    <ele>70</ele>
    <time>2026-08-07T18:42:18Z</time>
    <extensions>
     <gpxdata:distance>7916.00</gpxdata:distance>
     <gpxdata:speed>10.153</gpxdata:speed>
    </extensions>
   </trkpt>
   <trkpt lat="42.9830623" lon="16.6752227">
    <ele>69</ele>
    <time>2026-08-07T18:42:19Z</time>
    <extensions>
     <gpxdata:distance>7926.00</gpxdata:distance>
     <gpxdata:speed>10.169</gpxdata:speed>
    </extensions>
   </trkpt>
   <trkpt lat="42.9831242" lon="16.6751354">
    <ele>69</ele>
    <time>2026-08-07T18:42:20Z</time>
    <extensions>
     <gpxdata:distance>7936.00</gpxdata:distance>
     <gpxdata:speed>10.053</gpxdata:speed>
    </extensions>
   </trkpt>
   <trkpt lat="42.9831779" lon="16.6750419">
    <ele>68</ele>
    <time>2026-08-07T18:42:21Z</time>
    <extensions>
     <gpxdata:distance>7946.00</gpxdata:distance>
     <gpxdata:speed>9.922</gpxdata:speed>
    </extensions>
   </trkpt>
   <trkpt lat="42.9832227" lon="16.6749444">
    <ele>67</ele>
    <time>2026-08-07T18:42:22Z</time>
    <extensions>
     <gpxdata:distance>7955.50</gpxdata:distance>
     <gpxdata:speed>9.783</gpxdata:speed>
    </extensions>
   </trkpt>
   <trkpt lat="42.9832594" lon="16.6748476">
    <ele>67</ele>
    <time>2026-08-07T18:42:23Z</time>
    <extensions>
     <gpxdata:distance>7965.00</gpxdata:distance>
     <gpxdata:speed>9.606</gpxdata:speed>
    </extensions>
   </trkpt>
   <trkpt lat="42.9832884" lon="16.6747545">
    <ele>66</ele>
    <time>2026-08-07T18:42:24Z</time>
    <extensions>
     <gpxdata:distance>7973.00</gpxdata:distance>
     <gpxdata:speed>9.006</gpxdata:speed>
    </extensions>
   </trkpt>
   <trkpt lat="42.9833108" lon="16.6746655">
    <ele>66</ele>
    <time>2026-08-07T18:42:25Z</time>
    <extensions>
     <gpxdata:distance>7981.00</gpxdata:distance>
     <gpxdata:speed>8.378</gpxdata:speed>
    </extensions>
   </trkpt>
   <trkpt lat="42.9833279" lon="16.6745790">
    <ele>66</ele>
    <time>2026-08-07T18:42:26Z</time>
    <extensions>
     <gpxdata:distance>7988.00</gpxdata:distance>
     <gpxdata:speed>7.836</gpxdata:speed>
    </extensions>
   </trkpt>
   <trkpt lat="42.9833413" lon="16.6744926">
    <ele>66</ele>
    <time>2026-08-07T18:42:27Z</time>
    <extensions>
     <gpxdata:distance>7995.00</gpxdata:distance>
     <gpxdata:speed>7.492</gpxdata:speed>
    </extensions>
   </trkpt>
   <trkpt lat="42.9833520" lon="16.6744049">
    <ele>66</ele>
    <time>2026-08-07T18:42:28Z</time>
    <extensions>
     <gpxdata:distance>8002.50</gpxdata:distance>
     <gpxdata:speed>7.369</gpxdata:speed>
    </extensions>
   </trkpt>
   <trkpt lat="42.9833602" lon="16.6743152">
    <ele>66</ele>
    <time>2026-08-07T18:42:29Z</time>
    <extensions>
     <gpxdata:distance>8010.00</gpxdata:distance>
     <gpxdata:speed>7.364</gpxdata:speed>
    </extensions>
   </trkpt>
   <trkpt lat="42.9833667" lon="16.6742242">
    <ele>66</ele>
    <time>2026-08-07T18:42:30Z</time>
    <extensions>
     <gpxdata:distance>8017.50</gpxdata:distance>
     <gpxdata:speed>7.425</gpxdata:speed>
    </extensions>
   </trkpt>
   <trkpt lat="42.9833732" lon="16.6741332">
    <ele>66</ele>
    <time>2026-08-07T18:42:31Z</time>
    <extensions>
     <gpxdata:distance>8025.00</gpxdata:distance>
     <gpxdata:speed>7.450</gpxdata:speed>
    </extensions>
   </trkpt>
   <trkpt lat="42.9833807" lon="16.6740428">
    <ele>66</ele>
    <time>2026-08-07T18:42:32Z</time>
    <extensions>
     <gpxdata:distance>8032.50</gpxdata:distance>
     <gpxdata:speed>7.419</gpxdata:speed>
    </extensions>
   </trkpt>
   <trkpt lat="42.9833881" lon="16.6739530">
    <ele>67</ele>
    <time>2026-08-07T18:42:33Z</time>
    <extensions>
     <gpxdata:distance>8040.00</gpxdata:distance>
     <gpxdata:speed>7.392</gpxdata:speed>
    </extensions>
   </trkpt>
   <trkpt lat="42.9833949" lon="16.6738636">
    <ele>67</ele>
    <time>2026-08-07T18:42:34Z</time>
    <extensions>
     <gpxdata:distance>8047.00</gpxdata:distance>
     <gpxdata:speed>7.347</gpxdata:speed>
    </extensions>
   </trkpt>
   <trkpt lat="42.9834017" lon="16.6737743">
    <ele>67</ele>
    <time>2026-08-07T18:42:35Z</time>
    <extensions>
     <gpxdata:distance>8054.00</gpxdata:distance>
     <gpxdata:speed>7.319</gpxdata:speed>
    </extensions>
   </trkpt>
   <trkpt lat="42.9834099" lon="16.6736854">
    <ele>67</ele>
    <time>2026-08-07T18:42:36Z</time>
    <extensions>
     <gpxdata:distance>8061.50</gpxdata:distance>
     <gpxdata:speed>7.322</gpxdata:speed>
    </extensions>
   </trkpt>
   <trkpt lat="42.9834200" lon="16.6735980">
    <ele>67</ele>
    <time>2026-08-07T18:42:37Z</time>
    <extensions>
     <gpxdata:distance>8069.00</gpxdata:distance>
     <gpxdata:speed>7.319</gpxdata:speed>
    </extensions>
   </trkpt>
   <trkpt lat="42.9834306" lon="16.6735138">
    <ele>67</ele>
    <time>2026-08-07T18:42:38Z</time>
    <extensions>
     <gpxdata:distance>8076.00</gpxdata:distance>
     <gpxdata:speed>7.278</gpxdata:speed>
    </extensions>
   </trkpt>
   <trkpt lat="42.9834403" lon="16.6734333">
    <ele>67</ele>
    <time>2026-08-07T18:42:39Z</time>
    <extensions>
     <gpxdata:distance>8083.00</gpxdata:distance>
     <gpxdata:speed>7.150</gpxdata:speed>
    </extensions>
   </trkpt>
   <trkpt lat="42.9834485" lon="16.6733557">
    <ele>67</ele>
    <time>2026-08-07T18:42:40Z</time>
    <extensions>
     <gpxdata:distance>8089.50</gpxdata:distance>
     <gpxdata:speed>6.733</gpxdata:speed>
    </extensions>
   </trkpt>
   <trkpt lat="42.9834559" lon="16.6732789">
    <ele>68</ele>
    <time>2026-08-07T18:42:41Z</time>
    <extensions>
     <gpxdata:distance>8096.00</gpxdata:distance>
     <gpxdata:speed>6.489</gpxdata:speed>
    </extensions>
   </trkpt>
   <trkpt lat="42.9834621" lon="16.6732013">
    <ele>67</ele>
    <time>2026-08-07T18:42:42Z</time>
    <extensions>
     <gpxdata:distance>8102.00</gpxdata:distance>
     <gpxdata:speed>6.417</gpxdata:speed>
    </extensions>
   </trkpt>
   <trkpt lat="42.9834678" lon="16.6731220">
    <ele>67</ele>
    <time>2026-08-07T18:42:43Z</time>
    <extensions>
     <gpxdata:distance>8108.00</gpxdata:distance>
     <gpxdata:speed>6.431</gpxdata:speed>
    </extensions>
   </trkpt>
   <trkpt lat="42.9834746" lon="16.6730411">
    <ele>67</ele>
    <time>2026-08-07T18:42:44Z</time>
    <extensions>
     <gpxdata:distance>8115.00</gpxdata:distance>
     <gpxdata:speed>6.511</gpxdata:speed>
    </extensions>
   </trkpt>
   <trkpt lat="42.9834826" lon="16.6729621">
    <ele>67</ele>
    <time>2026-08-07T18:42:45Z</time>
    <extensions>
     <gpxdata:distance>8122.00</gpxdata:distance>
     <gpxdata:speed>6.608</gpxdata:speed>
    </extensions>
   </trkpt>
   <trkpt lat="42.9834913" lon="16.6728935">
    <ele>67</ele>
    <time>2026-08-07T18:42:46Z</time>
    <extensions>
     <gpxdata:distance>8127.50</gpxdata:distance>
     <gpxdata:speed>6.464</gpxdata:speed>
    </extensions>
   </trkpt>
   <trkpt lat="42.9834970" lon="16.6728568">
    <ele>66</ele>
    <time>2026-08-07T18:42:47Z</time>
    <extensions>
     <gpxdata:distance>8133.00</gpxdata:distance>
     <gpxdata:speed>5.664</gpxdata:speed>
    </extensions>
   </trkpt>
   <trkpt lat="42.9835028" lon="16.6728246">
    <ele>66</ele>
    <time>2026-08-07T18:42:48Z</time>
    <extensions>
     <gpxdata:distance>8135.00</gpxdata:distance>
     <gpxdata:speed>5.500</gpxdata:speed>
    </extensions>
   </trkpt>
   <trkpt lat="42.9835055" lon="16.6728124">
    <ele>66</ele>
    <time>2026-08-07T18:42:49Z</time>
    <extensions>
     <gpxdata:distance>8137.00</gpxdata:distance>
     <gpxdata:speed>2.958</gpxdata:speed>
    </extensions>
   </trkpt>
   <trkpt lat="42.9835091" lon="16.6726503">
    <ele>65</ele>
    <time>2026-08-07T18:43:06Z</time>
    <extensions>
     <gpxdata:distance>8154.00</gpxdata:distance>
     <gpxdata:speed>3.081</gpxdata:speed>
    </extensions>
   </trkpt>
   <trkpt lat="42.9835152" lon="16.6725976">
    <ele>65</ele>
    <time>2026-08-07T18:43:07Z</time>
    <extensions>
     <gpxdata:distance>8154.00</gpxdata:distance>
     <gpxdata:speed>3.597</gpxdata:speed>
    </extensions>
   </trkpt>
   <trkpt lat="42.9835228" lon="16.6725417">
    <ele>65</ele>
    <time>2026-08-07T18:43:08Z</time>
    <extensions>
     <gpxdata:distance>8159.00</gpxdata:distance>
     <gpxdata:speed>4.125</gpxdata:speed>
    </extensions>
   </trkpt>
   <trkpt lat="42.9835312" lon="16.6724804">
    <ele>65</ele>
    <time>2026-08-07T18:43:09Z</time>
    <extensions>
     <gpxdata:distance>8164.00</gpxdata:distance>
     <gpxdata:speed>4.653</gpxdata:speed>
    </extensions>
   </trkpt>
   <trkpt lat="42.9835406" lon="16.6724144">
    <ele>65</ele>
    <time>2026-08-07T18:43:10Z</time>
    <extensions>
     <gpxdata:distance>8169.50</gpxdata:distance>
     <gpxdata:speed>5.117</gpxdata:speed>
    </extensions>
   </trkpt>
   <trkpt lat="42.9835505" lon="16.6723448">
    <ele>65</ele>
    <time>2026-08-07T18:43:11Z</time>
    <extensions>
     <gpxdata:distance>8175.00</gpxdata:distance>
     <gpxdata:speed>5.467</gpxdata:speed>
    </extensions>
   </trkpt>
   <trkpt lat="42.9835605" lon="16.6722721">
    <ele>65</ele>
    <time>2026-08-07T18:43:12Z</time>
    <extensions>
     <gpxdata:distance>8181.00</gpxdata:distance>
     <gpxdata:speed>5.736</gpxdata:speed>
    </extensions>
   </trkpt>
   <trkpt lat="42.9835697" lon="16.6721966">
    <ele>64</ele>
    <time>2026-08-07T18:43:13Z</time>
    <extensions>
     <gpxdata:distance>8187.00</gpxdata:distance>
     <gpxdata:speed>5.992</gpxdata:speed>
    </extensions>
   </trkpt>
   <trkpt lat="42.9835813" lon="16.6720929">
    <ele>64</ele>
    <time>2026-08-07T18:43:14Z</time>
    <extensions>
     <gpxdata:distance>8193.50</gpxdata:distance>
     <gpxdata:speed>6.197</gpxdata:speed>
    </extensions>
   </trkpt>
   <trkpt lat="42.9835914" lon="16.6720097">
    <ele>64</ele>
    <time>2026-08-07T18:43:15Z</time>
    <extensions>
     <gpxdata:distance>8200.00</gpxdata:distance>
     <gpxdata:speed>6.383</gpxdata:speed>
    </extensions>
   </trkpt>
   <trkpt lat="42.9836030" lon="16.6719289">
    <ele>64</ele>
    <time>2026-08-07T18:43:16Z</time>
    <extensions>
     <gpxdata:distance>8207.00</gpxdata:distance>
     <gpxdata:speed>6.542</gpxdata:speed>
    </extensions>
   </trkpt>
   <trkpt lat="42.9836154" lon="16.6718490">
    <ele>64</ele>
    <time>2026-08-07T18:43:17Z</time>
    <extensions>
     <gpxdata:distance>8214.00</gpxdata:distance>
     <gpxdata:speed>6.608</gpxdata:speed>
    </extensions>
   </trkpt>
   <trkpt lat="42.9836279" lon="16.6717698">
    <ele>64</ele>
    <time>2026-08-07T18:43:18Z</time>
    <extensions>
     <gpxdata:distance>8220.50</gpxdata:distance>
     <gpxdata:speed>6.597</gpxdata:speed>
    </extensions>
   </trkpt>
   <trkpt lat="42.9836395" lon="16.6716917">
    <ele>64</ele>
    <time>2026-08-07T18:43:19Z</time>
    <extensions>
     <gpxdata:distance>8227.00</gpxdata:distance>
     <gpxdata:speed>6.575</gpxdata:speed>
    </extensions>
   </trkpt>
   <trkpt lat="42.9836504" lon="16.6716142">
    <ele>64</ele>
    <time>2026-08-07T18:43:20Z</time>
    <extensions>
     <gpxdata:distance>8233.50</gpxdata:distance>
     <gpxdata:speed>6.550</gpxdata:speed>
    </extensions>
   </trkpt>
   <trkpt lat="42.9836617" lon="16.6715371">
    <ele>64</ele>
    <time>2026-08-07T18:43:21Z</time>
    <extensions>
     <gpxdata:distance>8240.00</gpxdata:distance>
     <gpxdata:speed>6.522</gpxdata:speed>
    </extensions>
   </trkpt>
   <trkpt lat="42.9836733" lon="16.6714600">
    <ele>63</ele>
    <time>2026-08-07T18:43:22Z</time>
    <extensions>
     <gpxdata:distance>8246.00</gpxdata:distance>
     <gpxdata:speed>6.494</gpxdata:speed>
    </extensions>
   </trkpt>
   <trkpt lat="42.9836857" lon="16.6713829">
    <ele>63</ele>
    <time>2026-08-07T18:43:23Z</time>
    <extensions>
     <gpxdata:distance>8252.00</gpxdata:distance>
     <gpxdata:speed>6.475</gpxdata:speed>
    </extensions>
   </trkpt>
   <trkpt lat="42.9836994" lon="16.6713060">
    <ele>63</ele>
    <time>2026-08-07T18:43:24Z</time>
    <extensions>
     <gpxdata:distance>8258.50</gpxdata:distance>
     <gpxdata:speed>6.467</gpxdata:speed>
    </extensions>
   </trkpt>
   <trkpt lat="42.9837131" lon="16.6712292">
    <ele>63</ele>
    <time>2026-08-07T18:43:25Z</time>
    <extensions>
     <gpxdata:distance>8265.00</gpxdata:distance>
     <gpxdata:speed>6.458</gpxdata:speed>
    </extensions>
   </trkpt>
   <trkpt lat="42.9837257" lon="16.6711523">
    <ele>63</ele>
    <time>2026-08-07T18:43:26Z</time>
    <extensions>
     <gpxdata:distance>8271.50</gpxdata:distance>
     <gpxdata:speed>6.447</gpxdata:speed>
    </extensions>
   </trkpt>
   <trkpt lat="42.9837377" lon="16.6710756">
    <ele>63</ele>
    <time>2026-08-07T18:43:27Z</time>
    <extensions>
     <gpxdata:distance>8278.00</gpxdata:distance>
     <gpxdata:speed>6.433</gpxdata:speed>
    </extensions>
   </trkpt>
   <trkpt lat="42.9837500" lon="16.6710002">
    <ele>63</ele>
    <time>2026-08-07T18:43:28Z</time>
    <extensions>
     <gpxdata:distance>8284.50</gpxdata:distance>
     <gpxdata:speed>6.417</gpxdata:speed>
    </extensions>
   </trkpt>
   <trkpt lat="42.9837637" lon="16.6709300">
    <ele>62</ele>
    <time>2026-08-07T18:43:29Z</time>
    <extensions>
     <gpxdata:distance>8291.00</gpxdata:distance>
     <gpxdata:speed>6.367</gpxdata:speed>
    </extensions>
   </trkpt>
   <trkpt lat="42.9837793" lon="16.6708696">
    <ele>62</ele>
    <time>2026-08-07T18:43:30Z</time>
    <extensions>
     <gpxdata:distance>8296.00</gpxdata:distance>
     <gpxdata:speed>6.189</gpxdata:speed>
    </extensions>
   </trkpt>
   <trkpt lat="42.9837909" lon="16.6708349">
    <ele>62</ele>
    <time>2026-08-07T18:43:31Z</time>
    <extensions>
     <gpxdata:distance>8301.00</gpxdata:distance>
     <gpxdata:speed>5.356</gpxdata:speed>
    </extensions>
   </trkpt>
   <trkpt lat="42.9838041" lon="16.6708028">
    <ele>62</ele>
    <time>2026-08-07T18:43:32Z</time>
    <extensions>
     <gpxdata:distance>8304.00</gpxdata:distance>
     <gpxdata:speed>4.461</gpxdata:speed>
    </extensions>
   </trkpt>
   <trkpt lat="42.9838140" lon="16.6707841">
    <ele>62</ele>
    <time>2026-08-07T18:43:33Z</time>
    <extensions>
     <gpxdata:distance>8307.00</gpxdata:distance>
     <gpxdata:speed>4.306</gpxdata:speed>
    </extensions>
   </trkpt>
   <trkpt lat="42.9838146" lon="16.6707831">
    <ele>62</ele>
    <time>2026-08-07T18:43:34Z</time>
    <extensions>
     <gpxdata:distance>8307.00</gpxdata:distance>
     <gpxdata:speed>1.886</gpxdata:speed>
    </extensions>
   </trkpt>
   <trkpt lat="42.9838152" lon="16.6707822">
    <ele>62</ele>
    <time>2026-08-07T18:43:35Z</time>
    <extensions>
     <gpxdata:distance>8307.00</gpxdata:distance>
     <gpxdata:speed>1.433</gpxdata:speed>
    </extensions>
   </trkpt>
   <trkpt lat="42.9838158" lon="16.6707813">
    <ele>61</ele>
    <time>2026-08-07T18:43:36Z</time>
    <extensions>
     <gpxdata:distance>8307.00</gpxdata:distance>
    </extensions>
   </trkpt>
   <trkpt lat="42.9838652" lon="16.6708673">
    <ele>61</ele>
    <time>2026-08-07T18:44:02Z</time>
    <extensions>
     <gpxdata:distance>8332.00</gpxdata:distance>
     <gpxdata:speed>1.358</gpxdata:speed>
    </extensions>
   </trkpt>
   <trkpt lat="42.9838771" lon="16.6708731">
    <ele>61</ele>
    <time>2026-08-07T18:44:03Z</time>
    <extensions>
     <gpxdata:distance>8332.00</gpxdata:distance>
     <gpxdata:speed>1.389</gpxdata:speed>
    </extensions>
   </trkpt>
   <trkpt lat="42.9838893" lon="16.6708783">
    <ele>61</ele>
    <time>2026-08-07T18:44:04Z</time>
    <extensions>
     <gpxdata:distance>8333.50</gpxdata:distance>
     <gpxdata:speed>1.433</gpxdata:speed>
    </extensions>
   </trkpt>
   <trkpt lat="42.9839014" lon="16.6708820">
    <ele>61</ele>
    <time>2026-08-07T18:44:05Z</time>
    <extensions>
     <gpxdata:distance>8335.00</gpxdata:distance>
     <gpxdata:speed>1.456</gpxdata:speed>
    </extensions>
   </trkpt>
   <trkpt lat="42.9839370" lon="16.6708882">
    <ele>61</ele>
    <time>2026-08-07T18:44:06Z</time>
    <extensions>
     <gpxdata:distance>8336.00</gpxdata:distance>
     <gpxdata:speed>1.422</gpxdata:speed>
    </extensions>
   </trkpt>
  </trkseg>
 </trk>
</gpx>
