<?xml version="1.0" encoding="UTF-8"?>
<gpx xmlns="http://www.topografix.com/GPX/1/1" xmlns:gpxdata="http://www.cluetrust.com/XML/GPXDATA/1/0" xmlns:xsi="http://www.w3.org/2001/XMLSchema-instance" xsi:schemaLocation="http://www.topografix.com/GPX/1/1 https://www.topografix.com/GPX/1/1/gpx.xsd http://www.cluetrust.com/XML/GPXDATA/1/0 https://www.cluetrust.com/Schemas/gpxdata10.xsd" creator="COROS Wearables" version="1.1">
 <metadata>
  <link href="https://www.coros.com">
   <text>COROS</text>
  </link>
  <time>2026-05-31T17:33:30Z</time>
 </metadata>
 <trk>
  <name>Tours Gravel</name>
  <type>Other</type>
  <trkseg>
   <trkpt lat="47.3651732" lon="0.6596097">
    <ele>45</ele>
    <time>2026-05-31T17:34:38Z</time>
    <extensions>
     <gpxdata:distance>13.00</gpxdata:distance>
     <gpxdata:speed>1.739</gpxdata:speed>
    </extensions>
   </trkpt>
   <trkpt lat="47.3651573" lon="0.6596093">
    <ele>45</ele>
    <time>2026-05-31T17:34:39Z</time>
    <extensions>
     <gpxdata:distance>13.00</gpxdata:distance>
     <gpxdata:speed>1.969</gpxdata:speed>
    </extensions>
   </trkpt>
   <trkpt lat="47.3651395" lon="0.6596098">
    <ele>45</ele>
    <time>2026-05-31T17:34:40Z</time>
    <extensions>
     <gpxdata:distance>15.50</gpxdata:distance>
     <gpxdata:speed>2.178</gpxdata:speed>
    </extensions>
   </trkpt>
   <trkpt lat="47.3651130" lon="0.6596121">
    <ele>45</ele>
    <time>2026-05-31T17:34:41Z</time>
    <extensions>
     <gpxdata:distance>18.00</gpxdata:distance>
     <gpxdata:speed>2.339</gpxdata:speed>
    </extensions>
   </trkpt>
   <trkpt lat="47.3650896" lon="0.6596161">
    <ele>45</ele>
    <time>2026-05-31T17:34:42Z</time>
    <extensions>
     <gpxdata:distance>20.50</gpxdata:distance>
     <gpxdata:speed>2.447</gpxdata:speed>
    </extensions>
   </trkpt>
   <trkpt lat="47.3650677" lon="0.6596222">
    <ele>45</ele>
    <time>2026-05-31T17:34:43Z</time>
    <extensions>
     <gpxdata:distance>23.00</gpxdata:distance>
     <gpxdata:speed>2.483</gpxdata:speed>
    </extensions>
   </trkpt>
   <trkpt lat="47.3650472" lon="0.6596305">
    <ele>45</ele>
    <time>2026-05-31T17:34:44Z</time>
    <extensions>
     <gpxdata:distance>25.00</gpxdata:distance>
     <gpxdata:speed>2.453</gpxdata:speed>
    </extensions>
   </trkpt>
   <trkpt lat="47.3650278" lon="0.6596410">
    <ele>45</ele>
    <time>2026-05-31T17:34:45Z</time>
    <extensions>
     <gpxdata:distance>27.00</gpxdata:distance>
     <gpxdata:speed>2.433</gpxdata:speed>
    </extensions>
   </trkpt>
   <trkpt lat="47.3650098" lon="0.6596532">
    <ele>45</ele>
    <time>2026-05-31T17:34:46Z</time>
    <extensions>
     <gpxdata:distance>29.00</gpxdata:distance>
     <gpxdata:speed>2.397</gpxdata:speed>
    </extensions>
   </trkpt>
   <trkpt lat="47.3649933" lon="0.6596657">
    <ele>46</ele>
    <time>2026-05-31T17:34:47Z</time>
    <extensions>
     <gpxdata:distance>31.00</gpxdata:distance>
     <gpxdata:speed>2.314</gpxdata:speed>
    </extensions>
   </trkpt>
   <trkpt lat="47.3649781" lon="0.6596761">
    <ele>46</ele>
    <time>2026-05-31T17:34:48Z</time>
    <extensions>
     <gpxdata:distance>32.50</gpxdata:distance>
     <gpxdata:speed>2.208</gpxdata:speed>
    </extensions>
   </trkpt>
   <trkpt lat="47.3649634" lon="0.6596842">
    <ele>46</ele>
    <time>2026-05-31T17:34:49Z</time>
    <extensions>
     <gpxdata:distance>34.00</gpxdata:distance>
     <gpxdata:speed>2.122</gpxdata:speed>
    </extensions>
   </trkpt>
   <trkpt lat="47.3649497" lon="0.6596912">
    <ele>46</ele>
    <time>2026-05-31T17:34:50Z</time>
    <extensions>
     <gpxdata:distance>35.00</gpxdata:distance>
     <gpxdata:speed>1.564</gpxdata:speed>
    </extensions>
   </trkpt>
   <trkpt lat="47.3649418" lon="0.6596972">
    <ele>46</ele>
    <time>2026-05-31T17:34:51Z</time>
    <extensions>
     <gpxdata:distance>36.00</gpxdata:distance>
     <gpxdata:speed>1.325</gpxdata:speed>
    </extensions>
   </trkpt>
   <trkpt lat="47.3649341" lon="0.6597066">
    <ele>46</ele>
    <time>2026-05-31T17:34:52Z</time>
    <extensions>
     <gpxdata:distance>37.50</gpxdata:distance>
     <gpxdata:speed>1.350</gpxdata:speed>
    </extensions>
   </trkpt>
   <trkpt lat="47.3649262" lon="0.6597194">
    <ele>46</ele>
    <time>2026-05-31T17:34:53Z</time>
    <extensions>
     <gpxdata:distance>39.00</gpxdata:distance>
     <gpxdata:speed>1.439</gpxdata:speed>
    </extensions>
   </trkpt>
   <trkpt lat="47.3649178" lon="0.6597356">
    <ele>46</ele>
    <time>2026-05-31T17:34:54Z</time>
    <extensions>
     <gpxdata:distance>41.50</gpxdata:distance>
     <gpxdata:speed>1.597</gpxdata:speed>
    </extensions>
   </trkpt>
   <trkpt lat="47.3649087" lon="0.6597551">
    <ele>46</ele>
    <time>2026-05-31T17:34:55Z</time>
    <extensions>
     <gpxdata:distance>44.00</gpxdata:distance>
     <gpxdata:speed>1.797</gpxdata:speed>
    </extensions>
   </trkpt>
   <trkpt lat="47.3648990" lon="0.6597777">
    <ele>46</ele>
    <time>2026-05-31T17:34:56Z</time>
    <extensions>
     <gpxdata:distance>46.50</gpxdata:distance>
     <gpxdata:speed>2.000</gpxdata:speed>
    </extensions>
   </trkpt>
   <trkpt lat="47.3648860" lon="0.6598133">
    <ele>46</ele>
    <time>2026-05-31T17:34:57Z</time>
    <extensions>
     <gpxdata:distance>49.00</gpxdata:distance>
     <gpxdata:speed>2.500</gpxdata:speed>
    </extensions>
   </trkpt>
   <trkpt lat="47.3648760" lon="0.6598480">
    <ele>46</ele>
    <time>2026-05-31T17:34:58Z</time>
    <extensions>
     <gpxdata:distance>52.00</gpxdata:distance>
     <gpxdata:speed>2.800</gpxdata:speed>
    </extensions>
   </trkpt>
   <trkpt lat="47.3648675" lon="0.6598845">
    <ele>46</ele>
    <time>2026-05-31T17:34:59Z</time>
    <extensions>
     <gpxdata:distance>55.00</gpxdata:distance>
     <gpxdata:speed>3.003</gpxdata:speed>
    </extensions>
   </trkpt>
   <trkpt lat="47.3648545" lon="0.6599471">
    <ele>46</ele>
    <time>2026-05-31T17:35:00Z</time>
    <extensions>
     <gpxdata:distance>58.50</gpxdata:distance>
     <gpxdata:speed>3.183</gpxdata:speed>
    </extensions>
   </trkpt>
   <trkpt lat="47.3648442" lon="0.6599932">
    <ele>46</ele>
    <time>2026-05-31T17:35:01Z</time>
    <extensions>
     <gpxdata:distance>62.00</gpxdata:distance>
     <gpxdata:speed>3.358</gpxdata:speed>
    </extensions>
   </trkpt>
   <trkpt lat="47.3648331" lon="0.6600374">
    <ele>46</ele>
    <time>2026-05-31T17:35:02Z</time>
    <extensions>
     <gpxdata:distance>66.00</gpxdata:distance>
     <gpxdata:speed>3.514</gpxdata:speed>
    </extensions>
   </trkpt>
   <trkpt lat="47.3648205" lon="0.6600826">
    <ele>46</ele>
    <time>2026-05-31T17:35:03Z</time>
    <extensions>
     <gpxdata:distance>70.00</gpxdata:distance>
     <gpxdata:speed>3.697</gpxdata:speed>
    </extensions>
   </trkpt>
   <trkpt lat="47.3648062" lon="0.6601281">
    <ele>46</ele>
    <time>2026-05-31T17:35:04Z</time>
    <extensions>
     <gpxdata:distance>73.50</gpxdata:distance>
     <gpxdata:speed>3.769</gpxdata:speed>
    </extensions>
   </trkpt>
   <trkpt lat="47.3647907" lon="0.6601725">
    <ele>46</ele>
    <time>2026-05-31T17:35:05Z</time>
    <extensions>
     <gpxdata:distance>77.00</gpxdata:distance>
     <gpxdata:speed>3.731</gpxdata:speed>
    </extensions>
   </trkpt>
   <trkpt lat="47.3647748" lon="0.6602152">
    <ele>46</ele>
    <time>2026-05-31T17:35:06Z</time>
    <extensions>
     <gpxdata:distance>80.50</gpxdata:distance>
     <gpxdata:speed>3.703</gpxdata:speed>
    </extensions>
   </trkpt>
   <trkpt lat="47.3647597" lon="0.6602570">
    <ele>46</ele>
    <time>2026-05-31T17:35:07Z</time>
    <extensions>
     <gpxdata:distance>84.00</gpxdata:distance>
     <gpxdata:speed>3.644</gpxdata:speed>
    </extensions>
   </trkpt>
   <trkpt lat="47.3647459" lon="0.6602974">
    <ele>46</ele>
    <time>2026-05-31T17:35:08Z</time>
    <extensions>
     <gpxdata:distance>87.50</gpxdata:distance>
     <gpxdata:speed>3.542</gpxdata:speed>
    </extensions>
   </trkpt>
   <trkpt lat="47.3647325" lon="0.6603363">
    <ele>46</ele>
    <time>2026-05-31T17:35:09Z</time>
    <extensions>
     <gpxdata:distance>91.00</gpxdata:distance>
     <gpxdata:speed>3.439</gpxdata:speed>
    </extensions>
   </trkpt>
   <trkpt lat="47.3647188" lon="0.6603732">
    <ele>46</ele>
    <time>2026-05-31T17:35:10Z</time>
    <extensions>
     <gpxdata:distance>94.00</gpxdata:distance>
     <gpxdata:speed>3.333</gpxdata:speed>
    </extensions>
   </trkpt>
   <trkpt lat="47.3647052" lon="0.6604090">
    <ele>46</ele>
    <time>2026-05-31T17:35:11Z</time>
    <extensions>
     <gpxdata:distance>97.00</gpxdata:distance>
     <gpxdata:speed>3.239</gpxdata:speed>
    </extensions>
   </trkpt>
   <trkpt lat="47.3646932" lon="0.6604454">
    <ele>46</ele>
    <time>2026-05-31T17:35:12Z</time>
    <extensions>
     <gpxdata:distance>100.00</gpxdata:distance>
     <gpxdata:speed>3.178</gpxdata:speed>
    </extensions>
   </trkpt>
   <trkpt lat="47.3646848" lon="0.6604831">
    <ele>46</ele>
    <time>2026-05-31T17:35:13Z</time>
    <extensions>
     <gpxdata:distance>103.00</gpxdata:distance>
     <gpxdata:speed>3.114</gpxdata:speed>
    </extensions>
   </trkpt>
   <trkpt lat="47.3646819" lon="0.6605211">
    <ele>46</ele>
    <time>2026-05-31T17:35:14Z</time>
    <extensions>
     <gpxdata:distance>105.50</gpxdata:distance>
     <gpxdata:speed>2.967</gpxdata:speed>
    </extensions>
   </trkpt>
   <trkpt lat="47.3646833" lon="0.6605412">
    <ele>46</ele>
    <time>2026-05-31T17:35:15Z</time>
    <extensions>
     <gpxdata:distance>108.00</gpxdata:distance>
     <gpxdata:speed>2.731</gpxdata:speed>
    </extensions>
   </trkpt>
   <trkpt lat="47.3646892" lon="0.6605653">
    <ele>46</ele>
    <time>2026-05-31T17:35:16Z</time>
    <extensions>
     <gpxdata:distance>110.00</gpxdata:distance>
     <gpxdata:speed>2.511</gpxdata:speed>
    </extensions>
   </trkpt>
   <trkpt lat="47.3646990" lon="0.6605888">
    <ele>46</ele>
    <time>2026-05-31T17:35:17Z</time>
    <extensions>
     <gpxdata:distance>112.00</gpxdata:distance>
     <gpxdata:speed>2.342</gpxdata:speed>
    </extensions>
   </trkpt>
   <trkpt lat="47.3647093" lon="0.6606139">
    <ele>46</ele>
    <time>2026-05-31T17:35:18Z</time>
    <extensions>
     <gpxdata:distance>114.50</gpxdata:distance>
     <gpxdata:speed>2.394</gpxdata:speed>
    </extensions>
   </trkpt>
   <trkpt lat="47.3647175" lon="0.6606431">
    <ele>46</ele>
    <time>2026-05-31T17:35:19Z</time>
    <extensions>
     <gpxdata:distance>117.00</gpxdata:distance>
     <gpxdata:speed>2.608</gpxdata:speed>
    </extensions>
   </trkpt>
   <trkpt lat="47.3647230" lon="0.6606765">
    <ele>46</ele>
    <time>2026-05-31T17:35:20Z</time>
    <extensions>
     <gpxdata:distance>120.00</gpxdata:distance>
     <gpxdata:speed>2.775</gpxdata:speed>
    </extensions>
   </trkpt>
   <trkpt lat="47.3647258" lon="0.6607131">
    <ele>46</ele>
    <time>2026-05-31T17:35:21Z</time>
    <extensions>
     <gpxdata:distance>123.00</gpxdata:distance>
     <gpxdata:speed>2.867</gpxdata:speed>
    </extensions>
   </trkpt>
   <trkpt lat="47.3647258" lon="0.6607514">
    <ele>46</ele>
    <time>2026-05-31T17:35:22Z</time>
    <extensions>
     <gpxdata:distance>126.00</gpxdata:distance>
     <gpxdata:speed>2.936</gpxdata:speed>
    </extensions>
   </trkpt>
   <trkpt lat="47.3647230" lon="0.6607901">
    <ele>46</ele>
    <time>2026-05-31T17:35:23Z</time>
    <extensions>
     <gpxdata:distance>129.00</gpxdata:distance>
     <gpxdata:speed>2.972</gpxdata:speed>
    </extensions>
   </trkpt>
   <trkpt lat="47.3647179" lon="0.6608280">
    <ele>46</ele>
    <time>2026-05-31T17:35:24Z</time>
    <extensions>
     <gpxdata:distance>132.00</gpxdata:distance>
     <gpxdata:speed>2.958</gpxdata:speed>
    </extensions>
   </trkpt>
   <trkpt lat="47.3647108" lon="0.6608643">
    <ele>46</ele>
    <time>2026-05-31T17:35:25Z</time>
    <extensions>
     <gpxdata:distance>135.00</gpxdata:distance>
     <gpxdata:speed>2.914</gpxdata:speed>
    </extensions>
   </trkpt>
   <trkpt lat="47.3647021" lon="0.6608992">
    <ele>46</ele>
    <time>2026-05-31T17:35:26Z</time>
    <extensions>
     <gpxdata:distance>137.50</gpxdata:distance>
     <gpxdata:speed>2.878</gpxdata:speed>
    </extensions>
   </trkpt>
   <trkpt lat="47.3646916" lon="0.6609332">
    <ele>46</ele>
    <time>2026-05-31T17:35:27Z</time>
    <extensions>
     <gpxdata:distance>140.00</gpxdata:distance>
     <gpxdata:speed>2.881</gpxdata:speed>
    </extensions>
   </trkpt>
   <trkpt lat="47.3646799" lon="0.6609661">
    <ele>46</ele>
    <time>2026-05-31T17:35:28Z</time>
    <extensions>
     <gpxdata:distance>143.00</gpxdata:distance>
     <gpxdata:speed>2.867</gpxdata:speed>
    </extensions>
   </trkpt>
   <trkpt lat="47.3646674" lon="0.6609980">
    <ele>45</ele>
    <time>2026-05-31T17:35:29Z</time>
    <extensions>
     <gpxdata:distance>146.00</gpxdata:distance>
     <gpxdata:speed>2.831</gpxdata:speed>
    </extensions>
   </trkpt>
   <trkpt lat="47.3646544" lon="0.6610291">
    <ele>45</ele>
    <time>2026-05-31T17:35:30Z</time>
    <extensions>
     <gpxdata:distance>148.50</gpxdata:distance>
     <gpxdata:speed>2.797</gpxdata:speed>
    </extensions>
   </trkpt>
   <trkpt lat="47.3646408" lon="0.6610596">
    <ele>45</ele>
    <time>2026-05-31T17:35:31Z</time>
    <extensions>
     <gpxdata:distance>151.00</gpxdata:distance>
     <gpxdata:speed>2.772</gpxdata:speed>
    </extensions>
   </trkpt>
   <trkpt lat="47.3646273" lon="0.6610897">
    <ele>45</ele>
    <time>2026-05-31T17:35:32Z</time>
    <extensions>
     <gpxdata:distance>154.00</gpxdata:distance>
     <gpxdata:speed>2.744</gpxdata:speed>
    </extensions>
   </trkpt>
   <trkpt lat="47.3646146" lon="0.6611198">
    <ele>45</ele>
    <time>2026-05-31T17:35:33Z</time>
    <extensions>
     <gpxdata:distance>157.00</gpxdata:distance>
     <gpxdata:speed>2.694</gpxdata:speed>
    </extensions>
   </trkpt>
   <trkpt lat="47.3646025" lon="0.6611493">
    <ele>45</ele>
    <time>2026-05-31T17:35:34Z</time>
    <extensions>
     <gpxdata:distance>159.50</gpxdata:distance>
     <gpxdata:speed>2.633</gpxdata:speed>
    </extensions>
   </trkpt>
   <trkpt lat="47.3645910" lon="0.6611785">
    <ele>46</ele>
    <time>2026-05-31T17:35:35Z</time>
    <extensions>
     <gpxdata:distance>162.00</gpxdata:distance>
     <gpxdata:speed>2.581</gpxdata:speed>
    </extensions>
   </trkpt>
   <trkpt lat="47.3645800" lon="0.6612070">
    <ele>46</ele>
    <time>2026-05-31T17:35:36Z</time>
    <extensions>
     <gpxdata:distance>164.00</gpxdata:distance>
     <gpxdata:speed>2.514</gpxdata:speed>
    </extensions>
   </trkpt>
   <trkpt lat="47.3645694" lon="0.6612342">
    <ele>46</ele>
    <time>2026-05-31T17:35:37Z</time>
    <extensions>
     <gpxdata:distance>166.00</gpxdata:distance>
     <gpxdata:speed>2.411</gpxdata:speed>
    </extensions>
   </trkpt>
   <trkpt lat="47.3645588" lon="0.6612596">
    <ele>46</ele>
    <time>2026-05-31T17:35:38Z</time>
    <extensions>
     <gpxdata:distance>168.00</gpxdata:distance>
     <gpxdata:speed>2.306</gpxdata:speed>
    </extensions>
   </trkpt>
   <trkpt lat="47.3645479" lon="0.6612840">
    <ele>46</ele>
    <time>2026-05-31T17:35:39Z</time>
    <extensions>
     <gpxdata:distance>170.00</gpxdata:distance>
     <gpxdata:speed>2.222</gpxdata:speed>
    </extensions>
   </trkpt>
   <trkpt lat="47.3645368" lon="0.6613082">
    <ele>46</ele>
    <time>2026-05-31T17:35:40Z</time>
    <extensions>
     <gpxdata:distance>172.50</gpxdata:distance>
     <gpxdata:speed>2.208</gpxdata:speed>
    </extensions>
   </trkpt>
   <trkpt lat="47.3645254" lon="0.6613324">
    <ele>46</ele>
    <time>2026-05-31T17:35:41Z</time>
    <extensions>
     <gpxdata:distance>175.00</gpxdata:distance>
     <gpxdata:speed>2.219</gpxdata:speed>
    </extensions>
   </trkpt>
   <trkpt lat="47.3645139" lon="0.6613565">
    <ele>46</ele>
    <time>2026-05-31T17:35:42Z</time>
    <extensions>
     <gpxdata:distance>177.00</gpxdata:distance>
     <gpxdata:speed>2.211</gpxdata:speed>
    </extensions>
   </trkpt>
   <trkpt lat="47.3645028" lon="0.6613815">
    <ele>46</ele>
    <time>2026-05-31T17:35:43Z</time>
    <extensions>
     <gpxdata:distance>179.00</gpxdata:distance>
     <gpxdata:speed>2.236</gpxdata:speed>
    </extensions>
   </trkpt>
   <trkpt lat="47.3644929" lon="0.6614073">
    <ele>46</ele>
    <time>2026-05-31T17:35:44Z</time>
    <extensions>
     <gpxdata:distance>181.50</gpxdata:distance>
     <gpxdata:speed>2.231</gpxdata:speed>
    </extensions>
   </trkpt>
   <trkpt lat="47.3644838" lon="0.6614331">
    <ele>46</ele>
    <time>2026-05-31T17:35:45Z</time>
    <extensions>
     <gpxdata:distance>184.00</gpxdata:distance>
     <gpxdata:speed>2.197</gpxdata:speed>
    </extensions>
   </trkpt>
   <trkpt lat="47.3644755" lon="0.6614587">
    <ele>46</ele>
    <time>2026-05-31T17:35:46Z</time>
    <extensions>
     <gpxdata:distance>186.00</gpxdata:distance>
     <gpxdata:speed>2.158</gpxdata:speed>
    </extensions>
   </trkpt>
   <trkpt lat="47.3644681" lon="0.6614843">
    <ele>46</ele>
    <time>2026-05-31T17:35:47Z</time>
    <extensions>
     <gpxdata:distance>188.00</gpxdata:distance>
     <gpxdata:speed>2.119</gpxdata:speed>
    </extensions>
   </trkpt>
   <trkpt lat="47.3644612" lon="0.6615095">
    <ele>46</ele>
    <time>2026-05-31T17:35:48Z</time>
    <extensions>
     <gpxdata:distance>190.00</gpxdata:distance>
     <gpxdata:speed>2.075</gpxdata:speed>
    </extensions>
   </trkpt>
   <trkpt lat="47.3644543" lon="0.6615341">
    <ele>46</ele>
    <time>2026-05-31T17:35:49Z</time>
    <extensions>
     <gpxdata:distance>192.00</gpxdata:distance>
     <gpxdata:speed>2.033</gpxdata:speed>
    </extensions>
   </trkpt>
   <trkpt lat="47.3644476" lon="0.6615584">
    <ele>46</ele>
    <time>2026-05-31T17:35:50Z</time>
    <extensions>
     <gpxdata:distance>193.50</gpxdata:distance>
     <gpxdata:speed>2.000</gpxdata:speed>
    </extensions>
   </trkpt>
   <trkpt lat="47.3644410" lon="0.6615825">
    <ele>46</ele>
    <time>2026-05-31T17:35:51Z</time>
    <extensions>
     <gpxdata:distance>195.00</gpxdata:distance>
     <gpxdata:speed>1.975</gpxdata:speed>
    </extensions>
   </trkpt>
   <trkpt lat="47.3644360" lon="0.6615996">
    <ele>46</ele>
    <time>2026-05-31T17:35:52Z</time>
    <extensions>
     <gpxdata:distance>197.00</gpxdata:distance>
     <gpxdata:speed>1.961</gpxdata:speed>
    </extensions>
   </trkpt>
   <trkpt lat="47.3644300" lon="0.6616199">
    <ele>46</ele>
    <time>2026-05-31T17:35:53Z</time>
    <extensions>
     <gpxdata:distance>199.00</gpxdata:distance>
     <gpxdata:speed>1.958</gpxdata:speed>
    </extensions>
   </trkpt>
   <trkpt lat="47.3644239" lon="0.6616423">
    <ele>46</ele>
    <time>2026-05-31T17:35:54Z</time>
    <extensions>
     <gpxdata:distance>201.00</gpxdata:distance>
     <gpxdata:speed>1.969</gpxdata:speed>
    </extensions>
   </trkpt>
   <trkpt lat="47.3644182" lon="0.6616663">
    <ele>46</ele>
    <time>2026-05-31T17:35:55Z</time>
    <extensions>
     <gpxdata:distance>203.00</gpxdata:distance>
     <gpxdata:speed>1.986</gpxdata:speed>
    </extensions>
   </trkpt>
   <trkpt lat="47.3644125" lon="0.6616911">
    <ele>46</ele>
    <time>2026-05-31T17:35:56Z</time>
    <extensions>
     <gpxdata:distance>205.50</gpxdata:distance>
     <gpxdata:speed>2.017</gpxdata:speed>
    </extensions>
   </trkpt>
   <trkpt lat="47.3644043" lon="0.6617262">
    <ele>46</ele>
    <time>2026-05-31T17:35:57Z</time>
    <extensions>
     <gpxdata:distance>208.00</gpxdata:distance>
     <gpxdata:speed>2.069</gpxdata:speed>
    </extensions>
   </trkpt>
   <trkpt lat="47.3643974" lon="0.6617566">
    <ele>46</ele>
    <time>2026-05-31T17:35:58Z</time>
    <extensions>
     <gpxdata:distance>210.00</gpxdata:distance>
     <gpxdata:speed>2.119</gpxdata:speed>
    </extensions>
   </trkpt>
   <trkpt lat="47.3643919" lon="0.6617861">
    <ele>46</ele>
    <time>2026-05-31T17:35:59Z</time>
    <extensions>
     <gpxdata:distance>212.00</gpxdata:distance>
     <gpxdata:speed>2.175</gpxdata:speed>
    </extensions>
   </trkpt>
   <trkpt lat="47.3643873" lon="0.6618165">
    <ele>46</ele>
    <time>2026-05-31T17:36:00Z</time>
    <extensions>
     <gpxdata:distance>214.50</gpxdata:distance>
     <gpxdata:speed>2.264</gpxdata:speed>
    </extensions>
   </trkpt>
   <trkpt lat="47.3643828" lon="0.6618475">
    <ele>46</ele>
    <time>2026-05-31T17:36:01Z</time>
    <extensions>
     <gpxdata:distance>217.00</gpxdata:distance>
     <gpxdata:speed>2.339</gpxdata:speed>
    </extensions>
   </trkpt>
   <trkpt lat="47.3643772" lon="0.6618786">
    <ele>46</ele>
    <time>2026-05-31T17:36:02Z</time>
    <extensions>
     <gpxdata:distance>219.50</gpxdata:distance>
     <gpxdata:speed>2.394</gpxdata:speed>
    </extensions>
   </trkpt>
   <trkpt lat="47.3643707" lon="0.6619092">
    <ele>46</ele>
    <time>2026-05-31T17:36:03Z</time>
    <extensions>
     <gpxdata:distance>222.00</gpxdata:distance>
     <gpxdata:speed>2.406</gpxdata:speed>
    </extensions>
   </trkpt>
   <trkpt lat="47.3643637" lon="0.6619389">
    <ele>46</ele>
    <time>2026-05-31T17:36:04Z</time>
    <extensions>
     <gpxdata:distance>224.50</gpxdata:distance>
     <gpxdata:speed>2.389</gpxdata:speed>
    </extensions>
   </trkpt>
   <trkpt lat="47.3643560" lon="0.6619679">
    <ele>46</ele>
    <time>2026-05-31T17:36:05Z</time>
    <extensions>
     <gpxdata:distance>227.00</gpxdata:distance>
     <gpxdata:speed>2.369</gpxdata:speed>
    </extensions>
   </trkpt>
   <trkpt lat="47.3643485" lon="0.6619963">
    <ele>46</ele>
    <time>2026-05-31T17:36:06Z</time>
    <extensions>
     <gpxdata:distance>229.00</gpxdata:distance>
     <gpxdata:speed>2.331</gpxdata:speed>
    </extensions>
   </trkpt>
   <trkpt lat="47.3643416" lon="0.6620240">
    <ele>46</ele>
    <time>2026-05-31T17:36:07Z</time>
    <extensions>
     <gpxdata:distance>231.00</gpxdata:distance>
     <gpxdata:speed>2.272</gpxdata:speed>
    </extensions>
   </trkpt>
   <trkpt lat="47.3643349" lon="0.6620507">
    <ele>46</ele>
    <time>2026-05-31T17:36:08Z</time>
    <extensions>
     <gpxdata:distance>233.00</gpxdata:distance>
     <gpxdata:speed>2.200</gpxdata:speed>
    </extensions>
   </trkpt>
   <trkpt lat="47.3643281" lon="0.6620763">
    <ele>46</ele>
    <time>2026-05-31T17:36:09Z</time>
    <extensions>
     <gpxdata:distance>235.00</gpxdata:distance>
     <gpxdata:speed>2.128</gpxdata:speed>
    </extensions>
   </trkpt>
   <trkpt lat="47.3643215" lon="0.6621009">
    <ele>46</ele>
    <time>2026-05-31T17:36:10Z</time>
    <extensions>
     <gpxdata:distance>237.00</gpxdata:distance>
     <gpxdata:speed>2.053</gpxdata:speed>
    </extensions>
   </trkpt>
   <trkpt lat="47.3643149" lon="0.6621250">
    <ele>46</ele>
    <time>2026-05-31T17:36:11Z</time>
    <extensions>
     <gpxdata:distance>239.00</gpxdata:distance>
     <gpxdata:speed>1.997</gpxdata:speed>
    </extensions>
   </trkpt>
   <trkpt lat="47.3643102" lon="0.6621419">
    <ele>46</ele>
    <time>2026-05-31T17:36:12Z</time>
    <extensions>
     <gpxdata:distance>240.50</gpxdata:distance>
     <gpxdata:speed>1.947</gpxdata:speed>
    </extensions>
   </trkpt>
   <trkpt lat="47.3643045" lon="0.6621615">
    <ele>46</ele>
    <time>2026-05-31T17:36:13Z</time>
    <extensions>
     <gpxdata:distance>242.00</gpxdata:distance>
     <gpxdata:speed>1.911</gpxdata:speed>
    </extensions>
   </trkpt>
   <trkpt lat="47.3642981" lon="0.6621824">
    <ele>46</ele>
    <time>2026-05-31T17:36:14Z</time>
    <extensions>
     <gpxdata:distance>244.00</gpxdata:distance>
     <gpxdata:speed>1.872</gpxdata:speed>
    </extensions>
   </trkpt>
   <trkpt lat="47.3642911" lon="0.6622036">
    <ele>46</ele>
    <time>2026-05-31T17:36:15Z</time>
    <extensions>
     <gpxdata:distance>246.00</gpxdata:distance>
     <gpxdata:speed>1.853</gpxdata:speed>
    </extensions>
   </trkpt>
   <trkpt lat="47.3642837" lon="0.6622251">
    <ele>46</ele>
    <time>2026-05-31T17:36:16Z</time>
    <extensions>
     <gpxdata:distance>248.00</gpxdata:distance>
     <gpxdata:speed>1.847</gpxdata:speed>
    </extensions>
   </trkpt>
   <trkpt lat="47.3642759" lon="0.6622473">
    <ele>46</ele>
    <time>2026-05-31T17:36:17Z</time>
    <extensions>
     <gpxdata:distance>250.00</gpxdata:distance>
     <gpxdata:speed>1.886</gpxdata:speed>
    </extensions>
   </trkpt>
   <trkpt lat="47.3642677" lon="0.6622703">
    <ele>46</ele>
    <time>2026-05-31T17:36:18Z</time>
    <extensions>
     <gpxdata:distance>252.00</gpxdata:distance>
     <gpxdata:speed>1.950</gpxdata:speed>
    </extensions>
   </trkpt>
   <trkpt lat="47.3642593" lon="0.6622941">
    <ele>46</ele>
    <time>2026-05-31T17:36:19Z</time>
    <extensions>
     <gpxdata:distance>254.00</gpxdata:distance>
     <gpxdata:speed>2.008</gpxdata:speed>
    </extensions>
   </trkpt>
   <trkpt lat="47.3642477" lon="0.6623278">
    <ele>46</ele>
    <time>2026-05-31T17:36:20Z</time>
    <extensions>
     <gpxdata:distance>256.50</gpxdata:distance>
     <gpxdata:speed>2.081</gpxdata:speed>
    </extensions>
   </trkpt>
   <trkpt lat="47.3642383" lon="0.6623571">
    <ele>46</ele>
    <time>2026-05-31T17:36:21Z</time>
    <extensions>
     <gpxdata:distance>259.00</gpxdata:distance>
     <gpxdata:speed>2.139</gpxdata:speed>
    </extensions>
   </trkpt>
   <trkpt lat="47.3642300" lon="0.6623849">
    <ele>46</ele>
    <time>2026-05-31T17:36:22Z</time>
    <extensions>
     <gpxdata:distance>261.00</gpxdata:distance>
     <gpxdata:speed>2.164</gpxdata:speed>
    </extensions>
   </trkpt>
   <trkpt lat="47.3642231" lon="0.6624122">
    <ele>46</ele>
    <time>2026-05-31T17:36:23Z</time>
    <extensions>
     <gpxdata:distance>263.00</gpxdata:distance>
     <gpxdata:speed>2.164</gpxdata:speed>
    </extensions>
   </trkpt>
   <trkpt lat="47.3642174" lon="0.6624398">
    <ele>46</ele>
    <time>2026-05-31T17:36:24Z</time>
    <extensions>
     <gpxdata:distance>265.00</gpxdata:distance>
     <gpxdata:speed>2.172</gpxdata:speed>
    </extensions>
   </trkpt>
   <trkpt lat="47.3642127" lon="0.6624674">
    <ele>46</ele>
    <time>2026-05-31T17:36:25Z</time>
    <extensions>
     <gpxdata:distance>267.00</gpxdata:distance>
     <gpxdata:speed>2.164</gpxdata:speed>
    </extensions>
   </trkpt>
   <trkpt lat="47.3642081" lon="0.6624947">
    <ele>46</ele>
    <time>2026-05-31T17:36:26Z</time>
    <extensions>
     <gpxdata:distance>269.50</gpxdata:distance>
     <gpxdata:speed>2.139</gpxdata:speed>
    </extensions>
   </trkpt>
   <trkpt lat="47.3642034" lon="0.6625221">
    <ele>46</ele>
    <time>2026-05-31T17:36:27Z</time>
    <extensions>
     <gpxdata:distance>272.00</gpxdata:distance>
     <gpxdata:speed>2.142</gpxdata:speed>
    </extensions>
   </trkpt>
   <trkpt lat="47.3641989" lon="0.6625497">
    <ele>46</ele>
    <time>2026-05-31T17:36:28Z</time>
    <extensions>
     <gpxdata:distance>274.00</gpxdata:distance>
     <gpxdata:speed>2.144</gpxdata:speed>
    </extensions>
   </trkpt>
   <trkpt lat="47.3641949" lon="0.6625780">
    <ele>46</ele>
    <time>2026-05-31T17:36:29Z</time>
    <extensions>
     <gpxdata:distance>276.00</gpxdata:distance>
     <gpxdata:speed>2.172</gpxdata:speed>
    </extensions>
   </trkpt>
   <trkpt lat="47.3641907" lon="0.6626069">
    <ele>46</ele>
    <time>2026-05-31T17:36:30Z</time>
    <extensions>
     <gpxdata:distance>278.50</gpxdata:distance>
     <gpxdata:speed>2.211</gpxdata:speed>
    </extensions>
   </trkpt>
   <trkpt lat="47.3641865" lon="0.6626362">
    <ele>46</ele>
    <time>2026-05-31T17:36:31Z</time>
    <extensions>
     <gpxdata:distance>281.00</gpxdata:distance>
     <gpxdata:speed>2.233</gpxdata:speed>
    </extensions>
   </trkpt>
   <trkpt lat="47.3641821" lon="0.6626658">
    <ele>46</ele>
    <time>2026-05-31T17:36:32Z</time>
    <extensions>
     <gpxdata:distance>283.00</gpxdata:distance>
     <gpxdata:speed>2.261</gpxdata:speed>
    </extensions>
   </trkpt>
   <trkpt lat="47.3641782" lon="0.6626951">
    <ele>45</ele>
    <time>2026-05-31T17:36:33Z</time>
    <extensions>
     <gpxdata:distance>285.00</gpxdata:distance>
     <gpxdata:speed>2.247</gpxdata:speed>
    </extensions>
   </trkpt>
   <trkpt lat="47.3641750" lon="0.6627242">
    <ele>45</ele>
    <time>2026-05-31T17:36:34Z</time>
    <extensions>
     <gpxdata:distance>287.50</gpxdata:distance>
     <gpxdata:speed>2.233</gpxdata:speed>
    </extensions>
   </trkpt>
   <trkpt lat="47.3641716" lon="0.6627533">
    <ele>45</ele>
    <time>2026-05-31T17:36:35Z</time>
    <extensions>
     <gpxdata:distance>290.00</gpxdata:distance>
     <gpxdata:speed>2.231</gpxdata:speed>
    </extensions>
   </trkpt>
   <trkpt lat="47.3641676" lon="0.6627827">
    <ele>45</ele>
    <time>2026-05-31T17:36:36Z</time>
    <extensions>
     <gpxdata:distance>292.00</gpxdata:distance>
     <gpxdata:speed>2.261</gpxdata:speed>
    </extensions>
   </trkpt>
   <trkpt lat="47.3641638" lon="0.6628133">
    <ele>45</ele>
    <time>2026-05-31T17:36:37Z</time>
    <extensions>
     <gpxdata:distance>294.00</gpxdata:distance>
     <gpxdata:speed>2.322</gpxdata:speed>
    </extensions>
   </trkpt>
   <trkpt lat="47.3641602" lon="0.6628446">
    <ele>45</ele>
    <time>2026-05-31T17:36:38Z</time>
    <extensions>
     <gpxdata:distance>296.50</gpxdata:distance>
     <gpxdata:speed>2.372</gpxdata:speed>
    </extensions>
   </trkpt>
   <trkpt lat="47.3641559" lon="0.6628765">
    <ele>45</ele>
    <time>2026-05-31T17:36:39Z</time>
    <extensions>
     <gpxdata:distance>299.00</gpxdata:distance>
     <gpxdata:speed>2.425</gpxdata:speed>
    </extensions>
   </trkpt>
   <trkpt lat="47.3641503" lon="0.6629083">
    <ele>45</ele>
    <time>2026-05-31T17:36:40Z</time>
    <extensions>
     <gpxdata:distance>301.50</gpxdata:distance>
     <gpxdata:speed>2.467</gpxdata:speed>
    </extensions>
   </trkpt>
   <trkpt lat="47.3641439" lon="0.6629397">
    <ele>45</ele>
    <time>2026-05-31T17:36:41Z</time>
    <extensions>
     <gpxdata:distance>304.00</gpxdata:distance>
     <gpxdata:speed>2.464</gpxdata:speed>
    </extensions>
   </trkpt>
   <trkpt lat="47.3641370" lon="0.6629694">
    <ele>45</ele>
    <time>2026-05-31T17:36:42Z</time>
    <extensions>
     <gpxdata:distance>306.50</gpxdata:distance>
     <gpxdata:speed>2.403</gpxdata:speed>
    </extensions>
   </trkpt>
   <trkpt lat="47.3641295" lon="0.6629973">
    <ele>45</ele>
    <time>2026-05-31T17:36:43Z</time>
    <extensions>
     <gpxdata:distance>309.00</gpxdata:distance>
     <gpxdata:speed>2.319</gpxdata:speed>
    </extensions>
   </trkpt>
   <trkpt lat="47.3641211" lon="0.6630238">
    <ele>45</ele>
    <time>2026-05-31T17:36:44Z</time>
    <extensions>
     <gpxdata:distance>311.00</gpxdata:distance>
     <gpxdata:speed>2.272</gpxdata:speed>
    </extensions>
   </trkpt>
   <trkpt lat="47.3641122" lon="0.6630494">
    <ele>45</ele>
    <time>2026-05-31T17:36:45Z</time>
    <extensions>
     <gpxdata:distance>313.00</gpxdata:distance>
     <gpxdata:speed>2.222</gpxdata:speed>
    </extensions>
   </trkpt>
   <trkpt lat="47.3641029" lon="0.6630746">
    <ele>46</ele>
    <time>2026-05-31T17:36:46Z</time>
    <extensions>
     <gpxdata:distance>315.00</gpxdata:distance>
     <gpxdata:speed>2.203</gpxdata:speed>
    </extensions>
   </trkpt>
   <trkpt lat="47.3640937" lon="0.6631003">
    <ele>46</ele>
    <time>2026-05-31T17:36:47Z</time>
    <extensions>
     <gpxdata:distance>317.00</gpxdata:distance>
     <gpxdata:speed>2.206</gpxdata:speed>
    </extensions>
   </trkpt>
   <trkpt lat="47.3640847" lon="0.6631276">
    <ele>46</ele>
    <time>2026-05-31T17:36:48Z</time>
    <extensions>
     <gpxdata:distance>319.50</gpxdata:distance>
     <gpxdata:speed>2.269</gpxdata:speed>
    </extensions>
   </trkpt>
   <trkpt lat="47.3640756" lon="0.6631564">
    <ele>46</ele>
    <time>2026-05-31T17:36:49Z</time>
    <extensions>
     <gpxdata:distance>322.00</gpxdata:distance>
     <gpxdata:speed>2.350</gpxdata:speed>
    </extensions>
   </trkpt>
   <trkpt lat="47.3640664" lon="0.6631858">
    <ele>46</ele>
    <time>2026-05-31T17:36:50Z</time>
    <extensions>
     <gpxdata:distance>324.50</gpxdata:distance>
     <gpxdata:speed>2.397</gpxdata:speed>
    </extensions>
   </trkpt>
   <trkpt lat="47.3640578" lon="0.6632155">
    <ele>46</ele>
    <time>2026-05-31T17:36:51Z</time>
    <extensions>
     <gpxdata:distance>327.00</gpxdata:distance>
     <gpxdata:speed>2.408</gpxdata:speed>
    </extensions>
   </trkpt>
   <trkpt lat="47.3640507" lon="0.6632455">
    <ele>46</ele>
    <time>2026-05-31T17:36:52Z</time>
    <extensions>
     <gpxdata:distance>329.50</gpxdata:distance>
     <gpxdata:speed>2.397</gpxdata:speed>
    </extensions>
   </trkpt>
   <trkpt lat="47.3640445" lon="0.6632751">
    <ele>46</ele>
    <time>2026-05-31T17:36:53Z</time>
    <extensions>
     <gpxdata:distance>332.00</gpxdata:distance>
     <gpxdata:speed>2.358</gpxdata:speed>
    </extensions>
   </trkpt>
   <trkpt lat="47.3640390" lon="0.6633042">
    <ele>46</ele>
    <time>2026-05-31T17:36:54Z</time>
    <extensions>
     <gpxdata:distance>334.00</gpxdata:distance>
     <gpxdata:speed>2.311</gpxdata:speed>
    </extensions>
   </trkpt>
   <trkpt lat="47.3640343" lon="0.6633329">
    <ele>46</ele>
    <time>2026-05-31T17:36:55Z</time>
    <extensions>
     <gpxdata:distance>336.00</gpxdata:distance>
     <gpxdata:speed>2.269</gpxdata:speed>
    </extensions>
   </trkpt>
   <trkpt lat="47.3640299" lon="0.6633611">
    <ele>46</ele>
    <time>2026-05-31T17:36:56Z</time>
    <extensions>
     <gpxdata:distance>338.00</gpxdata:distance>
     <gpxdata:speed>2.219</gpxdata:speed>
    </extensions>
   </trkpt>
   <trkpt lat="47.3640253" lon="0.6633896">
    <ele>46</ele>
    <time>2026-05-31T17:36:57Z</time>
    <extensions>
     <gpxdata:distance>340.00</gpxdata:distance>
     <gpxdata:speed>2.222</gpxdata:speed>
    </extensions>
   </trkpt>
   <trkpt lat="47.3640207" lon="0.6634190">
    <ele>46</ele>
    <time>2026-05-31T17:36:58Z</time>
    <extensions>
     <gpxdata:distance>342.50</gpxdata:distance>
     <gpxdata:speed>2.267</gpxdata:speed>
    </extensions>
   </trkpt>
   <trkpt lat="47.3640166" lon="0.6634499">
    <ele>46</ele>
    <time>2026-05-31T17:36:59Z</time>
    <extensions>
     <gpxdata:distance>345.00</gpxdata:distance>
     <gpxdata:speed>2.336</gpxdata:speed>
    </extensions>
   </trkpt>
   <trkpt lat="47.3640124" lon="0.6634816">
    <ele>46</ele>
    <time>2026-05-31T17:37:00Z</time>
    <extensions>
     <gpxdata:distance>348.00</gpxdata:distance>
     <gpxdata:speed>2.397</gpxdata:speed>
    </extensions>
   </trkpt>
   <trkpt lat="47.3640073" lon="0.6635141">
    <ele>46</ele>
    <time>2026-05-31T17:37:01Z</time>
    <extensions>
     <gpxdata:distance>351.00</gpxdata:distance>
     <gpxdata:speed>2.467</gpxdata:speed>
    </extensions>
   </trkpt>
   <trkpt lat="47.3640016" lon="0.6635471">
    <ele>46</ele>
    <time>2026-05-31T17:37:02Z</time>
    <extensions>
     <gpxdata:distance>353.50</gpxdata:distance>
     <gpxdata:speed>2.522</gpxdata:speed>
    </extensions>
   </trkpt>
   <trkpt lat="47.3639963" lon="0.6635799">
    <ele>46</ele>
    <time>2026-05-31T17:37:03Z</time>
    <extensions>
     <gpxdata:distance>356.00</gpxdata:distance>
     <gpxdata:speed>2.531</gpxdata:speed>
    </extensions>
   </trkpt>
   <trkpt lat="47.3639915" lon="0.6636131">
    <ele>46</ele>
    <time>2026-05-31T17:37:04Z</time>
    <extensions>
     <gpxdata:distance>358.50</gpxdata:distance>
     <gpxdata:speed>2.547</gpxdata:speed>
    </extensions>
   </trkpt>
   <trkpt lat="47.3639869" lon="0.6636464">
    <ele>46</ele>
    <time>2026-05-31T17:37:05Z</time>
    <extensions>
     <gpxdata:distance>361.00</gpxdata:distance>
     <gpxdata:speed>2.561</gpxdata:speed>
    </extensions>
   </trkpt>
   <trkpt lat="47.3639834" lon="0.6636793">
    <ele>46</ele>
    <time>2026-05-31T17:37:06Z</time>
    <extensions>
     <gpxdata:distance>363.50</gpxdata:distance>
     <gpxdata:speed>2.528</gpxdata:speed>
    </extensions>
   </trkpt>
   <trkpt lat="47.3639804" lon="0.6637110">
    <ele>46</ele>
    <time>2026-05-31T17:37:07Z</time>
    <extensions>
     <gpxdata:distance>366.00</gpxdata:distance>
     <gpxdata:speed>2.453</gpxdata:speed>
    </extensions>
   </trkpt>
   <trkpt lat="47.3639766" lon="0.6637416">
    <ele>46</ele>
    <time>2026-05-31T17:37:08Z</time>
    <extensions>
     <gpxdata:distance>368.00</gpxdata:distance>
     <gpxdata:speed>2.397</gpxdata:speed>
    </extensions>
   </trkpt>
   <trkpt lat="47.3639713" lon="0.6637719">
    <ele>46</ele>
    <time>2026-05-31T17:37:09Z</time>
    <extensions>
     <gpxdata:distance>370.00</gpxdata:distance>
     <gpxdata:speed>2.400</gpxdata:speed>
    </extensions>
   </trkpt>
   <trkpt lat="47.3639652" lon="0.6638015">
    <ele>46</ele>
    <time>2026-05-31T17:37:10Z</time>
    <extensions>
     <gpxdata:distance>372.00</gpxdata:distance>
     <gpxdata:speed>2.367</gpxdata:speed>
    </extensions>
   </trkpt>
   <trkpt lat="47.3639588" lon="0.6638295">
    <ele>46</ele>
    <time>2026-05-31T17:37:11Z</time>
    <extensions>
     <gpxdata:distance>374.00</gpxdata:distance>
     <gpxdata:speed>2.278</gpxdata:speed>
    </extensions>
   </trkpt>
   <trkpt lat="47.3639521" lon="0.6638564">
    <ele>46</ele>
    <time>2026-05-31T17:37:12Z</time>
    <extensions>
     <gpxdata:distance>376.50</gpxdata:distance>
     <gpxdata:speed>2.203</gpxdata:speed>
    </extensions>
   </trkpt>
   <trkpt lat="47.3639453" lon="0.6638826">
    <ele>46</ele>
    <time>2026-05-31T17:37:13Z</time>
    <extensions>
     <gpxdata:distance>379.00</gpxdata:distance>
     <gpxdata:speed>2.150</gpxdata:speed>
    </extensions>
   </trkpt>
   <trkpt lat="47.3639385" lon="0.6639085">
    <ele>46</ele>
    <time>2026-05-31T17:37:14Z</time>
    <extensions>
     <gpxdata:distance>381.00</gpxdata:distance>
     <gpxdata:speed>2.117</gpxdata:speed>
    </extensions>
   </trkpt>
   <trkpt lat="47.3639312" lon="0.6639339">
    <ele>46</ele>
    <time>2026-05-31T17:37:15Z</time>
    <extensions>
     <gpxdata:distance>383.00</gpxdata:distance>
     <gpxdata:speed>2.094</gpxdata:speed>
    </extensions>
   </trkpt>
   <trkpt lat="47.3639231" lon="0.6639586">
    <ele>46</ele>
    <time>2026-05-31T17:37:16Z</time>
    <extensions>
     <gpxdata:distance>385.00</gpxdata:distance>
     <gpxdata:speed>2.086</gpxdata:speed>
    </extensions>
   </trkpt>
   <trkpt lat="47.3639141" lon="0.6639828">
    <ele>46</ele>
    <time>2026-05-31T17:37:17Z</time>
    <extensions>
     <gpxdata:distance>387.00</gpxdata:distance>
     <gpxdata:speed>2.086</gpxdata:speed>
    </extensions>
   </trkpt>
   <trkpt lat="47.3639046" lon="0.6640068">
    <ele>46</ele>
    <time>2026-05-31T17:37:18Z</time>
    <extensions>
     <gpxdata:distance>389.00</gpxdata:distance>
     <gpxdata:speed>2.092</gpxdata:speed>
    </extensions>
   </trkpt>
   <trkpt lat="47.3638947" lon="0.6640314">
    <ele>46</ele>
    <time>2026-05-31T17:37:19Z</time>
    <extensions>
     <gpxdata:distance>391.00</gpxdata:distance>
     <gpxdata:speed>2.133</gpxdata:speed>
    </extensions>
   </trkpt>
   <trkpt lat="47.3638843" lon="0.6640563">
    <ele>46</ele>
    <time>2026-05-31T17:37:20Z</time>
    <extensions>
     <gpxdata:distance>393.50</gpxdata:distance>
     <gpxdata:speed>2.178</gpxdata:speed>
    </extensions>
   </trkpt>
   <trkpt lat="47.3638730" lon="0.6640815">
    <ele>46</ele>
    <time>2026-05-31T17:37:21Z</time>
    <extensions>
     <gpxdata:distance>396.00</gpxdata:distance>
     <gpxdata:speed>2.239</gpxdata:speed>
    </extensions>
   </trkpt>
   <trkpt lat="47.3638618" lon="0.6641060">
    <ele>46</ele>
    <time>2026-05-31T17:37:22Z</time>
    <extensions>
     <gpxdata:distance>398.00</gpxdata:distance>
     <gpxdata:speed>2.222</gpxdata:speed>
    </extensions>
   </trkpt>
   <trkpt lat="47.3638506" lon="0.6641297">
    <ele>46</ele>
    <time>2026-05-31T17:37:23Z</time>
    <extensions>
     <gpxdata:distance>400.00</gpxdata:distance>
     <gpxdata:speed>2.186</gpxdata:speed>
    </extensions>
   </trkpt>
   <trkpt lat="47.3638401" lon="0.6641532">
    <ele>46</ele>
    <time>2026-05-31T17:37:24Z</time>
    <extensions>
     <gpxdata:distance>402.00</gpxdata:distance>
     <gpxdata:speed>2.147</gpxdata:speed>
    </extensions>
   </trkpt>
   <trkpt lat="47.3638304" lon="0.6641762">
    <ele>46</ele>
    <time>2026-05-31T17:37:25Z</time>
    <extensions>
     <gpxdata:distance>404.00</gpxdata:distance>
     <gpxdata:speed>2.081</gpxdata:speed>
    </extensions>
   </trkpt>
   <trkpt lat="47.3638217" lon="0.6641985">
    <ele>46</ele>
    <time>2026-05-31T17:37:26Z</time>
    <extensions>
     <gpxdata:distance>406.00</gpxdata:distance>
     <gpxdata:speed>1.997</gpxdata:speed>
    </extensions>
   </trkpt>
   <trkpt lat="47.3638157" lon="0.6642149">
    <ele>46</ele>
    <time>2026-05-31T17:37:27Z</time>
    <extensions>
     <gpxdata:distance>408.00</gpxdata:distance>
     <gpxdata:speed>1.975</gpxdata:speed>
    </extensions>
   </trkpt>
   <trkpt lat="47.3638084" lon="0.6642350">
    <ele>46</ele>
    <time>2026-05-31T17:37:28Z</time>
    <extensions>
     <gpxdata:distance>410.00</gpxdata:distance>
     <gpxdata:speed>2.028</gpxdata:speed>
    </extensions>
   </trkpt>
   <trkpt lat="47.3637972" lon="0.6642662">
    <ele>46</ele>
    <time>2026-05-31T17:37:29Z</time>
    <extensions>
     <gpxdata:distance>412.00</gpxdata:distance>
     <gpxdata:speed>2.097</gpxdata:speed>
    </extensions>
   </trkpt>
   <trkpt lat="47.3637878" lon="0.6642943">
    <ele>46</ele>
    <time>2026-05-31T17:37:30Z</time>
    <extensions>
     <gpxdata:distance>414.50</gpxdata:distance>
     <gpxdata:speed>2.131</gpxdata:speed>
    </extensions>
   </trkpt>
   <trkpt lat="47.3637796" lon="0.6643215">
    <ele>46</ele>
    <time>2026-05-31T17:37:31Z</time>
    <extensions>
     <gpxdata:distance>417.00</gpxdata:distance>
     <gpxdata:speed>2.144</gpxdata:speed>
    </extensions>
   </trkpt>
   <trkpt lat="47.3637718" lon="0.6643495">
    <ele>46</ele>
    <time>2026-05-31T17:37:32Z</time>
    <extensions>
     <gpxdata:distance>419.50</gpxdata:distance>
     <gpxdata:speed>2.219</gpxdata:speed>
    </extensions>
   </trkpt>
   <trkpt lat="47.3637636" lon="0.6643797">
    <ele>46</ele>
    <time>2026-05-31T17:37:33Z</time>
    <extensions>
     <gpxdata:distance>422.00</gpxdata:distance>
     <gpxdata:speed>2.364</gpxdata:speed>
    </extensions>
   </trkpt>
   <trkpt lat="47.3637547" lon="0.6644120">
    <ele>46</ele>
    <time>2026-05-31T17:37:34Z</time>
    <extensions>
     <gpxdata:distance>425.00</gpxdata:distance>
     <gpxdata:speed>2.536</gpxdata:speed>
    </extensions>
   </trkpt>
   <trkpt lat="47.3637451" lon="0.6644456">
    <ele>46</ele>
    <time>2026-05-31T17:37:35Z</time>
    <extensions>
     <gpxdata:distance>428.00</gpxdata:distance>
     <gpxdata:speed>2.803</gpxdata:speed>
    </extensions>
   </trkpt>
   <trkpt lat="47.3637350" lon="0.6644804">
    <ele>46</ele>
    <time>2026-05-31T17:37:36Z</time>
    <extensions>
     <gpxdata:distance>431.00</gpxdata:distance>
     <gpxdata:speed>2.919</gpxdata:speed>
    </extensions>
   </trkpt>
   <trkpt lat="47.3637249" lon="0.6645164">
    <ele>46</ele>
    <time>2026-05-31T17:37:37Z</time>
    <extensions>
     <gpxdata:distance>434.00</gpxdata:distance>
     <gpxdata:speed>2.997</gpxdata:speed>
    </extensions>
   </trkpt>
   <trkpt lat="47.3637154" lon="0.6645528">
    <ele>46</ele>
    <time>2026-05-31T17:37:38Z</time>
    <extensions>
     <gpxdata:distance>437.00</gpxdata:distance>
     <gpxdata:speed>2.956</gpxdata:speed>
    </extensions>
   </trkpt>
   <trkpt lat="47.3637067" lon="0.6645887">
    <ele>46</ele>
    <time>2026-05-31T17:37:39Z</time>
    <extensions>
     <gpxdata:distance>440.00</gpxdata:distance>
     <gpxdata:speed>2.861</gpxdata:speed>
    </extensions>
   </trkpt>
   <trkpt lat="47.3636983" lon="0.6646250">
    <ele>46</ele>
    <time>2026-05-31T17:37:40Z</time>
    <extensions>
     <gpxdata:distance>443.00</gpxdata:distance>
     <gpxdata:speed>2.906</gpxdata:speed>
    </extensions>
   </trkpt>
   <trkpt lat="47.3636894" lon="0.6646617">
    <ele>46</ele>
    <time>2026-05-31T17:37:41Z</time>
    <extensions>
     <gpxdata:distance>446.00</gpxdata:distance>
     <gpxdata:speed>2.961</gpxdata:speed>
    </extensions>
   </trkpt>
   <trkpt lat="47.3636803" lon="0.6646985">
    <ele>46</ele>
    <time>2026-05-31T17:37:42Z</time>
    <extensions>
     <gpxdata:distance>448.50</gpxdata:distance>
     <gpxdata:speed>2.975</gpxdata:speed>
    </extensions>
   </trkpt>
   <trkpt lat="47.3636712" lon="0.6647344">
    <ele>46</ele>
    <time>2026-05-31T17:37:43Z</time>
    <extensions>
     <gpxdata:distance>451.00</gpxdata:distance>
     <gpxdata:speed>2.917</gpxdata:speed>
    </extensions>
   </trkpt>
   <trkpt lat="47.3636624" lon="0.6647699">
    <ele>46</ele>
    <time>2026-05-31T17:37:44Z</time>
    <extensions>
     <gpxdata:distance>454.00</gpxdata:distance>
     <gpxdata:speed>2.875</gpxdata:speed>
    </extensions>
   </trkpt>
   <trkpt lat="47.3636538" lon="0.6648056">
    <ele>46</ele>
    <time>2026-05-31T17:37:45Z</time>
    <extensions>
     <gpxdata:distance>457.00</gpxdata:distance>
     <gpxdata:speed>2.869</gpxdata:speed>
    </extensions>
   </trkpt>
   <trkpt lat="47.3636455" lon="0.6648419">
    <ele>46</ele>
    <time>2026-05-31T17:37:46Z</time>
    <extensions>
     <gpxdata:distance>460.00</gpxdata:distance>
     <gpxdata:speed>2.889</gpxdata:speed>
    </extensions>
   </trkpt>
   <trkpt lat="47.3636376" lon="0.6648783">
    <ele>46</ele>
    <time>2026-05-31T17:37:47Z</time>
    <extensions>
     <gpxdata:distance>463.00</gpxdata:distance>
     <gpxdata:speed>2.886</gpxdata:speed>
    </extensions>
   </trkpt>
   <trkpt lat="47.3636298" lon="0.6649144">
    <ele>46</ele>
    <time>2026-05-31T17:37:48Z</time>
    <extensions>
     <gpxdata:distance>465.50</gpxdata:distance>
     <gpxdata:speed>2.861</gpxdata:speed>
    </extensions>
   </trkpt>
   <trkpt lat="47.3636219" lon="0.6649493">
    <ele>46</ele>
    <time>2026-05-31T17:37:49Z</time>
    <extensions>
     <gpxdata:distance>468.00</gpxdata:distance>
     <gpxdata:speed>2.808</gpxdata:speed>
    </extensions>
   </trkpt>
   <trkpt lat="47.3636140" lon="0.6649839">
    <ele>46</ele>
    <time>2026-05-31T17:37:50Z</time>
    <extensions>
     <gpxdata:distance>471.00</gpxdata:distance>
     <gpxdata:speed>2.781</gpxdata:speed>
    </extensions>
   </trkpt>
   <trkpt lat="47.3636061" lon="0.6650189">
    <ele>46</ele>
    <time>2026-05-31T17:37:51Z</time>
    <extensions>
     <gpxdata:distance>474.00</gpxdata:distance>
     <gpxdata:speed>2.789</gpxdata:speed>
    </extensions>
   </trkpt>
   <trkpt lat="47.3635982" lon="0.6650548">
    <ele>46</ele>
    <time>2026-05-31T17:37:52Z</time>
    <extensions>
     <gpxdata:distance>477.00</gpxdata:distance>
     <gpxdata:speed>2.836</gpxdata:speed>
    </extensions>
   </trkpt>
   <trkpt lat="47.3635909" lon="0.6650911">
    <ele>46</ele>
    <time>2026-05-31T17:37:53Z</time>
    <extensions>
     <gpxdata:distance>480.00</gpxdata:distance>
     <gpxdata:speed>2.844</gpxdata:speed>
    </extensions>
   </trkpt>
   <trkpt lat="47.3635851" lon="0.6651270">
    <ele>46</ele>
    <time>2026-05-31T17:37:54Z</time>
    <extensions>
     <gpxdata:distance>482.50</gpxdata:distance>
     <gpxdata:speed>2.806</gpxdata:speed>
    </extensions>
   </trkpt>
   <trkpt lat="47.3635804" lon="0.6651621">
    <ele>46</ele>
    <time>2026-05-31T17:37:55Z</time>
    <extensions>
     <gpxdata:distance>485.00</gpxdata:distance>
     <gpxdata:speed>2.739</gpxdata:speed>
    </extensions>
   </trkpt>
   <trkpt lat="47.3635763" lon="0.6651964">
    <ele>46</ele>
    <time>2026-05-31T17:37:56Z</time>
    <extensions>
     <gpxdata:distance>487.50</gpxdata:distance>
     <gpxdata:speed>2.672</gpxdata:speed>
    </extensions>
   </trkpt>
   <trkpt lat="47.3635734" lon="0.6652303">
    <ele>46</ele>
    <time>2026-05-31T17:37:57Z</time>
    <extensions>
     <gpxdata:distance>490.00</gpxdata:distance>
     <gpxdata:speed>2.622</gpxdata:speed>
    </extensions>
   </trkpt>
   <trkpt lat="47.3635714" lon="0.6652637">
    <ele>46</ele>
    <time>2026-05-31T17:37:58Z</time>
    <extensions>
     <gpxdata:distance>492.50</gpxdata:distance>
     <gpxdata:speed>2.569</gpxdata:speed>
    </extensions>
   </trkpt>
   <trkpt lat="47.3635691" lon="0.6652966">
    <ele>46</ele>
    <time>2026-05-31T17:37:59Z</time>
    <extensions>
     <gpxdata:distance>495.00</gpxdata:distance>
     <gpxdata:speed>2.531</gpxdata:speed>
    </extensions>
   </trkpt>
   <trkpt lat="47.3635664" lon="0.6653289">
    <ele>46</ele>
    <time>2026-05-31T17:38:00Z</time>
    <extensions>
     <gpxdata:distance>497.00</gpxdata:distance>
     <gpxdata:speed>2.486</gpxdata:speed>
    </extensions>
   </trkpt>
   <trkpt lat="47.3635632" lon="0.6653607">
    <ele>46</ele>
    <time>2026-05-31T17:38:01Z</time>
    <extensions>
     <gpxdata:distance>499.00</gpxdata:distance>
     <gpxdata:speed>2.447</gpxdata:speed>
    </extensions>
   </trkpt>
   <trkpt lat="47.3635604" lon="0.6653925">
    <ele>46</ele>
    <time>2026-05-31T17:38:02Z</time>
    <extensions>
     <gpxdata:distance>501.50</gpxdata:distance>
     <gpxdata:speed>2.431</gpxdata:speed>
    </extensions>
   </trkpt>
   <trkpt lat="47.3635582" lon="0.6654250">
    <ele>46</ele>
    <time>2026-05-31T17:38:03Z</time>
    <extensions>
     <gpxdata:distance>504.00</gpxdata:distance>
     <gpxdata:speed>2.450</gpxdata:speed>
    </extensions>
   </trkpt>
   <trkpt lat="47.3635563" lon="0.6654573">
    <ele>46</ele>
    <time>2026-05-31T17:38:04Z</time>
    <extensions>
     <gpxdata:distance>506.50</gpxdata:distance>
     <gpxdata:speed>2.439</gpxdata:speed>
    </extensions>
   </trkpt>
   <trkpt lat="47.3635545" lon="0.6654893">
    <ele>46</ele>
    <time>2026-05-31T17:38:05Z</time>
    <extensions>
     <gpxdata:distance>509.00</gpxdata:distance>
     <gpxdata:speed>2.422</gpxdata:speed>
    </extensions>
   </trkpt>
   <trkpt lat="47.3635526" lon="0.6655203">
    <ele>46</ele>
    <time>2026-05-31T17:38:06Z</time>
    <extensions>
     <gpxdata:distance>511.50</gpxdata:distance>
     <gpxdata:speed>2.369</gpxdata:speed>
    </extensions>
   </trkpt>
   <trkpt lat="47.3635500" lon="0.6655510">
    <ele>46</ele>
    <time>2026-05-31T17:38:07Z</time>
    <extensions>
     <gpxdata:distance>514.00</gpxdata:distance>
     <gpxdata:speed>2.350</gpxdata:speed>
    </extensions>
   </trkpt>
   <trkpt lat="47.3635477" lon="0.6655826">
    <ele>46</ele>
    <time>2026-05-31T17:38:08Z</time>
    <extensions>
     <gpxdata:distance>516.50</gpxdata:distance>
     <gpxdata:speed>2.397</gpxdata:speed>
    </extensions>
   </trkpt>
   <trkpt lat="47.3635465" lon="0.6656153">
    <ele>46</ele>
    <time>2026-05-31T17:38:09Z</time>
    <extensions>
     <gpxdata:distance>519.00</gpxdata:distance>
     <gpxdata:speed>2.450</gpxdata:speed>
    </extensions>
   </trkpt>
   <trkpt lat="47.3635461" lon="0.6656487">
    <ele>46</ele>
    <time>2026-05-31T17:38:10Z</time>
    <extensions>
     <gpxdata:distance>521.50</gpxdata:distance>
     <gpxdata:speed>2.494</gpxdata:speed>
    </extensions>
   </trkpt>
   <trkpt lat="47.3635463" lon="0.6656824">
    <ele>46</ele>
    <time>2026-05-31T17:38:11Z</time>
    <extensions>
     <gpxdata:distance>524.00</gpxdata:distance>
     <gpxdata:speed>2.517</gpxdata:speed>
    </extensions>
   </trkpt>
   <trkpt lat="47.3635472" lon="0.6657160">
    <ele>46</ele>
    <time>2026-05-31T17:38:12Z</time>
    <extensions>
     <gpxdata:distance>526.50</gpxdata:distance>
     <gpxdata:speed>2.528</gpxdata:speed>
    </extensions>
   </trkpt>
   <trkpt lat="47.3635493" lon="0.6657496">
    <ele>46</ele>
    <time>2026-05-31T17:38:13Z</time>
    <extensions>
     <gpxdata:distance>529.00</gpxdata:distance>
     <gpxdata:speed>2.539</gpxdata:speed>
    </extensions>
   </trkpt>
   <trkpt lat="47.3635531" lon="0.6657839">
    <ele>46</ele>
    <time>2026-05-31T17:38:14Z</time>
    <extensions>
     <gpxdata:distance>532.00</gpxdata:distance>
     <gpxdata:speed>2.606</gpxdata:speed>
    </extensions>
   </trkpt>
   <trkpt lat="47.3635588" lon="0.6658195">
    <ele>46</ele>
    <time>2026-05-31T17:38:15Z</time>
    <extensions>
     <gpxdata:distance>535.00</gpxdata:distance>
     <gpxdata:speed>2.728</gpxdata:speed>
    </extensions>
   </trkpt>
   <trkpt lat="47.3635666" lon="0.6658580">
    <ele>46</ele>
    <time>2026-05-31T17:38:16Z</time>
    <extensions>
     <gpxdata:distance>538.50</gpxdata:distance>
     <gpxdata:speed>3.203</gpxdata:speed>
    </extensions>
   </trkpt>
   <trkpt lat="47.3635838" lon="0.6659241">
    <ele>46</ele>
    <time>2026-05-31T17:38:17Z</time>
    <extensions>
     <gpxdata:distance>542.00</gpxdata:distance>
     <gpxdata:speed>3.489</gpxdata:speed>
    </extensions>
   </trkpt>
   <trkpt lat="47.3635992" lon="0.6659707">
    <ele>46</ele>
    <time>2026-05-31T17:38:18Z</time>
    <extensions>
     <gpxdata:distance>546.00</gpxdata:distance>
     <gpxdata:speed>3.556</gpxdata:speed>
    </extensions>
   </trkpt>
   <trkpt lat="47.3636167" lon="0.6660123">
    <ele>46</ele>
    <time>2026-05-31T17:38:19Z</time>
    <extensions>
     <gpxdata:distance>550.00</gpxdata:distance>
     <gpxdata:speed>3.619</gpxdata:speed>
    </extensions>
   </trkpt>
   <trkpt lat="47.3636361" lon="0.6660514">
    <ele>46</ele>
    <time>2026-05-31T17:38:20Z</time>
    <extensions>
     <gpxdata:distance>553.50</gpxdata:distance>
     <gpxdata:speed>3.628</gpxdata:speed>
    </extensions>
   </trkpt>
   <trkpt lat="47.3636565" lon="0.6660894">
    <ele>46</ele>
    <time>2026-05-31T17:38:21Z</time>
    <extensions>
     <gpxdata:distance>557.00</gpxdata:distance>
     <gpxdata:speed>3.650</gpxdata:speed>
    </extensions>
   </trkpt>
   <trkpt lat="47.3636773" lon="0.6661256">
    <ele>45</ele>
    <time>2026-05-31T17:38:22Z</time>
    <extensions>
     <gpxdata:distance>560.50</gpxdata:distance>
     <gpxdata:speed>3.614</gpxdata:speed>
    </extensions>
   </trkpt>
   <trkpt lat="47.3636980" lon="0.6661606">
    <ele>45</ele>
    <time>2026-05-31T17:38:23Z</time>
    <extensions>
     <gpxdata:distance>564.00</gpxdata:distance>
     <gpxdata:speed>3.575</gpxdata:speed>
    </extensions>
   </trkpt>
   <trkpt lat="47.3637181" lon="0.6661961">
    <ele>45</ele>
    <time>2026-05-31T17:38:24Z</time>
    <extensions>
     <gpxdata:distance>567.50</gpxdata:distance>
     <gpxdata:speed>3.550</gpxdata:speed>
    </extensions>
   </trkpt>
   <trkpt lat="47.3637366" lon="0.6662318">
    <ele>45</ele>
    <time>2026-05-31T17:38:25Z</time>
    <extensions>
     <gpxdata:distance>571.00</gpxdata:distance>
     <gpxdata:speed>3.492</gpxdata:speed>
    </extensions>
   </trkpt>
   <trkpt lat="47.3637529" lon="0.6662685">
    <ele>45</ele>
    <time>2026-05-31T17:38:26Z</time>
    <extensions>
     <gpxdata:distance>574.00</gpxdata:distance>
     <gpxdata:speed>3.419</gpxdata:speed>
    </extensions>
   </trkpt>
   <trkpt lat="47.3637659" lon="0.6663068">
    <ele>45</ele>
    <time>2026-05-31T17:38:27Z</time>
    <extensions>
     <gpxdata:distance>577.00</gpxdata:distance>
     <gpxdata:speed>3.350</gpxdata:speed>
    </extensions>
   </trkpt>
   <trkpt lat="47.3637757" lon="0.6663468">
    <ele>45</ele>
    <time>2026-05-31T17:38:28Z</time>
    <extensions>
     <gpxdata:distance>580.00</gpxdata:distance>
     <gpxdata:speed>3.300</gpxdata:speed>
    </extensions>
   </trkpt>
   <trkpt lat="47.3637825" lon="0.6663883">
    <ele>45</ele>
    <time>2026-05-31T17:38:29Z</time>
    <extensions>
     <gpxdata:distance>583.00</gpxdata:distance>
     <gpxdata:speed>3.269</gpxdata:speed>
    </extensions>
   </trkpt>
   <trkpt lat="47.3637877" lon="0.6664297">
    <ele>45</ele>
    <time>2026-05-31T17:38:30Z</time>
    <extensions>
     <gpxdata:distance>586.00</gpxdata:distance>
     <gpxdata:speed>3.219</gpxdata:speed>
    </extensions>
   </trkpt>
   <trkpt lat="47.3637917" lon="0.6664703">
    <ele>45</ele>
    <time>2026-05-31T17:38:31Z</time>
    <extensions>
     <gpxdata:distance>589.00</gpxdata:distance>
     <gpxdata:speed>3.150</gpxdata:speed>
    </extensions>
   </trkpt>
   <trkpt lat="47.3637941" lon="0.6665098">
    <ele>45</ele>
    <time>2026-05-31T17:38:32Z</time>
    <extensions>
     <gpxdata:distance>592.00</gpxdata:distance>
     <gpxdata:speed>3.044</gpxdata:speed>
    </extensions>
   </trkpt>
   <trkpt lat="47.3637949" lon="0.6665484">
    <ele>46</ele>
    <time>2026-05-31T17:38:33Z</time>
    <extensions>
     <gpxdata:distance>595.00</gpxdata:distance>
     <gpxdata:speed>2.944</gpxdata:speed>
    </extensions>
   </trkpt>
   <trkpt lat="47.3637949" lon="0.6665702">
    <ele>46</ele>
    <time>2026-05-31T17:38:34Z</time>
    <extensions>
     <gpxdata:distance>598.00</gpxdata:distance>
     <gpxdata:speed>2.897</gpxdata:speed>
    </extensions>
   </trkpt>
   <trkpt lat="47.3637941" lon="0.6666009">
    <ele>46</ele>
    <time>2026-05-31T17:38:35Z</time>
    <extensions>
     <gpxdata:distance>601.00</gpxdata:distance>
     <gpxdata:speed>2.925</gpxdata:speed>
    </extensions>
   </trkpt>
   <trkpt lat="47.3637924" lon="0.6666360">
    <ele>46</ele>
    <time>2026-05-31T17:38:36Z</time>
    <extensions>
     <gpxdata:distance>604.00</gpxdata:distance>
     <gpxdata:speed>2.925</gpxdata:speed>
    </extensions>
   </trkpt>
   <trkpt lat="47.3637901" lon="0.6666735">
    <ele>46</ele>
    <time>2026-05-31T17:38:37Z</time>
    <extensions>
     <gpxdata:distance>607.00</gpxdata:distance>
     <gpxdata:speed>2.939</gpxdata:speed>
    </extensions>
   </trkpt>
   <trkpt lat="47.3637881" lon="0.6667119">
    <ele>46</ele>
    <time>2026-05-31T17:38:38Z</time>
    <extensions>
     <gpxdata:distance>610.00</gpxdata:distance>
     <gpxdata:speed>2.944</gpxdata:speed>
    </extensions>
   </trkpt>
   <trkpt lat="47.3637862" lon="0.6667511">
    <ele>46</ele>
    <time>2026-05-31T17:38:39Z</time>
    <extensions>
     <gpxdata:distance>613.00</gpxdata:distance>
     <gpxdata:speed>2.967</gpxdata:speed>
    </extensions>
   </trkpt>
   <trkpt lat="47.3637838" lon="0.6667905">
    <ele>46</ele>
    <time>2026-05-31T17:38:40Z</time>
    <extensions>
     <gpxdata:distance>616.00</gpxdata:distance>
     <gpxdata:speed>2.986</gpxdata:speed>
    </extensions>
   </trkpt>
   <trkpt lat="47.3637808" lon="0.6668301">
    <ele>46</ele>
    <time>2026-05-31T17:38:41Z</time>
    <extensions>
     <gpxdata:distance>619.00</gpxdata:distance>
     <gpxdata:speed>2.994</gpxdata:speed>
    </extensions>
   </trkpt>
   <trkpt lat="47.3637782" lon="0.6668696">
    <ele>46</ele>
    <time>2026-05-31T17:38:42Z</time>
    <extensions>
     <gpxdata:distance>622.00</gpxdata:distance>
     <gpxdata:speed>2.992</gpxdata:speed>
    </extensions>
   </trkpt>
   <trkpt lat="47.3637761" lon="0.6669085">
    <ele>46</ele>
    <time>2026-05-31T17:38:43Z</time>
    <extensions>
     <gpxdata:distance>625.00</gpxdata:distance>
     <gpxdata:speed>2.956</gpxdata:speed>
    </extensions>
   </trkpt>
   <trkpt lat="47.3637743" lon="0.6669464">
    <ele>46</ele>
    <time>2026-05-31T17:38:44Z</time>
    <extensions>
     <gpxdata:distance>627.50</gpxdata:distance>
     <gpxdata:speed>2.903</gpxdata:speed>
    </extensions>
   </trkpt>
   <trkpt lat="47.3637721" lon="0.6669833">
    <ele>46</ele>
    <time>2026-05-31T17:38:45Z</time>
    <extensions>
     <gpxdata:distance>630.00</gpxdata:distance>
     <gpxdata:speed>2.836</gpxdata:speed>
    </extensions>
   </trkpt>
   <trkpt lat="47.3637695" lon="0.6670192">
    <ele>46</ele>
    <time>2026-05-31T17:38:46Z</time>
    <extensions>
     <gpxdata:distance>633.00</gpxdata:distance>
     <gpxdata:speed>2.767</gpxdata:speed>
    </extensions>
   </trkpt>
   <trkpt lat="47.3637675" lon="0.6670550">
    <ele>46</ele>
    <time>2026-05-31T17:38:47Z</time>
    <extensions>
     <gpxdata:distance>636.00</gpxdata:distance>
     <gpxdata:speed>2.742</gpxdata:speed>
    </extensions>
   </trkpt>
   <trkpt lat="47.3637662" lon="0.6670921">
    <ele>46</ele>
    <time>2026-05-31T17:38:48Z</time>
    <extensions>
     <gpxdata:distance>639.00</gpxdata:distance>
     <gpxdata:speed>2.797</gpxdata:speed>
    </extensions>
   </trkpt>
   <trkpt lat="47.3637654" lon="0.6671309">
    <ele>46</ele>
    <time>2026-05-31T17:38:49Z</time>
    <extensions>
     <gpxdata:distance>642.00</gpxdata:distance>
     <gpxdata:speed>2.894</gpxdata:speed>
    </extensions>
   </trkpt>
   <trkpt lat="47.3637648" lon="0.6671709">
    <ele>46</ele>
    <time>2026-05-31T17:38:50Z</time>
    <extensions>
     <gpxdata:distance>645.00</gpxdata:distance>
     <gpxdata:speed>2.961</gpxdata:speed>
    </extensions>
   </trkpt>
   <trkpt lat="47.3637634" lon="0.6672117">
    <ele>46</ele>
    <time>2026-05-31T17:38:51Z</time>
    <extensions>
     <gpxdata:distance>648.00</gpxdata:distance>
     <gpxdata:speed>3.028</gpxdata:speed>
    </extensions>
   </trkpt>
   <trkpt lat="47.3637588" lon="0.6672781">
    <ele>46</ele>
    <time>2026-05-31T17:38:52Z</time>
    <extensions>
     <gpxdata:distance>651.00</gpxdata:distance>
     <gpxdata:speed>3.067</gpxdata:speed>
    </extensions>
   </trkpt>
   <trkpt lat="47.3637544" lon="0.6673241">
    <ele>46</ele>
    <time>2026-05-31T17:38:53Z</time>
    <extensions>
     <gpxdata:distance>654.00</gpxdata:distance>
     <gpxdata:speed>3.089</gpxdata:speed>
    </extensions>
   </trkpt>
   <trkpt lat="47.3637500" lon="0.6673661">
    <ele>46</ele>
    <time>2026-05-31T17:38:54Z</time>
    <extensions>
     <gpxdata:distance>657.00</gpxdata:distance>
     <gpxdata:speed>3.103</gpxdata:speed>
    </extensions>
   </trkpt>
   <trkpt lat="47.3637458" lon="0.6674065">
    <ele>46</ele>
    <time>2026-05-31T17:38:55Z</time>
    <extensions>
     <gpxdata:distance>660.00</gpxdata:distance>
     <gpxdata:speed>3.083</gpxdata:speed>
    </extensions>
   </trkpt>
   <trkpt lat="47.3637421" lon="0.6674455">
    <ele>46</ele>
    <time>2026-05-31T17:38:56Z</time>
    <extensions>
     <gpxdata:distance>663.00</gpxdata:distance>
     <gpxdata:speed>3.033</gpxdata:speed>
    </extensions>
   </trkpt>
   <trkpt lat="47.3637391" lon="0.6674832">
    <ele>46</ele>
    <time>2026-05-31T17:38:57Z</time>
    <extensions>
     <gpxdata:distance>666.00</gpxdata:distance>
     <gpxdata:speed>2.958</gpxdata:speed>
    </extensions>
   </trkpt>
   <trkpt lat="47.3637376" lon="0.6675043">
    <ele>46</ele>
    <time>2026-05-31T17:38:58Z</time>
    <extensions>
     <gpxdata:distance>668.50</gpxdata:distance>
     <gpxdata:speed>2.892</gpxdata:speed>
    </extensions>
   </trkpt>
   <trkpt lat="47.3637359" lon="0.6675331">
    <ele>46</ele>
    <time>2026-05-31T17:38:59Z</time>
    <extensions>
     <gpxdata:distance>671.00</gpxdata:distance>
     <gpxdata:speed>2.831</gpxdata:speed>
    </extensions>
   </trkpt>
   <trkpt lat="47.3637344" lon="0.6675661">
    <ele>46</ele>
    <time>2026-05-31T17:39:00Z</time>
    <extensions>
     <gpxdata:distance>674.00</gpxdata:distance>
     <gpxdata:speed>2.797</gpxdata:speed>
    </extensions>
   </trkpt>
   <trkpt lat="47.3637332" lon="0.6676016">
    <ele>46</ele>
    <time>2026-05-31T17:39:01Z</time>
    <extensions>
     <gpxdata:distance>677.00</gpxdata:distance>
     <gpxdata:speed>2.808</gpxdata:speed>
    </extensions>
   </trkpt>
   <trkpt lat="47.3637319" lon="0.6676386">
    <ele>46</ele>
    <time>2026-05-31T17:39:02Z</time>
    <extensions>
     <gpxdata:distance>680.00</gpxdata:distance>
     <gpxdata:speed>2.836</gpxdata:speed>
    </extensions>
   </trkpt>
   <trkpt lat="47.3637304" lon="0.6676770">
    <ele>46</ele>
    <time>2026-05-31T17:39:03Z</time>
    <extensions>
     <gpxdata:distance>683.00</gpxdata:distance>
     <gpxdata:speed>2.889</gpxdata:speed>
    </extensions>
   </trkpt>
   <trkpt lat="47.3637291" lon="0.6677163">
    <ele>46</ele>
    <time>2026-05-31T17:39:04Z</time>
    <extensions>
     <gpxdata:distance>686.00</gpxdata:distance>
     <gpxdata:speed>2.942</gpxdata:speed>
    </extensions>
   </trkpt>
   <trkpt lat="47.3637281" lon="0.6677559">
    <ele>46</ele>
    <time>2026-05-31T17:39:05Z</time>
    <extensions>
     <gpxdata:distance>689.00</gpxdata:distance>
     <gpxdata:speed>2.958</gpxdata:speed>
    </extensions>
   </trkpt>
   <trkpt lat="47.3637275" lon="0.6677948">
    <ele>46</ele>
    <time>2026-05-31T17:39:06Z</time>
    <extensions>
     <gpxdata:distance>692.00</gpxdata:distance>
     <gpxdata:speed>2.936</gpxdata:speed>
    </extensions>
   </trkpt>
   <trkpt lat="47.3637269" lon="0.6678333">
    <ele>46</ele>
    <time>2026-05-31T17:39:07Z</time>
    <extensions>
     <gpxdata:distance>695.00</gpxdata:distance>
     <gpxdata:speed>2.911</gpxdata:speed>
    </extensions>
   </trkpt>
   <trkpt lat="47.3637266" lon="0.6678713">
    <ele>46</ele>
    <time>2026-05-31T17:39:08Z</time>
    <extensions>
     <gpxdata:distance>697.50</gpxdata:distance>
     <gpxdata:speed>2.886</gpxdata:speed>
    </extensions>
   </trkpt>
   <trkpt lat="47.3637267" lon="0.6679083">
    <ele>46</ele>
    <time>2026-05-31T17:39:09Z</time>
    <extensions>
     <gpxdata:distance>700.00</gpxdata:distance>
     <gpxdata:speed>2.822</gpxdata:speed>
    </extensions>
   </trkpt>
   <trkpt lat="47.3637277" lon="0.6679435">
    <ele>46</ele>
    <time>2026-05-31T17:39:10Z</time>
    <extensions>
     <gpxdata:distance>702.50</gpxdata:distance>
     <gpxdata:speed>2.717</gpxdata:speed>
    </extensions>
   </trkpt>
   <trkpt lat="47.3637299" lon="0.6679773">
    <ele>46</ele>
    <time>2026-05-31T17:39:11Z</time>
    <extensions>
     <gpxdata:distance>705.00</gpxdata:distance>
     <gpxdata:speed>2.633</gpxdata:speed>
    </extensions>
   </trkpt>
   <trkpt lat="47.3637325" lon="0.6680105">
    <ele>46</ele>
    <time>2026-05-31T17:39:12Z</time>
    <extensions>
     <gpxdata:distance>707.50</gpxdata:distance>
     <gpxdata:speed>2.578</gpxdata:speed>
    </extensions>
   </trkpt>
   <trkpt lat="47.3637352" lon="0.6680437">
    <ele>46</ele>
    <time>2026-05-31T17:39:13Z</time>
    <extensions>
     <gpxdata:distance>710.00</gpxdata:distance>
     <gpxdata:speed>2.553</gpxdata:speed>
    </extensions>
   </trkpt>
   <trkpt lat="47.3637389" lon="0.6680767">
    <ele>46</ele>
    <time>2026-05-31T17:39:14Z</time>
    <extensions>
     <gpxdata:distance>712.50</gpxdata:distance>
     <gpxdata:speed>2.542</gpxdata:speed>
    </extensions>
   </trkpt>
   <trkpt lat="47.3637444" lon="0.6681096">
    <ele>46</ele>
    <time>2026-05-31T17:39:15Z</time>
    <extensions>
     <gpxdata:distance>715.00</gpxdata:distance>
     <gpxdata:speed>2.567</gpxdata:speed>
    </extensions>
   </trkpt>
   <trkpt lat="47.3637513" lon="0.6681427">
    <ele>46</ele>
    <time>2026-05-31T17:39:16Z</time>
    <extensions>
     <gpxdata:distance>717.50</gpxdata:distance>
     <gpxdata:speed>2.603</gpxdata:speed>
    </extensions>
   </trkpt>
   <trkpt lat="47.3637586" lon="0.6681757">
    <ele>46</ele>
    <time>2026-05-31T17:39:17Z</time>
    <extensions>
     <gpxdata:distance>720.00</gpxdata:distance>
     <gpxdata:speed>2.611</gpxdata:speed>
    </extensions>
   </trkpt>
   <trkpt lat="47.3637654" lon="0.6682090">
    <ele>46</ele>
    <time>2026-05-31T17:39:18Z</time>
    <extensions>
     <gpxdata:distance>723.00</gpxdata:distance>
     <gpxdata:speed>2.617</gpxdata:speed>
    </extensions>
   </trkpt>
   <trkpt lat="47.3637715" lon="0.6682426">
    <ele>46</ele>
    <time>2026-05-31T17:39:19Z</time>
    <extensions>
     <gpxdata:distance>726.00</gpxdata:distance>
     <gpxdata:speed>2.625</gpxdata:speed>
    </extensions>
   </trkpt>
   <trkpt lat="47.3637778" lon="0.6682762">
    <ele>46</ele>
    <time>2026-05-31T17:39:20Z</time>
    <extensions>
     <gpxdata:distance>728.50</gpxdata:distance>
     <gpxdata:speed>2.625</gpxdata:speed>
    </extensions>
   </trkpt>
   <trkpt lat="47.3637848" lon="0.6683089">
    <ele>46</ele>
    <time>2026-05-31T17:39:21Z</time>
    <extensions>
     <gpxdata:distance>731.00</gpxdata:distance>
     <gpxdata:speed>2.603</gpxdata:speed>
    </extensions>
   </trkpt>
   <trkpt lat="47.3637926" lon="0.6683416">
    <ele>46</ele>
    <time>2026-05-31T17:39:22Z</time>
    <extensions>
     <gpxdata:distance>734.00</gpxdata:distance>
     <gpxdata:speed>2.622</gpxdata:speed>
    </extensions>
   </trkpt>
   <trkpt lat="47.3638005" lon="0.6683758">
    <ele>46</ele>
    <time>2026-05-31T17:39:23Z</time>
    <extensions>
     <gpxdata:distance>737.00</gpxdata:distance>
     <gpxdata:speed>2.697</gpxdata:speed>
    </extensions>
   </trkpt>
   <trkpt lat="47.3638089" lon="0.6684115">
    <ele>46</ele>
    <time>2026-05-31T17:39:24Z</time>
    <extensions>
     <gpxdata:distance>740.00</gpxdata:distance>
     <gpxdata:speed>2.800</gpxdata:speed>
    </extensions>
   </trkpt>
   <trkpt lat="47.3638173" lon="0.6684486">
    <ele>46</ele>
    <time>2026-05-31T17:39:25Z</time>
    <extensions>
     <gpxdata:distance>743.00</gpxdata:distance>
     <gpxdata:speed>2.889</gpxdata:speed>
    </extensions>
   </trkpt>
   <trkpt lat="47.3638252" lon="0.6684860">
    <ele>46</ele>
    <time>2026-05-31T17:39:26Z</time>
    <extensions>
     <gpxdata:distance>746.00</gpxdata:distance>
     <gpxdata:speed>2.919</gpxdata:speed>
    </extensions>
   </trkpt>
   <trkpt lat="47.3638331" lon="0.6685241">
    <ele>46</ele>
    <time>2026-05-31T17:39:27Z</time>
    <extensions>
     <gpxdata:distance>749.00</gpxdata:distance>
     <gpxdata:speed>2.967</gpxdata:speed>
    </extensions>
   </trkpt>
   <trkpt lat="47.3638414" lon="0.6685623">
    <ele>46</ele>
    <time>2026-05-31T17:39:28Z</time>
    <extensions>
     <gpxdata:distance>752.00</gpxdata:distance>
     <gpxdata:speed>3.000</gpxdata:speed>
    </extensions>
   </trkpt>
   <trkpt lat="47.3638557" lon="0.6686241">
    <ele>46</ele>
    <time>2026-05-31T17:39:29Z</time>
    <extensions>
     <gpxdata:distance>755.00</gpxdata:distance>
     <gpxdata:speed>3.011</gpxdata:speed>
    </extensions>
   </trkpt>
   <trkpt lat="47.3638654" lon="0.6686672">
    <ele>46</ele>
    <time>2026-05-31T17:39:30Z</time>
    <extensions>
     <gpxdata:distance>758.00</gpxdata:distance>
     <gpxdata:speed>3.031</gpxdata:speed>
    </extensions>
   </trkpt>
   <trkpt lat="47.3638731" lon="0.6687072">
    <ele>46</ele>
    <time>2026-05-31T17:39:31Z</time>
    <extensions>
     <gpxdata:distance>761.00</gpxdata:distance>
     <gpxdata:speed>3.042</gpxdata:speed>
    </extensions>
   </trkpt>
   <trkpt lat="47.3638786" lon="0.6687468">
    <ele>46</ele>
    <time>2026-05-31T17:39:32Z</time>
    <extensions>
     <gpxdata:distance>764.00</gpxdata:distance>
     <gpxdata:speed>3.044</gpxdata:speed>
    </extensions>
   </trkpt>
   <trkpt lat="47.3638823" lon="0.6687859">
    <ele>46</ele>
    <time>2026-05-31T17:39:33Z</time>
    <extensions>
     <gpxdata:distance>767.00</gpxdata:distance>
     <gpxdata:speed>3.011</gpxdata:speed>
    </extensions>
   </trkpt>
   <trkpt lat="47.3638853" lon="0.6688246">
    <ele>46</ele>
    <time>2026-05-31T17:39:34Z</time>
    <extensions>
     <gpxdata:distance>770.00</gpxdata:distance>
     <gpxdata:speed>2.978</gpxdata:speed>
    </extensions>
   </trkpt>
   <trkpt lat="47.3638869" lon="0.6688463">
    <ele>46</ele>
    <time>2026-05-31T17:39:35Z</time>
    <extensions>
     <gpxdata:distance>773.00</gpxdata:distance>
     <gpxdata:speed>2.939</gpxdata:speed>
    </extensions>
   </trkpt>
   <trkpt lat="47.3638893" lon="0.6688759">
    <ele>46</ele>
    <time>2026-05-31T17:39:36Z</time>
    <extensions>
     <gpxdata:distance>775.50</gpxdata:distance>
     <gpxdata:speed>2.886</gpxdata:speed>
    </extensions>
   </trkpt>
   <trkpt lat="47.3638918" lon="0.6689089">
    <ele>46</ele>
    <time>2026-05-31T17:39:37Z</time>
    <extensions>
     <gpxdata:distance>778.00</gpxdata:distance>
     <gpxdata:speed>2.817</gpxdata:speed>
    </extensions>
   </trkpt>
   <trkpt lat="47.3638943" lon="0.6689436">
    <ele>46</ele>
    <time>2026-05-31T17:39:38Z</time>
    <extensions>
     <gpxdata:distance>781.00</gpxdata:distance>
     <gpxdata:speed>2.778</gpxdata:speed>
    </extensions>
   </trkpt>
   <trkpt lat="47.3638967" lon="0.6689800">
    <ele>46</ele>
    <time>2026-05-31T17:39:39Z</time>
    <extensions>
     <gpxdata:distance>784.00</gpxdata:distance>
     <gpxdata:speed>2.811</gpxdata:speed>
    </extensions>
   </trkpt>
   <trkpt lat="47.3638989" lon="0.6690178">
    <ele>46</ele>
    <time>2026-05-31T17:39:40Z</time>
    <extensions>
     <gpxdata:distance>787.00</gpxdata:distance>
     <gpxdata:speed>2.861</gpxdata:speed>
    </extensions>
   </trkpt>
   <trkpt lat="47.3639005" lon="0.6690567">
    <ele>46</ele>
    <time>2026-05-31T17:39:41Z</time>
    <extensions>
     <gpxdata:distance>790.00</gpxdata:distance>
     <gpxdata:speed>2.914</gpxdata:speed>
    </extensions>
   </trkpt>
   <trkpt lat="47.3639013" lon="0.6690962">
    <ele>46</ele>
    <time>2026-05-31T17:39:42Z</time>
    <extensions>
     <gpxdata:distance>793.00</gpxdata:distance>
     <gpxdata:speed>2.953</gpxdata:speed>
    </extensions>
   </trkpt>
   <trkpt lat="47.3639005" lon="0.6691364">
    <ele>46</ele>
    <time>2026-05-31T17:39:43Z</time>
    <extensions>
     <gpxdata:distance>796.00</gpxdata:distance>
     <gpxdata:speed>3.008</gpxdata:speed>
    </extensions>
   </trkpt>
   <trkpt lat="47.3638962" lon="0.6692024">
    <ele>46</ele>
    <time>2026-05-31T17:39:44Z</time>
    <extensions>
     <gpxdata:distance>799.00</gpxdata:distance>
     <gpxdata:speed>3.058</gpxdata:speed>
    </extensions>
   </trkpt>
   <trkpt lat="47.3638905" lon="0.6692488">
    <ele>46</ele>
    <time>2026-05-31T17:39:45Z</time>
    <extensions>
     <gpxdata:distance>802.00</gpxdata:distance>
     <gpxdata:speed>3.117</gpxdata:speed>
    </extensions>
   </trkpt>
   <trkpt lat="47.3638827" lon="0.6692911">
    <ele>46</ele>
    <time>2026-05-31T17:39:46Z</time>
    <extensions>
     <gpxdata:distance>805.50</gpxdata:distance>
     <gpxdata:speed>3.169</gpxdata:speed>
    </extensions>
   </trkpt>
   <trkpt lat="47.3638734" lon="0.6693323">
    <ele>46</ele>
    <time>2026-05-31T17:39:47Z</time>
    <extensions>
     <gpxdata:distance>809.00</gpxdata:distance>
     <gpxdata:speed>3.211</gpxdata:speed>
    </extensions>
   </trkpt>
   <trkpt lat="47.3638639" lon="0.6693727">
    <ele>46</ele>
    <time>2026-05-31T17:39:48Z</time>
    <extensions>
     <gpxdata:distance>812.00</gpxdata:distance>
     <gpxdata:speed>3.219</gpxdata:speed>
    </extensions>
   </trkpt>
   <trkpt lat="47.3638540" lon="0.6694122">
    <ele>46</ele>
    <time>2026-05-31T17:39:49Z</time>
    <extensions>
     <gpxdata:distance>815.00</gpxdata:distance>
     <gpxdata:speed>3.200</gpxdata:speed>
    </extensions>
   </trkpt>
   <trkpt lat="47.3638443" lon="0.6694505">
    <ele>46</ele>
    <time>2026-05-31T17:39:50Z</time>
    <extensions>
     <gpxdata:distance>818.00</gpxdata:distance>
     <gpxdata:speed>3.144</gpxdata:speed>
    </extensions>
   </trkpt>
   <trkpt lat="47.3638348" lon="0.6694881">
    <ele>46</ele>
    <time>2026-05-31T17:39:51Z</time>
    <extensions>
     <gpxdata:distance>821.00</gpxdata:distance>
     <gpxdata:speed>3.100</gpxdata:speed>
    </extensions>
   </trkpt>
   <trkpt lat="47.3638249" lon="0.6695256">
    <ele>46</ele>
    <time>2026-05-31T17:39:52Z</time>
    <extensions>
     <gpxdata:distance>824.00</gpxdata:distance>
     <gpxdata:speed>3.081</gpxdata:speed>
    </extensions>
   </trkpt>
   <trkpt lat="47.3638151" lon="0.6695624">
    <ele>46</ele>
    <time>2026-05-31T17:39:53Z</time>
    <extensions>
     <gpxdata:distance>827.00</gpxdata:distance>
     <gpxdata:speed>3.036</gpxdata:speed>
    </extensions>
   </trkpt>
   <trkpt lat="47.3638060" lon="0.6695980">
    <ele>46</ele>
    <time>2026-05-31T17:39:54Z</time>
    <extensions>
     <gpxdata:distance>829.50</gpxdata:distance>
     <gpxdata:speed>2.958</gpxdata:speed>
    </extensions>
   </trkpt>
   <trkpt lat="47.3638010" lon="0.6696177">
    <ele>47</ele>
    <time>2026-05-31T17:39:55Z</time>
    <extensions>
     <gpxdata:distance>832.00</gpxdata:distance>
     <gpxdata:speed>2.875</gpxdata:speed>
    </extensions>
   </trkpt>
   <trkpt lat="47.3637942" lon="0.6696450">
    <ele>47</ele>
    <time>2026-05-31T17:39:56Z</time>
    <extensions>
     <gpxdata:distance>835.00</gpxdata:distance>
     <gpxdata:speed>2.831</gpxdata:speed>
    </extensions>
   </trkpt>
   <trkpt lat="47.3637869" lon="0.6696768">
    <ele>46</ele>
    <time>2026-05-31T17:39:57Z</time>
    <extensions>
     <gpxdata:distance>838.00</gpxdata:distance>
     <gpxdata:speed>2.819</gpxdata:speed>
    </extensions>
   </trkpt>
   <trkpt lat="47.3637803" lon="0.6697108">
    <ele>46</ele>
    <time>2026-05-31T17:39:58Z</time>
    <extensions>
     <gpxdata:distance>840.50</gpxdata:distance>
     <gpxdata:speed>2.794</gpxdata:speed>
    </extensions>
   </trkpt>
   <trkpt lat="47.3637748" lon="0.6697451">
    <ele>46</ele>
    <time>2026-05-31T17:39:59Z</time>
    <extensions>
     <gpxdata:distance>843.00</gpxdata:distance>
     <gpxdata:speed>2.703</gpxdata:speed>
    </extensions>
   </trkpt>
   <trkpt lat="47.3637700" lon="0.6697797">
    <ele>46</ele>
    <time>2026-05-31T17:40:00Z</time>
    <extensions>
     <gpxdata:distance>846.00</gpxdata:distance>
     <gpxdata:speed>2.672</gpxdata:speed>
    </extensions>
   </trkpt>
   <trkpt lat="47.3637652" lon="0.6698154">
    <ele>46</ele>
    <time>2026-05-31T17:40:01Z</time>
    <extensions>
     <gpxdata:distance>849.00</gpxdata:distance>
     <gpxdata:speed>2.736</gpxdata:speed>
    </extensions>
   </trkpt>
   <trkpt lat="47.3637602" lon="0.6698527">
    <ele>46</ele>
    <time>2026-05-31T17:40:02Z</time>
    <extensions>
     <gpxdata:distance>852.00</gpxdata:distance>
     <gpxdata:speed>2.825</gpxdata:speed>
    </extensions>
   </trkpt>
   <trkpt lat="47.3637551" lon="0.6698918">
    <ele>46</ele>
    <time>2026-05-31T17:40:03Z</time>
    <extensions>
     <gpxdata:distance>855.00</gpxdata:distance>
     <gpxdata:speed>2.939</gpxdata:speed>
    </extensions>
   </trkpt>
   <trkpt lat="47.3637504" lon="0.6699315">
    <ele>46</ele>
    <time>2026-05-31T17:40:04Z</time>
    <extensions>
     <gpxdata:distance>858.00</gpxdata:distance>
     <gpxdata:speed>2.986</gpxdata:speed>
    </extensions>
   </trkpt>
   <trkpt lat="47.3637465" lon="0.6699708">
    <ele>46</ele>
    <time>2026-05-31T17:40:05Z</time>
    <extensions>
     <gpxdata:distance>861.00</gpxdata:distance>
     <gpxdata:speed>2.978</gpxdata:speed>
    </extensions>
   </trkpt>
   <trkpt lat="47.3637432" lon="0.6700090">
    <ele>46</ele>
    <time>2026-05-31T17:40:06Z</time>
    <extensions>
     <gpxdata:distance>863.50</gpxdata:distance>
     <gpxdata:speed>2.922</gpxdata:speed>
    </extensions>
   </trkpt>
   <trkpt lat="47.3637402" lon="0.6700458">
    <ele>46</ele>
    <time>2026-05-31T17:40:07Z</time>
    <extensions>
     <gpxdata:distance>866.00</gpxdata:distance>
     <gpxdata:speed>2.833</gpxdata:speed>
    </extensions>
   </trkpt>
   <trkpt lat="47.3637378" lon="0.6700810">
    <ele>46</ele>
    <time>2026-05-31T17:40:08Z</time>
    <extensions>
     <gpxdata:distance>869.00</gpxdata:distance>
     <gpxdata:speed>2.728</gpxdata:speed>
    </extensions>
   </trkpt>
   <trkpt lat="47.3637360" lon="0.6701155">
    <ele>46</ele>
    <time>2026-05-31T17:40:09Z</time>
    <extensions>
     <gpxdata:distance>872.00</gpxdata:distance>
     <gpxdata:speed>2.669</gpxdata:speed>
    </extensions>
   </trkpt>
   <trkpt lat="47.3637348" lon="0.6701499">
    <ele>46</ele>
    <time>2026-05-31T17:40:10Z</time>
    <extensions>
     <gpxdata:distance>874.50</gpxdata:distance>
     <gpxdata:speed>2.633</gpxdata:speed>
    </extensions>
   </trkpt>
   <trkpt lat="47.3637339" lon="0.6701841">
    <ele>46</ele>
    <time>2026-05-31T17:40:11Z</time>
    <extensions>
     <gpxdata:distance>877.00</gpxdata:distance>
     <gpxdata:speed>2.611</gpxdata:speed>
    </extensions>
   </trkpt>
   <trkpt lat="47.3637332" lon="0.6702184">
    <ele>46</ele>
    <time>2026-05-31T17:40:12Z</time>
    <extensions>
     <gpxdata:distance>879.50</gpxdata:distance>
     <gpxdata:speed>2.600</gpxdata:speed>
    </extensions>
   </trkpt>
   <trkpt lat="47.3637338" lon="0.6702530">
    <ele>46</ele>
    <time>2026-05-31T17:40:13Z</time>
    <extensions>
     <gpxdata:distance>882.00</gpxdata:distance>
     <gpxdata:speed>2.611</gpxdata:speed>
    </extensions>
   </trkpt>
   <trkpt lat="47.3637356" lon="0.6702878">
    <ele>46</ele>
    <time>2026-05-31T17:40:14Z</time>
    <extensions>
     <gpxdata:distance>884.50</gpxdata:distance>
     <gpxdata:speed>2.625</gpxdata:speed>
    </extensions>
   </trkpt>
   <trkpt lat="47.3637377" lon="0.6703229">
    <ele>46</ele>
    <time>2026-05-31T17:40:15Z</time>
    <extensions>
     <gpxdata:distance>887.00</gpxdata:distance>
     <gpxdata:speed>2.647</gpxdata:speed>
    </extensions>
   </trkpt>
   <trkpt lat="47.3637397" lon="0.6703582">
    <ele>46</ele>
    <time>2026-05-31T17:40:16Z</time>
    <extensions>
     <gpxdata:distance>890.00</gpxdata:distance>
     <gpxdata:speed>2.658</gpxdata:speed>
    </extensions>
   </trkpt>
   <trkpt lat="47.3637419" lon="0.6703933">
    <ele>46</ele>
    <time>2026-05-31T17:40:17Z</time>
    <extensions>
     <gpxdata:distance>893.00</gpxdata:distance>
     <gpxdata:speed>2.664</gpxdata:speed>
    </extensions>
   </trkpt>
   <trkpt lat="47.3637453" lon="0.6704278">
    <ele>46</ele>
    <time>2026-05-31T17:40:18Z</time>
    <extensions>
     <gpxdata:distance>895.50</gpxdata:distance>
     <gpxdata:speed>2.644</gpxdata:speed>
    </extensions>
   </trkpt>
   <trkpt lat="47.3637500" lon="0.6704610">
    <ele>46</ele>
    <time>2026-05-31T17:40:19Z</time>
    <extensions>
     <gpxdata:distance>898.00</gpxdata:distance>
     <gpxdata:speed>2.606</gpxdata:speed>
    </extensions>
   </trkpt>
   <trkpt lat="47.3637555" lon="0.6704933">
    <ele>46</ele>
    <time>2026-05-31T17:40:20Z</time>
    <extensions>
     <gpxdata:distance>900.00</gpxdata:distance>
     <gpxdata:speed>2.556</gpxdata:speed>
    </extensions>
   </trkpt>
   <trkpt lat="47.3637616" lon="0.6705244">
    <ele>46</ele>
    <time>2026-05-31T17:40:21Z</time>
    <extensions>
     <gpxdata:distance>902.00</gpxdata:distance>
     <gpxdata:speed>2.492</gpxdata:speed>
    </extensions>
   </trkpt>
   <trkpt lat="47.3637684" lon="0.6705543">
    <ele>46</ele>
    <time>2026-05-31T17:40:22Z</time>
    <extensions>
     <gpxdata:distance>904.50</gpxdata:distance>
     <gpxdata:speed>2.431</gpxdata:speed>
    </extensions>
   </trkpt>
   <trkpt lat="47.3637759" lon="0.6705827">
    <ele>46</ele>
    <time>2026-05-31T17:40:23Z</time>
    <extensions>
     <gpxdata:distance>907.00</gpxdata:distance>
     <gpxdata:speed>2.358</gpxdata:speed>
    </extensions>
   </trkpt>
   <trkpt lat="47.3637838" lon="0.6706104">
    <ele>46</ele>
    <time>2026-05-31T17:40:24Z</time>
    <extensions>
     <gpxdata:distance>909.00</gpxdata:distance>
     <gpxdata:speed>2.306</gpxdata:speed>
    </extensions>
   </trkpt>
   <trkpt lat="47.3637919" lon="0.6706378">
    <ele>46</ele>
    <time>2026-05-31T17:40:25Z</time>
    <extensions>
     <gpxdata:distance>911.00</gpxdata:distance>
     <gpxdata:speed>2.283</gpxdata:speed>
    </extensions>
   </trkpt>
   <trkpt lat="47.3638013" lon="0.6706650">
    <ele>46</ele>
    <time>2026-05-31T17:40:26Z</time>
    <extensions>
     <gpxdata:distance>913.50</gpxdata:distance>
     <gpxdata:speed>2.308</gpxdata:speed>
    </extensions>
   </trkpt>
   <trkpt lat="47.3638120" lon="0.6706926">
    <ele>46</ele>
    <time>2026-05-31T17:40:27Z</time>
    <extensions>
     <gpxdata:distance>916.00</gpxdata:distance>
     <gpxdata:speed>2.372</gpxdata:speed>
    </extensions>
   </trkpt>
   <trkpt lat="47.3638229" lon="0.6707212">
    <ele>46</ele>
    <time>2026-05-31T17:40:28Z</time>
    <extensions>
     <gpxdata:distance>919.00</gpxdata:distance>
     <gpxdata:speed>2.439</gpxdata:speed>
    </extensions>
   </trkpt>
   <trkpt lat="47.3638338" lon="0.6707512">
    <ele>46</ele>
    <time>2026-05-31T17:40:29Z</time>
    <extensions>
     <gpxdata:distance>922.00</gpxdata:distance>
     <gpxdata:speed>2.517</gpxdata:speed>
    </extensions>
   </trkpt>
   <trkpt lat="47.3638447" lon="0.6707820">
    <ele>46</ele>
    <time>2026-05-31T17:40:30Z</time>
    <extensions>
     <gpxdata:distance>924.50</gpxdata:distance>
     <gpxdata:speed>2.572</gpxdata:speed>
    </extensions>
   </trkpt>
   <trkpt lat="47.3638562" lon="0.6708132">
    <ele>46</ele>
    <time>2026-05-31T17:40:31Z</time>
    <extensions>
     <gpxdata:distance>927.00</gpxdata:distance>
     <gpxdata:speed>2.633</gpxdata:speed>
    </extensions>
   </trkpt>
   <trkpt lat="47.3638682" lon="0.6708444">
    <ele>46</ele>
    <time>2026-05-31T17:40:32Z</time>
    <extensions>
     <gpxdata:distance>929.50</gpxdata:distance>
     <gpxdata:speed>2.678</gpxdata:speed>
    </extensions>
   </trkpt>
   <trkpt lat="47.3638802" lon="0.6708754">
    <ele>46</ele>
    <time>2026-05-31T17:40:33Z</time>
    <extensions>
     <gpxdata:distance>932.00</gpxdata:distance>
     <gpxdata:speed>2.683</gpxdata:speed>
    </extensions>
   </trkpt>
   <trkpt lat="47.3638918" lon="0.6709059">
    <ele>46</ele>
    <time>2026-05-31T17:40:34Z</time>
    <extensions>
     <gpxdata:distance>935.00</gpxdata:distance>
     <gpxdata:speed>2.650</gpxdata:speed>
    </extensions>
   </trkpt>
   <trkpt lat="47.3639039" lon="0.6709356">
    <ele>46</ele>
    <time>2026-05-31T17:40:35Z</time>
    <extensions>
     <gpxdata:distance>938.00</gpxdata:distance>
     <gpxdata:speed>2.636</gpxdata:speed>
    </extensions>
   </trkpt>
   <trkpt lat="47.3639165" lon="0.6709646">
    <ele>46</ele>
    <time>2026-05-31T17:40:36Z</time>
    <extensions>
     <gpxdata:distance>940.50</gpxdata:distance>
     <gpxdata:speed>2.614</gpxdata:speed>
    </extensions>
   </trkpt>
   <trkpt lat="47.3639285" lon="0.6709933">
    <ele>46</ele>
    <time>2026-05-31T17:40:37Z</time>
    <extensions>
     <gpxdata:distance>943.00</gpxdata:distance>
     <gpxdata:speed>2.578</gpxdata:speed>
    </extensions>
   </trkpt>
   <trkpt lat="47.3639398" lon="0.6710220">
    <ele>46</ele>
    <time>2026-05-31T17:40:38Z</time>
    <extensions>
     <gpxdata:distance>945.00</gpxdata:distance>
     <gpxdata:speed>2.531</gpxdata:speed>
    </extensions>
   </trkpt>
   <trkpt lat="47.3639507" lon="0.6710506">
    <ele>46</ele>
    <time>2026-05-31T17:40:39Z</time>
    <extensions>
     <gpxdata:distance>947.00</gpxdata:distance>
     <gpxdata:speed>2.508</gpxdata:speed>
    </extensions>
   </trkpt>
   <trkpt lat="47.3639619" lon="0.6710790">
    <ele>46</ele>
    <time>2026-05-31T17:40:40Z</time>
    <extensions>
     <gpxdata:distance>949.50</gpxdata:distance>
     <gpxdata:speed>2.489</gpxdata:speed>
    </extensions>
   </trkpt>
   <trkpt lat="47.3639732" lon="0.6711068">
    <ele>46</ele>
    <time>2026-05-31T17:40:41Z</time>
    <extensions>
     <gpxdata:distance>952.00</gpxdata:distance>
     <gpxdata:speed>2.461</gpxdata:speed>
    </extensions>
   </trkpt>
   <trkpt lat="47.3639847" lon="0.6711344">
    <ele>46</ele>
    <time>2026-05-31T17:40:42Z</time>
    <extensions>
     <gpxdata:distance>954.50</gpxdata:distance>
     <gpxdata:speed>2.447</gpxdata:speed>
    </extensions>
   </trkpt>
   <trkpt lat="47.3639967" lon="0.6711615">
    <ele>46</ele>
    <time>2026-05-31T17:40:43Z</time>
    <extensions>
     <gpxdata:distance>957.00</gpxdata:distance>
     <gpxdata:speed>2.447</gpxdata:speed>
    </extensions>
   </trkpt>
   <trkpt lat="47.3640090" lon="0.6711891">
    <ele>46</ele>
    <time>2026-05-31T17:40:44Z</time>
    <extensions>
     <gpxdata:distance>960.00</gpxdata:distance>
     <gpxdata:speed>2.478</gpxdata:speed>
    </extensions>
   </trkpt>
   <trkpt lat="47.3640217" lon="0.6712175">
    <ele>46</ele>
    <time>2026-05-31T17:40:45Z</time>
    <extensions>
     <gpxdata:distance>963.00</gpxdata:distance>
     <gpxdata:speed>2.539</gpxdata:speed>
    </extensions>
   </trkpt>
   <trkpt lat="47.3640353" lon="0.6712465">
    <ele>46</ele>
    <time>2026-05-31T17:40:46Z</time>
    <extensions>
     <gpxdata:distance>965.50</gpxdata:distance>
     <gpxdata:speed>2.617</gpxdata:speed>
    </extensions>
   </trkpt>
   <trkpt lat="47.3640490" lon="0.6712764">
    <ele>46</ele>
    <time>2026-05-31T17:40:47Z</time>
    <extensions>
     <gpxdata:distance>968.00</gpxdata:distance>
     <gpxdata:speed>2.678</gpxdata:speed>
    </extensions>
   </trkpt>
   <trkpt lat="47.3640616" lon="0.6713076">
    <ele>46</ele>
    <time>2026-05-31T17:40:48Z</time>
    <extensions>
     <gpxdata:distance>970.50</gpxdata:distance>
     <gpxdata:speed>2.722</gpxdata:speed>
    </extensions>
   </trkpt>
   <trkpt lat="47.3640729" lon="0.6713394">
    <ele>46</ele>
    <time>2026-05-31T17:40:49Z</time>
    <extensions>
     <gpxdata:distance>973.00</gpxdata:distance>
     <gpxdata:speed>2.708</gpxdata:speed>
    </extensions>
   </trkpt>
   <trkpt lat="47.3640840" lon="0.6713706">
    <ele>46</ele>
    <time>2026-05-31T17:40:50Z</time>
    <extensions>
     <gpxdata:distance>976.00</gpxdata:distance>
     <gpxdata:speed>2.678</gpxdata:speed>
    </extensions>
   </trkpt>
   <trkpt lat="47.3640952" lon="0.6714016">
    <ele>46</ele>
    <time>2026-05-31T17:40:51Z</time>
    <extensions>
     <gpxdata:distance>979.00</gpxdata:distance>
     <gpxdata:speed>2.672</gpxdata:speed>
    </extensions>
   </trkpt>
   <trkpt lat="47.3641062" lon="0.6714330">
    <ele>46</ele>
    <time>2026-05-31T17:40:52Z</time>
    <extensions>
     <gpxdata:distance>981.50</gpxdata:distance>
     <gpxdata:speed>2.681</gpxdata:speed>
    </extensions>
   </trkpt>
   <trkpt lat="47.3641168" lon="0.6714651">
    <ele>46</ele>
    <time>2026-05-31T17:40:53Z</time>
    <extensions>
     <gpxdata:distance>984.00</gpxdata:distance>
     <gpxdata:speed>2.703</gpxdata:speed>
    </extensions>
   </trkpt>
   <trkpt lat="47.3641271" lon="0.6714977">
    <ele>46</ele>
    <time>2026-05-31T17:40:54Z</time>
    <extensions>
     <gpxdata:distance>987.00</gpxdata:distance>
     <gpxdata:speed>2.711</gpxdata:speed>
    </extensions>
   </trkpt>
   <trkpt lat="47.3641369" lon="0.6715306">
    <ele>46</ele>
    <time>2026-05-31T17:40:55Z</time>
    <extensions>
     <gpxdata:distance>990.00</gpxdata:distance>
     <gpxdata:speed>2.708</gpxdata:speed>
    </extensions>
   </trkpt>
   <trkpt lat="47.3641454" lon="0.6715641">
    <ele>46</ele>
    <time>2026-05-31T17:40:56Z</time>
    <extensions>
     <gpxdata:distance>992.50</gpxdata:distance>
     <gpxdata:speed>2.708</gpxdata:speed>
    </extensions>
   </trkpt>
   <trkpt lat="47.3641530" lon="0.6715982">
    <ele>46</ele>
    <time>2026-05-31T17:40:57Z</time>
    <extensions>
     <gpxdata:distance>995.00</gpxdata:distance>
     <gpxdata:speed>2.711</gpxdata:speed>
    </extensions>
   </trkpt>
   <trkpt lat="47.3641606" lon="0.6716319">
    <ele>46</ele>
    <time>2026-05-31T17:40:58Z</time>
    <extensions>
     <gpxdata:distance>997.50</gpxdata:distance>
     <gpxdata:speed>2.692</gpxdata:speed>
    </extensions>
   </trkpt>
   <trkpt lat="47.3641683" lon="0.6716655">
    <ele>46</ele>
    <time>2026-05-31T17:40:59Z</time>
    <extensions>
     <gpxdata:distance>1000.00</gpxdata:distance>
     <gpxdata:speed>2.681</gpxdata:speed>
    </extensions>
   </trkpt>
   <trkpt lat="47.3641757" lon="0.6716992">
    <ele>46</ele>
    <time>2026-05-31T17:41:00Z</time>
    <extensions>
     <gpxdata:distance>1003.00</gpxdata:distance>
     <gpxdata:speed>2.681</gpxdata:speed>
    </extensions>
   </trkpt>
   <trkpt lat="47.3641827" lon="0.6717331">
    <ele>46</ele>
    <time>2026-05-31T17:41:01Z</time>
    <extensions>
     <gpxdata:distance>1006.00</gpxdata:distance>
     <gpxdata:speed>2.675</gpxdata:speed>
    </extensions>
   </trkpt>
   <trkpt lat="47.3641893" lon="0.6717670">
    <ele>46</ele>
    <time>2026-05-31T17:41:02Z</time>
    <extensions>
     <gpxdata:distance>1008.50</gpxdata:distance>
     <gpxdata:speed>2.664</gpxdata:speed>
    </extensions>
   </trkpt>
   <trkpt lat="47.3641955" lon="0.6718001">
    <ele>46</ele>
    <time>2026-05-31T17:41:03Z</time>
    <extensions>
     <gpxdata:distance>1011.00</gpxdata:distance>
     <gpxdata:speed>2.611</gpxdata:speed>
    </extensions>
   </trkpt>
   <trkpt lat="47.3642022" lon="0.6718322">
    <ele>46</ele>
    <time>2026-05-31T17:41:04Z</time>
    <extensions>
     <gpxdata:distance>1013.50</gpxdata:distance>
     <gpxdata:speed>2.561</gpxdata:speed>
    </extensions>
   </trkpt>
   <trkpt lat="47.3642097" lon="0.6718632">
    <ele>46</ele>
    <time>2026-05-31T17:41:05Z</time>
    <extensions>
     <gpxdata:distance>1016.00</gpxdata:distance>
     <gpxdata:speed>2.519</gpxdata:speed>
    </extensions>
   </trkpt>
   <trkpt lat="47.3642180" lon="0.6718934">
    <ele>47</ele>
    <time>2026-05-31T17:41:06Z</time>
    <extensions>
     <gpxdata:distance>1018.50</gpxdata:distance>
     <gpxdata:speed>2.489</gpxdata:speed>
    </extensions>
   </trkpt>
   <trkpt lat="47.3642263" lon="0.6719240">
    <ele>47</ele>
    <time>2026-05-31T17:41:07Z</time>
    <extensions>
     <gpxdata:distance>1021.00</gpxdata:distance>
     <gpxdata:speed>2.497</gpxdata:speed>
    </extensions>
   </trkpt>
   <trkpt lat="47.3642343" lon="0.6719555">
    <ele>47</ele>
    <time>2026-05-31T17:41:08Z</time>
    <extensions>
     <gpxdata:distance>1023.50</gpxdata:distance>
     <gpxdata:speed>2.528</gpxdata:speed>
    </extensions>
   </trkpt>
   <trkpt lat="47.3642419" lon="0.6719884">
    <ele>46</ele>
    <time>2026-05-31T17:41:09Z</time>
    <extensions>
     <gpxdata:distance>1026.00</gpxdata:distance>
     <gpxdata:speed>2.594</gpxdata:speed>
    </extensions>
   </trkpt>
   <trkpt lat="47.3642499" lon="0.6720225">
    <ele>46</ele>
    <time>2026-05-31T17:41:10Z</time>
    <extensions>
     <gpxdata:distance>1029.00</gpxdata:distance>
     <gpxdata:speed>2.675</gpxdata:speed>
    </extensions>
   </trkpt>
   <trkpt lat="47.3642591" lon="0.6720569">
    <ele>46</ele>
    <time>2026-05-31T17:41:11Z</time>
    <extensions>
     <gpxdata:distance>1032.00</gpxdata:distance>
     <gpxdata:speed>2.744</gpxdata:speed>
    </extensions>
   </trkpt>
   <trkpt lat="47.3642699" lon="0.6720909">
    <ele>46</ele>
    <time>2026-05-31T17:41:12Z</time>
    <extensions>
     <gpxdata:distance>1034.50</gpxdata:distance>
     <gpxdata:speed>2.794</gpxdata:speed>
    </extensions>
   </trkpt>
   <trkpt lat="47.3642814" lon="0.6721244">
    <ele>46</ele>
    <time>2026-05-31T17:41:13Z</time>
    <extensions>
     <gpxdata:distance>1037.00</gpxdata:distance>
     <gpxdata:speed>2.819</gpxdata:speed>
    </extensions>
   </trkpt>
   <trkpt lat="47.3642928" lon="0.6721577">
    <ele>46</ele>
    <time>2026-05-31T17:41:14Z</time>
    <extensions>
     <gpxdata:distance>1040.00</gpxdata:distance>
     <gpxdata:speed>2.814</gpxdata:speed>
    </extensions>
   </trkpt>
   <trkpt lat="47.3643030" lon="0.6721912">
    <ele>46</ele>
    <time>2026-05-31T17:41:15Z</time>
    <extensions>
     <gpxdata:distance>1043.00</gpxdata:distance>
     <gpxdata:speed>2.794</gpxdata:speed>
    </extensions>
   </trkpt>
   <trkpt lat="47.3643123" lon="0.6722244">
    <ele>46</ele>
    <time>2026-05-31T17:41:16Z</time>
    <extensions>
     <gpxdata:distance>1045.50</gpxdata:distance>
     <gpxdata:speed>2.747</gpxdata:speed>
    </extensions>
   </trkpt>
   <trkpt lat="47.3643217" lon="0.6722570">
    <ele>46</ele>
    <time>2026-05-31T17:41:17Z</time>
    <extensions>
     <gpxdata:distance>1048.00</gpxdata:distance>
     <gpxdata:speed>2.708</gpxdata:speed>
    </extensions>
   </trkpt>
   <trkpt lat="47.3643316" lon="0.6722888">
    <ele>46</ele>
    <time>2026-05-31T17:41:18Z</time>
    <extensions>
     <gpxdata:distance>1050.50</gpxdata:distance>
     <gpxdata:speed>2.675</gpxdata:speed>
    </extensions>
   </trkpt>
   <trkpt lat="47.3643413" lon="0.6723199">
    <ele>46</ele>
    <time>2026-05-31T17:41:19Z</time>
    <extensions>
     <gpxdata:distance>1053.00</gpxdata:distance>
     <gpxdata:speed>2.625</gpxdata:speed>
    </extensions>
   </trkpt>
   <trkpt lat="47.3643501" lon="0.6723500">
    <ele>46</ele>
    <time>2026-05-31T17:41:20Z</time>
    <extensions>
     <gpxdata:distance>1055.00</gpxdata:distance>
     <gpxdata:speed>2.531</gpxdata:speed>
    </extensions>
   </trkpt>
   <trkpt lat="47.3643576" lon="0.6723787">
    <ele>46</ele>
    <time>2026-05-31T17:41:21Z</time>
    <extensions>
     <gpxdata:distance>1057.00</gpxdata:distance>
     <gpxdata:speed>2.389</gpxdata:speed>
    </extensions>
   </trkpt>
   <trkpt lat="47.3643641" lon="0.6724059">
    <ele>46</ele>
    <time>2026-05-31T17:41:22Z</time>
    <extensions>
     <gpxdata:distance>1059.00</gpxdata:distance>
     <gpxdata:speed>2.256</gpxdata:speed>
    </extensions>
   </trkpt>
   <trkpt lat="47.3643703" lon="0.6724325">
    <ele>46</ele>
    <time>2026-05-31T17:41:23Z</time>
    <extensions>
     <gpxdata:distance>1061.00</gpxdata:distance>
     <gpxdata:speed>2.164</gpxdata:speed>
    </extensions>
   </trkpt>
   <trkpt lat="47.3643761" lon="0.6724590">
    <ele>46</ele>
    <time>2026-05-31T17:41:24Z</time>
    <extensions>
     <gpxdata:distance>1063.50</gpxdata:distance>
     <gpxdata:speed>2.108</gpxdata:speed>
    </extensions>
   </trkpt>
   <trkpt lat="47.3643814" lon="0.6724861">
    <ele>46</ele>
    <time>2026-05-31T17:41:25Z</time>
    <extensions>
     <gpxdata:distance>1066.00</gpxdata:distance>
     <gpxdata:speed>2.136</gpxdata:speed>
    </extensions>
   </trkpt>
   <trkpt lat="47.3643859" lon="0.6725134">
    <ele>46</ele>
    <time>2026-05-31T17:41:26Z</time>
    <extensions>
     <gpxdata:distance>1068.00</gpxdata:distance>
     <gpxdata:speed>2.111</gpxdata:speed>
    </extensions>
   </trkpt>
   <trkpt lat="47.3643892" lon="0.6725404">
    <ele>46</ele>
    <time>2026-05-31T17:41:27Z</time>
    <extensions>
     <gpxdata:distance>1070.00</gpxdata:distance>
     <gpxdata:speed>2.053</gpxdata:speed>
    </extensions>
   </trkpt>
   <trkpt lat="47.3643916" lon="0.6725673">
    <ele>46</ele>
    <time>2026-05-31T17:41:28Z</time>
    <extensions>
     <gpxdata:distance>1072.00</gpxdata:distance>
     <gpxdata:speed>2.031</gpxdata:speed>
    </extensions>
   </trkpt>
   <trkpt lat="47.3643934" lon="0.6725936">
    <ele>46</ele>
    <time>2026-05-31T17:41:29Z</time>
    <extensions>
     <gpxdata:distance>1074.00</gpxdata:distance>
     <gpxdata:speed>1.981</gpxdata:speed>
    </extensions>
   </trkpt>
   <trkpt lat="47.3643947" lon="0.6726123">
    <ele>46</ele>
    <time>2026-05-31T17:41:30Z</time>
    <extensions>
     <gpxdata:distance>1076.00</gpxdata:distance>
     <gpxdata:speed>1.956</gpxdata:speed>
    </extensions>
   </trkpt>
   <trkpt lat="47.3643966" lon="0.6726341">
    <ele>46</ele>
    <time>2026-05-31T17:41:31Z</time>
    <extensions>
     <gpxdata:distance>1078.00</gpxdata:distance>
     <gpxdata:speed>1.956</gpxdata:speed>
    </extensions>
   </trkpt>
   <trkpt lat="47.3643991" lon="0.6726580">
    <ele>46</ele>
    <time>2026-05-31T17:41:32Z</time>
    <extensions>
     <gpxdata:distance>1080.00</gpxdata:distance>
     <gpxdata:speed>1.972</gpxdata:speed>
    </extensions>
   </trkpt>
   <trkpt lat="47.3644016" lon="0.6726833">
    <ele>46</ele>
    <time>2026-05-31T17:41:33Z</time>
    <extensions>
     <gpxdata:distance>1082.00</gpxdata:distance>
     <gpxdata:speed>2.000</gpxdata:speed>
    </extensions>
   </trkpt>
   <trkpt lat="47.3644040" lon="0.6727186">
    <ele>46</ele>
    <time>2026-05-31T17:41:34Z</time>
    <extensions>
     <gpxdata:distance>1084.00</gpxdata:distance>
     <gpxdata:speed>2.011</gpxdata:speed>
    </extensions>
   </trkpt>
   <trkpt lat="47.3644044" lon="0.6727484">
    <ele>46</ele>
    <time>2026-05-31T17:41:35Z</time>
    <extensions>
     <gpxdata:distance>1086.00</gpxdata:distance>
     <gpxdata:speed>2.006</gpxdata:speed>
    </extensions>
   </trkpt>
   <trkpt lat="47.3644028" lon="0.6727762">
    <ele>46</ele>
    <time>2026-05-31T17:41:36Z</time>
    <extensions>
     <gpxdata:distance>1088.00</gpxdata:distance>
     <gpxdata:speed>2.022</gpxdata:speed>
    </extensions>
   </trkpt>
   <trkpt lat="47.3644002" lon="0.6728038">
    <ele>46</ele>
    <time>2026-05-31T17:41:37Z</time>
    <extensions>
     <gpxdata:distance>1090.00</gpxdata:distance>
     <gpxdata:speed>2.061</gpxdata:speed>
    </extensions>
   </trkpt>
   <trkpt lat="47.3643976" lon="0.6728319">
    <ele>46</ele>
    <time>2026-05-31T17:41:38Z</time>
    <extensions>
     <gpxdata:distance>1092.00</gpxdata:distance>
     <gpxdata:speed>2.106</gpxdata:speed>
    </extensions>
   </trkpt>
   <trkpt lat="47.3643950" lon="0.6728602">
    <ele>46</ele>
    <time>2026-05-31T17:41:39Z</time>
    <extensions>
     <gpxdata:distance>1094.00</gpxdata:distance>
     <gpxdata:speed>2.122</gpxdata:speed>
    </extensions>
   </trkpt>
   <trkpt lat="47.3643930" lon="0.6728880">
    <ele>46</ele>
    <time>2026-05-31T17:41:40Z</time>
    <extensions>
     <gpxdata:distance>1096.00</gpxdata:distance>
     <gpxdata:speed>2.108</gpxdata:speed>
    </extensions>
   </trkpt>
   <trkpt lat="47.3643926" lon="0.6729150">
    <ele>46</ele>
    <time>2026-05-31T17:41:41Z</time>
    <extensions>
     <gpxdata:distance>1098.00</gpxdata:distance>
     <gpxdata:speed>2.069</gpxdata:speed>
    </extensions>
   </trkpt>
   <trkpt lat="47.3643935" lon="0.6729409">
    <ele>46</ele>
    <time>2026-05-31T17:41:42Z</time>
    <extensions>
     <gpxdata:distance>1100.00</gpxdata:distance>
     <gpxdata:speed>2.003</gpxdata:speed>
    </extensions>
   </trkpt>
   <trkpt lat="47.3643950" lon="0.6729659">
    <ele>46</ele>
    <time>2026-05-31T17:41:43Z</time>
    <extensions>
     <gpxdata:distance>1102.00</gpxdata:distance>
     <gpxdata:speed>1.939</gpxdata:speed>
    </extensions>
   </trkpt>
   <trkpt lat="47.3643962" lon="0.6729834">
    <ele>46</ele>
    <time>2026-05-31T17:41:44Z</time>
    <extensions>
     <gpxdata:distance>1103.50</gpxdata:distance>
     <gpxdata:speed>1.886</gpxdata:speed>
    </extensions>
   </trkpt>
   <trkpt lat="47.3643982" lon="0.6730037">
    <ele>46</ele>
    <time>2026-05-31T17:41:45Z</time>
    <extensions>
     <gpxdata:distance>1105.00</gpxdata:distance>
     <gpxdata:speed>1.844</gpxdata:speed>
    </extensions>
   </trkpt>
   <trkpt lat="47.3644023" lon="0.6730239">
    <ele>46</ele>
    <time>2026-05-31T17:41:46Z</time>
    <extensions>
     <gpxdata:distance>1106.50</gpxdata:distance>
     <gpxdata:speed>1.808</gpxdata:speed>
    </extensions>
   </trkpt>
   <trkpt lat="47.3644100" lon="0.6730412">
    <ele>46</ele>
    <time>2026-05-31T17:41:47Z</time>
    <extensions>
     <gpxdata:distance>1108.00</gpxdata:distance>
     <gpxdata:speed>1.839</gpxdata:speed>
    </extensions>
   </trkpt>
   <trkpt lat="47.3644212" lon="0.6730543">
    <ele>46</ele>
    <time>2026-05-31T17:41:48Z</time>
    <extensions>
     <gpxdata:distance>1110.00</gpxdata:distance>
     <gpxdata:speed>1.894</gpxdata:speed>
    </extensions>
   </trkpt>
   <trkpt lat="47.3644351" lon="0.6730636">
    <ele>46</ele>
    <time>2026-05-31T17:41:49Z</time>
    <extensions>
     <gpxdata:distance>1112.00</gpxdata:distance>
     <gpxdata:speed>1.967</gpxdata:speed>
    </extensions>
   </trkpt>
   <trkpt lat="47.3644511" lon="0.6730704">
    <ele>46</ele>
    <time>2026-05-31T17:41:50Z</time>
    <extensions>
     <gpxdata:distance>1114.00</gpxdata:distance>
     <gpxdata:speed>2.042</gpxdata:speed>
    </extensions>
   </trkpt>
   <trkpt lat="47.3644745" lon="0.6730774">
    <ele>46</ele>
    <time>2026-05-31T17:41:51Z</time>
    <extensions>
     <gpxdata:distance>1116.00</gpxdata:distance>
     <gpxdata:speed>2.092</gpxdata:speed>
    </extensions>
   </trkpt>
   <trkpt lat="47.3644948" lon="0.6730826">
    <ele>46</ele>
    <time>2026-05-31T17:41:52Z</time>
    <extensions>
     <gpxdata:distance>1118.00</gpxdata:distance>
     <gpxdata:speed>2.108</gpxdata:speed>
    </extensions>
   </trkpt>
   <trkpt lat="47.3645140" lon="0.6730880">
    <ele>46</ele>
    <time>2026-05-31T17:41:53Z</time>
    <extensions>
     <gpxdata:distance>1120.00</gpxdata:distance>
     <gpxdata:speed>2.133</gpxdata:speed>
    </extensions>
   </trkpt>
   <trkpt lat="47.3645335" lon="0.6730938">
    <ele>46</ele>
    <time>2026-05-31T17:41:54Z</time>
    <extensions>
     <gpxdata:distance>1122.50</gpxdata:distance>
     <gpxdata:speed>2.194</gpxdata:speed>
    </extensions>
   </trkpt>
   <trkpt lat="47.3645536" lon="0.6730997">
    <ele>46</ele>
    <time>2026-05-31T17:41:55Z</time>
    <extensions>
     <gpxdata:distance>1125.00</gpxdata:distance>
     <gpxdata:speed>2.286</gpxdata:speed>
    </extensions>
   </trkpt>
   <trkpt lat="47.3645741" lon="0.6731063">
    <ele>46</ele>
    <time>2026-05-31T17:41:56Z</time>
    <extensions>
     <gpxdata:distance>1127.50</gpxdata:distance>
     <gpxdata:speed>2.350</gpxdata:speed>
    </extensions>
   </trkpt>
   <trkpt lat="47.3645942" lon="0.6731134">
    <ele>46</ele>
    <time>2026-05-31T17:41:57Z</time>
    <extensions>
     <gpxdata:distance>1130.00</gpxdata:distance>
     <gpxdata:speed>2.317</gpxdata:speed>
    </extensions>
   </trkpt>
   <trkpt lat="47.3646139" lon="0.6731216">
    <ele>46</ele>
    <time>2026-05-31T17:41:58Z</time>
    <extensions>
     <gpxdata:distance>1132.50</gpxdata:distance>
     <gpxdata:speed>2.300</gpxdata:speed>
    </extensions>
   </trkpt>
   <trkpt lat="47.3646337" lon="0.6731308">
    <ele>46</ele>
    <time>2026-05-31T17:41:59Z</time>
    <extensions>
     <gpxdata:distance>1135.00</gpxdata:distance>
     <gpxdata:speed>2.317</gpxdata:speed>
    </extensions>
   </trkpt>
   <trkpt lat="47.3646539" lon="0.6731403">
    <ele>46</ele>
    <time>2026-05-31T17:42:00Z</time>
    <extensions>
     <gpxdata:distance>1137.00</gpxdata:distance>
     <gpxdata:speed>2.347</gpxdata:speed>
    </extensions>
   </trkpt>
   <trkpt lat="47.3646737" lon="0.6731498">
    <ele>46</ele>
    <time>2026-05-31T17:42:01Z</time>
    <extensions>
     <gpxdata:distance>1139.00</gpxdata:distance>
     <gpxdata:speed>2.322</gpxdata:speed>
    </extensions>
   </trkpt>
   <trkpt lat="47.3646930" lon="0.6731585">
    <ele>46</ele>
    <time>2026-05-31T17:42:02Z</time>
    <extensions>
     <gpxdata:distance>1141.00</gpxdata:distance>
     <gpxdata:speed>2.275</gpxdata:speed>
    </extensions>
   </trkpt>
   <trkpt lat="47.3647122" lon="0.6731654">
    <ele>46</ele>
    <time>2026-05-31T17:42:03Z</time>
    <extensions>
     <gpxdata:distance>1143.00</gpxdata:distance>
     <gpxdata:speed>2.231</gpxdata:speed>
    </extensions>
   </trkpt>
   <trkpt lat="47.3647312" lon="0.6731708">
    <ele>46</ele>
    <time>2026-05-31T17:42:04Z</time>
    <extensions>
     <gpxdata:distance>1145.50</gpxdata:distance>
     <gpxdata:speed>2.192</gpxdata:speed>
    </extensions>
   </trkpt>
   <trkpt lat="47.3647503" lon="0.6731748">
    <ele>46</ele>
    <time>2026-05-31T17:42:05Z</time>
    <extensions>
     <gpxdata:distance>1148.00</gpxdata:distance>
     <gpxdata:speed>2.178</gpxdata:speed>
    </extensions>
   </trkpt>
   <trkpt lat="47.3647691" lon="0.6731780">
    <ele>46</ele>
    <time>2026-05-31T17:42:06Z</time>
    <extensions>
     <gpxdata:distance>1149.50</gpxdata:distance>
     <gpxdata:speed>2.119</gpxdata:speed>
    </extensions>
   </trkpt>
   <trkpt lat="47.3647868" lon="0.6731805">
    <ele>46</ele>
    <time>2026-05-31T17:42:07Z</time>
    <extensions>
     <gpxdata:distance>1151.00</gpxdata:distance>
     <gpxdata:speed>2.025</gpxdata:speed>
    </extensions>
   </trkpt>
   <trkpt lat="47.3648042" lon="0.6731819">
    <ele>46</ele>
    <time>2026-05-31T17:42:08Z</time>
    <extensions>
     <gpxdata:distance>1153.00</gpxdata:distance>
     <gpxdata:speed>1.975</gpxdata:speed>
    </extensions>
   </trkpt>
   <trkpt lat="47.3648169" lon="0.6731824">
    <ele>46</ele>
    <time>2026-05-31T17:42:09Z</time>
    <extensions>
     <gpxdata:distance>1155.00</gpxdata:distance>
     <gpxdata:speed>1.972</gpxdata:speed>
    </extensions>
   </trkpt>
   <trkpt lat="47.3648324" lon="0.6731817">
    <ele>46</ele>
    <time>2026-05-31T17:42:10Z</time>
    <extensions>
     <gpxdata:distance>1157.50</gpxdata:distance>
     <gpxdata:speed>2.017</gpxdata:speed>
    </extensions>
   </trkpt>
   <trkpt lat="47.3648555" lon="0.6731795">
    <ele>46</ele>
    <time>2026-05-31T17:42:11Z</time>
    <extensions>
     <gpxdata:distance>1160.00</gpxdata:distance>
     <gpxdata:speed>2.039</gpxdata:speed>
    </extensions>
   </trkpt>
   <trkpt lat="47.3648759" lon="0.6731773">
    <ele>46</ele>
    <time>2026-05-31T17:42:12Z</time>
    <extensions>
     <gpxdata:distance>1162.00</gpxdata:distance>
     <gpxdata:speed>2.056</gpxdata:speed>
    </extensions>
   </trkpt>
   <trkpt lat="47.3648952" lon="0.6731751">
    <ele>46</ele>
    <time>2026-05-31T17:42:13Z</time>
    <extensions>
     <gpxdata:distance>1164.00</gpxdata:distance>
     <gpxdata:speed>2.058</gpxdata:speed>
    </extensions>
   </trkpt>
   <trkpt lat="47.3649138" lon="0.6731717">
    <ele>46</ele>
    <time>2026-05-31T17:42:14Z</time>
    <extensions>
     <gpxdata:distance>1166.00</gpxdata:distance>
     <gpxdata:speed>2.056</gpxdata:speed>
    </extensions>
   </trkpt>
   <trkpt lat="47.3649320" lon="0.6731669">
    <ele>46</ele>
    <time>2026-05-31T17:42:15Z</time>
    <extensions>
     <gpxdata:distance>1168.00</gpxdata:distance>
     <gpxdata:speed>2.050</gpxdata:speed>
    </extensions>
   </trkpt>
   <trkpt lat="47.3649498" lon="0.6731615">
    <ele>46</ele>
    <time>2026-05-31T17:42:16Z</time>
    <extensions>
     <gpxdata:distance>1170.00</gpxdata:distance>
     <gpxdata:speed>2.031</gpxdata:speed>
    </extensions>
   </trkpt>
   <trkpt lat="47.3649670" lon="0.6731560">
    <ele>46</ele>
    <time>2026-05-31T17:42:17Z</time>
    <extensions>
     <gpxdata:distance>1172.00</gpxdata:distance>
     <gpxdata:speed>1.983</gpxdata:speed>
    </extensions>
   </trkpt>
   <trkpt lat="47.3649794" lon="0.6731521">
    <ele>46</ele>
    <time>2026-05-31T17:42:18Z</time>
    <extensions>
     <gpxdata:distance>1174.00</gpxdata:distance>
     <gpxdata:speed>1.981</gpxdata:speed>
    </extensions>
   </trkpt>
   <trkpt lat="47.3649941" lon="0.6731471">
    <ele>46</ele>
    <time>2026-05-31T17:42:19Z</time>
    <extensions>
     <gpxdata:distance>1176.00</gpxdata:distance>
     <gpxdata:speed>1.983</gpxdata:speed>
    </extensions>
   </trkpt>
   <trkpt lat="47.3650101" lon="0.6731410">
    <ele>46</ele>
    <time>2026-05-31T17:42:20Z</time>
    <extensions>
     <gpxdata:distance>1178.00</gpxdata:distance>
     <gpxdata:speed>1.997</gpxdata:speed>
    </extensions>
   </trkpt>
   <trkpt lat="47.3650266" lon="0.6731343">
    <ele>46</ele>
    <time>2026-05-31T17:42:21Z</time>
    <extensions>
     <gpxdata:distance>1180.00</gpxdata:distance>
     <gpxdata:speed>1.983</gpxdata:speed>
    </extensions>
   </trkpt>
   <trkpt lat="47.3650433" lon="0.6731280">
    <ele>46</ele>
    <time>2026-05-31T17:42:22Z</time>
    <extensions>
     <gpxdata:distance>1181.50</gpxdata:distance>
     <gpxdata:speed>1.961</gpxdata:speed>
    </extensions>
   </trkpt>
   <trkpt lat="47.3650599" lon="0.6731217">
    <ele>46</ele>
    <time>2026-05-31T17:42:23Z</time>
    <extensions>
     <gpxdata:distance>1183.00</gpxdata:distance>
     <gpxdata:speed>1.936</gpxdata:speed>
    </extensions>
   </trkpt>
   <trkpt lat="47.3650760" lon="0.6731152">
    <ele>46</ele>
    <time>2026-05-31T17:42:24Z</time>
    <extensions>
     <gpxdata:distance>1185.00</gpxdata:distance>
     <gpxdata:speed>1.878</gpxdata:speed>
    </extensions>
   </trkpt>
   <trkpt lat="47.3650919" lon="0.6731095">
    <ele>46</ele>
    <time>2026-05-31T17:42:25Z</time>
    <extensions>
     <gpxdata:distance>1187.00</gpxdata:distance>
     <gpxdata:speed>1.831</gpxdata:speed>
    </extensions>
   </trkpt>
   <trkpt lat="47.3651076" lon="0.6731065">
    <ele>46</ele>
    <time>2026-05-31T17:42:26Z</time>
    <extensions>
     <gpxdata:distance>1188.50</gpxdata:distance>
     <gpxdata:speed>1.811</gpxdata:speed>
    </extensions>
   </trkpt>
   <trkpt lat="47.3651224" lon="0.6731081">
    <ele>46</ele>
    <time>2026-05-31T17:42:27Z</time>
    <extensions>
     <gpxdata:distance>1190.00</gpxdata:distance>
     <gpxdata:speed>1.775</gpxdata:speed>
    </extensions>
   </trkpt>
   <trkpt lat="47.3651353" lon="0.6731149">
    <ele>46</ele>
    <time>2026-05-31T17:42:28Z</time>
    <extensions>
     <gpxdata:distance>1191.00</gpxdata:distance>
     <gpxdata:speed>1.750</gpxdata:speed>
    </extensions>
   </trkpt>
   <trkpt lat="47.3651454" lon="0.6731267">
    <ele>46</ele>
    <time>2026-05-31T17:42:29Z</time>
    <extensions>
     <gpxdata:distance>1192.00</gpxdata:distance>
     <gpxdata:speed>1.739</gpxdata:speed>
    </extensions>
   </trkpt>
   <trkpt lat="47.3651528" lon="0.6731426">
    <ele>46</ele>
    <time>2026-05-31T17:42:30Z</time>
    <extensions>
     <gpxdata:distance>1194.00</gpxdata:distance>
     <gpxdata:speed>1.753</gpxdata:speed>
    </extensions>
   </trkpt>
   <trkpt lat="47.3651586" lon="0.6731617">
    <ele>46</ele>
    <time>2026-05-31T17:42:31Z</time>
    <extensions>
     <gpxdata:distance>1196.00</gpxdata:distance>
     <gpxdata:speed>1.806</gpxdata:speed>
    </extensions>
   </trkpt>
   <trkpt lat="47.3651635" lon="0.6731833">
    <ele>46</ele>
    <time>2026-05-31T17:42:32Z</time>
    <extensions>
     <gpxdata:distance>1198.00</gpxdata:distance>
     <gpxdata:speed>1.875</gpxdata:speed>
    </extensions>
   </trkpt>
   <trkpt lat="47.3651684" lon="0.6732065">
    <ele>46</ele>
    <time>2026-05-31T17:42:33Z</time>
    <extensions>
     <gpxdata:distance>1200.00</gpxdata:distance>
     <gpxdata:speed>1.936</gpxdata:speed>
    </extensions>
   </trkpt>
   <trkpt lat="47.3651734" lon="0.6732306">
    <ele>46</ele>
    <time>2026-05-31T17:42:34Z</time>
    <extensions>
     <gpxdata:distance>1202.00</gpxdata:distance>
     <gpxdata:speed>1.975</gpxdata:speed>
    </extensions>
   </trkpt>
   <trkpt lat="47.3651783" lon="0.6732553">
    <ele>46</ele>
    <time>2026-05-31T17:42:35Z</time>
    <extensions>
     <gpxdata:distance>1204.00</gpxdata:distance>
     <gpxdata:speed>1.994</gpxdata:speed>
    </extensions>
   </trkpt>
   <trkpt lat="47.3651831" lon="0.6732801">
    <ele>46</ele>
    <time>2026-05-31T17:42:36Z</time>
    <extensions>
     <gpxdata:distance>1206.00</gpxdata:distance>
     <gpxdata:speed>1.992</gpxdata:speed>
    </extensions>
   </trkpt>
   <trkpt lat="47.3651875" lon="0.6733045">
    <ele>46</ele>
    <time>2026-05-31T17:42:37Z</time>
    <extensions>
     <gpxdata:distance>1208.00</gpxdata:distance>
     <gpxdata:speed>1.950</gpxdata:speed>
    </extensions>
   </trkpt>
   <trkpt lat="47.3651911" lon="0.6733289">
    <ele>46</ele>
    <time>2026-05-31T17:42:38Z</time>
    <extensions>
     <gpxdata:distance>1209.50</gpxdata:distance>
     <gpxdata:speed>1.917</gpxdata:speed>
    </extensions>
   </trkpt>
   <trkpt lat="47.3651937" lon="0.6733528">
    <ele>46</ele>
    <time>2026-05-31T17:42:39Z</time>
    <extensions>
     <gpxdata:distance>1211.00</gpxdata:distance>
     <gpxdata:speed>1.869</gpxdata:speed>
    </extensions>
   </trkpt>
   <trkpt lat="47.3651957" lon="0.6733768">
    <ele>46</ele>
    <time>2026-05-31T17:42:40Z</time>
    <extensions>
     <gpxdata:distance>1213.00</gpxdata:distance>
     <gpxdata:speed>1.853</gpxdata:speed>
    </extensions>
   </trkpt>
   <trkpt lat="47.3651972" lon="0.6734012">
    <ele>46</ele>
    <time>2026-05-31T17:42:41Z</time>
    <extensions>
     <gpxdata:distance>1215.00</gpxdata:distance>
     <gpxdata:speed>1.864</gpxdata:speed>
    </extensions>
   </trkpt>
   <trkpt lat="47.3651982" lon="0.6734263">
    <ele>46</ele>
    <time>2026-05-31T17:42:42Z</time>
    <extensions>
     <gpxdata:distance>1217.00</gpxdata:distance>
     <gpxdata:speed>1.900</gpxdata:speed>
    </extensions>
   </trkpt>
   <trkpt lat="47.3651986" lon="0.6734522">
    <ele>46</ele>
    <time>2026-05-31T17:42:43Z</time>
    <extensions>
     <gpxdata:distance>1219.00</gpxdata:distance>
     <gpxdata:speed>1.950</gpxdata:speed>
    </extensions>
   </trkpt>
   <trkpt lat="47.3651985" lon="0.6734786">
    <ele>46</ele>
    <time>2026-05-31T17:42:44Z</time>
    <extensions>
     <gpxdata:distance>1221.00</gpxdata:distance>
     <gpxdata:speed>1.989</gpxdata:speed>
    </extensions>
   </trkpt>
   <trkpt lat="47.3651989" lon="0.6735052">
    <ele>46</ele>
    <time>2026-05-31T17:42:45Z</time>
    <extensions>
     <gpxdata:distance>1223.00</gpxdata:distance>
     <gpxdata:speed>2.008</gpxdata:speed>
    </extensions>
   </trkpt>
   <trkpt lat="47.3652010" lon="0.6735416">
    <ele>46</ele>
    <time>2026-05-31T17:42:46Z</time>
    <extensions>
     <gpxdata:distance>1225.00</gpxdata:distance>
     <gpxdata:speed>2.039</gpxdata:speed>
    </extensions>
   </trkpt>
   <trkpt lat="47.3652038" lon="0.6735721">
    <ele>46</ele>
    <time>2026-05-31T17:42:47Z</time>
    <extensions>
     <gpxdata:distance>1227.00</gpxdata:distance>
     <gpxdata:speed>2.058</gpxdata:speed>
    </extensions>
   </trkpt>
   <trkpt lat="47.3652069" lon="0.6735999">
    <ele>46</ele>
    <time>2026-05-31T17:42:48Z</time>
    <extensions>
     <gpxdata:distance>1229.00</gpxdata:distance>
     <gpxdata:speed>2.036</gpxdata:speed>
    </extensions>
   </trkpt>
   <trkpt lat="47.3652102" lon="0.6736267">
    <ele>46</ele>
    <time>2026-05-31T17:42:49Z</time>
    <extensions>
     <gpxdata:distance>1231.00</gpxdata:distance>
     <gpxdata:speed>2.022</gpxdata:speed>
    </extensions>
   </trkpt>
   <trkpt lat="47.3652133" lon="0.6736530">
    <ele>46</ele>
    <time>2026-05-31T17:42:50Z</time>
    <extensions>
     <gpxdata:distance>1233.00</gpxdata:distance>
     <gpxdata:speed>2.014</gpxdata:speed>
    </extensions>
   </trkpt>
   <trkpt lat="47.3652161" lon="0.6736792">
    <ele>46</ele>
    <time>2026-05-31T17:42:51Z</time>
    <extensions>
     <gpxdata:distance>1235.00</gpxdata:distance>
     <gpxdata:speed>2.008</gpxdata:speed>
    </extensions>
   </trkpt>
   <trkpt lat="47.3652183" lon="0.6737048">
    <ele>46</ele>
    <time>2026-05-31T17:42:52Z</time>
    <extensions>
     <gpxdata:distance>1237.00</gpxdata:distance>
     <gpxdata:speed>1.967</gpxdata:speed>
    </extensions>
   </trkpt>
   <trkpt lat="47.3652193" lon="0.6737234">
    <ele>46</ele>
    <time>2026-05-31T17:42:53Z</time>
    <extensions>
     <gpxdata:distance>1239.00</gpxdata:distance>
     <gpxdata:speed>1.958</gpxdata:speed>
    </extensions>
   </trkpt>
   <trkpt lat="47.3652197" lon="0.6737462">
    <ele>46</ele>
    <time>2026-05-31T17:42:54Z</time>
    <extensions>
     <gpxdata:distance>1241.00</gpxdata:distance>
     <gpxdata:speed>2.017</gpxdata:speed>
    </extensions>
   </trkpt>
   <trkpt lat="47.3652197" lon="0.6737811">
    <ele>46</ele>
    <time>2026-05-31T17:42:55Z</time>
    <extensions>
     <gpxdata:distance>1243.00</gpxdata:distance>
     <gpxdata:speed>2.078</gpxdata:speed>
    </extensions>
   </trkpt>
   <trkpt lat="47.3652198" lon="0.6738133">
    <ele>46</ele>
    <time>2026-05-31T17:42:56Z</time>
    <extensions>
     <gpxdata:distance>1245.50</gpxdata:distance>
     <gpxdata:speed>2.169</gpxdata:speed>
    </extensions>
   </trkpt>
   <trkpt lat="47.3652198" lon="0.6738449">
    <ele>46</ele>
    <time>2026-05-31T17:42:57Z</time>
    <extensions>
     <gpxdata:distance>1248.00</gpxdata:distance>
     <gpxdata:speed>2.250</gpxdata:speed>
    </extensions>
   </trkpt>
   <trkpt lat="47.3652201" lon="0.6738764">
    <ele>46</ele>
    <time>2026-05-31T17:42:58Z</time>
    <extensions>
     <gpxdata:distance>1250.50</gpxdata:distance>
     <gpxdata:speed>2.300</gpxdata:speed>
    </extensions>
   </trkpt>
   <trkpt lat="47.3652204" lon="0.6739073">
    <ele>46</ele>
    <time>2026-05-31T17:42:59Z</time>
    <extensions>
     <gpxdata:distance>1253.00</gpxdata:distance>
     <gpxdata:speed>2.297</gpxdata:speed>
    </extensions>
   </trkpt>
   <trkpt lat="47.3652212" lon="0.6739375">
    <ele>46</ele>
    <time>2026-05-31T17:43:00Z</time>
    <extensions>
     <gpxdata:distance>1255.00</gpxdata:distance>
     <gpxdata:speed>2.275</gpxdata:speed>
    </extensions>
   </trkpt>
   <trkpt lat="47.3652228" lon="0.6739672">
    <ele>46</ele>
    <time>2026-05-31T17:43:01Z</time>
    <extensions>
     <gpxdata:distance>1257.00</gpxdata:distance>
     <gpxdata:speed>2.258</gpxdata:speed>
    </extensions>
   </trkpt>
   <trkpt lat="47.3652242" lon="0.6739959">
    <ele>46</ele>
    <time>2026-05-31T17:43:02Z</time>
    <extensions>
     <gpxdata:distance>1259.50</gpxdata:distance>
     <gpxdata:speed>2.211</gpxdata:speed>
    </extensions>
   </trkpt>
   <trkpt lat="47.3652255" lon="0.6740246">
    <ele>46</ele>
    <time>2026-05-31T17:43:03Z</time>
    <extensions>
     <gpxdata:distance>1262.00</gpxdata:distance>
     <gpxdata:speed>2.192</gpxdata:speed>
    </extensions>
   </trkpt>
   <trkpt lat="47.3652268" lon="0.6740538">
    <ele>46</ele>
    <time>2026-05-31T17:43:04Z</time>
    <extensions>
     <gpxdata:distance>1264.00</gpxdata:distance>
     <gpxdata:speed>2.217</gpxdata:speed>
    </extensions>
   </trkpt>
   <trkpt lat="47.3652285" lon="0.6740834">
    <ele>46</ele>
    <time>2026-05-31T17:43:05Z</time>
    <extensions>
     <gpxdata:distance>1266.00</gpxdata:distance>
     <gpxdata:speed>2.233</gpxdata:speed>
    </extensions>
   </trkpt>
   <trkpt lat="47.3652309" lon="0.6741125">
    <ele>46</ele>
    <time>2026-05-31T17:43:06Z</time>
    <extensions>
     <gpxdata:distance>1268.00</gpxdata:distance>
     <gpxdata:speed>2.217</gpxdata:speed>
    </extensions>
   </trkpt>
   <trkpt lat="47.3652338" lon="0.6741415">
    <ele>46</ele>
    <time>2026-05-31T17:43:07Z</time>
    <extensions>
     <gpxdata:distance>1270.00</gpxdata:distance>
     <gpxdata:speed>2.214</gpxdata:speed>
    </extensions>
   </trkpt>
   <trkpt lat="47.3652365" lon="0.6741700">
    <ele>46</ele>
    <time>2026-05-31T17:43:08Z</time>
    <extensions>
     <gpxdata:distance>1272.00</gpxdata:distance>
     <gpxdata:speed>2.186</gpxdata:speed>
    </extensions>
   </trkpt>
   <trkpt lat="47.3652384" lon="0.6741975">
    <ele>46</ele>
    <time>2026-05-31T17:43:09Z</time>
    <extensions>
     <gpxdata:distance>1274.00</gpxdata:distance>
     <gpxdata:speed>2.119</gpxdata:speed>
    </extensions>
   </trkpt>
   <trkpt lat="47.3652397" lon="0.6742230">
    <ele>46</ele>
    <time>2026-05-31T17:43:10Z</time>
    <extensions>
     <gpxdata:distance>1275.50</gpxdata:distance>
     <gpxdata:speed>1.992</gpxdata:speed>
    </extensions>
   </trkpt>
   <trkpt lat="47.3652404" lon="0.6742397">
    <ele>46</ele>
    <time>2026-05-31T17:43:11Z</time>
    <extensions>
     <gpxdata:distance>1277.00</gpxdata:distance>
     <gpxdata:speed>1.833</gpxdata:speed>
    </extensions>
   </trkpt>
   <trkpt lat="47.3652408" lon="0.6742576">
    <ele>46</ele>
    <time>2026-05-31T17:43:12Z</time>
    <extensions>
     <gpxdata:distance>1278.50</gpxdata:distance>
     <gpxdata:speed>1.672</gpxdata:speed>
    </extensions>
   </trkpt>
   <trkpt lat="47.3652408" lon="0.6742759">
    <ele>47</ele>
    <time>2026-05-31T17:43:13Z</time>
    <extensions>
     <gpxdata:distance>1280.00</gpxdata:distance>
     <gpxdata:speed>1.511</gpxdata:speed>
    </extensions>
   </trkpt>
   <trkpt lat="47.3652407" lon="0.6742945">
    <ele>47</ele>
    <time>2026-05-31T17:43:14Z</time>
    <extensions>
     <gpxdata:distance>1281.50</gpxdata:distance>
     <gpxdata:speed>1.444</gpxdata:speed>
    </extensions>
   </trkpt>
   <trkpt lat="47.3652399" lon="0.6743135">
    <ele>47</ele>
    <time>2026-05-31T17:43:15Z</time>
    <extensions>
     <gpxdata:distance>1283.00</gpxdata:distance>
     <gpxdata:speed>1.461</gpxdata:speed>
    </extensions>
   </trkpt>
   <trkpt lat="47.3652384" lon="0.6743326">
    <ele>47</ele>
    <time>2026-05-31T17:43:16Z</time>
    <extensions>
     <gpxdata:distance>1284.50</gpxdata:distance>
     <gpxdata:speed>1.461</gpxdata:speed>
    </extensions>
   </trkpt>
   <trkpt lat="47.3652368" lon="0.6743521">
    <ele>47</ele>
    <time>2026-05-31T17:43:17Z</time>
    <extensions>
     <gpxdata:distance>1286.00</gpxdata:distance>
     <gpxdata:speed>1.492</gpxdata:speed>
    </extensions>
   </trkpt>
   <trkpt lat="47.3652363" lon="0.6743719">
    <ele>47</ele>
    <time>2026-05-31T17:43:18Z</time>
    <extensions>
     <gpxdata:distance>1287.50</gpxdata:distance>
     <gpxdata:speed>1.511</gpxdata:speed>
    </extensions>
   </trkpt>
   <trkpt lat="47.3652370" lon="0.6743916">
    <ele>47</ele>
    <time>2026-05-31T17:43:19Z</time>
    <extensions>
     <gpxdata:distance>1289.00</gpxdata:distance>
     <gpxdata:speed>1.503</gpxdata:speed>
    </extensions>
   </trkpt>
   <trkpt lat="47.3652384" lon="0.6744113">
    <ele>47</ele>
    <time>2026-05-31T17:43:20Z</time>
    <extensions>
     <gpxdata:distance>1290.50</gpxdata:distance>
     <gpxdata:speed>1.503</gpxdata:speed>
    </extensions>
   </trkpt>
   <trkpt lat="47.3652401" lon="0.6744304">
    <ele>48</ele>
    <time>2026-05-31T17:43:21Z</time>
    <extensions>
     <gpxdata:distance>1292.00</gpxdata:distance>
     <gpxdata:speed>1.467</gpxdata:speed>
    </extensions>
   </trkpt>
   <trkpt lat="47.3652417" lon="0.6744494">
    <ele>48</ele>
    <time>2026-05-31T17:43:22Z</time>
    <extensions>
     <gpxdata:distance>1293.00</gpxdata:distance>
     <gpxdata:speed>1.447</gpxdata:speed>
    </extensions>
   </trkpt>
   <trkpt lat="47.3652424" lon="0.6744675">
    <ele>48</ele>
    <time>2026-05-31T17:43:23Z</time>
    <extensions>
     <gpxdata:distance>1294.00</gpxdata:distance>
     <gpxdata:speed>1.389</gpxdata:speed>
    </extensions>
   </trkpt>
   <trkpt lat="47.3652228" lon="0.6746014">
    <ele>49</ele>
    <time>2026-05-31T17:45:36Z</time>
    <extensions>
     <gpxdata:distance>1307.00</gpxdata:distance>
     <gpxdata:speed>1.522</gpxdata:speed>
    </extensions>
   </trkpt>
   <trkpt lat="47.3652236" lon="0.6746233">
    <ele>49</ele>
    <time>2026-05-31T17:45:37Z</time>
    <extensions>
     <gpxdata:distance>1307.00</gpxdata:distance>
     <gpxdata:speed>1.728</gpxdata:speed>
    </extensions>
   </trkpt>
   <trkpt lat="47.3652249" lon="0.6746469">
    <ele>49</ele>
    <time>2026-05-31T17:45:38Z</time>
    <extensions>
     <gpxdata:distance>1309.00</gpxdata:distance>
     <gpxdata:speed>1.917</gpxdata:speed>
    </extensions>
   </trkpt>
   <trkpt lat="47.3652272" lon="0.6746714">
    <ele>49</ele>
    <time>2026-05-31T17:45:39Z</time>
    <extensions>
     <gpxdata:distance>1311.00</gpxdata:distance>
     <gpxdata:speed>1.942</gpxdata:speed>
    </extensions>
   </trkpt>
   <trkpt lat="47.3652301" lon="0.6746962">
    <ele>49</ele>
    <time>2026-05-31T17:45:40Z</time>
    <extensions>
     <gpxdata:distance>1313.00</gpxdata:distance>
     <gpxdata:speed>1.953</gpxdata:speed>
    </extensions>
   </trkpt>
   <trkpt lat="47.3652328" lon="0.6747217">
    <ele>49</ele>
    <time>2026-05-31T17:45:41Z</time>
    <extensions>
     <gpxdata:distance>1315.00</gpxdata:distance>
     <gpxdata:speed>2.014</gpxdata:speed>
    </extensions>
   </trkpt>
   <trkpt lat="47.3652357" lon="0.6747568">
    <ele>49</ele>
    <time>2026-05-31T17:45:42Z</time>
    <extensions>
     <gpxdata:distance>1317.00</gpxdata:distance>
     <gpxdata:speed>2.011</gpxdata:speed>
    </extensions>
   </trkpt>
   <trkpt lat="47.3652359" lon="0.6747860">
    <ele>49</ele>
    <time>2026-05-31T17:45:43Z</time>
    <extensions>
     <gpxdata:distance>1319.00</gpxdata:distance>
     <gpxdata:speed>2.022</gpxdata:speed>
    </extensions>
   </trkpt>
   <trkpt lat="47.3652320" lon="0.6748115">
    <ele>49</ele>
    <time>2026-05-31T17:45:44Z</time>
    <extensions>
     <gpxdata:distance>1321.00</gpxdata:distance>
     <gpxdata:speed>2.042</gpxdata:speed>
    </extensions>
   </trkpt>
   <trkpt lat="47.3652232" lon="0.6748318">
    <ele>49</ele>
    <time>2026-05-31T17:45:45Z</time>
    <extensions>
     <gpxdata:distance>1323.00</gpxdata:distance>
     <gpxdata:speed>2.069</gpxdata:speed>
    </extensions>
   </trkpt>
   <trkpt lat="47.3652104" lon="0.6748471">
    <ele>49</ele>
    <time>2026-05-31T17:45:46Z</time>
    <extensions>
     <gpxdata:distance>1325.00</gpxdata:distance>
     <gpxdata:speed>2.100</gpxdata:speed>
    </extensions>
   </trkpt>
   <trkpt lat="47.3651951" lon="0.6748583">
    <ele>49</ele>
    <time>2026-05-31T17:45:47Z</time>
    <extensions>
     <gpxdata:distance>1327.00</gpxdata:distance>
     <gpxdata:speed>2.106</gpxdata:speed>
    </extensions>
   </trkpt>
   <trkpt lat="47.3651779" lon="0.6748659">
    <ele>49</ele>
    <time>2026-05-31T17:45:48Z</time>
    <extensions>
     <gpxdata:distance>1329.00</gpxdata:distance>
     <gpxdata:speed>2.131</gpxdata:speed>
    </extensions>
   </trkpt>
   <trkpt lat="47.3651599" lon="0.6748702">
    <ele>49</ele>
    <time>2026-05-31T17:45:49Z</time>
    <extensions>
     <gpxdata:distance>1331.00</gpxdata:distance>
     <gpxdata:speed>2.136</gpxdata:speed>
    </extensions>
   </trkpt>
   <trkpt lat="47.3651415" lon="0.6748712">
    <ele>49</ele>
    <time>2026-05-31T17:45:50Z</time>
    <extensions>
     <gpxdata:distance>1333.00</gpxdata:distance>
     <gpxdata:speed>2.131</gpxdata:speed>
    </extensions>
   </trkpt>
   <trkpt lat="47.3651231" lon="0.6748707">
    <ele>49</ele>
    <time>2026-05-31T17:45:51Z</time>
    <extensions>
     <gpxdata:distance>1335.00</gpxdata:distance>
     <gpxdata:speed>2.117</gpxdata:speed>
    </extensions>
   </trkpt>
   <trkpt lat="47.3651050" lon="0.6748710">
    <ele>49</ele>
    <time>2026-05-31T17:45:52Z</time>
    <extensions>
     <gpxdata:distance>1336.50</gpxdata:distance>
     <gpxdata:speed>2.083</gpxdata:speed>
    </extensions>
   </trkpt>
   <trkpt lat="47.3650885" lon="0.6748718">
    <ele>49</ele>
    <time>2026-05-31T17:45:53Z</time>
    <extensions>
     <gpxdata:distance>1338.00</gpxdata:distance>
     <gpxdata:speed>1.928</gpxdata:speed>
    </extensions>
   </trkpt>
   <trkpt lat="47.3650787" lon="0.6748725">
    <ele>49</ele>
    <time>2026-05-31T17:45:54Z</time>
    <extensions>
     <gpxdata:distance>1339.00</gpxdata:distance>
     <gpxdata:speed>1.361</gpxdata:speed>
    </extensions>
   </trkpt>
   <trkpt lat="47.3650683" lon="0.6748731">
    <ele>49</ele>
    <time>2026-05-31T17:45:55Z</time>
    <extensions>
     <gpxdata:distance>1340.00</gpxdata:distance>
     <gpxdata:speed>1.256</gpxdata:speed>
    </extensions>
   </trkpt>
   <trkpt lat="47.3650568" lon="0.6748730">
    <ele>49</ele>
    <time>2026-05-31T17:45:56Z</time>
    <extensions>
     <gpxdata:distance>1342.00</gpxdata:distance>
     <gpxdata:speed>1.339</gpxdata:speed>
    </extensions>
   </trkpt>
   <trkpt lat="47.3650429" lon="0.6748710">
    <ele>49</ele>
    <time>2026-05-31T17:45:57Z</time>
    <extensions>
     <gpxdata:distance>1344.00</gpxdata:distance>
     <gpxdata:speed>1.575</gpxdata:speed>
    </extensions>
   </trkpt>
   <trkpt lat="47.3650255" lon="0.6748666">
    <ele>49</ele>
    <time>2026-05-31T17:45:58Z</time>
    <extensions>
     <gpxdata:distance>1347.50</gpxdata:distance>
     <gpxdata:speed>2.364</gpxdata:speed>
    </extensions>
   </trkpt>
   <trkpt lat="47.3649965" lon="0.6748573">
    <ele>49</ele>
    <time>2026-05-31T17:45:59Z</time>
    <extensions>
     <gpxdata:distance>1351.00</gpxdata:distance>
     <gpxdata:speed>2.942</gpxdata:speed>
    </extensions>
   </trkpt>
   <trkpt lat="47.3649675" lon="0.6748467">
    <ele>49</ele>
    <time>2026-05-31T17:46:00Z</time>
    <extensions>
     <gpxdata:distance>1355.00</gpxdata:distance>
     <gpxdata:speed>3.400</gpxdata:speed>
    </extensions>
   </trkpt>
   <trkpt lat="47.3649175" lon="0.6748276">
    <ele>49</ele>
    <time>2026-05-31T17:46:01Z</time>
    <extensions>
     <gpxdata:distance>1359.00</gpxdata:distance>
     <gpxdata:speed>3.769</gpxdata:speed>
    </extensions>
   </trkpt>
   <trkpt lat="47.3648793" lon="0.6748128">
    <ele>49</ele>
    <time>2026-05-31T17:46:02Z</time>
    <extensions>
     <gpxdata:distance>1363.50</gpxdata:distance>
     <gpxdata:speed>4.072</gpxdata:speed>
    </extensions>
   </trkpt>
   <trkpt lat="47.3648414" lon="0.6747988">
    <ele>49</ele>
    <time>2026-05-31T17:46:03Z</time>
    <extensions>
     <gpxdata:distance>1368.00</gpxdata:distance>
     <gpxdata:speed>4.292</gpxdata:speed>
    </extensions>
   </trkpt>
   <trkpt lat="47.3648029" lon="0.6747849">
    <ele>49</ele>
    <time>2026-05-31T17:46:04Z</time>
    <extensions>
     <gpxdata:distance>1372.50</gpxdata:distance>
     <gpxdata:speed>4.386</gpxdata:speed>
    </extensions>
   </trkpt>
   <trkpt lat="47.3647641" lon="0.6747701">
    <ele>49</ele>
    <time>2026-05-31T17:46:05Z</time>
    <extensions>
     <gpxdata:distance>1377.00</gpxdata:distance>
     <gpxdata:speed>4.442</gpxdata:speed>
    </extensions>
   </trkpt>
   <trkpt lat="47.3647249" lon="0.6747555">
    <ele>49</ele>
    <time>2026-05-31T17:46:06Z</time>
    <extensions>
     <gpxdata:distance>1381.50</gpxdata:distance>
     <gpxdata:speed>4.503</gpxdata:speed>
    </extensions>
   </trkpt>
   <trkpt lat="47.3646845" lon="0.6747411">
    <ele>49</ele>
    <time>2026-05-31T17:46:07Z</time>
    <extensions>
     <gpxdata:distance>1386.00</gpxdata:distance>
     <gpxdata:speed>4.633</gpxdata:speed>
    </extensions>
   </trkpt>
   <trkpt lat="47.3646431" lon="0.6747252">
    <ele>49</ele>
    <time>2026-05-31T17:46:08Z</time>
    <extensions>
     <gpxdata:distance>1391.00</gpxdata:distance>
     <gpxdata:speed>4.786</gpxdata:speed>
    </extensions>
   </trkpt>
   <trkpt lat="47.3646007" lon="0.6747083">
    <ele>49</ele>
    <time>2026-05-31T17:46:09Z</time>
    <extensions>
     <gpxdata:distance>1396.00</gpxdata:distance>
     <gpxdata:speed>4.878</gpxdata:speed>
    </extensions>
   </trkpt>
   <trkpt lat="47.3645577" lon="0.6746910">
    <ele>49</ele>
    <time>2026-05-31T17:46:10Z</time>
    <extensions>
     <gpxdata:distance>1401.00</gpxdata:distance>
     <gpxdata:speed>4.944</gpxdata:speed>
    </extensions>
   </trkpt>
   <trkpt lat="47.3645146" lon="0.6746733">
    <ele>48</ele>
    <time>2026-05-31T17:46:11Z</time>
    <extensions>
     <gpxdata:distance>1406.00</gpxdata:distance>
     <gpxdata:speed>4.978</gpxdata:speed>
    </extensions>
   </trkpt>
   <trkpt lat="47.3644713" lon="0.6746555">
    <ele>48</ele>
    <time>2026-05-31T17:46:12Z</time>
    <extensions>
     <gpxdata:distance>1411.00</gpxdata:distance>
     <gpxdata:speed>4.994</gpxdata:speed>
    </extensions>
   </trkpt>
   <trkpt lat="47.3644275" lon="0.6746380">
    <ele>48</ele>
    <time>2026-05-31T17:46:13Z</time>
    <extensions>
     <gpxdata:distance>1416.00</gpxdata:distance>
     <gpxdata:speed>5.031</gpxdata:speed>
    </extensions>
   </trkpt>
   <trkpt lat="47.3643827" lon="0.6746211">
    <ele>48</ele>
    <time>2026-05-31T17:46:14Z</time>
    <extensions>
     <gpxdata:distance>1421.50</gpxdata:distance>
     <gpxdata:speed>5.142</gpxdata:speed>
    </extensions>
   </trkpt>
   <trkpt lat="47.3643370" lon="0.6746040">
    <ele>48</ele>
    <time>2026-05-31T17:46:15Z</time>
    <extensions>
     <gpxdata:distance>1427.00</gpxdata:distance>
     <gpxdata:speed>5.219</gpxdata:speed>
    </extensions>
   </trkpt>
   <trkpt lat="47.3642907" lon="0.6745861">
    <ele>48</ele>
    <time>2026-05-31T17:46:16Z</time>
    <extensions>
     <gpxdata:distance>1432.50</gpxdata:distance>
     <gpxdata:speed>5.286</gpxdata:speed>
    </extensions>
   </trkpt>
   <trkpt lat="47.3642440" lon="0.6745686">
    <ele>48</ele>
    <time>2026-05-31T17:46:17Z</time>
    <extensions>
     <gpxdata:distance>1438.00</gpxdata:distance>
     <gpxdata:speed>5.322</gpxdata:speed>
    </extensions>
   </trkpt>
   <trkpt lat="47.3641969" lon="0.6745515">
    <ele>48</ele>
    <time>2026-05-31T17:46:18Z</time>
    <extensions>
     <gpxdata:distance>1443.00</gpxdata:distance>
     <gpxdata:speed>5.353</gpxdata:speed>
    </extensions>
   </trkpt>
   <trkpt lat="47.3641495" lon="0.6745348">
    <ele>48</ele>
    <time>2026-05-31T17:46:19Z</time>
    <extensions>
     <gpxdata:distance>1448.00</gpxdata:distance>
     <gpxdata:speed>5.389</gpxdata:speed>
    </extensions>
   </trkpt>
   <trkpt lat="47.3641015" lon="0.6745184">
    <ele>48</ele>
    <time>2026-05-31T17:46:20Z</time>
    <extensions>
     <gpxdata:distance>1453.50</gpxdata:distance>
     <gpxdata:speed>5.436</gpxdata:speed>
    </extensions>
   </trkpt>
   <trkpt lat="47.3640532" lon="0.6745017">
    <ele>48</ele>
    <time>2026-05-31T17:46:21Z</time>
    <extensions>
     <gpxdata:distance>1459.00</gpxdata:distance>
     <gpxdata:speed>5.469</gpxdata:speed>
    </extensions>
   </trkpt>
   <trkpt lat="47.3640048" lon="0.6744841">
    <ele>48</ele>
    <time>2026-05-31T17:46:22Z</time>
    <extensions>
     <gpxdata:distance>1465.00</gpxdata:distance>
     <gpxdata:speed>5.508</gpxdata:speed>
    </extensions>
   </trkpt>
   <trkpt lat="47.3639563" lon="0.6744669">
    <ele>48</ele>
    <time>2026-05-31T17:46:23Z</time>
    <extensions>
     <gpxdata:distance>1471.00</gpxdata:distance>
     <gpxdata:speed>5.528</gpxdata:speed>
    </extensions>
   </trkpt>
   <trkpt lat="47.3639072" lon="0.6744504">
    <ele>48</ele>
    <time>2026-05-31T17:46:24Z</time>
    <extensions>
     <gpxdata:distance>1476.50</gpxdata:distance>
     <gpxdata:speed>5.567</gpxdata:speed>
    </extensions>
   </trkpt>
   <trkpt lat="47.3638578" lon="0.6744338">
    <ele>49</ele>
    <time>2026-05-31T17:46:25Z</time>
    <extensions>
     <gpxdata:distance>1482.00</gpxdata:distance>
     <gpxdata:speed>5.600</gpxdata:speed>
    </extensions>
   </trkpt>
   <trkpt lat="47.3638080" lon="0.6744159">
    <ele>49</ele>
    <time>2026-05-31T17:46:26Z</time>
    <extensions>
     <gpxdata:distance>1488.00</gpxdata:distance>
     <gpxdata:speed>5.656</gpxdata:speed>
    </extensions>
   </trkpt>
   <trkpt lat="47.3637577" lon="0.6743974">
    <ele>49</ele>
    <time>2026-05-31T17:46:27Z</time>
    <extensions>
     <gpxdata:distance>1494.00</gpxdata:distance>
     <gpxdata:speed>5.706</gpxdata:speed>
    </extensions>
   </trkpt>
   <trkpt lat="47.3637071" lon="0.6743791">
    <ele>49</ele>
    <time>2026-05-31T17:46:28Z</time>
    <extensions>
     <gpxdata:distance>1499.50</gpxdata:distance>
     <gpxdata:speed>5.750</gpxdata:speed>
    </extensions>
   </trkpt>
   <trkpt lat="47.3636557" lon="0.6743604">
    <ele>49</ele>
    <time>2026-05-31T17:46:29Z</time>
    <extensions>
     <gpxdata:distance>1505.00</gpxdata:distance>
     <gpxdata:speed>5.828</gpxdata:speed>
    </extensions>
   </trkpt>
   <trkpt lat="47.3636035" lon="0.6743414">
    <ele>49</ele>
    <time>2026-05-31T17:46:30Z</time>
    <extensions>
     <gpxdata:distance>1511.00</gpxdata:distance>
     <gpxdata:speed>5.922</gpxdata:speed>
    </extensions>
   </trkpt>
   <trkpt lat="47.3635513" lon="0.6743222">
    <ele>49</ele>
    <time>2026-05-31T17:46:31Z</time>
    <extensions>
     <gpxdata:distance>1517.00</gpxdata:distance>
     <gpxdata:speed>5.950</gpxdata:speed>
    </extensions>
   </trkpt>
   <trkpt lat="47.3634997" lon="0.6743035">
    <ele>49</ele>
    <time>2026-05-31T17:46:32Z</time>
    <extensions>
     <gpxdata:distance>1523.00</gpxdata:distance>
     <gpxdata:speed>5.922</gpxdata:speed>
    </extensions>
   </trkpt>
   <trkpt lat="47.3634491" lon="0.6742845">
    <ele>48</ele>
    <time>2026-05-31T17:46:33Z</time>
    <extensions>
     <gpxdata:distance>1529.00</gpxdata:distance>
     <gpxdata:speed>5.869</gpxdata:speed>
    </extensions>
   </trkpt>
   <trkpt lat="47.3633994" lon="0.6742647">
    <ele>48</ele>
    <time>2026-05-31T17:46:34Z</time>
    <extensions>
     <gpxdata:distance>1534.50</gpxdata:distance>
     <gpxdata:speed>5.811</gpxdata:speed>
    </extensions>
   </trkpt>
   <trkpt lat="47.3633508" lon="0.6742442">
    <ele>48</ele>
    <time>2026-05-31T17:46:35Z</time>
    <extensions>
     <gpxdata:distance>1540.00</gpxdata:distance>
     <gpxdata:speed>5.733</gpxdata:speed>
    </extensions>
   </trkpt>
   <trkpt lat="47.3633039" lon="0.6742235">
    <ele>48</ele>
    <time>2026-05-31T17:46:36Z</time>
    <extensions>
     <gpxdata:distance>1545.00</gpxdata:distance>
     <gpxdata:speed>5.606</gpxdata:speed>
    </extensions>
   </trkpt>
   <trkpt lat="47.3632592" lon="0.6742031">
    <ele>48</ele>
    <time>2026-05-31T17:46:37Z</time>
    <extensions>
     <gpxdata:distance>1550.00</gpxdata:distance>
     <gpxdata:speed>5.219</gpxdata:speed>
    </extensions>
   </trkpt>
   <trkpt lat="47.3632167" lon="0.6741838">
    <ele>48</ele>
    <time>2026-05-31T17:46:38Z</time>
    <extensions>
     <gpxdata:distance>1554.50</gpxdata:distance>
     <gpxdata:speed>4.950</gpxdata:speed>
    </extensions>
   </trkpt>
   <trkpt lat="47.3631778" lon="0.6741666">
    <ele>48</ele>
    <time>2026-05-31T17:46:39Z</time>
    <extensions>
     <gpxdata:distance>1559.00</gpxdata:distance>
     <gpxdata:speed>4.483</gpxdata:speed>
    </extensions>
   </trkpt>
   <trkpt lat="47.3631436" lon="0.6741522">
    <ele>48</ele>
    <time>2026-05-31T17:46:40Z</time>
    <extensions>
     <gpxdata:distance>1562.00</gpxdata:distance>
     <gpxdata:speed>3.892</gpxdata:speed>
    </extensions>
   </trkpt>
   <trkpt lat="47.3631131" lon="0.6741396">
    <ele>48</ele>
    <time>2026-05-31T17:46:41Z</time>
    <extensions>
     <gpxdata:distance>1565.00</gpxdata:distance>
     <gpxdata:speed>3.533</gpxdata:speed>
    </extensions>
   </trkpt>
   <trkpt lat="47.3630824" lon="0.6741268">
    <ele>48</ele>
    <time>2026-05-31T17:46:42Z</time>
    <extensions>
     <gpxdata:distance>1569.50</gpxdata:distance>
     <gpxdata:speed>3.686</gpxdata:speed>
    </extensions>
   </trkpt>
   <trkpt lat="47.3630484" lon="0.6741100">
    <ele>48</ele>
    <time>2026-05-31T17:46:43Z</time>
    <extensions>
     <gpxdata:distance>1574.00</gpxdata:distance>
     <gpxdata:speed>3.933</gpxdata:speed>
    </extensions>
   </trkpt>
   <trkpt lat="47.3630094" lon="0.6740892">
    <ele>48</ele>
    <time>2026-05-31T17:46:44Z</time>
    <extensions>
     <gpxdata:distance>1579.50</gpxdata:distance>
     <gpxdata:speed>4.294</gpxdata:speed>
    </extensions>
   </trkpt>
   <trkpt lat="47.3629656" lon="0.6740669">
    <ele>48</ele>
    <time>2026-05-31T17:46:45Z</time>
    <extensions>
     <gpxdata:distance>1585.00</gpxdata:distance>
     <gpxdata:speed>4.683</gpxdata:speed>
    </extensions>
   </trkpt>
   <trkpt lat="47.3629194" lon="0.6740436">
    <ele>48</ele>
    <time>2026-05-31T17:46:46Z</time>
    <extensions>
     <gpxdata:distance>1590.50</gpxdata:distance>
     <gpxdata:speed>4.961</gpxdata:speed>
    </extensions>
   </trkpt>
   <trkpt lat="47.3628735" lon="0.6740203">
    <ele>48</ele>
    <time>2026-05-31T17:46:47Z</time>
    <extensions>
     <gpxdata:distance>1596.00</gpxdata:distance>
     <gpxdata:speed>5.086</gpxdata:speed>
    </extensions>
   </trkpt>
   <trkpt lat="47.3628273" lon="0.6739987">
    <ele>48</ele>
    <time>2026-05-31T17:46:48Z</time>
    <extensions>
     <gpxdata:distance>1601.50</gpxdata:distance>
     <gpxdata:speed>5.311</gpxdata:speed>
    </extensions>
   </trkpt>
   <trkpt lat="47.3627801" lon="0.6739801">
    <ele>48</ele>
    <time>2026-05-31T17:46:49Z</time>
    <extensions>
     <gpxdata:distance>1607.00</gpxdata:distance>
     <gpxdata:speed>5.422</gpxdata:speed>
    </extensions>
   </trkpt>
   <trkpt lat="47.3627314" lon="0.6739629">
    <ele>48</ele>
    <time>2026-05-31T17:46:50Z</time>
    <extensions>
     <gpxdata:distance>1612.50</gpxdata:distance>
     <gpxdata:speed>5.578</gpxdata:speed>
    </extensions>
   </trkpt>
   <trkpt lat="47.3626814" lon="0.6739455">
    <ele>48</ele>
    <time>2026-05-31T17:46:51Z</time>
    <extensions>
     <gpxdata:distance>1618.00</gpxdata:distance>
     <gpxdata:speed>5.742</gpxdata:speed>
    </extensions>
   </trkpt>
   <trkpt lat="47.3626296" lon="0.6739268">
    <ele>48</ele>
    <time>2026-05-31T17:46:52Z</time>
    <extensions>
     <gpxdata:distance>1624.50</gpxdata:distance>
     <gpxdata:speed>5.953</gpxdata:speed>
    </extensions>
   </trkpt>
   <trkpt lat="47.3625765" lon="0.6739073">
    <ele>47</ele>
    <time>2026-05-31T17:46:53Z</time>
    <extensions>
     <gpxdata:distance>1631.00</gpxdata:distance>
     <gpxdata:speed>6.097</gpxdata:speed>
    </extensions>
   </trkpt>
   <trkpt lat="47.3625044" lon="0.6738801">
    <ele>47</ele>
    <time>2026-05-31T17:46:54Z</time>
    <extensions>
     <gpxdata:distance>1637.00</gpxdata:distance>
     <gpxdata:speed>6.181</gpxdata:speed>
    </extensions>
   </trkpt>
   <trkpt lat="47.3624483" lon="0.6738576">
    <ele>47</ele>
    <time>2026-05-31T17:46:55Z</time>
    <extensions>
     <gpxdata:distance>1643.00</gpxdata:distance>
     <gpxdata:speed>6.183</gpxdata:speed>
    </extensions>
   </trkpt>
   <trkpt lat="47.3623951" lon="0.6738361">
    <ele>47</ele>
    <time>2026-05-31T17:46:56Z</time>
    <extensions>
     <gpxdata:distance>1649.00</gpxdata:distance>
     <gpxdata:speed>6.144</gpxdata:speed>
    </extensions>
   </trkpt>
   <trkpt lat="47.3623440" lon="0.6738148">
    <ele>47</ele>
    <time>2026-05-31T17:46:57Z</time>
    <extensions>
     <gpxdata:distance>1655.00</gpxdata:distance>
     <gpxdata:speed>6.050</gpxdata:speed>
    </extensions>
   </trkpt>
   <trkpt lat="47.3622961" lon="0.6737946">
    <ele>47</ele>
    <time>2026-05-31T17:46:58Z</time>
    <extensions>
     <gpxdata:distance>1660.00</gpxdata:distance>
     <gpxdata:speed>5.853</gpxdata:speed>
    </extensions>
   </trkpt>
   <trkpt lat="47.3622644" lon="0.6737802">
    <ele>47</ele>
    <time>2026-05-31T17:46:59Z</time>
    <extensions>
     <gpxdata:distance>1665.00</gpxdata:distance>
     <gpxdata:speed>5.581</gpxdata:speed>
    </extensions>
   </trkpt>
   <trkpt lat="47.3622266" lon="0.6737621">
    <ele>47</ele>
    <time>2026-05-31T17:47:00Z</time>
    <extensions>
     <gpxdata:distance>1669.00</gpxdata:distance>
     <gpxdata:speed>4.928</gpxdata:speed>
    </extensions>
   </trkpt>
   <trkpt lat="47.3621897" lon="0.6737433">
    <ele>47</ele>
    <time>2026-05-31T17:47:01Z</time>
    <extensions>
     <gpxdata:distance>1673.00</gpxdata:distance>
     <gpxdata:speed>4.508</gpxdata:speed>
    </extensions>
   </trkpt>
   <trkpt lat="47.3621548" lon="0.6737276">
    <ele>47</ele>
    <time>2026-05-31T17:47:02Z</time>
    <extensions>
     <gpxdata:distance>1677.00</gpxdata:distance>
     <gpxdata:speed>4.142</gpxdata:speed>
    </extensions>
   </trkpt>
   <trkpt lat="47.3621211" lon="0.6737213">
    <ele>47</ele>
    <time>2026-05-31T17:47:03Z</time>
    <extensions>
     <gpxdata:distance>1681.00</gpxdata:distance>
     <gpxdata:speed>3.931</gpxdata:speed>
    </extensions>
   </trkpt>
   <trkpt lat="47.3620889" lon="0.6737280">
    <ele>47</ele>
    <time>2026-05-31T17:47:04Z</time>
    <extensions>
     <gpxdata:distance>1684.50</gpxdata:distance>
     <gpxdata:speed>3.867</gpxdata:speed>
    </extensions>
   </trkpt>
   <trkpt lat="47.3620592" lon="0.6737470">
    <ele>48</ele>
    <time>2026-05-31T17:47:05Z</time>
    <extensions>
     <gpxdata:distance>1688.00</gpxdata:distance>
     <gpxdata:speed>3.814</gpxdata:speed>
    </extensions>
   </trkpt>
   <trkpt lat="47.3620330" lon="0.6737748">
    <ele>48</ele>
    <time>2026-05-31T17:47:06Z</time>
    <extensions>
     <gpxdata:distance>1691.50</gpxdata:distance>
     <gpxdata:speed>3.683</gpxdata:speed>
    </extensions>
   </trkpt>
   <trkpt lat="47.3620103" lon="0.6738065">
    <ele>48</ele>
    <time>2026-05-31T17:47:07Z</time>
    <extensions>
     <gpxdata:distance>1695.00</gpxdata:distance>
     <gpxdata:speed>3.481</gpxdata:speed>
    </extensions>
   </trkpt>
   <trkpt lat="47.3619910" lon="0.6738392">
    <ele>48</ele>
    <time>2026-05-31T17:47:08Z</time>
    <extensions>
     <gpxdata:distance>1698.00</gpxdata:distance>
     <gpxdata:speed>3.233</gpxdata:speed>
    </extensions>
   </trkpt>
   <trkpt lat="47.3619752" lon="0.6738713">
    <ele>48</ele>
    <time>2026-05-31T17:47:09Z</time>
    <extensions>
     <gpxdata:distance>1701.00</gpxdata:distance>
     <gpxdata:speed>2.969</gpxdata:speed>
    </extensions>
   </trkpt>
   <trkpt lat="47.3619674" lon="0.6738889">
    <ele>48</ele>
    <time>2026-05-31T17:47:10Z</time>
    <extensions>
     <gpxdata:distance>1703.00</gpxdata:distance>
     <gpxdata:speed>2.767</gpxdata:speed>
    </extensions>
   </trkpt>
   <trkpt lat="47.3619580" lon="0.6739120">
    <ele>48</ele>
    <time>2026-05-31T17:47:11Z</time>
    <extensions>
     <gpxdata:distance>1705.00</gpxdata:distance>
     <gpxdata:speed>2.519</gpxdata:speed>
    </extensions>
   </trkpt>
   <trkpt lat="47.3619476" lon="0.6739366">
    <ele>48</ele>
    <time>2026-05-31T17:47:12Z</time>
    <extensions>
     <gpxdata:distance>1707.50</gpxdata:distance>
     <gpxdata:speed>2.350</gpxdata:speed>
    </extensions>
   </trkpt>
   <trkpt lat="47.3619365" lon="0.6739607">
    <ele>49</ele>
    <time>2026-05-31T17:47:13Z</time>
    <extensions>
     <gpxdata:distance>1710.00</gpxdata:distance>
     <gpxdata:speed>2.239</gpxdata:speed>
    </extensions>
   </trkpt>
   <trkpt lat="47.3619251" lon="0.6739832">
    <ele>49</ele>
    <time>2026-05-31T17:47:14Z</time>
    <extensions>
     <gpxdata:distance>1711.50</gpxdata:distance>
     <gpxdata:speed>2.094</gpxdata:speed>
    </extensions>
   </trkpt>
   <trkpt lat="47.3619135" lon="0.6740040">
    <ele>49</ele>
    <time>2026-05-31T17:47:15Z</time>
    <extensions>
     <gpxdata:distance>1713.00</gpxdata:distance>
     <gpxdata:speed>1.975</gpxdata:speed>
    </extensions>
   </trkpt>
   <trkpt lat="47.3619050" lon="0.6740181">
    <ele>49</ele>
    <time>2026-05-31T17:47:16Z</time>
    <extensions>
     <gpxdata:distance>1715.00</gpxdata:distance>
     <gpxdata:speed>1.933</gpxdata:speed>
    </extensions>
   </trkpt>
   <trkpt lat="47.3618953" lon="0.6740340">
    <ele>49</ele>
    <time>2026-05-31T17:47:17Z</time>
    <extensions>
     <gpxdata:distance>1717.00</gpxdata:distance>
     <gpxdata:speed>1.833</gpxdata:speed>
    </extensions>
   </trkpt>
   <trkpt lat="47.3618852" lon="0.6740512">
    <ele>49</ele>
    <time>2026-05-31T17:47:18Z</time>
    <extensions>
     <gpxdata:distance>1719.00</gpxdata:distance>
     <gpxdata:speed>1.817</gpxdata:speed>
    </extensions>
   </trkpt>
   <trkpt lat="47.3618746" lon="0.6740691">
    <ele>49</ele>
    <time>2026-05-31T17:47:19Z</time>
    <extensions>
     <gpxdata:distance>1721.00</gpxdata:distance>
     <gpxdata:speed>1.819</gpxdata:speed>
    </extensions>
   </trkpt>
   <trkpt lat="47.3618640" lon="0.6740874">
    <ele>50</ele>
    <time>2026-05-31T17:47:20Z</time>
    <extensions>
     <gpxdata:distance>1723.00</gpxdata:distance>
     <gpxdata:speed>1.814</gpxdata:speed>
    </extensions>
   </trkpt>
   <trkpt lat="47.3618532" lon="0.6741064">
    <ele>50</ele>
    <time>2026-05-31T17:47:21Z</time>
    <extensions>
     <gpxdata:distance>1725.00</gpxdata:distance>
     <gpxdata:speed>1.853</gpxdata:speed>
    </extensions>
   </trkpt>
   <trkpt lat="47.3618422" lon="0.6741262">
    <ele>50</ele>
    <time>2026-05-31T17:47:22Z</time>
    <extensions>
     <gpxdata:distance>1727.00</gpxdata:distance>
     <gpxdata:speed>1.908</gpxdata:speed>
    </extensions>
   </trkpt>
   <trkpt lat="47.3618312" lon="0.6741466">
    <ele>50</ele>
    <time>2026-05-31T17:47:23Z</time>
    <extensions>
     <gpxdata:distance>1729.00</gpxdata:distance>
     <gpxdata:speed>1.944</gpxdata:speed>
    </extensions>
   </trkpt>
   <trkpt lat="47.3618201" lon="0.6741669">
    <ele>50</ele>
    <time>2026-05-31T17:47:24Z</time>
    <extensions>
     <gpxdata:distance>1731.00</gpxdata:distance>
     <gpxdata:speed>1.950</gpxdata:speed>
    </extensions>
   </trkpt>
   <trkpt lat="47.3618088" lon="0.6741871">
    <ele>50</ele>
    <time>2026-05-31T17:47:25Z</time>
    <extensions>
     <gpxdata:distance>1733.00</gpxdata:distance>
     <gpxdata:speed>1.967</gpxdata:speed>
    </extensions>
   </trkpt>
   <trkpt lat="47.3617973" lon="0.6742076">
    <ele>50</ele>
    <time>2026-05-31T17:47:26Z</time>
    <extensions>
     <gpxdata:distance>1735.00</gpxdata:distance>
     <gpxdata:speed>2.000</gpxdata:speed>
    </extensions>
   </trkpt>
   <trkpt lat="47.3617815" lon="0.6742360">
    <ele>51</ele>
    <time>2026-05-31T17:47:27Z</time>
    <extensions>
     <gpxdata:distance>1737.00</gpxdata:distance>
     <gpxdata:speed>2.039</gpxdata:speed>
    </extensions>
   </trkpt>
   <trkpt lat="47.3617679" lon="0.6742596">
    <ele>51</ele>
    <time>2026-05-31T17:47:28Z</time>
    <extensions>
     <gpxdata:distance>1739.00</gpxdata:distance>
     <gpxdata:speed>2.058</gpxdata:speed>
    </extensions>
   </trkpt>
   <trkpt lat="47.3617554" lon="0.6742819">
    <ele>51</ele>
    <time>2026-05-31T17:47:29Z</time>
    <extensions>
     <gpxdata:distance>1741.00</gpxdata:distance>
     <gpxdata:speed>2.069</gpxdata:speed>
    </extensions>
   </trkpt>
   <trkpt lat="47.3617438" lon="0.6743043">
    <ele>51</ele>
    <time>2026-05-31T17:47:30Z</time>
    <extensions>
     <gpxdata:distance>1743.00</gpxdata:distance>
     <gpxdata:speed>2.089</gpxdata:speed>
    </extensions>
   </trkpt>
   <trkpt lat="47.3617331" lon="0.6743275">
    <ele>52</ele>
    <time>2026-05-31T17:47:31Z</time>
    <extensions>
     <gpxdata:distance>1745.00</gpxdata:distance>
     <gpxdata:speed>2.100</gpxdata:speed>
    </extensions>
   </trkpt>
   <trkpt lat="47.3617229" lon="0.6743511">
    <ele>52</ele>
    <time>2026-05-31T17:47:32Z</time>
    <extensions>
     <gpxdata:distance>1747.00</gpxdata:distance>
     <gpxdata:speed>2.106</gpxdata:speed>
    </extensions>
   </trkpt>
   <trkpt lat="47.3617128" lon="0.6743746">
    <ele>52</ele>
    <time>2026-05-31T17:47:33Z</time>
    <extensions>
     <gpxdata:distance>1749.00</gpxdata:distance>
     <gpxdata:speed>2.097</gpxdata:speed>
    </extensions>
   </trkpt>
   <trkpt lat="47.3617028" lon="0.6743982">
    <ele>52</ele>
    <time>2026-05-31T17:47:34Z</time>
    <extensions>
     <gpxdata:distance>1751.50</gpxdata:distance>
     <gpxdata:speed>2.100</gpxdata:speed>
    </extensions>
   </trkpt>
   <trkpt lat="47.3616924" lon="0.6744221">
    <ele>52</ele>
    <time>2026-05-31T17:47:35Z</time>
    <extensions>
     <gpxdata:distance>1754.00</gpxdata:distance>
     <gpxdata:speed>2.133</gpxdata:speed>
    </extensions>
   </trkpt>
   <trkpt lat="47.3616820" lon="0.6744466">
    <ele>52</ele>
    <time>2026-05-31T17:47:36Z</time>
    <extensions>
     <gpxdata:distance>1756.00</gpxdata:distance>
     <gpxdata:speed>2.167</gpxdata:speed>
    </extensions>
   </trkpt>
   <trkpt lat="47.3616719" lon="0.6744719">
    <ele>53</ele>
    <time>2026-05-31T17:47:37Z</time>
    <extensions>
     <gpxdata:distance>1758.00</gpxdata:distance>
     <gpxdata:speed>2.194</gpxdata:speed>
    </extensions>
   </trkpt>
   <trkpt lat="47.3616612" lon="0.6744971">
    <ele>53</ele>
    <time>2026-05-31T17:47:38Z</time>
    <extensions>
     <gpxdata:distance>1760.50</gpxdata:distance>
     <gpxdata:speed>2.222</gpxdata:speed>
    </extensions>
   </trkpt>
   <trkpt lat="47.3616499" lon="0.6745226">
    <ele>53</ele>
    <time>2026-05-31T17:47:39Z</time>
    <extensions>
     <gpxdata:distance>1763.00</gpxdata:distance>
     <gpxdata:speed>2.269</gpxdata:speed>
    </extensions>
   </trkpt>
   <trkpt lat="47.3616385" lon="0.6745485">
    <ele>53</ele>
    <time>2026-05-31T17:47:40Z</time>
    <extensions>
     <gpxdata:distance>1765.50</gpxdata:distance>
     <gpxdata:speed>2.306</gpxdata:speed>
    </extensions>
   </trkpt>
   <trkpt lat="47.3616277" lon="0.6745748">
    <ele>54</ele>
    <time>2026-05-31T17:47:41Z</time>
    <extensions>
     <gpxdata:distance>1768.00</gpxdata:distance>
     <gpxdata:speed>2.308</gpxdata:speed>
    </extensions>
   </trkpt>
   <trkpt lat="47.3616176" lon="0.6746016">
    <ele>54</ele>
    <time>2026-05-31T17:47:42Z</time>
    <extensions>
     <gpxdata:distance>1770.00</gpxdata:distance>
     <gpxdata:speed>2.314</gpxdata:speed>
    </extensions>
   </trkpt>
   <trkpt lat="47.3616074" lon="0.6746281">
    <ele>54</ele>
    <time>2026-05-31T17:47:43Z</time>
    <extensions>
     <gpxdata:distance>1772.00</gpxdata:distance>
     <gpxdata:speed>2.303</gpxdata:speed>
    </extensions>
   </trkpt>
   <trkpt lat="47.3615971" lon="0.6746543">
    <ele>54</ele>
    <time>2026-05-31T17:47:44Z</time>
    <extensions>
     <gpxdata:distance>1774.50</gpxdata:distance>
     <gpxdata:speed>2.297</gpxdata:speed>
    </extensions>
   </trkpt>
   <trkpt lat="47.3615867" lon="0.6746807">
    <ele>55</ele>
    <time>2026-05-31T17:47:45Z</time>
    <extensions>
     <gpxdata:distance>1777.00</gpxdata:distance>
     <gpxdata:speed>2.303</gpxdata:speed>
    </extensions>
   </trkpt>
   <trkpt lat="47.3615764" lon="0.6747074">
    <ele>55</ele>
    <time>2026-05-31T17:47:46Z</time>
    <extensions>
     <gpxdata:distance>1779.50</gpxdata:distance>
     <gpxdata:speed>2.322</gpxdata:speed>
    </extensions>
   </trkpt>
   <trkpt lat="47.3615655" lon="0.6747344">
    <ele>55</ele>
    <time>2026-05-31T17:47:47Z</time>
    <extensions>
     <gpxdata:distance>1782.00</gpxdata:distance>
     <gpxdata:speed>2.350</gpxdata:speed>
    </extensions>
   </trkpt>
   <trkpt lat="47.3615542" lon="0.6747605">
    <ele>55</ele>
    <time>2026-05-31T17:47:48Z</time>
    <extensions>
     <gpxdata:distance>1784.00</gpxdata:distance>
     <gpxdata:speed>2.339</gpxdata:speed>
    </extensions>
   </trkpt>
   <trkpt lat="47.3615431" lon="0.6747862">
    <ele>56</ele>
    <time>2026-05-31T17:47:49Z</time>
    <extensions>
     <gpxdata:distance>1786.00</gpxdata:distance>
     <gpxdata:speed>2.308</gpxdata:speed>
    </extensions>
   </trkpt>
   <trkpt lat="47.3615322" lon="0.6748119">
    <ele>56</ele>
    <time>2026-05-31T17:47:50Z</time>
    <extensions>
     <gpxdata:distance>1788.50</gpxdata:distance>
     <gpxdata:speed>2.300</gpxdata:speed>
    </extensions>
   </trkpt>
   <trkpt lat="47.3615214" lon="0.6748380">
    <ele>56</ele>
    <time>2026-05-31T17:47:51Z</time>
    <extensions>
     <gpxdata:distance>1791.00</gpxdata:distance>
     <gpxdata:speed>2.306</gpxdata:speed>
    </extensions>
   </trkpt>
   <trkpt lat="47.3615106" lon="0.6748643">
    <ele>56</ele>
    <time>2026-05-31T17:47:52Z</time>
    <extensions>
     <gpxdata:distance>1793.00</gpxdata:distance>
     <gpxdata:speed>2.317</gpxdata:speed>
    </extensions>
   </trkpt>
   <trkpt lat="47.3615002" lon="0.6748909">
    <ele>56</ele>
    <time>2026-05-31T17:47:53Z</time>
    <extensions>
     <gpxdata:distance>1795.00</gpxdata:distance>
     <gpxdata:speed>2.317</gpxdata:speed>
    </extensions>
   </trkpt>
   <trkpt lat="47.3614902" lon="0.6749178">
    <ele>56</ele>
    <time>2026-05-31T17:47:54Z</time>
    <extensions>
     <gpxdata:distance>1797.50</gpxdata:distance>
     <gpxdata:speed>2.308</gpxdata:speed>
    </extensions>
   </trkpt>
   <trkpt lat="47.3614802" lon="0.6749442">
    <ele>56</ele>
    <time>2026-05-31T17:47:55Z</time>
    <extensions>
     <gpxdata:distance>1800.00</gpxdata:distance>
     <gpxdata:speed>2.292</gpxdata:speed>
    </extensions>
   </trkpt>
   <trkpt lat="47.3614698" lon="0.6749701">
    <ele>57</ele>
    <time>2026-05-31T17:47:56Z</time>
    <extensions>
     <gpxdata:distance>1802.50</gpxdata:distance>
     <gpxdata:speed>2.283</gpxdata:speed>
    </extensions>
   </trkpt>
   <trkpt lat="47.3614590" lon="0.6749961">
    <ele>57</ele>
    <time>2026-05-31T17:47:57Z</time>
    <extensions>
     <gpxdata:distance>1805.00</gpxdata:distance>
     <gpxdata:speed>2.300</gpxdata:speed>
    </extensions>
   </trkpt>
   <trkpt lat="47.3614481" lon="0.6750226">
    <ele>57</ele>
    <time>2026-05-31T17:47:58Z</time>
    <extensions>
     <gpxdata:distance>1807.00</gpxdata:distance>
     <gpxdata:speed>2.328</gpxdata:speed>
    </extensions>
   </trkpt>
   <trkpt lat="47.3614372" lon="0.6750494">
    <ele>58</ele>
    <time>2026-05-31T17:47:59Z</time>
    <extensions>
     <gpxdata:distance>1809.00</gpxdata:distance>
     <gpxdata:speed>2.344</gpxdata:speed>
    </extensions>
   </trkpt>
   <trkpt lat="47.3614258" lon="0.6750757">
    <ele>58</ele>
    <time>2026-05-31T17:48:00Z</time>
    <extensions>
     <gpxdata:distance>1811.50</gpxdata:distance>
     <gpxdata:speed>2.350</gpxdata:speed>
    </extensions>
   </trkpt>
   <trkpt lat="47.3614141" lon="0.6751012">
    <ele>58</ele>
    <time>2026-05-31T17:48:01Z</time>
    <extensions>
     <gpxdata:distance>1814.00</gpxdata:distance>
     <gpxdata:speed>2.333</gpxdata:speed>
    </extensions>
   </trkpt>
   <trkpt lat="47.3614022" lon="0.6751259">
    <ele>58</ele>
    <time>2026-05-31T17:48:02Z</time>
    <extensions>
     <gpxdata:distance>1816.00</gpxdata:distance>
     <gpxdata:speed>2.303</gpxdata:speed>
    </extensions>
   </trkpt>
   <trkpt lat="47.3613903" lon="0.6751491">
    <ele>58</ele>
    <time>2026-05-31T17:48:03Z</time>
    <extensions>
     <gpxdata:distance>1818.00</gpxdata:distance>
     <gpxdata:speed>2.228</gpxdata:speed>
    </extensions>
   </trkpt>
   <trkpt lat="47.3613784" lon="0.6751709">
    <ele>58</ele>
    <time>2026-05-31T17:48:04Z</time>
    <extensions>
     <gpxdata:distance>1820.00</gpxdata:distance>
     <gpxdata:speed>2.167</gpxdata:speed>
    </extensions>
   </trkpt>
   <trkpt lat="47.3613658" lon="0.6751918">
    <ele>59</ele>
    <time>2026-05-31T17:48:05Z</time>
    <extensions>
     <gpxdata:distance>1822.00</gpxdata:distance>
     <gpxdata:speed>2.144</gpxdata:speed>
    </extensions>
   </trkpt>
   <trkpt lat="47.3613527" lon="0.6752117">
    <ele>59</ele>
    <time>2026-05-31T17:48:06Z</time>
    <extensions>
     <gpxdata:distance>1824.00</gpxdata:distance>
     <gpxdata:speed>2.122</gpxdata:speed>
    </extensions>
   </trkpt>
   <trkpt lat="47.3613389" lon="0.6752303">
    <ele>59</ele>
    <time>2026-05-31T17:48:07Z</time>
    <extensions>
     <gpxdata:distance>1826.00</gpxdata:distance>
     <gpxdata:speed>2.103</gpxdata:speed>
    </extensions>
   </trkpt>
   <trkpt lat="47.3613247" lon="0.6752478">
    <ele>59</ele>
    <time>2026-05-31T17:48:08Z</time>
    <extensions>
     <gpxdata:distance>1828.50</gpxdata:distance>
     <gpxdata:speed>2.086</gpxdata:speed>
    </extensions>
   </trkpt>
   <trkpt lat="47.3613099" lon="0.6752651">
    <ele>60</ele>
    <time>2026-05-31T17:48:09Z</time>
    <extensions>
     <gpxdata:distance>1831.00</gpxdata:distance>
     <gpxdata:speed>2.100</gpxdata:speed>
    </extensions>
   </trkpt>
   <trkpt lat="47.3612950" lon="0.6752825">
    <ele>60</ele>
    <time>2026-05-31T17:48:10Z</time>
    <extensions>
     <gpxdata:distance>1833.00</gpxdata:distance>
     <gpxdata:speed>2.111</gpxdata:speed>
    </extensions>
   </trkpt>
   <trkpt lat="47.3612803" lon="0.6753001">
    <ele>60</ele>
    <time>2026-05-31T17:48:11Z</time>
    <extensions>
     <gpxdata:distance>1835.00</gpxdata:distance>
     <gpxdata:speed>2.103</gpxdata:speed>
    </extensions>
   </trkpt>
   <trkpt lat="47.3612656" lon="0.6753171">
    <ele>60</ele>
    <time>2026-05-31T17:48:12Z</time>
    <extensions>
     <gpxdata:distance>1837.00</gpxdata:distance>
     <gpxdata:speed>2.083</gpxdata:speed>
    </extensions>
   </trkpt>
   <trkpt lat="47.3612507" lon="0.6753328">
    <ele>60</ele>
    <time>2026-05-31T17:48:13Z</time>
    <extensions>
     <gpxdata:distance>1839.00</gpxdata:distance>
     <gpxdata:speed>2.058</gpxdata:speed>
    </extensions>
   </trkpt>
   <trkpt lat="47.3612354" lon="0.6753470">
    <ele>60</ele>
    <time>2026-05-31T17:48:14Z</time>
    <extensions>
     <gpxdata:distance>1841.00</gpxdata:distance>
     <gpxdata:speed>2.033</gpxdata:speed>
    </extensions>
   </trkpt>
   <trkpt lat="47.3612201" lon="0.6753610">
    <ele>61</ele>
    <time>2026-05-31T17:48:15Z</time>
    <extensions>
     <gpxdata:distance>1843.00</gpxdata:distance>
     <gpxdata:speed>2.022</gpxdata:speed>
    </extensions>
   </trkpt>
   <trkpt lat="47.3612045" lon="0.6753760">
    <ele>61</ele>
    <time>2026-05-31T17:48:16Z</time>
    <extensions>
     <gpxdata:distance>1845.00</gpxdata:distance>
     <gpxdata:speed>2.064</gpxdata:speed>
    </extensions>
   </trkpt>
   <trkpt lat="47.3611887" lon="0.6753923">
    <ele>61</ele>
    <time>2026-05-31T17:48:17Z</time>
    <extensions>
     <gpxdata:distance>1847.00</gpxdata:distance>
     <gpxdata:speed>2.122</gpxdata:speed>
    </extensions>
   </trkpt>
   <trkpt lat="47.3611720" lon="0.6754085">
    <ele>62</ele>
    <time>2026-05-31T17:48:18Z</time>
    <extensions>
     <gpxdata:distance>1849.50</gpxdata:distance>
     <gpxdata:speed>2.189</gpxdata:speed>
    </extensions>
   </trkpt>
   <trkpt lat="47.3611540" lon="0.6754228">
    <ele>62</ele>
    <time>2026-05-31T17:48:19Z</time>
    <extensions>
     <gpxdata:distance>1852.00</gpxdata:distance>
     <gpxdata:speed>2.250</gpxdata:speed>
    </extensions>
   </trkpt>
   <trkpt lat="47.3611353" lon="0.6754356">
    <ele>62</ele>
    <time>2026-05-31T17:48:20Z</time>
    <extensions>
     <gpxdata:distance>1854.00</gpxdata:distance>
     <gpxdata:speed>2.278</gpxdata:speed>
    </extensions>
   </trkpt>
   <trkpt lat="47.3611168" lon="0.6754483">
    <ele>62</ele>
    <time>2026-05-31T17:48:21Z</time>
    <extensions>
     <gpxdata:distance>1856.00</gpxdata:distance>
     <gpxdata:speed>2.272</gpxdata:speed>
    </extensions>
   </trkpt>
   <trkpt lat="47.3610986" lon="0.6754623">
    <ele>62</ele>
    <time>2026-05-31T17:48:22Z</time>
    <extensions>
     <gpxdata:distance>1858.50</gpxdata:distance>
     <gpxdata:speed>2.289</gpxdata:speed>
    </extensions>
   </trkpt>
   <trkpt lat="47.3610803" lon="0.6754774">
    <ele>63</ele>
    <time>2026-05-31T17:48:23Z</time>
    <extensions>
     <gpxdata:distance>1861.00</gpxdata:distance>
     <gpxdata:speed>2.322</gpxdata:speed>
    </extensions>
   </trkpt>
   <trkpt lat="47.3610617" lon="0.6754927">
    <ele>63</ele>
    <time>2026-05-31T17:48:24Z</time>
    <extensions>
     <gpxdata:distance>1863.50</gpxdata:distance>
     <gpxdata:speed>2.356</gpxdata:speed>
    </extensions>
   </trkpt>
   <trkpt lat="47.3610432" lon="0.6755082">
    <ele>63</ele>
    <time>2026-05-31T17:48:25Z</time>
    <extensions>
     <gpxdata:distance>1866.00</gpxdata:distance>
     <gpxdata:speed>2.364</gpxdata:speed>
    </extensions>
   </trkpt>
   <trkpt lat="47.3610250" lon="0.6755242">
    <ele>63</ele>
    <time>2026-05-31T17:48:26Z</time>
    <extensions>
     <gpxdata:distance>1868.50</gpxdata:distance>
     <gpxdata:speed>2.356</gpxdata:speed>
    </extensions>
   </trkpt>
   <trkpt lat="47.3610071" lon="0.6755406">
    <ele>63</ele>
    <time>2026-05-31T17:48:27Z</time>
    <extensions>
     <gpxdata:distance>1871.00</gpxdata:distance>
     <gpxdata:speed>2.353</gpxdata:speed>
    </extensions>
   </trkpt>
   <trkpt lat="47.3609892" lon="0.6755571">
    <ele>64</ele>
    <time>2026-05-31T17:48:28Z</time>
    <extensions>
     <gpxdata:distance>1873.00</gpxdata:distance>
     <gpxdata:speed>2.350</gpxdata:speed>
    </extensions>
   </trkpt>
   <trkpt lat="47.3609712" lon="0.6755731">
    <ele>64</ele>
    <time>2026-05-31T17:48:29Z</time>
    <extensions>
     <gpxdata:distance>1875.00</gpxdata:distance>
     <gpxdata:speed>2.344</gpxdata:speed>
    </extensions>
   </trkpt>
   <trkpt lat="47.3609534" lon="0.6755890">
    <ele>64</ele>
    <time>2026-05-31T17:48:30Z</time>
    <extensions>
     <gpxdata:distance>1877.50</gpxdata:distance>
     <gpxdata:speed>2.325</gpxdata:speed>
    </extensions>
   </trkpt>
   <trkpt lat="47.3609358" lon="0.6756048">
    <ele>64</ele>
    <time>2026-05-31T17:48:31Z</time>
    <extensions>
     <gpxdata:distance>1880.00</gpxdata:distance>
     <gpxdata:speed>2.306</gpxdata:speed>
    </extensions>
   </trkpt>
   <trkpt lat="47.3609188" lon="0.6756206">
    <ele>64</ele>
    <time>2026-05-31T17:48:32Z</time>
    <extensions>
     <gpxdata:distance>1882.00</gpxdata:distance>
     <gpxdata:speed>2.264</gpxdata:speed>
    </extensions>
   </trkpt>
   <trkpt lat="47.3609020" lon="0.6756363">
    <ele>65</ele>
    <time>2026-05-31T17:48:33Z</time>
    <extensions>
     <gpxdata:distance>1884.00</gpxdata:distance>
     <gpxdata:speed>2.233</gpxdata:speed>
    </extensions>
   </trkpt>
   <trkpt lat="47.3608854" lon="0.6756519">
    <ele>65</ele>
    <time>2026-05-31T17:48:34Z</time>
    <extensions>
     <gpxdata:distance>1886.50</gpxdata:distance>
     <gpxdata:speed>2.211</gpxdata:speed>
    </extensions>
   </trkpt>
   <trkpt lat="47.3608686" lon="0.6756673">
    <ele>65</ele>
    <time>2026-05-31T17:48:35Z</time>
    <extensions>
     <gpxdata:distance>1889.00</gpxdata:distance>
     <gpxdata:speed>2.208</gpxdata:speed>
    </extensions>
   </trkpt>
   <trkpt lat="47.3608518" lon="0.6756828">
    <ele>65</ele>
    <time>2026-05-31T17:48:36Z</time>
    <extensions>
     <gpxdata:distance>1891.00</gpxdata:distance>
     <gpxdata:speed>2.211</gpxdata:speed>
    </extensions>
   </trkpt>
   <trkpt lat="47.3608346" lon="0.6756985">
    <ele>66</ele>
    <time>2026-05-31T17:48:37Z</time>
    <extensions>
     <gpxdata:distance>1893.00</gpxdata:distance>
     <gpxdata:speed>2.239</gpxdata:speed>
    </extensions>
   </trkpt>
   <trkpt lat="47.3608172" lon="0.6757142">
    <ele>66</ele>
    <time>2026-05-31T17:48:38Z</time>
    <extensions>
     <gpxdata:distance>1895.50</gpxdata:distance>
     <gpxdata:speed>2.261</gpxdata:speed>
    </extensions>
   </trkpt>
   <trkpt lat="47.3607995" lon="0.6757303">
    <ele>66</ele>
    <time>2026-05-31T17:48:39Z</time>
    <extensions>
     <gpxdata:distance>1898.00</gpxdata:distance>
     <gpxdata:speed>2.292</gpxdata:speed>
    </extensions>
   </trkpt>
   <trkpt lat="47.3607820" lon="0.6757470">
    <ele>66</ele>
    <time>2026-05-31T17:48:40Z</time>
    <extensions>
     <gpxdata:distance>1900.00</gpxdata:distance>
     <gpxdata:speed>2.306</gpxdata:speed>
    </extensions>
   </trkpt>
   <trkpt lat="47.3607644" lon="0.6757636">
    <ele>66</ele>
    <time>2026-05-31T17:48:41Z</time>
    <extensions>
     <gpxdata:distance>1902.00</gpxdata:distance>
     <gpxdata:speed>2.311</gpxdata:speed>
    </extensions>
   </trkpt>
   <trkpt lat="47.3607467" lon="0.6757804">
    <ele>67</ele>
    <time>2026-05-31T17:48:42Z</time>
    <extensions>
     <gpxdata:distance>1904.50</gpxdata:distance>
     <gpxdata:speed>2.331</gpxdata:speed>
    </extensions>
   </trkpt>
   <trkpt lat="47.3607290" lon="0.6757978">
    <ele>67</ele>
    <time>2026-05-31T17:48:43Z</time>
    <extensions>
     <gpxdata:distance>1907.00</gpxdata:distance>
     <gpxdata:speed>2.356</gpxdata:speed>
    </extensions>
   </trkpt>
   <trkpt lat="47.3607112" lon="0.6758159">
    <ele>67</ele>
    <time>2026-05-31T17:48:44Z</time>
    <extensions>
     <gpxdata:distance>1909.50</gpxdata:distance>
     <gpxdata:speed>2.386</gpxdata:speed>
    </extensions>
   </trkpt>
   <trkpt lat="47.3606933" lon="0.6758349">
    <ele>67</ele>
    <time>2026-05-31T17:48:45Z</time>
    <extensions>
     <gpxdata:distance>1912.00</gpxdata:distance>
     <gpxdata:speed>2.433</gpxdata:speed>
    </extensions>
   </trkpt>
   <trkpt lat="47.3606762" lon="0.6758539">
    <ele>67</ele>
    <time>2026-05-31T17:48:46Z</time>
    <extensions>
     <gpxdata:distance>1914.00</gpxdata:distance>
     <gpxdata:speed>2.389</gpxdata:speed>
    </extensions>
   </trkpt>
   <trkpt lat="47.3606607" lon="0.6758718">
    <ele>68</ele>
    <time>2026-05-31T17:48:47Z</time>
    <extensions>
     <gpxdata:distance>1916.00</gpxdata:distance>
     <gpxdata:speed>2.242</gpxdata:speed>
    </extensions>
   </trkpt>
   <trkpt lat="47.3606461" lon="0.6758887">
    <ele>68</ele>
    <time>2026-05-31T17:48:48Z</time>
    <extensions>
     <gpxdata:distance>1918.00</gpxdata:distance>
     <gpxdata:speed>2.128</gpxdata:speed>
    </extensions>
   </trkpt>
   <trkpt lat="47.3606317" lon="0.6759058">
    <ele>68</ele>
    <time>2026-05-31T17:48:49Z</time>
    <extensions>
     <gpxdata:distance>1920.00</gpxdata:distance>
     <gpxdata:speed>2.103</gpxdata:speed>
    </extensions>
   </trkpt>
   <trkpt lat="47.3606168" lon="0.6759236">
    <ele>68</ele>
    <time>2026-05-31T17:48:50Z</time>
    <extensions>
     <gpxdata:distance>1922.50</gpxdata:distance>
     <gpxdata:speed>2.136</gpxdata:speed>
    </extensions>
   </trkpt>
   <trkpt lat="47.3606015" lon="0.6759427">
    <ele>68</ele>
    <time>2026-05-31T17:48:51Z</time>
    <extensions>
     <gpxdata:distance>1925.00</gpxdata:distance>
     <gpxdata:speed>2.200</gpxdata:speed>
    </extensions>
   </trkpt>
   <trkpt lat="47.3605861" lon="0.6759634">
    <ele>68</ele>
    <time>2026-05-31T17:48:52Z</time>
    <extensions>
     <gpxdata:distance>1927.50</gpxdata:distance>
     <gpxdata:speed>2.278</gpxdata:speed>
    </extensions>
   </trkpt>
   <trkpt lat="47.3605707" lon="0.6759854">
    <ele>69</ele>
    <time>2026-05-31T17:48:53Z</time>
    <extensions>
     <gpxdata:distance>1930.00</gpxdata:distance>
     <gpxdata:speed>2.336</gpxdata:speed>
    </extensions>
   </trkpt>
   <trkpt lat="47.3605552" lon="0.6760078">
    <ele>69</ele>
    <time>2026-05-31T17:48:54Z</time>
    <extensions>
     <gpxdata:distance>1932.50</gpxdata:distance>
     <gpxdata:speed>2.378</gpxdata:speed>
    </extensions>
   </trkpt>
   <trkpt lat="47.3605396" lon="0.6760297">
    <ele>69</ele>
    <time>2026-05-31T17:48:55Z</time>
    <extensions>
     <gpxdata:distance>1935.00</gpxdata:distance>
     <gpxdata:speed>2.372</gpxdata:speed>
    </extensions>
   </trkpt>
   <trkpt lat="47.3605236" lon="0.6760501">
    <ele>69</ele>
    <time>2026-05-31T17:48:56Z</time>
    <extensions>
     <gpxdata:distance>1937.00</gpxdata:distance>
     <gpxdata:speed>2.356</gpxdata:speed>
    </extensions>
   </trkpt>
   <trkpt lat="47.3605069" lon="0.6760683">
    <ele>69</ele>
    <time>2026-05-31T17:48:57Z</time>
    <extensions>
     <gpxdata:distance>1939.00</gpxdata:distance>
     <gpxdata:speed>2.342</gpxdata:speed>
    </extensions>
   </trkpt>
   <trkpt lat="47.3604889" lon="0.6760829">
    <ele>70</ele>
    <time>2026-05-31T17:48:58Z</time>
    <extensions>
     <gpxdata:distance>1941.50</gpxdata:distance>
     <gpxdata:speed>2.344</gpxdata:speed>
    </extensions>
   </trkpt>
   <trkpt lat="47.3604697" lon="0.6760927">
    <ele>70</ele>
    <time>2026-05-31T17:48:59Z</time>
    <extensions>
     <gpxdata:distance>1944.00</gpxdata:distance>
     <gpxdata:speed>2.356</gpxdata:speed>
    </extensions>
   </trkpt>
   <trkpt lat="47.3604496" lon="0.6760966">
    <ele>70</ele>
    <time>2026-05-31T17:49:00Z</time>
    <extensions>
     <gpxdata:distance>1946.00</gpxdata:distance>
     <gpxdata:speed>2.367</gpxdata:speed>
    </extensions>
   </trkpt>
   <trkpt lat="47.3604289" lon="0.6760948">
    <ele>70</ele>
    <time>2026-05-31T17:49:01Z</time>
    <extensions>
     <gpxdata:distance>1948.00</gpxdata:distance>
     <gpxdata:speed>2.408</gpxdata:speed>
    </extensions>
   </trkpt>
   <trkpt lat="47.3604080" lon="0.6760878">
    <ele>70</ele>
    <time>2026-05-31T17:49:02Z</time>
    <extensions>
     <gpxdata:distance>1951.00</gpxdata:distance>
     <gpxdata:speed>2.464</gpxdata:speed>
    </extensions>
   </trkpt>
   <trkpt lat="47.3603868" lon="0.6760765">
    <ele>70</ele>
    <time>2026-05-31T17:49:03Z</time>
    <extensions>
     <gpxdata:distance>1954.00</gpxdata:distance>
     <gpxdata:speed>2.544</gpxdata:speed>
    </extensions>
   </trkpt>
   <trkpt lat="47.3603654" lon="0.6760614">
    <ele>70</ele>
    <time>2026-05-31T17:49:04Z</time>
    <extensions>
     <gpxdata:distance>1957.00</gpxdata:distance>
     <gpxdata:speed>2.653</gpxdata:speed>
    </extensions>
   </trkpt>
   <trkpt lat="47.3603440" lon="0.6760427">
    <ele>70</ele>
    <time>2026-05-31T17:49:05Z</time>
    <extensions>
     <gpxdata:distance>1960.00</gpxdata:distance>
     <gpxdata:speed>2.758</gpxdata:speed>
    </extensions>
   </trkpt>
   <trkpt lat="47.3603231" lon="0.6760208">
    <ele>70</ele>
    <time>2026-05-31T17:49:06Z</time>
    <extensions>
     <gpxdata:distance>1963.00</gpxdata:distance>
     <gpxdata:speed>2.897</gpxdata:speed>
    </extensions>
   </trkpt>
   <trkpt lat="47.3603023" lon="0.6759964">
    <ele>70</ele>
    <time>2026-05-31T17:49:07Z</time>
    <extensions>
     <gpxdata:distance>1966.00</gpxdata:distance>
     <gpxdata:speed>3.017</gpxdata:speed>
    </extensions>
   </trkpt>
   <trkpt lat="47.3602689" lon="0.6759546">
    <ele>70</ele>
    <time>2026-05-31T17:49:08Z</time>
    <extensions>
     <gpxdata:distance>1969.00</gpxdata:distance>
     <gpxdata:speed>3.039</gpxdata:speed>
    </extensions>
   </trkpt>
   <trkpt lat="47.3602466" lon="0.6759254">
    <ele>70</ele>
    <time>2026-05-31T17:49:09Z</time>
    <extensions>
     <gpxdata:distance>1972.00</gpxdata:distance>
     <gpxdata:speed>2.967</gpxdata:speed>
    </extensions>
   </trkpt>
   <trkpt lat="47.3602358" lon="0.6759103">
    <ele>70</ele>
    <time>2026-05-31T17:49:10Z</time>
    <extensions>
     <gpxdata:distance>1974.00</gpxdata:distance>
     <gpxdata:speed>2.853</gpxdata:speed>
    </extensions>
   </trkpt>
   <trkpt lat="47.3602233" lon="0.6758894">
    <ele>70</ele>
    <time>2026-05-31T17:49:11Z</time>
    <extensions>
     <gpxdata:distance>1976.00</gpxdata:distance>
     <gpxdata:speed>2.719</gpxdata:speed>
    </extensions>
   </trkpt>
   <trkpt lat="47.3602128" lon="0.6758644">
    <ele>70</ele>
    <time>2026-05-31T17:49:12Z</time>
    <extensions>
     <gpxdata:distance>1978.50</gpxdata:distance>
     <gpxdata:speed>2.603</gpxdata:speed>
    </extensions>
   </trkpt>
   <trkpt lat="47.3602072" lon="0.6758366">
    <ele>70</ele>
    <time>2026-05-31T17:49:13Z</time>
    <extensions>
     <gpxdata:distance>1981.00</gpxdata:distance>
     <gpxdata:speed>2.536</gpxdata:speed>
    </extensions>
   </trkpt>
   <trkpt lat="47.3602075" lon="0.6758077">
    <ele>70</ele>
    <time>2026-05-31T17:49:14Z</time>
    <extensions>
     <gpxdata:distance>1983.00</gpxdata:distance>
     <gpxdata:speed>2.508</gpxdata:speed>
    </extensions>
   </trkpt>
   <trkpt lat="47.3602136" lon="0.6757798">
    <ele>70</ele>
    <time>2026-05-31T17:49:15Z</time>
    <extensions>
     <gpxdata:distance>1985.00</gpxdata:distance>
     <gpxdata:speed>2.511</gpxdata:speed>
    </extensions>
   </trkpt>
   <trkpt lat="47.3602256" lon="0.6757552">
    <ele>70</ele>
    <time>2026-05-31T17:49:16Z</time>
    <extensions>
     <gpxdata:distance>1987.50</gpxdata:distance>
     <gpxdata:speed>2.558</gpxdata:speed>
    </extensions>
   </trkpt>
   <trkpt lat="47.3602421" lon="0.6757348">
    <ele>70</ele>
    <time>2026-05-31T17:49:17Z</time>
    <extensions>
     <gpxdata:distance>1990.00</gpxdata:distance>
     <gpxdata:speed>2.614</gpxdata:speed>
    </extensions>
   </trkpt>
   <trkpt lat="47.3602622" lon="0.6757188">
    <ele>70</ele>
    <time>2026-05-31T17:49:18Z</time>
    <extensions>
     <gpxdata:distance>1993.00</gpxdata:distance>
     <gpxdata:speed>2.689</gpxdata:speed>
    </extensions>
   </trkpt>
   <trkpt lat="47.3602847" lon="0.6757057">
    <ele>70</ele>
    <time>2026-05-31T17:49:19Z</time>
    <extensions>
     <gpxdata:distance>1996.00</gpxdata:distance>
     <gpxdata:speed>2.767</gpxdata:speed>
    </extensions>
   </trkpt>
   <trkpt lat="47.3603087" lon="0.6756939">
    <ele>70</ele>
    <time>2026-05-31T17:49:20Z</time>
    <extensions>
     <gpxdata:distance>1999.00</gpxdata:distance>
     <gpxdata:speed>2.842</gpxdata:speed>
    </extensions>
   </trkpt>
   <trkpt lat="47.3603338" lon="0.6756825">
    <ele>70</ele>
    <time>2026-05-31T17:49:21Z</time>
    <extensions>
     <gpxdata:distance>2002.00</gpxdata:distance>
     <gpxdata:speed>2.928</gpxdata:speed>
    </extensions>
   </trkpt>
   <trkpt lat="47.3603604" lon="0.6756707">
    <ele>70</ele>
    <time>2026-05-31T17:49:22Z</time>
    <extensions>
     <gpxdata:distance>2005.50</gpxdata:distance>
     <gpxdata:speed>3.186</gpxdata:speed>
    </extensions>
   </trkpt>
   <trkpt lat="47.3604049" lon="0.6756484">
    <ele>70</ele>
    <time>2026-05-31T17:49:23Z</time>
    <extensions>
     <gpxdata:distance>2009.00</gpxdata:distance>
     <gpxdata:speed>3.336</gpxdata:speed>
    </extensions>
   </trkpt>
   <trkpt lat="47.3604362" lon="0.6756280">
    <ele>70</ele>
    <time>2026-05-31T17:49:24Z</time>
    <extensions>
     <gpxdata:distance>2012.50</gpxdata:distance>
     <gpxdata:speed>3.472</gpxdata:speed>
    </extensions>
   </trkpt>
   <trkpt lat="47.3604647" lon="0.6756047">
    <ele>70</ele>
    <time>2026-05-31T17:49:25Z</time>
    <extensions>
     <gpxdata:distance>2016.00</gpxdata:distance>
     <gpxdata:speed>3.558</gpxdata:speed>
    </extensions>
   </trkpt>
   <trkpt lat="47.3604916" lon="0.6755783">
    <ele>70</ele>
    <time>2026-05-31T17:49:26Z</time>
    <extensions>
     <gpxdata:distance>2019.50</gpxdata:distance>
     <gpxdata:speed>3.581</gpxdata:speed>
    </extensions>
   </trkpt>
   <trkpt lat="47.3605172" lon="0.6755498">
    <ele>70</ele>
    <time>2026-05-31T17:49:27Z</time>
    <extensions>
     <gpxdata:distance>2023.00</gpxdata:distance>
     <gpxdata:speed>3.547</gpxdata:speed>
    </extensions>
   </trkpt>
   <trkpt lat="47.3605418" lon="0.6755205">
    <ele>70</ele>
    <time>2026-05-31T17:49:28Z</time>
    <extensions>
     <gpxdata:distance>2026.50</gpxdata:distance>
     <gpxdata:speed>3.506</gpxdata:speed>
    </extensions>
   </trkpt>
   <trkpt lat="47.3605660" lon="0.6754922">
    <ele>70</ele>
    <time>2026-05-31T17:49:29Z</time>
    <extensions>
     <gpxdata:distance>2030.00</gpxdata:distance>
     <gpxdata:speed>3.467</gpxdata:speed>
    </extensions>
   </trkpt>
   <trkpt lat="47.3605900" lon="0.6754647">
    <ele>70</ele>
    <time>2026-05-31T17:49:30Z</time>
    <extensions>
     <gpxdata:distance>2033.50</gpxdata:distance>
     <gpxdata:speed>3.439</gpxdata:speed>
    </extensions>
   </trkpt>
   <trkpt lat="47.3606141" lon="0.6754369">
    <ele>70</ele>
    <time>2026-05-31T17:49:31Z</time>
    <extensions>
     <gpxdata:distance>2037.00</gpxdata:distance>
     <gpxdata:speed>3.442</gpxdata:speed>
    </extensions>
   </trkpt>
   <trkpt lat="47.3606375" lon="0.6754079">
    <ele>70</ele>
    <time>2026-05-31T17:49:32Z</time>
    <extensions>
     <gpxdata:distance>2040.50</gpxdata:distance>
     <gpxdata:speed>3.422</gpxdata:speed>
    </extensions>
   </trkpt>
   <trkpt lat="47.3606590" lon="0.6753763">
    <ele>70</ele>
    <time>2026-05-31T17:49:33Z</time>
    <extensions>
     <gpxdata:distance>2044.00</gpxdata:distance>
     <gpxdata:speed>3.414</gpxdata:speed>
    </extensions>
   </trkpt>
   <trkpt lat="47.3606774" lon="0.6753409">
    <ele>70</ele>
    <time>2026-05-31T17:49:34Z</time>
    <extensions>
     <gpxdata:distance>2047.00</gpxdata:distance>
     <gpxdata:speed>3.406</gpxdata:speed>
    </extensions>
   </trkpt>
   <trkpt lat="47.3606908" lon="0.6753011">
    <ele>70</ele>
    <time>2026-05-31T17:49:35Z</time>
    <extensions>
     <gpxdata:distance>2050.00</gpxdata:distance>
     <gpxdata:speed>3.414</gpxdata:speed>
    </extensions>
   </trkpt>
   <trkpt lat="47.3606981" lon="0.6752567">
    <ele>70</ele>
    <time>2026-05-31T17:49:36Z</time>
    <extensions>
     <gpxdata:distance>2054.00</gpxdata:distance>
     <gpxdata:speed>3.475</gpxdata:speed>
    </extensions>
   </trkpt>
   <trkpt lat="47.3606989" lon="0.6752096">
    <ele>70</ele>
    <time>2026-05-31T17:49:37Z</time>
    <extensions>
     <gpxdata:distance>2058.00</gpxdata:distance>
     <gpxdata:speed>3.542</gpxdata:speed>
    </extensions>
   </trkpt>
   <trkpt lat="47.3606928" lon="0.6751630">
    <ele>70</ele>
    <time>2026-05-31T17:49:38Z</time>
    <extensions>
     <gpxdata:distance>2061.50</gpxdata:distance>
     <gpxdata:speed>3.578</gpxdata:speed>
    </extensions>
   </trkpt>
   <trkpt lat="47.3606807" lon="0.6751194">
    <ele>70</ele>
    <time>2026-05-31T17:49:39Z</time>
    <extensions>
     <gpxdata:distance>2065.00</gpxdata:distance>
     <gpxdata:speed>3.581</gpxdata:speed>
    </extensions>
   </trkpt>
   <trkpt lat="47.3606639" lon="0.6750803">
    <ele>70</ele>
    <time>2026-05-31T17:49:40Z</time>
    <extensions>
     <gpxdata:distance>2068.50</gpxdata:distance>
     <gpxdata:speed>3.547</gpxdata:speed>
    </extensions>
   </trkpt>
   <trkpt lat="47.3606433" lon="0.6750447">
    <ele>70</ele>
    <time>2026-05-31T17:49:41Z</time>
    <extensions>
     <gpxdata:distance>2072.00</gpxdata:distance>
     <gpxdata:speed>3.556</gpxdata:speed>
    </extensions>
   </trkpt>
   <trkpt lat="47.3606204" lon="0.6750115">
    <ele>70</ele>
    <time>2026-05-31T17:49:42Z</time>
    <extensions>
     <gpxdata:distance>2075.50</gpxdata:distance>
     <gpxdata:speed>3.558</gpxdata:speed>
    </extensions>
   </trkpt>
   <trkpt lat="47.3605959" lon="0.6749810">
    <ele>70</ele>
    <time>2026-05-31T17:49:43Z</time>
    <extensions>
     <gpxdata:distance>2079.00</gpxdata:distance>
     <gpxdata:speed>3.558</gpxdata:speed>
    </extensions>
   </trkpt>
   <trkpt lat="47.3605694" lon="0.6749555">
    <ele>70</ele>
    <time>2026-05-31T17:49:44Z</time>
    <extensions>
     <gpxdata:distance>2082.50</gpxdata:distance>
     <gpxdata:speed>3.550</gpxdata:speed>
    </extensions>
   </trkpt>
   <trkpt lat="47.3605406" lon="0.6749392">
    <ele>70</ele>
    <time>2026-05-31T17:49:45Z</time>
    <extensions>
     <gpxdata:distance>2086.00</gpxdata:distance>
     <gpxdata:speed>3.533</gpxdata:speed>
    </extensions>
   </trkpt>
   <trkpt lat="47.3605106" lon="0.6749328">
    <ele>70</ele>
    <time>2026-05-31T17:49:46Z</time>
    <extensions>
     <gpxdata:distance>2089.00</gpxdata:distance>
     <gpxdata:speed>3.500</gpxdata:speed>
    </extensions>
   </trkpt>
   <trkpt lat="47.3604803" lon="0.6749343">
    <ele>70</ele>
    <time>2026-05-31T17:49:47Z</time>
    <extensions>
     <gpxdata:distance>2092.00</gpxdata:distance>
     <gpxdata:speed>3.467</gpxdata:speed>
    </extensions>
   </trkpt>
   <trkpt lat="47.3604502" lon="0.6749400">
    <ele>70</ele>
    <time>2026-05-31T17:49:48Z</time>
    <extensions>
     <gpxdata:distance>2095.50</gpxdata:distance>
     <gpxdata:speed>3.425</gpxdata:speed>
    </extensions>
   </trkpt>
   <trkpt lat="47.3604214" lon="0.6749474">
    <ele>70</ele>
    <time>2026-05-31T17:49:49Z</time>
    <extensions>
     <gpxdata:distance>2099.00</gpxdata:distance>
     <gpxdata:speed>3.336</gpxdata:speed>
    </extensions>
   </trkpt>
   <trkpt lat="47.3603941" lon="0.6749554">
    <ele>70</ele>
    <time>2026-05-31T17:49:50Z</time>
    <extensions>
     <gpxdata:distance>2101.50</gpxdata:distance>
     <gpxdata:speed>3.222</gpxdata:speed>
    </extensions>
   </trkpt>
   <trkpt lat="47.3603683" lon="0.6749639">
    <ele>70</ele>
    <time>2026-05-31T17:49:51Z</time>
    <extensions>
     <gpxdata:distance>2104.00</gpxdata:distance>
     <gpxdata:speed>3.094</gpxdata:speed>
    </extensions>
   </trkpt>
   <trkpt lat="47.3603442" lon="0.6749731">
    <ele>70</ele>
    <time>2026-05-31T17:49:52Z</time>
    <extensions>
     <gpxdata:distance>2106.50</gpxdata:distance>
     <gpxdata:speed>2.786</gpxdata:speed>
    </extensions>
   </trkpt>
   <trkpt lat="47.3603313" lon="0.6749784">
    <ele>70</ele>
    <time>2026-05-31T17:49:53Z</time>
    <extensions>
     <gpxdata:distance>2109.00</gpxdata:distance>
     <gpxdata:speed>2.600</gpxdata:speed>
    </extensions>
   </trkpt>
   <trkpt lat="47.3603143" lon="0.6749856">
    <ele>70</ele>
    <time>2026-05-31T17:49:54Z</time>
    <extensions>
     <gpxdata:distance>2111.50</gpxdata:distance>
     <gpxdata:speed>2.464</gpxdata:speed>
    </extensions>
   </trkpt>
   <trkpt lat="47.3602956" lon="0.6749938">
    <ele>70</ele>
    <time>2026-05-31T17:49:55Z</time>
    <extensions>
     <gpxdata:distance>2114.00</gpxdata:distance>
     <gpxdata:speed>2.364</gpxdata:speed>
    </extensions>
   </trkpt>
   <trkpt lat="47.3602763" lon="0.6750024">
    <ele>70</ele>
    <time>2026-05-31T17:49:56Z</time>
    <extensions>
     <gpxdata:distance>2116.50</gpxdata:distance>
     <gpxdata:speed>2.314</gpxdata:speed>
    </extensions>
   </trkpt>
   <trkpt lat="47.3602567" lon="0.6750106">
    <ele>70</ele>
    <time>2026-05-31T17:49:57Z</time>
    <extensions>
     <gpxdata:distance>2119.00</gpxdata:distance>
     <gpxdata:speed>2.303</gpxdata:speed>
    </extensions>
   </trkpt>
   <trkpt lat="47.3602370" lon="0.6750175">
    <ele>70</ele>
    <time>2026-05-31T17:49:58Z</time>
    <extensions>
     <gpxdata:distance>2121.00</gpxdata:distance>
     <gpxdata:speed>2.242</gpxdata:speed>
    </extensions>
   </trkpt>
   <trkpt lat="47.3602176" lon="0.6750238">
    <ele>70</ele>
    <time>2026-05-31T17:49:59Z</time>
    <extensions>
     <gpxdata:distance>2123.00</gpxdata:distance>
     <gpxdata:speed>2.200</gpxdata:speed>
    </extensions>
   </trkpt>
   <trkpt lat="47.3601985" lon="0.6750301">
    <ele>70</ele>
    <time>2026-05-31T17:50:00Z</time>
    <extensions>
     <gpxdata:distance>2125.00</gpxdata:distance>
     <gpxdata:speed>2.156</gpxdata:speed>
    </extensions>
   </trkpt>
   <trkpt lat="47.3601800" lon="0.6750362">
    <ele>70</ele>
    <time>2026-05-31T17:50:01Z</time>
    <extensions>
     <gpxdata:distance>2127.00</gpxdata:distance>
     <gpxdata:speed>2.103</gpxdata:speed>
    </extensions>
   </trkpt>
   <trkpt lat="47.3601622" lon="0.6750424">
    <ele>70</ele>
    <time>2026-05-31T17:50:02Z</time>
    <extensions>
     <gpxdata:distance>2128.50</gpxdata:distance>
     <gpxdata:speed>2.036</gpxdata:speed>
    </extensions>
   </trkpt>
   <trkpt lat="47.3601459" lon="0.6750487">
    <ele>70</ele>
    <time>2026-05-31T17:50:03Z</time>
    <extensions>
     <gpxdata:distance>2130.00</gpxdata:distance>
     <gpxdata:speed>1.908</gpxdata:speed>
    </extensions>
   </trkpt>
   <trkpt lat="47.3601072" lon="0.6750623">
    <ele>70</ele>
    <time>2026-05-31T17:50:04Z</time>
    <extensions>
     <gpxdata:distance>2131.00</gpxdata:distance>
     <gpxdata:speed>1.522</gpxdata:speed>
    </extensions>
   </trkpt>
  </trkseg>
 </trk>
</gpx>
