<?xml version="1.0" encoding="UTF-8"?>
<gpx xmlns="http://www.topografix.com/GPX/1/1" xmlns:gpxdata="http://www.cluetrust.com/XML/GPXDATA/1/0" xmlns:xsi="http://www.w3.org/2001/XMLSchema-instance" xsi:schemaLocation="http://www.topografix.com/GPX/1/1 https://www.topografix.com/GPX/1/1/gpx.xsd http://www.cluetrust.com/XML/GPXDATA/1/0 https://www.cluetrust.com/Schemas/gpxdata10.xsd" creator="COROS Wearables" version="1.1">
 <metadata>
  <link href="https://www.coros.com">
   <text>COROS</text>
  </link>
  <time>2026-07-09T09:40:47Z</time>
 </metadata>
 <trk>
  <name>Unterlamm Gravel</name>
  <type>Other</type>
  <trkseg>
   <trkpt lat="46.9522608" lon="16.0098463">
    <ele>273</ele>
    <time>2026-07-09T09:41:10Z</time>
    <extensions>
     <gpxdata:distance>12.00</gpxdata:distance>
     <gpxdata:speed>1.922</gpxdata:speed>
    </extensions>
   </trkpt>
   <trkpt lat="46.9522705" lon="16.0098083">
    <ele>273</ele>
    <time>2026-07-09T09:41:11Z</time>
    <extensions>
     <gpxdata:distance>12.00</gpxdata:distance>
     <gpxdata:speed>2.378</gpxdata:speed>
    </extensions>
   </trkpt>
   <trkpt lat="46.9522764" lon="16.0097702">
    <ele>273</ele>
    <time>2026-07-09T09:41:12Z</time>
    <extensions>
     <gpxdata:distance>15.50</gpxdata:distance>
     <gpxdata:speed>2.714</gpxdata:speed>
    </extensions>
   </trkpt>
   <trkpt lat="46.9522803" lon="16.0097292">
    <ele>273</ele>
    <time>2026-07-09T09:41:13Z</time>
    <extensions>
     <gpxdata:distance>19.00</gpxdata:distance>
     <gpxdata:speed>2.992</gpxdata:speed>
    </extensions>
   </trkpt>
   <trkpt lat="46.9522857" lon="16.0096577">
    <ele>273</ele>
    <time>2026-07-09T09:41:14Z</time>
    <extensions>
     <gpxdata:distance>22.50</gpxdata:distance>
     <gpxdata:speed>3.269</gpxdata:speed>
    </extensions>
   </trkpt>
   <trkpt lat="46.9522905" lon="16.0096046">
    <ele>273</ele>
    <time>2026-07-09T09:41:15Z</time>
    <extensions>
     <gpxdata:distance>26.00</gpxdata:distance>
     <gpxdata:speed>3.508</gpxdata:speed>
    </extensions>
   </trkpt>
   <trkpt lat="46.9522956" lon="16.0095542">
    <ele>273</ele>
    <time>2026-07-09T09:41:16Z</time>
    <extensions>
     <gpxdata:distance>30.00</gpxdata:distance>
     <gpxdata:speed>3.700</gpxdata:speed>
    </extensions>
   </trkpt>
   <trkpt lat="46.9523003" lon="16.0095036">
    <ele>273</ele>
    <time>2026-07-09T09:41:17Z</time>
    <extensions>
     <gpxdata:distance>34.00</gpxdata:distance>
     <gpxdata:speed>3.817</gpxdata:speed>
    </extensions>
   </trkpt>
   <trkpt lat="46.9523044" lon="16.0094523">
    <ele>273</ele>
    <time>2026-07-09T09:41:18Z</time>
    <extensions>
     <gpxdata:distance>38.00</gpxdata:distance>
     <gpxdata:speed>3.897</gpxdata:speed>
    </extensions>
   </trkpt>
   <trkpt lat="46.9523084" lon="16.0094000">
    <ele>273</ele>
    <time>2026-07-09T09:41:19Z</time>
    <extensions>
     <gpxdata:distance>42.00</gpxdata:distance>
     <gpxdata:speed>3.961</gpxdata:speed>
    </extensions>
   </trkpt>
   <trkpt lat="46.9523121" lon="16.0093465">
    <ele>273</ele>
    <time>2026-07-09T09:41:20Z</time>
    <extensions>
     <gpxdata:distance>46.00</gpxdata:distance>
     <gpxdata:speed>4.022</gpxdata:speed>
    </extensions>
   </trkpt>
   <trkpt lat="46.9523159" lon="16.0092919">
    <ele>273</ele>
    <time>2026-07-09T09:41:21Z</time>
    <extensions>
     <gpxdata:distance>50.00</gpxdata:distance>
     <gpxdata:speed>4.092</gpxdata:speed>
    </extensions>
   </trkpt>
   <trkpt lat="46.9523196" lon="16.0092368">
    <ele>273</ele>
    <time>2026-07-09T09:41:22Z</time>
    <extensions>
     <gpxdata:distance>54.50</gpxdata:distance>
     <gpxdata:speed>4.158</gpxdata:speed>
    </extensions>
   </trkpt>
   <trkpt lat="46.9523232" lon="16.0091805">
    <ele>273</ele>
    <time>2026-07-09T09:41:23Z</time>
    <extensions>
     <gpxdata:distance>59.00</gpxdata:distance>
     <gpxdata:speed>4.225</gpxdata:speed>
    </extensions>
   </trkpt>
   <trkpt lat="46.9523261" lon="16.0091226">
    <ele>273</ele>
    <time>2026-07-09T09:41:24Z</time>
    <extensions>
     <gpxdata:distance>63.50</gpxdata:distance>
     <gpxdata:speed>4.267</gpxdata:speed>
    </extensions>
   </trkpt>
   <trkpt lat="46.9523283" lon="16.0090630">
    <ele>273</ele>
    <time>2026-07-09T09:41:25Z</time>
    <extensions>
     <gpxdata:distance>68.00</gpxdata:distance>
     <gpxdata:speed>4.322</gpxdata:speed>
    </extensions>
   </trkpt>
   <trkpt lat="46.9523304" lon="16.0090014">
    <ele>273</ele>
    <time>2026-07-09T09:41:26Z</time>
    <extensions>
     <gpxdata:distance>72.50</gpxdata:distance>
     <gpxdata:speed>4.386</gpxdata:speed>
    </extensions>
   </trkpt>
   <trkpt lat="46.9523333" lon="16.0089383">
    <ele>273</ele>
    <time>2026-07-09T09:41:27Z</time>
    <extensions>
     <gpxdata:distance>77.00</gpxdata:distance>
     <gpxdata:speed>4.458</gpxdata:speed>
    </extensions>
   </trkpt>
   <trkpt lat="46.9523366" lon="16.0088747">
    <ele>273</ele>
    <time>2026-07-09T09:41:28Z</time>
    <extensions>
     <gpxdata:distance>82.00</gpxdata:distance>
     <gpxdata:speed>4.531</gpxdata:speed>
    </extensions>
   </trkpt>
   <trkpt lat="46.9523392" lon="16.0088116">
    <ele>273</ele>
    <time>2026-07-09T09:41:29Z</time>
    <extensions>
     <gpxdata:distance>87.00</gpxdata:distance>
     <gpxdata:speed>4.592</gpxdata:speed>
    </extensions>
   </trkpt>
   <trkpt lat="46.9523413" lon="16.0087486">
    <ele>273</ele>
    <time>2026-07-09T09:41:30Z</time>
    <extensions>
     <gpxdata:distance>91.50</gpxdata:distance>
     <gpxdata:speed>4.631</gpxdata:speed>
    </extensions>
   </trkpt>
   <trkpt lat="46.9523433" lon="16.0086849">
    <ele>273</ele>
    <time>2026-07-09T09:41:31Z</time>
    <extensions>
     <gpxdata:distance>96.00</gpxdata:distance>
     <gpxdata:speed>4.661</gpxdata:speed>
    </extensions>
   </trkpt>
   <trkpt lat="46.9523449" lon="16.0086205">
    <ele>273</ele>
    <time>2026-07-09T09:41:32Z</time>
    <extensions>
     <gpxdata:distance>101.00</gpxdata:distance>
     <gpxdata:speed>4.711</gpxdata:speed>
    </extensions>
   </trkpt>
   <trkpt lat="46.9523455" lon="16.0085554">
    <ele>273</ele>
    <time>2026-07-09T09:41:33Z</time>
    <extensions>
     <gpxdata:distance>106.00</gpxdata:distance>
     <gpxdata:speed>4.769</gpxdata:speed>
    </extensions>
   </trkpt>
   <trkpt lat="46.9523459" lon="16.0084901">
    <ele>273</ele>
    <time>2026-07-09T09:41:34Z</time>
    <extensions>
     <gpxdata:distance>111.00</gpxdata:distance>
     <gpxdata:speed>4.825</gpxdata:speed>
    </extensions>
   </trkpt>
   <trkpt lat="46.9523468" lon="16.0084252">
    <ele>273</ele>
    <time>2026-07-09T09:41:35Z</time>
    <extensions>
     <gpxdata:distance>116.00</gpxdata:distance>
     <gpxdata:speed>4.867</gpxdata:speed>
    </extensions>
   </trkpt>
   <trkpt lat="46.9523474" lon="16.0083609">
    <ele>273</ele>
    <time>2026-07-09T09:41:36Z</time>
    <extensions>
     <gpxdata:distance>121.00</gpxdata:distance>
     <gpxdata:speed>4.900</gpxdata:speed>
    </extensions>
   </trkpt>
   <trkpt lat="46.9523474" lon="16.0082981">
    <ele>273</ele>
    <time>2026-07-09T09:41:37Z</time>
    <extensions>
     <gpxdata:distance>126.00</gpxdata:distance>
     <gpxdata:speed>4.892</gpxdata:speed>
    </extensions>
   </trkpt>
   <trkpt lat="46.9523477" lon="16.0082376">
    <ele>273</ele>
    <time>2026-07-09T09:41:38Z</time>
    <extensions>
     <gpxdata:distance>130.50</gpxdata:distance>
     <gpxdata:speed>4.825</gpxdata:speed>
    </extensions>
   </trkpt>
   <trkpt lat="46.9523486" lon="16.0081803">
    <ele>273</ele>
    <time>2026-07-09T09:41:39Z</time>
    <extensions>
     <gpxdata:distance>135.00</gpxdata:distance>
     <gpxdata:speed>4.711</gpxdata:speed>
    </extensions>
   </trkpt>
   <trkpt lat="46.9523490" lon="16.0081259">
    <ele>273</ele>
    <time>2026-07-09T09:41:40Z</time>
    <extensions>
     <gpxdata:distance>139.00</gpxdata:distance>
     <gpxdata:speed>4.553</gpxdata:speed>
    </extensions>
   </trkpt>
   <trkpt lat="46.9523481" lon="16.0080729">
    <ele>273</ele>
    <time>2026-07-09T09:41:41Z</time>
    <extensions>
     <gpxdata:distance>143.00</gpxdata:distance>
     <gpxdata:speed>4.372</gpxdata:speed>
    </extensions>
   </trkpt>
   <trkpt lat="46.9523467" lon="16.0080195">
    <ele>273</ele>
    <time>2026-07-09T09:41:42Z</time>
    <extensions>
     <gpxdata:distance>147.00</gpxdata:distance>
     <gpxdata:speed>4.239</gpxdata:speed>
    </extensions>
   </trkpt>
   <trkpt lat="46.9523451" lon="16.0079642">
    <ele>273</ele>
    <time>2026-07-09T09:41:43Z</time>
    <extensions>
     <gpxdata:distance>151.00</gpxdata:distance>
     <gpxdata:speed>4.183</gpxdata:speed>
    </extensions>
   </trkpt>
   <trkpt lat="46.9523428" lon="16.0079068">
    <ele>273</ele>
    <time>2026-07-09T09:41:44Z</time>
    <extensions>
     <gpxdata:distance>155.50</gpxdata:distance>
     <gpxdata:speed>4.231</gpxdata:speed>
    </extensions>
   </trkpt>
   <trkpt lat="46.9523402" lon="16.0078475">
    <ele>273</ele>
    <time>2026-07-09T09:41:45Z</time>
    <extensions>
     <gpxdata:distance>160.00</gpxdata:distance>
     <gpxdata:speed>4.328</gpxdata:speed>
    </extensions>
   </trkpt>
   <trkpt lat="46.9523377" lon="16.0077865">
    <ele>273</ele>
    <time>2026-07-09T09:41:46Z</time>
    <extensions>
     <gpxdata:distance>164.50</gpxdata:distance>
     <gpxdata:speed>4.417</gpxdata:speed>
    </extensions>
   </trkpt>
   <trkpt lat="46.9523351" lon="16.0077242">
    <ele>273</ele>
    <time>2026-07-09T09:41:47Z</time>
    <extensions>
     <gpxdata:distance>169.00</gpxdata:distance>
     <gpxdata:speed>4.511</gpxdata:speed>
    </extensions>
   </trkpt>
   <trkpt lat="46.9523316" lon="16.0076614">
    <ele>273</ele>
    <time>2026-07-09T09:41:48Z</time>
    <extensions>
     <gpxdata:distance>174.00</gpxdata:distance>
     <gpxdata:speed>4.600</gpxdata:speed>
    </extensions>
   </trkpt>
   <trkpt lat="46.9523272" lon="16.0075987">
    <ele>273</ele>
    <time>2026-07-09T09:41:49Z</time>
    <extensions>
     <gpxdata:distance>179.00</gpxdata:distance>
     <gpxdata:speed>4.669</gpxdata:speed>
    </extensions>
   </trkpt>
   <trkpt lat="46.9523228" lon="16.0075356">
    <ele>273</ele>
    <time>2026-07-09T09:41:50Z</time>
    <extensions>
     <gpxdata:distance>184.00</gpxdata:distance>
     <gpxdata:speed>4.714</gpxdata:speed>
    </extensions>
   </trkpt>
   <trkpt lat="46.9523181" lon="16.0074723">
    <ele>274</ele>
    <time>2026-07-09T09:41:51Z</time>
    <extensions>
     <gpxdata:distance>189.00</gpxdata:distance>
     <gpxdata:speed>4.769</gpxdata:speed>
    </extensions>
   </trkpt>
   <trkpt lat="46.9523133" lon="16.0074097">
    <ele>274</ele>
    <time>2026-07-09T09:41:52Z</time>
    <extensions>
     <gpxdata:distance>193.50</gpxdata:distance>
     <gpxdata:speed>4.808</gpxdata:speed>
    </extensions>
   </trkpt>
   <trkpt lat="46.9523085" lon="16.0073494">
    <ele>274</ele>
    <time>2026-07-09T09:41:53Z</time>
    <extensions>
     <gpxdata:distance>198.00</gpxdata:distance>
     <gpxdata:speed>4.797</gpxdata:speed>
    </extensions>
   </trkpt>
   <trkpt lat="46.9523030" lon="16.0072923">
    <ele>274</ele>
    <time>2026-07-09T09:41:54Z</time>
    <extensions>
     <gpxdata:distance>202.50</gpxdata:distance>
     <gpxdata:speed>4.686</gpxdata:speed>
    </extensions>
   </trkpt>
   <trkpt lat="46.9522981" lon="16.0072378">
    <ele>274</ele>
    <time>2026-07-09T09:41:55Z</time>
    <extensions>
     <gpxdata:distance>207.00</gpxdata:distance>
     <gpxdata:speed>4.542</gpxdata:speed>
    </extensions>
   </trkpt>
   <trkpt lat="46.9522940" lon="16.0071851">
    <ele>274</ele>
    <time>2026-07-09T09:41:56Z</time>
    <extensions>
     <gpxdata:distance>211.00</gpxdata:distance>
     <gpxdata:speed>4.381</gpxdata:speed>
    </extensions>
   </trkpt>
   <trkpt lat="46.9522895" lon="16.0071332">
    <ele>274</ele>
    <time>2026-07-09T09:41:57Z</time>
    <extensions>
     <gpxdata:distance>215.00</gpxdata:distance>
     <gpxdata:speed>4.075</gpxdata:speed>
    </extensions>
   </trkpt>
   <trkpt lat="46.9522847" lon="16.0070813">
    <ele>274</ele>
    <time>2026-07-09T09:41:58Z</time>
    <extensions>
     <gpxdata:distance>219.00</gpxdata:distance>
     <gpxdata:speed>4.031</gpxdata:speed>
    </extensions>
   </trkpt>
   <trkpt lat="46.9522798" lon="16.0070285">
    <ele>274</ele>
    <time>2026-07-09T09:41:59Z</time>
    <extensions>
     <gpxdata:distance>223.00</gpxdata:distance>
     <gpxdata:speed>4.008</gpxdata:speed>
    </extensions>
   </trkpt>
   <trkpt lat="46.9522744" lon="16.0069747">
    <ele>274</ele>
    <time>2026-07-09T09:42:00Z</time>
    <extensions>
     <gpxdata:distance>227.00</gpxdata:distance>
     <gpxdata:speed>4.064</gpxdata:speed>
    </extensions>
   </trkpt>
   <trkpt lat="46.9522687" lon="16.0069212">
    <ele>274</ele>
    <time>2026-07-09T09:42:01Z</time>
    <extensions>
     <gpxdata:distance>231.00</gpxdata:distance>
     <gpxdata:speed>4.142</gpxdata:speed>
    </extensions>
   </trkpt>
   <trkpt lat="46.9522628" lon="16.0068688">
    <ele>274</ele>
    <time>2026-07-09T09:42:02Z</time>
    <extensions>
     <gpxdata:distance>235.00</gpxdata:distance>
     <gpxdata:speed>4.103</gpxdata:speed>
    </extensions>
   </trkpt>
   <trkpt lat="46.9522572" lon="16.0068184">
    <ele>274</ele>
    <time>2026-07-09T09:42:03Z</time>
    <extensions>
     <gpxdata:distance>239.00</gpxdata:distance>
     <gpxdata:speed>4.008</gpxdata:speed>
    </extensions>
   </trkpt>
   <trkpt lat="46.9522516" lon="16.0067701">
    <ele>274</ele>
    <time>2026-07-09T09:42:04Z</time>
    <extensions>
     <gpxdata:distance>242.50</gpxdata:distance>
     <gpxdata:speed>3.872</gpxdata:speed>
    </extensions>
   </trkpt>
   <trkpt lat="46.9522463" lon="16.0067239">
    <ele>274</ele>
    <time>2026-07-09T09:42:05Z</time>
    <extensions>
     <gpxdata:distance>246.00</gpxdata:distance>
     <gpxdata:speed>3.728</gpxdata:speed>
    </extensions>
   </trkpt>
   <trkpt lat="46.9522416" lon="16.0066796">
    <ele>274</ele>
    <time>2026-07-09T09:42:06Z</time>
    <extensions>
     <gpxdata:distance>249.50</gpxdata:distance>
     <gpxdata:speed>3.575</gpxdata:speed>
    </extensions>
   </trkpt>
   <trkpt lat="46.9522375" lon="16.0066365">
    <ele>274</ele>
    <time>2026-07-09T09:42:07Z</time>
    <extensions>
     <gpxdata:distance>253.00</gpxdata:distance>
     <gpxdata:speed>3.436</gpxdata:speed>
    </extensions>
   </trkpt>
   <trkpt lat="46.9522337" lon="16.0065934">
    <ele>274</ele>
    <time>2026-07-09T09:42:08Z</time>
    <extensions>
     <gpxdata:distance>256.00</gpxdata:distance>
     <gpxdata:speed>3.350</gpxdata:speed>
    </extensions>
   </trkpt>
   <trkpt lat="46.9522303" lon="16.0065489">
    <ele>274</ele>
    <time>2026-07-09T09:42:09Z</time>
    <extensions>
     <gpxdata:distance>259.00</gpxdata:distance>
     <gpxdata:speed>3.342</gpxdata:speed>
    </extensions>
   </trkpt>
   <trkpt lat="46.9522278" lon="16.0065034">
    <ele>274</ele>
    <time>2026-07-09T09:42:10Z</time>
    <extensions>
     <gpxdata:distance>263.00</gpxdata:distance>
     <gpxdata:speed>3.394</gpxdata:speed>
    </extensions>
   </trkpt>
   <trkpt lat="46.9522258" lon="16.0064577">
    <ele>274</ele>
    <time>2026-07-09T09:42:11Z</time>
    <extensions>
     <gpxdata:distance>267.00</gpxdata:distance>
     <gpxdata:speed>3.450</gpxdata:speed>
    </extensions>
   </trkpt>
   <trkpt lat="46.9522237" lon="16.0064134">
    <ele>274</ele>
    <time>2026-07-09T09:42:12Z</time>
    <extensions>
     <gpxdata:distance>270.00</gpxdata:distance>
     <gpxdata:speed>3.456</gpxdata:speed>
    </extensions>
   </trkpt>
   <trkpt lat="46.9522215" lon="16.0063727">
    <ele>274</ele>
    <time>2026-07-09T09:42:13Z</time>
    <extensions>
     <gpxdata:distance>273.00</gpxdata:distance>
     <gpxdata:speed>3.369</gpxdata:speed>
    </extensions>
   </trkpt>
   <trkpt lat="46.9522195" lon="16.0063397">
    <ele>274</ele>
    <time>2026-07-09T09:42:14Z</time>
    <extensions>
     <gpxdata:distance>275.50</gpxdata:distance>
     <gpxdata:speed>3.050</gpxdata:speed>
    </extensions>
   </trkpt>
   <trkpt lat="46.9522054" lon="16.0061975">
    <ele>274</ele>
    <time>2026-07-09T09:42:43Z</time>
    <extensions>
     <gpxdata:distance>293.00</gpxdata:distance>
     <gpxdata:speed>2.947</gpxdata:speed>
    </extensions>
   </trkpt>
   <trkpt lat="46.9522035" lon="16.0061210">
    <ele>274</ele>
    <time>2026-07-09T09:42:44Z</time>
    <extensions>
     <gpxdata:distance>293.00</gpxdata:distance>
     <gpxdata:speed>3.439</gpxdata:speed>
    </extensions>
   </trkpt>
   <trkpt lat="46.9522026" lon="16.0060622">
    <ele>274</ele>
    <time>2026-07-09T09:42:45Z</time>
    <extensions>
     <gpxdata:distance>297.00</gpxdata:distance>
     <gpxdata:speed>3.808</gpxdata:speed>
    </extensions>
   </trkpt>
   <trkpt lat="46.9522021" lon="16.0060041">
    <ele>274</ele>
    <time>2026-07-09T09:42:46Z</time>
    <extensions>
     <gpxdata:distance>301.00</gpxdata:distance>
     <gpxdata:speed>4.067</gpxdata:speed>
    </extensions>
   </trkpt>
   <trkpt lat="46.9522022" lon="16.0059451">
    <ele>274</ele>
    <time>2026-07-09T09:42:47Z</time>
    <extensions>
     <gpxdata:distance>305.50</gpxdata:distance>
     <gpxdata:speed>4.319</gpxdata:speed>
    </extensions>
   </trkpt>
   <trkpt lat="46.9522028" lon="16.0058852">
    <ele>274</ele>
    <time>2026-07-09T09:42:48Z</time>
    <extensions>
     <gpxdata:distance>310.00</gpxdata:distance>
     <gpxdata:speed>4.442</gpxdata:speed>
    </extensions>
   </trkpt>
   <trkpt lat="46.9522040" lon="16.0058245">
    <ele>274</ele>
    <time>2026-07-09T09:42:49Z</time>
    <extensions>
     <gpxdata:distance>314.50</gpxdata:distance>
     <gpxdata:speed>4.531</gpxdata:speed>
    </extensions>
   </trkpt>
   <trkpt lat="46.9522056" lon="16.0057630">
    <ele>274</ele>
    <time>2026-07-09T09:42:50Z</time>
    <extensions>
     <gpxdata:distance>319.00</gpxdata:distance>
     <gpxdata:speed>4.603</gpxdata:speed>
    </extensions>
   </trkpt>
   <trkpt lat="46.9522076" lon="16.0057001">
    <ele>274</ele>
    <time>2026-07-09T09:42:51Z</time>
    <extensions>
     <gpxdata:distance>324.00</gpxdata:distance>
     <gpxdata:speed>4.681</gpxdata:speed>
    </extensions>
   </trkpt>
   <trkpt lat="46.9522094" lon="16.0056356">
    <ele>274</ele>
    <time>2026-07-09T09:42:52Z</time>
    <extensions>
     <gpxdata:distance>329.00</gpxdata:distance>
     <gpxdata:speed>4.789</gpxdata:speed>
    </extensions>
   </trkpt>
   <trkpt lat="46.9522109" lon="16.0055696">
    <ele>274</ele>
    <time>2026-07-09T09:42:53Z</time>
    <extensions>
     <gpxdata:distance>334.00</gpxdata:distance>
     <gpxdata:speed>4.908</gpxdata:speed>
    </extensions>
   </trkpt>
   <trkpt lat="46.9522120" lon="16.0055028">
    <ele>274</ele>
    <time>2026-07-09T09:42:54Z</time>
    <extensions>
     <gpxdata:distance>339.00</gpxdata:distance>
     <gpxdata:speed>5.014</gpxdata:speed>
    </extensions>
   </trkpt>
   <trkpt lat="46.9522130" lon="16.0054348">
    <ele>274</ele>
    <time>2026-07-09T09:42:55Z</time>
    <extensions>
     <gpxdata:distance>344.50</gpxdata:distance>
     <gpxdata:speed>5.075</gpxdata:speed>
    </extensions>
   </trkpt>
   <trkpt lat="46.9522135" lon="16.0053663">
    <ele>274</ele>
    <time>2026-07-09T09:42:56Z</time>
    <extensions>
     <gpxdata:distance>350.00</gpxdata:distance>
     <gpxdata:speed>5.142</gpxdata:speed>
    </extensions>
   </trkpt>
   <trkpt lat="46.9522134" lon="16.0052979">
    <ele>274</ele>
    <time>2026-07-09T09:42:57Z</time>
    <extensions>
     <gpxdata:distance>355.00</gpxdata:distance>
     <gpxdata:speed>5.186</gpxdata:speed>
    </extensions>
   </trkpt>
   <trkpt lat="46.9522125" lon="16.0052298">
    <ele>274</ele>
    <time>2026-07-09T09:42:58Z</time>
    <extensions>
     <gpxdata:distance>360.00</gpxdata:distance>
     <gpxdata:speed>5.194</gpxdata:speed>
    </extensions>
   </trkpt>
   <trkpt lat="46.9522109" lon="16.0051612">
    <ele>274</ele>
    <time>2026-07-09T09:42:59Z</time>
    <extensions>
     <gpxdata:distance>365.00</gpxdata:distance>
     <gpxdata:speed>5.192</gpxdata:speed>
    </extensions>
   </trkpt>
   <trkpt lat="46.9522087" lon="16.0050917">
    <ele>274</ele>
    <time>2026-07-09T09:43:00Z</time>
    <extensions>
     <gpxdata:distance>370.00</gpxdata:distance>
     <gpxdata:speed>5.214</gpxdata:speed>
    </extensions>
   </trkpt>
   <trkpt lat="46.9522059" lon="16.0050211">
    <ele>274</ele>
    <time>2026-07-09T09:43:01Z</time>
    <extensions>
     <gpxdata:distance>375.50</gpxdata:distance>
     <gpxdata:speed>5.258</gpxdata:speed>
    </extensions>
   </trkpt>
   <trkpt lat="46.9522020" lon="16.0049503">
    <ele>274</ele>
    <time>2026-07-09T09:43:02Z</time>
    <extensions>
     <gpxdata:distance>381.00</gpxdata:distance>
     <gpxdata:speed>5.317</gpxdata:speed>
    </extensions>
   </trkpt>
   <trkpt lat="46.9521972" lon="16.0048797">
    <ele>274</ele>
    <time>2026-07-09T09:43:03Z</time>
    <extensions>
     <gpxdata:distance>386.50</gpxdata:distance>
     <gpxdata:speed>5.353</gpxdata:speed>
    </extensions>
   </trkpt>
   <trkpt lat="46.9521917" lon="16.0048105">
    <ele>274</ele>
    <time>2026-07-09T09:43:04Z</time>
    <extensions>
     <gpxdata:distance>392.00</gpxdata:distance>
     <gpxdata:speed>5.364</gpxdata:speed>
    </extensions>
   </trkpt>
   <trkpt lat="46.9521855" lon="16.0047426">
    <ele>274</ele>
    <time>2026-07-09T09:43:05Z</time>
    <extensions>
     <gpxdata:distance>397.00</gpxdata:distance>
     <gpxdata:speed>5.322</gpxdata:speed>
    </extensions>
   </trkpt>
   <trkpt lat="46.9521785" lon="16.0046745">
    <ele>274</ele>
    <time>2026-07-09T09:43:06Z</time>
    <extensions>
     <gpxdata:distance>402.00</gpxdata:distance>
     <gpxdata:speed>5.269</gpxdata:speed>
    </extensions>
   </trkpt>
   <trkpt lat="46.9521705" lon="16.0046057">
    <ele>274</ele>
    <time>2026-07-09T09:43:07Z</time>
    <extensions>
     <gpxdata:distance>407.50</gpxdata:distance>
     <gpxdata:speed>5.269</gpxdata:speed>
    </extensions>
   </trkpt>
   <trkpt lat="46.9521608" lon="16.0045362">
    <ele>274</ele>
    <time>2026-07-09T09:43:08Z</time>
    <extensions>
     <gpxdata:distance>413.00</gpxdata:distance>
     <gpxdata:speed>5.294</gpxdata:speed>
    </extensions>
   </trkpt>
   <trkpt lat="46.9521498" lon="16.0044666">
    <ele>274</ele>
    <time>2026-07-09T09:43:09Z</time>
    <extensions>
     <gpxdata:distance>418.50</gpxdata:distance>
     <gpxdata:speed>5.344</gpxdata:speed>
    </extensions>
   </trkpt>
   <trkpt lat="46.9521382" lon="16.0043969">
    <ele>274</ele>
    <time>2026-07-09T09:43:10Z</time>
    <extensions>
     <gpxdata:distance>424.00</gpxdata:distance>
     <gpxdata:speed>5.375</gpxdata:speed>
    </extensions>
   </trkpt>
   <trkpt lat="46.9521258" lon="16.0043275">
    <ele>274</ele>
    <time>2026-07-09T09:43:11Z</time>
    <extensions>
     <gpxdata:distance>429.50</gpxdata:distance>
     <gpxdata:speed>5.406</gpxdata:speed>
    </extensions>
   </trkpt>
   <trkpt lat="46.9521126" lon="16.0042588">
    <ele>274</ele>
    <time>2026-07-09T09:43:12Z</time>
    <extensions>
     <gpxdata:distance>435.00</gpxdata:distance>
     <gpxdata:speed>5.419</gpxdata:speed>
    </extensions>
   </trkpt>
   <trkpt lat="46.9520993" lon="16.0041906">
    <ele>274</ele>
    <time>2026-07-09T09:43:13Z</time>
    <extensions>
     <gpxdata:distance>440.50</gpxdata:distance>
     <gpxdata:speed>5.411</gpxdata:speed>
    </extensions>
   </trkpt>
   <trkpt lat="46.9520860" lon="16.0041224">
    <ele>274</ele>
    <time>2026-07-09T09:43:14Z</time>
    <extensions>
     <gpxdata:distance>446.00</gpxdata:distance>
     <gpxdata:speed>5.403</gpxdata:speed>
    </extensions>
   </trkpt>
   <trkpt lat="46.9520727" lon="16.0040549">
    <ele>274</ele>
    <time>2026-07-09T09:43:15Z</time>
    <extensions>
     <gpxdata:distance>451.00</gpxdata:distance>
     <gpxdata:speed>5.400</gpxdata:speed>
    </extensions>
   </trkpt>
   <trkpt lat="46.9520588" lon="16.0039883">
    <ele>274</ele>
    <time>2026-07-09T09:43:16Z</time>
    <extensions>
     <gpxdata:distance>456.00</gpxdata:distance>
     <gpxdata:speed>5.372</gpxdata:speed>
    </extensions>
   </trkpt>
   <trkpt lat="46.9520447" lon="16.0039222">
    <ele>274</ele>
    <time>2026-07-09T09:43:17Z</time>
    <extensions>
     <gpxdata:distance>461.50</gpxdata:distance>
     <gpxdata:speed>5.333</gpxdata:speed>
    </extensions>
   </trkpt>
   <trkpt lat="46.9520307" lon="16.0038564">
    <ele>274</ele>
    <time>2026-07-09T09:43:18Z</time>
    <extensions>
     <gpxdata:distance>467.00</gpxdata:distance>
     <gpxdata:speed>5.311</gpxdata:speed>
    </extensions>
   </trkpt>
   <trkpt lat="46.9520167" lon="16.0037908">
    <ele>274</ele>
    <time>2026-07-09T09:43:19Z</time>
    <extensions>
     <gpxdata:distance>472.00</gpxdata:distance>
     <gpxdata:speed>5.281</gpxdata:speed>
    </extensions>
   </trkpt>
   <trkpt lat="46.9520026" lon="16.0037254">
    <ele>274</ele>
    <time>2026-07-09T09:43:20Z</time>
    <extensions>
     <gpxdata:distance>477.00</gpxdata:distance>
     <gpxdata:speed>5.258</gpxdata:speed>
    </extensions>
   </trkpt>
   <trkpt lat="46.9519879" lon="16.0036608">
    <ele>274</ele>
    <time>2026-07-09T09:43:21Z</time>
    <extensions>
     <gpxdata:distance>482.50</gpxdata:distance>
     <gpxdata:speed>5.239</gpxdata:speed>
    </extensions>
   </trkpt>
   <trkpt lat="46.9519728" lon="16.0035974">
    <ele>275</ele>
    <time>2026-07-09T09:43:22Z</time>
    <extensions>
     <gpxdata:distance>488.00</gpxdata:distance>
     <gpxdata:speed>5.206</gpxdata:speed>
    </extensions>
   </trkpt>
   <trkpt lat="46.9519583" lon="16.0035349">
    <ele>275</ele>
    <time>2026-07-09T09:43:23Z</time>
    <extensions>
     <gpxdata:distance>492.50</gpxdata:distance>
     <gpxdata:speed>5.161</gpxdata:speed>
    </extensions>
   </trkpt>
   <trkpt lat="46.9519443" lon="16.0034736">
    <ele>275</ele>
    <time>2026-07-09T09:43:24Z</time>
    <extensions>
     <gpxdata:distance>497.00</gpxdata:distance>
     <gpxdata:speed>5.094</gpxdata:speed>
    </extensions>
   </trkpt>
   <trkpt lat="46.9519309" lon="16.0034132">
    <ele>275</ele>
    <time>2026-07-09T09:43:25Z</time>
    <extensions>
     <gpxdata:distance>502.00</gpxdata:distance>
     <gpxdata:speed>5.008</gpxdata:speed>
    </extensions>
   </trkpt>
   <trkpt lat="46.9519183" lon="16.0033530">
    <ele>275</ele>
    <time>2026-07-09T09:43:26Z</time>
    <extensions>
     <gpxdata:distance>507.00</gpxdata:distance>
     <gpxdata:speed>4.933</gpxdata:speed>
    </extensions>
   </trkpt>
   <trkpt lat="46.9519068" lon="16.0032927">
    <ele>275</ele>
    <time>2026-07-09T09:43:27Z</time>
    <extensions>
     <gpxdata:distance>512.00</gpxdata:distance>
     <gpxdata:speed>4.872</gpxdata:speed>
    </extensions>
   </trkpt>
   <trkpt lat="46.9518964" lon="16.0032322">
    <ele>275</ele>
    <time>2026-07-09T09:43:28Z</time>
    <extensions>
     <gpxdata:distance>517.00</gpxdata:distance>
     <gpxdata:speed>4.825</gpxdata:speed>
    </extensions>
   </trkpt>
   <trkpt lat="46.9518872" lon="16.0031713">
    <ele>275</ele>
    <time>2026-07-09T09:43:29Z</time>
    <extensions>
     <gpxdata:distance>521.50</gpxdata:distance>
     <gpxdata:speed>4.786</gpxdata:speed>
    </extensions>
   </trkpt>
   <trkpt lat="46.9518791" lon="16.0031099">
    <ele>275</ele>
    <time>2026-07-09T09:43:30Z</time>
    <extensions>
     <gpxdata:distance>526.00</gpxdata:distance>
     <gpxdata:speed>4.767</gpxdata:speed>
    </extensions>
   </trkpt>
   <trkpt lat="46.9518722" lon="16.0030473">
    <ele>275</ele>
    <time>2026-07-09T09:43:31Z</time>
    <extensions>
     <gpxdata:distance>531.00</gpxdata:distance>
     <gpxdata:speed>4.758</gpxdata:speed>
    </extensions>
   </trkpt>
   <trkpt lat="46.9518664" lon="16.0029835">
    <ele>275</ele>
    <time>2026-07-09T09:43:32Z</time>
    <extensions>
     <gpxdata:distance>536.00</gpxdata:distance>
     <gpxdata:speed>4.789</gpxdata:speed>
    </extensions>
   </trkpt>
   <trkpt lat="46.9518614" lon="16.0029185">
    <ele>275</ele>
    <time>2026-07-09T09:43:33Z</time>
    <extensions>
     <gpxdata:distance>541.00</gpxdata:distance>
     <gpxdata:speed>4.831</gpxdata:speed>
    </extensions>
   </trkpt>
   <trkpt lat="46.9518576" lon="16.0028521">
    <ele>275</ele>
    <time>2026-07-09T09:43:34Z</time>
    <extensions>
     <gpxdata:distance>546.00</gpxdata:distance>
     <gpxdata:speed>4.892</gpxdata:speed>
    </extensions>
   </trkpt>
   <trkpt lat="46.9518552" lon="16.0027840">
    <ele>276</ele>
    <time>2026-07-09T09:43:35Z</time>
    <extensions>
     <gpxdata:distance>551.00</gpxdata:distance>
     <gpxdata:speed>4.967</gpxdata:speed>
    </extensions>
   </trkpt>
   <trkpt lat="46.9518549" lon="16.0027139">
    <ele>276</ele>
    <time>2026-07-09T09:43:36Z</time>
    <extensions>
     <gpxdata:distance>556.00</gpxdata:distance>
     <gpxdata:speed>5.061</gpxdata:speed>
    </extensions>
   </trkpt>
   <trkpt lat="46.9518570" lon="16.0026420">
    <ele>276</ele>
    <time>2026-07-09T09:43:37Z</time>
    <extensions>
     <gpxdata:distance>561.50</gpxdata:distance>
     <gpxdata:speed>5.183</gpxdata:speed>
    </extensions>
   </trkpt>
   <trkpt lat="46.9518613" lon="16.0025690">
    <ele>276</ele>
    <time>2026-07-09T09:43:38Z</time>
    <extensions>
     <gpxdata:distance>567.00</gpxdata:distance>
     <gpxdata:speed>5.311</gpxdata:speed>
    </extensions>
   </trkpt>
   <trkpt lat="46.9518673" lon="16.0024954">
    <ele>276</ele>
    <time>2026-07-09T09:43:39Z</time>
    <extensions>
     <gpxdata:distance>573.00</gpxdata:distance>
     <gpxdata:speed>5.419</gpxdata:speed>
    </extensions>
   </trkpt>
   <trkpt lat="46.9518745" lon="16.0024208">
    <ele>276</ele>
    <time>2026-07-09T09:43:40Z</time>
    <extensions>
     <gpxdata:distance>579.00</gpxdata:distance>
     <gpxdata:speed>5.508</gpxdata:speed>
    </extensions>
   </trkpt>
   <trkpt lat="46.9518830" lon="16.0023453">
    <ele>276</ele>
    <time>2026-07-09T09:43:41Z</time>
    <extensions>
     <gpxdata:distance>584.50</gpxdata:distance>
     <gpxdata:speed>5.603</gpxdata:speed>
    </extensions>
   </trkpt>
   <trkpt lat="46.9518927" lon="16.0022696">
    <ele>276</ele>
    <time>2026-07-09T09:43:42Z</time>
    <extensions>
     <gpxdata:distance>590.00</gpxdata:distance>
     <gpxdata:speed>5.692</gpxdata:speed>
    </extensions>
   </trkpt>
   <trkpt lat="46.9519035" lon="16.0021941">
    <ele>275</ele>
    <time>2026-07-09T09:43:43Z</time>
    <extensions>
     <gpxdata:distance>596.00</gpxdata:distance>
     <gpxdata:speed>5.753</gpxdata:speed>
    </extensions>
   </trkpt>
   <trkpt lat="46.9519160" lon="16.0021191">
    <ele>275</ele>
    <time>2026-07-09T09:43:44Z</time>
    <extensions>
     <gpxdata:distance>602.00</gpxdata:distance>
     <gpxdata:speed>5.797</gpxdata:speed>
    </extensions>
   </trkpt>
   <trkpt lat="46.9519301" lon="16.0020449">
    <ele>275</ele>
    <time>2026-07-09T09:43:45Z</time>
    <extensions>
     <gpxdata:distance>608.00</gpxdata:distance>
     <gpxdata:speed>5.825</gpxdata:speed>
    </extensions>
   </trkpt>
   <trkpt lat="46.9519460" lon="16.0019717">
    <ele>275</ele>
    <time>2026-07-09T09:43:46Z</time>
    <extensions>
     <gpxdata:distance>614.00</gpxdata:distance>
     <gpxdata:speed>5.836</gpxdata:speed>
    </extensions>
   </trkpt>
   <trkpt lat="46.9519635" lon="16.0018994">
    <ele>275</ele>
    <time>2026-07-09T09:43:47Z</time>
    <extensions>
     <gpxdata:distance>619.50</gpxdata:distance>
     <gpxdata:speed>5.839</gpxdata:speed>
    </extensions>
   </trkpt>
   <trkpt lat="46.9519827" lon="16.0018279">
    <ele>275</ele>
    <time>2026-07-09T09:43:48Z</time>
    <extensions>
     <gpxdata:distance>625.00</gpxdata:distance>
     <gpxdata:speed>5.833</gpxdata:speed>
    </extensions>
   </trkpt>
   <trkpt lat="46.9520039" lon="16.0017569">
    <ele>275</ele>
    <time>2026-07-09T09:43:49Z</time>
    <extensions>
     <gpxdata:distance>631.00</gpxdata:distance>
     <gpxdata:speed>5.842</gpxdata:speed>
    </extensions>
   </trkpt>
   <trkpt lat="46.9520266" lon="16.0016860">
    <ele>275</ele>
    <time>2026-07-09T09:43:50Z</time>
    <extensions>
     <gpxdata:distance>637.00</gpxdata:distance>
     <gpxdata:speed>5.867</gpxdata:speed>
    </extensions>
   </trkpt>
   <trkpt lat="46.9520506" lon="16.0016146">
    <ele>275</ele>
    <time>2026-07-09T09:43:51Z</time>
    <extensions>
     <gpxdata:distance>643.00</gpxdata:distance>
     <gpxdata:speed>5.908</gpxdata:speed>
    </extensions>
   </trkpt>
   <trkpt lat="46.9520754" lon="16.0015428">
    <ele>275</ele>
    <time>2026-07-09T09:43:52Z</time>
    <extensions>
     <gpxdata:distance>649.00</gpxdata:distance>
     <gpxdata:speed>5.972</gpxdata:speed>
    </extensions>
   </trkpt>
   <trkpt lat="46.9521088" lon="16.0014468">
    <ele>275</ele>
    <time>2026-07-09T09:43:53Z</time>
    <extensions>
     <gpxdata:distance>655.50</gpxdata:distance>
     <gpxdata:speed>6.025</gpxdata:speed>
    </extensions>
   </trkpt>
   <trkpt lat="46.9521348" lon="16.0013712">
    <ele>275</ele>
    <time>2026-07-09T09:43:54Z</time>
    <extensions>
     <gpxdata:distance>662.00</gpxdata:distance>
     <gpxdata:speed>6.067</gpxdata:speed>
    </extensions>
   </trkpt>
   <trkpt lat="46.9521593" lon="16.0012973">
    <ele>275</ele>
    <time>2026-07-09T09:43:55Z</time>
    <extensions>
     <gpxdata:distance>668.00</gpxdata:distance>
     <gpxdata:speed>6.106</gpxdata:speed>
    </extensions>
   </trkpt>
   <trkpt lat="46.9521828" lon="16.0012230">
    <ele>275</ele>
    <time>2026-07-09T09:43:56Z</time>
    <extensions>
     <gpxdata:distance>674.00</gpxdata:distance>
     <gpxdata:speed>6.144</gpxdata:speed>
    </extensions>
   </trkpt>
   <trkpt lat="46.9522049" lon="16.0011492">
    <ele>275</ele>
    <time>2026-07-09T09:43:57Z</time>
    <extensions>
     <gpxdata:distance>680.00</gpxdata:distance>
     <gpxdata:speed>6.167</gpxdata:speed>
    </extensions>
   </trkpt>
   <trkpt lat="46.9522248" lon="16.0010756">
    <ele>275</ele>
    <time>2026-07-09T09:43:58Z</time>
    <extensions>
     <gpxdata:distance>686.00</gpxdata:distance>
     <gpxdata:speed>6.144</gpxdata:speed>
    </extensions>
   </trkpt>
   <trkpt lat="46.9522433" lon="16.0010015">
    <ele>275</ele>
    <time>2026-07-09T09:43:59Z</time>
    <extensions>
     <gpxdata:distance>692.00</gpxdata:distance>
     <gpxdata:speed>6.097</gpxdata:speed>
    </extensions>
   </trkpt>
   <trkpt lat="46.9522612" lon="16.0009264">
    <ele>275</ele>
    <time>2026-07-09T09:44:00Z</time>
    <extensions>
     <gpxdata:distance>698.00</gpxdata:distance>
     <gpxdata:speed>6.067</gpxdata:speed>
    </extensions>
   </trkpt>
   <trkpt lat="46.9522788" lon="16.0008502">
    <ele>275</ele>
    <time>2026-07-09T09:44:01Z</time>
    <extensions>
     <gpxdata:distance>704.50</gpxdata:distance>
     <gpxdata:speed>6.072</gpxdata:speed>
    </extensions>
   </trkpt>
   <trkpt lat="46.9522955" lon="16.0007733">
    <ele>275</ele>
    <time>2026-07-09T09:44:02Z</time>
    <extensions>
     <gpxdata:distance>711.00</gpxdata:distance>
     <gpxdata:speed>6.089</gpxdata:speed>
    </extensions>
   </trkpt>
   <trkpt lat="46.9523105" lon="16.0006958">
    <ele>275</ele>
    <time>2026-07-09T09:44:03Z</time>
    <extensions>
     <gpxdata:distance>717.00</gpxdata:distance>
     <gpxdata:speed>6.100</gpxdata:speed>
    </extensions>
   </trkpt>
   <trkpt lat="46.9523237" lon="16.0006174">
    <ele>275</ele>
    <time>2026-07-09T09:44:04Z</time>
    <extensions>
     <gpxdata:distance>723.00</gpxdata:distance>
     <gpxdata:speed>6.106</gpxdata:speed>
    </extensions>
   </trkpt>
   <trkpt lat="46.9523350" lon="16.0005379">
    <ele>275</ele>
    <time>2026-07-09T09:44:05Z</time>
    <extensions>
     <gpxdata:distance>729.00</gpxdata:distance>
     <gpxdata:speed>6.119</gpxdata:speed>
    </extensions>
   </trkpt>
   <trkpt lat="46.9523450" lon="16.0004581">
    <ele>275</ele>
    <time>2026-07-09T09:44:06Z</time>
    <extensions>
     <gpxdata:distance>735.00</gpxdata:distance>
     <gpxdata:speed>6.136</gpxdata:speed>
    </extensions>
   </trkpt>
   <trkpt lat="46.9523545" lon="16.0003783">
    <ele>275</ele>
    <time>2026-07-09T09:44:07Z</time>
    <extensions>
     <gpxdata:distance>741.00</gpxdata:distance>
     <gpxdata:speed>6.142</gpxdata:speed>
    </extensions>
   </trkpt>
   <trkpt lat="46.9523636" lon="16.0002987">
    <ele>275</ele>
    <time>2026-07-09T09:44:08Z</time>
    <extensions>
     <gpxdata:distance>747.00</gpxdata:distance>
     <gpxdata:speed>6.147</gpxdata:speed>
    </extensions>
   </trkpt>
   <trkpt lat="46.9523723" lon="16.0002183">
    <ele>275</ele>
    <time>2026-07-09T09:44:09Z</time>
    <extensions>
     <gpxdata:distance>753.50</gpxdata:distance>
     <gpxdata:speed>6.142</gpxdata:speed>
    </extensions>
   </trkpt>
   <trkpt lat="46.9523810" lon="16.0001379">
    <ele>275</ele>
    <time>2026-07-09T09:44:10Z</time>
    <extensions>
     <gpxdata:distance>760.00</gpxdata:distance>
     <gpxdata:speed>6.161</gpxdata:speed>
    </extensions>
   </trkpt>
   <trkpt lat="46.9523903" lon="16.0000575">
    <ele>275</ele>
    <time>2026-07-09T09:44:11Z</time>
    <extensions>
     <gpxdata:distance>766.00</gpxdata:distance>
     <gpxdata:speed>6.169</gpxdata:speed>
    </extensions>
   </trkpt>
   <trkpt lat="46.9524002" lon="15.9999771">
    <ele>275</ele>
    <time>2026-07-09T09:44:12Z</time>
    <extensions>
     <gpxdata:distance>772.00</gpxdata:distance>
     <gpxdata:speed>6.178</gpxdata:speed>
    </extensions>
   </trkpt>
   <trkpt lat="46.9524107" lon="15.9998966">
    <ele>275</ele>
    <time>2026-07-09T09:44:13Z</time>
    <extensions>
     <gpxdata:distance>778.50</gpxdata:distance>
     <gpxdata:speed>6.189</gpxdata:speed>
    </extensions>
   </trkpt>
   <trkpt lat="46.9524218" lon="15.9998163">
    <ele>275</ele>
    <time>2026-07-09T09:44:14Z</time>
    <extensions>
     <gpxdata:distance>785.00</gpxdata:distance>
     <gpxdata:speed>6.203</gpxdata:speed>
    </extensions>
   </trkpt>
   <trkpt lat="46.9524331" lon="15.9997371">
    <ele>275</ele>
    <time>2026-07-09T09:44:15Z</time>
    <extensions>
     <gpxdata:distance>791.00</gpxdata:distance>
     <gpxdata:speed>6.208</gpxdata:speed>
    </extensions>
   </trkpt>
   <trkpt lat="46.9524446" lon="15.9996588">
    <ele>275</ele>
    <time>2026-07-09T09:44:16Z</time>
    <extensions>
     <gpxdata:distance>797.00</gpxdata:distance>
     <gpxdata:speed>6.181</gpxdata:speed>
    </extensions>
   </trkpt>
   <trkpt lat="46.9524568" lon="15.9995814">
    <ele>275</ele>
    <time>2026-07-09T09:44:17Z</time>
    <extensions>
     <gpxdata:distance>803.00</gpxdata:distance>
     <gpxdata:speed>6.144</gpxdata:speed>
    </extensions>
   </trkpt>
   <trkpt lat="46.9524705" lon="15.9995049">
    <ele>275</ele>
    <time>2026-07-09T09:44:18Z</time>
    <extensions>
     <gpxdata:distance>809.00</gpxdata:distance>
     <gpxdata:speed>6.108</gpxdata:speed>
    </extensions>
   </trkpt>
   <trkpt lat="46.9524858" lon="15.9994291">
    <ele>275</ele>
    <time>2026-07-09T09:44:19Z</time>
    <extensions>
     <gpxdata:distance>815.00</gpxdata:distance>
     <gpxdata:speed>6.078</gpxdata:speed>
    </extensions>
   </trkpt>
   <trkpt lat="46.9525024" lon="15.9993545">
    <ele>275</ele>
    <time>2026-07-09T09:44:20Z</time>
    <extensions>
     <gpxdata:distance>821.00</gpxdata:distance>
     <gpxdata:speed>6.058</gpxdata:speed>
    </extensions>
   </trkpt>
   <trkpt lat="46.9525191" lon="15.9992802">
    <ele>275</ele>
    <time>2026-07-09T09:44:21Z</time>
    <extensions>
     <gpxdata:distance>827.00</gpxdata:distance>
     <gpxdata:speed>6.019</gpxdata:speed>
    </extensions>
   </trkpt>
   <trkpt lat="46.9525310" lon="15.9992265">
    <ele>275</ele>
    <time>2026-07-09T09:44:22Z</time>
    <extensions>
     <gpxdata:distance>833.00</gpxdata:distance>
     <gpxdata:speed>5.994</gpxdata:speed>
    </extensions>
   </trkpt>
   <trkpt lat="46.9525466" lon="15.9991584">
    <ele>275</ele>
    <time>2026-07-09T09:44:23Z</time>
    <extensions>
     <gpxdata:distance>839.00</gpxdata:distance>
     <gpxdata:speed>5.972</gpxdata:speed>
    </extensions>
   </trkpt>
   <trkpt lat="46.9525642" lon="15.9990864">
    <ele>275</ele>
    <time>2026-07-09T09:44:24Z</time>
    <extensions>
     <gpxdata:distance>845.00</gpxdata:distance>
     <gpxdata:speed>5.956</gpxdata:speed>
    </extensions>
   </trkpt>
   <trkpt lat="46.9525828" lon="15.9990132">
    <ele>275</ele>
    <time>2026-07-09T09:44:25Z</time>
    <extensions>
     <gpxdata:distance>851.00</gpxdata:distance>
     <gpxdata:speed>5.950</gpxdata:speed>
    </extensions>
   </trkpt>
   <trkpt lat="46.9526018" lon="15.9989400">
    <ele>275</ele>
    <time>2026-07-09T09:44:26Z</time>
    <extensions>
     <gpxdata:distance>857.00</gpxdata:distance>
     <gpxdata:speed>5.961</gpxdata:speed>
    </extensions>
   </trkpt>
   <trkpt lat="46.9526206" lon="15.9988668">
    <ele>275</ele>
    <time>2026-07-09T09:44:27Z</time>
    <extensions>
     <gpxdata:distance>863.00</gpxdata:distance>
     <gpxdata:speed>5.958</gpxdata:speed>
    </extensions>
   </trkpt>
   <trkpt lat="46.9526388" lon="15.9987939">
    <ele>275</ele>
    <time>2026-07-09T09:44:28Z</time>
    <extensions>
     <gpxdata:distance>869.00</gpxdata:distance>
     <gpxdata:speed>5.947</gpxdata:speed>
    </extensions>
   </trkpt>
   <trkpt lat="46.9526563" lon="15.9987210">
    <ele>275</ele>
    <time>2026-07-09T09:44:29Z</time>
    <extensions>
     <gpxdata:distance>874.50</gpxdata:distance>
     <gpxdata:speed>5.925</gpxdata:speed>
    </extensions>
   </trkpt>
   <trkpt lat="46.9526732" lon="15.9986477">
    <ele>275</ele>
    <time>2026-07-09T09:44:30Z</time>
    <extensions>
     <gpxdata:distance>880.00</gpxdata:distance>
     <gpxdata:speed>5.906</gpxdata:speed>
    </extensions>
   </trkpt>
   <trkpt lat="46.9526895" lon="15.9985739">
    <ele>275</ele>
    <time>2026-07-09T09:44:31Z</time>
    <extensions>
     <gpxdata:distance>886.00</gpxdata:distance>
     <gpxdata:speed>5.900</gpxdata:speed>
    </extensions>
   </trkpt>
   <trkpt lat="46.9527045" lon="15.9984995">
    <ele>275</ele>
    <time>2026-07-09T09:44:32Z</time>
    <extensions>
     <gpxdata:distance>892.00</gpxdata:distance>
     <gpxdata:speed>5.900</gpxdata:speed>
    </extensions>
   </trkpt>
   <trkpt lat="46.9527184" lon="15.9984248">
    <ele>275</ele>
    <time>2026-07-09T09:44:33Z</time>
    <extensions>
     <gpxdata:distance>898.00</gpxdata:distance>
     <gpxdata:speed>5.900</gpxdata:speed>
    </extensions>
   </trkpt>
   <trkpt lat="46.9527311" lon="15.9983494">
    <ele>275</ele>
    <time>2026-07-09T09:44:34Z</time>
    <extensions>
     <gpxdata:distance>904.00</gpxdata:distance>
     <gpxdata:speed>5.894</gpxdata:speed>
    </extensions>
   </trkpt>
   <trkpt lat="46.9527422" lon="15.9982735">
    <ele>275</ele>
    <time>2026-07-09T09:44:35Z</time>
    <extensions>
     <gpxdata:distance>910.00</gpxdata:distance>
     <gpxdata:speed>5.897</gpxdata:speed>
    </extensions>
   </trkpt>
   <trkpt lat="46.9527519" lon="15.9981972">
    <ele>275</ele>
    <time>2026-07-09T09:44:36Z</time>
    <extensions>
     <gpxdata:distance>916.00</gpxdata:distance>
     <gpxdata:speed>5.900</gpxdata:speed>
    </extensions>
   </trkpt>
   <trkpt lat="46.9527605" lon="15.9981214">
    <ele>275</ele>
    <time>2026-07-09T09:44:37Z</time>
    <extensions>
     <gpxdata:distance>921.50</gpxdata:distance>
     <gpxdata:speed>5.897</gpxdata:speed>
    </extensions>
   </trkpt>
   <trkpt lat="46.9527684" lon="15.9980459">
    <ele>275</ele>
    <time>2026-07-09T09:44:38Z</time>
    <extensions>
     <gpxdata:distance>927.00</gpxdata:distance>
     <gpxdata:speed>5.869</gpxdata:speed>
    </extensions>
   </trkpt>
   <trkpt lat="46.9527754" lon="15.9979705">
    <ele>275</ele>
    <time>2026-07-09T09:44:39Z</time>
    <extensions>
     <gpxdata:distance>933.00</gpxdata:distance>
     <gpxdata:speed>5.839</gpxdata:speed>
    </extensions>
   </trkpt>
   <trkpt lat="46.9527816" lon="15.9978951">
    <ele>275</ele>
    <time>2026-07-09T09:44:40Z</time>
    <extensions>
     <gpxdata:distance>939.00</gpxdata:distance>
     <gpxdata:speed>5.817</gpxdata:speed>
    </extensions>
   </trkpt>
   <trkpt lat="46.9527869" lon="15.9978195">
    <ele>276</ele>
    <time>2026-07-09T09:44:41Z</time>
    <extensions>
     <gpxdata:distance>944.50</gpxdata:distance>
     <gpxdata:speed>5.800</gpxdata:speed>
    </extensions>
   </trkpt>
   <trkpt lat="46.9527909" lon="15.9977439">
    <ele>276</ele>
    <time>2026-07-09T09:44:42Z</time>
    <extensions>
     <gpxdata:distance>950.00</gpxdata:distance>
     <gpxdata:speed>5.794</gpxdata:speed>
    </extensions>
   </trkpt>
   <trkpt lat="46.9527941" lon="15.9976686">
    <ele>276</ele>
    <time>2026-07-09T09:44:43Z</time>
    <extensions>
     <gpxdata:distance>956.00</gpxdata:distance>
     <gpxdata:speed>5.781</gpxdata:speed>
    </extensions>
   </trkpt>
   <trkpt lat="46.9527967" lon="15.9975938">
    <ele>276</ele>
    <time>2026-07-09T09:44:44Z</time>
    <extensions>
     <gpxdata:distance>962.00</gpxdata:distance>
     <gpxdata:speed>5.756</gpxdata:speed>
    </extensions>
   </trkpt>
   <trkpt lat="46.9527987" lon="15.9975188">
    <ele>276</ele>
    <time>2026-07-09T09:44:45Z</time>
    <extensions>
     <gpxdata:distance>967.50</gpxdata:distance>
     <gpxdata:speed>5.728</gpxdata:speed>
    </extensions>
   </trkpt>
   <trkpt lat="46.9528012" lon="15.9974436">
    <ele>276</ele>
    <time>2026-07-09T09:44:46Z</time>
    <extensions>
     <gpxdata:distance>973.00</gpxdata:distance>
     <gpxdata:speed>5.722</gpxdata:speed>
    </extensions>
   </trkpt>
   <trkpt lat="46.9528043" lon="15.9973684">
    <ele>276</ele>
    <time>2026-07-09T09:44:47Z</time>
    <extensions>
     <gpxdata:distance>979.00</gpxdata:distance>
     <gpxdata:speed>5.725</gpxdata:speed>
    </extensions>
   </trkpt>
   <trkpt lat="46.9528078" lon="15.9972937">
    <ele>276</ele>
    <time>2026-07-09T09:44:48Z</time>
    <extensions>
     <gpxdata:distance>985.00</gpxdata:distance>
     <gpxdata:speed>5.722</gpxdata:speed>
    </extensions>
   </trkpt>
   <trkpt lat="46.9528115" lon="15.9972193">
    <ele>276</ele>
    <time>2026-07-09T09:44:49Z</time>
    <extensions>
     <gpxdata:distance>990.50</gpxdata:distance>
     <gpxdata:speed>5.706</gpxdata:speed>
    </extensions>
   </trkpt>
   <trkpt lat="46.9528154" lon="15.9971454">
    <ele>276</ele>
    <time>2026-07-09T09:44:50Z</time>
    <extensions>
     <gpxdata:distance>996.00</gpxdata:distance>
     <gpxdata:speed>5.689</gpxdata:speed>
    </extensions>
   </trkpt>
   <trkpt lat="46.9528191" lon="15.9970726">
    <ele>276</ele>
    <time>2026-07-09T09:44:51Z</time>
    <extensions>
     <gpxdata:distance>1001.50</gpxdata:distance>
     <gpxdata:speed>5.667</gpxdata:speed>
    </extensions>
   </trkpt>
   <trkpt lat="46.9528238" lon="15.9970006">
    <ele>276</ele>
    <time>2026-07-09T09:44:52Z</time>
    <extensions>
     <gpxdata:distance>1007.00</gpxdata:distance>
     <gpxdata:speed>5.608</gpxdata:speed>
    </extensions>
   </trkpt>
   <trkpt lat="46.9528294" lon="15.9969296">
    <ele>276</ele>
    <time>2026-07-09T09:44:53Z</time>
    <extensions>
     <gpxdata:distance>1012.50</gpxdata:distance>
     <gpxdata:speed>5.564</gpxdata:speed>
    </extensions>
   </trkpt>
   <trkpt lat="46.9528357" lon="15.9968592">
    <ele>276</ele>
    <time>2026-07-09T09:44:54Z</time>
    <extensions>
     <gpxdata:distance>1018.00</gpxdata:distance>
     <gpxdata:speed>5.511</gpxdata:speed>
    </extensions>
   </trkpt>
   <trkpt lat="46.9528423" lon="15.9967893">
    <ele>276</ele>
    <time>2026-07-09T09:44:55Z</time>
    <extensions>
     <gpxdata:distance>1023.00</gpxdata:distance>
     <gpxdata:speed>5.467</gpxdata:speed>
    </extensions>
   </trkpt>
   <trkpt lat="46.9528488" lon="15.9967200">
    <ele>276</ele>
    <time>2026-07-09T09:44:56Z</time>
    <extensions>
     <gpxdata:distance>1028.00</gpxdata:distance>
     <gpxdata:speed>5.428</gpxdata:speed>
    </extensions>
   </trkpt>
   <trkpt lat="46.9528549" lon="15.9966516">
    <ele>276</ele>
    <time>2026-07-09T09:44:57Z</time>
    <extensions>
     <gpxdata:distance>1033.50</gpxdata:distance>
     <gpxdata:speed>5.383</gpxdata:speed>
    </extensions>
   </trkpt>
   <trkpt lat="46.9528616" lon="15.9965851">
    <ele>277</ele>
    <time>2026-07-09T09:44:58Z</time>
    <extensions>
     <gpxdata:distance>1039.00</gpxdata:distance>
     <gpxdata:speed>5.319</gpxdata:speed>
    </extensions>
   </trkpt>
   <trkpt lat="46.9528696" lon="15.9965201">
    <ele>277</ele>
    <time>2026-07-09T09:44:59Z</time>
    <extensions>
     <gpxdata:distance>1044.00</gpxdata:distance>
     <gpxdata:speed>5.231</gpxdata:speed>
    </extensions>
   </trkpt>
   <trkpt lat="46.9528790" lon="15.9964556">
    <ele>277</ele>
    <time>2026-07-09T09:45:00Z</time>
    <extensions>
     <gpxdata:distance>1049.00</gpxdata:distance>
     <gpxdata:speed>5.144</gpxdata:speed>
    </extensions>
   </trkpt>
   <trkpt lat="46.9528894" lon="15.9963911">
    <ele>277</ele>
    <time>2026-07-09T09:45:01Z</time>
    <extensions>
     <gpxdata:distance>1054.00</gpxdata:distance>
     <gpxdata:speed>5.103</gpxdata:speed>
    </extensions>
   </trkpt>
   <trkpt lat="46.9529009" lon="15.9963263">
    <ele>277</ele>
    <time>2026-07-09T09:45:02Z</time>
    <extensions>
     <gpxdata:distance>1059.00</gpxdata:distance>
     <gpxdata:speed>5.086</gpxdata:speed>
    </extensions>
   </trkpt>
   <trkpt lat="46.9529137" lon="15.9962611">
    <ele>277</ele>
    <time>2026-07-09T09:45:03Z</time>
    <extensions>
     <gpxdata:distance>1064.00</gpxdata:distance>
     <gpxdata:speed>5.097</gpxdata:speed>
    </extensions>
   </trkpt>
   <trkpt lat="46.9529268" lon="15.9961959">
    <ele>277</ele>
    <time>2026-07-09T09:45:04Z</time>
    <extensions>
     <gpxdata:distance>1069.00</gpxdata:distance>
     <gpxdata:speed>5.119</gpxdata:speed>
    </extensions>
   </trkpt>
   <trkpt lat="46.9529403" lon="15.9961306">
    <ele>277</ele>
    <time>2026-07-09T09:45:05Z</time>
    <extensions>
     <gpxdata:distance>1074.50</gpxdata:distance>
     <gpxdata:speed>5.139</gpxdata:speed>
    </extensions>
   </trkpt>
   <trkpt lat="46.9529540" lon="15.9960656">
    <ele>277</ele>
    <time>2026-07-09T09:45:06Z</time>
    <extensions>
     <gpxdata:distance>1080.00</gpxdata:distance>
     <gpxdata:speed>5.153</gpxdata:speed>
    </extensions>
   </trkpt>
   <trkpt lat="46.9529675" lon="15.9960011">
    <ele>278</ele>
    <time>2026-07-09T09:45:07Z</time>
    <extensions>
     <gpxdata:distance>1085.00</gpxdata:distance>
     <gpxdata:speed>5.153</gpxdata:speed>
    </extensions>
   </trkpt>
   <trkpt lat="46.9529807" lon="15.9959371">
    <ele>278</ele>
    <time>2026-07-09T09:45:08Z</time>
    <extensions>
     <gpxdata:distance>1090.00</gpxdata:distance>
     <gpxdata:speed>5.139</gpxdata:speed>
    </extensions>
   </trkpt>
   <trkpt lat="46.9529941" lon="15.9958739">
    <ele>278</ele>
    <time>2026-07-09T09:45:09Z</time>
    <extensions>
     <gpxdata:distance>1095.00</gpxdata:distance>
     <gpxdata:speed>5.111</gpxdata:speed>
    </extensions>
   </trkpt>
   <trkpt lat="46.9530074" lon="15.9958112">
    <ele>278</ele>
    <time>2026-07-09T09:45:10Z</time>
    <extensions>
     <gpxdata:distance>1100.00</gpxdata:distance>
     <gpxdata:speed>5.075</gpxdata:speed>
    </extensions>
   </trkpt>
   <trkpt lat="46.9530203" lon="15.9957487">
    <ele>278</ele>
    <time>2026-07-09T09:45:11Z</time>
    <extensions>
     <gpxdata:distance>1105.00</gpxdata:distance>
     <gpxdata:speed>5.044</gpxdata:speed>
    </extensions>
   </trkpt>
   <trkpt lat="46.9530331" lon="15.9956870">
    <ele>278</ele>
    <time>2026-07-09T09:45:12Z</time>
    <extensions>
     <gpxdata:distance>1110.00</gpxdata:distance>
     <gpxdata:speed>5.011</gpxdata:speed>
    </extensions>
   </trkpt>
   <trkpt lat="46.9530458" lon="15.9956256">
    <ele>278</ele>
    <time>2026-07-09T09:45:13Z</time>
    <extensions>
     <gpxdata:distance>1114.50</gpxdata:distance>
     <gpxdata:speed>4.964</gpxdata:speed>
    </extensions>
   </trkpt>
   <trkpt lat="46.9530585" lon="15.9955640">
    <ele>278</ele>
    <time>2026-07-09T09:45:14Z</time>
    <extensions>
     <gpxdata:distance>1119.00</gpxdata:distance>
     <gpxdata:speed>4.931</gpxdata:speed>
    </extensions>
   </trkpt>
   <trkpt lat="46.9530712" lon="15.9955022">
    <ele>278</ele>
    <time>2026-07-09T09:45:15Z</time>
    <extensions>
     <gpxdata:distance>1124.00</gpxdata:distance>
     <gpxdata:speed>4.919</gpxdata:speed>
    </extensions>
   </trkpt>
   <trkpt lat="46.9530841" lon="15.9954397">
    <ele>279</ele>
    <time>2026-07-09T09:45:16Z</time>
    <extensions>
     <gpxdata:distance>1129.00</gpxdata:distance>
     <gpxdata:speed>4.917</gpxdata:speed>
    </extensions>
   </trkpt>
   <trkpt lat="46.9530973" lon="15.9953763">
    <ele>279</ele>
    <time>2026-07-09T09:45:17Z</time>
    <extensions>
     <gpxdata:distance>1134.00</gpxdata:distance>
     <gpxdata:speed>4.939</gpxdata:speed>
    </extensions>
   </trkpt>
   <trkpt lat="46.9531103" lon="15.9953121">
    <ele>279</ele>
    <time>2026-07-09T09:45:18Z</time>
    <extensions>
     <gpxdata:distance>1139.00</gpxdata:distance>
     <gpxdata:speed>4.983</gpxdata:speed>
    </extensions>
   </trkpt>
   <trkpt lat="46.9531231" lon="15.9952473">
    <ele>279</ele>
    <time>2026-07-09T09:45:19Z</time>
    <extensions>
     <gpxdata:distance>1144.50</gpxdata:distance>
     <gpxdata:speed>5.028</gpxdata:speed>
    </extensions>
   </trkpt>
   <trkpt lat="46.9531358" lon="15.9951824">
    <ele>279</ele>
    <time>2026-07-09T09:45:20Z</time>
    <extensions>
     <gpxdata:distance>1150.00</gpxdata:distance>
     <gpxdata:speed>5.061</gpxdata:speed>
    </extensions>
   </trkpt>
   <trkpt lat="46.9531483" lon="15.9951173">
    <ele>279</ele>
    <time>2026-07-09T09:45:21Z</time>
    <extensions>
     <gpxdata:distance>1155.00</gpxdata:distance>
     <gpxdata:speed>5.086</gpxdata:speed>
    </extensions>
   </trkpt>
   <trkpt lat="46.9531605" lon="15.9950523">
    <ele>280</ele>
    <time>2026-07-09T09:45:22Z</time>
    <extensions>
     <gpxdata:distance>1160.00</gpxdata:distance>
     <gpxdata:speed>5.106</gpxdata:speed>
    </extensions>
   </trkpt>
   <trkpt lat="46.9531728" lon="15.9949875">
    <ele>280</ele>
    <time>2026-07-09T09:45:23Z</time>
    <extensions>
     <gpxdata:distance>1165.00</gpxdata:distance>
     <gpxdata:speed>5.108</gpxdata:speed>
    </extensions>
   </trkpt>
   <trkpt lat="46.9531857" lon="15.9949228">
    <ele>280</ele>
    <time>2026-07-09T09:45:24Z</time>
    <extensions>
     <gpxdata:distance>1170.00</gpxdata:distance>
     <gpxdata:speed>5.111</gpxdata:speed>
    </extensions>
   </trkpt>
   <trkpt lat="46.9531994" lon="15.9948586">
    <ele>280</ele>
    <time>2026-07-09T09:45:25Z</time>
    <extensions>
     <gpxdata:distance>1175.00</gpxdata:distance>
     <gpxdata:speed>5.117</gpxdata:speed>
    </extensions>
   </trkpt>
   <trkpt lat="46.9532131" lon="15.9947944">
    <ele>280</ele>
    <time>2026-07-09T09:45:26Z</time>
    <extensions>
     <gpxdata:distance>1180.00</gpxdata:distance>
     <gpxdata:speed>5.117</gpxdata:speed>
    </extensions>
   </trkpt>
   <trkpt lat="46.9532271" lon="15.9947299">
    <ele>280</ele>
    <time>2026-07-09T09:45:27Z</time>
    <extensions>
     <gpxdata:distance>1185.50</gpxdata:distance>
     <gpxdata:speed>5.119</gpxdata:speed>
    </extensions>
   </trkpt>
   <trkpt lat="46.9532427" lon="15.9946660">
    <ele>280</ele>
    <time>2026-07-09T09:45:28Z</time>
    <extensions>
     <gpxdata:distance>1191.00</gpxdata:distance>
     <gpxdata:speed>5.133</gpxdata:speed>
    </extensions>
   </trkpt>
   <trkpt lat="46.9532603" lon="15.9946034">
    <ele>281</ele>
    <time>2026-07-09T09:45:29Z</time>
    <extensions>
     <gpxdata:distance>1196.00</gpxdata:distance>
     <gpxdata:speed>5.150</gpxdata:speed>
    </extensions>
   </trkpt>
   <trkpt lat="46.9532781" lon="15.9945417">
    <ele>281</ele>
    <time>2026-07-09T09:45:30Z</time>
    <extensions>
     <gpxdata:distance>1201.00</gpxdata:distance>
     <gpxdata:speed>5.144</gpxdata:speed>
    </extensions>
   </trkpt>
   <trkpt lat="46.9532942" lon="15.9944798">
    <ele>281</ele>
    <time>2026-07-09T09:45:31Z</time>
    <extensions>
     <gpxdata:distance>1206.00</gpxdata:distance>
     <gpxdata:speed>5.119</gpxdata:speed>
    </extensions>
   </trkpt>
   <trkpt lat="46.9533079" lon="15.9944169">
    <ele>281</ele>
    <time>2026-07-09T09:45:32Z</time>
    <extensions>
     <gpxdata:distance>1211.00</gpxdata:distance>
     <gpxdata:speed>5.086</gpxdata:speed>
    </extensions>
   </trkpt>
   <trkpt lat="46.9533188" lon="15.9943538">
    <ele>281</ele>
    <time>2026-07-09T09:45:33Z</time>
    <extensions>
     <gpxdata:distance>1216.00</gpxdata:distance>
     <gpxdata:speed>5.067</gpxdata:speed>
    </extensions>
   </trkpt>
   <trkpt lat="46.9533277" lon="15.9942894">
    <ele>281</ele>
    <time>2026-07-09T09:45:34Z</time>
    <extensions>
     <gpxdata:distance>1221.00</gpxdata:distance>
     <gpxdata:speed>5.019</gpxdata:speed>
    </extensions>
   </trkpt>
   <trkpt lat="46.9533347" lon="15.9942228">
    <ele>281</ele>
    <time>2026-07-09T09:45:35Z</time>
    <extensions>
     <gpxdata:distance>1226.00</gpxdata:distance>
     <gpxdata:speed>5.022</gpxdata:speed>
    </extensions>
   </trkpt>
   <trkpt lat="46.9533398" lon="15.9941537">
    <ele>281</ele>
    <time>2026-07-09T09:45:36Z</time>
    <extensions>
     <gpxdata:distance>1231.00</gpxdata:distance>
     <gpxdata:speed>5.081</gpxdata:speed>
    </extensions>
   </trkpt>
   <trkpt lat="46.9533440" lon="15.9940822">
    <ele>281</ele>
    <time>2026-07-09T09:45:37Z</time>
    <extensions>
     <gpxdata:distance>1236.50</gpxdata:distance>
     <gpxdata:speed>5.175</gpxdata:speed>
    </extensions>
   </trkpt>
   <trkpt lat="46.9533478" lon="15.9940081">
    <ele>281</ele>
    <time>2026-07-09T09:45:38Z</time>
    <extensions>
     <gpxdata:distance>1242.00</gpxdata:distance>
     <gpxdata:speed>5.292</gpxdata:speed>
    </extensions>
   </trkpt>
   <trkpt lat="46.9533502" lon="15.9939317">
    <ele>281</ele>
    <time>2026-07-09T09:45:39Z</time>
    <extensions>
     <gpxdata:distance>1248.00</gpxdata:distance>
     <gpxdata:speed>5.442</gpxdata:speed>
    </extensions>
   </trkpt>
   <trkpt lat="46.9533514" lon="15.9938533">
    <ele>281</ele>
    <time>2026-07-09T09:45:40Z</time>
    <extensions>
     <gpxdata:distance>1254.00</gpxdata:distance>
     <gpxdata:speed>5.597</gpxdata:speed>
    </extensions>
   </trkpt>
   <trkpt lat="46.9533520" lon="15.9937732">
    <ele>281</ele>
    <time>2026-07-09T09:45:41Z</time>
    <extensions>
     <gpxdata:distance>1260.50</gpxdata:distance>
     <gpxdata:speed>5.911</gpxdata:speed>
    </extensions>
   </trkpt>
   <trkpt lat="46.9533531" lon="15.9936638">
    <ele>281</ele>
    <time>2026-07-09T09:45:42Z</time>
    <extensions>
     <gpxdata:distance>1267.00</gpxdata:distance>
     <gpxdata:speed>6.075</gpxdata:speed>
    </extensions>
   </trkpt>
   <trkpt lat="46.9533549" lon="15.9935764">
    <ele>281</ele>
    <time>2026-07-09T09:45:43Z</time>
    <extensions>
     <gpxdata:distance>1273.00</gpxdata:distance>
     <gpxdata:speed>6.225</gpxdata:speed>
    </extensions>
   </trkpt>
   <trkpt lat="46.9533578" lon="15.9934910">
    <ele>281</ele>
    <time>2026-07-09T09:45:44Z</time>
    <extensions>
     <gpxdata:distance>1279.00</gpxdata:distance>
     <gpxdata:speed>6.347</gpxdata:speed>
    </extensions>
   </trkpt>
   <trkpt lat="46.9533616" lon="15.9934057">
    <ele>281</ele>
    <time>2026-07-09T09:45:45Z</time>
    <extensions>
     <gpxdata:distance>1285.50</gpxdata:distance>
     <gpxdata:speed>6.414</gpxdata:speed>
    </extensions>
   </trkpt>
   <trkpt lat="46.9533652" lon="15.9933194">
    <ele>281</ele>
    <time>2026-07-09T09:45:46Z</time>
    <extensions>
     <gpxdata:distance>1292.00</gpxdata:distance>
     <gpxdata:speed>6.447</gpxdata:speed>
    </extensions>
   </trkpt>
   <trkpt lat="46.9533684" lon="15.9932322">
    <ele>281</ele>
    <time>2026-07-09T09:45:47Z</time>
    <extensions>
     <gpxdata:distance>1299.00</gpxdata:distance>
     <gpxdata:speed>6.547</gpxdata:speed>
    </extensions>
   </trkpt>
   <trkpt lat="46.9533717" lon="15.9931447">
    <ele>281</ele>
    <time>2026-07-09T09:45:48Z</time>
    <extensions>
     <gpxdata:distance>1306.00</gpxdata:distance>
     <gpxdata:speed>6.603</gpxdata:speed>
    </extensions>
   </trkpt>
   <trkpt lat="46.9533755" lon="15.9930569">
    <ele>281</ele>
    <time>2026-07-09T09:45:49Z</time>
    <extensions>
     <gpxdata:distance>1312.50</gpxdata:distance>
     <gpxdata:speed>6.636</gpxdata:speed>
    </extensions>
   </trkpt>
   <trkpt lat="46.9533794" lon="15.9929683">
    <ele>281</ele>
    <time>2026-07-09T09:45:50Z</time>
    <extensions>
     <gpxdata:distance>1319.00</gpxdata:distance>
     <gpxdata:speed>6.664</gpxdata:speed>
    </extensions>
   </trkpt>
   <trkpt lat="46.9533835" lon="15.9928794">
    <ele>281</ele>
    <time>2026-07-09T09:45:51Z</time>
    <extensions>
     <gpxdata:distance>1326.00</gpxdata:distance>
     <gpxdata:speed>6.706</gpxdata:speed>
    </extensions>
   </trkpt>
   <trkpt lat="46.9533877" lon="15.9927898">
    <ele>280</ele>
    <time>2026-07-09T09:45:52Z</time>
    <extensions>
     <gpxdata:distance>1333.00</gpxdata:distance>
     <gpxdata:speed>6.733</gpxdata:speed>
    </extensions>
   </trkpt>
   <trkpt lat="46.9533920" lon="15.9927000">
    <ele>280</ele>
    <time>2026-07-09T09:45:53Z</time>
    <extensions>
     <gpxdata:distance>1339.50</gpxdata:distance>
     <gpxdata:speed>6.769</gpxdata:speed>
    </extensions>
   </trkpt>
   <trkpt lat="46.9533965" lon="15.9926103">
    <ele>280</ele>
    <time>2026-07-09T09:45:54Z</time>
    <extensions>
     <gpxdata:distance>1346.00</gpxdata:distance>
     <gpxdata:speed>6.800</gpxdata:speed>
    </extensions>
   </trkpt>
   <trkpt lat="46.9534005" lon="15.9925211">
    <ele>280</ele>
    <time>2026-07-09T09:45:55Z</time>
    <extensions>
     <gpxdata:distance>1353.00</gpxdata:distance>
     <gpxdata:speed>6.808</gpxdata:speed>
    </extensions>
   </trkpt>
   <trkpt lat="46.9534040" lon="15.9924330">
    <ele>280</ele>
    <time>2026-07-09T09:45:56Z</time>
    <extensions>
     <gpxdata:distance>1360.00</gpxdata:distance>
     <gpxdata:speed>6.803</gpxdata:speed>
    </extensions>
   </trkpt>
   <trkpt lat="46.9534074" lon="15.9923460">
    <ele>280</ele>
    <time>2026-07-09T09:45:57Z</time>
    <extensions>
     <gpxdata:distance>1366.50</gpxdata:distance>
     <gpxdata:speed>6.767</gpxdata:speed>
    </extensions>
   </trkpt>
   <trkpt lat="46.9534110" lon="15.9922603">
    <ele>280</ele>
    <time>2026-07-09T09:45:58Z</time>
    <extensions>
     <gpxdata:distance>1373.00</gpxdata:distance>
     <gpxdata:speed>6.717</gpxdata:speed>
    </extensions>
   </trkpt>
   <trkpt lat="46.9534137" lon="15.9921761">
    <ele>280</ele>
    <time>2026-07-09T09:45:59Z</time>
    <extensions>
     <gpxdata:distance>1379.50</gpxdata:distance>
     <gpxdata:speed>6.644</gpxdata:speed>
    </extensions>
   </trkpt>
   <trkpt lat="46.9534152" lon="15.9920926">
    <ele>280</ele>
    <time>2026-07-09T09:46:00Z</time>
    <extensions>
     <gpxdata:distance>1386.00</gpxdata:distance>
     <gpxdata:speed>6.561</gpxdata:speed>
    </extensions>
   </trkpt>
   <trkpt lat="46.9534158" lon="15.9920096">
    <ele>280</ele>
    <time>2026-07-09T09:46:01Z</time>
    <extensions>
     <gpxdata:distance>1392.00</gpxdata:distance>
     <gpxdata:speed>6.492</gpxdata:speed>
    </extensions>
   </trkpt>
   <trkpt lat="46.9534153" lon="15.9919271">
    <ele>280</ele>
    <time>2026-07-09T09:46:02Z</time>
    <extensions>
     <gpxdata:distance>1398.00</gpxdata:distance>
     <gpxdata:speed>6.428</gpxdata:speed>
    </extensions>
   </trkpt>
   <trkpt lat="46.9534139" lon="15.9918453">
    <ele>280</ele>
    <time>2026-07-09T09:46:03Z</time>
    <extensions>
     <gpxdata:distance>1404.50</gpxdata:distance>
     <gpxdata:speed>6.372</gpxdata:speed>
    </extensions>
   </trkpt>
   <trkpt lat="46.9534126" lon="15.9917643">
    <ele>280</ele>
    <time>2026-07-09T09:46:04Z</time>
    <extensions>
     <gpxdata:distance>1411.00</gpxdata:distance>
     <gpxdata:speed>6.308</gpxdata:speed>
    </extensions>
   </trkpt>
   <trkpt lat="46.9534119" lon="15.9916841">
    <ele>280</ele>
    <time>2026-07-09T09:46:05Z</time>
    <extensions>
     <gpxdata:distance>1417.00</gpxdata:distance>
     <gpxdata:speed>6.247</gpxdata:speed>
    </extensions>
   </trkpt>
   <trkpt lat="46.9534112" lon="15.9916039">
    <ele>280</ele>
    <time>2026-07-09T09:46:06Z</time>
    <extensions>
     <gpxdata:distance>1423.00</gpxdata:distance>
     <gpxdata:speed>6.161</gpxdata:speed>
    </extensions>
   </trkpt>
   <trkpt lat="46.9534102" lon="15.9915233">
    <ele>281</ele>
    <time>2026-07-09T09:46:07Z</time>
    <extensions>
     <gpxdata:distance>1429.00</gpxdata:distance>
     <gpxdata:speed>6.131</gpxdata:speed>
    </extensions>
   </trkpt>
   <trkpt lat="46.9534091" lon="15.9914424">
    <ele>281</ele>
    <time>2026-07-09T09:46:08Z</time>
    <extensions>
     <gpxdata:distance>1435.00</gpxdata:distance>
     <gpxdata:speed>6.136</gpxdata:speed>
    </extensions>
   </trkpt>
   <trkpt lat="46.9534080" lon="15.9913610">
    <ele>281</ele>
    <time>2026-07-09T09:46:09Z</time>
    <extensions>
     <gpxdata:distance>1441.50</gpxdata:distance>
     <gpxdata:speed>6.136</gpxdata:speed>
    </extensions>
   </trkpt>
   <trkpt lat="46.9534081" lon="15.9912790">
    <ele>281</ele>
    <time>2026-07-09T09:46:10Z</time>
    <extensions>
     <gpxdata:distance>1448.00</gpxdata:distance>
     <gpxdata:speed>6.153</gpxdata:speed>
    </extensions>
   </trkpt>
   <trkpt lat="46.9534089" lon="15.9911962">
    <ele>281</ele>
    <time>2026-07-09T09:46:11Z</time>
    <extensions>
     <gpxdata:distance>1454.00</gpxdata:distance>
     <gpxdata:speed>6.183</gpxdata:speed>
    </extensions>
   </trkpt>
   <trkpt lat="46.9534107" lon="15.9911124">
    <ele>281</ele>
    <time>2026-07-09T09:46:12Z</time>
    <extensions>
     <gpxdata:distance>1460.00</gpxdata:distance>
     <gpxdata:speed>6.222</gpxdata:speed>
    </extensions>
   </trkpt>
   <trkpt lat="46.9534138" lon="15.9910281">
    <ele>281</ele>
    <time>2026-07-09T09:46:13Z</time>
    <extensions>
     <gpxdata:distance>1466.50</gpxdata:distance>
     <gpxdata:speed>6.275</gpxdata:speed>
    </extensions>
   </trkpt>
   <trkpt lat="46.9534191" lon="15.9909443">
    <ele>281</ele>
    <time>2026-07-09T09:46:14Z</time>
    <extensions>
     <gpxdata:distance>1473.00</gpxdata:distance>
     <gpxdata:speed>6.322</gpxdata:speed>
    </extensions>
   </trkpt>
   <trkpt lat="46.9534260" lon="15.9908614">
    <ele>281</ele>
    <time>2026-07-09T09:46:15Z</time>
    <extensions>
     <gpxdata:distance>1479.50</gpxdata:distance>
     <gpxdata:speed>6.347</gpxdata:speed>
    </extensions>
   </trkpt>
   <trkpt lat="46.9534333" lon="15.9907796">
    <ele>281</ele>
    <time>2026-07-09T09:46:16Z</time>
    <extensions>
     <gpxdata:distance>1486.00</gpxdata:distance>
     <gpxdata:speed>6.342</gpxdata:speed>
    </extensions>
   </trkpt>
   <trkpt lat="46.9534405" lon="15.9906985">
    <ele>281</ele>
    <time>2026-07-09T09:46:17Z</time>
    <extensions>
     <gpxdata:distance>1492.00</gpxdata:distance>
     <gpxdata:speed>6.314</gpxdata:speed>
    </extensions>
   </trkpt>
   <trkpt lat="46.9534480" lon="15.9906182">
    <ele>281</ele>
    <time>2026-07-09T09:46:18Z</time>
    <extensions>
     <gpxdata:distance>1498.00</gpxdata:distance>
     <gpxdata:speed>6.281</gpxdata:speed>
    </extensions>
   </trkpt>
   <trkpt lat="46.9534562" lon="15.9905388">
    <ele>281</ele>
    <time>2026-07-09T09:46:19Z</time>
    <extensions>
     <gpxdata:distance>1504.00</gpxdata:distance>
     <gpxdata:speed>6.236</gpxdata:speed>
    </extensions>
   </trkpt>
   <trkpt lat="46.9534652" lon="15.9904606">
    <ele>281</ele>
    <time>2026-07-09T09:46:20Z</time>
    <extensions>
     <gpxdata:distance>1510.00</gpxdata:distance>
     <gpxdata:speed>6.194</gpxdata:speed>
    </extensions>
   </trkpt>
   <trkpt lat="46.9534749" lon="15.9903839">
    <ele>281</ele>
    <time>2026-07-09T09:46:21Z</time>
    <extensions>
     <gpxdata:distance>1516.00</gpxdata:distance>
     <gpxdata:speed>6.131</gpxdata:speed>
    </extensions>
   </trkpt>
   <trkpt lat="46.9534849" lon="15.9903091">
    <ele>281</ele>
    <time>2026-07-09T09:46:22Z</time>
    <extensions>
     <gpxdata:distance>1522.00</gpxdata:distance>
     <gpxdata:speed>6.061</gpxdata:speed>
    </extensions>
   </trkpt>
   <trkpt lat="46.9534919" lon="15.9902572">
    <ele>281</ele>
    <time>2026-07-09T09:46:23Z</time>
    <extensions>
     <gpxdata:distance>1527.50</gpxdata:distance>
     <gpxdata:speed>5.956</gpxdata:speed>
    </extensions>
   </trkpt>
   <trkpt lat="46.9534995" lon="15.9901937">
    <ele>281</ele>
    <time>2026-07-09T09:46:24Z</time>
    <extensions>
     <gpxdata:distance>1533.00</gpxdata:distance>
     <gpxdata:speed>5.622</gpxdata:speed>
    </extensions>
   </trkpt>
   <trkpt lat="46.9535063" lon="15.9901283">
    <ele>281</ele>
    <time>2026-07-09T09:46:25Z</time>
    <extensions>
     <gpxdata:distance>1538.00</gpxdata:distance>
     <gpxdata:speed>5.353</gpxdata:speed>
    </extensions>
   </trkpt>
   <trkpt lat="46.9535135" lon="15.9900636">
    <ele>281</ele>
    <time>2026-07-09T09:46:26Z</time>
    <extensions>
     <gpxdata:distance>1543.00</gpxdata:distance>
     <gpxdata:speed>5.164</gpxdata:speed>
    </extensions>
   </trkpt>
   <trkpt lat="46.9535219" lon="15.9899997">
    <ele>281</ele>
    <time>2026-07-09T09:46:27Z</time>
    <extensions>
     <gpxdata:distance>1548.00</gpxdata:distance>
     <gpxdata:speed>5.050</gpxdata:speed>
    </extensions>
   </trkpt>
   <trkpt lat="46.9535312" lon="15.9899363">
    <ele>281</ele>
    <time>2026-07-09T09:46:28Z</time>
    <extensions>
     <gpxdata:distance>1553.00</gpxdata:distance>
     <gpxdata:speed>4.994</gpxdata:speed>
    </extensions>
   </trkpt>
   <trkpt lat="46.9535410" lon="15.9898736">
    <ele>282</ele>
    <time>2026-07-09T09:46:29Z</time>
    <extensions>
     <gpxdata:distance>1558.00</gpxdata:distance>
     <gpxdata:speed>4.969</gpxdata:speed>
    </extensions>
   </trkpt>
   <trkpt lat="46.9535517" lon="15.9898117">
    <ele>282</ele>
    <time>2026-07-09T09:46:30Z</time>
    <extensions>
     <gpxdata:distance>1563.00</gpxdata:distance>
     <gpxdata:speed>4.900</gpxdata:speed>
    </extensions>
   </trkpt>
   <trkpt lat="46.9535632" lon="15.9897505">
    <ele>282</ele>
    <time>2026-07-09T09:46:31Z</time>
    <extensions>
     <gpxdata:distance>1568.00</gpxdata:distance>
     <gpxdata:speed>4.867</gpxdata:speed>
    </extensions>
   </trkpt>
   <trkpt lat="46.9535748" lon="15.9896901">
    <ele>282</ele>
    <time>2026-07-09T09:46:32Z</time>
    <extensions>
     <gpxdata:distance>1573.00</gpxdata:distance>
     <gpxdata:speed>4.822</gpxdata:speed>
    </extensions>
   </trkpt>
   <trkpt lat="46.9535863" lon="15.9896305">
    <ele>282</ele>
    <time>2026-07-09T09:46:33Z</time>
    <extensions>
     <gpxdata:distance>1577.50</gpxdata:distance>
     <gpxdata:speed>4.769</gpxdata:speed>
    </extensions>
   </trkpt>
   <trkpt lat="46.9535980" lon="15.9895714">
    <ele>282</ele>
    <time>2026-07-09T09:46:34Z</time>
    <extensions>
     <gpxdata:distance>1582.00</gpxdata:distance>
     <gpxdata:speed>4.728</gpxdata:speed>
    </extensions>
   </trkpt>
   <trkpt lat="46.9536100" lon="15.9895130">
    <ele>282</ele>
    <time>2026-07-09T09:46:35Z</time>
    <extensions>
     <gpxdata:distance>1586.50</gpxdata:distance>
     <gpxdata:speed>4.697</gpxdata:speed>
    </extensions>
   </trkpt>
   <trkpt lat="46.9536226" lon="15.9894547">
    <ele>282</ele>
    <time>2026-07-09T09:46:36Z</time>
    <extensions>
     <gpxdata:distance>1591.00</gpxdata:distance>
     <gpxdata:speed>4.667</gpxdata:speed>
    </extensions>
   </trkpt>
   <trkpt lat="46.9536365" lon="15.9893962">
    <ele>282</ele>
    <time>2026-07-09T09:46:37Z</time>
    <extensions>
     <gpxdata:distance>1596.00</gpxdata:distance>
     <gpxdata:speed>4.664</gpxdata:speed>
    </extensions>
   </trkpt>
   <trkpt lat="46.9536515" lon="15.9893377">
    <ele>282</ele>
    <time>2026-07-09T09:46:38Z</time>
    <extensions>
     <gpxdata:distance>1601.00</gpxdata:distance>
     <gpxdata:speed>4.683</gpxdata:speed>
    </extensions>
   </trkpt>
   <trkpt lat="46.9536673" lon="15.9892792">
    <ele>282</ele>
    <time>2026-07-09T09:46:39Z</time>
    <extensions>
     <gpxdata:distance>1605.50</gpxdata:distance>
     <gpxdata:speed>4.711</gpxdata:speed>
    </extensions>
   </trkpt>
   <trkpt lat="46.9536843" lon="15.9892201">
    <ele>283</ele>
    <time>2026-07-09T09:46:40Z</time>
    <extensions>
     <gpxdata:distance>1610.00</gpxdata:distance>
     <gpxdata:speed>4.736</gpxdata:speed>
    </extensions>
   </trkpt>
   <trkpt lat="46.9537020" lon="15.9891601">
    <ele>283</ele>
    <time>2026-07-09T09:46:41Z</time>
    <extensions>
     <gpxdata:distance>1615.00</gpxdata:distance>
     <gpxdata:speed>4.797</gpxdata:speed>
    </extensions>
   </trkpt>
   <trkpt lat="46.9537205" lon="15.9890988">
    <ele>283</ele>
    <time>2026-07-09T09:46:42Z</time>
    <extensions>
     <gpxdata:distance>1620.00</gpxdata:distance>
     <gpxdata:speed>4.872</gpxdata:speed>
    </extensions>
   </trkpt>
   <trkpt lat="46.9537400" lon="15.9890358">
    <ele>283</ele>
    <time>2026-07-09T09:46:43Z</time>
    <extensions>
     <gpxdata:distance>1625.50</gpxdata:distance>
     <gpxdata:speed>4.967</gpxdata:speed>
    </extensions>
   </trkpt>
   <trkpt lat="46.9537607" lon="15.9889710">
    <ele>283</ele>
    <time>2026-07-09T09:46:44Z</time>
    <extensions>
     <gpxdata:distance>1631.00</gpxdata:distance>
     <gpxdata:speed>5.092</gpxdata:speed>
    </extensions>
   </trkpt>
   <trkpt lat="46.9537829" lon="15.9889045">
    <ele>284</ele>
    <time>2026-07-09T09:46:45Z</time>
    <extensions>
     <gpxdata:distance>1636.50</gpxdata:distance>
     <gpxdata:speed>5.242</gpxdata:speed>
    </extensions>
   </trkpt>
   <trkpt lat="46.9538062" lon="15.9888365">
    <ele>284</ele>
    <time>2026-07-09T09:46:46Z</time>
    <extensions>
     <gpxdata:distance>1642.00</gpxdata:distance>
     <gpxdata:speed>5.600</gpxdata:speed>
    </extensions>
   </trkpt>
   <trkpt lat="46.9538297" lon="15.9887671">
    <ele>284</ele>
    <time>2026-07-09T09:46:47Z</time>
    <extensions>
     <gpxdata:distance>1648.00</gpxdata:distance>
     <gpxdata:speed>5.769</gpxdata:speed>
    </extensions>
   </trkpt>
   <trkpt lat="46.9538532" lon="15.9886964">
    <ele>284</ele>
    <time>2026-07-09T09:46:48Z</time>
    <extensions>
     <gpxdata:distance>1654.00</gpxdata:distance>
     <gpxdata:speed>5.858</gpxdata:speed>
    </extensions>
   </trkpt>
   <trkpt lat="46.9538759" lon="15.9886248">
    <ele>284</ele>
    <time>2026-07-09T09:46:49Z</time>
    <extensions>
     <gpxdata:distance>1660.00</gpxdata:distance>
     <gpxdata:speed>5.958</gpxdata:speed>
    </extensions>
   </trkpt>
   <trkpt lat="46.9538979" lon="15.9885527">
    <ele>284</ele>
    <time>2026-07-09T09:46:50Z</time>
    <extensions>
     <gpxdata:distance>1666.00</gpxdata:distance>
     <gpxdata:speed>5.981</gpxdata:speed>
    </extensions>
   </trkpt>
   <trkpt lat="46.9539189" lon="15.9884801">
    <ele>284</ele>
    <time>2026-07-09T09:46:51Z</time>
    <extensions>
     <gpxdata:distance>1672.00</gpxdata:distance>
     <gpxdata:speed>5.978</gpxdata:speed>
    </extensions>
   </trkpt>
   <trkpt lat="46.9539390" lon="15.9884067">
    <ele>284</ele>
    <time>2026-07-09T09:46:52Z</time>
    <extensions>
     <gpxdata:distance>1678.00</gpxdata:distance>
     <gpxdata:speed>5.981</gpxdata:speed>
    </extensions>
   </trkpt>
   <trkpt lat="46.9539651" lon="15.9883074">
    <ele>284</ele>
    <time>2026-07-09T09:46:53Z</time>
    <extensions>
     <gpxdata:distance>1684.00</gpxdata:distance>
     <gpxdata:speed>6.019</gpxdata:speed>
    </extensions>
   </trkpt>
   <trkpt lat="46.9539848" lon="15.9882277">
    <ele>284</ele>
    <time>2026-07-09T09:46:54Z</time>
    <extensions>
     <gpxdata:distance>1690.00</gpxdata:distance>
     <gpxdata:speed>6.061</gpxdata:speed>
    </extensions>
   </trkpt>
   <trkpt lat="46.9540032" lon="15.9881482">
    <ele>284</ele>
    <time>2026-07-09T09:46:55Z</time>
    <extensions>
     <gpxdata:distance>1696.50</gpxdata:distance>
     <gpxdata:speed>6.125</gpxdata:speed>
    </extensions>
   </trkpt>
   <trkpt lat="46.9540211" lon="15.9880669">
    <ele>284</ele>
    <time>2026-07-09T09:46:56Z</time>
    <extensions>
     <gpxdata:distance>1703.00</gpxdata:distance>
     <gpxdata:speed>6.219</gpxdata:speed>
    </extensions>
   </trkpt>
   <trkpt lat="46.9540389" lon="15.9879834">
    <ele>284</ele>
    <time>2026-07-09T09:46:57Z</time>
    <extensions>
     <gpxdata:distance>1710.00</gpxdata:distance>
     <gpxdata:speed>6.322</gpxdata:speed>
    </extensions>
   </trkpt>
   <trkpt lat="46.9540567" lon="15.9878982">
    <ele>284</ele>
    <time>2026-07-09T09:46:58Z</time>
    <extensions>
     <gpxdata:distance>1717.00</gpxdata:distance>
     <gpxdata:speed>6.442</gpxdata:speed>
    </extensions>
   </trkpt>
   <trkpt lat="46.9540749" lon="15.9878107">
    <ele>284</ele>
    <time>2026-07-09T09:46:59Z</time>
    <extensions>
     <gpxdata:distance>1723.50</gpxdata:distance>
     <gpxdata:speed>6.564</gpxdata:speed>
    </extensions>
   </trkpt>
   <trkpt lat="46.9540922" lon="15.9877212">
    <ele>284</ele>
    <time>2026-07-09T09:47:00Z</time>
    <extensions>
     <gpxdata:distance>1730.00</gpxdata:distance>
     <gpxdata:speed>6.861</gpxdata:speed>
    </extensions>
   </trkpt>
   <trkpt lat="46.9541091" lon="15.9876297">
    <ele>284</ele>
    <time>2026-07-09T09:47:01Z</time>
    <extensions>
     <gpxdata:distance>1737.50</gpxdata:distance>
     <gpxdata:speed>7.006</gpxdata:speed>
    </extensions>
   </trkpt>
   <trkpt lat="46.9541250" lon="15.9875359">
    <ele>284</ele>
    <time>2026-07-09T09:47:02Z</time>
    <extensions>
     <gpxdata:distance>1745.00</gpxdata:distance>
     <gpxdata:speed>7.139</gpxdata:speed>
    </extensions>
   </trkpt>
   <trkpt lat="46.9541378" lon="15.9874406">
    <ele>284</ele>
    <time>2026-07-09T09:47:03Z</time>
    <extensions>
     <gpxdata:distance>1752.50</gpxdata:distance>
     <gpxdata:speed>7.289</gpxdata:speed>
    </extensions>
   </trkpt>
   <trkpt lat="46.9541451" lon="15.9873443">
    <ele>284</ele>
    <time>2026-07-09T09:47:04Z</time>
    <extensions>
     <gpxdata:distance>1760.00</gpxdata:distance>
     <gpxdata:speed>7.331</gpxdata:speed>
    </extensions>
   </trkpt>
   <trkpt lat="46.9541468" lon="15.9872471">
    <ele>284</ele>
    <time>2026-07-09T09:47:05Z</time>
    <extensions>
     <gpxdata:distance>1767.00</gpxdata:distance>
     <gpxdata:speed>7.336</gpxdata:speed>
    </extensions>
   </trkpt>
   <trkpt lat="46.9541429" lon="15.9871488">
    <ele>283</ele>
    <time>2026-07-09T09:47:06Z</time>
    <extensions>
     <gpxdata:distance>1774.00</gpxdata:distance>
     <gpxdata:speed>7.383</gpxdata:speed>
    </extensions>
   </trkpt>
   <trkpt lat="46.9541331" lon="15.9870504">
    <ele>283</ele>
    <time>2026-07-09T09:47:07Z</time>
    <extensions>
     <gpxdata:distance>1782.00</gpxdata:distance>
     <gpxdata:speed>7.469</gpxdata:speed>
    </extensions>
   </trkpt>
   <trkpt lat="46.9541163" lon="15.9869532">
    <ele>283</ele>
    <time>2026-07-09T09:47:08Z</time>
    <extensions>
     <gpxdata:distance>1790.00</gpxdata:distance>
     <gpxdata:speed>7.536</gpxdata:speed>
    </extensions>
   </trkpt>
   <trkpt lat="46.9540922" lon="15.9868573">
    <ele>283</ele>
    <time>2026-07-09T09:47:09Z</time>
    <extensions>
     <gpxdata:distance>1797.50</gpxdata:distance>
     <gpxdata:speed>7.597</gpxdata:speed>
    </extensions>
   </trkpt>
   <trkpt lat="46.9540610" lon="15.9867628">
    <ele>282</ele>
    <time>2026-07-09T09:47:10Z</time>
    <extensions>
     <gpxdata:distance>1805.00</gpxdata:distance>
     <gpxdata:speed>7.731</gpxdata:speed>
    </extensions>
   </trkpt>
   <trkpt lat="46.9540232" lon="15.9866686">
    <ele>282</ele>
    <time>2026-07-09T09:47:11Z</time>
    <extensions>
     <gpxdata:distance>1813.50</gpxdata:distance>
     <gpxdata:speed>7.928</gpxdata:speed>
    </extensions>
   </trkpt>
   <trkpt lat="46.9539798" lon="15.9865751">
    <ele>282</ele>
    <time>2026-07-09T09:47:12Z</time>
    <extensions>
     <gpxdata:distance>1822.00</gpxdata:distance>
     <gpxdata:speed>8.228</gpxdata:speed>
    </extensions>
   </trkpt>
   <trkpt lat="46.9539344" lon="15.9864799">
    <ele>282</ele>
    <time>2026-07-09T09:47:13Z</time>
    <extensions>
     <gpxdata:distance>1831.00</gpxdata:distance>
     <gpxdata:speed>8.483</gpxdata:speed>
    </extensions>
   </trkpt>
   <trkpt lat="46.9538915" lon="15.9863802">
    <ele>282</ele>
    <time>2026-07-09T09:47:14Z</time>
    <extensions>
     <gpxdata:distance>1840.00</gpxdata:distance>
     <gpxdata:speed>8.700</gpxdata:speed>
    </extensions>
   </trkpt>
   <trkpt lat="46.9538520" lon="15.9862767">
    <ele>282</ele>
    <time>2026-07-09T09:47:15Z</time>
    <extensions>
     <gpxdata:distance>1849.00</gpxdata:distance>
     <gpxdata:speed>8.853</gpxdata:speed>
    </extensions>
   </trkpt>
   <trkpt lat="46.9538154" lon="15.9861707">
    <ele>282</ele>
    <time>2026-07-09T09:47:16Z</time>
    <extensions>
     <gpxdata:distance>1858.00</gpxdata:distance>
     <gpxdata:speed>8.931</gpxdata:speed>
    </extensions>
   </trkpt>
   <trkpt lat="46.9537806" lon="15.9860633">
    <ele>281</ele>
    <time>2026-07-09T09:47:17Z</time>
    <extensions>
     <gpxdata:distance>1867.00</gpxdata:distance>
     <gpxdata:speed>8.967</gpxdata:speed>
    </extensions>
   </trkpt>
   <trkpt lat="46.9537465" lon="15.9859562">
    <ele>281</ele>
    <time>2026-07-09T09:47:18Z</time>
    <extensions>
     <gpxdata:distance>1876.00</gpxdata:distance>
     <gpxdata:speed>8.994</gpxdata:speed>
    </extensions>
   </trkpt>
   <trkpt lat="46.9537137" lon="15.9858496">
    <ele>281</ele>
    <time>2026-07-09T09:47:19Z</time>
    <extensions>
     <gpxdata:distance>1884.50</gpxdata:distance>
     <gpxdata:speed>8.950</gpxdata:speed>
    </extensions>
   </trkpt>
   <trkpt lat="46.9536824" lon="15.9857433">
    <ele>281</ele>
    <time>2026-07-09T09:47:20Z</time>
    <extensions>
     <gpxdata:distance>1893.00</gpxdata:distance>
     <gpxdata:speed>8.886</gpxdata:speed>
    </extensions>
   </trkpt>
   <trkpt lat="46.9536522" lon="15.9856374">
    <ele>281</ele>
    <time>2026-07-09T09:47:21Z</time>
    <extensions>
     <gpxdata:distance>1902.00</gpxdata:distance>
     <gpxdata:speed>8.814</gpxdata:speed>
    </extensions>
   </trkpt>
   <trkpt lat="46.9536227" lon="15.9855323">
    <ele>281</ele>
    <time>2026-07-09T09:47:22Z</time>
    <extensions>
     <gpxdata:distance>1911.00</gpxdata:distance>
     <gpxdata:speed>8.761</gpxdata:speed>
    </extensions>
   </trkpt>
   <trkpt lat="46.9535963" lon="15.9854274">
    <ele>281</ele>
    <time>2026-07-09T09:47:23Z</time>
    <extensions>
     <gpxdata:distance>1919.50</gpxdata:distance>
     <gpxdata:speed>8.706</gpxdata:speed>
    </extensions>
   </trkpt>
   <trkpt lat="46.9535742" lon="15.9853215">
    <ele>281</ele>
    <time>2026-07-09T09:47:24Z</time>
    <extensions>
     <gpxdata:distance>1928.00</gpxdata:distance>
     <gpxdata:speed>8.625</gpxdata:speed>
    </extensions>
   </trkpt>
   <trkpt lat="46.9535544" lon="15.9852153">
    <ele>281</ele>
    <time>2026-07-09T09:47:25Z</time>
    <extensions>
     <gpxdata:distance>1936.00</gpxdata:distance>
     <gpxdata:speed>8.550</gpxdata:speed>
    </extensions>
   </trkpt>
   <trkpt lat="46.9535363" lon="15.9851097">
    <ele>281</ele>
    <time>2026-07-09T09:47:26Z</time>
    <extensions>
     <gpxdata:distance>1944.00</gpxdata:distance>
     <gpxdata:speed>8.489</gpxdata:speed>
    </extensions>
   </trkpt>
   <trkpt lat="46.9535207" lon="15.9850052">
    <ele>281</ele>
    <time>2026-07-09T09:47:27Z</time>
    <extensions>
     <gpxdata:distance>1952.50</gpxdata:distance>
     <gpxdata:speed>8.406</gpxdata:speed>
    </extensions>
   </trkpt>
   <trkpt lat="46.9535085" lon="15.9849016">
    <ele>281</ele>
    <time>2026-07-09T09:47:28Z</time>
    <extensions>
     <gpxdata:distance>1961.00</gpxdata:distance>
     <gpxdata:speed>8.294</gpxdata:speed>
    </extensions>
   </trkpt>
   <trkpt lat="46.9534998" lon="15.9848009">
    <ele>281</ele>
    <time>2026-07-09T09:47:29Z</time>
    <extensions>
     <gpxdata:distance>1968.50</gpxdata:distance>
     <gpxdata:speed>8.128</gpxdata:speed>
    </extensions>
   </trkpt>
   <trkpt lat="46.9534936" lon="15.9847037">
    <ele>281</ele>
    <time>2026-07-09T09:47:30Z</time>
    <extensions>
     <gpxdata:distance>1976.00</gpxdata:distance>
     <gpxdata:speed>7.775</gpxdata:speed>
    </extensions>
   </trkpt>
   <trkpt lat="46.9534884" lon="15.9846105">
    <ele>281</ele>
    <time>2026-07-09T09:47:31Z</time>
    <extensions>
     <gpxdata:distance>1983.00</gpxdata:distance>
     <gpxdata:speed>7.492</gpxdata:speed>
    </extensions>
   </trkpt>
   <trkpt lat="46.9534841" lon="15.9845219">
    <ele>281</ele>
    <time>2026-07-09T09:47:32Z</time>
    <extensions>
     <gpxdata:distance>1990.00</gpxdata:distance>
     <gpxdata:speed>7.194</gpxdata:speed>
    </extensions>
   </trkpt>
   <trkpt lat="46.9534798" lon="15.9844368">
    <ele>280</ele>
    <time>2026-07-09T09:47:33Z</time>
    <extensions>
     <gpxdata:distance>1996.50</gpxdata:distance>
     <gpxdata:speed>6.850</gpxdata:speed>
    </extensions>
   </trkpt>
   <trkpt lat="46.9534751" lon="15.9843545">
    <ele>280</ele>
    <time>2026-07-09T09:47:34Z</time>
    <extensions>
     <gpxdata:distance>2003.00</gpxdata:distance>
     <gpxdata:speed>6.608</gpxdata:speed>
    </extensions>
   </trkpt>
   <trkpt lat="46.9534707" lon="15.9842744">
    <ele>280</ele>
    <time>2026-07-09T09:47:35Z</time>
    <extensions>
     <gpxdata:distance>2009.00</gpxdata:distance>
     <gpxdata:speed>6.400</gpxdata:speed>
    </extensions>
   </trkpt>
   <trkpt lat="46.9534667" lon="15.9841961">
    <ele>280</ele>
    <time>2026-07-09T09:47:36Z</time>
    <extensions>
     <gpxdata:distance>2015.00</gpxdata:distance>
     <gpxdata:speed>6.214</gpxdata:speed>
    </extensions>
   </trkpt>
   <trkpt lat="46.9534628" lon="15.9841199">
    <ele>280</ele>
    <time>2026-07-09T09:47:37Z</time>
    <extensions>
     <gpxdata:distance>2021.00</gpxdata:distance>
     <gpxdata:speed>6.061</gpxdata:speed>
    </extensions>
   </trkpt>
   <trkpt lat="46.9534597" lon="15.9840659">
    <ele>280</ele>
    <time>2026-07-09T09:47:38Z</time>
    <extensions>
     <gpxdata:distance>2027.00</gpxdata:distance>
     <gpxdata:speed>5.894</gpxdata:speed>
    </extensions>
   </trkpt>
   <trkpt lat="46.9534556" lon="15.9839984">
    <ele>280</ele>
    <time>2026-07-09T09:47:39Z</time>
    <extensions>
     <gpxdata:distance>2032.50</gpxdata:distance>
     <gpxdata:speed>5.761</gpxdata:speed>
    </extensions>
   </trkpt>
   <trkpt lat="46.9534516" lon="15.9839276">
    <ele>280</ele>
    <time>2026-07-09T09:47:40Z</time>
    <extensions>
     <gpxdata:distance>2038.00</gpxdata:distance>
     <gpxdata:speed>5.636</gpxdata:speed>
    </extensions>
   </trkpt>
   <trkpt lat="46.9534476" lon="15.9838569">
    <ele>281</ele>
    <time>2026-07-09T09:47:41Z</time>
    <extensions>
     <gpxdata:distance>2043.50</gpxdata:distance>
     <gpxdata:speed>5.544</gpxdata:speed>
    </extensions>
   </trkpt>
   <trkpt lat="46.9534435" lon="15.9837874">
    <ele>281</ele>
    <time>2026-07-09T09:47:42Z</time>
    <extensions>
     <gpxdata:distance>2049.00</gpxdata:distance>
     <gpxdata:speed>5.442</gpxdata:speed>
    </extensions>
   </trkpt>
   <trkpt lat="46.9534394" lon="15.9837202">
    <ele>281</ele>
    <time>2026-07-09T09:47:43Z</time>
    <extensions>
     <gpxdata:distance>2054.00</gpxdata:distance>
     <gpxdata:speed>5.314</gpxdata:speed>
    </extensions>
   </trkpt>
   <trkpt lat="46.9534355" lon="15.9836548">
    <ele>281</ele>
    <time>2026-07-09T09:47:44Z</time>
    <extensions>
     <gpxdata:distance>2059.00</gpxdata:distance>
     <gpxdata:speed>5.119</gpxdata:speed>
    </extensions>
   </trkpt>
   <trkpt lat="46.9534315" lon="15.9835908">
    <ele>281</ele>
    <time>2026-07-09T09:47:45Z</time>
    <extensions>
     <gpxdata:distance>2063.50</gpxdata:distance>
     <gpxdata:speed>4.992</gpxdata:speed>
    </extensions>
   </trkpt>
   <trkpt lat="46.9534272" lon="15.9835278">
    <ele>282</ele>
    <time>2026-07-09T09:47:46Z</time>
    <extensions>
     <gpxdata:distance>2068.00</gpxdata:distance>
     <gpxdata:speed>4.906</gpxdata:speed>
    </extensions>
   </trkpt>
   <trkpt lat="46.9534228" lon="15.9834659">
    <ele>282</ele>
    <time>2026-07-09T09:47:47Z</time>
    <extensions>
     <gpxdata:distance>2073.00</gpxdata:distance>
     <gpxdata:speed>4.825</gpxdata:speed>
    </extensions>
   </trkpt>
   <trkpt lat="46.9534184" lon="15.9834050">
    <ele>282</ele>
    <time>2026-07-09T09:47:48Z</time>
    <extensions>
     <gpxdata:distance>2078.00</gpxdata:distance>
     <gpxdata:speed>4.742</gpxdata:speed>
    </extensions>
   </trkpt>
   <trkpt lat="46.9534143" lon="15.9833448">
    <ele>282</ele>
    <time>2026-07-09T09:47:49Z</time>
    <extensions>
     <gpxdata:distance>2082.50</gpxdata:distance>
     <gpxdata:speed>4.678</gpxdata:speed>
    </extensions>
   </trkpt>
   <trkpt lat="46.9534101" lon="15.9832855">
    <ele>282</ele>
    <time>2026-07-09T09:47:50Z</time>
    <extensions>
     <gpxdata:distance>2087.00</gpxdata:distance>
     <gpxdata:speed>4.625</gpxdata:speed>
    </extensions>
   </trkpt>
   <trkpt lat="46.9534050" lon="15.9832273">
    <ele>282</ele>
    <time>2026-07-09T09:47:51Z</time>
    <extensions>
     <gpxdata:distance>2091.50</gpxdata:distance>
     <gpxdata:speed>4.575</gpxdata:speed>
    </extensions>
   </trkpt>
   <trkpt lat="46.9533991" lon="15.9831703">
    <ele>283</ele>
    <time>2026-07-09T09:47:52Z</time>
    <extensions>
     <gpxdata:distance>2096.00</gpxdata:distance>
     <gpxdata:speed>4.511</gpxdata:speed>
    </extensions>
   </trkpt>
   <trkpt lat="46.9533927" lon="15.9831153">
    <ele>283</ele>
    <time>2026-07-09T09:47:53Z</time>
    <extensions>
     <gpxdata:distance>2100.00</gpxdata:distance>
     <gpxdata:speed>4.439</gpxdata:speed>
    </extensions>
   </trkpt>
   <trkpt lat="46.9533854" lon="15.9830623">
    <ele>283</ele>
    <time>2026-07-09T09:47:54Z</time>
    <extensions>
     <gpxdata:distance>2104.00</gpxdata:distance>
     <gpxdata:speed>4.247</gpxdata:speed>
    </extensions>
   </trkpt>
   <trkpt lat="46.9533779" lon="15.9830104">
    <ele>283</ele>
    <time>2026-07-09T09:47:55Z</time>
    <extensions>
     <gpxdata:distance>2108.00</gpxdata:distance>
     <gpxdata:speed>4.122</gpxdata:speed>
    </extensions>
   </trkpt>
   <trkpt lat="46.9533706" lon="15.9829590">
    <ele>284</ele>
    <time>2026-07-09T09:47:56Z</time>
    <extensions>
     <gpxdata:distance>2112.00</gpxdata:distance>
     <gpxdata:speed>4.047</gpxdata:speed>
    </extensions>
   </trkpt>
   <trkpt lat="46.9533633" lon="15.9829075">
    <ele>284</ele>
    <time>2026-07-09T09:47:57Z</time>
    <extensions>
     <gpxdata:distance>2116.00</gpxdata:distance>
     <gpxdata:speed>4.008</gpxdata:speed>
    </extensions>
   </trkpt>
   <trkpt lat="46.9533556" lon="15.9828552">
    <ele>284</ele>
    <time>2026-07-09T09:47:58Z</time>
    <extensions>
     <gpxdata:distance>2120.00</gpxdata:distance>
     <gpxdata:speed>4.014</gpxdata:speed>
    </extensions>
   </trkpt>
   <trkpt lat="46.9533476" lon="15.9828022">
    <ele>284</ele>
    <time>2026-07-09T09:47:59Z</time>
    <extensions>
     <gpxdata:distance>2124.00</gpxdata:distance>
     <gpxdata:speed>4.075</gpxdata:speed>
    </extensions>
   </trkpt>
   <trkpt lat="46.9533392" lon="15.9827495">
    <ele>284</ele>
    <time>2026-07-09T09:48:00Z</time>
    <extensions>
     <gpxdata:distance>2128.00</gpxdata:distance>
     <gpxdata:speed>4.108</gpxdata:speed>
    </extensions>
   </trkpt>
   <trkpt lat="46.9533304" lon="15.9826976">
    <ele>284</ele>
    <time>2026-07-09T09:48:01Z</time>
    <extensions>
     <gpxdata:distance>2132.50</gpxdata:distance>
     <gpxdata:speed>4.097</gpxdata:speed>
    </extensions>
   </trkpt>
   <trkpt lat="46.9533214" lon="15.9826463">
    <ele>285</ele>
    <time>2026-07-09T09:48:02Z</time>
    <extensions>
     <gpxdata:distance>2137.00</gpxdata:distance>
     <gpxdata:speed>4.069</gpxdata:speed>
    </extensions>
   </trkpt>
   <trkpt lat="46.9533126" lon="15.9825949">
    <ele>285</ele>
    <time>2026-07-09T09:48:03Z</time>
    <extensions>
     <gpxdata:distance>2141.00</gpxdata:distance>
     <gpxdata:speed>4.047</gpxdata:speed>
    </extensions>
   </trkpt>
   <trkpt lat="46.9533035" lon="15.9825428">
    <ele>285</ele>
    <time>2026-07-09T09:48:04Z</time>
    <extensions>
     <gpxdata:distance>2145.00</gpxdata:distance>
     <gpxdata:speed>4.039</gpxdata:speed>
    </extensions>
   </trkpt>
   <trkpt lat="46.9532946" lon="15.9824896">
    <ele>285</ele>
    <time>2026-07-09T09:48:05Z</time>
    <extensions>
     <gpxdata:distance>2149.00</gpxdata:distance>
     <gpxdata:speed>4.069</gpxdata:speed>
    </extensions>
   </trkpt>
   <trkpt lat="46.9532862" lon="15.9824351">
    <ele>285</ele>
    <time>2026-07-09T09:48:06Z</time>
    <extensions>
     <gpxdata:distance>2153.00</gpxdata:distance>
     <gpxdata:speed>4.119</gpxdata:speed>
    </extensions>
   </trkpt>
   <trkpt lat="46.9532779" lon="15.9823793">
    <ele>285</ele>
    <time>2026-07-09T09:48:07Z</time>
    <extensions>
     <gpxdata:distance>2157.50</gpxdata:distance>
     <gpxdata:speed>4.175</gpxdata:speed>
    </extensions>
   </trkpt>
   <trkpt lat="46.9532692" lon="15.9823221">
    <ele>285</ele>
    <time>2026-07-09T09:48:08Z</time>
    <extensions>
     <gpxdata:distance>2162.00</gpxdata:distance>
     <gpxdata:speed>4.247</gpxdata:speed>
    </extensions>
   </trkpt>
   <trkpt lat="46.9532602" lon="15.9822632">
    <ele>286</ele>
    <time>2026-07-09T09:48:09Z</time>
    <extensions>
     <gpxdata:distance>2166.50</gpxdata:distance>
     <gpxdata:speed>4.342</gpxdata:speed>
    </extensions>
   </trkpt>
   <trkpt lat="46.9532513" lon="15.9822024">
    <ele>286</ele>
    <time>2026-07-09T09:48:10Z</time>
    <extensions>
     <gpxdata:distance>2171.00</gpxdata:distance>
     <gpxdata:speed>4.444</gpxdata:speed>
    </extensions>
   </trkpt>
   <trkpt lat="46.9532432" lon="15.9821395">
    <ele>286</ele>
    <time>2026-07-09T09:48:11Z</time>
    <extensions>
     <gpxdata:distance>2176.00</gpxdata:distance>
     <gpxdata:speed>4.567</gpxdata:speed>
    </extensions>
   </trkpt>
   <trkpt lat="46.9532361" lon="15.9820746">
    <ele>286</ele>
    <time>2026-07-09T09:48:12Z</time>
    <extensions>
     <gpxdata:distance>2181.00</gpxdata:distance>
     <gpxdata:speed>4.742</gpxdata:speed>
    </extensions>
   </trkpt>
   <trkpt lat="46.9532295" lon="15.9820071">
    <ele>286</ele>
    <time>2026-07-09T09:48:13Z</time>
    <extensions>
     <gpxdata:distance>2186.50</gpxdata:distance>
     <gpxdata:speed>4.981</gpxdata:speed>
    </extensions>
   </trkpt>
   <trkpt lat="46.9532231" lon="15.9819365">
    <ele>286</ele>
    <time>2026-07-09T09:48:14Z</time>
    <extensions>
     <gpxdata:distance>2192.00</gpxdata:distance>
     <gpxdata:speed>5.192</gpxdata:speed>
    </extensions>
   </trkpt>
   <trkpt lat="46.9532173" lon="15.9818632">
    <ele>286</ele>
    <time>2026-07-09T09:48:15Z</time>
    <extensions>
     <gpxdata:distance>2197.50</gpxdata:distance>
     <gpxdata:speed>5.425</gpxdata:speed>
    </extensions>
   </trkpt>
   <trkpt lat="46.9532128" lon="15.9817869">
    <ele>286</ele>
    <time>2026-07-09T09:48:16Z</time>
    <extensions>
     <gpxdata:distance>2203.00</gpxdata:distance>
     <gpxdata:speed>5.597</gpxdata:speed>
    </extensions>
   </trkpt>
   <trkpt lat="46.9532090" lon="15.9817082">
    <ele>286</ele>
    <time>2026-07-09T09:48:17Z</time>
    <extensions>
     <gpxdata:distance>2209.00</gpxdata:distance>
     <gpxdata:speed>5.825</gpxdata:speed>
    </extensions>
   </trkpt>
   <trkpt lat="46.9532059" lon="15.9816273">
    <ele>286</ele>
    <time>2026-07-09T09:48:18Z</time>
    <extensions>
     <gpxdata:distance>2215.00</gpxdata:distance>
     <gpxdata:speed>5.986</gpxdata:speed>
    </extensions>
   </trkpt>
   <trkpt lat="46.9532034" lon="15.9815166">
    <ele>286</ele>
    <time>2026-07-09T09:48:19Z</time>
    <extensions>
     <gpxdata:distance>2221.50</gpxdata:distance>
     <gpxdata:speed>6.142</gpxdata:speed>
    </extensions>
   </trkpt>
   <trkpt lat="46.9532028" lon="15.9814276">
    <ele>286</ele>
    <time>2026-07-09T09:48:20Z</time>
    <extensions>
     <gpxdata:distance>2228.00</gpxdata:distance>
     <gpxdata:speed>6.300</gpxdata:speed>
    </extensions>
   </trkpt>
   <trkpt lat="46.9532025" lon="15.9813392">
    <ele>286</ele>
    <time>2026-07-09T09:48:21Z</time>
    <extensions>
     <gpxdata:distance>2234.50</gpxdata:distance>
     <gpxdata:speed>6.453</gpxdata:speed>
    </extensions>
   </trkpt>
   <trkpt lat="46.9532018" lon="15.9812494">
    <ele>286</ele>
    <time>2026-07-09T09:48:22Z</time>
    <extensions>
     <gpxdata:distance>2241.00</gpxdata:distance>
     <gpxdata:speed>6.614</gpxdata:speed>
    </extensions>
   </trkpt>
   <trkpt lat="46.9532004" lon="15.9811586">
    <ele>286</ele>
    <time>2026-07-09T09:48:23Z</time>
    <extensions>
     <gpxdata:distance>2248.00</gpxdata:distance>
     <gpxdata:speed>6.750</gpxdata:speed>
    </extensions>
   </trkpt>
   <trkpt lat="46.9531977" lon="15.9810674">
    <ele>286</ele>
    <time>2026-07-09T09:48:24Z</time>
    <extensions>
     <gpxdata:distance>2255.00</gpxdata:distance>
     <gpxdata:speed>6.844</gpxdata:speed>
    </extensions>
   </trkpt>
   <trkpt lat="46.9531925" lon="15.9809775">
    <ele>285</ele>
    <time>2026-07-09T09:48:25Z</time>
    <extensions>
     <gpxdata:distance>2262.00</gpxdata:distance>
     <gpxdata:speed>6.883</gpxdata:speed>
    </extensions>
   </trkpt>
   <trkpt lat="46.9531829" lon="15.9808906">
    <ele>285</ele>
    <time>2026-07-09T09:48:26Z</time>
    <extensions>
     <gpxdata:distance>2269.00</gpxdata:distance>
     <gpxdata:speed>6.875</gpxdata:speed>
    </extensions>
   </trkpt>
   <trkpt lat="46.9531688" lon="15.9808063">
    <ele>285</ele>
    <time>2026-07-09T09:48:27Z</time>
    <extensions>
     <gpxdata:distance>2275.50</gpxdata:distance>
     <gpxdata:speed>6.808</gpxdata:speed>
    </extensions>
   </trkpt>
   <trkpt lat="46.9531508" lon="15.9807240">
    <ele>285</ele>
    <time>2026-07-09T09:48:28Z</time>
    <extensions>
     <gpxdata:distance>2282.00</gpxdata:distance>
     <gpxdata:speed>6.650</gpxdata:speed>
    </extensions>
   </trkpt>
   <trkpt lat="46.9531295" lon="15.9806434">
    <ele>285</ele>
    <time>2026-07-09T09:48:29Z</time>
    <extensions>
     <gpxdata:distance>2288.50</gpxdata:distance>
     <gpxdata:speed>6.628</gpxdata:speed>
    </extensions>
   </trkpt>
   <trkpt lat="46.9531051" lon="15.9805634">
    <ele>285</ele>
    <time>2026-07-09T09:48:30Z</time>
    <extensions>
     <gpxdata:distance>2295.00</gpxdata:distance>
     <gpxdata:speed>6.619</gpxdata:speed>
    </extensions>
   </trkpt>
   <trkpt lat="46.9530785" lon="15.9804812">
    <ele>284</ele>
    <time>2026-07-09T09:48:31Z</time>
    <extensions>
     <gpxdata:distance>2302.00</gpxdata:distance>
     <gpxdata:speed>6.642</gpxdata:speed>
    </extensions>
   </trkpt>
   <trkpt lat="46.9530502" lon="15.9803951">
    <ele>284</ele>
    <time>2026-07-09T09:48:32Z</time>
    <extensions>
     <gpxdata:distance>2309.00</gpxdata:distance>
     <gpxdata:speed>6.758</gpxdata:speed>
    </extensions>
   </trkpt>
   <trkpt lat="46.9530213" lon="15.9803049">
    <ele>284</ele>
    <time>2026-07-09T09:48:33Z</time>
    <extensions>
     <gpxdata:distance>2316.50</gpxdata:distance>
     <gpxdata:speed>6.950</gpxdata:speed>
    </extensions>
   </trkpt>
   <trkpt lat="46.9529940" lon="15.9802112">
    <ele>284</ele>
    <time>2026-07-09T09:48:34Z</time>
    <extensions>
     <gpxdata:distance>2324.00</gpxdata:distance>
     <gpxdata:speed>7.172</gpxdata:speed>
    </extensions>
   </trkpt>
   <trkpt lat="46.9529716" lon="15.9801139">
    <ele>284</ele>
    <time>2026-07-09T09:48:35Z</time>
    <extensions>
     <gpxdata:distance>2332.00</gpxdata:distance>
     <gpxdata:speed>7.367</gpxdata:speed>
    </extensions>
   </trkpt>
   <trkpt lat="46.9529562" lon="15.9800142">
    <ele>283</ele>
    <time>2026-07-09T09:48:36Z</time>
    <extensions>
     <gpxdata:distance>2340.00</gpxdata:distance>
     <gpxdata:speed>7.689</gpxdata:speed>
    </extensions>
   </trkpt>
   <trkpt lat="46.9529483" lon="15.9799137">
    <ele>283</ele>
    <time>2026-07-09T09:48:37Z</time>
    <extensions>
     <gpxdata:distance>2347.50</gpxdata:distance>
     <gpxdata:speed>7.719</gpxdata:speed>
    </extensions>
   </trkpt>
   <trkpt lat="46.9529479" lon="15.9798139">
    <ele>283</ele>
    <time>2026-07-09T09:48:38Z</time>
    <extensions>
     <gpxdata:distance>2355.00</gpxdata:distance>
     <gpxdata:speed>7.678</gpxdata:speed>
    </extensions>
   </trkpt>
   <trkpt lat="46.9529537" lon="15.9797159">
    <ele>282</ele>
    <time>2026-07-09T09:48:39Z</time>
    <extensions>
     <gpxdata:distance>2362.50</gpxdata:distance>
     <gpxdata:speed>7.597</gpxdata:speed>
    </extensions>
   </trkpt>
   <trkpt lat="46.9529635" lon="15.9796200">
    <ele>282</ele>
    <time>2026-07-09T09:48:40Z</time>
    <extensions>
     <gpxdata:distance>2370.00</gpxdata:distance>
     <gpxdata:speed>7.497</gpxdata:speed>
    </extensions>
   </trkpt>
   <trkpt lat="46.9529752" lon="15.9795263">
    <ele>282</ele>
    <time>2026-07-09T09:48:41Z</time>
    <extensions>
     <gpxdata:distance>2377.50</gpxdata:distance>
     <gpxdata:speed>7.403</gpxdata:speed>
    </extensions>
   </trkpt>
   <trkpt lat="46.9529875" lon="15.9794343">
    <ele>282</ele>
    <time>2026-07-09T09:48:42Z</time>
    <extensions>
     <gpxdata:distance>2385.00</gpxdata:distance>
     <gpxdata:speed>7.328</gpxdata:speed>
    </extensions>
   </trkpt>
   <trkpt lat="46.9529998" lon="15.9793438">
    <ele>282</ele>
    <time>2026-07-09T09:48:43Z</time>
    <extensions>
     <gpxdata:distance>2391.50</gpxdata:distance>
     <gpxdata:speed>7.244</gpxdata:speed>
    </extensions>
   </trkpt>
   <trkpt lat="46.9530123" lon="15.9792546">
    <ele>282</ele>
    <time>2026-07-09T09:48:44Z</time>
    <extensions>
     <gpxdata:distance>2398.00</gpxdata:distance>
     <gpxdata:speed>7.153</gpxdata:speed>
    </extensions>
   </trkpt>
   <trkpt lat="46.9530247" lon="15.9791664">
    <ele>282</ele>
    <time>2026-07-09T09:48:45Z</time>
    <extensions>
     <gpxdata:distance>2405.00</gpxdata:distance>
     <gpxdata:speed>7.064</gpxdata:speed>
    </extensions>
   </trkpt>
   <trkpt lat="46.9530364" lon="15.9790789">
    <ele>282</ele>
    <time>2026-07-09T09:48:46Z</time>
    <extensions>
     <gpxdata:distance>2412.00</gpxdata:distance>
     <gpxdata:speed>6.975</gpxdata:speed>
    </extensions>
   </trkpt>
   <trkpt lat="46.9530474" lon="15.9789919">
    <ele>282</ele>
    <time>2026-07-09T09:48:47Z</time>
    <extensions>
     <gpxdata:distance>2419.00</gpxdata:distance>
     <gpxdata:speed>6.869</gpxdata:speed>
    </extensions>
   </trkpt>
   <trkpt lat="46.9530577" lon="15.9789054">
    <ele>282</ele>
    <time>2026-07-09T09:48:48Z</time>
    <extensions>
     <gpxdata:distance>2426.00</gpxdata:distance>
     <gpxdata:speed>6.769</gpxdata:speed>
    </extensions>
   </trkpt>
   <trkpt lat="46.9530680" lon="15.9788195">
    <ele>282</ele>
    <time>2026-07-09T09:48:49Z</time>
    <extensions>
     <gpxdata:distance>2432.50</gpxdata:distance>
     <gpxdata:speed>6.711</gpxdata:speed>
    </extensions>
   </trkpt>
   <trkpt lat="46.9530786" lon="15.9787353">
    <ele>282</ele>
    <time>2026-07-09T09:48:50Z</time>
    <extensions>
     <gpxdata:distance>2439.00</gpxdata:distance>
     <gpxdata:speed>6.650</gpxdata:speed>
    </extensions>
   </trkpt>
   <trkpt lat="46.9530897" lon="15.9786527">
    <ele>282</ele>
    <time>2026-07-09T09:48:51Z</time>
    <extensions>
     <gpxdata:distance>2445.50</gpxdata:distance>
     <gpxdata:speed>6.542</gpxdata:speed>
    </extensions>
   </trkpt>
   <trkpt lat="46.9531008" lon="15.9785718">
    <ele>282</ele>
    <time>2026-07-09T09:48:52Z</time>
    <extensions>
     <gpxdata:distance>2452.00</gpxdata:distance>
     <gpxdata:speed>6.439</gpxdata:speed>
    </extensions>
   </trkpt>
   <trkpt lat="46.9531123" lon="15.9784925">
    <ele>282</ele>
    <time>2026-07-09T09:48:53Z</time>
    <extensions>
     <gpxdata:distance>2458.00</gpxdata:distance>
     <gpxdata:speed>6.328</gpxdata:speed>
    </extensions>
   </trkpt>
   <trkpt lat="46.9531242" lon="15.9784143">
    <ele>282</ele>
    <time>2026-07-09T09:48:54Z</time>
    <extensions>
     <gpxdata:distance>2464.00</gpxdata:distance>
     <gpxdata:speed>6.217</gpxdata:speed>
    </extensions>
   </trkpt>
   <trkpt lat="46.9531362" lon="15.9783374">
    <ele>282</ele>
    <time>2026-07-09T09:48:55Z</time>
    <extensions>
     <gpxdata:distance>2470.00</gpxdata:distance>
     <gpxdata:speed>6.142</gpxdata:speed>
    </extensions>
   </trkpt>
   <trkpt lat="46.9531489" lon="15.9782617">
    <ele>282</ele>
    <time>2026-07-09T09:48:56Z</time>
    <extensions>
     <gpxdata:distance>2476.00</gpxdata:distance>
     <gpxdata:speed>6.047</gpxdata:speed>
    </extensions>
   </trkpt>
   <trkpt lat="46.9531587" lon="15.9782078">
    <ele>282</ele>
    <time>2026-07-09T09:48:57Z</time>
    <extensions>
     <gpxdata:distance>2482.00</gpxdata:distance>
     <gpxdata:speed>5.969</gpxdata:speed>
    </extensions>
   </trkpt>
   <trkpt lat="46.9531716" lon="15.9781400">
    <ele>282</ele>
    <time>2026-07-09T09:48:58Z</time>
    <extensions>
     <gpxdata:distance>2488.00</gpxdata:distance>
     <gpxdata:speed>5.894</gpxdata:speed>
    </extensions>
   </trkpt>
   <trkpt lat="46.9531854" lon="15.9780680">
    <ele>282</ele>
    <time>2026-07-09T09:48:59Z</time>
    <extensions>
     <gpxdata:distance>2493.50</gpxdata:distance>
     <gpxdata:speed>5.842</gpxdata:speed>
    </extensions>
   </trkpt>
   <trkpt lat="46.9531986" lon="15.9779946">
    <ele>282</ele>
    <time>2026-07-09T09:49:00Z</time>
    <extensions>
     <gpxdata:distance>2499.00</gpxdata:distance>
     <gpxdata:speed>5.822</gpxdata:speed>
    </extensions>
   </trkpt>
   <trkpt lat="46.9532103" lon="15.9779207">
    <ele>282</ele>
    <time>2026-07-09T09:49:01Z</time>
    <extensions>
     <gpxdata:distance>2505.00</gpxdata:distance>
     <gpxdata:speed>5.808</gpxdata:speed>
    </extensions>
   </trkpt>
   <trkpt lat="46.9532209" lon="15.9778467">
    <ele>282</ele>
    <time>2026-07-09T09:49:02Z</time>
    <extensions>
     <gpxdata:distance>2511.00</gpxdata:distance>
     <gpxdata:speed>5.781</gpxdata:speed>
    </extensions>
   </trkpt>
   <trkpt lat="46.9532301" lon="15.9777729">
    <ele>282</ele>
    <time>2026-07-09T09:49:03Z</time>
    <extensions>
     <gpxdata:distance>2516.50</gpxdata:distance>
     <gpxdata:speed>5.753</gpxdata:speed>
    </extensions>
   </trkpt>
   <trkpt lat="46.9532380" lon="15.9776993">
    <ele>282</ele>
    <time>2026-07-09T09:49:04Z</time>
    <extensions>
     <gpxdata:distance>2522.00</gpxdata:distance>
     <gpxdata:speed>5.714</gpxdata:speed>
    </extensions>
   </trkpt>
   <trkpt lat="46.9532450" lon="15.9776256">
    <ele>282</ele>
    <time>2026-07-09T09:49:05Z</time>
    <extensions>
     <gpxdata:distance>2527.50</gpxdata:distance>
     <gpxdata:speed>5.686</gpxdata:speed>
    </extensions>
   </trkpt>
   <trkpt lat="46.9532510" lon="15.9775512">
    <ele>283</ele>
    <time>2026-07-09T09:49:06Z</time>
    <extensions>
     <gpxdata:distance>2533.00</gpxdata:distance>
     <gpxdata:speed>5.669</gpxdata:speed>
    </extensions>
   </trkpt>
   <trkpt lat="46.9532557" lon="15.9774758">
    <ele>283</ele>
    <time>2026-07-09T09:49:07Z</time>
    <extensions>
     <gpxdata:distance>2539.00</gpxdata:distance>
     <gpxdata:speed>5.683</gpxdata:speed>
    </extensions>
   </trkpt>
   <trkpt lat="46.9532592" lon="15.9773996">
    <ele>283</ele>
    <time>2026-07-09T09:49:08Z</time>
    <extensions>
     <gpxdata:distance>2545.00</gpxdata:distance>
     <gpxdata:speed>5.714</gpxdata:speed>
    </extensions>
   </trkpt>
   <trkpt lat="46.9532616" lon="15.9773221">
    <ele>283</ele>
    <time>2026-07-09T09:49:09Z</time>
    <extensions>
     <gpxdata:distance>2551.00</gpxdata:distance>
     <gpxdata:speed>5.756</gpxdata:speed>
    </extensions>
   </trkpt>
   <trkpt lat="46.9532627" lon="15.9772434">
    <ele>283</ele>
    <time>2026-07-09T09:49:10Z</time>
    <extensions>
     <gpxdata:distance>2557.00</gpxdata:distance>
     <gpxdata:speed>5.817</gpxdata:speed>
    </extensions>
   </trkpt>
   <trkpt lat="46.9532628" lon="15.9771637">
    <ele>283</ele>
    <time>2026-07-09T09:49:11Z</time>
    <extensions>
     <gpxdata:distance>2563.00</gpxdata:distance>
     <gpxdata:speed>5.886</gpxdata:speed>
    </extensions>
   </trkpt>
   <trkpt lat="46.9532626" lon="15.9770831">
    <ele>283</ele>
    <time>2026-07-09T09:49:12Z</time>
    <extensions>
     <gpxdata:distance>2569.00</gpxdata:distance>
     <gpxdata:speed>5.950</gpxdata:speed>
    </extensions>
   </trkpt>
   <trkpt lat="46.9532625" lon="15.9769740">
    <ele>283</ele>
    <time>2026-07-09T09:49:13Z</time>
    <extensions>
     <gpxdata:distance>2575.50</gpxdata:distance>
     <gpxdata:speed>6.025</gpxdata:speed>
    </extensions>
   </trkpt>
   <trkpt lat="46.9532631" lon="15.9768871">
    <ele>283</ele>
    <time>2026-07-09T09:49:14Z</time>
    <extensions>
     <gpxdata:distance>2582.00</gpxdata:distance>
     <gpxdata:speed>6.108</gpxdata:speed>
    </extensions>
   </trkpt>
   <trkpt lat="46.9532639" lon="15.9768023">
    <ele>283</ele>
    <time>2026-07-09T09:49:15Z</time>
    <extensions>
     <gpxdata:distance>2588.00</gpxdata:distance>
     <gpxdata:speed>6.200</gpxdata:speed>
    </extensions>
   </trkpt>
   <trkpt lat="46.9532654" lon="15.9767180">
    <ele>283</ele>
    <time>2026-07-09T09:49:16Z</time>
    <extensions>
     <gpxdata:distance>2594.00</gpxdata:distance>
     <gpxdata:speed>6.306</gpxdata:speed>
    </extensions>
   </trkpt>
   <trkpt lat="46.9532682" lon="15.9766344">
    <ele>283</ele>
    <time>2026-07-09T09:49:17Z</time>
    <extensions>
     <gpxdata:distance>2600.50</gpxdata:distance>
     <gpxdata:speed>6.358</gpxdata:speed>
    </extensions>
   </trkpt>
   <trkpt lat="46.9532726" lon="15.9765517">
    <ele>282</ele>
    <time>2026-07-09T09:49:18Z</time>
    <extensions>
     <gpxdata:distance>2607.00</gpxdata:distance>
     <gpxdata:speed>6.350</gpxdata:speed>
    </extensions>
   </trkpt>
   <trkpt lat="46.9532785" lon="15.9764696">
    <ele>282</ele>
    <time>2026-07-09T09:49:19Z</time>
    <extensions>
     <gpxdata:distance>2613.50</gpxdata:distance>
     <gpxdata:speed>6.319</gpxdata:speed>
    </extensions>
   </trkpt>
   <trkpt lat="46.9532855" lon="15.9763884">
    <ele>282</ele>
    <time>2026-07-09T09:49:20Z</time>
    <extensions>
     <gpxdata:distance>2620.00</gpxdata:distance>
     <gpxdata:speed>6.297</gpxdata:speed>
    </extensions>
   </trkpt>
   <trkpt lat="46.9532936" lon="15.9763076">
    <ele>282</ele>
    <time>2026-07-09T09:49:21Z</time>
    <extensions>
     <gpxdata:distance>2626.00</gpxdata:distance>
     <gpxdata:speed>6.272</gpxdata:speed>
    </extensions>
   </trkpt>
   <trkpt lat="46.9533023" lon="15.9762267">
    <ele>282</ele>
    <time>2026-07-09T09:49:22Z</time>
    <extensions>
     <gpxdata:distance>2632.00</gpxdata:distance>
     <gpxdata:speed>6.253</gpxdata:speed>
    </extensions>
   </trkpt>
   <trkpt lat="46.9533115" lon="15.9761459">
    <ele>282</ele>
    <time>2026-07-09T09:49:23Z</time>
    <extensions>
     <gpxdata:distance>2638.00</gpxdata:distance>
     <gpxdata:speed>6.247</gpxdata:speed>
    </extensions>
   </trkpt>
   <trkpt lat="46.9533215" lon="15.9760651">
    <ele>282</ele>
    <time>2026-07-09T09:49:24Z</time>
    <extensions>
     <gpxdata:distance>2644.00</gpxdata:distance>
     <gpxdata:speed>6.242</gpxdata:speed>
    </extensions>
   </trkpt>
   <trkpt lat="46.9533314" lon="15.9759847">
    <ele>282</ele>
    <time>2026-07-09T09:49:25Z</time>
    <extensions>
     <gpxdata:distance>2650.50</gpxdata:distance>
     <gpxdata:speed>6.242</gpxdata:speed>
    </extensions>
   </trkpt>
   <trkpt lat="46.9533405" lon="15.9759057">
    <ele>282</ele>
    <time>2026-07-09T09:49:26Z</time>
    <extensions>
     <gpxdata:distance>2657.00</gpxdata:distance>
     <gpxdata:speed>6.225</gpxdata:speed>
    </extensions>
   </trkpt>
   <trkpt lat="46.9533494" lon="15.9758278">
    <ele>282</ele>
    <time>2026-07-09T09:49:27Z</time>
    <extensions>
     <gpxdata:distance>2663.00</gpxdata:distance>
     <gpxdata:speed>6.167</gpxdata:speed>
    </extensions>
   </trkpt>
   <trkpt lat="46.9533582" lon="15.9757489">
    <ele>282</ele>
    <time>2026-07-09T09:49:28Z</time>
    <extensions>
     <gpxdata:distance>2669.00</gpxdata:distance>
     <gpxdata:speed>6.106</gpxdata:speed>
    </extensions>
   </trkpt>
   <trkpt lat="46.9533674" lon="15.9756674">
    <ele>282</ele>
    <time>2026-07-09T09:49:29Z</time>
    <extensions>
     <gpxdata:distance>2675.00</gpxdata:distance>
     <gpxdata:speed>6.106</gpxdata:speed>
    </extensions>
   </trkpt>
   <trkpt lat="46.9533772" lon="15.9755835">
    <ele>282</ele>
    <time>2026-07-09T09:49:30Z</time>
    <extensions>
     <gpxdata:distance>2681.00</gpxdata:distance>
     <gpxdata:speed>6.181</gpxdata:speed>
    </extensions>
   </trkpt>
   <trkpt lat="46.9533868" lon="15.9754978">
    <ele>281</ele>
    <time>2026-07-09T09:49:31Z</time>
    <extensions>
     <gpxdata:distance>2688.00</gpxdata:distance>
     <gpxdata:speed>6.286</gpxdata:speed>
    </extensions>
   </trkpt>
   <trkpt lat="46.9533961" lon="15.9754114">
    <ele>281</ele>
    <time>2026-07-09T09:49:32Z</time>
    <extensions>
     <gpxdata:distance>2695.00</gpxdata:distance>
     <gpxdata:speed>6.392</gpxdata:speed>
    </extensions>
   </trkpt>
   <trkpt lat="46.9534052" lon="15.9753249">
    <ele>281</ele>
    <time>2026-07-09T09:49:33Z</time>
    <extensions>
     <gpxdata:distance>2701.50</gpxdata:distance>
     <gpxdata:speed>6.472</gpxdata:speed>
    </extensions>
   </trkpt>
   <trkpt lat="46.9534142" lon="15.9752384">
    <ele>281</ele>
    <time>2026-07-09T09:49:34Z</time>
    <extensions>
     <gpxdata:distance>2708.00</gpxdata:distance>
     <gpxdata:speed>6.525</gpxdata:speed>
    </extensions>
   </trkpt>
   <trkpt lat="46.9534232" lon="15.9751521">
    <ele>281</ele>
    <time>2026-07-09T09:49:35Z</time>
    <extensions>
     <gpxdata:distance>2714.50</gpxdata:distance>
     <gpxdata:speed>6.567</gpxdata:speed>
    </extensions>
   </trkpt>
   <trkpt lat="46.9534318" lon="15.9750657">
    <ele>281</ele>
    <time>2026-07-09T09:49:36Z</time>
    <extensions>
     <gpxdata:distance>2721.00</gpxdata:distance>
     <gpxdata:speed>6.589</gpxdata:speed>
    </extensions>
   </trkpt>
   <trkpt lat="46.9534405" lon="15.9749794">
    <ele>281</ele>
    <time>2026-07-09T09:49:37Z</time>
    <extensions>
     <gpxdata:distance>2727.50</gpxdata:distance>
     <gpxdata:speed>6.614</gpxdata:speed>
    </extensions>
   </trkpt>
   <trkpt lat="46.9534500" lon="15.9748936">
    <ele>281</ele>
    <time>2026-07-09T09:49:38Z</time>
    <extensions>
     <gpxdata:distance>2734.00</gpxdata:distance>
     <gpxdata:speed>6.625</gpxdata:speed>
    </extensions>
   </trkpt>
   <trkpt lat="46.9534600" lon="15.9748082">
    <ele>280</ele>
    <time>2026-07-09T09:49:39Z</time>
    <extensions>
     <gpxdata:distance>2741.00</gpxdata:distance>
     <gpxdata:speed>6.625</gpxdata:speed>
    </extensions>
   </trkpt>
   <trkpt lat="46.9534696" lon="15.9747226">
    <ele>280</ele>
    <time>2026-07-09T09:49:40Z</time>
    <extensions>
     <gpxdata:distance>2748.00</gpxdata:distance>
     <gpxdata:speed>6.614</gpxdata:speed>
    </extensions>
   </trkpt>
   <trkpt lat="46.9534785" lon="15.9746366">
    <ele>280</ele>
    <time>2026-07-09T09:49:41Z</time>
    <extensions>
     <gpxdata:distance>2754.50</gpxdata:distance>
     <gpxdata:speed>6.608</gpxdata:speed>
    </extensions>
   </trkpt>
   <trkpt lat="46.9534870" lon="15.9745501">
    <ele>280</ele>
    <time>2026-07-09T09:49:42Z</time>
    <extensions>
     <gpxdata:distance>2761.00</gpxdata:distance>
     <gpxdata:speed>6.611</gpxdata:speed>
    </extensions>
   </trkpt>
   <trkpt lat="46.9534951" lon="15.9744627">
    <ele>280</ele>
    <time>2026-07-09T09:49:43Z</time>
    <extensions>
     <gpxdata:distance>2767.50</gpxdata:distance>
     <gpxdata:speed>6.625</gpxdata:speed>
    </extensions>
   </trkpt>
   <trkpt lat="46.9535034" lon="15.9743747">
    <ele>280</ele>
    <time>2026-07-09T09:49:44Z</time>
    <extensions>
     <gpxdata:distance>2774.00</gpxdata:distance>
     <gpxdata:speed>6.656</gpxdata:speed>
    </extensions>
   </trkpt>
   <trkpt lat="46.9535121" lon="15.9742863">
    <ele>280</ele>
    <time>2026-07-09T09:49:45Z</time>
    <extensions>
     <gpxdata:distance>2781.00</gpxdata:distance>
     <gpxdata:speed>6.692</gpxdata:speed>
    </extensions>
   </trkpt>
   <trkpt lat="46.9535209" lon="15.9741979">
    <ele>280</ele>
    <time>2026-07-09T09:49:46Z</time>
    <extensions>
     <gpxdata:distance>2788.00</gpxdata:distance>
     <gpxdata:speed>6.722</gpxdata:speed>
    </extensions>
   </trkpt>
   <trkpt lat="46.9535295" lon="15.9741088">
    <ele>280</ele>
    <time>2026-07-09T09:49:47Z</time>
    <extensions>
     <gpxdata:distance>2794.50</gpxdata:distance>
     <gpxdata:speed>6.742</gpxdata:speed>
    </extensions>
   </trkpt>
   <trkpt lat="46.9535382" lon="15.9740191">
    <ele>280</ele>
    <time>2026-07-09T09:49:48Z</time>
    <extensions>
     <gpxdata:distance>2801.00</gpxdata:distance>
     <gpxdata:speed>6.781</gpxdata:speed>
    </extensions>
   </trkpt>
   <trkpt lat="46.9535474" lon="15.9739289">
    <ele>280</ele>
    <time>2026-07-09T09:49:49Z</time>
    <extensions>
     <gpxdata:distance>2808.00</gpxdata:distance>
     <gpxdata:speed>6.817</gpxdata:speed>
    </extensions>
   </trkpt>
   <trkpt lat="46.9535568" lon="15.9738384">
    <ele>280</ele>
    <time>2026-07-09T09:49:50Z</time>
    <extensions>
     <gpxdata:distance>2815.00</gpxdata:distance>
     <gpxdata:speed>6.858</gpxdata:speed>
    </extensions>
   </trkpt>
   <trkpt lat="46.9535658" lon="15.9737474">
    <ele>280</ele>
    <time>2026-07-09T09:49:51Z</time>
    <extensions>
     <gpxdata:distance>2822.00</gpxdata:distance>
     <gpxdata:speed>6.892</gpxdata:speed>
    </extensions>
   </trkpt>
   <trkpt lat="46.9535743" lon="15.9736563">
    <ele>280</ele>
    <time>2026-07-09T09:49:52Z</time>
    <extensions>
     <gpxdata:distance>2829.00</gpxdata:distance>
     <gpxdata:speed>6.928</gpxdata:speed>
    </extensions>
   </trkpt>
   <trkpt lat="46.9535829" lon="15.9735654">
    <ele>280</ele>
    <time>2026-07-09T09:49:53Z</time>
    <extensions>
     <gpxdata:distance>2836.00</gpxdata:distance>
     <gpxdata:speed>6.947</gpxdata:speed>
    </extensions>
   </trkpt>
   <trkpt lat="46.9535917" lon="15.9734750">
    <ele>280</ele>
    <time>2026-07-09T09:49:54Z</time>
    <extensions>
     <gpxdata:distance>2843.00</gpxdata:distance>
     <gpxdata:speed>6.953</gpxdata:speed>
    </extensions>
   </trkpt>
   <trkpt lat="46.9536006" lon="15.9733848">
    <ele>280</ele>
    <time>2026-07-09T09:49:55Z</time>
    <extensions>
     <gpxdata:distance>2850.00</gpxdata:distance>
     <gpxdata:speed>6.947</gpxdata:speed>
    </extensions>
   </trkpt>
   <trkpt lat="46.9536091" lon="15.9732950">
    <ele>280</ele>
    <time>2026-07-09T09:49:56Z</time>
    <extensions>
     <gpxdata:distance>2857.00</gpxdata:distance>
     <gpxdata:speed>6.939</gpxdata:speed>
    </extensions>
   </trkpt>
   <trkpt lat="46.9536174" lon="15.9732057">
    <ele>280</ele>
    <time>2026-07-09T09:49:57Z</time>
    <extensions>
     <gpxdata:distance>2864.00</gpxdata:distance>
     <gpxdata:speed>6.922</gpxdata:speed>
    </extensions>
   </trkpt>
   <trkpt lat="46.9536259" lon="15.9731168">
    <ele>280</ele>
    <time>2026-07-09T09:49:58Z</time>
    <extensions>
     <gpxdata:distance>2871.00</gpxdata:distance>
     <gpxdata:speed>6.897</gpxdata:speed>
    </extensions>
   </trkpt>
   <trkpt lat="46.9536342" lon="15.9730281">
    <ele>280</ele>
    <time>2026-07-09T09:49:59Z</time>
    <extensions>
     <gpxdata:distance>2877.50</gpxdata:distance>
     <gpxdata:speed>6.869</gpxdata:speed>
    </extensions>
   </trkpt>
   <trkpt lat="46.9536422" lon="15.9729396">
    <ele>280</ele>
    <time>2026-07-09T09:50:00Z</time>
    <extensions>
     <gpxdata:distance>2884.00</gpxdata:distance>
     <gpxdata:speed>6.850</gpxdata:speed>
    </extensions>
   </trkpt>
   <trkpt lat="46.9536501" lon="15.9728516">
    <ele>280</ele>
    <time>2026-07-09T09:50:01Z</time>
    <extensions>
     <gpxdata:distance>2891.00</gpxdata:distance>
     <gpxdata:speed>6.825</gpxdata:speed>
    </extensions>
   </trkpt>
   <trkpt lat="46.9536584" lon="15.9727638">
    <ele>280</ele>
    <time>2026-07-09T09:50:02Z</time>
    <extensions>
     <gpxdata:distance>2898.00</gpxdata:distance>
     <gpxdata:speed>6.797</gpxdata:speed>
    </extensions>
   </trkpt>
   <trkpt lat="46.9536664" lon="15.9726760">
    <ele>279</ele>
    <time>2026-07-09T09:50:03Z</time>
    <extensions>
     <gpxdata:distance>2904.50</gpxdata:distance>
     <gpxdata:speed>6.775</gpxdata:speed>
    </extensions>
   </trkpt>
   <trkpt lat="46.9536739" lon="15.9725879">
    <ele>279</ele>
    <time>2026-07-09T09:50:04Z</time>
    <extensions>
     <gpxdata:distance>2911.00</gpxdata:distance>
     <gpxdata:speed>6.761</gpxdata:speed>
    </extensions>
   </trkpt>
   <trkpt lat="46.9536811" lon="15.9725004">
    <ele>279</ele>
    <time>2026-07-09T09:50:05Z</time>
    <extensions>
     <gpxdata:distance>2918.00</gpxdata:distance>
     <gpxdata:speed>6.758</gpxdata:speed>
    </extensions>
   </trkpt>
   <trkpt lat="46.9536885" lon="15.9724150">
    <ele>279</ele>
    <time>2026-07-09T09:50:06Z</time>
    <extensions>
     <gpxdata:distance>2925.00</gpxdata:distance>
     <gpxdata:speed>6.731</gpxdata:speed>
    </extensions>
   </trkpt>
   <trkpt lat="46.9536968" lon="15.9723325">
    <ele>279</ele>
    <time>2026-07-09T09:50:07Z</time>
    <extensions>
     <gpxdata:distance>2931.00</gpxdata:distance>
     <gpxdata:speed>6.658</gpxdata:speed>
    </extensions>
   </trkpt>
   <trkpt lat="46.9537058" lon="15.9722519">
    <ele>279</ele>
    <time>2026-07-09T09:50:08Z</time>
    <extensions>
     <gpxdata:distance>2937.00</gpxdata:distance>
     <gpxdata:speed>6.539</gpxdata:speed>
    </extensions>
   </trkpt>
   <trkpt lat="46.9537152" lon="15.9721722">
    <ele>280</ele>
    <time>2026-07-09T09:50:09Z</time>
    <extensions>
     <gpxdata:distance>2943.50</gpxdata:distance>
     <gpxdata:speed>6.422</gpxdata:speed>
    </extensions>
   </trkpt>
   <trkpt lat="46.9537240" lon="15.9720923">
    <ele>280</ele>
    <time>2026-07-09T09:50:10Z</time>
    <extensions>
     <gpxdata:distance>2950.00</gpxdata:distance>
     <gpxdata:speed>6.333</gpxdata:speed>
    </extensions>
   </trkpt>
   <trkpt lat="46.9537323" lon="15.9720120">
    <ele>280</ele>
    <time>2026-07-09T09:50:11Z</time>
    <extensions>
     <gpxdata:distance>2956.00</gpxdata:distance>
     <gpxdata:speed>6.278</gpxdata:speed>
    </extensions>
   </trkpt>
   <trkpt lat="46.9537403" lon="15.9719308">
    <ele>280</ele>
    <time>2026-07-09T09:50:12Z</time>
    <extensions>
     <gpxdata:distance>2962.00</gpxdata:distance>
     <gpxdata:speed>6.244</gpxdata:speed>
    </extensions>
   </trkpt>
   <trkpt lat="46.9537475" lon="15.9718488">
    <ele>280</ele>
    <time>2026-07-09T09:50:13Z</time>
    <extensions>
     <gpxdata:distance>2968.50</gpxdata:distance>
     <gpxdata:speed>6.244</gpxdata:speed>
    </extensions>
   </trkpt>
   <trkpt lat="46.9537552" lon="15.9717657">
    <ele>280</ele>
    <time>2026-07-09T09:50:14Z</time>
    <extensions>
     <gpxdata:distance>2975.00</gpxdata:distance>
     <gpxdata:speed>6.256</gpxdata:speed>
    </extensions>
   </trkpt>
   <trkpt lat="46.9537632" lon="15.9716825">
    <ele>280</ele>
    <time>2026-07-09T09:50:15Z</time>
    <extensions>
     <gpxdata:distance>2981.00</gpxdata:distance>
     <gpxdata:speed>6.300</gpxdata:speed>
    </extensions>
   </trkpt>
   <trkpt lat="46.9537720" lon="15.9715988">
    <ele>280</ele>
    <time>2026-07-09T09:50:16Z</time>
    <extensions>
     <gpxdata:distance>2987.00</gpxdata:distance>
     <gpxdata:speed>6.322</gpxdata:speed>
    </extensions>
   </trkpt>
   <trkpt lat="46.9537813" lon="15.9715143">
    <ele>280</ele>
    <time>2026-07-09T09:50:17Z</time>
    <extensions>
     <gpxdata:distance>2993.50</gpxdata:distance>
     <gpxdata:speed>6.361</gpxdata:speed>
    </extensions>
   </trkpt>
   <trkpt lat="46.9537906" lon="15.9714295">
    <ele>280</ele>
    <time>2026-07-09T09:50:18Z</time>
    <extensions>
     <gpxdata:distance>3000.00</gpxdata:distance>
     <gpxdata:speed>6.411</gpxdata:speed>
    </extensions>
   </trkpt>
   <trkpt lat="46.9537990" lon="15.9713445">
    <ele>280</ele>
    <time>2026-07-09T09:50:19Z</time>
    <extensions>
     <gpxdata:distance>3006.50</gpxdata:distance>
     <gpxdata:speed>6.450</gpxdata:speed>
    </extensions>
   </trkpt>
   <trkpt lat="46.9538046" lon="15.9712592">
    <ele>280</ele>
    <time>2026-07-09T09:50:20Z</time>
    <extensions>
     <gpxdata:distance>3013.00</gpxdata:distance>
     <gpxdata:speed>6.475</gpxdata:speed>
    </extensions>
   </trkpt>
   <trkpt lat="46.9538078" lon="15.9711733">
    <ele>279</ele>
    <time>2026-07-09T09:50:21Z</time>
    <extensions>
     <gpxdata:distance>3020.00</gpxdata:distance>
     <gpxdata:speed>6.489</gpxdata:speed>
    </extensions>
   </trkpt>
   <trkpt lat="46.9538099" lon="15.9710878">
    <ele>279</ele>
    <time>2026-07-09T09:50:22Z</time>
    <extensions>
     <gpxdata:distance>3027.00</gpxdata:distance>
     <gpxdata:speed>6.511</gpxdata:speed>
    </extensions>
   </trkpt>
   <trkpt lat="46.9538118" lon="15.9710041">
    <ele>279</ele>
    <time>2026-07-09T09:50:23Z</time>
    <extensions>
     <gpxdata:distance>3033.00</gpxdata:distance>
     <gpxdata:speed>6.506</gpxdata:speed>
    </extensions>
   </trkpt>
   <trkpt lat="46.9538126" lon="15.9709220">
    <ele>279</ele>
    <time>2026-07-09T09:50:24Z</time>
    <extensions>
     <gpxdata:distance>3039.00</gpxdata:distance>
     <gpxdata:speed>6.447</gpxdata:speed>
    </extensions>
   </trkpt>
   <trkpt lat="46.9538109" lon="15.9708382">
    <ele>279</ele>
    <time>2026-07-09T09:50:25Z</time>
    <extensions>
     <gpxdata:distance>3045.50</gpxdata:distance>
     <gpxdata:speed>6.375</gpxdata:speed>
    </extensions>
   </trkpt>
   <trkpt lat="46.9538076" lon="15.9707507">
    <ele>279</ele>
    <time>2026-07-09T09:50:26Z</time>
    <extensions>
     <gpxdata:distance>3052.00</gpxdata:distance>
     <gpxdata:speed>6.392</gpxdata:speed>
    </extensions>
   </trkpt>
   <trkpt lat="46.9538031" lon="15.9706604">
    <ele>279</ele>
    <time>2026-07-09T09:50:27Z</time>
    <extensions>
     <gpxdata:distance>3059.00</gpxdata:distance>
     <gpxdata:speed>6.506</gpxdata:speed>
    </extensions>
   </trkpt>
   <trkpt lat="46.9537978" lon="15.9705688">
    <ele>279</ele>
    <time>2026-07-09T09:50:28Z</time>
    <extensions>
     <gpxdata:distance>3066.00</gpxdata:distance>
     <gpxdata:speed>6.636</gpxdata:speed>
    </extensions>
   </trkpt>
   <trkpt lat="46.9537926" lon="15.9704774">
    <ele>279</ele>
    <time>2026-07-09T09:50:29Z</time>
    <extensions>
     <gpxdata:distance>3073.00</gpxdata:distance>
     <gpxdata:speed>6.750</gpxdata:speed>
    </extensions>
   </trkpt>
   <trkpt lat="46.9537884" lon="15.9703864">
    <ele>279</ele>
    <time>2026-07-09T09:50:30Z</time>
    <extensions>
     <gpxdata:distance>3080.00</gpxdata:distance>
     <gpxdata:speed>6.808</gpxdata:speed>
    </extensions>
   </trkpt>
   <trkpt lat="46.9537857" lon="15.9702962">
    <ele>279</ele>
    <time>2026-07-09T09:50:31Z</time>
    <extensions>
     <gpxdata:distance>3086.50</gpxdata:distance>
     <gpxdata:speed>6.842</gpxdata:speed>
    </extensions>
   </trkpt>
   <trkpt lat="46.9537847" lon="15.9702067">
    <ele>279</ele>
    <time>2026-07-09T09:50:32Z</time>
    <extensions>
     <gpxdata:distance>3093.00</gpxdata:distance>
     <gpxdata:speed>6.844</gpxdata:speed>
    </extensions>
   </trkpt>
   <trkpt lat="46.9537853" lon="15.9701176">
    <ele>279</ele>
    <time>2026-07-09T09:50:33Z</time>
    <extensions>
     <gpxdata:distance>3100.00</gpxdata:distance>
     <gpxdata:speed>6.828</gpxdata:speed>
    </extensions>
   </trkpt>
   <trkpt lat="46.9537876" lon="15.9700287">
    <ele>279</ele>
    <time>2026-07-09T09:50:34Z</time>
    <extensions>
     <gpxdata:distance>3107.00</gpxdata:distance>
     <gpxdata:speed>6.811</gpxdata:speed>
    </extensions>
   </trkpt>
   <trkpt lat="46.9537914" lon="15.9699400">
    <ele>279</ele>
    <time>2026-07-09T09:50:35Z</time>
    <extensions>
     <gpxdata:distance>3113.50</gpxdata:distance>
     <gpxdata:speed>6.794</gpxdata:speed>
    </extensions>
   </trkpt>
   <trkpt lat="46.9537968" lon="15.9698517">
    <ele>279</ele>
    <time>2026-07-09T09:50:36Z</time>
    <extensions>
     <gpxdata:distance>3120.00</gpxdata:distance>
     <gpxdata:speed>6.783</gpxdata:speed>
    </extensions>
   </trkpt>
   <trkpt lat="46.9538045" lon="15.9697645">
    <ele>279</ele>
    <time>2026-07-09T09:50:37Z</time>
    <extensions>
     <gpxdata:distance>3127.00</gpxdata:distance>
     <gpxdata:speed>6.767</gpxdata:speed>
    </extensions>
   </trkpt>
   <trkpt lat="46.9538148" lon="15.9696789">
    <ele>279</ele>
    <time>2026-07-09T09:50:38Z</time>
    <extensions>
     <gpxdata:distance>3134.00</gpxdata:distance>
     <gpxdata:speed>6.733</gpxdata:speed>
    </extensions>
   </trkpt>
   <trkpt lat="46.9538285" lon="15.9695952">
    <ele>279</ele>
    <time>2026-07-09T09:50:39Z</time>
    <extensions>
     <gpxdata:distance>3140.50</gpxdata:distance>
     <gpxdata:speed>6.686</gpxdata:speed>
    </extensions>
   </trkpt>
   <trkpt lat="46.9538448" lon="15.9695133">
    <ele>279</ele>
    <time>2026-07-09T09:50:40Z</time>
    <extensions>
     <gpxdata:distance>3147.00</gpxdata:distance>
     <gpxdata:speed>6.636</gpxdata:speed>
    </extensions>
   </trkpt>
   <trkpt lat="46.9538623" lon="15.9694338">
    <ele>279</ele>
    <time>2026-07-09T09:50:41Z</time>
    <extensions>
     <gpxdata:distance>3153.50</gpxdata:distance>
     <gpxdata:speed>6.583</gpxdata:speed>
    </extensions>
   </trkpt>
   <trkpt lat="46.9538799" lon="15.9693582">
    <ele>279</ele>
    <time>2026-07-09T09:50:42Z</time>
    <extensions>
     <gpxdata:distance>3160.00</gpxdata:distance>
     <gpxdata:speed>6.492</gpxdata:speed>
    </extensions>
   </trkpt>
   <trkpt lat="46.9538967" lon="15.9692869">
    <ele>279</ele>
    <time>2026-07-09T09:50:43Z</time>
    <extensions>
     <gpxdata:distance>3165.50</gpxdata:distance>
     <gpxdata:speed>6.328</gpxdata:speed>
    </extensions>
   </trkpt>
   <trkpt lat="46.9539131" lon="15.9692186">
    <ele>279</ele>
    <time>2026-07-09T09:50:44Z</time>
    <extensions>
     <gpxdata:distance>3171.00</gpxdata:distance>
     <gpxdata:speed>6.111</gpxdata:speed>
    </extensions>
   </trkpt>
   <trkpt lat="46.9539251" lon="15.9691706">
    <ele>279</ele>
    <time>2026-07-09T09:50:45Z</time>
    <extensions>
     <gpxdata:distance>3176.50</gpxdata:distance>
     <gpxdata:speed>5.900</gpxdata:speed>
    </extensions>
   </trkpt>
   <trkpt lat="46.9539407" lon="15.9691098">
    <ele>279</ele>
    <time>2026-07-09T09:50:46Z</time>
    <extensions>
     <gpxdata:distance>3182.00</gpxdata:distance>
     <gpxdata:speed>5.728</gpxdata:speed>
    </extensions>
   </trkpt>
   <trkpt lat="46.9539575" lon="15.9690444">
    <ele>279</ele>
    <time>2026-07-09T09:50:47Z</time>
    <extensions>
     <gpxdata:distance>3187.50</gpxdata:distance>
     <gpxdata:speed>5.608</gpxdata:speed>
    </extensions>
   </trkpt>
   <trkpt lat="46.9539742" lon="15.9689771">
    <ele>279</ele>
    <time>2026-07-09T09:50:48Z</time>
    <extensions>
     <gpxdata:distance>3193.00</gpxdata:distance>
     <gpxdata:speed>5.558</gpxdata:speed>
    </extensions>
   </trkpt>
   <trkpt lat="46.9539903" lon="15.9689083">
    <ele>279</ele>
    <time>2026-07-09T09:50:49Z</time>
    <extensions>
     <gpxdata:distance>3198.50</gpxdata:distance>
     <gpxdata:speed>5.508</gpxdata:speed>
    </extensions>
   </trkpt>
   <trkpt lat="46.9540060" lon="15.9688382">
    <ele>279</ele>
    <time>2026-07-09T09:50:50Z</time>
    <extensions>
     <gpxdata:distance>3204.00</gpxdata:distance>
     <gpxdata:speed>5.522</gpxdata:speed>
    </extensions>
   </trkpt>
   <trkpt lat="46.9540213" lon="15.9687667">
    <ele>279</ele>
    <time>2026-07-09T09:50:51Z</time>
    <extensions>
     <gpxdata:distance>3209.50</gpxdata:distance>
     <gpxdata:speed>5.556</gpxdata:speed>
    </extensions>
   </trkpt>
   <trkpt lat="46.9540354" lon="15.9686937">
    <ele>279</ele>
    <time>2026-07-09T09:50:52Z</time>
    <extensions>
     <gpxdata:distance>3215.00</gpxdata:distance>
     <gpxdata:speed>5.608</gpxdata:speed>
    </extensions>
   </trkpt>
   <trkpt lat="46.9540481" lon="15.9686199">
    <ele>279</ele>
    <time>2026-07-09T09:50:53Z</time>
    <extensions>
     <gpxdata:distance>3221.00</gpxdata:distance>
     <gpxdata:speed>5.669</gpxdata:speed>
    </extensions>
   </trkpt>
   <trkpt lat="46.9540591" lon="15.9685457">
    <ele>279</ele>
    <time>2026-07-09T09:50:54Z</time>
    <extensions>
     <gpxdata:distance>3227.00</gpxdata:distance>
     <gpxdata:speed>5.714</gpxdata:speed>
    </extensions>
   </trkpt>
   <trkpt lat="46.9540693" lon="15.9684718">
    <ele>279</ele>
    <time>2026-07-09T09:50:55Z</time>
    <extensions>
     <gpxdata:distance>3232.50</gpxdata:distance>
     <gpxdata:speed>5.733</gpxdata:speed>
    </extensions>
   </trkpt>
   <trkpt lat="46.9540789" lon="15.9683982">
    <ele>279</ele>
    <time>2026-07-09T09:50:56Z</time>
    <extensions>
     <gpxdata:distance>3238.00</gpxdata:distance>
     <gpxdata:speed>5.725</gpxdata:speed>
    </extensions>
   </trkpt>
   <trkpt lat="46.9540884" lon="15.9683247">
    <ele>279</ele>
    <time>2026-07-09T09:50:57Z</time>
    <extensions>
     <gpxdata:distance>3244.00</gpxdata:distance>
     <gpxdata:speed>5.714</gpxdata:speed>
    </extensions>
   </trkpt>
   <trkpt lat="46.9540979" lon="15.9682509">
    <ele>279</ele>
    <time>2026-07-09T09:50:58Z</time>
    <extensions>
     <gpxdata:distance>3250.00</gpxdata:distance>
     <gpxdata:speed>5.706</gpxdata:speed>
    </extensions>
   </trkpt>
   <trkpt lat="46.9541070" lon="15.9681765">
    <ele>279</ele>
    <time>2026-07-09T09:50:59Z</time>
    <extensions>
     <gpxdata:distance>3255.50</gpxdata:distance>
     <gpxdata:speed>5.714</gpxdata:speed>
    </extensions>
   </trkpt>
   <trkpt lat="46.9541164" lon="15.9681017">
    <ele>279</ele>
    <time>2026-07-09T09:51:00Z</time>
    <extensions>
     <gpxdata:distance>3261.00</gpxdata:distance>
     <gpxdata:speed>5.731</gpxdata:speed>
    </extensions>
   </trkpt>
   <trkpt lat="46.9541262" lon="15.9680270">
    <ele>279</ele>
    <time>2026-07-09T09:51:01Z</time>
    <extensions>
     <gpxdata:distance>3267.00</gpxdata:distance>
     <gpxdata:speed>5.750</gpxdata:speed>
    </extensions>
   </trkpt>
   <trkpt lat="46.9541368" lon="15.9679525">
    <ele>279</ele>
    <time>2026-07-09T09:51:02Z</time>
    <extensions>
     <gpxdata:distance>3273.00</gpxdata:distance>
     <gpxdata:speed>5.761</gpxdata:speed>
    </extensions>
   </trkpt>
   <trkpt lat="46.9541478" lon="15.9678785">
    <ele>279</ele>
    <time>2026-07-09T09:51:03Z</time>
    <extensions>
     <gpxdata:distance>3278.50</gpxdata:distance>
     <gpxdata:speed>5.767</gpxdata:speed>
    </extensions>
   </trkpt>
   <trkpt lat="46.9541586" lon="15.9678051">
    <ele>279</ele>
    <time>2026-07-09T09:51:04Z</time>
    <extensions>
     <gpxdata:distance>3284.00</gpxdata:distance>
     <gpxdata:speed>5.758</gpxdata:speed>
    </extensions>
   </trkpt>
   <trkpt lat="46.9541695" lon="15.9677324">
    <ele>279</ele>
    <time>2026-07-09T09:51:05Z</time>
    <extensions>
     <gpxdata:distance>3289.50</gpxdata:distance>
     <gpxdata:speed>5.731</gpxdata:speed>
    </extensions>
   </trkpt>
   <trkpt lat="46.9541806" lon="15.9676602">
    <ele>279</ele>
    <time>2026-07-09T09:51:06Z</time>
    <extensions>
     <gpxdata:distance>3295.00</gpxdata:distance>
     <gpxdata:speed>5.697</gpxdata:speed>
    </extensions>
   </trkpt>
   <trkpt lat="46.9541924" lon="15.9675885">
    <ele>279</ele>
    <time>2026-07-09T09:51:07Z</time>
    <extensions>
     <gpxdata:distance>3301.00</gpxdata:distance>
     <gpxdata:speed>5.672</gpxdata:speed>
    </extensions>
   </trkpt>
   <trkpt lat="46.9542046" lon="15.9675175">
    <ele>279</ele>
    <time>2026-07-09T09:51:08Z</time>
    <extensions>
     <gpxdata:distance>3307.00</gpxdata:distance>
     <gpxdata:speed>5.644</gpxdata:speed>
    </extensions>
   </trkpt>
   <trkpt lat="46.9542173" lon="15.9674470">
    <ele>279</ele>
    <time>2026-07-09T09:51:09Z</time>
    <extensions>
     <gpxdata:distance>3312.50</gpxdata:distance>
     <gpxdata:speed>5.611</gpxdata:speed>
    </extensions>
   </trkpt>
   <trkpt lat="46.9542306" lon="15.9673766">
    <ele>279</ele>
    <time>2026-07-09T09:51:10Z</time>
    <extensions>
     <gpxdata:distance>3318.00</gpxdata:distance>
     <gpxdata:speed>5.586</gpxdata:speed>
    </extensions>
   </trkpt>
   <trkpt lat="46.9542438" lon="15.9673061">
    <ele>279</ele>
    <time>2026-07-09T09:51:11Z</time>
    <extensions>
     <gpxdata:distance>3323.50</gpxdata:distance>
     <gpxdata:speed>5.575</gpxdata:speed>
    </extensions>
   </trkpt>
   <trkpt lat="46.9542568" lon="15.9672356">
    <ele>279</ele>
    <time>2026-07-09T09:51:12Z</time>
    <extensions>
     <gpxdata:distance>3329.00</gpxdata:distance>
     <gpxdata:speed>5.569</gpxdata:speed>
    </extensions>
   </trkpt>
   <trkpt lat="46.9542698" lon="15.9671656">
    <ele>279</ele>
    <time>2026-07-09T09:51:13Z</time>
    <extensions>
     <gpxdata:distance>3334.50</gpxdata:distance>
     <gpxdata:speed>5.558</gpxdata:speed>
    </extensions>
   </trkpt>
   <trkpt lat="46.9542827" lon="15.9670961">
    <ele>280</ele>
    <time>2026-07-09T09:51:14Z</time>
    <extensions>
     <gpxdata:distance>3340.00</gpxdata:distance>
     <gpxdata:speed>5.536</gpxdata:speed>
    </extensions>
   </trkpt>
   <trkpt lat="46.9542958" lon="15.9670272">
    <ele>280</ele>
    <time>2026-07-09T09:51:15Z</time>
    <extensions>
     <gpxdata:distance>3345.50</gpxdata:distance>
     <gpxdata:speed>5.508</gpxdata:speed>
    </extensions>
   </trkpt>
   <trkpt lat="46.9543090" lon="15.9669590">
    <ele>280</ele>
    <time>2026-07-09T09:51:16Z</time>
    <extensions>
     <gpxdata:distance>3351.00</gpxdata:distance>
     <gpxdata:speed>5.475</gpxdata:speed>
    </extensions>
   </trkpt>
   <trkpt lat="46.9543220" lon="15.9668914">
    <ele>280</ele>
    <time>2026-07-09T09:51:17Z</time>
    <extensions>
     <gpxdata:distance>3356.00</gpxdata:distance>
     <gpxdata:speed>5.439</gpxdata:speed>
    </extensions>
   </trkpt>
   <trkpt lat="46.9543349" lon="15.9668246">
    <ele>280</ele>
    <time>2026-07-09T09:51:18Z</time>
    <extensions>
     <gpxdata:distance>3361.00</gpxdata:distance>
     <gpxdata:speed>5.394</gpxdata:speed>
    </extensions>
   </trkpt>
   <trkpt lat="46.9543475" lon="15.9667592">
    <ele>280</ele>
    <time>2026-07-09T09:51:19Z</time>
    <extensions>
     <gpxdata:distance>3366.00</gpxdata:distance>
     <gpxdata:speed>5.339</gpxdata:speed>
    </extensions>
   </trkpt>
   <trkpt lat="46.9543603" lon="15.9666952">
    <ele>280</ele>
    <time>2026-07-09T09:51:20Z</time>
    <extensions>
     <gpxdata:distance>3371.00</gpxdata:distance>
     <gpxdata:speed>5.261</gpxdata:speed>
    </extensions>
   </trkpt>
   <trkpt lat="46.9543734" lon="15.9666321">
    <ele>280</ele>
    <time>2026-07-09T09:51:21Z</time>
    <extensions>
     <gpxdata:distance>3376.00</gpxdata:distance>
     <gpxdata:speed>5.175</gpxdata:speed>
    </extensions>
   </trkpt>
   <trkpt lat="46.9543865" lon="15.9665694">
    <ele>280</ele>
    <time>2026-07-09T09:51:22Z</time>
    <extensions>
     <gpxdata:distance>3381.00</gpxdata:distance>
     <gpxdata:speed>5.106</gpxdata:speed>
    </extensions>
   </trkpt>
   <trkpt lat="46.9543997" lon="15.9665070">
    <ele>280</ele>
    <time>2026-07-09T09:51:23Z</time>
    <extensions>
     <gpxdata:distance>3386.00</gpxdata:distance>
     <gpxdata:speed>5.056</gpxdata:speed>
    </extensions>
   </trkpt>
   <trkpt lat="46.9544131" lon="15.9664449">
    <ele>280</ele>
    <time>2026-07-09T09:51:24Z</time>
    <extensions>
     <gpxdata:distance>3391.00</gpxdata:distance>
     <gpxdata:speed>5.017</gpxdata:speed>
    </extensions>
   </trkpt>
   <trkpt lat="46.9544268" lon="15.9663832">
    <ele>280</ele>
    <time>2026-07-09T09:51:25Z</time>
    <extensions>
     <gpxdata:distance>3396.00</gpxdata:distance>
     <gpxdata:speed>4.983</gpxdata:speed>
    </extensions>
   </trkpt>
   <trkpt lat="46.9544411" lon="15.9663220">
    <ele>280</ele>
    <time>2026-07-09T09:51:26Z</time>
    <extensions>
     <gpxdata:distance>3401.00</gpxdata:distance>
     <gpxdata:speed>4.958</gpxdata:speed>
    </extensions>
   </trkpt>
   <trkpt lat="46.9544558" lon="15.9662608">
    <ele>281</ele>
    <time>2026-07-09T09:51:27Z</time>
    <extensions>
     <gpxdata:distance>3406.00</gpxdata:distance>
     <gpxdata:speed>4.933</gpxdata:speed>
    </extensions>
   </trkpt>
   <trkpt lat="46.9544712" lon="15.9661992">
    <ele>281</ele>
    <time>2026-07-09T09:51:28Z</time>
    <extensions>
     <gpxdata:distance>3411.00</gpxdata:distance>
     <gpxdata:speed>4.936</gpxdata:speed>
    </extensions>
   </trkpt>
   <trkpt lat="46.9544873" lon="15.9661369">
    <ele>281</ele>
    <time>2026-07-09T09:51:29Z</time>
    <extensions>
     <gpxdata:distance>3416.00</gpxdata:distance>
     <gpxdata:speed>4.961</gpxdata:speed>
    </extensions>
   </trkpt>
   <trkpt lat="46.9545036" lon="15.9660742">
    <ele>281</ele>
    <time>2026-07-09T09:51:30Z</time>
    <extensions>
     <gpxdata:distance>3421.00</gpxdata:distance>
     <gpxdata:speed>5.006</gpxdata:speed>
    </extensions>
   </trkpt>
   <trkpt lat="46.9545202" lon="15.9660111">
    <ele>281</ele>
    <time>2026-07-09T09:51:31Z</time>
    <extensions>
     <gpxdata:distance>3426.50</gpxdata:distance>
     <gpxdata:speed>5.042</gpxdata:speed>
    </extensions>
   </trkpt>
   <trkpt lat="46.9545370" lon="15.9659475">
    <ele>281</ele>
    <time>2026-07-09T09:51:32Z</time>
    <extensions>
     <gpxdata:distance>3432.00</gpxdata:distance>
     <gpxdata:speed>5.081</gpxdata:speed>
    </extensions>
   </trkpt>
   <trkpt lat="46.9545540" lon="15.9658833">
    <ele>281</ele>
    <time>2026-07-09T09:51:33Z</time>
    <extensions>
     <gpxdata:distance>3437.00</gpxdata:distance>
     <gpxdata:speed>5.125</gpxdata:speed>
    </extensions>
   </trkpt>
   <trkpt lat="46.9545711" lon="15.9658191">
    <ele>281</ele>
    <time>2026-07-09T09:51:34Z</time>
    <extensions>
     <gpxdata:distance>3442.00</gpxdata:distance>
     <gpxdata:speed>5.169</gpxdata:speed>
    </extensions>
   </trkpt>
   <trkpt lat="46.9545882" lon="15.9657546">
    <ele>281</ele>
    <time>2026-07-09T09:51:35Z</time>
    <extensions>
     <gpxdata:distance>3447.50</gpxdata:distance>
     <gpxdata:speed>5.197</gpxdata:speed>
    </extensions>
   </trkpt>
   <trkpt lat="46.9546051" lon="15.9656898">
    <ele>281</ele>
    <time>2026-07-09T09:51:36Z</time>
    <extensions>
     <gpxdata:distance>3453.00</gpxdata:distance>
     <gpxdata:speed>5.219</gpxdata:speed>
    </extensions>
   </trkpt>
   <trkpt lat="46.9546216" lon="15.9656241">
    <ele>281</ele>
    <time>2026-07-09T09:51:37Z</time>
    <extensions>
     <gpxdata:distance>3458.00</gpxdata:distance>
     <gpxdata:speed>5.242</gpxdata:speed>
    </extensions>
   </trkpt>
   <trkpt lat="46.9546377" lon="15.9655571">
    <ele>281</ele>
    <time>2026-07-09T09:51:38Z</time>
    <extensions>
     <gpxdata:distance>3463.00</gpxdata:distance>
     <gpxdata:speed>5.281</gpxdata:speed>
    </extensions>
   </trkpt>
   <trkpt lat="46.9546532" lon="15.9654892">
    <ele>281</ele>
    <time>2026-07-09T09:51:39Z</time>
    <extensions>
     <gpxdata:distance>3468.50</gpxdata:distance>
     <gpxdata:speed>5.339</gpxdata:speed>
    </extensions>
   </trkpt>
   <trkpt lat="46.9546684" lon="15.9654202">
    <ele>281</ele>
    <time>2026-07-09T09:51:40Z</time>
    <extensions>
     <gpxdata:distance>3474.00</gpxdata:distance>
     <gpxdata:speed>5.381</gpxdata:speed>
    </extensions>
   </trkpt>
   <trkpt lat="46.9546832" lon="15.9653501">
    <ele>281</ele>
    <time>2026-07-09T09:51:41Z</time>
    <extensions>
     <gpxdata:distance>3479.50</gpxdata:distance>
     <gpxdata:speed>5.442</gpxdata:speed>
    </extensions>
   </trkpt>
   <trkpt lat="46.9546973" lon="15.9652798">
    <ele>281</ele>
    <time>2026-07-09T09:51:42Z</time>
    <extensions>
     <gpxdata:distance>3485.00</gpxdata:distance>
     <gpxdata:speed>5.497</gpxdata:speed>
    </extensions>
   </trkpt>
   <trkpt lat="46.9547105" lon="15.9652095">
    <ele>282</ele>
    <time>2026-07-09T09:51:43Z</time>
    <extensions>
     <gpxdata:distance>3490.50</gpxdata:distance>
     <gpxdata:speed>5.522</gpxdata:speed>
    </extensions>
   </trkpt>
   <trkpt lat="46.9547231" lon="15.9651395">
    <ele>282</ele>
    <time>2026-07-09T09:51:44Z</time>
    <extensions>
     <gpxdata:distance>3496.00</gpxdata:distance>
     <gpxdata:speed>5.522</gpxdata:speed>
    </extensions>
   </trkpt>
   <trkpt lat="46.9547352" lon="15.9650693">
    <ele>282</ele>
    <time>2026-07-09T09:51:45Z</time>
    <extensions>
     <gpxdata:distance>3501.50</gpxdata:distance>
     <gpxdata:speed>5.514</gpxdata:speed>
    </extensions>
   </trkpt>
   <trkpt lat="46.9547469" lon="15.9649989">
    <ele>282</ele>
    <time>2026-07-09T09:51:46Z</time>
    <extensions>
     <gpxdata:distance>3507.00</gpxdata:distance>
     <gpxdata:speed>5.508</gpxdata:speed>
    </extensions>
   </trkpt>
   <trkpt lat="46.9547578" lon="15.9649281">
    <ele>282</ele>
    <time>2026-07-09T09:51:47Z</time>
    <extensions>
     <gpxdata:distance>3512.50</gpxdata:distance>
     <gpxdata:speed>5.514</gpxdata:speed>
    </extensions>
   </trkpt>
   <trkpt lat="46.9547679" lon="15.9648572">
    <ele>282</ele>
    <time>2026-07-09T09:51:48Z</time>
    <extensions>
     <gpxdata:distance>3518.00</gpxdata:distance>
     <gpxdata:speed>5.514</gpxdata:speed>
    </extensions>
   </trkpt>
   <trkpt lat="46.9547774" lon="15.9647861">
    <ele>282</ele>
    <time>2026-07-09T09:51:49Z</time>
    <extensions>
     <gpxdata:distance>3523.50</gpxdata:distance>
     <gpxdata:speed>5.508</gpxdata:speed>
    </extensions>
   </trkpt>
   <trkpt lat="46.9547867" lon="15.9647153">
    <ele>282</ele>
    <time>2026-07-09T09:51:50Z</time>
    <extensions>
     <gpxdata:distance>3529.00</gpxdata:distance>
     <gpxdata:speed>5.508</gpxdata:speed>
    </extensions>
   </trkpt>
   <trkpt lat="46.9547956" lon="15.9646448">
    <ele>282</ele>
    <time>2026-07-09T09:51:51Z</time>
    <extensions>
     <gpxdata:distance>3534.50</gpxdata:distance>
     <gpxdata:speed>5.492</gpxdata:speed>
    </extensions>
   </trkpt>
   <trkpt lat="46.9548042" lon="15.9645744">
    <ele>282</ele>
    <time>2026-07-09T09:51:52Z</time>
    <extensions>
     <gpxdata:distance>3540.00</gpxdata:distance>
     <gpxdata:speed>5.475</gpxdata:speed>
    </extensions>
   </trkpt>
   <trkpt lat="46.9548123" lon="15.9645042">
    <ele>282</ele>
    <time>2026-07-09T09:51:53Z</time>
    <extensions>
     <gpxdata:distance>3545.50</gpxdata:distance>
     <gpxdata:speed>5.456</gpxdata:speed>
    </extensions>
   </trkpt>
   <trkpt lat="46.9548203" lon="15.9644336">
    <ele>282</ele>
    <time>2026-07-09T09:51:54Z</time>
    <extensions>
     <gpxdata:distance>3551.00</gpxdata:distance>
     <gpxdata:speed>5.439</gpxdata:speed>
    </extensions>
   </trkpt>
   <trkpt lat="46.9548285" lon="15.9643627">
    <ele>282</ele>
    <time>2026-07-09T09:51:55Z</time>
    <extensions>
     <gpxdata:distance>3556.50</gpxdata:distance>
     <gpxdata:speed>5.442</gpxdata:speed>
    </extensions>
   </trkpt>
   <trkpt lat="46.9548373" lon="15.9642916">
    <ele>282</ele>
    <time>2026-07-09T09:51:56Z</time>
    <extensions>
     <gpxdata:distance>3562.00</gpxdata:distance>
     <gpxdata:speed>5.453</gpxdata:speed>
    </extensions>
   </trkpt>
   <trkpt lat="46.9548461" lon="15.9642201">
    <ele>282</ele>
    <time>2026-07-09T09:51:57Z</time>
    <extensions>
     <gpxdata:distance>3567.50</gpxdata:distance>
     <gpxdata:speed>5.472</gpxdata:speed>
    </extensions>
   </trkpt>
   <trkpt lat="46.9548547" lon="15.9641486">
    <ele>282</ele>
    <time>2026-07-09T09:51:58Z</time>
    <extensions>
     <gpxdata:distance>3573.00</gpxdata:distance>
     <gpxdata:speed>5.492</gpxdata:speed>
    </extensions>
   </trkpt>
   <trkpt lat="46.9548635" lon="15.9640772">
    <ele>282</ele>
    <time>2026-07-09T09:51:59Z</time>
    <extensions>
     <gpxdata:distance>3578.50</gpxdata:distance>
     <gpxdata:speed>5.500</gpxdata:speed>
    </extensions>
   </trkpt>
   <trkpt lat="46.9548723" lon="15.9640059">
    <ele>282</ele>
    <time>2026-07-09T09:52:00Z</time>
    <extensions>
     <gpxdata:distance>3584.00</gpxdata:distance>
     <gpxdata:speed>5.500</gpxdata:speed>
    </extensions>
   </trkpt>
   <trkpt lat="46.9548809" lon="15.9639346">
    <ele>282</ele>
    <time>2026-07-09T09:52:01Z</time>
    <extensions>
     <gpxdata:distance>3589.50</gpxdata:distance>
     <gpxdata:speed>5.500</gpxdata:speed>
    </extensions>
   </trkpt>
   <trkpt lat="46.9548893" lon="15.9638631">
    <ele>282</ele>
    <time>2026-07-09T09:52:02Z</time>
    <extensions>
     <gpxdata:distance>3595.00</gpxdata:distance>
     <gpxdata:speed>5.503</gpxdata:speed>
    </extensions>
   </trkpt>
   <trkpt lat="46.9548977" lon="15.9637914">
    <ele>282</ele>
    <time>2026-07-09T09:52:03Z</time>
    <extensions>
     <gpxdata:distance>3600.50</gpxdata:distance>
     <gpxdata:speed>5.508</gpxdata:speed>
    </extensions>
   </trkpt>
   <trkpt lat="46.9549061" lon="15.9637196">
    <ele>282</ele>
    <time>2026-07-09T09:52:04Z</time>
    <extensions>
     <gpxdata:distance>3606.00</gpxdata:distance>
     <gpxdata:speed>5.514</gpxdata:speed>
    </extensions>
   </trkpt>
   <trkpt lat="46.9549145" lon="15.9636477">
    <ele>282</ele>
    <time>2026-07-09T09:52:05Z</time>
    <extensions>
     <gpxdata:distance>3611.50</gpxdata:distance>
     <gpxdata:speed>5.525</gpxdata:speed>
    </extensions>
   </trkpt>
   <trkpt lat="46.9549226" lon="15.9635760">
    <ele>282</ele>
    <time>2026-07-09T09:52:06Z</time>
    <extensions>
     <gpxdata:distance>3617.00</gpxdata:distance>
     <gpxdata:speed>5.533</gpxdata:speed>
    </extensions>
   </trkpt>
   <trkpt lat="46.9549305" lon="15.9635045">
    <ele>283</ele>
    <time>2026-07-09T09:52:07Z</time>
    <extensions>
     <gpxdata:distance>3622.50</gpxdata:distance>
     <gpxdata:speed>5.525</gpxdata:speed>
    </extensions>
   </trkpt>
   <trkpt lat="46.9549380" lon="15.9634332">
    <ele>283</ele>
    <time>2026-07-09T09:52:08Z</time>
    <extensions>
     <gpxdata:distance>3628.00</gpxdata:distance>
     <gpxdata:speed>5.514</gpxdata:speed>
    </extensions>
   </trkpt>
   <trkpt lat="46.9549456" lon="15.9633616">
    <ele>283</ele>
    <time>2026-07-09T09:52:09Z</time>
    <extensions>
     <gpxdata:distance>3633.50</gpxdata:distance>
     <gpxdata:speed>5.503</gpxdata:speed>
    </extensions>
   </trkpt>
   <trkpt lat="46.9549532" lon="15.9632894">
    <ele>283</ele>
    <time>2026-07-09T09:52:10Z</time>
    <extensions>
     <gpxdata:distance>3639.00</gpxdata:distance>
     <gpxdata:speed>5.511</gpxdata:speed>
    </extensions>
   </trkpt>
   <trkpt lat="46.9549606" lon="15.9632168">
    <ele>283</ele>
    <time>2026-07-09T09:52:11Z</time>
    <extensions>
     <gpxdata:distance>3644.50</gpxdata:distance>
     <gpxdata:speed>5.531</gpxdata:speed>
    </extensions>
   </trkpt>
   <trkpt lat="46.9549676" lon="15.9631437">
    <ele>283</ele>
    <time>2026-07-09T09:52:12Z</time>
    <extensions>
     <gpxdata:distance>3650.00</gpxdata:distance>
     <gpxdata:speed>5.550</gpxdata:speed>
    </extensions>
   </trkpt>
   <trkpt lat="46.9549739" lon="15.9630697">
    <ele>283</ele>
    <time>2026-07-09T09:52:13Z</time>
    <extensions>
     <gpxdata:distance>3656.00</gpxdata:distance>
     <gpxdata:speed>5.575</gpxdata:speed>
    </extensions>
   </trkpt>
   <trkpt lat="46.9549795" lon="15.9629948">
    <ele>283</ele>
    <time>2026-07-09T09:52:14Z</time>
    <extensions>
     <gpxdata:distance>3662.00</gpxdata:distance>
     <gpxdata:speed>5.617</gpxdata:speed>
    </extensions>
   </trkpt>
   <trkpt lat="46.9549849" lon="15.9629191">
    <ele>283</ele>
    <time>2026-07-09T09:52:15Z</time>
    <extensions>
     <gpxdata:distance>3667.50</gpxdata:distance>
     <gpxdata:speed>5.661</gpxdata:speed>
    </extensions>
   </trkpt>
   <trkpt lat="46.9549895" lon="15.9628426">
    <ele>283</ele>
    <time>2026-07-09T09:52:16Z</time>
    <extensions>
     <gpxdata:distance>3673.00</gpxdata:distance>
     <gpxdata:speed>5.711</gpxdata:speed>
    </extensions>
   </trkpt>
   <trkpt lat="46.9549924" lon="15.9627652">
    <ele>283</ele>
    <time>2026-07-09T09:52:17Z</time>
    <extensions>
     <gpxdata:distance>3679.00</gpxdata:distance>
     <gpxdata:speed>5.764</gpxdata:speed>
    </extensions>
   </trkpt>
   <trkpt lat="46.9549927" lon="15.9626871">
    <ele>283</ele>
    <time>2026-07-09T09:52:18Z</time>
    <extensions>
     <gpxdata:distance>3685.00</gpxdata:distance>
     <gpxdata:speed>5.817</gpxdata:speed>
    </extensions>
   </trkpt>
   <trkpt lat="46.9549906" lon="15.9626084">
    <ele>283</ele>
    <time>2026-07-09T09:52:19Z</time>
    <extensions>
     <gpxdata:distance>3691.00</gpxdata:distance>
     <gpxdata:speed>5.869</gpxdata:speed>
    </extensions>
   </trkpt>
   <trkpt lat="46.9549875" lon="15.9625295">
    <ele>283</ele>
    <time>2026-07-09T09:52:20Z</time>
    <extensions>
     <gpxdata:distance>3697.00</gpxdata:distance>
     <gpxdata:speed>5.922</gpxdata:speed>
    </extensions>
   </trkpt>
   <trkpt lat="46.9549841" lon="15.9624500">
    <ele>283</ele>
    <time>2026-07-09T09:52:21Z</time>
    <extensions>
     <gpxdata:distance>3703.00</gpxdata:distance>
     <gpxdata:speed>5.956</gpxdata:speed>
    </extensions>
   </trkpt>
   <trkpt lat="46.9549790" lon="15.9623431">
    <ele>283</ele>
    <time>2026-07-09T09:52:22Z</time>
    <extensions>
     <gpxdata:distance>3709.00</gpxdata:distance>
     <gpxdata:speed>6.003</gpxdata:speed>
    </extensions>
   </trkpt>
   <trkpt lat="46.9549749" lon="15.9622594">
    <ele>283</ele>
    <time>2026-07-09T09:52:23Z</time>
    <extensions>
     <gpxdata:distance>3715.50</gpxdata:distance>
     <gpxdata:speed>6.053</gpxdata:speed>
    </extensions>
   </trkpt>
   <trkpt lat="46.9549716" lon="15.9621790">
    <ele>283</ele>
    <time>2026-07-09T09:52:24Z</time>
    <extensions>
     <gpxdata:distance>3722.00</gpxdata:distance>
     <gpxdata:speed>6.081</gpxdata:speed>
    </extensions>
   </trkpt>
   <trkpt lat="46.9549692" lon="15.9621000">
    <ele>283</ele>
    <time>2026-07-09T09:52:25Z</time>
    <extensions>
     <gpxdata:distance>3728.00</gpxdata:distance>
     <gpxdata:speed>6.083</gpxdata:speed>
    </extensions>
   </trkpt>
   <trkpt lat="46.9549662" lon="15.9620217">
    <ele>283</ele>
    <time>2026-07-09T09:52:26Z</time>
    <extensions>
     <gpxdata:distance>3734.00</gpxdata:distance>
     <gpxdata:speed>6.056</gpxdata:speed>
    </extensions>
   </trkpt>
   <trkpt lat="46.9549633" lon="15.9619437">
    <ele>283</ele>
    <time>2026-07-09T09:52:27Z</time>
    <extensions>
     <gpxdata:distance>3740.00</gpxdata:distance>
     <gpxdata:speed>6.025</gpxdata:speed>
    </extensions>
   </trkpt>
   <trkpt lat="46.9549616" lon="15.9618876">
    <ele>283</ele>
    <time>2026-07-09T09:52:28Z</time>
    <extensions>
     <gpxdata:distance>3746.00</gpxdata:distance>
     <gpxdata:speed>5.997</gpxdata:speed>
    </extensions>
   </trkpt>
   <trkpt lat="46.9549598" lon="15.9618158">
    <ele>283</ele>
    <time>2026-07-09T09:52:29Z</time>
    <extensions>
     <gpxdata:distance>3751.50</gpxdata:distance>
     <gpxdata:speed>5.964</gpxdata:speed>
    </extensions>
   </trkpt>
   <trkpt lat="46.9549578" lon="15.9617392">
    <ele>283</ele>
    <time>2026-07-09T09:52:30Z</time>
    <extensions>
     <gpxdata:distance>3757.00</gpxdata:distance>
     <gpxdata:speed>5.961</gpxdata:speed>
    </extensions>
   </trkpt>
   <trkpt lat="46.9549552" lon="15.9616611">
    <ele>283</ele>
    <time>2026-07-09T09:52:31Z</time>
    <extensions>
     <gpxdata:distance>3763.00</gpxdata:distance>
     <gpxdata:speed>5.961</gpxdata:speed>
    </extensions>
   </trkpt>
   <trkpt lat="46.9549529" lon="15.9615821">
    <ele>283</ele>
    <time>2026-07-09T09:52:32Z</time>
    <extensions>
     <gpxdata:distance>3769.00</gpxdata:distance>
     <gpxdata:speed>5.967</gpxdata:speed>
    </extensions>
   </trkpt>
   <trkpt lat="46.9549509" lon="15.9615016">
    <ele>284</ele>
    <time>2026-07-09T09:52:33Z</time>
    <extensions>
     <gpxdata:distance>3775.50</gpxdata:distance>
     <gpxdata:speed>5.992</gpxdata:speed>
    </extensions>
   </trkpt>
   <trkpt lat="46.9549488" lon="15.9613929">
    <ele>284</ele>
    <time>2026-07-09T09:52:34Z</time>
    <extensions>
     <gpxdata:distance>3782.00</gpxdata:distance>
     <gpxdata:speed>6.050</gpxdata:speed>
    </extensions>
   </trkpt>
   <trkpt lat="46.9549484" lon="15.9613060">
    <ele>284</ele>
    <time>2026-07-09T09:52:35Z</time>
    <extensions>
     <gpxdata:distance>3788.00</gpxdata:distance>
     <gpxdata:speed>6.114</gpxdata:speed>
    </extensions>
   </trkpt>
   <trkpt lat="46.9549484" lon="15.9612221">
    <ele>284</ele>
    <time>2026-07-09T09:52:36Z</time>
    <extensions>
     <gpxdata:distance>3794.00</gpxdata:distance>
     <gpxdata:speed>6.200</gpxdata:speed>
    </extensions>
   </trkpt>
   <trkpt lat="46.9549471" lon="15.9611388">
    <ele>284</ele>
    <time>2026-07-09T09:52:37Z</time>
    <extensions>
     <gpxdata:distance>3800.50</gpxdata:distance>
     <gpxdata:speed>6.242</gpxdata:speed>
    </extensions>
   </trkpt>
   <trkpt lat="46.9549448" lon="15.9610550">
    <ele>284</ele>
    <time>2026-07-09T09:52:38Z</time>
    <extensions>
     <gpxdata:distance>3807.00</gpxdata:distance>
     <gpxdata:speed>6.264</gpxdata:speed>
    </extensions>
   </trkpt>
   <trkpt lat="46.9549414" lon="15.9609704">
    <ele>284</ele>
    <time>2026-07-09T09:52:39Z</time>
    <extensions>
     <gpxdata:distance>3813.50</gpxdata:distance>
     <gpxdata:speed>6.308</gpxdata:speed>
    </extensions>
   </trkpt>
   <trkpt lat="46.9549361" lon="15.9608856">
    <ele>284</ele>
    <time>2026-07-09T09:52:40Z</time>
    <extensions>
     <gpxdata:distance>3820.00</gpxdata:distance>
     <gpxdata:speed>6.356</gpxdata:speed>
    </extensions>
   </trkpt>
   <trkpt lat="46.9549296" lon="15.9608011">
    <ele>284</ele>
    <time>2026-07-09T09:52:41Z</time>
    <extensions>
     <gpxdata:distance>3826.50</gpxdata:distance>
     <gpxdata:speed>6.394</gpxdata:speed>
    </extensions>
   </trkpt>
   <trkpt lat="46.9549231" lon="15.9607166">
    <ele>284</ele>
    <time>2026-07-09T09:52:42Z</time>
    <extensions>
     <gpxdata:distance>3833.00</gpxdata:distance>
     <gpxdata:speed>6.414</gpxdata:speed>
    </extensions>
   </trkpt>
   <trkpt lat="46.9549169" lon="15.9606322">
    <ele>284</ele>
    <time>2026-07-09T09:52:43Z</time>
    <extensions>
     <gpxdata:distance>3839.50</gpxdata:distance>
     <gpxdata:speed>6.431</gpxdata:speed>
    </extensions>
   </trkpt>
   <trkpt lat="46.9549108" lon="15.9605476">
    <ele>284</ele>
    <time>2026-07-09T09:52:44Z</time>
    <extensions>
     <gpxdata:distance>3846.00</gpxdata:distance>
     <gpxdata:speed>6.433</gpxdata:speed>
    </extensions>
   </trkpt>
   <trkpt lat="46.9549046" lon="15.9604627">
    <ele>284</ele>
    <time>2026-07-09T09:52:45Z</time>
    <extensions>
     <gpxdata:distance>3852.50</gpxdata:distance>
     <gpxdata:speed>6.447</gpxdata:speed>
    </extensions>
   </trkpt>
   <trkpt lat="46.9548990" lon="15.9603776">
    <ele>284</ele>
    <time>2026-07-09T09:52:46Z</time>
    <extensions>
     <gpxdata:distance>3859.00</gpxdata:distance>
     <gpxdata:speed>6.464</gpxdata:speed>
    </extensions>
   </trkpt>
   <trkpt lat="46.9548935" lon="15.9602920">
    <ele>284</ele>
    <time>2026-07-09T09:52:47Z</time>
    <extensions>
     <gpxdata:distance>3865.50</gpxdata:distance>
     <gpxdata:speed>6.478</gpxdata:speed>
    </extensions>
   </trkpt>
   <trkpt lat="46.9548879" lon="15.9602065">
    <ele>284</ele>
    <time>2026-07-09T09:52:48Z</time>
    <extensions>
     <gpxdata:distance>3872.00</gpxdata:distance>
     <gpxdata:speed>6.497</gpxdata:speed>
    </extensions>
   </trkpt>
   <trkpt lat="46.9548828" lon="15.9601215">
    <ele>284</ele>
    <time>2026-07-09T09:52:49Z</time>
    <extensions>
     <gpxdata:distance>3878.50</gpxdata:distance>
     <gpxdata:speed>6.506</gpxdata:speed>
    </extensions>
   </trkpt>
   <trkpt lat="46.9548787" lon="15.9600370">
    <ele>284</ele>
    <time>2026-07-09T09:52:50Z</time>
    <extensions>
     <gpxdata:distance>3885.00</gpxdata:distance>
     <gpxdata:speed>6.494</gpxdata:speed>
    </extensions>
   </trkpt>
   <trkpt lat="46.9548762" lon="15.9599526">
    <ele>284</ele>
    <time>2026-07-09T09:52:51Z</time>
    <extensions>
     <gpxdata:distance>3891.50</gpxdata:distance>
     <gpxdata:speed>6.475</gpxdata:speed>
    </extensions>
   </trkpt>
   <trkpt lat="46.9548748" lon="15.9598686">
    <ele>284</ele>
    <time>2026-07-09T09:52:52Z</time>
    <extensions>
     <gpxdata:distance>3898.00</gpxdata:distance>
     <gpxdata:speed>6.456</gpxdata:speed>
    </extensions>
   </trkpt>
   <trkpt lat="46.9548743" lon="15.9597853">
    <ele>284</ele>
    <time>2026-07-09T09:52:53Z</time>
    <extensions>
     <gpxdata:distance>3904.00</gpxdata:distance>
     <gpxdata:speed>6.433</gpxdata:speed>
    </extensions>
   </trkpt>
   <trkpt lat="46.9548741" lon="15.9597032">
    <ele>284</ele>
    <time>2026-07-09T09:52:54Z</time>
    <extensions>
     <gpxdata:distance>3910.00</gpxdata:distance>
     <gpxdata:speed>6.394</gpxdata:speed>
    </extensions>
   </trkpt>
   <trkpt lat="46.9548743" lon="15.9596222">
    <ele>284</ele>
    <time>2026-07-09T09:52:55Z</time>
    <extensions>
     <gpxdata:distance>3916.00</gpxdata:distance>
     <gpxdata:speed>6.336</gpxdata:speed>
    </extensions>
   </trkpt>
   <trkpt lat="46.9548750" lon="15.9595421">
    <ele>284</ele>
    <time>2026-07-09T09:52:56Z</time>
    <extensions>
     <gpxdata:distance>3922.00</gpxdata:distance>
     <gpxdata:speed>6.272</gpxdata:speed>
    </extensions>
   </trkpt>
   <trkpt lat="46.9548761" lon="15.9594633">
    <ele>284</ele>
    <time>2026-07-09T09:52:57Z</time>
    <extensions>
     <gpxdata:distance>3928.00</gpxdata:distance>
     <gpxdata:speed>6.206</gpxdata:speed>
    </extensions>
   </trkpt>
   <trkpt lat="46.9548792" lon="15.9593866">
    <ele>284</ele>
    <time>2026-07-09T09:52:58Z</time>
    <extensions>
     <gpxdata:distance>3934.00</gpxdata:distance>
     <gpxdata:speed>6.125</gpxdata:speed>
    </extensions>
   </trkpt>
   <trkpt lat="46.9548850" lon="15.9593117">
    <ele>284</ele>
    <time>2026-07-09T09:52:59Z</time>
    <extensions>
     <gpxdata:distance>3940.00</gpxdata:distance>
     <gpxdata:speed>6.017</gpxdata:speed>
    </extensions>
   </trkpt>
   <trkpt lat="46.9548911" lon="15.9592588">
    <ele>284</ele>
    <time>2026-07-09T09:53:00Z</time>
    <extensions>
     <gpxdata:distance>3946.00</gpxdata:distance>
     <gpxdata:speed>5.914</gpxdata:speed>
    </extensions>
   </trkpt>
   <trkpt lat="46.9549007" lon="15.9591924">
    <ele>284</ele>
    <time>2026-07-09T09:53:01Z</time>
    <extensions>
     <gpxdata:distance>3951.50</gpxdata:distance>
     <gpxdata:speed>5.775</gpxdata:speed>
    </extensions>
   </trkpt>
   <trkpt lat="46.9549127" lon="15.9591223">
    <ele>284</ele>
    <time>2026-07-09T09:53:02Z</time>
    <extensions>
     <gpxdata:distance>3957.00</gpxdata:distance>
     <gpxdata:speed>5.675</gpxdata:speed>
    </extensions>
   </trkpt>
   <trkpt lat="46.9549266" lon="15.9590514">
    <ele>284</ele>
    <time>2026-07-09T09:53:03Z</time>
    <extensions>
     <gpxdata:distance>3962.50</gpxdata:distance>
     <gpxdata:speed>5.644</gpxdata:speed>
    </extensions>
   </trkpt>
   <trkpt lat="46.9549419" lon="15.9589804">
    <ele>284</ele>
    <time>2026-07-09T09:53:04Z</time>
    <extensions>
     <gpxdata:distance>3968.00</gpxdata:distance>
     <gpxdata:speed>5.650</gpxdata:speed>
    </extensions>
   </trkpt>
   <trkpt lat="46.9549585" lon="15.9589101">
    <ele>284</ele>
    <time>2026-07-09T09:53:05Z</time>
    <extensions>
     <gpxdata:distance>3974.00</gpxdata:distance>
     <gpxdata:speed>5.664</gpxdata:speed>
    </extensions>
   </trkpt>
   <trkpt lat="46.9549765" lon="15.9588408">
    <ele>284</ele>
    <time>2026-07-09T09:53:06Z</time>
    <extensions>
     <gpxdata:distance>3980.00</gpxdata:distance>
     <gpxdata:speed>5.650</gpxdata:speed>
    </extensions>
   </trkpt>
   <trkpt lat="46.9549961" lon="15.9587728">
    <ele>284</ele>
    <time>2026-07-09T09:53:07Z</time>
    <extensions>
     <gpxdata:distance>3985.50</gpxdata:distance>
     <gpxdata:speed>5.631</gpxdata:speed>
    </extensions>
   </trkpt>
   <trkpt lat="46.9550174" lon="15.9587061">
    <ele>285</ele>
    <time>2026-07-09T09:53:08Z</time>
    <extensions>
     <gpxdata:distance>3991.00</gpxdata:distance>
     <gpxdata:speed>5.617</gpxdata:speed>
    </extensions>
   </trkpt>
   <trkpt lat="46.9550401" lon="15.9586405">
    <ele>285</ele>
    <time>2026-07-09T09:53:09Z</time>
    <extensions>
     <gpxdata:distance>3996.50</gpxdata:distance>
     <gpxdata:speed>5.606</gpxdata:speed>
    </extensions>
   </trkpt>
   <trkpt lat="46.9550640" lon="15.9585760">
    <ele>285</ele>
    <time>2026-07-09T09:53:10Z</time>
    <extensions>
     <gpxdata:distance>4002.00</gpxdata:distance>
     <gpxdata:speed>5.594</gpxdata:speed>
    </extensions>
   </trkpt>
   <trkpt lat="46.9550897" lon="15.9585131">
    <ele>285</ele>
    <time>2026-07-09T09:53:11Z</time>
    <extensions>
     <gpxdata:distance>4007.50</gpxdata:distance>
     <gpxdata:speed>5.589</gpxdata:speed>
    </extensions>
   </trkpt>
   <trkpt lat="46.9551169" lon="15.9584524">
    <ele>285</ele>
    <time>2026-07-09T09:53:12Z</time>
    <extensions>
     <gpxdata:distance>4013.00</gpxdata:distance>
     <gpxdata:speed>5.583</gpxdata:speed>
    </extensions>
   </trkpt>
   <trkpt lat="46.9551450" lon="15.9583938">
    <ele>285</ele>
    <time>2026-07-09T09:53:13Z</time>
    <extensions>
     <gpxdata:distance>4018.50</gpxdata:distance>
     <gpxdata:speed>5.553</gpxdata:speed>
    </extensions>
   </trkpt>
   <trkpt lat="46.9551733" lon="15.9583373">
    <ele>285</ele>
    <time>2026-07-09T09:53:14Z</time>
    <extensions>
     <gpxdata:distance>4024.00</gpxdata:distance>
     <gpxdata:speed>5.500</gpxdata:speed>
    </extensions>
   </trkpt>
   <trkpt lat="46.9552021" lon="15.9582828">
    <ele>285</ele>
    <time>2026-07-09T09:53:15Z</time>
    <extensions>
     <gpxdata:distance>4029.00</gpxdata:distance>
     <gpxdata:speed>5.419</gpxdata:speed>
    </extensions>
   </trkpt>
   <trkpt lat="46.9552313" lon="15.9582298">
    <ele>285</ele>
    <time>2026-07-09T09:53:16Z</time>
    <extensions>
     <gpxdata:distance>4034.00</gpxdata:distance>
     <gpxdata:speed>5.342</gpxdata:speed>
    </extensions>
   </trkpt>
   <trkpt lat="46.9552605" lon="15.9581773">
    <ele>285</ele>
    <time>2026-07-09T09:53:17Z</time>
    <extensions>
     <gpxdata:distance>4039.50</gpxdata:distance>
     <gpxdata:speed>5.275</gpxdata:speed>
    </extensions>
   </trkpt>
   <trkpt lat="46.9552890" lon="15.9581248">
    <ele>286</ele>
    <time>2026-07-09T09:53:18Z</time>
    <extensions>
     <gpxdata:distance>4045.00</gpxdata:distance>
     <gpxdata:speed>5.225</gpxdata:speed>
    </extensions>
   </trkpt>
   <trkpt lat="46.9553167" lon="15.9580720">
    <ele>286</ele>
    <time>2026-07-09T09:53:19Z</time>
    <extensions>
     <gpxdata:distance>4050.00</gpxdata:distance>
     <gpxdata:speed>5.167</gpxdata:speed>
    </extensions>
   </trkpt>
   <trkpt lat="46.9553440" lon="15.9580194">
    <ele>286</ele>
    <time>2026-07-09T09:53:20Z</time>
    <extensions>
     <gpxdata:distance>4055.00</gpxdata:distance>
     <gpxdata:speed>5.122</gpxdata:speed>
    </extensions>
   </trkpt>
   <trkpt lat="46.9553715" lon="15.9579677">
    <ele>286</ele>
    <time>2026-07-09T09:53:21Z</time>
    <extensions>
     <gpxdata:distance>4060.00</gpxdata:distance>
     <gpxdata:speed>5.078</gpxdata:speed>
    </extensions>
   </trkpt>
   <trkpt lat="46.9553993" lon="15.9579178">
    <ele>286</ele>
    <time>2026-07-09T09:53:22Z</time>
    <extensions>
     <gpxdata:distance>4065.00</gpxdata:distance>
     <gpxdata:speed>5.025</gpxdata:speed>
    </extensions>
   </trkpt>
   <trkpt lat="46.9554274" lon="15.9578697">
    <ele>286</ele>
    <time>2026-07-09T09:53:23Z</time>
    <extensions>
     <gpxdata:distance>4069.50</gpxdata:distance>
     <gpxdata:speed>4.958</gpxdata:speed>
    </extensions>
   </trkpt>
   <trkpt lat="46.9554555" lon="15.9578224">
    <ele>286</ele>
    <time>2026-07-09T09:53:24Z</time>
    <extensions>
     <gpxdata:distance>4074.00</gpxdata:distance>
     <gpxdata:speed>4.894</gpxdata:speed>
    </extensions>
   </trkpt>
   <trkpt lat="46.9554832" lon="15.9577749">
    <ele>287</ele>
    <time>2026-07-09T09:53:25Z</time>
    <extensions>
     <gpxdata:distance>4079.00</gpxdata:distance>
     <gpxdata:speed>4.842</gpxdata:speed>
    </extensions>
   </trkpt>
   <trkpt lat="46.9555105" lon="15.9577266">
    <ele>287</ele>
    <time>2026-07-09T09:53:26Z</time>
    <extensions>
     <gpxdata:distance>4084.00</gpxdata:distance>
     <gpxdata:speed>4.806</gpxdata:speed>
    </extensions>
   </trkpt>
   <trkpt lat="46.9555364" lon="15.9576767">
    <ele>287</ele>
    <time>2026-07-09T09:53:27Z</time>
    <extensions>
     <gpxdata:distance>4088.50</gpxdata:distance>
     <gpxdata:speed>4.789</gpxdata:speed>
    </extensions>
   </trkpt>
   <trkpt lat="46.9555609" lon="15.9576254">
    <ele>287</ele>
    <time>2026-07-09T09:53:28Z</time>
    <extensions>
     <gpxdata:distance>4093.00</gpxdata:distance>
     <gpxdata:speed>4.781</gpxdata:speed>
    </extensions>
   </trkpt>
   <trkpt lat="46.9555849" lon="15.9575734">
    <ele>287</ele>
    <time>2026-07-09T09:53:29Z</time>
    <extensions>
     <gpxdata:distance>4098.00</gpxdata:distance>
     <gpxdata:speed>4.769</gpxdata:speed>
    </extensions>
   </trkpt>
   <trkpt lat="46.9556097" lon="15.9575219">
    <ele>287</ele>
    <time>2026-07-09T09:53:30Z</time>
    <extensions>
     <gpxdata:distance>4103.00</gpxdata:distance>
     <gpxdata:speed>4.772</gpxdata:speed>
    </extensions>
   </trkpt>
   <trkpt lat="46.9556360" lon="15.9574711">
    <ele>287</ele>
    <time>2026-07-09T09:53:31Z</time>
    <extensions>
     <gpxdata:distance>4107.50</gpxdata:distance>
     <gpxdata:speed>4.781</gpxdata:speed>
    </extensions>
   </trkpt>
   <trkpt lat="46.9556638" lon="15.9574202">
    <ele>287</ele>
    <time>2026-07-09T09:53:32Z</time>
    <extensions>
     <gpxdata:distance>4112.00</gpxdata:distance>
     <gpxdata:speed>4.814</gpxdata:speed>
    </extensions>
   </trkpt>
   <trkpt lat="46.9556922" lon="15.9573685">
    <ele>287</ele>
    <time>2026-07-09T09:53:33Z</time>
    <extensions>
     <gpxdata:distance>4117.50</gpxdata:distance>
     <gpxdata:speed>4.878</gpxdata:speed>
    </extensions>
   </trkpt>
   <trkpt lat="46.9557212" lon="15.9573153">
    <ele>287</ele>
    <time>2026-07-09T09:53:34Z</time>
    <extensions>
     <gpxdata:distance>4123.00</gpxdata:distance>
     <gpxdata:speed>4.950</gpxdata:speed>
    </extensions>
   </trkpt>
   <trkpt lat="46.9557504" lon="15.9572602">
    <ele>287</ele>
    <time>2026-07-09T09:53:35Z</time>
    <extensions>
     <gpxdata:distance>4128.00</gpxdata:distance>
     <gpxdata:speed>5.047</gpxdata:speed>
    </extensions>
   </trkpt>
   <trkpt lat="46.9557791" lon="15.9572023">
    <ele>288</ele>
    <time>2026-07-09T09:53:36Z</time>
    <extensions>
     <gpxdata:distance>4133.00</gpxdata:distance>
     <gpxdata:speed>5.153</gpxdata:speed>
    </extensions>
   </trkpt>
   <trkpt lat="46.9558053" lon="15.9571409">
    <ele>288</ele>
    <time>2026-07-09T09:53:37Z</time>
    <extensions>
     <gpxdata:distance>4138.50</gpxdata:distance>
     <gpxdata:speed>5.278</gpxdata:speed>
    </extensions>
   </trkpt>
   <trkpt lat="46.9558274" lon="15.9570762">
    <ele>288</ele>
    <time>2026-07-09T09:53:38Z</time>
    <extensions>
     <gpxdata:distance>4144.00</gpxdata:distance>
     <gpxdata:speed>5.375</gpxdata:speed>
    </extensions>
   </trkpt>
   <trkpt lat="46.9558449" lon="15.9570076">
    <ele>288</ele>
    <time>2026-07-09T09:53:39Z</time>
    <extensions>
     <gpxdata:distance>4150.00</gpxdata:distance>
     <gpxdata:speed>5.467</gpxdata:speed>
    </extensions>
   </trkpt>
   <trkpt lat="46.9558564" lon="15.9569354">
    <ele>288</ele>
    <time>2026-07-09T09:53:40Z</time>
    <extensions>
     <gpxdata:distance>4156.00</gpxdata:distance>
     <gpxdata:speed>5.581</gpxdata:speed>
    </extensions>
   </trkpt>
   <trkpt lat="46.9558611" lon="15.9568603">
    <ele>288</ele>
    <time>2026-07-09T09:53:41Z</time>
    <extensions>
     <gpxdata:distance>4161.50</gpxdata:distance>
     <gpxdata:speed>5.672</gpxdata:speed>
    </extensions>
   </trkpt>
   <trkpt lat="46.9558600" lon="15.9567831">
    <ele>288</ele>
    <time>2026-07-09T09:53:42Z</time>
    <extensions>
     <gpxdata:distance>4167.00</gpxdata:distance>
     <gpxdata:speed>5.778</gpxdata:speed>
    </extensions>
   </trkpt>
   <trkpt lat="46.9558544" lon="15.9567043">
    <ele>288</ele>
    <time>2026-07-09T09:53:43Z</time>
    <extensions>
     <gpxdata:distance>4173.00</gpxdata:distance>
     <gpxdata:speed>5.906</gpxdata:speed>
    </extensions>
   </trkpt>
   <trkpt lat="46.9558428" lon="15.9565974">
    <ele>288</ele>
    <time>2026-07-09T09:53:44Z</time>
    <extensions>
     <gpxdata:distance>4179.00</gpxdata:distance>
     <gpxdata:speed>6.031</gpxdata:speed>
    </extensions>
   </trkpt>
   <trkpt lat="46.9558314" lon="15.9565120">
    <ele>288</ele>
    <time>2026-07-09T09:53:45Z</time>
    <extensions>
     <gpxdata:distance>4185.50</gpxdata:distance>
     <gpxdata:speed>6.153</gpxdata:speed>
    </extensions>
   </trkpt>
   <trkpt lat="46.9558182" lon="15.9564298">
    <ele>288</ele>
    <time>2026-07-09T09:53:46Z</time>
    <extensions>
     <gpxdata:distance>4192.00</gpxdata:distance>
     <gpxdata:speed>6.297</gpxdata:speed>
    </extensions>
   </trkpt>
   <trkpt lat="46.9558031" lon="15.9563485">
    <ele>288</ele>
    <time>2026-07-09T09:53:47Z</time>
    <extensions>
     <gpxdata:distance>4198.50</gpxdata:distance>
     <gpxdata:speed>6.325</gpxdata:speed>
    </extensions>
   </trkpt>
   <trkpt lat="46.9557857" lon="15.9562679">
    <ele>288</ele>
    <time>2026-07-09T09:53:48Z</time>
    <extensions>
     <gpxdata:distance>4205.00</gpxdata:distance>
     <gpxdata:speed>6.353</gpxdata:speed>
    </extensions>
   </trkpt>
   <trkpt lat="46.9557652" lon="15.9561880">
    <ele>288</ele>
    <time>2026-07-09T09:53:49Z</time>
    <extensions>
     <gpxdata:distance>4211.50</gpxdata:distance>
     <gpxdata:speed>6.400</gpxdata:speed>
    </extensions>
   </trkpt>
   <trkpt lat="46.9557419" lon="15.9561092">
    <ele>288</ele>
    <time>2026-07-09T09:53:50Z</time>
    <extensions>
     <gpxdata:distance>4218.00</gpxdata:distance>
     <gpxdata:speed>6.458</gpxdata:speed>
    </extensions>
   </trkpt>
   <trkpt lat="46.9557168" lon="15.9560305">
    <ele>288</ele>
    <time>2026-07-09T09:53:51Z</time>
    <extensions>
     <gpxdata:distance>4224.50</gpxdata:distance>
     <gpxdata:speed>6.503</gpxdata:speed>
    </extensions>
   </trkpt>
   <trkpt lat="46.9556907" lon="15.9559514">
    <ele>288</ele>
    <time>2026-07-09T09:53:52Z</time>
    <extensions>
     <gpxdata:distance>4231.00</gpxdata:distance>
     <gpxdata:speed>6.564</gpxdata:speed>
    </extensions>
   </trkpt>
   <trkpt lat="46.9556642" lon="15.9558713">
    <ele>288</ele>
    <time>2026-07-09T09:53:53Z</time>
    <extensions>
     <gpxdata:distance>4238.00</gpxdata:distance>
     <gpxdata:speed>6.636</gpxdata:speed>
    </extensions>
   </trkpt>
   <trkpt lat="46.9556373" lon="15.9557901">
    <ele>288</ele>
    <time>2026-07-09T09:53:54Z</time>
    <extensions>
     <gpxdata:distance>4245.00</gpxdata:distance>
     <gpxdata:speed>6.717</gpxdata:speed>
    </extensions>
   </trkpt>
   <trkpt lat="46.9556097" lon="15.9557079">
    <ele>288</ele>
    <time>2026-07-09T09:53:55Z</time>
    <extensions>
     <gpxdata:distance>4252.00</gpxdata:distance>
     <gpxdata:speed>6.800</gpxdata:speed>
    </extensions>
   </trkpt>
   <trkpt lat="46.9555823" lon="15.9556245">
    <ele>287</ele>
    <time>2026-07-09T09:53:56Z</time>
    <extensions>
     <gpxdata:distance>4259.00</gpxdata:distance>
     <gpxdata:speed>6.897</gpxdata:speed>
    </extensions>
   </trkpt>
   <trkpt lat="46.9555569" lon="15.9555390">
    <ele>287</ele>
    <time>2026-07-09T09:53:57Z</time>
    <extensions>
     <gpxdata:distance>4266.00</gpxdata:distance>
     <gpxdata:speed>6.983</gpxdata:speed>
    </extensions>
   </trkpt>
   <trkpt lat="46.9555346" lon="15.9554520">
    <ele>287</ele>
    <time>2026-07-09T09:53:58Z</time>
    <extensions>
     <gpxdata:distance>4273.00</gpxdata:distance>
     <gpxdata:speed>7.047</gpxdata:speed>
    </extensions>
   </trkpt>
   <trkpt lat="46.9555156" lon="15.9553645">
    <ele>287</ele>
    <time>2026-07-09T09:53:59Z</time>
    <extensions>
     <gpxdata:distance>4280.00</gpxdata:distance>
     <gpxdata:speed>7.042</gpxdata:speed>
    </extensions>
   </trkpt>
   <trkpt lat="46.9555006" lon="15.9552763">
    <ele>287</ele>
    <time>2026-07-09T09:54:00Z</time>
    <extensions>
     <gpxdata:distance>4287.00</gpxdata:distance>
     <gpxdata:speed>6.989</gpxdata:speed>
    </extensions>
   </trkpt>
   <trkpt lat="46.9554897" lon="15.9551877">
    <ele>287</ele>
    <time>2026-07-09T09:54:01Z</time>
    <extensions>
     <gpxdata:distance>4293.50</gpxdata:distance>
     <gpxdata:speed>6.942</gpxdata:speed>
    </extensions>
   </trkpt>
   <trkpt lat="46.9554826" lon="15.9550978">
    <ele>287</ele>
    <time>2026-07-09T09:54:02Z</time>
    <extensions>
     <gpxdata:distance>4300.00</gpxdata:distance>
     <gpxdata:speed>6.908</gpxdata:speed>
    </extensions>
   </trkpt>
   <trkpt lat="46.9554783" lon="15.9550063">
    <ele>287</ele>
    <time>2026-07-09T09:54:03Z</time>
    <extensions>
     <gpxdata:distance>4307.00</gpxdata:distance>
     <gpxdata:speed>6.908</gpxdata:speed>
    </extensions>
   </trkpt>
   <trkpt lat="46.9554757" lon="15.9549135">
    <ele>287</ele>
    <time>2026-07-09T09:54:04Z</time>
    <extensions>
     <gpxdata:distance>4314.00</gpxdata:distance>
     <gpxdata:speed>6.939</gpxdata:speed>
    </extensions>
   </trkpt>
   <trkpt lat="46.9554749" lon="15.9548196">
    <ele>287</ele>
    <time>2026-07-09T09:54:05Z</time>
    <extensions>
     <gpxdata:distance>4321.50</gpxdata:distance>
     <gpxdata:speed>6.983</gpxdata:speed>
    </extensions>
   </trkpt>
   <trkpt lat="46.9554763" lon="15.9547249">
    <ele>287</ele>
    <time>2026-07-09T09:54:06Z</time>
    <extensions>
     <gpxdata:distance>4329.00</gpxdata:distance>
     <gpxdata:speed>7.036</gpxdata:speed>
    </extensions>
   </trkpt>
   <trkpt lat="46.9554797" lon="15.9546299">
    <ele>287</ele>
    <time>2026-07-09T09:54:07Z</time>
    <extensions>
     <gpxdata:distance>4336.00</gpxdata:distance>
     <gpxdata:speed>7.089</gpxdata:speed>
    </extensions>
   </trkpt>
   <trkpt lat="46.9554851" lon="15.9545346">
    <ele>287</ele>
    <time>2026-07-09T09:54:08Z</time>
    <extensions>
     <gpxdata:distance>4343.00</gpxdata:distance>
     <gpxdata:speed>7.133</gpxdata:speed>
    </extensions>
   </trkpt>
   <trkpt lat="46.9554926" lon="15.9544402">
    <ele>287</ele>
    <time>2026-07-09T09:54:09Z</time>
    <extensions>
     <gpxdata:distance>4350.00</gpxdata:distance>
     <gpxdata:speed>7.175</gpxdata:speed>
    </extensions>
   </trkpt>
   <trkpt lat="46.9555027" lon="15.9543473">
    <ele>287</ele>
    <time>2026-07-09T09:54:10Z</time>
    <extensions>
     <gpxdata:distance>4357.00</gpxdata:distance>
     <gpxdata:speed>7.186</gpxdata:speed>
    </extensions>
   </trkpt>
   <trkpt lat="46.9555151" lon="15.9542560">
    <ele>287</ele>
    <time>2026-07-09T09:54:11Z</time>
    <extensions>
     <gpxdata:distance>4364.50</gpxdata:distance>
     <gpxdata:speed>7.169</gpxdata:speed>
    </extensions>
   </trkpt>
   <trkpt lat="46.9555294" lon="15.9541661">
    <ele>287</ele>
    <time>2026-07-09T09:54:12Z</time>
    <extensions>
     <gpxdata:distance>4372.00</gpxdata:distance>
     <gpxdata:speed>7.136</gpxdata:speed>
    </extensions>
   </trkpt>
   <trkpt lat="46.9555456" lon="15.9540783">
    <ele>286</ele>
    <time>2026-07-09T09:54:13Z</time>
    <extensions>
     <gpxdata:distance>4378.50</gpxdata:distance>
     <gpxdata:speed>7.094</gpxdata:speed>
    </extensions>
   </trkpt>
   <trkpt lat="46.9555639" lon="15.9539927">
    <ele>286</ele>
    <time>2026-07-09T09:54:14Z</time>
    <extensions>
     <gpxdata:distance>4385.00</gpxdata:distance>
     <gpxdata:speed>7.028</gpxdata:speed>
    </extensions>
   </trkpt>
   <trkpt lat="46.9555846" lon="15.9539093">
    <ele>286</ele>
    <time>2026-07-09T09:54:15Z</time>
    <extensions>
     <gpxdata:distance>4392.00</gpxdata:distance>
     <gpxdata:speed>6.953</gpxdata:speed>
    </extensions>
   </trkpt>
   <trkpt lat="46.9556080" lon="15.9538276">
    <ele>287</ele>
    <time>2026-07-09T09:54:16Z</time>
    <extensions>
     <gpxdata:distance>4399.00</gpxdata:distance>
     <gpxdata:speed>6.881</gpxdata:speed>
    </extensions>
   </trkpt>
   <trkpt lat="46.9556331" lon="15.9537471">
    <ele>287</ele>
    <time>2026-07-09T09:54:17Z</time>
    <extensions>
     <gpxdata:distance>4405.50</gpxdata:distance>
     <gpxdata:speed>6.833</gpxdata:speed>
    </extensions>
   </trkpt>
   <trkpt lat="46.9556593" lon="15.9536672">
    <ele>287</ele>
    <time>2026-07-09T09:54:18Z</time>
    <extensions>
     <gpxdata:distance>4412.00</gpxdata:distance>
     <gpxdata:speed>6.794</gpxdata:speed>
    </extensions>
   </trkpt>
   <trkpt lat="46.9556861" lon="15.9535876">
    <ele>287</ele>
    <time>2026-07-09T09:54:19Z</time>
    <extensions>
     <gpxdata:distance>4419.00</gpxdata:distance>
     <gpxdata:speed>6.764</gpxdata:speed>
    </extensions>
   </trkpt>
   <trkpt lat="46.9557131" lon="15.9535076">
    <ele>287</ele>
    <time>2026-07-09T09:54:20Z</time>
    <extensions>
     <gpxdata:distance>4426.00</gpxdata:distance>
     <gpxdata:speed>6.756</gpxdata:speed>
    </extensions>
   </trkpt>
   <trkpt lat="46.9557399" lon="15.9534264">
    <ele>287</ele>
    <time>2026-07-09T09:54:21Z</time>
    <extensions>
     <gpxdata:distance>4433.00</gpxdata:distance>
     <gpxdata:speed>6.764</gpxdata:speed>
    </extensions>
   </trkpt>
   <trkpt lat="46.9557667" lon="15.9533440">
    <ele>287</ele>
    <time>2026-07-09T09:54:22Z</time>
    <extensions>
     <gpxdata:distance>4440.00</gpxdata:distance>
     <gpxdata:speed>6.794</gpxdata:speed>
    </extensions>
   </trkpt>
   <trkpt lat="46.9557940" lon="15.9532613">
    <ele>287</ele>
    <time>2026-07-09T09:54:23Z</time>
    <extensions>
     <gpxdata:distance>4447.00</gpxdata:distance>
     <gpxdata:speed>6.844</gpxdata:speed>
    </extensions>
   </trkpt>
   <trkpt lat="46.9558222" lon="15.9531788">
    <ele>287</ele>
    <time>2026-07-09T09:54:24Z</time>
    <extensions>
     <gpxdata:distance>4454.00</gpxdata:distance>
     <gpxdata:speed>6.892</gpxdata:speed>
    </extensions>
   </trkpt>
   <trkpt lat="46.9558506" lon="15.9530965">
    <ele>287</ele>
    <time>2026-07-09T09:54:25Z</time>
    <extensions>
     <gpxdata:distance>4461.00</gpxdata:distance>
     <gpxdata:speed>6.928</gpxdata:speed>
    </extensions>
   </trkpt>
   <trkpt lat="46.9558786" lon="15.9530142">
    <ele>287</ele>
    <time>2026-07-09T09:54:26Z</time>
    <extensions>
     <gpxdata:distance>4468.00</gpxdata:distance>
     <gpxdata:speed>6.953</gpxdata:speed>
    </extensions>
   </trkpt>
   <trkpt lat="46.9559067" lon="15.9529320">
    <ele>287</ele>
    <time>2026-07-09T09:54:27Z</time>
    <extensions>
     <gpxdata:distance>4474.50</gpxdata:distance>
     <gpxdata:speed>6.967</gpxdata:speed>
    </extensions>
   </trkpt>
   <trkpt lat="46.9559349" lon="15.9528511">
    <ele>287</ele>
    <time>2026-07-09T09:54:28Z</time>
    <extensions>
     <gpxdata:distance>4481.00</gpxdata:distance>
     <gpxdata:speed>6.975</gpxdata:speed>
    </extensions>
   </trkpt>
   <trkpt lat="46.9559629" lon="15.9527732">
    <ele>287</ele>
    <time>2026-07-09T09:54:29Z</time>
    <extensions>
     <gpxdata:distance>4488.00</gpxdata:distance>
     <gpxdata:speed>6.942</gpxdata:speed>
    </extensions>
   </trkpt>
   <trkpt lat="46.9559907" lon="15.9526989">
    <ele>288</ele>
    <time>2026-07-09T09:54:30Z</time>
    <extensions>
     <gpxdata:distance>4495.00</gpxdata:distance>
     <gpxdata:speed>6.844</gpxdata:speed>
    </extensions>
   </trkpt>
   <trkpt lat="46.9560177" lon="15.9526275">
    <ele>288</ele>
    <time>2026-07-09T09:54:31Z</time>
    <extensions>
     <gpxdata:distance>4501.00</gpxdata:distance>
     <gpxdata:speed>6.692</gpxdata:speed>
    </extensions>
   </trkpt>
   <trkpt lat="46.9560445" lon="15.9525579">
    <ele>288</ele>
    <time>2026-07-09T09:54:32Z</time>
    <extensions>
     <gpxdata:distance>4507.00</gpxdata:distance>
     <gpxdata:speed>6.514</gpxdata:speed>
    </extensions>
   </trkpt>
   <trkpt lat="46.9560724" lon="15.9524874">
    <ele>288</ele>
    <time>2026-07-09T09:54:33Z</time>
    <extensions>
     <gpxdata:distance>4513.50</gpxdata:distance>
     <gpxdata:speed>6.358</gpxdata:speed>
    </extensions>
   </trkpt>
   <trkpt lat="46.9561025" lon="15.9524158">
    <ele>288</ele>
    <time>2026-07-09T09:54:34Z</time>
    <extensions>
     <gpxdata:distance>4520.00</gpxdata:distance>
     <gpxdata:speed>6.317</gpxdata:speed>
    </extensions>
   </trkpt>
   <trkpt lat="46.9561346" lon="15.9523429">
    <ele>288</ele>
    <time>2026-07-09T09:54:35Z</time>
    <extensions>
     <gpxdata:distance>4526.50</gpxdata:distance>
     <gpxdata:speed>6.381</gpxdata:speed>
    </extensions>
   </trkpt>
   <trkpt lat="46.9561685" lon="15.9522690">
    <ele>288</ele>
    <time>2026-07-09T09:54:36Z</time>
    <extensions>
     <gpxdata:distance>4533.00</gpxdata:distance>
     <gpxdata:speed>6.500</gpxdata:speed>
    </extensions>
   </trkpt>
   <trkpt lat="46.9562046" lon="15.9521947">
    <ele>288</ele>
    <time>2026-07-09T09:54:37Z</time>
    <extensions>
     <gpxdata:distance>4540.00</gpxdata:distance>
     <gpxdata:speed>6.603</gpxdata:speed>
    </extensions>
   </trkpt>
   <trkpt lat="46.9562421" lon="15.9521201">
    <ele>288</ele>
    <time>2026-07-09T09:54:38Z</time>
    <extensions>
     <gpxdata:distance>4547.00</gpxdata:distance>
     <gpxdata:speed>6.717</gpxdata:speed>
    </extensions>
   </trkpt>
   <trkpt lat="46.9562806" lon="15.9520444">
    <ele>287</ele>
    <time>2026-07-09T09:54:39Z</time>
    <extensions>
     <gpxdata:distance>4554.00</gpxdata:distance>
     <gpxdata:speed>6.822</gpxdata:speed>
    </extensions>
   </trkpt>
   <trkpt lat="46.9563200" lon="15.9519678">
    <ele>287</ele>
    <time>2026-07-09T09:54:40Z</time>
    <extensions>
     <gpxdata:distance>4561.00</gpxdata:distance>
     <gpxdata:speed>6.944</gpxdata:speed>
    </extensions>
   </trkpt>
   <trkpt lat="46.9563605" lon="15.9518907">
    <ele>287</ele>
    <time>2026-07-09T09:54:41Z</time>
    <extensions>
     <gpxdata:distance>4568.50</gpxdata:distance>
     <gpxdata:speed>7.211</gpxdata:speed>
    </extensions>
   </trkpt>
   <trkpt lat="46.9564023" lon="15.9518137">
    <ele>287</ele>
    <time>2026-07-09T09:54:42Z</time>
    <extensions>
     <gpxdata:distance>4576.00</gpxdata:distance>
     <gpxdata:speed>7.331</gpxdata:speed>
    </extensions>
   </trkpt>
   <trkpt lat="46.9564450" lon="15.9517373">
    <ele>287</ele>
    <time>2026-07-09T09:54:43Z</time>
    <extensions>
     <gpxdata:distance>4583.50</gpxdata:distance>
     <gpxdata:speed>7.425</gpxdata:speed>
    </extensions>
   </trkpt>
   <trkpt lat="46.9564879" lon="15.9516615">
    <ele>287</ele>
    <time>2026-07-09T09:54:44Z</time>
    <extensions>
     <gpxdata:distance>4591.00</gpxdata:distance>
     <gpxdata:speed>7.458</gpxdata:speed>
    </extensions>
   </trkpt>
   <trkpt lat="46.9565304" lon="15.9515854">
    <ele>287</ele>
    <time>2026-07-09T09:54:45Z</time>
    <extensions>
     <gpxdata:distance>4598.50</gpxdata:distance>
     <gpxdata:speed>7.453</gpxdata:speed>
    </extensions>
   </trkpt>
   <trkpt lat="46.9565727" lon="15.9515086">
    <ele>287</ele>
    <time>2026-07-09T09:54:46Z</time>
    <extensions>
     <gpxdata:distance>4606.00</gpxdata:distance>
     <gpxdata:speed>7.464</gpxdata:speed>
    </extensions>
   </trkpt>
   <trkpt lat="46.9566149" lon="15.9514311">
    <ele>287</ele>
    <time>2026-07-09T09:54:47Z</time>
    <extensions>
     <gpxdata:distance>4613.50</gpxdata:distance>
     <gpxdata:speed>7.489</gpxdata:speed>
    </extensions>
   </trkpt>
   <trkpt lat="46.9566572" lon="15.9513527">
    <ele>286</ele>
    <time>2026-07-09T09:54:48Z</time>
    <extensions>
     <gpxdata:distance>4621.00</gpxdata:distance>
     <gpxdata:speed>7.525</gpxdata:speed>
    </extensions>
   </trkpt>
   <trkpt lat="46.9566989" lon="15.9512730">
    <ele>286</ele>
    <time>2026-07-09T09:54:49Z</time>
    <extensions>
     <gpxdata:distance>4628.50</gpxdata:distance>
     <gpxdata:speed>7.558</gpxdata:speed>
    </extensions>
   </trkpt>
   <trkpt lat="46.9567398" lon="15.9511922">
    <ele>286</ele>
    <time>2026-07-09T09:54:50Z</time>
    <extensions>
     <gpxdata:distance>4636.00</gpxdata:distance>
     <gpxdata:speed>7.589</gpxdata:speed>
    </extensions>
   </trkpt>
   <trkpt lat="46.9567802" lon="15.9511112">
    <ele>286</ele>
    <time>2026-07-09T09:54:51Z</time>
    <extensions>
     <gpxdata:distance>4643.50</gpxdata:distance>
     <gpxdata:speed>7.611</gpxdata:speed>
    </extensions>
   </trkpt>
   <trkpt lat="46.9568197" lon="15.9510301">
    <ele>286</ele>
    <time>2026-07-09T09:54:52Z</time>
    <extensions>
     <gpxdata:distance>4651.00</gpxdata:distance>
     <gpxdata:speed>7.614</gpxdata:speed>
    </extensions>
   </trkpt>
   <trkpt lat="46.9568568" lon="15.9509481">
    <ele>286</ele>
    <time>2026-07-09T09:54:53Z</time>
    <extensions>
     <gpxdata:distance>4658.50</gpxdata:distance>
     <gpxdata:speed>7.594</gpxdata:speed>
    </extensions>
   </trkpt>
   <trkpt lat="46.9568881" lon="15.9508624">
    <ele>286</ele>
    <time>2026-07-09T09:54:54Z</time>
    <extensions>
     <gpxdata:distance>4666.00</gpxdata:distance>
     <gpxdata:speed>7.547</gpxdata:speed>
    </extensions>
   </trkpt>
   <trkpt lat="46.9569105" lon="15.9507713">
    <ele>286</ele>
    <time>2026-07-09T09:54:55Z</time>
    <extensions>
     <gpxdata:distance>4673.50</gpxdata:distance>
     <gpxdata:speed>7.503</gpxdata:speed>
    </extensions>
   </trkpt>
   <trkpt lat="46.9569220" lon="15.9506763">
    <ele>286</ele>
    <time>2026-07-09T09:54:56Z</time>
    <extensions>
     <gpxdata:distance>4681.00</gpxdata:distance>
     <gpxdata:speed>7.478</gpxdata:speed>
    </extensions>
   </trkpt>
   <trkpt lat="46.9569227" lon="15.9505796">
    <ele>286</ele>
    <time>2026-07-09T09:54:57Z</time>
    <extensions>
     <gpxdata:distance>4688.50</gpxdata:distance>
     <gpxdata:speed>7.450</gpxdata:speed>
    </extensions>
   </trkpt>
   <trkpt lat="46.9569150" lon="15.9504827">
    <ele>286</ele>
    <time>2026-07-09T09:54:58Z</time>
    <extensions>
     <gpxdata:distance>4696.00</gpxdata:distance>
     <gpxdata:speed>7.425</gpxdata:speed>
    </extensions>
   </trkpt>
   <trkpt lat="46.9569014" lon="15.9503865">
    <ele>286</ele>
    <time>2026-07-09T09:54:59Z</time>
    <extensions>
     <gpxdata:distance>4703.50</gpxdata:distance>
     <gpxdata:speed>7.414</gpxdata:speed>
    </extensions>
   </trkpt>
   <trkpt lat="46.9568841" lon="15.9502912">
    <ele>286</ele>
    <time>2026-07-09T09:55:00Z</time>
    <extensions>
     <gpxdata:distance>4711.00</gpxdata:distance>
     <gpxdata:speed>7.417</gpxdata:speed>
    </extensions>
   </trkpt>
   <trkpt lat="46.9568653" lon="15.9501976">
    <ele>286</ele>
    <time>2026-07-09T09:55:01Z</time>
    <extensions>
     <gpxdata:distance>4718.50</gpxdata:distance>
     <gpxdata:speed>7.422</gpxdata:speed>
    </extensions>
   </trkpt>
   <trkpt lat="46.9568465" lon="15.9501049">
    <ele>286</ele>
    <time>2026-07-09T09:55:02Z</time>
    <extensions>
     <gpxdata:distance>4726.00</gpxdata:distance>
     <gpxdata:speed>7.394</gpxdata:speed>
    </extensions>
   </trkpt>
   <trkpt lat="46.9568288" lon="15.9500127">
    <ele>285</ele>
    <time>2026-07-09T09:55:03Z</time>
    <extensions>
     <gpxdata:distance>4733.00</gpxdata:distance>
     <gpxdata:speed>7.364</gpxdata:speed>
    </extensions>
   </trkpt>
   <trkpt lat="46.9568123" lon="15.9499203">
    <ele>285</ele>
    <time>2026-07-09T09:55:04Z</time>
    <extensions>
     <gpxdata:distance>4740.00</gpxdata:distance>
     <gpxdata:speed>7.328</gpxdata:speed>
    </extensions>
   </trkpt>
   <trkpt lat="46.9567963" lon="15.9498279">
    <ele>285</ele>
    <time>2026-07-09T09:55:05Z</time>
    <extensions>
     <gpxdata:distance>4747.50</gpxdata:distance>
     <gpxdata:speed>7.303</gpxdata:speed>
    </extensions>
   </trkpt>
   <trkpt lat="46.9567816" lon="15.9497351">
    <ele>285</ele>
    <time>2026-07-09T09:55:06Z</time>
    <extensions>
     <gpxdata:distance>4755.00</gpxdata:distance>
     <gpxdata:speed>7.281</gpxdata:speed>
    </extensions>
   </trkpt>
   <trkpt lat="46.9567701" lon="15.9496414">
    <ele>285</ele>
    <time>2026-07-09T09:55:07Z</time>
    <extensions>
     <gpxdata:distance>4762.00</gpxdata:distance>
     <gpxdata:speed>7.269</gpxdata:speed>
    </extensions>
   </trkpt>
   <trkpt lat="46.9567637" lon="15.9495482">
    <ele>285</ele>
    <time>2026-07-09T09:55:08Z</time>
    <extensions>
     <gpxdata:distance>4769.00</gpxdata:distance>
     <gpxdata:speed>7.258</gpxdata:speed>
    </extensions>
   </trkpt>
   <trkpt lat="46.9567645" lon="15.9494561">
    <ele>285</ele>
    <time>2026-07-09T09:55:09Z</time>
    <extensions>
     <gpxdata:distance>4776.00</gpxdata:distance>
     <gpxdata:speed>7.206</gpxdata:speed>
    </extensions>
   </trkpt>
   <trkpt lat="46.9567737" lon="15.9493654">
    <ele>285</ele>
    <time>2026-07-09T09:55:10Z</time>
    <extensions>
     <gpxdata:distance>4783.00</gpxdata:distance>
     <gpxdata:speed>7.139</gpxdata:speed>
    </extensions>
   </trkpt>
   <trkpt lat="46.9567910" lon="15.9492763">
    <ele>285</ele>
    <time>2026-07-09T09:55:11Z</time>
    <extensions>
     <gpxdata:distance>4790.00</gpxdata:distance>
     <gpxdata:speed>7.092</gpxdata:speed>
    </extensions>
   </trkpt>
   <trkpt lat="46.9568151" lon="15.9491894">
    <ele>285</ele>
    <time>2026-07-09T09:55:12Z</time>
    <extensions>
     <gpxdata:distance>4797.00</gpxdata:distance>
     <gpxdata:speed>7.086</gpxdata:speed>
    </extensions>
   </trkpt>
   <trkpt lat="46.9568433" lon="15.9491046">
    <ele>284</ele>
    <time>2026-07-09T09:55:13Z</time>
    <extensions>
     <gpxdata:distance>4804.00</gpxdata:distance>
     <gpxdata:speed>7.100</gpxdata:speed>
    </extensions>
   </trkpt>
   <trkpt lat="46.9568733" lon="15.9490212">
    <ele>284</ele>
    <time>2026-07-09T09:55:14Z</time>
    <extensions>
     <gpxdata:distance>4811.00</gpxdata:distance>
     <gpxdata:speed>7.108</gpxdata:speed>
    </extensions>
   </trkpt>
   <trkpt lat="46.9569044" lon="15.9489389">
    <ele>284</ele>
    <time>2026-07-09T09:55:15Z</time>
    <extensions>
     <gpxdata:distance>4818.50</gpxdata:distance>
     <gpxdata:speed>7.114</gpxdata:speed>
    </extensions>
   </trkpt>
   <trkpt lat="46.9569341" lon="15.9488579">
    <ele>284</ele>
    <time>2026-07-09T09:55:16Z</time>
    <extensions>
     <gpxdata:distance>4826.00</gpxdata:distance>
     <gpxdata:speed>7.114</gpxdata:speed>
    </extensions>
   </trkpt>
   <trkpt lat="46.9569582" lon="15.9487754">
    <ele>284</ele>
    <time>2026-07-09T09:55:17Z</time>
    <extensions>
     <gpxdata:distance>4832.50</gpxdata:distance>
     <gpxdata:speed>7.050</gpxdata:speed>
    </extensions>
   </trkpt>
   <trkpt lat="46.9569699" lon="15.9486909">
    <ele>284</ele>
    <time>2026-07-09T09:55:18Z</time>
    <extensions>
     <gpxdata:distance>4839.00</gpxdata:distance>
     <gpxdata:speed>6.967</gpxdata:speed>
    </extensions>
   </trkpt>
   <trkpt lat="46.9569646" lon="15.9486078">
    <ele>284</ele>
    <time>2026-07-09T09:55:19Z</time>
    <extensions>
     <gpxdata:distance>4845.50</gpxdata:distance>
     <gpxdata:speed>6.858</gpxdata:speed>
    </extensions>
   </trkpt>
   <trkpt lat="46.9569409" lon="15.9485335">
    <ele>284</ele>
    <time>2026-07-09T09:55:20Z</time>
    <extensions>
     <gpxdata:distance>4852.00</gpxdata:distance>
     <gpxdata:speed>6.750</gpxdata:speed>
    </extensions>
   </trkpt>
   <trkpt lat="46.9569008" lon="15.9484749">
    <ele>284</ele>
    <time>2026-07-09T09:55:21Z</time>
    <extensions>
     <gpxdata:distance>4858.50</gpxdata:distance>
     <gpxdata:speed>6.639</gpxdata:speed>
    </extensions>
   </trkpt>
   <trkpt lat="46.9568509" lon="15.9484304">
    <ele>284</ele>
    <time>2026-07-09T09:55:22Z</time>
    <extensions>
     <gpxdata:distance>4865.00</gpxdata:distance>
     <gpxdata:speed>6.533</gpxdata:speed>
    </extensions>
   </trkpt>
   <trkpt lat="46.9567967" lon="15.9483925">
    <ele>284</ele>
    <time>2026-07-09T09:55:23Z</time>
    <extensions>
     <gpxdata:distance>4871.50</gpxdata:distance>
     <gpxdata:speed>6.481</gpxdata:speed>
    </extensions>
   </trkpt>
   <trkpt lat="46.9567409" lon="15.9483570">
    <ele>284</ele>
    <time>2026-07-09T09:55:24Z</time>
    <extensions>
     <gpxdata:distance>4878.00</gpxdata:distance>
     <gpxdata:speed>6.514</gpxdata:speed>
    </extensions>
   </trkpt>
   <trkpt lat="46.9566856" lon="15.9483220">
    <ele>284</ele>
    <time>2026-07-09T09:55:25Z</time>
    <extensions>
     <gpxdata:distance>4884.50</gpxdata:distance>
     <gpxdata:speed>6.589</gpxdata:speed>
    </extensions>
   </trkpt>
   <trkpt lat="46.9566320" lon="15.9482860">
    <ele>284</ele>
    <time>2026-07-09T09:55:26Z</time>
    <extensions>
     <gpxdata:distance>4891.00</gpxdata:distance>
     <gpxdata:speed>6.572</gpxdata:speed>
    </extensions>
   </trkpt>
   <trkpt lat="46.9565801" lon="15.9482491">
    <ele>284</ele>
    <time>2026-07-09T09:55:27Z</time>
    <extensions>
     <gpxdata:distance>4897.50</gpxdata:distance>
     <gpxdata:speed>6.511</gpxdata:speed>
    </extensions>
   </trkpt>
   <trkpt lat="46.9565305" lon="15.9482098">
    <ele>284</ele>
    <time>2026-07-09T09:55:28Z</time>
    <extensions>
     <gpxdata:distance>4904.00</gpxdata:distance>
     <gpxdata:speed>6.439</gpxdata:speed>
    </extensions>
   </trkpt>
   <trkpt lat="46.9564871" lon="15.9481654">
    <ele>284</ele>
    <time>2026-07-09T09:55:29Z</time>
    <extensions>
     <gpxdata:distance>4910.00</gpxdata:distance>
     <gpxdata:speed>6.339</gpxdata:speed>
    </extensions>
   </trkpt>
   <trkpt lat="46.9564526" lon="15.9481122">
    <ele>284</ele>
    <time>2026-07-09T09:55:30Z</time>
    <extensions>
     <gpxdata:distance>4916.00</gpxdata:distance>
     <gpxdata:speed>6.056</gpxdata:speed>
    </extensions>
   </trkpt>
   <trkpt lat="46.9564355" lon="15.9480665">
    <ele>284</ele>
    <time>2026-07-09T09:55:31Z</time>
    <extensions>
     <gpxdata:distance>4921.50</gpxdata:distance>
     <gpxdata:speed>5.794</gpxdata:speed>
    </extensions>
   </trkpt>
   <trkpt lat="46.9564235" lon="15.9480026">
    <ele>284</ele>
    <time>2026-07-09T09:55:32Z</time>
    <extensions>
     <gpxdata:distance>4927.00</gpxdata:distance>
     <gpxdata:speed>5.692</gpxdata:speed>
    </extensions>
   </trkpt>
   <trkpt lat="46.9564210" lon="15.9479305">
    <ele>283</ele>
    <time>2026-07-09T09:55:33Z</time>
    <extensions>
     <gpxdata:distance>4932.50</gpxdata:distance>
     <gpxdata:speed>5.656</gpxdata:speed>
    </extensions>
   </trkpt>
   <trkpt lat="46.9564265" lon="15.9478554">
    <ele>283</ele>
    <time>2026-07-09T09:55:34Z</time>
    <extensions>
     <gpxdata:distance>4938.00</gpxdata:distance>
     <gpxdata:speed>5.722</gpxdata:speed>
    </extensions>
   </trkpt>
   <trkpt lat="46.9564369" lon="15.9477787">
    <ele>283</ele>
    <time>2026-07-09T09:55:35Z</time>
    <extensions>
     <gpxdata:distance>4944.00</gpxdata:distance>
     <gpxdata:speed>5.789</gpxdata:speed>
    </extensions>
   </trkpt>
   <trkpt lat="46.9564494" lon="15.9477004">
    <ele>283</ele>
    <time>2026-07-09T09:55:36Z</time>
    <extensions>
     <gpxdata:distance>4950.00</gpxdata:distance>
     <gpxdata:speed>5.878</gpxdata:speed>
    </extensions>
   </trkpt>
   <trkpt lat="46.9564617" lon="15.9476208">
    <ele>283</ele>
    <time>2026-07-09T09:55:37Z</time>
    <extensions>
     <gpxdata:distance>4956.50</gpxdata:distance>
     <gpxdata:speed>5.967</gpxdata:speed>
    </extensions>
   </trkpt>
   <trkpt lat="46.9564772" lon="15.9475133">
    <ele>283</ele>
    <time>2026-07-09T09:55:38Z</time>
    <extensions>
     <gpxdata:distance>4963.00</gpxdata:distance>
     <gpxdata:speed>6.047</gpxdata:speed>
    </extensions>
   </trkpt>
   <trkpt lat="46.9564884" lon="15.9474284">
    <ele>284</ele>
    <time>2026-07-09T09:55:39Z</time>
    <extensions>
     <gpxdata:distance>4969.00</gpxdata:distance>
     <gpxdata:speed>6.119</gpxdata:speed>
    </extensions>
   </trkpt>
   <trkpt lat="46.9564975" lon="15.9473455">
    <ele>284</ele>
    <time>2026-07-09T09:55:40Z</time>
    <extensions>
     <gpxdata:distance>4975.00</gpxdata:distance>
     <gpxdata:speed>6.189</gpxdata:speed>
    </extensions>
   </trkpt>
   <trkpt lat="46.9565053" lon="15.9472627">
    <ele>284</ele>
    <time>2026-07-09T09:55:41Z</time>
    <extensions>
     <gpxdata:distance>4981.50</gpxdata:distance>
     <gpxdata:speed>6.247</gpxdata:speed>
    </extensions>
   </trkpt>
   <trkpt lat="46.9565136" lon="15.9471797">
    <ele>284</ele>
    <time>2026-07-09T09:55:42Z</time>
    <extensions>
     <gpxdata:distance>4988.00</gpxdata:distance>
     <gpxdata:speed>6.292</gpxdata:speed>
    </extensions>
   </trkpt>
   <trkpt lat="46.9565228" lon="15.9470967">
    <ele>284</ele>
    <time>2026-07-09T09:55:43Z</time>
    <extensions>
     <gpxdata:distance>4994.50</gpxdata:distance>
     <gpxdata:speed>6.328</gpxdata:speed>
    </extensions>
   </trkpt>
   <trkpt lat="46.9565336" lon="15.9470136">
    <ele>284</ele>
    <time>2026-07-09T09:55:44Z</time>
    <extensions>
     <gpxdata:distance>5001.00</gpxdata:distance>
     <gpxdata:speed>6.364</gpxdata:speed>
    </extensions>
   </trkpt>
   <trkpt lat="46.9565463" lon="15.9469315">
    <ele>284</ele>
    <time>2026-07-09T09:55:45Z</time>
    <extensions>
     <gpxdata:distance>5007.50</gpxdata:distance>
     <gpxdata:speed>6.403</gpxdata:speed>
    </extensions>
   </trkpt>
   <trkpt lat="46.9565606" lon="15.9468519">
    <ele>284</ele>
    <time>2026-07-09T09:55:46Z</time>
    <extensions>
     <gpxdata:distance>5014.00</gpxdata:distance>
     <gpxdata:speed>6.397</gpxdata:speed>
    </extensions>
   </trkpt>
   <trkpt lat="46.9565771" lon="15.9467748">
    <ele>284</ele>
    <time>2026-07-09T09:55:47Z</time>
    <extensions>
     <gpxdata:distance>5020.00</gpxdata:distance>
     <gpxdata:speed>6.336</gpxdata:speed>
    </extensions>
   </trkpt>
   <trkpt lat="46.9565974" lon="15.9466993">
    <ele>284</ele>
    <time>2026-07-09T09:55:48Z</time>
    <extensions>
     <gpxdata:distance>5026.00</gpxdata:distance>
     <gpxdata:speed>6.269</gpxdata:speed>
    </extensions>
   </trkpt>
   <trkpt lat="46.9566214" lon="15.9466274">
    <ele>284</ele>
    <time>2026-07-09T09:55:49Z</time>
    <extensions>
     <gpxdata:distance>5032.00</gpxdata:distance>
     <gpxdata:speed>6.247</gpxdata:speed>
    </extensions>
   </trkpt>
   <trkpt lat="46.9566475" lon="15.9465592">
    <ele>284</ele>
    <time>2026-07-09T09:55:50Z</time>
    <extensions>
     <gpxdata:distance>5038.00</gpxdata:distance>
     <gpxdata:speed>6.186</gpxdata:speed>
    </extensions>
   </trkpt>
   <trkpt lat="46.9566743" lon="15.9464939">
    <ele>284</ele>
    <time>2026-07-09T09:55:51Z</time>
    <extensions>
     <gpxdata:distance>5043.50</gpxdata:distance>
     <gpxdata:speed>6.092</gpxdata:speed>
    </extensions>
   </trkpt>
   <trkpt lat="46.9566941" lon="15.9464490">
    <ele>284</ele>
    <time>2026-07-09T09:55:52Z</time>
    <extensions>
     <gpxdata:distance>5049.00</gpxdata:distance>
     <gpxdata:speed>5.975</gpxdata:speed>
    </extensions>
   </trkpt>
   <trkpt lat="46.9567201" lon="15.9463951">
    <ele>284</ele>
    <time>2026-07-09T09:55:53Z</time>
    <extensions>
     <gpxdata:distance>5054.50</gpxdata:distance>
     <gpxdata:speed>5.681</gpxdata:speed>
    </extensions>
   </trkpt>
   <trkpt lat="46.9567485" lon="15.9463416">
    <ele>284</ele>
    <time>2026-07-09T09:55:54Z</time>
    <extensions>
     <gpxdata:distance>5060.00</gpxdata:distance>
     <gpxdata:speed>5.483</gpxdata:speed>
    </extensions>
   </trkpt>
   <trkpt lat="46.9567762" lon="15.9462933">
    <ele>284</ele>
    <time>2026-07-09T09:55:55Z</time>
    <extensions>
     <gpxdata:distance>5065.00</gpxdata:distance>
     <gpxdata:speed>5.278</gpxdata:speed>
    </extensions>
   </trkpt>
   <trkpt lat="46.9567995" lon="15.9462534">
    <ele>284</ele>
    <time>2026-07-09T09:55:56Z</time>
    <extensions>
     <gpxdata:distance>5070.00</gpxdata:distance>
     <gpxdata:speed>4.756</gpxdata:speed>
    </extensions>
   </trkpt>
   <trkpt lat="46.9568150" lon="15.9462250">
    <ele>284</ele>
    <time>2026-07-09T09:55:57Z</time>
    <extensions>
     <gpxdata:distance>5072.00</gpxdata:distance>
     <gpxdata:speed>3.858</gpxdata:speed>
    </extensions>
   </trkpt>
   <trkpt lat="46.9568759" lon="15.9460846">
    <ele>284</ele>
    <time>2026-07-09T09:57:28Z</time>
    <extensions>
     <gpxdata:distance>5090.00</gpxdata:distance>
     <gpxdata:speed>2.503</gpxdata:speed>
    </extensions>
   </trkpt>
   <trkpt lat="46.9568893" lon="15.9460496">
    <ele>284</ele>
    <time>2026-07-09T09:57:29Z</time>
    <extensions>
     <gpxdata:distance>5090.00</gpxdata:distance>
     <gpxdata:speed>2.853</gpxdata:speed>
    </extensions>
   </trkpt>
   <trkpt lat="46.9569131" lon="15.9459895">
    <ele>284</ele>
    <time>2026-07-09T09:57:30Z</time>
    <extensions>
     <gpxdata:distance>5093.50</gpxdata:distance>
     <gpxdata:speed>3.186</gpxdata:speed>
    </extensions>
   </trkpt>
   <trkpt lat="46.9569311" lon="15.9459440">
    <ele>284</ele>
    <time>2026-07-09T09:57:31Z</time>
    <extensions>
     <gpxdata:distance>5097.00</gpxdata:distance>
     <gpxdata:speed>3.422</gpxdata:speed>
    </extensions>
   </trkpt>
   <trkpt lat="46.9569481" lon="15.9458988">
    <ele>284</ele>
    <time>2026-07-09T09:57:32Z</time>
    <extensions>
     <gpxdata:distance>5101.00</gpxdata:distance>
     <gpxdata:speed>3.672</gpxdata:speed>
    </extensions>
   </trkpt>
   <trkpt lat="46.9569648" lon="15.9458519">
    <ele>284</ele>
    <time>2026-07-09T09:57:33Z</time>
    <extensions>
     <gpxdata:distance>5105.00</gpxdata:distance>
     <gpxdata:speed>3.861</gpxdata:speed>
    </extensions>
   </trkpt>
   <trkpt lat="46.9569814" lon="15.9458037">
    <ele>284</ele>
    <time>2026-07-09T09:57:34Z</time>
    <extensions>
     <gpxdata:distance>5109.00</gpxdata:distance>
     <gpxdata:speed>4.006</gpxdata:speed>
    </extensions>
   </trkpt>
   <trkpt lat="46.9569988" lon="15.9457545">
    <ele>284</ele>
    <time>2026-07-09T09:57:35Z</time>
    <extensions>
     <gpxdata:distance>5113.00</gpxdata:distance>
     <gpxdata:speed>4.081</gpxdata:speed>
    </extensions>
   </trkpt>
   <trkpt lat="46.9570170" lon="15.9457036">
    <ele>284</ele>
    <time>2026-07-09T09:57:36Z</time>
    <extensions>
     <gpxdata:distance>5117.50</gpxdata:distance>
     <gpxdata:speed>4.211</gpxdata:speed>
    </extensions>
   </trkpt>
   <trkpt lat="46.9570351" lon="15.9456510">
    <ele>284</ele>
    <time>2026-07-09T09:57:37Z</time>
    <extensions>
     <gpxdata:distance>5122.00</gpxdata:distance>
     <gpxdata:speed>4.369</gpxdata:speed>
    </extensions>
   </trkpt>
   <trkpt lat="46.9570521" lon="15.9455965">
    <ele>284</ele>
    <time>2026-07-09T09:57:38Z</time>
    <extensions>
     <gpxdata:distance>5126.50</gpxdata:distance>
     <gpxdata:speed>4.475</gpxdata:speed>
    </extensions>
   </trkpt>
   <trkpt lat="46.9570679" lon="15.9455408">
    <ele>285</ele>
    <time>2026-07-09T09:57:39Z</time>
    <extensions>
     <gpxdata:distance>5131.00</gpxdata:distance>
     <gpxdata:speed>4.547</gpxdata:speed>
    </extensions>
   </trkpt>
   <trkpt lat="46.9570836" lon="15.9454843">
    <ele>285</ele>
    <time>2026-07-09T09:57:40Z</time>
    <extensions>
     <gpxdata:distance>5135.50</gpxdata:distance>
     <gpxdata:speed>4.569</gpxdata:speed>
    </extensions>
   </trkpt>
   <trkpt lat="46.9570998" lon="15.9454268">
    <ele>285</ele>
    <time>2026-07-09T09:57:41Z</time>
    <extensions>
     <gpxdata:distance>5140.00</gpxdata:distance>
     <gpxdata:speed>4.631</gpxdata:speed>
    </extensions>
   </trkpt>
   <trkpt lat="46.9571162" lon="15.9453689">
    <ele>285</ele>
    <time>2026-07-09T09:57:42Z</time>
    <extensions>
     <gpxdata:distance>5145.00</gpxdata:distance>
     <gpxdata:speed>4.708</gpxdata:speed>
    </extensions>
   </trkpt>
   <trkpt lat="46.9571325" lon="15.9453107">
    <ele>285</ele>
    <time>2026-07-09T09:57:43Z</time>
    <extensions>
     <gpxdata:distance>5150.00</gpxdata:distance>
     <gpxdata:speed>4.744</gpxdata:speed>
    </extensions>
   </trkpt>
   <trkpt lat="46.9571485" lon="15.9452525">
    <ele>285</ele>
    <time>2026-07-09T09:57:44Z</time>
    <extensions>
     <gpxdata:distance>5154.50</gpxdata:distance>
     <gpxdata:speed>4.767</gpxdata:speed>
    </extensions>
   </trkpt>
   <trkpt lat="46.9571639" lon="15.9451945">
    <ele>285</ele>
    <time>2026-07-09T09:57:45Z</time>
    <extensions>
     <gpxdata:distance>5159.00</gpxdata:distance>
     <gpxdata:speed>4.775</gpxdata:speed>
    </extensions>
   </trkpt>
   <trkpt lat="46.9571797" lon="15.9451368">
    <ele>285</ele>
    <time>2026-07-09T09:57:46Z</time>
    <extensions>
     <gpxdata:distance>5164.00</gpxdata:distance>
     <gpxdata:speed>4.764</gpxdata:speed>
    </extensions>
   </trkpt>
   <trkpt lat="46.9571966" lon="15.9450786">
    <ele>285</ele>
    <time>2026-07-09T09:57:47Z</time>
    <extensions>
     <gpxdata:distance>5169.00</gpxdata:distance>
     <gpxdata:speed>4.753</gpxdata:speed>
    </extensions>
   </trkpt>
   <trkpt lat="46.9572144" lon="15.9450201">
    <ele>285</ele>
    <time>2026-07-09T09:57:48Z</time>
    <extensions>
     <gpxdata:distance>5174.00</gpxdata:distance>
     <gpxdata:speed>4.792</gpxdata:speed>
    </extensions>
   </trkpt>
   <trkpt lat="46.9572323" lon="15.9449610">
    <ele>285</ele>
    <time>2026-07-09T09:57:49Z</time>
    <extensions>
     <gpxdata:distance>5179.00</gpxdata:distance>
     <gpxdata:speed>4.833</gpxdata:speed>
    </extensions>
   </trkpt>
   <trkpt lat="46.9572498" lon="15.9449015">
    <ele>285</ele>
    <time>2026-07-09T09:57:50Z</time>
    <extensions>
     <gpxdata:distance>5184.00</gpxdata:distance>
     <gpxdata:speed>4.867</gpxdata:speed>
    </extensions>
   </trkpt>
   <trkpt lat="46.9572672" lon="15.9448415">
    <ele>285</ele>
    <time>2026-07-09T09:57:51Z</time>
    <extensions>
     <gpxdata:distance>5189.00</gpxdata:distance>
     <gpxdata:speed>4.892</gpxdata:speed>
    </extensions>
   </trkpt>
   <trkpt lat="46.9572850" lon="15.9447818">
    <ele>286</ele>
    <time>2026-07-09T09:57:52Z</time>
    <extensions>
     <gpxdata:distance>5194.00</gpxdata:distance>
     <gpxdata:speed>4.917</gpxdata:speed>
    </extensions>
   </trkpt>
   <trkpt lat="46.9573032" lon="15.9447215">
    <ele>286</ele>
    <time>2026-07-09T09:57:53Z</time>
    <extensions>
     <gpxdata:distance>5199.00</gpxdata:distance>
     <gpxdata:speed>4.931</gpxdata:speed>
    </extensions>
   </trkpt>
   <trkpt lat="46.9573211" lon="15.9446604">
    <ele>286</ele>
    <time>2026-07-09T09:57:54Z</time>
    <extensions>
     <gpxdata:distance>5204.00</gpxdata:distance>
     <gpxdata:speed>4.964</gpxdata:speed>
    </extensions>
   </trkpt>
   <trkpt lat="46.9573377" lon="15.9445980">
    <ele>286</ele>
    <time>2026-07-09T09:57:55Z</time>
    <extensions>
     <gpxdata:distance>5209.00</gpxdata:distance>
     <gpxdata:speed>5.003</gpxdata:speed>
    </extensions>
   </trkpt>
   <trkpt lat="46.9573525" lon="15.9445340">
    <ele>286</ele>
    <time>2026-07-09T09:57:56Z</time>
    <extensions>
     <gpxdata:distance>5214.00</gpxdata:distance>
     <gpxdata:speed>5.039</gpxdata:speed>
    </extensions>
   </trkpt>
   <trkpt lat="46.9573654" lon="15.9444688">
    <ele>286</ele>
    <time>2026-07-09T09:57:57Z</time>
    <extensions>
     <gpxdata:distance>5219.00</gpxdata:distance>
     <gpxdata:speed>5.092</gpxdata:speed>
    </extensions>
   </trkpt>
   <trkpt lat="46.9573764" lon="15.9444019">
    <ele>286</ele>
    <time>2026-07-09T09:57:58Z</time>
    <extensions>
     <gpxdata:distance>5224.50</gpxdata:distance>
     <gpxdata:speed>5.122</gpxdata:speed>
    </extensions>
   </trkpt>
   <trkpt lat="46.9573861" lon="15.9443344">
    <ele>286</ele>
    <time>2026-07-09T09:57:59Z</time>
    <extensions>
     <gpxdata:distance>5230.00</gpxdata:distance>
     <gpxdata:speed>5.172</gpxdata:speed>
    </extensions>
   </trkpt>
   <trkpt lat="46.9573953" lon="15.9442663">
    <ele>286</ele>
    <time>2026-07-09T09:58:00Z</time>
    <extensions>
     <gpxdata:distance>5235.00</gpxdata:distance>
     <gpxdata:speed>5.203</gpxdata:speed>
    </extensions>
   </trkpt>
   <trkpt lat="46.9574038" lon="15.9441977">
    <ele>286</ele>
    <time>2026-07-09T09:58:01Z</time>
    <extensions>
     <gpxdata:distance>5240.00</gpxdata:distance>
     <gpxdata:speed>5.233</gpxdata:speed>
    </extensions>
   </trkpt>
   <trkpt lat="46.9574117" lon="15.9441286">
    <ele>286</ele>
    <time>2026-07-09T09:58:02Z</time>
    <extensions>
     <gpxdata:distance>5245.50</gpxdata:distance>
     <gpxdata:speed>5.261</gpxdata:speed>
    </extensions>
   </trkpt>
   <trkpt lat="46.9574192" lon="15.9440595">
    <ele>286</ele>
    <time>2026-07-09T09:58:03Z</time>
    <extensions>
     <gpxdata:distance>5251.00</gpxdata:distance>
     <gpxdata:speed>5.289</gpxdata:speed>
    </extensions>
   </trkpt>
   <trkpt lat="46.9574263" lon="15.9439900">
    <ele>286</ele>
    <time>2026-07-09T09:58:04Z</time>
    <extensions>
     <gpxdata:distance>5256.00</gpxdata:distance>
     <gpxdata:speed>5.303</gpxdata:speed>
    </extensions>
   </trkpt>
   <trkpt lat="46.9574329" lon="15.9439206">
    <ele>287</ele>
    <time>2026-07-09T09:58:05Z</time>
    <extensions>
     <gpxdata:distance>5261.00</gpxdata:distance>
     <gpxdata:speed>5.322</gpxdata:speed>
    </extensions>
   </trkpt>
   <trkpt lat="46.9574396" lon="15.9438515">
    <ele>287</ele>
    <time>2026-07-09T09:58:06Z</time>
    <extensions>
     <gpxdata:distance>5266.50</gpxdata:distance>
     <gpxdata:speed>5.319</gpxdata:speed>
    </extensions>
   </trkpt>
   <trkpt lat="46.9574463" lon="15.9437819">
    <ele>287</ele>
    <time>2026-07-09T09:58:07Z</time>
    <extensions>
     <gpxdata:distance>5272.00</gpxdata:distance>
     <gpxdata:speed>5.308</gpxdata:speed>
    </extensions>
   </trkpt>
   <trkpt lat="46.9574530" lon="15.9437123">
    <ele>287</ele>
    <time>2026-07-09T09:58:08Z</time>
    <extensions>
     <gpxdata:distance>5277.50</gpxdata:distance>
     <gpxdata:speed>5.328</gpxdata:speed>
    </extensions>
   </trkpt>
   <trkpt lat="46.9574595" lon="15.9436431">
    <ele>287</ele>
    <time>2026-07-09T09:58:09Z</time>
    <extensions>
     <gpxdata:distance>5283.00</gpxdata:distance>
     <gpxdata:speed>5.333</gpxdata:speed>
    </extensions>
   </trkpt>
   <trkpt lat="46.9574659" lon="15.9435740">
    <ele>287</ele>
    <time>2026-07-09T09:58:10Z</time>
    <extensions>
     <gpxdata:distance>5288.00</gpxdata:distance>
     <gpxdata:speed>5.314</gpxdata:speed>
    </extensions>
   </trkpt>
   <trkpt lat="46.9574721" lon="15.9435045">
    <ele>287</ele>
    <time>2026-07-09T09:58:11Z</time>
    <extensions>
     <gpxdata:distance>5293.00</gpxdata:distance>
     <gpxdata:speed>5.311</gpxdata:speed>
    </extensions>
   </trkpt>
   <trkpt lat="46.9574784" lon="15.9434346">
    <ele>287</ele>
    <time>2026-07-09T09:58:12Z</time>
    <extensions>
     <gpxdata:distance>5298.50</gpxdata:distance>
     <gpxdata:speed>5.319</gpxdata:speed>
    </extensions>
   </trkpt>
   <trkpt lat="46.9574851" lon="15.9433641">
    <ele>287</ele>
    <time>2026-07-09T09:58:13Z</time>
    <extensions>
     <gpxdata:distance>5304.00</gpxdata:distance>
     <gpxdata:speed>5.336</gpxdata:speed>
    </extensions>
   </trkpt>
   <trkpt lat="46.9574927" lon="15.9432929">
    <ele>287</ele>
    <time>2026-07-09T09:58:14Z</time>
    <extensions>
     <gpxdata:distance>5309.50</gpxdata:distance>
     <gpxdata:speed>5.369</gpxdata:speed>
    </extensions>
   </trkpt>
   <trkpt lat="46.9575007" lon="15.9432215">
    <ele>288</ele>
    <time>2026-07-09T09:58:15Z</time>
    <extensions>
     <gpxdata:distance>5315.00</gpxdata:distance>
     <gpxdata:speed>5.414</gpxdata:speed>
    </extensions>
   </trkpt>
   <trkpt lat="46.9575085" lon="15.9431496">
    <ele>288</ele>
    <time>2026-07-09T09:58:16Z</time>
    <extensions>
     <gpxdata:distance>5320.50</gpxdata:distance>
     <gpxdata:speed>5.450</gpxdata:speed>
    </extensions>
   </trkpt>
   <trkpt lat="46.9575157" lon="15.9430775">
    <ele>288</ele>
    <time>2026-07-09T09:58:17Z</time>
    <extensions>
     <gpxdata:distance>5326.00</gpxdata:distance>
     <gpxdata:speed>5.483</gpxdata:speed>
    </extensions>
   </trkpt>
   <trkpt lat="46.9575224" lon="15.9430054">
    <ele>288</ele>
    <time>2026-07-09T09:58:18Z</time>
    <extensions>
     <gpxdata:distance>5331.50</gpxdata:distance>
     <gpxdata:speed>5.500</gpxdata:speed>
    </extensions>
   </trkpt>
   <trkpt lat="46.9575287" lon="15.9429332">
    <ele>288</ele>
    <time>2026-07-09T09:58:19Z</time>
    <extensions>
     <gpxdata:distance>5337.00</gpxdata:distance>
     <gpxdata:speed>5.511</gpxdata:speed>
    </extensions>
   </trkpt>
   <trkpt lat="46.9575353" lon="15.9428616">
    <ele>288</ele>
    <time>2026-07-09T09:58:20Z</time>
    <extensions>
     <gpxdata:distance>5342.50</gpxdata:distance>
     <gpxdata:speed>5.519</gpxdata:speed>
    </extensions>
   </trkpt>
   <trkpt lat="46.9575433" lon="15.9427896">
    <ele>288</ele>
    <time>2026-07-09T09:58:21Z</time>
    <extensions>
     <gpxdata:distance>5348.00</gpxdata:distance>
     <gpxdata:speed>5.506</gpxdata:speed>
    </extensions>
   </trkpt>
   <trkpt lat="46.9575522" lon="15.9427172">
    <ele>288</ele>
    <time>2026-07-09T09:58:22Z</time>
    <extensions>
     <gpxdata:distance>5353.50</gpxdata:distance>
     <gpxdata:speed>5.533</gpxdata:speed>
    </extensions>
   </trkpt>
   <trkpt lat="46.9575610" lon="15.9426445">
    <ele>288</ele>
    <time>2026-07-09T09:58:23Z</time>
    <extensions>
     <gpxdata:distance>5359.00</gpxdata:distance>
     <gpxdata:speed>5.561</gpxdata:speed>
    </extensions>
   </trkpt>
   <trkpt lat="46.9575691" lon="15.9425719">
    <ele>288</ele>
    <time>2026-07-09T09:58:24Z</time>
    <extensions>
     <gpxdata:distance>5365.00</gpxdata:distance>
     <gpxdata:speed>5.578</gpxdata:speed>
    </extensions>
   </trkpt>
   <trkpt lat="46.9575768" lon="15.9424991">
    <ele>288</ele>
    <time>2026-07-09T09:58:25Z</time>
    <extensions>
     <gpxdata:distance>5371.00</gpxdata:distance>
     <gpxdata:speed>5.581</gpxdata:speed>
    </extensions>
   </trkpt>
   <trkpt lat="46.9575843" lon="15.9424268">
    <ele>288</ele>
    <time>2026-07-09T09:58:26Z</time>
    <extensions>
     <gpxdata:distance>5376.50</gpxdata:distance>
     <gpxdata:speed>5.586</gpxdata:speed>
    </extensions>
   </trkpt>
   <trkpt lat="46.9575917" lon="15.9423550">
    <ele>288</ele>
    <time>2026-07-09T09:58:27Z</time>
    <extensions>
     <gpxdata:distance>5382.00</gpxdata:distance>
     <gpxdata:speed>5.572</gpxdata:speed>
    </extensions>
   </trkpt>
   <trkpt lat="46.9575991" lon="15.9422829">
    <ele>288</ele>
    <time>2026-07-09T09:58:28Z</time>
    <extensions>
     <gpxdata:distance>5387.50</gpxdata:distance>
     <gpxdata:speed>5.547</gpxdata:speed>
    </extensions>
   </trkpt>
   <trkpt lat="46.9576059" lon="15.9422111">
    <ele>289</ele>
    <time>2026-07-09T09:58:29Z</time>
    <extensions>
     <gpxdata:distance>5393.00</gpxdata:distance>
     <gpxdata:speed>5.547</gpxdata:speed>
    </extensions>
   </trkpt>
   <trkpt lat="46.9576116" lon="15.9421392">
    <ele>289</ele>
    <time>2026-07-09T09:58:30Z</time>
    <extensions>
     <gpxdata:distance>5398.50</gpxdata:distance>
     <gpxdata:speed>5.533</gpxdata:speed>
    </extensions>
   </trkpt>
   <trkpt lat="46.9576158" lon="15.9420672">
    <ele>289</ele>
    <time>2026-07-09T09:58:31Z</time>
    <extensions>
     <gpxdata:distance>5404.00</gpxdata:distance>
     <gpxdata:speed>5.519</gpxdata:speed>
    </extensions>
   </trkpt>
   <trkpt lat="46.9576181" lon="15.9419956">
    <ele>289</ele>
    <time>2026-07-09T09:58:32Z</time>
    <extensions>
     <gpxdata:distance>5409.50</gpxdata:distance>
     <gpxdata:speed>5.508</gpxdata:speed>
    </extensions>
   </trkpt>
   <trkpt lat="46.9576187" lon="15.9419247">
    <ele>289</ele>
    <time>2026-07-09T09:58:33Z</time>
    <extensions>
     <gpxdata:distance>5415.00</gpxdata:distance>
     <gpxdata:speed>5.483</gpxdata:speed>
    </extensions>
   </trkpt>
   <trkpt lat="46.9576185" lon="15.9418536">
    <ele>289</ele>
    <time>2026-07-09T09:58:34Z</time>
    <extensions>
     <gpxdata:distance>5420.00</gpxdata:distance>
     <gpxdata:speed>5.442</gpxdata:speed>
    </extensions>
   </trkpt>
   <trkpt lat="46.9576180" lon="15.9417823">
    <ele>289</ele>
    <time>2026-07-09T09:58:35Z</time>
    <extensions>
     <gpxdata:distance>5425.00</gpxdata:distance>
     <gpxdata:speed>5.431</gpxdata:speed>
    </extensions>
   </trkpt>
   <trkpt lat="46.9576172" lon="15.9417098">
    <ele>289</ele>
    <time>2026-07-09T09:58:36Z</time>
    <extensions>
     <gpxdata:distance>5430.50</gpxdata:distance>
     <gpxdata:speed>5.433</gpxdata:speed>
    </extensions>
   </trkpt>
   <trkpt lat="46.9576167" lon="15.9416362">
    <ele>289</ele>
    <time>2026-07-09T09:58:37Z</time>
    <extensions>
     <gpxdata:distance>5436.00</gpxdata:distance>
     <gpxdata:speed>5.475</gpxdata:speed>
    </extensions>
   </trkpt>
   <trkpt lat="46.9576166" lon="15.9415614">
    <ele>289</ele>
    <time>2026-07-09T09:58:38Z</time>
    <extensions>
     <gpxdata:distance>5442.00</gpxdata:distance>
     <gpxdata:speed>5.525</gpxdata:speed>
    </extensions>
   </trkpt>
   <trkpt lat="46.9576168" lon="15.9414856">
    <ele>289</ele>
    <time>2026-07-09T09:58:39Z</time>
    <extensions>
     <gpxdata:distance>5448.00</gpxdata:distance>
     <gpxdata:speed>5.592</gpxdata:speed>
    </extensions>
   </trkpt>
   <trkpt lat="46.9576174" lon="15.9414088">
    <ele>289</ele>
    <time>2026-07-09T09:58:40Z</time>
    <extensions>
     <gpxdata:distance>5454.00</gpxdata:distance>
     <gpxdata:speed>5.658</gpxdata:speed>
    </extensions>
   </trkpt>
   <trkpt lat="46.9576183" lon="15.9413309">
    <ele>289</ele>
    <time>2026-07-09T09:58:41Z</time>
    <extensions>
     <gpxdata:distance>5460.00</gpxdata:distance>
     <gpxdata:speed>5.731</gpxdata:speed>
    </extensions>
   </trkpt>
   <trkpt lat="46.9576191" lon="15.9412514">
    <ele>290</ele>
    <time>2026-07-09T09:58:42Z</time>
    <extensions>
     <gpxdata:distance>5466.00</gpxdata:distance>
     <gpxdata:speed>5.808</gpxdata:speed>
    </extensions>
   </trkpt>
   <trkpt lat="46.9576195" lon="15.9411702">
    <ele>290</ele>
    <time>2026-07-09T09:58:43Z</time>
    <extensions>
     <gpxdata:distance>5472.00</gpxdata:distance>
     <gpxdata:speed>5.911</gpxdata:speed>
    </extensions>
   </trkpt>
   <trkpt lat="46.9576188" lon="15.9410601">
    <ele>290</ele>
    <time>2026-07-09T09:58:44Z</time>
    <extensions>
     <gpxdata:distance>5478.00</gpxdata:distance>
     <gpxdata:speed>6.025</gpxdata:speed>
    </extensions>
   </trkpt>
   <trkpt lat="46.9576177" lon="15.9409731">
    <ele>290</ele>
    <time>2026-07-09T09:58:45Z</time>
    <extensions>
     <gpxdata:distance>5484.00</gpxdata:distance>
     <gpxdata:speed>6.128</gpxdata:speed>
    </extensions>
   </trkpt>
   <trkpt lat="46.9576168" lon="15.9408879">
    <ele>290</ele>
    <time>2026-07-09T09:58:46Z</time>
    <extensions>
     <gpxdata:distance>5490.50</gpxdata:distance>
     <gpxdata:speed>6.250</gpxdata:speed>
    </extensions>
   </trkpt>
   <trkpt lat="46.9576164" lon="15.9408016">
    <ele>290</ele>
    <time>2026-07-09T09:58:47Z</time>
    <extensions>
     <gpxdata:distance>5497.00</gpxdata:distance>
     <gpxdata:speed>6.372</gpxdata:speed>
    </extensions>
   </trkpt>
   <trkpt lat="46.9576162" lon="15.9407139">
    <ele>290</ele>
    <time>2026-07-09T09:58:48Z</time>
    <extensions>
     <gpxdata:distance>5504.00</gpxdata:distance>
     <gpxdata:speed>6.503</gpxdata:speed>
    </extensions>
   </trkpt>
   <trkpt lat="46.9576162" lon="15.9406245">
    <ele>290</ele>
    <time>2026-07-09T09:58:49Z</time>
    <extensions>
     <gpxdata:distance>5511.00</gpxdata:distance>
     <gpxdata:speed>6.611</gpxdata:speed>
    </extensions>
   </trkpt>
   <trkpt lat="46.9576165" lon="15.9405337">
    <ele>290</ele>
    <time>2026-07-09T09:58:50Z</time>
    <extensions>
     <gpxdata:distance>5518.00</gpxdata:distance>
     <gpxdata:speed>6.756</gpxdata:speed>
    </extensions>
   </trkpt>
   <trkpt lat="46.9576172" lon="15.9404417">
    <ele>290</ele>
    <time>2026-07-09T09:58:51Z</time>
    <extensions>
     <gpxdata:distance>5525.00</gpxdata:distance>
     <gpxdata:speed>6.847</gpxdata:speed>
    </extensions>
   </trkpt>
   <trkpt lat="46.9576176" lon="15.9403487">
    <ele>290</ele>
    <time>2026-07-09T09:58:52Z</time>
    <extensions>
     <gpxdata:distance>5532.00</gpxdata:distance>
     <gpxdata:speed>6.944</gpxdata:speed>
    </extensions>
   </trkpt>
   <trkpt lat="46.9576171" lon="15.9402543">
    <ele>290</ele>
    <time>2026-07-09T09:58:53Z</time>
    <extensions>
     <gpxdata:distance>5539.00</gpxdata:distance>
     <gpxdata:speed>7.031</gpxdata:speed>
    </extensions>
   </trkpt>
   <trkpt lat="46.9576162" lon="15.9401588">
    <ele>290</ele>
    <time>2026-07-09T09:58:54Z</time>
    <extensions>
     <gpxdata:distance>5546.00</gpxdata:distance>
     <gpxdata:speed>7.128</gpxdata:speed>
    </extensions>
   </trkpt>
   <trkpt lat="46.9576154" lon="15.9400625">
    <ele>290</ele>
    <time>2026-07-09T09:58:55Z</time>
    <extensions>
     <gpxdata:distance>5553.00</gpxdata:distance>
     <gpxdata:speed>7.222</gpxdata:speed>
    </extensions>
   </trkpt>
   <trkpt lat="46.9576150" lon="15.9399664">
    <ele>290</ele>
    <time>2026-07-09T09:58:56Z</time>
    <extensions>
     <gpxdata:distance>5560.50</gpxdata:distance>
     <gpxdata:speed>7.272</gpxdata:speed>
    </extensions>
   </trkpt>
   <trkpt lat="46.9576151" lon="15.9398703">
    <ele>290</ele>
    <time>2026-07-09T09:58:57Z</time>
    <extensions>
     <gpxdata:distance>5568.00</gpxdata:distance>
     <gpxdata:speed>7.278</gpxdata:speed>
    </extensions>
   </trkpt>
   <trkpt lat="46.9576155" lon="15.9397739">
    <ele>290</ele>
    <time>2026-07-09T09:58:58Z</time>
    <extensions>
     <gpxdata:distance>5575.00</gpxdata:distance>
     <gpxdata:speed>7.289</gpxdata:speed>
    </extensions>
   </trkpt>
   <trkpt lat="46.9576159" lon="15.9396773">
    <ele>290</ele>
    <time>2026-07-09T09:58:59Z</time>
    <extensions>
     <gpxdata:distance>5582.00</gpxdata:distance>
     <gpxdata:speed>7.311</gpxdata:speed>
    </extensions>
   </trkpt>
   <trkpt lat="46.9576159" lon="15.9395804">
    <ele>290</ele>
    <time>2026-07-09T09:59:00Z</time>
    <extensions>
     <gpxdata:distance>5589.50</gpxdata:distance>
     <gpxdata:speed>7.331</gpxdata:speed>
    </extensions>
   </trkpt>
   <trkpt lat="46.9576147" lon="15.9394828">
    <ele>290</ele>
    <time>2026-07-09T09:59:01Z</time>
    <extensions>
     <gpxdata:distance>5597.00</gpxdata:distance>
     <gpxdata:speed>7.358</gpxdata:speed>
    </extensions>
   </trkpt>
   <trkpt lat="46.9576112" lon="15.9393852">
    <ele>290</ele>
    <time>2026-07-09T09:59:02Z</time>
    <extensions>
     <gpxdata:distance>5604.50</gpxdata:distance>
     <gpxdata:speed>7.389</gpxdata:speed>
    </extensions>
   </trkpt>
   <trkpt lat="46.9576048" lon="15.9392878">
    <ele>290</ele>
    <time>2026-07-09T09:59:03Z</time>
    <extensions>
     <gpxdata:distance>5612.00</gpxdata:distance>
     <gpxdata:speed>7.408</gpxdata:speed>
    </extensions>
   </trkpt>
   <trkpt lat="46.9575955" lon="15.9391911">
    <ele>290</ele>
    <time>2026-07-09T09:59:04Z</time>
    <extensions>
     <gpxdata:distance>5619.50</gpxdata:distance>
     <gpxdata:speed>7.419</gpxdata:speed>
    </extensions>
   </trkpt>
   <trkpt lat="46.9575832" lon="15.9390954">
    <ele>290</ele>
    <time>2026-07-09T09:59:05Z</time>
    <extensions>
     <gpxdata:distance>5627.00</gpxdata:distance>
     <gpxdata:speed>7.419</gpxdata:speed>
    </extensions>
   </trkpt>
   <trkpt lat="46.9575685" lon="15.9390002">
    <ele>290</ele>
    <time>2026-07-09T09:59:06Z</time>
    <extensions>
     <gpxdata:distance>5634.50</gpxdata:distance>
     <gpxdata:speed>7.414</gpxdata:speed>
    </extensions>
   </trkpt>
   <trkpt lat="46.9575521" lon="15.9389048">
    <ele>290</ele>
    <time>2026-07-09T09:59:07Z</time>
    <extensions>
     <gpxdata:distance>5642.00</gpxdata:distance>
     <gpxdata:speed>7.417</gpxdata:speed>
    </extensions>
   </trkpt>
   <trkpt lat="46.9575351" lon="15.9388089">
    <ele>290</ele>
    <time>2026-07-09T09:59:08Z</time>
    <extensions>
     <gpxdata:distance>5649.50</gpxdata:distance>
     <gpxdata:speed>7.442</gpxdata:speed>
    </extensions>
   </trkpt>
   <trkpt lat="46.9575180" lon="15.9387127">
    <ele>290</ele>
    <time>2026-07-09T09:59:09Z</time>
    <extensions>
     <gpxdata:distance>5657.00</gpxdata:distance>
     <gpxdata:speed>7.472</gpxdata:speed>
    </extensions>
   </trkpt>
   <trkpt lat="46.9575023" lon="15.9386152">
    <ele>290</ele>
    <time>2026-07-09T09:59:10Z</time>
    <extensions>
     <gpxdata:distance>5664.50</gpxdata:distance>
     <gpxdata:speed>7.500</gpxdata:speed>
    </extensions>
   </trkpt>
   <trkpt lat="46.9574902" lon="15.9385160">
    <ele>289</ele>
    <time>2026-07-09T09:59:11Z</time>
    <extensions>
     <gpxdata:distance>5672.00</gpxdata:distance>
     <gpxdata:speed>7.542</gpxdata:speed>
    </extensions>
   </trkpt>
   <trkpt lat="46.9574829" lon="15.9384154">
    <ele>289</ele>
    <time>2026-07-09T09:59:12Z</time>
    <extensions>
     <gpxdata:distance>5679.50</gpxdata:distance>
     <gpxdata:speed>7.586</gpxdata:speed>
    </extensions>
   </trkpt>
   <trkpt lat="46.9574803" lon="15.9383139">
    <ele>289</ele>
    <time>2026-07-09T09:59:13Z</time>
    <extensions>
     <gpxdata:distance>5687.00</gpxdata:distance>
     <gpxdata:speed>7.628</gpxdata:speed>
    </extensions>
   </trkpt>
   <trkpt lat="46.9574828" lon="15.9382123">
    <ele>289</ele>
    <time>2026-07-09T09:59:14Z</time>
    <extensions>
     <gpxdata:distance>5695.00</gpxdata:distance>
     <gpxdata:speed>7.661</gpxdata:speed>
    </extensions>
   </trkpt>
   <trkpt lat="46.9574909" lon="15.9381110">
    <ele>289</ele>
    <time>2026-07-09T09:59:15Z</time>
    <extensions>
     <gpxdata:distance>5703.00</gpxdata:distance>
     <gpxdata:speed>7.686</gpxdata:speed>
    </extensions>
   </trkpt>
   <trkpt lat="46.9575037" lon="15.9380109">
    <ele>289</ele>
    <time>2026-07-09T09:59:16Z</time>
    <extensions>
     <gpxdata:distance>5710.50</gpxdata:distance>
     <gpxdata:speed>7.708</gpxdata:speed>
    </extensions>
   </trkpt>
   <trkpt lat="46.9575198" lon="15.9379125">
    <ele>289</ele>
    <time>2026-07-09T09:59:17Z</time>
    <extensions>
     <gpxdata:distance>5718.00</gpxdata:distance>
     <gpxdata:speed>7.717</gpxdata:speed>
    </extensions>
   </trkpt>
   <trkpt lat="46.9575387" lon="15.9378160">
    <ele>289</ele>
    <time>2026-07-09T09:59:18Z</time>
    <extensions>
     <gpxdata:distance>5726.00</gpxdata:distance>
     <gpxdata:speed>7.697</gpxdata:speed>
    </extensions>
   </trkpt>
   <trkpt lat="46.9575603" lon="15.9377216">
    <ele>289</ele>
    <time>2026-07-09T09:59:19Z</time>
    <extensions>
     <gpxdata:distance>5734.00</gpxdata:distance>
     <gpxdata:speed>7.669</gpxdata:speed>
    </extensions>
   </trkpt>
   <trkpt lat="46.9575842" lon="15.9376289">
    <ele>290</ele>
    <time>2026-07-09T09:59:20Z</time>
    <extensions>
     <gpxdata:distance>5741.50</gpxdata:distance>
     <gpxdata:speed>7.631</gpxdata:speed>
    </extensions>
   </trkpt>
   <trkpt lat="46.9576083" lon="15.9375358">
    <ele>289</ele>
    <time>2026-07-09T09:59:21Z</time>
    <extensions>
     <gpxdata:distance>5749.00</gpxdata:distance>
     <gpxdata:speed>7.594</gpxdata:speed>
    </extensions>
   </trkpt>
   <trkpt lat="46.9576317" lon="15.9374422">
    <ele>289</ele>
    <time>2026-07-09T09:59:22Z</time>
    <extensions>
     <gpxdata:distance>5756.50</gpxdata:distance>
     <gpxdata:speed>7.586</gpxdata:speed>
    </extensions>
   </trkpt>
   <trkpt lat="46.9576547" lon="15.9373482">
    <ele>289</ele>
    <time>2026-07-09T09:59:23Z</time>
    <extensions>
     <gpxdata:distance>5764.00</gpxdata:distance>
     <gpxdata:speed>7.583</gpxdata:speed>
    </extensions>
   </trkpt>
   <trkpt lat="46.9576770" lon="15.9372534">
    <ele>289</ele>
    <time>2026-07-09T09:59:24Z</time>
    <extensions>
     <gpxdata:distance>5771.50</gpxdata:distance>
     <gpxdata:speed>7.586</gpxdata:speed>
    </extensions>
   </trkpt>
   <trkpt lat="46.9576981" lon="15.9371575">
    <ele>289</ele>
    <time>2026-07-09T09:59:25Z</time>
    <extensions>
     <gpxdata:distance>5779.00</gpxdata:distance>
     <gpxdata:speed>7.594</gpxdata:speed>
    </extensions>
   </trkpt>
   <trkpt lat="46.9577178" lon="15.9370607">
    <ele>289</ele>
    <time>2026-07-09T09:59:26Z</time>
    <extensions>
     <gpxdata:distance>5786.50</gpxdata:distance>
     <gpxdata:speed>7.617</gpxdata:speed>
    </extensions>
   </trkpt>
   <trkpt lat="46.9577367" lon="15.9369629">
    <ele>289</ele>
    <time>2026-07-09T09:59:27Z</time>
    <extensions>
     <gpxdata:distance>5794.00</gpxdata:distance>
     <gpxdata:speed>7.639</gpxdata:speed>
    </extensions>
   </trkpt>
   <trkpt lat="46.9577554" lon="15.9368645">
    <ele>289</ele>
    <time>2026-07-09T09:59:28Z</time>
    <extensions>
     <gpxdata:distance>5802.00</gpxdata:distance>
     <gpxdata:speed>7.667</gpxdata:speed>
    </extensions>
   </trkpt>
   <trkpt lat="46.9577735" lon="15.9367654">
    <ele>289</ele>
    <time>2026-07-09T09:59:29Z</time>
    <extensions>
     <gpxdata:distance>5810.00</gpxdata:distance>
     <gpxdata:speed>7.700</gpxdata:speed>
    </extensions>
   </trkpt>
   <trkpt lat="46.9577907" lon="15.9366656">
    <ele>289</ele>
    <time>2026-07-09T09:59:30Z</time>
    <extensions>
     <gpxdata:distance>5818.00</gpxdata:distance>
     <gpxdata:speed>7.733</gpxdata:speed>
    </extensions>
   </trkpt>
   <trkpt lat="46.9578071" lon="15.9365652">
    <ele>289</ele>
    <time>2026-07-09T09:59:31Z</time>
    <extensions>
     <gpxdata:distance>5826.00</gpxdata:distance>
     <gpxdata:speed>7.767</gpxdata:speed>
    </extensions>
   </trkpt>
   <trkpt lat="46.9578233" lon="15.9364642">
    <ele>289</ele>
    <time>2026-07-09T09:59:32Z</time>
    <extensions>
     <gpxdata:distance>5833.50</gpxdata:distance>
     <gpxdata:speed>7.794</gpxdata:speed>
    </extensions>
   </trkpt>
   <trkpt lat="46.9578393" lon="15.9363630">
    <ele>289</ele>
    <time>2026-07-09T09:59:33Z</time>
    <extensions>
     <gpxdata:distance>5841.00</gpxdata:distance>
     <gpxdata:speed>7.828</gpxdata:speed>
    </extensions>
   </trkpt>
   <trkpt lat="46.9578545" lon="15.9362618">
    <ele>289</ele>
    <time>2026-07-09T09:59:34Z</time>
    <extensions>
     <gpxdata:distance>5849.00</gpxdata:distance>
     <gpxdata:speed>7.850</gpxdata:speed>
    </extensions>
   </trkpt>
   <trkpt lat="46.9578694" lon="15.9361609">
    <ele>289</ele>
    <time>2026-07-09T09:59:35Z</time>
    <extensions>
     <gpxdata:distance>5857.00</gpxdata:distance>
     <gpxdata:speed>7.856</gpxdata:speed>
    </extensions>
   </trkpt>
   <trkpt lat="46.9578835" lon="15.9360603">
    <ele>289</ele>
    <time>2026-07-09T09:59:36Z</time>
    <extensions>
     <gpxdata:distance>5865.00</gpxdata:distance>
     <gpxdata:speed>7.850</gpxdata:speed>
    </extensions>
   </trkpt>
   <trkpt lat="46.9578961" lon="15.9359596">
    <ele>289</ele>
    <time>2026-07-09T09:59:37Z</time>
    <extensions>
     <gpxdata:distance>5873.00</gpxdata:distance>
     <gpxdata:speed>7.833</gpxdata:speed>
    </extensions>
   </trkpt>
   <trkpt lat="46.9579064" lon="15.9358581">
    <ele>289</ele>
    <time>2026-07-09T09:59:38Z</time>
    <extensions>
     <gpxdata:distance>5880.50</gpxdata:distance>
     <gpxdata:speed>7.817</gpxdata:speed>
    </extensions>
   </trkpt>
   <trkpt lat="46.9579139" lon="15.9357563">
    <ele>289</ele>
    <time>2026-07-09T09:59:39Z</time>
    <extensions>
     <gpxdata:distance>5888.00</gpxdata:distance>
     <gpxdata:speed>7.814</gpxdata:speed>
    </extensions>
   </trkpt>
   <trkpt lat="46.9579186" lon="15.9356549">
    <ele>289</ele>
    <time>2026-07-09T09:59:40Z</time>
    <extensions>
     <gpxdata:distance>5896.00</gpxdata:distance>
     <gpxdata:speed>7.803</gpxdata:speed>
    </extensions>
   </trkpt>
   <trkpt lat="46.9579207" lon="15.9355536">
    <ele>289</ele>
    <time>2026-07-09T09:59:41Z</time>
    <extensions>
     <gpxdata:distance>5904.00</gpxdata:distance>
     <gpxdata:speed>7.772</gpxdata:speed>
    </extensions>
   </trkpt>
   <trkpt lat="46.9579204" lon="15.9354525">
    <ele>289</ele>
    <time>2026-07-09T09:59:42Z</time>
    <extensions>
     <gpxdata:distance>5911.50</gpxdata:distance>
     <gpxdata:speed>7.744</gpxdata:speed>
    </extensions>
   </trkpt>
   <trkpt lat="46.9579179" lon="15.9353514">
    <ele>289</ele>
    <time>2026-07-09T09:59:43Z</time>
    <extensions>
     <gpxdata:distance>5919.00</gpxdata:distance>
     <gpxdata:speed>7.725</gpxdata:speed>
    </extensions>
   </trkpt>
   <trkpt lat="46.9579129" lon="15.9352502">
    <ele>289</ele>
    <time>2026-07-09T09:59:44Z</time>
    <extensions>
     <gpxdata:distance>5927.00</gpxdata:distance>
     <gpxdata:speed>7.711</gpxdata:speed>
    </extensions>
   </trkpt>
   <trkpt lat="46.9579052" lon="15.9351494">
    <ele>289</ele>
    <time>2026-07-09T09:59:45Z</time>
    <extensions>
     <gpxdata:distance>5935.00</gpxdata:distance>
     <gpxdata:speed>7.711</gpxdata:speed>
    </extensions>
   </trkpt>
   <trkpt lat="46.9578954" lon="15.9350486">
    <ele>289</ele>
    <time>2026-07-09T09:59:46Z</time>
    <extensions>
     <gpxdata:distance>5942.50</gpxdata:distance>
     <gpxdata:speed>7.711</gpxdata:speed>
    </extensions>
   </trkpt>
   <trkpt lat="46.9578843" lon="15.9349474">
    <ele>289</ele>
    <time>2026-07-09T09:59:47Z</time>
    <extensions>
     <gpxdata:distance>5950.00</gpxdata:distance>
     <gpxdata:speed>7.719</gpxdata:speed>
    </extensions>
   </trkpt>
   <trkpt lat="46.9578717" lon="15.9348463">
    <ele>289</ele>
    <time>2026-07-09T09:59:48Z</time>
    <extensions>
     <gpxdata:distance>5958.00</gpxdata:distance>
     <gpxdata:speed>7.744</gpxdata:speed>
    </extensions>
   </trkpt>
   <trkpt lat="46.9578575" lon="15.9347456">
    <ele>289</ele>
    <time>2026-07-09T09:59:49Z</time>
    <extensions>
     <gpxdata:distance>5966.00</gpxdata:distance>
     <gpxdata:speed>7.764</gpxdata:speed>
    </extensions>
   </trkpt>
   <trkpt lat="46.9578429" lon="15.9346459">
    <ele>289</ele>
    <time>2026-07-09T09:59:50Z</time>
    <extensions>
     <gpxdata:distance>5973.50</gpxdata:distance>
     <gpxdata:speed>7.775</gpxdata:speed>
    </extensions>
   </trkpt>
   <trkpt lat="46.9578286" lon="15.9345465">
    <ele>289</ele>
    <time>2026-07-09T09:59:51Z</time>
    <extensions>
     <gpxdata:distance>5981.00</gpxdata:distance>
     <gpxdata:speed>7.761</gpxdata:speed>
    </extensions>
   </trkpt>
   <trkpt lat="46.9578146" lon="15.9344476">
    <ele>289</ele>
    <time>2026-07-09T09:59:52Z</time>
    <extensions>
     <gpxdata:distance>5988.50</gpxdata:distance>
     <gpxdata:speed>7.747</gpxdata:speed>
    </extensions>
   </trkpt>
   <trkpt lat="46.9578005" lon="15.9343487">
    <ele>289</ele>
    <time>2026-07-09T09:59:53Z</time>
    <extensions>
     <gpxdata:distance>5996.00</gpxdata:distance>
     <gpxdata:speed>7.722</gpxdata:speed>
    </extensions>
   </trkpt>
   <trkpt lat="46.9577864" lon="15.9342497">
    <ele>289</ele>
    <time>2026-07-09T09:59:54Z</time>
    <extensions>
     <gpxdata:distance>6004.00</gpxdata:distance>
     <gpxdata:speed>7.708</gpxdata:speed>
    </extensions>
   </trkpt>
   <trkpt lat="46.9577724" lon="15.9341501">
    <ele>290</ele>
    <time>2026-07-09T09:59:55Z</time>
    <extensions>
     <gpxdata:distance>6012.00</gpxdata:distance>
     <gpxdata:speed>7.703</gpxdata:speed>
    </extensions>
   </trkpt>
   <trkpt lat="46.9577590" lon="15.9340500">
    <ele>290</ele>
    <time>2026-07-09T09:59:56Z</time>
    <extensions>
     <gpxdata:distance>6019.50</gpxdata:distance>
     <gpxdata:speed>7.714</gpxdata:speed>
    </extensions>
   </trkpt>
   <trkpt lat="46.9577454" lon="15.9339498">
    <ele>289</ele>
    <time>2026-07-09T09:59:57Z</time>
    <extensions>
     <gpxdata:distance>6027.00</gpxdata:distance>
     <gpxdata:speed>7.728</gpxdata:speed>
    </extensions>
   </trkpt>
   <trkpt lat="46.9577314" lon="15.9338495">
    <ele>289</ele>
    <time>2026-07-09T09:59:58Z</time>
    <extensions>
     <gpxdata:distance>6035.00</gpxdata:distance>
     <gpxdata:speed>7.736</gpxdata:speed>
    </extensions>
   </trkpt>
   <trkpt lat="46.9577170" lon="15.9337489">
    <ele>289</ele>
    <time>2026-07-09T09:59:59Z</time>
    <extensions>
     <gpxdata:distance>6043.00</gpxdata:distance>
     <gpxdata:speed>7.753</gpxdata:speed>
    </extensions>
   </trkpt>
   <trkpt lat="46.9577026" lon="15.9336482">
    <ele>289</ele>
    <time>2026-07-09T10:00:00Z</time>
    <extensions>
     <gpxdata:distance>6051.00</gpxdata:distance>
     <gpxdata:speed>7.769</gpxdata:speed>
    </extensions>
   </trkpt>
   <trkpt lat="46.9576876" lon="15.9335478">
    <ele>289</ele>
    <time>2026-07-09T10:00:01Z</time>
    <extensions>
     <gpxdata:distance>6059.00</gpxdata:distance>
     <gpxdata:speed>7.786</gpxdata:speed>
    </extensions>
   </trkpt>
   <trkpt lat="46.9576712" lon="15.9334478">
    <ele>289</ele>
    <time>2026-07-09T10:00:02Z</time>
    <extensions>
     <gpxdata:distance>6066.50</gpxdata:distance>
     <gpxdata:speed>7.794</gpxdata:speed>
    </extensions>
   </trkpt>
   <trkpt lat="46.9576537" lon="15.9333484">
    <ele>289</ele>
    <time>2026-07-09T10:00:03Z</time>
    <extensions>
     <gpxdata:distance>6074.00</gpxdata:distance>
     <gpxdata:speed>7.803</gpxdata:speed>
    </extensions>
   </trkpt>
   <trkpt lat="46.9576359" lon="15.9332494">
    <ele>289</ele>
    <time>2026-07-09T10:00:04Z</time>
    <extensions>
     <gpxdata:distance>6082.00</gpxdata:distance>
     <gpxdata:speed>7.800</gpxdata:speed>
    </extensions>
   </trkpt>
   <trkpt lat="46.9576174" lon="15.9331513">
    <ele>289</ele>
    <time>2026-07-09T10:00:05Z</time>
    <extensions>
     <gpxdata:distance>6090.00</gpxdata:distance>
     <gpxdata:speed>7.792</gpxdata:speed>
    </extensions>
   </trkpt>
   <trkpt lat="46.9575978" lon="15.9330538">
    <ele>289</ele>
    <time>2026-07-09T10:00:06Z</time>
    <extensions>
     <gpxdata:distance>6097.50</gpxdata:distance>
     <gpxdata:speed>7.769</gpxdata:speed>
    </extensions>
   </trkpt>
   <trkpt lat="46.9575772" lon="15.9329573">
    <ele>289</ele>
    <time>2026-07-09T10:00:07Z</time>
    <extensions>
     <gpxdata:distance>6105.00</gpxdata:distance>
     <gpxdata:speed>7.756</gpxdata:speed>
    </extensions>
   </trkpt>
   <trkpt lat="46.9575564" lon="15.9328607">
    <ele>289</ele>
    <time>2026-07-09T10:00:08Z</time>
    <extensions>
     <gpxdata:distance>6113.00</gpxdata:distance>
     <gpxdata:speed>7.731</gpxdata:speed>
    </extensions>
   </trkpt>
   <trkpt lat="46.9575354" lon="15.9327645">
    <ele>289</ele>
    <time>2026-07-09T10:00:09Z</time>
    <extensions>
     <gpxdata:distance>6121.00</gpxdata:distance>
     <gpxdata:speed>7.719</gpxdata:speed>
    </extensions>
   </trkpt>
   <trkpt lat="46.9575141" lon="15.9326685">
    <ele>289</ele>
    <time>2026-07-09T10:00:10Z</time>
    <extensions>
     <gpxdata:distance>6128.50</gpxdata:distance>
     <gpxdata:speed>7.706</gpxdata:speed>
    </extensions>
   </trkpt>
   <trkpt lat="46.9574936" lon="15.9325725">
    <ele>289</ele>
    <time>2026-07-09T10:00:11Z</time>
    <extensions>
     <gpxdata:distance>6136.00</gpxdata:distance>
     <gpxdata:speed>7.689</gpxdata:speed>
    </extensions>
   </trkpt>
   <trkpt lat="46.9574762" lon="15.9324754">
    <ele>289</ele>
    <time>2026-07-09T10:00:12Z</time>
    <extensions>
     <gpxdata:distance>6143.50</gpxdata:distance>
     <gpxdata:speed>7.675</gpxdata:speed>
    </extensions>
   </trkpt>
   <trkpt lat="46.9574633" lon="15.9323771">
    <ele>289</ele>
    <time>2026-07-09T10:00:13Z</time>
    <extensions>
     <gpxdata:distance>6151.00</gpxdata:distance>
     <gpxdata:speed>7.664</gpxdata:speed>
    </extensions>
   </trkpt>
   <trkpt lat="46.9574545" lon="15.9322778">
    <ele>289</ele>
    <time>2026-07-09T10:00:14Z</time>
    <extensions>
     <gpxdata:distance>6158.50</gpxdata:distance>
     <gpxdata:speed>7.647</gpxdata:speed>
    </extensions>
   </trkpt>
   <trkpt lat="46.9574480" lon="15.9321784">
    <ele>289</ele>
    <time>2026-07-09T10:00:15Z</time>
    <extensions>
     <gpxdata:distance>6166.00</gpxdata:distance>
     <gpxdata:speed>7.636</gpxdata:speed>
    </extensions>
   </trkpt>
   <trkpt lat="46.9574431" lon="15.9320791">
    <ele>289</ele>
    <time>2026-07-09T10:00:16Z</time>
    <extensions>
     <gpxdata:distance>6173.50</gpxdata:distance>
     <gpxdata:speed>7.617</gpxdata:speed>
    </extensions>
   </trkpt>
   <trkpt lat="46.9574392" lon="15.9319804">
    <ele>289</ele>
    <time>2026-07-09T10:00:17Z</time>
    <extensions>
     <gpxdata:distance>6181.00</gpxdata:distance>
     <gpxdata:speed>7.594</gpxdata:speed>
    </extensions>
   </trkpt>
   <trkpt lat="46.9574358" lon="15.9318825">
    <ele>289</ele>
    <time>2026-07-09T10:00:18Z</time>
    <extensions>
     <gpxdata:distance>6188.50</gpxdata:distance>
     <gpxdata:speed>7.561</gpxdata:speed>
    </extensions>
   </trkpt>
   <trkpt lat="46.9574334" lon="15.9317848">
    <ele>289</ele>
    <time>2026-07-09T10:00:19Z</time>
    <extensions>
     <gpxdata:distance>6196.00</gpxdata:distance>
     <gpxdata:speed>7.522</gpxdata:speed>
    </extensions>
   </trkpt>
   <trkpt lat="46.9574322" lon="15.9316876">
    <ele>289</ele>
    <time>2026-07-09T10:00:20Z</time>
    <extensions>
     <gpxdata:distance>6203.50</gpxdata:distance>
     <gpxdata:speed>7.486</gpxdata:speed>
    </extensions>
   </trkpt>
   <trkpt lat="46.9574320" lon="15.9315906">
    <ele>289</ele>
    <time>2026-07-09T10:00:21Z</time>
    <extensions>
     <gpxdata:distance>6211.00</gpxdata:distance>
     <gpxdata:speed>7.453</gpxdata:speed>
    </extensions>
   </trkpt>
   <trkpt lat="46.9574323" lon="15.9314939">
    <ele>289</ele>
    <time>2026-07-09T10:00:22Z</time>
    <extensions>
     <gpxdata:distance>6218.50</gpxdata:distance>
     <gpxdata:speed>7.425</gpxdata:speed>
    </extensions>
   </trkpt>
   <trkpt lat="46.9574322" lon="15.9313975">
    <ele>289</ele>
    <time>2026-07-09T10:00:23Z</time>
    <extensions>
     <gpxdata:distance>6226.00</gpxdata:distance>
     <gpxdata:speed>7.394</gpxdata:speed>
    </extensions>
   </trkpt>
   <trkpt lat="46.9574313" lon="15.9313012">
    <ele>290</ele>
    <time>2026-07-09T10:00:24Z</time>
    <extensions>
     <gpxdata:distance>6233.00</gpxdata:distance>
     <gpxdata:speed>7.367</gpxdata:speed>
    </extensions>
   </trkpt>
   <trkpt lat="46.9574295" lon="15.9312050">
    <ele>290</ele>
    <time>2026-07-09T10:00:25Z</time>
    <extensions>
     <gpxdata:distance>6240.00</gpxdata:distance>
     <gpxdata:speed>7.350</gpxdata:speed>
    </extensions>
   </trkpt>
   <trkpt lat="46.9574283" lon="15.9311090">
    <ele>290</ele>
    <time>2026-07-09T10:00:26Z</time>
    <extensions>
     <gpxdata:distance>6247.50</gpxdata:distance>
     <gpxdata:speed>7.333</gpxdata:speed>
    </extensions>
   </trkpt>
   <trkpt lat="46.9574282" lon="15.9310126">
    <ele>290</ele>
    <time>2026-07-09T10:00:27Z</time>
    <extensions>
     <gpxdata:distance>6255.00</gpxdata:distance>
     <gpxdata:speed>7.319</gpxdata:speed>
    </extensions>
   </trkpt>
   <trkpt lat="46.9574289" lon="15.9309161">
    <ele>290</ele>
    <time>2026-07-09T10:00:28Z</time>
    <extensions>
     <gpxdata:distance>6262.50</gpxdata:distance>
     <gpxdata:speed>7.322</gpxdata:speed>
    </extensions>
   </trkpt>
   <trkpt lat="46.9574303" lon="15.9308190">
    <ele>290</ele>
    <time>2026-07-09T10:00:29Z</time>
    <extensions>
     <gpxdata:distance>6270.00</gpxdata:distance>
     <gpxdata:speed>7.328</gpxdata:speed>
    </extensions>
   </trkpt>
   <trkpt lat="46.9574329" lon="15.9307216">
    <ele>290</ele>
    <time>2026-07-09T10:00:30Z</time>
    <extensions>
     <gpxdata:distance>6277.50</gpxdata:distance>
     <gpxdata:speed>7.347</gpxdata:speed>
    </extensions>
   </trkpt>
   <trkpt lat="46.9574368" lon="15.9306239">
    <ele>290</ele>
    <time>2026-07-09T10:00:31Z</time>
    <extensions>
     <gpxdata:distance>6285.00</gpxdata:distance>
     <gpxdata:speed>7.367</gpxdata:speed>
    </extensions>
   </trkpt>
   <trkpt lat="46.9574418" lon="15.9305259">
    <ele>290</ele>
    <time>2026-07-09T10:00:32Z</time>
    <extensions>
     <gpxdata:distance>6292.00</gpxdata:distance>
     <gpxdata:speed>7.389</gpxdata:speed>
    </extensions>
   </trkpt>
   <trkpt lat="46.9574480" lon="15.9304277">
    <ele>290</ele>
    <time>2026-07-09T10:00:33Z</time>
    <extensions>
     <gpxdata:distance>6299.00</gpxdata:distance>
     <gpxdata:speed>7.417</gpxdata:speed>
    </extensions>
   </trkpt>
   <trkpt lat="46.9574544" lon="15.9303292">
    <ele>290</ele>
    <time>2026-07-09T10:00:34Z</time>
    <extensions>
     <gpxdata:distance>6307.00</gpxdata:distance>
     <gpxdata:speed>7.444</gpxdata:speed>
    </extensions>
   </trkpt>
   <trkpt lat="46.9574611" lon="15.9302307">
    <ele>290</ele>
    <time>2026-07-09T10:00:35Z</time>
    <extensions>
     <gpxdata:distance>6315.00</gpxdata:distance>
     <gpxdata:speed>7.469</gpxdata:speed>
    </extensions>
   </trkpt>
   <trkpt lat="46.9574681" lon="15.9301320">
    <ele>290</ele>
    <time>2026-07-09T10:00:36Z</time>
    <extensions>
     <gpxdata:distance>6322.50</gpxdata:distance>
     <gpxdata:speed>7.486</gpxdata:speed>
    </extensions>
   </trkpt>
   <trkpt lat="46.9574754" lon="15.9300332">
    <ele>290</ele>
    <time>2026-07-09T10:00:37Z</time>
    <extensions>
     <gpxdata:distance>6330.00</gpxdata:distance>
     <gpxdata:speed>7.506</gpxdata:speed>
    </extensions>
   </trkpt>
   <trkpt lat="46.9574830" lon="15.9299341">
    <ele>290</ele>
    <time>2026-07-09T10:00:38Z</time>
    <extensions>
     <gpxdata:distance>6337.50</gpxdata:distance>
     <gpxdata:speed>7.525</gpxdata:speed>
    </extensions>
   </trkpt>
   <trkpt lat="46.9574905" lon="15.9298348">
    <ele>290</ele>
    <time>2026-07-09T10:00:39Z</time>
    <extensions>
     <gpxdata:distance>6345.00</gpxdata:distance>
     <gpxdata:speed>7.544</gpxdata:speed>
    </extensions>
   </trkpt>
   <trkpt lat="46.9574981" lon="15.9297354">
    <ele>290</ele>
    <time>2026-07-09T10:00:40Z</time>
    <extensions>
     <gpxdata:distance>6352.50</gpxdata:distance>
     <gpxdata:speed>7.561</gpxdata:speed>
    </extensions>
   </trkpt>
   <trkpt lat="46.9575054" lon="15.9296358">
    <ele>290</ele>
    <time>2026-07-09T10:00:41Z</time>
    <extensions>
     <gpxdata:distance>6360.00</gpxdata:distance>
     <gpxdata:speed>7.575</gpxdata:speed>
    </extensions>
   </trkpt>
   <trkpt lat="46.9575127" lon="15.9295365">
    <ele>290</ele>
    <time>2026-07-09T10:00:42Z</time>
    <extensions>
     <gpxdata:distance>6367.50</gpxdata:distance>
     <gpxdata:speed>7.589</gpxdata:speed>
    </extensions>
   </trkpt>
   <trkpt lat="46.9575207" lon="15.9294375">
    <ele>290</ele>
    <time>2026-07-09T10:00:43Z</time>
    <extensions>
     <gpxdata:distance>6375.00</gpxdata:distance>
     <gpxdata:speed>7.586</gpxdata:speed>
    </extensions>
   </trkpt>
   <trkpt lat="46.9575294" lon="15.9293387">
    <ele>290</ele>
    <time>2026-07-09T10:00:44Z</time>
    <extensions>
     <gpxdata:distance>6382.50</gpxdata:distance>
     <gpxdata:speed>7.583</gpxdata:speed>
    </extensions>
   </trkpt>
   <trkpt lat="46.9575388" lon="15.9292401">
    <ele>290</ele>
    <time>2026-07-09T10:00:45Z</time>
    <extensions>
     <gpxdata:distance>6390.00</gpxdata:distance>
     <gpxdata:speed>7.578</gpxdata:speed>
    </extensions>
   </trkpt>
   <trkpt lat="46.9575481" lon="15.9291417">
    <ele>290</ele>
    <time>2026-07-09T10:00:46Z</time>
    <extensions>
     <gpxdata:distance>6397.50</gpxdata:distance>
     <gpxdata:speed>7.575</gpxdata:speed>
    </extensions>
   </trkpt>
   <trkpt lat="46.9575573" lon="15.9290431">
    <ele>290</ele>
    <time>2026-07-09T10:00:47Z</time>
    <extensions>
     <gpxdata:distance>6405.00</gpxdata:distance>
     <gpxdata:speed>7.567</gpxdata:speed>
    </extensions>
   </trkpt>
   <trkpt lat="46.9575666" lon="15.9289445">
    <ele>290</ele>
    <time>2026-07-09T10:00:48Z</time>
    <extensions>
     <gpxdata:distance>6413.00</gpxdata:distance>
     <gpxdata:speed>7.564</gpxdata:speed>
    </extensions>
   </trkpt>
   <trkpt lat="46.9575755" lon="15.9288462">
    <ele>290</ele>
    <time>2026-07-09T10:00:49Z</time>
    <extensions>
     <gpxdata:distance>6421.00</gpxdata:distance>
     <gpxdata:speed>7.564</gpxdata:speed>
    </extensions>
   </trkpt>
   <trkpt lat="46.9575832" lon="15.9287487">
    <ele>290</ele>
    <time>2026-07-09T10:00:50Z</time>
    <extensions>
     <gpxdata:distance>6428.00</gpxdata:distance>
     <gpxdata:speed>7.550</gpxdata:speed>
    </extensions>
   </trkpt>
   <trkpt lat="46.9575897" lon="15.9286517">
    <ele>290</ele>
    <time>2026-07-09T10:00:51Z</time>
    <extensions>
     <gpxdata:distance>6435.00</gpxdata:distance>
     <gpxdata:speed>7.517</gpxdata:speed>
    </extensions>
   </trkpt>
   <trkpt lat="46.9575950" lon="15.9285553">
    <ele>290</ele>
    <time>2026-07-09T10:00:52Z</time>
    <extensions>
     <gpxdata:distance>6442.50</gpxdata:distance>
     <gpxdata:speed>7.475</gpxdata:speed>
    </extensions>
   </trkpt>
   <trkpt lat="46.9575982" lon="15.9284592">
    <ele>290</ele>
    <time>2026-07-09T10:00:53Z</time>
    <extensions>
     <gpxdata:distance>6450.00</gpxdata:distance>
     <gpxdata:speed>7.433</gpxdata:speed>
    </extensions>
   </trkpt>
   <trkpt lat="46.9575991" lon="15.9283636">
    <ele>290</ele>
    <time>2026-07-09T10:00:54Z</time>
    <extensions>
     <gpxdata:distance>6457.50</gpxdata:distance>
     <gpxdata:speed>7.389</gpxdata:speed>
    </extensions>
   </trkpt>
   <trkpt lat="46.9575981" lon="15.9282684">
    <ele>290</ele>
    <time>2026-07-09T10:00:55Z</time>
    <extensions>
     <gpxdata:distance>6465.00</gpxdata:distance>
     <gpxdata:speed>7.347</gpxdata:speed>
    </extensions>
   </trkpt>
   <trkpt lat="46.9575955" lon="15.9281730">
    <ele>290</ele>
    <time>2026-07-09T10:00:56Z</time>
    <extensions>
     <gpxdata:distance>6472.00</gpxdata:distance>
     <gpxdata:speed>7.308</gpxdata:speed>
    </extensions>
   </trkpt>
   <trkpt lat="46.9575916" lon="15.9280770">
    <ele>290</ele>
    <time>2026-07-09T10:00:57Z</time>
    <extensions>
     <gpxdata:distance>6479.00</gpxdata:distance>
     <gpxdata:speed>7.292</gpxdata:speed>
    </extensions>
   </trkpt>
   <trkpt lat="46.9575871" lon="15.9279813">
    <ele>290</ele>
    <time>2026-07-09T10:00:58Z</time>
    <extensions>
     <gpxdata:distance>6486.50</gpxdata:distance>
     <gpxdata:speed>7.297</gpxdata:speed>
    </extensions>
   </trkpt>
   <trkpt lat="46.9575822" lon="15.9278862">
    <ele>290</ele>
    <time>2026-07-09T10:00:59Z</time>
    <extensions>
     <gpxdata:distance>6494.00</gpxdata:distance>
     <gpxdata:speed>7.286</gpxdata:speed>
    </extensions>
   </trkpt>
   <trkpt lat="46.9575774" lon="15.9277917">
    <ele>290</ele>
    <time>2026-07-09T10:01:00Z</time>
    <extensions>
     <gpxdata:distance>6501.00</gpxdata:distance>
     <gpxdata:speed>7.267</gpxdata:speed>
    </extensions>
   </trkpt>
   <trkpt lat="46.9575727" lon="15.9276976">
    <ele>289</ele>
    <time>2026-07-09T10:01:01Z</time>
    <extensions>
     <gpxdata:distance>6508.00</gpxdata:distance>
     <gpxdata:speed>7.236</gpxdata:speed>
    </extensions>
   </trkpt>
   <trkpt lat="46.9575681" lon="15.9276040">
    <ele>289</ele>
    <time>2026-07-09T10:01:02Z</time>
    <extensions>
     <gpxdata:distance>6515.00</gpxdata:distance>
     <gpxdata:speed>7.214</gpxdata:speed>
    </extensions>
   </trkpt>
   <trkpt lat="46.9575640" lon="15.9275105">
    <ele>289</ele>
    <time>2026-07-09T10:01:03Z</time>
    <extensions>
     <gpxdata:distance>6522.00</gpxdata:distance>
     <gpxdata:speed>7.183</gpxdata:speed>
    </extensions>
   </trkpt>
   <trkpt lat="46.9575608" lon="15.9274172">
    <ele>289</ele>
    <time>2026-07-09T10:01:04Z</time>
    <extensions>
     <gpxdata:distance>6529.50</gpxdata:distance>
     <gpxdata:speed>7.164</gpxdata:speed>
    </extensions>
   </trkpt>
   <trkpt lat="46.9575586" lon="15.9273251">
    <ele>289</ele>
    <time>2026-07-09T10:01:05Z</time>
    <extensions>
     <gpxdata:distance>6537.00</gpxdata:distance>
     <gpxdata:speed>7.139</gpxdata:speed>
    </extensions>
   </trkpt>
   <trkpt lat="46.9575567" lon="15.9272365">
    <ele>289</ele>
    <time>2026-07-09T10:01:06Z</time>
    <extensions>
     <gpxdata:distance>6543.50</gpxdata:distance>
     <gpxdata:speed>7.086</gpxdata:speed>
    </extensions>
   </trkpt>
   <trkpt lat="46.9575564" lon="15.9271515">
    <ele>289</ele>
    <time>2026-07-09T10:01:07Z</time>
    <extensions>
     <gpxdata:distance>6550.00</gpxdata:distance>
     <gpxdata:speed>6.944</gpxdata:speed>
    </extensions>
   </trkpt>
   <trkpt lat="46.9575584" lon="15.9270683">
    <ele>289</ele>
    <time>2026-07-09T10:01:08Z</time>
    <extensions>
     <gpxdata:distance>6556.50</gpxdata:distance>
     <gpxdata:speed>6.764</gpxdata:speed>
    </extensions>
   </trkpt>
   <trkpt lat="46.9575615" lon="15.9269851">
    <ele>289</ele>
    <time>2026-07-09T10:01:09Z</time>
    <extensions>
     <gpxdata:distance>6563.00</gpxdata:distance>
     <gpxdata:speed>6.517</gpxdata:speed>
    </extensions>
   </trkpt>
   <trkpt lat="46.9575661" lon="15.9269015">
    <ele>289</ele>
    <time>2026-07-09T10:01:10Z</time>
    <extensions>
     <gpxdata:distance>6569.00</gpxdata:distance>
     <gpxdata:speed>6.419</gpxdata:speed>
    </extensions>
   </trkpt>
   <trkpt lat="46.9575718" lon="15.9268179">
    <ele>289</ele>
    <time>2026-07-09T10:01:11Z</time>
    <extensions>
     <gpxdata:distance>6575.00</gpxdata:distance>
     <gpxdata:speed>6.419</gpxdata:speed>
    </extensions>
   </trkpt>
   <trkpt lat="46.9575788" lon="15.9267343">
    <ele>289</ele>
    <time>2026-07-09T10:01:12Z</time>
    <extensions>
     <gpxdata:distance>6581.50</gpxdata:distance>
     <gpxdata:speed>6.400</gpxdata:speed>
    </extensions>
   </trkpt>
   <trkpt lat="46.9575869" lon="15.9266509">
    <ele>289</ele>
    <time>2026-07-09T10:01:13Z</time>
    <extensions>
     <gpxdata:distance>6588.00</gpxdata:distance>
     <gpxdata:speed>6.400</gpxdata:speed>
    </extensions>
   </trkpt>
   <trkpt lat="46.9575962" lon="15.9265678">
    <ele>289</ele>
    <time>2026-07-09T10:01:14Z</time>
    <extensions>
     <gpxdata:distance>6594.50</gpxdata:distance>
     <gpxdata:speed>6.397</gpxdata:speed>
    </extensions>
   </trkpt>
   <trkpt lat="46.9576065" lon="15.9264856">
    <ele>289</ele>
    <time>2026-07-09T10:01:15Z</time>
    <extensions>
     <gpxdata:distance>6601.00</gpxdata:distance>
     <gpxdata:speed>6.389</gpxdata:speed>
    </extensions>
   </trkpt>
   <trkpt lat="46.9576183" lon="15.9264046">
    <ele>289</ele>
    <time>2026-07-09T10:01:16Z</time>
    <extensions>
     <gpxdata:distance>6607.50</gpxdata:distance>
     <gpxdata:speed>6.353</gpxdata:speed>
    </extensions>
   </trkpt>
   <trkpt lat="46.9576318" lon="15.9263242">
    <ele>289</ele>
    <time>2026-07-09T10:01:17Z</time>
    <extensions>
     <gpxdata:distance>6614.00</gpxdata:distance>
     <gpxdata:speed>6.308</gpxdata:speed>
    </extensions>
   </trkpt>
   <trkpt lat="46.9576471" lon="15.9262442">
    <ele>289</ele>
    <time>2026-07-09T10:01:18Z</time>
    <extensions>
     <gpxdata:distance>6620.00</gpxdata:distance>
     <gpxdata:speed>6.303</gpxdata:speed>
    </extensions>
   </trkpt>
   <trkpt lat="46.9576636" lon="15.9261642">
    <ele>289</ele>
    <time>2026-07-09T10:01:19Z</time>
    <extensions>
     <gpxdata:distance>6626.00</gpxdata:distance>
     <gpxdata:speed>6.308</gpxdata:speed>
    </extensions>
   </trkpt>
   <trkpt lat="46.9576811" lon="15.9260839">
    <ele>289</ele>
    <time>2026-07-09T10:01:20Z</time>
    <extensions>
     <gpxdata:distance>6632.50</gpxdata:distance>
     <gpxdata:speed>6.328</gpxdata:speed>
    </extensions>
   </trkpt>
   <trkpt lat="46.9576997" lon="15.9260035">
    <ele>289</ele>
    <time>2026-07-09T10:01:21Z</time>
    <extensions>
     <gpxdata:distance>6639.00</gpxdata:distance>
     <gpxdata:speed>6.358</gpxdata:speed>
    </extensions>
   </trkpt>
   <trkpt lat="46.9577189" lon="15.9259235">
    <ele>289</ele>
    <time>2026-07-09T10:01:22Z</time>
    <extensions>
     <gpxdata:distance>6645.50</gpxdata:distance>
     <gpxdata:speed>6.389</gpxdata:speed>
    </extensions>
   </trkpt>
   <trkpt lat="46.9577387" lon="15.9258435">
    <ele>289</ele>
    <time>2026-07-09T10:01:23Z</time>
    <extensions>
     <gpxdata:distance>6652.00</gpxdata:distance>
     <gpxdata:speed>6.403</gpxdata:speed>
    </extensions>
   </trkpt>
   <trkpt lat="46.9577591" lon="15.9257633">
    <ele>289</ele>
    <time>2026-07-09T10:01:24Z</time>
    <extensions>
     <gpxdata:distance>6658.50</gpxdata:distance>
     <gpxdata:speed>6.425</gpxdata:speed>
    </extensions>
   </trkpt>
   <trkpt lat="46.9577800" lon="15.9256825">
    <ele>289</ele>
    <time>2026-07-09T10:01:25Z</time>
    <extensions>
     <gpxdata:distance>6665.00</gpxdata:distance>
     <gpxdata:speed>6.453</gpxdata:speed>
    </extensions>
   </trkpt>
   <trkpt lat="46.9578013" lon="15.9256008">
    <ele>289</ele>
    <time>2026-07-09T10:01:26Z</time>
    <extensions>
     <gpxdata:distance>6671.50</gpxdata:distance>
     <gpxdata:speed>6.497</gpxdata:speed>
    </extensions>
   </trkpt>
   <trkpt lat="46.9578225" lon="15.9255185">
    <ele>289</ele>
    <time>2026-07-09T10:01:27Z</time>
    <extensions>
     <gpxdata:distance>6678.00</gpxdata:distance>
     <gpxdata:speed>6.553</gpxdata:speed>
    </extensions>
   </trkpt>
   <trkpt lat="46.9578432" lon="15.9254355">
    <ele>289</ele>
    <time>2026-07-09T10:01:28Z</time>
    <extensions>
     <gpxdata:distance>6685.00</gpxdata:distance>
     <gpxdata:speed>6.600</gpxdata:speed>
    </extensions>
   </trkpt>
   <trkpt lat="46.9578631" lon="15.9253524">
    <ele>289</ele>
    <time>2026-07-09T10:01:29Z</time>
    <extensions>
     <gpxdata:distance>6692.00</gpxdata:distance>
     <gpxdata:speed>6.639</gpxdata:speed>
    </extensions>
   </trkpt>
   <trkpt lat="46.9578826" lon="15.9252690">
    <ele>289</ele>
    <time>2026-07-09T10:01:30Z</time>
    <extensions>
     <gpxdata:distance>6698.50</gpxdata:distance>
     <gpxdata:speed>6.658</gpxdata:speed>
    </extensions>
   </trkpt>
   <trkpt lat="46.9579013" lon="15.9251850">
    <ele>289</ele>
    <time>2026-07-09T10:01:31Z</time>
    <extensions>
     <gpxdata:distance>6705.00</gpxdata:distance>
     <gpxdata:speed>6.672</gpxdata:speed>
    </extensions>
   </trkpt>
   <trkpt lat="46.9579189" lon="15.9251008">
    <ele>289</ele>
    <time>2026-07-09T10:01:32Z</time>
    <extensions>
     <gpxdata:distance>6711.50</gpxdata:distance>
     <gpxdata:speed>6.692</gpxdata:speed>
    </extensions>
   </trkpt>
   <trkpt lat="46.9579355" lon="15.9250162">
    <ele>289</ele>
    <time>2026-07-09T10:01:33Z</time>
    <extensions>
     <gpxdata:distance>6718.00</gpxdata:distance>
     <gpxdata:speed>6.692</gpxdata:speed>
    </extensions>
   </trkpt>
   <trkpt lat="46.9579514" lon="15.9249311">
    <ele>289</ele>
    <time>2026-07-09T10:01:34Z</time>
    <extensions>
     <gpxdata:distance>6725.00</gpxdata:distance>
     <gpxdata:speed>6.692</gpxdata:speed>
    </extensions>
   </trkpt>
   <trkpt lat="46.9579672" lon="15.9248453">
    <ele>289</ele>
    <time>2026-07-09T10:01:35Z</time>
    <extensions>
     <gpxdata:distance>6732.00</gpxdata:distance>
     <gpxdata:speed>6.700</gpxdata:speed>
    </extensions>
   </trkpt>
   <trkpt lat="46.9579831" lon="15.9247590">
    <ele>289</ele>
    <time>2026-07-09T10:01:36Z</time>
    <extensions>
     <gpxdata:distance>6738.50</gpxdata:distance>
     <gpxdata:speed>6.722</gpxdata:speed>
    </extensions>
   </trkpt>
   <trkpt lat="46.9579981" lon="15.9246720">
    <ele>289</ele>
    <time>2026-07-09T10:01:37Z</time>
    <extensions>
     <gpxdata:distance>6745.00</gpxdata:distance>
     <gpxdata:speed>6.747</gpxdata:speed>
    </extensions>
   </trkpt>
   <trkpt lat="46.9580127" lon="15.9245840">
    <ele>289</ele>
    <time>2026-07-09T10:01:38Z</time>
    <extensions>
     <gpxdata:distance>6752.00</gpxdata:distance>
     <gpxdata:speed>6.775</gpxdata:speed>
    </extensions>
   </trkpt>
   <trkpt lat="46.9580265" lon="15.9244954">
    <ele>289</ele>
    <time>2026-07-09T10:01:39Z</time>
    <extensions>
     <gpxdata:distance>6759.00</gpxdata:distance>
     <gpxdata:speed>6.814</gpxdata:speed>
    </extensions>
   </trkpt>
   <trkpt lat="46.9580398" lon="15.9244069">
    <ele>289</ele>
    <time>2026-07-09T10:01:40Z</time>
    <extensions>
     <gpxdata:distance>6766.00</gpxdata:distance>
     <gpxdata:speed>6.842</gpxdata:speed>
    </extensions>
   </trkpt>
   <trkpt lat="46.9580522" lon="15.9243182">
    <ele>289</ele>
    <time>2026-07-09T10:01:41Z</time>
    <extensions>
     <gpxdata:distance>6773.00</gpxdata:distance>
     <gpxdata:speed>6.856</gpxdata:speed>
    </extensions>
   </trkpt>
   <trkpt lat="46.9580638" lon="15.9242297">
    <ele>289</ele>
    <time>2026-07-09T10:01:42Z</time>
    <extensions>
     <gpxdata:distance>6780.00</gpxdata:distance>
     <gpxdata:speed>6.861</gpxdata:speed>
    </extensions>
   </trkpt>
   <trkpt lat="46.9580750" lon="15.9241417">
    <ele>289</ele>
    <time>2026-07-09T10:01:43Z</time>
    <extensions>
     <gpxdata:distance>6787.00</gpxdata:distance>
     <gpxdata:speed>6.856</gpxdata:speed>
    </extensions>
   </trkpt>
   <trkpt lat="46.9580858" lon="15.9240544">
    <ele>289</ele>
    <time>2026-07-09T10:01:44Z</time>
    <extensions>
     <gpxdata:distance>6793.50</gpxdata:distance>
     <gpxdata:speed>6.833</gpxdata:speed>
    </extensions>
   </trkpt>
   <trkpt lat="46.9580964" lon="15.9239668">
    <ele>289</ele>
    <time>2026-07-09T10:01:45Z</time>
    <extensions>
     <gpxdata:distance>6800.00</gpxdata:distance>
     <gpxdata:speed>6.806</gpxdata:speed>
    </extensions>
   </trkpt>
   <trkpt lat="46.9581062" lon="15.9238785">
    <ele>289</ele>
    <time>2026-07-09T10:01:46Z</time>
    <extensions>
     <gpxdata:distance>6807.00</gpxdata:distance>
     <gpxdata:speed>6.792</gpxdata:speed>
    </extensions>
   </trkpt>
   <trkpt lat="46.9581155" lon="15.9237901">
    <ele>289</ele>
    <time>2026-07-09T10:01:47Z</time>
    <extensions>
     <gpxdata:distance>6814.00</gpxdata:distance>
     <gpxdata:speed>6.800</gpxdata:speed>
    </extensions>
   </trkpt>
   <trkpt lat="46.9581259" lon="15.9237020">
    <ele>289</ele>
    <time>2026-07-09T10:01:48Z</time>
    <extensions>
     <gpxdata:distance>6820.50</gpxdata:distance>
     <gpxdata:speed>6.797</gpxdata:speed>
    </extensions>
   </trkpt>
   <trkpt lat="46.9581371" lon="15.9236137">
    <ele>288</ele>
    <time>2026-07-09T10:01:49Z</time>
    <extensions>
     <gpxdata:distance>6827.00</gpxdata:distance>
     <gpxdata:speed>6.794</gpxdata:speed>
    </extensions>
   </trkpt>
   <trkpt lat="46.9581481" lon="15.9235244">
    <ele>289</ele>
    <time>2026-07-09T10:01:50Z</time>
    <extensions>
     <gpxdata:distance>6834.00</gpxdata:distance>
     <gpxdata:speed>6.808</gpxdata:speed>
    </extensions>
   </trkpt>
   <trkpt lat="46.9581589" lon="15.9234339">
    <ele>289</ele>
    <time>2026-07-09T10:01:51Z</time>
    <extensions>
     <gpxdata:distance>6841.00</gpxdata:distance>
     <gpxdata:speed>6.842</gpxdata:speed>
    </extensions>
   </trkpt>
   <trkpt lat="46.9581696" lon="15.9233429">
    <ele>288</ele>
    <time>2026-07-09T10:01:52Z</time>
    <extensions>
     <gpxdata:distance>6848.00</gpxdata:distance>
     <gpxdata:speed>6.892</gpxdata:speed>
    </extensions>
   </trkpt>
   <trkpt lat="46.9581812" lon="15.9232520">
    <ele>289</ele>
    <time>2026-07-09T10:01:53Z</time>
    <extensions>
     <gpxdata:distance>6855.00</gpxdata:distance>
     <gpxdata:speed>6.931</gpxdata:speed>
    </extensions>
   </trkpt>
   <trkpt lat="46.9581931" lon="15.9231611">
    <ele>289</ele>
    <time>2026-07-09T10:01:54Z</time>
    <extensions>
     <gpxdata:distance>6862.00</gpxdata:distance>
     <gpxdata:speed>6.961</gpxdata:speed>
    </extensions>
   </trkpt>
   <trkpt lat="46.9582049" lon="15.9230703">
    <ele>289</ele>
    <time>2026-07-09T10:01:55Z</time>
    <extensions>
     <gpxdata:distance>6869.00</gpxdata:distance>
     <gpxdata:speed>6.986</gpxdata:speed>
    </extensions>
   </trkpt>
   <trkpt lat="46.9582168" lon="15.9229797">
    <ele>289</ele>
    <time>2026-07-09T10:01:56Z</time>
    <extensions>
     <gpxdata:distance>6876.00</gpxdata:distance>
     <gpxdata:speed>6.997</gpxdata:speed>
    </extensions>
   </trkpt>
   <trkpt lat="46.9582288" lon="15.9228896">
    <ele>289</ele>
    <time>2026-07-09T10:01:57Z</time>
    <extensions>
     <gpxdata:distance>6883.00</gpxdata:distance>
     <gpxdata:speed>7.003</gpxdata:speed>
    </extensions>
   </trkpt>
   <trkpt lat="46.9582410" lon="15.9228002">
    <ele>289</ele>
    <time>2026-07-09T10:01:58Z</time>
    <extensions>
     <gpxdata:distance>6890.00</gpxdata:distance>
     <gpxdata:speed>6.989</gpxdata:speed>
    </extensions>
   </trkpt>
   <trkpt lat="46.9582538" lon="15.9227114">
    <ele>289</ele>
    <time>2026-07-09T10:01:59Z</time>
    <extensions>
     <gpxdata:distance>6897.00</gpxdata:distance>
     <gpxdata:speed>6.969</gpxdata:speed>
    </extensions>
   </trkpt>
   <trkpt lat="46.9582673" lon="15.9226233">
    <ele>289</ele>
    <time>2026-07-09T10:02:00Z</time>
    <extensions>
     <gpxdata:distance>6904.00</gpxdata:distance>
     <gpxdata:speed>6.944</gpxdata:speed>
    </extensions>
   </trkpt>
   <trkpt lat="46.9582818" lon="15.9225358">
    <ele>289</ele>
    <time>2026-07-09T10:02:01Z</time>
    <extensions>
     <gpxdata:distance>6911.00</gpxdata:distance>
     <gpxdata:speed>6.917</gpxdata:speed>
    </extensions>
   </trkpt>
   <trkpt lat="46.9582969" lon="15.9224490">
    <ele>289</ele>
    <time>2026-07-09T10:02:02Z</time>
    <extensions>
     <gpxdata:distance>6917.50</gpxdata:distance>
     <gpxdata:speed>6.892</gpxdata:speed>
    </extensions>
   </trkpt>
   <trkpt lat="46.9583128" lon="15.9223626">
    <ele>289</ele>
    <time>2026-07-09T10:02:03Z</time>
    <extensions>
     <gpxdata:distance>6924.00</gpxdata:distance>
     <gpxdata:speed>6.864</gpxdata:speed>
    </extensions>
   </trkpt>
   <trkpt lat="46.9583296" lon="15.9222768">
    <ele>289</ele>
    <time>2026-07-09T10:02:04Z</time>
    <extensions>
     <gpxdata:distance>6931.00</gpxdata:distance>
     <gpxdata:speed>6.842</gpxdata:speed>
    </extensions>
   </trkpt>
   <trkpt lat="46.9583476" lon="15.9221920">
    <ele>289</ele>
    <time>2026-07-09T10:02:05Z</time>
    <extensions>
     <gpxdata:distance>6938.00</gpxdata:distance>
     <gpxdata:speed>6.819</gpxdata:speed>
    </extensions>
   </trkpt>
   <trkpt lat="46.9583667" lon="15.9221078">
    <ele>289</ele>
    <time>2026-07-09T10:02:06Z</time>
    <extensions>
     <gpxdata:distance>6944.50</gpxdata:distance>
     <gpxdata:speed>6.792</gpxdata:speed>
    </extensions>
   </trkpt>
   <trkpt lat="46.9583867" lon="15.9220242">
    <ele>289</ele>
    <time>2026-07-09T10:02:07Z</time>
    <extensions>
     <gpxdata:distance>6951.00</gpxdata:distance>
     <gpxdata:speed>6.775</gpxdata:speed>
    </extensions>
   </trkpt>
   <trkpt lat="46.9584072" lon="15.9219413">
    <ele>289</ele>
    <time>2026-07-09T10:02:08Z</time>
    <extensions>
     <gpxdata:distance>6958.00</gpxdata:distance>
     <gpxdata:speed>6.758</gpxdata:speed>
    </extensions>
   </trkpt>
   <trkpt lat="46.9584275" lon="15.9218584">
    <ele>289</ele>
    <time>2026-07-09T10:02:09Z</time>
    <extensions>
     <gpxdata:distance>6965.00</gpxdata:distance>
     <gpxdata:speed>6.736</gpxdata:speed>
    </extensions>
   </trkpt>
   <trkpt lat="46.9584476" lon="15.9217754">
    <ele>289</ele>
    <time>2026-07-09T10:02:10Z</time>
    <extensions>
     <gpxdata:distance>6971.50</gpxdata:distance>
     <gpxdata:speed>6.722</gpxdata:speed>
    </extensions>
   </trkpt>
   <trkpt lat="46.9584683" lon="15.9216926">
    <ele>289</ele>
    <time>2026-07-09T10:02:11Z</time>
    <extensions>
     <gpxdata:distance>6978.00</gpxdata:distance>
     <gpxdata:speed>6.714</gpxdata:speed>
    </extensions>
   </trkpt>
   <trkpt lat="46.9584893" lon="15.9216099">
    <ele>289</ele>
    <time>2026-07-09T10:02:12Z</time>
    <extensions>
     <gpxdata:distance>6985.00</gpxdata:distance>
     <gpxdata:speed>6.706</gpxdata:speed>
    </extensions>
   </trkpt>
   <trkpt lat="46.9585100" lon="15.9215267">
    <ele>289</ele>
    <time>2026-07-09T10:02:13Z</time>
    <extensions>
     <gpxdata:distance>6992.00</gpxdata:distance>
     <gpxdata:speed>6.708</gpxdata:speed>
    </extensions>
   </trkpt>
   <trkpt lat="46.9585303" lon="15.9214434">
    <ele>289</ele>
    <time>2026-07-09T10:02:14Z</time>
    <extensions>
     <gpxdata:distance>6998.50</gpxdata:distance>
     <gpxdata:speed>6.711</gpxdata:speed>
    </extensions>
   </trkpt>
   <trkpt lat="46.9585498" lon="15.9213597">
    <ele>289</ele>
    <time>2026-07-09T10:02:15Z</time>
    <extensions>
     <gpxdata:distance>7005.00</gpxdata:distance>
     <gpxdata:speed>6.714</gpxdata:speed>
    </extensions>
   </trkpt>
   <trkpt lat="46.9585685" lon="15.9212758">
    <ele>289</ele>
    <time>2026-07-09T10:02:16Z</time>
    <extensions>
     <gpxdata:distance>7012.00</gpxdata:distance>
     <gpxdata:speed>6.714</gpxdata:speed>
    </extensions>
   </trkpt>
   <trkpt lat="46.9585863" lon="15.9211917">
    <ele>289</ele>
    <time>2026-07-09T10:02:17Z</time>
    <extensions>
     <gpxdata:distance>7019.00</gpxdata:distance>
     <gpxdata:speed>6.708</gpxdata:speed>
    </extensions>
   </trkpt>
   <trkpt lat="46.9586030" lon="15.9211074">
    <ele>289</ele>
    <time>2026-07-09T10:02:18Z</time>
    <extensions>
     <gpxdata:distance>7025.50</gpxdata:distance>
     <gpxdata:speed>6.703</gpxdata:speed>
    </extensions>
   </trkpt>
   <trkpt lat="46.9586189" lon="15.9210232">
    <ele>289</ele>
    <time>2026-07-09T10:02:19Z</time>
    <extensions>
     <gpxdata:distance>7032.00</gpxdata:distance>
     <gpxdata:speed>6.689</gpxdata:speed>
    </extensions>
   </trkpt>
   <trkpt lat="46.9586338" lon="15.9209385">
    <ele>289</ele>
    <time>2026-07-09T10:02:20Z</time>
    <extensions>
     <gpxdata:distance>7038.50</gpxdata:distance>
     <gpxdata:speed>6.669</gpxdata:speed>
    </extensions>
   </trkpt>
   <trkpt lat="46.9586478" lon="15.9208531">
    <ele>289</ele>
    <time>2026-07-09T10:02:21Z</time>
    <extensions>
     <gpxdata:distance>7045.00</gpxdata:distance>
     <gpxdata:speed>6.667</gpxdata:speed>
    </extensions>
   </trkpt>
   <trkpt lat="46.9586608" lon="15.9207670">
    <ele>289</ele>
    <time>2026-07-09T10:02:22Z</time>
    <extensions>
     <gpxdata:distance>7052.00</gpxdata:distance>
     <gpxdata:speed>6.669</gpxdata:speed>
    </extensions>
   </trkpt>
   <trkpt lat="46.9586724" lon="15.9206798">
    <ele>289</ele>
    <time>2026-07-09T10:02:23Z</time>
    <extensions>
     <gpxdata:distance>7059.00</gpxdata:distance>
     <gpxdata:speed>6.683</gpxdata:speed>
    </extensions>
   </trkpt>
   <trkpt lat="46.9586828" lon="15.9205922">
    <ele>289</ele>
    <time>2026-07-09T10:02:24Z</time>
    <extensions>
     <gpxdata:distance>7065.50</gpxdata:distance>
     <gpxdata:speed>6.708</gpxdata:speed>
    </extensions>
   </trkpt>
   <trkpt lat="46.9586929" lon="15.9205047">
    <ele>289</ele>
    <time>2026-07-09T10:02:25Z</time>
    <extensions>
     <gpxdata:distance>7072.00</gpxdata:distance>
     <gpxdata:speed>6.722</gpxdata:speed>
    </extensions>
   </trkpt>
   <trkpt lat="46.9587031" lon="15.9204179">
    <ele>289</ele>
    <time>2026-07-09T10:02:26Z</time>
    <extensions>
     <gpxdata:distance>7078.50</gpxdata:distance>
     <gpxdata:speed>6.722</gpxdata:speed>
    </extensions>
   </trkpt>
   <trkpt lat="46.9587129" lon="15.9203319">
    <ele>289</ele>
    <time>2026-07-09T10:02:27Z</time>
    <extensions>
     <gpxdata:distance>7085.00</gpxdata:distance>
     <gpxdata:speed>6.711</gpxdata:speed>
    </extensions>
   </trkpt>
   <trkpt lat="46.9587224" lon="15.9202463">
    <ele>289</ele>
    <time>2026-07-09T10:02:28Z</time>
    <extensions>
     <gpxdata:distance>7092.00</gpxdata:distance>
     <gpxdata:speed>6.675</gpxdata:speed>
    </extensions>
   </trkpt>
   <trkpt lat="46.9587319" lon="15.9201602">
    <ele>289</ele>
    <time>2026-07-09T10:02:29Z</time>
    <extensions>
     <gpxdata:distance>7099.00</gpxdata:distance>
     <gpxdata:speed>6.647</gpxdata:speed>
    </extensions>
   </trkpt>
   <trkpt lat="46.9587414" lon="15.9200738">
    <ele>289</ele>
    <time>2026-07-09T10:02:30Z</time>
    <extensions>
     <gpxdata:distance>7105.50</gpxdata:distance>
     <gpxdata:speed>6.647</gpxdata:speed>
    </extensions>
   </trkpt>
   <trkpt lat="46.9587511" lon="15.9199876">
    <ele>289</ele>
    <time>2026-07-09T10:02:31Z</time>
    <extensions>
     <gpxdata:distance>7112.00</gpxdata:distance>
     <gpxdata:speed>6.650</gpxdata:speed>
    </extensions>
   </trkpt>
   <trkpt lat="46.9587611" lon="15.9199014">
    <ele>289</ele>
    <time>2026-07-09T10:02:32Z</time>
    <extensions>
     <gpxdata:distance>7118.50</gpxdata:distance>
     <gpxdata:speed>6.647</gpxdata:speed>
    </extensions>
   </trkpt>
   <trkpt lat="46.9587711" lon="15.9198151">
    <ele>289</ele>
    <time>2026-07-09T10:02:33Z</time>
    <extensions>
     <gpxdata:distance>7125.00</gpxdata:distance>
     <gpxdata:speed>6.644</gpxdata:speed>
    </extensions>
   </trkpt>
   <trkpt lat="46.9587811" lon="15.9197285">
    <ele>290</ele>
    <time>2026-07-09T10:02:34Z</time>
    <extensions>
     <gpxdata:distance>7132.00</gpxdata:distance>
     <gpxdata:speed>6.647</gpxdata:speed>
    </extensions>
   </trkpt>
   <trkpt lat="46.9587916" lon="15.9196418">
    <ele>290</ele>
    <time>2026-07-09T10:02:35Z</time>
    <extensions>
     <gpxdata:distance>7139.00</gpxdata:distance>
     <gpxdata:speed>6.658</gpxdata:speed>
    </extensions>
   </trkpt>
   <trkpt lat="46.9588024" lon="15.9195551">
    <ele>290</ele>
    <time>2026-07-09T10:02:36Z</time>
    <extensions>
     <gpxdata:distance>7145.50</gpxdata:distance>
     <gpxdata:speed>6.667</gpxdata:speed>
    </extensions>
   </trkpt>
   <trkpt lat="46.9588132" lon="15.9194684">
    <ele>290</ele>
    <time>2026-07-09T10:02:37Z</time>
    <extensions>
     <gpxdata:distance>7152.00</gpxdata:distance>
     <gpxdata:speed>6.678</gpxdata:speed>
    </extensions>
   </trkpt>
   <trkpt lat="46.9588238" lon="15.9193815">
    <ele>290</ele>
    <time>2026-07-09T10:02:38Z</time>
    <extensions>
     <gpxdata:distance>7158.50</gpxdata:distance>
     <gpxdata:speed>6.686</gpxdata:speed>
    </extensions>
   </trkpt>
   <trkpt lat="46.9588348" lon="15.9192948">
    <ele>290</ele>
    <time>2026-07-09T10:02:39Z</time>
    <extensions>
     <gpxdata:distance>7165.00</gpxdata:distance>
     <gpxdata:speed>6.692</gpxdata:speed>
    </extensions>
   </trkpt>
   <trkpt lat="46.9588466" lon="15.9192087">
    <ele>290</ele>
    <time>2026-07-09T10:02:40Z</time>
    <extensions>
     <gpxdata:distance>7172.00</gpxdata:distance>
     <gpxdata:speed>6.694</gpxdata:speed>
    </extensions>
   </trkpt>
   <trkpt lat="46.9588591" lon="15.9191225">
    <ele>290</ele>
    <time>2026-07-09T10:02:41Z</time>
    <extensions>
     <gpxdata:distance>7179.00</gpxdata:distance>
     <gpxdata:speed>6.689</gpxdata:speed>
    </extensions>
   </trkpt>
   <trkpt lat="46.9588718" lon="15.9190359">
    <ele>290</ele>
    <time>2026-07-09T10:02:42Z</time>
    <extensions>
     <gpxdata:distance>7185.50</gpxdata:distance>
     <gpxdata:speed>6.692</gpxdata:speed>
    </extensions>
   </trkpt>
   <trkpt lat="46.9588856" lon="15.9189498">
    <ele>289</ele>
    <time>2026-07-09T10:02:43Z</time>
    <extensions>
     <gpxdata:distance>7192.00</gpxdata:distance>
     <gpxdata:speed>6.706</gpxdata:speed>
    </extensions>
   </trkpt>
   <trkpt lat="46.9589014" lon="15.9188642">
    <ele>289</ele>
    <time>2026-07-09T10:02:44Z</time>
    <extensions>
     <gpxdata:distance>7199.00</gpxdata:distance>
     <gpxdata:speed>6.711</gpxdata:speed>
    </extensions>
   </trkpt>
   <trkpt lat="46.9589191" lon="15.9187789">
    <ele>289</ele>
    <time>2026-07-09T10:02:45Z</time>
    <extensions>
     <gpxdata:distance>7206.00</gpxdata:distance>
     <gpxdata:speed>6.719</gpxdata:speed>
    </extensions>
   </trkpt>
   <trkpt lat="46.9589383" lon="15.9186935">
    <ele>289</ele>
    <time>2026-07-09T10:02:46Z</time>
    <extensions>
     <gpxdata:distance>7212.50</gpxdata:distance>
     <gpxdata:speed>6.744</gpxdata:speed>
    </extensions>
   </trkpt>
   <trkpt lat="46.9589585" lon="15.9186079">
    <ele>290</ele>
    <time>2026-07-09T10:02:47Z</time>
    <extensions>
     <gpxdata:distance>7219.00</gpxdata:distance>
     <gpxdata:speed>6.775</gpxdata:speed>
    </extensions>
   </trkpt>
   <trkpt lat="46.9589791" lon="15.9185222">
    <ele>290</ele>
    <time>2026-07-09T10:02:48Z</time>
    <extensions>
     <gpxdata:distance>7226.00</gpxdata:distance>
     <gpxdata:speed>6.814</gpxdata:speed>
    </extensions>
   </trkpt>
   <trkpt lat="46.9590000" lon="15.9184363">
    <ele>290</ele>
    <time>2026-07-09T10:02:49Z</time>
    <extensions>
     <gpxdata:distance>7233.00</gpxdata:distance>
     <gpxdata:speed>6.839</gpxdata:speed>
    </extensions>
   </trkpt>
   <trkpt lat="46.9590208" lon="15.9183496">
    <ele>290</ele>
    <time>2026-07-09T10:02:50Z</time>
    <extensions>
     <gpxdata:distance>7240.00</gpxdata:distance>
     <gpxdata:speed>6.867</gpxdata:speed>
    </extensions>
   </trkpt>
   <trkpt lat="46.9590410" lon="15.9182624">
    <ele>290</ele>
    <time>2026-07-09T10:02:51Z</time>
    <extensions>
     <gpxdata:distance>7247.00</gpxdata:distance>
     <gpxdata:speed>6.911</gpxdata:speed>
    </extensions>
   </trkpt>
   <trkpt lat="46.9590610" lon="15.9181757">
    <ele>290</ele>
    <time>2026-07-09T10:02:52Z</time>
    <extensions>
     <gpxdata:distance>7254.00</gpxdata:distance>
     <gpxdata:speed>6.936</gpxdata:speed>
    </extensions>
   </trkpt>
   <trkpt lat="46.9590812" lon="15.9180888">
    <ele>289</ele>
    <time>2026-07-09T10:02:53Z</time>
    <extensions>
     <gpxdata:distance>7261.00</gpxdata:distance>
     <gpxdata:speed>6.939</gpxdata:speed>
    </extensions>
   </trkpt>
   <trkpt lat="46.9591024" lon="15.9180005">
    <ele>289</ele>
    <time>2026-07-09T10:02:54Z</time>
    <extensions>
     <gpxdata:distance>7268.00</gpxdata:distance>
     <gpxdata:speed>6.953</gpxdata:speed>
    </extensions>
   </trkpt>
   <trkpt lat="46.9591241" lon="15.9179096">
    <ele>289</ele>
    <time>2026-07-09T10:02:55Z</time>
    <extensions>
     <gpxdata:distance>7275.00</gpxdata:distance>
     <gpxdata:speed>7.022</gpxdata:speed>
    </extensions>
   </trkpt>
   <trkpt lat="46.9591440" lon="15.9178158">
    <ele>289</ele>
    <time>2026-07-09T10:02:56Z</time>
    <extensions>
     <gpxdata:distance>7282.50</gpxdata:distance>
     <gpxdata:speed>7.139</gpxdata:speed>
    </extensions>
   </trkpt>
   <trkpt lat="46.9591623" lon="15.9177191">
    <ele>289</ele>
    <time>2026-07-09T10:02:57Z</time>
    <extensions>
     <gpxdata:distance>7290.00</gpxdata:distance>
     <gpxdata:speed>7.258</gpxdata:speed>
    </extensions>
   </trkpt>
   <trkpt lat="46.9591802" lon="15.9176206">
    <ele>289</ele>
    <time>2026-07-09T10:02:58Z</time>
    <extensions>
     <gpxdata:distance>7298.00</gpxdata:distance>
     <gpxdata:speed>7.458</gpxdata:speed>
    </extensions>
   </trkpt>
   <trkpt lat="46.9591986" lon="15.9175214">
    <ele>289</ele>
    <time>2026-07-09T10:02:59Z</time>
    <extensions>
     <gpxdata:distance>7306.00</gpxdata:distance>
     <gpxdata:speed>7.647</gpxdata:speed>
    </extensions>
   </trkpt>
   <trkpt lat="46.9592179" lon="15.9174223">
    <ele>289</ele>
    <time>2026-07-09T10:03:00Z</time>
    <extensions>
     <gpxdata:distance>7313.50</gpxdata:distance>
     <gpxdata:speed>7.736</gpxdata:speed>
    </extensions>
   </trkpt>
   <trkpt lat="46.9592388" lon="15.9173229">
    <ele>289</ele>
    <time>2026-07-09T10:03:01Z</time>
    <extensions>
     <gpxdata:distance>7321.00</gpxdata:distance>
     <gpxdata:speed>7.789</gpxdata:speed>
    </extensions>
   </trkpt>
   <trkpt lat="46.9592619" lon="15.9172234">
    <ele>289</ele>
    <time>2026-07-09T10:03:02Z</time>
    <extensions>
     <gpxdata:distance>7329.00</gpxdata:distance>
     <gpxdata:speed>7.869</gpxdata:speed>
    </extensions>
   </trkpt>
   <trkpt lat="46.9592867" lon="15.9171240">
    <ele>290</ele>
    <time>2026-07-09T10:03:03Z</time>
    <extensions>
     <gpxdata:distance>7337.00</gpxdata:distance>
     <gpxdata:speed>7.961</gpxdata:speed>
    </extensions>
   </trkpt>
   <trkpt lat="46.9593113" lon="15.9170242">
    <ele>290</ele>
    <time>2026-07-09T10:03:04Z</time>
    <extensions>
     <gpxdata:distance>7345.50</gpxdata:distance>
     <gpxdata:speed>8.008</gpxdata:speed>
    </extensions>
   </trkpt>
   <trkpt lat="46.9593354" lon="15.9169245">
    <ele>290</ele>
    <time>2026-07-09T10:03:05Z</time>
    <extensions>
     <gpxdata:distance>7354.00</gpxdata:distance>
     <gpxdata:speed>8.036</gpxdata:speed>
    </extensions>
   </trkpt>
   <trkpt lat="46.9593592" lon="15.9168250">
    <ele>290</ele>
    <time>2026-07-09T10:03:06Z</time>
    <extensions>
     <gpxdata:distance>7362.00</gpxdata:distance>
     <gpxdata:speed>8.022</gpxdata:speed>
    </extensions>
   </trkpt>
   <trkpt lat="46.9593828" lon="15.9167261">
    <ele>290</ele>
    <time>2026-07-09T10:03:07Z</time>
    <extensions>
     <gpxdata:distance>7370.00</gpxdata:distance>
     <gpxdata:speed>8.006</gpxdata:speed>
    </extensions>
   </trkpt>
   <trkpt lat="46.9594059" lon="15.9166278">
    <ele>290</ele>
    <time>2026-07-09T10:03:08Z</time>
    <extensions>
     <gpxdata:distance>7377.50</gpxdata:distance>
     <gpxdata:speed>7.989</gpxdata:speed>
    </extensions>
   </trkpt>
   <trkpt lat="46.9594280" lon="15.9165303">
    <ele>290</ele>
    <time>2026-07-09T10:03:09Z</time>
    <extensions>
     <gpxdata:distance>7385.00</gpxdata:distance>
     <gpxdata:speed>7.953</gpxdata:speed>
    </extensions>
   </trkpt>
   <trkpt lat="46.9594500" lon="15.9164344">
    <ele>290</ele>
    <time>2026-07-09T10:03:10Z</time>
    <extensions>
     <gpxdata:distance>7393.00</gpxdata:distance>
     <gpxdata:speed>7.897</gpxdata:speed>
    </extensions>
   </trkpt>
   <trkpt lat="46.9594736" lon="15.9163414">
    <ele>290</ele>
    <time>2026-07-09T10:03:11Z</time>
    <extensions>
     <gpxdata:distance>7401.00</gpxdata:distance>
     <gpxdata:speed>7.819</gpxdata:speed>
    </extensions>
   </trkpt>
   <trkpt lat="46.9594987" lon="15.9162513">
    <ele>290</ele>
    <time>2026-07-09T10:03:12Z</time>
    <extensions>
     <gpxdata:distance>7408.00</gpxdata:distance>
     <gpxdata:speed>7.717</gpxdata:speed>
    </extensions>
   </trkpt>
   <trkpt lat="46.9595240" lon="15.9161618">
    <ele>290</ele>
    <time>2026-07-09T10:03:13Z</time>
    <extensions>
     <gpxdata:distance>7415.00</gpxdata:distance>
     <gpxdata:speed>7.600</gpxdata:speed>
    </extensions>
   </trkpt>
   <trkpt lat="46.9595489" lon="15.9160707">
    <ele>290</ele>
    <time>2026-07-09T10:03:14Z</time>
    <extensions>
     <gpxdata:distance>7422.50</gpxdata:distance>
     <gpxdata:speed>7.517</gpxdata:speed>
    </extensions>
   </trkpt>
   <trkpt lat="46.9595734" lon="15.9159781">
    <ele>290</ele>
    <time>2026-07-09T10:03:15Z</time>
    <extensions>
     <gpxdata:distance>7430.00</gpxdata:distance>
     <gpxdata:speed>7.508</gpxdata:speed>
    </extensions>
   </trkpt>
   <trkpt lat="46.9595962" lon="15.9158837">
    <ele>290</ele>
    <time>2026-07-09T10:03:16Z</time>
    <extensions>
     <gpxdata:distance>7438.00</gpxdata:distance>
     <gpxdata:speed>7.522</gpxdata:speed>
    </extensions>
   </trkpt>
   <trkpt lat="46.9596168" lon="15.9157879">
    <ele>290</ele>
    <time>2026-07-09T10:03:17Z</time>
    <extensions>
     <gpxdata:distance>7446.00</gpxdata:distance>
     <gpxdata:speed>7.547</gpxdata:speed>
    </extensions>
   </trkpt>
   <trkpt lat="46.9596362" lon="15.9156924">
    <ele>290</ele>
    <time>2026-07-09T10:03:18Z</time>
    <extensions>
     <gpxdata:distance>7453.50</gpxdata:distance>
     <gpxdata:speed>7.569</gpxdata:speed>
    </extensions>
   </trkpt>
   <trkpt lat="46.9596555" lon="15.9155972">
    <ele>290</ele>
    <time>2026-07-09T10:03:19Z</time>
    <extensions>
     <gpxdata:distance>7461.00</gpxdata:distance>
     <gpxdata:speed>7.556</gpxdata:speed>
    </extensions>
   </trkpt>
   <trkpt lat="46.9596748" lon="15.9155023">
    <ele>290</ele>
    <time>2026-07-09T10:03:20Z</time>
    <extensions>
     <gpxdata:distance>7468.50</gpxdata:distance>
     <gpxdata:speed>7.547</gpxdata:speed>
    </extensions>
   </trkpt>
   <trkpt lat="46.9596950" lon="15.9154086">
    <ele>290</ele>
    <time>2026-07-09T10:03:21Z</time>
    <extensions>
     <gpxdata:distance>7476.00</gpxdata:distance>
     <gpxdata:speed>7.536</gpxdata:speed>
    </extensions>
   </trkpt>
   <trkpt lat="46.9597164" lon="15.9153159">
    <ele>290</ele>
    <time>2026-07-09T10:03:22Z</time>
    <extensions>
     <gpxdata:distance>7483.50</gpxdata:distance>
     <gpxdata:speed>7.514</gpxdata:speed>
    </extensions>
   </trkpt>
   <trkpt lat="46.9597372" lon="15.9152240">
    <ele>290</ele>
    <time>2026-07-09T10:03:23Z</time>
    <extensions>
     <gpxdata:distance>7491.00</gpxdata:distance>
     <gpxdata:speed>7.486</gpxdata:speed>
    </extensions>
   </trkpt>
   <trkpt lat="46.9597560" lon="15.9151325">
    <ele>290</ele>
    <time>2026-07-09T10:03:24Z</time>
    <extensions>
     <gpxdata:distance>7498.00</gpxdata:distance>
     <gpxdata:speed>7.439</gpxdata:speed>
    </extensions>
   </trkpt>
   <trkpt lat="46.9597725" lon="15.9150412">
    <ele>290</ele>
    <time>2026-07-09T10:03:25Z</time>
    <extensions>
     <gpxdata:distance>7505.00</gpxdata:distance>
     <gpxdata:speed>7.378</gpxdata:speed>
    </extensions>
   </trkpt>
   <trkpt lat="46.9597881" lon="15.9149498">
    <ele>290</ele>
    <time>2026-07-09T10:03:26Z</time>
    <extensions>
     <gpxdata:distance>7512.00</gpxdata:distance>
     <gpxdata:speed>7.303</gpxdata:speed>
    </extensions>
   </trkpt>
   <trkpt lat="46.9598045" lon="15.9148600">
    <ele>290</ele>
    <time>2026-07-09T10:03:27Z</time>
    <extensions>
     <gpxdata:distance>7519.00</gpxdata:distance>
     <gpxdata:speed>7.253</gpxdata:speed>
    </extensions>
   </trkpt>
   <trkpt lat="46.9598221" lon="15.9147716">
    <ele>290</ele>
    <time>2026-07-09T10:03:28Z</time>
    <extensions>
     <gpxdata:distance>7526.00</gpxdata:distance>
     <gpxdata:speed>7.175</gpxdata:speed>
    </extensions>
   </trkpt>
   <trkpt lat="46.9598409" lon="15.9146838">
    <ele>290</ele>
    <time>2026-07-09T10:03:29Z</time>
    <extensions>
     <gpxdata:distance>7533.00</gpxdata:distance>
     <gpxdata:speed>7.108</gpxdata:speed>
    </extensions>
   </trkpt>
   <trkpt lat="46.9598601" lon="15.9145959">
    <ele>290</ele>
    <time>2026-07-09T10:03:30Z</time>
    <extensions>
     <gpxdata:distance>7540.00</gpxdata:distance>
     <gpxdata:speed>7.067</gpxdata:speed>
    </extensions>
   </trkpt>
   <trkpt lat="46.9598793" lon="15.9145076">
    <ele>290</ele>
    <time>2026-07-09T10:03:31Z</time>
    <extensions>
     <gpxdata:distance>7547.00</gpxdata:distance>
     <gpxdata:speed>7.047</gpxdata:speed>
    </extensions>
   </trkpt>
   <trkpt lat="46.9598990" lon="15.9144198">
    <ele>290</ele>
    <time>2026-07-09T10:03:32Z</time>
    <extensions>
     <gpxdata:distance>7554.00</gpxdata:distance>
     <gpxdata:speed>7.044</gpxdata:speed>
    </extensions>
   </trkpt>
   <trkpt lat="46.9599200" lon="15.9143326">
    <ele>290</ele>
    <time>2026-07-09T10:03:33Z</time>
    <extensions>
     <gpxdata:distance>7561.00</gpxdata:distance>
     <gpxdata:speed>7.031</gpxdata:speed>
    </extensions>
   </trkpt>
   <trkpt lat="46.9599422" lon="15.9142462">
    <ele>290</ele>
    <time>2026-07-09T10:03:34Z</time>
    <extensions>
     <gpxdata:distance>7568.50</gpxdata:distance>
     <gpxdata:speed>7.025</gpxdata:speed>
    </extensions>
   </trkpt>
   <trkpt lat="46.9599655" lon="15.9141616">
    <ele>290</ele>
    <time>2026-07-09T10:03:35Z</time>
    <extensions>
     <gpxdata:distance>7576.00</gpxdata:distance>
     <gpxdata:speed>7.019</gpxdata:speed>
    </extensions>
   </trkpt>
   <trkpt lat="46.9599893" lon="15.9140781">
    <ele>290</ele>
    <time>2026-07-09T10:03:36Z</time>
    <extensions>
     <gpxdata:distance>7582.50</gpxdata:distance>
     <gpxdata:speed>6.978</gpxdata:speed>
    </extensions>
   </trkpt>
   <trkpt lat="46.9600126" lon="15.9139951">
    <ele>290</ele>
    <time>2026-07-09T10:03:37Z</time>
    <extensions>
     <gpxdata:distance>7589.00</gpxdata:distance>
     <gpxdata:speed>6.939</gpxdata:speed>
    </extensions>
   </trkpt>
   <trkpt lat="46.9600352" lon="15.9139129">
    <ele>290</ele>
    <time>2026-07-09T10:03:38Z</time>
    <extensions>
     <gpxdata:distance>7596.00</gpxdata:distance>
     <gpxdata:speed>6.894</gpxdata:speed>
    </extensions>
   </trkpt>
   <trkpt lat="46.9600579" lon="15.9138330">
    <ele>290</ele>
    <time>2026-07-09T10:03:39Z</time>
    <extensions>
     <gpxdata:distance>7603.00</gpxdata:distance>
     <gpxdata:speed>6.833</gpxdata:speed>
    </extensions>
   </trkpt>
   <trkpt lat="46.9600802" lon="15.9137550">
    <ele>290</ele>
    <time>2026-07-09T10:03:40Z</time>
    <extensions>
     <gpxdata:distance>7609.00</gpxdata:distance>
     <gpxdata:speed>6.736</gpxdata:speed>
    </extensions>
   </trkpt>
   <trkpt lat="46.9600986" lon="15.9136782">
    <ele>290</ele>
    <time>2026-07-09T10:03:41Z</time>
    <extensions>
     <gpxdata:distance>7615.00</gpxdata:distance>
     <gpxdata:speed>6.622</gpxdata:speed>
    </extensions>
   </trkpt>
   <trkpt lat="46.9601131" lon="15.9136038">
    <ele>290</ele>
    <time>2026-07-09T10:03:42Z</time>
    <extensions>
     <gpxdata:distance>7621.00</gpxdata:distance>
     <gpxdata:speed>6.267</gpxdata:speed>
    </extensions>
   </trkpt>
   <trkpt lat="46.9601245" lon="15.9135525">
    <ele>290</ele>
    <time>2026-07-09T10:03:43Z</time>
    <extensions>
     <gpxdata:distance>7627.00</gpxdata:distance>
     <gpxdata:speed>5.975</gpxdata:speed>
    </extensions>
   </trkpt>
   <trkpt lat="46.9601412" lon="15.9134895">
    <ele>290</ele>
    <time>2026-07-09T10:03:44Z</time>
    <extensions>
     <gpxdata:distance>7632.50</gpxdata:distance>
     <gpxdata:speed>5.772</gpxdata:speed>
    </extensions>
   </trkpt>
   <trkpt lat="46.9601602" lon="15.9134228">
    <ele>290</ele>
    <time>2026-07-09T10:03:45Z</time>
    <extensions>
     <gpxdata:distance>7638.00</gpxdata:distance>
     <gpxdata:speed>5.664</gpxdata:speed>
    </extensions>
   </trkpt>
   <trkpt lat="46.9601793" lon="15.9133530">
    <ele>290</ele>
    <time>2026-07-09T10:03:46Z</time>
    <extensions>
     <gpxdata:distance>7644.00</gpxdata:distance>
     <gpxdata:speed>5.692</gpxdata:speed>
    </extensions>
   </trkpt>
   <trkpt lat="46.9601970" lon="15.9132804">
    <ele>291</ele>
    <time>2026-07-09T10:03:47Z</time>
    <extensions>
     <gpxdata:distance>7650.00</gpxdata:distance>
     <gpxdata:speed>5.817</gpxdata:speed>
    </extensions>
   </trkpt>
   <trkpt lat="46.9602116" lon="15.9132054">
    <ele>291</ele>
    <time>2026-07-09T10:03:48Z</time>
    <extensions>
     <gpxdata:distance>7656.00</gpxdata:distance>
     <gpxdata:speed>5.897</gpxdata:speed>
    </extensions>
   </trkpt>
   <trkpt lat="46.9602221" lon="15.9131290">
    <ele>291</ele>
    <time>2026-07-09T10:03:49Z</time>
    <extensions>
     <gpxdata:distance>7662.00</gpxdata:distance>
     <gpxdata:speed>5.911</gpxdata:speed>
    </extensions>
   </trkpt>
   <trkpt lat="46.9602288" lon="15.9130517">
    <ele>291</ele>
    <time>2026-07-09T10:03:50Z</time>
    <extensions>
     <gpxdata:distance>7668.00</gpxdata:distance>
     <gpxdata:speed>5.903</gpxdata:speed>
    </extensions>
   </trkpt>
   <trkpt lat="46.9602323" lon="15.9129740">
    <ele>291</ele>
    <time>2026-07-09T10:03:51Z</time>
    <extensions>
     <gpxdata:distance>7674.00</gpxdata:distance>
     <gpxdata:speed>5.897</gpxdata:speed>
    </extensions>
   </trkpt>
   <trkpt lat="46.9602333" lon="15.9128960">
    <ele>291</ele>
    <time>2026-07-09T10:03:52Z</time>
    <extensions>
     <gpxdata:distance>7679.50</gpxdata:distance>
     <gpxdata:speed>5.903</gpxdata:speed>
    </extensions>
   </trkpt>
   <trkpt lat="46.9602319" lon="15.9128179">
    <ele>291</ele>
    <time>2026-07-09T10:03:53Z</time>
    <extensions>
     <gpxdata:distance>7685.00</gpxdata:distance>
     <gpxdata:speed>5.914</gpxdata:speed>
    </extensions>
   </trkpt>
   <trkpt lat="46.9602279" lon="15.9127399">
    <ele>291</ele>
    <time>2026-07-09T10:03:54Z</time>
    <extensions>
     <gpxdata:distance>7691.00</gpxdata:distance>
     <gpxdata:speed>5.925</gpxdata:speed>
    </extensions>
   </trkpt>
   <trkpt lat="46.9602206" lon="15.9126618">
    <ele>291</ele>
    <time>2026-07-09T10:03:55Z</time>
    <extensions>
     <gpxdata:distance>7697.00</gpxdata:distance>
     <gpxdata:speed>5.939</gpxdata:speed>
    </extensions>
   </trkpt>
   <trkpt lat="46.9602097" lon="15.9125840">
    <ele>291</ele>
    <time>2026-07-09T10:03:56Z</time>
    <extensions>
     <gpxdata:distance>7703.50</gpxdata:distance>
     <gpxdata:speed>5.969</gpxdata:speed>
    </extensions>
   </trkpt>
   <trkpt lat="46.9601920" lon="15.9124809">
    <ele>291</ele>
    <time>2026-07-09T10:03:57Z</time>
    <extensions>
     <gpxdata:distance>7710.00</gpxdata:distance>
     <gpxdata:speed>6.006</gpxdata:speed>
    </extensions>
   </trkpt>
   <trkpt lat="46.9601766" lon="15.9124007">
    <ele>291</ele>
    <time>2026-07-09T10:03:58Z</time>
    <extensions>
     <gpxdata:distance>7716.00</gpxdata:distance>
     <gpxdata:speed>6.022</gpxdata:speed>
    </extensions>
   </trkpt>
   <trkpt lat="46.9601610" lon="15.9123239">
    <ele>291</ele>
    <time>2026-07-09T10:03:59Z</time>
    <extensions>
     <gpxdata:distance>7722.00</gpxdata:distance>
     <gpxdata:speed>6.042</gpxdata:speed>
    </extensions>
   </trkpt>
   <trkpt lat="46.9601447" lon="15.9122488">
    <ele>291</ele>
    <time>2026-07-09T10:04:00Z</time>
    <extensions>
     <gpxdata:distance>7728.00</gpxdata:distance>
     <gpxdata:speed>6.042</gpxdata:speed>
    </extensions>
   </trkpt>
   <trkpt lat="46.9601294" lon="15.9121734">
    <ele>291</ele>
    <time>2026-07-09T10:04:01Z</time>
    <extensions>
     <gpxdata:distance>7734.00</gpxdata:distance>
     <gpxdata:speed>6.014</gpxdata:speed>
    </extensions>
   </trkpt>
   <trkpt lat="46.9601160" lon="15.9120967">
    <ele>291</ele>
    <time>2026-07-09T10:04:02Z</time>
    <extensions>
     <gpxdata:distance>7740.00</gpxdata:distance>
     <gpxdata:speed>6.006</gpxdata:speed>
    </extensions>
   </trkpt>
   <trkpt lat="46.9601040" lon="15.9120192">
    <ele>291</ele>
    <time>2026-07-09T10:04:03Z</time>
    <extensions>
     <gpxdata:distance>7746.00</gpxdata:distance>
     <gpxdata:speed>6.014</gpxdata:speed>
    </extensions>
   </trkpt>
   <trkpt lat="46.9600928" lon="15.9119417">
    <ele>291</ele>
    <time>2026-07-09T10:04:04Z</time>
    <extensions>
     <gpxdata:distance>7752.00</gpxdata:distance>
     <gpxdata:speed>6.028</gpxdata:speed>
    </extensions>
   </trkpt>
   <trkpt lat="46.9600816" lon="15.9118645">
    <ele>291</ele>
    <time>2026-07-09T10:04:05Z</time>
    <extensions>
     <gpxdata:distance>7758.00</gpxdata:distance>
     <gpxdata:speed>6.019</gpxdata:speed>
    </extensions>
   </trkpt>
   <trkpt lat="46.9600703" lon="15.9117873">
    <ele>291</ele>
    <time>2026-07-09T10:04:06Z</time>
    <extensions>
     <gpxdata:distance>7764.00</gpxdata:distance>
     <gpxdata:speed>6.011</gpxdata:speed>
    </extensions>
   </trkpt>
   <trkpt lat="46.9600591" lon="15.9117100">
    <ele>291</ele>
    <time>2026-07-09T10:04:07Z</time>
    <extensions>
     <gpxdata:distance>7770.00</gpxdata:distance>
     <gpxdata:speed>6.006</gpxdata:speed>
    </extensions>
   </trkpt>
   <trkpt lat="46.9600473" lon="15.9116330">
    <ele>291</ele>
    <time>2026-07-09T10:04:08Z</time>
    <extensions>
     <gpxdata:distance>7776.00</gpxdata:distance>
     <gpxdata:speed>6.006</gpxdata:speed>
    </extensions>
   </trkpt>
   <trkpt lat="46.9600347" lon="15.9115561">
    <ele>291</ele>
    <time>2026-07-09T10:04:09Z</time>
    <extensions>
     <gpxdata:distance>7782.00</gpxdata:distance>
     <gpxdata:speed>6.006</gpxdata:speed>
    </extensions>
   </trkpt>
   <trkpt lat="46.9600228" lon="15.9114781">
    <ele>291</ele>
    <time>2026-07-09T10:04:10Z</time>
    <extensions>
     <gpxdata:distance>7788.00</gpxdata:distance>
     <gpxdata:speed>6.006</gpxdata:speed>
    </extensions>
   </trkpt>
   <trkpt lat="46.9600124" lon="15.9113982">
    <ele>291</ele>
    <time>2026-07-09T10:04:11Z</time>
    <extensions>
     <gpxdata:distance>7794.00</gpxdata:distance>
     <gpxdata:speed>6.036</gpxdata:speed>
    </extensions>
   </trkpt>
   <trkpt lat="46.9600046" lon="15.9113174">
    <ele>291</ele>
    <time>2026-07-09T10:04:12Z</time>
    <extensions>
     <gpxdata:distance>7800.00</gpxdata:distance>
     <gpxdata:speed>6.092</gpxdata:speed>
    </extensions>
   </trkpt>
   <trkpt lat="46.9600025" lon="15.9112355">
    <ele>291</ele>
    <time>2026-07-09T10:04:13Z</time>
    <extensions>
     <gpxdata:distance>7806.00</gpxdata:distance>
     <gpxdata:speed>6.131</gpxdata:speed>
    </extensions>
   </trkpt>
   <trkpt lat="46.9600056" lon="15.9111541">
    <ele>291</ele>
    <time>2026-07-09T10:04:14Z</time>
    <extensions>
     <gpxdata:distance>7812.50</gpxdata:distance>
     <gpxdata:speed>6.169</gpxdata:speed>
    </extensions>
   </trkpt>
   <trkpt lat="46.9600117" lon="15.9110728">
    <ele>291</ele>
    <time>2026-07-09T10:04:15Z</time>
    <extensions>
     <gpxdata:distance>7819.00</gpxdata:distance>
     <gpxdata:speed>6.178</gpxdata:speed>
    </extensions>
   </trkpt>
   <trkpt lat="46.9600179" lon="15.9109906">
    <ele>291</ele>
    <time>2026-07-09T10:04:16Z</time>
    <extensions>
     <gpxdata:distance>7825.00</gpxdata:distance>
     <gpxdata:speed>6.192</gpxdata:speed>
    </extensions>
   </trkpt>
   <trkpt lat="46.9600241" lon="15.9109081">
    <ele>291</ele>
    <time>2026-07-09T10:04:17Z</time>
    <extensions>
     <gpxdata:distance>7831.00</gpxdata:distance>
     <gpxdata:speed>6.225</gpxdata:speed>
    </extensions>
   </trkpt>
   <trkpt lat="46.9600312" lon="15.9108254">
    <ele>291</ele>
    <time>2026-07-09T10:04:18Z</time>
    <extensions>
     <gpxdata:distance>7837.50</gpxdata:distance>
     <gpxdata:speed>6.253</gpxdata:speed>
    </extensions>
   </trkpt>
   <trkpt lat="46.9600382" lon="15.9107428">
    <ele>291</ele>
    <time>2026-07-09T10:04:19Z</time>
    <extensions>
     <gpxdata:distance>7844.00</gpxdata:distance>
     <gpxdata:speed>6.281</gpxdata:speed>
    </extensions>
   </trkpt>
   <trkpt lat="46.9600432" lon="15.9106600">
    <ele>291</ele>
    <time>2026-07-09T10:04:20Z</time>
    <extensions>
     <gpxdata:distance>7850.00</gpxdata:distance>
     <gpxdata:speed>6.294</gpxdata:speed>
    </extensions>
   </trkpt>
   <trkpt lat="46.9600480" lon="15.9105781">
    <ele>291</ele>
    <time>2026-07-09T10:04:21Z</time>
    <extensions>
     <gpxdata:distance>7856.00</gpxdata:distance>
     <gpxdata:speed>6.306</gpxdata:speed>
    </extensions>
   </trkpt>
   <trkpt lat="46.9600542" lon="15.9104978">
    <ele>291</ele>
    <time>2026-07-09T10:04:22Z</time>
    <extensions>
     <gpxdata:distance>7862.50</gpxdata:distance>
     <gpxdata:speed>6.283</gpxdata:speed>
    </extensions>
   </trkpt>
   <trkpt lat="46.9600619" lon="15.9104183">
    <ele>291</ele>
    <time>2026-07-09T10:04:23Z</time>
    <extensions>
     <gpxdata:distance>7869.00</gpxdata:distance>
     <gpxdata:speed>6.228</gpxdata:speed>
    </extensions>
   </trkpt>
   <trkpt lat="46.9600703" lon="15.9103383">
    <ele>291</ele>
    <time>2026-07-09T10:04:24Z</time>
    <extensions>
     <gpxdata:distance>7875.00</gpxdata:distance>
     <gpxdata:speed>6.192</gpxdata:speed>
    </extensions>
   </trkpt>
   <trkpt lat="46.9600772" lon="15.9102575">
    <ele>291</ele>
    <time>2026-07-09T10:04:25Z</time>
    <extensions>
     <gpxdata:distance>7881.00</gpxdata:distance>
     <gpxdata:speed>6.186</gpxdata:speed>
    </extensions>
   </trkpt>
   <trkpt lat="46.9600820" lon="15.9101763">
    <ele>291</ele>
    <time>2026-07-09T10:04:26Z</time>
    <extensions>
     <gpxdata:distance>7887.00</gpxdata:distance>
     <gpxdata:speed>6.192</gpxdata:speed>
    </extensions>
   </trkpt>
   <trkpt lat="46.9600857" lon="15.9100958">
    <ele>291</ele>
    <time>2026-07-09T10:04:27Z</time>
    <extensions>
     <gpxdata:distance>7893.00</gpxdata:distance>
     <gpxdata:speed>6.192</gpxdata:speed>
    </extensions>
   </trkpt>
   <trkpt lat="46.9600891" lon="15.9100156">
    <ele>291</ele>
    <time>2026-07-09T10:04:28Z</time>
    <extensions>
     <gpxdata:distance>7899.50</gpxdata:distance>
     <gpxdata:speed>6.164</gpxdata:speed>
    </extensions>
   </trkpt>
   <trkpt lat="46.9600915" lon="15.9099351">
    <ele>291</ele>
    <time>2026-07-09T10:04:29Z</time>
    <extensions>
     <gpxdata:distance>7906.00</gpxdata:distance>
     <gpxdata:speed>6.139</gpxdata:speed>
    </extensions>
   </trkpt>
   <trkpt lat="46.9600928" lon="15.9098539">
    <ele>291</ele>
    <time>2026-07-09T10:04:30Z</time>
    <extensions>
     <gpxdata:distance>7912.00</gpxdata:distance>
     <gpxdata:speed>6.136</gpxdata:speed>
    </extensions>
   </trkpt>
   <trkpt lat="46.9600932" lon="15.9097724">
    <ele>291</ele>
    <time>2026-07-09T10:04:31Z</time>
    <extensions>
     <gpxdata:distance>7918.00</gpxdata:distance>
     <gpxdata:speed>6.150</gpxdata:speed>
    </extensions>
   </trkpt>
   <trkpt lat="46.9600930" lon="15.9096913">
    <ele>291</ele>
    <time>2026-07-09T10:04:32Z</time>
    <extensions>
     <gpxdata:distance>7924.00</gpxdata:distance>
     <gpxdata:speed>6.164</gpxdata:speed>
    </extensions>
   </trkpt>
   <trkpt lat="46.9600926" lon="15.9096108">
    <ele>291</ele>
    <time>2026-07-09T10:04:33Z</time>
    <extensions>
     <gpxdata:distance>7930.00</gpxdata:distance>
     <gpxdata:speed>6.158</gpxdata:speed>
    </extensions>
   </trkpt>
   <trkpt lat="46.9600930" lon="15.9095304">
    <ele>291</ele>
    <time>2026-07-09T10:04:34Z</time>
    <extensions>
     <gpxdata:distance>7936.00</gpxdata:distance>
     <gpxdata:speed>6.139</gpxdata:speed>
    </extensions>
   </trkpt>
   <trkpt lat="46.9600944" lon="15.9094494">
    <ele>291</ele>
    <time>2026-07-09T10:04:35Z</time>
    <extensions>
     <gpxdata:distance>7942.00</gpxdata:distance>
     <gpxdata:speed>6.133</gpxdata:speed>
    </extensions>
   </trkpt>
   <trkpt lat="46.9600957" lon="15.9093682">
    <ele>291</ele>
    <time>2026-07-09T10:04:36Z</time>
    <extensions>
     <gpxdata:distance>7948.50</gpxdata:distance>
     <gpxdata:speed>6.144</gpxdata:speed>
    </extensions>
   </trkpt>
   <trkpt lat="46.9600965" lon="15.9092865">
    <ele>291</ele>
    <time>2026-07-09T10:04:37Z</time>
    <extensions>
     <gpxdata:distance>7955.00</gpxdata:distance>
     <gpxdata:speed>6.158</gpxdata:speed>
    </extensions>
   </trkpt>
   <trkpt lat="46.9600968" lon="15.9092043">
    <ele>291</ele>
    <time>2026-07-09T10:04:38Z</time>
    <extensions>
     <gpxdata:distance>7961.00</gpxdata:distance>
     <gpxdata:speed>6.175</gpxdata:speed>
    </extensions>
   </trkpt>
   <trkpt lat="46.9600971" lon="15.9091214">
    <ele>291</ele>
    <time>2026-07-09T10:04:39Z</time>
    <extensions>
     <gpxdata:distance>7967.00</gpxdata:distance>
     <gpxdata:speed>6.200</gpxdata:speed>
    </extensions>
   </trkpt>
   <trkpt lat="46.9600974" lon="15.9090378">
    <ele>291</ele>
    <time>2026-07-09T10:04:40Z</time>
    <extensions>
     <gpxdata:distance>7973.50</gpxdata:distance>
     <gpxdata:speed>6.236</gpxdata:speed>
    </extensions>
   </trkpt>
   <trkpt lat="46.9600972" lon="15.9089539">
    <ele>291</ele>
    <time>2026-07-09T10:04:41Z</time>
    <extensions>
     <gpxdata:distance>7980.00</gpxdata:distance>
     <gpxdata:speed>6.278</gpxdata:speed>
    </extensions>
   </trkpt>
   <trkpt lat="46.9600962" lon="15.9088696">
    <ele>291</ele>
    <time>2026-07-09T10:04:42Z</time>
    <extensions>
     <gpxdata:distance>7986.50</gpxdata:distance>
     <gpxdata:speed>6.308</gpxdata:speed>
    </extensions>
   </trkpt>
   <trkpt lat="46.9600950" lon="15.9087852">
    <ele>291</ele>
    <time>2026-07-09T10:04:43Z</time>
    <extensions>
     <gpxdata:distance>7993.00</gpxdata:distance>
     <gpxdata:speed>6.342</gpxdata:speed>
    </extensions>
   </trkpt>
   <trkpt lat="46.9600939" lon="15.9087011">
    <ele>291</ele>
    <time>2026-07-09T10:04:44Z</time>
    <extensions>
     <gpxdata:distance>7999.50</gpxdata:distance>
     <gpxdata:speed>6.367</gpxdata:speed>
    </extensions>
   </trkpt>
   <trkpt lat="46.9600931" lon="15.9086175">
    <ele>291</ele>
    <time>2026-07-09T10:04:45Z</time>
    <extensions>
     <gpxdata:distance>8006.00</gpxdata:distance>
     <gpxdata:speed>6.372</gpxdata:speed>
    </extensions>
   </trkpt>
   <trkpt lat="46.9600918" lon="15.9085337">
    <ele>291</ele>
    <time>2026-07-09T10:04:46Z</time>
    <extensions>
     <gpxdata:distance>8012.00</gpxdata:distance>
     <gpxdata:speed>6.361</gpxdata:speed>
    </extensions>
   </trkpt>
   <trkpt lat="46.9600905" lon="15.9084497">
    <ele>291</ele>
    <time>2026-07-09T10:04:47Z</time>
    <extensions>
     <gpxdata:distance>8018.00</gpxdata:distance>
     <gpxdata:speed>6.369</gpxdata:speed>
    </extensions>
   </trkpt>
   <trkpt lat="46.9600904" lon="15.9083657">
    <ele>290</ele>
    <time>2026-07-09T10:04:48Z</time>
    <extensions>
     <gpxdata:distance>8024.50</gpxdata:distance>
     <gpxdata:speed>6.378</gpxdata:speed>
    </extensions>
   </trkpt>
   <trkpt lat="46.9600916" lon="15.9082819">
    <ele>290</ele>
    <time>2026-07-09T10:04:49Z</time>
    <extensions>
     <gpxdata:distance>8031.00</gpxdata:distance>
     <gpxdata:speed>6.381</gpxdata:speed>
    </extensions>
   </trkpt>
   <trkpt lat="46.9600945" lon="15.9081986">
    <ele>290</ele>
    <time>2026-07-09T10:04:50Z</time>
    <extensions>
     <gpxdata:distance>8037.50</gpxdata:distance>
     <gpxdata:speed>6.375</gpxdata:speed>
    </extensions>
   </trkpt>
   <trkpt lat="46.9600981" lon="15.9081158">
    <ele>290</ele>
    <time>2026-07-09T10:04:51Z</time>
    <extensions>
     <gpxdata:distance>8044.00</gpxdata:distance>
     <gpxdata:speed>6.364</gpxdata:speed>
    </extensions>
   </trkpt>
   <trkpt lat="46.9601015" lon="15.9080338">
    <ele>291</ele>
    <time>2026-07-09T10:04:52Z</time>
    <extensions>
     <gpxdata:distance>8050.00</gpxdata:distance>
     <gpxdata:speed>6.339</gpxdata:speed>
    </extensions>
   </trkpt>
   <trkpt lat="46.9601067" lon="15.9079525">
    <ele>290</ele>
    <time>2026-07-09T10:04:53Z</time>
    <extensions>
     <gpxdata:distance>8056.00</gpxdata:distance>
     <gpxdata:speed>6.303</gpxdata:speed>
    </extensions>
   </trkpt>
   <trkpt lat="46.9601151" lon="15.9078722">
    <ele>290</ele>
    <time>2026-07-09T10:04:54Z</time>
    <extensions>
     <gpxdata:distance>8062.50</gpxdata:distance>
     <gpxdata:speed>6.272</gpxdata:speed>
    </extensions>
   </trkpt>
   <trkpt lat="46.9601253" lon="15.9077927">
    <ele>290</ele>
    <time>2026-07-09T10:04:55Z</time>
    <extensions>
     <gpxdata:distance>8069.00</gpxdata:distance>
     <gpxdata:speed>6.242</gpxdata:speed>
    </extensions>
   </trkpt>
   <trkpt lat="46.9601348" lon="15.9077133">
    <ele>290</ele>
    <time>2026-07-09T10:04:56Z</time>
    <extensions>
     <gpxdata:distance>8075.00</gpxdata:distance>
     <gpxdata:speed>6.208</gpxdata:speed>
    </extensions>
   </trkpt>
   <trkpt lat="46.9601429" lon="15.9076338">
    <ele>290</ele>
    <time>2026-07-09T10:04:57Z</time>
    <extensions>
     <gpxdata:distance>8081.00</gpxdata:distance>
     <gpxdata:speed>6.183</gpxdata:speed>
    </extensions>
   </trkpt>
   <trkpt lat="46.9601509" lon="15.9075542">
    <ele>290</ele>
    <time>2026-07-09T10:04:58Z</time>
    <extensions>
     <gpxdata:distance>8087.00</gpxdata:distance>
     <gpxdata:speed>6.156</gpxdata:speed>
    </extensions>
   </trkpt>
   <trkpt lat="46.9601591" lon="15.9074740">
    <ele>291</ele>
    <time>2026-07-09T10:04:59Z</time>
    <extensions>
     <gpxdata:distance>8093.00</gpxdata:distance>
     <gpxdata:speed>6.142</gpxdata:speed>
    </extensions>
   </trkpt>
   <trkpt lat="46.9601681" lon="15.9073934">
    <ele>291</ele>
    <time>2026-07-09T10:05:00Z</time>
    <extensions>
     <gpxdata:distance>8099.50</gpxdata:distance>
     <gpxdata:speed>6.147</gpxdata:speed>
    </extensions>
   </trkpt>
   <trkpt lat="46.9601823" lon="15.9073185">
    <ele>291</ele>
    <time>2026-07-09T10:05:01Z</time>
    <extensions>
     <gpxdata:distance>8106.00</gpxdata:distance>
     <gpxdata:speed>6.169</gpxdata:speed>
    </extensions>
   </trkpt>
   <trkpt lat="46.9601990" lon="15.9072443">
    <ele>291</ele>
    <time>2026-07-09T10:05:02Z</time>
    <extensions>
     <gpxdata:distance>8111.50</gpxdata:distance>
     <gpxdata:speed>6.067</gpxdata:speed>
    </extensions>
   </trkpt>
   <trkpt lat="46.9602163" lon="15.9071686">
    <ele>291</ele>
    <time>2026-07-09T10:05:03Z</time>
    <extensions>
     <gpxdata:distance>8117.00</gpxdata:distance>
     <gpxdata:speed>6.042</gpxdata:speed>
    </extensions>
   </trkpt>
   <trkpt lat="46.9602335" lon="15.9070913">
    <ele>291</ele>
    <time>2026-07-09T10:05:04Z</time>
    <extensions>
     <gpxdata:distance>8123.50</gpxdata:distance>
     <gpxdata:speed>6.067</gpxdata:speed>
    </extensions>
   </trkpt>
   <trkpt lat="46.9602504" lon="15.9070129">
    <ele>291</ele>
    <time>2026-07-09T10:05:05Z</time>
    <extensions>
     <gpxdata:distance>8130.00</gpxdata:distance>
     <gpxdata:speed>6.106</gpxdata:speed>
    </extensions>
   </trkpt>
   <trkpt lat="46.9602675" lon="15.9069337">
    <ele>291</ele>
    <time>2026-07-09T10:05:06Z</time>
    <extensions>
     <gpxdata:distance>8136.00</gpxdata:distance>
     <gpxdata:speed>6.153</gpxdata:speed>
    </extensions>
   </trkpt>
   <trkpt lat="46.9602853" lon="15.9068546">
    <ele>291</ele>
    <time>2026-07-09T10:05:07Z</time>
    <extensions>
     <gpxdata:distance>8142.00</gpxdata:distance>
     <gpxdata:speed>6.206</gpxdata:speed>
    </extensions>
   </trkpt>
   <trkpt lat="46.9603042" lon="15.9067763">
    <ele>291</ele>
    <time>2026-07-09T10:05:08Z</time>
    <extensions>
     <gpxdata:distance>8148.50</gpxdata:distance>
     <gpxdata:speed>6.242</gpxdata:speed>
    </extensions>
   </trkpt>
   <trkpt lat="46.9603246" lon="15.9066983">
    <ele>291</ele>
    <time>2026-07-09T10:05:09Z</time>
    <extensions>
     <gpxdata:distance>8155.00</gpxdata:distance>
     <gpxdata:speed>6.261</gpxdata:speed>
    </extensions>
   </trkpt>
   <trkpt lat="46.9603453" lon="15.9066192">
    <ele>291</ele>
    <time>2026-07-09T10:05:10Z</time>
    <extensions>
     <gpxdata:distance>8161.50</gpxdata:distance>
     <gpxdata:speed>6.294</gpxdata:speed>
    </extensions>
   </trkpt>
   <trkpt lat="46.9603647" lon="15.9065397">
    <ele>291</ele>
    <time>2026-07-09T10:05:11Z</time>
    <extensions>
     <gpxdata:distance>8168.00</gpxdata:distance>
     <gpxdata:speed>6.347</gpxdata:speed>
    </extensions>
   </trkpt>
   <trkpt lat="46.9603825" lon="15.9064590">
    <ele>291</ele>
    <time>2026-07-09T10:05:12Z</time>
    <extensions>
     <gpxdata:distance>8174.50</gpxdata:distance>
     <gpxdata:speed>6.364</gpxdata:speed>
    </extensions>
   </trkpt>
   <trkpt lat="46.9604003" lon="15.9063786">
    <ele>291</ele>
    <time>2026-07-09T10:05:13Z</time>
    <extensions>
     <gpxdata:distance>8181.00</gpxdata:distance>
     <gpxdata:speed>6.397</gpxdata:speed>
    </extensions>
   </trkpt>
   <trkpt lat="46.9604186" lon="15.9062990">
    <ele>291</ele>
    <time>2026-07-09T10:05:14Z</time>
    <extensions>
     <gpxdata:distance>8187.00</gpxdata:distance>
     <gpxdata:speed>6.400</gpxdata:speed>
    </extensions>
   </trkpt>
   <trkpt lat="46.9604370" lon="15.9062202">
    <ele>291</ele>
    <time>2026-07-09T10:05:15Z</time>
    <extensions>
     <gpxdata:distance>8193.00</gpxdata:distance>
     <gpxdata:speed>6.392</gpxdata:speed>
    </extensions>
   </trkpt>
   <trkpt lat="46.9604556" lon="15.9061418">
    <ele>291</ele>
    <time>2026-07-09T10:05:16Z</time>
    <extensions>
     <gpxdata:distance>8199.50</gpxdata:distance>
     <gpxdata:speed>6.367</gpxdata:speed>
    </extensions>
   </trkpt>
   <trkpt lat="46.9604737" lon="15.9060639">
    <ele>291</ele>
    <time>2026-07-09T10:05:17Z</time>
    <extensions>
     <gpxdata:distance>8206.00</gpxdata:distance>
     <gpxdata:speed>6.347</gpxdata:speed>
    </extensions>
   </trkpt>
   <trkpt lat="46.9604917" lon="15.9059859">
    <ele>291</ele>
    <time>2026-07-09T10:05:18Z</time>
    <extensions>
     <gpxdata:distance>8212.00</gpxdata:distance>
     <gpxdata:speed>6.317</gpxdata:speed>
    </extensions>
   </trkpt>
   <trkpt lat="46.9605100" lon="15.9059084">
    <ele>291</ele>
    <time>2026-07-09T10:05:19Z</time>
    <extensions>
     <gpxdata:distance>8218.00</gpxdata:distance>
     <gpxdata:speed>6.297</gpxdata:speed>
    </extensions>
   </trkpt>
   <trkpt lat="46.9605289" lon="15.9058308">
    <ele>291</ele>
    <time>2026-07-09T10:05:20Z</time>
    <extensions>
     <gpxdata:distance>8224.50</gpxdata:distance>
     <gpxdata:speed>6.278</gpxdata:speed>
    </extensions>
   </trkpt>
   <trkpt lat="46.9605478" lon="15.9057532">
    <ele>291</ele>
    <time>2026-07-09T10:05:21Z</time>
    <extensions>
     <gpxdata:distance>8231.00</gpxdata:distance>
     <gpxdata:speed>6.272</gpxdata:speed>
    </extensions>
   </trkpt>
   <trkpt lat="46.9605669" lon="15.9056749">
    <ele>291</ele>
    <time>2026-07-09T10:05:22Z</time>
    <extensions>
     <gpxdata:distance>8237.50</gpxdata:distance>
     <gpxdata:speed>6.269</gpxdata:speed>
    </extensions>
   </trkpt>
   <trkpt lat="46.9605852" lon="15.9055969">
    <ele>291</ele>
    <time>2026-07-09T10:05:23Z</time>
    <extensions>
     <gpxdata:distance>8244.00</gpxdata:distance>
     <gpxdata:speed>6.289</gpxdata:speed>
    </extensions>
   </trkpt>
   <trkpt lat="46.9606035" lon="15.9055193">
    <ele>291</ele>
    <time>2026-07-09T10:05:24Z</time>
    <extensions>
     <gpxdata:distance>8250.00</gpxdata:distance>
     <gpxdata:speed>6.275</gpxdata:speed>
    </extensions>
   </trkpt>
   <trkpt lat="46.9606215" lon="15.9054423">
    <ele>291</ele>
    <time>2026-07-09T10:05:25Z</time>
    <extensions>
     <gpxdata:distance>8256.00</gpxdata:distance>
     <gpxdata:speed>6.258</gpxdata:speed>
    </extensions>
   </trkpt>
   <trkpt lat="46.9606396" lon="15.9053660">
    <ele>291</ele>
    <time>2026-07-09T10:05:26Z</time>
    <extensions>
     <gpxdata:distance>8262.00</gpxdata:distance>
     <gpxdata:speed>6.231</gpxdata:speed>
    </extensions>
   </trkpt>
   <trkpt lat="46.9606581" lon="15.9052902">
    <ele>291</ele>
    <time>2026-07-09T10:05:27Z</time>
    <extensions>
     <gpxdata:distance>8268.00</gpxdata:distance>
     <gpxdata:speed>6.197</gpxdata:speed>
    </extensions>
   </trkpt>
   <trkpt lat="46.9606767" lon="15.9052144">
    <ele>291</ele>
    <time>2026-07-09T10:05:28Z</time>
    <extensions>
     <gpxdata:distance>8274.00</gpxdata:distance>
     <gpxdata:speed>6.172</gpxdata:speed>
    </extensions>
   </trkpt>
   <trkpt lat="46.9606955" lon="15.9051388">
    <ele>291</ele>
    <time>2026-07-09T10:05:29Z</time>
    <extensions>
     <gpxdata:distance>8280.00</gpxdata:distance>
     <gpxdata:speed>6.156</gpxdata:speed>
    </extensions>
   </trkpt>
   <trkpt lat="46.9607146" lon="15.9050634">
    <ele>291</ele>
    <time>2026-07-09T10:05:30Z</time>
    <extensions>
     <gpxdata:distance>8286.50</gpxdata:distance>
     <gpxdata:speed>6.142</gpxdata:speed>
    </extensions>
   </trkpt>
   <trkpt lat="46.9607340" lon="15.9049878">
    <ele>292</ele>
    <time>2026-07-09T10:05:31Z</time>
    <extensions>
     <gpxdata:distance>8293.00</gpxdata:distance>
     <gpxdata:speed>6.131</gpxdata:speed>
    </extensions>
   </trkpt>
   <trkpt lat="46.9607534" lon="15.9049118">
    <ele>292</ele>
    <time>2026-07-09T10:05:32Z</time>
    <extensions>
     <gpxdata:distance>8299.00</gpxdata:distance>
     <gpxdata:speed>6.136</gpxdata:speed>
    </extensions>
   </trkpt>
   <trkpt lat="46.9607725" lon="15.9048356">
    <ele>292</ele>
    <time>2026-07-09T10:05:33Z</time>
    <extensions>
     <gpxdata:distance>8305.00</gpxdata:distance>
     <gpxdata:speed>6.142</gpxdata:speed>
    </extensions>
   </trkpt>
   <trkpt lat="46.9607918" lon="15.9047604">
    <ele>292</ele>
    <time>2026-07-09T10:05:34Z</time>
    <extensions>
     <gpxdata:distance>8311.00</gpxdata:distance>
     <gpxdata:speed>6.153</gpxdata:speed>
    </extensions>
   </trkpt>
   <trkpt lat="46.9608110" lon="15.9046859">
    <ele>291</ele>
    <time>2026-07-09T10:05:35Z</time>
    <extensions>
     <gpxdata:distance>8317.00</gpxdata:distance>
     <gpxdata:speed>6.128</gpxdata:speed>
    </extensions>
   </trkpt>
   <trkpt lat="46.9608301" lon="15.9046115">
    <ele>291</ele>
    <time>2026-07-09T10:05:36Z</time>
    <extensions>
     <gpxdata:distance>8323.00</gpxdata:distance>
     <gpxdata:speed>6.100</gpxdata:speed>
    </extensions>
   </trkpt>
   <trkpt lat="46.9608500" lon="15.9045381">
    <ele>291</ele>
    <time>2026-07-09T10:05:37Z</time>
    <extensions>
     <gpxdata:distance>8329.00</gpxdata:distance>
     <gpxdata:speed>6.078</gpxdata:speed>
    </extensions>
   </trkpt>
   <trkpt lat="46.9608709" lon="15.9044647">
    <ele>291</ele>
    <time>2026-07-09T10:05:38Z</time>
    <extensions>
     <gpxdata:distance>8335.00</gpxdata:distance>
     <gpxdata:speed>6.053</gpxdata:speed>
    </extensions>
   </trkpt>
   <trkpt lat="46.9608920" lon="15.9043919">
    <ele>291</ele>
    <time>2026-07-09T10:05:39Z</time>
    <extensions>
     <gpxdata:distance>8341.00</gpxdata:distance>
     <gpxdata:speed>6.056</gpxdata:speed>
    </extensions>
   </trkpt>
   <trkpt lat="46.9609131" lon="15.9043203">
    <ele>291</ele>
    <time>2026-07-09T10:05:40Z</time>
    <extensions>
     <gpxdata:distance>8347.00</gpxdata:distance>
     <gpxdata:speed>6.033</gpxdata:speed>
    </extensions>
   </trkpt>
   <trkpt lat="46.9609280" lon="15.9042685">
    <ele>292</ele>
    <time>2026-07-09T10:05:41Z</time>
    <extensions>
     <gpxdata:distance>8353.00</gpxdata:distance>
     <gpxdata:speed>5.989</gpxdata:speed>
    </extensions>
   </trkpt>
   <trkpt lat="46.9609469" lon="15.9042025">
    <ele>292</ele>
    <time>2026-07-09T10:05:42Z</time>
    <extensions>
     <gpxdata:distance>8359.00</gpxdata:distance>
     <gpxdata:speed>5.958</gpxdata:speed>
    </extensions>
   </trkpt>
   <trkpt lat="46.9609665" lon="15.9041323">
    <ele>292</ele>
    <time>2026-07-09T10:05:43Z</time>
    <extensions>
     <gpxdata:distance>8365.00</gpxdata:distance>
     <gpxdata:speed>5.942</gpxdata:speed>
    </extensions>
   </trkpt>
   <trkpt lat="46.9609858" lon="15.9040610">
    <ele>292</ele>
    <time>2026-07-09T10:05:44Z</time>
    <extensions>
     <gpxdata:distance>8371.00</gpxdata:distance>
     <gpxdata:speed>5.917</gpxdata:speed>
    </extensions>
   </trkpt>
   <trkpt lat="46.9610053" lon="15.9039896">
    <ele>292</ele>
    <time>2026-07-09T10:05:45Z</time>
    <extensions>
     <gpxdata:distance>8377.00</gpxdata:distance>
     <gpxdata:speed>5.892</gpxdata:speed>
    </extensions>
   </trkpt>
   <trkpt lat="46.9610262" lon="15.9039185">
    <ele>292</ele>
    <time>2026-07-09T10:05:46Z</time>
    <extensions>
     <gpxdata:distance>8382.50</gpxdata:distance>
     <gpxdata:speed>5.878</gpxdata:speed>
    </extensions>
   </trkpt>
   <trkpt lat="46.9610477" lon="15.9038476">
    <ele>292</ele>
    <time>2026-07-09T10:05:47Z</time>
    <extensions>
     <gpxdata:distance>8388.00</gpxdata:distance>
     <gpxdata:speed>5.886</gpxdata:speed>
    </extensions>
   </trkpt>
   <trkpt lat="46.9610685" lon="15.9037767">
    <ele>292</ele>
    <time>2026-07-09T10:05:48Z</time>
    <extensions>
     <gpxdata:distance>8394.00</gpxdata:distance>
     <gpxdata:speed>5.892</gpxdata:speed>
    </extensions>
   </trkpt>
   <trkpt lat="46.9610889" lon="15.9037075">
    <ele>292</ele>
    <time>2026-07-09T10:05:49Z</time>
    <extensions>
     <gpxdata:distance>8400.00</gpxdata:distance>
     <gpxdata:speed>5.869</gpxdata:speed>
    </extensions>
   </trkpt>
   <trkpt lat="46.9611096" lon="15.9036390">
    <ele>292</ele>
    <time>2026-07-09T10:05:50Z</time>
    <extensions>
     <gpxdata:distance>8405.50</gpxdata:distance>
     <gpxdata:speed>5.803</gpxdata:speed>
    </extensions>
   </trkpt>
   <trkpt lat="46.9611304" lon="15.9035697">
    <ele>292</ele>
    <time>2026-07-09T10:05:51Z</time>
    <extensions>
     <gpxdata:distance>8411.00</gpxdata:distance>
     <gpxdata:speed>5.764</gpxdata:speed>
    </extensions>
   </trkpt>
   <trkpt lat="46.9611519" lon="15.9035007">
    <ele>292</ele>
    <time>2026-07-09T10:05:52Z</time>
    <extensions>
     <gpxdata:distance>8417.00</gpxdata:distance>
     <gpxdata:speed>5.772</gpxdata:speed>
    </extensions>
   </trkpt>
   <trkpt lat="46.9611741" lon="15.9034315">
    <ele>292</ele>
    <time>2026-07-09T10:05:53Z</time>
    <extensions>
     <gpxdata:distance>8423.00</gpxdata:distance>
     <gpxdata:speed>5.775</gpxdata:speed>
    </extensions>
   </trkpt>
   <trkpt lat="46.9611961" lon="15.9033619">
    <ele>292</ele>
    <time>2026-07-09T10:05:54Z</time>
    <extensions>
     <gpxdata:distance>8429.00</gpxdata:distance>
     <gpxdata:speed>5.792</gpxdata:speed>
    </extensions>
   </trkpt>
   <trkpt lat="46.9612177" lon="15.9032915">
    <ele>292</ele>
    <time>2026-07-09T10:05:55Z</time>
    <extensions>
     <gpxdata:distance>8435.00</gpxdata:distance>
     <gpxdata:speed>5.803</gpxdata:speed>
    </extensions>
   </trkpt>
   <trkpt lat="46.9612397" lon="15.9032204">
    <ele>292</ele>
    <time>2026-07-09T10:05:56Z</time>
    <extensions>
     <gpxdata:distance>8441.00</gpxdata:distance>
     <gpxdata:speed>5.831</gpxdata:speed>
    </extensions>
   </trkpt>
   <trkpt lat="46.9612614" lon="15.9031486">
    <ele>292</ele>
    <time>2026-07-09T10:05:57Z</time>
    <extensions>
     <gpxdata:distance>8447.00</gpxdata:distance>
     <gpxdata:speed>5.875</gpxdata:speed>
    </extensions>
   </trkpt>
   <trkpt lat="46.9612824" lon="15.9030765">
    <ele>292</ele>
    <time>2026-07-09T10:05:58Z</time>
    <extensions>
     <gpxdata:distance>8453.00</gpxdata:distance>
     <gpxdata:speed>5.911</gpxdata:speed>
    </extensions>
   </trkpt>
   <trkpt lat="46.9613020" lon="15.9030042">
    <ele>292</ele>
    <time>2026-07-09T10:05:59Z</time>
    <extensions>
     <gpxdata:distance>8459.00</gpxdata:distance>
     <gpxdata:speed>5.919</gpxdata:speed>
    </extensions>
   </trkpt>
   <trkpt lat="46.9613197" lon="15.9029317">
    <ele>292</ele>
    <time>2026-07-09T10:06:00Z</time>
    <extensions>
     <gpxdata:distance>8464.50</gpxdata:distance>
     <gpxdata:speed>5.911</gpxdata:speed>
    </extensions>
   </trkpt>
   <trkpt lat="46.9613352" lon="15.9028581">
    <ele>292</ele>
    <time>2026-07-09T10:06:01Z</time>
    <extensions>
     <gpxdata:distance>8470.00</gpxdata:distance>
     <gpxdata:speed>5.883</gpxdata:speed>
    </extensions>
   </trkpt>
   <trkpt lat="46.9613481" lon="15.9027829">
    <ele>292</ele>
    <time>2026-07-09T10:06:02Z</time>
    <extensions>
     <gpxdata:distance>8476.00</gpxdata:distance>
     <gpxdata:speed>5.881</gpxdata:speed>
    </extensions>
   </trkpt>
   <trkpt lat="46.9613583" lon="15.9027075">
    <ele>292</ele>
    <time>2026-07-09T10:06:03Z</time>
    <extensions>
     <gpxdata:distance>8482.00</gpxdata:distance>
     <gpxdata:speed>5.892</gpxdata:speed>
    </extensions>
   </trkpt>
   <trkpt lat="46.9613662" lon="15.9026329">
    <ele>292</ele>
    <time>2026-07-09T10:06:04Z</time>
    <extensions>
     <gpxdata:distance>8487.50</gpxdata:distance>
     <gpxdata:speed>5.869</gpxdata:speed>
    </extensions>
   </trkpt>
   <trkpt lat="46.9613717" lon="15.9025587">
    <ele>292</ele>
    <time>2026-07-09T10:06:05Z</time>
    <extensions>
     <gpxdata:distance>8493.00</gpxdata:distance>
     <gpxdata:speed>5.806</gpxdata:speed>
    </extensions>
   </trkpt>
   <trkpt lat="46.9613743" lon="15.9024852">
    <ele>292</ele>
    <time>2026-07-09T10:06:06Z</time>
    <extensions>
     <gpxdata:distance>8499.00</gpxdata:distance>
     <gpxdata:speed>5.753</gpxdata:speed>
    </extensions>
   </trkpt>
   <trkpt lat="46.9613740" lon="15.9024137">
    <ele>292</ele>
    <time>2026-07-09T10:06:07Z</time>
    <extensions>
     <gpxdata:distance>8505.00</gpxdata:distance>
     <gpxdata:speed>5.686</gpxdata:speed>
    </extensions>
   </trkpt>
   <trkpt lat="46.9613713" lon="15.9023457">
    <ele>292</ele>
    <time>2026-07-09T10:06:08Z</time>
    <extensions>
     <gpxdata:distance>8510.00</gpxdata:distance>
     <gpxdata:speed>5.572</gpxdata:speed>
    </extensions>
   </trkpt>
   <trkpt lat="46.9613663" lon="15.9022803">
    <ele>292</ele>
    <time>2026-07-09T10:06:09Z</time>
    <extensions>
     <gpxdata:distance>8515.00</gpxdata:distance>
     <gpxdata:speed>5.181</gpxdata:speed>
    </extensions>
   </trkpt>
   <trkpt lat="46.9613589" lon="15.9022166">
    <ele>292</ele>
    <time>2026-07-09T10:06:10Z</time>
    <extensions>
     <gpxdata:distance>8519.50</gpxdata:distance>
     <gpxdata:speed>5.014</gpxdata:speed>
    </extensions>
   </trkpt>
   <trkpt lat="46.9613501" lon="15.9021532">
    <ele>292</ele>
    <time>2026-07-09T10:06:11Z</time>
    <extensions>
     <gpxdata:distance>8524.00</gpxdata:distance>
     <gpxdata:speed>4.950</gpxdata:speed>
    </extensions>
   </trkpt>
   <trkpt lat="46.9613402" lon="15.9020898">
    <ele>292</ele>
    <time>2026-07-09T10:06:12Z</time>
    <extensions>
     <gpxdata:distance>8529.00</gpxdata:distance>
     <gpxdata:speed>4.950</gpxdata:speed>
    </extensions>
   </trkpt>
   <trkpt lat="46.9613287" lon="15.9020276">
    <ele>293</ele>
    <time>2026-07-09T10:06:13Z</time>
    <extensions>
     <gpxdata:distance>8534.00</gpxdata:distance>
     <gpxdata:speed>4.964</gpxdata:speed>
    </extensions>
   </trkpt>
   <trkpt lat="46.9613152" lon="15.9019686">
    <ele>293</ele>
    <time>2026-07-09T10:06:14Z</time>
    <extensions>
     <gpxdata:distance>8539.00</gpxdata:distance>
     <gpxdata:speed>4.897</gpxdata:speed>
    </extensions>
   </trkpt>
   <trkpt lat="46.9612997" lon="15.9019134">
    <ele>293</ele>
    <time>2026-07-09T10:06:15Z</time>
    <extensions>
     <gpxdata:distance>8544.00</gpxdata:distance>
     <gpxdata:speed>4.700</gpxdata:speed>
    </extensions>
   </trkpt>
   <trkpt lat="46.9612825" lon="15.9018599">
    <ele>293</ele>
    <time>2026-07-09T10:06:16Z</time>
    <extensions>
     <gpxdata:distance>8548.00</gpxdata:distance>
     <gpxdata:speed>4.525</gpxdata:speed>
    </extensions>
   </trkpt>
   <trkpt lat="46.9612637" lon="15.9018067">
    <ele>294</ele>
    <time>2026-07-09T10:06:17Z</time>
    <extensions>
     <gpxdata:distance>8552.00</gpxdata:distance>
     <gpxdata:speed>4.522</gpxdata:speed>
    </extensions>
   </trkpt>
   <trkpt lat="46.9612435" lon="15.9017539">
    <ele>294</ele>
    <time>2026-07-09T10:06:18Z</time>
    <extensions>
     <gpxdata:distance>8557.00</gpxdata:distance>
     <gpxdata:speed>4.544</gpxdata:speed>
    </extensions>
   </trkpt>
   <trkpt lat="46.9612227" lon="15.9017011">
    <ele>294</ele>
    <time>2026-07-09T10:06:19Z</time>
    <extensions>
     <gpxdata:distance>8562.00</gpxdata:distance>
     <gpxdata:speed>4.569</gpxdata:speed>
    </extensions>
   </trkpt>
   <trkpt lat="46.9612024" lon="15.9016478">
    <ele>294</ele>
    <time>2026-07-09T10:06:20Z</time>
    <extensions>
     <gpxdata:distance>8566.50</gpxdata:distance>
     <gpxdata:speed>4.589</gpxdata:speed>
    </extensions>
   </trkpt>
   <trkpt lat="46.9611830" lon="15.9015927">
    <ele>294</ele>
    <time>2026-07-09T10:06:21Z</time>
    <extensions>
     <gpxdata:distance>8571.00</gpxdata:distance>
     <gpxdata:speed>4.606</gpxdata:speed>
    </extensions>
   </trkpt>
   <trkpt lat="46.9611644" lon="15.9015355">
    <ele>294</ele>
    <time>2026-07-09T10:06:22Z</time>
    <extensions>
     <gpxdata:distance>8576.00</gpxdata:distance>
     <gpxdata:speed>4.650</gpxdata:speed>
    </extensions>
   </trkpt>
   <trkpt lat="46.9611456" lon="15.9014767">
    <ele>294</ele>
    <time>2026-07-09T10:06:23Z</time>
    <extensions>
     <gpxdata:distance>8581.00</gpxdata:distance>
     <gpxdata:speed>4.728</gpxdata:speed>
    </extensions>
   </trkpt>
   <trkpt lat="46.9611261" lon="15.9014164">
    <ele>294</ele>
    <time>2026-07-09T10:06:24Z</time>
    <extensions>
     <gpxdata:distance>8586.00</gpxdata:distance>
     <gpxdata:speed>4.814</gpxdata:speed>
    </extensions>
   </trkpt>
   <trkpt lat="46.9611066" lon="15.9013551">
    <ele>294</ele>
    <time>2026-07-09T10:06:25Z</time>
    <extensions>
     <gpxdata:distance>8591.00</gpxdata:distance>
     <gpxdata:speed>4.922</gpxdata:speed>
    </extensions>
   </trkpt>
   <trkpt lat="46.9610881" lon="15.9012921">
    <ele>294</ele>
    <time>2026-07-09T10:06:26Z</time>
    <extensions>
     <gpxdata:distance>8596.50</gpxdata:distance>
     <gpxdata:speed>5.017</gpxdata:speed>
    </extensions>
   </trkpt>
   <trkpt lat="46.9610708" lon="15.9012274">
    <ele>294</ele>
    <time>2026-07-09T10:06:27Z</time>
    <extensions>
     <gpxdata:distance>8602.00</gpxdata:distance>
     <gpxdata:speed>5.108</gpxdata:speed>
    </extensions>
   </trkpt>
   <trkpt lat="46.9610544" lon="15.9011606">
    <ele>295</ele>
    <time>2026-07-09T10:06:28Z</time>
    <extensions>
     <gpxdata:distance>8607.00</gpxdata:distance>
     <gpxdata:speed>5.208</gpxdata:speed>
    </extensions>
   </trkpt>
   <trkpt lat="46.9610388" lon="15.9010914">
    <ele>295</ele>
    <time>2026-07-09T10:06:29Z</time>
    <extensions>
     <gpxdata:distance>8612.00</gpxdata:distance>
     <gpxdata:speed>5.394</gpxdata:speed>
    </extensions>
   </trkpt>
   <trkpt lat="46.9610240" lon="15.9010201">
    <ele>295</ele>
    <time>2026-07-09T10:06:30Z</time>
    <extensions>
     <gpxdata:distance>8618.00</gpxdata:distance>
     <gpxdata:speed>5.550</gpxdata:speed>
    </extensions>
   </trkpt>
   <trkpt lat="46.9610101" lon="15.9009469">
    <ele>295</ele>
    <time>2026-07-09T10:06:31Z</time>
    <extensions>
     <gpxdata:distance>8624.00</gpxdata:distance>
     <gpxdata:speed>5.664</gpxdata:speed>
    </extensions>
   </trkpt>
   <trkpt lat="46.9609984" lon="15.9008709">
    <ele>295</ele>
    <time>2026-07-09T10:06:32Z</time>
    <extensions>
     <gpxdata:distance>8630.00</gpxdata:distance>
     <gpxdata:speed>5.769</gpxdata:speed>
    </extensions>
   </trkpt>
   <trkpt lat="46.9609888" lon="15.9007917">
    <ele>295</ele>
    <time>2026-07-09T10:06:33Z</time>
    <extensions>
     <gpxdata:distance>8636.00</gpxdata:distance>
     <gpxdata:speed>5.928</gpxdata:speed>
    </extensions>
   </trkpt>
   <trkpt lat="46.9609784" lon="15.9006813">
    <ele>295</ele>
    <time>2026-07-09T10:06:34Z</time>
    <extensions>
     <gpxdata:distance>8642.50</gpxdata:distance>
     <gpxdata:speed>6.136</gpxdata:speed>
    </extensions>
   </trkpt>
   <trkpt lat="46.9609714" lon="15.9005907">
    <ele>295</ele>
    <time>2026-07-09T10:06:35Z</time>
    <extensions>
     <gpxdata:distance>8649.00</gpxdata:distance>
     <gpxdata:speed>6.367</gpxdata:speed>
    </extensions>
   </trkpt>
   <trkpt lat="46.9609645" lon="15.9005003">
    <ele>295</ele>
    <time>2026-07-09T10:06:36Z</time>
    <extensions>
     <gpxdata:distance>8656.00</gpxdata:distance>
     <gpxdata:speed>6.614</gpxdata:speed>
    </extensions>
   </trkpt>
   <trkpt lat="46.9609582" lon="15.9004072">
    <ele>294</ele>
    <time>2026-07-09T10:06:37Z</time>
    <extensions>
     <gpxdata:distance>8663.00</gpxdata:distance>
     <gpxdata:speed>6.792</gpxdata:speed>
    </extensions>
   </trkpt>
   <trkpt lat="46.9609518" lon="15.9003103">
    <ele>294</ele>
    <time>2026-07-09T10:06:38Z</time>
    <extensions>
     <gpxdata:distance>8670.50</gpxdata:distance>
     <gpxdata:speed>7.011</gpxdata:speed>
    </extensions>
   </trkpt>
   <trkpt lat="46.9609446" lon="15.9002093">
    <ele>294</ele>
    <time>2026-07-09T10:06:39Z</time>
    <extensions>
     <gpxdata:distance>8678.00</gpxdata:distance>
     <gpxdata:speed>7.319</gpxdata:speed>
    </extensions>
   </trkpt>
   <trkpt lat="46.9609356" lon="15.9001058">
    <ele>294</ele>
    <time>2026-07-09T10:06:40Z</time>
    <extensions>
     <gpxdata:distance>8685.50</gpxdata:distance>
     <gpxdata:speed>7.619</gpxdata:speed>
    </extensions>
   </trkpt>
   <trkpt lat="46.9609256" lon="15.9000002">
    <ele>294</ele>
    <time>2026-07-09T10:06:41Z</time>
    <extensions>
     <gpxdata:distance>8693.00</gpxdata:distance>
     <gpxdata:speed>7.822</gpxdata:speed>
    </extensions>
   </trkpt>
   <trkpt lat="46.9609151" lon="15.8998925">
    <ele>294</ele>
    <time>2026-07-09T10:06:42Z</time>
    <extensions>
     <gpxdata:distance>8701.50</gpxdata:distance>
     <gpxdata:speed>7.997</gpxdata:speed>
    </extensions>
   </trkpt>
   <trkpt lat="46.9609050" lon="15.8997836">
    <ele>294</ele>
    <time>2026-07-09T10:06:43Z</time>
    <extensions>
     <gpxdata:distance>8710.00</gpxdata:distance>
     <gpxdata:speed>8.181</gpxdata:speed>
    </extensions>
   </trkpt>
   <trkpt lat="46.9608953" lon="15.8996748">
    <ele>293</ele>
    <time>2026-07-09T10:06:44Z</time>
    <extensions>
     <gpxdata:distance>8718.50</gpxdata:distance>
     <gpxdata:speed>8.267</gpxdata:speed>
    </extensions>
   </trkpt>
   <trkpt lat="46.9608863" lon="15.8995677">
    <ele>293</ele>
    <time>2026-07-09T10:06:45Z</time>
    <extensions>
     <gpxdata:distance>8727.00</gpxdata:distance>
     <gpxdata:speed>8.272</gpxdata:speed>
    </extensions>
   </trkpt>
   <trkpt lat="46.9608775" lon="15.8994626">
    <ele>292</ele>
    <time>2026-07-09T10:06:46Z</time>
    <extensions>
     <gpxdata:distance>8735.00</gpxdata:distance>
     <gpxdata:speed>8.161</gpxdata:speed>
    </extensions>
   </trkpt>
   <trkpt lat="46.9608689" lon="15.8993592">
    <ele>292</ele>
    <time>2026-07-09T10:06:47Z</time>
    <extensions>
     <gpxdata:distance>8743.00</gpxdata:distance>
     <gpxdata:speed>8.047</gpxdata:speed>
    </extensions>
   </trkpt>
   <trkpt lat="46.9608608" lon="15.8992579">
    <ele>292</ele>
    <time>2026-07-09T10:06:48Z</time>
    <extensions>
     <gpxdata:distance>8750.50</gpxdata:distance>
     <gpxdata:speed>7.953</gpxdata:speed>
    </extensions>
   </trkpt>
   <trkpt lat="46.9608534" lon="15.8991580">
    <ele>292</ele>
    <time>2026-07-09T10:06:49Z</time>
    <extensions>
     <gpxdata:distance>8758.00</gpxdata:distance>
     <gpxdata:speed>7.800</gpxdata:speed>
    </extensions>
   </trkpt>
   <trkpt lat="46.9608465" lon="15.8990587">
    <ele>292</ele>
    <time>2026-07-09T10:06:50Z</time>
    <extensions>
     <gpxdata:distance>8765.50</gpxdata:distance>
     <gpxdata:speed>7.739</gpxdata:speed>
    </extensions>
   </trkpt>
   <trkpt lat="46.9608394" lon="15.8989600">
    <ele>292</ele>
    <time>2026-07-09T10:06:51Z</time>
    <extensions>
     <gpxdata:distance>8773.00</gpxdata:distance>
     <gpxdata:speed>7.692</gpxdata:speed>
    </extensions>
   </trkpt>
   <trkpt lat="46.9608319" lon="15.8988620">
    <ele>292</ele>
    <time>2026-07-09T10:06:52Z</time>
    <extensions>
     <gpxdata:distance>8780.50</gpxdata:distance>
     <gpxdata:speed>7.639</gpxdata:speed>
    </extensions>
   </trkpt>
   <trkpt lat="46.9608251" lon="15.8987648">
    <ele>292</ele>
    <time>2026-07-09T10:06:53Z</time>
    <extensions>
     <gpxdata:distance>8788.00</gpxdata:distance>
     <gpxdata:speed>7.581</gpxdata:speed>
    </extensions>
   </trkpt>
   <trkpt lat="46.9608195" lon="15.8986688">
    <ele>291</ele>
    <time>2026-07-09T10:06:54Z</time>
    <extensions>
     <gpxdata:distance>8795.50</gpxdata:distance>
     <gpxdata:speed>7.461</gpxdata:speed>
    </extensions>
   </trkpt>
   <trkpt lat="46.9608147" lon="15.8985744">
    <ele>291</ele>
    <time>2026-07-09T10:06:55Z</time>
    <extensions>
     <gpxdata:distance>8803.00</gpxdata:distance>
     <gpxdata:speed>7.372</gpxdata:speed>
    </extensions>
   </trkpt>
   <trkpt lat="46.9608103" lon="15.8984808">
    <ele>291</ele>
    <time>2026-07-09T10:06:56Z</time>
    <extensions>
     <gpxdata:distance>8810.00</gpxdata:distance>
     <gpxdata:speed>7.256</gpxdata:speed>
    </extensions>
   </trkpt>
   <trkpt lat="46.9608061" lon="15.8983873">
    <ele>291</ele>
    <time>2026-07-09T10:06:57Z</time>
    <extensions>
     <gpxdata:distance>8817.00</gpxdata:distance>
     <gpxdata:speed>7.175</gpxdata:speed>
    </extensions>
   </trkpt>
   <trkpt lat="46.9608030" lon="15.8982938">
    <ele>291</ele>
    <time>2026-07-09T10:06:58Z</time>
    <extensions>
     <gpxdata:distance>8824.00</gpxdata:distance>
     <gpxdata:speed>7.158</gpxdata:speed>
    </extensions>
   </trkpt>
   <trkpt lat="46.9608018" lon="15.8982004">
    <ele>291</ele>
    <time>2026-07-09T10:06:59Z</time>
    <extensions>
     <gpxdata:distance>8831.00</gpxdata:distance>
     <gpxdata:speed>7.136</gpxdata:speed>
    </extensions>
   </trkpt>
   <trkpt lat="46.9608024" lon="15.8981074">
    <ele>291</ele>
    <time>2026-07-09T10:07:00Z</time>
    <extensions>
     <gpxdata:distance>8838.00</gpxdata:distance>
     <gpxdata:speed>7.119</gpxdata:speed>
    </extensions>
   </trkpt>
   <trkpt lat="46.9608035" lon="15.8980152">
    <ele>291</ele>
    <time>2026-07-09T10:07:01Z</time>
    <extensions>
     <gpxdata:distance>8845.00</gpxdata:distance>
     <gpxdata:speed>7.089</gpxdata:speed>
    </extensions>
   </trkpt>
   <trkpt lat="46.9608047" lon="15.8979248">
    <ele>291</ele>
    <time>2026-07-09T10:07:02Z</time>
    <extensions>
     <gpxdata:distance>8852.00</gpxdata:distance>
     <gpxdata:speed>7.047</gpxdata:speed>
    </extensions>
   </trkpt>
   <trkpt lat="46.9608060" lon="15.8978355">
    <ele>291</ele>
    <time>2026-07-09T10:07:03Z</time>
    <extensions>
     <gpxdata:distance>8859.00</gpxdata:distance>
     <gpxdata:speed>6.969</gpxdata:speed>
    </extensions>
   </trkpt>
   <trkpt lat="46.9608072" lon="15.8977468">
    <ele>291</ele>
    <time>2026-07-09T10:07:04Z</time>
    <extensions>
     <gpxdata:distance>8866.00</gpxdata:distance>
     <gpxdata:speed>6.900</gpxdata:speed>
    </extensions>
   </trkpt>
   <trkpt lat="46.9608078" lon="15.8976583">
    <ele>291</ele>
    <time>2026-07-09T10:07:05Z</time>
    <extensions>
     <gpxdata:distance>8873.00</gpxdata:distance>
     <gpxdata:speed>6.844</gpxdata:speed>
    </extensions>
   </trkpt>
   <trkpt lat="46.9608084" lon="15.8975701">
    <ele>291</ele>
    <time>2026-07-09T10:07:06Z</time>
    <extensions>
     <gpxdata:distance>8879.50</gpxdata:distance>
     <gpxdata:speed>6.803</gpxdata:speed>
    </extensions>
   </trkpt>
   <trkpt lat="46.9608080" lon="15.8974826">
    <ele>291</ele>
    <time>2026-07-09T10:07:07Z</time>
    <extensions>
     <gpxdata:distance>8886.00</gpxdata:distance>
     <gpxdata:speed>6.761</gpxdata:speed>
    </extensions>
   </trkpt>
   <trkpt lat="46.9608051" lon="15.8973951">
    <ele>291</ele>
    <time>2026-07-09T10:07:08Z</time>
    <extensions>
     <gpxdata:distance>8892.50</gpxdata:distance>
     <gpxdata:speed>6.717</gpxdata:speed>
    </extensions>
   </trkpt>
   <trkpt lat="46.9607992" lon="15.8973072">
    <ele>291</ele>
    <time>2026-07-09T10:07:09Z</time>
    <extensions>
     <gpxdata:distance>8899.00</gpxdata:distance>
     <gpxdata:speed>6.692</gpxdata:speed>
    </extensions>
   </trkpt>
   <trkpt lat="46.9607912" lon="15.8972198">
    <ele>291</ele>
    <time>2026-07-09T10:07:10Z</time>
    <extensions>
     <gpxdata:distance>8906.00</gpxdata:distance>
     <gpxdata:speed>6.700</gpxdata:speed>
    </extensions>
   </trkpt>
   <trkpt lat="46.9607814" lon="15.8971326">
    <ele>291</ele>
    <time>2026-07-09T10:07:11Z</time>
    <extensions>
     <gpxdata:distance>8913.00</gpxdata:distance>
     <gpxdata:speed>6.694</gpxdata:speed>
    </extensions>
   </trkpt>
   <trkpt lat="46.9607697" lon="15.8970452">
    <ele>291</ele>
    <time>2026-07-09T10:07:12Z</time>
    <extensions>
     <gpxdata:distance>8919.50</gpxdata:distance>
     <gpxdata:speed>6.697</gpxdata:speed>
    </extensions>
   </trkpt>
   <trkpt lat="46.9607568" lon="15.8969575">
    <ele>291</ele>
    <time>2026-07-09T10:07:13Z</time>
    <extensions>
     <gpxdata:distance>8926.00</gpxdata:distance>
     <gpxdata:speed>6.719</gpxdata:speed>
    </extensions>
   </trkpt>
   <trkpt lat="46.9607436" lon="15.8968689">
    <ele>291</ele>
    <time>2026-07-09T10:07:14Z</time>
    <extensions>
     <gpxdata:distance>8933.00</gpxdata:distance>
     <gpxdata:speed>6.756</gpxdata:speed>
    </extensions>
   </trkpt>
   <trkpt lat="46.9607317" lon="15.8967795">
    <ele>291</ele>
    <time>2026-07-09T10:07:15Z</time>
    <extensions>
     <gpxdata:distance>8940.00</gpxdata:distance>
     <gpxdata:speed>6.800</gpxdata:speed>
    </extensions>
   </trkpt>
   <trkpt lat="46.9607209" lon="15.8966887">
    <ele>291</ele>
    <time>2026-07-09T10:07:16Z</time>
    <extensions>
     <gpxdata:distance>8947.00</gpxdata:distance>
     <gpxdata:speed>6.842</gpxdata:speed>
    </extensions>
   </trkpt>
   <trkpt lat="46.9607107" lon="15.8965976">
    <ele>291</ele>
    <time>2026-07-09T10:07:17Z</time>
    <extensions>
     <gpxdata:distance>8954.00</gpxdata:distance>
     <gpxdata:speed>6.900</gpxdata:speed>
    </extensions>
   </trkpt>
   <trkpt lat="46.9607017" lon="15.8965062">
    <ele>291</ele>
    <time>2026-07-09T10:07:18Z</time>
    <extensions>
     <gpxdata:distance>8961.00</gpxdata:distance>
     <gpxdata:speed>6.939</gpxdata:speed>
    </extensions>
   </trkpt>
   <trkpt lat="46.9606943" lon="15.8964144">
    <ele>291</ele>
    <time>2026-07-09T10:07:19Z</time>
    <extensions>
     <gpxdata:distance>8968.00</gpxdata:distance>
     <gpxdata:speed>6.964</gpxdata:speed>
    </extensions>
   </trkpt>
   <trkpt lat="46.9606876" lon="15.8963230">
    <ele>291</ele>
    <time>2026-07-09T10:07:20Z</time>
    <extensions>
     <gpxdata:distance>8975.00</gpxdata:distance>
     <gpxdata:speed>6.986</gpxdata:speed>
    </extensions>
   </trkpt>
   <trkpt lat="46.9606829" lon="15.8962315">
    <ele>291</ele>
    <time>2026-07-09T10:07:21Z</time>
    <extensions>
     <gpxdata:distance>8982.00</gpxdata:distance>
     <gpxdata:speed>6.981</gpxdata:speed>
    </extensions>
   </trkpt>
   <trkpt lat="46.9606815" lon="15.8961399">
    <ele>291</ele>
    <time>2026-07-09T10:07:22Z</time>
    <extensions>
     <gpxdata:distance>8989.00</gpxdata:distance>
     <gpxdata:speed>6.983</gpxdata:speed>
    </extensions>
   </trkpt>
   <trkpt lat="46.9606832" lon="15.8960489">
    <ele>291</ele>
    <time>2026-07-09T10:07:23Z</time>
    <extensions>
     <gpxdata:distance>8996.00</gpxdata:distance>
     <gpxdata:speed>6.981</gpxdata:speed>
    </extensions>
   </trkpt>
   <trkpt lat="46.9606856" lon="15.8959584">
    <ele>291</ele>
    <time>2026-07-09T10:07:24Z</time>
    <extensions>
     <gpxdata:distance>9003.00</gpxdata:distance>
     <gpxdata:speed>6.956</gpxdata:speed>
    </extensions>
   </trkpt>
   <trkpt lat="46.9606874" lon="15.8958684">
    <ele>291</ele>
    <time>2026-07-09T10:07:25Z</time>
    <extensions>
     <gpxdata:distance>9010.00</gpxdata:distance>
     <gpxdata:speed>6.928</gpxdata:speed>
    </extensions>
   </trkpt>
   <trkpt lat="46.9606886" lon="15.8957788">
    <ele>292</ele>
    <time>2026-07-09T10:07:26Z</time>
    <extensions>
     <gpxdata:distance>9016.50</gpxdata:distance>
     <gpxdata:speed>6.900</gpxdata:speed>
    </extensions>
   </trkpt>
   <trkpt lat="46.9606899" lon="15.8956893">
    <ele>292</ele>
    <time>2026-07-09T10:07:27Z</time>
    <extensions>
     <gpxdata:distance>9023.00</gpxdata:distance>
     <gpxdata:speed>6.867</gpxdata:speed>
    </extensions>
   </trkpt>
   <trkpt lat="46.9606917" lon="15.8956006">
    <ele>292</ele>
    <time>2026-07-09T10:07:28Z</time>
    <extensions>
     <gpxdata:distance>9030.00</gpxdata:distance>
     <gpxdata:speed>6.844</gpxdata:speed>
    </extensions>
   </trkpt>
   <trkpt lat="46.9606938" lon="15.8955130">
    <ele>292</ele>
    <time>2026-07-09T10:07:29Z</time>
    <extensions>
     <gpxdata:distance>9037.00</gpxdata:distance>
     <gpxdata:speed>6.806</gpxdata:speed>
    </extensions>
   </trkpt>
   <trkpt lat="46.9606958" lon="15.8954262">
    <ele>292</ele>
    <time>2026-07-09T10:07:30Z</time>
    <extensions>
     <gpxdata:distance>9043.50</gpxdata:distance>
     <gpxdata:speed>6.753</gpxdata:speed>
    </extensions>
   </trkpt>
   <trkpt lat="46.9606978" lon="15.8953401">
    <ele>292</ele>
    <time>2026-07-09T10:07:31Z</time>
    <extensions>
     <gpxdata:distance>9050.00</gpxdata:distance>
     <gpxdata:speed>6.697</gpxdata:speed>
    </extensions>
   </trkpt>
   <trkpt lat="46.9606994" lon="15.8952546">
    <ele>292</ele>
    <time>2026-07-09T10:07:32Z</time>
    <extensions>
     <gpxdata:distance>9056.50</gpxdata:distance>
     <gpxdata:speed>6.644</gpxdata:speed>
    </extensions>
   </trkpt>
   <trkpt lat="46.9607003" lon="15.8951695">
    <ele>292</ele>
    <time>2026-07-09T10:07:33Z</time>
    <extensions>
     <gpxdata:distance>9063.00</gpxdata:distance>
     <gpxdata:speed>6.592</gpxdata:speed>
    </extensions>
   </trkpt>
   <trkpt lat="46.9607012" lon="15.8950846">
    <ele>292</ele>
    <time>2026-07-09T10:07:34Z</time>
    <extensions>
     <gpxdata:distance>9069.50</gpxdata:distance>
     <gpxdata:speed>6.547</gpxdata:speed>
    </extensions>
   </trkpt>
   <trkpt lat="46.9607028" lon="15.8950006">
    <ele>292</ele>
    <time>2026-07-09T10:07:35Z</time>
    <extensions>
     <gpxdata:distance>9076.00</gpxdata:distance>
     <gpxdata:speed>6.514</gpxdata:speed>
    </extensions>
   </trkpt>
   <trkpt lat="46.9607046" lon="15.8949174">
    <ele>292</ele>
    <time>2026-07-09T10:07:36Z</time>
    <extensions>
     <gpxdata:distance>9082.00</gpxdata:distance>
     <gpxdata:speed>6.461</gpxdata:speed>
    </extensions>
   </trkpt>
   <trkpt lat="46.9607053" lon="15.8948360">
    <ele>292</ele>
    <time>2026-07-09T10:07:37Z</time>
    <extensions>
     <gpxdata:distance>9088.00</gpxdata:distance>
     <gpxdata:speed>6.411</gpxdata:speed>
    </extensions>
   </trkpt>
   <trkpt lat="46.9607044" lon="15.8947571">
    <ele>292</ele>
    <time>2026-07-09T10:07:38Z</time>
    <extensions>
     <gpxdata:distance>9094.00</gpxdata:distance>
     <gpxdata:speed>6.319</gpxdata:speed>
    </extensions>
   </trkpt>
   <trkpt lat="46.9607013" lon="15.8946819">
    <ele>292</ele>
    <time>2026-07-09T10:07:39Z</time>
    <extensions>
     <gpxdata:distance>9100.00</gpxdata:distance>
     <gpxdata:speed>6.194</gpxdata:speed>
    </extensions>
   </trkpt>
   <trkpt lat="46.9606983" lon="15.8946321">
    <ele>292</ele>
    <time>2026-07-09T10:07:40Z</time>
    <extensions>
     <gpxdata:distance>9105.50</gpxdata:distance>
     <gpxdata:speed>5.800</gpxdata:speed>
    </extensions>
   </trkpt>
   <trkpt lat="46.9606937" lon="15.8945775">
    <ele>292</ele>
    <time>2026-07-09T10:07:41Z</time>
    <extensions>
     <gpxdata:distance>9111.00</gpxdata:distance>
     <gpxdata:speed>5.336</gpxdata:speed>
    </extensions>
   </trkpt>
   <trkpt lat="46.9606877" lon="15.8945342">
    <ele>292</ele>
    <time>2026-07-09T10:07:42Z</time>
    <extensions>
     <gpxdata:distance>9114.00</gpxdata:distance>
     <gpxdata:speed>4.519</gpxdata:speed>
    </extensions>
   </trkpt>
   <trkpt lat="46.9606793" lon="15.8945040">
    <ele>292</ele>
    <time>2026-07-09T10:07:43Z</time>
    <extensions>
     <gpxdata:distance>9117.00</gpxdata:distance>
     <gpxdata:speed>4.328</gpxdata:speed>
    </extensions>
   </trkpt>
   <trkpt lat="46.9606678" lon="15.8944800">
    <ele>292</ele>
    <time>2026-07-09T10:07:44Z</time>
    <extensions>
     <gpxdata:distance>9119.00</gpxdata:distance>
     <gpxdata:speed>4.325</gpxdata:speed>
    </extensions>
   </trkpt>
   <trkpt lat="46.9606596" lon="15.8944649">
    <ele>292</ele>
    <time>2026-07-09T10:07:45Z</time>
    <extensions>
     <gpxdata:distance>9121.00</gpxdata:distance>
     <gpxdata:speed>2.497</gpxdata:speed>
    </extensions>
   </trkpt>
   <trkpt lat="46.9606473" lon="15.8944395">
    <ele>292</ele>
    <time>2026-07-09T10:07:46Z</time>
    <extensions>
     <gpxdata:distance>9124.50</gpxdata:distance>
     <gpxdata:speed>2.872</gpxdata:speed>
    </extensions>
   </trkpt>
   <trkpt lat="46.9606229" lon="15.8943826">
    <ele>292</ele>
    <time>2026-07-09T10:07:47Z</time>
    <extensions>
     <gpxdata:distance>9128.00</gpxdata:distance>
     <gpxdata:speed>3.322</gpxdata:speed>
    </extensions>
   </trkpt>
   <trkpt lat="46.9606029" lon="15.8943346">
    <ele>292</ele>
    <time>2026-07-09T10:07:48Z</time>
    <extensions>
     <gpxdata:distance>9132.00</gpxdata:distance>
     <gpxdata:speed>3.689</gpxdata:speed>
    </extensions>
   </trkpt>
   <trkpt lat="46.9605819" lon="15.8942861">
    <ele>292</ele>
    <time>2026-07-09T10:07:49Z</time>
    <extensions>
     <gpxdata:distance>9136.00</gpxdata:distance>
     <gpxdata:speed>4.017</gpxdata:speed>
    </extensions>
   </trkpt>
   <trkpt lat="46.9605584" lon="15.8942359">
    <ele>292</ele>
    <time>2026-07-09T10:07:50Z</time>
    <extensions>
     <gpxdata:distance>9141.00</gpxdata:distance>
     <gpxdata:speed>4.289</gpxdata:speed>
    </extensions>
   </trkpt>
   <trkpt lat="46.9605313" lon="15.8941862">
    <ele>292</ele>
    <time>2026-07-09T10:07:51Z</time>
    <extensions>
     <gpxdata:distance>9146.00</gpxdata:distance>
     <gpxdata:speed>4.594</gpxdata:speed>
    </extensions>
   </trkpt>
   <trkpt lat="46.9604993" lon="15.8941399">
    <ele>292</ele>
    <time>2026-07-09T10:07:52Z</time>
    <extensions>
     <gpxdata:distance>9151.00</gpxdata:distance>
     <gpxdata:speed>4.792</gpxdata:speed>
    </extensions>
   </trkpt>
   <trkpt lat="46.9604618" lon="15.8940971">
    <ele>292</ele>
    <time>2026-07-09T10:07:53Z</time>
    <extensions>
     <gpxdata:distance>9156.00</gpxdata:distance>
     <gpxdata:speed>4.792</gpxdata:speed>
    </extensions>
   </trkpt>
   <trkpt lat="46.9604202" lon="15.8940555">
    <ele>292</ele>
    <time>2026-07-09T10:07:54Z</time>
    <extensions>
     <gpxdata:distance>9161.50</gpxdata:distance>
     <gpxdata:speed>5.347</gpxdata:speed>
    </extensions>
   </trkpt>
   <trkpt lat="46.9603763" lon="15.8940134">
    <ele>292</ele>
    <time>2026-07-09T10:07:55Z</time>
    <extensions>
     <gpxdata:distance>9167.00</gpxdata:distance>
     <gpxdata:speed>5.619</gpxdata:speed>
    </extensions>
   </trkpt>
   <trkpt lat="46.9603308" lon="15.8939700">
    <ele>292</ele>
    <time>2026-07-09T10:07:56Z</time>
    <extensions>
     <gpxdata:distance>9173.50</gpxdata:distance>
     <gpxdata:speed>5.817</gpxdata:speed>
    </extensions>
   </trkpt>
   <trkpt lat="46.9602679" lon="15.8939101">
    <ele>292</ele>
    <time>2026-07-09T10:07:57Z</time>
    <extensions>
     <gpxdata:distance>9180.00</gpxdata:distance>
     <gpxdata:speed>6.014</gpxdata:speed>
    </extensions>
   </trkpt>
   <trkpt lat="46.9602166" lon="15.8938609">
    <ele>292</ele>
    <time>2026-07-09T10:07:58Z</time>
    <extensions>
     <gpxdata:distance>9186.50</gpxdata:distance>
     <gpxdata:speed>6.258</gpxdata:speed>
    </extensions>
   </trkpt>
   <trkpt lat="46.9601656" lon="15.8938119">
    <ele>292</ele>
    <time>2026-07-09T10:07:59Z</time>
    <extensions>
     <gpxdata:distance>9193.00</gpxdata:distance>
     <gpxdata:speed>6.503</gpxdata:speed>
    </extensions>
   </trkpt>
   <trkpt lat="46.9601142" lon="15.8937617">
    <ele>292</ele>
    <time>2026-07-09T10:08:00Z</time>
    <extensions>
     <gpxdata:distance>9200.00</gpxdata:distance>
     <gpxdata:speed>6.667</gpxdata:speed>
    </extensions>
   </trkpt>
   <trkpt lat="46.9600627" lon="15.8937095">
    <ele>292</ele>
    <time>2026-07-09T10:08:01Z</time>
    <extensions>
     <gpxdata:distance>9207.00</gpxdata:distance>
     <gpxdata:speed>6.792</gpxdata:speed>
    </extensions>
   </trkpt>
   <trkpt lat="46.9600115" lon="15.8936554">
    <ele>292</ele>
    <time>2026-07-09T10:08:02Z</time>
    <extensions>
     <gpxdata:distance>9214.00</gpxdata:distance>
     <gpxdata:speed>6.903</gpxdata:speed>
    </extensions>
   </trkpt>
   <trkpt lat="46.9599603" lon="15.8936012">
    <ele>292</ele>
    <time>2026-07-09T10:08:03Z</time>
    <extensions>
     <gpxdata:distance>9221.00</gpxdata:distance>
     <gpxdata:speed>6.972</gpxdata:speed>
    </extensions>
   </trkpt>
   <trkpt lat="46.9599088" lon="15.8935477">
    <ele>292</ele>
    <time>2026-07-09T10:08:04Z</time>
    <extensions>
     <gpxdata:distance>9228.00</gpxdata:distance>
     <gpxdata:speed>6.981</gpxdata:speed>
    </extensions>
   </trkpt>
   <trkpt lat="46.9598565" lon="15.8934940">
    <ele>292</ele>
    <time>2026-07-09T10:08:05Z</time>
    <extensions>
     <gpxdata:distance>9235.00</gpxdata:distance>
     <gpxdata:speed>7.011</gpxdata:speed>
    </extensions>
   </trkpt>
   <trkpt lat="46.9598030" lon="15.8934411">
    <ele>292</ele>
    <time>2026-07-09T10:08:06Z</time>
    <extensions>
     <gpxdata:distance>9242.00</gpxdata:distance>
     <gpxdata:speed>7.097</gpxdata:speed>
    </extensions>
   </trkpt>
   <trkpt lat="46.9597493" lon="15.8933874">
    <ele>292</ele>
    <time>2026-07-09T10:08:07Z</time>
    <extensions>
     <gpxdata:distance>9249.00</gpxdata:distance>
     <gpxdata:speed>7.167</gpxdata:speed>
    </extensions>
   </trkpt>
   <trkpt lat="46.9596959" lon="15.8933331">
    <ele>292</ele>
    <time>2026-07-09T10:08:08Z</time>
    <extensions>
     <gpxdata:distance>9256.50</gpxdata:distance>
     <gpxdata:speed>7.217</gpxdata:speed>
    </extensions>
   </trkpt>
   <trkpt lat="46.9596415" lon="15.8932807">
    <ele>292</ele>
    <time>2026-07-09T10:08:09Z</time>
    <extensions>
     <gpxdata:distance>9264.00</gpxdata:distance>
     <gpxdata:speed>7.214</gpxdata:speed>
    </extensions>
   </trkpt>
   <trkpt lat="46.9595865" lon="15.8932287">
    <ele>292</ele>
    <time>2026-07-09T10:08:10Z</time>
    <extensions>
     <gpxdata:distance>9271.00</gpxdata:distance>
     <gpxdata:speed>7.239</gpxdata:speed>
    </extensions>
   </trkpt>
   <trkpt lat="46.9595310" lon="15.8931770">
    <ele>292</ele>
    <time>2026-07-09T10:08:11Z</time>
    <extensions>
     <gpxdata:distance>9278.00</gpxdata:distance>
     <gpxdata:speed>7.267</gpxdata:speed>
    </extensions>
   </trkpt>
   <trkpt lat="46.9594751" lon="15.8931252">
    <ele>292</ele>
    <time>2026-07-09T10:08:12Z</time>
    <extensions>
     <gpxdata:distance>9285.50</gpxdata:distance>
     <gpxdata:speed>7.300</gpxdata:speed>
    </extensions>
   </trkpt>
   <trkpt lat="46.9594187" lon="15.8930746">
    <ele>292</ele>
    <time>2026-07-09T10:08:13Z</time>
    <extensions>
     <gpxdata:distance>9293.00</gpxdata:distance>
     <gpxdata:speed>7.325</gpxdata:speed>
    </extensions>
   </trkpt>
   <trkpt lat="46.9593618" lon="15.8930267">
    <ele>292</ele>
    <time>2026-07-09T10:08:14Z</time>
    <extensions>
     <gpxdata:distance>9300.00</gpxdata:distance>
     <gpxdata:speed>7.339</gpxdata:speed>
    </extensions>
   </trkpt>
   <trkpt lat="46.9593045" lon="15.8929815">
    <ele>292</ele>
    <time>2026-07-09T10:08:15Z</time>
    <extensions>
     <gpxdata:distance>9307.00</gpxdata:distance>
     <gpxdata:speed>7.322</gpxdata:speed>
    </extensions>
   </trkpt>
   <trkpt lat="46.9592465" lon="15.8929409">
    <ele>292</ele>
    <time>2026-07-09T10:08:16Z</time>
    <extensions>
     <gpxdata:distance>9314.50</gpxdata:distance>
     <gpxdata:speed>7.294</gpxdata:speed>
    </extensions>
   </trkpt>
   <trkpt lat="46.9591871" lon="15.8929088">
    <ele>292</ele>
    <time>2026-07-09T10:08:17Z</time>
    <extensions>
     <gpxdata:distance>9322.00</gpxdata:distance>
     <gpxdata:speed>7.242</gpxdata:speed>
    </extensions>
   </trkpt>
   <trkpt lat="46.9591268" lon="15.8928857">
    <ele>292</ele>
    <time>2026-07-09T10:08:18Z</time>
    <extensions>
     <gpxdata:distance>9329.00</gpxdata:distance>
     <gpxdata:speed>7.183</gpxdata:speed>
    </extensions>
   </trkpt>
   <trkpt lat="46.9590656" lon="15.8928734">
    <ele>292</ele>
    <time>2026-07-09T10:08:19Z</time>
    <extensions>
     <gpxdata:distance>9336.00</gpxdata:distance>
     <gpxdata:speed>7.103</gpxdata:speed>
    </extensions>
   </trkpt>
   <trkpt lat="46.9590039" lon="15.8928726">
    <ele>292</ele>
    <time>2026-07-09T10:08:20Z</time>
    <extensions>
     <gpxdata:distance>9342.50</gpxdata:distance>
     <gpxdata:speed>7.031</gpxdata:speed>
    </extensions>
   </trkpt>
   <trkpt lat="46.9589439" lon="15.8928803">
    <ele>292</ele>
    <time>2026-07-09T10:08:21Z</time>
    <extensions>
     <gpxdata:distance>9349.00</gpxdata:distance>
     <gpxdata:speed>6.981</gpxdata:speed>
    </extensions>
   </trkpt>
   <trkpt lat="46.9588862" lon="15.8928938">
    <ele>292</ele>
    <time>2026-07-09T10:08:22Z</time>
    <extensions>
     <gpxdata:distance>9355.50</gpxdata:distance>
     <gpxdata:speed>6.861</gpxdata:speed>
    </extensions>
   </trkpt>
   <trkpt lat="46.9588313" lon="15.8929102">
    <ele>292</ele>
    <time>2026-07-09T10:08:23Z</time>
    <extensions>
     <gpxdata:distance>9362.00</gpxdata:distance>
     <gpxdata:speed>6.544</gpxdata:speed>
    </extensions>
   </trkpt>
   <trkpt lat="46.9587787" lon="15.8929261">
    <ele>292</ele>
    <time>2026-07-09T10:08:24Z</time>
    <extensions>
     <gpxdata:distance>9368.00</gpxdata:distance>
     <gpxdata:speed>6.281</gpxdata:speed>
    </extensions>
   </trkpt>
   <trkpt lat="46.9587281" lon="15.8929381">
    <ele>292</ele>
    <time>2026-07-09T10:08:25Z</time>
    <extensions>
     <gpxdata:distance>9374.00</gpxdata:distance>
     <gpxdata:speed>6.039</gpxdata:speed>
    </extensions>
   </trkpt>
   <trkpt lat="46.9586927" lon="15.8929438">
    <ele>292</ele>
    <time>2026-07-09T10:08:26Z</time>
    <extensions>
     <gpxdata:distance>9379.50</gpxdata:distance>
     <gpxdata:speed>5.797</gpxdata:speed>
    </extensions>
   </trkpt>
   <trkpt lat="46.9586485" lon="15.8929491">
    <ele>292</ele>
    <time>2026-07-09T10:08:27Z</time>
    <extensions>
     <gpxdata:distance>9385.00</gpxdata:distance>
     <gpxdata:speed>5.578</gpxdata:speed>
    </extensions>
   </trkpt>
   <trkpt lat="46.9586027" lon="15.8929538">
    <ele>292</ele>
    <time>2026-07-09T10:08:28Z</time>
    <extensions>
     <gpxdata:distance>9390.00</gpxdata:distance>
     <gpxdata:speed>5.436</gpxdata:speed>
    </extensions>
   </trkpt>
   <trkpt lat="46.9585576" lon="15.8929584">
    <ele>292</ele>
    <time>2026-07-09T10:08:29Z</time>
    <extensions>
     <gpxdata:distance>9395.00</gpxdata:distance>
     <gpxdata:speed>5.261</gpxdata:speed>
    </extensions>
   </trkpt>
   <trkpt lat="46.9585137" lon="15.8929624">
    <ele>292</ele>
    <time>2026-07-09T10:08:30Z</time>
    <extensions>
     <gpxdata:distance>9400.00</gpxdata:distance>
     <gpxdata:speed>5.094</gpxdata:speed>
    </extensions>
   </trkpt>
   <trkpt lat="46.9584705" lon="15.8929645">
    <ele>293</ele>
    <time>2026-07-09T10:08:31Z</time>
    <extensions>
     <gpxdata:distance>9405.00</gpxdata:distance>
     <gpxdata:speed>4.919</gpxdata:speed>
    </extensions>
   </trkpt>
   <trkpt lat="46.9584276" lon="15.8929599">
    <ele>293</ele>
    <time>2026-07-09T10:08:32Z</time>
    <extensions>
     <gpxdata:distance>9410.00</gpxdata:distance>
     <gpxdata:speed>4.836</gpxdata:speed>
    </extensions>
   </trkpt>
   <trkpt lat="46.9583855" lon="15.8929439">
    <ele>293</ele>
    <time>2026-07-09T10:08:33Z</time>
    <extensions>
     <gpxdata:distance>9415.00</gpxdata:distance>
     <gpxdata:speed>4.872</gpxdata:speed>
    </extensions>
   </trkpt>
   <trkpt lat="46.9583457" lon="15.8929148">
    <ele>293</ele>
    <time>2026-07-09T10:08:34Z</time>
    <extensions>
     <gpxdata:distance>9420.00</gpxdata:distance>
     <gpxdata:speed>4.917</gpxdata:speed>
    </extensions>
   </trkpt>
   <trkpt lat="46.9583097" lon="15.8928741">
    <ele>293</ele>
    <time>2026-07-09T10:08:35Z</time>
    <extensions>
     <gpxdata:distance>9425.00</gpxdata:distance>
     <gpxdata:speed>4.992</gpxdata:speed>
    </extensions>
   </trkpt>
   <trkpt lat="46.9582786" lon="15.8928233">
    <ele>293</ele>
    <time>2026-07-09T10:08:36Z</time>
    <extensions>
     <gpxdata:distance>9430.00</gpxdata:distance>
     <gpxdata:speed>5.061</gpxdata:speed>
    </extensions>
   </trkpt>
   <trkpt lat="46.9582531" lon="15.8927642">
    <ele>293</ele>
    <time>2026-07-09T10:08:37Z</time>
    <extensions>
     <gpxdata:distance>9435.00</gpxdata:distance>
     <gpxdata:speed>5.142</gpxdata:speed>
    </extensions>
   </trkpt>
   <trkpt lat="46.9582348" lon="15.8926969">
    <ele>293</ele>
    <time>2026-07-09T10:08:38Z</time>
    <extensions>
     <gpxdata:distance>9440.50</gpxdata:distance>
     <gpxdata:speed>5.231</gpxdata:speed>
    </extensions>
   </trkpt>
   <trkpt lat="46.9582248" lon="15.8926215">
    <ele>293</ele>
    <time>2026-07-09T10:08:39Z</time>
    <extensions>
     <gpxdata:distance>9446.00</gpxdata:distance>
     <gpxdata:speed>5.383</gpxdata:speed>
    </extensions>
   </trkpt>
   <trkpt lat="46.9582209" lon="15.8925407">
    <ele>293</ele>
    <time>2026-07-09T10:08:40Z</time>
    <extensions>
     <gpxdata:distance>9452.50</gpxdata:distance>
     <gpxdata:speed>5.908</gpxdata:speed>
    </extensions>
   </trkpt>
   <trkpt lat="46.9582193" lon="15.8924295">
    <ele>293</ele>
    <time>2026-07-09T10:08:41Z</time>
    <extensions>
     <gpxdata:distance>9459.00</gpxdata:distance>
     <gpxdata:speed>6.164</gpxdata:speed>
    </extensions>
   </trkpt>
   <trkpt lat="46.9582193" lon="15.8923408">
    <ele>293</ele>
    <time>2026-07-09T10:08:42Z</time>
    <extensions>
     <gpxdata:distance>9465.50</gpxdata:distance>
     <gpxdata:speed>6.286</gpxdata:speed>
    </extensions>
   </trkpt>
   <trkpt lat="46.9582189" lon="15.8922554">
    <ele>293</ele>
    <time>2026-07-09T10:08:43Z</time>
    <extensions>
     <gpxdata:distance>9472.00</gpxdata:distance>
     <gpxdata:speed>6.383</gpxdata:speed>
    </extensions>
   </trkpt>
   <trkpt lat="46.9582184" lon="15.8921697">
    <ele>293</ele>
    <time>2026-07-09T10:08:44Z</time>
    <extensions>
     <gpxdata:distance>9478.50</gpxdata:distance>
     <gpxdata:speed>6.383</gpxdata:speed>
    </extensions>
   </trkpt>
   <trkpt lat="46.9582180" lon="15.8920839">
    <ele>293</ele>
    <time>2026-07-09T10:08:45Z</time>
    <extensions>
     <gpxdata:distance>9485.00</gpxdata:distance>
     <gpxdata:speed>6.472</gpxdata:speed>
    </extensions>
   </trkpt>
   <trkpt lat="46.9582175" lon="15.8919985">
    <ele>293</ele>
    <time>2026-07-09T10:08:46Z</time>
    <extensions>
     <gpxdata:distance>9491.50</gpxdata:distance>
     <gpxdata:speed>6.497</gpxdata:speed>
    </extensions>
   </trkpt>
   <trkpt lat="46.9582166" lon="15.8919129">
    <ele>293</ele>
    <time>2026-07-09T10:08:47Z</time>
    <extensions>
     <gpxdata:distance>9498.00</gpxdata:distance>
     <gpxdata:speed>6.478</gpxdata:speed>
    </extensions>
   </trkpt>
   <trkpt lat="46.9582151" lon="15.8918265">
    <ele>294</ele>
    <time>2026-07-09T10:08:48Z</time>
    <extensions>
     <gpxdata:distance>9504.50</gpxdata:distance>
     <gpxdata:speed>6.506</gpxdata:speed>
    </extensions>
   </trkpt>
   <trkpt lat="46.9582136" lon="15.8917399">
    <ele>294</ele>
    <time>2026-07-09T10:08:49Z</time>
    <extensions>
     <gpxdata:distance>9511.00</gpxdata:distance>
     <gpxdata:speed>6.553</gpxdata:speed>
    </extensions>
   </trkpt>
   <trkpt lat="46.9582124" lon="15.8916522">
    <ele>293</ele>
    <time>2026-07-09T10:08:50Z</time>
    <extensions>
     <gpxdata:distance>9517.50</gpxdata:distance>
     <gpxdata:speed>6.569</gpxdata:speed>
    </extensions>
   </trkpt>
   <trkpt lat="46.9582111" lon="15.8915636">
    <ele>293</ele>
    <time>2026-07-09T10:08:51Z</time>
    <extensions>
     <gpxdata:distance>9524.00</gpxdata:distance>
     <gpxdata:speed>6.614</gpxdata:speed>
    </extensions>
   </trkpt>
   <trkpt lat="46.9582099" lon="15.8914758">
    <ele>293</ele>
    <time>2026-07-09T10:08:52Z</time>
    <extensions>
     <gpxdata:distance>9531.00</gpxdata:distance>
     <gpxdata:speed>6.658</gpxdata:speed>
    </extensions>
   </trkpt>
   <trkpt lat="46.9582086" lon="15.8913882">
    <ele>293</ele>
    <time>2026-07-09T10:08:53Z</time>
    <extensions>
     <gpxdata:distance>9538.00</gpxdata:distance>
     <gpxdata:speed>6.658</gpxdata:speed>
    </extensions>
   </trkpt>
   <trkpt lat="46.9582074" lon="15.8913005">
    <ele>293</ele>
    <time>2026-07-09T10:08:54Z</time>
    <extensions>
     <gpxdata:distance>9544.50</gpxdata:distance>
     <gpxdata:speed>6.658</gpxdata:speed>
    </extensions>
   </trkpt>
   <trkpt lat="46.9582065" lon="15.8912126">
    <ele>293</ele>
    <time>2026-07-09T10:08:55Z</time>
    <extensions>
     <gpxdata:distance>9551.00</gpxdata:distance>
     <gpxdata:speed>6.664</gpxdata:speed>
    </extensions>
   </trkpt>
   <trkpt lat="46.9582059" lon="15.8911249">
    <ele>293</ele>
    <time>2026-07-09T10:08:56Z</time>
    <extensions>
     <gpxdata:distance>9557.50</gpxdata:distance>
     <gpxdata:speed>6.669</gpxdata:speed>
    </extensions>
   </trkpt>
   <trkpt lat="46.9582052" lon="15.8910366">
    <ele>294</ele>
    <time>2026-07-09T10:08:57Z</time>
    <extensions>
     <gpxdata:distance>9564.00</gpxdata:distance>
     <gpxdata:speed>6.669</gpxdata:speed>
    </extensions>
   </trkpt>
   <trkpt lat="46.9582044" lon="15.8909473">
    <ele>294</ele>
    <time>2026-07-09T10:08:58Z</time>
    <extensions>
     <gpxdata:distance>9571.00</gpxdata:distance>
     <gpxdata:speed>6.689</gpxdata:speed>
    </extensions>
   </trkpt>
   <trkpt lat="46.9582038" lon="15.8908576">
    <ele>294</ele>
    <time>2026-07-09T10:08:59Z</time>
    <extensions>
     <gpxdata:distance>9578.00</gpxdata:distance>
     <gpxdata:speed>6.728</gpxdata:speed>
    </extensions>
   </trkpt>
   <trkpt lat="46.9582030" lon="15.8907671">
    <ele>294</ele>
    <time>2026-07-09T10:09:00Z</time>
    <extensions>
     <gpxdata:distance>9585.00</gpxdata:distance>
     <gpxdata:speed>6.758</gpxdata:speed>
    </extensions>
   </trkpt>
   <trkpt lat="46.9582022" lon="15.8906760">
    <ele>294</ele>
    <time>2026-07-09T10:09:01Z</time>
    <extensions>
     <gpxdata:distance>9592.00</gpxdata:distance>
     <gpxdata:speed>6.800</gpxdata:speed>
    </extensions>
   </trkpt>
   <trkpt lat="46.9582016" lon="15.8905843">
    <ele>294</ele>
    <time>2026-07-09T10:09:02Z</time>
    <extensions>
     <gpxdata:distance>9599.00</gpxdata:distance>
     <gpxdata:speed>6.847</gpxdata:speed>
    </extensions>
   </trkpt>
   <trkpt lat="46.9582008" lon="15.8904921">
    <ele>294</ele>
    <time>2026-07-09T10:09:03Z</time>
    <extensions>
     <gpxdata:distance>9606.00</gpxdata:distance>
     <gpxdata:speed>6.889</gpxdata:speed>
    </extensions>
   </trkpt>
   <trkpt lat="46.9581999" lon="15.8904001">
    <ele>294</ele>
    <time>2026-07-09T10:09:04Z</time>
    <extensions>
     <gpxdata:distance>9613.00</gpxdata:distance>
     <gpxdata:speed>6.933</gpxdata:speed>
    </extensions>
   </trkpt>
   <trkpt lat="46.9581990" lon="15.8903084">
    <ele>294</ele>
    <time>2026-07-09T10:09:05Z</time>
    <extensions>
     <gpxdata:distance>9620.00</gpxdata:distance>
     <gpxdata:speed>6.950</gpxdata:speed>
    </extensions>
   </trkpt>
   <trkpt lat="46.9581980" lon="15.8902164">
    <ele>294</ele>
    <time>2026-07-09T10:09:06Z</time>
    <extensions>
     <gpxdata:distance>9627.00</gpxdata:distance>
     <gpxdata:speed>6.958</gpxdata:speed>
    </extensions>
   </trkpt>
   <trkpt lat="46.9581972" lon="15.8901243">
    <ele>294</ele>
    <time>2026-07-09T10:09:07Z</time>
    <extensions>
     <gpxdata:distance>9634.00</gpxdata:distance>
     <gpxdata:speed>6.975</gpxdata:speed>
    </extensions>
   </trkpt>
   <trkpt lat="46.9581962" lon="15.8900317">
    <ele>294</ele>
    <time>2026-07-09T10:09:08Z</time>
    <extensions>
     <gpxdata:distance>9641.00</gpxdata:distance>
     <gpxdata:speed>6.989</gpxdata:speed>
    </extensions>
   </trkpt>
   <trkpt lat="46.9581948" lon="15.8899388">
    <ele>294</ele>
    <time>2026-07-09T10:09:09Z</time>
    <extensions>
     <gpxdata:distance>9648.00</gpxdata:distance>
     <gpxdata:speed>7.008</gpxdata:speed>
    </extensions>
   </trkpt>
   <trkpt lat="46.9581926" lon="15.8898461">
    <ele>294</ele>
    <time>2026-07-09T10:09:10Z</time>
    <extensions>
     <gpxdata:distance>9655.00</gpxdata:distance>
     <gpxdata:speed>7.031</gpxdata:speed>
    </extensions>
   </trkpt>
   <trkpt lat="46.9581898" lon="15.8897553">
    <ele>294</ele>
    <time>2026-07-09T10:09:11Z</time>
    <extensions>
     <gpxdata:distance>9662.00</gpxdata:distance>
     <gpxdata:speed>7.036</gpxdata:speed>
    </extensions>
   </trkpt>
   <trkpt lat="46.9581878" lon="15.8896672">
    <ele>293</ele>
    <time>2026-07-09T10:09:12Z</time>
    <extensions>
     <gpxdata:distance>9668.50</gpxdata:distance>
     <gpxdata:speed>6.978</gpxdata:speed>
    </extensions>
   </trkpt>
   <trkpt lat="46.9581872" lon="15.8895814">
    <ele>294</ele>
    <time>2026-07-09T10:09:13Z</time>
    <extensions>
     <gpxdata:distance>9675.00</gpxdata:distance>
     <gpxdata:speed>6.872</gpxdata:speed>
    </extensions>
   </trkpt>
   <trkpt lat="46.9581867" lon="15.8894964">
    <ele>294</ele>
    <time>2026-07-09T10:09:14Z</time>
    <extensions>
     <gpxdata:distance>9681.50</gpxdata:distance>
     <gpxdata:speed>6.747</gpxdata:speed>
    </extensions>
   </trkpt>
   <trkpt lat="46.9581856" lon="15.8894108">
    <ele>294</ele>
    <time>2026-07-09T10:09:15Z</time>
    <extensions>
     <gpxdata:distance>9688.00</gpxdata:distance>
     <gpxdata:speed>6.653</gpxdata:speed>
    </extensions>
   </trkpt>
   <trkpt lat="46.9581840" lon="15.8893246">
    <ele>294</ele>
    <time>2026-07-09T10:09:16Z</time>
    <extensions>
     <gpxdata:distance>9694.50</gpxdata:distance>
     <gpxdata:speed>6.614</gpxdata:speed>
    </extensions>
   </trkpt>
   <trkpt lat="46.9581813" lon="15.8892373">
    <ele>294</ele>
    <time>2026-07-09T10:09:17Z</time>
    <extensions>
     <gpxdata:distance>9701.00</gpxdata:distance>
     <gpxdata:speed>6.597</gpxdata:speed>
    </extensions>
   </trkpt>
   <trkpt lat="46.9581774" lon="15.8891502">
    <ele>294</ele>
    <time>2026-07-09T10:09:18Z</time>
    <extensions>
     <gpxdata:distance>9707.50</gpxdata:distance>
     <gpxdata:speed>6.611</gpxdata:speed>
    </extensions>
   </trkpt>
   <trkpt lat="46.9581721" lon="15.8890651">
    <ele>294</ele>
    <time>2026-07-09T10:09:19Z</time>
    <extensions>
     <gpxdata:distance>9714.00</gpxdata:distance>
     <gpxdata:speed>6.611</gpxdata:speed>
    </extensions>
   </trkpt>
   <trkpt lat="46.9581666" lon="15.8889833">
    <ele>293</ele>
    <time>2026-07-09T10:09:20Z</time>
    <extensions>
     <gpxdata:distance>9720.50</gpxdata:distance>
     <gpxdata:speed>6.547</gpxdata:speed>
    </extensions>
   </trkpt>
   <trkpt lat="46.9581630" lon="15.8889044">
    <ele>293</ele>
    <time>2026-07-09T10:09:21Z</time>
    <extensions>
     <gpxdata:distance>9727.00</gpxdata:distance>
     <gpxdata:speed>6.397</gpxdata:speed>
    </extensions>
   </trkpt>
   <trkpt lat="46.9581626" lon="15.8888295">
    <ele>293</ele>
    <time>2026-07-09T10:09:22Z</time>
    <extensions>
     <gpxdata:distance>9732.50</gpxdata:distance>
     <gpxdata:speed>6.144</gpxdata:speed>
    </extensions>
   </trkpt>
   <trkpt lat="46.9581662" lon="15.8887786">
    <ele>293</ele>
    <time>2026-07-09T10:09:23Z</time>
    <extensions>
     <gpxdata:distance>9738.00</gpxdata:distance>
     <gpxdata:speed>5.789</gpxdata:speed>
    </extensions>
   </trkpt>
   <trkpt lat="46.9581761" lon="15.8887178">
    <ele>293</ele>
    <time>2026-07-09T10:09:24Z</time>
    <extensions>
     <gpxdata:distance>9743.00</gpxdata:distance>
     <gpxdata:speed>5.506</gpxdata:speed>
    </extensions>
   </trkpt>
   <trkpt lat="46.9581906" lon="15.8886581">
    <ele>294</ele>
    <time>2026-07-09T10:09:25Z</time>
    <extensions>
     <gpxdata:distance>9748.00</gpxdata:distance>
     <gpxdata:speed>5.275</gpxdata:speed>
    </extensions>
   </trkpt>
   <trkpt lat="46.9582022" lon="15.8886010">
    <ele>294</ele>
    <time>2026-07-09T10:09:26Z</time>
    <extensions>
     <gpxdata:distance>9752.50</gpxdata:distance>
     <gpxdata:speed>4.972</gpxdata:speed>
    </extensions>
   </trkpt>
   <trkpt lat="46.9582032" lon="15.8885492">
    <ele>293</ele>
    <time>2026-07-09T10:09:27Z</time>
    <extensions>
     <gpxdata:distance>9757.00</gpxdata:distance>
     <gpxdata:speed>4.597</gpxdata:speed>
    </extensions>
   </trkpt>
   <trkpt lat="46.9581906" lon="15.8885107">
    <ele>293</ele>
    <time>2026-07-09T10:09:28Z</time>
    <extensions>
     <gpxdata:distance>9760.00</gpxdata:distance>
     <gpxdata:speed>4.225</gpxdata:speed>
    </extensions>
   </trkpt>
   <trkpt lat="46.9581653" lon="15.8884938">
    <ele>293</ele>
    <time>2026-07-09T10:09:29Z</time>
    <extensions>
     <gpxdata:distance>9763.00</gpxdata:distance>
     <gpxdata:speed>3.869</gpxdata:speed>
    </extensions>
   </trkpt>
   <trkpt lat="46.9581317" lon="15.8884978">
    <ele>293</ele>
    <time>2026-07-09T10:09:30Z</time>
    <extensions>
     <gpxdata:distance>9767.00</gpxdata:distance>
     <gpxdata:speed>4.031</gpxdata:speed>
    </extensions>
   </trkpt>
   <trkpt lat="46.9580940" lon="15.8885107">
    <ele>293</ele>
    <time>2026-07-09T10:09:31Z</time>
    <extensions>
     <gpxdata:distance>9771.00</gpxdata:distance>
     <gpxdata:speed>4.347</gpxdata:speed>
    </extensions>
   </trkpt>
   <trkpt lat="46.9580536" lon="15.8885233">
    <ele>293</ele>
    <time>2026-07-09T10:09:32Z</time>
    <extensions>
     <gpxdata:distance>9775.50</gpxdata:distance>
     <gpxdata:speed>4.414</gpxdata:speed>
    </extensions>
   </trkpt>
   <trkpt lat="46.9580113" lon="15.8885337">
    <ele>293</ele>
    <time>2026-07-09T10:09:33Z</time>
    <extensions>
     <gpxdata:distance>9780.00</gpxdata:distance>
     <gpxdata:speed>4.467</gpxdata:speed>
    </extensions>
   </trkpt>
   <trkpt lat="46.9579676" lon="15.8885413">
    <ele>294</ele>
    <time>2026-07-09T10:09:34Z</time>
    <extensions>
     <gpxdata:distance>9785.00</gpxdata:distance>
     <gpxdata:speed>4.556</gpxdata:speed>
    </extensions>
   </trkpt>
   <trkpt lat="46.9579223" lon="15.8885469">
    <ele>294</ele>
    <time>2026-07-09T10:09:35Z</time>
    <extensions>
     <gpxdata:distance>9790.00</gpxdata:distance>
     <gpxdata:speed>4.669</gpxdata:speed>
    </extensions>
   </trkpt>
   <trkpt lat="46.9578761" lon="15.8885514">
    <ele>294</ele>
    <time>2026-07-09T10:09:36Z</time>
    <extensions>
     <gpxdata:distance>9795.50</gpxdata:distance>
     <gpxdata:speed>4.822</gpxdata:speed>
    </extensions>
   </trkpt>
   <trkpt lat="46.9578289" lon="15.8885555">
    <ele>294</ele>
    <time>2026-07-09T10:09:37Z</time>
    <extensions>
     <gpxdata:distance>9801.00</gpxdata:distance>
     <gpxdata:speed>4.950</gpxdata:speed>
    </extensions>
   </trkpt>
   <trkpt lat="46.9577807" lon="15.8885591">
    <ele>294</ele>
    <time>2026-07-09T10:09:38Z</time>
    <extensions>
     <gpxdata:distance>9806.50</gpxdata:distance>
     <gpxdata:speed>5.217</gpxdata:speed>
    </extensions>
   </trkpt>
   <trkpt lat="46.9577312" lon="15.8885624">
    <ele>294</ele>
    <time>2026-07-09T10:09:39Z</time>
    <extensions>
     <gpxdata:distance>9812.00</gpxdata:distance>
     <gpxdata:speed>5.364</gpxdata:speed>
    </extensions>
   </trkpt>
   <trkpt lat="46.9576804" lon="15.8885661">
    <ele>293</ele>
    <time>2026-07-09T10:09:40Z</time>
    <extensions>
     <gpxdata:distance>9817.50</gpxdata:distance>
     <gpxdata:speed>5.511</gpxdata:speed>
    </extensions>
   </trkpt>
   <trkpt lat="46.9576289" lon="15.8885700">
    <ele>293</ele>
    <time>2026-07-09T10:09:41Z</time>
    <extensions>
     <gpxdata:distance>9823.00</gpxdata:distance>
     <gpxdata:speed>5.650</gpxdata:speed>
    </extensions>
   </trkpt>
   <trkpt lat="46.9575768" lon="15.8885737">
    <ele>293</ele>
    <time>2026-07-09T10:09:42Z</time>
    <extensions>
     <gpxdata:distance>9829.00</gpxdata:distance>
     <gpxdata:speed>5.728</gpxdata:speed>
    </extensions>
   </trkpt>
   <trkpt lat="46.9575240" lon="15.8885767">
    <ele>293</ele>
    <time>2026-07-09T10:09:43Z</time>
    <extensions>
     <gpxdata:distance>9835.00</gpxdata:distance>
     <gpxdata:speed>5.789</gpxdata:speed>
    </extensions>
   </trkpt>
   <trkpt lat="46.9574711" lon="15.8885796">
    <ele>293</ele>
    <time>2026-07-09T10:09:44Z</time>
    <extensions>
     <gpxdata:distance>9841.00</gpxdata:distance>
     <gpxdata:speed>5.869</gpxdata:speed>
    </extensions>
   </trkpt>
   <trkpt lat="46.9574188" lon="15.8885825">
    <ele>293</ele>
    <time>2026-07-09T10:09:45Z</time>
    <extensions>
     <gpxdata:distance>9847.00</gpxdata:distance>
     <gpxdata:speed>5.883</gpxdata:speed>
    </extensions>
   </trkpt>
   <trkpt lat="46.9573671" lon="15.8885850">
    <ele>293</ele>
    <time>2026-07-09T10:09:46Z</time>
    <extensions>
     <gpxdata:distance>9852.50</gpxdata:distance>
     <gpxdata:speed>5.853</gpxdata:speed>
    </extensions>
   </trkpt>
   <trkpt lat="46.9573156" lon="15.8885884">
    <ele>293</ele>
    <time>2026-07-09T10:09:47Z</time>
    <extensions>
     <gpxdata:distance>9858.00</gpxdata:distance>
     <gpxdata:speed>5.750</gpxdata:speed>
    </extensions>
   </trkpt>
   <trkpt lat="46.9572654" lon="15.8885932">
    <ele>293</ele>
    <time>2026-07-09T10:09:48Z</time>
    <extensions>
     <gpxdata:distance>9863.50</gpxdata:distance>
     <gpxdata:speed>5.761</gpxdata:speed>
    </extensions>
   </trkpt>
   <trkpt lat="46.9572166" lon="15.8885989">
    <ele>293</ele>
    <time>2026-07-09T10:09:49Z</time>
    <extensions>
     <gpxdata:distance>9869.00</gpxdata:distance>
     <gpxdata:speed>5.672</gpxdata:speed>
    </extensions>
   </trkpt>
   <trkpt lat="46.9571692" lon="15.8886036">
    <ele>293</ele>
    <time>2026-07-09T10:09:50Z</time>
    <extensions>
     <gpxdata:distance>9874.00</gpxdata:distance>
     <gpxdata:speed>5.569</gpxdata:speed>
    </extensions>
   </trkpt>
   <trkpt lat="46.9571230" lon="15.8886071">
    <ele>293</ele>
    <time>2026-07-09T10:09:51Z</time>
    <extensions>
     <gpxdata:distance>9879.00</gpxdata:distance>
     <gpxdata:speed>5.447</gpxdata:speed>
    </extensions>
   </trkpt>
   <trkpt lat="46.9570773" lon="15.8886096">
    <ele>293</ele>
    <time>2026-07-09T10:09:52Z</time>
    <extensions>
     <gpxdata:distance>9884.50</gpxdata:distance>
     <gpxdata:speed>5.328</gpxdata:speed>
    </extensions>
   </trkpt>
   <trkpt lat="46.9570322" lon="15.8886117">
    <ele>293</ele>
    <time>2026-07-09T10:09:53Z</time>
    <extensions>
     <gpxdata:distance>9890.00</gpxdata:distance>
     <gpxdata:speed>5.228</gpxdata:speed>
    </extensions>
   </trkpt>
   <trkpt lat="46.9569876" lon="15.8886148">
    <ele>293</ele>
    <time>2026-07-09T10:09:54Z</time>
    <extensions>
     <gpxdata:distance>9894.50</gpxdata:distance>
     <gpxdata:speed>5.142</gpxdata:speed>
    </extensions>
   </trkpt>
   <trkpt lat="46.9569450" lon="15.8886184">
    <ele>293</ele>
    <time>2026-07-09T10:09:55Z</time>
    <extensions>
     <gpxdata:distance>9899.00</gpxdata:distance>
     <gpxdata:speed>5.008</gpxdata:speed>
    </extensions>
   </trkpt>
   <trkpt lat="46.9569053" lon="15.8886179">
    <ele>293</ele>
    <time>2026-07-09T10:09:56Z</time>
    <extensions>
     <gpxdata:distance>9903.50</gpxdata:distance>
     <gpxdata:speed>4.722</gpxdata:speed>
    </extensions>
   </trkpt>
   <trkpt lat="46.9568701" lon="15.8886129">
    <ele>293</ele>
    <time>2026-07-09T10:09:57Z</time>
    <extensions>
     <gpxdata:distance>9908.00</gpxdata:distance>
     <gpxdata:speed>4.403</gpxdata:speed>
    </extensions>
   </trkpt>
   <trkpt lat="46.9568420" lon="15.8886070">
    <ele>293</ele>
    <time>2026-07-09T10:09:58Z</time>
    <extensions>
     <gpxdata:distance>9910.50</gpxdata:distance>
     <gpxdata:speed>3.897</gpxdata:speed>
    </extensions>
   </trkpt>
   <trkpt lat="46.9568235" lon="15.8886037">
    <ele>293</ele>
    <time>2026-07-09T10:09:59Z</time>
    <extensions>
     <gpxdata:distance>9913.00</gpxdata:distance>
     <gpxdata:speed>3.047</gpxdata:speed>
    </extensions>
   </trkpt>
   <trkpt lat="46.9568745" lon="15.8886824">
    <ele>292</ele>
    <time>2026-07-09T10:10:16Z</time>
    <extensions>
     <gpxdata:distance>9930.00</gpxdata:distance>
     <gpxdata:speed>2.731</gpxdata:speed>
    </extensions>
   </trkpt>
   <trkpt lat="46.9569175" lon="15.8886895">
    <ele>292</ele>
    <time>2026-07-09T10:10:17Z</time>
    <extensions>
     <gpxdata:distance>9930.00</gpxdata:distance>
     <gpxdata:speed>3.028</gpxdata:speed>
    </extensions>
   </trkpt>
   <trkpt lat="46.9569516" lon="15.8886927">
    <ele>292</ele>
    <time>2026-07-09T10:10:18Z</time>
    <extensions>
     <gpxdata:distance>9933.50</gpxdata:distance>
     <gpxdata:speed>3.250</gpxdata:speed>
    </extensions>
   </trkpt>
   <trkpt lat="46.9569856" lon="15.8886949">
    <ele>292</ele>
    <time>2026-07-09T10:10:19Z</time>
    <extensions>
     <gpxdata:distance>9937.00</gpxdata:distance>
     <gpxdata:speed>3.597</gpxdata:speed>
    </extensions>
   </trkpt>
   <trkpt lat="46.9570208" lon="15.8886955">
    <ele>292</ele>
    <time>2026-07-09T10:10:20Z</time>
    <extensions>
     <gpxdata:distance>9941.00</gpxdata:distance>
     <gpxdata:speed>3.786</gpxdata:speed>
    </extensions>
   </trkpt>
   <trkpt lat="46.9570576" lon="15.8886943">
    <ele>292</ele>
    <time>2026-07-09T10:10:21Z</time>
    <extensions>
     <gpxdata:distance>9945.00</gpxdata:distance>
     <gpxdata:speed>3.922</gpxdata:speed>
    </extensions>
   </trkpt>
   <trkpt lat="46.9570950" lon="15.8886918">
    <ele>292</ele>
    <time>2026-07-09T10:10:22Z</time>
    <extensions>
     <gpxdata:distance>9949.00</gpxdata:distance>
     <gpxdata:speed>4.108</gpxdata:speed>
    </extensions>
   </trkpt>
   <trkpt lat="46.9571331" lon="15.8886884">
    <ele>292</ele>
    <time>2026-07-09T10:10:23Z</time>
    <extensions>
     <gpxdata:distance>9953.00</gpxdata:distance>
     <gpxdata:speed>4.156</gpxdata:speed>
    </extensions>
   </trkpt>
   <trkpt lat="46.9571704" lon="15.8886844">
    <ele>292</ele>
    <time>2026-07-09T10:10:24Z</time>
    <extensions>
     <gpxdata:distance>9957.50</gpxdata:distance>
     <gpxdata:speed>4.244</gpxdata:speed>
    </extensions>
   </trkpt>
   <trkpt lat="46.9572057" lon="15.8886778">
    <ele>292</ele>
    <time>2026-07-09T10:10:25Z</time>
    <extensions>
     <gpxdata:distance>9962.00</gpxdata:distance>
     <gpxdata:speed>4.200</gpxdata:speed>
    </extensions>
   </trkpt>
   <trkpt lat="46.9572373" lon="15.8886636">
    <ele>292</ele>
    <time>2026-07-09T10:10:26Z</time>
    <extensions>
     <gpxdata:distance>9965.50</gpxdata:distance>
     <gpxdata:speed>4.078</gpxdata:speed>
    </extensions>
   </trkpt>
   <trkpt lat="46.9572642" lon="15.8886387">
    <ele>292</ele>
    <time>2026-07-09T10:10:27Z</time>
    <extensions>
     <gpxdata:distance>9969.00</gpxdata:distance>
     <gpxdata:speed>3.939</gpxdata:speed>
    </extensions>
   </trkpt>
   <trkpt lat="46.9572843" lon="15.8886030">
    <ele>293</ele>
    <time>2026-07-09T10:10:28Z</time>
    <extensions>
     <gpxdata:distance>9972.50</gpxdata:distance>
     <gpxdata:speed>3.850</gpxdata:speed>
    </extensions>
   </trkpt>
   <trkpt lat="46.9572965" lon="15.8885585">
    <ele>293</ele>
    <time>2026-07-09T10:10:29Z</time>
    <extensions>
     <gpxdata:distance>9976.00</gpxdata:distance>
     <gpxdata:speed>3.817</gpxdata:speed>
    </extensions>
   </trkpt>
   <trkpt lat="46.9573005" lon="15.8885081">
    <ele>293</ele>
    <time>2026-07-09T10:10:30Z</time>
    <extensions>
     <gpxdata:distance>9980.00</gpxdata:distance>
     <gpxdata:speed>3.836</gpxdata:speed>
    </extensions>
   </trkpt>
   <trkpt lat="46.9572982" lon="15.8884540">
    <ele>293</ele>
    <time>2026-07-09T10:10:31Z</time>
    <extensions>
     <gpxdata:distance>9984.00</gpxdata:distance>
     <gpxdata:speed>3.908</gpxdata:speed>
    </extensions>
   </trkpt>
   <trkpt lat="46.9572918" lon="15.8884007">
    <ele>293</ele>
    <time>2026-07-09T10:10:32Z</time>
    <extensions>
     <gpxdata:distance>9988.00</gpxdata:distance>
     <gpxdata:speed>4.011</gpxdata:speed>
    </extensions>
   </trkpt>
   <trkpt lat="46.9572807" lon="15.8883522">
    <ele>293</ele>
    <time>2026-07-09T10:10:33Z</time>
    <extensions>
     <gpxdata:distance>9992.00</gpxdata:distance>
     <gpxdata:speed>4.022</gpxdata:speed>
    </extensions>
   </trkpt>
   <trkpt lat="46.9572640" lon="15.8883099">
    <ele>293</ele>
    <time>2026-07-09T10:10:34Z</time>
    <extensions>
     <gpxdata:distance>9995.50</gpxdata:distance>
     <gpxdata:speed>3.933</gpxdata:speed>
    </extensions>
   </trkpt>
   <trkpt lat="46.9572420" lon="15.8882741">
    <ele>293</ele>
    <time>2026-07-09T10:10:35Z</time>
    <extensions>
     <gpxdata:distance>9999.00</gpxdata:distance>
     <gpxdata:speed>3.867</gpxdata:speed>
    </extensions>
   </trkpt>
   <trkpt lat="46.9572175" lon="15.8882455">
    <ele>293</ele>
    <time>2026-07-09T10:10:36Z</time>
    <extensions>
     <gpxdata:distance>10002.50</gpxdata:distance>
     <gpxdata:speed>3.819</gpxdata:speed>
    </extensions>
   </trkpt>
   <trkpt lat="46.9571927" lon="15.8882243">
    <ele>293</ele>
    <time>2026-07-09T10:10:37Z</time>
    <extensions>
     <gpxdata:distance>10006.00</gpxdata:distance>
     <gpxdata:speed>3.683</gpxdata:speed>
    </extensions>
   </trkpt>
   <trkpt lat="46.9571721" lon="15.8882072">
    <ele>293</ele>
    <time>2026-07-09T10:10:38Z</time>
    <extensions>
     <gpxdata:distance>10008.50</gpxdata:distance>
     <gpxdata:speed>3.211</gpxdata:speed>
    </extensions>
   </trkpt>
   <trkpt lat="46.9571657" lon="15.8881983">
    <ele>293</ele>
    <time>2026-07-09T10:10:39Z</time>
    <extensions>
     <gpxdata:distance>10011.00</gpxdata:distance>
     <gpxdata:speed>2.578</gpxdata:speed>
    </extensions>
   </trkpt>
   <trkpt lat="46.9571648" lon="15.8881923">
    <ele>293</ele>
    <time>2026-07-09T10:10:40Z</time>
    <extensions>
     <gpxdata:distance>10011.50</gpxdata:distance>
     <gpxdata:speed>1.900</gpxdata:speed>
    </extensions>
   </trkpt>
   <trkpt lat="46.9571695" lon="15.8881896">
    <ele>293</ele>
    <time>2026-07-09T10:10:41Z</time>
    <extensions>
     <gpxdata:distance>10012.00</gpxdata:distance>
     <gpxdata:speed>1.708</gpxdata:speed>
    </extensions>
   </trkpt>
   <trkpt lat="46.9571792" lon="15.8881955">
    <ele>292</ele>
    <time>2026-07-09T10:10:42Z</time>
    <extensions>
     <gpxdata:distance>10013.50</gpxdata:distance>
     <gpxdata:speed>1.708</gpxdata:speed>
    </extensions>
   </trkpt>
   <trkpt lat="46.9571919" lon="15.8882097">
    <ele>292</ele>
    <time>2026-07-09T10:10:43Z</time>
    <extensions>
     <gpxdata:distance>10015.00</gpxdata:distance>
     <gpxdata:speed>2.106</gpxdata:speed>
    </extensions>
   </trkpt>
   <trkpt lat="46.9572061" lon="15.8882310">
    <ele>292</ele>
    <time>2026-07-09T10:10:44Z</time>
    <extensions>
     <gpxdata:distance>10017.50</gpxdata:distance>
     <gpxdata:speed>2.439</gpxdata:speed>
    </extensions>
   </trkpt>
   <trkpt lat="46.9572202" lon="15.8882585">
    <ele>292</ele>
    <time>2026-07-09T10:10:45Z</time>
    <extensions>
     <gpxdata:distance>10020.00</gpxdata:distance>
     <gpxdata:speed>2.597</gpxdata:speed>
    </extensions>
   </trkpt>
   <trkpt lat="46.9572334" lon="15.8882897">
    <ele>292</ele>
    <time>2026-07-09T10:10:46Z</time>
    <extensions>
     <gpxdata:distance>10023.00</gpxdata:distance>
     <gpxdata:speed>2.756</gpxdata:speed>
    </extensions>
   </trkpt>
   <trkpt lat="46.9572454" lon="15.8883231">
    <ele>292</ele>
    <time>2026-07-09T10:10:47Z</time>
    <extensions>
     <gpxdata:distance>10026.00</gpxdata:distance>
     <gpxdata:speed>2.850</gpxdata:speed>
    </extensions>
   </trkpt>
   <trkpt lat="46.9572561" lon="15.8883582">
    <ele>292</ele>
    <time>2026-07-09T10:10:48Z</time>
    <extensions>
     <gpxdata:distance>10029.00</gpxdata:distance>
     <gpxdata:speed>2.900</gpxdata:speed>
    </extensions>
   </trkpt>
   <trkpt lat="46.9572662" lon="15.8883954">
    <ele>292</ele>
    <time>2026-07-09T10:10:49Z</time>
    <extensions>
     <gpxdata:distance>10032.00</gpxdata:distance>
     <gpxdata:speed>2.989</gpxdata:speed>
    </extensions>
   </trkpt>
   <trkpt lat="46.9572835" lon="15.8884573">
    <ele>292</ele>
    <time>2026-07-09T10:10:50Z</time>
    <extensions>
     <gpxdata:distance>10035.50</gpxdata:distance>
     <gpxdata:speed>3.158</gpxdata:speed>
    </extensions>
   </trkpt>
   <trkpt lat="46.9572991" lon="15.8884983">
    <ele>292</ele>
    <time>2026-07-09T10:10:51Z</time>
    <extensions>
     <gpxdata:distance>10039.00</gpxdata:distance>
     <gpxdata:speed>3.217</gpxdata:speed>
    </extensions>
   </trkpt>
   <trkpt lat="46.9573187" lon="15.8885277">
    <ele>292</ele>
    <time>2026-07-09T10:10:52Z</time>
    <extensions>
     <gpxdata:distance>10042.00</gpxdata:distance>
     <gpxdata:speed>3.261</gpxdata:speed>
    </extensions>
   </trkpt>
   <trkpt lat="46.9573429" lon="15.8885442">
    <ele>292</ele>
    <time>2026-07-09T10:10:53Z</time>
    <extensions>
     <gpxdata:distance>10045.00</gpxdata:distance>
     <gpxdata:speed>3.244</gpxdata:speed>
    </extensions>
   </trkpt>
   <trkpt lat="46.9573683" lon="15.8885504">
    <ele>292</ele>
    <time>2026-07-09T10:10:54Z</time>
    <extensions>
     <gpxdata:distance>10048.00</gpxdata:distance>
     <gpxdata:speed>3.197</gpxdata:speed>
    </extensions>
   </trkpt>
   <trkpt lat="46.9573917" lon="15.8885453">
    <ele>292</ele>
    <time>2026-07-09T10:10:55Z</time>
    <extensions>
     <gpxdata:distance>10051.00</gpxdata:distance>
     <gpxdata:speed>3.078</gpxdata:speed>
    </extensions>
   </trkpt>
   <trkpt lat="46.9574024" lon="15.8885350">
    <ele>292</ele>
    <time>2026-07-09T10:10:56Z</time>
    <extensions>
     <gpxdata:distance>10053.50</gpxdata:distance>
     <gpxdata:speed>2.911</gpxdata:speed>
    </extensions>
   </trkpt>
   <trkpt lat="46.9574135" lon="15.8885130">
    <ele>293</ele>
    <time>2026-07-09T10:10:57Z</time>
    <extensions>
     <gpxdata:distance>10056.00</gpxdata:distance>
     <gpxdata:speed>2.839</gpxdata:speed>
    </extensions>
   </trkpt>
   <trkpt lat="46.9574202" lon="15.8884820">
    <ele>293</ele>
    <time>2026-07-09T10:10:58Z</time>
    <extensions>
     <gpxdata:distance>10058.50</gpxdata:distance>
     <gpxdata:speed>2.881</gpxdata:speed>
    </extensions>
   </trkpt>
   <trkpt lat="46.9574206" lon="15.8884464">
    <ele>293</ele>
    <time>2026-07-09T10:10:59Z</time>
    <extensions>
     <gpxdata:distance>10061.00</gpxdata:distance>
     <gpxdata:speed>2.961</gpxdata:speed>
    </extensions>
   </trkpt>
   <trkpt lat="46.9574128" lon="15.8883837">
    <ele>293</ele>
    <time>2026-07-09T10:11:00Z</time>
    <extensions>
     <gpxdata:distance>10064.50</gpxdata:distance>
     <gpxdata:speed>3.039</gpxdata:speed>
    </extensions>
   </trkpt>
   <trkpt lat="46.9574007" lon="15.8883382">
    <ele>293</ele>
    <time>2026-07-09T10:11:01Z</time>
    <extensions>
     <gpxdata:distance>10068.00</gpxdata:distance>
     <gpxdata:speed>3.136</gpxdata:speed>
    </extensions>
   </trkpt>
   <trkpt lat="46.9573846" lon="15.8882962">
    <ele>293</ele>
    <time>2026-07-09T10:11:02Z</time>
    <extensions>
     <gpxdata:distance>10071.50</gpxdata:distance>
     <gpxdata:speed>3.278</gpxdata:speed>
    </extensions>
   </trkpt>
   <trkpt lat="46.9573667" lon="15.8882557">
    <ele>293</ele>
    <time>2026-07-09T10:11:03Z</time>
    <extensions>
     <gpxdata:distance>10075.00</gpxdata:distance>
     <gpxdata:speed>3.433</gpxdata:speed>
    </extensions>
   </trkpt>
   <trkpt lat="46.9573475" lon="15.8882152">
    <ele>293</ele>
    <time>2026-07-09T10:11:04Z</time>
    <extensions>
     <gpxdata:distance>10078.50</gpxdata:distance>
     <gpxdata:speed>3.522</gpxdata:speed>
    </extensions>
   </trkpt>
   <trkpt lat="46.9573274" lon="15.8881735">
    <ele>293</ele>
    <time>2026-07-09T10:11:05Z</time>
    <extensions>
     <gpxdata:distance>10082.00</gpxdata:distance>
     <gpxdata:speed>3.711</gpxdata:speed>
    </extensions>
   </trkpt>
   <trkpt lat="46.9573065" lon="15.8881302">
    <ele>294</ele>
    <time>2026-07-09T10:11:06Z</time>
    <extensions>
     <gpxdata:distance>10086.50</gpxdata:distance>
     <gpxdata:speed>3.889</gpxdata:speed>
    </extensions>
   </trkpt>
   <trkpt lat="46.9572847" lon="15.8880862">
    <ele>294</ele>
    <time>2026-07-09T10:11:07Z</time>
    <extensions>
     <gpxdata:distance>10091.00</gpxdata:distance>
     <gpxdata:speed>4.044</gpxdata:speed>
    </extensions>
   </trkpt>
   <trkpt lat="46.9572622" lon="15.8880411">
    <ele>294</ele>
    <time>2026-07-09T10:11:08Z</time>
    <extensions>
     <gpxdata:distance>10095.00</gpxdata:distance>
     <gpxdata:speed>4.122</gpxdata:speed>
    </extensions>
   </trkpt>
   <trkpt lat="46.9572387" lon="15.8879947">
    <ele>294</ele>
    <time>2026-07-09T10:11:09Z</time>
    <extensions>
     <gpxdata:distance>10099.00</gpxdata:distance>
     <gpxdata:speed>4.236</gpxdata:speed>
    </extensions>
   </trkpt>
   <trkpt lat="46.9572140" lon="15.8879500">
    <ele>294</ele>
    <time>2026-07-09T10:11:10Z</time>
    <extensions>
     <gpxdata:distance>10103.50</gpxdata:distance>
     <gpxdata:speed>4.403</gpxdata:speed>
    </extensions>
   </trkpt>
   <trkpt lat="46.9571867" lon="15.8879083">
    <ele>294</ele>
    <time>2026-07-09T10:11:11Z</time>
    <extensions>
     <gpxdata:distance>10108.00</gpxdata:distance>
     <gpxdata:speed>4.347</gpxdata:speed>
    </extensions>
   </trkpt>
   <trkpt lat="46.9571554" lon="15.8878695">
    <ele>294</ele>
    <time>2026-07-09T10:11:12Z</time>
    <extensions>
     <gpxdata:distance>10112.50</gpxdata:distance>
     <gpxdata:speed>4.403</gpxdata:speed>
    </extensions>
   </trkpt>
   <trkpt lat="46.9571211" lon="15.8878317">
    <ele>294</ele>
    <time>2026-07-09T10:11:13Z</time>
    <extensions>
     <gpxdata:distance>10117.00</gpxdata:distance>
     <gpxdata:speed>4.619</gpxdata:speed>
    </extensions>
   </trkpt>
   <trkpt lat="46.9570856" lon="15.8877929">
    <ele>294</ele>
    <time>2026-07-09T10:11:14Z</time>
    <extensions>
     <gpxdata:distance>10122.00</gpxdata:distance>
     <gpxdata:speed>4.797</gpxdata:speed>
    </extensions>
   </trkpt>
   <trkpt lat="46.9570492" lon="15.8877549">
    <ele>294</ele>
    <time>2026-07-09T10:11:15Z</time>
    <extensions>
     <gpxdata:distance>10127.00</gpxdata:distance>
     <gpxdata:speed>4.931</gpxdata:speed>
    </extensions>
   </trkpt>
   <trkpt lat="46.9570118" lon="15.8877183">
    <ele>294</ele>
    <time>2026-07-09T10:11:16Z</time>
    <extensions>
     <gpxdata:distance>10132.00</gpxdata:distance>
     <gpxdata:speed>4.953</gpxdata:speed>
    </extensions>
   </trkpt>
   <trkpt lat="46.9569734" lon="15.8876823">
    <ele>294</ele>
    <time>2026-07-09T10:11:17Z</time>
    <extensions>
     <gpxdata:distance>10137.00</gpxdata:distance>
     <gpxdata:speed>4.981</gpxdata:speed>
    </extensions>
   </trkpt>
   <trkpt lat="46.9569339" lon="15.8876463">
    <ele>294</ele>
    <time>2026-07-09T10:11:18Z</time>
    <extensions>
     <gpxdata:distance>10142.50</gpxdata:distance>
     <gpxdata:speed>5.033</gpxdata:speed>
    </extensions>
   </trkpt>
   <trkpt lat="46.9568946" lon="15.8876104">
    <ele>294</ele>
    <time>2026-07-09T10:11:19Z</time>
    <extensions>
     <gpxdata:distance>10148.00</gpxdata:distance>
     <gpxdata:speed>5.108</gpxdata:speed>
    </extensions>
   </trkpt>
   <trkpt lat="46.9568555" lon="15.8875755">
    <ele>294</ele>
    <time>2026-07-09T10:11:20Z</time>
    <extensions>
     <gpxdata:distance>10153.00</gpxdata:distance>
     <gpxdata:speed>5.122</gpxdata:speed>
    </extensions>
   </trkpt>
   <trkpt lat="46.9568160" lon="15.8875417">
    <ele>294</ele>
    <time>2026-07-09T10:11:21Z</time>
    <extensions>
     <gpxdata:distance>10158.00</gpxdata:distance>
     <gpxdata:speed>5.100</gpxdata:speed>
    </extensions>
   </trkpt>
   <trkpt lat="46.9567768" lon="15.8875081">
    <ele>294</ele>
    <time>2026-07-09T10:11:22Z</time>
    <extensions>
     <gpxdata:distance>10163.00</gpxdata:distance>
     <gpxdata:speed>5.103</gpxdata:speed>
    </extensions>
   </trkpt>
   <trkpt lat="46.9567388" lon="15.8874742">
    <ele>294</ele>
    <time>2026-07-09T10:11:23Z</time>
    <extensions>
     <gpxdata:distance>10168.00</gpxdata:distance>
     <gpxdata:speed>5.086</gpxdata:speed>
    </extensions>
   </trkpt>
   <trkpt lat="46.9567023" lon="15.8874399">
    <ele>294</ele>
    <time>2026-07-09T10:11:24Z</time>
    <extensions>
     <gpxdata:distance>10173.00</gpxdata:distance>
     <gpxdata:speed>5.019</gpxdata:speed>
    </extensions>
   </trkpt>
   <trkpt lat="46.9566665" lon="15.8874038">
    <ele>294</ele>
    <time>2026-07-09T10:11:25Z</time>
    <extensions>
     <gpxdata:distance>10178.00</gpxdata:distance>
     <gpxdata:speed>4.933</gpxdata:speed>
    </extensions>
   </trkpt>
   <trkpt lat="46.9566316" lon="15.8873674">
    <ele>294</ele>
    <time>2026-07-09T10:11:26Z</time>
    <extensions>
     <gpxdata:distance>10182.50</gpxdata:distance>
     <gpxdata:speed>4.906</gpxdata:speed>
    </extensions>
   </trkpt>
   <trkpt lat="46.9565981" lon="15.8873315">
    <ele>294</ele>
    <time>2026-07-09T10:11:27Z</time>
    <extensions>
     <gpxdata:distance>10187.00</gpxdata:distance>
     <gpxdata:speed>4.850</gpxdata:speed>
    </extensions>
   </trkpt>
   <trkpt lat="46.9565665" lon="15.8872971">
    <ele>294</ele>
    <time>2026-07-09T10:11:28Z</time>
    <extensions>
     <gpxdata:distance>10191.50</gpxdata:distance>
     <gpxdata:speed>4.739</gpxdata:speed>
    </extensions>
   </trkpt>
   <trkpt lat="46.9565382" lon="15.8872671">
    <ele>294</ele>
    <time>2026-07-09T10:11:29Z</time>
    <extensions>
     <gpxdata:distance>10196.00</gpxdata:distance>
     <gpxdata:speed>4.381</gpxdata:speed>
    </extensions>
   </trkpt>
   <trkpt lat="46.9565141" lon="15.8872427">
    <ele>294</ele>
    <time>2026-07-09T10:11:30Z</time>
    <extensions>
     <gpxdata:distance>10198.50</gpxdata:distance>
     <gpxdata:speed>3.808</gpxdata:speed>
    </extensions>
   </trkpt>
   <trkpt lat="46.9564929" lon="15.8872210">
    <ele>294</ele>
    <time>2026-07-09T10:11:31Z</time>
    <extensions>
     <gpxdata:distance>10201.00</gpxdata:distance>
     <gpxdata:speed>3.206</gpxdata:speed>
    </extensions>
   </trkpt>
   <trkpt lat="46.9564819" lon="15.8872086">
    <ele>294</ele>
    <time>2026-07-09T10:11:32Z</time>
    <extensions>
     <gpxdata:distance>10204.00</gpxdata:distance>
     <gpxdata:speed>2.914</gpxdata:speed>
    </extensions>
   </trkpt>
   <trkpt lat="46.9564676" lon="15.8871892">
    <ele>294</ele>
    <time>2026-07-09T10:11:33Z</time>
    <extensions>
     <gpxdata:distance>10207.00</gpxdata:distance>
     <gpxdata:speed>2.800</gpxdata:speed>
    </extensions>
   </trkpt>
   <trkpt lat="46.9564514" lon="15.8871630">
    <ele>294</ele>
    <time>2026-07-09T10:11:34Z</time>
    <extensions>
     <gpxdata:distance>10210.00</gpxdata:distance>
     <gpxdata:speed>2.850</gpxdata:speed>
    </extensions>
   </trkpt>
   <trkpt lat="46.9564223" lon="15.8871096">
    <ele>294</ele>
    <time>2026-07-09T10:11:35Z</time>
    <extensions>
     <gpxdata:distance>10213.00</gpxdata:distance>
     <gpxdata:speed>3.000</gpxdata:speed>
    </extensions>
   </trkpt>
   <trkpt lat="46.9563986" lon="15.8870647">
    <ele>294</ele>
    <time>2026-07-09T10:11:36Z</time>
    <extensions>
     <gpxdata:distance>10217.50</gpxdata:distance>
     <gpxdata:speed>3.244</gpxdata:speed>
    </extensions>
   </trkpt>
   <trkpt lat="46.9563746" lon="15.8870185">
    <ele>294</ele>
    <time>2026-07-09T10:11:37Z</time>
    <extensions>
     <gpxdata:distance>10222.00</gpxdata:distance>
     <gpxdata:speed>3.575</gpxdata:speed>
    </extensions>
   </trkpt>
   <trkpt lat="46.9563499" lon="15.8869696">
    <ele>294</ele>
    <time>2026-07-09T10:11:38Z</time>
    <extensions>
     <gpxdata:distance>10226.50</gpxdata:distance>
     <gpxdata:speed>3.892</gpxdata:speed>
    </extensions>
   </trkpt>
   <trkpt lat="46.9563236" lon="15.8869181">
    <ele>294</ele>
    <time>2026-07-09T10:11:39Z</time>
    <extensions>
     <gpxdata:distance>10231.00</gpxdata:distance>
     <gpxdata:speed>4.517</gpxdata:speed>
    </extensions>
   </trkpt>
   <trkpt lat="46.9562970" lon="15.8868658">
    <ele>294</ele>
    <time>2026-07-09T10:11:40Z</time>
    <extensions>
     <gpxdata:distance>10236.00</gpxdata:distance>
     <gpxdata:speed>4.844</gpxdata:speed>
    </extensions>
   </trkpt>
   <trkpt lat="46.9562715" lon="15.8868132">
    <ele>294</ele>
    <time>2026-07-09T10:11:41Z</time>
    <extensions>
     <gpxdata:distance>10241.00</gpxdata:distance>
     <gpxdata:speed>4.894</gpxdata:speed>
    </extensions>
   </trkpt>
   <trkpt lat="46.9562481" lon="15.8867614">
    <ele>294</ele>
    <time>2026-07-09T10:11:42Z</time>
    <extensions>
     <gpxdata:distance>10245.50</gpxdata:distance>
     <gpxdata:speed>4.853</gpxdata:speed>
    </extensions>
   </trkpt>
   <trkpt lat="46.9562259" lon="15.8867111">
    <ele>294</ele>
    <time>2026-07-09T10:11:43Z</time>
    <extensions>
     <gpxdata:distance>10250.00</gpxdata:distance>
     <gpxdata:speed>4.639</gpxdata:speed>
    </extensions>
   </trkpt>
   <trkpt lat="46.9562036" lon="15.8866595">
    <ele>294</ele>
    <time>2026-07-09T10:11:44Z</time>
    <extensions>
     <gpxdata:distance>10255.00</gpxdata:distance>
     <gpxdata:speed>4.531</gpxdata:speed>
    </extensions>
   </trkpt>
   <trkpt lat="46.9561810" lon="15.8866047">
    <ele>294</ele>
    <time>2026-07-09T10:11:45Z</time>
    <extensions>
     <gpxdata:distance>10260.00</gpxdata:distance>
     <gpxdata:speed>4.706</gpxdata:speed>
    </extensions>
   </trkpt>
   <trkpt lat="46.9561587" lon="15.8865470">
    <ele>294</ele>
    <time>2026-07-09T10:11:46Z</time>
    <extensions>
     <gpxdata:distance>10265.00</gpxdata:distance>
     <gpxdata:speed>4.872</gpxdata:speed>
    </extensions>
   </trkpt>
   <trkpt lat="46.9561376" lon="15.8864879">
    <ele>294</ele>
    <time>2026-07-09T10:11:47Z</time>
    <extensions>
     <gpxdata:distance>10270.00</gpxdata:distance>
     <gpxdata:speed>4.981</gpxdata:speed>
    </extensions>
   </trkpt>
   <trkpt lat="46.9561171" lon="15.8864276">
    <ele>294</ele>
    <time>2026-07-09T10:11:48Z</time>
    <extensions>
     <gpxdata:distance>10275.00</gpxdata:distance>
     <gpxdata:speed>5.011</gpxdata:speed>
    </extensions>
   </trkpt>
   <trkpt lat="46.9560963" lon="15.8863665">
    <ele>294</ele>
    <time>2026-07-09T10:11:49Z</time>
    <extensions>
     <gpxdata:distance>10280.00</gpxdata:distance>
     <gpxdata:speed>5.058</gpxdata:speed>
    </extensions>
   </trkpt>
   <trkpt lat="46.9560742" lon="15.8863046">
    <ele>294</ele>
    <time>2026-07-09T10:11:50Z</time>
    <extensions>
     <gpxdata:distance>10285.50</gpxdata:distance>
     <gpxdata:speed>5.117</gpxdata:speed>
    </extensions>
   </trkpt>
   <trkpt lat="46.9560522" lon="15.8862422">
    <ele>294</ele>
    <time>2026-07-09T10:11:51Z</time>
    <extensions>
     <gpxdata:distance>10291.00</gpxdata:distance>
     <gpxdata:speed>5.200</gpxdata:speed>
    </extensions>
   </trkpt>
   <trkpt lat="46.9560295" lon="15.8861781">
    <ele>294</ele>
    <time>2026-07-09T10:11:52Z</time>
    <extensions>
     <gpxdata:distance>10296.50</gpxdata:distance>
     <gpxdata:speed>5.256</gpxdata:speed>
    </extensions>
   </trkpt>
   <trkpt lat="46.9560059" lon="15.8861133">
    <ele>294</ele>
    <time>2026-07-09T10:11:53Z</time>
    <extensions>
     <gpxdata:distance>10302.00</gpxdata:distance>
     <gpxdata:speed>5.489</gpxdata:speed>
    </extensions>
   </trkpt>
   <trkpt lat="46.9559821" lon="15.8860470">
    <ele>294</ele>
    <time>2026-07-09T10:11:54Z</time>
    <extensions>
     <gpxdata:distance>10307.50</gpxdata:distance>
     <gpxdata:speed>5.558</gpxdata:speed>
    </extensions>
   </trkpt>
   <trkpt lat="46.9559576" lon="15.8859778">
    <ele>294</ele>
    <time>2026-07-09T10:11:55Z</time>
    <extensions>
     <gpxdata:distance>10313.00</gpxdata:distance>
     <gpxdata:speed>5.678</gpxdata:speed>
    </extensions>
   </trkpt>
   <trkpt lat="46.9559326" lon="15.8859069">
    <ele>294</ele>
    <time>2026-07-09T10:11:56Z</time>
    <extensions>
     <gpxdata:distance>10319.50</gpxdata:distance>
     <gpxdata:speed>5.911</gpxdata:speed>
    </extensions>
   </trkpt>
   <trkpt lat="46.9558991" lon="15.8858125">
    <ele>294</ele>
    <time>2026-07-09T10:11:57Z</time>
    <extensions>
     <gpxdata:distance>10326.00</gpxdata:distance>
     <gpxdata:speed>6.039</gpxdata:speed>
    </extensions>
   </trkpt>
   <trkpt lat="46.9558731" lon="15.8857416">
    <ele>294</ele>
    <time>2026-07-09T10:11:58Z</time>
    <extensions>
     <gpxdata:distance>10331.50</gpxdata:distance>
     <gpxdata:speed>6.039</gpxdata:speed>
    </extensions>
   </trkpt>
   <trkpt lat="46.9558559" lon="15.8856939">
    <ele>294</ele>
    <time>2026-07-09T10:11:59Z</time>
    <extensions>
     <gpxdata:distance>10337.00</gpxdata:distance>
     <gpxdata:speed>5.956</gpxdata:speed>
    </extensions>
   </trkpt>
   <trkpt lat="46.9558343" lon="15.8856350">
    <ele>294</ele>
    <time>2026-07-09T10:12:00Z</time>
    <extensions>
     <gpxdata:distance>10342.50</gpxdata:distance>
     <gpxdata:speed>5.831</gpxdata:speed>
    </extensions>
   </trkpt>
   <trkpt lat="46.9558095" lon="15.8855730">
    <ele>294</ele>
    <time>2026-07-09T10:12:01Z</time>
    <extensions>
     <gpxdata:distance>10348.00</gpxdata:distance>
     <gpxdata:speed>5.714</gpxdata:speed>
    </extensions>
   </trkpt>
   <trkpt lat="46.9557816" lon="15.8855083">
    <ele>294</ele>
    <time>2026-07-09T10:12:02Z</time>
    <extensions>
     <gpxdata:distance>10354.00</gpxdata:distance>
     <gpxdata:speed>5.694</gpxdata:speed>
    </extensions>
   </trkpt>
   <trkpt lat="46.9557522" lon="15.8854432">
    <ele>294</ele>
    <time>2026-07-09T10:12:03Z</time>
    <extensions>
     <gpxdata:distance>10360.00</gpxdata:distance>
     <gpxdata:speed>5.800</gpxdata:speed>
    </extensions>
   </trkpt>
   <trkpt lat="46.9557212" lon="15.8853765">
    <ele>294</ele>
    <time>2026-07-09T10:12:04Z</time>
    <extensions>
     <gpxdata:distance>10366.50</gpxdata:distance>
     <gpxdata:speed>5.861</gpxdata:speed>
    </extensions>
   </trkpt>
   <trkpt lat="46.9556889" lon="15.8853085">
    <ele>294</ele>
    <time>2026-07-09T10:12:05Z</time>
    <extensions>
     <gpxdata:distance>10373.00</gpxdata:distance>
     <gpxdata:speed>5.983</gpxdata:speed>
    </extensions>
   </trkpt>
   <trkpt lat="46.9556443" lon="15.8852197">
    <ele>294</ele>
    <time>2026-07-09T10:12:06Z</time>
    <extensions>
     <gpxdata:distance>10379.00</gpxdata:distance>
     <gpxdata:speed>6.103</gpxdata:speed>
    </extensions>
   </trkpt>
   <trkpt lat="46.9556080" lon="15.8851513">
    <ele>294</ele>
    <time>2026-07-09T10:12:07Z</time>
    <extensions>
     <gpxdata:distance>10385.00</gpxdata:distance>
     <gpxdata:speed>6.153</gpxdata:speed>
    </extensions>
   </trkpt>
   <trkpt lat="46.9555714" lon="15.8850872">
    <ele>294</ele>
    <time>2026-07-09T10:12:08Z</time>
    <extensions>
     <gpxdata:distance>10391.50</gpxdata:distance>
     <gpxdata:speed>6.214</gpxdata:speed>
    </extensions>
   </trkpt>
   <trkpt lat="46.9555348" lon="15.8850263">
    <ele>294</ele>
    <time>2026-07-09T10:12:09Z</time>
    <extensions>
     <gpxdata:distance>10398.00</gpxdata:distance>
     <gpxdata:speed>6.244</gpxdata:speed>
    </extensions>
   </trkpt>
   <trkpt lat="46.9554982" lon="15.8849681">
    <ele>294</ele>
    <time>2026-07-09T10:12:10Z</time>
    <extensions>
     <gpxdata:distance>10404.00</gpxdata:distance>
     <gpxdata:speed>6.203</gpxdata:speed>
    </extensions>
   </trkpt>
   <trkpt lat="46.9554620" lon="15.8849094">
    <ele>294</ele>
    <time>2026-07-09T10:12:11Z</time>
    <extensions>
     <gpxdata:distance>10410.00</gpxdata:distance>
     <gpxdata:speed>6.133</gpxdata:speed>
    </extensions>
   </trkpt>
   <trkpt lat="46.9554283" lon="15.8848494">
    <ele>294</ele>
    <time>2026-07-09T10:12:12Z</time>
    <extensions>
     <gpxdata:distance>10416.00</gpxdata:distance>
     <gpxdata:speed>6.100</gpxdata:speed>
    </extensions>
   </trkpt>
   <trkpt lat="46.9553963" lon="15.8847873">
    <ele>294</ele>
    <time>2026-07-09T10:12:13Z</time>
    <extensions>
     <gpxdata:distance>10422.00</gpxdata:distance>
     <gpxdata:speed>6.033</gpxdata:speed>
    </extensions>
   </trkpt>
   <trkpt lat="46.9553739" lon="15.8847421">
    <ele>294</ele>
    <time>2026-07-09T10:12:14Z</time>
    <extensions>
     <gpxdata:distance>10427.50</gpxdata:distance>
     <gpxdata:speed>5.997</gpxdata:speed>
    </extensions>
   </trkpt>
   <trkpt lat="46.9553461" lon="15.8846850">
    <ele>294</ele>
    <time>2026-07-09T10:12:15Z</time>
    <extensions>
     <gpxdata:distance>10433.00</gpxdata:distance>
     <gpxdata:speed>5.953</gpxdata:speed>
    </extensions>
   </trkpt>
   <trkpt lat="46.9553189" lon="15.8846234">
    <ele>294</ele>
    <time>2026-07-09T10:12:16Z</time>
    <extensions>
     <gpxdata:distance>10439.00</gpxdata:distance>
     <gpxdata:speed>5.883</gpxdata:speed>
    </extensions>
   </trkpt>
   <trkpt lat="46.9552944" lon="15.8845597">
    <ele>294</ele>
    <time>2026-07-09T10:12:17Z</time>
    <extensions>
     <gpxdata:distance>10445.00</gpxdata:distance>
     <gpxdata:speed>5.808</gpxdata:speed>
    </extensions>
   </trkpt>
   <trkpt lat="46.9552726" lon="15.8844965">
    <ele>294</ele>
    <time>2026-07-09T10:12:18Z</time>
    <extensions>
     <gpxdata:distance>10450.00</gpxdata:distance>
     <gpxdata:speed>5.722</gpxdata:speed>
    </extensions>
   </trkpt>
   <trkpt lat="46.9552517" lon="15.8844362">
    <ele>294</ele>
    <time>2026-07-09T10:12:19Z</time>
    <extensions>
     <gpxdata:distance>10455.00</gpxdata:distance>
     <gpxdata:speed>5.575</gpxdata:speed>
    </extensions>
   </trkpt>
   <trkpt lat="46.9552311" lon="15.8843812">
    <ele>294</ele>
    <time>2026-07-09T10:12:20Z</time>
    <extensions>
     <gpxdata:distance>10460.00</gpxdata:distance>
     <gpxdata:speed>5.389</gpxdata:speed>
    </extensions>
   </trkpt>
   <trkpt lat="46.9552102" lon="15.8843297">
    <ele>294</ele>
    <time>2026-07-09T10:12:21Z</time>
    <extensions>
     <gpxdata:distance>10465.00</gpxdata:distance>
     <gpxdata:speed>5.122</gpxdata:speed>
    </extensions>
   </trkpt>
   <trkpt lat="46.9551897" lon="15.8842780">
    <ele>294</ele>
    <time>2026-07-09T10:12:22Z</time>
    <extensions>
     <gpxdata:distance>10469.50</gpxdata:distance>
     <gpxdata:speed>4.900</gpxdata:speed>
    </extensions>
   </trkpt>
   <trkpt lat="46.9551725" lon="15.8842224">
    <ele>294</ele>
    <time>2026-07-09T10:12:23Z</time>
    <extensions>
     <gpxdata:distance>10474.00</gpxdata:distance>
     <gpxdata:speed>4.794</gpxdata:speed>
    </extensions>
   </trkpt>
   <trkpt lat="46.9551584" lon="15.8841614">
    <ele>294</ele>
    <time>2026-07-09T10:12:24Z</time>
    <extensions>
     <gpxdata:distance>10479.00</gpxdata:distance>
     <gpxdata:speed>4.775</gpxdata:speed>
    </extensions>
   </trkpt>
   <trkpt lat="46.9551454" lon="15.8840983">
    <ele>294</ele>
    <time>2026-07-09T10:12:25Z</time>
    <extensions>
     <gpxdata:distance>10484.00</gpxdata:distance>
     <gpxdata:speed>4.867</gpxdata:speed>
    </extensions>
   </trkpt>
   <trkpt lat="46.9551321" lon="15.8840378">
    <ele>294</ele>
    <time>2026-07-09T10:12:26Z</time>
    <extensions>
     <gpxdata:distance>10488.50</gpxdata:distance>
     <gpxdata:speed>4.992</gpxdata:speed>
    </extensions>
   </trkpt>
   <trkpt lat="46.9551179" lon="15.8839799">
    <ele>294</ele>
    <time>2026-07-09T10:12:27Z</time>
    <extensions>
     <gpxdata:distance>10493.00</gpxdata:distance>
     <gpxdata:speed>4.847</gpxdata:speed>
    </extensions>
   </trkpt>
   <trkpt lat="46.9551031" lon="15.8839262">
    <ele>294</ele>
    <time>2026-07-09T10:12:28Z</time>
    <extensions>
     <gpxdata:distance>10497.50</gpxdata:distance>
     <gpxdata:speed>4.742</gpxdata:speed>
    </extensions>
   </trkpt>
   <trkpt lat="46.9550872" lon="15.8838773">
    <ele>294</ele>
    <time>2026-07-09T10:12:29Z</time>
    <extensions>
     <gpxdata:distance>10502.00</gpxdata:distance>
     <gpxdata:speed>4.567</gpxdata:speed>
    </extensions>
   </trkpt>
   <trkpt lat="46.9550696" lon="15.8838311">
    <ele>294</ele>
    <time>2026-07-09T10:12:30Z</time>
    <extensions>
     <gpxdata:distance>10506.00</gpxdata:distance>
     <gpxdata:speed>4.358</gpxdata:speed>
    </extensions>
   </trkpt>
   <trkpt lat="46.9550503" lon="15.8837861">
    <ele>294</ele>
    <time>2026-07-09T10:12:31Z</time>
    <extensions>
     <gpxdata:distance>10510.00</gpxdata:distance>
     <gpxdata:speed>4.242</gpxdata:speed>
    </extensions>
   </trkpt>
   <trkpt lat="46.9550303" lon="15.8837438">
    <ele>294</ele>
    <time>2026-07-09T10:12:32Z</time>
    <extensions>
     <gpxdata:distance>10513.50</gpxdata:distance>
     <gpxdata:speed>4.181</gpxdata:speed>
    </extensions>
   </trkpt>
   <trkpt lat="46.9550112" lon="15.8837049">
    <ele>294</ele>
    <time>2026-07-09T10:12:33Z</time>
    <extensions>
     <gpxdata:distance>10517.00</gpxdata:distance>
     <gpxdata:speed>4.061</gpxdata:speed>
    </extensions>
   </trkpt>
   <trkpt lat="46.9549941" lon="15.8836718">
    <ele>294</ele>
    <time>2026-07-09T10:12:34Z</time>
    <extensions>
     <gpxdata:distance>10520.00</gpxdata:distance>
     <gpxdata:speed>3.628</gpxdata:speed>
    </extensions>
   </trkpt>
   <trkpt lat="46.9549810" lon="15.8836455">
    <ele>294</ele>
    <time>2026-07-09T10:12:35Z</time>
    <extensions>
     <gpxdata:distance>10523.00</gpxdata:distance>
     <gpxdata:speed>3.106</gpxdata:speed>
    </extensions>
   </trkpt>
   <trkpt lat="46.9549752" lon="15.8836329">
    <ele>294</ele>
    <time>2026-07-09T10:12:36Z</time>
    <extensions>
     <gpxdata:distance>10525.00</gpxdata:distance>
     <gpxdata:speed>2.386</gpxdata:speed>
    </extensions>
   </trkpt>
   <trkpt lat="46.9549666" lon="15.8836155">
    <ele>294</ele>
    <time>2026-07-09T10:12:37Z</time>
    <extensions>
     <gpxdata:distance>10527.00</gpxdata:distance>
     <gpxdata:speed>2.033</gpxdata:speed>
    </extensions>
   </trkpt>
   <trkpt lat="46.9549536" lon="15.8835945">
    <ele>294</ele>
    <time>2026-07-09T10:12:38Z</time>
    <extensions>
     <gpxdata:distance>10529.50</gpxdata:distance>
     <gpxdata:speed>2.200</gpxdata:speed>
    </extensions>
   </trkpt>
   <trkpt lat="46.9549343" lon="15.8835752">
    <ele>294</ele>
    <time>2026-07-09T10:12:39Z</time>
    <extensions>
     <gpxdata:distance>10532.00</gpxdata:distance>
     <gpxdata:speed>2.672</gpxdata:speed>
    </extensions>
   </trkpt>
   <trkpt lat="46.9549099" lon="15.8835648">
    <ele>294</ele>
    <time>2026-07-09T10:12:40Z</time>
    <extensions>
     <gpxdata:distance>10535.50</gpxdata:distance>
     <gpxdata:speed>2.917</gpxdata:speed>
    </extensions>
   </trkpt>
   <trkpt lat="46.9548636" lon="15.8835627">
    <ele>294</ele>
    <time>2026-07-09T10:12:41Z</time>
    <extensions>
     <gpxdata:distance>10539.00</gpxdata:distance>
     <gpxdata:speed>3.122</gpxdata:speed>
    </extensions>
   </trkpt>
   <trkpt lat="46.9548267" lon="15.8835715">
    <ele>294</ele>
    <time>2026-07-09T10:12:42Z</time>
    <extensions>
     <gpxdata:distance>10543.00</gpxdata:distance>
     <gpxdata:speed>3.356</gpxdata:speed>
    </extensions>
   </trkpt>
   <trkpt lat="46.9547883" lon="15.8835853">
    <ele>294</ele>
    <time>2026-07-09T10:12:43Z</time>
    <extensions>
     <gpxdata:distance>10547.00</gpxdata:distance>
     <gpxdata:speed>3.953</gpxdata:speed>
    </extensions>
   </trkpt>
   <trkpt lat="46.9547466" lon="15.8836007">
    <ele>294</ele>
    <time>2026-07-09T10:12:44Z</time>
    <extensions>
     <gpxdata:distance>10552.00</gpxdata:distance>
     <gpxdata:speed>4.389</gpxdata:speed>
    </extensions>
   </trkpt>
   <trkpt lat="46.9547013" lon="15.8836164">
    <ele>294</ele>
    <time>2026-07-09T10:12:45Z</time>
    <extensions>
     <gpxdata:distance>10557.00</gpxdata:distance>
     <gpxdata:speed>4.789</gpxdata:speed>
    </extensions>
   </trkpt>
   <trkpt lat="46.9546536" lon="15.8836319">
    <ele>294</ele>
    <time>2026-07-09T10:12:46Z</time>
    <extensions>
     <gpxdata:distance>10562.50</gpxdata:distance>
     <gpxdata:speed>5.164</gpxdata:speed>
    </extensions>
   </trkpt>
   <trkpt lat="46.9546032" lon="15.8836461">
    <ele>294</ele>
    <time>2026-07-09T10:12:47Z</time>
    <extensions>
     <gpxdata:distance>10568.00</gpxdata:distance>
     <gpxdata:speed>5.406</gpxdata:speed>
    </extensions>
   </trkpt>
   <trkpt lat="46.9545503" lon="15.8836587">
    <ele>294</ele>
    <time>2026-07-09T10:12:48Z</time>
    <extensions>
     <gpxdata:distance>10574.00</gpxdata:distance>
     <gpxdata:speed>5.711</gpxdata:speed>
    </extensions>
   </trkpt>
   <trkpt lat="46.9544954" lon="15.8836677">
    <ele>294</ele>
    <time>2026-07-09T10:12:49Z</time>
    <extensions>
     <gpxdata:distance>10580.00</gpxdata:distance>
     <gpxdata:speed>5.950</gpxdata:speed>
    </extensions>
   </trkpt>
   <trkpt lat="46.9544199" lon="15.8836728">
    <ele>294</ele>
    <time>2026-07-09T10:12:50Z</time>
    <extensions>
     <gpxdata:distance>10586.50</gpxdata:distance>
     <gpxdata:speed>6.139</gpxdata:speed>
    </extensions>
   </trkpt>
   <trkpt lat="46.9543597" lon="15.8836708">
    <ele>294</ele>
    <time>2026-07-09T10:12:51Z</time>
    <extensions>
     <gpxdata:distance>10593.00</gpxdata:distance>
     <gpxdata:speed>6.297</gpxdata:speed>
    </extensions>
   </trkpt>
   <trkpt lat="46.9543007" lon="15.8836673">
    <ele>294</ele>
    <time>2026-07-09T10:12:52Z</time>
    <extensions>
     <gpxdata:distance>10599.50</gpxdata:distance>
     <gpxdata:speed>6.397</gpxdata:speed>
    </extensions>
   </trkpt>
   <trkpt lat="46.9542418" lon="15.8836648">
    <ele>294</ele>
    <time>2026-07-09T10:12:53Z</time>
    <extensions>
     <gpxdata:distance>10606.00</gpxdata:distance>
     <gpxdata:speed>6.486</gpxdata:speed>
    </extensions>
   </trkpt>
   <trkpt lat="46.9541833" lon="15.8836638">
    <ele>294</ele>
    <time>2026-07-09T10:12:54Z</time>
    <extensions>
     <gpxdata:distance>10612.50</gpxdata:distance>
     <gpxdata:speed>6.511</gpxdata:speed>
    </extensions>
   </trkpt>
   <trkpt lat="46.9541260" lon="15.8836620">
    <ele>294</ele>
    <time>2026-07-09T10:12:55Z</time>
    <extensions>
     <gpxdata:distance>10619.00</gpxdata:distance>
     <gpxdata:speed>6.492</gpxdata:speed>
    </extensions>
   </trkpt>
   <trkpt lat="46.9540717" lon="15.8836591">
    <ele>294</ele>
    <time>2026-07-09T10:12:56Z</time>
    <extensions>
     <gpxdata:distance>10625.00</gpxdata:distance>
     <gpxdata:speed>6.442</gpxdata:speed>
    </extensions>
   </trkpt>
   <trkpt lat="46.9540236" lon="15.8836557">
    <ele>294</ele>
    <time>2026-07-09T10:12:57Z</time>
    <extensions>
     <gpxdata:distance>10631.00</gpxdata:distance>
     <gpxdata:speed>6.267</gpxdata:speed>
    </extensions>
   </trkpt>
   <trkpt lat="46.9539946" lon="15.8836533">
    <ele>294</ele>
    <time>2026-07-09T10:12:58Z</time>
    <extensions>
     <gpxdata:distance>10635.00</gpxdata:distance>
     <gpxdata:speed>5.481</gpxdata:speed>
    </extensions>
   </trkpt>
   <trkpt lat="46.9539636" lon="15.8836516">
    <ele>294</ele>
    <time>2026-07-09T10:12:59Z</time>
    <extensions>
     <gpxdata:distance>10639.00</gpxdata:distance>
     <gpxdata:speed>4.664</gpxdata:speed>
    </extensions>
   </trkpt>
   <trkpt lat="46.9539367" lon="15.8836523">
    <ele>294</ele>
    <time>2026-07-09T10:13:00Z</time>
    <extensions>
     <gpxdata:distance>10642.00</gpxdata:distance>
     <gpxdata:speed>3.922</gpxdata:speed>
    </extensions>
   </trkpt>
   <trkpt lat="46.9539144" lon="15.8836552">
    <ele>294</ele>
    <time>2026-07-09T10:13:01Z</time>
    <extensions>
     <gpxdata:distance>10645.00</gpxdata:distance>
     <gpxdata:speed>3.200</gpxdata:speed>
    </extensions>
   </trkpt>
   <trkpt lat="46.9539031" lon="15.8836576">
    <ele>293</ele>
    <time>2026-07-09T10:13:02Z</time>
    <extensions>
     <gpxdata:distance>10647.00</gpxdata:distance>
     <gpxdata:speed>2.653</gpxdata:speed>
    </extensions>
   </trkpt>
   <trkpt lat="46.9538877" lon="15.8836613">
    <ele>293</ele>
    <time>2026-07-09T10:13:03Z</time>
    <extensions>
     <gpxdata:distance>10649.00</gpxdata:distance>
     <gpxdata:speed>2.367</gpxdata:speed>
    </extensions>
   </trkpt>
   <trkpt lat="46.9538690" lon="15.8836657">
    <ele>293</ele>
    <time>2026-07-09T10:13:04Z</time>
    <extensions>
     <gpxdata:distance>10651.50</gpxdata:distance>
     <gpxdata:speed>2.342</gpxdata:speed>
    </extensions>
   </trkpt>
   <trkpt lat="46.9538485" lon="15.8836696">
    <ele>293</ele>
    <time>2026-07-09T10:13:05Z</time>
    <extensions>
     <gpxdata:distance>10654.00</gpxdata:distance>
     <gpxdata:speed>2.464</gpxdata:speed>
    </extensions>
   </trkpt>
   <trkpt lat="46.9538279" lon="15.8836703">
    <ele>293</ele>
    <time>2026-07-09T10:13:06Z</time>
    <extensions>
     <gpxdata:distance>10656.50</gpxdata:distance>
     <gpxdata:speed>2.483</gpxdata:speed>
    </extensions>
   </trkpt>
   <trkpt lat="46.9538078" lon="15.8836647">
    <ele>293</ele>
    <time>2026-07-09T10:13:07Z</time>
    <extensions>
     <gpxdata:distance>10659.00</gpxdata:distance>
     <gpxdata:speed>2.356</gpxdata:speed>
    </extensions>
   </trkpt>
   <trkpt lat="46.9537882" lon="15.8836512">
    <ele>293</ele>
    <time>2026-07-09T10:13:08Z</time>
    <extensions>
     <gpxdata:distance>10661.50</gpxdata:distance>
     <gpxdata:speed>2.444</gpxdata:speed>
    </extensions>
   </trkpt>
   <trkpt lat="46.9537689" lon="15.8836319">
    <ele>293</ele>
    <time>2026-07-09T10:13:09Z</time>
    <extensions>
     <gpxdata:distance>10664.00</gpxdata:distance>
     <gpxdata:speed>2.719</gpxdata:speed>
    </extensions>
   </trkpt>
   <trkpt lat="46.9537505" lon="15.8836063">
    <ele>293</ele>
    <time>2026-07-09T10:13:10Z</time>
    <extensions>
     <gpxdata:distance>10667.00</gpxdata:distance>
     <gpxdata:speed>2.800</gpxdata:speed>
    </extensions>
   </trkpt>
   <trkpt lat="46.9537259" lon="15.8835501">
    <ele>293</ele>
    <time>2026-07-09T10:13:11Z</time>
    <extensions>
     <gpxdata:distance>10670.00</gpxdata:distance>
     <gpxdata:speed>3.078</gpxdata:speed>
    </extensions>
   </trkpt>
   <trkpt lat="46.9537141" lon="15.8834985">
    <ele>293</ele>
    <time>2026-07-09T10:13:12Z</time>
    <extensions>
     <gpxdata:distance>10674.00</gpxdata:distance>
     <gpxdata:speed>3.536</gpxdata:speed>
    </extensions>
   </trkpt>
   <trkpt lat="46.9537080" lon="15.8834421">
    <ele>294</ele>
    <time>2026-07-09T10:13:13Z</time>
    <extensions>
     <gpxdata:distance>10678.00</gpxdata:distance>
     <gpxdata:speed>4.008</gpxdata:speed>
    </extensions>
   </trkpt>
   <trkpt lat="46.9537040" lon="15.8833810">
    <ele>294</ele>
    <time>2026-07-09T10:13:14Z</time>
    <extensions>
     <gpxdata:distance>10683.00</gpxdata:distance>
     <gpxdata:speed>4.375</gpxdata:speed>
    </extensions>
   </trkpt>
   <trkpt lat="46.9537015" lon="15.8833170">
    <ele>294</ele>
    <time>2026-07-09T10:13:15Z</time>
    <extensions>
     <gpxdata:distance>10688.00</gpxdata:distance>
     <gpxdata:speed>4.658</gpxdata:speed>
    </extensions>
   </trkpt>
   <trkpt lat="46.9536993" lon="15.8832505">
    <ele>294</ele>
    <time>2026-07-09T10:13:16Z</time>
    <extensions>
     <gpxdata:distance>10693.00</gpxdata:distance>
     <gpxdata:speed>4.828</gpxdata:speed>
    </extensions>
   </trkpt>
   <trkpt lat="46.9536969" lon="15.8831822">
    <ele>294</ele>
    <time>2026-07-09T10:13:17Z</time>
    <extensions>
     <gpxdata:distance>10698.00</gpxdata:distance>
     <gpxdata:speed>5.028</gpxdata:speed>
    </extensions>
   </trkpt>
   <trkpt lat="46.9536949" lon="15.8831131">
    <ele>294</ele>
    <time>2026-07-09T10:13:18Z</time>
    <extensions>
     <gpxdata:distance>10703.50</gpxdata:distance>
     <gpxdata:speed>5.161</gpxdata:speed>
    </extensions>
   </trkpt>
   <trkpt lat="46.9536921" lon="15.8830425">
    <ele>294</ele>
    <time>2026-07-09T10:13:19Z</time>
    <extensions>
     <gpxdata:distance>10709.00</gpxdata:distance>
     <gpxdata:speed>5.219</gpxdata:speed>
    </extensions>
   </trkpt>
   <trkpt lat="46.9536894" lon="15.8829710">
    <ele>294</ele>
    <time>2026-07-09T10:13:20Z</time>
    <extensions>
     <gpxdata:distance>10714.50</gpxdata:distance>
     <gpxdata:speed>5.367</gpxdata:speed>
    </extensions>
   </trkpt>
   <trkpt lat="46.9536873" lon="15.8828988">
    <ele>294</ele>
    <time>2026-07-09T10:13:21Z</time>
    <extensions>
     <gpxdata:distance>10720.00</gpxdata:distance>
     <gpxdata:speed>5.436</gpxdata:speed>
    </extensions>
   </trkpt>
   <trkpt lat="46.9536856" lon="15.8828258">
    <ele>294</ele>
    <time>2026-07-09T10:13:22Z</time>
    <extensions>
     <gpxdata:distance>10725.50</gpxdata:distance>
     <gpxdata:speed>5.489</gpxdata:speed>
    </extensions>
   </trkpt>
   <trkpt lat="46.9536839" lon="15.8827513">
    <ele>294</ele>
    <time>2026-07-09T10:13:23Z</time>
    <extensions>
     <gpxdata:distance>10731.00</gpxdata:distance>
     <gpxdata:speed>5.533</gpxdata:speed>
    </extensions>
   </trkpt>
   <trkpt lat="46.9536822" lon="15.8826750">
    <ele>294</ele>
    <time>2026-07-09T10:13:24Z</time>
    <extensions>
     <gpxdata:distance>10737.00</gpxdata:distance>
     <gpxdata:speed>5.667</gpxdata:speed>
    </extensions>
   </trkpt>
   <trkpt lat="46.9536800" lon="15.8825975">
    <ele>294</ele>
    <time>2026-07-09T10:13:25Z</time>
    <extensions>
     <gpxdata:distance>10743.00</gpxdata:distance>
     <gpxdata:speed>5.806</gpxdata:speed>
    </extensions>
   </trkpt>
   <trkpt lat="46.9536775" lon="15.8825186">
    <ele>294</ele>
    <time>2026-07-09T10:13:26Z</time>
    <extensions>
     <gpxdata:distance>10749.00</gpxdata:distance>
     <gpxdata:speed>5.872</gpxdata:speed>
    </extensions>
   </trkpt>
   <trkpt lat="46.9536746" lon="15.8824382">
    <ele>294</ele>
    <time>2026-07-09T10:13:27Z</time>
    <extensions>
     <gpxdata:distance>10755.00</gpxdata:distance>
     <gpxdata:speed>5.992</gpxdata:speed>
    </extensions>
   </trkpt>
   <trkpt lat="46.9536700" lon="15.8823302">
    <ele>294</ele>
    <time>2026-07-09T10:13:28Z</time>
    <extensions>
     <gpxdata:distance>10761.00</gpxdata:distance>
     <gpxdata:speed>6.108</gpxdata:speed>
    </extensions>
   </trkpt>
   <trkpt lat="46.9536659" lon="15.8822457">
    <ele>294</ele>
    <time>2026-07-09T10:13:29Z</time>
    <extensions>
     <gpxdata:distance>10767.00</gpxdata:distance>
     <gpxdata:speed>6.150</gpxdata:speed>
    </extensions>
   </trkpt>
   <trkpt lat="46.9536635" lon="15.8821634">
    <ele>294</ele>
    <time>2026-07-09T10:13:30Z</time>
    <extensions>
     <gpxdata:distance>10773.00</gpxdata:distance>
     <gpxdata:speed>6.156</gpxdata:speed>
    </extensions>
   </trkpt>
   <trkpt lat="46.9536633" lon="15.8820819">
    <ele>294</ele>
    <time>2026-07-09T10:13:31Z</time>
    <extensions>
     <gpxdata:distance>10779.00</gpxdata:distance>
     <gpxdata:speed>6.214</gpxdata:speed>
    </extensions>
   </trkpt>
   <trkpt lat="46.9536652" lon="15.8820003">
    <ele>294</ele>
    <time>2026-07-09T10:13:32Z</time>
    <extensions>
     <gpxdata:distance>10785.50</gpxdata:distance>
     <gpxdata:speed>6.183</gpxdata:speed>
    </extensions>
   </trkpt>
   <trkpt lat="46.9536665" lon="15.8819191">
    <ele>294</ele>
    <time>2026-07-09T10:13:33Z</time>
    <extensions>
     <gpxdata:distance>10792.00</gpxdata:distance>
     <gpxdata:speed>6.206</gpxdata:speed>
    </extensions>
   </trkpt>
   <trkpt lat="46.9536648" lon="15.8818391">
    <ele>294</ele>
    <time>2026-07-09T10:13:34Z</time>
    <extensions>
     <gpxdata:distance>10798.00</gpxdata:distance>
     <gpxdata:speed>6.181</gpxdata:speed>
    </extensions>
   </trkpt>
   <trkpt lat="46.9536589" lon="15.8817604">
    <ele>294</ele>
    <time>2026-07-09T10:13:35Z</time>
    <extensions>
     <gpxdata:distance>10804.00</gpxdata:distance>
     <gpxdata:speed>6.133</gpxdata:speed>
    </extensions>
   </trkpt>
   <trkpt lat="46.9536471" lon="15.8816846">
    <ele>294</ele>
    <time>2026-07-09T10:13:36Z</time>
    <extensions>
     <gpxdata:distance>10810.00</gpxdata:distance>
     <gpxdata:speed>6.092</gpxdata:speed>
    </extensions>
   </trkpt>
   <trkpt lat="46.9536376" lon="15.8816083">
    <ele>294</ele>
    <time>2026-07-09T10:13:37Z</time>
    <extensions>
     <gpxdata:distance>10816.00</gpxdata:distance>
     <gpxdata:speed>6.039</gpxdata:speed>
    </extensions>
   </trkpt>
   <trkpt lat="46.9536354" lon="15.8815310">
    <ele>294</ele>
    <time>2026-07-09T10:13:38Z</time>
    <extensions>
     <gpxdata:distance>10822.00</gpxdata:distance>
     <gpxdata:speed>6.006</gpxdata:speed>
    </extensions>
   </trkpt>
   <trkpt lat="46.9536392" lon="15.8814789">
    <ele>294</ele>
    <time>2026-07-09T10:13:39Z</time>
    <extensions>
     <gpxdata:distance>10828.00</gpxdata:distance>
     <gpxdata:speed>5.992</gpxdata:speed>
    </extensions>
   </trkpt>
   <trkpt lat="46.9536470" lon="15.8814136">
    <ele>294</ele>
    <time>2026-07-09T10:13:40Z</time>
    <extensions>
     <gpxdata:distance>10833.00</gpxdata:distance>
     <gpxdata:speed>5.814</gpxdata:speed>
    </extensions>
   </trkpt>
   <trkpt lat="46.9536570" lon="15.8813430">
    <ele>294</ele>
    <time>2026-07-09T10:13:41Z</time>
    <extensions>
     <gpxdata:distance>10838.00</gpxdata:distance>
     <gpxdata:speed>5.711</gpxdata:speed>
    </extensions>
   </trkpt>
   <trkpt lat="46.9536671" lon="15.8812693">
    <ele>294</ele>
    <time>2026-07-09T10:13:42Z</time>
    <extensions>
     <gpxdata:distance>10844.00</gpxdata:distance>
     <gpxdata:speed>5.697</gpxdata:speed>
    </extensions>
   </trkpt>
   <trkpt lat="46.9536760" lon="15.8811956">
    <ele>294</ele>
    <time>2026-07-09T10:13:43Z</time>
    <extensions>
     <gpxdata:distance>10850.00</gpxdata:distance>
     <gpxdata:speed>5.731</gpxdata:speed>
    </extensions>
   </trkpt>
   <trkpt lat="46.9536847" lon="15.8811236">
    <ele>294</ele>
    <time>2026-07-09T10:13:44Z</time>
    <extensions>
     <gpxdata:distance>10855.50</gpxdata:distance>
     <gpxdata:speed>5.697</gpxdata:speed>
    </extensions>
   </trkpt>
   <trkpt lat="46.9536944" lon="15.8810535">
    <ele>294</ele>
    <time>2026-07-09T10:13:45Z</time>
    <extensions>
     <gpxdata:distance>10861.00</gpxdata:distance>
     <gpxdata:speed>5.617</gpxdata:speed>
    </extensions>
   </trkpt>
   <trkpt lat="46.9537043" lon="15.8809838">
    <ele>294</ele>
    <time>2026-07-09T10:13:46Z</time>
    <extensions>
     <gpxdata:distance>10866.50</gpxdata:distance>
     <gpxdata:speed>5.497</gpxdata:speed>
    </extensions>
   </trkpt>
   <trkpt lat="46.9537106" lon="15.8809142">
    <ele>294</ele>
    <time>2026-07-09T10:13:47Z</time>
    <extensions>
     <gpxdata:distance>10872.00</gpxdata:distance>
     <gpxdata:speed>5.442</gpxdata:speed>
    </extensions>
   </trkpt>
   <trkpt lat="46.9537102" lon="15.8808442">
    <ele>294</ele>
    <time>2026-07-09T10:13:48Z</time>
    <extensions>
     <gpxdata:distance>10877.00</gpxdata:distance>
     <gpxdata:speed>5.375</gpxdata:speed>
    </extensions>
   </trkpt>
   <trkpt lat="46.9537044" lon="15.8807734">
    <ele>294</ele>
    <time>2026-07-09T10:13:49Z</time>
    <extensions>
     <gpxdata:distance>10882.00</gpxdata:distance>
     <gpxdata:speed>5.414</gpxdata:speed>
    </extensions>
   </trkpt>
   <trkpt lat="46.9536959" lon="15.8807019">
    <ele>294</ele>
    <time>2026-07-09T10:13:50Z</time>
    <extensions>
     <gpxdata:distance>10887.50</gpxdata:distance>
     <gpxdata:speed>5.472</gpxdata:speed>
    </extensions>
   </trkpt>
   <trkpt lat="46.9536866" lon="15.8806303">
    <ele>294</ele>
    <time>2026-07-09T10:13:51Z</time>
    <extensions>
     <gpxdata:distance>10893.00</gpxdata:distance>
     <gpxdata:speed>5.514</gpxdata:speed>
    </extensions>
   </trkpt>
   <trkpt lat="46.9536766" lon="15.8805584">
    <ele>294</ele>
    <time>2026-07-09T10:13:52Z</time>
    <extensions>
     <gpxdata:distance>10899.00</gpxdata:distance>
     <gpxdata:speed>5.517</gpxdata:speed>
    </extensions>
   </trkpt>
   <trkpt lat="46.9536667" lon="15.8804858">
    <ele>294</ele>
    <time>2026-07-09T10:13:53Z</time>
    <extensions>
     <gpxdata:distance>10905.00</gpxdata:distance>
     <gpxdata:speed>5.536</gpxdata:speed>
    </extensions>
   </trkpt>
   <trkpt lat="46.9536573" lon="15.8804127">
    <ele>294</ele>
    <time>2026-07-09T10:13:54Z</time>
    <extensions>
     <gpxdata:distance>10910.50</gpxdata:distance>
     <gpxdata:speed>5.572</gpxdata:speed>
    </extensions>
   </trkpt>
   <trkpt lat="46.9536487" lon="15.8803389">
    <ele>294</ele>
    <time>2026-07-09T10:13:55Z</time>
    <extensions>
     <gpxdata:distance>10916.00</gpxdata:distance>
     <gpxdata:speed>5.606</gpxdata:speed>
    </extensions>
   </trkpt>
   <trkpt lat="46.9536400" lon="15.8802636">
    <ele>294</ele>
    <time>2026-07-09T10:13:56Z</time>
    <extensions>
     <gpxdata:distance>10922.00</gpxdata:distance>
     <gpxdata:speed>5.647</gpxdata:speed>
    </extensions>
   </trkpt>
   <trkpt lat="46.9536312" lon="15.8801865">
    <ele>294</ele>
    <time>2026-07-09T10:13:57Z</time>
    <extensions>
     <gpxdata:distance>10928.00</gpxdata:distance>
     <gpxdata:speed>5.728</gpxdata:speed>
    </extensions>
   </trkpt>
   <trkpt lat="46.9536222" lon="15.8801079">
    <ele>294</ele>
    <time>2026-07-09T10:13:58Z</time>
    <extensions>
     <gpxdata:distance>10934.00</gpxdata:distance>
     <gpxdata:speed>5.828</gpxdata:speed>
    </extensions>
   </trkpt>
   <trkpt lat="46.9536128" lon="15.8800282">
    <ele>294</ele>
    <time>2026-07-09T10:13:59Z</time>
    <extensions>
     <gpxdata:distance>10940.00</gpxdata:distance>
     <gpxdata:speed>5.933</gpxdata:speed>
    </extensions>
   </trkpt>
   <trkpt lat="46.9535993" lon="15.8799203">
    <ele>294</ele>
    <time>2026-07-09T10:14:00Z</time>
    <extensions>
     <gpxdata:distance>10946.00</gpxdata:distance>
     <gpxdata:speed>6.039</gpxdata:speed>
    </extensions>
   </trkpt>
   <trkpt lat="46.9535880" lon="15.8798338">
    <ele>294</ele>
    <time>2026-07-09T10:14:01Z</time>
    <extensions>
     <gpxdata:distance>10952.00</gpxdata:distance>
     <gpxdata:speed>6.156</gpxdata:speed>
    </extensions>
   </trkpt>
   <trkpt lat="46.9535777" lon="15.8797519">
    <ele>294</ele>
    <time>2026-07-09T10:14:02Z</time>
    <extensions>
     <gpxdata:distance>10958.50</gpxdata:distance>
     <gpxdata:speed>6.272</gpxdata:speed>
    </extensions>
   </trkpt>
   <trkpt lat="46.9535672" lon="15.8796728">
    <ele>294</ele>
    <time>2026-07-09T10:14:03Z</time>
    <extensions>
     <gpxdata:distance>10965.00</gpxdata:distance>
     <gpxdata:speed>6.261</gpxdata:speed>
    </extensions>
   </trkpt>
   <trkpt lat="46.9535560" lon="15.8795958">
    <ele>294</ele>
    <time>2026-07-09T10:14:04Z</time>
    <extensions>
     <gpxdata:distance>10971.00</gpxdata:distance>
     <gpxdata:speed>6.200</gpxdata:speed>
    </extensions>
   </trkpt>
   <trkpt lat="46.9535436" lon="15.8795203">
    <ele>295</ele>
    <time>2026-07-09T10:14:05Z</time>
    <extensions>
     <gpxdata:distance>10977.00</gpxdata:distance>
     <gpxdata:speed>6.125</gpxdata:speed>
    </extensions>
   </trkpt>
   <trkpt lat="46.9535316" lon="15.8794450">
    <ele>295</ele>
    <time>2026-07-09T10:14:06Z</time>
    <extensions>
     <gpxdata:distance>10983.00</gpxdata:distance>
     <gpxdata:speed>6.056</gpxdata:speed>
    </extensions>
   </trkpt>
   <trkpt lat="46.9535203" lon="15.8793693">
    <ele>295</ele>
    <time>2026-07-09T10:14:07Z</time>
    <extensions>
     <gpxdata:distance>10989.00</gpxdata:distance>
     <gpxdata:speed>6.003</gpxdata:speed>
    </extensions>
   </trkpt>
   <trkpt lat="46.9535123" lon="15.8793150">
    <ele>295</ele>
    <time>2026-07-09T10:14:08Z</time>
    <extensions>
     <gpxdata:distance>10994.50</gpxdata:distance>
     <gpxdata:speed>5.969</gpxdata:speed>
    </extensions>
   </trkpt>
   <trkpt lat="46.9535022" lon="15.8792470">
    <ele>295</ele>
    <time>2026-07-09T10:14:09Z</time>
    <extensions>
     <gpxdata:distance>11000.00</gpxdata:distance>
     <gpxdata:speed>5.919</gpxdata:speed>
    </extensions>
   </trkpt>
   <trkpt lat="46.9534921" lon="15.8791768">
    <ele>295</ele>
    <time>2026-07-09T10:14:10Z</time>
    <extensions>
     <gpxdata:distance>11005.50</gpxdata:distance>
     <gpxdata:speed>5.844</gpxdata:speed>
    </extensions>
   </trkpt>
   <trkpt lat="46.9534821" lon="15.8791079">
    <ele>295</ele>
    <time>2026-07-09T10:14:11Z</time>
    <extensions>
     <gpxdata:distance>11011.00</gpxdata:distance>
     <gpxdata:speed>5.714</gpxdata:speed>
    </extensions>
   </trkpt>
   <trkpt lat="46.9534719" lon="15.8790398">
    <ele>295</ele>
    <time>2026-07-09T10:14:12Z</time>
    <extensions>
     <gpxdata:distance>11016.50</gpxdata:distance>
     <gpxdata:speed>5.569</gpxdata:speed>
    </extensions>
   </trkpt>
   <trkpt lat="46.9534612" lon="15.8789712">
    <ele>295</ele>
    <time>2026-07-09T10:14:13Z</time>
    <extensions>
     <gpxdata:distance>11022.00</gpxdata:distance>
     <gpxdata:speed>5.464</gpxdata:speed>
    </extensions>
   </trkpt>
   <trkpt lat="46.9534501" lon="15.8789015">
    <ele>295</ele>
    <time>2026-07-09T10:14:14Z</time>
    <extensions>
     <gpxdata:distance>11027.50</gpxdata:distance>
     <gpxdata:speed>5.431</gpxdata:speed>
    </extensions>
   </trkpt>
   <trkpt lat="46.9534383" lon="15.8788307">
    <ele>295</ele>
    <time>2026-07-09T10:14:15Z</time>
    <extensions>
     <gpxdata:distance>11033.00</gpxdata:distance>
     <gpxdata:speed>5.450</gpxdata:speed>
    </extensions>
   </trkpt>
   <trkpt lat="46.9534256" lon="15.8787596">
    <ele>295</ele>
    <time>2026-07-09T10:14:16Z</time>
    <extensions>
     <gpxdata:distance>11038.50</gpxdata:distance>
     <gpxdata:speed>5.492</gpxdata:speed>
    </extensions>
   </trkpt>
   <trkpt lat="46.9534123" lon="15.8786897">
    <ele>295</ele>
    <time>2026-07-09T10:14:17Z</time>
    <extensions>
     <gpxdata:distance>11044.00</gpxdata:distance>
     <gpxdata:speed>5.525</gpxdata:speed>
    </extensions>
   </trkpt>
   <trkpt lat="46.9533989" lon="15.8786225">
    <ele>295</ele>
    <time>2026-07-09T10:14:18Z</time>
    <extensions>
     <gpxdata:distance>11049.50</gpxdata:distance>
     <gpxdata:speed>5.503</gpxdata:speed>
    </extensions>
   </trkpt>
   <trkpt lat="46.9533860" lon="15.8785598">
    <ele>295</ele>
    <time>2026-07-09T10:14:19Z</time>
    <extensions>
     <gpxdata:distance>11055.00</gpxdata:distance>
     <gpxdata:speed>5.400</gpxdata:speed>
    </extensions>
   </trkpt>
   <trkpt lat="46.9533750" lon="15.8785044">
    <ele>295</ele>
    <time>2026-07-09T10:14:20Z</time>
    <extensions>
     <gpxdata:distance>11059.00</gpxdata:distance>
     <gpxdata:speed>4.950</gpxdata:speed>
    </extensions>
   </trkpt>
   <trkpt lat="46.9533665" lon="15.8784597">
    <ele>295</ele>
    <time>2026-07-09T10:14:21Z</time>
    <extensions>
     <gpxdata:distance>11063.00</gpxdata:distance>
     <gpxdata:speed>4.303</gpxdata:speed>
    </extensions>
   </trkpt>
   <trkpt lat="46.9533607" lon="15.8784240">
    <ele>295</ele>
    <time>2026-07-09T10:14:22Z</time>
    <extensions>
     <gpxdata:distance>11065.00</gpxdata:distance>
     <gpxdata:speed>3.414</gpxdata:speed>
    </extensions>
   </trkpt>
   <trkpt lat="46.9533590" lon="15.8784055">
    <ele>295</ele>
    <time>2026-07-09T10:14:23Z</time>
    <extensions>
     <gpxdata:distance>11067.00</gpxdata:distance>
     <gpxdata:speed>2.761</gpxdata:speed>
    </extensions>
   </trkpt>
   <trkpt lat="46.9533581" lon="15.8783778">
    <ele>295</ele>
    <time>2026-07-09T10:14:24Z</time>
    <extensions>
     <gpxdata:distance>11070.00</gpxdata:distance>
     <gpxdata:speed>2.633</gpxdata:speed>
    </extensions>
   </trkpt>
   <trkpt lat="46.9533582" lon="15.8783421">
    <ele>295</ele>
    <time>2026-07-09T10:14:25Z</time>
    <extensions>
     <gpxdata:distance>11073.00</gpxdata:distance>
     <gpxdata:speed>2.875</gpxdata:speed>
    </extensions>
   </trkpt>
   <trkpt lat="46.9533607" lon="15.8782726">
    <ele>295</ele>
    <time>2026-07-09T10:14:26Z</time>
    <extensions>
     <gpxdata:distance>11077.00</gpxdata:distance>
     <gpxdata:speed>3.261</gpxdata:speed>
    </extensions>
   </trkpt>
   <trkpt lat="46.9533657" lon="15.8782168">
    <ele>295</ele>
    <time>2026-07-09T10:14:27Z</time>
    <extensions>
     <gpxdata:distance>11081.00</gpxdata:distance>
     <gpxdata:speed>3.625</gpxdata:speed>
    </extensions>
   </trkpt>
   <trkpt lat="46.9533750" lon="15.8781622">
    <ele>295</ele>
    <time>2026-07-09T10:14:28Z</time>
    <extensions>
     <gpxdata:distance>11085.50</gpxdata:distance>
     <gpxdata:speed>3.808</gpxdata:speed>
    </extensions>
   </trkpt>
   <trkpt lat="46.9533875" lon="15.8781061">
    <ele>295</ele>
    <time>2026-07-09T10:14:29Z</time>
    <extensions>
     <gpxdata:distance>11090.00</gpxdata:distance>
     <gpxdata:speed>3.989</gpxdata:speed>
    </extensions>
   </trkpt>
   <trkpt lat="46.9534008" lon="15.8780474">
    <ele>295</ele>
    <time>2026-07-09T10:14:30Z</time>
    <extensions>
     <gpxdata:distance>11094.50</gpxdata:distance>
     <gpxdata:speed>4.189</gpxdata:speed>
    </extensions>
   </trkpt>
   <trkpt lat="46.9534137" lon="15.8779846">
    <ele>295</ele>
    <time>2026-07-09T10:14:31Z</time>
    <extensions>
     <gpxdata:distance>11099.00</gpxdata:distance>
     <gpxdata:speed>4.647</gpxdata:speed>
    </extensions>
   </trkpt>
   <trkpt lat="46.9534259" lon="15.8779168">
    <ele>295</ele>
    <time>2026-07-09T10:14:32Z</time>
    <extensions>
     <gpxdata:distance>11104.50</gpxdata:distance>
     <gpxdata:speed>4.967</gpxdata:speed>
    </extensions>
   </trkpt>
   <trkpt lat="46.9534370" lon="15.8778446">
    <ele>295</ele>
    <time>2026-07-09T10:14:33Z</time>
    <extensions>
     <gpxdata:distance>11110.00</gpxdata:distance>
     <gpxdata:speed>5.331</gpxdata:speed>
    </extensions>
   </trkpt>
   <trkpt lat="46.9534470" lon="15.8777704">
    <ele>295</ele>
    <time>2026-07-09T10:14:34Z</time>
    <extensions>
     <gpxdata:distance>11116.00</gpxdata:distance>
     <gpxdata:speed>5.628</gpxdata:speed>
    </extensions>
   </trkpt>
   <trkpt lat="46.9534568" lon="15.8776971">
    <ele>295</ele>
    <time>2026-07-09T10:14:35Z</time>
    <extensions>
     <gpxdata:distance>11122.00</gpxdata:distance>
     <gpxdata:speed>5.694</gpxdata:speed>
    </extensions>
   </trkpt>
   <trkpt lat="46.9534670" lon="15.8776263">
    <ele>295</ele>
    <time>2026-07-09T10:14:36Z</time>
    <extensions>
     <gpxdata:distance>11127.50</gpxdata:distance>
     <gpxdata:speed>5.589</gpxdata:speed>
    </extensions>
   </trkpt>
   <trkpt lat="46.9534770" lon="15.8775584">
    <ele>295</ele>
    <time>2026-07-09T10:14:37Z</time>
    <extensions>
     <gpxdata:distance>11133.00</gpxdata:distance>
     <gpxdata:speed>5.422</gpxdata:speed>
    </extensions>
   </trkpt>
   <trkpt lat="46.9534857" lon="15.8774930">
    <ele>295</ele>
    <time>2026-07-09T10:14:38Z</time>
    <extensions>
     <gpxdata:distance>11137.50</gpxdata:distance>
     <gpxdata:speed>5.336</gpxdata:speed>
    </extensions>
   </trkpt>
   <trkpt lat="46.9534937" lon="15.8774290">
    <ele>295</ele>
    <time>2026-07-09T10:14:39Z</time>
    <extensions>
     <gpxdata:distance>11142.00</gpxdata:distance>
     <gpxdata:speed>5.208</gpxdata:speed>
    </extensions>
   </trkpt>
   <trkpt lat="46.9535022" lon="15.8773644">
    <ele>295</ele>
    <time>2026-07-09T10:14:40Z</time>
    <extensions>
     <gpxdata:distance>11147.00</gpxdata:distance>
     <gpxdata:speed>5.108</gpxdata:speed>
    </extensions>
   </trkpt>
   <trkpt lat="46.9535103" lon="15.8772981">
    <ele>295</ele>
    <time>2026-07-09T10:14:41Z</time>
    <extensions>
     <gpxdata:distance>11152.00</gpxdata:distance>
     <gpxdata:speed>5.094</gpxdata:speed>
    </extensions>
   </trkpt>
   <trkpt lat="46.9535175" lon="15.8772302">
    <ele>295</ele>
    <time>2026-07-09T10:14:42Z</time>
    <extensions>
     <gpxdata:distance>11157.50</gpxdata:distance>
     <gpxdata:speed>5.128</gpxdata:speed>
    </extensions>
   </trkpt>
   <trkpt lat="46.9535244" lon="15.8771608">
    <ele>295</ele>
    <time>2026-07-09T10:14:43Z</time>
    <extensions>
     <gpxdata:distance>11163.00</gpxdata:distance>
     <gpxdata:speed>5.172</gpxdata:speed>
    </extensions>
   </trkpt>
   <trkpt lat="46.9535328" lon="15.8770898">
    <ele>295</ele>
    <time>2026-07-09T10:14:44Z</time>
    <extensions>
     <gpxdata:distance>11168.50</gpxdata:distance>
     <gpxdata:speed>5.236</gpxdata:speed>
    </extensions>
   </trkpt>
   <trkpt lat="46.9535429" lon="15.8770173">
    <ele>295</ele>
    <time>2026-07-09T10:14:45Z</time>
    <extensions>
     <gpxdata:distance>11174.00</gpxdata:distance>
     <gpxdata:speed>5.339</gpxdata:speed>
    </extensions>
   </trkpt>
   <trkpt lat="46.9535544" lon="15.8769437">
    <ele>295</ele>
    <time>2026-07-09T10:14:46Z</time>
    <extensions>
     <gpxdata:distance>11180.00</gpxdata:distance>
     <gpxdata:speed>5.458</gpxdata:speed>
    </extensions>
   </trkpt>
   <trkpt lat="46.9535669" lon="15.8768694">
    <ele>295</ele>
    <time>2026-07-09T10:14:47Z</time>
    <extensions>
     <gpxdata:distance>11186.00</gpxdata:distance>
     <gpxdata:speed>5.569</gpxdata:speed>
    </extensions>
   </trkpt>
   <trkpt lat="46.9535805" lon="15.8767940">
    <ele>295</ele>
    <time>2026-07-09T10:14:48Z</time>
    <extensions>
     <gpxdata:distance>11192.00</gpxdata:distance>
     <gpxdata:speed>5.672</gpxdata:speed>
    </extensions>
   </trkpt>
   <trkpt lat="46.9535945" lon="15.8767179">
    <ele>295</ele>
    <time>2026-07-09T10:14:49Z</time>
    <extensions>
     <gpxdata:distance>11198.00</gpxdata:distance>
     <gpxdata:speed>5.900</gpxdata:speed>
    </extensions>
   </trkpt>
   <trkpt lat="46.9536078" lon="15.8766415">
    <ele>295</ele>
    <time>2026-07-09T10:14:50Z</time>
    <extensions>
     <gpxdata:distance>11204.00</gpxdata:distance>
     <gpxdata:speed>5.964</gpxdata:speed>
    </extensions>
   </trkpt>
   <trkpt lat="46.9536198" lon="15.8765647">
    <ele>295</ele>
    <time>2026-07-09T10:14:51Z</time>
    <extensions>
     <gpxdata:distance>11210.00</gpxdata:distance>
     <gpxdata:speed>5.975</gpxdata:speed>
    </extensions>
   </trkpt>
   <trkpt lat="46.9536308" lon="15.8764877">
    <ele>295</ele>
    <time>2026-07-09T10:14:52Z</time>
    <extensions>
     <gpxdata:distance>11216.00</gpxdata:distance>
     <gpxdata:speed>5.972</gpxdata:speed>
    </extensions>
   </trkpt>
   <trkpt lat="46.9536411" lon="15.8764103">
    <ele>295</ele>
    <time>2026-07-09T10:14:53Z</time>
    <extensions>
     <gpxdata:distance>11222.00</gpxdata:distance>
     <gpxdata:speed>5.975</gpxdata:speed>
    </extensions>
   </trkpt>
   <trkpt lat="46.9536509" lon="15.8763323">
    <ele>295</ele>
    <time>2026-07-09T10:14:54Z</time>
    <extensions>
     <gpxdata:distance>11228.00</gpxdata:distance>
     <gpxdata:speed>5.994</gpxdata:speed>
    </extensions>
   </trkpt>
   <trkpt lat="46.9536634" lon="15.8762280">
    <ele>295</ele>
    <time>2026-07-09T10:14:55Z</time>
    <extensions>
     <gpxdata:distance>11234.00</gpxdata:distance>
     <gpxdata:speed>6.028</gpxdata:speed>
    </extensions>
   </trkpt>
   <trkpt lat="46.9536725" lon="15.8761463">
    <ele>295</ele>
    <time>2026-07-09T10:14:56Z</time>
    <extensions>
     <gpxdata:distance>11240.00</gpxdata:distance>
     <gpxdata:speed>6.033</gpxdata:speed>
    </extensions>
   </trkpt>
   <trkpt lat="46.9536805" lon="15.8760668">
    <ele>295</ele>
    <time>2026-07-09T10:14:57Z</time>
    <extensions>
     <gpxdata:distance>11246.00</gpxdata:distance>
     <gpxdata:speed>6.036</gpxdata:speed>
    </extensions>
   </trkpt>
   <trkpt lat="46.9536870" lon="15.8759872">
    <ele>295</ele>
    <time>2026-07-09T10:14:58Z</time>
    <extensions>
     <gpxdata:distance>11252.00</gpxdata:distance>
     <gpxdata:speed>6.056</gpxdata:speed>
    </extensions>
   </trkpt>
   <trkpt lat="46.9536915" lon="15.8759081">
    <ele>295</ele>
    <time>2026-07-09T10:14:59Z</time>
    <extensions>
     <gpxdata:distance>11258.00</gpxdata:distance>
     <gpxdata:speed>6.067</gpxdata:speed>
    </extensions>
   </trkpt>
   <trkpt lat="46.9536933" lon="15.8758293">
    <ele>295</ele>
    <time>2026-07-09T10:15:00Z</time>
    <extensions>
     <gpxdata:distance>11264.00</gpxdata:distance>
     <gpxdata:speed>6.050</gpxdata:speed>
    </extensions>
   </trkpt>
   <trkpt lat="46.9536935" lon="15.8757500">
    <ele>295</ele>
    <time>2026-07-09T10:15:01Z</time>
    <extensions>
     <gpxdata:distance>11270.00</gpxdata:distance>
     <gpxdata:speed>6.031</gpxdata:speed>
    </extensions>
   </trkpt>
   <trkpt lat="46.9536922" lon="15.8756717">
    <ele>295</ele>
    <time>2026-07-09T10:15:02Z</time>
    <extensions>
     <gpxdata:distance>11276.00</gpxdata:distance>
     <gpxdata:speed>6.036</gpxdata:speed>
    </extensions>
   </trkpt>
   <trkpt lat="46.9536902" lon="15.8756150">
    <ele>295</ele>
    <time>2026-07-09T10:15:03Z</time>
    <extensions>
     <gpxdata:distance>11282.00</gpxdata:distance>
     <gpxdata:speed>6.000</gpxdata:speed>
    </extensions>
   </trkpt>
   <trkpt lat="46.9536869" lon="15.8755433">
    <ele>295</ele>
    <time>2026-07-09T10:15:04Z</time>
    <extensions>
     <gpxdata:distance>11288.00</gpxdata:distance>
     <gpxdata:speed>5.989</gpxdata:speed>
    </extensions>
   </trkpt>
   <trkpt lat="46.9536828" lon="15.8754680">
    <ele>295</ele>
    <time>2026-07-09T10:15:05Z</time>
    <extensions>
     <gpxdata:distance>11294.00</gpxdata:distance>
     <gpxdata:speed>5.961</gpxdata:speed>
    </extensions>
   </trkpt>
   <trkpt lat="46.9536780" lon="15.8753921">
    <ele>295</ele>
    <time>2026-07-09T10:15:06Z</time>
    <extensions>
     <gpxdata:distance>11299.50</gpxdata:distance>
     <gpxdata:speed>5.917</gpxdata:speed>
    </extensions>
   </trkpt>
   <trkpt lat="46.9536722" lon="15.8753178">
    <ele>295</ele>
    <time>2026-07-09T10:15:07Z</time>
    <extensions>
     <gpxdata:distance>11305.00</gpxdata:distance>
     <gpxdata:speed>5.878</gpxdata:speed>
    </extensions>
   </trkpt>
   <trkpt lat="46.9536652" lon="15.8752467">
    <ele>296</ele>
    <time>2026-07-09T10:15:08Z</time>
    <extensions>
     <gpxdata:distance>11310.50</gpxdata:distance>
     <gpxdata:speed>5.792</gpxdata:speed>
    </extensions>
   </trkpt>
   <trkpt lat="46.9536571" lon="15.8751791">
    <ele>296</ele>
    <time>2026-07-09T10:15:09Z</time>
    <extensions>
     <gpxdata:distance>11316.00</gpxdata:distance>
     <gpxdata:speed>5.642</gpxdata:speed>
    </extensions>
   </trkpt>
   <trkpt lat="46.9536480" lon="15.8751142">
    <ele>296</ele>
    <time>2026-07-09T10:15:10Z</time>
    <extensions>
     <gpxdata:distance>11321.00</gpxdata:distance>
     <gpxdata:speed>5.461</gpxdata:speed>
    </extensions>
   </trkpt>
   <trkpt lat="46.9536382" lon="15.8750518">
    <ele>296</ele>
    <time>2026-07-09T10:15:11Z</time>
    <extensions>
     <gpxdata:distance>11326.00</gpxdata:distance>
     <gpxdata:speed>5.292</gpxdata:speed>
    </extensions>
   </trkpt>
   <trkpt lat="46.9536279" lon="15.8749902">
    <ele>296</ele>
    <time>2026-07-09T10:15:12Z</time>
    <extensions>
     <gpxdata:distance>11330.50</gpxdata:distance>
     <gpxdata:speed>5.119</gpxdata:speed>
    </extensions>
   </trkpt>
   <trkpt lat="46.9536174" lon="15.8749274">
    <ele>296</ele>
    <time>2026-07-09T10:15:13Z</time>
    <extensions>
     <gpxdata:distance>11335.00</gpxdata:distance>
     <gpxdata:speed>5.014</gpxdata:speed>
    </extensions>
   </trkpt>
   <trkpt lat="46.9536072" lon="15.8748611">
    <ele>296</ele>
    <time>2026-07-09T10:15:14Z</time>
    <extensions>
     <gpxdata:distance>11340.50</gpxdata:distance>
     <gpxdata:speed>4.994</gpxdata:speed>
    </extensions>
   </trkpt>
   <trkpt lat="46.9535969" lon="15.8747916">
    <ele>296</ele>
    <time>2026-07-09T10:15:15Z</time>
    <extensions>
     <gpxdata:distance>11346.00</gpxdata:distance>
     <gpxdata:speed>5.097</gpxdata:speed>
    </extensions>
   </trkpt>
   <trkpt lat="46.9535864" lon="15.8747211">
    <ele>296</ele>
    <time>2026-07-09T10:15:16Z</time>
    <extensions>
     <gpxdata:distance>11351.50</gpxdata:distance>
     <gpxdata:speed>5.231</gpxdata:speed>
    </extensions>
   </trkpt>
   <trkpt lat="46.9535764" lon="15.8746514">
    <ele>296</ele>
    <time>2026-07-09T10:15:17Z</time>
    <extensions>
     <gpxdata:distance>11357.00</gpxdata:distance>
     <gpxdata:speed>5.317</gpxdata:speed>
    </extensions>
   </trkpt>
   <trkpt lat="46.9535684" lon="15.8745828">
    <ele>296</ele>
    <time>2026-07-09T10:15:18Z</time>
    <extensions>
     <gpxdata:distance>11362.00</gpxdata:distance>
     <gpxdata:speed>5.325</gpxdata:speed>
    </extensions>
   </trkpt>
   <trkpt lat="46.9535634" lon="15.8745154">
    <ele>296</ele>
    <time>2026-07-09T10:15:19Z</time>
    <extensions>
     <gpxdata:distance>11367.00</gpxdata:distance>
     <gpxdata:speed>5.297</gpxdata:speed>
    </extensions>
   </trkpt>
   <trkpt lat="46.9535615" lon="15.8744491">
    <ele>296</ele>
    <time>2026-07-09T10:15:20Z</time>
    <extensions>
     <gpxdata:distance>11372.00</gpxdata:distance>
     <gpxdata:speed>5.233</gpxdata:speed>
    </extensions>
   </trkpt>
   <trkpt lat="46.9535623" lon="15.8743835">
    <ele>295</ele>
    <time>2026-07-09T10:15:21Z</time>
    <extensions>
     <gpxdata:distance>11377.00</gpxdata:distance>
     <gpxdata:speed>5.158</gpxdata:speed>
    </extensions>
   </trkpt>
   <trkpt lat="46.9535645" lon="15.8743189">
    <ele>295</ele>
    <time>2026-07-09T10:15:22Z</time>
    <extensions>
     <gpxdata:distance>11382.00</gpxdata:distance>
     <gpxdata:speed>5.100</gpxdata:speed>
    </extensions>
   </trkpt>
   <trkpt lat="46.9535661" lon="15.8742559">
    <ele>295</ele>
    <time>2026-07-09T10:15:23Z</time>
    <extensions>
     <gpxdata:distance>11387.00</gpxdata:distance>
     <gpxdata:speed>5.028</gpxdata:speed>
    </extensions>
   </trkpt>
   <trkpt lat="46.9535656" lon="15.8741948">
    <ele>295</ele>
    <time>2026-07-09T10:15:24Z</time>
    <extensions>
     <gpxdata:distance>11391.50</gpxdata:distance>
     <gpxdata:speed>4.928</gpxdata:speed>
    </extensions>
   </trkpt>
   <trkpt lat="46.9535629" lon="15.8741349">
    <ele>295</ele>
    <time>2026-07-09T10:15:25Z</time>
    <extensions>
     <gpxdata:distance>11396.00</gpxdata:distance>
     <gpxdata:speed>4.811</gpxdata:speed>
    </extensions>
   </trkpt>
   <trkpt lat="46.9535593" lon="15.8740757">
    <ele>295</ele>
    <time>2026-07-09T10:15:26Z</time>
    <extensions>
     <gpxdata:distance>11400.50</gpxdata:distance>
     <gpxdata:speed>4.719</gpxdata:speed>
    </extensions>
   </trkpt>
   <trkpt lat="46.9535562" lon="15.8740180">
    <ele>295</ele>
    <time>2026-07-09T10:15:27Z</time>
    <extensions>
     <gpxdata:distance>11405.00</gpxdata:distance>
     <gpxdata:speed>4.639</gpxdata:speed>
    </extensions>
   </trkpt>
   <trkpt lat="46.9535542" lon="15.8739619">
    <ele>295</ele>
    <time>2026-07-09T10:15:28Z</time>
    <extensions>
     <gpxdata:distance>11409.50</gpxdata:distance>
     <gpxdata:speed>4.539</gpxdata:speed>
    </extensions>
   </trkpt>
   <trkpt lat="46.9535520" lon="15.8739074">
    <ele>295</ele>
    <time>2026-07-09T10:15:29Z</time>
    <extensions>
     <gpxdata:distance>11414.00</gpxdata:distance>
     <gpxdata:speed>4.425</gpxdata:speed>
    </extensions>
   </trkpt>
   <trkpt lat="46.9535485" lon="15.8738549">
    <ele>295</ele>
    <time>2026-07-09T10:15:30Z</time>
    <extensions>
     <gpxdata:distance>11418.00</gpxdata:distance>
     <gpxdata:speed>4.314</gpxdata:speed>
    </extensions>
   </trkpt>
   <trkpt lat="46.9535438" lon="15.8738040">
    <ele>295</ele>
    <time>2026-07-09T10:15:31Z</time>
    <extensions>
     <gpxdata:distance>11422.00</gpxdata:distance>
     <gpxdata:speed>4.192</gpxdata:speed>
    </extensions>
   </trkpt>
   <trkpt lat="46.9535394" lon="15.8737521">
    <ele>295</ele>
    <time>2026-07-09T10:15:32Z</time>
    <extensions>
     <gpxdata:distance>11426.00</gpxdata:distance>
     <gpxdata:speed>3.944</gpxdata:speed>
    </extensions>
   </trkpt>
   <trkpt lat="46.9535362" lon="15.8736975">
    <ele>295</ele>
    <time>2026-07-09T10:15:33Z</time>
    <extensions>
     <gpxdata:distance>11430.00</gpxdata:distance>
     <gpxdata:speed>3.978</gpxdata:speed>
    </extensions>
   </trkpt>
   <trkpt lat="46.9535350" lon="15.8736390">
    <ele>295</ele>
    <time>2026-07-09T10:15:34Z</time>
    <extensions>
     <gpxdata:distance>11434.50</gpxdata:distance>
     <gpxdata:speed>4.086</gpxdata:speed>
    </extensions>
   </trkpt>
   <trkpt lat="46.9535359" lon="15.8735763">
    <ele>295</ele>
    <time>2026-07-09T10:15:35Z</time>
    <extensions>
     <gpxdata:distance>11439.00</gpxdata:distance>
     <gpxdata:speed>4.269</gpxdata:speed>
    </extensions>
   </trkpt>
   <trkpt lat="46.9535379" lon="15.8735099">
    <ele>295</ele>
    <time>2026-07-09T10:15:36Z</time>
    <extensions>
     <gpxdata:distance>11444.00</gpxdata:distance>
     <gpxdata:speed>4.489</gpxdata:speed>
    </extensions>
   </trkpt>
   <trkpt lat="46.9535402" lon="15.8734408">
    <ele>295</ele>
    <time>2026-07-09T10:15:37Z</time>
    <extensions>
     <gpxdata:distance>11449.00</gpxdata:distance>
     <gpxdata:speed>4.725</gpxdata:speed>
    </extensions>
   </trkpt>
   <trkpt lat="46.9535432" lon="15.8733701">
    <ele>295</ele>
    <time>2026-07-09T10:15:38Z</time>
    <extensions>
     <gpxdata:distance>11454.50</gpxdata:distance>
     <gpxdata:speed>5.181</gpxdata:speed>
    </extensions>
   </trkpt>
   <trkpt lat="46.9535474" lon="15.8732983">
    <ele>295</ele>
    <time>2026-07-09T10:15:39Z</time>
    <extensions>
     <gpxdata:distance>11460.00</gpxdata:distance>
     <gpxdata:speed>5.331</gpxdata:speed>
    </extensions>
   </trkpt>
   <trkpt lat="46.9535532" lon="15.8732257">
    <ele>295</ele>
    <time>2026-07-09T10:15:40Z</time>
    <extensions>
     <gpxdata:distance>11465.50</gpxdata:distance>
     <gpxdata:speed>5.442</gpxdata:speed>
    </extensions>
   </trkpt>
   <trkpt lat="46.9535618" lon="15.8731533">
    <ele>295</ele>
    <time>2026-07-09T10:15:41Z</time>
    <extensions>
     <gpxdata:distance>11471.00</gpxdata:distance>
     <gpxdata:speed>5.536</gpxdata:speed>
    </extensions>
   </trkpt>
   <trkpt lat="46.9535737" lon="15.8730804">
    <ele>295</ele>
    <time>2026-07-09T10:15:42Z</time>
    <extensions>
     <gpxdata:distance>11477.00</gpxdata:distance>
     <gpxdata:speed>5.578</gpxdata:speed>
    </extensions>
   </trkpt>
   <trkpt lat="46.9535880" lon="15.8730065">
    <ele>295</ele>
    <time>2026-07-09T10:15:43Z</time>
    <extensions>
     <gpxdata:distance>11483.00</gpxdata:distance>
     <gpxdata:speed>5.706</gpxdata:speed>
    </extensions>
   </trkpt>
   <trkpt lat="46.9536033" lon="15.8729313">
    <ele>295</ele>
    <time>2026-07-09T10:15:44Z</time>
    <extensions>
     <gpxdata:distance>11489.00</gpxdata:distance>
     <gpxdata:speed>5.858</gpxdata:speed>
    </extensions>
   </trkpt>
   <trkpt lat="46.9536183" lon="15.8728556">
    <ele>295</ele>
    <time>2026-07-09T10:15:45Z</time>
    <extensions>
     <gpxdata:distance>11495.00</gpxdata:distance>
     <gpxdata:speed>5.958</gpxdata:speed>
    </extensions>
   </trkpt>
   <trkpt lat="46.9536336" lon="15.8727792">
    <ele>295</ele>
    <time>2026-07-09T10:15:46Z</time>
    <extensions>
     <gpxdata:distance>11501.00</gpxdata:distance>
     <gpxdata:speed>5.983</gpxdata:speed>
    </extensions>
   </trkpt>
   <trkpt lat="46.9536548" lon="15.8726765">
    <ele>295</ele>
    <time>2026-07-09T10:15:47Z</time>
    <extensions>
     <gpxdata:distance>11507.00</gpxdata:distance>
     <gpxdata:speed>6.025</gpxdata:speed>
    </extensions>
   </trkpt>
   <trkpt lat="46.9536727" lon="15.8725960">
    <ele>295</ele>
    <time>2026-07-09T10:15:48Z</time>
    <extensions>
     <gpxdata:distance>11513.00</gpxdata:distance>
     <gpxdata:speed>6.072</gpxdata:speed>
    </extensions>
   </trkpt>
   <trkpt lat="46.9536912" lon="15.8725186">
    <ele>295</ele>
    <time>2026-07-09T10:15:49Z</time>
    <extensions>
     <gpxdata:distance>11519.00</gpxdata:distance>
     <gpxdata:speed>6.122</gpxdata:speed>
    </extensions>
   </trkpt>
   <trkpt lat="46.9537096" lon="15.8724421">
    <ele>295</ele>
    <time>2026-07-09T10:15:50Z</time>
    <extensions>
     <gpxdata:distance>11525.00</gpxdata:distance>
     <gpxdata:speed>6.156</gpxdata:speed>
    </extensions>
   </trkpt>
   <trkpt lat="46.9537279" lon="15.8723683">
    <ele>295</ele>
    <time>2026-07-09T10:15:51Z</time>
    <extensions>
     <gpxdata:distance>11531.00</gpxdata:distance>
     <gpxdata:speed>6.153</gpxdata:speed>
    </extensions>
   </trkpt>
   <trkpt lat="46.9537470" lon="15.8722984">
    <ele>295</ele>
    <time>2026-07-09T10:15:52Z</time>
    <extensions>
     <gpxdata:distance>11537.00</gpxdata:distance>
     <gpxdata:speed>6.081</gpxdata:speed>
    </extensions>
   </trkpt>
   <trkpt lat="46.9537614" lon="15.8722508">
    <ele>295</ele>
    <time>2026-07-09T10:15:53Z</time>
    <extensions>
     <gpxdata:distance>11543.00</gpxdata:distance>
     <gpxdata:speed>5.947</gpxdata:speed>
    </extensions>
   </trkpt>
   <trkpt lat="46.9537801" lon="15.8721936">
    <ele>295</ele>
    <time>2026-07-09T10:15:54Z</time>
    <extensions>
     <gpxdata:distance>11548.00</gpxdata:distance>
     <gpxdata:speed>5.775</gpxdata:speed>
    </extensions>
   </trkpt>
   <trkpt lat="46.9537998" lon="15.8721346">
    <ele>295</ele>
    <time>2026-07-09T10:15:55Z</time>
    <extensions>
     <gpxdata:distance>11553.00</gpxdata:distance>
     <gpxdata:speed>5.317</gpxdata:speed>
    </extensions>
   </trkpt>
   <trkpt lat="46.9538202" lon="15.8720754">
    <ele>295</ele>
    <time>2026-07-09T10:15:56Z</time>
    <extensions>
     <gpxdata:distance>11558.00</gpxdata:distance>
     <gpxdata:speed>5.203</gpxdata:speed>
    </extensions>
   </trkpt>
   <trkpt lat="46.9538420" lon="15.8720152">
    <ele>295</ele>
    <time>2026-07-09T10:15:57Z</time>
    <extensions>
     <gpxdata:distance>11563.00</gpxdata:distance>
     <gpxdata:speed>5.158</gpxdata:speed>
    </extensions>
   </trkpt>
   <trkpt lat="46.9538651" lon="15.8719542">
    <ele>295</ele>
    <time>2026-07-09T10:15:58Z</time>
    <extensions>
     <gpxdata:distance>11568.50</gpxdata:distance>
     <gpxdata:speed>5.222</gpxdata:speed>
    </extensions>
   </trkpt>
   <trkpt lat="46.9538887" lon="15.8718923">
    <ele>295</ele>
    <time>2026-07-09T10:15:59Z</time>
    <extensions>
     <gpxdata:distance>11574.00</gpxdata:distance>
     <gpxdata:speed>5.322</gpxdata:speed>
    </extensions>
   </trkpt>
   <trkpt lat="46.9539126" lon="15.8718294">
    <ele>295</ele>
    <time>2026-07-09T10:16:00Z</time>
    <extensions>
     <gpxdata:distance>11579.50</gpxdata:distance>
     <gpxdata:speed>5.381</gpxdata:speed>
    </extensions>
   </trkpt>
   <trkpt lat="46.9539368" lon="15.8717656">
    <ele>295</ele>
    <time>2026-07-09T10:16:01Z</time>
    <extensions>
     <gpxdata:distance>11585.00</gpxdata:distance>
     <gpxdata:speed>5.442</gpxdata:speed>
    </extensions>
   </trkpt>
   <trkpt lat="46.9539611" lon="15.8717006">
    <ele>295</ele>
    <time>2026-07-09T10:16:02Z</time>
    <extensions>
     <gpxdata:distance>11590.50</gpxdata:distance>
     <gpxdata:speed>5.492</gpxdata:speed>
    </extensions>
   </trkpt>
   <trkpt lat="46.9539846" lon="15.8716342">
    <ele>295</ele>
    <time>2026-07-09T10:16:03Z</time>
    <extensions>
     <gpxdata:distance>11596.00</gpxdata:distance>
     <gpxdata:speed>5.553</gpxdata:speed>
    </extensions>
   </trkpt>
   <trkpt lat="46.9540076" lon="15.8715665">
    <ele>295</ele>
    <time>2026-07-09T10:16:04Z</time>
    <extensions>
     <gpxdata:distance>11602.00</gpxdata:distance>
     <gpxdata:speed>5.608</gpxdata:speed>
    </extensions>
   </trkpt>
   <trkpt lat="46.9540308" lon="15.8714976">
    <ele>295</ele>
    <time>2026-07-09T10:16:05Z</time>
    <extensions>
     <gpxdata:distance>11608.00</gpxdata:distance>
     <gpxdata:speed>5.733</gpxdata:speed>
    </extensions>
   </trkpt>
   <trkpt lat="46.9540550" lon="15.8714286">
    <ele>295</ele>
    <time>2026-07-09T10:16:06Z</time>
    <extensions>
     <gpxdata:distance>11614.00</gpxdata:distance>
     <gpxdata:speed>5.811</gpxdata:speed>
    </extensions>
   </trkpt>
   <trkpt lat="46.9540780" lon="15.8713598">
    <ele>295</ele>
    <time>2026-07-09T10:16:07Z</time>
    <extensions>
     <gpxdata:distance>11620.00</gpxdata:distance>
     <gpxdata:speed>5.861</gpxdata:speed>
    </extensions>
   </trkpt>
   <trkpt lat="46.9540979" lon="15.8712905">
    <ele>295</ele>
    <time>2026-07-09T10:16:08Z</time>
    <extensions>
     <gpxdata:distance>11625.50</gpxdata:distance>
     <gpxdata:speed>5.836</gpxdata:speed>
    </extensions>
   </trkpt>
   <trkpt lat="46.9541150" lon="15.8712212">
    <ele>295</ele>
    <time>2026-07-09T10:16:09Z</time>
    <extensions>
     <gpxdata:distance>11631.00</gpxdata:distance>
     <gpxdata:speed>5.781</gpxdata:speed>
    </extensions>
   </trkpt>
   <trkpt lat="46.9541304" lon="15.8711519">
    <ele>295</ele>
    <time>2026-07-09T10:16:10Z</time>
    <extensions>
     <gpxdata:distance>11636.50</gpxdata:distance>
     <gpxdata:speed>5.703</gpxdata:speed>
    </extensions>
   </trkpt>
   <trkpt lat="46.9541443" lon="15.8710828">
    <ele>295</ele>
    <time>2026-07-09T10:16:11Z</time>
    <extensions>
     <gpxdata:distance>11642.00</gpxdata:distance>
     <gpxdata:speed>5.642</gpxdata:speed>
    </extensions>
   </trkpt>
   <trkpt lat="46.9541583" lon="15.8710138">
    <ele>295</ele>
    <time>2026-07-09T10:16:12Z</time>
    <extensions>
     <gpxdata:distance>11647.50</gpxdata:distance>
     <gpxdata:speed>5.575</gpxdata:speed>
    </extensions>
   </trkpt>
   <trkpt lat="46.9541732" lon="15.8709453">
    <ele>295</ele>
    <time>2026-07-09T10:16:13Z</time>
    <extensions>
     <gpxdata:distance>11653.00</gpxdata:distance>
     <gpxdata:speed>5.539</gpxdata:speed>
    </extensions>
   </trkpt>
   <trkpt lat="46.9541895" lon="15.8708766">
    <ele>295</ele>
    <time>2026-07-09T10:16:14Z</time>
    <extensions>
     <gpxdata:distance>11658.50</gpxdata:distance>
     <gpxdata:speed>5.508</gpxdata:speed>
    </extensions>
   </trkpt>
   <trkpt lat="46.9542066" lon="15.8708065">
    <ele>295</ele>
    <time>2026-07-09T10:16:15Z</time>
    <extensions>
     <gpxdata:distance>11664.00</gpxdata:distance>
     <gpxdata:speed>5.522</gpxdata:speed>
    </extensions>
   </trkpt>
   <trkpt lat="46.9542243" lon="15.8707340">
    <ele>295</ele>
    <time>2026-07-09T10:16:16Z</time>
    <extensions>
     <gpxdata:distance>11670.00</gpxdata:distance>
     <gpxdata:speed>5.592</gpxdata:speed>
    </extensions>
   </trkpt>
   <trkpt lat="46.9542420" lon="15.8706595">
    <ele>295</ele>
    <time>2026-07-09T10:16:17Z</time>
    <extensions>
     <gpxdata:distance>11676.00</gpxdata:distance>
     <gpxdata:speed>5.700</gpxdata:speed>
    </extensions>
   </trkpt>
   <trkpt lat="46.9542596" lon="15.8705836">
    <ele>295</ele>
    <time>2026-07-09T10:16:18Z</time>
    <extensions>
     <gpxdata:distance>11682.00</gpxdata:distance>
     <gpxdata:speed>5.817</gpxdata:speed>
    </extensions>
   </trkpt>
   <trkpt lat="46.9542770" lon="15.8705073">
    <ele>295</ele>
    <time>2026-07-09T10:16:19Z</time>
    <extensions>
     <gpxdata:distance>11688.00</gpxdata:distance>
     <gpxdata:speed>5.925</gpxdata:speed>
    </extensions>
   </trkpt>
   <trkpt lat="46.9542940" lon="15.8704314">
    <ele>295</ele>
    <time>2026-07-09T10:16:20Z</time>
    <extensions>
     <gpxdata:distance>11694.00</gpxdata:distance>
     <gpxdata:speed>5.992</gpxdata:speed>
    </extensions>
   </trkpt>
   <trkpt lat="46.9543163" lon="15.8703315">
    <ele>295</ele>
    <time>2026-07-09T10:16:21Z</time>
    <extensions>
     <gpxdata:distance>11700.00</gpxdata:distance>
     <gpxdata:speed>6.014</gpxdata:speed>
    </extensions>
   </trkpt>
   <trkpt lat="46.9543282" lon="15.8702749">
    <ele>295</ele>
    <time>2026-07-09T10:16:22Z</time>
    <extensions>
     <gpxdata:distance>11706.00</gpxdata:distance>
     <gpxdata:speed>5.997</gpxdata:speed>
    </extensions>
   </trkpt>
   <trkpt lat="46.9543406" lon="15.8702056">
    <ele>295</ele>
    <time>2026-07-09T10:16:23Z</time>
    <extensions>
     <gpxdata:distance>11712.00</gpxdata:distance>
     <gpxdata:speed>5.981</gpxdata:speed>
    </extensions>
   </trkpt>
   <trkpt lat="46.9543505" lon="15.8701329">
    <ele>295</ele>
    <time>2026-07-09T10:16:24Z</time>
    <extensions>
     <gpxdata:distance>11717.50</gpxdata:distance>
     <gpxdata:speed>5.931</gpxdata:speed>
    </extensions>
   </trkpt>
   <trkpt lat="46.9543546" lon="15.8700605">
    <ele>295</ele>
    <time>2026-07-09T10:16:25Z</time>
    <extensions>
     <gpxdata:distance>11723.00</gpxdata:distance>
     <gpxdata:speed>5.853</gpxdata:speed>
    </extensions>
   </trkpt>
   <trkpt lat="46.9543499" lon="15.8699920">
    <ele>295</ele>
    <time>2026-07-09T10:16:26Z</time>
    <extensions>
     <gpxdata:distance>11728.50</gpxdata:distance>
     <gpxdata:speed>5.742</gpxdata:speed>
    </extensions>
   </trkpt>
   <trkpt lat="46.9543379" lon="15.8699310">
    <ele>295</ele>
    <time>2026-07-09T10:16:27Z</time>
    <extensions>
     <gpxdata:distance>11734.00</gpxdata:distance>
     <gpxdata:speed>5.358</gpxdata:speed>
    </extensions>
   </trkpt>
   <trkpt lat="46.9543235" lon="15.8698776">
    <ele>295</ele>
    <time>2026-07-09T10:16:28Z</time>
    <extensions>
     <gpxdata:distance>11738.00</gpxdata:distance>
     <gpxdata:speed>4.894</gpxdata:speed>
    </extensions>
   </trkpt>
   <trkpt lat="46.9543087" lon="15.8698327">
    <ele>296</ele>
    <time>2026-07-09T10:16:29Z</time>
    <extensions>
     <gpxdata:distance>11742.00</gpxdata:distance>
     <gpxdata:speed>4.344</gpxdata:speed>
    </extensions>
   </trkpt>
   <trkpt lat="46.9542946" lon="15.8697963">
    <ele>296</ele>
    <time>2026-07-09T10:16:30Z</time>
    <extensions>
     <gpxdata:distance>11744.50</gpxdata:distance>
     <gpxdata:speed>3.739</gpxdata:speed>
    </extensions>
   </trkpt>
   <trkpt lat="46.9542820" lon="15.8697668">
    <ele>296</ele>
    <time>2026-07-09T10:16:31Z</time>
    <extensions>
     <gpxdata:distance>11747.00</gpxdata:distance>
     <gpxdata:speed>3.142</gpxdata:speed>
    </extensions>
   </trkpt>
   <trkpt lat="46.9542755" lon="15.8697522">
    <ele>296</ele>
    <time>2026-07-09T10:16:32Z</time>
    <extensions>
     <gpxdata:distance>11749.50</gpxdata:distance>
     <gpxdata:speed>2.644</gpxdata:speed>
    </extensions>
   </trkpt>
   <trkpt lat="46.9542674" lon="15.8697328">
    <ele>296</ele>
    <time>2026-07-09T10:16:33Z</time>
    <extensions>
     <gpxdata:distance>11752.00</gpxdata:distance>
     <gpxdata:speed>2.383</gpxdata:speed>
    </extensions>
   </trkpt>
   <trkpt lat="46.9542595" lon="15.8697090">
    <ele>296</ele>
    <time>2026-07-09T10:16:34Z</time>
    <extensions>
     <gpxdata:distance>11754.00</gpxdata:distance>
     <gpxdata:speed>2.225</gpxdata:speed>
    </extensions>
   </trkpt>
   <trkpt lat="46.9542515" lon="15.8696793">
    <ele>296</ele>
    <time>2026-07-09T10:16:35Z</time>
    <extensions>
     <gpxdata:distance>11756.00</gpxdata:distance>
     <gpxdata:speed>2.342</gpxdata:speed>
    </extensions>
   </trkpt>
   <trkpt lat="46.9542426" lon="15.8696442">
    <ele>296</ele>
    <time>2026-07-09T10:16:36Z</time>
    <extensions>
     <gpxdata:distance>11759.50</gpxdata:distance>
     <gpxdata:speed>2.769</gpxdata:speed>
    </extensions>
   </trkpt>
   <trkpt lat="46.9542260" lon="15.8695799">
    <ele>296</ele>
    <time>2026-07-09T10:16:37Z</time>
    <extensions>
     <gpxdata:distance>11763.00</gpxdata:distance>
     <gpxdata:speed>3.147</gpxdata:speed>
    </extensions>
   </trkpt>
   <trkpt lat="46.9542130" lon="15.8695298">
    <ele>296</ele>
    <time>2026-07-09T10:16:38Z</time>
    <extensions>
     <gpxdata:distance>11767.00</gpxdata:distance>
     <gpxdata:speed>3.308</gpxdata:speed>
    </extensions>
   </trkpt>
   <trkpt lat="46.9542001" lon="15.8694814">
    <ele>296</ele>
    <time>2026-07-09T10:16:39Z</time>
    <extensions>
     <gpxdata:distance>11771.00</gpxdata:distance>
     <gpxdata:speed>3.511</gpxdata:speed>
    </extensions>
   </trkpt>
   <trkpt lat="46.9541862" lon="15.8694331">
    <ele>296</ele>
    <time>2026-07-09T10:16:40Z</time>
    <extensions>
     <gpxdata:distance>11775.00</gpxdata:distance>
     <gpxdata:speed>3.658</gpxdata:speed>
    </extensions>
   </trkpt>
   <trkpt lat="46.9541711" lon="15.8693847">
    <ele>297</ele>
    <time>2026-07-09T10:16:41Z</time>
    <extensions>
     <gpxdata:distance>11779.00</gpxdata:distance>
     <gpxdata:speed>3.914</gpxdata:speed>
    </extensions>
   </trkpt>
   <trkpt lat="46.9541538" lon="15.8693367">
    <ele>297</ele>
    <time>2026-07-09T10:16:42Z</time>
    <extensions>
     <gpxdata:distance>11783.00</gpxdata:distance>
     <gpxdata:speed>4.017</gpxdata:speed>
    </extensions>
   </trkpt>
   <trkpt lat="46.9541322" lon="15.8692909">
    <ele>297</ele>
    <time>2026-07-09T10:16:43Z</time>
    <extensions>
     <gpxdata:distance>11787.00</gpxdata:distance>
     <gpxdata:speed>4.139</gpxdata:speed>
    </extensions>
   </trkpt>
   <trkpt lat="46.9541048" lon="15.8692504">
    <ele>297</ele>
    <time>2026-07-09T10:16:44Z</time>
    <extensions>
     <gpxdata:distance>11791.50</gpxdata:distance>
     <gpxdata:speed>4.261</gpxdata:speed>
    </extensions>
   </trkpt>
   <trkpt lat="46.9540710" lon="15.8692172">
    <ele>297</ele>
    <time>2026-07-09T10:16:45Z</time>
    <extensions>
     <gpxdata:distance>11796.00</gpxdata:distance>
     <gpxdata:speed>4.422</gpxdata:speed>
    </extensions>
   </trkpt>
   <trkpt lat="46.9540308" lon="15.8691935">
    <ele>297</ele>
    <time>2026-07-09T10:16:46Z</time>
    <extensions>
     <gpxdata:distance>11801.00</gpxdata:distance>
     <gpxdata:speed>4.656</gpxdata:speed>
    </extensions>
   </trkpt>
   <trkpt lat="46.9539850" lon="15.8691785">
    <ele>297</ele>
    <time>2026-07-09T10:16:47Z</time>
    <extensions>
     <gpxdata:distance>11806.00</gpxdata:distance>
     <gpxdata:speed>4.956</gpxdata:speed>
    </extensions>
   </trkpt>
   <trkpt lat="46.9539343" lon="15.8691690">
    <ele>297</ele>
    <time>2026-07-09T10:16:48Z</time>
    <extensions>
     <gpxdata:distance>11812.00</gpxdata:distance>
     <gpxdata:speed>5.306</gpxdata:speed>
    </extensions>
   </trkpt>
   <trkpt lat="46.9538800" lon="15.8691613">
    <ele>297</ele>
    <time>2026-07-09T10:16:49Z</time>
    <extensions>
     <gpxdata:distance>11818.00</gpxdata:distance>
     <gpxdata:speed>5.700</gpxdata:speed>
    </extensions>
   </trkpt>
   <trkpt lat="46.9538044" lon="15.8691522">
    <ele>297</ele>
    <time>2026-07-09T10:16:50Z</time>
    <extensions>
     <gpxdata:distance>11824.50</gpxdata:distance>
     <gpxdata:speed>6.039</gpxdata:speed>
    </extensions>
   </trkpt>
   <trkpt lat="46.9537437" lon="15.8691457">
    <ele>297</ele>
    <time>2026-07-09T10:16:51Z</time>
    <extensions>
     <gpxdata:distance>11831.00</gpxdata:distance>
     <gpxdata:speed>6.269</gpxdata:speed>
    </extensions>
   </trkpt>
   <trkpt lat="46.9536844" lon="15.8691400">
    <ele>297</ele>
    <time>2026-07-09T10:16:52Z</time>
    <extensions>
     <gpxdata:distance>11837.50</gpxdata:distance>
     <gpxdata:speed>6.408</gpxdata:speed>
    </extensions>
   </trkpt>
   <trkpt lat="46.9536261" lon="15.8691342">
    <ele>297</ele>
    <time>2026-07-09T10:16:53Z</time>
    <extensions>
     <gpxdata:distance>11844.00</gpxdata:distance>
     <gpxdata:speed>6.483</gpxdata:speed>
    </extensions>
   </trkpt>
   <trkpt lat="46.9535697" lon="15.8691248">
    <ele>297</ele>
    <time>2026-07-09T10:16:54Z</time>
    <extensions>
     <gpxdata:distance>11850.00</gpxdata:distance>
     <gpxdata:speed>6.447</gpxdata:speed>
    </extensions>
   </trkpt>
   <trkpt lat="46.9535152" lon="15.8691110">
    <ele>297</ele>
    <time>2026-07-09T10:16:55Z</time>
    <extensions>
     <gpxdata:distance>11856.00</gpxdata:distance>
     <gpxdata:speed>6.317</gpxdata:speed>
    </extensions>
   </trkpt>
   <trkpt lat="46.9534616" lon="15.8690954">
    <ele>297</ele>
    <time>2026-07-09T10:16:56Z</time>
    <extensions>
     <gpxdata:distance>11862.50</gpxdata:distance>
     <gpxdata:speed>6.197</gpxdata:speed>
    </extensions>
   </trkpt>
   <trkpt lat="46.9534084" lon="15.8690800">
    <ele>297</ele>
    <time>2026-07-09T10:16:57Z</time>
    <extensions>
     <gpxdata:distance>11869.00</gpxdata:distance>
     <gpxdata:speed>6.131</gpxdata:speed>
    </extensions>
   </trkpt>
   <trkpt lat="46.9533552" lon="15.8690655">
    <ele>297</ele>
    <time>2026-07-09T10:16:58Z</time>
    <extensions>
     <gpxdata:distance>11875.00</gpxdata:distance>
     <gpxdata:speed>6.122</gpxdata:speed>
    </extensions>
   </trkpt>
   <trkpt lat="46.9533021" lon="15.8690502">
    <ele>296</ele>
    <time>2026-07-09T10:16:59Z</time>
    <extensions>
     <gpxdata:distance>11881.00</gpxdata:distance>
     <gpxdata:speed>6.092</gpxdata:speed>
    </extensions>
   </trkpt>
   <trkpt lat="46.9532496" lon="15.8690327">
    <ele>296</ele>
    <time>2026-07-09T10:17:00Z</time>
    <extensions>
     <gpxdata:distance>11887.00</gpxdata:distance>
     <gpxdata:speed>6.069</gpxdata:speed>
    </extensions>
   </trkpt>
   <trkpt lat="46.9531978" lon="15.8690139">
    <ele>296</ele>
    <time>2026-07-09T10:17:01Z</time>
    <extensions>
     <gpxdata:distance>11893.00</gpxdata:distance>
     <gpxdata:speed>6.039</gpxdata:speed>
    </extensions>
   </trkpt>
   <trkpt lat="46.9531461" lon="15.8689953">
    <ele>296</ele>
    <time>2026-07-09T10:17:02Z</time>
    <extensions>
     <gpxdata:distance>11898.50</gpxdata:distance>
     <gpxdata:speed>6.000</gpxdata:speed>
    </extensions>
   </trkpt>
   <trkpt lat="46.9531088" lon="15.8689824">
    <ele>296</ele>
    <time>2026-07-09T10:17:03Z</time>
    <extensions>
     <gpxdata:distance>11904.00</gpxdata:distance>
     <gpxdata:speed>5.969</gpxdata:speed>
    </extensions>
   </trkpt>
   <trkpt lat="46.9530614" lon="15.8689661">
    <ele>296</ele>
    <time>2026-07-09T10:17:04Z</time>
    <extensions>
     <gpxdata:distance>11910.00</gpxdata:distance>
     <gpxdata:speed>5.942</gpxdata:speed>
    </extensions>
   </trkpt>
   <trkpt lat="46.9530111" lon="15.8689490">
    <ele>296</ele>
    <time>2026-07-09T10:17:05Z</time>
    <extensions>
     <gpxdata:distance>11916.00</gpxdata:distance>
     <gpxdata:speed>5.917</gpxdata:speed>
    </extensions>
   </trkpt>
   <trkpt lat="46.9529602" lon="15.8689333">
    <ele>296</ele>
    <time>2026-07-09T10:17:06Z</time>
    <extensions>
     <gpxdata:distance>11922.00</gpxdata:distance>
     <gpxdata:speed>5.897</gpxdata:speed>
    </extensions>
   </trkpt>
   <trkpt lat="46.9529094" lon="15.8689206">
    <ele>296</ele>
    <time>2026-07-09T10:17:07Z</time>
    <extensions>
     <gpxdata:distance>11928.00</gpxdata:distance>
     <gpxdata:speed>5.867</gpxdata:speed>
    </extensions>
   </trkpt>
   <trkpt lat="46.9528593" lon="15.8689106">
    <ele>296</ele>
    <time>2026-07-09T10:17:08Z</time>
    <extensions>
     <gpxdata:distance>11933.50</gpxdata:distance>
     <gpxdata:speed>5.814</gpxdata:speed>
    </extensions>
   </trkpt>
   <trkpt lat="46.9528106" lon="15.8689006">
    <ele>296</ele>
    <time>2026-07-09T10:17:09Z</time>
    <extensions>
     <gpxdata:distance>11939.00</gpxdata:distance>
     <gpxdata:speed>5.731</gpxdata:speed>
    </extensions>
   </trkpt>
   <trkpt lat="46.9527639" lon="15.8688878">
    <ele>296</ele>
    <time>2026-07-09T10:17:10Z</time>
    <extensions>
     <gpxdata:distance>11944.00</gpxdata:distance>
     <gpxdata:speed>5.619</gpxdata:speed>
    </extensions>
   </trkpt>
   <trkpt lat="46.9527192" lon="15.8688715">
    <ele>296</ele>
    <time>2026-07-09T10:17:11Z</time>
    <extensions>
     <gpxdata:distance>11949.00</gpxdata:distance>
     <gpxdata:speed>5.475</gpxdata:speed>
    </extensions>
   </trkpt>
   <trkpt lat="46.9526756" lon="15.8688527">
    <ele>296</ele>
    <time>2026-07-09T10:17:12Z</time>
    <extensions>
     <gpxdata:distance>11954.00</gpxdata:distance>
     <gpxdata:speed>5.339</gpxdata:speed>
    </extensions>
   </trkpt>
   <trkpt lat="46.9526324" lon="15.8688343">
    <ele>296</ele>
    <time>2026-07-09T10:17:13Z</time>
    <extensions>
     <gpxdata:distance>11959.00</gpxdata:distance>
     <gpxdata:speed>5.164</gpxdata:speed>
    </extensions>
   </trkpt>
   <trkpt lat="46.9525892" lon="15.8688188">
    <ele>296</ele>
    <time>2026-07-09T10:17:14Z</time>
    <extensions>
     <gpxdata:distance>11964.00</gpxdata:distance>
     <gpxdata:speed>5.050</gpxdata:speed>
    </extensions>
   </trkpt>
   <trkpt lat="46.9525455" lon="15.8688070">
    <ele>296</ele>
    <time>2026-07-09T10:17:15Z</time>
    <extensions>
     <gpxdata:distance>11969.00</gpxdata:distance>
     <gpxdata:speed>4.994</gpxdata:speed>
    </extensions>
   </trkpt>
   <trkpt lat="46.9525021" lon="15.8687985">
    <ele>296</ele>
    <time>2026-07-09T10:17:16Z</time>
    <extensions>
     <gpxdata:distance>11974.00</gpxdata:distance>
     <gpxdata:speed>4.964</gpxdata:speed>
    </extensions>
   </trkpt>
   <trkpt lat="46.9524592" lon="15.8687910">
    <ele>297</ele>
    <time>2026-07-09T10:17:17Z</time>
    <extensions>
     <gpxdata:distance>11979.00</gpxdata:distance>
     <gpxdata:speed>4.892</gpxdata:speed>
    </extensions>
   </trkpt>
   <trkpt lat="46.9524177" lon="15.8687828">
    <ele>297</ele>
    <time>2026-07-09T10:17:18Z</time>
    <extensions>
     <gpxdata:distance>11983.50</gpxdata:distance>
     <gpxdata:speed>4.808</gpxdata:speed>
    </extensions>
   </trkpt>
   <trkpt lat="46.9523789" lon="15.8687738">
    <ele>297</ele>
    <time>2026-07-09T10:17:19Z</time>
    <extensions>
     <gpxdata:distance>11988.00</gpxdata:distance>
     <gpxdata:speed>4.642</gpxdata:speed>
    </extensions>
   </trkpt>
   <trkpt lat="46.9523441" lon="15.8687620">
    <ele>297</ele>
    <time>2026-07-09T10:17:20Z</time>
    <extensions>
     <gpxdata:distance>11992.00</gpxdata:distance>
     <gpxdata:speed>4.328</gpxdata:speed>
    </extensions>
   </trkpt>
   <trkpt lat="46.9523150" lon="15.8687423">
    <ele>297</ele>
    <time>2026-07-09T10:17:21Z</time>
    <extensions>
     <gpxdata:distance>11996.00</gpxdata:distance>
     <gpxdata:speed>3.950</gpxdata:speed>
    </extensions>
   </trkpt>
   <trkpt lat="46.9522960" lon="15.8687117">
    <ele>297</ele>
    <time>2026-07-09T10:17:22Z</time>
    <extensions>
     <gpxdata:distance>11999.00</gpxdata:distance>
     <gpxdata:speed>3.689</gpxdata:speed>
    </extensions>
   </trkpt>
   <trkpt lat="46.9522906" lon="15.8686712">
    <ele>297</ele>
    <time>2026-07-09T10:17:23Z</time>
    <extensions>
     <gpxdata:distance>12002.00</gpxdata:distance>
     <gpxdata:speed>3.531</gpxdata:speed>
    </extensions>
   </trkpt>
   <trkpt lat="46.9522971" lon="15.8686239">
    <ele>297</ele>
    <time>2026-07-09T10:17:24Z</time>
    <extensions>
     <gpxdata:distance>12006.00</gpxdata:distance>
     <gpxdata:speed>3.739</gpxdata:speed>
    </extensions>
   </trkpt>
   <trkpt lat="46.9523103" lon="15.8685720">
    <ele>297</ele>
    <time>2026-07-09T10:17:25Z</time>
    <extensions>
     <gpxdata:distance>12010.00</gpxdata:distance>
     <gpxdata:speed>4.042</gpxdata:speed>
    </extensions>
   </trkpt>
   <trkpt lat="46.9523260" lon="15.8685171">
    <ele>297</ele>
    <time>2026-07-09T10:17:26Z</time>
    <extensions>
     <gpxdata:distance>12014.50</gpxdata:distance>
     <gpxdata:speed>4.283</gpxdata:speed>
    </extensions>
   </trkpt>
   <trkpt lat="46.9523421" lon="15.8684594">
    <ele>297</ele>
    <time>2026-07-09T10:17:27Z</time>
    <extensions>
     <gpxdata:distance>12019.00</gpxdata:distance>
     <gpxdata:speed>4.456</gpxdata:speed>
    </extensions>
   </trkpt>
   <trkpt lat="46.9523578" lon="15.8683990">
    <ele>297</ele>
    <time>2026-07-09T10:17:28Z</time>
    <extensions>
     <gpxdata:distance>12024.00</gpxdata:distance>
     <gpxdata:speed>4.569</gpxdata:speed>
    </extensions>
   </trkpt>
   <trkpt lat="46.9523731" lon="15.8683358">
    <ele>297</ele>
    <time>2026-07-09T10:17:29Z</time>
    <extensions>
     <gpxdata:distance>12029.00</gpxdata:distance>
     <gpxdata:speed>4.700</gpxdata:speed>
    </extensions>
   </trkpt>
   <trkpt lat="46.9523880" lon="15.8682705">
    <ele>297</ele>
    <time>2026-07-09T10:17:30Z</time>
    <extensions>
     <gpxdata:distance>12034.50</gpxdata:distance>
     <gpxdata:speed>4.864</gpxdata:speed>
    </extensions>
   </trkpt>
   <trkpt lat="46.9524028" lon="15.8682044">
    <ele>297</ele>
    <time>2026-07-09T10:17:31Z</time>
    <extensions>
     <gpxdata:distance>12040.00</gpxdata:distance>
     <gpxdata:speed>5.011</gpxdata:speed>
    </extensions>
   </trkpt>
   <trkpt lat="46.9524177" lon="15.8681378">
    <ele>298</ele>
    <time>2026-07-09T10:17:32Z</time>
    <extensions>
     <gpxdata:distance>12045.00</gpxdata:distance>
     <gpxdata:speed>5.117</gpxdata:speed>
    </extensions>
   </trkpt>
   <trkpt lat="46.9524332" lon="15.8680705">
    <ele>298</ele>
    <time>2026-07-09T10:17:33Z</time>
    <extensions>
     <gpxdata:distance>12050.00</gpxdata:distance>
     <gpxdata:speed>5.203</gpxdata:speed>
    </extensions>
   </trkpt>
   <trkpt lat="46.9524490" lon="15.8680024">
    <ele>298</ele>
    <time>2026-07-09T10:17:34Z</time>
    <extensions>
     <gpxdata:distance>12055.50</gpxdata:distance>
     <gpxdata:speed>5.292</gpxdata:speed>
    </extensions>
   </trkpt>
   <trkpt lat="46.9524653" lon="15.8679336">
    <ele>298</ele>
    <time>2026-07-09T10:17:35Z</time>
    <extensions>
     <gpxdata:distance>12061.00</gpxdata:distance>
     <gpxdata:speed>5.367</gpxdata:speed>
    </extensions>
   </trkpt>
   <trkpt lat="46.9524827" lon="15.8678647">
    <ele>298</ele>
    <time>2026-07-09T10:17:36Z</time>
    <extensions>
     <gpxdata:distance>12066.50</gpxdata:distance>
     <gpxdata:speed>5.444</gpxdata:speed>
    </extensions>
   </trkpt>
   <trkpt lat="46.9525004" lon="15.8677950">
    <ele>298</ele>
    <time>2026-07-09T10:17:37Z</time>
    <extensions>
     <gpxdata:distance>12072.00</gpxdata:distance>
     <gpxdata:speed>5.500</gpxdata:speed>
    </extensions>
   </trkpt>
   <trkpt lat="46.9525177" lon="15.8677242">
    <ele>298</ele>
    <time>2026-07-09T10:17:38Z</time>
    <extensions>
     <gpxdata:distance>12078.00</gpxdata:distance>
     <gpxdata:speed>5.567</gpxdata:speed>
    </extensions>
   </trkpt>
   <trkpt lat="46.9525346" lon="15.8676524">
    <ele>298</ele>
    <time>2026-07-09T10:17:39Z</time>
    <extensions>
     <gpxdata:distance>12084.00</gpxdata:distance>
     <gpxdata:speed>5.628</gpxdata:speed>
    </extensions>
   </trkpt>
   <trkpt lat="46.9525514" lon="15.8675796">
    <ele>298</ele>
    <time>2026-07-09T10:17:40Z</time>
    <extensions>
     <gpxdata:distance>12090.00</gpxdata:distance>
     <gpxdata:speed>5.689</gpxdata:speed>
    </extensions>
   </trkpt>
   <trkpt lat="46.9525682" lon="15.8675060">
    <ele>298</ele>
    <time>2026-07-09T10:17:41Z</time>
    <extensions>
     <gpxdata:distance>12096.00</gpxdata:distance>
     <gpxdata:speed>5.750</gpxdata:speed>
    </extensions>
   </trkpt>
   <trkpt lat="46.9525846" lon="15.8674311">
    <ele>298</ele>
    <time>2026-07-09T10:17:42Z</time>
    <extensions>
     <gpxdata:distance>12102.00</gpxdata:distance>
     <gpxdata:speed>5.811</gpxdata:speed>
    </extensions>
   </trkpt>
   <trkpt lat="46.9525992" lon="15.8673537">
    <ele>298</ele>
    <time>2026-07-09T10:17:43Z</time>
    <extensions>
     <gpxdata:distance>12108.00</gpxdata:distance>
     <gpxdata:speed>5.883</gpxdata:speed>
    </extensions>
   </trkpt>
   <trkpt lat="46.9526120" lon="15.8672737">
    <ele>298</ele>
    <time>2026-07-09T10:17:44Z</time>
    <extensions>
     <gpxdata:distance>12114.00</gpxdata:distance>
     <gpxdata:speed>5.981</gpxdata:speed>
    </extensions>
   </trkpt>
   <trkpt lat="46.9526288" lon="15.8671646">
    <ele>298</ele>
    <time>2026-07-09T10:17:45Z</time>
    <extensions>
     <gpxdata:distance>12120.00</gpxdata:distance>
     <gpxdata:speed>6.097</gpxdata:speed>
    </extensions>
   </trkpt>
   <trkpt lat="46.9526437" lon="15.8670778">
    <ele>298</ele>
    <time>2026-07-09T10:17:46Z</time>
    <extensions>
     <gpxdata:distance>12126.50</gpxdata:distance>
     <gpxdata:speed>6.211</gpxdata:speed>
    </extensions>
   </trkpt>
   <trkpt lat="46.9526598" lon="15.8669924">
    <ele>298</ele>
    <time>2026-07-09T10:17:47Z</time>
    <extensions>
     <gpxdata:distance>12133.00</gpxdata:distance>
     <gpxdata:speed>6.333</gpxdata:speed>
    </extensions>
   </trkpt>
   <trkpt lat="46.9526761" lon="15.8669053">
    <ele>298</ele>
    <time>2026-07-09T10:17:48Z</time>
    <extensions>
     <gpxdata:distance>12140.00</gpxdata:distance>
     <gpxdata:speed>6.467</gpxdata:speed>
    </extensions>
   </trkpt>
   <trkpt lat="46.9526922" lon="15.8668162">
    <ele>298</ele>
    <time>2026-07-09T10:17:49Z</time>
    <extensions>
     <gpxdata:distance>12147.00</gpxdata:distance>
     <gpxdata:speed>6.606</gpxdata:speed>
    </extensions>
   </trkpt>
   <trkpt lat="46.9527080" lon="15.8667255">
    <ele>298</ele>
    <time>2026-07-09T10:17:50Z</time>
    <extensions>
     <gpxdata:distance>12154.00</gpxdata:distance>
     <gpxdata:speed>6.747</gpxdata:speed>
    </extensions>
   </trkpt>
   <trkpt lat="46.9527227" lon="15.8666335">
    <ele>298</ele>
    <time>2026-07-09T10:17:51Z</time>
    <extensions>
     <gpxdata:distance>12161.00</gpxdata:distance>
     <gpxdata:speed>6.872</gpxdata:speed>
    </extensions>
   </trkpt>
   <trkpt lat="46.9527364" lon="15.8665405">
    <ele>298</ele>
    <time>2026-07-09T10:17:52Z</time>
    <extensions>
     <gpxdata:distance>12168.50</gpxdata:distance>
     <gpxdata:speed>6.975</gpxdata:speed>
    </extensions>
   </trkpt>
   <trkpt lat="46.9527491" lon="15.8664471">
    <ele>298</ele>
    <time>2026-07-09T10:17:53Z</time>
    <extensions>
     <gpxdata:distance>12176.00</gpxdata:distance>
     <gpxdata:speed>7.061</gpxdata:speed>
    </extensions>
   </trkpt>
   <trkpt lat="46.9527612" lon="15.8663530">
    <ele>298</ele>
    <time>2026-07-09T10:17:54Z</time>
    <extensions>
     <gpxdata:distance>12183.00</gpxdata:distance>
     <gpxdata:speed>7.122</gpxdata:speed>
    </extensions>
   </trkpt>
   <trkpt lat="46.9527727" lon="15.8662586">
    <ele>298</ele>
    <time>2026-07-09T10:17:55Z</time>
    <extensions>
     <gpxdata:distance>12190.00</gpxdata:distance>
     <gpxdata:speed>7.178</gpxdata:speed>
    </extensions>
   </trkpt>
   <trkpt lat="46.9527839" lon="15.8661639">
    <ele>298</ele>
    <time>2026-07-09T10:17:56Z</time>
    <extensions>
     <gpxdata:distance>12197.50</gpxdata:distance>
     <gpxdata:speed>7.217</gpxdata:speed>
    </extensions>
   </trkpt>
   <trkpt lat="46.9527944" lon="15.8660695">
    <ele>298</ele>
    <time>2026-07-09T10:17:57Z</time>
    <extensions>
     <gpxdata:distance>12205.00</gpxdata:distance>
     <gpxdata:speed>7.247</gpxdata:speed>
    </extensions>
   </trkpt>
   <trkpt lat="46.9528047" lon="15.8659750">
    <ele>298</ele>
    <time>2026-07-09T10:17:58Z</time>
    <extensions>
     <gpxdata:distance>12212.50</gpxdata:distance>
     <gpxdata:speed>7.256</gpxdata:speed>
    </extensions>
   </trkpt>
   <trkpt lat="46.9528141" lon="15.8658803">
    <ele>298</ele>
    <time>2026-07-09T10:17:59Z</time>
    <extensions>
     <gpxdata:distance>12220.00</gpxdata:distance>
     <gpxdata:speed>7.264</gpxdata:speed>
    </extensions>
   </trkpt>
   <trkpt lat="46.9528229" lon="15.8657850">
    <ele>298</ele>
    <time>2026-07-09T10:18:00Z</time>
    <extensions>
     <gpxdata:distance>12227.00</gpxdata:distance>
     <gpxdata:speed>7.267</gpxdata:speed>
    </extensions>
   </trkpt>
   <trkpt lat="46.9528314" lon="15.8656892">
    <ele>298</ele>
    <time>2026-07-09T10:18:01Z</time>
    <extensions>
     <gpxdata:distance>12234.00</gpxdata:distance>
     <gpxdata:speed>7.286</gpxdata:speed>
    </extensions>
   </trkpt>
   <trkpt lat="46.9528401" lon="15.8655928">
    <ele>298</ele>
    <time>2026-07-09T10:18:02Z</time>
    <extensions>
     <gpxdata:distance>12241.50</gpxdata:distance>
     <gpxdata:speed>7.306</gpxdata:speed>
    </extensions>
   </trkpt>
   <trkpt lat="46.9528493" lon="15.8654957">
    <ele>298</ele>
    <time>2026-07-09T10:18:03Z</time>
    <extensions>
     <gpxdata:distance>12249.00</gpxdata:distance>
     <gpxdata:speed>7.339</gpxdata:speed>
    </extensions>
   </trkpt>
   <trkpt lat="46.9528592" lon="15.8653983">
    <ele>298</ele>
    <time>2026-07-09T10:18:04Z</time>
    <extensions>
     <gpxdata:distance>12256.50</gpxdata:distance>
     <gpxdata:speed>7.378</gpxdata:speed>
    </extensions>
   </trkpt>
   <trkpt lat="46.9528692" lon="15.8653009">
    <ele>298</ele>
    <time>2026-07-09T10:18:05Z</time>
    <extensions>
     <gpxdata:distance>12264.00</gpxdata:distance>
     <gpxdata:speed>7.414</gpxdata:speed>
    </extensions>
   </trkpt>
   <trkpt lat="46.9528798" lon="15.8652043">
    <ele>298</ele>
    <time>2026-07-09T10:18:06Z</time>
    <extensions>
     <gpxdata:distance>12271.50</gpxdata:distance>
     <gpxdata:speed>7.433</gpxdata:speed>
    </extensions>
   </trkpt>
   <trkpt lat="46.9528907" lon="15.8651078">
    <ele>298</ele>
    <time>2026-07-09T10:18:07Z</time>
    <extensions>
     <gpxdata:distance>12279.00</gpxdata:distance>
     <gpxdata:speed>7.428</gpxdata:speed>
    </extensions>
   </trkpt>
   <trkpt lat="46.9529020" lon="15.8650116">
    <ele>298</ele>
    <time>2026-07-09T10:18:08Z</time>
    <extensions>
     <gpxdata:distance>12286.50</gpxdata:distance>
     <gpxdata:speed>7.433</gpxdata:speed>
    </extensions>
   </trkpt>
   <trkpt lat="46.9529143" lon="15.8649156">
    <ele>298</ele>
    <time>2026-07-09T10:18:09Z</time>
    <extensions>
     <gpxdata:distance>12294.00</gpxdata:distance>
     <gpxdata:speed>7.428</gpxdata:speed>
    </extensions>
   </trkpt>
   <trkpt lat="46.9529276" lon="15.8648196">
    <ele>298</ele>
    <time>2026-07-09T10:18:10Z</time>
    <extensions>
     <gpxdata:distance>12301.50</gpxdata:distance>
     <gpxdata:speed>7.428</gpxdata:speed>
    </extensions>
   </trkpt>
   <trkpt lat="46.9529422" lon="15.8647236">
    <ele>298</ele>
    <time>2026-07-09T10:18:11Z</time>
    <extensions>
     <gpxdata:distance>12309.00</gpxdata:distance>
     <gpxdata:speed>7.436</gpxdata:speed>
    </extensions>
   </trkpt>
   <trkpt lat="46.9529583" lon="15.8646278">
    <ele>298</ele>
    <time>2026-07-09T10:18:12Z</time>
    <extensions>
     <gpxdata:distance>12316.50</gpxdata:distance>
     <gpxdata:speed>7.450</gpxdata:speed>
    </extensions>
   </trkpt>
   <trkpt lat="46.9529753" lon="15.8645327">
    <ele>298</ele>
    <time>2026-07-09T10:18:13Z</time>
    <extensions>
     <gpxdata:distance>12324.00</gpxdata:distance>
     <gpxdata:speed>7.467</gpxdata:speed>
    </extensions>
   </trkpt>
   <trkpt lat="46.9529935" lon="15.8644387">
    <ele>298</ele>
    <time>2026-07-09T10:18:14Z</time>
    <extensions>
     <gpxdata:distance>12331.00</gpxdata:distance>
     <gpxdata:speed>7.464</gpxdata:speed>
    </extensions>
   </trkpt>
   <trkpt lat="46.9530132" lon="15.8643457">
    <ele>298</ele>
    <time>2026-07-09T10:18:15Z</time>
    <extensions>
     <gpxdata:distance>12338.00</gpxdata:distance>
     <gpxdata:speed>7.447</gpxdata:speed>
    </extensions>
   </trkpt>
   <trkpt lat="46.9530337" lon="15.8642537">
    <ele>298</ele>
    <time>2026-07-09T10:18:16Z</time>
    <extensions>
     <gpxdata:distance>12345.50</gpxdata:distance>
     <gpxdata:speed>7.428</gpxdata:speed>
    </extensions>
   </trkpt>
   <trkpt lat="46.9530548" lon="15.8641625">
    <ele>298</ele>
    <time>2026-07-09T10:18:17Z</time>
    <extensions>
     <gpxdata:distance>12353.00</gpxdata:distance>
     <gpxdata:speed>7.403</gpxdata:speed>
    </extensions>
   </trkpt>
   <trkpt lat="46.9530762" lon="15.8640720">
    <ele>298</ele>
    <time>2026-07-09T10:18:18Z</time>
    <extensions>
     <gpxdata:distance>12360.50</gpxdata:distance>
     <gpxdata:speed>7.372</gpxdata:speed>
    </extensions>
   </trkpt>
   <trkpt lat="46.9530977" lon="15.8639817">
    <ele>298</ele>
    <time>2026-07-09T10:18:19Z</time>
    <extensions>
     <gpxdata:distance>12368.00</gpxdata:distance>
     <gpxdata:speed>7.342</gpxdata:speed>
    </extensions>
   </trkpt>
   <trkpt lat="46.9531193" lon="15.8638918">
    <ele>298</ele>
    <time>2026-07-09T10:18:20Z</time>
    <extensions>
     <gpxdata:distance>12375.00</gpxdata:distance>
     <gpxdata:speed>7.314</gpxdata:speed>
    </extensions>
   </trkpt>
   <trkpt lat="46.9531410" lon="15.8638025">
    <ele>298</ele>
    <time>2026-07-09T10:18:21Z</time>
    <extensions>
     <gpxdata:distance>12382.00</gpxdata:distance>
     <gpxdata:speed>7.292</gpxdata:speed>
    </extensions>
   </trkpt>
   <trkpt lat="46.9531630" lon="15.8637135">
    <ele>298</ele>
    <time>2026-07-09T10:18:22Z</time>
    <extensions>
     <gpxdata:distance>12389.00</gpxdata:distance>
     <gpxdata:speed>7.258</gpxdata:speed>
    </extensions>
   </trkpt>
   <trkpt lat="46.9531857" lon="15.8636246">
    <ele>298</ele>
    <time>2026-07-09T10:18:23Z</time>
    <extensions>
     <gpxdata:distance>12396.00</gpxdata:distance>
     <gpxdata:speed>7.236</gpxdata:speed>
    </extensions>
   </trkpt>
   <trkpt lat="46.9532092" lon="15.8635350">
    <ele>298</ele>
    <time>2026-07-09T10:18:24Z</time>
    <extensions>
     <gpxdata:distance>12403.50</gpxdata:distance>
     <gpxdata:speed>7.231</gpxdata:speed>
    </extensions>
   </trkpt>
   <trkpt lat="46.9532332" lon="15.8634453">
    <ele>298</ele>
    <time>2026-07-09T10:18:25Z</time>
    <extensions>
     <gpxdata:distance>12411.00</gpxdata:distance>
     <gpxdata:speed>7.258</gpxdata:speed>
    </extensions>
   </trkpt>
   <trkpt lat="46.9532575" lon="15.8633555">
    <ele>298</ele>
    <time>2026-07-09T10:18:26Z</time>
    <extensions>
     <gpxdata:distance>12418.50</gpxdata:distance>
     <gpxdata:speed>7.278</gpxdata:speed>
    </extensions>
   </trkpt>
   <trkpt lat="46.9532820" lon="15.8632657">
    <ele>298</ele>
    <time>2026-07-09T10:18:27Z</time>
    <extensions>
     <gpxdata:distance>12426.00</gpxdata:distance>
     <gpxdata:speed>7.297</gpxdata:speed>
    </extensions>
   </trkpt>
   <trkpt lat="46.9533069" lon="15.8631762">
    <ele>298</ele>
    <time>2026-07-09T10:18:28Z</time>
    <extensions>
     <gpxdata:distance>12433.00</gpxdata:distance>
     <gpxdata:speed>7.311</gpxdata:speed>
    </extensions>
   </trkpt>
   <trkpt lat="46.9533323" lon="15.8630864">
    <ele>298</ele>
    <time>2026-07-09T10:18:29Z</time>
    <extensions>
     <gpxdata:distance>12440.00</gpxdata:distance>
     <gpxdata:speed>7.322</gpxdata:speed>
    </extensions>
   </trkpt>
   <trkpt lat="46.9533576" lon="15.8629959">
    <ele>298</ele>
    <time>2026-07-09T10:18:30Z</time>
    <extensions>
     <gpxdata:distance>12447.50</gpxdata:distance>
     <gpxdata:speed>7.347</gpxdata:speed>
    </extensions>
   </trkpt>
   <trkpt lat="46.9533826" lon="15.8629051">
    <ele>298</ele>
    <time>2026-07-09T10:18:31Z</time>
    <extensions>
     <gpxdata:distance>12455.00</gpxdata:distance>
     <gpxdata:speed>7.381</gpxdata:speed>
    </extensions>
   </trkpt>
   <trkpt lat="46.9534074" lon="15.8628139">
    <ele>298</ele>
    <time>2026-07-09T10:18:32Z</time>
    <extensions>
     <gpxdata:distance>12462.50</gpxdata:distance>
     <gpxdata:speed>7.397</gpxdata:speed>
    </extensions>
   </trkpt>
   <trkpt lat="46.9534318" lon="15.8627227">
    <ele>298</ele>
    <time>2026-07-09T10:18:33Z</time>
    <extensions>
     <gpxdata:distance>12470.00</gpxdata:distance>
     <gpxdata:speed>7.419</gpxdata:speed>
    </extensions>
   </trkpt>
   <trkpt lat="46.9534553" lon="15.8626311">
    <ele>298</ele>
    <time>2026-07-09T10:18:34Z</time>
    <extensions>
     <gpxdata:distance>12477.50</gpxdata:distance>
     <gpxdata:speed>7.425</gpxdata:speed>
    </extensions>
   </trkpt>
   <trkpt lat="46.9534775" lon="15.8625389">
    <ele>298</ele>
    <time>2026-07-09T10:18:35Z</time>
    <extensions>
     <gpxdata:distance>12485.00</gpxdata:distance>
     <gpxdata:speed>7.431</gpxdata:speed>
    </extensions>
   </trkpt>
   <trkpt lat="46.9534988" lon="15.8624458">
    <ele>298</ele>
    <time>2026-07-09T10:18:36Z</time>
    <extensions>
     <gpxdata:distance>12492.50</gpxdata:distance>
     <gpxdata:speed>7.431</gpxdata:speed>
    </extensions>
   </trkpt>
   <trkpt lat="46.9535185" lon="15.8623518">
    <ele>298</ele>
    <time>2026-07-09T10:18:37Z</time>
    <extensions>
     <gpxdata:distance>12500.00</gpxdata:distance>
     <gpxdata:speed>7.442</gpxdata:speed>
    </extensions>
   </trkpt>
   <trkpt lat="46.9535369" lon="15.8622574">
    <ele>298</ele>
    <time>2026-07-09T10:18:38Z</time>
    <extensions>
     <gpxdata:distance>12507.50</gpxdata:distance>
     <gpxdata:speed>7.453</gpxdata:speed>
    </extensions>
   </trkpt>
   <trkpt lat="46.9535531" lon="15.8621626">
    <ele>298</ele>
    <time>2026-07-09T10:18:39Z</time>
    <extensions>
     <gpxdata:distance>12515.00</gpxdata:distance>
     <gpxdata:speed>7.453</gpxdata:speed>
    </extensions>
   </trkpt>
   <trkpt lat="46.9535671" lon="15.8620674">
    <ele>298</ele>
    <time>2026-07-09T10:18:40Z</time>
    <extensions>
     <gpxdata:distance>12522.50</gpxdata:distance>
     <gpxdata:speed>7.442</gpxdata:speed>
    </extensions>
   </trkpt>
   <trkpt lat="46.9535789" lon="15.8619721">
    <ele>298</ele>
    <time>2026-07-09T10:18:41Z</time>
    <extensions>
     <gpxdata:distance>12530.00</gpxdata:distance>
     <gpxdata:speed>7.428</gpxdata:speed>
    </extensions>
   </trkpt>
   <trkpt lat="46.9535888" lon="15.8618769">
    <ele>298</ele>
    <time>2026-07-09T10:18:42Z</time>
    <extensions>
     <gpxdata:distance>12537.00</gpxdata:distance>
     <gpxdata:speed>7.400</gpxdata:speed>
    </extensions>
   </trkpt>
   <trkpt lat="46.9535965" lon="15.8617814">
    <ele>298</ele>
    <time>2026-07-09T10:18:43Z</time>
    <extensions>
     <gpxdata:distance>12544.00</gpxdata:distance>
     <gpxdata:speed>7.372</gpxdata:speed>
    </extensions>
   </trkpt>
   <trkpt lat="46.9536021" lon="15.8616856">
    <ele>298</ele>
    <time>2026-07-09T10:18:44Z</time>
    <extensions>
     <gpxdata:distance>12551.50</gpxdata:distance>
     <gpxdata:speed>7.353</gpxdata:speed>
    </extensions>
   </trkpt>
   <trkpt lat="46.9536059" lon="15.8615899">
    <ele>298</ele>
    <time>2026-07-09T10:18:45Z</time>
    <extensions>
     <gpxdata:distance>12559.00</gpxdata:distance>
     <gpxdata:speed>7.339</gpxdata:speed>
    </extensions>
   </trkpt>
   <trkpt lat="46.9536076" lon="15.8614945">
    <ele>298</ele>
    <time>2026-07-09T10:18:46Z</time>
    <extensions>
     <gpxdata:distance>12566.00</gpxdata:distance>
     <gpxdata:speed>7.319</gpxdata:speed>
    </extensions>
   </trkpt>
   <trkpt lat="46.9536073" lon="15.8613994">
    <ele>298</ele>
    <time>2026-07-09T10:18:47Z</time>
    <extensions>
     <gpxdata:distance>12573.00</gpxdata:distance>
     <gpxdata:speed>7.292</gpxdata:speed>
    </extensions>
   </trkpt>
   <trkpt lat="46.9536051" lon="15.8613044">
    <ele>298</ele>
    <time>2026-07-09T10:18:48Z</time>
    <extensions>
     <gpxdata:distance>12580.50</gpxdata:distance>
     <gpxdata:speed>7.269</gpxdata:speed>
    </extensions>
   </trkpt>
   <trkpt lat="46.9536015" lon="15.8612101">
    <ele>298</ele>
    <time>2026-07-09T10:18:49Z</time>
    <extensions>
     <gpxdata:distance>12588.00</gpxdata:distance>
     <gpxdata:speed>7.253</gpxdata:speed>
    </extensions>
   </trkpt>
   <trkpt lat="46.9535963" lon="15.8611165">
    <ele>298</ele>
    <time>2026-07-09T10:18:50Z</time>
    <extensions>
     <gpxdata:distance>12595.00</gpxdata:distance>
     <gpxdata:speed>7.222</gpxdata:speed>
    </extensions>
   </trkpt>
   <trkpt lat="46.9535889" lon="15.8610234">
    <ele>298</ele>
    <time>2026-07-09T10:18:51Z</time>
    <extensions>
     <gpxdata:distance>12602.00</gpxdata:distance>
     <gpxdata:speed>7.194</gpxdata:speed>
    </extensions>
   </trkpt>
   <trkpt lat="46.9535797" lon="15.8609308">
    <ele>298</ele>
    <time>2026-07-09T10:18:52Z</time>
    <extensions>
     <gpxdata:distance>12609.00</gpxdata:distance>
     <gpxdata:speed>7.169</gpxdata:speed>
    </extensions>
   </trkpt>
   <trkpt lat="46.9535689" lon="15.8608383">
    <ele>298</ele>
    <time>2026-07-09T10:18:53Z</time>
    <extensions>
     <gpxdata:distance>12616.00</gpxdata:distance>
     <gpxdata:speed>7.147</gpxdata:speed>
    </extensions>
   </trkpt>
   <trkpt lat="46.9535565" lon="15.8607449">
    <ele>298</ele>
    <time>2026-07-09T10:18:54Z</time>
    <extensions>
     <gpxdata:distance>12623.50</gpxdata:distance>
     <gpxdata:speed>7.144</gpxdata:speed>
    </extensions>
   </trkpt>
   <trkpt lat="46.9535424" lon="15.8606513">
    <ele>298</ele>
    <time>2026-07-09T10:18:55Z</time>
    <extensions>
     <gpxdata:distance>12631.00</gpxdata:distance>
     <gpxdata:speed>7.181</gpxdata:speed>
    </extensions>
   </trkpt>
   <trkpt lat="46.9535262" lon="15.8605572">
    <ele>298</ele>
    <time>2026-07-09T10:18:56Z</time>
    <extensions>
     <gpxdata:distance>12638.50</gpxdata:distance>
     <gpxdata:speed>7.217</gpxdata:speed>
    </extensions>
   </trkpt>
   <trkpt lat="46.9535088" lon="15.8604623">
    <ele>298</ele>
    <time>2026-07-09T10:18:57Z</time>
    <extensions>
     <gpxdata:distance>12646.00</gpxdata:distance>
     <gpxdata:speed>7.272</gpxdata:speed>
    </extensions>
   </trkpt>
   <trkpt lat="46.9534905" lon="15.8603673">
    <ele>298</ele>
    <time>2026-07-09T10:18:58Z</time>
    <extensions>
     <gpxdata:distance>12653.50</gpxdata:distance>
     <gpxdata:speed>7.339</gpxdata:speed>
    </extensions>
   </trkpt>
   <trkpt lat="46.9534718" lon="15.8602726">
    <ele>298</ele>
    <time>2026-07-09T10:18:59Z</time>
    <extensions>
     <gpxdata:distance>12661.00</gpxdata:distance>
     <gpxdata:speed>7.389</gpxdata:speed>
    </extensions>
   </trkpt>
   <trkpt lat="46.9534526" lon="15.8601775">
    <ele>298</ele>
    <time>2026-07-09T10:19:00Z</time>
    <extensions>
     <gpxdata:distance>12668.50</gpxdata:distance>
     <gpxdata:speed>7.419</gpxdata:speed>
    </extensions>
   </trkpt>
   <trkpt lat="46.9534334" lon="15.8600820">
    <ele>298</ele>
    <time>2026-07-09T10:19:01Z</time>
    <extensions>
     <gpxdata:distance>12676.00</gpxdata:distance>
     <gpxdata:speed>7.461</gpxdata:speed>
    </extensions>
   </trkpt>
   <trkpt lat="46.9534147" lon="15.8599857">
    <ele>298</ele>
    <time>2026-07-09T10:19:02Z</time>
    <extensions>
     <gpxdata:distance>12683.50</gpxdata:distance>
     <gpxdata:speed>7.497</gpxdata:speed>
    </extensions>
   </trkpt>
   <trkpt lat="46.9533963" lon="15.8598887">
    <ele>298</ele>
    <time>2026-07-09T10:19:03Z</time>
    <extensions>
     <gpxdata:distance>12691.00</gpxdata:distance>
     <gpxdata:speed>7.539</gpxdata:speed>
    </extensions>
   </trkpt>
   <trkpt lat="46.9533783" lon="15.8597911">
    <ele>298</ele>
    <time>2026-07-09T10:19:04Z</time>
    <extensions>
     <gpxdata:distance>12698.50</gpxdata:distance>
     <gpxdata:speed>7.578</gpxdata:speed>
    </extensions>
   </trkpt>
   <trkpt lat="46.9533605" lon="15.8596931">
    <ele>298</ele>
    <time>2026-07-09T10:19:05Z</time>
    <extensions>
     <gpxdata:distance>12706.00</gpxdata:distance>
     <gpxdata:speed>7.617</gpxdata:speed>
    </extensions>
   </trkpt>
   <trkpt lat="46.9533439" lon="15.8595946">
    <ele>298</ele>
    <time>2026-07-09T10:19:06Z</time>
    <extensions>
     <gpxdata:distance>12714.00</gpxdata:distance>
     <gpxdata:speed>7.644</gpxdata:speed>
    </extensions>
   </trkpt>
   <trkpt lat="46.9533292" lon="15.8594962">
    <ele>298</ele>
    <time>2026-07-09T10:19:07Z</time>
    <extensions>
     <gpxdata:distance>12722.00</gpxdata:distance>
     <gpxdata:speed>7.664</gpxdata:speed>
    </extensions>
   </trkpt>
   <trkpt lat="46.9533159" lon="15.8593984">
    <ele>298</ele>
    <time>2026-07-09T10:19:08Z</time>
    <extensions>
     <gpxdata:distance>12729.50</gpxdata:distance>
     <gpxdata:speed>7.658</gpxdata:speed>
    </extensions>
   </trkpt>
   <trkpt lat="46.9533046" lon="15.8593018">
    <ele>298</ele>
    <time>2026-07-09T10:19:09Z</time>
    <extensions>
     <gpxdata:distance>12737.00</gpxdata:distance>
     <gpxdata:speed>7.625</gpxdata:speed>
    </extensions>
   </trkpt>
   <trkpt lat="46.9532950" lon="15.8592063">
    <ele>298</ele>
    <time>2026-07-09T10:19:10Z</time>
    <extensions>
     <gpxdata:distance>12744.00</gpxdata:distance>
     <gpxdata:speed>7.558</gpxdata:speed>
    </extensions>
   </trkpt>
   <trkpt lat="46.9532873" lon="15.8591116">
    <ele>298</ele>
    <time>2026-07-09T10:19:11Z</time>
    <extensions>
     <gpxdata:distance>12751.00</gpxdata:distance>
     <gpxdata:speed>7.481</gpxdata:speed>
    </extensions>
   </trkpt>
   <trkpt lat="46.9532812" lon="15.8590175">
    <ele>298</ele>
    <time>2026-07-09T10:19:12Z</time>
    <extensions>
     <gpxdata:distance>12758.50</gpxdata:distance>
     <gpxdata:speed>7.403</gpxdata:speed>
    </extensions>
   </trkpt>
   <trkpt lat="46.9532759" lon="15.8589233">
    <ele>298</ele>
    <time>2026-07-09T10:19:13Z</time>
    <extensions>
     <gpxdata:distance>12766.00</gpxdata:distance>
     <gpxdata:speed>7.328</gpxdata:speed>
    </extensions>
   </trkpt>
   <trkpt lat="46.9532713" lon="15.8588283">
    <ele>298</ele>
    <time>2026-07-09T10:19:14Z</time>
    <extensions>
     <gpxdata:distance>12773.00</gpxdata:distance>
     <gpxdata:speed>7.281</gpxdata:speed>
    </extensions>
   </trkpt>
   <trkpt lat="46.9532677" lon="15.8587322">
    <ele>299</ele>
    <time>2026-07-09T10:19:15Z</time>
    <extensions>
     <gpxdata:distance>12780.00</gpxdata:distance>
     <gpxdata:speed>7.269</gpxdata:speed>
    </extensions>
   </trkpt>
   <trkpt lat="46.9532657" lon="15.8586362">
    <ele>298</ele>
    <time>2026-07-09T10:19:16Z</time>
    <extensions>
     <gpxdata:distance>12787.50</gpxdata:distance>
     <gpxdata:speed>7.286</gpxdata:speed>
    </extensions>
   </trkpt>
   <trkpt lat="46.9532657" lon="15.8585407">
    <ele>298</ele>
    <time>2026-07-09T10:19:17Z</time>
    <extensions>
     <gpxdata:distance>12795.00</gpxdata:distance>
     <gpxdata:speed>7.283</gpxdata:speed>
    </extensions>
   </trkpt>
   <trkpt lat="46.9532673" lon="15.8584455">
    <ele>298</ele>
    <time>2026-07-09T10:19:18Z</time>
    <extensions>
     <gpxdata:distance>12802.00</gpxdata:distance>
     <gpxdata:speed>7.264</gpxdata:speed>
    </extensions>
   </trkpt>
   <trkpt lat="46.9532700" lon="15.8583502">
    <ele>298</ele>
    <time>2026-07-09T10:19:19Z</time>
    <extensions>
     <gpxdata:distance>12809.00</gpxdata:distance>
     <gpxdata:speed>7.253</gpxdata:speed>
    </extensions>
   </trkpt>
   <trkpt lat="46.9532737" lon="15.8582546">
    <ele>298</ele>
    <time>2026-07-09T10:19:20Z</time>
    <extensions>
     <gpxdata:distance>12816.50</gpxdata:distance>
     <gpxdata:speed>7.250</gpxdata:speed>
    </extensions>
   </trkpt>
   <trkpt lat="46.9532785" lon="15.8581587">
    <ele>298</ele>
    <time>2026-07-09T10:19:21Z</time>
    <extensions>
     <gpxdata:distance>12824.00</gpxdata:distance>
     <gpxdata:speed>7.264</gpxdata:speed>
    </extensions>
   </trkpt>
   <trkpt lat="46.9532838" lon="15.8580629">
    <ele>298</ele>
    <time>2026-07-09T10:19:22Z</time>
    <extensions>
     <gpxdata:distance>12831.50</gpxdata:distance>
     <gpxdata:speed>7.278</gpxdata:speed>
    </extensions>
   </trkpt>
   <trkpt lat="46.9532892" lon="15.8579672">
    <ele>298</ele>
    <time>2026-07-09T10:19:23Z</time>
    <extensions>
     <gpxdata:distance>12839.00</gpxdata:distance>
     <gpxdata:speed>7.283</gpxdata:speed>
    </extensions>
   </trkpt>
   <trkpt lat="46.9532948" lon="15.8578717">
    <ele>298</ele>
    <time>2026-07-09T10:19:24Z</time>
    <extensions>
     <gpxdata:distance>12846.00</gpxdata:distance>
     <gpxdata:speed>7.286</gpxdata:speed>
    </extensions>
   </trkpt>
   <trkpt lat="46.9533007" lon="15.8577762">
    <ele>298</ele>
    <time>2026-07-09T10:19:25Z</time>
    <extensions>
     <gpxdata:distance>12853.00</gpxdata:distance>
     <gpxdata:speed>7.283</gpxdata:speed>
    </extensions>
   </trkpt>
   <trkpt lat="46.9533074" lon="15.8576807">
    <ele>298</ele>
    <time>2026-07-09T10:19:26Z</time>
    <extensions>
     <gpxdata:distance>12860.50</gpxdata:distance>
     <gpxdata:speed>7.286</gpxdata:speed>
    </extensions>
   </trkpt>
   <trkpt lat="46.9533145" lon="15.8575850">
    <ele>298</ele>
    <time>2026-07-09T10:19:27Z</time>
    <extensions>
     <gpxdata:distance>12868.00</gpxdata:distance>
     <gpxdata:speed>7.289</gpxdata:speed>
    </extensions>
   </trkpt>
   <trkpt lat="46.9533222" lon="15.8574889">
    <ele>298</ele>
    <time>2026-07-09T10:19:28Z</time>
    <extensions>
     <gpxdata:distance>12875.00</gpxdata:distance>
     <gpxdata:speed>7.300</gpxdata:speed>
    </extensions>
   </trkpt>
   <trkpt lat="46.9533300" lon="15.8573926">
    <ele>298</ele>
    <time>2026-07-09T10:19:29Z</time>
    <extensions>
     <gpxdata:distance>12882.00</gpxdata:distance>
     <gpxdata:speed>7.319</gpxdata:speed>
    </extensions>
   </trkpt>
   <trkpt lat="46.9533379" lon="15.8572965">
    <ele>298</ele>
    <time>2026-07-09T10:19:30Z</time>
    <extensions>
     <gpxdata:distance>12889.50</gpxdata:distance>
     <gpxdata:speed>7.336</gpxdata:speed>
    </extensions>
   </trkpt>
   <trkpt lat="46.9533456" lon="15.8572005">
    <ele>298</ele>
    <time>2026-07-09T10:19:31Z</time>
    <extensions>
     <gpxdata:distance>12897.00</gpxdata:distance>
     <gpxdata:speed>7.339</gpxdata:speed>
    </extensions>
   </trkpt>
   <trkpt lat="46.9533531" lon="15.8571043">
    <ele>298</ele>
    <time>2026-07-09T10:19:32Z</time>
    <extensions>
     <gpxdata:distance>12904.50</gpxdata:distance>
     <gpxdata:speed>7.342</gpxdata:speed>
    </extensions>
   </trkpt>
   <trkpt lat="46.9533603" lon="15.8570081">
    <ele>298</ele>
    <time>2026-07-09T10:19:33Z</time>
    <extensions>
     <gpxdata:distance>12912.00</gpxdata:distance>
     <gpxdata:speed>7.350</gpxdata:speed>
    </extensions>
   </trkpt>
   <trkpt lat="46.9533674" lon="15.8569119">
    <ele>298</ele>
    <time>2026-07-09T10:19:34Z</time>
    <extensions>
     <gpxdata:distance>12919.50</gpxdata:distance>
     <gpxdata:speed>7.350</gpxdata:speed>
    </extensions>
   </trkpt>
   <trkpt lat="46.9533748" lon="15.8568162">
    <ele>298</ele>
    <time>2026-07-09T10:19:35Z</time>
    <extensions>
     <gpxdata:distance>12927.00</gpxdata:distance>
     <gpxdata:speed>7.350</gpxdata:speed>
    </extensions>
   </trkpt>
   <trkpt lat="46.9533826" lon="15.8567206">
    <ele>298</ele>
    <time>2026-07-09T10:19:36Z</time>
    <extensions>
     <gpxdata:distance>12934.00</gpxdata:distance>
     <gpxdata:speed>7.339</gpxdata:speed>
    </extensions>
   </trkpt>
   <trkpt lat="46.9533904" lon="15.8566256">
    <ele>298</ele>
    <time>2026-07-09T10:19:37Z</time>
    <extensions>
     <gpxdata:distance>12941.00</gpxdata:distance>
     <gpxdata:speed>7.331</gpxdata:speed>
    </extensions>
   </trkpt>
   <trkpt lat="46.9533982" lon="15.8565313">
    <ele>298</ele>
    <time>2026-07-09T10:19:38Z</time>
    <extensions>
     <gpxdata:distance>12948.50</gpxdata:distance>
     <gpxdata:speed>7.308</gpxdata:speed>
    </extensions>
   </trkpt>
   <trkpt lat="46.9534057" lon="15.8564374">
    <ele>298</ele>
    <time>2026-07-09T10:19:39Z</time>
    <extensions>
     <gpxdata:distance>12956.00</gpxdata:distance>
     <gpxdata:speed>7.278</gpxdata:speed>
    </extensions>
   </trkpt>
   <trkpt lat="46.9534134" lon="15.8563435">
    <ele>298</ele>
    <time>2026-07-09T10:19:40Z</time>
    <extensions>
     <gpxdata:distance>12963.00</gpxdata:distance>
     <gpxdata:speed>7.244</gpxdata:speed>
    </extensions>
   </trkpt>
   <trkpt lat="46.9534210" lon="15.8562496">
    <ele>299</ele>
    <time>2026-07-09T10:19:41Z</time>
    <extensions>
     <gpxdata:distance>12970.00</gpxdata:distance>
     <gpxdata:speed>7.228</gpxdata:speed>
    </extensions>
   </trkpt>
   <trkpt lat="46.9534286" lon="15.8561562">
    <ele>299</ele>
    <time>2026-07-09T10:19:42Z</time>
    <extensions>
     <gpxdata:distance>12977.00</gpxdata:distance>
     <gpxdata:speed>7.211</gpxdata:speed>
    </extensions>
   </trkpt>
   <trkpt lat="46.9534364" lon="15.8560638">
    <ele>299</ele>
    <time>2026-07-09T10:19:43Z</time>
    <extensions>
     <gpxdata:distance>12984.00</gpxdata:distance>
     <gpxdata:speed>7.186</gpxdata:speed>
    </extensions>
   </trkpt>
   <trkpt lat="46.9534440" lon="15.8559718">
    <ele>299</ele>
    <time>2026-07-09T10:19:44Z</time>
    <extensions>
     <gpxdata:distance>12991.00</gpxdata:distance>
     <gpxdata:speed>7.144</gpxdata:speed>
    </extensions>
   </trkpt>
   <trkpt lat="46.9534514" lon="15.8558801">
    <ele>299</ele>
    <time>2026-07-09T10:19:45Z</time>
    <extensions>
     <gpxdata:distance>12998.00</gpxdata:distance>
     <gpxdata:speed>7.108</gpxdata:speed>
    </extensions>
   </trkpt>
   <trkpt lat="46.9534583" lon="15.8557884">
    <ele>299</ele>
    <time>2026-07-09T10:19:46Z</time>
    <extensions>
     <gpxdata:distance>13005.00</gpxdata:distance>
     <gpxdata:speed>7.075</gpxdata:speed>
    </extensions>
   </trkpt>
   <trkpt lat="46.9534652" lon="15.8556965">
    <ele>299</ele>
    <time>2026-07-09T10:19:47Z</time>
    <extensions>
     <gpxdata:distance>13012.00</gpxdata:distance>
     <gpxdata:speed>7.053</gpxdata:speed>
    </extensions>
   </trkpt>
   <trkpt lat="46.9534723" lon="15.8556048">
    <ele>299</ele>
    <time>2026-07-09T10:19:48Z</time>
    <extensions>
     <gpxdata:distance>13019.00</gpxdata:distance>
     <gpxdata:speed>7.042</gpxdata:speed>
    </extensions>
   </trkpt>
   <trkpt lat="46.9534789" lon="15.8555128">
    <ele>299</ele>
    <time>2026-07-09T10:19:49Z</time>
    <extensions>
     <gpxdata:distance>13026.00</gpxdata:distance>
     <gpxdata:speed>7.031</gpxdata:speed>
    </extensions>
   </trkpt>
   <trkpt lat="46.9534853" lon="15.8554205">
    <ele>299</ele>
    <time>2026-07-09T10:19:50Z</time>
    <extensions>
     <gpxdata:distance>13033.00</gpxdata:distance>
     <gpxdata:speed>7.031</gpxdata:speed>
    </extensions>
   </trkpt>
   <trkpt lat="46.9534913" lon="15.8553278">
    <ele>299</ele>
    <time>2026-07-09T10:19:51Z</time>
    <extensions>
     <gpxdata:distance>13040.00</gpxdata:distance>
     <gpxdata:speed>7.039</gpxdata:speed>
    </extensions>
   </trkpt>
   <trkpt lat="46.9534965" lon="15.8552351">
    <ele>299</ele>
    <time>2026-07-09T10:19:52Z</time>
    <extensions>
     <gpxdata:distance>13047.50</gpxdata:distance>
     <gpxdata:speed>7.050</gpxdata:speed>
    </extensions>
   </trkpt>
   <trkpt lat="46.9535006" lon="15.8551428">
    <ele>299</ele>
    <time>2026-07-09T10:19:53Z</time>
    <extensions>
     <gpxdata:distance>13055.00</gpxdata:distance>
     <gpxdata:speed>7.053</gpxdata:speed>
    </extensions>
   </trkpt>
   <trkpt lat="46.9535027" lon="15.8550512">
    <ele>299</ele>
    <time>2026-07-09T10:19:54Z</time>
    <extensions>
     <gpxdata:distance>13061.50</gpxdata:distance>
     <gpxdata:speed>7.039</gpxdata:speed>
    </extensions>
   </trkpt>
   <trkpt lat="46.9535029" lon="15.8549605">
    <ele>299</ele>
    <time>2026-07-09T10:19:55Z</time>
    <extensions>
     <gpxdata:distance>13068.00</gpxdata:distance>
     <gpxdata:speed>7.011</gpxdata:speed>
    </extensions>
   </trkpt>
   <trkpt lat="46.9535012" lon="15.8548702">
    <ele>299</ele>
    <time>2026-07-09T10:19:56Z</time>
    <extensions>
     <gpxdata:distance>13075.00</gpxdata:distance>
     <gpxdata:speed>6.969</gpxdata:speed>
    </extensions>
   </trkpt>
   <trkpt lat="46.9534977" lon="15.8547798">
    <ele>299</ele>
    <time>2026-07-09T10:19:57Z</time>
    <extensions>
     <gpxdata:distance>13082.00</gpxdata:distance>
     <gpxdata:speed>6.933</gpxdata:speed>
    </extensions>
   </trkpt>
   <trkpt lat="46.9534926" lon="15.8546895">
    <ele>299</ele>
    <time>2026-07-09T10:19:58Z</time>
    <extensions>
     <gpxdata:distance>13089.00</gpxdata:distance>
     <gpxdata:speed>6.919</gpxdata:speed>
    </extensions>
   </trkpt>
   <trkpt lat="46.9534857" lon="15.8545998">
    <ele>299</ele>
    <time>2026-07-09T10:19:59Z</time>
    <extensions>
     <gpxdata:distance>13096.00</gpxdata:distance>
     <gpxdata:speed>6.908</gpxdata:speed>
    </extensions>
   </trkpt>
   <trkpt lat="46.9534778" lon="15.8545101">
    <ele>299</ele>
    <time>2026-07-09T10:20:00Z</time>
    <extensions>
     <gpxdata:distance>13103.00</gpxdata:distance>
     <gpxdata:speed>6.889</gpxdata:speed>
    </extensions>
   </trkpt>
   <trkpt lat="46.9534683" lon="15.8544203">
    <ele>299</ele>
    <time>2026-07-09T10:20:01Z</time>
    <extensions>
     <gpxdata:distance>13110.00</gpxdata:distance>
     <gpxdata:speed>6.881</gpxdata:speed>
    </extensions>
   </trkpt>
   <trkpt lat="46.9534581" lon="15.8543302">
    <ele>299</ele>
    <time>2026-07-09T10:20:02Z</time>
    <extensions>
     <gpxdata:distance>13117.00</gpxdata:distance>
     <gpxdata:speed>6.892</gpxdata:speed>
    </extensions>
   </trkpt>
   <trkpt lat="46.9534472" lon="15.8542403">
    <ele>299</ele>
    <time>2026-07-09T10:20:03Z</time>
    <extensions>
     <gpxdata:distance>13124.00</gpxdata:distance>
     <gpxdata:speed>6.906</gpxdata:speed>
    </extensions>
   </trkpt>
   <trkpt lat="46.9534355" lon="15.8541511">
    <ele>299</ele>
    <time>2026-07-09T10:20:04Z</time>
    <extensions>
     <gpxdata:distance>13130.50</gpxdata:distance>
     <gpxdata:speed>6.917</gpxdata:speed>
    </extensions>
   </trkpt>
   <trkpt lat="46.9534231" lon="15.8540628">
    <ele>299</ele>
    <time>2026-07-09T10:20:05Z</time>
    <extensions>
     <gpxdata:distance>13137.00</gpxdata:distance>
     <gpxdata:speed>6.906</gpxdata:speed>
    </extensions>
   </trkpt>
   <trkpt lat="46.9534097" lon="15.8539753">
    <ele>299</ele>
    <time>2026-07-09T10:20:06Z</time>
    <extensions>
     <gpxdata:distance>13144.00</gpxdata:distance>
     <gpxdata:speed>6.883</gpxdata:speed>
    </extensions>
   </trkpt>
   <trkpt lat="46.9533954" lon="15.8538887">
    <ele>300</ele>
    <time>2026-07-09T10:20:07Z</time>
    <extensions>
     <gpxdata:distance>13151.00</gpxdata:distance>
     <gpxdata:speed>6.858</gpxdata:speed>
    </extensions>
   </trkpt>
   <trkpt lat="46.9533804" lon="15.8538023">
    <ele>300</ele>
    <time>2026-07-09T10:20:08Z</time>
    <extensions>
     <gpxdata:distance>13158.00</gpxdata:distance>
     <gpxdata:speed>6.831</gpxdata:speed>
    </extensions>
   </trkpt>
   <trkpt lat="46.9533646" lon="15.8537166">
    <ele>300</ele>
    <time>2026-07-09T10:20:09Z</time>
    <extensions>
     <gpxdata:distance>13165.00</gpxdata:distance>
     <gpxdata:speed>6.814</gpxdata:speed>
    </extensions>
   </trkpt>
   <trkpt lat="46.9533481" lon="15.8536312">
    <ele>300</ele>
    <time>2026-07-09T10:20:10Z</time>
    <extensions>
     <gpxdata:distance>13171.50</gpxdata:distance>
     <gpxdata:speed>6.792</gpxdata:speed>
    </extensions>
   </trkpt>
   <trkpt lat="46.9533311" lon="15.8535457">
    <ele>300</ele>
    <time>2026-07-09T10:20:11Z</time>
    <extensions>
     <gpxdata:distance>13178.00</gpxdata:distance>
     <gpxdata:speed>6.775</gpxdata:speed>
    </extensions>
   </trkpt>
   <trkpt lat="46.9533126" lon="15.8534611">
    <ele>300</ele>
    <time>2026-07-09T10:20:12Z</time>
    <extensions>
     <gpxdata:distance>13185.00</gpxdata:distance>
     <gpxdata:speed>6.772</gpxdata:speed>
    </extensions>
   </trkpt>
   <trkpt lat="46.9532940" lon="15.8533760">
    <ele>300</ele>
    <time>2026-07-09T10:20:13Z</time>
    <extensions>
     <gpxdata:distance>13192.00</gpxdata:distance>
     <gpxdata:speed>6.767</gpxdata:speed>
    </extensions>
   </trkpt>
   <trkpt lat="46.9532758" lon="15.8532904">
    <ele>300</ele>
    <time>2026-07-09T10:20:14Z</time>
    <extensions>
     <gpxdata:distance>13198.50</gpxdata:distance>
     <gpxdata:speed>6.775</gpxdata:speed>
    </extensions>
   </trkpt>
   <trkpt lat="46.9532582" lon="15.8532048">
    <ele>300</ele>
    <time>2026-07-09T10:20:15Z</time>
    <extensions>
     <gpxdata:distance>13205.00</gpxdata:distance>
     <gpxdata:speed>6.786</gpxdata:speed>
    </extensions>
   </trkpt>
   <trkpt lat="46.9532405" lon="15.8531187">
    <ele>300</ele>
    <time>2026-07-09T10:20:16Z</time>
    <extensions>
     <gpxdata:distance>13212.00</gpxdata:distance>
     <gpxdata:speed>6.789</gpxdata:speed>
    </extensions>
   </trkpt>
   <trkpt lat="46.9532229" lon="15.8530319">
    <ele>300</ele>
    <time>2026-07-09T10:20:17Z</time>
    <extensions>
     <gpxdata:distance>13219.00</gpxdata:distance>
     <gpxdata:speed>6.806</gpxdata:speed>
    </extensions>
   </trkpt>
   <trkpt lat="46.9532062" lon="15.8529447">
    <ele>300</ele>
    <time>2026-07-09T10:20:18Z</time>
    <extensions>
     <gpxdata:distance>13226.00</gpxdata:distance>
     <gpxdata:speed>6.833</gpxdata:speed>
    </extensions>
   </trkpt>
   <trkpt lat="46.9531907" lon="15.8528572">
    <ele>300</ele>
    <time>2026-07-09T10:20:19Z</time>
    <extensions>
     <gpxdata:distance>13233.00</gpxdata:distance>
     <gpxdata:speed>6.847</gpxdata:speed>
    </extensions>
   </trkpt>
   <trkpt lat="46.9531765" lon="15.8527694">
    <ele>300</ele>
    <time>2026-07-09T10:20:20Z</time>
    <extensions>
     <gpxdata:distance>13239.50</gpxdata:distance>
     <gpxdata:speed>6.850</gpxdata:speed>
    </extensions>
   </trkpt>
   <trkpt lat="46.9531640" lon="15.8526815">
    <ele>300</ele>
    <time>2026-07-09T10:20:21Z</time>
    <extensions>
     <gpxdata:distance>13246.00</gpxdata:distance>
     <gpxdata:speed>6.853</gpxdata:speed>
    </extensions>
   </trkpt>
   <trkpt lat="46.9531523" lon="15.8525941">
    <ele>300</ele>
    <time>2026-07-09T10:20:22Z</time>
    <extensions>
     <gpxdata:distance>13253.00</gpxdata:distance>
     <gpxdata:speed>6.839</gpxdata:speed>
    </extensions>
   </trkpt>
   <trkpt lat="46.9531414" lon="15.8525070">
    <ele>300</ele>
    <time>2026-07-09T10:20:23Z</time>
    <extensions>
     <gpxdata:distance>13260.00</gpxdata:distance>
     <gpxdata:speed>6.814</gpxdata:speed>
    </extensions>
   </trkpt>
   <trkpt lat="46.9531318" lon="15.8524199">
    <ele>300</ele>
    <time>2026-07-09T10:20:24Z</time>
    <extensions>
     <gpxdata:distance>13266.50</gpxdata:distance>
     <gpxdata:speed>6.786</gpxdata:speed>
    </extensions>
   </trkpt>
   <trkpt lat="46.9531241" lon="15.8523327">
    <ele>300</ele>
    <time>2026-07-09T10:20:25Z</time>
    <extensions>
     <gpxdata:distance>13273.00</gpxdata:distance>
     <gpxdata:speed>6.756</gpxdata:speed>
    </extensions>
   </trkpt>
   <trkpt lat="46.9531180" lon="15.8522456">
    <ele>300</ele>
    <time>2026-07-09T10:20:26Z</time>
    <extensions>
     <gpxdata:distance>13280.00</gpxdata:distance>
     <gpxdata:speed>6.733</gpxdata:speed>
    </extensions>
   </trkpt>
   <trkpt lat="46.9531129" lon="15.8521586">
    <ele>300</ele>
    <time>2026-07-09T10:20:27Z</time>
    <extensions>
     <gpxdata:distance>13287.00</gpxdata:distance>
     <gpxdata:speed>6.706</gpxdata:speed>
    </extensions>
   </trkpt>
   <trkpt lat="46.9531091" lon="15.8520720">
    <ele>300</ele>
    <time>2026-07-09T10:20:28Z</time>
    <extensions>
     <gpxdata:distance>13293.50</gpxdata:distance>
     <gpxdata:speed>6.683</gpxdata:speed>
    </extensions>
   </trkpt>
   <trkpt lat="46.9531070" lon="15.8519859">
    <ele>300</ele>
    <time>2026-07-09T10:20:29Z</time>
    <extensions>
     <gpxdata:distance>13300.00</gpxdata:distance>
     <gpxdata:speed>6.647</gpxdata:speed>
    </extensions>
   </trkpt>
   <trkpt lat="46.9531063" lon="15.8518998">
    <ele>300</ele>
    <time>2026-07-09T10:20:30Z</time>
    <extensions>
     <gpxdata:distance>13306.50</gpxdata:distance>
     <gpxdata:speed>6.608</gpxdata:speed>
    </extensions>
   </trkpt>
   <trkpt lat="46.9531064" lon="15.8518134">
    <ele>300</ele>
    <time>2026-07-09T10:20:31Z</time>
    <extensions>
     <gpxdata:distance>13313.00</gpxdata:distance>
     <gpxdata:speed>6.586</gpxdata:speed>
    </extensions>
   </trkpt>
   <trkpt lat="46.9531072" lon="15.8517262">
    <ele>300</ele>
    <time>2026-07-09T10:20:32Z</time>
    <extensions>
     <gpxdata:distance>13319.50</gpxdata:distance>
     <gpxdata:speed>6.581</gpxdata:speed>
    </extensions>
   </trkpt>
   <trkpt lat="46.9531089" lon="15.8516385">
    <ele>300</ele>
    <time>2026-07-09T10:20:33Z</time>
    <extensions>
     <gpxdata:distance>13326.00</gpxdata:distance>
     <gpxdata:speed>6.597</gpxdata:speed>
    </extensions>
   </trkpt>
   <trkpt lat="46.9531115" lon="15.8515504">
    <ele>300</ele>
    <time>2026-07-09T10:20:34Z</time>
    <extensions>
     <gpxdata:distance>13332.50</gpxdata:distance>
     <gpxdata:speed>6.625</gpxdata:speed>
    </extensions>
   </trkpt>
   <trkpt lat="46.9531153" lon="15.8514625">
    <ele>300</ele>
    <time>2026-07-09T10:20:35Z</time>
    <extensions>
     <gpxdata:distance>13339.00</gpxdata:distance>
     <gpxdata:speed>6.647</gpxdata:speed>
    </extensions>
   </trkpt>
   <trkpt lat="46.9531213" lon="15.8513743">
    <ele>300</ele>
    <time>2026-07-09T10:20:36Z</time>
    <extensions>
     <gpxdata:distance>13346.00</gpxdata:distance>
     <gpxdata:speed>6.658</gpxdata:speed>
    </extensions>
   </trkpt>
   <trkpt lat="46.9531299" lon="15.8512860">
    <ele>300</ele>
    <time>2026-07-09T10:20:37Z</time>
    <extensions>
     <gpxdata:distance>13353.00</gpxdata:distance>
     <gpxdata:speed>6.686</gpxdata:speed>
    </extensions>
   </trkpt>
   <trkpt lat="46.9531408" lon="15.8511977">
    <ele>300</ele>
    <time>2026-07-09T10:20:38Z</time>
    <extensions>
     <gpxdata:distance>13360.00</gpxdata:distance>
     <gpxdata:speed>6.725</gpxdata:speed>
    </extensions>
   </trkpt>
   <trkpt lat="46.9531532" lon="15.8511096">
    <ele>300</ele>
    <time>2026-07-09T10:20:39Z</time>
    <extensions>
     <gpxdata:distance>13367.00</gpxdata:distance>
     <gpxdata:speed>6.756</gpxdata:speed>
    </extensions>
   </trkpt>
   <trkpt lat="46.9531668" lon="15.8510221">
    <ele>300</ele>
    <time>2026-07-09T10:20:40Z</time>
    <extensions>
     <gpxdata:distance>13373.50</gpxdata:distance>
     <gpxdata:speed>6.781</gpxdata:speed>
    </extensions>
   </trkpt>
   <trkpt lat="46.9531815" lon="15.8509358">
    <ele>300</ele>
    <time>2026-07-09T10:20:41Z</time>
    <extensions>
     <gpxdata:distance>13380.00</gpxdata:distance>
     <gpxdata:speed>6.794</gpxdata:speed>
    </extensions>
   </trkpt>
   <trkpt lat="46.9531975" lon="15.8508509">
    <ele>300</ele>
    <time>2026-07-09T10:20:42Z</time>
    <extensions>
     <gpxdata:distance>13387.00</gpxdata:distance>
     <gpxdata:speed>6.778</gpxdata:speed>
    </extensions>
   </trkpt>
   <trkpt lat="46.9532147" lon="15.8507681">
    <ele>300</ele>
    <time>2026-07-09T10:20:43Z</time>
    <extensions>
     <gpxdata:distance>13394.00</gpxdata:distance>
     <gpxdata:speed>6.744</gpxdata:speed>
    </extensions>
   </trkpt>
   <trkpt lat="46.9532326" lon="15.8506866">
    <ele>300</ele>
    <time>2026-07-09T10:20:44Z</time>
    <extensions>
     <gpxdata:distance>13400.00</gpxdata:distance>
     <gpxdata:speed>6.681</gpxdata:speed>
    </extensions>
   </trkpt>
   <trkpt lat="46.9532511" lon="15.8506062">
    <ele>300</ele>
    <time>2026-07-09T10:20:45Z</time>
    <extensions>
     <gpxdata:distance>13406.00</gpxdata:distance>
     <gpxdata:speed>6.622</gpxdata:speed>
    </extensions>
   </trkpt>
   <trkpt lat="46.9532701" lon="15.8505261">
    <ele>300</ele>
    <time>2026-07-09T10:20:46Z</time>
    <extensions>
     <gpxdata:distance>13412.50</gpxdata:distance>
     <gpxdata:speed>6.561</gpxdata:speed>
    </extensions>
   </trkpt>
   <trkpt lat="46.9532898" lon="15.8504461">
    <ele>300</ele>
    <time>2026-07-09T10:20:47Z</time>
    <extensions>
     <gpxdata:distance>13419.00</gpxdata:distance>
     <gpxdata:speed>6.525</gpxdata:speed>
    </extensions>
   </trkpt>
   <trkpt lat="46.9533106" lon="15.8503663">
    <ele>300</ele>
    <time>2026-07-09T10:20:48Z</time>
    <extensions>
     <gpxdata:distance>13425.50</gpxdata:distance>
     <gpxdata:speed>6.506</gpxdata:speed>
    </extensions>
   </trkpt>
   <trkpt lat="46.9533324" lon="15.8502870">
    <ele>300</ele>
    <time>2026-07-09T10:20:49Z</time>
    <extensions>
     <gpxdata:distance>13432.00</gpxdata:distance>
     <gpxdata:speed>6.500</gpxdata:speed>
    </extensions>
   </trkpt>
   <trkpt lat="46.9533546" lon="15.8502086">
    <ele>300</ele>
    <time>2026-07-09T10:20:50Z</time>
    <extensions>
     <gpxdata:distance>13438.50</gpxdata:distance>
     <gpxdata:speed>6.492</gpxdata:speed>
    </extensions>
   </trkpt>
   <trkpt lat="46.9533771" lon="15.8501305">
    <ele>300</ele>
    <time>2026-07-09T10:20:51Z</time>
    <extensions>
     <gpxdata:distance>13445.00</gpxdata:distance>
     <gpxdata:speed>6.467</gpxdata:speed>
    </extensions>
   </trkpt>
   <trkpt lat="46.9533994" lon="15.8500529">
    <ele>301</ele>
    <time>2026-07-09T10:20:52Z</time>
    <extensions>
     <gpxdata:distance>13451.50</gpxdata:distance>
     <gpxdata:speed>6.453</gpxdata:speed>
    </extensions>
   </trkpt>
   <trkpt lat="46.9534221" lon="15.8499764">
    <ele>301</ele>
    <time>2026-07-09T10:20:53Z</time>
    <extensions>
     <gpxdata:distance>13458.00</gpxdata:distance>
     <gpxdata:speed>6.431</gpxdata:speed>
    </extensions>
   </trkpt>
   <trkpt lat="46.9534454" lon="15.8499009">
    <ele>301</ele>
    <time>2026-07-09T10:20:54Z</time>
    <extensions>
     <gpxdata:distance>13464.50</gpxdata:distance>
     <gpxdata:speed>6.392</gpxdata:speed>
    </extensions>
   </trkpt>
   <trkpt lat="46.9534688" lon="15.8498259">
    <ele>301</ele>
    <time>2026-07-09T10:20:55Z</time>
    <extensions>
     <gpxdata:distance>13471.00</gpxdata:distance>
     <gpxdata:speed>6.358</gpxdata:speed>
    </extensions>
   </trkpt>
   <trkpt lat="46.9534917" lon="15.8497518">
    <ele>301</ele>
    <time>2026-07-09T10:20:56Z</time>
    <extensions>
     <gpxdata:distance>13477.00</gpxdata:distance>
     <gpxdata:speed>6.325</gpxdata:speed>
    </extensions>
   </trkpt>
   <trkpt lat="46.9535151" lon="15.8496790">
    <ele>301</ele>
    <time>2026-07-09T10:20:57Z</time>
    <extensions>
     <gpxdata:distance>13483.00</gpxdata:distance>
     <gpxdata:speed>6.275</gpxdata:speed>
    </extensions>
   </trkpt>
   <trkpt lat="46.9535412" lon="15.8496085">
    <ele>301</ele>
    <time>2026-07-09T10:20:58Z</time>
    <extensions>
     <gpxdata:distance>13489.00</gpxdata:distance>
     <gpxdata:speed>6.217</gpxdata:speed>
    </extensions>
   </trkpt>
   <trkpt lat="46.9535729" lon="15.8495430">
    <ele>301</ele>
    <time>2026-07-09T10:20:59Z</time>
    <extensions>
     <gpxdata:distance>13495.00</gpxdata:distance>
     <gpxdata:speed>6.178</gpxdata:speed>
    </extensions>
   </trkpt>
   <trkpt lat="46.9536118" lon="15.8494843">
    <ele>301</ele>
    <time>2026-07-09T10:21:00Z</time>
    <extensions>
     <gpxdata:distance>13501.50</gpxdata:distance>
     <gpxdata:speed>6.172</gpxdata:speed>
    </extensions>
   </trkpt>
   <trkpt lat="46.9536556" lon="15.8494327">
    <ele>301</ele>
    <time>2026-07-09T10:21:01Z</time>
    <extensions>
     <gpxdata:distance>13508.00</gpxdata:distance>
     <gpxdata:speed>6.214</gpxdata:speed>
    </extensions>
   </trkpt>
   <trkpt lat="46.9537021" lon="15.8493884">
    <ele>301</ele>
    <time>2026-07-09T10:21:02Z</time>
    <extensions>
     <gpxdata:distance>13514.00</gpxdata:distance>
     <gpxdata:speed>6.228</gpxdata:speed>
    </extensions>
   </trkpt>
   <trkpt lat="46.9537499" lon="15.8493521">
    <ele>301</ele>
    <time>2026-07-09T10:21:03Z</time>
    <extensions>
     <gpxdata:distance>13520.00</gpxdata:distance>
     <gpxdata:speed>6.194</gpxdata:speed>
    </extensions>
   </trkpt>
   <trkpt lat="46.9537999" lon="15.8493272">
    <ele>301</ele>
    <time>2026-07-09T10:21:04Z</time>
    <extensions>
     <gpxdata:distance>13526.00</gpxdata:distance>
     <gpxdata:speed>6.100</gpxdata:speed>
    </extensions>
   </trkpt>
   <trkpt lat="46.9538534" lon="15.8493196">
    <ele>301</ele>
    <time>2026-07-09T10:21:05Z</time>
    <extensions>
     <gpxdata:distance>13532.00</gpxdata:distance>
     <gpxdata:speed>6.028</gpxdata:speed>
    </extensions>
   </trkpt>
   <trkpt lat="46.9539087" lon="15.8493355">
    <ele>301</ele>
    <time>2026-07-09T10:21:06Z</time>
    <extensions>
     <gpxdata:distance>13538.50</gpxdata:distance>
     <gpxdata:speed>6.058</gpxdata:speed>
    </extensions>
   </trkpt>
   <trkpt lat="46.9539640" lon="15.8493710">
    <ele>300</ele>
    <time>2026-07-09T10:21:07Z</time>
    <extensions>
     <gpxdata:distance>13545.00</gpxdata:distance>
     <gpxdata:speed>6.194</gpxdata:speed>
    </extensions>
   </trkpt>
   <trkpt lat="46.9540202" lon="15.8494130">
    <ele>300</ele>
    <time>2026-07-09T10:21:08Z</time>
    <extensions>
     <gpxdata:distance>13552.00</gpxdata:distance>
     <gpxdata:speed>6.397</gpxdata:speed>
    </extensions>
   </trkpt>
   <trkpt lat="46.9540790" lon="15.8494493">
    <ele>300</ele>
    <time>2026-07-09T10:21:09Z</time>
    <extensions>
     <gpxdata:distance>13559.00</gpxdata:distance>
     <gpxdata:speed>6.586</gpxdata:speed>
    </extensions>
   </trkpt>
   <trkpt lat="46.9541404" lon="15.8494720">
    <ele>300</ele>
    <time>2026-07-09T10:21:10Z</time>
    <extensions>
     <gpxdata:distance>13566.00</gpxdata:distance>
     <gpxdata:speed>6.739</gpxdata:speed>
    </extensions>
   </trkpt>
   <trkpt lat="46.9542027" lon="15.8494763">
    <ele>300</ele>
    <time>2026-07-09T10:21:11Z</time>
    <extensions>
     <gpxdata:distance>13573.00</gpxdata:distance>
     <gpxdata:speed>6.853</gpxdata:speed>
    </extensions>
   </trkpt>
   <trkpt lat="46.9542618" lon="15.8494585">
    <ele>300</ele>
    <time>2026-07-09T10:21:12Z</time>
    <extensions>
     <gpxdata:distance>13579.50</gpxdata:distance>
     <gpxdata:speed>6.914</gpxdata:speed>
    </extensions>
   </trkpt>
   <trkpt lat="46.9543142" lon="15.8494181">
    <ele>300</ele>
    <time>2026-07-09T10:21:13Z</time>
    <extensions>
     <gpxdata:distance>13586.00</gpxdata:distance>
     <gpxdata:speed>6.883</gpxdata:speed>
    </extensions>
   </trkpt>
   <trkpt lat="46.9543571" lon="15.8493564">
    <ele>300</ele>
    <time>2026-07-09T10:21:14Z</time>
    <extensions>
     <gpxdata:distance>13593.00</gpxdata:distance>
     <gpxdata:speed>6.789</gpxdata:speed>
    </extensions>
   </trkpt>
   <trkpt lat="46.9543881" lon="15.8492771">
    <ele>300</ele>
    <time>2026-07-09T10:21:15Z</time>
    <extensions>
     <gpxdata:distance>13600.00</gpxdata:distance>
     <gpxdata:speed>6.808</gpxdata:speed>
    </extensions>
   </trkpt>
   <trkpt lat="46.9544043" lon="15.8491876">
    <ele>300</ele>
    <time>2026-07-09T10:21:16Z</time>
    <extensions>
     <gpxdata:distance>13607.00</gpxdata:distance>
     <gpxdata:speed>6.933</gpxdata:speed>
    </extensions>
   </trkpt>
   <trkpt lat="46.9544068" lon="15.8490959">
    <ele>300</ele>
    <time>2026-07-09T10:21:17Z</time>
    <extensions>
     <gpxdata:distance>13614.00</gpxdata:distance>
     <gpxdata:speed>6.964</gpxdata:speed>
    </extensions>
   </trkpt>
   <trkpt lat="46.9544000" lon="15.8490073">
    <ele>300</ele>
    <time>2026-07-09T10:21:18Z</time>
    <extensions>
     <gpxdata:distance>13620.50</gpxdata:distance>
     <gpxdata:speed>6.917</gpxdata:speed>
    </extensions>
   </trkpt>
   <trkpt lat="46.9543905" lon="15.8489235">
    <ele>300</ele>
    <time>2026-07-09T10:21:19Z</time>
    <extensions>
     <gpxdata:distance>13627.00</gpxdata:distance>
     <gpxdata:speed>6.794</gpxdata:speed>
    </extensions>
   </trkpt>
   <trkpt lat="46.9543846" lon="15.8488444">
    <ele>300</ele>
    <time>2026-07-09T10:21:20Z</time>
    <extensions>
     <gpxdata:distance>13633.00</gpxdata:distance>
     <gpxdata:speed>6.392</gpxdata:speed>
    </extensions>
   </trkpt>
   <trkpt lat="46.9543871" lon="15.8487709">
    <ele>300</ele>
    <time>2026-07-09T10:21:21Z</time>
    <extensions>
     <gpxdata:distance>13639.00</gpxdata:distance>
     <gpxdata:speed>6.072</gpxdata:speed>
    </extensions>
   </trkpt>
   <trkpt lat="46.9543961" lon="15.8487233">
    <ele>300</ele>
    <time>2026-07-09T10:21:22Z</time>
    <extensions>
     <gpxdata:distance>13644.00</gpxdata:distance>
     <gpxdata:speed>5.750</gpxdata:speed>
    </extensions>
   </trkpt>
   <trkpt lat="46.9544131" lon="15.8486678">
    <ele>300</ele>
    <time>2026-07-09T10:21:23Z</time>
    <extensions>
     <gpxdata:distance>13649.00</gpxdata:distance>
     <gpxdata:speed>5.417</gpxdata:speed>
    </extensions>
   </trkpt>
   <trkpt lat="46.9544328" lon="15.8486107">
    <ele>300</ele>
    <time>2026-07-09T10:21:24Z</time>
    <extensions>
     <gpxdata:distance>13654.00</gpxdata:distance>
     <gpxdata:speed>5.158</gpxdata:speed>
    </extensions>
   </trkpt>
   <trkpt lat="46.9544525" lon="15.8485528">
    <ele>300</ele>
    <time>2026-07-09T10:21:25Z</time>
    <extensions>
     <gpxdata:distance>13659.00</gpxdata:distance>
     <gpxdata:speed>5.056</gpxdata:speed>
    </extensions>
   </trkpt>
   <trkpt lat="46.9544725" lon="15.8484962">
    <ele>300</ele>
    <time>2026-07-09T10:21:26Z</time>
    <extensions>
     <gpxdata:distance>13664.00</gpxdata:distance>
     <gpxdata:speed>4.994</gpxdata:speed>
    </extensions>
   </trkpt>
   <trkpt lat="46.9544925" lon="15.8484442">
    <ele>300</ele>
    <time>2026-07-09T10:21:27Z</time>
    <extensions>
     <gpxdata:distance>13669.00</gpxdata:distance>
     <gpxdata:speed>4.861</gpxdata:speed>
    </extensions>
   </trkpt>
   <trkpt lat="46.9545081" lon="15.8483986">
    <ele>300</ele>
    <time>2026-07-09T10:21:28Z</time>
    <extensions>
     <gpxdata:distance>13672.50</gpxdata:distance>
     <gpxdata:speed>4.506</gpxdata:speed>
    </extensions>
   </trkpt>
   <trkpt lat="46.9545147" lon="15.8483572">
    <ele>300</ele>
    <time>2026-07-09T10:21:29Z</time>
    <extensions>
     <gpxdata:distance>13676.00</gpxdata:distance>
     <gpxdata:speed>3.817</gpxdata:speed>
    </extensions>
   </trkpt>
   <trkpt lat="46.9545129" lon="15.8483162">
    <ele>300</ele>
    <time>2026-07-09T10:21:30Z</time>
    <extensions>
     <gpxdata:distance>13679.00</gpxdata:distance>
     <gpxdata:speed>3.408</gpxdata:speed>
    </extensions>
   </trkpt>
   <trkpt lat="46.9545064" lon="15.8482720">
    <ele>300</ele>
    <time>2026-07-09T10:21:31Z</time>
    <extensions>
     <gpxdata:distance>13682.00</gpxdata:distance>
     <gpxdata:speed>3.408</gpxdata:speed>
    </extensions>
   </trkpt>
   <trkpt lat="46.9544987" lon="15.8482232">
    <ele>300</ele>
    <time>2026-07-09T10:21:32Z</time>
    <extensions>
     <gpxdata:distance>13686.00</gpxdata:distance>
     <gpxdata:speed>3.628</gpxdata:speed>
    </extensions>
   </trkpt>
   <trkpt lat="46.9544916" lon="15.8481696">
    <ele>300</ele>
    <time>2026-07-09T10:21:33Z</time>
    <extensions>
     <gpxdata:distance>13690.00</gpxdata:distance>
     <gpxdata:speed>3.769</gpxdata:speed>
    </extensions>
   </trkpt>
   <trkpt lat="46.9544866" lon="15.8481114">
    <ele>300</ele>
    <time>2026-07-09T10:21:34Z</time>
    <extensions>
     <gpxdata:distance>13694.50</gpxdata:distance>
     <gpxdata:speed>3.956</gpxdata:speed>
    </extensions>
   </trkpt>
   <trkpt lat="46.9544842" lon="15.8480496">
    <ele>300</ele>
    <time>2026-07-09T10:21:35Z</time>
    <extensions>
     <gpxdata:distance>13699.00</gpxdata:distance>
     <gpxdata:speed>4.169</gpxdata:speed>
    </extensions>
   </trkpt>
   <trkpt lat="46.9544842" lon="15.8479859">
    <ele>300</ele>
    <time>2026-07-09T10:21:36Z</time>
    <extensions>
     <gpxdata:distance>13704.00</gpxdata:distance>
     <gpxdata:speed>4.506</gpxdata:speed>
    </extensions>
   </trkpt>
   <trkpt lat="46.9544855" lon="15.8479222">
    <ele>300</ele>
    <time>2026-07-09T10:21:37Z</time>
    <extensions>
     <gpxdata:distance>13709.00</gpxdata:distance>
     <gpxdata:speed>4.644</gpxdata:speed>
    </extensions>
   </trkpt>
   <trkpt lat="46.9544874" lon="15.8478603">
    <ele>300</ele>
    <time>2026-07-09T10:21:38Z</time>
    <extensions>
     <gpxdata:distance>13713.50</gpxdata:distance>
     <gpxdata:speed>4.703</gpxdata:speed>
    </extensions>
   </trkpt>
   <trkpt lat="46.9544896" lon="15.8478011">
    <ele>300</ele>
    <time>2026-07-09T10:21:39Z</time>
    <extensions>
     <gpxdata:distance>13718.00</gpxdata:distance>
     <gpxdata:speed>4.636</gpxdata:speed>
    </extensions>
   </trkpt>
   <trkpt lat="46.9544919" lon="15.8477446">
    <ele>300</ele>
    <time>2026-07-09T10:21:40Z</time>
    <extensions>
     <gpxdata:distance>13722.50</gpxdata:distance>
     <gpxdata:speed>4.553</gpxdata:speed>
    </extensions>
   </trkpt>
   <trkpt lat="46.9544952" lon="15.8476905">
    <ele>300</ele>
    <time>2026-07-09T10:21:41Z</time>
    <extensions>
     <gpxdata:distance>13727.00</gpxdata:distance>
     <gpxdata:speed>4.444</gpxdata:speed>
    </extensions>
   </trkpt>
   <trkpt lat="46.9544991" lon="15.8476406">
    <ele>300</ele>
    <time>2026-07-09T10:21:42Z</time>
    <extensions>
     <gpxdata:distance>13730.50</gpxdata:distance>
     <gpxdata:speed>4.311</gpxdata:speed>
    </extensions>
   </trkpt>
   <trkpt lat="46.9545029" lon="15.8475998">
    <ele>300</ele>
    <time>2026-07-09T10:21:43Z</time>
    <extensions>
     <gpxdata:distance>13734.00</gpxdata:distance>
     <gpxdata:speed>3.831</gpxdata:speed>
    </extensions>
   </trkpt>
  </trkseg>
 </trk>
</gpx>
