<?xml version="1.0" encoding="UTF-8"?>
<gpx xmlns="http://www.topografix.com/GPX/1/1" xmlns:gpxdata="http://www.cluetrust.com/XML/GPXDATA/1/0" xmlns:xsi="http://www.w3.org/2001/XMLSchema-instance" xsi:schemaLocation="http://www.topografix.com/GPX/1/1 https://www.topografix.com/GPX/1/1/gpx.xsd http://www.cluetrust.com/XML/GPXDATA/1/0 https://www.cluetrust.com/Schemas/gpxdata10.xsd" creator="COROS Wearables" version="1.1">
 <metadata>
  <link href="https://www.coros.com">
   <text>COROS</text>
  </link>
  <time>2026-06-09T15:20:58Z</time>
 </metadata>
 <trk>
  <name>L'Isle-sur-le-Doubs Gravel</name>
  <type>Other</type>
  <trkseg>
   <trkpt lat="47.4501600" lon="6.5807217">
    <ele>322</ele>
    <time>2026-06-09T15:20:58Z</time>
    <extensions>
     <gpxdata:distance>0.00</gpxdata:distance>
    </extensions>
   </trkpt>
   <trkpt lat="47.4501613" lon="6.5807175">
    <ele>322</ele>
    <time>2026-06-09T15:20:59Z</time>
    <extensions>
     <gpxdata:distance>0.00</gpxdata:distance>
    </extensions>
   </trkpt>
   <trkpt lat="47.4501635" lon="6.5807110">
    <ele>322</ele>
    <time>2026-06-09T15:21:00Z</time>
    <extensions>
     <gpxdata:distance>0.00</gpxdata:distance>
    </extensions>
   </trkpt>
   <trkpt lat="47.4501666" lon="6.5807026">
    <ele>322</ele>
    <time>2026-06-09T15:21:01Z</time>
    <extensions>
     <gpxdata:distance>2.00</gpxdata:distance>
    </extensions>
   </trkpt>
   <trkpt lat="47.4501707" lon="6.5806927">
    <ele>322</ele>
    <time>2026-06-09T15:21:02Z</time>
    <extensions>
     <gpxdata:distance>4.00</gpxdata:distance>
     <gpxdata:speed>1.081</gpxdata:speed>
    </extensions>
   </trkpt>
   <trkpt lat="47.4501757" lon="6.5806819">
    <ele>322</ele>
    <time>2026-06-09T15:21:03Z</time>
    <extensions>
     <gpxdata:distance>5.50</gpxdata:distance>
     <gpxdata:speed>1.186</gpxdata:speed>
    </extensions>
   </trkpt>
   <trkpt lat="47.4501822" lon="6.5806697">
    <ele>322</ele>
    <time>2026-06-09T15:21:04Z</time>
    <extensions>
     <gpxdata:distance>7.00</gpxdata:distance>
     <gpxdata:speed>1.339</gpxdata:speed>
    </extensions>
   </trkpt>
   <trkpt lat="47.4501908" lon="6.5806561">
    <ele>322</ele>
    <time>2026-06-09T15:21:05Z</time>
    <extensions>
     <gpxdata:distance>9.00</gpxdata:distance>
     <gpxdata:speed>1.572</gpxdata:speed>
    </extensions>
   </trkpt>
   <trkpt lat="47.4502012" lon="6.5806423">
    <ele>322</ele>
    <time>2026-06-09T15:21:06Z</time>
    <extensions>
     <gpxdata:distance>11.00</gpxdata:distance>
     <gpxdata:speed>1.722</gpxdata:speed>
    </extensions>
   </trkpt>
   <trkpt lat="47.4502118" lon="6.5806294">
    <ele>322</ele>
    <time>2026-06-09T15:21:07Z</time>
    <extensions>
     <gpxdata:distance>12.00</gpxdata:distance>
     <gpxdata:speed>1.714</gpxdata:speed>
    </extensions>
   </trkpt>
   <trkpt lat="47.4502216" lon="6.5806176">
    <ele>322</ele>
    <time>2026-06-09T15:21:08Z</time>
    <extensions>
     <gpxdata:distance>13.00</gpxdata:distance>
     <gpxdata:speed>1.647</gpxdata:speed>
    </extensions>
   </trkpt>
   <trkpt lat="47.4502304" lon="6.5806062">
    <ele>322</ele>
    <time>2026-06-09T15:21:09Z</time>
    <extensions>
     <gpxdata:distance>14.00</gpxdata:distance>
     <gpxdata:speed>1.492</gpxdata:speed>
    </extensions>
   </trkpt>
   <trkpt lat="47.4502385" lon="6.5805954">
    <ele>322</ele>
    <time>2026-06-09T15:21:10Z</time>
    <extensions>
     <gpxdata:distance>15.00</gpxdata:distance>
     <gpxdata:speed>1.406</gpxdata:speed>
    </extensions>
   </trkpt>
   <trkpt lat="47.4502477" lon="6.5805873">
    <ele>322</ele>
    <time>2026-06-09T15:21:11Z</time>
    <extensions>
     <gpxdata:distance>16.50</gpxdata:distance>
     <gpxdata:speed>1.386</gpxdata:speed>
    </extensions>
   </trkpt>
   <trkpt lat="47.4502577" lon="6.5805826">
    <ele>322</ele>
    <time>2026-06-09T15:21:12Z</time>
    <extensions>
     <gpxdata:distance>18.00</gpxdata:distance>
     <gpxdata:speed>1.372</gpxdata:speed>
    </extensions>
   </trkpt>
   <trkpt lat="47.4502678" lon="6.5805801">
    <ele>322</ele>
    <time>2026-06-09T15:21:13Z</time>
    <extensions>
     <gpxdata:distance>19.00</gpxdata:distance>
     <gpxdata:speed>1.258</gpxdata:speed>
    </extensions>
   </trkpt>
   <trkpt lat="47.4502231" lon="6.5806467">
    <ele>322</ele>
    <time>2026-06-09T15:21:32Z</time>
    <extensions>
     <gpxdata:distance>33.00</gpxdata:distance>
     <gpxdata:speed>2.581</gpxdata:speed>
    </extensions>
   </trkpt>
   <trkpt lat="47.4502045" lon="6.5806702">
    <ele>322</ele>
    <time>2026-06-09T15:21:33Z</time>
    <extensions>
     <gpxdata:distance>33.00</gpxdata:distance>
     <gpxdata:speed>2.761</gpxdata:speed>
    </extensions>
   </trkpt>
   <trkpt lat="47.4501861" lon="6.5806942">
    <ele>322</ele>
    <time>2026-06-09T15:21:34Z</time>
    <extensions>
     <gpxdata:distance>34.50</gpxdata:distance>
     <gpxdata:speed>2.761</gpxdata:speed>
    </extensions>
   </trkpt>
   <trkpt lat="47.4501675" lon="6.5807190">
    <ele>322</ele>
    <time>2026-06-09T15:21:35Z</time>
    <extensions>
     <gpxdata:distance>36.00</gpxdata:distance>
     <gpxdata:speed>2.811</gpxdata:speed>
    </extensions>
   </trkpt>
   <trkpt lat="47.4501484" lon="6.5807448">
    <ele>322</ele>
    <time>2026-06-09T15:21:36Z</time>
    <extensions>
     <gpxdata:distance>39.00</gpxdata:distance>
     <gpxdata:speed>2.886</gpxdata:speed>
    </extensions>
   </trkpt>
   <trkpt lat="47.4501285" lon="6.5807711">
    <ele>322</ele>
    <time>2026-06-09T15:21:37Z</time>
    <extensions>
     <gpxdata:distance>42.00</gpxdata:distance>
     <gpxdata:speed>2.992</gpxdata:speed>
    </extensions>
   </trkpt>
   <trkpt lat="47.4500962" lon="6.5808158">
    <ele>322</ele>
    <time>2026-06-09T15:21:38Z</time>
    <extensions>
     <gpxdata:distance>47.00</gpxdata:distance>
     <gpxdata:speed>3.108</gpxdata:speed>
    </extensions>
   </trkpt>
   <trkpt lat="47.4500734" lon="6.5808490">
    <ele>322</ele>
    <time>2026-06-09T15:21:39Z</time>
    <extensions>
     <gpxdata:distance>52.00</gpxdata:distance>
     <gpxdata:speed>3.219</gpxdata:speed>
    </extensions>
   </trkpt>
   <trkpt lat="47.4500533" lon="6.5808811">
    <ele>322</ele>
    <time>2026-06-09T15:21:40Z</time>
    <extensions>
     <gpxdata:distance>55.00</gpxdata:distance>
     <gpxdata:speed>3.247</gpxdata:speed>
    </extensions>
   </trkpt>
   <trkpt lat="47.4500345" lon="6.5809128">
    <ele>322</ele>
    <time>2026-06-09T15:21:41Z</time>
    <extensions>
     <gpxdata:distance>58.00</gpxdata:distance>
     <gpxdata:speed>3.208</gpxdata:speed>
    </extensions>
   </trkpt>
   <trkpt lat="47.4500163" lon="6.5809434">
    <ele>322</ele>
    <time>2026-06-09T15:21:42Z</time>
    <extensions>
     <gpxdata:distance>61.00</gpxdata:distance>
     <gpxdata:speed>3.158</gpxdata:speed>
    </extensions>
   </trkpt>
   <trkpt lat="47.4499984" lon="6.5809731">
    <ele>322</ele>
    <time>2026-06-09T15:21:43Z</time>
    <extensions>
     <gpxdata:distance>64.00</gpxdata:distance>
     <gpxdata:speed>3.100</gpxdata:speed>
    </extensions>
   </trkpt>
   <trkpt lat="47.4499813" lon="6.5810016">
    <ele>322</ele>
    <time>2026-06-09T15:21:44Z</time>
    <extensions>
     <gpxdata:distance>66.50</gpxdata:distance>
     <gpxdata:speed>3.017</gpxdata:speed>
    </extensions>
   </trkpt>
   <trkpt lat="47.4499652" lon="6.5810286">
    <ele>322</ele>
    <time>2026-06-09T15:21:45Z</time>
    <extensions>
     <gpxdata:distance>69.00</gpxdata:distance>
     <gpxdata:speed>2.914</gpxdata:speed>
    </extensions>
   </trkpt>
   <trkpt lat="47.4499557" lon="6.5810436">
    <ele>322</ele>
    <time>2026-06-09T15:21:46Z</time>
    <extensions>
     <gpxdata:distance>72.00</gpxdata:distance>
     <gpxdata:speed>2.858</gpxdata:speed>
    </extensions>
   </trkpt>
   <trkpt lat="47.4499416" lon="6.5810643">
    <ele>322</ele>
    <time>2026-06-09T15:21:47Z</time>
    <extensions>
     <gpxdata:distance>75.00</gpxdata:distance>
     <gpxdata:speed>2.856</gpxdata:speed>
    </extensions>
   </trkpt>
   <trkpt lat="47.4499238" lon="6.5810880">
    <ele>322</ele>
    <time>2026-06-09T15:21:48Z</time>
    <extensions>
     <gpxdata:distance>78.50</gpxdata:distance>
     <gpxdata:speed>2.917</gpxdata:speed>
    </extensions>
   </trkpt>
   <trkpt lat="47.4499026" lon="6.5811147">
    <ele>321</ele>
    <time>2026-06-09T15:21:49Z</time>
    <extensions>
     <gpxdata:distance>82.00</gpxdata:distance>
     <gpxdata:speed>3.075</gpxdata:speed>
    </extensions>
   </trkpt>
   <trkpt lat="47.4498622" lon="6.5811623">
    <ele>321</ele>
    <time>2026-06-09T15:21:50Z</time>
    <extensions>
     <gpxdata:distance>86.50</gpxdata:distance>
     <gpxdata:speed>3.717</gpxdata:speed>
    </extensions>
   </trkpt>
   <trkpt lat="47.4498300" lon="6.5812007">
    <ele>321</ele>
    <time>2026-06-09T15:21:51Z</time>
    <extensions>
     <gpxdata:distance>91.00</gpxdata:distance>
     <gpxdata:speed>4.208</gpxdata:speed>
    </extensions>
   </trkpt>
   <trkpt lat="47.4497976" lon="6.5812415">
    <ele>321</ele>
    <time>2026-06-09T15:21:52Z</time>
    <extensions>
     <gpxdata:distance>96.00</gpxdata:distance>
     <gpxdata:speed>4.639</gpxdata:speed>
    </extensions>
   </trkpt>
   <trkpt lat="47.4497640" lon="6.5812864">
    <ele>321</ele>
    <time>2026-06-09T15:21:53Z</time>
    <extensions>
     <gpxdata:distance>101.00</gpxdata:distance>
     <gpxdata:speed>5.008</gpxdata:speed>
    </extensions>
   </trkpt>
   <trkpt lat="47.4497300" lon="6.5813344">
    <ele>321</ele>
    <time>2026-06-09T15:21:54Z</time>
    <extensions>
     <gpxdata:distance>106.50</gpxdata:distance>
     <gpxdata:speed>5.189</gpxdata:speed>
    </extensions>
   </trkpt>
   <trkpt lat="47.4496965" lon="6.5813843">
    <ele>321</ele>
    <time>2026-06-09T15:21:55Z</time>
    <extensions>
     <gpxdata:distance>112.00</gpxdata:distance>
     <gpxdata:speed>5.228</gpxdata:speed>
    </extensions>
   </trkpt>
   <trkpt lat="47.4496633" lon="6.5814337">
    <ele>321</ele>
    <time>2026-06-09T15:21:56Z</time>
    <extensions>
     <gpxdata:distance>117.00</gpxdata:distance>
     <gpxdata:speed>5.197</gpxdata:speed>
    </extensions>
   </trkpt>
   <trkpt lat="47.4496309" lon="6.5814815">
    <ele>321</ele>
    <time>2026-06-09T15:21:57Z</time>
    <extensions>
     <gpxdata:distance>122.00</gpxdata:distance>
     <gpxdata:speed>5.067</gpxdata:speed>
    </extensions>
   </trkpt>
   <trkpt lat="47.4495994" lon="6.5815274">
    <ele>321</ele>
    <time>2026-06-09T15:21:58Z</time>
    <extensions>
     <gpxdata:distance>126.50</gpxdata:distance>
     <gpxdata:speed>4.922</gpxdata:speed>
    </extensions>
   </trkpt>
   <trkpt lat="47.4495691" lon="6.5815717">
    <ele>321</ele>
    <time>2026-06-09T15:21:59Z</time>
    <extensions>
     <gpxdata:distance>131.00</gpxdata:distance>
     <gpxdata:speed>4.836</gpxdata:speed>
    </extensions>
   </trkpt>
   <trkpt lat="47.4495408" lon="6.5816147">
    <ele>321</ele>
    <time>2026-06-09T15:22:00Z</time>
    <extensions>
     <gpxdata:distance>135.50</gpxdata:distance>
     <gpxdata:speed>4.697</gpxdata:speed>
    </extensions>
   </trkpt>
   <trkpt lat="47.4495120" lon="6.5816565">
    <ele>321</ele>
    <time>2026-06-09T15:22:01Z</time>
    <extensions>
     <gpxdata:distance>140.00</gpxdata:distance>
     <gpxdata:speed>4.633</gpxdata:speed>
    </extensions>
   </trkpt>
   <trkpt lat="47.4494819" lon="6.5817012">
    <ele>321</ele>
    <time>2026-06-09T15:22:02Z</time>
    <extensions>
     <gpxdata:distance>145.50</gpxdata:distance>
     <gpxdata:speed>4.722</gpxdata:speed>
    </extensions>
   </trkpt>
   <trkpt lat="47.4494492" lon="6.5817487">
    <ele>321</ele>
    <time>2026-06-09T15:22:03Z</time>
    <extensions>
     <gpxdata:distance>151.00</gpxdata:distance>
     <gpxdata:speed>4.908</gpxdata:speed>
    </extensions>
   </trkpt>
   <trkpt lat="47.4494129" lon="6.5817984">
    <ele>321</ele>
    <time>2026-06-09T15:22:04Z</time>
    <extensions>
     <gpxdata:distance>157.00</gpxdata:distance>
     <gpxdata:speed>5.158</gpxdata:speed>
    </extensions>
   </trkpt>
   <trkpt lat="47.4493739" lon="6.5818494">
    <ele>321</ele>
    <time>2026-06-09T15:22:05Z</time>
    <extensions>
     <gpxdata:distance>163.00</gpxdata:distance>
     <gpxdata:speed>5.411</gpxdata:speed>
    </extensions>
   </trkpt>
   <trkpt lat="47.4493334" lon="6.5819018">
    <ele>321</ele>
    <time>2026-06-09T15:22:06Z</time>
    <extensions>
     <gpxdata:distance>169.00</gpxdata:distance>
     <gpxdata:speed>5.625</gpxdata:speed>
    </extensions>
   </trkpt>
   <trkpt lat="47.4492935" lon="6.5819555">
    <ele>321</ele>
    <time>2026-06-09T15:22:07Z</time>
    <extensions>
     <gpxdata:distance>175.00</gpxdata:distance>
     <gpxdata:speed>5.911</gpxdata:speed>
    </extensions>
   </trkpt>
   <trkpt lat="47.4492547" lon="6.5820082">
    <ele>321</ele>
    <time>2026-06-09T15:22:08Z</time>
    <extensions>
     <gpxdata:distance>180.00</gpxdata:distance>
     <gpxdata:speed>5.800</gpxdata:speed>
    </extensions>
   </trkpt>
   <trkpt lat="47.4492192" lon="6.5820588">
    <ele>321</ele>
    <time>2026-06-09T15:22:09Z</time>
    <extensions>
     <gpxdata:distance>185.00</gpxdata:distance>
     <gpxdata:speed>5.464</gpxdata:speed>
    </extensions>
   </trkpt>
   <trkpt lat="47.4491876" lon="6.5821073">
    <ele>321</ele>
    <time>2026-06-09T15:22:10Z</time>
    <extensions>
     <gpxdata:distance>189.50</gpxdata:distance>
     <gpxdata:speed>5.106</gpxdata:speed>
    </extensions>
   </trkpt>
   <trkpt lat="47.4491595" lon="6.5821520">
    <ele>321</ele>
    <time>2026-06-09T15:22:11Z</time>
    <extensions>
     <gpxdata:distance>194.00</gpxdata:distance>
     <gpxdata:speed>4.825</gpxdata:speed>
    </extensions>
   </trkpt>
   <trkpt lat="47.4491355" lon="6.5821916">
    <ele>322</ele>
    <time>2026-06-09T15:22:12Z</time>
    <extensions>
     <gpxdata:distance>197.00</gpxdata:distance>
     <gpxdata:speed>4.028</gpxdata:speed>
    </extensions>
   </trkpt>
   <trkpt lat="47.4491164" lon="6.5822284">
    <ele>322</ele>
    <time>2026-06-09T15:22:13Z</time>
    <extensions>
     <gpxdata:distance>200.00</gpxdata:distance>
     <gpxdata:speed>3.544</gpxdata:speed>
    </extensions>
   </trkpt>
   <trkpt lat="47.4491035" lon="6.5822675">
    <ele>322</ele>
    <time>2026-06-09T15:22:14Z</time>
    <extensions>
     <gpxdata:distance>203.50</gpxdata:distance>
     <gpxdata:speed>3.458</gpxdata:speed>
    </extensions>
   </trkpt>
   <trkpt lat="47.4490981" lon="6.5823094">
    <ele>322</ele>
    <time>2026-06-09T15:22:15Z</time>
    <extensions>
     <gpxdata:distance>207.00</gpxdata:distance>
     <gpxdata:speed>3.447</gpxdata:speed>
    </extensions>
   </trkpt>
   <trkpt lat="47.4491011" lon="6.5823532">
    <ele>322</ele>
    <time>2026-06-09T15:22:16Z</time>
    <extensions>
     <gpxdata:distance>211.00</gpxdata:distance>
     <gpxdata:speed>3.447</gpxdata:speed>
    </extensions>
   </trkpt>
   <trkpt lat="47.4491140" lon="6.5823977">
    <ele>322</ele>
    <time>2026-06-09T15:22:17Z</time>
    <extensions>
     <gpxdata:distance>215.00</gpxdata:distance>
     <gpxdata:speed>3.892</gpxdata:speed>
    </extensions>
   </trkpt>
   <trkpt lat="47.4491369" lon="6.5824428">
    <ele>322</ele>
    <time>2026-06-09T15:22:18Z</time>
    <extensions>
     <gpxdata:distance>220.00</gpxdata:distance>
     <gpxdata:speed>4.211</gpxdata:speed>
    </extensions>
   </trkpt>
   <trkpt lat="47.4491675" lon="6.5824895">
    <ele>322</ele>
    <time>2026-06-09T15:22:19Z</time>
    <extensions>
     <gpxdata:distance>225.00</gpxdata:distance>
     <gpxdata:speed>4.561</gpxdata:speed>
    </extensions>
   </trkpt>
   <trkpt lat="47.4492036" lon="6.5825382">
    <ele>322</ele>
    <time>2026-06-09T15:22:20Z</time>
    <extensions>
     <gpxdata:distance>231.00</gpxdata:distance>
     <gpxdata:speed>5.339</gpxdata:speed>
    </extensions>
   </trkpt>
   <trkpt lat="47.4492430" lon="6.5825888">
    <ele>322</ele>
    <time>2026-06-09T15:22:21Z</time>
    <extensions>
     <gpxdata:distance>237.00</gpxdata:distance>
     <gpxdata:speed>5.700</gpxdata:speed>
    </extensions>
   </trkpt>
   <trkpt lat="47.4492841" lon="6.5826412">
    <ele>322</ele>
    <time>2026-06-09T15:22:22Z</time>
    <extensions>
     <gpxdata:distance>243.00</gpxdata:distance>
     <gpxdata:speed>5.947</gpxdata:speed>
    </extensions>
   </trkpt>
   <trkpt lat="47.4493260" lon="6.5826940">
    <ele>322</ele>
    <time>2026-06-09T15:22:23Z</time>
    <extensions>
     <gpxdata:distance>249.00</gpxdata:distance>
     <gpxdata:speed>6.036</gpxdata:speed>
    </extensions>
   </trkpt>
   <trkpt lat="47.4493813" lon="6.5827639">
    <ele>322</ele>
    <time>2026-06-09T15:22:24Z</time>
    <extensions>
     <gpxdata:distance>255.00</gpxdata:distance>
     <gpxdata:speed>5.997</gpxdata:speed>
    </extensions>
   </trkpt>
   <trkpt lat="47.4494115" lon="6.5828026">
    <ele>322</ele>
    <time>2026-06-09T15:22:25Z</time>
    <extensions>
     <gpxdata:distance>261.00</gpxdata:distance>
     <gpxdata:speed>5.839</gpxdata:speed>
    </extensions>
   </trkpt>
   <trkpt lat="47.4494465" lon="6.5828504">
    <ele>322</ele>
    <time>2026-06-09T15:22:26Z</time>
    <extensions>
     <gpxdata:distance>266.50</gpxdata:distance>
     <gpxdata:speed>5.839</gpxdata:speed>
    </extensions>
   </trkpt>
   <trkpt lat="47.4494818" lon="6.5829015">
    <ele>322</ele>
    <time>2026-06-09T15:22:27Z</time>
    <extensions>
     <gpxdata:distance>272.00</gpxdata:distance>
     <gpxdata:speed>5.617</gpxdata:speed>
    </extensions>
   </trkpt>
   <trkpt lat="47.4495174" lon="6.5829535">
    <ele>322</ele>
    <time>2026-06-09T15:22:28Z</time>
    <extensions>
     <gpxdata:distance>277.50</gpxdata:distance>
     <gpxdata:speed>5.650</gpxdata:speed>
    </extensions>
   </trkpt>
   <trkpt lat="47.4495545" lon="6.5830053">
    <ele>322</ele>
    <time>2026-06-09T15:22:29Z</time>
    <extensions>
     <gpxdata:distance>283.00</gpxdata:distance>
     <gpxdata:speed>5.692</gpxdata:speed>
    </extensions>
   </trkpt>
   <trkpt lat="47.4495931" lon="6.5830565">
    <ele>322</ele>
    <time>2026-06-09T15:22:30Z</time>
    <extensions>
     <gpxdata:distance>289.00</gpxdata:distance>
     <gpxdata:speed>5.744</gpxdata:speed>
    </extensions>
   </trkpt>
   <trkpt lat="47.4496328" lon="6.5831074">
    <ele>322</ele>
    <time>2026-06-09T15:22:31Z</time>
    <extensions>
     <gpxdata:distance>295.00</gpxdata:distance>
     <gpxdata:speed>5.789</gpxdata:speed>
    </extensions>
   </trkpt>
   <trkpt lat="47.4496724" lon="6.5831591">
    <ele>322</ele>
    <time>2026-06-09T15:22:32Z</time>
    <extensions>
     <gpxdata:distance>301.00</gpxdata:distance>
     <gpxdata:speed>5.817</gpxdata:speed>
    </extensions>
   </trkpt>
   <trkpt lat="47.4497108" lon="6.5832126">
    <ele>322</ele>
    <time>2026-06-09T15:22:33Z</time>
    <extensions>
     <gpxdata:distance>307.00</gpxdata:distance>
     <gpxdata:speed>5.831</gpxdata:speed>
    </extensions>
   </trkpt>
   <trkpt lat="47.4497481" lon="6.5832676">
    <ele>322</ele>
    <time>2026-06-09T15:22:34Z</time>
    <extensions>
     <gpxdata:distance>313.00</gpxdata:distance>
     <gpxdata:speed>5.844</gpxdata:speed>
    </extensions>
   </trkpt>
   <trkpt lat="47.4497851" lon="6.5833232">
    <ele>322</ele>
    <time>2026-06-09T15:22:35Z</time>
    <extensions>
     <gpxdata:distance>319.00</gpxdata:distance>
     <gpxdata:speed>5.856</gpxdata:speed>
    </extensions>
   </trkpt>
   <trkpt lat="47.4498221" lon="6.5833795">
    <ele>322</ele>
    <time>2026-06-09T15:22:36Z</time>
    <extensions>
     <gpxdata:distance>325.00</gpxdata:distance>
     <gpxdata:speed>5.886</gpxdata:speed>
    </extensions>
   </trkpt>
   <trkpt lat="47.4498586" lon="6.5834370">
    <ele>322</ele>
    <time>2026-06-09T15:22:37Z</time>
    <extensions>
     <gpxdata:distance>331.00</gpxdata:distance>
     <gpxdata:speed>5.914</gpxdata:speed>
    </extensions>
   </trkpt>
   <trkpt lat="47.4498951" lon="6.5834955">
    <ele>322</ele>
    <time>2026-06-09T15:22:38Z</time>
    <extensions>
     <gpxdata:distance>337.00</gpxdata:distance>
     <gpxdata:speed>5.956</gpxdata:speed>
    </extensions>
   </trkpt>
   <trkpt lat="47.4499320" lon="6.5835545">
    <ele>322</ele>
    <time>2026-06-09T15:22:39Z</time>
    <extensions>
     <gpxdata:distance>343.00</gpxdata:distance>
     <gpxdata:speed>6.000</gpxdata:speed>
    </extensions>
   </trkpt>
   <trkpt lat="47.4499815" lon="6.5836338">
    <ele>322</ele>
    <time>2026-06-09T15:22:40Z</time>
    <extensions>
     <gpxdata:distance>349.00</gpxdata:distance>
     <gpxdata:speed>6.036</gpxdata:speed>
    </extensions>
   </trkpt>
   <trkpt lat="47.4500197" lon="6.5836968">
    <ele>322</ele>
    <time>2026-06-09T15:22:41Z</time>
    <extensions>
     <gpxdata:distance>355.00</gpxdata:distance>
     <gpxdata:speed>6.069</gpxdata:speed>
    </extensions>
   </trkpt>
   <trkpt lat="47.4500569" lon="6.5837582">
    <ele>322</ele>
    <time>2026-06-09T15:22:42Z</time>
    <extensions>
     <gpxdata:distance>361.50</gpxdata:distance>
     <gpxdata:speed>6.106</gpxdata:speed>
    </extensions>
   </trkpt>
   <trkpt lat="47.4500943" lon="6.5838194">
    <ele>322</ele>
    <time>2026-06-09T15:22:43Z</time>
    <extensions>
     <gpxdata:distance>368.00</gpxdata:distance>
     <gpxdata:speed>6.144</gpxdata:speed>
    </extensions>
   </trkpt>
   <trkpt lat="47.4501321" lon="6.5838814">
    <ele>322</ele>
    <time>2026-06-09T15:22:44Z</time>
    <extensions>
     <gpxdata:distance>374.00</gpxdata:distance>
     <gpxdata:speed>6.200</gpxdata:speed>
    </extensions>
   </trkpt>
   <trkpt lat="47.4501696" lon="6.5839452">
    <ele>322</ele>
    <time>2026-06-09T15:22:45Z</time>
    <extensions>
     <gpxdata:distance>380.00</gpxdata:distance>
     <gpxdata:speed>6.261</gpxdata:speed>
    </extensions>
   </trkpt>
   <trkpt lat="47.4502076" lon="6.5840095">
    <ele>322</ele>
    <time>2026-06-09T15:22:46Z</time>
    <extensions>
     <gpxdata:distance>386.50</gpxdata:distance>
     <gpxdata:speed>6.325</gpxdata:speed>
    </extensions>
   </trkpt>
   <trkpt lat="47.4502469" lon="6.5840729">
    <ele>322</ele>
    <time>2026-06-09T15:22:47Z</time>
    <extensions>
     <gpxdata:distance>393.00</gpxdata:distance>
     <gpxdata:speed>6.381</gpxdata:speed>
    </extensions>
   </trkpt>
   <trkpt lat="47.4502875" lon="6.5841348">
    <ele>322</ele>
    <time>2026-06-09T15:22:48Z</time>
    <extensions>
     <gpxdata:distance>399.50</gpxdata:distance>
     <gpxdata:speed>6.419</gpxdata:speed>
    </extensions>
   </trkpt>
   <trkpt lat="47.4503280" lon="6.5841966">
    <ele>322</ele>
    <time>2026-06-09T15:22:49Z</time>
    <extensions>
     <gpxdata:distance>406.00</gpxdata:distance>
     <gpxdata:speed>6.447</gpxdata:speed>
    </extensions>
   </trkpt>
   <trkpt lat="47.4503677" lon="6.5842597">
    <ele>322</ele>
    <time>2026-06-09T15:22:50Z</time>
    <extensions>
     <gpxdata:distance>412.50</gpxdata:distance>
     <gpxdata:speed>6.467</gpxdata:speed>
    </extensions>
   </trkpt>
   <trkpt lat="47.4504064" lon="6.5843230">
    <ele>322</ele>
    <time>2026-06-09T15:22:51Z</time>
    <extensions>
     <gpxdata:distance>419.00</gpxdata:distance>
     <gpxdata:speed>6.450</gpxdata:speed>
    </extensions>
   </trkpt>
   <trkpt lat="47.4504434" lon="6.5843857">
    <ele>322</ele>
    <time>2026-06-09T15:22:52Z</time>
    <extensions>
     <gpxdata:distance>425.00</gpxdata:distance>
     <gpxdata:speed>6.378</gpxdata:speed>
    </extensions>
   </trkpt>
   <trkpt lat="47.4504781" lon="6.5844485">
    <ele>322</ele>
    <time>2026-06-09T15:22:53Z</time>
    <extensions>
     <gpxdata:distance>431.00</gpxdata:distance>
     <gpxdata:speed>6.278</gpxdata:speed>
    </extensions>
   </trkpt>
   <trkpt lat="47.4505114" lon="6.5845117">
    <ele>322</ele>
    <time>2026-06-09T15:22:54Z</time>
    <extensions>
     <gpxdata:distance>437.00</gpxdata:distance>
     <gpxdata:speed>6.197</gpxdata:speed>
    </extensions>
   </trkpt>
   <trkpt lat="47.4505448" lon="6.5845757">
    <ele>322</ele>
    <time>2026-06-09T15:22:55Z</time>
    <extensions>
     <gpxdata:distance>443.00</gpxdata:distance>
     <gpxdata:speed>6.169</gpxdata:speed>
    </extensions>
   </trkpt>
   <trkpt lat="47.4505790" lon="6.5846410">
    <ele>322</ele>
    <time>2026-06-09T15:22:56Z</time>
    <extensions>
     <gpxdata:distance>449.50</gpxdata:distance>
     <gpxdata:speed>6.169</gpxdata:speed>
    </extensions>
   </trkpt>
   <trkpt lat="47.4506144" lon="6.5847079">
    <ele>322</ele>
    <time>2026-06-09T15:22:57Z</time>
    <extensions>
     <gpxdata:distance>456.00</gpxdata:distance>
     <gpxdata:speed>6.269</gpxdata:speed>
    </extensions>
   </trkpt>
   <trkpt lat="47.4506504" lon="6.5847769">
    <ele>322</ele>
    <time>2026-06-09T15:22:58Z</time>
    <extensions>
     <gpxdata:distance>463.00</gpxdata:distance>
     <gpxdata:speed>6.372</gpxdata:speed>
    </extensions>
   </trkpt>
   <trkpt lat="47.4506865" lon="6.5848484">
    <ele>322</ele>
    <time>2026-06-09T15:22:59Z</time>
    <extensions>
     <gpxdata:distance>470.00</gpxdata:distance>
     <gpxdata:speed>6.489</gpxdata:speed>
    </extensions>
   </trkpt>
   <trkpt lat="47.4507230" lon="6.5849219">
    <ele>322</ele>
    <time>2026-06-09T15:23:00Z</time>
    <extensions>
     <gpxdata:distance>473.50</gpxdata:distance>
     <gpxdata:speed>6.617</gpxdata:speed>
    </extensions>
   </trkpt>
   <trkpt lat="47.4507595" lon="6.5849973">
    <ele>322</ele>
    <time>2026-06-09T15:23:01Z</time>
    <extensions>
     <gpxdata:distance>477.00</gpxdata:distance>
     <gpxdata:speed>6.617</gpxdata:speed>
    </extensions>
   </trkpt>
   <trkpt lat="47.4507954" lon="6.5850737">
    <ele>322</ele>
    <time>2026-06-09T15:23:02Z</time>
    <extensions>
     <gpxdata:distance>487.00</gpxdata:distance>
     <gpxdata:speed>6.831</gpxdata:speed>
    </extensions>
   </trkpt>
   <trkpt lat="47.4508299" lon="6.5851492">
    <ele>322</ele>
    <time>2026-06-09T15:23:03Z</time>
    <extensions>
     <gpxdata:distance>497.00</gpxdata:distance>
     <gpxdata:speed>6.833</gpxdata:speed>
    </extensions>
   </trkpt>
   <trkpt lat="47.4508628" lon="6.5852225">
    <ele>322</ele>
    <time>2026-06-09T15:23:04Z</time>
    <extensions>
     <gpxdata:distance>503.50</gpxdata:distance>
     <gpxdata:speed>6.714</gpxdata:speed>
    </extensions>
   </trkpt>
   <trkpt lat="47.4508939" lon="6.5852947">
    <ele>322</ele>
    <time>2026-06-09T15:23:05Z</time>
    <extensions>
     <gpxdata:distance>510.00</gpxdata:distance>
     <gpxdata:speed>6.614</gpxdata:speed>
    </extensions>
   </trkpt>
   <trkpt lat="47.4509226" lon="6.5853659">
    <ele>322</ele>
    <time>2026-06-09T15:23:06Z</time>
    <extensions>
     <gpxdata:distance>516.00</gpxdata:distance>
     <gpxdata:speed>6.481</gpxdata:speed>
    </extensions>
   </trkpt>
   <trkpt lat="47.4509500" lon="6.5854355">
    <ele>322</ele>
    <time>2026-06-09T15:23:07Z</time>
    <extensions>
     <gpxdata:distance>522.00</gpxdata:distance>
     <gpxdata:speed>6.336</gpxdata:speed>
    </extensions>
   </trkpt>
   <trkpt lat="47.4509775" lon="6.5855020">
    <ele>322</ele>
    <time>2026-06-09T15:23:08Z</time>
    <extensions>
     <gpxdata:distance>527.50</gpxdata:distance>
     <gpxdata:speed>6.336</gpxdata:speed>
    </extensions>
   </trkpt>
   <trkpt lat="47.4509968" lon="6.5855481">
    <ele>322</ele>
    <time>2026-06-09T15:23:09Z</time>
    <extensions>
     <gpxdata:distance>533.00</gpxdata:distance>
     <gpxdata:speed>5.733</gpxdata:speed>
    </extensions>
   </trkpt>
   <trkpt lat="47.4510201" lon="6.5856051">
    <ele>322</ele>
    <time>2026-06-09T15:23:10Z</time>
    <extensions>
     <gpxdata:distance>538.50</gpxdata:distance>
     <gpxdata:speed>5.489</gpxdata:speed>
    </extensions>
   </trkpt>
   <trkpt lat="47.4510435" lon="6.5856657">
    <ele>322</ele>
    <time>2026-06-09T15:23:11Z</time>
    <extensions>
     <gpxdata:distance>544.00</gpxdata:distance>
     <gpxdata:speed>5.428</gpxdata:speed>
    </extensions>
   </trkpt>
   <trkpt lat="47.4510663" lon="6.5857298">
    <ele>322</ele>
    <time>2026-06-09T15:23:12Z</time>
    <extensions>
     <gpxdata:distance>547.00</gpxdata:distance>
     <gpxdata:speed>5.569</gpxdata:speed>
    </extensions>
   </trkpt>
   <trkpt lat="47.4510894" lon="6.5857973">
    <ele>322</ele>
    <time>2026-06-09T15:23:13Z</time>
    <extensions>
     <gpxdata:distance>550.00</gpxdata:distance>
     <gpxdata:speed>5.569</gpxdata:speed>
    </extensions>
   </trkpt>
   <trkpt lat="47.4511140" lon="6.5858668">
    <ele>322</ele>
    <time>2026-06-09T15:23:14Z</time>
    <extensions>
     <gpxdata:distance>556.00</gpxdata:distance>
     <gpxdata:speed>5.758</gpxdata:speed>
    </extensions>
   </trkpt>
   <trkpt lat="47.4511403" lon="6.5859379">
    <ele>322</ele>
    <time>2026-06-09T15:23:15Z</time>
    <extensions>
     <gpxdata:distance>562.00</gpxdata:distance>
     <gpxdata:speed>5.928</gpxdata:speed>
    </extensions>
   </trkpt>
   <trkpt lat="47.4511771" lon="6.5860356">
    <ele>322</ele>
    <time>2026-06-09T15:23:16Z</time>
    <extensions>
     <gpxdata:distance>568.50</gpxdata:distance>
     <gpxdata:speed>6.033</gpxdata:speed>
    </extensions>
   </trkpt>
   <trkpt lat="47.4512068" lon="6.5861135">
    <ele>322</ele>
    <time>2026-06-09T15:23:17Z</time>
    <extensions>
     <gpxdata:distance>575.00</gpxdata:distance>
     <gpxdata:speed>6.164</gpxdata:speed>
    </extensions>
   </trkpt>
   <trkpt lat="47.4512357" lon="6.5861888">
    <ele>322</ele>
    <time>2026-06-09T15:23:18Z</time>
    <extensions>
     <gpxdata:distance>584.50</gpxdata:distance>
     <gpxdata:speed>6.342</gpxdata:speed>
    </extensions>
   </trkpt>
   <trkpt lat="47.4512648" lon="6.5862614">
    <ele>322</ele>
    <time>2026-06-09T15:23:19Z</time>
    <extensions>
     <gpxdata:distance>594.00</gpxdata:distance>
     <gpxdata:speed>6.336</gpxdata:speed>
    </extensions>
   </trkpt>
   <trkpt lat="47.4512935" lon="6.5863327">
    <ele>322</ele>
    <time>2026-06-09T15:23:20Z</time>
    <extensions>
     <gpxdata:distance>600.00</gpxdata:distance>
     <gpxdata:speed>6.311</gpxdata:speed>
    </extensions>
   </trkpt>
   <trkpt lat="47.4513203" lon="6.5864041">
    <ele>322</ele>
    <time>2026-06-09T15:23:21Z</time>
    <extensions>
     <gpxdata:distance>606.00</gpxdata:distance>
     <gpxdata:speed>6.269</gpxdata:speed>
    </extensions>
   </trkpt>
   <trkpt lat="47.4513444" lon="6.5864759">
    <ele>322</ele>
    <time>2026-06-09T15:23:22Z</time>
    <extensions>
     <gpxdata:distance>612.00</gpxdata:distance>
     <gpxdata:speed>6.269</gpxdata:speed>
    </extensions>
   </trkpt>
   <trkpt lat="47.4513661" lon="6.5865469">
    <ele>322</ele>
    <time>2026-06-09T15:23:23Z</time>
    <extensions>
     <gpxdata:distance>618.00</gpxdata:distance>
     <gpxdata:speed>6.069</gpxdata:speed>
    </extensions>
   </trkpt>
   <trkpt lat="47.4513856" lon="6.5866179">
    <ele>323</ele>
    <time>2026-06-09T15:23:24Z</time>
    <extensions>
     <gpxdata:distance>623.50</gpxdata:distance>
     <gpxdata:speed>5.969</gpxdata:speed>
    </extensions>
   </trkpt>
   <trkpt lat="47.4513996" lon="6.5866698">
    <ele>323</ele>
    <time>2026-06-09T15:23:25Z</time>
    <extensions>
     <gpxdata:distance>629.00</gpxdata:distance>
     <gpxdata:speed>5.922</gpxdata:speed>
    </extensions>
   </trkpt>
   <trkpt lat="47.4514182" lon="6.5867374">
    <ele>323</ele>
    <time>2026-06-09T15:23:26Z</time>
    <extensions>
     <gpxdata:distance>635.50</gpxdata:distance>
     <gpxdata:speed>5.956</gpxdata:speed>
    </extensions>
   </trkpt>
   <trkpt lat="47.4514396" lon="6.5868108">
    <ele>322</ele>
    <time>2026-06-09T15:23:27Z</time>
    <extensions>
     <gpxdata:distance>642.00</gpxdata:distance>
     <gpxdata:speed>6.044</gpxdata:speed>
    </extensions>
   </trkpt>
   <trkpt lat="47.4514709" lon="6.5869119">
    <ele>322</ele>
    <time>2026-06-09T15:23:28Z</time>
    <extensions>
     <gpxdata:distance>648.50</gpxdata:distance>
     <gpxdata:speed>6.153</gpxdata:speed>
    </extensions>
   </trkpt>
   <trkpt lat="47.4514972" lon="6.5869927">
    <ele>322</ele>
    <time>2026-06-09T15:23:29Z</time>
    <extensions>
     <gpxdata:distance>655.00</gpxdata:distance>
     <gpxdata:speed>6.278</gpxdata:speed>
    </extensions>
   </trkpt>
   <trkpt lat="47.4515237" lon="6.5870725">
    <ele>322</ele>
    <time>2026-06-09T15:23:30Z</time>
    <extensions>
     <gpxdata:distance>658.50</gpxdata:distance>
     <gpxdata:speed>6.414</gpxdata:speed>
    </extensions>
   </trkpt>
   <trkpt lat="47.4515507" lon="6.5871538">
    <ele>322</ele>
    <time>2026-06-09T15:23:31Z</time>
    <extensions>
     <gpxdata:distance>662.00</gpxdata:distance>
     <gpxdata:speed>6.414</gpxdata:speed>
    </extensions>
   </trkpt>
   <trkpt lat="47.4515779" lon="6.5872375">
    <ele>322</ele>
    <time>2026-06-09T15:23:32Z</time>
    <extensions>
     <gpxdata:distance>672.50</gpxdata:distance>
     <gpxdata:speed>6.897</gpxdata:speed>
    </extensions>
   </trkpt>
   <trkpt lat="47.4516050" lon="6.5873238">
    <ele>322</ele>
    <time>2026-06-09T15:23:33Z</time>
    <extensions>
     <gpxdata:distance>683.00</gpxdata:distance>
     <gpxdata:speed>7.089</gpxdata:speed>
    </extensions>
   </trkpt>
   <trkpt lat="47.4516318" lon="6.5874126">
    <ele>322</ele>
    <time>2026-06-09T15:23:34Z</time>
    <extensions>
     <gpxdata:distance>690.50</gpxdata:distance>
     <gpxdata:speed>7.253</gpxdata:speed>
    </extensions>
   </trkpt>
   <trkpt lat="47.4516581" lon="6.5875037">
    <ele>322</ele>
    <time>2026-06-09T15:23:35Z</time>
    <extensions>
     <gpxdata:distance>698.00</gpxdata:distance>
     <gpxdata:speed>7.392</gpxdata:speed>
    </extensions>
   </trkpt>
   <trkpt lat="47.4516845" lon="6.5875968">
    <ele>322</ele>
    <time>2026-06-09T15:23:36Z</time>
    <extensions>
     <gpxdata:distance>705.50</gpxdata:distance>
     <gpxdata:speed>7.528</gpxdata:speed>
    </extensions>
   </trkpt>
   <trkpt lat="47.4517112" lon="6.5876906">
    <ele>322</ele>
    <time>2026-06-09T15:23:37Z</time>
    <extensions>
     <gpxdata:distance>713.00</gpxdata:distance>
     <gpxdata:speed>7.597</gpxdata:speed>
    </extensions>
   </trkpt>
   <trkpt lat="47.4517389" lon="6.5877819">
    <ele>322</ele>
    <time>2026-06-09T15:23:38Z</time>
    <extensions>
     <gpxdata:distance>720.50</gpxdata:distance>
     <gpxdata:speed>7.558</gpxdata:speed>
    </extensions>
   </trkpt>
   <trkpt lat="47.4517674" lon="6.5878696">
    <ele>322</ele>
    <time>2026-06-09T15:23:39Z</time>
    <extensions>
     <gpxdata:distance>728.00</gpxdata:distance>
     <gpxdata:speed>7.461</gpxdata:speed>
    </extensions>
   </trkpt>
   <trkpt lat="47.4517961" lon="6.5879538">
    <ele>322</ele>
    <time>2026-06-09T15:23:40Z</time>
    <extensions>
     <gpxdata:distance>734.50</gpxdata:distance>
     <gpxdata:speed>7.328</gpxdata:speed>
    </extensions>
   </trkpt>
   <trkpt lat="47.4518232" lon="6.5880360">
    <ele>322</ele>
    <time>2026-06-09T15:23:41Z</time>
    <extensions>
     <gpxdata:distance>741.00</gpxdata:distance>
     <gpxdata:speed>7.169</gpxdata:speed>
    </extensions>
   </trkpt>
   <trkpt lat="47.4518481" lon="6.5881190">
    <ele>322</ele>
    <time>2026-06-09T15:23:42Z</time>
    <extensions>
     <gpxdata:distance>748.50</gpxdata:distance>
     <gpxdata:speed>7.064</gpxdata:speed>
    </extensions>
   </trkpt>
   <trkpt lat="47.4518720" lon="6.5882045">
    <ele>322</ele>
    <time>2026-06-09T15:23:43Z</time>
    <extensions>
     <gpxdata:distance>756.00</gpxdata:distance>
     <gpxdata:speed>7.053</gpxdata:speed>
    </extensions>
   </trkpt>
   <trkpt lat="47.4518967" lon="6.5882921">
    <ele>322</ele>
    <time>2026-06-09T15:23:44Z</time>
    <extensions>
     <gpxdata:distance>759.50</gpxdata:distance>
     <gpxdata:speed>7.097</gpxdata:speed>
    </extensions>
   </trkpt>
   <trkpt lat="47.4519226" lon="6.5883805">
    <ele>322</ele>
    <time>2026-06-09T15:23:45Z</time>
    <extensions>
     <gpxdata:distance>763.00</gpxdata:distance>
     <gpxdata:speed>7.097</gpxdata:speed>
    </extensions>
   </trkpt>
   <trkpt lat="47.4519496" lon="6.5884698">
    <ele>323</ele>
    <time>2026-06-09T15:23:46Z</time>
    <extensions>
     <gpxdata:distance>774.00</gpxdata:distance>
     <gpxdata:speed>7.217</gpxdata:speed>
    </extensions>
   </trkpt>
   <trkpt lat="47.4519775" lon="6.5885600">
    <ele>323</ele>
    <time>2026-06-09T15:23:47Z</time>
    <extensions>
     <gpxdata:distance>785.00</gpxdata:distance>
     <gpxdata:speed>7.300</gpxdata:speed>
    </extensions>
   </trkpt>
   <trkpt lat="47.4520061" lon="6.5886508">
    <ele>323</ele>
    <time>2026-06-09T15:23:48Z</time>
    <extensions>
     <gpxdata:distance>792.50</gpxdata:distance>
     <gpxdata:speed>7.375</gpxdata:speed>
    </extensions>
   </trkpt>
   <trkpt lat="47.4520359" lon="6.5887411">
    <ele>323</ele>
    <time>2026-06-09T15:23:49Z</time>
    <extensions>
     <gpxdata:distance>800.00</gpxdata:distance>
     <gpxdata:speed>7.436</gpxdata:speed>
    </extensions>
   </trkpt>
   <trkpt lat="47.4520689" lon="6.5888298">
    <ele>322</ele>
    <time>2026-06-09T15:23:50Z</time>
    <extensions>
     <gpxdata:distance>804.00</gpxdata:distance>
     <gpxdata:speed>7.586</gpxdata:speed>
    </extensions>
   </trkpt>
   <trkpt lat="47.4521055" lon="6.5889160">
    <ele>322</ele>
    <time>2026-06-09T15:23:51Z</time>
    <extensions>
     <gpxdata:distance>808.00</gpxdata:distance>
     <gpxdata:speed>7.586</gpxdata:speed>
    </extensions>
   </trkpt>
   <trkpt lat="47.4521432" lon="6.5890000">
    <ele>322</ele>
    <time>2026-06-09T15:23:52Z</time>
    <extensions>
     <gpxdata:distance>819.00</gpxdata:distance>
     <gpxdata:speed>7.614</gpxdata:speed>
    </extensions>
   </trkpt>
   <trkpt lat="47.4521806" lon="6.5890809">
    <ele>323</ele>
    <time>2026-06-09T15:23:53Z</time>
    <extensions>
     <gpxdata:distance>830.00</gpxdata:distance>
     <gpxdata:speed>7.500</gpxdata:speed>
    </extensions>
   </trkpt>
   <trkpt lat="47.4522171" lon="6.5891592">
    <ele>323</ele>
    <time>2026-06-09T15:23:54Z</time>
    <extensions>
     <gpxdata:distance>833.50</gpxdata:distance>
     <gpxdata:speed>7.372</gpxdata:speed>
    </extensions>
   </trkpt>
   <trkpt lat="47.4522521" lon="6.5892365">
    <ele>323</ele>
    <time>2026-06-09T15:23:55Z</time>
    <extensions>
     <gpxdata:distance>837.00</gpxdata:distance>
     <gpxdata:speed>7.372</gpxdata:speed>
    </extensions>
   </trkpt>
   <trkpt lat="47.4522846" lon="6.5893148">
    <ele>323</ele>
    <time>2026-06-09T15:23:56Z</time>
    <extensions>
     <gpxdata:distance>844.00</gpxdata:distance>
     <gpxdata:speed>7.136</gpxdata:speed>
    </extensions>
   </trkpt>
   <trkpt lat="47.4523139" lon="6.5893963">
    <ele>323</ele>
    <time>2026-06-09T15:23:57Z</time>
    <extensions>
     <gpxdata:distance>851.00</gpxdata:distance>
     <gpxdata:speed>7.136</gpxdata:speed>
    </extensions>
   </trkpt>
   <trkpt lat="47.4523363" lon="6.5894810">
    <ele>323</ele>
    <time>2026-06-09T15:23:58Z</time>
    <extensions>
     <gpxdata:distance>861.00</gpxdata:distance>
     <gpxdata:speed>7.083</gpxdata:speed>
    </extensions>
   </trkpt>
   <trkpt lat="47.4523489" lon="6.5895674">
    <ele>323</ele>
    <time>2026-06-09T15:23:59Z</time>
    <extensions>
     <gpxdata:distance>871.00</gpxdata:distance>
     <gpxdata:speed>6.761</gpxdata:speed>
    </extensions>
   </trkpt>
   <trkpt lat="47.4523523" lon="6.5896542">
    <ele>323</ele>
    <time>2026-06-09T15:24:00Z</time>
    <extensions>
     <gpxdata:distance>874.50</gpxdata:distance>
     <gpxdata:speed>6.761</gpxdata:speed>
    </extensions>
   </trkpt>
   <trkpt lat="47.4523469" lon="6.5897405">
    <ele>323</ele>
    <time>2026-06-09T15:24:01Z</time>
    <extensions>
     <gpxdata:distance>878.00</gpxdata:distance>
     <gpxdata:speed>6.619</gpxdata:speed>
    </extensions>
   </trkpt>
   <trkpt lat="47.4523317" lon="6.5898268">
    <ele>323</ele>
    <time>2026-06-09T15:24:02Z</time>
    <extensions>
     <gpxdata:distance>884.50</gpxdata:distance>
     <gpxdata:speed>6.728</gpxdata:speed>
    </extensions>
   </trkpt>
   <trkpt lat="47.4523092" lon="6.5899126">
    <ele>323</ele>
    <time>2026-06-09T15:24:03Z</time>
    <extensions>
     <gpxdata:distance>891.00</gpxdata:distance>
     <gpxdata:speed>6.728</gpxdata:speed>
    </extensions>
   </trkpt>
   <trkpt lat="47.4522841" lon="6.5899985">
    <ele>323</ele>
    <time>2026-06-09T15:24:04Z</time>
    <extensions>
     <gpxdata:distance>901.50</gpxdata:distance>
     <gpxdata:speed>6.925</gpxdata:speed>
    </extensions>
   </trkpt>
   <trkpt lat="47.4522614" lon="6.5900857">
    <ele>323</ele>
    <time>2026-06-09T15:24:05Z</time>
    <extensions>
     <gpxdata:distance>912.00</gpxdata:distance>
     <gpxdata:speed>6.939</gpxdata:speed>
    </extensions>
   </trkpt>
   <trkpt lat="47.4522440" lon="6.5901744">
    <ele>322</ele>
    <time>2026-06-09T15:24:06Z</time>
    <extensions>
     <gpxdata:distance>919.00</gpxdata:distance>
     <gpxdata:speed>6.933</gpxdata:speed>
    </extensions>
   </trkpt>
   <trkpt lat="47.4522334" lon="6.5902655">
    <ele>322</ele>
    <time>2026-06-09T15:24:07Z</time>
    <extensions>
     <gpxdata:distance>926.00</gpxdata:distance>
     <gpxdata:speed>6.950</gpxdata:speed>
    </extensions>
   </trkpt>
   <trkpt lat="47.4522293" lon="6.5903588">
    <ele>322</ele>
    <time>2026-06-09T15:24:08Z</time>
    <extensions>
     <gpxdata:distance>929.50</gpxdata:distance>
     <gpxdata:speed>6.989</gpxdata:speed>
    </extensions>
   </trkpt>
   <trkpt lat="47.4522295" lon="6.5904531">
    <ele>322</ele>
    <time>2026-06-09T15:24:09Z</time>
    <extensions>
     <gpxdata:distance>933.00</gpxdata:distance>
     <gpxdata:speed>6.989</gpxdata:speed>
    </extensions>
   </trkpt>
   <trkpt lat="47.4522314" lon="6.5905466">
    <ele>323</ele>
    <time>2026-06-09T15:24:10Z</time>
    <extensions>
     <gpxdata:distance>943.50</gpxdata:distance>
     <gpxdata:speed>7.022</gpxdata:speed>
    </extensions>
   </trkpt>
   <trkpt lat="47.4522331" lon="6.5906382">
    <ele>323</ele>
    <time>2026-06-09T15:24:11Z</time>
    <extensions>
     <gpxdata:distance>954.00</gpxdata:distance>
     <gpxdata:speed>6.964</gpxdata:speed>
    </extensions>
   </trkpt>
   <trkpt lat="47.4522332" lon="6.5907276">
    <ele>323</ele>
    <time>2026-06-09T15:24:12Z</time>
    <extensions>
     <gpxdata:distance>960.50</gpxdata:distance>
     <gpxdata:speed>6.878</gpxdata:speed>
    </extensions>
   </trkpt>
   <trkpt lat="47.4522302" lon="6.5908155">
    <ele>323</ele>
    <time>2026-06-09T15:24:13Z</time>
    <extensions>
     <gpxdata:distance>967.00</gpxdata:distance>
     <gpxdata:speed>6.789</gpxdata:speed>
    </extensions>
   </trkpt>
   <trkpt lat="47.4522240" lon="6.5909034">
    <ele>323</ele>
    <time>2026-06-09T15:24:14Z</time>
    <extensions>
     <gpxdata:distance>970.50</gpxdata:distance>
     <gpxdata:speed>6.753</gpxdata:speed>
    </extensions>
   </trkpt>
   <trkpt lat="47.4522156" lon="6.5909923">
    <ele>323</ele>
    <time>2026-06-09T15:24:15Z</time>
    <extensions>
     <gpxdata:distance>974.00</gpxdata:distance>
     <gpxdata:speed>6.753</gpxdata:speed>
    </extensions>
   </trkpt>
   <trkpt lat="47.4522062" lon="6.5910826">
    <ele>323</ele>
    <time>2026-06-09T15:24:16Z</time>
    <extensions>
     <gpxdata:distance>984.50</gpxdata:distance>
     <gpxdata:speed>6.811</gpxdata:speed>
    </extensions>
   </trkpt>
   <trkpt lat="47.4521963" lon="6.5911749">
    <ele>323</ele>
    <time>2026-06-09T15:24:17Z</time>
    <extensions>
     <gpxdata:distance>995.00</gpxdata:distance>
     <gpxdata:speed>6.889</gpxdata:speed>
    </extensions>
   </trkpt>
   <trkpt lat="47.4521860" lon="6.5912688">
    <ele>323</ele>
    <time>2026-06-09T15:24:18Z</time>
    <extensions>
     <gpxdata:distance>1002.50</gpxdata:distance>
     <gpxdata:speed>6.983</gpxdata:speed>
    </extensions>
   </trkpt>
   <trkpt lat="47.4521748" lon="6.5913642">
    <ele>323</ele>
    <time>2026-06-09T15:24:19Z</time>
    <extensions>
     <gpxdata:distance>1010.00</gpxdata:distance>
     <gpxdata:speed>7.086</gpxdata:speed>
    </extensions>
   </trkpt>
   <trkpt lat="47.4521622" lon="6.5914603">
    <ele>323</ele>
    <time>2026-06-09T15:24:20Z</time>
    <extensions>
     <gpxdata:distance>1017.50</gpxdata:distance>
     <gpxdata:speed>7.181</gpxdata:speed>
    </extensions>
   </trkpt>
   <trkpt lat="47.4521478" lon="6.5915566">
    <ele>323</ele>
    <time>2026-06-09T15:24:21Z</time>
    <extensions>
     <gpxdata:distance>1025.00</gpxdata:distance>
     <gpxdata:speed>7.264</gpxdata:speed>
    </extensions>
   </trkpt>
   <trkpt lat="47.4521322" lon="6.5916535">
    <ele>323</ele>
    <time>2026-06-09T15:24:22Z</time>
    <extensions>
     <gpxdata:distance>1032.50</gpxdata:distance>
     <gpxdata:speed>7.344</gpxdata:speed>
    </extensions>
   </trkpt>
   <trkpt lat="47.4521164" lon="6.5917505">
    <ele>323</ele>
    <time>2026-06-09T15:24:23Z</time>
    <extensions>
     <gpxdata:distance>1040.00</gpxdata:distance>
     <gpxdata:speed>7.403</gpxdata:speed>
    </extensions>
   </trkpt>
   <trkpt lat="47.4521002" lon="6.5918479">
    <ele>323</ele>
    <time>2026-06-09T15:24:24Z</time>
    <extensions>
     <gpxdata:distance>1047.50</gpxdata:distance>
     <gpxdata:speed>7.456</gpxdata:speed>
    </extensions>
   </trkpt>
   <trkpt lat="47.4520837" lon="6.5919459">
    <ele>323</ele>
    <time>2026-06-09T15:24:25Z</time>
    <extensions>
     <gpxdata:distance>1055.00</gpxdata:distance>
     <gpxdata:speed>7.508</gpxdata:speed>
    </extensions>
   </trkpt>
   <trkpt lat="47.4520666" lon="6.5920443">
    <ele>323</ele>
    <time>2026-06-09T15:24:26Z</time>
    <extensions>
     <gpxdata:distance>1062.50</gpxdata:distance>
     <gpxdata:speed>7.561</gpxdata:speed>
    </extensions>
   </trkpt>
   <trkpt lat="47.4520492" lon="6.5921431">
    <ele>323</ele>
    <time>2026-06-09T15:24:27Z</time>
    <extensions>
     <gpxdata:distance>1070.00</gpxdata:distance>
     <gpxdata:speed>7.603</gpxdata:speed>
    </extensions>
   </trkpt>
   <trkpt lat="47.4520313" lon="6.5922420">
    <ele>323</ele>
    <time>2026-06-09T15:24:28Z</time>
    <extensions>
     <gpxdata:distance>1078.00</gpxdata:distance>
     <gpxdata:speed>7.639</gpxdata:speed>
    </extensions>
   </trkpt>
   <trkpt lat="47.4520122" lon="6.5923410">
    <ele>322</ele>
    <time>2026-06-09T15:24:29Z</time>
    <extensions>
     <gpxdata:distance>1086.00</gpxdata:distance>
     <gpxdata:speed>7.678</gpxdata:speed>
    </extensions>
   </trkpt>
   <trkpt lat="47.4519918" lon="6.5924405">
    <ele>322</ele>
    <time>2026-06-09T15:24:30Z</time>
    <extensions>
     <gpxdata:distance>1093.50</gpxdata:distance>
     <gpxdata:speed>7.733</gpxdata:speed>
    </extensions>
   </trkpt>
   <trkpt lat="47.4519701" lon="6.5925396">
    <ele>322</ele>
    <time>2026-06-09T15:24:31Z</time>
    <extensions>
     <gpxdata:distance>1101.00</gpxdata:distance>
     <gpxdata:speed>7.767</gpxdata:speed>
    </extensions>
   </trkpt>
   <trkpt lat="47.4519475" lon="6.5926383">
    <ele>323</ele>
    <time>2026-06-09T15:24:32Z</time>
    <extensions>
     <gpxdata:distance>1109.00</gpxdata:distance>
     <gpxdata:speed>7.794</gpxdata:speed>
    </extensions>
   </trkpt>
   <trkpt lat="47.4519242" lon="6.5927364">
    <ele>323</ele>
    <time>2026-06-09T15:24:33Z</time>
    <extensions>
     <gpxdata:distance>1117.00</gpxdata:distance>
     <gpxdata:speed>7.803</gpxdata:speed>
    </extensions>
   </trkpt>
   <trkpt lat="47.4519011" lon="6.5928346">
    <ele>323</ele>
    <time>2026-06-09T15:24:34Z</time>
    <extensions>
     <gpxdata:distance>1125.00</gpxdata:distance>
     <gpxdata:speed>7.811</gpxdata:speed>
    </extensions>
   </trkpt>
   <trkpt lat="47.4518785" lon="6.5929336">
    <ele>323</ele>
    <time>2026-06-09T15:24:35Z</time>
    <extensions>
     <gpxdata:distance>1133.00</gpxdata:distance>
     <gpxdata:speed>7.833</gpxdata:speed>
    </extensions>
   </trkpt>
   <trkpt lat="47.4518549" lon="6.5930338">
    <ele>323</ele>
    <time>2026-06-09T15:24:36Z</time>
    <extensions>
     <gpxdata:distance>1141.00</gpxdata:distance>
     <gpxdata:speed>7.897</gpxdata:speed>
    </extensions>
   </trkpt>
   <trkpt lat="47.4518283" lon="6.5931348">
    <ele>323</ele>
    <time>2026-06-09T15:24:37Z</time>
    <extensions>
     <gpxdata:distance>1149.00</gpxdata:distance>
     <gpxdata:speed>7.997</gpxdata:speed>
    </extensions>
   </trkpt>
   <trkpt lat="47.4517975" lon="6.5932351">
    <ele>323</ele>
    <time>2026-06-09T15:24:38Z</time>
    <extensions>
     <gpxdata:distance>1157.50</gpxdata:distance>
     <gpxdata:speed>8.103</gpxdata:speed>
    </extensions>
   </trkpt>
   <trkpt lat="47.4517628" lon="6.5933336">
    <ele>323</ele>
    <time>2026-06-09T15:24:39Z</time>
    <extensions>
     <gpxdata:distance>1166.00</gpxdata:distance>
     <gpxdata:speed>8.189</gpxdata:speed>
    </extensions>
   </trkpt>
   <trkpt lat="47.4517250" lon="6.5934297">
    <ele>323</ele>
    <time>2026-06-09T15:24:40Z</time>
    <extensions>
     <gpxdata:distance>1174.50</gpxdata:distance>
     <gpxdata:speed>8.239</gpxdata:speed>
    </extensions>
   </trkpt>
   <trkpt lat="47.4516844" lon="6.5935232">
    <ele>323</ele>
    <time>2026-06-09T15:24:41Z</time>
    <extensions>
     <gpxdata:distance>1183.00</gpxdata:distance>
     <gpxdata:speed>8.281</gpxdata:speed>
    </extensions>
   </trkpt>
   <trkpt lat="47.4516409" lon="6.5936133">
    <ele>323</ele>
    <time>2026-06-09T15:24:42Z</time>
    <extensions>
     <gpxdata:distance>1191.00</gpxdata:distance>
     <gpxdata:speed>8.297</gpxdata:speed>
    </extensions>
   </trkpt>
   <trkpt lat="47.4515957" lon="6.5937018">
    <ele>323</ele>
    <time>2026-06-09T15:24:43Z</time>
    <extensions>
     <gpxdata:distance>1199.00</gpxdata:distance>
     <gpxdata:speed>8.314</gpxdata:speed>
    </extensions>
   </trkpt>
   <trkpt lat="47.4515502" lon="6.5937896">
    <ele>323</ele>
    <time>2026-06-09T15:24:44Z</time>
    <extensions>
     <gpxdata:distance>1203.50</gpxdata:distance>
     <gpxdata:speed>8.319</gpxdata:speed>
    </extensions>
   </trkpt>
   <trkpt lat="47.4515045" lon="6.5938778">
    <ele>323</ele>
    <time>2026-06-09T15:24:45Z</time>
    <extensions>
     <gpxdata:distance>1208.00</gpxdata:distance>
     <gpxdata:speed>8.319</gpxdata:speed>
    </extensions>
   </trkpt>
   <trkpt lat="47.4514582" lon="6.5939655">
    <ele>323</ele>
    <time>2026-06-09T15:24:46Z</time>
    <extensions>
     <gpxdata:distance>1220.50</gpxdata:distance>
     <gpxdata:speed>8.350</gpxdata:speed>
    </extensions>
   </trkpt>
   <trkpt lat="47.4514095" lon="6.5940504">
    <ele>323</ele>
    <time>2026-06-09T15:24:47Z</time>
    <extensions>
     <gpxdata:distance>1233.00</gpxdata:distance>
     <gpxdata:speed>8.364</gpxdata:speed>
    </extensions>
   </trkpt>
   <trkpt lat="47.4513567" lon="6.5941309">
    <ele>323</ele>
    <time>2026-06-09T15:24:48Z</time>
    <extensions>
     <gpxdata:distance>1237.00</gpxdata:distance>
     <gpxdata:speed>8.397</gpxdata:speed>
    </extensions>
   </trkpt>
   <trkpt lat="47.4512975" lon="6.5942026">
    <ele>323</ele>
    <time>2026-06-09T15:24:49Z</time>
    <extensions>
     <gpxdata:distance>1241.00</gpxdata:distance>
     <gpxdata:speed>8.397</gpxdata:speed>
    </extensions>
   </trkpt>
   <trkpt lat="47.4512327" lon="6.5942636">
    <ele>323</ele>
    <time>2026-06-09T15:24:50Z</time>
    <extensions>
     <gpxdata:distance>1254.00</gpxdata:distance>
     <gpxdata:speed>8.500</gpxdata:speed>
    </extensions>
   </trkpt>
   <trkpt lat="47.4511665" lon="6.5943172">
    <ele>323</ele>
    <time>2026-06-09T15:24:51Z</time>
    <extensions>
     <gpxdata:distance>1267.00</gpxdata:distance>
     <gpxdata:speed>8.442</gpxdata:speed>
    </extensions>
   </trkpt>
   <trkpt lat="47.4511063" lon="6.5943711">
    <ele>322</ele>
    <time>2026-06-09T15:24:52Z</time>
    <extensions>
     <gpxdata:distance>1270.50</gpxdata:distance>
     <gpxdata:speed>8.197</gpxdata:speed>
    </extensions>
   </trkpt>
   <trkpt lat="47.4510570" lon="6.5944286">
    <ele>322</ele>
    <time>2026-06-09T15:24:53Z</time>
    <extensions>
     <gpxdata:distance>1274.00</gpxdata:distance>
     <gpxdata:speed>8.197</gpxdata:speed>
    </extensions>
   </trkpt>
   <trkpt lat="47.4510168" lon="6.5944977">
    <ele>322</ele>
    <time>2026-06-09T15:24:54Z</time>
    <extensions>
     <gpxdata:distance>1284.50</gpxdata:distance>
     <gpxdata:speed>7.522</gpxdata:speed>
    </extensions>
   </trkpt>
   <trkpt lat="47.4509785" lon="6.5945777">
    <ele>322</ele>
    <time>2026-06-09T15:24:55Z</time>
    <extensions>
     <gpxdata:distance>1295.00</gpxdata:distance>
     <gpxdata:speed>7.542</gpxdata:speed>
    </extensions>
   </trkpt>
   <trkpt lat="47.4509374" lon="6.5946593">
    <ele>322</ele>
    <time>2026-06-09T15:24:56Z</time>
    <extensions>
     <gpxdata:distance>1303.00</gpxdata:distance>
     <gpxdata:speed>7.542</gpxdata:speed>
    </extensions>
   </trkpt>
   <trkpt lat="47.4508913" lon="6.5947337">
    <ele>322</ele>
    <time>2026-06-09T15:24:57Z</time>
    <extensions>
     <gpxdata:distance>1311.00</gpxdata:distance>
     <gpxdata:speed>7.583</gpxdata:speed>
    </extensions>
   </trkpt>
   <trkpt lat="47.4508419" lon="6.5947978">
    <ele>322</ele>
    <time>2026-06-09T15:24:58Z</time>
    <extensions>
     <gpxdata:distance>1317.50</gpxdata:distance>
     <gpxdata:speed>7.306</gpxdata:speed>
    </extensions>
   </trkpt>
   <trkpt lat="47.4507920" lon="6.5948535">
    <ele>322</ele>
    <time>2026-06-09T15:24:59Z</time>
    <extensions>
     <gpxdata:distance>1324.00</gpxdata:distance>
     <gpxdata:speed>7.011</gpxdata:speed>
    </extensions>
   </trkpt>
   <trkpt lat="47.4507424" lon="6.5949042">
    <ele>322</ele>
    <time>2026-06-09T15:25:00Z</time>
    <extensions>
     <gpxdata:distance>1330.50</gpxdata:distance>
     <gpxdata:speed>6.789</gpxdata:speed>
    </extensions>
   </trkpt>
   <trkpt lat="47.4506933" lon="6.5949522">
    <ele>323</ele>
    <time>2026-06-09T15:25:01Z</time>
    <extensions>
     <gpxdata:distance>1337.00</gpxdata:distance>
     <gpxdata:speed>6.639</gpxdata:speed>
    </extensions>
   </trkpt>
   <trkpt lat="47.4506439" lon="6.5949996">
    <ele>323</ele>
    <time>2026-06-09T15:25:02Z</time>
    <extensions>
     <gpxdata:distance>1344.00</gpxdata:distance>
     <gpxdata:speed>6.611</gpxdata:speed>
    </extensions>
   </trkpt>
   <trkpt lat="47.4505940" lon="6.5950468">
    <ele>323</ele>
    <time>2026-06-09T15:25:03Z</time>
    <extensions>
     <gpxdata:distance>1351.00</gpxdata:distance>
     <gpxdata:speed>6.628</gpxdata:speed>
    </extensions>
   </trkpt>
   <trkpt lat="47.4505435" lon="6.5950944">
    <ele>324</ele>
    <time>2026-06-09T15:25:04Z</time>
    <extensions>
     <gpxdata:distance>1357.50</gpxdata:distance>
     <gpxdata:speed>6.650</gpxdata:speed>
    </extensions>
   </trkpt>
   <trkpt lat="47.4504926" lon="6.5951414">
    <ele>324</ele>
    <time>2026-06-09T15:25:05Z</time>
    <extensions>
     <gpxdata:distance>1364.00</gpxdata:distance>
     <gpxdata:speed>6.647</gpxdata:speed>
    </extensions>
   </trkpt>
   <trkpt lat="47.4504408" lon="6.5951880">
    <ele>324</ele>
    <time>2026-06-09T15:25:06Z</time>
    <extensions>
     <gpxdata:distance>1371.00</gpxdata:distance>
     <gpxdata:speed>6.672</gpxdata:speed>
    </extensions>
   </trkpt>
   <trkpt lat="47.4503878" lon="6.5952339">
    <ele>324</ele>
    <time>2026-06-09T15:25:07Z</time>
    <extensions>
     <gpxdata:distance>1378.00</gpxdata:distance>
     <gpxdata:speed>6.722</gpxdata:speed>
    </extensions>
   </trkpt>
   <trkpt lat="47.4503347" lon="6.5952798">
    <ele>324</ele>
    <time>2026-06-09T15:25:08Z</time>
    <extensions>
     <gpxdata:distance>1384.50</gpxdata:distance>
     <gpxdata:speed>6.761</gpxdata:speed>
    </extensions>
   </trkpt>
   <trkpt lat="47.4502821" lon="6.5953256">
    <ele>324</ele>
    <time>2026-06-09T15:25:09Z</time>
    <extensions>
     <gpxdata:distance>1391.00</gpxdata:distance>
     <gpxdata:speed>6.767</gpxdata:speed>
    </extensions>
   </trkpt>
   <trkpt lat="47.4502301" lon="6.5953693">
    <ele>324</ele>
    <time>2026-06-09T15:25:10Z</time>
    <extensions>
     <gpxdata:distance>1397.50</gpxdata:distance>
     <gpxdata:speed>6.722</gpxdata:speed>
    </extensions>
   </trkpt>
   <trkpt lat="47.4501792" lon="6.5954112">
    <ele>324</ele>
    <time>2026-06-09T15:25:11Z</time>
    <extensions>
     <gpxdata:distance>1404.00</gpxdata:distance>
     <gpxdata:speed>6.636</gpxdata:speed>
    </extensions>
   </trkpt>
   <trkpt lat="47.4501288" lon="6.5954532">
    <ele>324</ele>
    <time>2026-06-09T15:25:12Z</time>
    <extensions>
     <gpxdata:distance>1410.50</gpxdata:distance>
     <gpxdata:speed>6.575</gpxdata:speed>
    </extensions>
   </trkpt>
   <trkpt lat="47.4500776" lon="6.5954960">
    <ele>324</ele>
    <time>2026-06-09T15:25:13Z</time>
    <extensions>
     <gpxdata:distance>1417.00</gpxdata:distance>
     <gpxdata:speed>6.578</gpxdata:speed>
    </extensions>
   </trkpt>
   <trkpt lat="47.4500247" lon="6.5955389">
    <ele>324</ele>
    <time>2026-06-09T15:25:14Z</time>
    <extensions>
     <gpxdata:distance>1420.50</gpxdata:distance>
     <gpxdata:speed>6.642</gpxdata:speed>
    </extensions>
   </trkpt>
   <trkpt lat="47.4499698" lon="6.5955813">
    <ele>324</ele>
    <time>2026-06-09T15:25:15Z</time>
    <extensions>
     <gpxdata:distance>1424.00</gpxdata:distance>
     <gpxdata:speed>6.642</gpxdata:speed>
    </extensions>
   </trkpt>
   <trkpt lat="47.4499140" lon="6.5956236">
    <ele>324</ele>
    <time>2026-06-09T15:25:16Z</time>
    <extensions>
     <gpxdata:distance>1434.50</gpxdata:distance>
     <gpxdata:speed>6.733</gpxdata:speed>
    </extensions>
   </trkpt>
   <trkpt lat="47.4498577" lon="6.5956655">
    <ele>324</ele>
    <time>2026-06-09T15:25:17Z</time>
    <extensions>
     <gpxdata:distance>1445.00</gpxdata:distance>
     <gpxdata:speed>6.875</gpxdata:speed>
    </extensions>
   </trkpt>
   <trkpt lat="47.4498010" lon="6.5957072">
    <ele>324</ele>
    <time>2026-06-09T15:25:18Z</time>
    <extensions>
     <gpxdata:distance>1452.00</gpxdata:distance>
     <gpxdata:speed>6.933</gpxdata:speed>
    </extensions>
   </trkpt>
   <trkpt lat="47.4497440" lon="6.5957486">
    <ele>324</ele>
    <time>2026-06-09T15:25:19Z</time>
    <extensions>
     <gpxdata:distance>1459.00</gpxdata:distance>
     <gpxdata:speed>6.981</gpxdata:speed>
    </extensions>
   </trkpt>
   <trkpt lat="47.4496869" lon="6.5957901">
    <ele>324</ele>
    <time>2026-06-09T15:25:20Z</time>
    <extensions>
     <gpxdata:distance>1466.50</gpxdata:distance>
     <gpxdata:speed>7.017</gpxdata:speed>
    </extensions>
   </trkpt>
   <trkpt lat="47.4496297" lon="6.5958319">
    <ele>324</ele>
    <time>2026-06-09T15:25:21Z</time>
    <extensions>
     <gpxdata:distance>1474.00</gpxdata:distance>
     <gpxdata:speed>7.050</gpxdata:speed>
    </extensions>
   </trkpt>
   <trkpt lat="47.4495727" lon="6.5958737">
    <ele>324</ele>
    <time>2026-06-09T15:25:22Z</time>
    <extensions>
     <gpxdata:distance>1481.00</gpxdata:distance>
     <gpxdata:speed>7.069</gpxdata:speed>
    </extensions>
   </trkpt>
   <trkpt lat="47.4495161" lon="6.5959152">
    <ele>324</ele>
    <time>2026-06-09T15:25:23Z</time>
    <extensions>
     <gpxdata:distance>1488.00</gpxdata:distance>
     <gpxdata:speed>7.061</gpxdata:speed>
    </extensions>
   </trkpt>
   <trkpt lat="47.4494596" lon="6.5959564">
    <ele>324</ele>
    <time>2026-06-09T15:25:24Z</time>
    <extensions>
     <gpxdata:distance>1495.00</gpxdata:distance>
     <gpxdata:speed>7.050</gpxdata:speed>
    </extensions>
   </trkpt>
   <trkpt lat="47.4494025" lon="6.5959975">
    <ele>324</ele>
    <time>2026-06-09T15:25:25Z</time>
    <extensions>
     <gpxdata:distance>1502.00</gpxdata:distance>
     <gpxdata:speed>7.061</gpxdata:speed>
    </extensions>
   </trkpt>
   <trkpt lat="47.4493451" lon="6.5960381">
    <ele>324</ele>
    <time>2026-06-09T15:25:26Z</time>
    <extensions>
     <gpxdata:distance>1509.00</gpxdata:distance>
     <gpxdata:speed>7.067</gpxdata:speed>
    </extensions>
   </trkpt>
   <trkpt lat="47.4492878" lon="6.5960785">
    <ele>324</ele>
    <time>2026-06-09T15:25:27Z</time>
    <extensions>
     <gpxdata:distance>1516.00</gpxdata:distance>
     <gpxdata:speed>7.067</gpxdata:speed>
    </extensions>
   </trkpt>
   <trkpt lat="47.4492308" lon="6.5961184">
    <ele>324</ele>
    <time>2026-06-09T15:25:28Z</time>
    <extensions>
     <gpxdata:distance>1523.00</gpxdata:distance>
     <gpxdata:speed>7.047</gpxdata:speed>
    </extensions>
   </trkpt>
   <trkpt lat="47.4491739" lon="6.5961580">
    <ele>324</ele>
    <time>2026-06-09T15:25:29Z</time>
    <extensions>
     <gpxdata:distance>1530.00</gpxdata:distance>
     <gpxdata:speed>7.031</gpxdata:speed>
    </extensions>
   </trkpt>
   <trkpt lat="47.4491170" lon="6.5961970">
    <ele>324</ele>
    <time>2026-06-09T15:25:30Z</time>
    <extensions>
     <gpxdata:distance>1537.00</gpxdata:distance>
     <gpxdata:speed>7.014</gpxdata:speed>
    </extensions>
   </trkpt>
   <trkpt lat="47.4490599" lon="6.5962362">
    <ele>324</ele>
    <time>2026-06-09T15:25:31Z</time>
    <extensions>
     <gpxdata:distance>1544.00</gpxdata:distance>
     <gpxdata:speed>7.014</gpxdata:speed>
    </extensions>
   </trkpt>
   <trkpt lat="47.4490025" lon="6.5962764">
    <ele>324</ele>
    <time>2026-06-09T15:25:32Z</time>
    <extensions>
     <gpxdata:distance>1551.00</gpxdata:distance>
     <gpxdata:speed>7.039</gpxdata:speed>
    </extensions>
   </trkpt>
   <trkpt lat="47.4489447" lon="6.5963169">
    <ele>324</ele>
    <time>2026-06-09T15:25:33Z</time>
    <extensions>
     <gpxdata:distance>1558.00</gpxdata:distance>
     <gpxdata:speed>7.067</gpxdata:speed>
    </extensions>
   </trkpt>
   <trkpt lat="47.4488862" lon="6.5963572">
    <ele>324</ele>
    <time>2026-06-09T15:25:34Z</time>
    <extensions>
     <gpxdata:distance>1565.50</gpxdata:distance>
     <gpxdata:speed>7.106</gpxdata:speed>
    </extensions>
   </trkpt>
   <trkpt lat="47.4488272" lon="6.5963967">
    <ele>324</ele>
    <time>2026-06-09T15:25:35Z</time>
    <extensions>
     <gpxdata:distance>1573.00</gpxdata:distance>
     <gpxdata:speed>7.142</gpxdata:speed>
    </extensions>
   </trkpt>
   <trkpt lat="47.4487683" lon="6.5964349">
    <ele>324</ele>
    <time>2026-06-09T15:25:36Z</time>
    <extensions>
     <gpxdata:distance>1580.00</gpxdata:distance>
     <gpxdata:speed>7.139</gpxdata:speed>
    </extensions>
   </trkpt>
   <trkpt lat="47.4487095" lon="6.5964713">
    <ele>324</ele>
    <time>2026-06-09T15:25:37Z</time>
    <extensions>
     <gpxdata:distance>1587.00</gpxdata:distance>
     <gpxdata:speed>7.119</gpxdata:speed>
    </extensions>
   </trkpt>
   <trkpt lat="47.4486505" lon="6.5965062">
    <ele>324</ele>
    <time>2026-06-09T15:25:38Z</time>
    <extensions>
     <gpxdata:distance>1594.00</gpxdata:distance>
     <gpxdata:speed>7.103</gpxdata:speed>
    </extensions>
   </trkpt>
   <trkpt lat="47.4485912" lon="6.5965398">
    <ele>324</ele>
    <time>2026-06-09T15:25:39Z</time>
    <extensions>
     <gpxdata:distance>1601.00</gpxdata:distance>
     <gpxdata:speed>7.097</gpxdata:speed>
    </extensions>
   </trkpt>
   <trkpt lat="47.4485315" lon="6.5965719">
    <ele>324</ele>
    <time>2026-06-09T15:25:40Z</time>
    <extensions>
     <gpxdata:distance>1608.00</gpxdata:distance>
     <gpxdata:speed>7.092</gpxdata:speed>
    </extensions>
   </trkpt>
   <trkpt lat="47.4484710" lon="6.5966023">
    <ele>324</ele>
    <time>2026-06-09T15:25:41Z</time>
    <extensions>
     <gpxdata:distance>1615.00</gpxdata:distance>
     <gpxdata:speed>7.100</gpxdata:speed>
    </extensions>
   </trkpt>
   <trkpt lat="47.4484104" lon="6.5966329">
    <ele>324</ele>
    <time>2026-06-09T15:25:42Z</time>
    <extensions>
     <gpxdata:distance>1622.00</gpxdata:distance>
     <gpxdata:speed>7.108</gpxdata:speed>
    </extensions>
   </trkpt>
   <trkpt lat="47.4483500" lon="6.5966634">
    <ele>324</ele>
    <time>2026-06-09T15:25:43Z</time>
    <extensions>
     <gpxdata:distance>1629.00</gpxdata:distance>
     <gpxdata:speed>7.103</gpxdata:speed>
    </extensions>
   </trkpt>
   <trkpt lat="47.4482901" lon="6.5966944">
    <ele>324</ele>
    <time>2026-06-09T15:25:44Z</time>
    <extensions>
     <gpxdata:distance>1632.50</gpxdata:distance>
     <gpxdata:speed>7.086</gpxdata:speed>
    </extensions>
   </trkpt>
   <trkpt lat="47.4482299" lon="6.5967255">
    <ele>324</ele>
    <time>2026-06-09T15:25:45Z</time>
    <extensions>
     <gpxdata:distance>1636.00</gpxdata:distance>
     <gpxdata:speed>7.086</gpxdata:speed>
    </extensions>
   </trkpt>
   <trkpt lat="47.4481692" lon="6.5967557">
    <ele>324</ele>
    <time>2026-06-09T15:25:46Z</time>
    <extensions>
     <gpxdata:distance>1647.00</gpxdata:distance>
     <gpxdata:speed>7.111</gpxdata:speed>
    </extensions>
   </trkpt>
   <trkpt lat="47.4481077" lon="6.5967849">
    <ele>324</ele>
    <time>2026-06-09T15:25:47Z</time>
    <extensions>
     <gpxdata:distance>1658.00</gpxdata:distance>
     <gpxdata:speed>7.142</gpxdata:speed>
    </extensions>
   </trkpt>
   <trkpt lat="47.4480456" lon="6.5968132">
    <ele>324</ele>
    <time>2026-06-09T15:25:48Z</time>
    <extensions>
     <gpxdata:distance>1665.00</gpxdata:distance>
     <gpxdata:speed>7.172</gpxdata:speed>
    </extensions>
   </trkpt>
   <trkpt lat="47.4479834" lon="6.5968413">
    <ele>324</ele>
    <time>2026-06-09T15:25:49Z</time>
    <extensions>
     <gpxdata:distance>1672.00</gpxdata:distance>
     <gpxdata:speed>7.192</gpxdata:speed>
    </extensions>
   </trkpt>
   <trkpt lat="47.4479211" lon="6.5968691">
    <ele>324</ele>
    <time>2026-06-09T15:25:50Z</time>
    <extensions>
     <gpxdata:distance>1679.50</gpxdata:distance>
     <gpxdata:speed>7.208</gpxdata:speed>
    </extensions>
   </trkpt>
   <trkpt lat="47.4478585" lon="6.5968965">
    <ele>324</ele>
    <time>2026-06-09T15:25:51Z</time>
    <extensions>
     <gpxdata:distance>1687.00</gpxdata:distance>
     <gpxdata:speed>7.231</gpxdata:speed>
    </extensions>
   </trkpt>
   <trkpt lat="47.4477955" lon="6.5969231">
    <ele>324</ele>
    <time>2026-06-09T15:25:52Z</time>
    <extensions>
     <gpxdata:distance>1694.50</gpxdata:distance>
     <gpxdata:speed>7.253</gpxdata:speed>
    </extensions>
   </trkpt>
   <trkpt lat="47.4477321" lon="6.5969486">
    <ele>324</ele>
    <time>2026-06-09T15:25:53Z</time>
    <extensions>
     <gpxdata:distance>1702.00</gpxdata:distance>
     <gpxdata:speed>7.272</gpxdata:speed>
    </extensions>
   </trkpt>
   <trkpt lat="47.4476689" lon="6.5969735">
    <ele>324</ele>
    <time>2026-06-09T15:25:54Z</time>
    <extensions>
     <gpxdata:distance>1709.00</gpxdata:distance>
     <gpxdata:speed>7.275</gpxdata:speed>
    </extensions>
   </trkpt>
   <trkpt lat="47.4476055" lon="6.5969964">
    <ele>324</ele>
    <time>2026-06-09T15:25:55Z</time>
    <extensions>
     <gpxdata:distance>1716.00</gpxdata:distance>
     <gpxdata:speed>7.269</gpxdata:speed>
    </extensions>
   </trkpt>
   <trkpt lat="47.4475423" lon="6.5970178">
    <ele>324</ele>
    <time>2026-06-09T15:25:56Z</time>
    <extensions>
     <gpxdata:distance>1723.00</gpxdata:distance>
     <gpxdata:speed>7.253</gpxdata:speed>
    </extensions>
   </trkpt>
   <trkpt lat="47.4474787" lon="6.5970381">
    <ele>324</ele>
    <time>2026-06-09T15:25:57Z</time>
    <extensions>
     <gpxdata:distance>1730.00</gpxdata:distance>
     <gpxdata:speed>7.253</gpxdata:speed>
    </extensions>
   </trkpt>
   <trkpt lat="47.4474146" lon="6.5970578">
    <ele>324</ele>
    <time>2026-06-09T15:25:58Z</time>
    <extensions>
     <gpxdata:distance>1737.50</gpxdata:distance>
     <gpxdata:speed>7.269</gpxdata:speed>
    </extensions>
   </trkpt>
   <trkpt lat="47.4473500" lon="6.5970767">
    <ele>324</ele>
    <time>2026-06-09T15:25:59Z</time>
    <extensions>
     <gpxdata:distance>1745.00</gpxdata:distance>
     <gpxdata:speed>7.289</gpxdata:speed>
    </extensions>
   </trkpt>
   <trkpt lat="47.4472854" lon="6.5970947">
    <ele>324</ele>
    <time>2026-06-09T15:26:00Z</time>
    <extensions>
     <gpxdata:distance>1748.50</gpxdata:distance>
     <gpxdata:speed>7.289</gpxdata:speed>
    </extensions>
   </trkpt>
   <trkpt lat="47.4472211" lon="6.5971116">
    <ele>324</ele>
    <time>2026-06-09T15:26:01Z</time>
    <extensions>
     <gpxdata:distance>1752.00</gpxdata:distance>
     <gpxdata:speed>7.297</gpxdata:speed>
    </extensions>
   </trkpt>
   <trkpt lat="47.4471571" lon="6.5971283">
    <ele>324</ele>
    <time>2026-06-09T15:26:02Z</time>
    <extensions>
     <gpxdata:distance>1759.50</gpxdata:distance>
     <gpxdata:speed>7.261</gpxdata:speed>
    </extensions>
   </trkpt>
   <trkpt lat="47.4470939" lon="6.5971441">
    <ele>324</ele>
    <time>2026-06-09T15:26:03Z</time>
    <extensions>
     <gpxdata:distance>1767.00</gpxdata:distance>
     <gpxdata:speed>7.261</gpxdata:speed>
    </extensions>
   </trkpt>
   <trkpt lat="47.4470320" lon="6.5971591">
    <ele>324</ele>
    <time>2026-06-09T15:26:04Z</time>
    <extensions>
     <gpxdata:distance>1777.50</gpxdata:distance>
     <gpxdata:speed>7.125</gpxdata:speed>
    </extensions>
   </trkpt>
   <trkpt lat="47.4469712" lon="6.5971727">
    <ele>324</ele>
    <time>2026-06-09T15:26:05Z</time>
    <extensions>
     <gpxdata:distance>1788.00</gpxdata:distance>
     <gpxdata:speed>7.028</gpxdata:speed>
    </extensions>
   </trkpt>
   <trkpt lat="47.4469106" lon="6.5971839">
    <ele>324</ele>
    <time>2026-06-09T15:26:06Z</time>
    <extensions>
     <gpxdata:distance>1794.50</gpxdata:distance>
     <gpxdata:speed>6.950</gpxdata:speed>
    </extensions>
   </trkpt>
   <trkpt lat="47.4468492" lon="6.5971925">
    <ele>324</ele>
    <time>2026-06-09T15:26:07Z</time>
    <extensions>
     <gpxdata:distance>1801.00</gpxdata:distance>
     <gpxdata:speed>6.933</gpxdata:speed>
    </extensions>
   </trkpt>
   <trkpt lat="47.4467867" lon="6.5971977">
    <ele>324</ele>
    <time>2026-06-09T15:26:08Z</time>
    <extensions>
     <gpxdata:distance>1808.00</gpxdata:distance>
     <gpxdata:speed>6.950</gpxdata:speed>
    </extensions>
   </trkpt>
   <trkpt lat="47.4467234" lon="6.5972000">
    <ele>324</ele>
    <time>2026-06-09T15:26:09Z</time>
    <extensions>
     <gpxdata:distance>1815.00</gpxdata:distance>
     <gpxdata:speed>6.983</gpxdata:speed>
    </extensions>
   </trkpt>
   <trkpt lat="47.4466591" lon="6.5972002">
    <ele>324</ele>
    <time>2026-06-09T15:26:10Z</time>
    <extensions>
     <gpxdata:distance>1822.50</gpxdata:distance>
     <gpxdata:speed>7.042</gpxdata:speed>
    </extensions>
   </trkpt>
   <trkpt lat="47.4465942" lon="6.5971985">
    <ele>324</ele>
    <time>2026-06-09T15:26:11Z</time>
    <extensions>
     <gpxdata:distance>1830.00</gpxdata:distance>
     <gpxdata:speed>7.103</gpxdata:speed>
    </extensions>
   </trkpt>
   <trkpt lat="47.4465284" lon="6.5971958">
    <ele>324</ele>
    <time>2026-06-09T15:26:12Z</time>
    <extensions>
     <gpxdata:distance>1837.50</gpxdata:distance>
     <gpxdata:speed>7.175</gpxdata:speed>
    </extensions>
   </trkpt>
   <trkpt lat="47.4464621" lon="6.5971927">
    <ele>324</ele>
    <time>2026-06-09T15:26:13Z</time>
    <extensions>
     <gpxdata:distance>1845.00</gpxdata:distance>
     <gpxdata:speed>7.247</gpxdata:speed>
    </extensions>
   </trkpt>
   <trkpt lat="47.4463956" lon="6.5971888">
    <ele>324</ele>
    <time>2026-06-09T15:26:14Z</time>
    <extensions>
     <gpxdata:distance>1848.50</gpxdata:distance>
     <gpxdata:speed>7.303</gpxdata:speed>
    </extensions>
   </trkpt>
   <trkpt lat="47.4463290" lon="6.5971842">
    <ele>324</ele>
    <time>2026-06-09T15:26:15Z</time>
    <extensions>
     <gpxdata:distance>1852.00</gpxdata:distance>
     <gpxdata:speed>7.303</gpxdata:speed>
    </extensions>
   </trkpt>
   <trkpt lat="47.4462631" lon="6.5971796">
    <ele>324</ele>
    <time>2026-06-09T15:26:16Z</time>
    <extensions>
     <gpxdata:distance>1863.00</gpxdata:distance>
     <gpxdata:speed>7.344</gpxdata:speed>
    </extensions>
   </trkpt>
   <trkpt lat="47.4461982" lon="6.5971746">
    <ele>324</ele>
    <time>2026-06-09T15:26:17Z</time>
    <extensions>
     <gpxdata:distance>1874.00</gpxdata:distance>
     <gpxdata:speed>7.303</gpxdata:speed>
    </extensions>
   </trkpt>
   <trkpt lat="47.4461341" lon="6.5971693">
    <ele>324</ele>
    <time>2026-06-09T15:26:18Z</time>
    <extensions>
     <gpxdata:distance>1881.00</gpxdata:distance>
     <gpxdata:speed>7.253</gpxdata:speed>
    </extensions>
   </trkpt>
   <trkpt lat="47.4460706" lon="6.5971628">
    <ele>324</ele>
    <time>2026-06-09T15:26:19Z</time>
    <extensions>
     <gpxdata:distance>1888.00</gpxdata:distance>
     <gpxdata:speed>7.197</gpxdata:speed>
    </extensions>
   </trkpt>
   <trkpt lat="47.4460082" lon="6.5971530">
    <ele>324</ele>
    <time>2026-06-09T15:26:20Z</time>
    <extensions>
     <gpxdata:distance>1895.00</gpxdata:distance>
     <gpxdata:speed>7.125</gpxdata:speed>
    </extensions>
   </trkpt>
   <trkpt lat="47.4459462" lon="6.5971419">
    <ele>324</ele>
    <time>2026-06-09T15:26:21Z</time>
    <extensions>
     <gpxdata:distance>1902.00</gpxdata:distance>
     <gpxdata:speed>7.067</gpxdata:speed>
    </extensions>
   </trkpt>
   <trkpt lat="47.4458839" lon="6.5971309">
    <ele>324</ele>
    <time>2026-06-09T15:26:22Z</time>
    <extensions>
     <gpxdata:distance>1909.00</gpxdata:distance>
     <gpxdata:speed>7.042</gpxdata:speed>
    </extensions>
   </trkpt>
   <trkpt lat="47.4458215" lon="6.5971212">
    <ele>324</ele>
    <time>2026-06-09T15:26:23Z</time>
    <extensions>
     <gpxdata:distance>1916.00</gpxdata:distance>
     <gpxdata:speed>7.017</gpxdata:speed>
    </extensions>
   </trkpt>
   <trkpt lat="47.4457589" lon="6.5971137">
    <ele>324</ele>
    <time>2026-06-09T15:26:24Z</time>
    <extensions>
     <gpxdata:distance>1923.00</gpxdata:distance>
     <gpxdata:speed>7.008</gpxdata:speed>
    </extensions>
   </trkpt>
   <trkpt lat="47.4456959" lon="6.5971079">
    <ele>324</ele>
    <time>2026-06-09T15:26:25Z</time>
    <extensions>
     <gpxdata:distance>1930.00</gpxdata:distance>
     <gpxdata:speed>7.011</gpxdata:speed>
    </extensions>
   </trkpt>
   <trkpt lat="47.4456321" lon="6.5971032">
    <ele>324</ele>
    <time>2026-06-09T15:26:26Z</time>
    <extensions>
     <gpxdata:distance>1937.00</gpxdata:distance>
     <gpxdata:speed>7.044</gpxdata:speed>
    </extensions>
   </trkpt>
   <trkpt lat="47.4455678" lon="6.5970985">
    <ele>324</ele>
    <time>2026-06-09T15:26:27Z</time>
    <extensions>
     <gpxdata:distance>1944.00</gpxdata:distance>
     <gpxdata:speed>7.083</gpxdata:speed>
    </extensions>
   </trkpt>
   <trkpt lat="47.4455035" lon="6.5970939">
    <ele>325</ele>
    <time>2026-06-09T15:26:28Z</time>
    <extensions>
     <gpxdata:distance>1951.50</gpxdata:distance>
     <gpxdata:speed>7.106</gpxdata:speed>
    </extensions>
   </trkpt>
   <trkpt lat="47.4454390" lon="6.5970918">
    <ele>325</ele>
    <time>2026-06-09T15:26:29Z</time>
    <extensions>
     <gpxdata:distance>1959.00</gpxdata:distance>
     <gpxdata:speed>7.131</gpxdata:speed>
    </extensions>
   </trkpt>
   <trkpt lat="47.4453746" lon="6.5970930">
    <ele>325</ele>
    <time>2026-06-09T15:26:30Z</time>
    <extensions>
     <gpxdata:distance>1966.00</gpxdata:distance>
     <gpxdata:speed>7.131</gpxdata:speed>
    </extensions>
   </trkpt>
   <trkpt lat="47.4453103" lon="6.5970969">
    <ele>325</ele>
    <time>2026-06-09T15:26:31Z</time>
    <extensions>
     <gpxdata:distance>1973.00</gpxdata:distance>
     <gpxdata:speed>7.153</gpxdata:speed>
    </extensions>
   </trkpt>
   <trkpt lat="47.4452464" lon="6.5971013">
    <ele>325</ele>
    <time>2026-06-09T15:26:32Z</time>
    <extensions>
     <gpxdata:distance>1980.00</gpxdata:distance>
     <gpxdata:speed>7.133</gpxdata:speed>
    </extensions>
   </trkpt>
   <trkpt lat="47.4451829" lon="6.5971044">
    <ele>325</ele>
    <time>2026-06-09T15:26:33Z</time>
    <extensions>
     <gpxdata:distance>1987.00</gpxdata:distance>
     <gpxdata:speed>7.114</gpxdata:speed>
    </extensions>
   </trkpt>
   <trkpt lat="47.4451196" lon="6.5971062">
    <ele>325</ele>
    <time>2026-06-09T15:26:34Z</time>
    <extensions>
     <gpxdata:distance>1994.00</gpxdata:distance>
     <gpxdata:speed>7.092</gpxdata:speed>
    </extensions>
   </trkpt>
   <trkpt lat="47.4450564" lon="6.5971074">
    <ele>325</ele>
    <time>2026-06-09T15:26:35Z</time>
    <extensions>
     <gpxdata:distance>2001.00</gpxdata:distance>
     <gpxdata:speed>7.078</gpxdata:speed>
    </extensions>
   </trkpt>
   <trkpt lat="47.4449930" lon="6.5971079">
    <ele>325</ele>
    <time>2026-06-09T15:26:36Z</time>
    <extensions>
     <gpxdata:distance>2008.00</gpxdata:distance>
     <gpxdata:speed>7.072</gpxdata:speed>
    </extensions>
   </trkpt>
   <trkpt lat="47.4449300" lon="6.5971084">
    <ele>325</ele>
    <time>2026-06-09T15:26:37Z</time>
    <extensions>
     <gpxdata:distance>2015.00</gpxdata:distance>
     <gpxdata:speed>7.050</gpxdata:speed>
    </extensions>
   </trkpt>
   <trkpt lat="47.4448674" lon="6.5971099">
    <ele>325</ele>
    <time>2026-06-09T15:26:38Z</time>
    <extensions>
     <gpxdata:distance>2022.00</gpxdata:distance>
     <gpxdata:speed>7.017</gpxdata:speed>
    </extensions>
   </trkpt>
   <trkpt lat="47.4448055" lon="6.5971115">
    <ele>325</ele>
    <time>2026-06-09T15:26:39Z</time>
    <extensions>
     <gpxdata:distance>2029.00</gpxdata:distance>
     <gpxdata:speed>6.969</gpxdata:speed>
    </extensions>
   </trkpt>
   <trkpt lat="47.4447433" lon="6.5971129">
    <ele>325</ele>
    <time>2026-06-09T15:26:40Z</time>
    <extensions>
     <gpxdata:distance>2036.00</gpxdata:distance>
     <gpxdata:speed>6.958</gpxdata:speed>
    </extensions>
   </trkpt>
   <trkpt lat="47.4446818" lon="6.5971140">
    <ele>325</ele>
    <time>2026-06-09T15:26:41Z</time>
    <extensions>
     <gpxdata:distance>2043.00</gpxdata:distance>
     <gpxdata:speed>6.914</gpxdata:speed>
    </extensions>
   </trkpt>
   <trkpt lat="47.4446207" lon="6.5971145">
    <ele>325</ele>
    <time>2026-06-09T15:26:42Z</time>
    <extensions>
     <gpxdata:distance>2050.00</gpxdata:distance>
     <gpxdata:speed>6.869</gpxdata:speed>
    </extensions>
   </trkpt>
   <trkpt lat="47.4445593" lon="6.5971152">
    <ele>325</ele>
    <time>2026-06-09T15:26:43Z</time>
    <extensions>
     <gpxdata:distance>2057.00</gpxdata:distance>
     <gpxdata:speed>6.861</gpxdata:speed>
    </extensions>
   </trkpt>
   <trkpt lat="47.4444962" lon="6.5971165">
    <ele>325</ele>
    <time>2026-06-09T15:26:44Z</time>
    <extensions>
     <gpxdata:distance>2060.50</gpxdata:distance>
     <gpxdata:speed>6.861</gpxdata:speed>
    </extensions>
   </trkpt>
   <trkpt lat="47.4444319" lon="6.5971185">
    <ele>325</ele>
    <time>2026-06-09T15:26:45Z</time>
    <extensions>
     <gpxdata:distance>2064.00</gpxdata:distance>
     <gpxdata:speed>6.933</gpxdata:speed>
    </extensions>
   </trkpt>
   <trkpt lat="47.4443670" lon="6.5971217">
    <ele>325</ele>
    <time>2026-06-09T15:26:46Z</time>
    <extensions>
     <gpxdata:distance>2074.50</gpxdata:distance>
     <gpxdata:speed>7.014</gpxdata:speed>
    </extensions>
   </trkpt>
   <trkpt lat="47.4443021" lon="6.5971248">
    <ele>325</ele>
    <time>2026-06-09T15:26:47Z</time>
    <extensions>
     <gpxdata:distance>2085.00</gpxdata:distance>
     <gpxdata:speed>7.122</gpxdata:speed>
    </extensions>
   </trkpt>
   <trkpt lat="47.4442380" lon="6.5971284">
    <ele>325</ele>
    <time>2026-06-09T15:26:48Z</time>
    <extensions>
     <gpxdata:distance>2092.50</gpxdata:distance>
     <gpxdata:speed>7.119</gpxdata:speed>
    </extensions>
   </trkpt>
   <trkpt lat="47.4441743" lon="6.5971326">
    <ele>325</ele>
    <time>2026-06-09T15:26:49Z</time>
    <extensions>
     <gpxdata:distance>2100.00</gpxdata:distance>
     <gpxdata:speed>7.108</gpxdata:speed>
    </extensions>
   </trkpt>
   <trkpt lat="47.4441108" lon="6.5971372">
    <ele>325</ele>
    <time>2026-06-09T15:26:50Z</time>
    <extensions>
     <gpxdata:distance>2107.00</gpxdata:distance>
     <gpxdata:speed>7.100</gpxdata:speed>
    </extensions>
   </trkpt>
   <trkpt lat="47.4440474" lon="6.5971424">
    <ele>325</ele>
    <time>2026-06-09T15:26:51Z</time>
    <extensions>
     <gpxdata:distance>2114.00</gpxdata:distance>
     <gpxdata:speed>7.092</gpxdata:speed>
    </extensions>
   </trkpt>
   <trkpt lat="47.4439844" lon="6.5971485">
    <ele>325</ele>
    <time>2026-06-09T15:26:52Z</time>
    <extensions>
     <gpxdata:distance>2121.00</gpxdata:distance>
     <gpxdata:speed>7.069</gpxdata:speed>
    </extensions>
   </trkpt>
   <trkpt lat="47.4439218" lon="6.5971551">
    <ele>325</ele>
    <time>2026-06-09T15:26:53Z</time>
    <extensions>
     <gpxdata:distance>2128.00</gpxdata:distance>
     <gpxdata:speed>7.042</gpxdata:speed>
    </extensions>
   </trkpt>
   <trkpt lat="47.4438595" lon="6.5971619">
    <ele>325</ele>
    <time>2026-06-09T15:26:54Z</time>
    <extensions>
     <gpxdata:distance>2135.00</gpxdata:distance>
     <gpxdata:speed>7.008</gpxdata:speed>
    </extensions>
   </trkpt>
   <trkpt lat="47.4437968" lon="6.5971700">
    <ele>325</ele>
    <time>2026-06-09T15:26:55Z</time>
    <extensions>
     <gpxdata:distance>2142.00</gpxdata:distance>
     <gpxdata:speed>7.017</gpxdata:speed>
    </extensions>
   </trkpt>
   <trkpt lat="47.4437329" lon="6.5971793">
    <ele>325</ele>
    <time>2026-06-09T15:26:56Z</time>
    <extensions>
     <gpxdata:distance>2149.00</gpxdata:distance>
     <gpxdata:speed>7.069</gpxdata:speed>
    </extensions>
   </trkpt>
   <trkpt lat="47.4436683" lon="6.5971889">
    <ele>325</ele>
    <time>2026-06-09T15:26:57Z</time>
    <extensions>
     <gpxdata:distance>2156.00</gpxdata:distance>
     <gpxdata:speed>7.119</gpxdata:speed>
    </extensions>
   </trkpt>
   <trkpt lat="47.4436037" lon="6.5971993">
    <ele>325</ele>
    <time>2026-06-09T15:26:58Z</time>
    <extensions>
     <gpxdata:distance>2163.50</gpxdata:distance>
     <gpxdata:speed>7.158</gpxdata:speed>
    </extensions>
   </trkpt>
   <trkpt lat="47.4435393" lon="6.5972104">
    <ele>325</ele>
    <time>2026-06-09T15:26:59Z</time>
    <extensions>
     <gpxdata:distance>2171.00</gpxdata:distance>
     <gpxdata:speed>7.167</gpxdata:speed>
    </extensions>
   </trkpt>
   <trkpt lat="47.4434750" lon="6.5972228">
    <ele>325</ele>
    <time>2026-06-09T15:27:00Z</time>
    <extensions>
     <gpxdata:distance>2174.50</gpxdata:distance>
     <gpxdata:speed>7.167</gpxdata:speed>
    </extensions>
   </trkpt>
   <trkpt lat="47.4434099" lon="6.5972358">
    <ele>325</ele>
    <time>2026-06-09T15:27:01Z</time>
    <extensions>
     <gpxdata:distance>2178.00</gpxdata:distance>
     <gpxdata:speed>7.186</gpxdata:speed>
    </extensions>
   </trkpt>
   <trkpt lat="47.4433445" lon="6.5972482">
    <ele>325</ele>
    <time>2026-06-09T15:27:02Z</time>
    <extensions>
     <gpxdata:distance>2189.00</gpxdata:distance>
     <gpxdata:speed>7.275</gpxdata:speed>
    </extensions>
   </trkpt>
   <trkpt lat="47.4432784" lon="6.5972601">
    <ele>325</ele>
    <time>2026-06-09T15:27:03Z</time>
    <extensions>
     <gpxdata:distance>2200.00</gpxdata:distance>
     <gpxdata:speed>7.322</gpxdata:speed>
    </extensions>
   </trkpt>
   <trkpt lat="47.4432125" lon="6.5972720">
    <ele>325</ele>
    <time>2026-06-09T15:27:04Z</time>
    <extensions>
     <gpxdata:distance>2207.50</gpxdata:distance>
     <gpxdata:speed>7.344</gpxdata:speed>
    </extensions>
   </trkpt>
   <trkpt lat="47.4431468" lon="6.5972835">
    <ele>325</ele>
    <time>2026-06-09T15:27:05Z</time>
    <extensions>
     <gpxdata:distance>2215.00</gpxdata:distance>
     <gpxdata:speed>7.350</gpxdata:speed>
    </extensions>
   </trkpt>
   <trkpt lat="47.4430814" lon="6.5972956">
    <ele>325</ele>
    <time>2026-06-09T15:27:06Z</time>
    <extensions>
     <gpxdata:distance>2222.00</gpxdata:distance>
     <gpxdata:speed>7.342</gpxdata:speed>
    </extensions>
   </trkpt>
   <trkpt lat="47.4430161" lon="6.5973081">
    <ele>325</ele>
    <time>2026-06-09T15:27:07Z</time>
    <extensions>
     <gpxdata:distance>2229.00</gpxdata:distance>
     <gpxdata:speed>7.339</gpxdata:speed>
    </extensions>
   </trkpt>
   <trkpt lat="47.4429509" lon="6.5973197">
    <ele>325</ele>
    <time>2026-06-09T15:27:08Z</time>
    <extensions>
     <gpxdata:distance>2233.00</gpxdata:distance>
     <gpxdata:speed>7.331</gpxdata:speed>
    </extensions>
   </trkpt>
   <trkpt lat="47.4428856" lon="6.5973314">
    <ele>325</ele>
    <time>2026-06-09T15:27:09Z</time>
    <extensions>
     <gpxdata:distance>2237.00</gpxdata:distance>
     <gpxdata:speed>7.331</gpxdata:speed>
    </extensions>
   </trkpt>
   <trkpt lat="47.4428203" lon="6.5973436">
    <ele>325</ele>
    <time>2026-06-09T15:27:10Z</time>
    <extensions>
     <gpxdata:distance>2248.00</gpxdata:distance>
     <gpxdata:speed>7.333</gpxdata:speed>
    </extensions>
   </trkpt>
   <trkpt lat="47.4427550" lon="6.5973559">
    <ele>325</ele>
    <time>2026-06-09T15:27:11Z</time>
    <extensions>
     <gpxdata:distance>2259.00</gpxdata:distance>
     <gpxdata:speed>7.328</gpxdata:speed>
    </extensions>
   </trkpt>
   <trkpt lat="47.4426895" lon="6.5973684">
    <ele>325</ele>
    <time>2026-06-09T15:27:12Z</time>
    <extensions>
     <gpxdata:distance>2262.50</gpxdata:distance>
     <gpxdata:speed>7.336</gpxdata:speed>
    </extensions>
   </trkpt>
   <trkpt lat="47.4426234" lon="6.5973804">
    <ele>325</ele>
    <time>2026-06-09T15:27:13Z</time>
    <extensions>
     <gpxdata:distance>2266.00</gpxdata:distance>
     <gpxdata:speed>7.336</gpxdata:speed>
    </extensions>
   </trkpt>
   <trkpt lat="47.4425558" lon="6.5973932">
    <ele>325</ele>
    <time>2026-06-09T15:27:14Z</time>
    <extensions>
     <gpxdata:distance>2273.50</gpxdata:distance>
     <gpxdata:speed>7.453</gpxdata:speed>
    </extensions>
   </trkpt>
   <trkpt lat="47.4424869" lon="6.5974074">
    <ele>325</ele>
    <time>2026-06-09T15:27:15Z</time>
    <extensions>
     <gpxdata:distance>2281.00</gpxdata:distance>
     <gpxdata:speed>7.453</gpxdata:speed>
    </extensions>
   </trkpt>
   <trkpt lat="47.4424160" lon="6.5974235">
    <ele>325</ele>
    <time>2026-06-09T15:27:16Z</time>
    <extensions>
     <gpxdata:distance>2293.00</gpxdata:distance>
     <gpxdata:speed>7.558</gpxdata:speed>
    </extensions>
   </trkpt>
   <trkpt lat="47.4423444" lon="6.5974386">
    <ele>325</ele>
    <time>2026-06-09T15:27:17Z</time>
    <extensions>
     <gpxdata:distance>2305.00</gpxdata:distance>
     <gpxdata:speed>7.825</gpxdata:speed>
    </extensions>
   </trkpt>
   <trkpt lat="47.4422723" lon="6.5974532">
    <ele>325</ele>
    <time>2026-06-09T15:27:18Z</time>
    <extensions>
     <gpxdata:distance>2313.50</gpxdata:distance>
     <gpxdata:speed>7.964</gpxdata:speed>
    </extensions>
   </trkpt>
   <trkpt lat="47.4422001" lon="6.5974676">
    <ele>325</ele>
    <time>2026-06-09T15:27:19Z</time>
    <extensions>
     <gpxdata:distance>2322.00</gpxdata:distance>
     <gpxdata:speed>8.047</gpxdata:speed>
    </extensions>
   </trkpt>
   <trkpt lat="47.4421279" lon="6.5974811">
    <ele>325</ele>
    <time>2026-06-09T15:27:20Z</time>
    <extensions>
     <gpxdata:distance>2330.00</gpxdata:distance>
     <gpxdata:speed>8.069</gpxdata:speed>
    </extensions>
   </trkpt>
   <trkpt lat="47.4420551" lon="6.5974948">
    <ele>325</ele>
    <time>2026-06-09T15:27:21Z</time>
    <extensions>
     <gpxdata:distance>2338.00</gpxdata:distance>
     <gpxdata:speed>8.144</gpxdata:speed>
    </extensions>
   </trkpt>
   <trkpt lat="47.4419821" lon="6.5975087">
    <ele>325</ele>
    <time>2026-06-09T15:27:22Z</time>
    <extensions>
     <gpxdata:distance>2346.00</gpxdata:distance>
     <gpxdata:speed>8.178</gpxdata:speed>
    </extensions>
   </trkpt>
   <trkpt lat="47.4419089" lon="6.5975219">
    <ele>324</ele>
    <time>2026-06-09T15:27:23Z</time>
    <extensions>
     <gpxdata:distance>2354.00</gpxdata:distance>
     <gpxdata:speed>8.194</gpxdata:speed>
    </extensions>
   </trkpt>
   <trkpt lat="47.4418361" lon="6.5975345">
    <ele>324</ele>
    <time>2026-06-09T15:27:24Z</time>
    <extensions>
     <gpxdata:distance>2362.00</gpxdata:distance>
     <gpxdata:speed>8.161</gpxdata:speed>
    </extensions>
   </trkpt>
   <trkpt lat="47.4417645" lon="6.5975470">
    <ele>324</ele>
    <time>2026-06-09T15:27:25Z</time>
    <extensions>
     <gpxdata:distance>2370.00</gpxdata:distance>
     <gpxdata:speed>8.100</gpxdata:speed>
    </extensions>
   </trkpt>
   <trkpt lat="47.4416933" lon="6.5975600">
    <ele>324</ele>
    <time>2026-06-09T15:27:26Z</time>
    <extensions>
     <gpxdata:distance>2378.00</gpxdata:distance>
     <gpxdata:speed>8.058</gpxdata:speed>
    </extensions>
   </trkpt>
   <trkpt lat="47.4416224" lon="6.5975734">
    <ele>324</ele>
    <time>2026-06-09T15:27:27Z</time>
    <extensions>
     <gpxdata:distance>2386.00</gpxdata:distance>
     <gpxdata:speed>8.025</gpxdata:speed>
    </extensions>
   </trkpt>
   <trkpt lat="47.4415519" lon="6.5975863">
    <ele>324</ele>
    <time>2026-06-09T15:27:28Z</time>
    <extensions>
     <gpxdata:distance>2394.00</gpxdata:distance>
     <gpxdata:speed>7.981</gpxdata:speed>
    </extensions>
   </trkpt>
   <trkpt lat="47.4414818" lon="6.5975995">
    <ele>324</ele>
    <time>2026-06-09T15:27:29Z</time>
    <extensions>
     <gpxdata:distance>2402.00</gpxdata:distance>
     <gpxdata:speed>7.942</gpxdata:speed>
    </extensions>
   </trkpt>
   <trkpt lat="47.4414117" lon="6.5976127">
    <ele>324</ele>
    <time>2026-06-09T15:27:30Z</time>
    <extensions>
     <gpxdata:distance>2410.00</gpxdata:distance>
     <gpxdata:speed>7.942</gpxdata:speed>
    </extensions>
   </trkpt>
   <trkpt lat="47.4413418" lon="6.5976257">
    <ele>324</ele>
    <time>2026-06-09T15:27:31Z</time>
    <extensions>
     <gpxdata:distance>2418.00</gpxdata:distance>
     <gpxdata:speed>7.889</gpxdata:speed>
    </extensions>
   </trkpt>
   <trkpt lat="47.4412719" lon="6.5976384">
    <ele>324</ele>
    <time>2026-06-09T15:27:32Z</time>
    <extensions>
     <gpxdata:distance>2425.50</gpxdata:distance>
     <gpxdata:speed>7.869</gpxdata:speed>
    </extensions>
   </trkpt>
   <trkpt lat="47.4412024" lon="6.5976517">
    <ele>324</ele>
    <time>2026-06-09T15:27:33Z</time>
    <extensions>
     <gpxdata:distance>2433.00</gpxdata:distance>
     <gpxdata:speed>7.839</gpxdata:speed>
    </extensions>
   </trkpt>
   <trkpt lat="47.4411331" lon="6.5976661">
    <ele>324</ele>
    <time>2026-06-09T15:27:34Z</time>
    <extensions>
     <gpxdata:distance>2441.00</gpxdata:distance>
     <gpxdata:speed>7.825</gpxdata:speed>
    </extensions>
   </trkpt>
   <trkpt lat="47.4410634" lon="6.5976802">
    <ele>325</ele>
    <time>2026-06-09T15:27:35Z</time>
    <extensions>
     <gpxdata:distance>2449.00</gpxdata:distance>
     <gpxdata:speed>7.825</gpxdata:speed>
    </extensions>
   </trkpt>
   <trkpt lat="47.4409935" lon="6.5976925">
    <ele>325</ele>
    <time>2026-06-09T15:27:36Z</time>
    <extensions>
     <gpxdata:distance>2457.00</gpxdata:distance>
     <gpxdata:speed>7.833</gpxdata:speed>
    </extensions>
   </trkpt>
   <trkpt lat="47.4409231" lon="6.5977049">
    <ele>325</ele>
    <time>2026-06-09T15:27:37Z</time>
    <extensions>
     <gpxdata:distance>2465.00</gpxdata:distance>
     <gpxdata:speed>7.853</gpxdata:speed>
    </extensions>
   </trkpt>
   <trkpt lat="47.4408525" lon="6.5977179">
    <ele>325</ele>
    <time>2026-06-09T15:27:38Z</time>
    <extensions>
     <gpxdata:distance>2473.00</gpxdata:distance>
     <gpxdata:speed>7.878</gpxdata:speed>
    </extensions>
   </trkpt>
   <trkpt lat="47.4407815" lon="6.5977318">
    <ele>325</ele>
    <time>2026-06-09T15:27:39Z</time>
    <extensions>
     <gpxdata:distance>2481.00</gpxdata:distance>
     <gpxdata:speed>7.914</gpxdata:speed>
    </extensions>
   </trkpt>
   <trkpt lat="47.4407103" lon="6.5977460">
    <ele>325</ele>
    <time>2026-06-09T15:27:40Z</time>
    <extensions>
     <gpxdata:distance>2489.00</gpxdata:distance>
     <gpxdata:speed>7.939</gpxdata:speed>
    </extensions>
   </trkpt>
   <trkpt lat="47.4406392" lon="6.5977607">
    <ele>325</ele>
    <time>2026-06-09T15:27:41Z</time>
    <extensions>
     <gpxdata:distance>2497.00</gpxdata:distance>
     <gpxdata:speed>7.956</gpxdata:speed>
    </extensions>
   </trkpt>
   <trkpt lat="47.4405684" lon="6.5977752">
    <ele>324</ele>
    <time>2026-06-09T15:27:42Z</time>
    <extensions>
     <gpxdata:distance>2504.50</gpxdata:distance>
     <gpxdata:speed>7.956</gpxdata:speed>
    </extensions>
   </trkpt>
   <trkpt lat="47.4404973" lon="6.5977884">
    <ele>324</ele>
    <time>2026-06-09T15:27:43Z</time>
    <extensions>
     <gpxdata:distance>2512.00</gpxdata:distance>
     <gpxdata:speed>7.964</gpxdata:speed>
    </extensions>
   </trkpt>
   <trkpt lat="47.4404263" lon="6.5978005">
    <ele>324</ele>
    <time>2026-06-09T15:27:44Z</time>
    <extensions>
     <gpxdata:distance>2516.00</gpxdata:distance>
     <gpxdata:speed>7.958</gpxdata:speed>
    </extensions>
   </trkpt>
   <trkpt lat="47.4403553" lon="6.5978112">
    <ele>324</ele>
    <time>2026-06-09T15:27:45Z</time>
    <extensions>
     <gpxdata:distance>2520.00</gpxdata:distance>
     <gpxdata:speed>7.958</gpxdata:speed>
    </extensions>
   </trkpt>
   <trkpt lat="47.4402842" lon="6.5978214">
    <ele>324</ele>
    <time>2026-06-09T15:27:46Z</time>
    <extensions>
     <gpxdata:distance>2532.00</gpxdata:distance>
     <gpxdata:speed>7.953</gpxdata:speed>
    </extensions>
   </trkpt>
   <trkpt lat="47.4402134" lon="6.5978323">
    <ele>324</ele>
    <time>2026-06-09T15:27:47Z</time>
    <extensions>
     <gpxdata:distance>2544.00</gpxdata:distance>
     <gpxdata:speed>7.944</gpxdata:speed>
    </extensions>
   </trkpt>
   <trkpt lat="47.4401427" lon="6.5978447">
    <ele>324</ele>
    <time>2026-06-09T15:27:48Z</time>
    <extensions>
     <gpxdata:distance>2552.00</gpxdata:distance>
     <gpxdata:speed>7.933</gpxdata:speed>
    </extensions>
   </trkpt>
   <trkpt lat="47.4400723" lon="6.5978581">
    <ele>324</ele>
    <time>2026-06-09T15:27:49Z</time>
    <extensions>
     <gpxdata:distance>2560.00</gpxdata:distance>
     <gpxdata:speed>7.922</gpxdata:speed>
    </extensions>
   </trkpt>
   <trkpt lat="47.4400021" lon="6.5978715">
    <ele>324</ele>
    <time>2026-06-09T15:27:50Z</time>
    <extensions>
     <gpxdata:distance>2568.00</gpxdata:distance>
     <gpxdata:speed>7.908</gpxdata:speed>
    </extensions>
   </trkpt>
   <trkpt lat="47.4399317" lon="6.5978842">
    <ele>324</ele>
    <time>2026-06-09T15:27:51Z</time>
    <extensions>
     <gpxdata:distance>2576.00</gpxdata:distance>
     <gpxdata:speed>7.903</gpxdata:speed>
    </extensions>
   </trkpt>
   <trkpt lat="47.4398609" lon="6.5978964">
    <ele>324</ele>
    <time>2026-06-09T15:27:52Z</time>
    <extensions>
     <gpxdata:distance>2584.00</gpxdata:distance>
     <gpxdata:speed>7.919</gpxdata:speed>
    </extensions>
   </trkpt>
   <trkpt lat="47.4397901" lon="6.5979084">
    <ele>324</ele>
    <time>2026-06-09T15:27:53Z</time>
    <extensions>
     <gpxdata:distance>2592.00</gpxdata:distance>
     <gpxdata:speed>7.922</gpxdata:speed>
    </extensions>
   </trkpt>
   <trkpt lat="47.4397192" lon="6.5979208">
    <ele>324</ele>
    <time>2026-06-09T15:27:54Z</time>
    <extensions>
     <gpxdata:distance>2600.00</gpxdata:distance>
     <gpxdata:speed>7.931</gpxdata:speed>
    </extensions>
   </trkpt>
   <trkpt lat="47.4396480" lon="6.5979341">
    <ele>324</ele>
    <time>2026-06-09T15:27:55Z</time>
    <extensions>
     <gpxdata:distance>2608.00</gpxdata:distance>
     <gpxdata:speed>7.953</gpxdata:speed>
    </extensions>
   </trkpt>
   <trkpt lat="47.4395769" lon="6.5979485">
    <ele>324</ele>
    <time>2026-06-09T15:27:56Z</time>
    <extensions>
     <gpxdata:distance>2616.00</gpxdata:distance>
     <gpxdata:speed>7.961</gpxdata:speed>
    </extensions>
   </trkpt>
   <trkpt lat="47.4395060" lon="6.5979625">
    <ele>324</ele>
    <time>2026-06-09T15:27:57Z</time>
    <extensions>
     <gpxdata:distance>2624.00</gpxdata:distance>
     <gpxdata:speed>7.961</gpxdata:speed>
    </extensions>
   </trkpt>
   <trkpt lat="47.4394353" lon="6.5979760">
    <ele>324</ele>
    <time>2026-06-09T15:27:58Z</time>
    <extensions>
     <gpxdata:distance>2631.50</gpxdata:distance>
     <gpxdata:speed>7.950</gpxdata:speed>
    </extensions>
   </trkpt>
   <trkpt lat="47.4393646" lon="6.5979890">
    <ele>324</ele>
    <time>2026-06-09T15:27:59Z</time>
    <extensions>
     <gpxdata:distance>2639.00</gpxdata:distance>
     <gpxdata:speed>7.942</gpxdata:speed>
    </extensions>
   </trkpt>
   <trkpt lat="47.4392939" lon="6.5980014">
    <ele>324</ele>
    <time>2026-06-09T15:28:00Z</time>
    <extensions>
     <gpxdata:distance>2647.00</gpxdata:distance>
     <gpxdata:speed>7.939</gpxdata:speed>
    </extensions>
   </trkpt>
   <trkpt lat="47.4392230" lon="6.5980135">
    <ele>324</ele>
    <time>2026-06-09T15:28:01Z</time>
    <extensions>
     <gpxdata:distance>2655.00</gpxdata:distance>
     <gpxdata:speed>7.944</gpxdata:speed>
    </extensions>
   </trkpt>
   <trkpt lat="47.4391517" lon="6.5980255">
    <ele>324</ele>
    <time>2026-06-09T15:28:02Z</time>
    <extensions>
     <gpxdata:distance>2663.00</gpxdata:distance>
     <gpxdata:speed>7.958</gpxdata:speed>
    </extensions>
   </trkpt>
   <trkpt lat="47.4390800" lon="6.5980383">
    <ele>324</ele>
    <time>2026-06-09T15:28:03Z</time>
    <extensions>
     <gpxdata:distance>2671.00</gpxdata:distance>
     <gpxdata:speed>7.989</gpxdata:speed>
    </extensions>
   </trkpt>
   <trkpt lat="47.4390085" lon="6.5980526">
    <ele>324</ele>
    <time>2026-06-09T15:28:04Z</time>
    <extensions>
     <gpxdata:distance>2679.00</gpxdata:distance>
     <gpxdata:speed>8.003</gpxdata:speed>
    </extensions>
   </trkpt>
   <trkpt lat="47.4389374" lon="6.5980664">
    <ele>324</ele>
    <time>2026-06-09T15:28:05Z</time>
    <extensions>
     <gpxdata:distance>2687.00</gpxdata:distance>
     <gpxdata:speed>7.989</gpxdata:speed>
    </extensions>
   </trkpt>
   <trkpt lat="47.4388671" lon="6.5980794">
    <ele>324</ele>
    <time>2026-06-09T15:28:06Z</time>
    <extensions>
     <gpxdata:distance>2695.00</gpxdata:distance>
     <gpxdata:speed>7.944</gpxdata:speed>
    </extensions>
   </trkpt>
   <trkpt lat="47.4387971" lon="6.5980930">
    <ele>324</ele>
    <time>2026-06-09T15:28:07Z</time>
    <extensions>
     <gpxdata:distance>2703.00</gpxdata:distance>
     <gpxdata:speed>7.922</gpxdata:speed>
    </extensions>
   </trkpt>
   <trkpt lat="47.4387266" lon="6.5981073">
    <ele>324</ele>
    <time>2026-06-09T15:28:08Z</time>
    <extensions>
     <gpxdata:distance>2711.00</gpxdata:distance>
     <gpxdata:speed>7.931</gpxdata:speed>
    </extensions>
   </trkpt>
   <trkpt lat="47.4386555" lon="6.5981224">
    <ele>324</ele>
    <time>2026-06-09T15:28:09Z</time>
    <extensions>
     <gpxdata:distance>2719.00</gpxdata:distance>
     <gpxdata:speed>7.956</gpxdata:speed>
    </extensions>
   </trkpt>
   <trkpt lat="47.4385847" lon="6.5981380">
    <ele>324</ele>
    <time>2026-06-09T15:28:10Z</time>
    <extensions>
     <gpxdata:distance>2727.00</gpxdata:distance>
     <gpxdata:speed>7.956</gpxdata:speed>
    </extensions>
   </trkpt>
   <trkpt lat="47.4385140" lon="6.5981538">
    <ele>324</ele>
    <time>2026-06-09T15:28:11Z</time>
    <extensions>
     <gpxdata:distance>2735.00</gpxdata:distance>
     <gpxdata:speed>7.956</gpxdata:speed>
    </extensions>
   </trkpt>
   <trkpt lat="47.4384432" lon="6.5981702">
    <ele>324</ele>
    <time>2026-06-09T15:28:12Z</time>
    <extensions>
     <gpxdata:distance>2743.00</gpxdata:distance>
     <gpxdata:speed>7.961</gpxdata:speed>
    </extensions>
   </trkpt>
   <trkpt lat="47.4383725" lon="6.5981878">
    <ele>324</ele>
    <time>2026-06-09T15:28:13Z</time>
    <extensions>
     <gpxdata:distance>2751.00</gpxdata:distance>
     <gpxdata:speed>7.969</gpxdata:speed>
    </extensions>
   </trkpt>
   <trkpt lat="47.4383017" lon="6.5982057">
    <ele>324</ele>
    <time>2026-06-09T15:28:14Z</time>
    <extensions>
     <gpxdata:distance>2755.00</gpxdata:distance>
     <gpxdata:speed>7.981</gpxdata:speed>
    </extensions>
   </trkpt>
   <trkpt lat="47.4382304" lon="6.5982233">
    <ele>324</ele>
    <time>2026-06-09T15:28:15Z</time>
    <extensions>
     <gpxdata:distance>2759.00</gpxdata:distance>
     <gpxdata:speed>7.981</gpxdata:speed>
    </extensions>
   </trkpt>
   <trkpt lat="47.4381583" lon="6.5982408">
    <ele>324</ele>
    <time>2026-06-09T15:28:16Z</time>
    <extensions>
     <gpxdata:distance>2771.50</gpxdata:distance>
     <gpxdata:speed>8.050</gpxdata:speed>
    </extensions>
   </trkpt>
   <trkpt lat="47.4380856" lon="6.5982581">
    <ele>324</ele>
    <time>2026-06-09T15:28:17Z</time>
    <extensions>
     <gpxdata:distance>2784.00</gpxdata:distance>
     <gpxdata:speed>8.106</gpxdata:speed>
    </extensions>
   </trkpt>
   <trkpt lat="47.4380126" lon="6.5982764">
    <ele>324</ele>
    <time>2026-06-09T15:28:18Z</time>
    <extensions>
     <gpxdata:distance>2792.00</gpxdata:distance>
     <gpxdata:speed>8.150</gpxdata:speed>
    </extensions>
   </trkpt>
   <trkpt lat="47.4379395" lon="6.5982957">
    <ele>324</ele>
    <time>2026-06-09T15:28:19Z</time>
    <extensions>
     <gpxdata:distance>2800.00</gpxdata:distance>
     <gpxdata:speed>8.189</gpxdata:speed>
    </extensions>
   </trkpt>
   <trkpt lat="47.4378660" lon="6.5983153">
    <ele>325</ele>
    <time>2026-06-09T15:28:20Z</time>
    <extensions>
     <gpxdata:distance>2808.50</gpxdata:distance>
     <gpxdata:speed>8.239</gpxdata:speed>
    </extensions>
   </trkpt>
   <trkpt lat="47.4377923" lon="6.5983340">
    <ele>325</ele>
    <time>2026-06-09T15:28:21Z</time>
    <extensions>
     <gpxdata:distance>2817.00</gpxdata:distance>
     <gpxdata:speed>8.264</gpxdata:speed>
    </extensions>
   </trkpt>
   <trkpt lat="47.4377192" lon="6.5983537">
    <ele>325</ele>
    <time>2026-06-09T15:28:22Z</time>
    <extensions>
     <gpxdata:distance>2825.00</gpxdata:distance>
     <gpxdata:speed>8.264</gpxdata:speed>
    </extensions>
   </trkpt>
   <trkpt lat="47.4376472" lon="6.5983753">
    <ele>324</ele>
    <time>2026-06-09T15:28:23Z</time>
    <extensions>
     <gpxdata:distance>2833.00</gpxdata:distance>
     <gpxdata:speed>8.231</gpxdata:speed>
    </extensions>
   </trkpt>
   <trkpt lat="47.4375750" lon="6.5983973">
    <ele>324</ele>
    <time>2026-06-09T15:28:24Z</time>
    <extensions>
     <gpxdata:distance>2841.00</gpxdata:distance>
     <gpxdata:speed>8.228</gpxdata:speed>
    </extensions>
   </trkpt>
   <trkpt lat="47.4375028" lon="6.5984190">
    <ele>324</ele>
    <time>2026-06-09T15:28:25Z</time>
    <extensions>
     <gpxdata:distance>2849.00</gpxdata:distance>
     <gpxdata:speed>8.222</gpxdata:speed>
    </extensions>
   </trkpt>
   <trkpt lat="47.4374308" lon="6.5984415">
    <ele>324</ele>
    <time>2026-06-09T15:28:26Z</time>
    <extensions>
     <gpxdata:distance>2857.50</gpxdata:distance>
     <gpxdata:speed>8.214</gpxdata:speed>
    </extensions>
   </trkpt>
   <trkpt lat="47.4373592" lon="6.5984648">
    <ele>324</ele>
    <time>2026-06-09T15:28:27Z</time>
    <extensions>
     <gpxdata:distance>2866.00</gpxdata:distance>
     <gpxdata:speed>8.192</gpxdata:speed>
    </extensions>
   </trkpt>
   <trkpt lat="47.4372883" lon="6.5984890">
    <ele>324</ele>
    <time>2026-06-09T15:28:28Z</time>
    <extensions>
     <gpxdata:distance>2874.00</gpxdata:distance>
     <gpxdata:speed>8.153</gpxdata:speed>
    </extensions>
   </trkpt>
   <trkpt lat="47.4372183" lon="6.5985140">
    <ele>324</ele>
    <time>2026-06-09T15:28:29Z</time>
    <extensions>
     <gpxdata:distance>2882.00</gpxdata:distance>
     <gpxdata:speed>8.103</gpxdata:speed>
    </extensions>
   </trkpt>
   <trkpt lat="47.4371495" lon="6.5985401">
    <ele>324</ele>
    <time>2026-06-09T15:28:30Z</time>
    <extensions>
     <gpxdata:distance>2889.50</gpxdata:distance>
     <gpxdata:speed>8.031</gpxdata:speed>
    </extensions>
   </trkpt>
   <trkpt lat="47.4370813" lon="6.5985665">
    <ele>324</ele>
    <time>2026-06-09T15:28:31Z</time>
    <extensions>
     <gpxdata:distance>2897.00</gpxdata:distance>
     <gpxdata:speed>7.964</gpxdata:speed>
    </extensions>
   </trkpt>
   <trkpt lat="47.4370132" lon="6.5985932">
    <ele>324</ele>
    <time>2026-06-09T15:28:32Z</time>
    <extensions>
     <gpxdata:distance>2905.00</gpxdata:distance>
     <gpxdata:speed>7.925</gpxdata:speed>
    </extensions>
   </trkpt>
   <trkpt lat="47.4369451" lon="6.5986212">
    <ele>324</ele>
    <time>2026-06-09T15:28:33Z</time>
    <extensions>
     <gpxdata:distance>2913.00</gpxdata:distance>
     <gpxdata:speed>7.911</gpxdata:speed>
    </extensions>
   </trkpt>
   <trkpt lat="47.4368769" lon="6.5986497">
    <ele>324</ele>
    <time>2026-06-09T15:28:34Z</time>
    <extensions>
     <gpxdata:distance>2921.00</gpxdata:distance>
     <gpxdata:speed>7.903</gpxdata:speed>
    </extensions>
   </trkpt>
   <trkpt lat="47.4368079" lon="6.5986785">
    <ele>324</ele>
    <time>2026-06-09T15:28:35Z</time>
    <extensions>
     <gpxdata:distance>2929.00</gpxdata:distance>
     <gpxdata:speed>7.933</gpxdata:speed>
    </extensions>
   </trkpt>
   <trkpt lat="47.4367391" lon="6.5987083">
    <ele>324</ele>
    <time>2026-06-09T15:28:36Z</time>
    <extensions>
     <gpxdata:distance>2937.00</gpxdata:distance>
     <gpxdata:speed>7.942</gpxdata:speed>
    </extensions>
   </trkpt>
   <trkpt lat="47.4366703" lon="6.5987390">
    <ele>324</ele>
    <time>2026-06-09T15:28:37Z</time>
    <extensions>
     <gpxdata:distance>2945.00</gpxdata:distance>
     <gpxdata:speed>7.961</gpxdata:speed>
    </extensions>
   </trkpt>
   <trkpt lat="47.4366019" lon="6.5987713">
    <ele>324</ele>
    <time>2026-06-09T15:28:38Z</time>
    <extensions>
     <gpxdata:distance>2953.00</gpxdata:distance>
     <gpxdata:speed>7.969</gpxdata:speed>
    </extensions>
   </trkpt>
   <trkpt lat="47.4365337" lon="6.5988044">
    <ele>325</ele>
    <time>2026-06-09T15:28:39Z</time>
    <extensions>
     <gpxdata:distance>2961.00</gpxdata:distance>
     <gpxdata:speed>7.972</gpxdata:speed>
    </extensions>
   </trkpt>
   <trkpt lat="47.4364657" lon="6.5988374">
    <ele>324</ele>
    <time>2026-06-09T15:28:40Z</time>
    <extensions>
     <gpxdata:distance>2969.00</gpxdata:distance>
     <gpxdata:speed>7.972</gpxdata:speed>
    </extensions>
   </trkpt>
   <trkpt lat="47.4363983" lon="6.5988705">
    <ele>324</ele>
    <time>2026-06-09T15:28:41Z</time>
    <extensions>
     <gpxdata:distance>2977.00</gpxdata:distance>
     <gpxdata:speed>7.944</gpxdata:speed>
    </extensions>
   </trkpt>
   <trkpt lat="47.4363318" lon="6.5989047">
    <ele>324</ele>
    <time>2026-06-09T15:28:42Z</time>
    <extensions>
     <gpxdata:distance>2985.00</gpxdata:distance>
     <gpxdata:speed>7.906</gpxdata:speed>
    </extensions>
   </trkpt>
   <trkpt lat="47.4362653" lon="6.5989393">
    <ele>324</ele>
    <time>2026-06-09T15:28:43Z</time>
    <extensions>
     <gpxdata:distance>2993.00</gpxdata:distance>
     <gpxdata:speed>7.892</gpxdata:speed>
    </extensions>
   </trkpt>
   <trkpt lat="47.4361979" lon="6.5989736">
    <ele>324</ele>
    <time>2026-06-09T15:28:44Z</time>
    <extensions>
     <gpxdata:distance>2997.00</gpxdata:distance>
     <gpxdata:speed>7.917</gpxdata:speed>
    </extensions>
   </trkpt>
   <trkpt lat="47.4361293" lon="6.5990068">
    <ele>324</ele>
    <time>2026-06-09T15:28:45Z</time>
    <extensions>
     <gpxdata:distance>3001.00</gpxdata:distance>
     <gpxdata:speed>7.917</gpxdata:speed>
    </extensions>
   </trkpt>
   <trkpt lat="47.4360598" lon="6.5990400">
    <ele>324</ele>
    <time>2026-06-09T15:28:46Z</time>
    <extensions>
     <gpxdata:distance>3013.00</gpxdata:distance>
     <gpxdata:speed>8.022</gpxdata:speed>
    </extensions>
   </trkpt>
   <trkpt lat="47.4359906" lon="6.5990732">
    <ele>324</ele>
    <time>2026-06-09T15:28:47Z</time>
    <extensions>
     <gpxdata:distance>3025.00</gpxdata:distance>
     <gpxdata:speed>8.042</gpxdata:speed>
    </extensions>
   </trkpt>
   <trkpt lat="47.4359222" lon="6.5991068">
    <ele>324</ele>
    <time>2026-06-09T15:28:48Z</time>
    <extensions>
     <gpxdata:distance>3033.00</gpxdata:distance>
     <gpxdata:speed>8.025</gpxdata:speed>
    </extensions>
   </trkpt>
   <trkpt lat="47.4358545" lon="6.5991399">
    <ele>324</ele>
    <time>2026-06-09T15:28:49Z</time>
    <extensions>
     <gpxdata:distance>3041.00</gpxdata:distance>
     <gpxdata:speed>7.989</gpxdata:speed>
    </extensions>
   </trkpt>
   <trkpt lat="47.4357876" lon="6.5991720">
    <ele>324</ele>
    <time>2026-06-09T15:28:50Z</time>
    <extensions>
     <gpxdata:distance>3048.50</gpxdata:distance>
     <gpxdata:speed>7.931</gpxdata:speed>
    </extensions>
   </trkpt>
   <trkpt lat="47.4357214" lon="6.5992036">
    <ele>324</ele>
    <time>2026-06-09T15:28:51Z</time>
    <extensions>
     <gpxdata:distance>3056.00</gpxdata:distance>
     <gpxdata:speed>7.867</gpxdata:speed>
    </extensions>
   </trkpt>
   <trkpt lat="47.4356556" lon="6.5992350">
    <ele>324</ele>
    <time>2026-06-09T15:28:52Z</time>
    <extensions>
     <gpxdata:distance>3064.00</gpxdata:distance>
     <gpxdata:speed>7.811</gpxdata:speed>
    </extensions>
   </trkpt>
   <trkpt lat="47.4355900" lon="6.5992663">
    <ele>324</ele>
    <time>2026-06-09T15:28:53Z</time>
    <extensions>
     <gpxdata:distance>3072.00</gpxdata:distance>
     <gpxdata:speed>7.767</gpxdata:speed>
    </extensions>
   </trkpt>
   <trkpt lat="47.4355244" lon="6.5992982">
    <ele>324</ele>
    <time>2026-06-09T15:28:54Z</time>
    <extensions>
     <gpxdata:distance>3079.50</gpxdata:distance>
     <gpxdata:speed>7.747</gpxdata:speed>
    </extensions>
   </trkpt>
   <trkpt lat="47.4354585" lon="6.5993307">
    <ele>324</ele>
    <time>2026-06-09T15:28:55Z</time>
    <extensions>
     <gpxdata:distance>3087.00</gpxdata:distance>
     <gpxdata:speed>7.742</gpxdata:speed>
    </extensions>
   </trkpt>
   <trkpt lat="47.4353928" lon="6.5993624">
    <ele>324</ele>
    <time>2026-06-09T15:28:56Z</time>
    <extensions>
     <gpxdata:distance>3094.50</gpxdata:distance>
     <gpxdata:speed>7.719</gpxdata:speed>
    </extensions>
   </trkpt>
   <trkpt lat="47.4353272" lon="6.5993925">
    <ele>324</ele>
    <time>2026-06-09T15:28:57Z</time>
    <extensions>
     <gpxdata:distance>3102.00</gpxdata:distance>
     <gpxdata:speed>7.681</gpxdata:speed>
    </extensions>
   </trkpt>
   <trkpt lat="47.4352613" lon="6.5994219">
    <ele>324</ele>
    <time>2026-06-09T15:28:58Z</time>
    <extensions>
     <gpxdata:distance>3110.00</gpxdata:distance>
     <gpxdata:speed>7.672</gpxdata:speed>
    </extensions>
   </trkpt>
   <trkpt lat="47.4351953" lon="6.5994530">
    <ele>324</ele>
    <time>2026-06-09T15:28:59Z</time>
    <extensions>
     <gpxdata:distance>3118.00</gpxdata:distance>
     <gpxdata:speed>7.692</gpxdata:speed>
    </extensions>
   </trkpt>
   <trkpt lat="47.4351291" lon="6.5994875">
    <ele>324</ele>
    <time>2026-06-09T15:29:00Z</time>
    <extensions>
     <gpxdata:distance>3125.50</gpxdata:distance>
     <gpxdata:speed>7.736</gpxdata:speed>
    </extensions>
   </trkpt>
   <trkpt lat="47.4350632" lon="6.5995223">
    <ele>324</ele>
    <time>2026-06-09T15:29:01Z</time>
    <extensions>
     <gpxdata:distance>3133.00</gpxdata:distance>
     <gpxdata:speed>7.750</gpxdata:speed>
    </extensions>
   </trkpt>
   <trkpt lat="47.4349970" lon="6.5995580">
    <ele>324</ele>
    <time>2026-06-09T15:29:02Z</time>
    <extensions>
     <gpxdata:distance>3141.00</gpxdata:distance>
     <gpxdata:speed>7.783</gpxdata:speed>
    </extensions>
   </trkpt>
   <trkpt lat="47.4349303" lon="6.5995936">
    <ele>324</ele>
    <time>2026-06-09T15:29:03Z</time>
    <extensions>
     <gpxdata:distance>3149.00</gpxdata:distance>
     <gpxdata:speed>7.825</gpxdata:speed>
    </extensions>
   </trkpt>
   <trkpt lat="47.4348640" lon="6.5996276">
    <ele>324</ele>
    <time>2026-06-09T15:29:04Z</time>
    <extensions>
     <gpxdata:distance>3156.50</gpxdata:distance>
     <gpxdata:speed>7.808</gpxdata:speed>
    </extensions>
   </trkpt>
   <trkpt lat="47.4347993" lon="6.5996609">
    <ele>324</ele>
    <time>2026-06-09T15:29:05Z</time>
    <extensions>
     <gpxdata:distance>3164.00</gpxdata:distance>
     <gpxdata:speed>7.728</gpxdata:speed>
    </extensions>
   </trkpt>
   <trkpt lat="47.4347368" lon="6.5996960">
    <ele>324</ele>
    <time>2026-06-09T15:29:06Z</time>
    <extensions>
     <gpxdata:distance>3171.50</gpxdata:distance>
     <gpxdata:speed>7.625</gpxdata:speed>
    </extensions>
   </trkpt>
   <trkpt lat="47.4346765" lon="6.5997343">
    <ele>324</ele>
    <time>2026-06-09T15:29:07Z</time>
    <extensions>
     <gpxdata:distance>3179.00</gpxdata:distance>
     <gpxdata:speed>7.511</gpxdata:speed>
    </extensions>
   </trkpt>
   <trkpt lat="47.4346187" lon="6.5997729">
    <ele>324</ele>
    <time>2026-06-09T15:29:08Z</time>
    <extensions>
     <gpxdata:distance>3182.50</gpxdata:distance>
     <gpxdata:speed>7.347</gpxdata:speed>
    </extensions>
   </trkpt>
   <trkpt lat="47.4345623" lon="6.5998092">
    <ele>324</ele>
    <time>2026-06-09T15:29:09Z</time>
    <extensions>
     <gpxdata:distance>3186.00</gpxdata:distance>
     <gpxdata:speed>7.347</gpxdata:speed>
    </extensions>
   </trkpt>
   <trkpt lat="47.4345069" lon="6.5998409">
    <ele>324</ele>
    <time>2026-06-09T15:29:10Z</time>
    <extensions>
     <gpxdata:distance>3195.50</gpxdata:distance>
     <gpxdata:speed>6.706</gpxdata:speed>
    </extensions>
   </trkpt>
   <trkpt lat="47.4344524" lon="6.5998666">
    <ele>324</ele>
    <time>2026-06-09T15:29:11Z</time>
    <extensions>
     <gpxdata:distance>3205.00</gpxdata:distance>
     <gpxdata:speed>6.472</gpxdata:speed>
    </extensions>
   </trkpt>
   <trkpt lat="47.4343994" lon="6.5998905">
    <ele>324</ele>
    <time>2026-06-09T15:29:12Z</time>
    <extensions>
     <gpxdata:distance>3211.00</gpxdata:distance>
     <gpxdata:speed>6.253</gpxdata:speed>
    </extensions>
   </trkpt>
   <trkpt lat="47.4343499" lon="6.5999142">
    <ele>324</ele>
    <time>2026-06-09T15:29:13Z</time>
    <extensions>
     <gpxdata:distance>3217.00</gpxdata:distance>
     <gpxdata:speed>5.881</gpxdata:speed>
    </extensions>
   </trkpt>
   <trkpt lat="47.4343169" lon="6.5999315">
    <ele>324</ele>
    <time>2026-06-09T15:29:14Z</time>
    <extensions>
     <gpxdata:distance>3219.50</gpxdata:distance>
     <gpxdata:speed>5.481</gpxdata:speed>
    </extensions>
   </trkpt>
   <trkpt lat="47.4342786" lon="6.5999538">
    <ele>324</ele>
    <time>2026-06-09T15:29:15Z</time>
    <extensions>
     <gpxdata:distance>3222.00</gpxdata:distance>
     <gpxdata:speed>5.481</gpxdata:speed>
    </extensions>
   </trkpt>
   <trkpt lat="47.4342441" lon="6.5999759">
    <ele>324</ele>
    <time>2026-06-09T15:29:16Z</time>
    <extensions>
     <gpxdata:distance>3227.00</gpxdata:distance>
     <gpxdata:speed>5.056</gpxdata:speed>
    </extensions>
   </trkpt>
   <trkpt lat="47.4342173" lon="6.5999951">
    <ele>324</ele>
    <time>2026-06-09T15:29:17Z</time>
    <extensions>
     <gpxdata:distance>3232.00</gpxdata:distance>
     <gpxdata:speed>3.264</gpxdata:speed>
    </extensions>
   </trkpt>
   <trkpt lat="47.4341308" lon="6.6000592">
    <ele>324</ele>
    <time>2026-06-09T15:31:28Z</time>
    <extensions>
     <gpxdata:distance>3249.00</gpxdata:distance>
     <gpxdata:speed>2.361</gpxdata:speed>
    </extensions>
   </trkpt>
   <trkpt lat="47.4341040" lon="6.6000714">
    <ele>324</ele>
    <time>2026-06-09T15:31:29Z</time>
    <extensions>
     <gpxdata:distance>3249.00</gpxdata:distance>
     <gpxdata:speed>2.839</gpxdata:speed>
    </extensions>
   </trkpt>
   <trkpt lat="47.4340773" lon="6.6000857">
    <ele>324</ele>
    <time>2026-06-09T15:31:30Z</time>
    <extensions>
     <gpxdata:distance>3251.00</gpxdata:distance>
     <gpxdata:speed>2.839</gpxdata:speed>
    </extensions>
   </trkpt>
   <trkpt lat="47.4340318" lon="6.6001146">
    <ele>324</ele>
    <time>2026-06-09T15:31:31Z</time>
    <extensions>
     <gpxdata:distance>3253.00</gpxdata:distance>
     <gpxdata:speed>3.267</gpxdata:speed>
    </extensions>
   </trkpt>
   <trkpt lat="47.4339975" lon="6.6001393">
    <ele>324</ele>
    <time>2026-06-09T15:31:32Z</time>
    <extensions>
     <gpxdata:distance>3259.50</gpxdata:distance>
     <gpxdata:speed>3.953</gpxdata:speed>
    </extensions>
   </trkpt>
   <trkpt lat="47.4339631" lon="6.6001652">
    <ele>324</ele>
    <time>2026-06-09T15:31:33Z</time>
    <extensions>
     <gpxdata:distance>3266.00</gpxdata:distance>
     <gpxdata:speed>4.258</gpxdata:speed>
    </extensions>
   </trkpt>
   <trkpt lat="47.4339270" lon="6.6001942">
    <ele>324</ele>
    <time>2026-06-09T15:31:34Z</time>
    <extensions>
     <gpxdata:distance>3268.50</gpxdata:distance>
     <gpxdata:speed>4.583</gpxdata:speed>
    </extensions>
   </trkpt>
   <trkpt lat="47.4338891" lon="6.6002261">
    <ele>324</ele>
    <time>2026-06-09T15:31:35Z</time>
    <extensions>
     <gpxdata:distance>3271.00</gpxdata:distance>
     <gpxdata:speed>4.583</gpxdata:speed>
    </extensions>
   </trkpt>
   <trkpt lat="47.4338499" lon="6.6002616">
    <ele>324</ele>
    <time>2026-06-09T15:31:36Z</time>
    <extensions>
     <gpxdata:distance>3279.00</gpxdata:distance>
     <gpxdata:speed>5.114</gpxdata:speed>
    </extensions>
   </trkpt>
   <trkpt lat="47.4338094" lon="6.6002999">
    <ele>324</ele>
    <time>2026-06-09T15:31:37Z</time>
    <extensions>
     <gpxdata:distance>3287.00</gpxdata:distance>
     <gpxdata:speed>5.328</gpxdata:speed>
    </extensions>
   </trkpt>
   <trkpt lat="47.4337682" lon="6.6003405">
    <ele>324</ele>
    <time>2026-06-09T15:31:38Z</time>
    <extensions>
     <gpxdata:distance>3293.00</gpxdata:distance>
     <gpxdata:speed>5.494</gpxdata:speed>
    </extensions>
   </trkpt>
   <trkpt lat="47.4337246" lon="6.6003836">
    <ele>324</ele>
    <time>2026-06-09T15:31:39Z</time>
    <extensions>
     <gpxdata:distance>3299.00</gpxdata:distance>
     <gpxdata:speed>5.861</gpxdata:speed>
    </extensions>
   </trkpt>
   <trkpt lat="47.4336800" lon="6.6004284">
    <ele>324</ele>
    <time>2026-06-09T15:31:40Z</time>
    <extensions>
     <gpxdata:distance>3305.00</gpxdata:distance>
     <gpxdata:speed>5.983</gpxdata:speed>
    </extensions>
   </trkpt>
   <trkpt lat="47.4336352" lon="6.6004755">
    <ele>324</ele>
    <time>2026-06-09T15:31:41Z</time>
    <extensions>
     <gpxdata:distance>3311.00</gpxdata:distance>
     <gpxdata:speed>6.094</gpxdata:speed>
    </extensions>
   </trkpt>
   <trkpt lat="47.4335767" lon="6.6005418">
    <ele>324</ele>
    <time>2026-06-09T15:31:42Z</time>
    <extensions>
     <gpxdata:distance>3317.00</gpxdata:distance>
     <gpxdata:speed>6.122</gpxdata:speed>
    </extensions>
   </trkpt>
   <trkpt lat="47.4335334" lon="6.6005962">
    <ele>324</ele>
    <time>2026-06-09T15:31:43Z</time>
    <extensions>
     <gpxdata:distance>3323.00</gpxdata:distance>
     <gpxdata:speed>6.047</gpxdata:speed>
    </extensions>
   </trkpt>
   <trkpt lat="47.4334942" lon="6.6006501">
    <ele>324</ele>
    <time>2026-06-09T15:31:44Z</time>
    <extensions>
     <gpxdata:distance>3326.00</gpxdata:distance>
     <gpxdata:speed>5.928</gpxdata:speed>
    </extensions>
   </trkpt>
   <trkpt lat="47.4334661" lon="6.6006908">
    <ele>324</ele>
    <time>2026-06-09T15:31:45Z</time>
    <extensions>
     <gpxdata:distance>3329.00</gpxdata:distance>
     <gpxdata:speed>5.928</gpxdata:speed>
    </extensions>
   </trkpt>
   <trkpt lat="47.4334163" lon="6.6007638">
    <ele>324</ele>
    <time>2026-06-09T15:31:46Z</time>
    <extensions>
     <gpxdata:distance>3339.00</gpxdata:distance>
     <gpxdata:speed>6.325</gpxdata:speed>
    </extensions>
   </trkpt>
   <trkpt lat="47.4333727" lon="6.6008297">
    <ele>324</ele>
    <time>2026-06-09T15:31:47Z</time>
    <extensions>
     <gpxdata:distance>3349.00</gpxdata:distance>
     <gpxdata:speed>6.689</gpxdata:speed>
    </extensions>
   </trkpt>
   <trkpt lat="47.4333299" lon="6.6008996">
    <ele>324</ele>
    <time>2026-06-09T15:31:48Z</time>
    <extensions>
     <gpxdata:distance>3356.00</gpxdata:distance>
     <gpxdata:speed>6.967</gpxdata:speed>
    </extensions>
   </trkpt>
   <trkpt lat="47.4332876" lon="6.6009742">
    <ele>324</ele>
    <time>2026-06-09T15:31:49Z</time>
    <extensions>
     <gpxdata:distance>3363.00</gpxdata:distance>
     <gpxdata:speed>7.203</gpxdata:speed>
    </extensions>
   </trkpt>
   <trkpt lat="47.4332451" lon="6.6010501">
    <ele>324</ele>
    <time>2026-06-09T15:31:50Z</time>
    <extensions>
     <gpxdata:distance>3370.50</gpxdata:distance>
     <gpxdata:speed>7.272</gpxdata:speed>
    </extensions>
   </trkpt>
   <trkpt lat="47.4332025" lon="6.6011269">
    <ele>324</ele>
    <time>2026-06-09T15:31:51Z</time>
    <extensions>
     <gpxdata:distance>3378.00</gpxdata:distance>
     <gpxdata:speed>7.375</gpxdata:speed>
    </extensions>
   </trkpt>
   <trkpt lat="47.4331605" lon="6.6012060">
    <ele>324</ele>
    <time>2026-06-09T15:31:52Z</time>
    <extensions>
     <gpxdata:distance>3386.00</gpxdata:distance>
     <gpxdata:speed>7.514</gpxdata:speed>
    </extensions>
   </trkpt>
   <trkpt lat="47.4331197" lon="6.6012875">
    <ele>324</ele>
    <time>2026-06-09T15:31:53Z</time>
    <extensions>
     <gpxdata:distance>3394.00</gpxdata:distance>
     <gpxdata:speed>7.581</gpxdata:speed>
    </extensions>
   </trkpt>
   <trkpt lat="47.4330814" lon="6.6013705">
    <ele>324</ele>
    <time>2026-06-09T15:31:54Z</time>
    <extensions>
     <gpxdata:distance>3401.50</gpxdata:distance>
     <gpxdata:speed>7.531</gpxdata:speed>
    </extensions>
   </trkpt>
   <trkpt lat="47.4330441" lon="6.6014547">
    <ele>324</ele>
    <time>2026-06-09T15:31:55Z</time>
    <extensions>
     <gpxdata:distance>3409.00</gpxdata:distance>
     <gpxdata:speed>7.569</gpxdata:speed>
    </extensions>
   </trkpt>
   <trkpt lat="47.4330063" lon="6.6015408">
    <ele>324</ele>
    <time>2026-06-09T15:31:56Z</time>
    <extensions>
     <gpxdata:distance>3417.00</gpxdata:distance>
     <gpxdata:speed>7.678</gpxdata:speed>
    </extensions>
   </trkpt>
   <trkpt lat="47.4329673" lon="6.6016281">
    <ele>324</ele>
    <time>2026-06-09T15:31:57Z</time>
    <extensions>
     <gpxdata:distance>3425.00</gpxdata:distance>
     <gpxdata:speed>7.778</gpxdata:speed>
    </extensions>
   </trkpt>
   <trkpt lat="47.4329273" lon="6.6017165">
    <ele>324</ele>
    <time>2026-06-09T15:31:58Z</time>
    <extensions>
     <gpxdata:distance>3433.00</gpxdata:distance>
     <gpxdata:speed>7.872</gpxdata:speed>
    </extensions>
   </trkpt>
   <trkpt lat="47.4328874" lon="6.6018061">
    <ele>324</ele>
    <time>2026-06-09T15:31:59Z</time>
    <extensions>
     <gpxdata:distance>3441.00</gpxdata:distance>
     <gpxdata:speed>8.008</gpxdata:speed>
    </extensions>
   </trkpt>
   <trkpt lat="47.4328484" lon="6.6018981">
    <ele>324</ele>
    <time>2026-06-09T15:32:00Z</time>
    <extensions>
     <gpxdata:distance>3449.00</gpxdata:distance>
     <gpxdata:speed>8.008</gpxdata:speed>
    </extensions>
   </trkpt>
   <trkpt lat="47.4328101" lon="6.6019911">
    <ele>324</ele>
    <time>2026-06-09T15:32:01Z</time>
    <extensions>
     <gpxdata:distance>3457.00</gpxdata:distance>
     <gpxdata:speed>8.131</gpxdata:speed>
    </extensions>
   </trkpt>
   <trkpt lat="47.4327721" lon="6.6020834">
    <ele>324</ele>
    <time>2026-06-09T15:32:02Z</time>
    <extensions>
     <gpxdata:distance>3465.00</gpxdata:distance>
     <gpxdata:speed>8.131</gpxdata:speed>
    </extensions>
   </trkpt>
   <trkpt lat="47.4327339" lon="6.6021752">
    <ele>324</ele>
    <time>2026-06-09T15:32:03Z</time>
    <extensions>
     <gpxdata:distance>3473.00</gpxdata:distance>
     <gpxdata:speed>8.125</gpxdata:speed>
    </extensions>
   </trkpt>
   <trkpt lat="47.4326948" lon="6.6022670">
    <ele>324</ele>
    <time>2026-06-09T15:32:04Z</time>
    <extensions>
     <gpxdata:distance>3481.50</gpxdata:distance>
     <gpxdata:speed>8.153</gpxdata:speed>
    </extensions>
   </trkpt>
   <trkpt lat="47.4326554" lon="6.6023585">
    <ele>324</ele>
    <time>2026-06-09T15:32:05Z</time>
    <extensions>
     <gpxdata:distance>3490.00</gpxdata:distance>
     <gpxdata:speed>8.169</gpxdata:speed>
    </extensions>
   </trkpt>
   <trkpt lat="47.4326168" lon="6.6024501">
    <ele>324</ele>
    <time>2026-06-09T15:32:06Z</time>
    <extensions>
     <gpxdata:distance>3498.00</gpxdata:distance>
     <gpxdata:speed>8.156</gpxdata:speed>
    </extensions>
   </trkpt>
   <trkpt lat="47.4325789" lon="6.6025424">
    <ele>324</ele>
    <time>2026-06-09T15:32:07Z</time>
    <extensions>
     <gpxdata:distance>3506.00</gpxdata:distance>
     <gpxdata:speed>8.147</gpxdata:speed>
    </extensions>
   </trkpt>
   <trkpt lat="47.4325412" lon="6.6026335">
    <ele>324</ele>
    <time>2026-06-09T15:32:08Z</time>
    <extensions>
     <gpxdata:distance>3514.00</gpxdata:distance>
     <gpxdata:speed>8.108</gpxdata:speed>
    </extensions>
   </trkpt>
   <trkpt lat="47.4325028" lon="6.6027231">
    <ele>324</ele>
    <time>2026-06-09T15:32:09Z</time>
    <extensions>
     <gpxdata:distance>3522.00</gpxdata:distance>
     <gpxdata:speed>8.069</gpxdata:speed>
    </extensions>
   </trkpt>
   <trkpt lat="47.4324637" lon="6.6028119">
    <ele>324</ele>
    <time>2026-06-09T15:32:10Z</time>
    <extensions>
     <gpxdata:distance>3530.00</gpxdata:distance>
     <gpxdata:speed>8.039</gpxdata:speed>
    </extensions>
   </trkpt>
   <trkpt lat="47.4324243" lon="6.6029003">
    <ele>324</ele>
    <time>2026-06-09T15:32:11Z</time>
    <extensions>
     <gpxdata:distance>3538.00</gpxdata:distance>
     <gpxdata:speed>8.017</gpxdata:speed>
    </extensions>
   </trkpt>
   <trkpt lat="47.4323848" lon="6.6029887">
    <ele>324</ele>
    <time>2026-06-09T15:32:12Z</time>
    <extensions>
     <gpxdata:distance>3546.00</gpxdata:distance>
     <gpxdata:speed>8.008</gpxdata:speed>
    </extensions>
   </trkpt>
   <trkpt lat="47.4323457" lon="6.6030776">
    <ele>324</ele>
    <time>2026-06-09T15:32:13Z</time>
    <extensions>
     <gpxdata:distance>3554.00</gpxdata:distance>
     <gpxdata:speed>8.000</gpxdata:speed>
    </extensions>
   </trkpt>
   <trkpt lat="47.4323074" lon="6.6031671">
    <ele>324</ele>
    <time>2026-06-09T15:32:14Z</time>
    <extensions>
     <gpxdata:distance>3558.00</gpxdata:distance>
     <gpxdata:speed>7.989</gpxdata:speed>
    </extensions>
   </trkpt>
   <trkpt lat="47.4322688" lon="6.6032564">
    <ele>324</ele>
    <time>2026-06-09T15:32:15Z</time>
    <extensions>
     <gpxdata:distance>3562.00</gpxdata:distance>
     <gpxdata:speed>7.989</gpxdata:speed>
    </extensions>
   </trkpt>
   <trkpt lat="47.4322292" lon="6.6033445">
    <ele>324</ele>
    <time>2026-06-09T15:32:16Z</time>
    <extensions>
     <gpxdata:distance>3574.00</gpxdata:distance>
     <gpxdata:speed>7.978</gpxdata:speed>
    </extensions>
   </trkpt>
   <trkpt lat="47.4321888" lon="6.6034315">
    <ele>324</ele>
    <time>2026-06-09T15:32:17Z</time>
    <extensions>
     <gpxdata:distance>3586.00</gpxdata:distance>
     <gpxdata:speed>7.967</gpxdata:speed>
    </extensions>
   </trkpt>
   <trkpt lat="47.4321488" lon="6.6035181">
    <ele>324</ele>
    <time>2026-06-09T15:32:18Z</time>
    <extensions>
     <gpxdata:distance>3593.50</gpxdata:distance>
     <gpxdata:speed>7.939</gpxdata:speed>
    </extensions>
   </trkpt>
   <trkpt lat="47.4321099" lon="6.6036057">
    <ele>324</ele>
    <time>2026-06-09T15:32:19Z</time>
    <extensions>
     <gpxdata:distance>3601.00</gpxdata:distance>
     <gpxdata:speed>7.922</gpxdata:speed>
    </extensions>
   </trkpt>
   <trkpt lat="47.4320714" lon="6.6036934">
    <ele>324</ele>
    <time>2026-06-09T15:32:20Z</time>
    <extensions>
     <gpxdata:distance>3609.00</gpxdata:distance>
     <gpxdata:speed>7.908</gpxdata:speed>
    </extensions>
   </trkpt>
   <trkpt lat="47.4320322" lon="6.6037812">
    <ele>324</ele>
    <time>2026-06-09T15:32:21Z</time>
    <extensions>
     <gpxdata:distance>3617.00</gpxdata:distance>
     <gpxdata:speed>7.917</gpxdata:speed>
    </extensions>
   </trkpt>
   <trkpt lat="47.4319928" lon="6.6038691">
    <ele>324</ele>
    <time>2026-06-09T15:32:22Z</time>
    <extensions>
     <gpxdata:distance>3625.00</gpxdata:distance>
     <gpxdata:speed>7.925</gpxdata:speed>
    </extensions>
   </trkpt>
   <trkpt lat="47.4319532" lon="6.6039574">
    <ele>324</ele>
    <time>2026-06-09T15:32:23Z</time>
    <extensions>
     <gpxdata:distance>3633.00</gpxdata:distance>
     <gpxdata:speed>7.942</gpxdata:speed>
    </extensions>
   </trkpt>
   <trkpt lat="47.4319137" lon="6.6040462">
    <ele>324</ele>
    <time>2026-06-09T15:32:24Z</time>
    <extensions>
     <gpxdata:distance>3641.00</gpxdata:distance>
     <gpxdata:speed>7.964</gpxdata:speed>
    </extensions>
   </trkpt>
   <trkpt lat="47.4318740" lon="6.6041351">
    <ele>324</ele>
    <time>2026-06-09T15:32:25Z</time>
    <extensions>
     <gpxdata:distance>3649.00</gpxdata:distance>
     <gpxdata:speed>7.986</gpxdata:speed>
    </extensions>
   </trkpt>
   <trkpt lat="47.4318346" lon="6.6042241">
    <ele>324</ele>
    <time>2026-06-09T15:32:26Z</time>
    <extensions>
     <gpxdata:distance>3653.00</gpxdata:distance>
     <gpxdata:speed>7.989</gpxdata:speed>
    </extensions>
   </trkpt>
   <trkpt lat="47.4317958" lon="6.6043131">
    <ele>324</ele>
    <time>2026-06-09T15:32:27Z</time>
    <extensions>
     <gpxdata:distance>3657.00</gpxdata:distance>
     <gpxdata:speed>7.989</gpxdata:speed>
    </extensions>
   </trkpt>
   <trkpt lat="47.4317571" lon="6.6044023">
    <ele>324</ele>
    <time>2026-06-09T15:32:28Z</time>
    <extensions>
     <gpxdata:distance>3669.00</gpxdata:distance>
     <gpxdata:speed>7.983</gpxdata:speed>
    </extensions>
   </trkpt>
   <trkpt lat="47.4317182" lon="6.6044913">
    <ele>324</ele>
    <time>2026-06-09T15:32:29Z</time>
    <extensions>
     <gpxdata:distance>3681.00</gpxdata:distance>
     <gpxdata:speed>7.983</gpxdata:speed>
    </extensions>
   </trkpt>
   <trkpt lat="47.4316789" lon="6.6045798">
    <ele>324</ele>
    <time>2026-06-09T15:32:30Z</time>
    <extensions>
     <gpxdata:distance>3689.00</gpxdata:distance>
     <gpxdata:speed>7.983</gpxdata:speed>
    </extensions>
   </trkpt>
   <trkpt lat="47.4316397" lon="6.6046687">
    <ele>324</ele>
    <time>2026-06-09T15:32:31Z</time>
    <extensions>
     <gpxdata:distance>3697.00</gpxdata:distance>
     <gpxdata:speed>7.983</gpxdata:speed>
    </extensions>
   </trkpt>
   <trkpt lat="47.4316009" lon="6.6047588">
    <ele>324</ele>
    <time>2026-06-09T15:32:32Z</time>
    <extensions>
     <gpxdata:distance>3705.00</gpxdata:distance>
     <gpxdata:speed>8.008</gpxdata:speed>
    </extensions>
   </trkpt>
   <trkpt lat="47.4315622" lon="6.6048495">
    <ele>324</ele>
    <time>2026-06-09T15:32:33Z</time>
    <extensions>
     <gpxdata:distance>3713.00</gpxdata:distance>
     <gpxdata:speed>8.031</gpxdata:speed>
    </extensions>
   </trkpt>
   <trkpt lat="47.4315230" lon="6.6049397">
    <ele>324</ele>
    <time>2026-06-09T15:32:34Z</time>
    <extensions>
     <gpxdata:distance>3721.00</gpxdata:distance>
     <gpxdata:speed>8.042</gpxdata:speed>
    </extensions>
   </trkpt>
   <trkpt lat="47.4314832" lon="6.6050295">
    <ele>324</ele>
    <time>2026-06-09T15:32:35Z</time>
    <extensions>
     <gpxdata:distance>3729.00</gpxdata:distance>
     <gpxdata:speed>8.053</gpxdata:speed>
    </extensions>
   </trkpt>
   <trkpt lat="47.4314437" lon="6.6051191">
    <ele>324</ele>
    <time>2026-06-09T15:32:36Z</time>
    <extensions>
     <gpxdata:distance>3737.00</gpxdata:distance>
     <gpxdata:speed>8.053</gpxdata:speed>
    </extensions>
   </trkpt>
   <trkpt lat="47.4314046" lon="6.6052081">
    <ele>324</ele>
    <time>2026-06-09T15:32:37Z</time>
    <extensions>
     <gpxdata:distance>3745.00</gpxdata:distance>
     <gpxdata:speed>8.025</gpxdata:speed>
    </extensions>
   </trkpt>
   <trkpt lat="47.4313655" lon="6.6052965">
    <ele>324</ele>
    <time>2026-06-09T15:32:38Z</time>
    <extensions>
     <gpxdata:distance>3753.00</gpxdata:distance>
     <gpxdata:speed>8.003</gpxdata:speed>
    </extensions>
   </trkpt>
   <trkpt lat="47.4313264" lon="6.6053846">
    <ele>324</ele>
    <time>2026-06-09T15:32:39Z</time>
    <extensions>
     <gpxdata:distance>3761.00</gpxdata:distance>
     <gpxdata:speed>7.981</gpxdata:speed>
    </extensions>
   </trkpt>
   <trkpt lat="47.4312876" lon="6.6054728">
    <ele>324</ele>
    <time>2026-06-09T15:32:40Z</time>
    <extensions>
     <gpxdata:distance>3769.00</gpxdata:distance>
     <gpxdata:speed>7.961</gpxdata:speed>
    </extensions>
   </trkpt>
   <trkpt lat="47.4312492" lon="6.6055616">
    <ele>324</ele>
    <time>2026-06-09T15:32:41Z</time>
    <extensions>
     <gpxdata:distance>3777.00</gpxdata:distance>
     <gpxdata:speed>7.953</gpxdata:speed>
    </extensions>
   </trkpt>
   <trkpt lat="47.4312109" lon="6.6056504">
    <ele>324</ele>
    <time>2026-06-09T15:32:42Z</time>
    <extensions>
     <gpxdata:distance>3785.00</gpxdata:distance>
     <gpxdata:speed>7.947</gpxdata:speed>
    </extensions>
   </trkpt>
   <trkpt lat="47.4311724" lon="6.6057386">
    <ele>324</ele>
    <time>2026-06-09T15:32:43Z</time>
    <extensions>
     <gpxdata:distance>3793.00</gpxdata:distance>
     <gpxdata:speed>7.928</gpxdata:speed>
    </extensions>
   </trkpt>
   <trkpt lat="47.4311340" lon="6.6058259">
    <ele>324</ele>
    <time>2026-06-09T15:32:44Z</time>
    <extensions>
     <gpxdata:distance>3801.00</gpxdata:distance>
     <gpxdata:speed>7.897</gpxdata:speed>
    </extensions>
   </trkpt>
   <trkpt lat="47.4310953" lon="6.6059128">
    <ele>324</ele>
    <time>2026-06-09T15:32:45Z</time>
    <extensions>
     <gpxdata:distance>3809.00</gpxdata:distance>
     <gpxdata:speed>7.878</gpxdata:speed>
    </extensions>
   </trkpt>
   <trkpt lat="47.4310561" lon="6.6059994">
    <ele>324</ele>
    <time>2026-06-09T15:32:46Z</time>
    <extensions>
     <gpxdata:distance>3816.50</gpxdata:distance>
     <gpxdata:speed>7.869</gpxdata:speed>
    </extensions>
   </trkpt>
   <trkpt lat="47.4310172" lon="6.6060864">
    <ele>324</ele>
    <time>2026-06-09T15:32:47Z</time>
    <extensions>
     <gpxdata:distance>3824.00</gpxdata:distance>
     <gpxdata:speed>7.864</gpxdata:speed>
    </extensions>
   </trkpt>
   <trkpt lat="47.4309787" lon="6.6061741">
    <ele>324</ele>
    <time>2026-06-09T15:32:48Z</time>
    <extensions>
     <gpxdata:distance>3832.00</gpxdata:distance>
     <gpxdata:speed>7.867</gpxdata:speed>
    </extensions>
   </trkpt>
   <trkpt lat="47.4309403" lon="6.6062621">
    <ele>324</ele>
    <time>2026-06-09T15:32:49Z</time>
    <extensions>
     <gpxdata:distance>3840.00</gpxdata:distance>
     <gpxdata:speed>7.875</gpxdata:speed>
    </extensions>
   </trkpt>
   <trkpt lat="47.4309015" lon="6.6063501">
    <ele>324</ele>
    <time>2026-06-09T15:32:50Z</time>
    <extensions>
     <gpxdata:distance>3848.00</gpxdata:distance>
     <gpxdata:speed>7.883</gpxdata:speed>
    </extensions>
   </trkpt>
   <trkpt lat="47.4308625" lon="6.6064377">
    <ele>324</ele>
    <time>2026-06-09T15:32:51Z</time>
    <extensions>
     <gpxdata:distance>3856.00</gpxdata:distance>
     <gpxdata:speed>7.886</gpxdata:speed>
    </extensions>
   </trkpt>
   <trkpt lat="47.4308232" lon="6.6065245">
    <ele>324</ele>
    <time>2026-06-09T15:32:52Z</time>
    <extensions>
     <gpxdata:distance>3864.00</gpxdata:distance>
     <gpxdata:speed>7.875</gpxdata:speed>
    </extensions>
   </trkpt>
   <trkpt lat="47.4307838" lon="6.6066110">
    <ele>324</ele>
    <time>2026-06-09T15:32:53Z</time>
    <extensions>
     <gpxdata:distance>3872.00</gpxdata:distance>
     <gpxdata:speed>7.869</gpxdata:speed>
    </extensions>
   </trkpt>
   <trkpt lat="47.4307445" lon="6.6066971">
    <ele>324</ele>
    <time>2026-06-09T15:32:54Z</time>
    <extensions>
     <gpxdata:distance>3879.50</gpxdata:distance>
     <gpxdata:speed>7.850</gpxdata:speed>
    </extensions>
   </trkpt>
   <trkpt lat="47.4307051" lon="6.6067829">
    <ele>324</ele>
    <time>2026-06-09T15:32:55Z</time>
    <extensions>
     <gpxdata:distance>3887.00</gpxdata:distance>
     <gpxdata:speed>7.839</gpxdata:speed>
    </extensions>
   </trkpt>
   <trkpt lat="47.4306658" lon="6.6068685">
    <ele>324</ele>
    <time>2026-06-09T15:32:56Z</time>
    <extensions>
     <gpxdata:distance>3895.00</gpxdata:distance>
     <gpxdata:speed>7.819</gpxdata:speed>
    </extensions>
   </trkpt>
   <trkpt lat="47.4306265" lon="6.6069540">
    <ele>324</ele>
    <time>2026-06-09T15:32:57Z</time>
    <extensions>
     <gpxdata:distance>3903.00</gpxdata:distance>
     <gpxdata:speed>7.806</gpxdata:speed>
    </extensions>
   </trkpt>
   <trkpt lat="47.4305874" lon="6.6070400">
    <ele>324</ele>
    <time>2026-06-09T15:32:58Z</time>
    <extensions>
     <gpxdata:distance>3910.50</gpxdata:distance>
     <gpxdata:speed>7.811</gpxdata:speed>
    </extensions>
   </trkpt>
   <trkpt lat="47.4305487" lon="6.6071267">
    <ele>324</ele>
    <time>2026-06-09T15:32:59Z</time>
    <extensions>
     <gpxdata:distance>3918.00</gpxdata:distance>
     <gpxdata:speed>7.814</gpxdata:speed>
    </extensions>
   </trkpt>
   <trkpt lat="47.4305103" lon="6.6072133">
    <ele>324</ele>
    <time>2026-06-09T15:33:00Z</time>
    <extensions>
     <gpxdata:distance>3926.00</gpxdata:distance>
     <gpxdata:speed>7.803</gpxdata:speed>
    </extensions>
   </trkpt>
   <trkpt lat="47.4304725" lon="6.6073003">
    <ele>324</ele>
    <time>2026-06-09T15:33:01Z</time>
    <extensions>
     <gpxdata:distance>3934.00</gpxdata:distance>
     <gpxdata:speed>7.797</gpxdata:speed>
    </extensions>
   </trkpt>
   <trkpt lat="47.4304344" lon="6.6073876">
    <ele>324</ele>
    <time>2026-06-09T15:33:02Z</time>
    <extensions>
     <gpxdata:distance>3942.00</gpxdata:distance>
     <gpxdata:speed>7.808</gpxdata:speed>
    </extensions>
   </trkpt>
   <trkpt lat="47.4303954" lon="6.6074748">
    <ele>324</ele>
    <time>2026-06-09T15:33:03Z</time>
    <extensions>
     <gpxdata:distance>3950.00</gpxdata:distance>
     <gpxdata:speed>7.833</gpxdata:speed>
    </extensions>
   </trkpt>
   <trkpt lat="47.4303555" lon="6.6075623">
    <ele>324</ele>
    <time>2026-06-09T15:33:04Z</time>
    <extensions>
     <gpxdata:distance>3958.00</gpxdata:distance>
     <gpxdata:speed>7.875</gpxdata:speed>
    </extensions>
   </trkpt>
   <trkpt lat="47.4303155" lon="6.6076504">
    <ele>324</ele>
    <time>2026-06-09T15:33:05Z</time>
    <extensions>
     <gpxdata:distance>3966.00</gpxdata:distance>
     <gpxdata:speed>7.914</gpxdata:speed>
    </extensions>
   </trkpt>
   <trkpt lat="47.4302760" lon="6.6077391">
    <ele>324</ele>
    <time>2026-06-09T15:33:06Z</time>
    <extensions>
     <gpxdata:distance>3974.00</gpxdata:distance>
     <gpxdata:speed>7.939</gpxdata:speed>
    </extensions>
   </trkpt>
   <trkpt lat="47.4302363" lon="6.6078277">
    <ele>325</ele>
    <time>2026-06-09T15:33:07Z</time>
    <extensions>
     <gpxdata:distance>3982.00</gpxdata:distance>
     <gpxdata:speed>7.958</gpxdata:speed>
    </extensions>
   </trkpt>
   <trkpt lat="47.4301965" lon="6.6079163">
    <ele>325</ele>
    <time>2026-06-09T15:33:08Z</time>
    <extensions>
     <gpxdata:distance>3990.00</gpxdata:distance>
     <gpxdata:speed>7.975</gpxdata:speed>
    </extensions>
   </trkpt>
   <trkpt lat="47.4301570" lon="6.6080052">
    <ele>325</ele>
    <time>2026-06-09T15:33:09Z</time>
    <extensions>
     <gpxdata:distance>3998.00</gpxdata:distance>
     <gpxdata:speed>7.986</gpxdata:speed>
    </extensions>
   </trkpt>
   <trkpt lat="47.4301180" lon="6.6080946">
    <ele>325</ele>
    <time>2026-06-09T15:33:10Z</time>
    <extensions>
     <gpxdata:distance>4006.00</gpxdata:distance>
     <gpxdata:speed>8.000</gpxdata:speed>
    </extensions>
   </trkpt>
   <trkpt lat="47.4300795" lon="6.6081854">
    <ele>325</ele>
    <time>2026-06-09T15:33:11Z</time>
    <extensions>
     <gpxdata:distance>4014.00</gpxdata:distance>
     <gpxdata:speed>8.031</gpxdata:speed>
    </extensions>
   </trkpt>
   <trkpt lat="47.4300412" lon="6.6082773">
    <ele>325</ele>
    <time>2026-06-09T15:33:12Z</time>
    <extensions>
     <gpxdata:distance>4022.00</gpxdata:distance>
     <gpxdata:speed>8.067</gpxdata:speed>
    </extensions>
   </trkpt>
   <trkpt lat="47.4300025" lon="6.6083693">
    <ele>325</ele>
    <time>2026-06-09T15:33:13Z</time>
    <extensions>
     <gpxdata:distance>4030.00</gpxdata:distance>
     <gpxdata:speed>8.100</gpxdata:speed>
    </extensions>
   </trkpt>
   <trkpt lat="47.4299634" lon="6.6084604">
    <ele>325</ele>
    <time>2026-06-09T15:33:14Z</time>
    <extensions>
     <gpxdata:distance>4034.00</gpxdata:distance>
     <gpxdata:speed>8.103</gpxdata:speed>
    </extensions>
   </trkpt>
   <trkpt lat="47.4299243" lon="6.6085512">
    <ele>325</ele>
    <time>2026-06-09T15:33:15Z</time>
    <extensions>
     <gpxdata:distance>4038.00</gpxdata:distance>
     <gpxdata:speed>8.103</gpxdata:speed>
    </extensions>
   </trkpt>
   <trkpt lat="47.4298853" lon="6.6086428">
    <ele>325</ele>
    <time>2026-06-09T15:33:16Z</time>
    <extensions>
     <gpxdata:distance>4050.50</gpxdata:distance>
     <gpxdata:speed>8.122</gpxdata:speed>
    </extensions>
   </trkpt>
   <trkpt lat="47.4298461" lon="6.6087350">
    <ele>325</ele>
    <time>2026-06-09T15:33:17Z</time>
    <extensions>
     <gpxdata:distance>4063.00</gpxdata:distance>
     <gpxdata:speed>8.150</gpxdata:speed>
    </extensions>
   </trkpt>
   <trkpt lat="47.4298065" lon="6.6088271">
    <ele>325</ele>
    <time>2026-06-09T15:33:18Z</time>
    <extensions>
     <gpxdata:distance>4071.00</gpxdata:distance>
     <gpxdata:speed>8.175</gpxdata:speed>
    </extensions>
   </trkpt>
   <trkpt lat="47.4297661" lon="6.6089190">
    <ele>325</ele>
    <time>2026-06-09T15:33:19Z</time>
    <extensions>
     <gpxdata:distance>4079.00</gpxdata:distance>
     <gpxdata:speed>8.203</gpxdata:speed>
    </extensions>
   </trkpt>
   <trkpt lat="47.4297249" lon="6.6090112">
    <ele>325</ele>
    <time>2026-06-09T15:33:20Z</time>
    <extensions>
     <gpxdata:distance>4087.50</gpxdata:distance>
     <gpxdata:speed>8.244</gpxdata:speed>
    </extensions>
   </trkpt>
   <trkpt lat="47.4296835" lon="6.6091040">
    <ele>325</ele>
    <time>2026-06-09T15:33:21Z</time>
    <extensions>
     <gpxdata:distance>4096.00</gpxdata:distance>
     <gpxdata:speed>8.289</gpxdata:speed>
    </extensions>
   </trkpt>
   <trkpt lat="47.4296417" lon="6.6091971">
    <ele>325</ele>
    <time>2026-06-09T15:33:22Z</time>
    <extensions>
     <gpxdata:distance>4104.50</gpxdata:distance>
     <gpxdata:speed>8.333</gpxdata:speed>
    </extensions>
   </trkpt>
   <trkpt lat="47.4296000" lon="6.6092906">
    <ele>325</ele>
    <time>2026-06-09T15:33:23Z</time>
    <extensions>
     <gpxdata:distance>4113.00</gpxdata:distance>
     <gpxdata:speed>8.369</gpxdata:speed>
    </extensions>
   </trkpt>
   <trkpt lat="47.4295587" lon="6.6093849">
    <ele>325</ele>
    <time>2026-06-09T15:33:24Z</time>
    <extensions>
     <gpxdata:distance>4121.50</gpxdata:distance>
     <gpxdata:speed>8.397</gpxdata:speed>
    </extensions>
   </trkpt>
   <trkpt lat="47.4295179" lon="6.6094797">
    <ele>325</ele>
    <time>2026-06-09T15:33:25Z</time>
    <extensions>
     <gpxdata:distance>4130.00</gpxdata:distance>
     <gpxdata:speed>8.419</gpxdata:speed>
    </extensions>
   </trkpt>
   <trkpt lat="47.4294775" lon="6.6095746">
    <ele>325</ele>
    <time>2026-06-09T15:33:26Z</time>
    <extensions>
     <gpxdata:distance>4138.50</gpxdata:distance>
     <gpxdata:speed>8.428</gpxdata:speed>
    </extensions>
   </trkpt>
   <trkpt lat="47.4294374" lon="6.6096695">
    <ele>325</ele>
    <time>2026-06-09T15:33:27Z</time>
    <extensions>
     <gpxdata:distance>4147.00</gpxdata:distance>
     <gpxdata:speed>8.431</gpxdata:speed>
    </extensions>
   </trkpt>
   <trkpt lat="47.4293969" lon="6.6097649">
    <ele>325</ele>
    <time>2026-06-09T15:33:28Z</time>
    <extensions>
     <gpxdata:distance>4155.50</gpxdata:distance>
     <gpxdata:speed>8.456</gpxdata:speed>
    </extensions>
   </trkpt>
   <trkpt lat="47.4293562" lon="6.6098598">
    <ele>325</ele>
    <time>2026-06-09T15:33:29Z</time>
    <extensions>
     <gpxdata:distance>4164.00</gpxdata:distance>
     <gpxdata:speed>8.458</gpxdata:speed>
    </extensions>
   </trkpt>
   <trkpt lat="47.4293155" lon="6.6099542">
    <ele>325</ele>
    <time>2026-06-09T15:33:30Z</time>
    <extensions>
     <gpxdata:distance>4172.50</gpxdata:distance>
     <gpxdata:speed>8.447</gpxdata:speed>
    </extensions>
   </trkpt>
   <trkpt lat="47.4292748" lon="6.6100484">
    <ele>325</ele>
    <time>2026-06-09T15:33:31Z</time>
    <extensions>
     <gpxdata:distance>4181.00</gpxdata:distance>
     <gpxdata:speed>8.436</gpxdata:speed>
    </extensions>
   </trkpt>
   <trkpt lat="47.4292341" lon="6.6101426">
    <ele>325</ele>
    <time>2026-06-09T15:33:32Z</time>
    <extensions>
     <gpxdata:distance>4189.00</gpxdata:distance>
     <gpxdata:speed>8.431</gpxdata:speed>
    </extensions>
   </trkpt>
   <trkpt lat="47.4291937" lon="6.6102375">
    <ele>325</ele>
    <time>2026-06-09T15:33:33Z</time>
    <extensions>
     <gpxdata:distance>4197.00</gpxdata:distance>
     <gpxdata:speed>8.436</gpxdata:speed>
    </extensions>
   </trkpt>
   <trkpt lat="47.4291540" lon="6.6103329">
    <ele>325</ele>
    <time>2026-06-09T15:33:34Z</time>
    <extensions>
     <gpxdata:distance>4205.50</gpxdata:distance>
     <gpxdata:speed>8.439</gpxdata:speed>
    </extensions>
   </trkpt>
   <trkpt lat="47.4291147" lon="6.6104285">
    <ele>325</ele>
    <time>2026-06-09T15:33:35Z</time>
    <extensions>
     <gpxdata:distance>4214.00</gpxdata:distance>
     <gpxdata:speed>8.428</gpxdata:speed>
    </extensions>
   </trkpt>
   <trkpt lat="47.4290756" lon="6.6105237">
    <ele>325</ele>
    <time>2026-06-09T15:33:36Z</time>
    <extensions>
     <gpxdata:distance>4222.50</gpxdata:distance>
     <gpxdata:speed>8.411</gpxdata:speed>
    </extensions>
   </trkpt>
   <trkpt lat="47.4290364" lon="6.6106189">
    <ele>325</ele>
    <time>2026-06-09T15:33:37Z</time>
    <extensions>
     <gpxdata:distance>4231.00</gpxdata:distance>
     <gpxdata:speed>8.406</gpxdata:speed>
    </extensions>
   </trkpt>
   <trkpt lat="47.4289973" lon="6.6107142">
    <ele>325</ele>
    <time>2026-06-09T15:33:38Z</time>
    <extensions>
     <gpxdata:distance>4235.00</gpxdata:distance>
     <gpxdata:speed>8.403</gpxdata:speed>
    </extensions>
   </trkpt>
   <trkpt lat="47.4289581" lon="6.6108094">
    <ele>325</ele>
    <time>2026-06-09T15:33:39Z</time>
    <extensions>
     <gpxdata:distance>4239.00</gpxdata:distance>
     <gpxdata:speed>8.403</gpxdata:speed>
    </extensions>
   </trkpt>
   <trkpt lat="47.4289189" lon="6.6109038">
    <ele>325</ele>
    <time>2026-06-09T15:33:40Z</time>
    <extensions>
     <gpxdata:distance>4251.50</gpxdata:distance>
     <gpxdata:speed>8.375</gpxdata:speed>
    </extensions>
   </trkpt>
   <trkpt lat="47.4288798" lon="6.6109978">
    <ele>325</ele>
    <time>2026-06-09T15:33:41Z</time>
    <extensions>
     <gpxdata:distance>4264.00</gpxdata:distance>
     <gpxdata:speed>8.350</gpxdata:speed>
    </extensions>
   </trkpt>
   <trkpt lat="47.4288408" lon="6.6110913">
    <ele>325</ele>
    <time>2026-06-09T15:33:42Z</time>
    <extensions>
     <gpxdata:distance>4272.50</gpxdata:distance>
     <gpxdata:speed>8.322</gpxdata:speed>
    </extensions>
   </trkpt>
   <trkpt lat="47.4288025" lon="6.6111851">
    <ele>325</ele>
    <time>2026-06-09T15:33:43Z</time>
    <extensions>
     <gpxdata:distance>4281.00</gpxdata:distance>
     <gpxdata:speed>8.300</gpxdata:speed>
    </extensions>
   </trkpt>
   <trkpt lat="47.4287652" lon="6.6112798">
    <ele>325</ele>
    <time>2026-06-09T15:33:44Z</time>
    <extensions>
     <gpxdata:distance>4285.00</gpxdata:distance>
     <gpxdata:speed>8.283</gpxdata:speed>
    </extensions>
   </trkpt>
   <trkpt lat="47.4287283" lon="6.6113746">
    <ele>325</ele>
    <time>2026-06-09T15:33:45Z</time>
    <extensions>
     <gpxdata:distance>4289.00</gpxdata:distance>
     <gpxdata:speed>8.283</gpxdata:speed>
    </extensions>
   </trkpt>
   <trkpt lat="47.4286914" lon="6.6114690">
    <ele>325</ele>
    <time>2026-06-09T15:33:46Z</time>
    <extensions>
     <gpxdata:distance>4301.50</gpxdata:distance>
     <gpxdata:speed>8.247</gpxdata:speed>
    </extensions>
   </trkpt>
   <trkpt lat="47.4286545" lon="6.6115635">
    <ele>325</ele>
    <time>2026-06-09T15:33:47Z</time>
    <extensions>
     <gpxdata:distance>4314.00</gpxdata:distance>
     <gpxdata:speed>8.233</gpxdata:speed>
    </extensions>
   </trkpt>
   <trkpt lat="47.4286174" lon="6.6116582">
    <ele>325</ele>
    <time>2026-06-09T15:33:48Z</time>
    <extensions>
     <gpxdata:distance>4322.00</gpxdata:distance>
     <gpxdata:speed>8.242</gpxdata:speed>
    </extensions>
   </trkpt>
   <trkpt lat="47.4285802" lon="6.6117538">
    <ele>325</ele>
    <time>2026-06-09T15:33:49Z</time>
    <extensions>
     <gpxdata:distance>4330.00</gpxdata:distance>
     <gpxdata:speed>8.264</gpxdata:speed>
    </extensions>
   </trkpt>
   <trkpt lat="47.4285437" lon="6.6118507">
    <ele>325</ele>
    <time>2026-06-09T15:33:50Z</time>
    <extensions>
     <gpxdata:distance>4338.50</gpxdata:distance>
     <gpxdata:speed>8.294</gpxdata:speed>
    </extensions>
   </trkpt>
   <trkpt lat="47.4285081" lon="6.6119488">
    <ele>325</ele>
    <time>2026-06-09T15:33:51Z</time>
    <extensions>
     <gpxdata:distance>4347.00</gpxdata:distance>
     <gpxdata:speed>8.325</gpxdata:speed>
    </extensions>
   </trkpt>
   <trkpt lat="47.4284735" lon="6.6120474">
    <ele>325</ele>
    <time>2026-06-09T15:33:52Z</time>
    <extensions>
     <gpxdata:distance>4355.00</gpxdata:distance>
     <gpxdata:speed>8.333</gpxdata:speed>
    </extensions>
   </trkpt>
   <trkpt lat="47.4284401" lon="6.6121441">
    <ele>325</ele>
    <time>2026-06-09T15:33:53Z</time>
    <extensions>
     <gpxdata:distance>4363.00</gpxdata:distance>
     <gpxdata:speed>8.264</gpxdata:speed>
    </extensions>
   </trkpt>
   <trkpt lat="47.4284074" lon="6.6122378">
    <ele>325</ele>
    <time>2026-06-09T15:33:54Z</time>
    <extensions>
     <gpxdata:distance>4371.00</gpxdata:distance>
     <gpxdata:speed>8.139</gpxdata:speed>
    </extensions>
   </trkpt>
   <trkpt lat="47.4283753" lon="6.6123285">
    <ele>325</ele>
    <time>2026-06-09T15:33:55Z</time>
    <extensions>
     <gpxdata:distance>4379.00</gpxdata:distance>
     <gpxdata:speed>7.986</gpxdata:speed>
    </extensions>
   </trkpt>
   <trkpt lat="47.4283436" lon="6.6124180">
    <ele>325</ele>
    <time>2026-06-09T15:33:56Z</time>
    <extensions>
     <gpxdata:distance>4386.50</gpxdata:distance>
     <gpxdata:speed>7.858</gpxdata:speed>
    </extensions>
   </trkpt>
   <trkpt lat="47.4283119" lon="6.6125083">
    <ele>325</ele>
    <time>2026-06-09T15:33:57Z</time>
    <extensions>
     <gpxdata:distance>4394.00</gpxdata:distance>
     <gpxdata:speed>7.800</gpxdata:speed>
    </extensions>
   </trkpt>
   <trkpt lat="47.4282814" lon="6.6126002">
    <ele>325</ele>
    <time>2026-06-09T15:33:58Z</time>
    <extensions>
     <gpxdata:distance>4402.00</gpxdata:distance>
     <gpxdata:speed>7.775</gpxdata:speed>
    </extensions>
   </trkpt>
   <trkpt lat="47.4282538" lon="6.6126945">
    <ele>325</ele>
    <time>2026-06-09T15:33:59Z</time>
    <extensions>
     <gpxdata:distance>4410.00</gpxdata:distance>
     <gpxdata:speed>7.761</gpxdata:speed>
    </extensions>
   </trkpt>
   <trkpt lat="47.4282322" lon="6.6127902">
    <ele>325</ele>
    <time>2026-06-09T15:34:00Z</time>
    <extensions>
     <gpxdata:distance>4413.50</gpxdata:distance>
     <gpxdata:speed>7.761</gpxdata:speed>
    </extensions>
   </trkpt>
   <trkpt lat="47.4282160" lon="6.6128838">
    <ele>325</ele>
    <time>2026-06-09T15:34:01Z</time>
    <extensions>
     <gpxdata:distance>4417.00</gpxdata:distance>
     <gpxdata:speed>7.622</gpxdata:speed>
    </extensions>
   </trkpt>
   <trkpt lat="47.4281994" lon="6.6129685">
    <ele>325</ele>
    <time>2026-06-09T15:34:02Z</time>
    <extensions>
     <gpxdata:distance>4423.50</gpxdata:distance>
     <gpxdata:speed>6.714</gpxdata:speed>
    </extensions>
   </trkpt>
   <trkpt lat="47.4281769" lon="6.6130369">
    <ele>325</ele>
    <time>2026-06-09T15:34:03Z</time>
    <extensions>
     <gpxdata:distance>4430.00</gpxdata:distance>
     <gpxdata:speed>6.714</gpxdata:speed>
    </extensions>
   </trkpt>
   <trkpt lat="47.4281556" lon="6.6130674">
    <ele>325</ele>
    <time>2026-06-09T15:34:04Z</time>
    <extensions>
     <gpxdata:distance>4436.50</gpxdata:distance>
     <gpxdata:speed>5.075</gpxdata:speed>
    </extensions>
   </trkpt>
   <trkpt lat="47.4281257" lon="6.6130777">
    <ele>325</ele>
    <time>2026-06-09T15:34:05Z</time>
    <extensions>
     <gpxdata:distance>4443.00</gpxdata:distance>
     <gpxdata:speed>4.603</gpxdata:speed>
    </extensions>
   </trkpt>
   <trkpt lat="47.4280950" lon="6.6130639">
    <ele>326</ele>
    <time>2026-06-09T15:34:06Z</time>
    <extensions>
     <gpxdata:distance>4446.50</gpxdata:distance>
     <gpxdata:speed>4.325</gpxdata:speed>
    </extensions>
   </trkpt>
   <trkpt lat="47.4280660" lon="6.6130375">
    <ele>326</ele>
    <time>2026-06-09T15:34:07Z</time>
    <extensions>
     <gpxdata:distance>4450.00</gpxdata:distance>
     <gpxdata:speed>4.008</gpxdata:speed>
    </extensions>
   </trkpt>
   <trkpt lat="47.4280377" lon="6.6130078">
    <ele>326</ele>
    <time>2026-06-09T15:34:08Z</time>
    <extensions>
     <gpxdata:distance>4454.00</gpxdata:distance>
     <gpxdata:speed>3.856</gpxdata:speed>
    </extensions>
   </trkpt>
   <trkpt lat="47.4280092" lon="6.6129794">
    <ele>327</ele>
    <time>2026-06-09T15:34:09Z</time>
    <extensions>
     <gpxdata:distance>4458.00</gpxdata:distance>
     <gpxdata:speed>3.769</gpxdata:speed>
    </extensions>
   </trkpt>
   <trkpt lat="47.4279798" lon="6.6129574">
    <ele>327</ele>
    <time>2026-06-09T15:34:10Z</time>
    <extensions>
     <gpxdata:distance>4461.50</gpxdata:distance>
     <gpxdata:speed>3.650</gpxdata:speed>
    </extensions>
   </trkpt>
   <trkpt lat="47.4279490" lon="6.6129493">
    <ele>327</ele>
    <time>2026-06-09T15:34:11Z</time>
    <extensions>
     <gpxdata:distance>4465.00</gpxdata:distance>
     <gpxdata:speed>3.669</gpxdata:speed>
    </extensions>
   </trkpt>
   <trkpt lat="47.4279184" lon="6.6129619">
    <ele>328</ele>
    <time>2026-06-09T15:34:12Z</time>
    <extensions>
     <gpxdata:distance>4469.50</gpxdata:distance>
     <gpxdata:speed>3.964</gpxdata:speed>
    </extensions>
   </trkpt>
   <trkpt lat="47.4278910" lon="6.6129981">
    <ele>328</ele>
    <time>2026-06-09T15:34:13Z</time>
    <extensions>
     <gpxdata:distance>4474.00</gpxdata:distance>
     <gpxdata:speed>4.328</gpxdata:speed>
    </extensions>
   </trkpt>
   <trkpt lat="47.4278670" lon="6.6130554">
    <ele>328</ele>
    <time>2026-06-09T15:34:14Z</time>
    <extensions>
     <gpxdata:distance>4477.00</gpxdata:distance>
     <gpxdata:speed>5.311</gpxdata:speed>
    </extensions>
   </trkpt>
   <trkpt lat="47.4278446" lon="6.6131288">
    <ele>328</ele>
    <time>2026-06-09T15:34:15Z</time>
    <extensions>
     <gpxdata:distance>4480.00</gpxdata:distance>
     <gpxdata:speed>5.311</gpxdata:speed>
    </extensions>
   </trkpt>
   <trkpt lat="47.4278141" lon="6.6132394">
    <ele>328</ele>
    <time>2026-06-09T15:34:16Z</time>
    <extensions>
     <gpxdata:distance>4490.50</gpxdata:distance>
     <gpxdata:speed>6.636</gpxdata:speed>
    </extensions>
   </trkpt>
   <trkpt lat="47.4277868" lon="6.6133307">
    <ele>328</ele>
    <time>2026-06-09T15:34:17Z</time>
    <extensions>
     <gpxdata:distance>4501.00</gpxdata:distance>
     <gpxdata:speed>6.989</gpxdata:speed>
    </extensions>
   </trkpt>
   <trkpt lat="47.4277569" lon="6.6134190">
    <ele>327</ele>
    <time>2026-06-09T15:34:18Z</time>
    <extensions>
     <gpxdata:distance>4508.50</gpxdata:distance>
     <gpxdata:speed>7.186</gpxdata:speed>
    </extensions>
   </trkpt>
   <trkpt lat="47.4277245" lon="6.6135049">
    <ele>327</ele>
    <time>2026-06-09T15:34:19Z</time>
    <extensions>
     <gpxdata:distance>4516.00</gpxdata:distance>
     <gpxdata:speed>7.256</gpxdata:speed>
    </extensions>
   </trkpt>
   <trkpt lat="47.4276909" lon="6.6135897">
    <ele>327</ele>
    <time>2026-06-09T15:34:20Z</time>
    <extensions>
     <gpxdata:distance>4523.50</gpxdata:distance>
     <gpxdata:speed>7.317</gpxdata:speed>
    </extensions>
   </trkpt>
   <trkpt lat="47.4276575" lon="6.6136742">
    <ele>327</ele>
    <time>2026-06-09T15:34:21Z</time>
    <extensions>
     <gpxdata:distance>4531.00</gpxdata:distance>
     <gpxdata:speed>7.331</gpxdata:speed>
    </extensions>
   </trkpt>
   <trkpt lat="47.4276248" lon="6.6137587">
    <ele>327</ele>
    <time>2026-06-09T15:34:22Z</time>
    <extensions>
     <gpxdata:distance>4538.00</gpxdata:distance>
     <gpxdata:speed>7.322</gpxdata:speed>
    </extensions>
   </trkpt>
   <trkpt lat="47.4275929" lon="6.6138438">
    <ele>326</ele>
    <time>2026-06-09T15:34:23Z</time>
    <extensions>
     <gpxdata:distance>4545.00</gpxdata:distance>
     <gpxdata:speed>7.333</gpxdata:speed>
    </extensions>
   </trkpt>
   <trkpt lat="47.4275617" lon="6.6139300">
    <ele>326</ele>
    <time>2026-06-09T15:34:24Z</time>
    <extensions>
     <gpxdata:distance>4552.50</gpxdata:distance>
     <gpxdata:speed>7.367</gpxdata:speed>
    </extensions>
   </trkpt>
   <trkpt lat="47.4275307" lon="6.6140171">
    <ele>326</ele>
    <time>2026-06-09T15:34:25Z</time>
    <extensions>
     <gpxdata:distance>4560.00</gpxdata:distance>
     <gpxdata:speed>7.406</gpxdata:speed>
    </extensions>
   </trkpt>
   <trkpt lat="47.4275001" lon="6.6141050">
    <ele>326</ele>
    <time>2026-06-09T15:34:26Z</time>
    <extensions>
     <gpxdata:distance>4567.50</gpxdata:distance>
     <gpxdata:speed>7.439</gpxdata:speed>
    </extensions>
   </trkpt>
   <trkpt lat="47.4274712" lon="6.6141938">
    <ele>326</ele>
    <time>2026-06-09T15:34:27Z</time>
    <extensions>
     <gpxdata:distance>4575.00</gpxdata:distance>
     <gpxdata:speed>7.431</gpxdata:speed>
    </extensions>
   </trkpt>
   <trkpt lat="47.4274438" lon="6.6142832">
    <ele>326</ele>
    <time>2026-06-09T15:34:28Z</time>
    <extensions>
     <gpxdata:distance>4582.50</gpxdata:distance>
     <gpxdata:speed>7.411</gpxdata:speed>
    </extensions>
   </trkpt>
   <trkpt lat="47.4274167" lon="6.6143723">
    <ele>327</ele>
    <time>2026-06-09T15:34:29Z</time>
    <extensions>
     <gpxdata:distance>4590.00</gpxdata:distance>
     <gpxdata:speed>7.392</gpxdata:speed>
    </extensions>
   </trkpt>
   <trkpt lat="47.4273888" lon="6.6144610">
    <ele>327</ele>
    <time>2026-06-09T15:34:30Z</time>
    <extensions>
     <gpxdata:distance>4597.00</gpxdata:distance>
     <gpxdata:speed>7.389</gpxdata:speed>
    </extensions>
   </trkpt>
   <trkpt lat="47.4273606" lon="6.6145498">
    <ele>327</ele>
    <time>2026-06-09T15:34:31Z</time>
    <extensions>
     <gpxdata:distance>4604.00</gpxdata:distance>
     <gpxdata:speed>7.394</gpxdata:speed>
    </extensions>
   </trkpt>
   <trkpt lat="47.4273327" lon="6.6146391">
    <ele>327</ele>
    <time>2026-06-09T15:34:32Z</time>
    <extensions>
     <gpxdata:distance>4611.50</gpxdata:distance>
     <gpxdata:speed>7.400</gpxdata:speed>
    </extensions>
   </trkpt>
   <trkpt lat="47.4273050" lon="6.6147289">
    <ele>327</ele>
    <time>2026-06-09T15:34:33Z</time>
    <extensions>
     <gpxdata:distance>4619.00</gpxdata:distance>
     <gpxdata:speed>7.414</gpxdata:speed>
    </extensions>
   </trkpt>
   <trkpt lat="47.4272771" lon="6.6148187">
    <ele>327</ele>
    <time>2026-06-09T15:34:34Z</time>
    <extensions>
     <gpxdata:distance>4626.50</gpxdata:distance>
     <gpxdata:speed>7.422</gpxdata:speed>
    </extensions>
   </trkpt>
   <trkpt lat="47.4272489" lon="6.6149085">
    <ele>327</ele>
    <time>2026-06-09T15:34:35Z</time>
    <extensions>
     <gpxdata:distance>4634.00</gpxdata:distance>
     <gpxdata:speed>7.433</gpxdata:speed>
    </extensions>
   </trkpt>
   <trkpt lat="47.4272215" lon="6.6149990">
    <ele>326</ele>
    <time>2026-06-09T15:34:36Z</time>
    <extensions>
     <gpxdata:distance>4641.50</gpxdata:distance>
     <gpxdata:speed>7.444</gpxdata:speed>
    </extensions>
   </trkpt>
   <trkpt lat="47.4271953" lon="6.6150901">
    <ele>326</ele>
    <time>2026-06-09T15:34:37Z</time>
    <extensions>
     <gpxdata:distance>4649.00</gpxdata:distance>
     <gpxdata:speed>7.447</gpxdata:speed>
    </extensions>
   </trkpt>
   <trkpt lat="47.4271697" lon="6.6151819">
    <ele>326</ele>
    <time>2026-06-09T15:34:38Z</time>
    <extensions>
     <gpxdata:distance>4656.50</gpxdata:distance>
     <gpxdata:speed>7.458</gpxdata:speed>
    </extensions>
   </trkpt>
   <trkpt lat="47.4271438" lon="6.6152746">
    <ele>326</ele>
    <time>2026-06-09T15:34:39Z</time>
    <extensions>
     <gpxdata:distance>4664.00</gpxdata:distance>
     <gpxdata:speed>7.500</gpxdata:speed>
    </extensions>
   </trkpt>
   <trkpt lat="47.4271174" lon="6.6153678">
    <ele>326</ele>
    <time>2026-06-09T15:34:40Z</time>
    <extensions>
     <gpxdata:distance>4671.50</gpxdata:distance>
     <gpxdata:speed>7.542</gpxdata:speed>
    </extensions>
   </trkpt>
   <trkpt lat="47.4270903" lon="6.6154612">
    <ele>326</ele>
    <time>2026-06-09T15:34:41Z</time>
    <extensions>
     <gpxdata:distance>4679.00</gpxdata:distance>
     <gpxdata:speed>7.581</gpxdata:speed>
    </extensions>
   </trkpt>
   <trkpt lat="47.4270634" lon="6.6155550">
    <ele>326</ele>
    <time>2026-06-09T15:34:42Z</time>
    <extensions>
     <gpxdata:distance>4687.00</gpxdata:distance>
     <gpxdata:speed>7.611</gpxdata:speed>
    </extensions>
   </trkpt>
   <trkpt lat="47.4270369" lon="6.6156501">
    <ele>326</ele>
    <time>2026-06-09T15:34:43Z</time>
    <extensions>
     <gpxdata:distance>4695.00</gpxdata:distance>
     <gpxdata:speed>7.664</gpxdata:speed>
    </extensions>
   </trkpt>
   <trkpt lat="47.4270114" lon="6.6157469">
    <ele>326</ele>
    <time>2026-06-09T15:34:44Z</time>
    <extensions>
     <gpxdata:distance>4699.00</gpxdata:distance>
     <gpxdata:speed>7.725</gpxdata:speed>
    </extensions>
   </trkpt>
   <trkpt lat="47.4269866" lon="6.6158449">
    <ele>326</ele>
    <time>2026-06-09T15:34:45Z</time>
    <extensions>
     <gpxdata:distance>4703.00</gpxdata:distance>
     <gpxdata:speed>7.725</gpxdata:speed>
    </extensions>
   </trkpt>
   <trkpt lat="47.4269615" lon="6.6159434">
    <ele>326</ele>
    <time>2026-06-09T15:34:46Z</time>
    <extensions>
     <gpxdata:distance>4715.00</gpxdata:distance>
     <gpxdata:speed>7.836</gpxdata:speed>
    </extensions>
   </trkpt>
   <trkpt lat="47.4269366" lon="6.6160423">
    <ele>326</ele>
    <time>2026-06-09T15:34:47Z</time>
    <extensions>
     <gpxdata:distance>4727.00</gpxdata:distance>
     <gpxdata:speed>7.875</gpxdata:speed>
    </extensions>
   </trkpt>
   <trkpt lat="47.4269116" lon="6.6161413">
    <ele>326</ele>
    <time>2026-06-09T15:34:48Z</time>
    <extensions>
     <gpxdata:distance>4735.00</gpxdata:distance>
     <gpxdata:speed>7.908</gpxdata:speed>
    </extensions>
   </trkpt>
   <trkpt lat="47.4268862" lon="6.6162402">
    <ele>326</ele>
    <time>2026-06-09T15:34:49Z</time>
    <extensions>
     <gpxdata:distance>4743.00</gpxdata:distance>
     <gpxdata:speed>7.931</gpxdata:speed>
    </extensions>
   </trkpt>
   <trkpt lat="47.4268604" lon="6.6163391">
    <ele>326</ele>
    <time>2026-06-09T15:34:50Z</time>
    <extensions>
     <gpxdata:distance>4751.00</gpxdata:distance>
     <gpxdata:speed>7.950</gpxdata:speed>
    </extensions>
   </trkpt>
   <trkpt lat="47.4268355" lon="6.6164385">
    <ele>326</ele>
    <time>2026-06-09T15:34:51Z</time>
    <extensions>
     <gpxdata:distance>4759.00</gpxdata:distance>
     <gpxdata:speed>7.964</gpxdata:speed>
    </extensions>
   </trkpt>
   <trkpt lat="47.4268114" lon="6.6165378">
    <ele>326</ele>
    <time>2026-06-09T15:34:52Z</time>
    <extensions>
     <gpxdata:distance>4766.50</gpxdata:distance>
     <gpxdata:speed>7.956</gpxdata:speed>
    </extensions>
   </trkpt>
   <trkpt lat="47.4267876" lon="6.6166367">
    <ele>326</ele>
    <time>2026-06-09T15:34:53Z</time>
    <extensions>
     <gpxdata:distance>4774.00</gpxdata:distance>
     <gpxdata:speed>7.936</gpxdata:speed>
    </extensions>
   </trkpt>
   <trkpt lat="47.4267647" lon="6.6167359">
    <ele>326</ele>
    <time>2026-06-09T15:34:54Z</time>
    <extensions>
     <gpxdata:distance>4782.00</gpxdata:distance>
     <gpxdata:speed>7.922</gpxdata:speed>
    </extensions>
   </trkpt>
   <trkpt lat="47.4267425" lon="6.6168354">
    <ele>326</ele>
    <time>2026-06-09T15:34:55Z</time>
    <extensions>
     <gpxdata:distance>4790.00</gpxdata:distance>
     <gpxdata:speed>7.914</gpxdata:speed>
    </extensions>
   </trkpt>
   <trkpt lat="47.4267203" lon="6.6169354">
    <ele>326</ele>
    <time>2026-06-09T15:34:56Z</time>
    <extensions>
     <gpxdata:distance>4798.00</gpxdata:distance>
     <gpxdata:speed>7.919</gpxdata:speed>
    </extensions>
   </trkpt>
   <trkpt lat="47.4266978" lon="6.6170357">
    <ele>326</ele>
    <time>2026-06-09T15:34:57Z</time>
    <extensions>
     <gpxdata:distance>4806.00</gpxdata:distance>
     <gpxdata:speed>7.933</gpxdata:speed>
    </extensions>
   </trkpt>
   <trkpt lat="47.4266757" lon="6.6171363">
    <ele>326</ele>
    <time>2026-06-09T15:34:58Z</time>
    <extensions>
     <gpxdata:distance>4814.00</gpxdata:distance>
     <gpxdata:speed>7.944</gpxdata:speed>
    </extensions>
   </trkpt>
   <trkpt lat="47.4266543" lon="6.6172366">
    <ele>326</ele>
    <time>2026-06-09T15:34:59Z</time>
    <extensions>
     <gpxdata:distance>4822.00</gpxdata:distance>
     <gpxdata:speed>7.931</gpxdata:speed>
    </extensions>
   </trkpt>
   <trkpt lat="47.4266333" lon="6.6173366">
    <ele>326</ele>
    <time>2026-06-09T15:35:00Z</time>
    <extensions>
     <gpxdata:distance>4830.00</gpxdata:distance>
     <gpxdata:speed>7.914</gpxdata:speed>
    </extensions>
   </trkpt>
   <trkpt lat="47.4266122" lon="6.6174364">
    <ele>326</ele>
    <time>2026-06-09T15:35:01Z</time>
    <extensions>
     <gpxdata:distance>4838.00</gpxdata:distance>
     <gpxdata:speed>7.900</gpxdata:speed>
    </extensions>
   </trkpt>
   <trkpt lat="47.4265906" lon="6.6175362">
    <ele>326</ele>
    <time>2026-06-09T15:35:02Z</time>
    <extensions>
     <gpxdata:distance>4845.50</gpxdata:distance>
     <gpxdata:speed>7.900</gpxdata:speed>
    </extensions>
   </trkpt>
   <trkpt lat="47.4265688" lon="6.6176361">
    <ele>326</ele>
    <time>2026-06-09T15:35:03Z</time>
    <extensions>
     <gpxdata:distance>4853.00</gpxdata:distance>
     <gpxdata:speed>7.900</gpxdata:speed>
    </extensions>
   </trkpt>
   <trkpt lat="47.4265473" lon="6.6177362">
    <ele>326</ele>
    <time>2026-06-09T15:35:04Z</time>
    <extensions>
     <gpxdata:distance>4861.00</gpxdata:distance>
     <gpxdata:speed>7.906</gpxdata:speed>
    </extensions>
   </trkpt>
   <trkpt lat="47.4265268" lon="6.6178368">
    <ele>326</ele>
    <time>2026-06-09T15:35:05Z</time>
    <extensions>
     <gpxdata:distance>4869.00</gpxdata:distance>
     <gpxdata:speed>7.908</gpxdata:speed>
    </extensions>
   </trkpt>
   <trkpt lat="47.4265071" lon="6.6179380">
    <ele>326</ele>
    <time>2026-06-09T15:35:06Z</time>
    <extensions>
     <gpxdata:distance>4877.00</gpxdata:distance>
     <gpxdata:speed>7.914</gpxdata:speed>
    </extensions>
   </trkpt>
   <trkpt lat="47.4264878" lon="6.6180394">
    <ele>326</ele>
    <time>2026-06-09T15:35:07Z</time>
    <extensions>
     <gpxdata:distance>4885.00</gpxdata:distance>
     <gpxdata:speed>7.919</gpxdata:speed>
    </extensions>
   </trkpt>
   <trkpt lat="47.4264690" lon="6.6181411">
    <ele>326</ele>
    <time>2026-06-09T15:35:08Z</time>
    <extensions>
     <gpxdata:distance>4893.00</gpxdata:distance>
     <gpxdata:speed>7.928</gpxdata:speed>
    </extensions>
   </trkpt>
   <trkpt lat="47.4264507" lon="6.6182430">
    <ele>326</ele>
    <time>2026-06-09T15:35:09Z</time>
    <extensions>
     <gpxdata:distance>4901.00</gpxdata:distance>
     <gpxdata:speed>7.931</gpxdata:speed>
    </extensions>
   </trkpt>
   <trkpt lat="47.4264336" lon="6.6183458">
    <ele>326</ele>
    <time>2026-06-09T15:35:10Z</time>
    <extensions>
     <gpxdata:distance>4909.00</gpxdata:distance>
     <gpxdata:speed>7.944</gpxdata:speed>
    </extensions>
   </trkpt>
   <trkpt lat="47.4264174" lon="6.6184487">
    <ele>326</ele>
    <time>2026-06-09T15:35:11Z</time>
    <extensions>
     <gpxdata:distance>4917.00</gpxdata:distance>
     <gpxdata:speed>7.947</gpxdata:speed>
    </extensions>
   </trkpt>
   <trkpt lat="47.4264021" lon="6.6185515">
    <ele>326</ele>
    <time>2026-06-09T15:35:12Z</time>
    <extensions>
     <gpxdata:distance>4925.00</gpxdata:distance>
     <gpxdata:speed>7.936</gpxdata:speed>
    </extensions>
   </trkpt>
   <trkpt lat="47.4263880" lon="6.6186540">
    <ele>326</ele>
    <time>2026-06-09T15:35:13Z</time>
    <extensions>
     <gpxdata:distance>4933.00</gpxdata:distance>
     <gpxdata:speed>7.914</gpxdata:speed>
    </extensions>
   </trkpt>
   <trkpt lat="47.4263748" lon="6.6187552">
    <ele>326</ele>
    <time>2026-06-09T15:35:14Z</time>
    <extensions>
     <gpxdata:distance>4936.50</gpxdata:distance>
     <gpxdata:speed>7.856</gpxdata:speed>
    </extensions>
   </trkpt>
   <trkpt lat="47.4263617" lon="6.6188540">
    <ele>326</ele>
    <time>2026-06-09T15:35:15Z</time>
    <extensions>
     <gpxdata:distance>4940.00</gpxdata:distance>
     <gpxdata:speed>7.856</gpxdata:speed>
    </extensions>
   </trkpt>
   <trkpt lat="47.4263490" lon="6.6189500">
    <ele>326</ele>
    <time>2026-06-09T15:35:16Z</time>
    <extensions>
     <gpxdata:distance>4951.00</gpxdata:distance>
     <gpxdata:speed>7.611</gpxdata:speed>
    </extensions>
   </trkpt>
   <trkpt lat="47.4263376" lon="6.6190438">
    <ele>326</ele>
    <time>2026-06-09T15:35:17Z</time>
    <extensions>
     <gpxdata:distance>4962.00</gpxdata:distance>
     <gpxdata:speed>7.453</gpxdata:speed>
    </extensions>
   </trkpt>
   <trkpt lat="47.4263273" lon="6.6191368">
    <ele>326</ele>
    <time>2026-06-09T15:35:18Z</time>
    <extensions>
     <gpxdata:distance>4969.50</gpxdata:distance>
     <gpxdata:speed>7.328</gpxdata:speed>
    </extensions>
   </trkpt>
   <trkpt lat="47.4263171" lon="6.6192312">
    <ele>326</ele>
    <time>2026-06-09T15:35:19Z</time>
    <extensions>
     <gpxdata:distance>4977.00</gpxdata:distance>
     <gpxdata:speed>7.283</gpxdata:speed>
    </extensions>
   </trkpt>
   <trkpt lat="47.4263065" lon="6.6193280">
    <ele>326</ele>
    <time>2026-06-09T15:35:20Z</time>
    <extensions>
     <gpxdata:distance>4984.50</gpxdata:distance>
     <gpxdata:speed>7.369</gpxdata:speed>
    </extensions>
   </trkpt>
   <trkpt lat="47.4262956" lon="6.6194271">
    <ele>326</ele>
    <time>2026-06-09T15:35:21Z</time>
    <extensions>
     <gpxdata:distance>4992.00</gpxdata:distance>
     <gpxdata:speed>7.461</gpxdata:speed>
    </extensions>
   </trkpt>
   <trkpt lat="47.4262850" lon="6.6195276">
    <ele>326</ele>
    <time>2026-06-09T15:35:22Z</time>
    <extensions>
     <gpxdata:distance>4999.50</gpxdata:distance>
     <gpxdata:speed>7.525</gpxdata:speed>
    </extensions>
   </trkpt>
   <trkpt lat="47.4262748" lon="6.6196291">
    <ele>326</ele>
    <time>2026-06-09T15:35:23Z</time>
    <extensions>
     <gpxdata:distance>5007.00</gpxdata:distance>
     <gpxdata:speed>7.589</gpxdata:speed>
    </extensions>
   </trkpt>
   <trkpt lat="47.4262657" lon="6.6197315">
    <ele>326</ele>
    <time>2026-06-09T15:35:24Z</time>
    <extensions>
     <gpxdata:distance>5015.00</gpxdata:distance>
     <gpxdata:speed>7.650</gpxdata:speed>
    </extensions>
   </trkpt>
   <trkpt lat="47.4262585" lon="6.6198349">
    <ele>326</ele>
    <time>2026-06-09T15:35:25Z</time>
    <extensions>
     <gpxdata:distance>5023.00</gpxdata:distance>
     <gpxdata:speed>7.708</gpxdata:speed>
    </extensions>
   </trkpt>
   <trkpt lat="47.4262519" lon="6.6199386">
    <ele>326</ele>
    <time>2026-06-09T15:35:26Z</time>
    <extensions>
     <gpxdata:distance>5030.50</gpxdata:distance>
     <gpxdata:speed>7.756</gpxdata:speed>
    </extensions>
   </trkpt>
   <trkpt lat="47.4262461" lon="6.6200421">
    <ele>326</ele>
    <time>2026-06-09T15:35:27Z</time>
    <extensions>
     <gpxdata:distance>5038.00</gpxdata:distance>
     <gpxdata:speed>7.778</gpxdata:speed>
    </extensions>
   </trkpt>
   <trkpt lat="47.4262414" lon="6.6201457">
    <ele>326</ele>
    <time>2026-06-09T15:35:28Z</time>
    <extensions>
     <gpxdata:distance>5046.00</gpxdata:distance>
     <gpxdata:speed>7.800</gpxdata:speed>
    </extensions>
   </trkpt>
   <trkpt lat="47.4262370" lon="6.6202497">
    <ele>326</ele>
    <time>2026-06-09T15:35:29Z</time>
    <extensions>
     <gpxdata:distance>5054.00</gpxdata:distance>
     <gpxdata:speed>7.825</gpxdata:speed>
    </extensions>
   </trkpt>
   <trkpt lat="47.4262334" lon="6.6203537">
    <ele>326</ele>
    <time>2026-06-09T15:35:30Z</time>
    <extensions>
     <gpxdata:distance>5062.00</gpxdata:distance>
     <gpxdata:speed>7.833</gpxdata:speed>
    </extensions>
   </trkpt>
   <trkpt lat="47.4262310" lon="6.6204573">
    <ele>326</ele>
    <time>2026-06-09T15:35:31Z</time>
    <extensions>
     <gpxdata:distance>5070.00</gpxdata:distance>
     <gpxdata:speed>7.822</gpxdata:speed>
    </extensions>
   </trkpt>
   <trkpt lat="47.4262290" lon="6.6205608">
    <ele>327</ele>
    <time>2026-06-09T15:35:32Z</time>
    <extensions>
     <gpxdata:distance>5077.50</gpxdata:distance>
     <gpxdata:speed>7.814</gpxdata:speed>
    </extensions>
   </trkpt>
   <trkpt lat="47.4262272" lon="6.6206647">
    <ele>327</ele>
    <time>2026-06-09T15:35:33Z</time>
    <extensions>
     <gpxdata:distance>5085.00</gpxdata:distance>
     <gpxdata:speed>7.822</gpxdata:speed>
    </extensions>
   </trkpt>
   <trkpt lat="47.4262265" lon="6.6207690">
    <ele>327</ele>
    <time>2026-06-09T15:35:34Z</time>
    <extensions>
     <gpxdata:distance>5093.00</gpxdata:distance>
     <gpxdata:speed>7.839</gpxdata:speed>
    </extensions>
   </trkpt>
   <trkpt lat="47.4262273" lon="6.6208733">
    <ele>327</ele>
    <time>2026-06-09T15:35:35Z</time>
    <extensions>
     <gpxdata:distance>5101.00</gpxdata:distance>
     <gpxdata:speed>7.842</gpxdata:speed>
    </extensions>
   </trkpt>
   <trkpt lat="47.4262290" lon="6.6209774">
    <ele>327</ele>
    <time>2026-06-09T15:35:36Z</time>
    <extensions>
     <gpxdata:distance>5109.00</gpxdata:distance>
     <gpxdata:speed>7.839</gpxdata:speed>
    </extensions>
   </trkpt>
   <trkpt lat="47.4262312" lon="6.6210809">
    <ele>327</ele>
    <time>2026-06-09T15:35:37Z</time>
    <extensions>
     <gpxdata:distance>5117.00</gpxdata:distance>
     <gpxdata:speed>7.822</gpxdata:speed>
    </extensions>
   </trkpt>
   <trkpt lat="47.4262334" lon="6.6211845">
    <ele>327</ele>
    <time>2026-06-09T15:35:38Z</time>
    <extensions>
     <gpxdata:distance>5124.50</gpxdata:distance>
     <gpxdata:speed>7.819</gpxdata:speed>
    </extensions>
   </trkpt>
   <trkpt lat="47.4262354" lon="6.6212884">
    <ele>326</ele>
    <time>2026-06-09T15:35:39Z</time>
    <extensions>
     <gpxdata:distance>5132.00</gpxdata:distance>
     <gpxdata:speed>7.825</gpxdata:speed>
    </extensions>
   </trkpt>
   <trkpt lat="47.4262377" lon="6.6213922">
    <ele>327</ele>
    <time>2026-06-09T15:35:40Z</time>
    <extensions>
     <gpxdata:distance>5140.00</gpxdata:distance>
     <gpxdata:speed>7.822</gpxdata:speed>
    </extensions>
   </trkpt>
   <trkpt lat="47.4262411" lon="6.6214958">
    <ele>327</ele>
    <time>2026-06-09T15:35:41Z</time>
    <extensions>
     <gpxdata:distance>5148.00</gpxdata:distance>
     <gpxdata:speed>7.817</gpxdata:speed>
    </extensions>
   </trkpt>
   <trkpt lat="47.4262457" lon="6.6215991">
    <ele>327</ele>
    <time>2026-06-09T15:35:42Z</time>
    <extensions>
     <gpxdata:distance>5156.00</gpxdata:distance>
     <gpxdata:speed>7.811</gpxdata:speed>
    </extensions>
   </trkpt>
   <trkpt lat="47.4262514" lon="6.6217022">
    <ele>327</ele>
    <time>2026-06-09T15:35:43Z</time>
    <extensions>
     <gpxdata:distance>5164.00</gpxdata:distance>
     <gpxdata:speed>7.803</gpxdata:speed>
    </extensions>
   </trkpt>
   <trkpt lat="47.4262576" lon="6.6218054">
    <ele>327</ele>
    <time>2026-06-09T15:35:44Z</time>
    <extensions>
     <gpxdata:distance>5167.50</gpxdata:distance>
     <gpxdata:speed>7.803</gpxdata:speed>
    </extensions>
   </trkpt>
   <trkpt lat="47.4262638" lon="6.6219084">
    <ele>327</ele>
    <time>2026-06-09T15:35:45Z</time>
    <extensions>
     <gpxdata:distance>5171.00</gpxdata:distance>
     <gpxdata:speed>7.803</gpxdata:speed>
    </extensions>
   </trkpt>
   <trkpt lat="47.4262696" lon="6.6220099">
    <ele>327</ele>
    <time>2026-06-09T15:35:46Z</time>
    <extensions>
     <gpxdata:distance>5182.50</gpxdata:distance>
     <gpxdata:speed>7.742</gpxdata:speed>
    </extensions>
   </trkpt>
   <trkpt lat="47.4262758" lon="6.6221091">
    <ele>327</ele>
    <time>2026-06-09T15:35:47Z</time>
    <extensions>
     <gpxdata:distance>5194.00</gpxdata:distance>
     <gpxdata:speed>7.650</gpxdata:speed>
    </extensions>
   </trkpt>
   <trkpt lat="47.4262824" lon="6.6222059">
    <ele>327</ele>
    <time>2026-06-09T15:35:48Z</time>
    <extensions>
     <gpxdata:distance>5201.50</gpxdata:distance>
     <gpxdata:speed>7.533</gpxdata:speed>
    </extensions>
   </trkpt>
   <trkpt lat="47.4262890" lon="6.6223013">
    <ele>327</ele>
    <time>2026-06-09T15:35:49Z</time>
    <extensions>
     <gpxdata:distance>5209.00</gpxdata:distance>
     <gpxdata:speed>7.422</gpxdata:speed>
    </extensions>
   </trkpt>
   <trkpt lat="47.4262958" lon="6.6223969">
    <ele>327</ele>
    <time>2026-06-09T15:35:50Z</time>
    <extensions>
     <gpxdata:distance>5216.00</gpxdata:distance>
     <gpxdata:speed>7.364</gpxdata:speed>
    </extensions>
   </trkpt>
   <trkpt lat="47.4263035" lon="6.6224938">
    <ele>327</ele>
    <time>2026-06-09T15:35:51Z</time>
    <extensions>
     <gpxdata:distance>5223.00</gpxdata:distance>
     <gpxdata:speed>7.364</gpxdata:speed>
    </extensions>
   </trkpt>
   <trkpt lat="47.4263121" lon="6.6225917">
    <ele>327</ele>
    <time>2026-06-09T15:35:52Z</time>
    <extensions>
     <gpxdata:distance>5230.50</gpxdata:distance>
     <gpxdata:speed>7.386</gpxdata:speed>
    </extensions>
   </trkpt>
   <trkpt lat="47.4263214" lon="6.6226899">
    <ele>327</ele>
    <time>2026-06-09T15:35:53Z</time>
    <extensions>
     <gpxdata:distance>5238.00</gpxdata:distance>
     <gpxdata:speed>7.411</gpxdata:speed>
    </extensions>
   </trkpt>
   <trkpt lat="47.4263308" lon="6.6227887">
    <ele>327</ele>
    <time>2026-06-09T15:35:54Z</time>
    <extensions>
     <gpxdata:distance>5245.50</gpxdata:distance>
     <gpxdata:speed>7.436</gpxdata:speed>
    </extensions>
   </trkpt>
   <trkpt lat="47.4263396" lon="6.6228877">
    <ele>327</ele>
    <time>2026-06-09T15:35:55Z</time>
    <extensions>
     <gpxdata:distance>5253.00</gpxdata:distance>
     <gpxdata:speed>7.458</gpxdata:speed>
    </extensions>
   </trkpt>
   <trkpt lat="47.4263474" lon="6.6229871">
    <ele>327</ele>
    <time>2026-06-09T15:35:56Z</time>
    <extensions>
     <gpxdata:distance>5261.00</gpxdata:distance>
     <gpxdata:speed>7.483</gpxdata:speed>
    </extensions>
   </trkpt>
   <trkpt lat="47.4263551" lon="6.6230875">
    <ele>327</ele>
    <time>2026-06-09T15:35:57Z</time>
    <extensions>
     <gpxdata:distance>5269.00</gpxdata:distance>
     <gpxdata:speed>7.531</gpxdata:speed>
    </extensions>
   </trkpt>
   <trkpt lat="47.4263634" lon="6.6231886">
    <ele>327</ele>
    <time>2026-06-09T15:35:58Z</time>
    <extensions>
     <gpxdata:distance>5276.50</gpxdata:distance>
     <gpxdata:speed>7.581</gpxdata:speed>
    </extensions>
   </trkpt>
   <trkpt lat="47.4263723" lon="6.6232906">
    <ele>327</ele>
    <time>2026-06-09T15:35:59Z</time>
    <extensions>
     <gpxdata:distance>5284.00</gpxdata:distance>
     <gpxdata:speed>7.647</gpxdata:speed>
    </extensions>
   </trkpt>
   <trkpt lat="47.4263823" lon="6.6233932">
    <ele>327</ele>
    <time>2026-06-09T15:36:00Z</time>
    <extensions>
     <gpxdata:distance>5292.00</gpxdata:distance>
     <gpxdata:speed>7.706</gpxdata:speed>
    </extensions>
   </trkpt>
   <trkpt lat="47.4263933" lon="6.6234960">
    <ele>327</ele>
    <time>2026-06-09T15:36:01Z</time>
    <extensions>
     <gpxdata:distance>5300.00</gpxdata:distance>
     <gpxdata:speed>7.753</gpxdata:speed>
    </extensions>
   </trkpt>
   <trkpt lat="47.4264051" lon="6.6235988">
    <ele>327</ele>
    <time>2026-06-09T15:36:02Z</time>
    <extensions>
     <gpxdata:distance>5307.50</gpxdata:distance>
     <gpxdata:speed>7.786</gpxdata:speed>
    </extensions>
   </trkpt>
   <trkpt lat="47.4264175" lon="6.6237013">
    <ele>327</ele>
    <time>2026-06-09T15:36:03Z</time>
    <extensions>
     <gpxdata:distance>5315.00</gpxdata:distance>
     <gpxdata:speed>7.808</gpxdata:speed>
    </extensions>
   </trkpt>
   <trkpt lat="47.4264305" lon="6.6238039">
    <ele>327</ele>
    <time>2026-06-09T15:36:04Z</time>
    <extensions>
     <gpxdata:distance>5323.00</gpxdata:distance>
     <gpxdata:speed>7.831</gpxdata:speed>
    </extensions>
   </trkpt>
   <trkpt lat="47.4264438" lon="6.6239071">
    <ele>327</ele>
    <time>2026-06-09T15:36:05Z</time>
    <extensions>
     <gpxdata:distance>5331.00</gpxdata:distance>
     <gpxdata:speed>7.864</gpxdata:speed>
    </extensions>
   </trkpt>
   <trkpt lat="47.4264573" lon="6.6240108">
    <ele>327</ele>
    <time>2026-06-09T15:36:06Z</time>
    <extensions>
     <gpxdata:distance>5339.00</gpxdata:distance>
     <gpxdata:speed>7.900</gpxdata:speed>
    </extensions>
   </trkpt>
   <trkpt lat="47.4264710" lon="6.6241146">
    <ele>327</ele>
    <time>2026-06-09T15:36:07Z</time>
    <extensions>
     <gpxdata:distance>5347.00</gpxdata:distance>
     <gpxdata:speed>7.922</gpxdata:speed>
    </extensions>
   </trkpt>
   <trkpt lat="47.4264849" lon="6.6242180">
    <ele>327</ele>
    <time>2026-06-09T15:36:08Z</time>
    <extensions>
     <gpxdata:distance>5355.00</gpxdata:distance>
     <gpxdata:speed>7.928</gpxdata:speed>
    </extensions>
   </trkpt>
   <trkpt lat="47.4264991" lon="6.6243210">
    <ele>327</ele>
    <time>2026-06-09T15:36:09Z</time>
    <extensions>
     <gpxdata:distance>5363.00</gpxdata:distance>
     <gpxdata:speed>7.925</gpxdata:speed>
    </extensions>
   </trkpt>
   <trkpt lat="47.4265134" lon="6.6244239">
    <ele>327</ele>
    <time>2026-06-09T15:36:10Z</time>
    <extensions>
     <gpxdata:distance>5371.00</gpxdata:distance>
     <gpxdata:speed>7.919</gpxdata:speed>
    </extensions>
   </trkpt>
   <trkpt lat="47.4265280" lon="6.6245264">
    <ele>327</ele>
    <time>2026-06-09T15:36:11Z</time>
    <extensions>
     <gpxdata:distance>5379.00</gpxdata:distance>
     <gpxdata:speed>7.908</gpxdata:speed>
    </extensions>
   </trkpt>
   <trkpt lat="47.4265434" lon="6.6246287">
    <ele>326</ele>
    <time>2026-06-09T15:36:12Z</time>
    <extensions>
     <gpxdata:distance>5387.00</gpxdata:distance>
     <gpxdata:speed>7.903</gpxdata:speed>
    </extensions>
   </trkpt>
   <trkpt lat="47.4265592" lon="6.6247308">
    <ele>326</ele>
    <time>2026-06-09T15:36:13Z</time>
    <extensions>
     <gpxdata:distance>5395.00</gpxdata:distance>
     <gpxdata:speed>7.900</gpxdata:speed>
    </extensions>
   </trkpt>
   <trkpt lat="47.4265749" lon="6.6248324">
    <ele>326</ele>
    <time>2026-06-09T15:36:14Z</time>
    <extensions>
     <gpxdata:distance>5398.50</gpxdata:distance>
     <gpxdata:speed>7.878</gpxdata:speed>
    </extensions>
   </trkpt>
   <trkpt lat="47.4265914" lon="6.6249333">
    <ele>326</ele>
    <time>2026-06-09T15:36:15Z</time>
    <extensions>
     <gpxdata:distance>5402.00</gpxdata:distance>
     <gpxdata:speed>7.878</gpxdata:speed>
    </extensions>
   </trkpt>
   <trkpt lat="47.4266088" lon="6.6250334">
    <ele>326</ele>
    <time>2026-06-09T15:36:16Z</time>
    <extensions>
     <gpxdata:distance>5414.00</gpxdata:distance>
     <gpxdata:speed>7.831</gpxdata:speed>
    </extensions>
   </trkpt>
   <trkpt lat="47.4266270" lon="6.6251330">
    <ele>326</ele>
    <time>2026-06-09T15:36:17Z</time>
    <extensions>
     <gpxdata:distance>5426.00</gpxdata:distance>
     <gpxdata:speed>7.808</gpxdata:speed>
    </extensions>
   </trkpt>
   <trkpt lat="47.4266458" lon="6.6252324">
    <ele>326</ele>
    <time>2026-06-09T15:36:18Z</time>
    <extensions>
     <gpxdata:distance>5433.50</gpxdata:distance>
     <gpxdata:speed>7.797</gpxdata:speed>
    </extensions>
   </trkpt>
   <trkpt lat="47.4266647" lon="6.6253319">
    <ele>326</ele>
    <time>2026-06-09T15:36:19Z</time>
    <extensions>
     <gpxdata:distance>5441.00</gpxdata:distance>
     <gpxdata:speed>7.792</gpxdata:speed>
    </extensions>
   </trkpt>
   <trkpt lat="47.4266838" lon="6.6254312">
    <ele>326</ele>
    <time>2026-06-09T15:36:20Z</time>
    <extensions>
     <gpxdata:distance>5449.00</gpxdata:distance>
     <gpxdata:speed>7.786</gpxdata:speed>
    </extensions>
   </trkpt>
   <trkpt lat="47.4267034" lon="6.6255306">
    <ele>326</ele>
    <time>2026-06-09T15:36:21Z</time>
    <extensions>
     <gpxdata:distance>5457.00</gpxdata:distance>
     <gpxdata:speed>7.789</gpxdata:speed>
    </extensions>
   </trkpt>
   <trkpt lat="47.4267232" lon="6.6256296">
    <ele>326</ele>
    <time>2026-06-09T15:36:22Z</time>
    <extensions>
     <gpxdata:distance>5464.50</gpxdata:distance>
     <gpxdata:speed>7.781</gpxdata:speed>
    </extensions>
   </trkpt>
   <trkpt lat="47.4267432" lon="6.6257278">
    <ele>326</ele>
    <time>2026-06-09T15:36:23Z</time>
    <extensions>
     <gpxdata:distance>5472.00</gpxdata:distance>
     <gpxdata:speed>7.756</gpxdata:speed>
    </extensions>
   </trkpt>
   <trkpt lat="47.4267633" lon="6.6258256">
    <ele>326</ele>
    <time>2026-06-09T15:36:24Z</time>
    <extensions>
     <gpxdata:distance>5480.00</gpxdata:distance>
     <gpxdata:speed>7.736</gpxdata:speed>
    </extensions>
   </trkpt>
   <trkpt lat="47.4267835" lon="6.6259229">
    <ele>326</ele>
    <time>2026-06-09T15:36:25Z</time>
    <extensions>
     <gpxdata:distance>5488.00</gpxdata:distance>
     <gpxdata:speed>7.711</gpxdata:speed>
    </extensions>
   </trkpt>
   <trkpt lat="47.4268040" lon="6.6260196">
    <ele>326</ele>
    <time>2026-06-09T15:36:26Z</time>
    <extensions>
     <gpxdata:distance>5495.50</gpxdata:distance>
     <gpxdata:speed>7.683</gpxdata:speed>
    </extensions>
   </trkpt>
   <trkpt lat="47.4268253" lon="6.6261154">
    <ele>326</ele>
    <time>2026-06-09T15:36:27Z</time>
    <extensions>
     <gpxdata:distance>5503.00</gpxdata:distance>
     <gpxdata:speed>7.653</gpxdata:speed>
    </extensions>
   </trkpt>
   <trkpt lat="47.4268472" lon="6.6262110">
    <ele>326</ele>
    <time>2026-06-09T15:36:28Z</time>
    <extensions>
     <gpxdata:distance>5510.50</gpxdata:distance>
     <gpxdata:speed>7.639</gpxdata:speed>
    </extensions>
   </trkpt>
   <trkpt lat="47.4268701" lon="6.6263066">
    <ele>326</ele>
    <time>2026-06-09T15:36:29Z</time>
    <extensions>
     <gpxdata:distance>5518.00</gpxdata:distance>
     <gpxdata:speed>7.636</gpxdata:speed>
    </extensions>
   </trkpt>
   <trkpt lat="47.4268934" lon="6.6264021">
    <ele>326</ele>
    <time>2026-06-09T15:36:30Z</time>
    <extensions>
     <gpxdata:distance>5525.50</gpxdata:distance>
     <gpxdata:speed>7.642</gpxdata:speed>
    </extensions>
   </trkpt>
   <trkpt lat="47.4269172" lon="6.6264979">
    <ele>327</ele>
    <time>2026-06-09T15:36:31Z</time>
    <extensions>
     <gpxdata:distance>5533.00</gpxdata:distance>
     <gpxdata:speed>7.656</gpxdata:speed>
    </extensions>
   </trkpt>
   <trkpt lat="47.4269414" lon="6.6265940">
    <ele>327</ele>
    <time>2026-06-09T15:36:32Z</time>
    <extensions>
     <gpxdata:distance>5541.00</gpxdata:distance>
     <gpxdata:speed>7.681</gpxdata:speed>
    </extensions>
   </trkpt>
   <trkpt lat="47.4269657" lon="6.6266904">
    <ele>327</ele>
    <time>2026-06-09T15:36:33Z</time>
    <extensions>
     <gpxdata:distance>5549.00</gpxdata:distance>
     <gpxdata:speed>7.703</gpxdata:speed>
    </extensions>
   </trkpt>
   <trkpt lat="47.4269899" lon="6.6267872">
    <ele>327</ele>
    <time>2026-06-09T15:36:34Z</time>
    <extensions>
     <gpxdata:distance>5556.50</gpxdata:distance>
     <gpxdata:speed>7.722</gpxdata:speed>
    </extensions>
   </trkpt>
   <trkpt lat="47.4270151" lon="6.6268832">
    <ele>327</ele>
    <time>2026-06-09T15:36:35Z</time>
    <extensions>
     <gpxdata:distance>5564.00</gpxdata:distance>
     <gpxdata:speed>7.731</gpxdata:speed>
    </extensions>
   </trkpt>
   <trkpt lat="47.4270420" lon="6.6269778">
    <ele>327</ele>
    <time>2026-06-09T15:36:36Z</time>
    <extensions>
     <gpxdata:distance>5572.00</gpxdata:distance>
     <gpxdata:speed>7.731</gpxdata:speed>
    </extensions>
   </trkpt>
   <trkpt lat="47.4270709" lon="6.6270714">
    <ele>327</ele>
    <time>2026-06-09T15:36:37Z</time>
    <extensions>
     <gpxdata:distance>5580.00</gpxdata:distance>
     <gpxdata:speed>7.739</gpxdata:speed>
    </extensions>
   </trkpt>
   <trkpt lat="47.4271013" lon="6.6271641">
    <ele>327</ele>
    <time>2026-06-09T15:36:38Z</time>
    <extensions>
     <gpxdata:distance>5587.50</gpxdata:distance>
     <gpxdata:speed>7.747</gpxdata:speed>
    </extensions>
   </trkpt>
   <trkpt lat="47.4271324" lon="6.6272565">
    <ele>327</ele>
    <time>2026-06-09T15:36:39Z</time>
    <extensions>
     <gpxdata:distance>5595.00</gpxdata:distance>
     <gpxdata:speed>7.756</gpxdata:speed>
    </extensions>
   </trkpt>
   <trkpt lat="47.4271644" lon="6.6273486">
    <ele>327</ele>
    <time>2026-06-09T15:36:40Z</time>
    <extensions>
     <gpxdata:distance>5603.00</gpxdata:distance>
     <gpxdata:speed>7.769</gpxdata:speed>
    </extensions>
   </trkpt>
   <trkpt lat="47.4271973" lon="6.6274403">
    <ele>327</ele>
    <time>2026-06-09T15:36:41Z</time>
    <extensions>
     <gpxdata:distance>5611.00</gpxdata:distance>
     <gpxdata:speed>7.786</gpxdata:speed>
    </extensions>
   </trkpt>
   <trkpt lat="47.4272314" lon="6.6275320">
    <ele>327</ele>
    <time>2026-06-09T15:36:42Z</time>
    <extensions>
     <gpxdata:distance>5619.00</gpxdata:distance>
     <gpxdata:speed>7.819</gpxdata:speed>
    </extensions>
   </trkpt>
   <trkpt lat="47.4272662" lon="6.6276248">
    <ele>327</ele>
    <time>2026-06-09T15:36:43Z</time>
    <extensions>
     <gpxdata:distance>5627.00</gpxdata:distance>
     <gpxdata:speed>7.883</gpxdata:speed>
    </extensions>
   </trkpt>
   <trkpt lat="47.4273009" lon="6.6277193">
    <ele>327</ele>
    <time>2026-06-09T15:36:44Z</time>
    <extensions>
     <gpxdata:distance>5631.00</gpxdata:distance>
     <gpxdata:speed>7.961</gpxdata:speed>
    </extensions>
   </trkpt>
   <trkpt lat="47.4273354" lon="6.6278145">
    <ele>327</ele>
    <time>2026-06-09T15:36:45Z</time>
    <extensions>
     <gpxdata:distance>5635.00</gpxdata:distance>
     <gpxdata:speed>7.961</gpxdata:speed>
    </extensions>
   </trkpt>
   <trkpt lat="47.4273707" lon="6.6279094">
    <ele>327</ele>
    <time>2026-06-09T15:36:46Z</time>
    <extensions>
     <gpxdata:distance>5647.50</gpxdata:distance>
     <gpxdata:speed>8.017</gpxdata:speed>
    </extensions>
   </trkpt>
   <trkpt lat="47.4274071" lon="6.6280034">
    <ele>327</ele>
    <time>2026-06-09T15:36:47Z</time>
    <extensions>
     <gpxdata:distance>5660.00</gpxdata:distance>
     <gpxdata:speed>8.097</gpxdata:speed>
    </extensions>
   </trkpt>
   <trkpt lat="47.4274450" lon="6.6280964">
    <ele>327</ele>
    <time>2026-06-09T15:36:48Z</time>
    <extensions>
     <gpxdata:distance>5668.00</gpxdata:distance>
     <gpxdata:speed>8.125</gpxdata:speed>
    </extensions>
   </trkpt>
   <trkpt lat="47.4274841" lon="6.6281885">
    <ele>327</ele>
    <time>2026-06-09T15:36:49Z</time>
    <extensions>
     <gpxdata:distance>5676.00</gpxdata:distance>
     <gpxdata:speed>8.156</gpxdata:speed>
    </extensions>
   </trkpt>
   <trkpt lat="47.4275247" lon="6.6282799">
    <ele>327</ele>
    <time>2026-06-09T15:36:50Z</time>
    <extensions>
     <gpxdata:distance>5684.50</gpxdata:distance>
     <gpxdata:speed>8.183</gpxdata:speed>
    </extensions>
   </trkpt>
   <trkpt lat="47.4275665" lon="6.6283704">
    <ele>327</ele>
    <time>2026-06-09T15:36:51Z</time>
    <extensions>
     <gpxdata:distance>5693.00</gpxdata:distance>
     <gpxdata:speed>8.211</gpxdata:speed>
    </extensions>
   </trkpt>
   <trkpt lat="47.4276099" lon="6.6284593">
    <ele>327</ele>
    <time>2026-06-09T15:36:52Z</time>
    <extensions>
     <gpxdata:distance>5701.00</gpxdata:distance>
     <gpxdata:speed>8.228</gpxdata:speed>
    </extensions>
   </trkpt>
   <trkpt lat="47.4276551" lon="6.6285463">
    <ele>327</ele>
    <time>2026-06-09T15:36:53Z</time>
    <extensions>
     <gpxdata:distance>5709.00</gpxdata:distance>
     <gpxdata:speed>8.242</gpxdata:speed>
    </extensions>
   </trkpt>
   <trkpt lat="47.4277014" lon="6.6286324">
    <ele>327</ele>
    <time>2026-06-09T15:36:54Z</time>
    <extensions>
     <gpxdata:distance>5717.50</gpxdata:distance>
     <gpxdata:speed>8.256</gpxdata:speed>
    </extensions>
   </trkpt>
   <trkpt lat="47.4277473" lon="6.6287184">
    <ele>327</ele>
    <time>2026-06-09T15:36:55Z</time>
    <extensions>
     <gpxdata:distance>5726.00</gpxdata:distance>
     <gpxdata:speed>8.253</gpxdata:speed>
    </extensions>
   </trkpt>
   <trkpt lat="47.4277932" lon="6.6288046">
    <ele>327</ele>
    <time>2026-06-09T15:36:56Z</time>
    <extensions>
     <gpxdata:distance>5734.00</gpxdata:distance>
     <gpxdata:speed>8.256</gpxdata:speed>
    </extensions>
   </trkpt>
   <trkpt lat="47.4278399" lon="6.6288893">
    <ele>327</ele>
    <time>2026-06-09T15:36:57Z</time>
    <extensions>
     <gpxdata:distance>5742.00</gpxdata:distance>
     <gpxdata:speed>8.244</gpxdata:speed>
    </extensions>
   </trkpt>
   <trkpt lat="47.4278880" lon="6.6289719">
    <ele>327</ele>
    <time>2026-06-09T15:36:58Z</time>
    <extensions>
     <gpxdata:distance>5750.50</gpxdata:distance>
     <gpxdata:speed>8.233</gpxdata:speed>
    </extensions>
   </trkpt>
   <trkpt lat="47.4279369" lon="6.6290531">
    <ele>327</ele>
    <time>2026-06-09T15:36:59Z</time>
    <extensions>
     <gpxdata:distance>5759.00</gpxdata:distance>
     <gpxdata:speed>8.217</gpxdata:speed>
    </extensions>
   </trkpt>
   <trkpt lat="47.4279865" lon="6.6291328">
    <ele>327</ele>
    <time>2026-06-09T15:37:00Z</time>
    <extensions>
     <gpxdata:distance>5767.00</gpxdata:distance>
     <gpxdata:speed>8.194</gpxdata:speed>
    </extensions>
   </trkpt>
   <trkpt lat="47.4280369" lon="6.6292112">
    <ele>327</ele>
    <time>2026-06-09T15:37:01Z</time>
    <extensions>
     <gpxdata:distance>5775.00</gpxdata:distance>
     <gpxdata:speed>8.178</gpxdata:speed>
    </extensions>
   </trkpt>
   <trkpt lat="47.4280880" lon="6.6292883">
    <ele>327</ele>
    <time>2026-06-09T15:37:02Z</time>
    <extensions>
     <gpxdata:distance>5783.00</gpxdata:distance>
     <gpxdata:speed>8.158</gpxdata:speed>
    </extensions>
   </trkpt>
   <trkpt lat="47.4281400" lon="6.6293633">
    <ele>327</ele>
    <time>2026-06-09T15:37:03Z</time>
    <extensions>
     <gpxdata:distance>5791.00</gpxdata:distance>
     <gpxdata:speed>8.133</gpxdata:speed>
    </extensions>
   </trkpt>
   <trkpt lat="47.4281935" lon="6.6294357">
    <ele>327</ele>
    <time>2026-06-09T15:37:04Z</time>
    <extensions>
     <gpxdata:distance>5799.00</gpxdata:distance>
     <gpxdata:speed>8.111</gpxdata:speed>
    </extensions>
   </trkpt>
   <trkpt lat="47.4282484" lon="6.6295050">
    <ele>327</ele>
    <time>2026-06-09T15:37:05Z</time>
    <extensions>
     <gpxdata:distance>5807.00</gpxdata:distance>
     <gpxdata:speed>8.083</gpxdata:speed>
    </extensions>
   </trkpt>
   <trkpt lat="47.4283046" lon="6.6295722">
    <ele>327</ele>
    <time>2026-06-09T15:37:06Z</time>
    <extensions>
     <gpxdata:distance>5815.00</gpxdata:distance>
     <gpxdata:speed>8.072</gpxdata:speed>
    </extensions>
   </trkpt>
   <trkpt lat="47.4283612" lon="6.6296386">
    <ele>327</ele>
    <time>2026-06-09T15:37:07Z</time>
    <extensions>
     <gpxdata:distance>5823.00</gpxdata:distance>
     <gpxdata:speed>8.061</gpxdata:speed>
    </extensions>
   </trkpt>
   <trkpt lat="47.4284180" lon="6.6297048">
    <ele>327</ele>
    <time>2026-06-09T15:37:08Z</time>
    <extensions>
     <gpxdata:distance>5831.00</gpxdata:distance>
     <gpxdata:speed>8.053</gpxdata:speed>
    </extensions>
   </trkpt>
   <trkpt lat="47.4284744" lon="6.6297712">
    <ele>327</ele>
    <time>2026-06-09T15:37:09Z</time>
    <extensions>
     <gpxdata:distance>5839.00</gpxdata:distance>
     <gpxdata:speed>8.044</gpxdata:speed>
    </extensions>
   </trkpt>
   <trkpt lat="47.4285311" lon="6.6298377">
    <ele>327</ele>
    <time>2026-06-09T15:37:10Z</time>
    <extensions>
     <gpxdata:distance>5847.00</gpxdata:distance>
     <gpxdata:speed>8.047</gpxdata:speed>
    </extensions>
   </trkpt>
   <trkpt lat="47.4285882" lon="6.6299034">
    <ele>327</ele>
    <time>2026-06-09T15:37:11Z</time>
    <extensions>
     <gpxdata:distance>5855.00</gpxdata:distance>
     <gpxdata:speed>8.050</gpxdata:speed>
    </extensions>
   </trkpt>
   <trkpt lat="47.4286456" lon="6.6299668">
    <ele>327</ele>
    <time>2026-06-09T15:37:12Z</time>
    <extensions>
     <gpxdata:distance>5863.00</gpxdata:distance>
     <gpxdata:speed>8.019</gpxdata:speed>
    </extensions>
   </trkpt>
   <trkpt lat="47.4287031" lon="6.6300265">
    <ele>327</ele>
    <time>2026-06-09T15:37:13Z</time>
    <extensions>
     <gpxdata:distance>5871.00</gpxdata:distance>
     <gpxdata:speed>7.942</gpxdata:speed>
    </extensions>
   </trkpt>
   <trkpt lat="47.4287604" lon="6.6300830">
    <ele>327</ele>
    <time>2026-06-09T15:37:14Z</time>
    <extensions>
     <gpxdata:distance>5875.00</gpxdata:distance>
     <gpxdata:speed>7.839</gpxdata:speed>
    </extensions>
   </trkpt>
   <trkpt lat="47.4288176" lon="6.6301376">
    <ele>327</ele>
    <time>2026-06-09T15:37:15Z</time>
    <extensions>
     <gpxdata:distance>5879.00</gpxdata:distance>
     <gpxdata:speed>7.839</gpxdata:speed>
    </extensions>
   </trkpt>
   <trkpt lat="47.4288753" lon="6.6301921">
    <ele>327</ele>
    <time>2026-06-09T15:37:16Z</time>
    <extensions>
     <gpxdata:distance>5890.50</gpxdata:distance>
     <gpxdata:speed>7.714</gpxdata:speed>
    </extensions>
   </trkpt>
   <trkpt lat="47.4289340" lon="6.6302471">
    <ele>327</ele>
    <time>2026-06-09T15:37:17Z</time>
    <extensions>
     <gpxdata:distance>5902.00</gpxdata:distance>
     <gpxdata:speed>7.731</gpxdata:speed>
    </extensions>
   </trkpt>
   <trkpt lat="47.4289937" lon="6.6303028">
    <ele>327</ele>
    <time>2026-06-09T15:37:18Z</time>
    <extensions>
     <gpxdata:distance>5910.00</gpxdata:distance>
     <gpxdata:speed>7.778</gpxdata:speed>
    </extensions>
   </trkpt>
   <trkpt lat="47.4290542" lon="6.6303589">
    <ele>327</ele>
    <time>2026-06-09T15:37:19Z</time>
    <extensions>
     <gpxdata:distance>5918.00</gpxdata:distance>
     <gpxdata:speed>7.839</gpxdata:speed>
    </extensions>
   </trkpt>
   <trkpt lat="47.4291164" lon="6.6304141">
    <ele>327</ele>
    <time>2026-06-09T15:37:20Z</time>
    <extensions>
     <gpxdata:distance>5926.00</gpxdata:distance>
     <gpxdata:speed>7.919</gpxdata:speed>
    </extensions>
   </trkpt>
   <trkpt lat="47.4291799" lon="6.6304676">
    <ele>327</ele>
    <time>2026-06-09T15:37:21Z</time>
    <extensions>
     <gpxdata:distance>5934.00</gpxdata:distance>
     <gpxdata:speed>7.989</gpxdata:speed>
    </extensions>
   </trkpt>
   <trkpt lat="47.4292440" lon="6.6305198">
    <ele>327</ele>
    <time>2026-06-09T15:37:22Z</time>
    <extensions>
     <gpxdata:distance>5942.00</gpxdata:distance>
     <gpxdata:speed>8.039</gpxdata:speed>
    </extensions>
   </trkpt>
   <trkpt lat="47.4293082" lon="6.6305713">
    <ele>327</ele>
    <time>2026-06-09T15:37:23Z</time>
    <extensions>
     <gpxdata:distance>5950.00</gpxdata:distance>
     <gpxdata:speed>8.064</gpxdata:speed>
    </extensions>
   </trkpt>
   <trkpt lat="47.4293718" lon="6.6306233">
    <ele>327</ele>
    <time>2026-06-09T15:37:24Z</time>
    <extensions>
     <gpxdata:distance>5958.00</gpxdata:distance>
     <gpxdata:speed>8.075</gpxdata:speed>
    </extensions>
   </trkpt>
   <trkpt lat="47.4294348" lon="6.6306757">
    <ele>327</ele>
    <time>2026-06-09T15:37:25Z</time>
    <extensions>
     <gpxdata:distance>5966.00</gpxdata:distance>
     <gpxdata:speed>8.067</gpxdata:speed>
    </extensions>
   </trkpt>
   <trkpt lat="47.4294978" lon="6.6307274">
    <ele>327</ele>
    <time>2026-06-09T15:37:26Z</time>
    <extensions>
     <gpxdata:distance>5974.00</gpxdata:distance>
     <gpxdata:speed>8.058</gpxdata:speed>
    </extensions>
   </trkpt>
   <trkpt lat="47.4295616" lon="6.6307770">
    <ele>327</ele>
    <time>2026-06-09T15:37:27Z</time>
    <extensions>
     <gpxdata:distance>5982.00</gpxdata:distance>
     <gpxdata:speed>8.053</gpxdata:speed>
    </extensions>
   </trkpt>
   <trkpt lat="47.4296261" lon="6.6308253">
    <ele>327</ele>
    <time>2026-06-09T15:37:28Z</time>
    <extensions>
     <gpxdata:distance>5990.00</gpxdata:distance>
     <gpxdata:speed>8.053</gpxdata:speed>
    </extensions>
   </trkpt>
   <trkpt lat="47.4296909" lon="6.6308731">
    <ele>327</ele>
    <time>2026-06-09T15:37:29Z</time>
    <extensions>
     <gpxdata:distance>5998.00</gpxdata:distance>
     <gpxdata:speed>8.058</gpxdata:speed>
    </extensions>
   </trkpt>
   <trkpt lat="47.4297558" lon="6.6309211">
    <ele>327</ele>
    <time>2026-06-09T15:37:30Z</time>
    <extensions>
     <gpxdata:distance>6006.00</gpxdata:distance>
     <gpxdata:speed>8.061</gpxdata:speed>
    </extensions>
   </trkpt>
   <trkpt lat="47.4298204" lon="6.6309690">
    <ele>327</ele>
    <time>2026-06-09T15:37:31Z</time>
    <extensions>
     <gpxdata:distance>6014.00</gpxdata:distance>
     <gpxdata:speed>8.050</gpxdata:speed>
    </extensions>
   </trkpt>
   <trkpt lat="47.4298847" lon="6.6310166">
    <ele>327</ele>
    <time>2026-06-09T15:37:32Z</time>
    <extensions>
     <gpxdata:distance>6022.00</gpxdata:distance>
     <gpxdata:speed>8.031</gpxdata:speed>
    </extensions>
   </trkpt>
   <trkpt lat="47.4299490" lon="6.6310633">
    <ele>327</ele>
    <time>2026-06-09T15:37:33Z</time>
    <extensions>
     <gpxdata:distance>6030.00</gpxdata:distance>
     <gpxdata:speed>8.011</gpxdata:speed>
    </extensions>
   </trkpt>
   <trkpt lat="47.4300126" lon="6.6311084">
    <ele>327</ele>
    <time>2026-06-09T15:37:34Z</time>
    <extensions>
     <gpxdata:distance>6038.00</gpxdata:distance>
     <gpxdata:speed>7.947</gpxdata:speed>
    </extensions>
   </trkpt>
   <trkpt lat="47.4300747" lon="6.6311508">
    <ele>327</ele>
    <time>2026-06-09T15:37:35Z</time>
    <extensions>
     <gpxdata:distance>6046.00</gpxdata:distance>
     <gpxdata:speed>7.819</gpxdata:speed>
    </extensions>
   </trkpt>
   <trkpt lat="47.4301353" lon="6.6311893">
    <ele>327</ele>
    <time>2026-06-09T15:37:36Z</time>
    <extensions>
     <gpxdata:distance>6053.00</gpxdata:distance>
     <gpxdata:speed>7.639</gpxdata:speed>
    </extensions>
   </trkpt>
   <trkpt lat="47.4301947" lon="6.6312248">
    <ele>327</ele>
    <time>2026-06-09T15:37:37Z</time>
    <extensions>
     <gpxdata:distance>6060.00</gpxdata:distance>
     <gpxdata:speed>7.372</gpxdata:speed>
    </extensions>
   </trkpt>
   <trkpt lat="47.4302535" lon="6.6312589">
    <ele>327</ele>
    <time>2026-06-09T15:37:38Z</time>
    <extensions>
     <gpxdata:distance>6067.00</gpxdata:distance>
     <gpxdata:speed>7.125</gpxdata:speed>
    </extensions>
   </trkpt>
   <trkpt lat="47.4303119" lon="6.6312903">
    <ele>327</ele>
    <time>2026-06-09T15:37:39Z</time>
    <extensions>
     <gpxdata:distance>6074.00</gpxdata:distance>
     <gpxdata:speed>6.997</gpxdata:speed>
    </extensions>
   </trkpt>
   <trkpt lat="47.4303714" lon="6.6313176">
    <ele>327</ele>
    <time>2026-06-09T15:37:40Z</time>
    <extensions>
     <gpxdata:distance>6081.00</gpxdata:distance>
     <gpxdata:speed>6.997</gpxdata:speed>
    </extensions>
   </trkpt>
   <trkpt lat="47.4304323" lon="6.6313419">
    <ele>327</ele>
    <time>2026-06-09T15:37:41Z</time>
    <extensions>
     <gpxdata:distance>6088.00</gpxdata:distance>
     <gpxdata:speed>7.047</gpxdata:speed>
    </extensions>
   </trkpt>
   <trkpt lat="47.4304945" lon="6.6313655">
    <ele>327</ele>
    <time>2026-06-09T15:37:42Z</time>
    <extensions>
     <gpxdata:distance>6095.00</gpxdata:distance>
     <gpxdata:speed>7.133</gpxdata:speed>
    </extensions>
   </trkpt>
   <trkpt lat="47.4305576" lon="6.6313879">
    <ele>328</ele>
    <time>2026-06-09T15:37:43Z</time>
    <extensions>
     <gpxdata:distance>6102.00</gpxdata:distance>
     <gpxdata:speed>7.186</gpxdata:speed>
    </extensions>
   </trkpt>
   <trkpt lat="47.4306209" lon="6.6314091">
    <ele>328</ele>
    <time>2026-06-09T15:37:44Z</time>
    <extensions>
     <gpxdata:distance>6109.50</gpxdata:distance>
     <gpxdata:speed>7.189</gpxdata:speed>
    </extensions>
   </trkpt>
   <trkpt lat="47.4306841" lon="6.6314306">
    <ele>328</ele>
    <time>2026-06-09T15:37:45Z</time>
    <extensions>
     <gpxdata:distance>6117.00</gpxdata:distance>
     <gpxdata:speed>7.197</gpxdata:speed>
    </extensions>
   </trkpt>
   <trkpt lat="47.4307477" lon="6.6314520">
    <ele>328</ele>
    <time>2026-06-09T15:37:46Z</time>
    <extensions>
     <gpxdata:distance>6124.00</gpxdata:distance>
     <gpxdata:speed>7.222</gpxdata:speed>
    </extensions>
   </trkpt>
   <trkpt lat="47.4308126" lon="6.6314736">
    <ele>327</ele>
    <time>2026-06-09T15:37:47Z</time>
    <extensions>
     <gpxdata:distance>6131.00</gpxdata:distance>
     <gpxdata:speed>7.294</gpxdata:speed>
    </extensions>
   </trkpt>
   <trkpt lat="47.4308786" lon="6.6314954">
    <ele>327</ele>
    <time>2026-06-09T15:37:48Z</time>
    <extensions>
     <gpxdata:distance>6139.00</gpxdata:distance>
     <gpxdata:speed>7.386</gpxdata:speed>
    </extensions>
   </trkpt>
   <trkpt lat="47.4309457" lon="6.6315175">
    <ele>327</ele>
    <time>2026-06-09T15:37:49Z</time>
    <extensions>
     <gpxdata:distance>6147.00</gpxdata:distance>
     <gpxdata:speed>7.483</gpxdata:speed>
    </extensions>
   </trkpt>
   <trkpt lat="47.4310142" lon="6.6315396">
    <ele>327</ele>
    <time>2026-06-09T15:37:50Z</time>
    <extensions>
     <gpxdata:distance>6155.00</gpxdata:distance>
     <gpxdata:speed>7.608</gpxdata:speed>
    </extensions>
   </trkpt>
   <trkpt lat="47.4310834" lon="6.6315616">
    <ele>327</ele>
    <time>2026-06-09T15:37:51Z</time>
    <extensions>
     <gpxdata:distance>6163.00</gpxdata:distance>
     <gpxdata:speed>7.706</gpxdata:speed>
    </extensions>
   </trkpt>
   <trkpt lat="47.4311532" lon="6.6315841">
    <ele>327</ele>
    <time>2026-06-09T15:37:52Z</time>
    <extensions>
     <gpxdata:distance>6170.50</gpxdata:distance>
     <gpxdata:speed>7.839</gpxdata:speed>
    </extensions>
   </trkpt>
   <trkpt lat="47.4312225" lon="6.6316074">
    <ele>327</ele>
    <time>2026-06-09T15:37:53Z</time>
    <extensions>
     <gpxdata:distance>6178.00</gpxdata:distance>
     <gpxdata:speed>7.864</gpxdata:speed>
    </extensions>
   </trkpt>
   <trkpt lat="47.4312914" lon="6.6316308">
    <ele>327</ele>
    <time>2026-06-09T15:37:54Z</time>
    <extensions>
     <gpxdata:distance>6186.00</gpxdata:distance>
     <gpxdata:speed>7.858</gpxdata:speed>
    </extensions>
   </trkpt>
   <trkpt lat="47.4313604" lon="6.6316528">
    <ele>327</ele>
    <time>2026-06-09T15:37:55Z</time>
    <extensions>
     <gpxdata:distance>6194.00</gpxdata:distance>
     <gpxdata:speed>7.861</gpxdata:speed>
    </extensions>
   </trkpt>
   <trkpt lat="47.4314297" lon="6.6316722">
    <ele>327</ele>
    <time>2026-06-09T15:37:56Z</time>
    <extensions>
     <gpxdata:distance>6202.00</gpxdata:distance>
     <gpxdata:speed>7.869</gpxdata:speed>
    </extensions>
   </trkpt>
   <trkpt lat="47.4314996" lon="6.6316892">
    <ele>327</ele>
    <time>2026-06-09T15:37:57Z</time>
    <extensions>
     <gpxdata:distance>6210.00</gpxdata:distance>
     <gpxdata:speed>7.883</gpxdata:speed>
    </extensions>
   </trkpt>
   <trkpt lat="47.4315701" lon="6.6317046">
    <ele>327</ele>
    <time>2026-06-09T15:37:58Z</time>
    <extensions>
     <gpxdata:distance>6218.00</gpxdata:distance>
     <gpxdata:speed>7.903</gpxdata:speed>
    </extensions>
   </trkpt>
   <trkpt lat="47.4316404" lon="6.6317188">
    <ele>327</ele>
    <time>2026-06-09T15:37:59Z</time>
    <extensions>
     <gpxdata:distance>6226.00</gpxdata:distance>
     <gpxdata:speed>7.897</gpxdata:speed>
    </extensions>
   </trkpt>
   <trkpt lat="47.4317104" lon="6.6317303">
    <ele>327</ele>
    <time>2026-06-09T15:38:00Z</time>
    <extensions>
     <gpxdata:distance>6233.50</gpxdata:distance>
     <gpxdata:speed>7.872</gpxdata:speed>
    </extensions>
   </trkpt>
   <trkpt lat="47.4317805" lon="6.6317392">
    <ele>327</ele>
    <time>2026-06-09T15:38:01Z</time>
    <extensions>
     <gpxdata:distance>6241.00</gpxdata:distance>
     <gpxdata:speed>7.858</gpxdata:speed>
    </extensions>
   </trkpt>
   <trkpt lat="47.4318500" lon="6.6317459">
    <ele>327</ele>
    <time>2026-06-09T15:38:02Z</time>
    <extensions>
     <gpxdata:distance>6249.00</gpxdata:distance>
     <gpxdata:speed>7.819</gpxdata:speed>
    </extensions>
   </trkpt>
   <trkpt lat="47.4319196" lon="6.6317512">
    <ele>327</ele>
    <time>2026-06-09T15:38:03Z</time>
    <extensions>
     <gpxdata:distance>6257.00</gpxdata:distance>
     <gpxdata:speed>7.800</gpxdata:speed>
    </extensions>
   </trkpt>
   <trkpt lat="47.4319896" lon="6.6317540">
    <ele>327</ele>
    <time>2026-06-09T15:38:04Z</time>
    <extensions>
     <gpxdata:distance>6264.50</gpxdata:distance>
     <gpxdata:speed>7.800</gpxdata:speed>
    </extensions>
   </trkpt>
   <trkpt lat="47.4320595" lon="6.6317552">
    <ele>327</ele>
    <time>2026-06-09T15:38:05Z</time>
    <extensions>
     <gpxdata:distance>6272.00</gpxdata:distance>
     <gpxdata:speed>7.792</gpxdata:speed>
    </extensions>
   </trkpt>
   <trkpt lat="47.4321290" lon="6.6317564">
    <ele>327</ele>
    <time>2026-06-09T15:38:06Z</time>
    <extensions>
     <gpxdata:distance>6280.00</gpxdata:distance>
     <gpxdata:speed>7.767</gpxdata:speed>
    </extensions>
   </trkpt>
   <trkpt lat="47.4321975" lon="6.6317569">
    <ele>327</ele>
    <time>2026-06-09T15:38:07Z</time>
    <extensions>
     <gpxdata:distance>6288.00</gpxdata:distance>
     <gpxdata:speed>7.708</gpxdata:speed>
    </extensions>
   </trkpt>
   <trkpt lat="47.4322641" lon="6.6317559">
    <ele>327</ele>
    <time>2026-06-09T15:38:08Z</time>
    <extensions>
     <gpxdata:distance>6295.00</gpxdata:distance>
     <gpxdata:speed>7.594</gpxdata:speed>
    </extensions>
   </trkpt>
   <trkpt lat="47.4323281" lon="6.6317537">
    <ele>327</ele>
    <time>2026-06-09T15:38:09Z</time>
    <extensions>
     <gpxdata:distance>6302.00</gpxdata:distance>
     <gpxdata:speed>7.200</gpxdata:speed>
    </extensions>
   </trkpt>
   <trkpt lat="47.4323895" lon="6.6317522">
    <ele>327</ele>
    <time>2026-06-09T15:38:10Z</time>
    <extensions>
     <gpxdata:distance>6308.50</gpxdata:distance>
     <gpxdata:speed>6.922</gpxdata:speed>
    </extensions>
   </trkpt>
   <trkpt lat="47.4324496" lon="6.6317497">
    <ele>327</ele>
    <time>2026-06-09T15:38:11Z</time>
    <extensions>
     <gpxdata:distance>6315.00</gpxdata:distance>
     <gpxdata:speed>6.808</gpxdata:speed>
    </extensions>
   </trkpt>
   <trkpt lat="47.4325103" lon="6.6317447">
    <ele>327</ele>
    <time>2026-06-09T15:38:12Z</time>
    <extensions>
     <gpxdata:distance>6322.00</gpxdata:distance>
     <gpxdata:speed>6.842</gpxdata:speed>
    </extensions>
   </trkpt>
   <trkpt lat="47.4325716" lon="6.6317379">
    <ele>327</ele>
    <time>2026-06-09T15:38:13Z</time>
    <extensions>
     <gpxdata:distance>6329.00</gpxdata:distance>
     <gpxdata:speed>6.878</gpxdata:speed>
    </extensions>
   </trkpt>
   <trkpt lat="47.4326348" lon="6.6317305">
    <ele>327</ele>
    <time>2026-06-09T15:38:14Z</time>
    <extensions>
     <gpxdata:distance>6336.50</gpxdata:distance>
     <gpxdata:speed>7.047</gpxdata:speed>
    </extensions>
   </trkpt>
   <trkpt lat="47.4327002" lon="6.6317235">
    <ele>327</ele>
    <time>2026-06-09T15:38:15Z</time>
    <extensions>
     <gpxdata:distance>6344.00</gpxdata:distance>
     <gpxdata:speed>7.203</gpxdata:speed>
    </extensions>
   </trkpt>
   <trkpt lat="47.4327667" lon="6.6317160">
    <ele>327</ele>
    <time>2026-06-09T15:38:16Z</time>
    <extensions>
     <gpxdata:distance>6351.50</gpxdata:distance>
     <gpxdata:speed>7.281</gpxdata:speed>
    </extensions>
   </trkpt>
   <trkpt lat="47.4328342" lon="6.6317066">
    <ele>327</ele>
    <time>2026-06-09T15:38:17Z</time>
    <extensions>
     <gpxdata:distance>6359.00</gpxdata:distance>
     <gpxdata:speed>7.369</gpxdata:speed>
    </extensions>
   </trkpt>
   <trkpt lat="47.4329022" lon="6.6316956">
    <ele>327</ele>
    <time>2026-06-09T15:38:18Z</time>
    <extensions>
     <gpxdata:distance>6366.50</gpxdata:distance>
     <gpxdata:speed>7.447</gpxdata:speed>
    </extensions>
   </trkpt>
   <trkpt lat="47.4329704" lon="6.6316844">
    <ele>327</ele>
    <time>2026-06-09T15:38:19Z</time>
    <extensions>
     <gpxdata:distance>6374.00</gpxdata:distance>
     <gpxdata:speed>7.511</gpxdata:speed>
    </extensions>
   </trkpt>
   <trkpt lat="47.4330388" lon="6.6316727">
    <ele>327</ele>
    <time>2026-06-09T15:38:20Z</time>
    <extensions>
     <gpxdata:distance>6381.50</gpxdata:distance>
     <gpxdata:speed>7.622</gpxdata:speed>
    </extensions>
   </trkpt>
   <trkpt lat="47.4331072" lon="6.6316599">
    <ele>327</ele>
    <time>2026-06-09T15:38:21Z</time>
    <extensions>
     <gpxdata:distance>6389.00</gpxdata:distance>
     <gpxdata:speed>7.653</gpxdata:speed>
    </extensions>
   </trkpt>
   <trkpt lat="47.4331751" lon="6.6316458">
    <ele>327</ele>
    <time>2026-06-09T15:38:22Z</time>
    <extensions>
     <gpxdata:distance>6396.50</gpxdata:distance>
     <gpxdata:speed>7.642</gpxdata:speed>
    </extensions>
   </trkpt>
   <trkpt lat="47.4332425" lon="6.6316300">
    <ele>327</ele>
    <time>2026-06-09T15:38:23Z</time>
    <extensions>
     <gpxdata:distance>6404.00</gpxdata:distance>
     <gpxdata:speed>7.606</gpxdata:speed>
    </extensions>
   </trkpt>
   <trkpt lat="47.4333097" lon="6.6316126">
    <ele>327</ele>
    <time>2026-06-09T15:38:24Z</time>
    <extensions>
     <gpxdata:distance>6412.00</gpxdata:distance>
     <gpxdata:speed>7.614</gpxdata:speed>
    </extensions>
   </trkpt>
   <trkpt lat="47.4333769" lon="6.6315938">
    <ele>327</ele>
    <time>2026-06-09T15:38:25Z</time>
    <extensions>
     <gpxdata:distance>6420.00</gpxdata:distance>
     <gpxdata:speed>7.614</gpxdata:speed>
    </extensions>
   </trkpt>
   <trkpt lat="47.4334446" lon="6.6315743">
    <ele>327</ele>
    <time>2026-06-09T15:38:26Z</time>
    <extensions>
     <gpxdata:distance>6427.50</gpxdata:distance>
     <gpxdata:speed>7.650</gpxdata:speed>
    </extensions>
   </trkpt>
   <trkpt lat="47.4335133" lon="6.6315535">
    <ele>327</ele>
    <time>2026-06-09T15:38:27Z</time>
    <extensions>
     <gpxdata:distance>6435.00</gpxdata:distance>
     <gpxdata:speed>7.714</gpxdata:speed>
    </extensions>
   </trkpt>
   <trkpt lat="47.4335828" lon="6.6315319">
    <ele>327</ele>
    <time>2026-06-09T15:38:28Z</time>
    <extensions>
     <gpxdata:distance>6443.00</gpxdata:distance>
     <gpxdata:speed>7.783</gpxdata:speed>
    </extensions>
   </trkpt>
   <trkpt lat="47.4336524" lon="6.6315109">
    <ele>327</ele>
    <time>2026-06-09T15:38:29Z</time>
    <extensions>
     <gpxdata:distance>6451.00</gpxdata:distance>
     <gpxdata:speed>7.822</gpxdata:speed>
    </extensions>
   </trkpt>
   <trkpt lat="47.4337213" lon="6.6314897">
    <ele>327</ele>
    <time>2026-06-09T15:38:30Z</time>
    <extensions>
     <gpxdata:distance>6459.00</gpxdata:distance>
     <gpxdata:speed>7.817</gpxdata:speed>
    </extensions>
   </trkpt>
   <trkpt lat="47.4337895" lon="6.6314664">
    <ele>327</ele>
    <time>2026-06-09T15:38:31Z</time>
    <extensions>
     <gpxdata:distance>6467.00</gpxdata:distance>
     <gpxdata:speed>7.806</gpxdata:speed>
    </extensions>
   </trkpt>
   <trkpt lat="47.4338575" lon="6.6314411">
    <ele>327</ele>
    <time>2026-06-09T15:38:32Z</time>
    <extensions>
     <gpxdata:distance>6475.00</gpxdata:distance>
     <gpxdata:speed>7.817</gpxdata:speed>
    </extensions>
   </trkpt>
   <trkpt lat="47.4339259" lon="6.6314146">
    <ele>327</ele>
    <time>2026-06-09T15:38:33Z</time>
    <extensions>
     <gpxdata:distance>6483.00</gpxdata:distance>
     <gpxdata:speed>7.842</gpxdata:speed>
    </extensions>
   </trkpt>
   <trkpt lat="47.4339934" lon="6.6313882">
    <ele>327</ele>
    <time>2026-06-09T15:38:34Z</time>
    <extensions>
     <gpxdata:distance>6490.50</gpxdata:distance>
     <gpxdata:speed>7.811</gpxdata:speed>
    </extensions>
   </trkpt>
   <trkpt lat="47.4340600" lon="6.6313627">
    <ele>327</ele>
    <time>2026-06-09T15:38:35Z</time>
    <extensions>
     <gpxdata:distance>6498.00</gpxdata:distance>
     <gpxdata:speed>7.750</gpxdata:speed>
    </extensions>
   </trkpt>
   <trkpt lat="47.4341251" lon="6.6313379">
    <ele>327</ele>
    <time>2026-06-09T15:38:36Z</time>
    <extensions>
     <gpxdata:distance>6505.00</gpxdata:distance>
     <gpxdata:speed>7.650</gpxdata:speed>
    </extensions>
   </trkpt>
   <trkpt lat="47.4341891" lon="6.6313129">
    <ele>327</ele>
    <time>2026-06-09T15:38:37Z</time>
    <extensions>
     <gpxdata:distance>6512.00</gpxdata:distance>
     <gpxdata:speed>7.553</gpxdata:speed>
    </extensions>
   </trkpt>
   <trkpt lat="47.4342516" lon="6.6312873">
    <ele>327</ele>
    <time>2026-06-09T15:38:38Z</time>
    <extensions>
     <gpxdata:distance>6519.00</gpxdata:distance>
     <gpxdata:speed>7.433</gpxdata:speed>
    </extensions>
   </trkpt>
   <trkpt lat="47.4343122" lon="6.6312607">
    <ele>327</ele>
    <time>2026-06-09T15:38:39Z</time>
    <extensions>
     <gpxdata:distance>6526.00</gpxdata:distance>
     <gpxdata:speed>7.286</gpxdata:speed>
    </extensions>
   </trkpt>
   <trkpt lat="47.4343708" lon="6.6312336">
    <ele>327</ele>
    <time>2026-06-09T15:38:40Z</time>
    <extensions>
     <gpxdata:distance>6533.00</gpxdata:distance>
     <gpxdata:speed>6.928</gpxdata:speed>
    </extensions>
   </trkpt>
   <trkpt lat="47.4344285" lon="6.6312059">
    <ele>327</ele>
    <time>2026-06-09T15:38:41Z</time>
    <extensions>
     <gpxdata:distance>6540.00</gpxdata:distance>
     <gpxdata:speed>6.831</gpxdata:speed>
    </extensions>
   </trkpt>
   <trkpt lat="47.4344863" lon="6.6311762">
    <ele>327</ele>
    <time>2026-06-09T15:38:42Z</time>
    <extensions>
     <gpxdata:distance>6547.00</gpxdata:distance>
     <gpxdata:speed>6.864</gpxdata:speed>
    </extensions>
   </trkpt>
   <trkpt lat="47.4345449" lon="6.6311447">
    <ele>327</ele>
    <time>2026-06-09T15:38:43Z</time>
    <extensions>
     <gpxdata:distance>6554.00</gpxdata:distance>
     <gpxdata:speed>6.958</gpxdata:speed>
    </extensions>
   </trkpt>
   <trkpt lat="47.4346049" lon="6.6311127">
    <ele>327</ele>
    <time>2026-06-09T15:38:44Z</time>
    <extensions>
     <gpxdata:distance>6561.50</gpxdata:distance>
     <gpxdata:speed>7.069</gpxdata:speed>
    </extensions>
   </trkpt>
   <trkpt lat="47.4346664" lon="6.6310798">
    <ele>327</ele>
    <time>2026-06-09T15:38:45Z</time>
    <extensions>
     <gpxdata:distance>6569.00</gpxdata:distance>
     <gpxdata:speed>7.200</gpxdata:speed>
    </extensions>
   </trkpt>
   <trkpt lat="47.4347289" lon="6.6310460">
    <ele>327</ele>
    <time>2026-06-09T15:38:46Z</time>
    <extensions>
     <gpxdata:distance>6576.50</gpxdata:distance>
     <gpxdata:speed>7.278</gpxdata:speed>
    </extensions>
   </trkpt>
   <trkpt lat="47.4347921" lon="6.6310112">
    <ele>327</ele>
    <time>2026-06-09T15:38:47Z</time>
    <extensions>
     <gpxdata:distance>6584.00</gpxdata:distance>
     <gpxdata:speed>7.353</gpxdata:speed>
    </extensions>
   </trkpt>
   <trkpt lat="47.4348559" lon="6.6309762">
    <ele>327</ele>
    <time>2026-06-09T15:38:48Z</time>
    <extensions>
     <gpxdata:distance>6591.50</gpxdata:distance>
     <gpxdata:speed>7.422</gpxdata:speed>
    </extensions>
   </trkpt>
   <trkpt lat="47.4349195" lon="6.6309413">
    <ele>327</ele>
    <time>2026-06-09T15:38:49Z</time>
    <extensions>
     <gpxdata:distance>6599.00</gpxdata:distance>
     <gpxdata:speed>7.464</gpxdata:speed>
    </extensions>
   </trkpt>
   <trkpt lat="47.4349832" lon="6.6309058">
    <ele>327</ele>
    <time>2026-06-09T15:38:50Z</time>
    <extensions>
     <gpxdata:distance>6606.50</gpxdata:distance>
     <gpxdata:speed>7.503</gpxdata:speed>
    </extensions>
   </trkpt>
   <trkpt lat="47.4350470" lon="6.6308700">
    <ele>327</ele>
    <time>2026-06-09T15:38:51Z</time>
    <extensions>
     <gpxdata:distance>6614.00</gpxdata:distance>
     <gpxdata:speed>7.553</gpxdata:speed>
    </extensions>
   </trkpt>
   <trkpt lat="47.4351107" lon="6.6308345">
    <ele>327</ele>
    <time>2026-06-09T15:38:52Z</time>
    <extensions>
     <gpxdata:distance>6621.50</gpxdata:distance>
     <gpxdata:speed>7.561</gpxdata:speed>
    </extensions>
   </trkpt>
   <trkpt lat="47.4351742" lon="6.6307998">
    <ele>327</ele>
    <time>2026-06-09T15:38:53Z</time>
    <extensions>
     <gpxdata:distance>6629.00</gpxdata:distance>
     <gpxdata:speed>7.553</gpxdata:speed>
    </extensions>
   </trkpt>
   <trkpt lat="47.4352376" lon="6.6307638">
    <ele>327</ele>
    <time>2026-06-09T15:38:54Z</time>
    <extensions>
     <gpxdata:distance>6636.50</gpxdata:distance>
     <gpxdata:speed>7.564</gpxdata:speed>
    </extensions>
   </trkpt>
   <trkpt lat="47.4353011" lon="6.6307254">
    <ele>327</ele>
    <time>2026-06-09T15:38:55Z</time>
    <extensions>
     <gpxdata:distance>6644.00</gpxdata:distance>
     <gpxdata:speed>7.597</gpxdata:speed>
    </extensions>
   </trkpt>
   <trkpt lat="47.4353642" lon="6.6306859">
    <ele>327</ele>
    <time>2026-06-09T15:38:56Z</time>
    <extensions>
     <gpxdata:distance>6651.50</gpxdata:distance>
     <gpxdata:speed>7.606</gpxdata:speed>
    </extensions>
   </trkpt>
   <trkpt lat="47.4354268" lon="6.6306458">
    <ele>327</ele>
    <time>2026-06-09T15:38:57Z</time>
    <extensions>
     <gpxdata:distance>6659.00</gpxdata:distance>
     <gpxdata:speed>7.600</gpxdata:speed>
    </extensions>
   </trkpt>
   <trkpt lat="47.4354896" lon="6.6306058">
    <ele>327</ele>
    <time>2026-06-09T15:38:58Z</time>
    <extensions>
     <gpxdata:distance>6667.00</gpxdata:distance>
     <gpxdata:speed>7.600</gpxdata:speed>
    </extensions>
   </trkpt>
   <trkpt lat="47.4355526" lon="6.6305661">
    <ele>327</ele>
    <time>2026-06-09T15:38:59Z</time>
    <extensions>
     <gpxdata:distance>6675.00</gpxdata:distance>
     <gpxdata:speed>7.611</gpxdata:speed>
    </extensions>
   </trkpt>
   <trkpt lat="47.4356160" lon="6.6305275">
    <ele>327</ele>
    <time>2026-06-09T15:39:00Z</time>
    <extensions>
     <gpxdata:distance>6682.50</gpxdata:distance>
     <gpxdata:speed>7.622</gpxdata:speed>
    </extensions>
   </trkpt>
   <trkpt lat="47.4356791" lon="6.6304888">
    <ele>327</ele>
    <time>2026-06-09T15:39:01Z</time>
    <extensions>
     <gpxdata:distance>6690.00</gpxdata:distance>
     <gpxdata:speed>7.608</gpxdata:speed>
    </extensions>
   </trkpt>
   <trkpt lat="47.4357421" lon="6.6304501">
    <ele>327</ele>
    <time>2026-06-09T15:39:02Z</time>
    <extensions>
     <gpxdata:distance>6697.50</gpxdata:distance>
     <gpxdata:speed>7.606</gpxdata:speed>
    </extensions>
   </trkpt>
   <trkpt lat="47.4358054" lon="6.6304105">
    <ele>327</ele>
    <time>2026-06-09T15:39:03Z</time>
    <extensions>
     <gpxdata:distance>6705.00</gpxdata:distance>
     <gpxdata:speed>7.628</gpxdata:speed>
    </extensions>
   </trkpt>
   <trkpt lat="47.4358689" lon="6.6303692">
    <ele>327</ele>
    <time>2026-06-09T15:39:04Z</time>
    <extensions>
     <gpxdata:distance>6713.00</gpxdata:distance>
     <gpxdata:speed>7.664</gpxdata:speed>
    </extensions>
   </trkpt>
   <trkpt lat="47.4359319" lon="6.6303261">
    <ele>327</ele>
    <time>2026-06-09T15:39:05Z</time>
    <extensions>
     <gpxdata:distance>6721.00</gpxdata:distance>
     <gpxdata:speed>7.683</gpxdata:speed>
    </extensions>
   </trkpt>
   <trkpt lat="47.4359942" lon="6.6302821">
    <ele>327</ele>
    <time>2026-06-09T15:39:06Z</time>
    <extensions>
     <gpxdata:distance>6728.50</gpxdata:distance>
     <gpxdata:speed>7.678</gpxdata:speed>
    </extensions>
   </trkpt>
   <trkpt lat="47.4360562" lon="6.6302385">
    <ele>327</ele>
    <time>2026-06-09T15:39:07Z</time>
    <extensions>
     <gpxdata:distance>6736.00</gpxdata:distance>
     <gpxdata:speed>7.661</gpxdata:speed>
    </extensions>
   </trkpt>
   <trkpt lat="47.4361181" lon="6.6301961">
    <ele>327</ele>
    <time>2026-06-09T15:39:08Z</time>
    <extensions>
     <gpxdata:distance>6743.50</gpxdata:distance>
     <gpxdata:speed>7.639</gpxdata:speed>
    </extensions>
   </trkpt>
   <trkpt lat="47.4361807" lon="6.6301550">
    <ele>327</ele>
    <time>2026-06-09T15:39:09Z</time>
    <extensions>
     <gpxdata:distance>6751.00</gpxdata:distance>
     <gpxdata:speed>7.642</gpxdata:speed>
    </extensions>
   </trkpt>
   <trkpt lat="47.4362444" lon="6.6301148">
    <ele>327</ele>
    <time>2026-06-09T15:39:10Z</time>
    <extensions>
     <gpxdata:distance>6759.00</gpxdata:distance>
     <gpxdata:speed>7.669</gpxdata:speed>
    </extensions>
   </trkpt>
   <trkpt lat="47.4363081" lon="6.6300748">
    <ele>327</ele>
    <time>2026-06-09T15:39:11Z</time>
    <extensions>
     <gpxdata:distance>6767.00</gpxdata:distance>
     <gpxdata:speed>7.681</gpxdata:speed>
    </extensions>
   </trkpt>
   <trkpt lat="47.4363712" lon="6.6300350">
    <ele>327</ele>
    <time>2026-06-09T15:39:12Z</time>
    <extensions>
     <gpxdata:distance>6774.50</gpxdata:distance>
     <gpxdata:speed>7.653</gpxdata:speed>
    </extensions>
   </trkpt>
   <trkpt lat="47.4364334" lon="6.6299960">
    <ele>327</ele>
    <time>2026-06-09T15:39:13Z</time>
    <extensions>
     <gpxdata:distance>6782.00</gpxdata:distance>
     <gpxdata:speed>7.603</gpxdata:speed>
    </extensions>
   </trkpt>
   <trkpt lat="47.4364940" lon="6.6299582">
    <ele>327</ele>
    <time>2026-06-09T15:39:14Z</time>
    <extensions>
     <gpxdata:distance>6785.50</gpxdata:distance>
     <gpxdata:speed>7.494</gpxdata:speed>
    </extensions>
   </trkpt>
   <trkpt lat="47.4365529" lon="6.6299214">
    <ele>327</ele>
    <time>2026-06-09T15:39:15Z</time>
    <extensions>
     <gpxdata:distance>6789.00</gpxdata:distance>
     <gpxdata:speed>7.494</gpxdata:speed>
    </extensions>
   </trkpt>
   <trkpt lat="47.4366112" lon="6.6298847">
    <ele>327</ele>
    <time>2026-06-09T15:39:16Z</time>
    <extensions>
     <gpxdata:distance>6799.50</gpxdata:distance>
     <gpxdata:speed>7.258</gpxdata:speed>
    </extensions>
   </trkpt>
   <trkpt lat="47.4366701" lon="6.6298477">
    <ele>327</ele>
    <time>2026-06-09T15:39:17Z</time>
    <extensions>
     <gpxdata:distance>6810.00</gpxdata:distance>
     <gpxdata:speed>7.225</gpxdata:speed>
    </extensions>
   </trkpt>
   <trkpt lat="47.4367297" lon="6.6298091">
    <ele>327</ele>
    <time>2026-06-09T15:39:18Z</time>
    <extensions>
     <gpxdata:distance>6817.50</gpxdata:distance>
     <gpxdata:speed>7.239</gpxdata:speed>
    </extensions>
   </trkpt>
   <trkpt lat="47.4367898" lon="6.6297694">
    <ele>327</ele>
    <time>2026-06-09T15:39:19Z</time>
    <extensions>
     <gpxdata:distance>6825.00</gpxdata:distance>
     <gpxdata:speed>7.269</gpxdata:speed>
    </extensions>
   </trkpt>
   <trkpt lat="47.4368506" lon="6.6297293">
    <ele>327</ele>
    <time>2026-06-09T15:39:20Z</time>
    <extensions>
     <gpxdata:distance>6832.50</gpxdata:distance>
     <gpxdata:speed>7.317</gpxdata:speed>
    </extensions>
   </trkpt>
   <trkpt lat="47.4369118" lon="6.6296894">
    <ele>327</ele>
    <time>2026-06-09T15:39:21Z</time>
    <extensions>
     <gpxdata:distance>6840.00</gpxdata:distance>
     <gpxdata:speed>7.353</gpxdata:speed>
    </extensions>
   </trkpt>
   <trkpt lat="47.4369736" lon="6.6296500">
    <ele>327</ele>
    <time>2026-06-09T15:39:22Z</time>
    <extensions>
     <gpxdata:distance>6847.50</gpxdata:distance>
     <gpxdata:speed>7.400</gpxdata:speed>
    </extensions>
   </trkpt>
   <trkpt lat="47.4370362" lon="6.6296099">
    <ele>327</ele>
    <time>2026-06-09T15:39:23Z</time>
    <extensions>
     <gpxdata:distance>6855.00</gpxdata:distance>
     <gpxdata:speed>7.472</gpxdata:speed>
    </extensions>
   </trkpt>
   <trkpt lat="47.4370994" lon="6.6295697">
    <ele>327</ele>
    <time>2026-06-09T15:39:24Z</time>
    <extensions>
     <gpxdata:distance>6862.50</gpxdata:distance>
     <gpxdata:speed>7.533</gpxdata:speed>
    </extensions>
   </trkpt>
   <trkpt lat="47.4371626" lon="6.6295298">
    <ele>327</ele>
    <time>2026-06-09T15:39:25Z</time>
    <extensions>
     <gpxdata:distance>6870.00</gpxdata:distance>
     <gpxdata:speed>7.569</gpxdata:speed>
    </extensions>
   </trkpt>
   <trkpt lat="47.4372255" lon="6.6294900">
    <ele>327</ele>
    <time>2026-06-09T15:39:26Z</time>
    <extensions>
     <gpxdata:distance>6877.50</gpxdata:distance>
     <gpxdata:speed>7.583</gpxdata:speed>
    </extensions>
   </trkpt>
   <trkpt lat="47.4372885" lon="6.6294498">
    <ele>327</ele>
    <time>2026-06-09T15:39:27Z</time>
    <extensions>
     <gpxdata:distance>6885.00</gpxdata:distance>
     <gpxdata:speed>7.606</gpxdata:speed>
    </extensions>
   </trkpt>
   <trkpt lat="47.4373514" lon="6.6294086">
    <ele>327</ele>
    <time>2026-06-09T15:39:28Z</time>
    <extensions>
     <gpxdata:distance>6893.00</gpxdata:distance>
     <gpxdata:speed>7.628</gpxdata:speed>
    </extensions>
   </trkpt>
   <trkpt lat="47.4374141" lon="6.6293662">
    <ele>327</ele>
    <time>2026-06-09T15:39:29Z</time>
    <extensions>
     <gpxdata:distance>6901.00</gpxdata:distance>
     <gpxdata:speed>7.642</gpxdata:speed>
    </extensions>
   </trkpt>
   <trkpt lat="47.4374765" lon="6.6293242">
    <ele>327</ele>
    <time>2026-06-09T15:39:30Z</time>
    <extensions>
     <gpxdata:distance>6908.50</gpxdata:distance>
     <gpxdata:speed>7.642</gpxdata:speed>
    </extensions>
   </trkpt>
   <trkpt lat="47.4375386" lon="6.6292827">
    <ele>327</ele>
    <time>2026-06-09T15:39:31Z</time>
    <extensions>
     <gpxdata:distance>6916.00</gpxdata:distance>
     <gpxdata:speed>7.614</gpxdata:speed>
    </extensions>
   </trkpt>
   <trkpt lat="47.4376010" lon="6.6292419">
    <ele>327</ele>
    <time>2026-06-09T15:39:32Z</time>
    <extensions>
     <gpxdata:distance>6923.50</gpxdata:distance>
     <gpxdata:speed>7.614</gpxdata:speed>
    </extensions>
   </trkpt>
   <trkpt lat="47.4376633" lon="6.6292017">
    <ele>327</ele>
    <time>2026-06-09T15:39:33Z</time>
    <extensions>
     <gpxdata:distance>6931.00</gpxdata:distance>
     <gpxdata:speed>7.594</gpxdata:speed>
    </extensions>
   </trkpt>
   <trkpt lat="47.4377252" lon="6.6291626">
    <ele>327</ele>
    <time>2026-06-09T15:39:34Z</time>
    <extensions>
     <gpxdata:distance>6938.50</gpxdata:distance>
     <gpxdata:speed>7.556</gpxdata:speed>
    </extensions>
   </trkpt>
   <trkpt lat="47.4377856" lon="6.6291245">
    <ele>327</ele>
    <time>2026-06-09T15:39:35Z</time>
    <extensions>
     <gpxdata:distance>6946.00</gpxdata:distance>
     <gpxdata:speed>7.461</gpxdata:speed>
    </extensions>
   </trkpt>
   <trkpt lat="47.4378444" lon="6.6290876">
    <ele>327</ele>
    <time>2026-06-09T15:39:36Z</time>
    <extensions>
     <gpxdata:distance>6952.50</gpxdata:distance>
     <gpxdata:speed>7.331</gpxdata:speed>
    </extensions>
   </trkpt>
   <trkpt lat="47.4379022" lon="6.6290522">
    <ele>327</ele>
    <time>2026-06-09T15:39:37Z</time>
    <extensions>
     <gpxdata:distance>6959.00</gpxdata:distance>
     <gpxdata:speed>7.206</gpxdata:speed>
    </extensions>
   </trkpt>
   <trkpt lat="47.4379602" lon="6.6290183">
    <ele>327</ele>
    <time>2026-06-09T15:39:38Z</time>
    <extensions>
     <gpxdata:distance>6966.00</gpxdata:distance>
     <gpxdata:speed>7.125</gpxdata:speed>
    </extensions>
   </trkpt>
   <trkpt lat="47.4380179" lon="6.6289869">
    <ele>327</ele>
    <time>2026-06-09T15:39:39Z</time>
    <extensions>
     <gpxdata:distance>6973.00</gpxdata:distance>
     <gpxdata:speed>7.022</gpxdata:speed>
    </extensions>
   </trkpt>
   <trkpt lat="47.4380721" lon="6.6289587">
    <ele>327</ele>
    <time>2026-06-09T15:39:40Z</time>
    <extensions>
     <gpxdata:distance>6978.50</gpxdata:distance>
     <gpxdata:speed>6.781</gpxdata:speed>
    </extensions>
   </trkpt>
   <trkpt lat="47.4381200" lon="6.6289329">
    <ele>327</ele>
    <time>2026-06-09T15:39:41Z</time>
    <extensions>
     <gpxdata:distance>6984.00</gpxdata:distance>
     <gpxdata:speed>6.364</gpxdata:speed>
    </extensions>
   </trkpt>
   <trkpt lat="47.4381584" lon="6.6289067">
    <ele>327</ele>
    <time>2026-06-09T15:39:42Z</time>
    <extensions>
     <gpxdata:distance>6986.00</gpxdata:distance>
     <gpxdata:speed>5.764</gpxdata:speed>
    </extensions>
   </trkpt>
   <trkpt lat="47.4381787" lon="6.6288862">
    <ele>327</ele>
    <time>2026-06-09T15:39:43Z</time>
    <extensions>
     <gpxdata:distance>6988.00</gpxdata:distance>
     <gpxdata:speed>5.764</gpxdata:speed>
    </extensions>
   </trkpt>
   <trkpt lat="47.4382001" lon="6.6288591">
    <ele>328</ele>
    <time>2026-06-09T15:39:44Z</time>
    <extensions>
     <gpxdata:distance>6991.50</gpxdata:distance>
     <gpxdata:speed>3.689</gpxdata:speed>
    </extensions>
   </trkpt>
   <trkpt lat="47.4382231" lon="6.6288304">
    <ele>328</ele>
    <time>2026-06-09T15:39:45Z</time>
    <extensions>
     <gpxdata:distance>6995.00</gpxdata:distance>
     <gpxdata:speed>3.689</gpxdata:speed>
    </extensions>
   </trkpt>
   <trkpt lat="47.4382494" lon="6.6288004">
    <ele>328</ele>
    <time>2026-06-09T15:39:46Z</time>
    <extensions>
     <gpxdata:distance>7001.00</gpxdata:distance>
     <gpxdata:speed>3.919</gpxdata:speed>
    </extensions>
   </trkpt>
   <trkpt lat="47.4382796" lon="6.6287679">
    <ele>329</ele>
    <time>2026-06-09T15:39:47Z</time>
    <extensions>
     <gpxdata:distance>7007.00</gpxdata:distance>
     <gpxdata:speed>4.300</gpxdata:speed>
    </extensions>
   </trkpt>
   <trkpt lat="47.4383140" lon="6.6287315">
    <ele>329</ele>
    <time>2026-06-09T15:39:48Z</time>
    <extensions>
     <gpxdata:distance>7012.50</gpxdata:distance>
     <gpxdata:speed>4.767</gpxdata:speed>
    </extensions>
   </trkpt>
   <trkpt lat="47.4383521" lon="6.6286906">
    <ele>329</ele>
    <time>2026-06-09T15:39:49Z</time>
    <extensions>
     <gpxdata:distance>7018.00</gpxdata:distance>
     <gpxdata:speed>5.031</gpxdata:speed>
    </extensions>
   </trkpt>
   <trkpt lat="47.4383935" lon="6.6286469">
    <ele>329</ele>
    <time>2026-06-09T15:39:50Z</time>
    <extensions>
     <gpxdata:distance>7024.00</gpxdata:distance>
     <gpxdata:speed>5.311</gpxdata:speed>
    </extensions>
   </trkpt>
   <trkpt lat="47.4384384" lon="6.6286051">
    <ele>329</ele>
    <time>2026-06-09T15:39:51Z</time>
    <extensions>
     <gpxdata:distance>7030.00</gpxdata:distance>
     <gpxdata:speed>5.806</gpxdata:speed>
    </extensions>
   </trkpt>
   <trkpt lat="47.4384859" lon="6.6285700">
    <ele>329</ele>
    <time>2026-06-09T15:39:52Z</time>
    <extensions>
     <gpxdata:distance>7036.00</gpxdata:distance>
     <gpxdata:speed>5.844</gpxdata:speed>
    </extensions>
   </trkpt>
   <trkpt lat="47.4385337" lon="6.6285408">
    <ele>329</ele>
    <time>2026-06-09T15:39:53Z</time>
    <extensions>
     <gpxdata:distance>7042.00</gpxdata:distance>
     <gpxdata:speed>5.686</gpxdata:speed>
    </extensions>
   </trkpt>
   <trkpt lat="47.4385803" lon="6.6285155">
    <ele>328</ele>
    <time>2026-06-09T15:39:54Z</time>
    <extensions>
     <gpxdata:distance>7047.00</gpxdata:distance>
     <gpxdata:speed>5.475</gpxdata:speed>
    </extensions>
   </trkpt>
   <trkpt lat="47.4386263" lon="6.6284923">
    <ele>328</ele>
    <time>2026-06-09T15:39:55Z</time>
    <extensions>
     <gpxdata:distance>7052.00</gpxdata:distance>
     <gpxdata:speed>5.406</gpxdata:speed>
    </extensions>
   </trkpt>
   <trkpt lat="47.4386726" lon="6.6284705">
    <ele>328</ele>
    <time>2026-06-09T15:39:56Z</time>
    <extensions>
     <gpxdata:distance>7058.00</gpxdata:distance>
     <gpxdata:speed>5.450</gpxdata:speed>
    </extensions>
   </trkpt>
   <trkpt lat="47.4387202" lon="6.6284485">
    <ele>328</ele>
    <time>2026-06-09T15:39:57Z</time>
    <extensions>
     <gpxdata:distance>7064.00</gpxdata:distance>
     <gpxdata:speed>5.589</gpxdata:speed>
    </extensions>
   </trkpt>
   <trkpt lat="47.4387683" lon="6.6284249">
    <ele>328</ele>
    <time>2026-06-09T15:39:58Z</time>
    <extensions>
     <gpxdata:distance>7069.50</gpxdata:distance>
     <gpxdata:speed>5.661</gpxdata:speed>
    </extensions>
   </trkpt>
   <trkpt lat="47.4388178" lon="6.6284006">
    <ele>328</ele>
    <time>2026-06-09T15:39:59Z</time>
    <extensions>
     <gpxdata:distance>7075.00</gpxdata:distance>
     <gpxdata:speed>5.806</gpxdata:speed>
    </extensions>
   </trkpt>
   <trkpt lat="47.4388683" lon="6.6283745">
    <ele>328</ele>
    <time>2026-06-09T15:40:00Z</time>
    <extensions>
     <gpxdata:distance>7081.50</gpxdata:distance>
     <gpxdata:speed>5.894</gpxdata:speed>
    </extensions>
   </trkpt>
   <trkpt lat="47.4389198" lon="6.6283456">
    <ele>328</ele>
    <time>2026-06-09T15:40:01Z</time>
    <extensions>
     <gpxdata:distance>7088.00</gpxdata:distance>
     <gpxdata:speed>6.006</gpxdata:speed>
    </extensions>
   </trkpt>
   <trkpt lat="47.4389900" lon="6.6283048">
    <ele>328</ele>
    <time>2026-06-09T15:40:02Z</time>
    <extensions>
     <gpxdata:distance>7094.50</gpxdata:distance>
     <gpxdata:speed>6.133</gpxdata:speed>
    </extensions>
   </trkpt>
   <trkpt lat="47.4390462" lon="6.6282720">
    <ele>328</ele>
    <time>2026-06-09T15:40:03Z</time>
    <extensions>
     <gpxdata:distance>7101.00</gpxdata:distance>
     <gpxdata:speed>6.392</gpxdata:speed>
    </extensions>
   </trkpt>
   <trkpt lat="47.4391022" lon="6.6282416">
    <ele>328</ele>
    <time>2026-06-09T15:40:04Z</time>
    <extensions>
     <gpxdata:distance>7107.50</gpxdata:distance>
     <gpxdata:speed>6.544</gpxdata:speed>
    </extensions>
   </trkpt>
   <trkpt lat="47.4391599" lon="6.6282139">
    <ele>328</ele>
    <time>2026-06-09T15:40:05Z</time>
    <extensions>
     <gpxdata:distance>7114.00</gpxdata:distance>
     <gpxdata:speed>6.694</gpxdata:speed>
    </extensions>
   </trkpt>
   <trkpt lat="47.4392187" lon="6.6281890">
    <ele>327</ele>
    <time>2026-06-09T15:40:06Z</time>
    <extensions>
     <gpxdata:distance>7121.00</gpxdata:distance>
     <gpxdata:speed>6.747</gpxdata:speed>
    </extensions>
   </trkpt>
   <trkpt lat="47.4392780" lon="6.6281662">
    <ele>327</ele>
    <time>2026-06-09T15:40:07Z</time>
    <extensions>
     <gpxdata:distance>7128.00</gpxdata:distance>
     <gpxdata:speed>6.778</gpxdata:speed>
    </extensions>
   </trkpt>
   <trkpt lat="47.4393389" lon="6.6281479">
    <ele>328</ele>
    <time>2026-06-09T15:40:08Z</time>
    <extensions>
     <gpxdata:distance>7135.00</gpxdata:distance>
     <gpxdata:speed>6.894</gpxdata:speed>
    </extensions>
   </trkpt>
   <trkpt lat="47.4394007" lon="6.6281363">
    <ele>328</ele>
    <time>2026-06-09T15:40:09Z</time>
    <extensions>
     <gpxdata:distance>7142.00</gpxdata:distance>
     <gpxdata:speed>6.922</gpxdata:speed>
    </extensions>
   </trkpt>
   <trkpt lat="47.4394627" lon="6.6281344">
    <ele>327</ele>
    <time>2026-06-09T15:40:10Z</time>
    <extensions>
     <gpxdata:distance>7149.00</gpxdata:distance>
     <gpxdata:speed>6.897</gpxdata:speed>
    </extensions>
   </trkpt>
   <trkpt lat="47.4395244" lon="6.6281423">
    <ele>327</ele>
    <time>2026-06-09T15:40:11Z</time>
    <extensions>
     <gpxdata:distance>7156.00</gpxdata:distance>
     <gpxdata:speed>6.903</gpxdata:speed>
    </extensions>
   </trkpt>
   <trkpt lat="47.4395854" lon="6.6281564">
    <ele>327</ele>
    <time>2026-06-09T15:40:12Z</time>
    <extensions>
     <gpxdata:distance>7162.50</gpxdata:distance>
     <gpxdata:speed>6.872</gpxdata:speed>
    </extensions>
   </trkpt>
   <trkpt lat="47.4396451" lon="6.6281741">
    <ele>327</ele>
    <time>2026-06-09T15:40:13Z</time>
    <extensions>
     <gpxdata:distance>7169.00</gpxdata:distance>
     <gpxdata:speed>6.811</gpxdata:speed>
    </extensions>
   </trkpt>
   <trkpt lat="47.4397048" lon="6.6281950">
    <ele>327</ele>
    <time>2026-06-09T15:40:14Z</time>
    <extensions>
     <gpxdata:distance>7172.50</gpxdata:distance>
     <gpxdata:speed>6.822</gpxdata:speed>
    </extensions>
   </trkpt>
   <trkpt lat="47.4397647" lon="6.6282185">
    <ele>327</ele>
    <time>2026-06-09T15:40:15Z</time>
    <extensions>
     <gpxdata:distance>7176.00</gpxdata:distance>
     <gpxdata:speed>6.822</gpxdata:speed>
    </extensions>
   </trkpt>
   <trkpt lat="47.4398255" lon="6.6282424">
    <ele>327</ele>
    <time>2026-06-09T15:40:16Z</time>
    <extensions>
     <gpxdata:distance>7186.50</gpxdata:distance>
     <gpxdata:speed>6.908</gpxdata:speed>
    </extensions>
   </trkpt>
   <trkpt lat="47.4398869" lon="6.6282644">
    <ele>327</ele>
    <time>2026-06-09T15:40:17Z</time>
    <extensions>
     <gpxdata:distance>7197.00</gpxdata:distance>
     <gpxdata:speed>6.950</gpxdata:speed>
    </extensions>
   </trkpt>
   <trkpt lat="47.4399489" lon="6.6282835">
    <ele>327</ele>
    <time>2026-06-09T15:40:18Z</time>
    <extensions>
     <gpxdata:distance>7204.00</gpxdata:distance>
     <gpxdata:speed>6.978</gpxdata:speed>
    </extensions>
   </trkpt>
   <trkpt lat="47.4400111" lon="6.6283013">
    <ele>327</ele>
    <time>2026-06-09T15:40:19Z</time>
    <extensions>
     <gpxdata:distance>7211.00</gpxdata:distance>
     <gpxdata:speed>7.000</gpxdata:speed>
    </extensions>
   </trkpt>
   <trkpt lat="47.4400734" lon="6.6283197">
    <ele>327</ele>
    <time>2026-06-09T15:40:20Z</time>
    <extensions>
     <gpxdata:distance>7218.00</gpxdata:distance>
     <gpxdata:speed>7.025</gpxdata:speed>
    </extensions>
   </trkpt>
   <trkpt lat="47.4401355" lon="6.6283398">
    <ele>327</ele>
    <time>2026-06-09T15:40:21Z</time>
    <extensions>
     <gpxdata:distance>7225.00</gpxdata:distance>
     <gpxdata:speed>7.042</gpxdata:speed>
    </extensions>
   </trkpt>
   <trkpt lat="47.4401975" lon="6.6283623">
    <ele>327</ele>
    <time>2026-06-09T15:40:22Z</time>
    <extensions>
     <gpxdata:distance>7232.50</gpxdata:distance>
     <gpxdata:speed>7.067</gpxdata:speed>
    </extensions>
   </trkpt>
   <trkpt lat="47.4402595" lon="6.6283866">
    <ele>327</ele>
    <time>2026-06-09T15:40:23Z</time>
    <extensions>
     <gpxdata:distance>7240.00</gpxdata:distance>
     <gpxdata:speed>7.094</gpxdata:speed>
    </extensions>
   </trkpt>
   <trkpt lat="47.4403215" lon="6.6284108">
    <ele>327</ele>
    <time>2026-06-09T15:40:24Z</time>
    <extensions>
     <gpxdata:distance>7247.00</gpxdata:distance>
     <gpxdata:speed>7.111</gpxdata:speed>
    </extensions>
   </trkpt>
   <trkpt lat="47.4403836" lon="6.6284337">
    <ele>327</ele>
    <time>2026-06-09T15:40:25Z</time>
    <extensions>
     <gpxdata:distance>7254.00</gpxdata:distance>
     <gpxdata:speed>7.117</gpxdata:speed>
    </extensions>
   </trkpt>
   <trkpt lat="47.4404456" lon="6.6284550">
    <ele>327</ele>
    <time>2026-06-09T15:40:26Z</time>
    <extensions>
     <gpxdata:distance>7261.00</gpxdata:distance>
     <gpxdata:speed>7.106</gpxdata:speed>
    </extensions>
   </trkpt>
   <trkpt lat="47.4405079" lon="6.6284763">
    <ele>327</ele>
    <time>2026-06-09T15:40:27Z</time>
    <extensions>
     <gpxdata:distance>7268.00</gpxdata:distance>
     <gpxdata:speed>7.111</gpxdata:speed>
    </extensions>
   </trkpt>
   <trkpt lat="47.4405706" lon="6.6284990">
    <ele>327</ele>
    <time>2026-06-09T15:40:28Z</time>
    <extensions>
     <gpxdata:distance>7275.00</gpxdata:distance>
     <gpxdata:speed>7.142</gpxdata:speed>
    </extensions>
   </trkpt>
   <trkpt lat="47.4406329" lon="6.6285226">
    <ele>327</ele>
    <time>2026-06-09T15:40:29Z</time>
    <extensions>
     <gpxdata:distance>7282.00</gpxdata:distance>
     <gpxdata:speed>7.144</gpxdata:speed>
    </extensions>
   </trkpt>
   <trkpt lat="47.4406943" lon="6.6285493">
    <ele>327</ele>
    <time>2026-06-09T15:40:30Z</time>
    <extensions>
     <gpxdata:distance>7286.00</gpxdata:distance>
     <gpxdata:speed>7.136</gpxdata:speed>
    </extensions>
   </trkpt>
   <trkpt lat="47.4407528" lon="6.6285842">
    <ele>327</ele>
    <time>2026-06-09T15:40:31Z</time>
    <extensions>
     <gpxdata:distance>7290.00</gpxdata:distance>
     <gpxdata:speed>7.136</gpxdata:speed>
    </extensions>
   </trkpt>
   <trkpt lat="47.4408079" lon="6.6286295">
    <ele>328</ele>
    <time>2026-06-09T15:40:32Z</time>
    <extensions>
     <gpxdata:distance>7300.50</gpxdata:distance>
     <gpxdata:speed>7.094</gpxdata:speed>
    </extensions>
   </trkpt>
   <trkpt lat="47.4408612" lon="6.6286805">
    <ele>328</ele>
    <time>2026-06-09T15:40:33Z</time>
    <extensions>
     <gpxdata:distance>7311.00</gpxdata:distance>
     <gpxdata:speed>7.086</gpxdata:speed>
    </extensions>
   </trkpt>
   <trkpt lat="47.4409146" lon="6.6287283">
    <ele>328</ele>
    <time>2026-06-09T15:40:34Z</time>
    <extensions>
     <gpxdata:distance>7317.50</gpxdata:distance>
     <gpxdata:speed>7.031</gpxdata:speed>
    </extensions>
   </trkpt>
   <trkpt lat="47.4409705" lon="6.6287660">
    <ele>328</ele>
    <time>2026-06-09T15:40:35Z</time>
    <extensions>
     <gpxdata:distance>7324.00</gpxdata:distance>
     <gpxdata:speed>6.978</gpxdata:speed>
    </extensions>
   </trkpt>
   <trkpt lat="47.4410293" lon="6.6287921">
    <ele>328</ele>
    <time>2026-06-09T15:40:36Z</time>
    <extensions>
     <gpxdata:distance>7331.00</gpxdata:distance>
     <gpxdata:speed>6.950</gpxdata:speed>
    </extensions>
   </trkpt>
   <trkpt lat="47.4410897" lon="6.6288104">
    <ele>328</ele>
    <time>2026-06-09T15:40:37Z</time>
    <extensions>
     <gpxdata:distance>7338.00</gpxdata:distance>
     <gpxdata:speed>6.931</gpxdata:speed>
    </extensions>
   </trkpt>
   <trkpt lat="47.4411508" lon="6.6288273">
    <ele>328</ele>
    <time>2026-06-09T15:40:38Z</time>
    <extensions>
     <gpxdata:distance>7345.00</gpxdata:distance>
     <gpxdata:speed>6.922</gpxdata:speed>
    </extensions>
   </trkpt>
   <trkpt lat="47.4412118" lon="6.6288467">
    <ele>328</ele>
    <time>2026-06-09T15:40:39Z</time>
    <extensions>
     <gpxdata:distance>7352.00</gpxdata:distance>
     <gpxdata:speed>6.928</gpxdata:speed>
    </extensions>
   </trkpt>
   <trkpt lat="47.4412731" lon="6.6288686">
    <ele>328</ele>
    <time>2026-06-09T15:40:40Z</time>
    <extensions>
     <gpxdata:distance>7359.00</gpxdata:distance>
     <gpxdata:speed>6.961</gpxdata:speed>
    </extensions>
   </trkpt>
   <trkpt lat="47.4413354" lon="6.6288903">
    <ele>328</ele>
    <time>2026-06-09T15:40:41Z</time>
    <extensions>
     <gpxdata:distance>7366.00</gpxdata:distance>
     <gpxdata:speed>7.019</gpxdata:speed>
    </extensions>
   </trkpt>
   <trkpt lat="47.4413985" lon="6.6289105">
    <ele>328</ele>
    <time>2026-06-09T15:40:42Z</time>
    <extensions>
     <gpxdata:distance>7373.50</gpxdata:distance>
     <gpxdata:speed>7.072</gpxdata:speed>
    </extensions>
   </trkpt>
   <trkpt lat="47.4414623" lon="6.6289297">
    <ele>328</ele>
    <time>2026-06-09T15:40:43Z</time>
    <extensions>
     <gpxdata:distance>7381.00</gpxdata:distance>
     <gpxdata:speed>7.131</gpxdata:speed>
    </extensions>
   </trkpt>
   <trkpt lat="47.4415268" lon="6.6289478">
    <ele>328</ele>
    <time>2026-06-09T15:40:44Z</time>
    <extensions>
     <gpxdata:distance>7388.00</gpxdata:distance>
     <gpxdata:speed>7.194</gpxdata:speed>
    </extensions>
   </trkpt>
   <trkpt lat="47.4415917" lon="6.6289661">
    <ele>328</ele>
    <time>2026-06-09T15:40:45Z</time>
    <extensions>
     <gpxdata:distance>7395.00</gpxdata:distance>
     <gpxdata:speed>7.253</gpxdata:speed>
    </extensions>
   </trkpt>
   <trkpt lat="47.4416568" lon="6.6289823">
    <ele>328</ele>
    <time>2026-06-09T15:40:46Z</time>
    <extensions>
     <gpxdata:distance>7402.50</gpxdata:distance>
     <gpxdata:speed>7.286</gpxdata:speed>
    </extensions>
   </trkpt>
   <trkpt lat="47.4417220" lon="6.6289909">
    <ele>328</ele>
    <time>2026-06-09T15:40:47Z</time>
    <extensions>
     <gpxdata:distance>7410.00</gpxdata:distance>
     <gpxdata:speed>7.294</gpxdata:speed>
    </extensions>
   </trkpt>
   <trkpt lat="47.4417875" lon="6.6289887">
    <ele>328</ele>
    <time>2026-06-09T15:40:48Z</time>
    <extensions>
     <gpxdata:distance>7417.50</gpxdata:distance>
     <gpxdata:speed>7.314</gpxdata:speed>
    </extensions>
   </trkpt>
   <trkpt lat="47.4418536" lon="6.6289806">
    <ele>327</ele>
    <time>2026-06-09T15:40:49Z</time>
    <extensions>
     <gpxdata:distance>7425.00</gpxdata:distance>
     <gpxdata:speed>7.347</gpxdata:speed>
    </extensions>
   </trkpt>
   <trkpt lat="47.4419202" lon="6.6289748">
    <ele>328</ele>
    <time>2026-06-09T15:40:50Z</time>
    <extensions>
     <gpxdata:distance>7432.50</gpxdata:distance>
     <gpxdata:speed>7.386</gpxdata:speed>
    </extensions>
   </trkpt>
   <trkpt lat="47.4419872" lon="6.6289765">
    <ele>328</ele>
    <time>2026-06-09T15:40:51Z</time>
    <extensions>
     <gpxdata:distance>7440.00</gpxdata:distance>
     <gpxdata:speed>7.422</gpxdata:speed>
    </extensions>
   </trkpt>
   <trkpt lat="47.4420534" lon="6.6289860">
    <ele>328</ele>
    <time>2026-06-09T15:40:52Z</time>
    <extensions>
     <gpxdata:distance>7447.00</gpxdata:distance>
     <gpxdata:speed>7.419</gpxdata:speed>
    </extensions>
   </trkpt>
   <trkpt lat="47.4421188" lon="6.6290030">
    <ele>328</ele>
    <time>2026-06-09T15:40:53Z</time>
    <extensions>
     <gpxdata:distance>7454.00</gpxdata:distance>
     <gpxdata:speed>7.414</gpxdata:speed>
    </extensions>
   </trkpt>
   <trkpt lat="47.4421837" lon="6.6290245">
    <ele>328</ele>
    <time>2026-06-09T15:40:54Z</time>
    <extensions>
     <gpxdata:distance>7461.50</gpxdata:distance>
     <gpxdata:speed>7.411</gpxdata:speed>
    </extensions>
   </trkpt>
   <trkpt lat="47.4422482" lon="6.6290476">
    <ele>328</ele>
    <time>2026-06-09T15:40:55Z</time>
    <extensions>
     <gpxdata:distance>7469.00</gpxdata:distance>
     <gpxdata:speed>7.397</gpxdata:speed>
    </extensions>
   </trkpt>
   <trkpt lat="47.4423116" lon="6.6290722">
    <ele>328</ele>
    <time>2026-06-09T15:40:56Z</time>
    <extensions>
     <gpxdata:distance>7476.50</gpxdata:distance>
     <gpxdata:speed>7.356</gpxdata:speed>
    </extensions>
   </trkpt>
   <trkpt lat="47.4423742" lon="6.6290968">
    <ele>328</ele>
    <time>2026-06-09T15:40:57Z</time>
    <extensions>
     <gpxdata:distance>7484.00</gpxdata:distance>
     <gpxdata:speed>7.300</gpxdata:speed>
    </extensions>
   </trkpt>
   <trkpt lat="47.4424361" lon="6.6291202">
    <ele>327</ele>
    <time>2026-06-09T15:40:58Z</time>
    <extensions>
     <gpxdata:distance>7491.00</gpxdata:distance>
     <gpxdata:speed>7.228</gpxdata:speed>
    </extensions>
   </trkpt>
   <trkpt lat="47.4424980" lon="6.6291417">
    <ele>327</ele>
    <time>2026-06-09T15:40:59Z</time>
    <extensions>
     <gpxdata:distance>7498.00</gpxdata:distance>
     <gpxdata:speed>7.181</gpxdata:speed>
    </extensions>
   </trkpt>
   <trkpt lat="47.4425607" lon="6.6291618">
    <ele>327</ele>
    <time>2026-06-09T15:41:00Z</time>
    <extensions>
     <gpxdata:distance>7505.00</gpxdata:distance>
     <gpxdata:speed>7.172</gpxdata:speed>
    </extensions>
   </trkpt>
   <trkpt lat="47.4426242" lon="6.6291817">
    <ele>327</ele>
    <time>2026-06-09T15:41:01Z</time>
    <extensions>
     <gpxdata:distance>7512.00</gpxdata:distance>
     <gpxdata:speed>7.197</gpxdata:speed>
    </extensions>
   </trkpt>
   <trkpt lat="47.4426885" lon="6.6292015">
    <ele>327</ele>
    <time>2026-06-09T15:41:02Z</time>
    <extensions>
     <gpxdata:distance>7519.50</gpxdata:distance>
     <gpxdata:speed>7.233</gpxdata:speed>
    </extensions>
   </trkpt>
   <trkpt lat="47.4427527" lon="6.6292208">
    <ele>327</ele>
    <time>2026-06-09T15:41:03Z</time>
    <extensions>
     <gpxdata:distance>7527.00</gpxdata:distance>
     <gpxdata:speed>7.247</gpxdata:speed>
    </extensions>
   </trkpt>
   <trkpt lat="47.4428163" lon="6.6292392">
    <ele>327</ele>
    <time>2026-06-09T15:41:04Z</time>
    <extensions>
     <gpxdata:distance>7534.00</gpxdata:distance>
     <gpxdata:speed>7.222</gpxdata:speed>
    </extensions>
   </trkpt>
   <trkpt lat="47.4428793" lon="6.6292590">
    <ele>327</ele>
    <time>2026-06-09T15:41:05Z</time>
    <extensions>
     <gpxdata:distance>7541.00</gpxdata:distance>
     <gpxdata:speed>7.197</gpxdata:speed>
    </extensions>
   </trkpt>
   <trkpt lat="47.4429420" lon="6.6292811">
    <ele>327</ele>
    <time>2026-06-09T15:41:06Z</time>
    <extensions>
     <gpxdata:distance>7548.50</gpxdata:distance>
     <gpxdata:speed>7.200</gpxdata:speed>
    </extensions>
   </trkpt>
   <trkpt lat="47.4430046" lon="6.6293056">
    <ele>327</ele>
    <time>2026-06-09T15:41:07Z</time>
    <extensions>
     <gpxdata:distance>7556.00</gpxdata:distance>
     <gpxdata:speed>7.200</gpxdata:speed>
    </extensions>
   </trkpt>
   <trkpt lat="47.4430666" lon="6.6293311">
    <ele>327</ele>
    <time>2026-06-09T15:41:08Z</time>
    <extensions>
     <gpxdata:distance>7563.00</gpxdata:distance>
     <gpxdata:speed>7.189</gpxdata:speed>
    </extensions>
   </trkpt>
   <trkpt lat="47.4431281" lon="6.6293591">
    <ele>327</ele>
    <time>2026-06-09T15:41:09Z</time>
    <extensions>
     <gpxdata:distance>7570.00</gpxdata:distance>
     <gpxdata:speed>7.181</gpxdata:speed>
    </extensions>
   </trkpt>
   <trkpt lat="47.4431898" lon="6.6293892">
    <ele>327</ele>
    <time>2026-06-09T15:41:10Z</time>
    <extensions>
     <gpxdata:distance>7577.50</gpxdata:distance>
     <gpxdata:speed>7.206</gpxdata:speed>
    </extensions>
   </trkpt>
   <trkpt lat="47.4432518" lon="6.6294214">
    <ele>327</ele>
    <time>2026-06-09T15:41:11Z</time>
    <extensions>
     <gpxdata:distance>7585.00</gpxdata:distance>
     <gpxdata:speed>7.244</gpxdata:speed>
    </extensions>
   </trkpt>
   <trkpt lat="47.4433143" lon="6.6294546">
    <ele>327</ele>
    <time>2026-06-09T15:41:12Z</time>
    <extensions>
     <gpxdata:distance>7592.00</gpxdata:distance>
     <gpxdata:speed>7.297</gpxdata:speed>
    </extensions>
   </trkpt>
   <trkpt lat="47.4433767" lon="6.6294876">
    <ele>327</ele>
    <time>2026-06-09T15:41:13Z</time>
    <extensions>
     <gpxdata:distance>7599.00</gpxdata:distance>
     <gpxdata:speed>7.317</gpxdata:speed>
    </extensions>
   </trkpt>
   <trkpt lat="47.4434389" lon="6.6295207">
    <ele>327</ele>
    <time>2026-06-09T15:41:14Z</time>
    <extensions>
     <gpxdata:distance>7603.00</gpxdata:distance>
     <gpxdata:speed>7.328</gpxdata:speed>
    </extensions>
   </trkpt>
   <trkpt lat="47.4435015" lon="6.6295542">
    <ele>327</ele>
    <time>2026-06-09T15:41:15Z</time>
    <extensions>
     <gpxdata:distance>7607.00</gpxdata:distance>
     <gpxdata:speed>7.328</gpxdata:speed>
    </extensions>
   </trkpt>
   <trkpt lat="47.4435644" lon="6.6295881">
    <ele>327</ele>
    <time>2026-06-09T15:41:16Z</time>
    <extensions>
     <gpxdata:distance>7618.00</gpxdata:distance>
     <gpxdata:speed>7.397</gpxdata:speed>
    </extensions>
   </trkpt>
   <trkpt lat="47.4436270" lon="6.6296224">
    <ele>327</ele>
    <time>2026-06-09T15:41:17Z</time>
    <extensions>
     <gpxdata:distance>7629.00</gpxdata:distance>
     <gpxdata:speed>7.406</gpxdata:speed>
    </extensions>
   </trkpt>
   <trkpt lat="47.4436893" lon="6.6296564">
    <ele>327</ele>
    <time>2026-06-09T15:41:18Z</time>
    <extensions>
     <gpxdata:distance>7636.50</gpxdata:distance>
     <gpxdata:speed>7.397</gpxdata:speed>
    </extensions>
   </trkpt>
   <trkpt lat="47.4437516" lon="6.6296896">
    <ele>327</ele>
    <time>2026-06-09T15:41:19Z</time>
    <extensions>
     <gpxdata:distance>7644.00</gpxdata:distance>
     <gpxdata:speed>7.389</gpxdata:speed>
    </extensions>
   </trkpt>
   <trkpt lat="47.4438140" lon="6.6297226">
    <ele>327</ele>
    <time>2026-06-09T15:41:20Z</time>
    <extensions>
     <gpxdata:distance>7651.00</gpxdata:distance>
     <gpxdata:speed>7.389</gpxdata:speed>
    </extensions>
   </trkpt>
   <trkpt lat="47.4438767" lon="6.6297546">
    <ele>327</ele>
    <time>2026-06-09T15:41:21Z</time>
    <extensions>
     <gpxdata:distance>7658.00</gpxdata:distance>
     <gpxdata:speed>7.386</gpxdata:speed>
    </extensions>
   </trkpt>
   <trkpt lat="47.4439395" lon="6.6297868">
    <ele>327</ele>
    <time>2026-06-09T15:41:22Z</time>
    <extensions>
     <gpxdata:distance>7665.50</gpxdata:distance>
     <gpxdata:speed>7.394</gpxdata:speed>
    </extensions>
   </trkpt>
   <trkpt lat="47.4440019" lon="6.6298192">
    <ele>327</ele>
    <time>2026-06-09T15:41:23Z</time>
    <extensions>
     <gpxdata:distance>7673.00</gpxdata:distance>
     <gpxdata:speed>7.381</gpxdata:speed>
    </extensions>
   </trkpt>
   <trkpt lat="47.4440643" lon="6.6298521">
    <ele>327</ele>
    <time>2026-06-09T15:41:24Z</time>
    <extensions>
     <gpxdata:distance>7680.50</gpxdata:distance>
     <gpxdata:speed>7.375</gpxdata:speed>
    </extensions>
   </trkpt>
   <trkpt lat="47.4441269" lon="6.6298838">
    <ele>327</ele>
    <time>2026-06-09T15:41:25Z</time>
    <extensions>
     <gpxdata:distance>7688.00</gpxdata:distance>
     <gpxdata:speed>7.372</gpxdata:speed>
    </extensions>
   </trkpt>
   <trkpt lat="47.4441898" lon="6.6299151">
    <ele>327</ele>
    <time>2026-06-09T15:41:26Z</time>
    <extensions>
     <gpxdata:distance>7695.50</gpxdata:distance>
     <gpxdata:speed>7.381</gpxdata:speed>
    </extensions>
   </trkpt>
   <trkpt lat="47.4442530" lon="6.6299467">
    <ele>327</ele>
    <time>2026-06-09T15:41:27Z</time>
    <extensions>
     <gpxdata:distance>7703.00</gpxdata:distance>
     <gpxdata:speed>7.400</gpxdata:speed>
    </extensions>
   </trkpt>
   <trkpt lat="47.4443163" lon="6.6299794">
    <ele>327</ele>
    <time>2026-06-09T15:41:28Z</time>
    <extensions>
     <gpxdata:distance>7710.50</gpxdata:distance>
     <gpxdata:speed>7.422</gpxdata:speed>
    </extensions>
   </trkpt>
   <trkpt lat="47.4443802" lon="6.6300127">
    <ele>327</ele>
    <time>2026-06-09T15:41:29Z</time>
    <extensions>
     <gpxdata:distance>7718.00</gpxdata:distance>
     <gpxdata:speed>7.467</gpxdata:speed>
    </extensions>
   </trkpt>
   <trkpt lat="47.4444450" lon="6.6300449">
    <ele>327</ele>
    <time>2026-06-09T15:41:30Z</time>
    <extensions>
     <gpxdata:distance>7725.50</gpxdata:distance>
     <gpxdata:speed>7.519</gpxdata:speed>
    </extensions>
   </trkpt>
   <trkpt lat="47.4445102" lon="6.6300751">
    <ele>327</ele>
    <time>2026-06-09T15:41:31Z</time>
    <extensions>
     <gpxdata:distance>7733.00</gpxdata:distance>
     <gpxdata:speed>7.544</gpxdata:speed>
    </extensions>
   </trkpt>
   <trkpt lat="47.4445752" lon="6.6301049">
    <ele>327</ele>
    <time>2026-06-09T15:41:32Z</time>
    <extensions>
     <gpxdata:distance>7740.50</gpxdata:distance>
     <gpxdata:speed>7.547</gpxdata:speed>
    </extensions>
   </trkpt>
   <trkpt lat="47.4446399" lon="6.6301352">
    <ele>327</ele>
    <time>2026-06-09T15:41:33Z</time>
    <extensions>
     <gpxdata:distance>7748.00</gpxdata:distance>
     <gpxdata:speed>7.553</gpxdata:speed>
    </extensions>
   </trkpt>
   <trkpt lat="47.4447044" lon="6.6301667">
    <ele>327</ele>
    <time>2026-06-09T15:41:34Z</time>
    <extensions>
     <gpxdata:distance>7755.50</gpxdata:distance>
     <gpxdata:speed>7.558</gpxdata:speed>
    </extensions>
   </trkpt>
   <trkpt lat="47.4447686" lon="6.6301985">
    <ele>327</ele>
    <time>2026-06-09T15:41:35Z</time>
    <extensions>
     <gpxdata:distance>7763.00</gpxdata:distance>
     <gpxdata:speed>7.547</gpxdata:speed>
    </extensions>
   </trkpt>
   <trkpt lat="47.4448327" lon="6.6302314">
    <ele>327</ele>
    <time>2026-06-09T15:41:36Z</time>
    <extensions>
     <gpxdata:distance>7770.50</gpxdata:distance>
     <gpxdata:speed>7.550</gpxdata:speed>
    </extensions>
   </trkpt>
   <trkpt lat="47.4448965" lon="6.6302644">
    <ele>327</ele>
    <time>2026-06-09T15:41:37Z</time>
    <extensions>
     <gpxdata:distance>7778.00</gpxdata:distance>
     <gpxdata:speed>7.539</gpxdata:speed>
    </extensions>
   </trkpt>
   <trkpt lat="47.4449601" lon="6.6302968">
    <ele>327</ele>
    <time>2026-06-09T15:41:38Z</time>
    <extensions>
     <gpxdata:distance>7785.50</gpxdata:distance>
     <gpxdata:speed>7.519</gpxdata:speed>
    </extensions>
   </trkpt>
   <trkpt lat="47.4450240" lon="6.6303292">
    <ele>327</ele>
    <time>2026-06-09T15:41:39Z</time>
    <extensions>
     <gpxdata:distance>7793.00</gpxdata:distance>
     <gpxdata:speed>7.528</gpxdata:speed>
    </extensions>
   </trkpt>
   <trkpt lat="47.4450881" lon="6.6303617">
    <ele>327</ele>
    <time>2026-06-09T15:41:40Z</time>
    <extensions>
     <gpxdata:distance>7801.00</gpxdata:distance>
     <gpxdata:speed>7.531</gpxdata:speed>
    </extensions>
   </trkpt>
   <trkpt lat="47.4451524" lon="6.6303950">
    <ele>327</ele>
    <time>2026-06-09T15:41:41Z</time>
    <extensions>
     <gpxdata:distance>7809.00</gpxdata:distance>
     <gpxdata:speed>7.553</gpxdata:speed>
    </extensions>
   </trkpt>
   <trkpt lat="47.4452170" lon="6.6304270">
    <ele>327</ele>
    <time>2026-06-09T15:41:42Z</time>
    <extensions>
     <gpxdata:distance>7816.50</gpxdata:distance>
     <gpxdata:speed>7.561</gpxdata:speed>
    </extensions>
   </trkpt>
   <trkpt lat="47.4452814" lon="6.6304578">
    <ele>327</ele>
    <time>2026-06-09T15:41:43Z</time>
    <extensions>
     <gpxdata:distance>7824.00</gpxdata:distance>
     <gpxdata:speed>7.544</gpxdata:speed>
    </extensions>
   </trkpt>
   <trkpt lat="47.4453450" lon="6.6304888">
    <ele>327</ele>
    <time>2026-06-09T15:41:44Z</time>
    <extensions>
     <gpxdata:distance>7831.00</gpxdata:distance>
     <gpxdata:speed>7.511</gpxdata:speed>
    </extensions>
   </trkpt>
   <trkpt lat="47.4454081" lon="6.6305207">
    <ele>327</ele>
    <time>2026-06-09T15:41:45Z</time>
    <extensions>
     <gpxdata:distance>7838.00</gpxdata:distance>
     <gpxdata:speed>7.483</gpxdata:speed>
    </extensions>
   </trkpt>
   <trkpt lat="47.4454712" lon="6.6305525">
    <ele>327</ele>
    <time>2026-06-09T15:41:46Z</time>
    <extensions>
     <gpxdata:distance>7845.50</gpxdata:distance>
     <gpxdata:speed>7.461</gpxdata:speed>
    </extensions>
   </trkpt>
   <trkpt lat="47.4455340" lon="6.6305826">
    <ele>327</ele>
    <time>2026-06-09T15:41:47Z</time>
    <extensions>
     <gpxdata:distance>7853.00</gpxdata:distance>
     <gpxdata:speed>7.419</gpxdata:speed>
    </extensions>
   </trkpt>
   <trkpt lat="47.4455946" lon="6.6306056">
    <ele>327</ele>
    <time>2026-06-09T15:41:48Z</time>
    <extensions>
     <gpxdata:distance>7859.50</gpxdata:distance>
     <gpxdata:speed>7.239</gpxdata:speed>
    </extensions>
   </trkpt>
   <trkpt lat="47.4456534" lon="6.6306217">
    <ele>327</ele>
    <time>2026-06-09T15:41:49Z</time>
    <extensions>
     <gpxdata:distance>7866.00</gpxdata:distance>
     <gpxdata:speed>7.036</gpxdata:speed>
    </extensions>
   </trkpt>
   <trkpt lat="47.4457126" lon="6.6306282">
    <ele>327</ele>
    <time>2026-06-09T15:41:50Z</time>
    <extensions>
     <gpxdata:distance>7872.50</gpxdata:distance>
     <gpxdata:speed>6.906</gpxdata:speed>
    </extensions>
   </trkpt>
   <trkpt lat="47.4457712" lon="6.6306289">
    <ele>327</ele>
    <time>2026-06-09T15:41:51Z</time>
    <extensions>
     <gpxdata:distance>7879.00</gpxdata:distance>
     <gpxdata:speed>6.611</gpxdata:speed>
    </extensions>
   </trkpt>
   <trkpt lat="47.4458251" lon="6.6306286">
    <ele>327</ele>
    <time>2026-06-09T15:41:52Z</time>
    <extensions>
     <gpxdata:distance>7884.50</gpxdata:distance>
     <gpxdata:speed>6.036</gpxdata:speed>
    </extensions>
   </trkpt>
   <trkpt lat="47.4458745" lon="6.6306400">
    <ele>327</ele>
    <time>2026-06-09T15:41:53Z</time>
    <extensions>
     <gpxdata:distance>7890.00</gpxdata:distance>
     <gpxdata:speed>5.778</gpxdata:speed>
    </extensions>
   </trkpt>
   <trkpt lat="47.4459094" lon="6.6306595">
    <ele>327</ele>
    <time>2026-06-09T15:41:54Z</time>
    <extensions>
     <gpxdata:distance>7896.50</gpxdata:distance>
     <gpxdata:speed>5.983</gpxdata:speed>
    </extensions>
   </trkpt>
   <trkpt lat="47.4459529" lon="6.6306979">
    <ele>327</ele>
    <time>2026-06-09T15:41:55Z</time>
    <extensions>
     <gpxdata:distance>7903.00</gpxdata:distance>
     <gpxdata:speed>6.319</gpxdata:speed>
    </extensions>
   </trkpt>
   <trkpt lat="47.4460142" lon="6.6307650">
    <ele>327</ele>
    <time>2026-06-09T15:41:56Z</time>
    <extensions>
     <gpxdata:distance>7909.50</gpxdata:distance>
     <gpxdata:speed>6.433</gpxdata:speed>
    </extensions>
   </trkpt>
   <trkpt lat="47.4460618" lon="6.6308237">
    <ele>327</ele>
    <time>2026-06-09T15:41:57Z</time>
    <extensions>
     <gpxdata:distance>7916.00</gpxdata:distance>
     <gpxdata:speed>6.469</gpxdata:speed>
    </extensions>
   </trkpt>
   <trkpt lat="47.4461093" lon="6.6308802">
    <ele>327</ele>
    <time>2026-06-09T15:41:58Z</time>
    <extensions>
     <gpxdata:distance>7923.00</gpxdata:distance>
     <gpxdata:speed>6.544</gpxdata:speed>
    </extensions>
   </trkpt>
   <trkpt lat="47.4461575" lon="6.6309367">
    <ele>327</ele>
    <time>2026-06-09T15:41:59Z</time>
    <extensions>
     <gpxdata:distance>7930.00</gpxdata:distance>
     <gpxdata:speed>6.639</gpxdata:speed>
    </extensions>
   </trkpt>
   <trkpt lat="47.4462045" lon="6.6309968">
    <ele>327</ele>
    <time>2026-06-09T15:42:00Z</time>
    <extensions>
     <gpxdata:distance>7937.00</gpxdata:distance>
     <gpxdata:speed>6.639</gpxdata:speed>
    </extensions>
   </trkpt>
   <trkpt lat="47.4462484" lon="6.6310633">
    <ele>327</ele>
    <time>2026-06-09T15:42:01Z</time>
    <extensions>
     <gpxdata:distance>7944.00</gpxdata:distance>
     <gpxdata:speed>6.828</gpxdata:speed>
    </extensions>
   </trkpt>
   <trkpt lat="47.4462897" lon="6.6311357">
    <ele>327</ele>
    <time>2026-06-09T15:42:02Z</time>
    <extensions>
     <gpxdata:distance>7951.50</gpxdata:distance>
     <gpxdata:speed>7.072</gpxdata:speed>
    </extensions>
   </trkpt>
   <trkpt lat="47.4463295" lon="6.6312112">
    <ele>327</ele>
    <time>2026-06-09T15:42:03Z</time>
    <extensions>
     <gpxdata:distance>7959.00</gpxdata:distance>
     <gpxdata:speed>7.153</gpxdata:speed>
    </extensions>
   </trkpt>
   <trkpt lat="47.4463683" lon="6.6312885">
    <ele>327</ele>
    <time>2026-06-09T15:42:04Z</time>
    <extensions>
     <gpxdata:distance>7966.00</gpxdata:distance>
     <gpxdata:speed>7.206</gpxdata:speed>
    </extensions>
   </trkpt>
   <trkpt lat="47.4464053" lon="6.6313680">
    <ele>327</ele>
    <time>2026-06-09T15:42:05Z</time>
    <extensions>
     <gpxdata:distance>7973.00</gpxdata:distance>
     <gpxdata:speed>7.225</gpxdata:speed>
    </extensions>
   </trkpt>
   <trkpt lat="47.4464387" lon="6.6314506">
    <ele>327</ele>
    <time>2026-06-09T15:42:06Z</time>
    <extensions>
     <gpxdata:distance>7980.50</gpxdata:distance>
     <gpxdata:speed>7.233</gpxdata:speed>
    </extensions>
   </trkpt>
   <trkpt lat="47.4464668" lon="6.6315377">
    <ele>327</ele>
    <time>2026-06-09T15:42:07Z</time>
    <extensions>
     <gpxdata:distance>7988.00</gpxdata:distance>
     <gpxdata:speed>7.269</gpxdata:speed>
    </extensions>
   </trkpt>
   <trkpt lat="47.4464875" lon="6.6316295">
    <ele>327</ele>
    <time>2026-06-09T15:42:08Z</time>
    <extensions>
     <gpxdata:distance>7995.00</gpxdata:distance>
     <gpxdata:speed>7.294</gpxdata:speed>
    </extensions>
   </trkpt>
   <trkpt lat="47.4465011" lon="6.6317248">
    <ele>327</ele>
    <time>2026-06-09T15:42:09Z</time>
    <extensions>
     <gpxdata:distance>8002.00</gpxdata:distance>
     <gpxdata:speed>7.325</gpxdata:speed>
    </extensions>
   </trkpt>
   <trkpt lat="47.4465104" lon="6.6318231">
    <ele>327</ele>
    <time>2026-06-09T15:42:10Z</time>
    <extensions>
     <gpxdata:distance>8009.50</gpxdata:distance>
     <gpxdata:speed>7.406</gpxdata:speed>
    </extensions>
   </trkpt>
   <trkpt lat="47.4465175" lon="6.6319229">
    <ele>327</ele>
    <time>2026-06-09T15:42:11Z</time>
    <extensions>
     <gpxdata:distance>8017.00</gpxdata:distance>
     <gpxdata:speed>7.461</gpxdata:speed>
    </extensions>
   </trkpt>
   <trkpt lat="47.4465233" lon="6.6320229">
    <ele>327</ele>
    <time>2026-06-09T15:42:12Z</time>
    <extensions>
     <gpxdata:distance>8024.50</gpxdata:distance>
     <gpxdata:speed>7.483</gpxdata:speed>
    </extensions>
   </trkpt>
   <trkpt lat="47.4465287" lon="6.6321223">
    <ele>327</ele>
    <time>2026-06-09T15:42:13Z</time>
    <extensions>
     <gpxdata:distance>8032.00</gpxdata:distance>
     <gpxdata:speed>7.483</gpxdata:speed>
    </extensions>
   </trkpt>
   <trkpt lat="47.4465344" lon="6.6322215">
    <ele>327</ele>
    <time>2026-06-09T15:42:14Z</time>
    <extensions>
     <gpxdata:distance>8036.00</gpxdata:distance>
     <gpxdata:speed>7.486</gpxdata:speed>
    </extensions>
   </trkpt>
   <trkpt lat="47.4465407" lon="6.6323203">
    <ele>327</ele>
    <time>2026-06-09T15:42:15Z</time>
    <extensions>
     <gpxdata:distance>8040.00</gpxdata:distance>
     <gpxdata:speed>7.486</gpxdata:speed>
    </extensions>
   </trkpt>
   <trkpt lat="47.4465474" lon="6.6324191">
    <ele>327</ele>
    <time>2026-06-09T15:42:16Z</time>
    <extensions>
     <gpxdata:distance>8051.00</gpxdata:distance>
     <gpxdata:speed>7.486</gpxdata:speed>
    </extensions>
   </trkpt>
   <trkpt lat="47.4465538" lon="6.6325178">
    <ele>327</ele>
    <time>2026-06-09T15:42:17Z</time>
    <extensions>
     <gpxdata:distance>8062.00</gpxdata:distance>
     <gpxdata:speed>7.481</gpxdata:speed>
    </extensions>
   </trkpt>
   <trkpt lat="47.4465591" lon="6.6326160">
    <ele>327</ele>
    <time>2026-06-09T15:42:18Z</time>
    <extensions>
     <gpxdata:distance>8069.50</gpxdata:distance>
     <gpxdata:speed>7.456</gpxdata:speed>
    </extensions>
   </trkpt>
   <trkpt lat="47.4465635" lon="6.6327139">
    <ele>327</ele>
    <time>2026-06-09T15:42:19Z</time>
    <extensions>
     <gpxdata:distance>8077.00</gpxdata:distance>
     <gpxdata:speed>7.433</gpxdata:speed>
    </extensions>
   </trkpt>
   <trkpt lat="47.4465680" lon="6.6328116">
    <ele>327</ele>
    <time>2026-06-09T15:42:20Z</time>
    <extensions>
     <gpxdata:distance>8084.50</gpxdata:distance>
     <gpxdata:speed>7.414</gpxdata:speed>
    </extensions>
   </trkpt>
   <trkpt lat="47.4465741" lon="6.6329094">
    <ele>327</ele>
    <time>2026-06-09T15:42:21Z</time>
    <extensions>
     <gpxdata:distance>8092.00</gpxdata:distance>
     <gpxdata:speed>7.408</gpxdata:speed>
    </extensions>
   </trkpt>
   <trkpt lat="47.4465817" lon="6.6330069">
    <ele>327</ele>
    <time>2026-06-09T15:42:22Z</time>
    <extensions>
     <gpxdata:distance>8099.50</gpxdata:distance>
     <gpxdata:speed>7.403</gpxdata:speed>
    </extensions>
   </trkpt>
   <trkpt lat="47.4465898" lon="6.6331043">
    <ele>327</ele>
    <time>2026-06-09T15:42:23Z</time>
    <extensions>
     <gpxdata:distance>8107.00</gpxdata:distance>
     <gpxdata:speed>7.397</gpxdata:speed>
    </extensions>
   </trkpt>
   <trkpt lat="47.4465975" lon="6.6332020">
    <ele>327</ele>
    <time>2026-06-09T15:42:24Z</time>
    <extensions>
     <gpxdata:distance>8114.50</gpxdata:distance>
     <gpxdata:speed>7.400</gpxdata:speed>
    </extensions>
   </trkpt>
   <trkpt lat="47.4466048" lon="6.6333005">
    <ele>327</ele>
    <time>2026-06-09T15:42:25Z</time>
    <extensions>
     <gpxdata:distance>8122.00</gpxdata:distance>
     <gpxdata:speed>7.425</gpxdata:speed>
    </extensions>
   </trkpt>
   <trkpt lat="47.4466119" lon="6.6333998">
    <ele>327</ele>
    <time>2026-06-09T15:42:26Z</time>
    <extensions>
     <gpxdata:distance>8129.50</gpxdata:distance>
     <gpxdata:speed>7.458</gpxdata:speed>
    </extensions>
   </trkpt>
   <trkpt lat="47.4466194" lon="6.6334996">
    <ele>327</ele>
    <time>2026-06-09T15:42:27Z</time>
    <extensions>
     <gpxdata:distance>8137.00</gpxdata:distance>
     <gpxdata:speed>7.494</gpxdata:speed>
    </extensions>
   </trkpt>
   <trkpt lat="47.4466270" lon="6.6336002">
    <ele>327</ele>
    <time>2026-06-09T15:42:28Z</time>
    <extensions>
     <gpxdata:distance>8144.50</gpxdata:distance>
     <gpxdata:speed>7.539</gpxdata:speed>
    </extensions>
   </trkpt>
   <trkpt lat="47.4466347" lon="6.6337007">
    <ele>327</ele>
    <time>2026-06-09T15:42:29Z</time>
    <extensions>
     <gpxdata:distance>8152.00</gpxdata:distance>
     <gpxdata:speed>7.564</gpxdata:speed>
    </extensions>
   </trkpt>
   <trkpt lat="47.4466424" lon="6.6338014">
    <ele>327</ele>
    <time>2026-06-09T15:42:30Z</time>
    <extensions>
     <gpxdata:distance>8159.50</gpxdata:distance>
     <gpxdata:speed>7.564</gpxdata:speed>
    </extensions>
   </trkpt>
   <trkpt lat="47.4466496" lon="6.6339025">
    <ele>327</ele>
    <time>2026-06-09T15:42:31Z</time>
    <extensions>
     <gpxdata:distance>8167.00</gpxdata:distance>
     <gpxdata:speed>7.611</gpxdata:speed>
    </extensions>
   </trkpt>
   <trkpt lat="47.4466563" lon="6.6340035">
    <ele>327</ele>
    <time>2026-06-09T15:42:32Z</time>
    <extensions>
     <gpxdata:distance>8174.50</gpxdata:distance>
     <gpxdata:speed>7.619</gpxdata:speed>
    </extensions>
   </trkpt>
   <trkpt lat="47.4466634" lon="6.6341045">
    <ele>327</ele>
    <time>2026-06-09T15:42:33Z</time>
    <extensions>
     <gpxdata:distance>8182.00</gpxdata:distance>
     <gpxdata:speed>7.631</gpxdata:speed>
    </extensions>
   </trkpt>
   <trkpt lat="47.4466707" lon="6.6342049">
    <ele>327</ele>
    <time>2026-06-09T15:42:34Z</time>
    <extensions>
     <gpxdata:distance>8190.00</gpxdata:distance>
     <gpxdata:speed>7.619</gpxdata:speed>
    </extensions>
   </trkpt>
   <trkpt lat="47.4466776" lon="6.6343051">
    <ele>327</ele>
    <time>2026-06-09T15:42:35Z</time>
    <extensions>
     <gpxdata:distance>8198.00</gpxdata:distance>
     <gpxdata:speed>7.606</gpxdata:speed>
    </extensions>
   </trkpt>
   <trkpt lat="47.4466844" lon="6.6344058">
    <ele>327</ele>
    <time>2026-06-09T15:42:36Z</time>
    <extensions>
     <gpxdata:distance>8205.50</gpxdata:distance>
     <gpxdata:speed>7.614</gpxdata:speed>
    </extensions>
   </trkpt>
   <trkpt lat="47.4466916" lon="6.6345074">
    <ele>327</ele>
    <time>2026-06-09T15:42:37Z</time>
    <extensions>
     <gpxdata:distance>8213.00</gpxdata:distance>
     <gpxdata:speed>7.644</gpxdata:speed>
    </extensions>
   </trkpt>
   <trkpt lat="47.4466989" lon="6.6346098">
    <ele>327</ele>
    <time>2026-06-09T15:42:38Z</time>
    <extensions>
     <gpxdata:distance>8217.00</gpxdata:distance>
     <gpxdata:speed>7.683</gpxdata:speed>
    </extensions>
   </trkpt>
   <trkpt lat="47.4467061" lon="6.6347120">
    <ele>327</ele>
    <time>2026-06-09T15:42:39Z</time>
    <extensions>
     <gpxdata:distance>8221.00</gpxdata:distance>
     <gpxdata:speed>7.683</gpxdata:speed>
    </extensions>
   </trkpt>
   <trkpt lat="47.4467133" lon="6.6348138">
    <ele>327</ele>
    <time>2026-06-09T15:42:40Z</time>
    <extensions>
     <gpxdata:distance>8232.50</gpxdata:distance>
     <gpxdata:speed>7.692</gpxdata:speed>
    </extensions>
   </trkpt>
   <trkpt lat="47.4467211" lon="6.6349151">
    <ele>327</ele>
    <time>2026-06-09T15:42:41Z</time>
    <extensions>
     <gpxdata:distance>8244.00</gpxdata:distance>
     <gpxdata:speed>7.686</gpxdata:speed>
    </extensions>
   </trkpt>
   <trkpt lat="47.4467297" lon="6.6350158">
    <ele>327</ele>
    <time>2026-06-09T15:42:42Z</time>
    <extensions>
     <gpxdata:distance>8251.50</gpxdata:distance>
     <gpxdata:speed>7.669</gpxdata:speed>
    </extensions>
   </trkpt>
   <trkpt lat="47.4467381" lon="6.6351160">
    <ele>327</ele>
    <time>2026-06-09T15:42:43Z</time>
    <extensions>
     <gpxdata:distance>8259.00</gpxdata:distance>
     <gpxdata:speed>7.644</gpxdata:speed>
    </extensions>
   </trkpt>
   <trkpt lat="47.4467458" lon="6.6352158">
    <ele>327</ele>
    <time>2026-06-09T15:42:44Z</time>
    <extensions>
     <gpxdata:distance>8263.00</gpxdata:distance>
     <gpxdata:speed>7.617</gpxdata:speed>
    </extensions>
   </trkpt>
   <trkpt lat="47.4467529" lon="6.6353154">
    <ele>327</ele>
    <time>2026-06-09T15:42:45Z</time>
    <extensions>
     <gpxdata:distance>8267.00</gpxdata:distance>
     <gpxdata:speed>7.617</gpxdata:speed>
    </extensions>
   </trkpt>
   <trkpt lat="47.4467603" lon="6.6354151">
    <ele>327</ele>
    <time>2026-06-09T15:42:46Z</time>
    <extensions>
     <gpxdata:distance>8278.00</gpxdata:distance>
     <gpxdata:speed>7.581</gpxdata:speed>
    </extensions>
   </trkpt>
   <trkpt lat="47.4467685" lon="6.6355151">
    <ele>327</ele>
    <time>2026-06-09T15:42:47Z</time>
    <extensions>
     <gpxdata:distance>8289.00</gpxdata:distance>
     <gpxdata:speed>7.583</gpxdata:speed>
    </extensions>
   </trkpt>
   <trkpt lat="47.4467771" lon="6.6356152">
    <ele>327</ele>
    <time>2026-06-09T15:42:48Z</time>
    <extensions>
     <gpxdata:distance>8297.00</gpxdata:distance>
     <gpxdata:speed>7.589</gpxdata:speed>
    </extensions>
   </trkpt>
   <trkpt lat="47.4467856" lon="6.6357159">
    <ele>327</ele>
    <time>2026-06-09T15:42:49Z</time>
    <extensions>
     <gpxdata:distance>8305.00</gpxdata:distance>
     <gpxdata:speed>7.608</gpxdata:speed>
    </extensions>
   </trkpt>
   <trkpt lat="47.4467938" lon="6.6358172">
    <ele>327</ele>
    <time>2026-06-09T15:42:50Z</time>
    <extensions>
     <gpxdata:distance>8312.50</gpxdata:distance>
     <gpxdata:speed>7.633</gpxdata:speed>
    </extensions>
   </trkpt>
   <trkpt lat="47.4468023" lon="6.6359190">
    <ele>327</ele>
    <time>2026-06-09T15:42:51Z</time>
    <extensions>
     <gpxdata:distance>8320.00</gpxdata:distance>
     <gpxdata:speed>7.661</gpxdata:speed>
    </extensions>
   </trkpt>
   <trkpt lat="47.4468109" lon="6.6360203">
    <ele>327</ele>
    <time>2026-06-09T15:42:52Z</time>
    <extensions>
     <gpxdata:distance>8327.50</gpxdata:distance>
     <gpxdata:speed>7.664</gpxdata:speed>
    </extensions>
   </trkpt>
   <trkpt lat="47.4468192" lon="6.6361213">
    <ele>327</ele>
    <time>2026-06-09T15:42:53Z</time>
    <extensions>
     <gpxdata:distance>8335.00</gpxdata:distance>
     <gpxdata:speed>7.658</gpxdata:speed>
    </extensions>
   </trkpt>
   <trkpt lat="47.4468266" lon="6.6362221">
    <ele>327</ele>
    <time>2026-06-09T15:42:54Z</time>
    <extensions>
     <gpxdata:distance>8343.00</gpxdata:distance>
     <gpxdata:speed>7.650</gpxdata:speed>
    </extensions>
   </trkpt>
   <trkpt lat="47.4468336" lon="6.6363231">
    <ele>327</ele>
    <time>2026-06-09T15:42:55Z</time>
    <extensions>
     <gpxdata:distance>8351.00</gpxdata:distance>
     <gpxdata:speed>7.653</gpxdata:speed>
    </extensions>
   </trkpt>
   <trkpt lat="47.4468408" lon="6.6364244">
    <ele>327</ele>
    <time>2026-06-09T15:42:56Z</time>
    <extensions>
     <gpxdata:distance>8358.50</gpxdata:distance>
     <gpxdata:speed>7.656</gpxdata:speed>
    </extensions>
   </trkpt>
   <trkpt lat="47.4468481" lon="6.6365254">
    <ele>327</ele>
    <time>2026-06-09T15:42:57Z</time>
    <extensions>
     <gpxdata:distance>8366.00</gpxdata:distance>
     <gpxdata:speed>7.653</gpxdata:speed>
    </extensions>
   </trkpt>
   <trkpt lat="47.4468554" lon="6.6366261">
    <ele>327</ele>
    <time>2026-06-09T15:42:58Z</time>
    <extensions>
     <gpxdata:distance>8373.50</gpxdata:distance>
     <gpxdata:speed>7.642</gpxdata:speed>
    </extensions>
   </trkpt>
   <trkpt lat="47.4468627" lon="6.6367266">
    <ele>327</ele>
    <time>2026-06-09T15:42:59Z</time>
    <extensions>
     <gpxdata:distance>8381.00</gpxdata:distance>
     <gpxdata:speed>7.628</gpxdata:speed>
    </extensions>
   </trkpt>
   <trkpt lat="47.4468706" lon="6.6368264">
    <ele>327</ele>
    <time>2026-06-09T15:43:00Z</time>
    <extensions>
     <gpxdata:distance>8388.50</gpxdata:distance>
     <gpxdata:speed>7.606</gpxdata:speed>
    </extensions>
   </trkpt>
   <trkpt lat="47.4468784" lon="6.6369260">
    <ele>327</ele>
    <time>2026-06-09T15:43:01Z</time>
    <extensions>
     <gpxdata:distance>8396.00</gpxdata:distance>
     <gpxdata:speed>7.583</gpxdata:speed>
    </extensions>
   </trkpt>
   <trkpt lat="47.4468859" lon="6.6370252">
    <ele>327</ele>
    <time>2026-06-09T15:43:02Z</time>
    <extensions>
     <gpxdata:distance>8403.50</gpxdata:distance>
     <gpxdata:speed>7.561</gpxdata:speed>
    </extensions>
   </trkpt>
   <trkpt lat="47.4468931" lon="6.6371242">
    <ele>327</ele>
    <time>2026-06-09T15:43:03Z</time>
    <extensions>
     <gpxdata:distance>8411.00</gpxdata:distance>
     <gpxdata:speed>7.539</gpxdata:speed>
    </extensions>
   </trkpt>
   <trkpt lat="47.4469002" lon="6.6372224">
    <ele>327</ele>
    <time>2026-06-09T15:43:04Z</time>
    <extensions>
     <gpxdata:distance>8418.50</gpxdata:distance>
     <gpxdata:speed>7.497</gpxdata:speed>
    </extensions>
   </trkpt>
   <trkpt lat="47.4469073" lon="6.6373188">
    <ele>327</ele>
    <time>2026-06-09T15:43:05Z</time>
    <extensions>
     <gpxdata:distance>8426.00</gpxdata:distance>
     <gpxdata:speed>7.422</gpxdata:speed>
    </extensions>
   </trkpt>
   <trkpt lat="47.4469140" lon="6.6374130">
    <ele>327</ele>
    <time>2026-06-09T15:43:06Z</time>
    <extensions>
     <gpxdata:distance>8433.00</gpxdata:distance>
     <gpxdata:speed>7.311</gpxdata:speed>
    </extensions>
   </trkpt>
   <trkpt lat="47.4469204" lon="6.6375055">
    <ele>327</ele>
    <time>2026-06-09T15:43:07Z</time>
    <extensions>
     <gpxdata:distance>8440.00</gpxdata:distance>
     <gpxdata:speed>7.200</gpxdata:speed>
    </extensions>
   </trkpt>
   <trkpt lat="47.4469271" lon="6.6375972">
    <ele>327</ele>
    <time>2026-06-09T15:43:08Z</time>
    <extensions>
     <gpxdata:distance>8447.00</gpxdata:distance>
     <gpxdata:speed>7.111</gpxdata:speed>
    </extensions>
   </trkpt>
   <trkpt lat="47.4469346" lon="6.6376893">
    <ele>327</ele>
    <time>2026-06-09T15:43:09Z</time>
    <extensions>
     <gpxdata:distance>8454.00</gpxdata:distance>
     <gpxdata:speed>7.064</gpxdata:speed>
    </extensions>
   </trkpt>
   <trkpt lat="47.4469420" lon="6.6377819">
    <ele>327</ele>
    <time>2026-06-09T15:43:10Z</time>
    <extensions>
     <gpxdata:distance>8461.00</gpxdata:distance>
     <gpxdata:speed>7.044</gpxdata:speed>
    </extensions>
   </trkpt>
   <trkpt lat="47.4469495" lon="6.6378759">
    <ele>327</ele>
    <time>2026-06-09T15:43:11Z</time>
    <extensions>
     <gpxdata:distance>8468.00</gpxdata:distance>
     <gpxdata:speed>7.078</gpxdata:speed>
    </extensions>
   </trkpt>
   <trkpt lat="47.4469573" lon="6.6379704">
    <ele>327</ele>
    <time>2026-06-09T15:43:12Z</time>
    <extensions>
     <gpxdata:distance>8475.00</gpxdata:distance>
     <gpxdata:speed>7.103</gpxdata:speed>
    </extensions>
   </trkpt>
   <trkpt lat="47.4469655" lon="6.6380657">
    <ele>327</ele>
    <time>2026-06-09T15:43:13Z</time>
    <extensions>
     <gpxdata:distance>8482.00</gpxdata:distance>
     <gpxdata:speed>7.147</gpxdata:speed>
    </extensions>
   </trkpt>
   <trkpt lat="47.4469735" lon="6.6381623">
    <ele>327</ele>
    <time>2026-06-09T15:43:14Z</time>
    <extensions>
     <gpxdata:distance>8486.00</gpxdata:distance>
     <gpxdata:speed>7.208</gpxdata:speed>
    </extensions>
   </trkpt>
   <trkpt lat="47.4469810" lon="6.6382603">
    <ele>327</ele>
    <time>2026-06-09T15:43:15Z</time>
    <extensions>
     <gpxdata:distance>8490.00</gpxdata:distance>
     <gpxdata:speed>7.208</gpxdata:speed>
    </extensions>
   </trkpt>
   <trkpt lat="47.4469886" lon="6.6383588">
    <ele>327</ele>
    <time>2026-06-09T15:43:16Z</time>
    <extensions>
     <gpxdata:distance>8501.00</gpxdata:distance>
     <gpxdata:speed>7.344</gpxdata:speed>
    </extensions>
   </trkpt>
   <trkpt lat="47.4469966" lon="6.6384578">
    <ele>327</ele>
    <time>2026-06-09T15:43:17Z</time>
    <extensions>
     <gpxdata:distance>8512.00</gpxdata:distance>
     <gpxdata:speed>7.400</gpxdata:speed>
    </extensions>
   </trkpt>
   <trkpt lat="47.4470046" lon="6.6385569">
    <ele>327</ele>
    <time>2026-06-09T15:43:18Z</time>
    <extensions>
     <gpxdata:distance>8519.50</gpxdata:distance>
     <gpxdata:speed>7.442</gpxdata:speed>
    </extensions>
   </trkpt>
   <trkpt lat="47.4470122" lon="6.6386559">
    <ele>327</ele>
    <time>2026-06-09T15:43:19Z</time>
    <extensions>
     <gpxdata:distance>8527.00</gpxdata:distance>
     <gpxdata:speed>7.467</gpxdata:speed>
    </extensions>
   </trkpt>
   <trkpt lat="47.4470194" lon="6.6387550">
    <ele>327</ele>
    <time>2026-06-09T15:43:20Z</time>
    <extensions>
     <gpxdata:distance>8534.50</gpxdata:distance>
     <gpxdata:speed>7.481</gpxdata:speed>
    </extensions>
   </trkpt>
   <trkpt lat="47.4470264" lon="6.6388540">
    <ele>327</ele>
    <time>2026-06-09T15:43:21Z</time>
    <extensions>
     <gpxdata:distance>8542.00</gpxdata:distance>
     <gpxdata:speed>7.489</gpxdata:speed>
    </extensions>
   </trkpt>
   <trkpt lat="47.4470337" lon="6.6389535">
    <ele>327</ele>
    <time>2026-06-09T15:43:22Z</time>
    <extensions>
     <gpxdata:distance>8549.50</gpxdata:distance>
     <gpxdata:speed>7.508</gpxdata:speed>
    </extensions>
   </trkpt>
   <trkpt lat="47.4470415" lon="6.6390532">
    <ele>327</ele>
    <time>2026-06-09T15:43:23Z</time>
    <extensions>
     <gpxdata:distance>8557.00</gpxdata:distance>
     <gpxdata:speed>7.528</gpxdata:speed>
    </extensions>
   </trkpt>
   <trkpt lat="47.4470493" lon="6.6391531">
    <ele>327</ele>
    <time>2026-06-09T15:43:24Z</time>
    <extensions>
     <gpxdata:distance>8565.00</gpxdata:distance>
     <gpxdata:speed>7.542</gpxdata:speed>
    </extensions>
   </trkpt>
   <trkpt lat="47.4470569" lon="6.6392532">
    <ele>327</ele>
    <time>2026-06-09T15:43:25Z</time>
    <extensions>
     <gpxdata:distance>8573.00</gpxdata:distance>
     <gpxdata:speed>7.556</gpxdata:speed>
    </extensions>
   </trkpt>
   <trkpt lat="47.4470652" lon="6.6393533">
    <ele>327</ele>
    <time>2026-06-09T15:43:26Z</time>
    <extensions>
     <gpxdata:distance>8580.50</gpxdata:distance>
     <gpxdata:speed>7.569</gpxdata:speed>
    </extensions>
   </trkpt>
   <trkpt lat="47.4470738" lon="6.6394539">
    <ele>327</ele>
    <time>2026-06-09T15:43:27Z</time>
    <extensions>
     <gpxdata:distance>8588.00</gpxdata:distance>
     <gpxdata:speed>7.592</gpxdata:speed>
    </extensions>
   </trkpt>
   <trkpt lat="47.4470823" lon="6.6395549">
    <ele>327</ele>
    <time>2026-06-09T15:43:28Z</time>
    <extensions>
     <gpxdata:distance>8595.50</gpxdata:distance>
     <gpxdata:speed>7.617</gpxdata:speed>
    </extensions>
   </trkpt>
   <trkpt lat="47.4470900" lon="6.6396561">
    <ele>327</ele>
    <time>2026-06-09T15:43:29Z</time>
    <extensions>
     <gpxdata:distance>8603.00</gpxdata:distance>
     <gpxdata:speed>7.633</gpxdata:speed>
    </extensions>
   </trkpt>
   <trkpt lat="47.4470972" lon="6.6397572">
    <ele>327</ele>
    <time>2026-06-09T15:43:30Z</time>
    <extensions>
     <gpxdata:distance>8610.50</gpxdata:distance>
     <gpxdata:speed>7.639</gpxdata:speed>
    </extensions>
   </trkpt>
   <trkpt lat="47.4471046" lon="6.6398581">
    <ele>327</ele>
    <time>2026-06-09T15:43:31Z</time>
    <extensions>
     <gpxdata:distance>8618.00</gpxdata:distance>
     <gpxdata:speed>7.636</gpxdata:speed>
    </extensions>
   </trkpt>
   <trkpt lat="47.4471124" lon="6.6399586">
    <ele>327</ele>
    <time>2026-06-09T15:43:32Z</time>
    <extensions>
     <gpxdata:distance>8626.00</gpxdata:distance>
     <gpxdata:speed>7.628</gpxdata:speed>
    </extensions>
   </trkpt>
   <trkpt lat="47.4471201" lon="6.6400588">
    <ele>327</ele>
    <time>2026-06-09T15:43:33Z</time>
    <extensions>
     <gpxdata:distance>8634.00</gpxdata:distance>
     <gpxdata:speed>7.614</gpxdata:speed>
    </extensions>
   </trkpt>
   <trkpt lat="47.4471274" lon="6.6401591">
    <ele>327</ele>
    <time>2026-06-09T15:43:34Z</time>
    <extensions>
     <gpxdata:distance>8641.50</gpxdata:distance>
     <gpxdata:speed>7.611</gpxdata:speed>
    </extensions>
   </trkpt>
   <trkpt lat="47.4471349" lon="6.6402596">
    <ele>327</ele>
    <time>2026-06-09T15:43:35Z</time>
    <extensions>
     <gpxdata:distance>8649.00</gpxdata:distance>
     <gpxdata:speed>7.614</gpxdata:speed>
    </extensions>
   </trkpt>
   <trkpt lat="47.4471430" lon="6.6403606">
    <ele>327</ele>
    <time>2026-06-09T15:43:36Z</time>
    <extensions>
     <gpxdata:distance>8656.50</gpxdata:distance>
     <gpxdata:speed>7.631</gpxdata:speed>
    </extensions>
   </trkpt>
   <trkpt lat="47.4471517" lon="6.6404621">
    <ele>327</ele>
    <time>2026-06-09T15:43:37Z</time>
    <extensions>
     <gpxdata:distance>8664.00</gpxdata:distance>
     <gpxdata:speed>7.658</gpxdata:speed>
    </extensions>
   </trkpt>
   <trkpt lat="47.4471599" lon="6.6405643">
    <ele>327</ele>
    <time>2026-06-09T15:43:38Z</time>
    <extensions>
     <gpxdata:distance>8672.00</gpxdata:distance>
     <gpxdata:speed>7.686</gpxdata:speed>
    </extensions>
   </trkpt>
   <trkpt lat="47.4471676" lon="6.6406674">
    <ele>327</ele>
    <time>2026-06-09T15:43:39Z</time>
    <extensions>
     <gpxdata:distance>8680.00</gpxdata:distance>
     <gpxdata:speed>7.731</gpxdata:speed>
    </extensions>
   </trkpt>
   <trkpt lat="47.4471749" lon="6.6407708">
    <ele>327</ele>
    <time>2026-06-09T15:43:40Z</time>
    <extensions>
     <gpxdata:distance>8687.50</gpxdata:distance>
     <gpxdata:speed>7.761</gpxdata:speed>
    </extensions>
   </trkpt>
   <trkpt lat="47.4471826" lon="6.6408738">
    <ele>327</ele>
    <time>2026-06-09T15:43:41Z</time>
    <extensions>
     <gpxdata:distance>8695.00</gpxdata:distance>
     <gpxdata:speed>7.769</gpxdata:speed>
    </extensions>
   </trkpt>
   <trkpt lat="47.4471907" lon="6.6409764">
    <ele>327</ele>
    <time>2026-06-09T15:43:42Z</time>
    <extensions>
     <gpxdata:distance>8703.00</gpxdata:distance>
     <gpxdata:speed>7.772</gpxdata:speed>
    </extensions>
   </trkpt>
   <trkpt lat="47.4471990" lon="6.6410782">
    <ele>327</ele>
    <time>2026-06-09T15:43:43Z</time>
    <extensions>
     <gpxdata:distance>8711.00</gpxdata:distance>
     <gpxdata:speed>7.750</gpxdata:speed>
    </extensions>
   </trkpt>
   <trkpt lat="47.4472072" lon="6.6411795">
    <ele>327</ele>
    <time>2026-06-09T15:43:44Z</time>
    <extensions>
     <gpxdata:distance>8715.00</gpxdata:distance>
     <gpxdata:speed>7.725</gpxdata:speed>
    </extensions>
   </trkpt>
   <trkpt lat="47.4472153" lon="6.6412803">
    <ele>327</ele>
    <time>2026-06-09T15:43:45Z</time>
    <extensions>
     <gpxdata:distance>8719.00</gpxdata:distance>
     <gpxdata:speed>7.725</gpxdata:speed>
    </extensions>
   </trkpt>
   <trkpt lat="47.4472238" lon="6.6413807">
    <ele>327</ele>
    <time>2026-06-09T15:43:46Z</time>
    <extensions>
     <gpxdata:distance>8730.00</gpxdata:distance>
     <gpxdata:speed>7.672</gpxdata:speed>
    </extensions>
   </trkpt>
   <trkpt lat="47.4472327" lon="6.6414804">
    <ele>327</ele>
    <time>2026-06-09T15:43:47Z</time>
    <extensions>
     <gpxdata:distance>8741.00</gpxdata:distance>
     <gpxdata:speed>7.633</gpxdata:speed>
    </extensions>
   </trkpt>
   <trkpt lat="47.4472413" lon="6.6415803">
    <ele>327</ele>
    <time>2026-06-09T15:43:48Z</time>
    <extensions>
     <gpxdata:distance>8749.00</gpxdata:distance>
     <gpxdata:speed>7.617</gpxdata:speed>
    </extensions>
   </trkpt>
   <trkpt lat="47.4472492" lon="6.6416807">
    <ele>327</ele>
    <time>2026-06-09T15:43:49Z</time>
    <extensions>
     <gpxdata:distance>8757.00</gpxdata:distance>
     <gpxdata:speed>7.617</gpxdata:speed>
    </extensions>
   </trkpt>
   <trkpt lat="47.4472570" lon="6.6417813">
    <ele>327</ele>
    <time>2026-06-09T15:43:50Z</time>
    <extensions>
     <gpxdata:distance>8764.50</gpxdata:distance>
     <gpxdata:speed>7.619</gpxdata:speed>
    </extensions>
   </trkpt>
   <trkpt lat="47.4472649" lon="6.6418810">
    <ele>327</ele>
    <time>2026-06-09T15:43:51Z</time>
    <extensions>
     <gpxdata:distance>8772.00</gpxdata:distance>
     <gpxdata:speed>7.589</gpxdata:speed>
    </extensions>
   </trkpt>
   <trkpt lat="47.4472721" lon="6.6419805">
    <ele>327</ele>
    <time>2026-06-09T15:43:52Z</time>
    <extensions>
     <gpxdata:distance>8779.50</gpxdata:distance>
     <gpxdata:speed>7.564</gpxdata:speed>
    </extensions>
   </trkpt>
   <trkpt lat="47.4472792" lon="6.6420804">
    <ele>327</ele>
    <time>2026-06-09T15:43:53Z</time>
    <extensions>
     <gpxdata:distance>8787.00</gpxdata:distance>
     <gpxdata:speed>7.569</gpxdata:speed>
    </extensions>
   </trkpt>
   <trkpt lat="47.4472869" lon="6.6421817">
    <ele>327</ele>
    <time>2026-06-09T15:43:54Z</time>
    <extensions>
     <gpxdata:distance>8795.00</gpxdata:distance>
     <gpxdata:speed>7.617</gpxdata:speed>
    </extensions>
   </trkpt>
   <trkpt lat="47.4472950" lon="6.6422849">
    <ele>327</ele>
    <time>2026-06-09T15:43:55Z</time>
    <extensions>
     <gpxdata:distance>8803.00</gpxdata:distance>
     <gpxdata:speed>7.692</gpxdata:speed>
    </extensions>
   </trkpt>
   <trkpt lat="47.4473032" lon="6.6423896">
    <ele>327</ele>
    <time>2026-06-09T15:43:56Z</time>
    <extensions>
     <gpxdata:distance>8811.00</gpxdata:distance>
     <gpxdata:speed>7.778</gpxdata:speed>
    </extensions>
   </trkpt>
   <trkpt lat="47.4473115" lon="6.6424953">
    <ele>327</ele>
    <time>2026-06-09T15:43:57Z</time>
    <extensions>
     <gpxdata:distance>8819.00</gpxdata:distance>
     <gpxdata:speed>7.856</gpxdata:speed>
    </extensions>
   </trkpt>
   <trkpt lat="47.4473196" lon="6.6426014">
    <ele>327</ele>
    <time>2026-06-09T15:43:58Z</time>
    <extensions>
     <gpxdata:distance>8827.00</gpxdata:distance>
     <gpxdata:speed>7.919</gpxdata:speed>
    </extensions>
   </trkpt>
   <trkpt lat="47.4473272" lon="6.6427074">
    <ele>327</ele>
    <time>2026-06-09T15:43:59Z</time>
    <extensions>
     <gpxdata:distance>8835.00</gpxdata:distance>
     <gpxdata:speed>7.953</gpxdata:speed>
    </extensions>
   </trkpt>
   <trkpt lat="47.4473345" lon="6.6428131">
    <ele>327</ele>
    <time>2026-06-09T15:44:00Z</time>
    <extensions>
     <gpxdata:distance>8842.50</gpxdata:distance>
     <gpxdata:speed>7.964</gpxdata:speed>
    </extensions>
   </trkpt>
   <trkpt lat="47.4473420" lon="6.6429183">
    <ele>327</ele>
    <time>2026-06-09T15:44:01Z</time>
    <extensions>
     <gpxdata:distance>8850.00</gpxdata:distance>
     <gpxdata:speed>7.969</gpxdata:speed>
    </extensions>
   </trkpt>
   <trkpt lat="47.4473498" lon="6.6430230">
    <ele>327</ele>
    <time>2026-06-09T15:44:02Z</time>
    <extensions>
     <gpxdata:distance>8858.00</gpxdata:distance>
     <gpxdata:speed>7.961</gpxdata:speed>
    </extensions>
   </trkpt>
   <trkpt lat="47.4473581" lon="6.6431273">
    <ele>327</ele>
    <time>2026-06-09T15:44:03Z</time>
    <extensions>
     <gpxdata:distance>8866.00</gpxdata:distance>
     <gpxdata:speed>7.947</gpxdata:speed>
    </extensions>
   </trkpt>
   <trkpt lat="47.4473668" lon="6.6432315">
    <ele>327</ele>
    <time>2026-06-09T15:44:04Z</time>
    <extensions>
     <gpxdata:distance>8874.00</gpxdata:distance>
     <gpxdata:speed>7.936</gpxdata:speed>
    </extensions>
   </trkpt>
   <trkpt lat="47.4473756" lon="6.6433361">
    <ele>327</ele>
    <time>2026-06-09T15:44:05Z</time>
    <extensions>
     <gpxdata:distance>8882.00</gpxdata:distance>
     <gpxdata:speed>7.942</gpxdata:speed>
    </extensions>
   </trkpt>
   <trkpt lat="47.4473840" lon="6.6434417">
    <ele>327</ele>
    <time>2026-06-09T15:44:06Z</time>
    <extensions>
     <gpxdata:distance>8890.00</gpxdata:distance>
     <gpxdata:speed>7.967</gpxdata:speed>
    </extensions>
   </trkpt>
   <trkpt lat="47.4473924" lon="6.6435484">
    <ele>327</ele>
    <time>2026-06-09T15:44:07Z</time>
    <extensions>
     <gpxdata:distance>8898.00</gpxdata:distance>
     <gpxdata:speed>8.008</gpxdata:speed>
    </extensions>
   </trkpt>
   <trkpt lat="47.4474013" lon="6.6436556">
    <ele>327</ele>
    <time>2026-06-09T15:44:08Z</time>
    <extensions>
     <gpxdata:distance>8906.50</gpxdata:distance>
     <gpxdata:speed>8.050</gpxdata:speed>
    </extensions>
   </trkpt>
   <trkpt lat="47.4474104" lon="6.6437624">
    <ele>327</ele>
    <time>2026-06-09T15:44:09Z</time>
    <extensions>
     <gpxdata:distance>8915.00</gpxdata:distance>
     <gpxdata:speed>8.058</gpxdata:speed>
    </extensions>
   </trkpt>
   <trkpt lat="47.4474188" lon="6.6438672">
    <ele>327</ele>
    <time>2026-06-09T15:44:10Z</time>
    <extensions>
     <gpxdata:distance>8922.50</gpxdata:distance>
     <gpxdata:speed>8.006</gpxdata:speed>
    </extensions>
   </trkpt>
   <trkpt lat="47.4474262" lon="6.6439696">
    <ele>327</ele>
    <time>2026-06-09T15:44:11Z</time>
    <extensions>
     <gpxdata:distance>8930.00</gpxdata:distance>
     <gpxdata:speed>7.911</gpxdata:speed>
    </extensions>
   </trkpt>
   <trkpt lat="47.4474341" lon="6.6440702">
    <ele>327</ele>
    <time>2026-06-09T15:44:12Z</time>
    <extensions>
     <gpxdata:distance>8937.50</gpxdata:distance>
     <gpxdata:speed>7.811</gpxdata:speed>
    </extensions>
   </trkpt>
   <trkpt lat="47.4474426" lon="6.6441701">
    <ele>327</ele>
    <time>2026-06-09T15:44:13Z</time>
    <extensions>
     <gpxdata:distance>8945.00</gpxdata:distance>
     <gpxdata:speed>7.736</gpxdata:speed>
    </extensions>
   </trkpt>
   <trkpt lat="47.4474514" lon="6.6442713">
    <ele>327</ele>
    <time>2026-06-09T15:44:14Z</time>
    <extensions>
     <gpxdata:distance>8953.00</gpxdata:distance>
     <gpxdata:speed>7.731</gpxdata:speed>
    </extensions>
   </trkpt>
   <trkpt lat="47.4474593" lon="6.6443745">
    <ele>327</ele>
    <time>2026-06-09T15:44:15Z</time>
    <extensions>
     <gpxdata:distance>8961.00</gpxdata:distance>
     <gpxdata:speed>7.769</gpxdata:speed>
    </extensions>
   </trkpt>
   <trkpt lat="47.4474666" lon="6.6444791">
    <ele>327</ele>
    <time>2026-06-09T15:44:16Z</time>
    <extensions>
     <gpxdata:distance>8969.00</gpxdata:distance>
     <gpxdata:speed>7.822</gpxdata:speed>
    </extensions>
   </trkpt>
   <trkpt lat="47.4474742" lon="6.6445844">
    <ele>327</ele>
    <time>2026-06-09T15:44:17Z</time>
    <extensions>
     <gpxdata:distance>8977.00</gpxdata:distance>
     <gpxdata:speed>7.867</gpxdata:speed>
    </extensions>
   </trkpt>
   <trkpt lat="47.4474824" lon="6.6446901">
    <ele>327</ele>
    <time>2026-06-09T15:44:18Z</time>
    <extensions>
     <gpxdata:distance>8985.00</gpxdata:distance>
     <gpxdata:speed>7.908</gpxdata:speed>
    </extensions>
   </trkpt>
   <trkpt lat="47.4474910" lon="6.6447965">
    <ele>327</ele>
    <time>2026-06-09T15:44:19Z</time>
    <extensions>
     <gpxdata:distance>8993.00</gpxdata:distance>
     <gpxdata:speed>7.961</gpxdata:speed>
    </extensions>
   </trkpt>
   <trkpt lat="47.4474997" lon="6.6449033">
    <ele>327</ele>
    <time>2026-06-09T15:44:20Z</time>
    <extensions>
     <gpxdata:distance>9001.00</gpxdata:distance>
     <gpxdata:speed>8.008</gpxdata:speed>
    </extensions>
   </trkpt>
   <trkpt lat="47.4475077" lon="6.6450106">
    <ele>327</ele>
    <time>2026-06-09T15:44:21Z</time>
    <extensions>
     <gpxdata:distance>9009.00</gpxdata:distance>
     <gpxdata:speed>8.050</gpxdata:speed>
    </extensions>
   </trkpt>
   <trkpt lat="47.4475156" lon="6.6451185">
    <ele>327</ele>
    <time>2026-06-09T15:44:22Z</time>
    <extensions>
     <gpxdata:distance>9017.50</gpxdata:distance>
     <gpxdata:speed>8.094</gpxdata:speed>
    </extensions>
   </trkpt>
   <trkpt lat="47.4475244" lon="6.6452267">
    <ele>327</ele>
    <time>2026-06-09T15:44:23Z</time>
    <extensions>
     <gpxdata:distance>9026.00</gpxdata:distance>
     <gpxdata:speed>8.139</gpxdata:speed>
    </extensions>
   </trkpt>
   <trkpt lat="47.4475337" lon="6.6453353">
    <ele>327</ele>
    <time>2026-06-09T15:44:24Z</time>
    <extensions>
     <gpxdata:distance>9034.00</gpxdata:distance>
     <gpxdata:speed>8.181</gpxdata:speed>
    </extensions>
   </trkpt>
   <trkpt lat="47.4475429" lon="6.6454444">
    <ele>327</ele>
    <time>2026-06-09T15:44:25Z</time>
    <extensions>
     <gpxdata:distance>9042.00</gpxdata:distance>
     <gpxdata:speed>8.217</gpxdata:speed>
    </extensions>
   </trkpt>
   <trkpt lat="47.4475516" lon="6.6455536">
    <ele>327</ele>
    <time>2026-06-09T15:44:26Z</time>
    <extensions>
     <gpxdata:distance>9050.50</gpxdata:distance>
     <gpxdata:speed>8.236</gpxdata:speed>
    </extensions>
   </trkpt>
   <trkpt lat="47.4475605" lon="6.6456624">
    <ele>327</ele>
    <time>2026-06-09T15:44:27Z</time>
    <extensions>
     <gpxdata:distance>9059.00</gpxdata:distance>
     <gpxdata:speed>8.242</gpxdata:speed>
    </extensions>
   </trkpt>
   <trkpt lat="47.4475700" lon="6.6457705">
    <ele>327</ele>
    <time>2026-06-09T15:44:28Z</time>
    <extensions>
     <gpxdata:distance>9067.00</gpxdata:distance>
     <gpxdata:speed>8.231</gpxdata:speed>
    </extensions>
   </trkpt>
   <trkpt lat="47.4475799" lon="6.6458779">
    <ele>327</ele>
    <time>2026-06-09T15:44:29Z</time>
    <extensions>
     <gpxdata:distance>9075.00</gpxdata:distance>
     <gpxdata:speed>8.206</gpxdata:speed>
    </extensions>
   </trkpt>
   <trkpt lat="47.4475897" lon="6.6459843">
    <ele>327</ele>
    <time>2026-06-09T15:44:30Z</time>
    <extensions>
     <gpxdata:distance>9083.00</gpxdata:distance>
     <gpxdata:speed>8.164</gpxdata:speed>
    </extensions>
   </trkpt>
   <trkpt lat="47.4475992" lon="6.6460905">
    <ele>327</ele>
    <time>2026-06-09T15:44:31Z</time>
    <extensions>
     <gpxdata:distance>9091.00</gpxdata:distance>
     <gpxdata:speed>8.131</gpxdata:speed>
    </extensions>
   </trkpt>
   <trkpt lat="47.4476076" lon="6.6461972">
    <ele>327</ele>
    <time>2026-06-09T15:44:32Z</time>
    <extensions>
     <gpxdata:distance>9099.00</gpxdata:distance>
     <gpxdata:speed>8.122</gpxdata:speed>
    </extensions>
   </trkpt>
   <trkpt lat="47.4476148" lon="6.6463043">
    <ele>327</ele>
    <time>2026-06-09T15:44:33Z</time>
    <extensions>
     <gpxdata:distance>9107.00</gpxdata:distance>
     <gpxdata:speed>8.119</gpxdata:speed>
    </extensions>
   </trkpt>
   <trkpt lat="47.4476222" lon="6.6464120">
    <ele>327</ele>
    <time>2026-06-09T15:44:34Z</time>
    <extensions>
     <gpxdata:distance>9115.50</gpxdata:distance>
     <gpxdata:speed>8.131</gpxdata:speed>
    </extensions>
   </trkpt>
   <trkpt lat="47.4476302" lon="6.6465203">
    <ele>327</ele>
    <time>2026-06-09T15:44:35Z</time>
    <extensions>
     <gpxdata:distance>9124.00</gpxdata:distance>
     <gpxdata:speed>8.158</gpxdata:speed>
    </extensions>
   </trkpt>
   <trkpt lat="47.4476389" lon="6.6466294">
    <ele>327</ele>
    <time>2026-06-09T15:44:36Z</time>
    <extensions>
     <gpxdata:distance>9132.00</gpxdata:distance>
     <gpxdata:speed>8.197</gpxdata:speed>
    </extensions>
   </trkpt>
   <trkpt lat="47.4476481" lon="6.6467392">
    <ele>327</ele>
    <time>2026-06-09T15:44:37Z</time>
    <extensions>
     <gpxdata:distance>9140.00</gpxdata:distance>
     <gpxdata:speed>8.242</gpxdata:speed>
    </extensions>
   </trkpt>
   <trkpt lat="47.4476574" lon="6.6468491">
    <ele>327</ele>
    <time>2026-06-09T15:44:38Z</time>
    <extensions>
     <gpxdata:distance>9148.50</gpxdata:distance>
     <gpxdata:speed>8.269</gpxdata:speed>
    </extensions>
   </trkpt>
   <trkpt lat="47.4476664" lon="6.6469594">
    <ele>327</ele>
    <time>2026-06-09T15:44:39Z</time>
    <extensions>
     <gpxdata:distance>9157.00</gpxdata:distance>
     <gpxdata:speed>8.300</gpxdata:speed>
    </extensions>
   </trkpt>
   <trkpt lat="47.4476745" lon="6.6470699">
    <ele>327</ele>
    <time>2026-06-09T15:44:40Z</time>
    <extensions>
     <gpxdata:distance>9165.50</gpxdata:distance>
     <gpxdata:speed>8.325</gpxdata:speed>
    </extensions>
   </trkpt>
   <trkpt lat="47.4476826" lon="6.6471805">
    <ele>327</ele>
    <time>2026-06-09T15:44:41Z</time>
    <extensions>
     <gpxdata:distance>9174.00</gpxdata:distance>
     <gpxdata:speed>8.339</gpxdata:speed>
    </extensions>
   </trkpt>
   <trkpt lat="47.4476922" lon="6.6472915">
    <ele>327</ele>
    <time>2026-06-09T15:44:42Z</time>
    <extensions>
     <gpxdata:distance>9182.50</gpxdata:distance>
     <gpxdata:speed>8.378</gpxdata:speed>
    </extensions>
   </trkpt>
   <trkpt lat="47.4477028" lon="6.6474031">
    <ele>327</ele>
    <time>2026-06-09T15:44:43Z</time>
    <extensions>
     <gpxdata:distance>9191.00</gpxdata:distance>
     <gpxdata:speed>8.414</gpxdata:speed>
    </extensions>
   </trkpt>
   <trkpt lat="47.4477130" lon="6.6475146">
    <ele>327</ele>
    <time>2026-06-09T15:44:44Z</time>
    <extensions>
     <gpxdata:distance>9195.00</gpxdata:distance>
     <gpxdata:speed>8.433</gpxdata:speed>
    </extensions>
   </trkpt>
   <trkpt lat="47.4477217" lon="6.6476251">
    <ele>327</ele>
    <time>2026-06-09T15:44:45Z</time>
    <extensions>
     <gpxdata:distance>9199.00</gpxdata:distance>
     <gpxdata:speed>8.433</gpxdata:speed>
    </extensions>
   </trkpt>
   <trkpt lat="47.4477295" lon="6.6477335">
    <ele>327</ele>
    <time>2026-06-09T15:44:46Z</time>
    <extensions>
     <gpxdata:distance>9211.50</gpxdata:distance>
     <gpxdata:speed>8.325</gpxdata:speed>
    </extensions>
   </trkpt>
   <trkpt lat="47.4477374" lon="6.6478396">
    <ele>327</ele>
    <time>2026-06-09T15:44:47Z</time>
    <extensions>
     <gpxdata:distance>9224.00</gpxdata:distance>
     <gpxdata:speed>8.219</gpxdata:speed>
    </extensions>
   </trkpt>
   <trkpt lat="47.4477447" lon="6.6479430">
    <ele>327</ele>
    <time>2026-06-09T15:44:48Z</time>
    <extensions>
     <gpxdata:distance>9231.50</gpxdata:distance>
     <gpxdata:speed>8.078</gpxdata:speed>
    </extensions>
   </trkpt>
   <trkpt lat="47.4477514" lon="6.6480449">
    <ele>327</ele>
    <time>2026-06-09T15:44:49Z</time>
    <extensions>
     <gpxdata:distance>9239.00</gpxdata:distance>
     <gpxdata:speed>7.947</gpxdata:speed>
    </extensions>
   </trkpt>
   <trkpt lat="47.4477581" lon="6.6481475">
    <ele>327</ele>
    <time>2026-06-09T15:44:50Z</time>
    <extensions>
     <gpxdata:distance>9247.00</gpxdata:distance>
     <gpxdata:speed>7.892</gpxdata:speed>
    </extensions>
   </trkpt>
   <trkpt lat="47.4477652" lon="6.6482515">
    <ele>327</ele>
    <time>2026-06-09T15:44:51Z</time>
    <extensions>
     <gpxdata:distance>9255.00</gpxdata:distance>
     <gpxdata:speed>7.889</gpxdata:speed>
    </extensions>
   </trkpt>
   <trkpt lat="47.4477730" lon="6.6483577">
    <ele>327</ele>
    <time>2026-06-09T15:44:52Z</time>
    <extensions>
     <gpxdata:distance>9263.00</gpxdata:distance>
     <gpxdata:speed>7.950</gpxdata:speed>
    </extensions>
   </trkpt>
   <trkpt lat="47.4477808" lon="6.6484660">
    <ele>327</ele>
    <time>2026-06-09T15:44:53Z</time>
    <extensions>
     <gpxdata:distance>9271.00</gpxdata:distance>
     <gpxdata:speed>8.033</gpxdata:speed>
    </extensions>
   </trkpt>
   <trkpt lat="47.4477890" lon="6.6485760">
    <ele>327</ele>
    <time>2026-06-09T15:44:54Z</time>
    <extensions>
     <gpxdata:distance>9279.50</gpxdata:distance>
     <gpxdata:speed>8.131</gpxdata:speed>
    </extensions>
   </trkpt>
   <trkpt lat="47.4477979" lon="6.6486864">
    <ele>327</ele>
    <time>2026-06-09T15:44:55Z</time>
    <extensions>
     <gpxdata:distance>9288.00</gpxdata:distance>
     <gpxdata:speed>8.200</gpxdata:speed>
    </extensions>
   </trkpt>
   <trkpt lat="47.4478075" lon="6.6487961">
    <ele>327</ele>
    <time>2026-06-09T15:44:56Z</time>
    <extensions>
     <gpxdata:distance>9296.00</gpxdata:distance>
     <gpxdata:speed>8.236</gpxdata:speed>
    </extensions>
   </trkpt>
   <trkpt lat="47.4478170" lon="6.6489042">
    <ele>327</ele>
    <time>2026-06-09T15:44:57Z</time>
    <extensions>
     <gpxdata:distance>9304.00</gpxdata:distance>
     <gpxdata:speed>8.217</gpxdata:speed>
    </extensions>
   </trkpt>
   <trkpt lat="47.4478259" lon="6.6490097">
    <ele>327</ele>
    <time>2026-06-09T15:44:58Z</time>
    <extensions>
     <gpxdata:distance>9312.00</gpxdata:distance>
     <gpxdata:speed>8.133</gpxdata:speed>
    </extensions>
   </trkpt>
   <trkpt lat="47.4478351" lon="6.6491108">
    <ele>327</ele>
    <time>2026-06-09T15:44:59Z</time>
    <extensions>
     <gpxdata:distance>9320.00</gpxdata:distance>
     <gpxdata:speed>7.967</gpxdata:speed>
    </extensions>
   </trkpt>
   <trkpt lat="47.4478454" lon="6.6492059">
    <ele>327</ele>
    <time>2026-06-09T15:45:00Z</time>
    <extensions>
     <gpxdata:distance>9326.50</gpxdata:distance>
     <gpxdata:speed>7.369</gpxdata:speed>
    </extensions>
   </trkpt>
   <trkpt lat="47.4478579" lon="6.6492933">
    <ele>327</ele>
    <time>2026-06-09T15:45:01Z</time>
    <extensions>
     <gpxdata:distance>9333.00</gpxdata:distance>
     <gpxdata:speed>6.883</gpxdata:speed>
    </extensions>
   </trkpt>
   <trkpt lat="47.4478734" lon="6.6493745">
    <ele>327</ele>
    <time>2026-06-09T15:45:02Z</time>
    <extensions>
     <gpxdata:distance>9339.00</gpxdata:distance>
     <gpxdata:speed>6.528</gpxdata:speed>
    </extensions>
   </trkpt>
   <trkpt lat="47.4478914" lon="6.6494540">
    <ele>327</ele>
    <time>2026-06-09T15:45:03Z</time>
    <extensions>
     <gpxdata:distance>9345.00</gpxdata:distance>
     <gpxdata:speed>6.486</gpxdata:speed>
    </extensions>
   </trkpt>
   <trkpt lat="47.4479108" lon="6.6495362">
    <ele>327</ele>
    <time>2026-06-09T15:45:04Z</time>
    <extensions>
     <gpxdata:distance>9352.00</gpxdata:distance>
     <gpxdata:speed>6.664</gpxdata:speed>
    </extensions>
   </trkpt>
   <trkpt lat="47.4479288" lon="6.6496208">
    <ele>327</ele>
    <time>2026-06-09T15:45:05Z</time>
    <extensions>
     <gpxdata:distance>9359.00</gpxdata:distance>
     <gpxdata:speed>6.706</gpxdata:speed>
    </extensions>
   </trkpt>
   <trkpt lat="47.4479423" lon="6.6497056">
    <ele>327</ele>
    <time>2026-06-09T15:45:06Z</time>
    <extensions>
     <gpxdata:distance>9365.00</gpxdata:distance>
     <gpxdata:speed>6.550</gpxdata:speed>
    </extensions>
   </trkpt>
   <trkpt lat="47.4479515" lon="6.6497866">
    <ele>327</ele>
    <time>2026-06-09T15:45:07Z</time>
    <extensions>
     <gpxdata:distance>9371.00</gpxdata:distance>
     <gpxdata:speed>6.203</gpxdata:speed>
    </extensions>
   </trkpt>
   <trkpt lat="47.4479576" lon="6.6498592">
    <ele>328</ele>
    <time>2026-06-09T15:45:08Z</time>
    <extensions>
     <gpxdata:distance>9375.50</gpxdata:distance>
     <gpxdata:speed>5.589</gpxdata:speed>
    </extensions>
   </trkpt>
   <trkpt lat="47.4479606" lon="6.6499048">
    <ele>328</ele>
    <time>2026-06-09T15:45:09Z</time>
    <extensions>
     <gpxdata:distance>9380.00</gpxdata:distance>
     <gpxdata:speed>4.939</gpxdata:speed>
    </extensions>
   </trkpt>
   <trkpt lat="47.4479628" lon="6.6499564">
    <ele>328</ele>
    <time>2026-06-09T15:45:10Z</time>
    <extensions>
     <gpxdata:distance>9384.00</gpxdata:distance>
     <gpxdata:speed>4.375</gpxdata:speed>
    </extensions>
   </trkpt>
   <trkpt lat="47.4479629" lon="6.6500064">
    <ele>328</ele>
    <time>2026-06-09T15:45:11Z</time>
    <extensions>
     <gpxdata:distance>9388.00</gpxdata:distance>
     <gpxdata:speed>3.992</gpxdata:speed>
    </extensions>
   </trkpt>
   <trkpt lat="47.4479601" lon="6.6500557">
    <ele>328</ele>
    <time>2026-06-09T15:45:12Z</time>
    <extensions>
     <gpxdata:distance>9392.00</gpxdata:distance>
     <gpxdata:speed>3.908</gpxdata:speed>
    </extensions>
   </trkpt>
   <trkpt lat="47.4479554" lon="6.6501075">
    <ele>328</ele>
    <time>2026-06-09T15:45:13Z</time>
    <extensions>
     <gpxdata:distance>9396.00</gpxdata:distance>
     <gpxdata:speed>4.100</gpxdata:speed>
    </extensions>
   </trkpt>
   <trkpt lat="47.4479501" lon="6.6501638">
    <ele>329</ele>
    <time>2026-06-09T15:45:14Z</time>
    <extensions>
     <gpxdata:distance>9398.50</gpxdata:distance>
     <gpxdata:speed>4.375</gpxdata:speed>
    </extensions>
   </trkpt>
   <trkpt lat="47.4479464" lon="6.6502248">
    <ele>329</ele>
    <time>2026-06-09T15:45:15Z</time>
    <extensions>
     <gpxdata:distance>9401.00</gpxdata:distance>
     <gpxdata:speed>4.375</gpxdata:speed>
    </extensions>
   </trkpt>
   <trkpt lat="47.4479451" lon="6.6502896">
    <ele>329</ele>
    <time>2026-06-09T15:45:16Z</time>
    <extensions>
     <gpxdata:distance>9408.50</gpxdata:distance>
     <gpxdata:speed>4.900</gpxdata:speed>
    </extensions>
   </trkpt>
   <trkpt lat="47.4479463" lon="6.6503570">
    <ele>329</ele>
    <time>2026-06-09T15:45:17Z</time>
    <extensions>
     <gpxdata:distance>9416.00</gpxdata:distance>
     <gpxdata:speed>4.961</gpxdata:speed>
    </extensions>
   </trkpt>
   <trkpt lat="47.4479490" lon="6.6504252">
    <ele>329</ele>
    <time>2026-06-09T15:45:18Z</time>
    <extensions>
     <gpxdata:distance>9421.00</gpxdata:distance>
     <gpxdata:speed>5.019</gpxdata:speed>
    </extensions>
   </trkpt>
   <trkpt lat="47.4479526" lon="6.6504935">
    <ele>330</ele>
    <time>2026-06-09T15:45:19Z</time>
    <extensions>
     <gpxdata:distance>9426.00</gpxdata:distance>
     <gpxdata:speed>5.106</gpxdata:speed>
    </extensions>
   </trkpt>
   <trkpt lat="47.4479562" lon="6.6505628">
    <ele>330</ele>
    <time>2026-06-09T15:45:20Z</time>
    <extensions>
     <gpxdata:distance>9431.50</gpxdata:distance>
     <gpxdata:speed>5.219</gpxdata:speed>
    </extensions>
   </trkpt>
   <trkpt lat="47.4479597" lon="6.6506341">
    <ele>330</ele>
    <time>2026-06-09T15:45:21Z</time>
    <extensions>
     <gpxdata:distance>9437.00</gpxdata:distance>
     <gpxdata:speed>5.392</gpxdata:speed>
    </extensions>
   </trkpt>
   <trkpt lat="47.4479637" lon="6.6507081">
    <ele>330</ele>
    <time>2026-06-09T15:45:22Z</time>
    <extensions>
     <gpxdata:distance>9443.00</gpxdata:distance>
     <gpxdata:speed>5.603</gpxdata:speed>
    </extensions>
   </trkpt>
   <trkpt lat="47.4479681" lon="6.6507848">
    <ele>330</ele>
    <time>2026-06-09T15:45:23Z</time>
    <extensions>
     <gpxdata:distance>9449.00</gpxdata:distance>
     <gpxdata:speed>5.789</gpxdata:speed>
    </extensions>
   </trkpt>
   <trkpt lat="47.4479729" lon="6.6508633">
    <ele>330</ele>
    <time>2026-06-09T15:45:24Z</time>
    <extensions>
     <gpxdata:distance>9455.00</gpxdata:distance>
     <gpxdata:speed>5.919</gpxdata:speed>
    </extensions>
   </trkpt>
   <trkpt lat="47.4479778" lon="6.6509435">
    <ele>330</ele>
    <time>2026-06-09T15:45:25Z</time>
    <extensions>
     <gpxdata:distance>9461.00</gpxdata:distance>
     <gpxdata:speed>6.036</gpxdata:speed>
    </extensions>
   </trkpt>
   <trkpt lat="47.4479848" lon="6.6510526">
    <ele>330</ele>
    <time>2026-06-09T15:45:26Z</time>
    <extensions>
     <gpxdata:distance>9467.50</gpxdata:distance>
     <gpxdata:speed>6.175</gpxdata:speed>
    </extensions>
   </trkpt>
   <trkpt lat="47.4479910" lon="6.6511398">
    <ele>330</ele>
    <time>2026-06-09T15:45:27Z</time>
    <extensions>
     <gpxdata:distance>9474.00</gpxdata:distance>
     <gpxdata:speed>6.303</gpxdata:speed>
    </extensions>
   </trkpt>
   <trkpt lat="47.4479976" lon="6.6512257">
    <ele>330</ele>
    <time>2026-06-09T15:45:28Z</time>
    <extensions>
     <gpxdata:distance>9480.50</gpxdata:distance>
     <gpxdata:speed>6.422</gpxdata:speed>
    </extensions>
   </trkpt>
   <trkpt lat="47.4480049" lon="6.6513130">
    <ele>330</ele>
    <time>2026-06-09T15:45:29Z</time>
    <extensions>
     <gpxdata:distance>9487.00</gpxdata:distance>
     <gpxdata:speed>6.558</gpxdata:speed>
    </extensions>
   </trkpt>
   <trkpt lat="47.4480126" lon="6.6514013">
    <ele>330</ele>
    <time>2026-06-09T15:45:30Z</time>
    <extensions>
     <gpxdata:distance>9494.00</gpxdata:distance>
     <gpxdata:speed>6.647</gpxdata:speed>
    </extensions>
   </trkpt>
   <trkpt lat="47.4480206" lon="6.6514902">
    <ele>330</ele>
    <time>2026-06-09T15:45:31Z</time>
    <extensions>
     <gpxdata:distance>9501.00</gpxdata:distance>
     <gpxdata:speed>6.708</gpxdata:speed>
    </extensions>
   </trkpt>
   <trkpt lat="47.4480292" lon="6.6515796">
    <ele>330</ele>
    <time>2026-06-09T15:45:32Z</time>
    <extensions>
     <gpxdata:distance>9507.50</gpxdata:distance>
     <gpxdata:speed>6.756</gpxdata:speed>
    </extensions>
   </trkpt>
   <trkpt lat="47.4480376" lon="6.6516692">
    <ele>330</ele>
    <time>2026-06-09T15:45:33Z</time>
    <extensions>
     <gpxdata:distance>9514.00</gpxdata:distance>
     <gpxdata:speed>6.783</gpxdata:speed>
    </extensions>
   </trkpt>
   <trkpt lat="47.4480449" lon="6.6517594">
    <ele>330</ele>
    <time>2026-06-09T15:45:34Z</time>
    <extensions>
     <gpxdata:distance>9521.00</gpxdata:distance>
     <gpxdata:speed>6.814</gpxdata:speed>
    </extensions>
   </trkpt>
   <trkpt lat="47.4480513" lon="6.6518504">
    <ele>330</ele>
    <time>2026-06-09T15:45:35Z</time>
    <extensions>
     <gpxdata:distance>9528.00</gpxdata:distance>
     <gpxdata:speed>6.853</gpxdata:speed>
    </extensions>
   </trkpt>
   <trkpt lat="47.4480578" lon="6.6519425">
    <ele>330</ele>
    <time>2026-06-09T15:45:36Z</time>
    <extensions>
     <gpxdata:distance>9535.00</gpxdata:distance>
     <gpxdata:speed>6.944</gpxdata:speed>
    </extensions>
   </trkpt>
   <trkpt lat="47.4480644" lon="6.6520357">
    <ele>330</ele>
    <time>2026-06-09T15:45:37Z</time>
    <extensions>
     <gpxdata:distance>9542.00</gpxdata:distance>
     <gpxdata:speed>7.000</gpxdata:speed>
    </extensions>
   </trkpt>
   <trkpt lat="47.4480714" lon="6.6521297">
    <ele>330</ele>
    <time>2026-06-09T15:45:38Z</time>
    <extensions>
     <gpxdata:distance>9549.50</gpxdata:distance>
     <gpxdata:speed>7.047</gpxdata:speed>
    </extensions>
   </trkpt>
   <trkpt lat="47.4480787" lon="6.6522238">
    <ele>330</ele>
    <time>2026-06-09T15:45:39Z</time>
    <extensions>
     <gpxdata:distance>9557.00</gpxdata:distance>
     <gpxdata:speed>7.078</gpxdata:speed>
    </extensions>
   </trkpt>
   <trkpt lat="47.4480862" lon="6.6523175">
    <ele>330</ele>
    <time>2026-06-09T15:45:40Z</time>
    <extensions>
     <gpxdata:distance>9564.00</gpxdata:distance>
     <gpxdata:speed>7.081</gpxdata:speed>
    </extensions>
   </trkpt>
   <trkpt lat="47.4480939" lon="6.6524108">
    <ele>330</ele>
    <time>2026-06-09T15:45:41Z</time>
    <extensions>
     <gpxdata:distance>9571.00</gpxdata:distance>
     <gpxdata:speed>7.078</gpxdata:speed>
    </extensions>
   </trkpt>
   <trkpt lat="47.4481019" lon="6.6525038">
    <ele>330</ele>
    <time>2026-06-09T15:45:42Z</time>
    <extensions>
     <gpxdata:distance>9578.00</gpxdata:distance>
     <gpxdata:speed>7.075</gpxdata:speed>
    </extensions>
   </trkpt>
   <trkpt lat="47.4481096" lon="6.6525971">
    <ele>330</ele>
    <time>2026-06-09T15:45:43Z</time>
    <extensions>
     <gpxdata:distance>9585.00</gpxdata:distance>
     <gpxdata:speed>7.081</gpxdata:speed>
    </extensions>
   </trkpt>
   <trkpt lat="47.4481169" lon="6.6526912">
    <ele>330</ele>
    <time>2026-06-09T15:45:44Z</time>
    <extensions>
     <gpxdata:distance>9588.50</gpxdata:distance>
     <gpxdata:speed>7.106</gpxdata:speed>
    </extensions>
   </trkpt>
   <trkpt lat="47.4481244" lon="6.6527862">
    <ele>330</ele>
    <time>2026-06-09T15:45:45Z</time>
    <extensions>
     <gpxdata:distance>9592.00</gpxdata:distance>
     <gpxdata:speed>7.106</gpxdata:speed>
    </extensions>
   </trkpt>
   <trkpt lat="47.4481325" lon="6.6528821">
    <ele>330</ele>
    <time>2026-06-09T15:45:46Z</time>
    <extensions>
     <gpxdata:distance>9603.00</gpxdata:distance>
     <gpxdata:speed>7.194</gpxdata:speed>
    </extensions>
   </trkpt>
   <trkpt lat="47.4481404" lon="6.6529794">
    <ele>330</ele>
    <time>2026-06-09T15:45:47Z</time>
    <extensions>
     <gpxdata:distance>9614.00</gpxdata:distance>
     <gpxdata:speed>7.261</gpxdata:speed>
    </extensions>
   </trkpt>
   <trkpt lat="47.4481474" lon="6.6530778">
    <ele>330</ele>
    <time>2026-06-09T15:45:48Z</time>
    <extensions>
     <gpxdata:distance>9621.50</gpxdata:distance>
     <gpxdata:speed>7.331</gpxdata:speed>
    </extensions>
   </trkpt>
   <trkpt lat="47.4481544" lon="6.6531772">
    <ele>330</ele>
    <time>2026-06-09T15:45:49Z</time>
    <extensions>
     <gpxdata:distance>9629.00</gpxdata:distance>
     <gpxdata:speed>7.397</gpxdata:speed>
    </extensions>
   </trkpt>
   <trkpt lat="47.4481617" lon="6.6532768">
    <ele>330</ele>
    <time>2026-06-09T15:45:50Z</time>
    <extensions>
     <gpxdata:distance>9636.50</gpxdata:distance>
     <gpxdata:speed>7.450</gpxdata:speed>
    </extensions>
   </trkpt>
   <trkpt lat="47.4481695" lon="6.6533765">
    <ele>330</ele>
    <time>2026-06-09T15:45:51Z</time>
    <extensions>
     <gpxdata:distance>9644.00</gpxdata:distance>
     <gpxdata:speed>7.489</gpxdata:speed>
    </extensions>
   </trkpt>
   <trkpt lat="47.4481773" lon="6.6534769">
    <ele>330</ele>
    <time>2026-06-09T15:45:52Z</time>
    <extensions>
     <gpxdata:distance>9651.50</gpxdata:distance>
     <gpxdata:speed>7.536</gpxdata:speed>
    </extensions>
   </trkpt>
   <trkpt lat="47.4481850" lon="6.6535779">
    <ele>330</ele>
    <time>2026-06-09T15:45:53Z</time>
    <extensions>
     <gpxdata:distance>9659.00</gpxdata:distance>
     <gpxdata:speed>7.583</gpxdata:speed>
    </extensions>
   </trkpt>
   <trkpt lat="47.4481926" lon="6.6536793">
    <ele>330</ele>
    <time>2026-06-09T15:45:54Z</time>
    <extensions>
     <gpxdata:distance>9667.00</gpxdata:distance>
     <gpxdata:speed>7.628</gpxdata:speed>
    </extensions>
   </trkpt>
   <trkpt lat="47.4481997" lon="6.6537813">
    <ele>330</ele>
    <time>2026-06-09T15:45:55Z</time>
    <extensions>
     <gpxdata:distance>9675.00</gpxdata:distance>
     <gpxdata:speed>7.669</gpxdata:speed>
    </extensions>
   </trkpt>
   <trkpt lat="47.4482068" lon="6.6538842">
    <ele>330</ele>
    <time>2026-06-09T15:45:56Z</time>
    <extensions>
     <gpxdata:distance>9683.00</gpxdata:distance>
     <gpxdata:speed>7.731</gpxdata:speed>
    </extensions>
   </trkpt>
   <trkpt lat="47.4482144" lon="6.6539889">
    <ele>330</ele>
    <time>2026-06-09T15:45:57Z</time>
    <extensions>
     <gpxdata:distance>9691.00</gpxdata:distance>
     <gpxdata:speed>7.844</gpxdata:speed>
    </extensions>
   </trkpt>
   <trkpt lat="47.4482221" lon="6.6540953">
    <ele>330</ele>
    <time>2026-06-09T15:45:58Z</time>
    <extensions>
     <gpxdata:distance>9699.00</gpxdata:distance>
     <gpxdata:speed>7.969</gpxdata:speed>
    </extensions>
   </trkpt>
   <trkpt lat="47.4482299" lon="6.6542032">
    <ele>330</ele>
    <time>2026-06-09T15:45:59Z</time>
    <extensions>
     <gpxdata:distance>9707.00</gpxdata:distance>
     <gpxdata:speed>8.075</gpxdata:speed>
    </extensions>
   </trkpt>
   <trkpt lat="47.4482382" lon="6.6543116">
    <ele>330</ele>
    <time>2026-06-09T15:46:00Z</time>
    <extensions>
     <gpxdata:distance>9715.50</gpxdata:distance>
     <gpxdata:speed>8.075</gpxdata:speed>
    </extensions>
   </trkpt>
   <trkpt lat="47.4482470" lon="6.6544208">
    <ele>330</ele>
    <time>2026-06-09T15:46:01Z</time>
    <extensions>
     <gpxdata:distance>9724.00</gpxdata:distance>
     <gpxdata:speed>8.222</gpxdata:speed>
    </extensions>
   </trkpt>
   <trkpt lat="47.4482557" lon="6.6545305">
    <ele>330</ele>
    <time>2026-06-09T15:46:02Z</time>
    <extensions>
     <gpxdata:distance>9732.00</gpxdata:distance>
     <gpxdata:speed>8.272</gpxdata:speed>
    </extensions>
   </trkpt>
   <trkpt lat="47.4482645" lon="6.6546398">
    <ele>330</ele>
    <time>2026-06-09T15:46:03Z</time>
    <extensions>
     <gpxdata:distance>9740.00</gpxdata:distance>
     <gpxdata:speed>8.267</gpxdata:speed>
    </extensions>
   </trkpt>
   <trkpt lat="47.4482733" lon="6.6547488">
    <ele>330</ele>
    <time>2026-06-09T15:46:04Z</time>
    <extensions>
     <gpxdata:distance>9748.50</gpxdata:distance>
     <gpxdata:speed>8.264</gpxdata:speed>
    </extensions>
   </trkpt>
   <trkpt lat="47.4482829" lon="6.6548576">
    <ele>329</ele>
    <time>2026-06-09T15:46:05Z</time>
    <extensions>
     <gpxdata:distance>9757.00</gpxdata:distance>
     <gpxdata:speed>8.267</gpxdata:speed>
    </extensions>
   </trkpt>
   <trkpt lat="47.4482933" lon="6.6549664">
    <ele>330</ele>
    <time>2026-06-09T15:46:06Z</time>
    <extensions>
     <gpxdata:distance>9765.00</gpxdata:distance>
     <gpxdata:speed>8.275</gpxdata:speed>
    </extensions>
   </trkpt>
   <trkpt lat="47.4483037" lon="6.6550751">
    <ele>330</ele>
    <time>2026-06-09T15:46:07Z</time>
    <extensions>
     <gpxdata:distance>9773.00</gpxdata:distance>
     <gpxdata:speed>8.275</gpxdata:speed>
    </extensions>
   </trkpt>
   <trkpt lat="47.4483130" lon="6.6551836">
    <ele>330</ele>
    <time>2026-06-09T15:46:08Z</time>
    <extensions>
     <gpxdata:distance>9781.50</gpxdata:distance>
     <gpxdata:speed>8.258</gpxdata:speed>
    </extensions>
   </trkpt>
   <trkpt lat="47.4483212" lon="6.6552924">
    <ele>329</ele>
    <time>2026-06-09T15:46:09Z</time>
    <extensions>
     <gpxdata:distance>9790.00</gpxdata:distance>
     <gpxdata:speed>8.256</gpxdata:speed>
    </extensions>
   </trkpt>
   <trkpt lat="47.4483292" lon="6.6554015">
    <ele>329</ele>
    <time>2026-06-09T15:46:10Z</time>
    <extensions>
     <gpxdata:distance>9798.00</gpxdata:distance>
     <gpxdata:speed>8.261</gpxdata:speed>
    </extensions>
   </trkpt>
   <trkpt lat="47.4483367" lon="6.6555108">
    <ele>329</ele>
    <time>2026-06-09T15:46:11Z</time>
    <extensions>
     <gpxdata:distance>9806.00</gpxdata:distance>
     <gpxdata:speed>8.264</gpxdata:speed>
    </extensions>
   </trkpt>
   <trkpt lat="47.4483437" lon="6.6556199">
    <ele>330</ele>
    <time>2026-06-09T15:46:12Z</time>
    <extensions>
     <gpxdata:distance>9814.50</gpxdata:distance>
     <gpxdata:speed>8.256</gpxdata:speed>
    </extensions>
   </trkpt>
   <trkpt lat="47.4483504" lon="6.6557285">
    <ele>330</ele>
    <time>2026-06-09T15:46:13Z</time>
    <extensions>
     <gpxdata:distance>9823.00</gpxdata:distance>
     <gpxdata:speed>8.233</gpxdata:speed>
    </extensions>
   </trkpt>
   <trkpt lat="47.4483566" lon="6.6558366">
    <ele>330</ele>
    <time>2026-06-09T15:46:14Z</time>
    <extensions>
     <gpxdata:distance>9827.00</gpxdata:distance>
     <gpxdata:speed>8.214</gpxdata:speed>
    </extensions>
   </trkpt>
   <trkpt lat="47.4483632" lon="6.6559450">
    <ele>330</ele>
    <time>2026-06-09T15:46:15Z</time>
    <extensions>
     <gpxdata:distance>9831.00</gpxdata:distance>
     <gpxdata:speed>8.214</gpxdata:speed>
    </extensions>
   </trkpt>
   <trkpt lat="47.4483704" lon="6.6560540">
    <ele>330</ele>
    <time>2026-06-09T15:46:16Z</time>
    <extensions>
     <gpxdata:distance>9843.50</gpxdata:distance>
     <gpxdata:speed>8.225</gpxdata:speed>
    </extensions>
   </trkpt>
   <trkpt lat="47.4483786" lon="6.6561636">
    <ele>330</ele>
    <time>2026-06-09T15:46:17Z</time>
    <extensions>
     <gpxdata:distance>9856.00</gpxdata:distance>
     <gpxdata:speed>8.253</gpxdata:speed>
    </extensions>
   </trkpt>
   <trkpt lat="47.4483876" lon="6.6562735">
    <ele>330</ele>
    <time>2026-06-09T15:46:18Z</time>
    <extensions>
     <gpxdata:distance>9864.00</gpxdata:distance>
     <gpxdata:speed>8.281</gpxdata:speed>
    </extensions>
   </trkpt>
   <trkpt lat="47.4483976" lon="6.6563833">
    <ele>330</ele>
    <time>2026-06-09T15:46:19Z</time>
    <extensions>
     <gpxdata:distance>9872.00</gpxdata:distance>
     <gpxdata:speed>8.297</gpxdata:speed>
    </extensions>
   </trkpt>
   <trkpt lat="47.4484079" lon="6.6564926">
    <ele>330</ele>
    <time>2026-06-09T15:46:20Z</time>
    <extensions>
     <gpxdata:distance>9880.50</gpxdata:distance>
     <gpxdata:speed>8.294</gpxdata:speed>
    </extensions>
   </trkpt>
   <trkpt lat="47.4484184" lon="6.6566013">
    <ele>330</ele>
    <time>2026-06-09T15:46:21Z</time>
    <extensions>
     <gpxdata:distance>9889.00</gpxdata:distance>
     <gpxdata:speed>8.281</gpxdata:speed>
    </extensions>
   </trkpt>
   <trkpt lat="47.4484286" lon="6.6567099">
    <ele>330</ele>
    <time>2026-06-09T15:46:22Z</time>
    <extensions>
     <gpxdata:distance>9897.00</gpxdata:distance>
     <gpxdata:speed>8.272</gpxdata:speed>
    </extensions>
   </trkpt>
   <trkpt lat="47.4484384" lon="6.6568185">
    <ele>330</ele>
    <time>2026-06-09T15:46:23Z</time>
    <extensions>
     <gpxdata:distance>9905.00</gpxdata:distance>
     <gpxdata:speed>8.267</gpxdata:speed>
    </extensions>
   </trkpt>
   <trkpt lat="47.4484482" lon="6.6569269">
    <ele>330</ele>
    <time>2026-06-09T15:46:24Z</time>
    <extensions>
     <gpxdata:distance>9913.50</gpxdata:distance>
     <gpxdata:speed>8.253</gpxdata:speed>
    </extensions>
   </trkpt>
   <trkpt lat="47.4484584" lon="6.6570343">
    <ele>330</ele>
    <time>2026-06-09T15:46:25Z</time>
    <extensions>
     <gpxdata:distance>9922.00</gpxdata:distance>
     <gpxdata:speed>8.219</gpxdata:speed>
    </extensions>
   </trkpt>
   <trkpt lat="47.4484685" lon="6.6571411">
    <ele>330</ele>
    <time>2026-06-09T15:46:26Z</time>
    <extensions>
     <gpxdata:distance>9930.00</gpxdata:distance>
     <gpxdata:speed>8.183</gpxdata:speed>
    </extensions>
   </trkpt>
   <trkpt lat="47.4484781" lon="6.6572474">
    <ele>330</ele>
    <time>2026-06-09T15:46:27Z</time>
    <extensions>
     <gpxdata:distance>9938.00</gpxdata:distance>
     <gpxdata:speed>8.144</gpxdata:speed>
    </extensions>
   </trkpt>
   <trkpt lat="47.4484877" lon="6.6573534">
    <ele>330</ele>
    <time>2026-06-09T15:46:28Z</time>
    <extensions>
     <gpxdata:distance>9946.00</gpxdata:distance>
     <gpxdata:speed>8.114</gpxdata:speed>
    </extensions>
   </trkpt>
   <trkpt lat="47.4484962" lon="6.6574593">
    <ele>330</ele>
    <time>2026-06-09T15:46:29Z</time>
    <extensions>
     <gpxdata:distance>9954.00</gpxdata:distance>
     <gpxdata:speed>8.081</gpxdata:speed>
    </extensions>
   </trkpt>
   <trkpt lat="47.4485040" lon="6.6575653">
    <ele>330</ele>
    <time>2026-06-09T15:46:30Z</time>
    <extensions>
     <gpxdata:distance>9962.00</gpxdata:distance>
     <gpxdata:speed>8.081</gpxdata:speed>
    </extensions>
   </trkpt>
   <trkpt lat="47.4485102" lon="6.6576712">
    <ele>330</ele>
    <time>2026-06-09T15:46:31Z</time>
    <extensions>
     <gpxdata:distance>9970.00</gpxdata:distance>
     <gpxdata:speed>8.044</gpxdata:speed>
    </extensions>
   </trkpt>
   <trkpt lat="47.4485142" lon="6.6577768">
    <ele>330</ele>
    <time>2026-06-09T15:46:32Z</time>
    <extensions>
     <gpxdata:distance>9978.00</gpxdata:distance>
     <gpxdata:speed>8.011</gpxdata:speed>
    </extensions>
   </trkpt>
   <trkpt lat="47.4485179" lon="6.6578821">
    <ele>330</ele>
    <time>2026-06-09T15:46:33Z</time>
    <extensions>
     <gpxdata:distance>9986.00</gpxdata:distance>
     <gpxdata:speed>7.983</gpxdata:speed>
    </extensions>
   </trkpt>
   <trkpt lat="47.4485235" lon="6.6579871">
    <ele>330</ele>
    <time>2026-06-09T15:46:34Z</time>
    <extensions>
     <gpxdata:distance>9994.00</gpxdata:distance>
     <gpxdata:speed>7.964</gpxdata:speed>
    </extensions>
   </trkpt>
   <trkpt lat="47.4485309" lon="6.6580911">
    <ele>330</ele>
    <time>2026-06-09T15:46:35Z</time>
    <extensions>
     <gpxdata:distance>10002.00</gpxdata:distance>
     <gpxdata:speed>7.928</gpxdata:speed>
    </extensions>
   </trkpt>
   <trkpt lat="47.4485395" lon="6.6581932">
    <ele>330</ele>
    <time>2026-06-09T15:46:36Z</time>
    <extensions>
     <gpxdata:distance>10009.50</gpxdata:distance>
     <gpxdata:speed>7.856</gpxdata:speed>
    </extensions>
   </trkpt>
   <trkpt lat="47.4485483" lon="6.6582929">
    <ele>330</ele>
    <time>2026-06-09T15:46:37Z</time>
    <extensions>
     <gpxdata:distance>10017.00</gpxdata:distance>
     <gpxdata:speed>7.742</gpxdata:speed>
    </extensions>
   </trkpt>
   <trkpt lat="47.4485564" lon="6.6583902">
    <ele>330</ele>
    <time>2026-06-09T15:46:38Z</time>
    <extensions>
     <gpxdata:distance>10024.00</gpxdata:distance>
     <gpxdata:speed>7.606</gpxdata:speed>
    </extensions>
   </trkpt>
   <trkpt lat="47.4485641" lon="6.6584852">
    <ele>330</ele>
    <time>2026-06-09T15:46:39Z</time>
    <extensions>
     <gpxdata:distance>10031.00</gpxdata:distance>
     <gpxdata:speed>7.358</gpxdata:speed>
    </extensions>
   </trkpt>
   <trkpt lat="47.4485710" lon="6.6585788">
    <ele>330</ele>
    <time>2026-06-09T15:46:40Z</time>
    <extensions>
     <gpxdata:distance>10038.00</gpxdata:distance>
     <gpxdata:speed>7.194</gpxdata:speed>
    </extensions>
   </trkpt>
   <trkpt lat="47.4485768" lon="6.6586727">
    <ele>330</ele>
    <time>2026-06-09T15:46:41Z</time>
    <extensions>
     <gpxdata:distance>10045.00</gpxdata:distance>
     <gpxdata:speed>7.158</gpxdata:speed>
    </extensions>
   </trkpt>
   <trkpt lat="47.4485828" lon="6.6587684">
    <ele>330</ele>
    <time>2026-06-09T15:46:42Z</time>
    <extensions>
     <gpxdata:distance>10052.50</gpxdata:distance>
     <gpxdata:speed>7.250</gpxdata:speed>
    </extensions>
   </trkpt>
   <trkpt lat="47.4485898" lon="6.6588668">
    <ele>330</ele>
    <time>2026-06-09T15:46:43Z</time>
    <extensions>
     <gpxdata:distance>10060.00</gpxdata:distance>
     <gpxdata:speed>7.403</gpxdata:speed>
    </extensions>
   </trkpt>
   <trkpt lat="47.4485970" lon="6.6589680">
    <ele>330</ele>
    <time>2026-06-09T15:46:44Z</time>
    <extensions>
     <gpxdata:distance>10064.00</gpxdata:distance>
     <gpxdata:speed>7.511</gpxdata:speed>
    </extensions>
   </trkpt>
   <trkpt lat="47.4486047" lon="6.6590711">
    <ele>330</ele>
    <time>2026-06-09T15:46:45Z</time>
    <extensions>
     <gpxdata:distance>10068.00</gpxdata:distance>
     <gpxdata:speed>7.511</gpxdata:speed>
    </extensions>
   </trkpt>
   <trkpt lat="47.4486131" lon="6.6591754">
    <ele>330</ele>
    <time>2026-06-09T15:46:46Z</time>
    <extensions>
     <gpxdata:distance>10080.00</gpxdata:distance>
     <gpxdata:speed>7.708</gpxdata:speed>
    </extensions>
   </trkpt>
   <trkpt lat="47.4486213" lon="6.6592803">
    <ele>330</ele>
    <time>2026-06-09T15:46:47Z</time>
    <extensions>
     <gpxdata:distance>10092.00</gpxdata:distance>
     <gpxdata:speed>7.786</gpxdata:speed>
    </extensions>
   </trkpt>
   <trkpt lat="47.4486288" lon="6.6593861">
    <ele>330</ele>
    <time>2026-06-09T15:46:48Z</time>
    <extensions>
     <gpxdata:distance>10100.00</gpxdata:distance>
     <gpxdata:speed>7.867</gpxdata:speed>
    </extensions>
   </trkpt>
   <trkpt lat="47.4486360" lon="6.6594928">
    <ele>330</ele>
    <time>2026-06-09T15:46:49Z</time>
    <extensions>
     <gpxdata:distance>10108.00</gpxdata:distance>
     <gpxdata:speed>7.947</gpxdata:speed>
    </extensions>
   </trkpt>
   <trkpt lat="47.4486433" lon="6.6596000">
    <ele>330</ele>
    <time>2026-06-09T15:46:50Z</time>
    <extensions>
     <gpxdata:distance>10116.00</gpxdata:distance>
     <gpxdata:speed>8.028</gpxdata:speed>
    </extensions>
   </trkpt>
   <trkpt lat="47.4486512" lon="6.6597071">
    <ele>330</ele>
    <time>2026-06-09T15:46:51Z</time>
    <extensions>
     <gpxdata:distance>10124.00</gpxdata:distance>
     <gpxdata:speed>8.072</gpxdata:speed>
    </extensions>
   </trkpt>
   <trkpt lat="47.4486601" lon="6.6598137">
    <ele>330</ele>
    <time>2026-06-09T15:46:52Z</time>
    <extensions>
     <gpxdata:distance>10132.00</gpxdata:distance>
     <gpxdata:speed>8.078</gpxdata:speed>
    </extensions>
   </trkpt>
   <trkpt lat="47.4486695" lon="6.6599203">
    <ele>330</ele>
    <time>2026-06-09T15:46:53Z</time>
    <extensions>
     <gpxdata:distance>10140.00</gpxdata:distance>
     <gpxdata:speed>8.083</gpxdata:speed>
    </extensions>
   </trkpt>
   <trkpt lat="47.4486785" lon="6.6600267">
    <ele>330</ele>
    <time>2026-06-09T15:46:54Z</time>
    <extensions>
     <gpxdata:distance>10148.00</gpxdata:distance>
     <gpxdata:speed>8.083</gpxdata:speed>
    </extensions>
   </trkpt>
   <trkpt lat="47.4486867" lon="6.6601331">
    <ele>330</ele>
    <time>2026-06-09T15:46:55Z</time>
    <extensions>
     <gpxdata:distance>10156.00</gpxdata:distance>
     <gpxdata:speed>8.075</gpxdata:speed>
    </extensions>
   </trkpt>
   <trkpt lat="47.4486946" lon="6.6602393">
    <ele>330</ele>
    <time>2026-06-09T15:46:56Z</time>
    <extensions>
     <gpxdata:distance>10164.00</gpxdata:distance>
     <gpxdata:speed>8.064</gpxdata:speed>
    </extensions>
   </trkpt>
   <trkpt lat="47.4487023" lon="6.6603451">
    <ele>329</ele>
    <time>2026-06-09T15:46:57Z</time>
    <extensions>
     <gpxdata:distance>10172.00</gpxdata:distance>
     <gpxdata:speed>8.044</gpxdata:speed>
    </extensions>
   </trkpt>
   <trkpt lat="47.4487102" lon="6.6604506">
    <ele>329</ele>
    <time>2026-06-09T15:46:58Z</time>
    <extensions>
     <gpxdata:distance>10180.00</gpxdata:distance>
     <gpxdata:speed>8.025</gpxdata:speed>
    </extensions>
   </trkpt>
   <trkpt lat="47.4487180" lon="6.6605556">
    <ele>329</ele>
    <time>2026-06-09T15:46:59Z</time>
    <extensions>
     <gpxdata:distance>10188.00</gpxdata:distance>
     <gpxdata:speed>7.997</gpxdata:speed>
    </extensions>
   </trkpt>
   <trkpt lat="47.4487259" lon="6.6606602">
    <ele>329</ele>
    <time>2026-06-09T15:47:00Z</time>
    <extensions>
     <gpxdata:distance>10196.00</gpxdata:distance>
     <gpxdata:speed>7.972</gpxdata:speed>
    </extensions>
   </trkpt>
   <trkpt lat="47.4487347" lon="6.6607645">
    <ele>329</ele>
    <time>2026-06-09T15:47:01Z</time>
    <extensions>
     <gpxdata:distance>10204.00</gpxdata:distance>
     <gpxdata:speed>7.953</gpxdata:speed>
    </extensions>
   </trkpt>
   <trkpt lat="47.4487443" lon="6.6608691">
    <ele>329</ele>
    <time>2026-06-09T15:47:02Z</time>
    <extensions>
     <gpxdata:distance>10212.00</gpxdata:distance>
     <gpxdata:speed>7.953</gpxdata:speed>
    </extensions>
   </trkpt>
   <trkpt lat="47.4487537" lon="6.6609740">
    <ele>329</ele>
    <time>2026-06-09T15:47:03Z</time>
    <extensions>
     <gpxdata:distance>10220.00</gpxdata:distance>
     <gpxdata:speed>7.958</gpxdata:speed>
    </extensions>
   </trkpt>
   <trkpt lat="47.4487627" lon="6.6610790">
    <ele>329</ele>
    <time>2026-06-09T15:47:04Z</time>
    <extensions>
     <gpxdata:distance>10228.00</gpxdata:distance>
     <gpxdata:speed>7.961</gpxdata:speed>
    </extensions>
   </trkpt>
   <trkpt lat="47.4487717" lon="6.6611842">
    <ele>329</ele>
    <time>2026-06-09T15:47:05Z</time>
    <extensions>
     <gpxdata:distance>10236.00</gpxdata:distance>
     <gpxdata:speed>7.967</gpxdata:speed>
    </extensions>
   </trkpt>
   <trkpt lat="47.4487798" lon="6.6612896">
    <ele>329</ele>
    <time>2026-06-09T15:47:06Z</time>
    <extensions>
     <gpxdata:distance>10244.00</gpxdata:distance>
     <gpxdata:speed>7.969</gpxdata:speed>
    </extensions>
   </trkpt>
   <trkpt lat="47.4487869" lon="6.6613948">
    <ele>329</ele>
    <time>2026-06-09T15:47:07Z</time>
    <extensions>
     <gpxdata:distance>10252.00</gpxdata:distance>
     <gpxdata:speed>7.964</gpxdata:speed>
    </extensions>
   </trkpt>
   <trkpt lat="47.4487942" lon="6.6615001">
    <ele>329</ele>
    <time>2026-06-09T15:47:08Z</time>
    <extensions>
     <gpxdata:distance>10260.00</gpxdata:distance>
     <gpxdata:speed>7.967</gpxdata:speed>
    </extensions>
   </trkpt>
   <trkpt lat="47.4488026" lon="6.6616051">
    <ele>329</ele>
    <time>2026-06-09T15:47:09Z</time>
    <extensions>
     <gpxdata:distance>10268.00</gpxdata:distance>
     <gpxdata:speed>7.964</gpxdata:speed>
    </extensions>
   </trkpt>
   <trkpt lat="47.4488118" lon="6.6617095">
    <ele>329</ele>
    <time>2026-06-09T15:47:10Z</time>
    <extensions>
     <gpxdata:distance>10276.00</gpxdata:distance>
     <gpxdata:speed>7.947</gpxdata:speed>
    </extensions>
   </trkpt>
   <trkpt lat="47.4488207" lon="6.6618134">
    <ele>329</ele>
    <time>2026-06-09T15:47:11Z</time>
    <extensions>
     <gpxdata:distance>10284.00</gpxdata:distance>
     <gpxdata:speed>7.922</gpxdata:speed>
    </extensions>
   </trkpt>
   <trkpt lat="47.4488278" lon="6.6619174">
    <ele>329</ele>
    <time>2026-06-09T15:47:12Z</time>
    <extensions>
     <gpxdata:distance>10291.50</gpxdata:distance>
     <gpxdata:speed>7.908</gpxdata:speed>
    </extensions>
   </trkpt>
   <trkpt lat="47.4488338" lon="6.6620219">
    <ele>329</ele>
    <time>2026-06-09T15:47:13Z</time>
    <extensions>
     <gpxdata:distance>10299.00</gpxdata:distance>
     <gpxdata:speed>7.908</gpxdata:speed>
    </extensions>
   </trkpt>
   <trkpt lat="47.4488403" lon="6.6621267">
    <ele>329</ele>
    <time>2026-06-09T15:47:14Z</time>
    <extensions>
     <gpxdata:distance>10303.00</gpxdata:distance>
     <gpxdata:speed>7.914</gpxdata:speed>
    </extensions>
   </trkpt>
   <trkpt lat="47.4488478" lon="6.6622319">
    <ele>329</ele>
    <time>2026-06-09T15:47:15Z</time>
    <extensions>
     <gpxdata:distance>10307.00</gpxdata:distance>
     <gpxdata:speed>7.914</gpxdata:speed>
    </extensions>
   </trkpt>
   <trkpt lat="47.4488556" lon="6.6623375">
    <ele>329</ele>
    <time>2026-06-09T15:47:16Z</time>
    <extensions>
     <gpxdata:distance>10319.00</gpxdata:distance>
     <gpxdata:speed>7.953</gpxdata:speed>
    </extensions>
   </trkpt>
   <trkpt lat="47.4488634" lon="6.6624436">
    <ele>329</ele>
    <time>2026-06-09T15:47:17Z</time>
    <extensions>
     <gpxdata:distance>10331.00</gpxdata:distance>
     <gpxdata:speed>7.981</gpxdata:speed>
    </extensions>
   </trkpt>
   <trkpt lat="47.4488709" lon="6.6625498">
    <ele>329</ele>
    <time>2026-06-09T15:47:18Z</time>
    <extensions>
     <gpxdata:distance>10339.50</gpxdata:distance>
     <gpxdata:speed>7.997</gpxdata:speed>
    </extensions>
   </trkpt>
   <trkpt lat="47.4488785" lon="6.6626560">
    <ele>329</ele>
    <time>2026-06-09T15:47:19Z</time>
    <extensions>
     <gpxdata:distance>10348.00</gpxdata:distance>
     <gpxdata:speed>8.011</gpxdata:speed>
    </extensions>
   </trkpt>
   <trkpt lat="47.4488866" lon="6.6627626">
    <ele>329</ele>
    <time>2026-06-09T15:47:20Z</time>
    <extensions>
     <gpxdata:distance>10356.00</gpxdata:distance>
     <gpxdata:speed>8.033</gpxdata:speed>
    </extensions>
   </trkpt>
   <trkpt lat="47.4488952" lon="6.6628692">
    <ele>329</ele>
    <time>2026-06-09T15:47:21Z</time>
    <extensions>
     <gpxdata:distance>10364.00</gpxdata:distance>
     <gpxdata:speed>8.050</gpxdata:speed>
    </extensions>
   </trkpt>
   <trkpt lat="47.4489043" lon="6.6629757">
    <ele>329</ele>
    <time>2026-06-09T15:47:22Z</time>
    <extensions>
     <gpxdata:distance>10372.00</gpxdata:distance>
     <gpxdata:speed>8.061</gpxdata:speed>
    </extensions>
   </trkpt>
   <trkpt lat="47.4489137" lon="6.6630824">
    <ele>330</ele>
    <time>2026-06-09T15:47:23Z</time>
    <extensions>
     <gpxdata:distance>10380.00</gpxdata:distance>
     <gpxdata:speed>8.075</gpxdata:speed>
    </extensions>
   </trkpt>
   <trkpt lat="47.4489235" lon="6.6631895">
    <ele>330</ele>
    <time>2026-06-09T15:47:24Z</time>
    <extensions>
     <gpxdata:distance>10388.00</gpxdata:distance>
     <gpxdata:speed>8.097</gpxdata:speed>
    </extensions>
   </trkpt>
   <trkpt lat="47.4489333" lon="6.6632966">
    <ele>330</ele>
    <time>2026-06-09T15:47:25Z</time>
    <extensions>
     <gpxdata:distance>10396.00</gpxdata:distance>
     <gpxdata:speed>8.111</gpxdata:speed>
    </extensions>
   </trkpt>
   <trkpt lat="47.4489425" lon="6.6634041">
    <ele>330</ele>
    <time>2026-06-09T15:47:26Z</time>
    <extensions>
     <gpxdata:distance>10400.00</gpxdata:distance>
     <gpxdata:speed>8.128</gpxdata:speed>
    </extensions>
   </trkpt>
   <trkpt lat="47.4489507" lon="6.6635119">
    <ele>330</ele>
    <time>2026-06-09T15:47:27Z</time>
    <extensions>
     <gpxdata:distance>10404.00</gpxdata:distance>
     <gpxdata:speed>8.128</gpxdata:speed>
    </extensions>
   </trkpt>
   <trkpt lat="47.4489584" lon="6.6636201">
    <ele>330</ele>
    <time>2026-06-09T15:47:28Z</time>
    <extensions>
     <gpxdata:distance>10416.50</gpxdata:distance>
     <gpxdata:speed>8.158</gpxdata:speed>
    </extensions>
   </trkpt>
   <trkpt lat="47.4489659" lon="6.6637279">
    <ele>329</ele>
    <time>2026-06-09T15:47:29Z</time>
    <extensions>
     <gpxdata:distance>10429.00</gpxdata:distance>
     <gpxdata:speed>8.156</gpxdata:speed>
    </extensions>
   </trkpt>
   <trkpt lat="47.4489735" lon="6.6638352">
    <ele>329</ele>
    <time>2026-06-09T15:47:30Z</time>
    <extensions>
     <gpxdata:distance>10437.00</gpxdata:distance>
     <gpxdata:speed>8.156</gpxdata:speed>
    </extensions>
   </trkpt>
   <trkpt lat="47.4489808" lon="6.6639415">
    <ele>329</ele>
    <time>2026-06-09T15:47:31Z</time>
    <extensions>
     <gpxdata:distance>10445.00</gpxdata:distance>
     <gpxdata:speed>8.103</gpxdata:speed>
    </extensions>
   </trkpt>
   <trkpt lat="47.4489875" lon="6.6640472">
    <ele>329</ele>
    <time>2026-06-09T15:47:32Z</time>
    <extensions>
     <gpxdata:distance>10453.00</gpxdata:distance>
     <gpxdata:speed>8.064</gpxdata:speed>
    </extensions>
   </trkpt>
   <trkpt lat="47.4489940" lon="6.6641528">
    <ele>329</ele>
    <time>2026-06-09T15:47:33Z</time>
    <extensions>
     <gpxdata:distance>10461.00</gpxdata:distance>
     <gpxdata:speed>8.039</gpxdata:speed>
    </extensions>
   </trkpt>
   <trkpt lat="47.4490003" lon="6.6642590">
    <ele>329</ele>
    <time>2026-06-09T15:47:34Z</time>
    <extensions>
     <gpxdata:distance>10469.00</gpxdata:distance>
     <gpxdata:speed>8.039</gpxdata:speed>
    </extensions>
   </trkpt>
   <trkpt lat="47.4490072" lon="6.6643656">
    <ele>329</ele>
    <time>2026-06-09T15:47:35Z</time>
    <extensions>
     <gpxdata:distance>10477.00</gpxdata:distance>
     <gpxdata:speed>8.050</gpxdata:speed>
    </extensions>
   </trkpt>
   <trkpt lat="47.4490154" lon="6.6644723">
    <ele>329</ele>
    <time>2026-06-09T15:47:36Z</time>
    <extensions>
     <gpxdata:distance>10485.00</gpxdata:distance>
     <gpxdata:speed>8.058</gpxdata:speed>
    </extensions>
   </trkpt>
   <trkpt lat="47.4490238" lon="6.6645785">
    <ele>329</ele>
    <time>2026-06-09T15:47:37Z</time>
    <extensions>
     <gpxdata:distance>10493.00</gpxdata:distance>
     <gpxdata:speed>8.050</gpxdata:speed>
    </extensions>
   </trkpt>
   <trkpt lat="47.4490320" lon="6.6646841">
    <ele>329</ele>
    <time>2026-06-09T15:47:38Z</time>
    <extensions>
     <gpxdata:distance>10501.00</gpxdata:distance>
     <gpxdata:speed>8.028</gpxdata:speed>
    </extensions>
   </trkpt>
   <trkpt lat="47.4490404" lon="6.6647892">
    <ele>329</ele>
    <time>2026-06-09T15:47:39Z</time>
    <extensions>
     <gpxdata:distance>10509.00</gpxdata:distance>
     <gpxdata:speed>8.003</gpxdata:speed>
    </extensions>
   </trkpt>
   <trkpt lat="47.4490487" lon="6.6648936">
    <ele>329</ele>
    <time>2026-06-09T15:47:40Z</time>
    <extensions>
     <gpxdata:distance>10517.00</gpxdata:distance>
     <gpxdata:speed>7.972</gpxdata:speed>
    </extensions>
   </trkpt>
   <trkpt lat="47.4490573" lon="6.6649971">
    <ele>329</ele>
    <time>2026-06-09T15:47:41Z</time>
    <extensions>
     <gpxdata:distance>10525.00</gpxdata:distance>
     <gpxdata:speed>7.928</gpxdata:speed>
    </extensions>
   </trkpt>
   <trkpt lat="47.4490659" lon="6.6651003">
    <ele>329</ele>
    <time>2026-06-09T15:47:42Z</time>
    <extensions>
     <gpxdata:distance>10532.50</gpxdata:distance>
     <gpxdata:speed>7.897</gpxdata:speed>
    </extensions>
   </trkpt>
   <trkpt lat="47.4490746" lon="6.6652039">
    <ele>329</ele>
    <time>2026-06-09T15:47:43Z</time>
    <extensions>
     <gpxdata:distance>10540.00</gpxdata:distance>
     <gpxdata:speed>7.889</gpxdata:speed>
    </extensions>
   </trkpt>
   <trkpt lat="47.4490831" lon="6.6653082">
    <ele>329</ele>
    <time>2026-06-09T15:47:44Z</time>
    <extensions>
     <gpxdata:distance>10544.00</gpxdata:distance>
     <gpxdata:speed>7.897</gpxdata:speed>
    </extensions>
   </trkpt>
   <trkpt lat="47.4490916" lon="6.6654135">
    <ele>329</ele>
    <time>2026-06-09T15:47:45Z</time>
    <extensions>
     <gpxdata:distance>10548.00</gpxdata:distance>
     <gpxdata:speed>7.897</gpxdata:speed>
    </extensions>
   </trkpt>
   <trkpt lat="47.4491003" lon="6.6655190">
    <ele>330</ele>
    <time>2026-06-09T15:47:46Z</time>
    <extensions>
     <gpxdata:distance>10560.00</gpxdata:distance>
     <gpxdata:speed>7.953</gpxdata:speed>
    </extensions>
   </trkpt>
   <trkpt lat="47.4491087" lon="6.6656243">
    <ele>330</ele>
    <time>2026-06-09T15:47:47Z</time>
    <extensions>
     <gpxdata:distance>10572.00</gpxdata:distance>
     <gpxdata:speed>7.956</gpxdata:speed>
    </extensions>
   </trkpt>
   <trkpt lat="47.4491164" lon="6.6657296">
    <ele>330</ele>
    <time>2026-06-09T15:47:48Z</time>
    <extensions>
     <gpxdata:distance>10580.00</gpxdata:distance>
     <gpxdata:speed>7.958</gpxdata:speed>
    </extensions>
   </trkpt>
   <trkpt lat="47.4491236" lon="6.6658353">
    <ele>330</ele>
    <time>2026-06-09T15:47:49Z</time>
    <extensions>
     <gpxdata:distance>10588.00</gpxdata:distance>
     <gpxdata:speed>7.972</gpxdata:speed>
    </extensions>
   </trkpt>
   <trkpt lat="47.4491313" lon="6.6659412">
    <ele>330</ele>
    <time>2026-06-09T15:47:50Z</time>
    <extensions>
     <gpxdata:distance>10596.00</gpxdata:distance>
     <gpxdata:speed>7.989</gpxdata:speed>
    </extensions>
   </trkpt>
   <trkpt lat="47.4491392" lon="6.6660469">
    <ele>330</ele>
    <time>2026-06-09T15:47:51Z</time>
    <extensions>
     <gpxdata:distance>10604.00</gpxdata:distance>
     <gpxdata:speed>7.994</gpxdata:speed>
    </extensions>
   </trkpt>
   <trkpt lat="47.4491465" lon="6.6661529">
    <ele>330</ele>
    <time>2026-06-09T15:47:52Z</time>
    <extensions>
     <gpxdata:distance>10612.00</gpxdata:distance>
     <gpxdata:speed>8.003</gpxdata:speed>
    </extensions>
   </trkpt>
   <trkpt lat="47.4491531" lon="6.6662590">
    <ele>330</ele>
    <time>2026-06-09T15:47:53Z</time>
    <extensions>
     <gpxdata:distance>10620.00</gpxdata:distance>
     <gpxdata:speed>8.008</gpxdata:speed>
    </extensions>
   </trkpt>
   <trkpt lat="47.4491595" lon="6.6663649">
    <ele>330</ele>
    <time>2026-06-09T15:47:54Z</time>
    <extensions>
     <gpxdata:distance>10628.00</gpxdata:distance>
     <gpxdata:speed>8.006</gpxdata:speed>
    </extensions>
   </trkpt>
   <trkpt lat="47.4491661" lon="6.6664703">
    <ele>330</ele>
    <time>2026-06-09T15:47:55Z</time>
    <extensions>
     <gpxdata:distance>10636.00</gpxdata:distance>
     <gpxdata:speed>7.992</gpxdata:speed>
    </extensions>
   </trkpt>
   <trkpt lat="47.4491732" lon="6.6665752">
    <ele>330</ele>
    <time>2026-06-09T15:47:56Z</time>
    <extensions>
     <gpxdata:distance>10644.00</gpxdata:distance>
     <gpxdata:speed>7.969</gpxdata:speed>
    </extensions>
   </trkpt>
   <trkpt lat="47.4491808" lon="6.6666796">
    <ele>330</ele>
    <time>2026-06-09T15:47:57Z</time>
    <extensions>
     <gpxdata:distance>10652.00</gpxdata:distance>
     <gpxdata:speed>7.947</gpxdata:speed>
    </extensions>
   </trkpt>
   <trkpt lat="47.4491893" lon="6.6667839">
    <ele>329</ele>
    <time>2026-06-09T15:47:58Z</time>
    <extensions>
     <gpxdata:distance>10660.00</gpxdata:distance>
     <gpxdata:speed>7.939</gpxdata:speed>
    </extensions>
   </trkpt>
   <trkpt lat="47.4491986" lon="6.6668878">
    <ele>329</ele>
    <time>2026-06-09T15:47:59Z</time>
    <extensions>
     <gpxdata:distance>10668.00</gpxdata:distance>
     <gpxdata:speed>7.919</gpxdata:speed>
    </extensions>
   </trkpt>
   <trkpt lat="47.4492079" lon="6.6669912">
    <ele>329</ele>
    <time>2026-06-09T15:48:00Z</time>
    <extensions>
     <gpxdata:distance>10676.00</gpxdata:distance>
     <gpxdata:speed>7.919</gpxdata:speed>
    </extensions>
   </trkpt>
   <trkpt lat="47.4492172" lon="6.6670940">
    <ele>330</ele>
    <time>2026-06-09T15:48:01Z</time>
    <extensions>
     <gpxdata:distance>10684.00</gpxdata:distance>
     <gpxdata:speed>7.864</gpxdata:speed>
    </extensions>
   </trkpt>
   <trkpt lat="47.4492262" lon="6.6671972">
    <ele>330</ele>
    <time>2026-06-09T15:48:02Z</time>
    <extensions>
     <gpxdata:distance>10691.50</gpxdata:distance>
     <gpxdata:speed>7.858</gpxdata:speed>
    </extensions>
   </trkpt>
   <trkpt lat="47.4492345" lon="6.6673013">
    <ele>330</ele>
    <time>2026-06-09T15:48:03Z</time>
    <extensions>
     <gpxdata:distance>10699.00</gpxdata:distance>
     <gpxdata:speed>7.872</gpxdata:speed>
    </extensions>
   </trkpt>
   <trkpt lat="47.4492422" lon="6.6674056">
    <ele>330</ele>
    <time>2026-06-09T15:48:04Z</time>
    <extensions>
     <gpxdata:distance>10707.00</gpxdata:distance>
     <gpxdata:speed>7.878</gpxdata:speed>
    </extensions>
   </trkpt>
   <trkpt lat="47.4492492" lon="6.6675098">
    <ele>330</ele>
    <time>2026-06-09T15:48:05Z</time>
    <extensions>
     <gpxdata:distance>10715.00</gpxdata:distance>
     <gpxdata:speed>7.875</gpxdata:speed>
    </extensions>
   </trkpt>
   <trkpt lat="47.4492561" lon="6.6676137">
    <ele>330</ele>
    <time>2026-06-09T15:48:06Z</time>
    <extensions>
     <gpxdata:distance>10723.00</gpxdata:distance>
     <gpxdata:speed>7.867</gpxdata:speed>
    </extensions>
   </trkpt>
   <trkpt lat="47.4492628" lon="6.6677170">
    <ele>330</ele>
    <time>2026-06-09T15:48:07Z</time>
    <extensions>
     <gpxdata:distance>10731.00</gpxdata:distance>
     <gpxdata:speed>7.844</gpxdata:speed>
    </extensions>
   </trkpt>
   <trkpt lat="47.4492697" lon="6.6678192">
    <ele>330</ele>
    <time>2026-06-09T15:48:08Z</time>
    <extensions>
     <gpxdata:distance>10738.50</gpxdata:distance>
     <gpxdata:speed>7.803</gpxdata:speed>
    </extensions>
   </trkpt>
   <trkpt lat="47.4492773" lon="6.6679201">
    <ele>330</ele>
    <time>2026-06-09T15:48:09Z</time>
    <extensions>
     <gpxdata:distance>10746.00</gpxdata:distance>
     <gpxdata:speed>7.742</gpxdata:speed>
    </extensions>
   </trkpt>
   <trkpt lat="47.4492854" lon="6.6680188">
    <ele>330</ele>
    <time>2026-06-09T15:48:10Z</time>
    <extensions>
     <gpxdata:distance>10749.50</gpxdata:distance>
     <gpxdata:speed>7.647</gpxdata:speed>
    </extensions>
   </trkpt>
   <trkpt lat="47.4492934" lon="6.6681154">
    <ele>330</ele>
    <time>2026-06-09T15:48:11Z</time>
    <extensions>
     <gpxdata:distance>10753.00</gpxdata:distance>
     <gpxdata:speed>7.647</gpxdata:speed>
    </extensions>
   </trkpt>
   <trkpt lat="47.4493009" lon="6.6682105">
    <ele>330</ele>
    <time>2026-06-09T15:48:12Z</time>
    <extensions>
     <gpxdata:distance>10764.00</gpxdata:distance>
     <gpxdata:speed>7.417</gpxdata:speed>
    </extensions>
   </trkpt>
   <trkpt lat="47.4493087" lon="6.6683054">
    <ele>330</ele>
    <time>2026-06-09T15:48:13Z</time>
    <extensions>
     <gpxdata:distance>10775.00</gpxdata:distance>
     <gpxdata:speed>7.342</gpxdata:speed>
    </extensions>
   </trkpt>
   <trkpt lat="47.4493174" lon="6.6684021">
    <ele>330</ele>
    <time>2026-06-09T15:48:14Z</time>
    <extensions>
     <gpxdata:distance>10779.00</gpxdata:distance>
     <gpxdata:speed>7.353</gpxdata:speed>
    </extensions>
   </trkpt>
   <trkpt lat="47.4493257" lon="6.6685006">
    <ele>330</ele>
    <time>2026-06-09T15:48:15Z</time>
    <extensions>
     <gpxdata:distance>10783.00</gpxdata:distance>
     <gpxdata:speed>7.353</gpxdata:speed>
    </extensions>
   </trkpt>
   <trkpt lat="47.4493341" lon="6.6686017">
    <ele>330</ele>
    <time>2026-06-09T15:48:16Z</time>
    <extensions>
     <gpxdata:distance>10794.50</gpxdata:distance>
     <gpxdata:speed>7.494</gpxdata:speed>
    </extensions>
   </trkpt>
   <trkpt lat="47.4493420" lon="6.6687050">
    <ele>330</ele>
    <time>2026-06-09T15:48:17Z</time>
    <extensions>
     <gpxdata:distance>10806.00</gpxdata:distance>
     <gpxdata:speed>7.606</gpxdata:speed>
    </extensions>
   </trkpt>
   <trkpt lat="47.4493500" lon="6.6688094">
    <ele>330</ele>
    <time>2026-06-09T15:48:18Z</time>
    <extensions>
     <gpxdata:distance>10814.00</gpxdata:distance>
     <gpxdata:speed>7.706</gpxdata:speed>
    </extensions>
   </trkpt>
   <trkpt lat="47.4493588" lon="6.6689150">
    <ele>330</ele>
    <time>2026-06-09T15:48:19Z</time>
    <extensions>
     <gpxdata:distance>10822.00</gpxdata:distance>
     <gpxdata:speed>7.808</gpxdata:speed>
    </extensions>
   </trkpt>
   <trkpt lat="47.4493681" lon="6.6690224">
    <ele>330</ele>
    <time>2026-06-09T15:48:20Z</time>
    <extensions>
     <gpxdata:distance>10830.00</gpxdata:distance>
     <gpxdata:speed>7.933</gpxdata:speed>
    </extensions>
   </trkpt>
   <trkpt lat="47.4493771" lon="6.6691310">
    <ele>330</ele>
    <time>2026-06-09T15:48:21Z</time>
    <extensions>
     <gpxdata:distance>10838.00</gpxdata:distance>
     <gpxdata:speed>8.158</gpxdata:speed>
    </extensions>
   </trkpt>
   <trkpt lat="47.4493858" lon="6.6692403">
    <ele>330</ele>
    <time>2026-06-09T15:48:22Z</time>
    <extensions>
     <gpxdata:distance>10846.50</gpxdata:distance>
     <gpxdata:speed>8.236</gpxdata:speed>
    </extensions>
   </trkpt>
   <trkpt lat="47.4493942" lon="6.6693498">
    <ele>330</ele>
    <time>2026-06-09T15:48:23Z</time>
    <extensions>
     <gpxdata:distance>10855.00</gpxdata:distance>
     <gpxdata:speed>8.261</gpxdata:speed>
    </extensions>
   </trkpt>
   <trkpt lat="47.4494022" lon="6.6694587">
    <ele>330</ele>
    <time>2026-06-09T15:48:24Z</time>
    <extensions>
     <gpxdata:distance>10863.00</gpxdata:distance>
     <gpxdata:speed>8.225</gpxdata:speed>
    </extensions>
   </trkpt>
   <trkpt lat="47.4494102" lon="6.6695661">
    <ele>330</ele>
    <time>2026-06-09T15:48:25Z</time>
    <extensions>
     <gpxdata:distance>10871.00</gpxdata:distance>
     <gpxdata:speed>8.142</gpxdata:speed>
    </extensions>
   </trkpt>
   <trkpt lat="47.4494180" lon="6.6696714">
    <ele>330</ele>
    <time>2026-06-09T15:48:26Z</time>
    <extensions>
     <gpxdata:distance>10879.00</gpxdata:distance>
     <gpxdata:speed>8.033</gpxdata:speed>
    </extensions>
   </trkpt>
   <trkpt lat="47.4494256" lon="6.6697745">
    <ele>330</ele>
    <time>2026-06-09T15:48:27Z</time>
    <extensions>
     <gpxdata:distance>10887.00</gpxdata:distance>
     <gpxdata:speed>7.936</gpxdata:speed>
    </extensions>
   </trkpt>
   <trkpt lat="47.4494333" lon="6.6698753">
    <ele>330</ele>
    <time>2026-06-09T15:48:28Z</time>
    <extensions>
     <gpxdata:distance>10894.50</gpxdata:distance>
     <gpxdata:speed>7.828</gpxdata:speed>
    </extensions>
   </trkpt>
   <trkpt lat="47.4494415" lon="6.6699740">
    <ele>330</ele>
    <time>2026-06-09T15:48:29Z</time>
    <extensions>
     <gpxdata:distance>10902.00</gpxdata:distance>
     <gpxdata:speed>7.703</gpxdata:speed>
    </extensions>
   </trkpt>
   <trkpt lat="47.4494492" lon="6.6700725">
    <ele>330</ele>
    <time>2026-06-09T15:48:30Z</time>
    <extensions>
     <gpxdata:distance>10909.50</gpxdata:distance>
     <gpxdata:speed>7.703</gpxdata:speed>
    </extensions>
   </trkpt>
   <trkpt lat="47.4494558" lon="6.6701728">
    <ele>330</ele>
    <time>2026-06-09T15:48:31Z</time>
    <extensions>
     <gpxdata:distance>10917.00</gpxdata:distance>
     <gpxdata:speed>7.622</gpxdata:speed>
    </extensions>
   </trkpt>
   <trkpt lat="47.4494616" lon="6.6702749">
    <ele>330</ele>
    <time>2026-06-09T15:48:32Z</time>
    <extensions>
     <gpxdata:distance>10921.00</gpxdata:distance>
     <gpxdata:speed>7.656</gpxdata:speed>
    </extensions>
   </trkpt>
   <trkpt lat="47.4494679" lon="6.6703787">
    <ele>330</ele>
    <time>2026-06-09T15:48:33Z</time>
    <extensions>
     <gpxdata:distance>10925.00</gpxdata:distance>
     <gpxdata:speed>7.656</gpxdata:speed>
    </extensions>
   </trkpt>
   <trkpt lat="47.4494754" lon="6.6704837">
    <ele>330</ele>
    <time>2026-06-09T15:48:34Z</time>
    <extensions>
     <gpxdata:distance>10937.00</gpxdata:distance>
     <gpxdata:speed>7.792</gpxdata:speed>
    </extensions>
   </trkpt>
   <trkpt lat="47.4494834" lon="6.6705903">
    <ele>330</ele>
    <time>2026-06-09T15:48:35Z</time>
    <extensions>
     <gpxdata:distance>10949.00</gpxdata:distance>
     <gpxdata:speed>7.889</gpxdata:speed>
    </extensions>
   </trkpt>
   <trkpt lat="47.4494914" lon="6.6706979">
    <ele>330</ele>
    <time>2026-06-09T15:48:36Z</time>
    <extensions>
     <gpxdata:distance>10957.00</gpxdata:distance>
     <gpxdata:speed>7.889</gpxdata:speed>
    </extensions>
   </trkpt>
   <trkpt lat="47.4495010" lon="6.6708063">
    <ele>330</ele>
    <time>2026-06-09T15:48:37Z</time>
    <extensions>
     <gpxdata:distance>10965.00</gpxdata:distance>
     <gpxdata:speed>8.067</gpxdata:speed>
    </extensions>
   </trkpt>
   <trkpt lat="47.4495121" lon="6.6709154">
    <ele>330</ele>
    <time>2026-06-09T15:48:38Z</time>
    <extensions>
     <gpxdata:distance>10973.50</gpxdata:distance>
     <gpxdata:speed>8.153</gpxdata:speed>
    </extensions>
   </trkpt>
   <trkpt lat="47.4495232" lon="6.6710245">
    <ele>330</ele>
    <time>2026-06-09T15:48:39Z</time>
    <extensions>
     <gpxdata:distance>10982.00</gpxdata:distance>
     <gpxdata:speed>8.208</gpxdata:speed>
    </extensions>
   </trkpt>
   <trkpt lat="47.4495334" lon="6.6711333">
    <ele>330</ele>
    <time>2026-06-09T15:48:40Z</time>
    <extensions>
     <gpxdata:distance>10990.00</gpxdata:distance>
     <gpxdata:speed>8.236</gpxdata:speed>
    </extensions>
   </trkpt>
   <trkpt lat="47.4495424" lon="6.6712411">
    <ele>330</ele>
    <time>2026-06-09T15:48:41Z</time>
    <extensions>
     <gpxdata:distance>10998.00</gpxdata:distance>
     <gpxdata:speed>8.217</gpxdata:speed>
    </extensions>
   </trkpt>
   <trkpt lat="47.4495499" lon="6.6713476">
    <ele>330</ele>
    <time>2026-06-09T15:48:42Z</time>
    <extensions>
     <gpxdata:distance>11006.00</gpxdata:distance>
     <gpxdata:speed>8.156</gpxdata:speed>
    </extensions>
   </trkpt>
   <trkpt lat="47.4495560" lon="6.6714529">
    <ele>330</ele>
    <time>2026-06-09T15:48:43Z</time>
    <extensions>
     <gpxdata:distance>11014.00</gpxdata:distance>
     <gpxdata:speed>8.086</gpxdata:speed>
    </extensions>
   </trkpt>
   <trkpt lat="47.4495615" lon="6.6715581">
    <ele>330</ele>
    <time>2026-06-09T15:48:44Z</time>
    <extensions>
     <gpxdata:distance>11018.00</gpxdata:distance>
     <gpxdata:speed>8.047</gpxdata:speed>
    </extensions>
   </trkpt>
   <trkpt lat="47.4495675" lon="6.6716646">
    <ele>330</ele>
    <time>2026-06-09T15:48:45Z</time>
    <extensions>
     <gpxdata:distance>11022.00</gpxdata:distance>
     <gpxdata:speed>8.047</gpxdata:speed>
    </extensions>
   </trkpt>
   <trkpt lat="47.4495742" lon="6.6717727">
    <ele>330</ele>
    <time>2026-06-09T15:48:46Z</time>
    <extensions>
     <gpxdata:distance>11030.00</gpxdata:distance>
     <gpxdata:speed>8.103</gpxdata:speed>
    </extensions>
   </trkpt>
   <trkpt lat="47.4495815" lon="6.6718819">
    <ele>330</ele>
    <time>2026-06-09T15:48:47Z</time>
    <extensions>
     <gpxdata:distance>11038.00</gpxdata:distance>
     <gpxdata:speed>8.103</gpxdata:speed>
    </extensions>
   </trkpt>
   <trkpt lat="47.4495894" lon="6.6719918">
    <ele>330</ele>
    <time>2026-06-09T15:48:48Z</time>
    <extensions>
     <gpxdata:distance>11050.50</gpxdata:distance>
     <gpxdata:speed>8.208</gpxdata:speed>
    </extensions>
   </trkpt>
   <trkpt lat="47.4495980" lon="6.6721016">
    <ele>330</ele>
    <time>2026-06-09T15:48:49Z</time>
    <extensions>
     <gpxdata:distance>11063.00</gpxdata:distance>
     <gpxdata:speed>8.242</gpxdata:speed>
    </extensions>
   </trkpt>
   <trkpt lat="47.4496063" lon="6.6722114">
    <ele>330</ele>
    <time>2026-06-09T15:48:50Z</time>
    <extensions>
     <gpxdata:distance>11071.50</gpxdata:distance>
     <gpxdata:speed>8.261</gpxdata:speed>
    </extensions>
   </trkpt>
   <trkpt lat="47.4496139" lon="6.6723209">
    <ele>330</ele>
    <time>2026-06-09T15:48:51Z</time>
    <extensions>
     <gpxdata:distance>11080.00</gpxdata:distance>
     <gpxdata:speed>8.267</gpxdata:speed>
    </extensions>
   </trkpt>
   <trkpt lat="47.4496217" lon="6.6724305">
    <ele>330</ele>
    <time>2026-06-09T15:48:52Z</time>
    <extensions>
     <gpxdata:distance>11088.50</gpxdata:distance>
     <gpxdata:speed>8.281</gpxdata:speed>
    </extensions>
   </trkpt>
   <trkpt lat="47.4496302" lon="6.6725403">
    <ele>330</ele>
    <time>2026-06-09T15:48:53Z</time>
    <extensions>
     <gpxdata:distance>11097.00</gpxdata:distance>
     <gpxdata:speed>8.297</gpxdata:speed>
    </extensions>
   </trkpt>
   <trkpt lat="47.4496391" lon="6.6726506">
    <ele>330</ele>
    <time>2026-06-09T15:48:54Z</time>
    <extensions>
     <gpxdata:distance>11105.00</gpxdata:distance>
     <gpxdata:speed>8.325</gpxdata:speed>
    </extensions>
   </trkpt>
   <trkpt lat="47.4496483" lon="6.6727608">
    <ele>330</ele>
    <time>2026-06-09T15:48:55Z</time>
    <extensions>
     <gpxdata:distance>11113.00</gpxdata:distance>
     <gpxdata:speed>8.336</gpxdata:speed>
    </extensions>
   </trkpt>
   <trkpt lat="47.4496564" lon="6.6728707">
    <ele>330</ele>
    <time>2026-06-09T15:48:56Z</time>
    <extensions>
     <gpxdata:distance>11121.50</gpxdata:distance>
     <gpxdata:speed>8.331</gpxdata:speed>
    </extensions>
   </trkpt>
   <trkpt lat="47.4496635" lon="6.6729805">
    <ele>330</ele>
    <time>2026-06-09T15:48:57Z</time>
    <extensions>
     <gpxdata:distance>11130.00</gpxdata:distance>
     <gpxdata:speed>8.319</gpxdata:speed>
    </extensions>
   </trkpt>
   <trkpt lat="47.4496713" lon="6.6730910">
    <ele>330</ele>
    <time>2026-06-09T15:48:58Z</time>
    <extensions>
     <gpxdata:distance>11138.50</gpxdata:distance>
     <gpxdata:speed>8.342</gpxdata:speed>
    </extensions>
   </trkpt>
   <trkpt lat="47.4496800" lon="6.6732020">
    <ele>330</ele>
    <time>2026-06-09T15:48:59Z</time>
    <extensions>
     <gpxdata:distance>11147.00</gpxdata:distance>
     <gpxdata:speed>8.369</gpxdata:speed>
    </extensions>
   </trkpt>
   <trkpt lat="47.4496888" lon="6.6733131">
    <ele>330</ele>
    <time>2026-06-09T15:49:00Z</time>
    <extensions>
     <gpxdata:distance>11155.50</gpxdata:distance>
     <gpxdata:speed>8.369</gpxdata:speed>
    </extensions>
   </trkpt>
   <trkpt lat="47.4496973" lon="6.6734242">
    <ele>330</ele>
    <time>2026-06-09T15:49:01Z</time>
    <extensions>
     <gpxdata:distance>11164.00</gpxdata:distance>
     <gpxdata:speed>8.394</gpxdata:speed>
    </extensions>
   </trkpt>
   <trkpt lat="47.4497063" lon="6.6735354">
    <ele>330</ele>
    <time>2026-06-09T15:49:02Z</time>
    <extensions>
     <gpxdata:distance>11168.00</gpxdata:distance>
     <gpxdata:speed>8.406</gpxdata:speed>
    </extensions>
   </trkpt>
   <trkpt lat="47.4497159" lon="6.6736464">
    <ele>330</ele>
    <time>2026-06-09T15:49:03Z</time>
    <extensions>
     <gpxdata:distance>11172.00</gpxdata:distance>
     <gpxdata:speed>8.406</gpxdata:speed>
    </extensions>
   </trkpt>
   <trkpt lat="47.4497256" lon="6.6737572">
    <ele>330</ele>
    <time>2026-06-09T15:49:04Z</time>
    <extensions>
     <gpxdata:distance>11184.50</gpxdata:distance>
     <gpxdata:speed>8.411</gpxdata:speed>
    </extensions>
   </trkpt>
   <trkpt lat="47.4497350" lon="6.6738680">
    <ele>330</ele>
    <time>2026-06-09T15:49:05Z</time>
    <extensions>
     <gpxdata:distance>11197.00</gpxdata:distance>
     <gpxdata:speed>8.406</gpxdata:speed>
    </extensions>
   </trkpt>
   <trkpt lat="47.4497437" lon="6.6739783">
    <ele>330</ele>
    <time>2026-06-09T15:49:06Z</time>
    <extensions>
     <gpxdata:distance>11205.50</gpxdata:distance>
     <gpxdata:speed>8.389</gpxdata:speed>
    </extensions>
   </trkpt>
   <trkpt lat="47.4497522" lon="6.6740886">
    <ele>330</ele>
    <time>2026-06-09T15:49:07Z</time>
    <extensions>
     <gpxdata:distance>11214.00</gpxdata:distance>
     <gpxdata:speed>8.381</gpxdata:speed>
    </extensions>
   </trkpt>
   <trkpt lat="47.4497610" lon="6.6741983">
    <ele>330</ele>
    <time>2026-06-09T15:49:08Z</time>
    <extensions>
     <gpxdata:distance>11222.00</gpxdata:distance>
     <gpxdata:speed>8.356</gpxdata:speed>
    </extensions>
   </trkpt>
   <trkpt lat="47.4497705" lon="6.6743061">
    <ele>330</ele>
    <time>2026-06-09T15:49:09Z</time>
    <extensions>
     <gpxdata:distance>11230.00</gpxdata:distance>
     <gpxdata:speed>8.286</gpxdata:speed>
    </extensions>
   </trkpt>
   <trkpt lat="47.4497806" lon="6.6744109">
    <ele>330</ele>
    <time>2026-06-09T15:49:10Z</time>
    <extensions>
     <gpxdata:distance>11238.00</gpxdata:distance>
     <gpxdata:speed>8.161</gpxdata:speed>
    </extensions>
   </trkpt>
   <trkpt lat="47.4497916" lon="6.6745127">
    <ele>330</ele>
    <time>2026-06-09T15:49:11Z</time>
    <extensions>
     <gpxdata:distance>11246.00</gpxdata:distance>
     <gpxdata:speed>8.014</gpxdata:speed>
    </extensions>
   </trkpt>
   <trkpt lat="47.4498030" lon="6.6746118">
    <ele>330</ele>
    <time>2026-06-09T15:49:12Z</time>
    <extensions>
     <gpxdata:distance>11253.00</gpxdata:distance>
     <gpxdata:speed>7.842</gpxdata:speed>
    </extensions>
   </trkpt>
   <trkpt lat="47.4498136" lon="6.6747083">
    <ele>330</ele>
    <time>2026-06-09T15:49:13Z</time>
    <extensions>
     <gpxdata:distance>11260.00</gpxdata:distance>
     <gpxdata:speed>7.453</gpxdata:speed>
    </extensions>
   </trkpt>
   <trkpt lat="47.4498237" lon="6.6748017">
    <ele>330</ele>
    <time>2026-06-09T15:49:14Z</time>
    <extensions>
     <gpxdata:distance>11263.50</gpxdata:distance>
     <gpxdata:speed>7.211</gpxdata:speed>
    </extensions>
   </trkpt>
   <trkpt lat="47.4498336" lon="6.6748921">
    <ele>330</ele>
    <time>2026-06-09T15:49:15Z</time>
    <extensions>
     <gpxdata:distance>11267.00</gpxdata:distance>
     <gpxdata:speed>7.211</gpxdata:speed>
    </extensions>
   </trkpt>
   <trkpt lat="47.4498421" lon="6.6749796">
    <ele>330</ele>
    <time>2026-06-09T15:49:16Z</time>
    <extensions>
     <gpxdata:distance>11277.00</gpxdata:distance>
     <gpxdata:speed>6.744</gpxdata:speed>
    </extensions>
   </trkpt>
   <trkpt lat="47.4498489" lon="6.6750641">
    <ele>330</ele>
    <time>2026-06-09T15:49:17Z</time>
    <extensions>
     <gpxdata:distance>11287.00</gpxdata:distance>
     <gpxdata:speed>6.497</gpxdata:speed>
    </extensions>
   </trkpt>
   <trkpt lat="47.4498546" lon="6.6751434">
    <ele>330</ele>
    <time>2026-06-09T15:49:18Z</time>
    <extensions>
     <gpxdata:distance>11292.50</gpxdata:distance>
     <gpxdata:speed>6.111</gpxdata:speed>
    </extensions>
   </trkpt>
   <trkpt lat="47.4498607" lon="6.6752170">
    <ele>330</ele>
    <time>2026-06-09T15:49:19Z</time>
    <extensions>
     <gpxdata:distance>11298.00</gpxdata:distance>
     <gpxdata:speed>5.719</gpxdata:speed>
    </extensions>
   </trkpt>
   <trkpt lat="47.4498661" lon="6.6752672">
    <ele>330</ele>
    <time>2026-06-09T15:49:20Z</time>
    <extensions>
     <gpxdata:distance>11303.00</gpxdata:distance>
     <gpxdata:speed>5.450</gpxdata:speed>
    </extensions>
   </trkpt>
   <trkpt lat="47.4498749" lon="6.6753303">
    <ele>331</ele>
    <time>2026-06-09T15:49:21Z</time>
    <extensions>
     <gpxdata:distance>11308.00</gpxdata:distance>
     <gpxdata:speed>5.408</gpxdata:speed>
    </extensions>
   </trkpt>
   <trkpt lat="47.4498861" lon="6.6753989">
    <ele>331</ele>
    <time>2026-06-09T15:49:22Z</time>
    <extensions>
     <gpxdata:distance>11314.00</gpxdata:distance>
     <gpxdata:speed>5.531</gpxdata:speed>
    </extensions>
   </trkpt>
   <trkpt lat="47.4498981" lon="6.6754714">
    <ele>331</ele>
    <time>2026-06-09T15:49:23Z</time>
    <extensions>
     <gpxdata:distance>11320.00</gpxdata:distance>
     <gpxdata:speed>5.728</gpxdata:speed>
    </extensions>
   </trkpt>
   <trkpt lat="47.4499080" lon="6.6755479">
    <ele>332</ele>
    <time>2026-06-09T15:49:24Z</time>
    <extensions>
     <gpxdata:distance>11326.00</gpxdata:distance>
     <gpxdata:speed>5.817</gpxdata:speed>
    </extensions>
   </trkpt>
   <trkpt lat="47.4499145" lon="6.6756281">
    <ele>332</ele>
    <time>2026-06-09T15:49:25Z</time>
    <extensions>
     <gpxdata:distance>11332.00</gpxdata:distance>
     <gpxdata:speed>5.942</gpxdata:speed>
    </extensions>
   </trkpt>
   <trkpt lat="47.4499175" lon="6.6757114">
    <ele>332</ele>
    <time>2026-06-09T15:49:26Z</time>
    <extensions>
     <gpxdata:distance>11335.50</gpxdata:distance>
     <gpxdata:speed>6.086</gpxdata:speed>
    </extensions>
   </trkpt>
   <trkpt lat="47.4499180" lon="6.6758259">
    <ele>332</ele>
    <time>2026-06-09T15:49:27Z</time>
    <extensions>
     <gpxdata:distance>11339.00</gpxdata:distance>
     <gpxdata:speed>6.086</gpxdata:speed>
    </extensions>
   </trkpt>
   <trkpt lat="47.4499166" lon="6.6759175">
    <ele>332</ele>
    <time>2026-06-09T15:49:28Z</time>
    <extensions>
     <gpxdata:distance>11349.00</gpxdata:distance>
     <gpxdata:speed>6.242</gpxdata:speed>
    </extensions>
   </trkpt>
   <trkpt lat="47.4499167" lon="6.6760077">
    <ele>332</ele>
    <time>2026-06-09T15:49:29Z</time>
    <extensions>
     <gpxdata:distance>11359.00</gpxdata:distance>
     <gpxdata:speed>6.683</gpxdata:speed>
    </extensions>
   </trkpt>
   <trkpt lat="47.4499195" lon="6.6760982">
    <ele>332</ele>
    <time>2026-06-09T15:49:30Z</time>
    <extensions>
     <gpxdata:distance>11362.50</gpxdata:distance>
     <gpxdata:speed>6.683</gpxdata:speed>
    </extensions>
   </trkpt>
   <trkpt lat="47.4499247" lon="6.6761894">
    <ele>332</ele>
    <time>2026-06-09T15:49:31Z</time>
    <extensions>
     <gpxdata:distance>11366.00</gpxdata:distance>
     <gpxdata:speed>6.767</gpxdata:speed>
    </extensions>
   </trkpt>
   <trkpt lat="47.4499310" lon="6.6762820">
    <ele>332</ele>
    <time>2026-06-09T15:49:32Z</time>
    <extensions>
     <gpxdata:distance>11373.00</gpxdata:distance>
     <gpxdata:speed>6.967</gpxdata:speed>
    </extensions>
   </trkpt>
   <trkpt lat="47.4499376" lon="6.6763763">
    <ele>332</ele>
    <time>2026-06-09T15:49:33Z</time>
    <extensions>
     <gpxdata:distance>11380.00</gpxdata:distance>
     <gpxdata:speed>6.967</gpxdata:speed>
    </extensions>
   </trkpt>
   <trkpt lat="47.4499444" lon="6.6764723">
    <ele>332</ele>
    <time>2026-06-09T15:49:34Z</time>
    <extensions>
     <gpxdata:distance>11391.00</gpxdata:distance>
     <gpxdata:speed>7.211</gpxdata:speed>
    </extensions>
   </trkpt>
   <trkpt lat="47.4499521" lon="6.6765700">
    <ele>332</ele>
    <time>2026-06-09T15:49:35Z</time>
    <extensions>
     <gpxdata:distance>11402.00</gpxdata:distance>
     <gpxdata:speed>7.356</gpxdata:speed>
    </extensions>
   </trkpt>
   <trkpt lat="47.4499607" lon="6.6766688">
    <ele>332</ele>
    <time>2026-06-09T15:49:36Z</time>
    <extensions>
     <gpxdata:distance>11409.50</gpxdata:distance>
     <gpxdata:speed>7.422</gpxdata:speed>
    </extensions>
   </trkpt>
   <trkpt lat="47.4499690" lon="6.6767680">
    <ele>332</ele>
    <time>2026-06-09T15:49:37Z</time>
    <extensions>
     <gpxdata:distance>11417.00</gpxdata:distance>
     <gpxdata:speed>7.469</gpxdata:speed>
    </extensions>
   </trkpt>
   <trkpt lat="47.4499769" lon="6.6768677">
    <ele>332</ele>
    <time>2026-06-09T15:49:38Z</time>
    <extensions>
     <gpxdata:distance>11424.50</gpxdata:distance>
     <gpxdata:speed>7.511</gpxdata:speed>
    </extensions>
   </trkpt>
   <trkpt lat="47.4499839" lon="6.6769679">
    <ele>332</ele>
    <time>2026-06-09T15:49:39Z</time>
    <extensions>
     <gpxdata:distance>11432.00</gpxdata:distance>
     <gpxdata:speed>7.547</gpxdata:speed>
    </extensions>
   </trkpt>
   <trkpt lat="47.4499909" lon="6.6770687">
    <ele>332</ele>
    <time>2026-06-09T15:49:40Z</time>
    <extensions>
     <gpxdata:distance>11439.50</gpxdata:distance>
     <gpxdata:speed>7.589</gpxdata:speed>
    </extensions>
   </trkpt>
   <trkpt lat="47.4499979" lon="6.6771699">
    <ele>332</ele>
    <time>2026-06-09T15:49:41Z</time>
    <extensions>
     <gpxdata:distance>11447.00</gpxdata:distance>
     <gpxdata:speed>7.622</gpxdata:speed>
    </extensions>
   </trkpt>
   <trkpt lat="47.4500051" lon="6.6772715">
    <ele>332</ele>
    <time>2026-06-09T15:49:42Z</time>
    <extensions>
     <gpxdata:distance>11455.00</gpxdata:distance>
     <gpxdata:speed>7.653</gpxdata:speed>
    </extensions>
   </trkpt>
   <trkpt lat="47.4500127" lon="6.6773731">
    <ele>332</ele>
    <time>2026-06-09T15:49:43Z</time>
    <extensions>
     <gpxdata:distance>11463.00</gpxdata:distance>
     <gpxdata:speed>7.672</gpxdata:speed>
    </extensions>
   </trkpt>
   <trkpt lat="47.4500206" lon="6.6774749">
    <ele>332</ele>
    <time>2026-06-09T15:49:44Z</time>
    <extensions>
     <gpxdata:distance>11467.00</gpxdata:distance>
     <gpxdata:speed>7.694</gpxdata:speed>
    </extensions>
   </trkpt>
   <trkpt lat="47.4500281" lon="6.6775770">
    <ele>332</ele>
    <time>2026-06-09T15:49:45Z</time>
    <extensions>
     <gpxdata:distance>11471.00</gpxdata:distance>
     <gpxdata:speed>7.694</gpxdata:speed>
    </extensions>
   </trkpt>
   <trkpt lat="47.4500352" lon="6.6776793">
    <ele>332</ele>
    <time>2026-06-09T15:49:46Z</time>
    <extensions>
     <gpxdata:distance>11482.50</gpxdata:distance>
     <gpxdata:speed>7.722</gpxdata:speed>
    </extensions>
   </trkpt>
   <trkpt lat="47.4500421" lon="6.6777814">
    <ele>332</ele>
    <time>2026-06-09T15:49:47Z</time>
    <extensions>
     <gpxdata:distance>11494.00</gpxdata:distance>
     <gpxdata:speed>7.725</gpxdata:speed>
    </extensions>
   </trkpt>
   <trkpt lat="47.4500500" lon="6.6778835">
    <ele>332</ele>
    <time>2026-06-09T15:49:48Z</time>
    <extensions>
     <gpxdata:distance>11501.50</gpxdata:distance>
     <gpxdata:speed>7.731</gpxdata:speed>
    </extensions>
   </trkpt>
   <trkpt lat="47.4500585" lon="6.6779856">
    <ele>332</ele>
    <time>2026-06-09T15:49:49Z</time>
    <extensions>
     <gpxdata:distance>11509.00</gpxdata:distance>
     <gpxdata:speed>7.739</gpxdata:speed>
    </extensions>
   </trkpt>
   <trkpt lat="47.4500670" lon="6.6780874">
    <ele>332</ele>
    <time>2026-06-09T15:49:50Z</time>
    <extensions>
     <gpxdata:distance>11516.50</gpxdata:distance>
     <gpxdata:speed>7.733</gpxdata:speed>
    </extensions>
   </trkpt>
   <trkpt lat="47.4500755" lon="6.6781874">
    <ele>332</ele>
    <time>2026-06-09T15:49:51Z</time>
    <extensions>
     <gpxdata:distance>11524.00</gpxdata:distance>
     <gpxdata:speed>7.672</gpxdata:speed>
    </extensions>
   </trkpt>
   <trkpt lat="47.4500844" lon="6.6782850">
    <ele>332</ele>
    <time>2026-06-09T15:49:52Z</time>
    <extensions>
     <gpxdata:distance>11531.50</gpxdata:distance>
     <gpxdata:speed>7.572</gpxdata:speed>
    </extensions>
   </trkpt>
   <trkpt lat="47.4500935" lon="6.6783807">
    <ele>332</ele>
    <time>2026-06-09T15:49:53Z</time>
    <extensions>
     <gpxdata:distance>11539.00</gpxdata:distance>
     <gpxdata:speed>7.467</gpxdata:speed>
    </extensions>
   </trkpt>
   <trkpt lat="47.4501022" lon="6.6784748">
    <ele>332</ele>
    <time>2026-06-09T15:49:54Z</time>
    <extensions>
     <gpxdata:distance>11546.00</gpxdata:distance>
     <gpxdata:speed>7.350</gpxdata:speed>
    </extensions>
   </trkpt>
   <trkpt lat="47.4501118" lon="6.6785669">
    <ele>332</ele>
    <time>2026-06-09T15:49:55Z</time>
    <extensions>
     <gpxdata:distance>11553.00</gpxdata:distance>
     <gpxdata:speed>7.228</gpxdata:speed>
    </extensions>
   </trkpt>
   <trkpt lat="47.4501225" lon="6.6786575">
    <ele>332</ele>
    <time>2026-06-09T15:49:56Z</time>
    <extensions>
     <gpxdata:distance>11560.00</gpxdata:distance>
     <gpxdata:speed>7.067</gpxdata:speed>
    </extensions>
   </trkpt>
   <trkpt lat="47.4501332" lon="6.6787473">
    <ele>332</ele>
    <time>2026-06-09T15:49:57Z</time>
    <extensions>
     <gpxdata:distance>11567.00</gpxdata:distance>
     <gpxdata:speed>6.942</gpxdata:speed>
    </extensions>
   </trkpt>
   <trkpt lat="47.4501442" lon="6.6788382">
    <ele>332</ele>
    <time>2026-06-09T15:49:58Z</time>
    <extensions>
     <gpxdata:distance>11574.00</gpxdata:distance>
     <gpxdata:speed>6.983</gpxdata:speed>
    </extensions>
   </trkpt>
   <trkpt lat="47.4501564" lon="6.6789309">
    <ele>332</ele>
    <time>2026-06-09T15:49:59Z</time>
    <extensions>
     <gpxdata:distance>11581.00</gpxdata:distance>
     <gpxdata:speed>7.086</gpxdata:speed>
    </extensions>
   </trkpt>
   <trkpt lat="47.4501692" lon="6.6790257">
    <ele>332</ele>
    <time>2026-06-09T15:50:00Z</time>
    <extensions>
     <gpxdata:distance>11584.50</gpxdata:distance>
     <gpxdata:speed>7.086</gpxdata:speed>
    </extensions>
   </trkpt>
   <trkpt lat="47.4501827" lon="6.6791228">
    <ele>332</ele>
    <time>2026-06-09T15:50:01Z</time>
    <extensions>
     <gpxdata:distance>11588.00</gpxdata:distance>
     <gpxdata:speed>7.200</gpxdata:speed>
    </extensions>
   </trkpt>
   <trkpt lat="47.4501970" lon="6.6792220">
    <ele>332</ele>
    <time>2026-06-09T15:50:02Z</time>
    <extensions>
     <gpxdata:distance>11596.00</gpxdata:distance>
     <gpxdata:speed>7.425</gpxdata:speed>
    </extensions>
   </trkpt>
   <trkpt lat="47.4502123" lon="6.6793223">
    <ele>332</ele>
    <time>2026-06-09T15:50:03Z</time>
    <extensions>
     <gpxdata:distance>11604.00</gpxdata:distance>
     <gpxdata:speed>7.425</gpxdata:speed>
    </extensions>
   </trkpt>
   <trkpt lat="47.4502291" lon="6.6794232">
    <ele>332</ele>
    <time>2026-06-09T15:50:04Z</time>
    <extensions>
     <gpxdata:distance>11615.50</gpxdata:distance>
     <gpxdata:speed>7.639</gpxdata:speed>
    </extensions>
   </trkpt>
   <trkpt lat="47.4502472" lon="6.6795248">
    <ele>332</ele>
    <time>2026-06-09T15:50:05Z</time>
    <extensions>
     <gpxdata:distance>11627.00</gpxdata:distance>
     <gpxdata:speed>7.842</gpxdata:speed>
    </extensions>
   </trkpt>
   <trkpt lat="47.4502658" lon="6.6796273">
    <ele>332</ele>
    <time>2026-06-09T15:50:06Z</time>
    <extensions>
     <gpxdata:distance>11635.00</gpxdata:distance>
     <gpxdata:speed>7.939</gpxdata:speed>
    </extensions>
   </trkpt>
   <trkpt lat="47.4502845" lon="6.6797306">
    <ele>332</ele>
    <time>2026-06-09T15:50:07Z</time>
    <extensions>
     <gpxdata:distance>11643.00</gpxdata:distance>
     <gpxdata:speed>8.006</gpxdata:speed>
    </extensions>
   </trkpt>
   <trkpt lat="47.4503032" lon="6.6798344">
    <ele>332</ele>
    <time>2026-06-09T15:50:08Z</time>
    <extensions>
     <gpxdata:distance>11651.50</gpxdata:distance>
     <gpxdata:speed>8.053</gpxdata:speed>
    </extensions>
   </trkpt>
   <trkpt lat="47.4503222" lon="6.6799391">
    <ele>332</ele>
    <time>2026-06-09T15:50:09Z</time>
    <extensions>
     <gpxdata:distance>11660.00</gpxdata:distance>
     <gpxdata:speed>8.131</gpxdata:speed>
    </extensions>
   </trkpt>
   <trkpt lat="47.4503418" lon="6.6800450">
    <ele>332</ele>
    <time>2026-06-09T15:50:10Z</time>
    <extensions>
     <gpxdata:distance>11668.00</gpxdata:distance>
     <gpxdata:speed>8.231</gpxdata:speed>
    </extensions>
   </trkpt>
   <trkpt lat="47.4503621" lon="6.6801513">
    <ele>332</ele>
    <time>2026-06-09T15:50:11Z</time>
    <extensions>
     <gpxdata:distance>11676.00</gpxdata:distance>
     <gpxdata:speed>8.283</gpxdata:speed>
    </extensions>
   </trkpt>
   <trkpt lat="47.4503842" lon="6.6802576">
    <ele>332</ele>
    <time>2026-06-09T15:50:12Z</time>
    <extensions>
     <gpxdata:distance>11684.50</gpxdata:distance>
     <gpxdata:speed>8.333</gpxdata:speed>
    </extensions>
   </trkpt>
   <trkpt lat="47.4504082" lon="6.6803634">
    <ele>332</ele>
    <time>2026-06-09T15:50:13Z</time>
    <extensions>
     <gpxdata:distance>11693.00</gpxdata:distance>
     <gpxdata:speed>8.375</gpxdata:speed>
    </extensions>
   </trkpt>
   <trkpt lat="47.4504336" lon="6.6804686">
    <ele>332</ele>
    <time>2026-06-09T15:50:14Z</time>
    <extensions>
     <gpxdata:distance>11697.50</gpxdata:distance>
     <gpxdata:speed>8.386</gpxdata:speed>
    </extensions>
   </trkpt>
   <trkpt lat="47.4504594" lon="6.6805722">
    <ele>332</ele>
    <time>2026-06-09T15:50:15Z</time>
    <extensions>
     <gpxdata:distance>11702.00</gpxdata:distance>
     <gpxdata:speed>8.386</gpxdata:speed>
    </extensions>
   </trkpt>
   <trkpt lat="47.4504845" lon="6.6806740">
    <ele>332</ele>
    <time>2026-06-09T15:50:16Z</time>
    <extensions>
     <gpxdata:distance>11714.00</gpxdata:distance>
     <gpxdata:speed>8.344</gpxdata:speed>
    </extensions>
   </trkpt>
   <trkpt lat="47.4505099" lon="6.6807749">
    <ele>332</ele>
    <time>2026-06-09T15:50:17Z</time>
    <extensions>
     <gpxdata:distance>11726.00</gpxdata:distance>
     <gpxdata:speed>8.214</gpxdata:speed>
    </extensions>
   </trkpt>
   <trkpt lat="47.4505366" lon="6.6808761">
    <ele>332</ele>
    <time>2026-06-09T15:50:18Z</time>
    <extensions>
     <gpxdata:distance>11734.50</gpxdata:distance>
     <gpxdata:speed>8.217</gpxdata:speed>
    </extensions>
   </trkpt>
   <trkpt lat="47.4505649" lon="6.6809788">
    <ele>332</ele>
    <time>2026-06-09T15:50:19Z</time>
    <extensions>
     <gpxdata:distance>11743.00</gpxdata:distance>
     <gpxdata:speed>8.278</gpxdata:speed>
    </extensions>
   </trkpt>
   <trkpt lat="47.4505935" lon="6.6810840">
    <ele>332</ele>
    <time>2026-06-09T15:50:20Z</time>
    <extensions>
     <gpxdata:distance>11751.50</gpxdata:distance>
     <gpxdata:speed>8.372</gpxdata:speed>
    </extensions>
   </trkpt>
   <trkpt lat="47.4506211" lon="6.6811921">
    <ele>332</ele>
    <time>2026-06-09T15:50:21Z</time>
    <extensions>
     <gpxdata:distance>11760.00</gpxdata:distance>
     <gpxdata:speed>8.489</gpxdata:speed>
    </extensions>
   </trkpt>
   <trkpt lat="47.4506476" lon="6.6813024">
    <ele>332</ele>
    <time>2026-06-09T15:50:22Z</time>
    <extensions>
     <gpxdata:distance>11769.00</gpxdata:distance>
     <gpxdata:speed>8.603</gpxdata:speed>
    </extensions>
   </trkpt>
   <trkpt lat="47.4506753" lon="6.6814134">
    <ele>332</ele>
    <time>2026-06-09T15:50:23Z</time>
    <extensions>
     <gpxdata:distance>11778.00</gpxdata:distance>
     <gpxdata:speed>8.706</gpxdata:speed>
    </extensions>
   </trkpt>
   <trkpt lat="47.4507052" lon="6.6815240">
    <ele>332</ele>
    <time>2026-06-09T15:50:24Z</time>
    <extensions>
     <gpxdata:distance>11787.00</gpxdata:distance>
     <gpxdata:speed>8.797</gpxdata:speed>
    </extensions>
   </trkpt>
   <trkpt lat="47.4507374" lon="6.6816338">
    <ele>332</ele>
    <time>2026-06-09T15:50:25Z</time>
    <extensions>
     <gpxdata:distance>11796.00</gpxdata:distance>
     <gpxdata:speed>8.911</gpxdata:speed>
    </extensions>
   </trkpt>
   <trkpt lat="47.4507713" lon="6.6817439">
    <ele>332</ele>
    <time>2026-06-09T15:50:26Z</time>
    <extensions>
     <gpxdata:distance>11805.00</gpxdata:distance>
     <gpxdata:speed>9.058</gpxdata:speed>
    </extensions>
   </trkpt>
   <trkpt lat="47.4508053" lon="6.6818548">
    <ele>332</ele>
    <time>2026-06-09T15:50:27Z</time>
    <extensions>
     <gpxdata:distance>11814.00</gpxdata:distance>
     <gpxdata:speed>9.133</gpxdata:speed>
    </extensions>
   </trkpt>
   <trkpt lat="47.4508399" lon="6.6819664">
    <ele>332</ele>
    <time>2026-06-09T15:50:28Z</time>
    <extensions>
     <gpxdata:distance>11823.50</gpxdata:distance>
     <gpxdata:speed>9.206</gpxdata:speed>
    </extensions>
   </trkpt>
   <trkpt lat="47.4508755" lon="6.6820781">
    <ele>332</ele>
    <time>2026-06-09T15:50:29Z</time>
    <extensions>
     <gpxdata:distance>11833.00</gpxdata:distance>
     <gpxdata:speed>9.267</gpxdata:speed>
    </extensions>
   </trkpt>
   <trkpt lat="47.4509128" lon="6.6821897">
    <ele>332</ele>
    <time>2026-06-09T15:50:30Z</time>
    <extensions>
     <gpxdata:distance>11842.50</gpxdata:distance>
     <gpxdata:speed>9.267</gpxdata:speed>
    </extensions>
   </trkpt>
   <trkpt lat="47.4509511" lon="6.6823016">
    <ele>332</ele>
    <time>2026-06-09T15:50:31Z</time>
    <extensions>
     <gpxdata:distance>11852.00</gpxdata:distance>
     <gpxdata:speed>9.408</gpxdata:speed>
    </extensions>
   </trkpt>
   <trkpt lat="47.4509898" lon="6.6824140">
    <ele>332</ele>
    <time>2026-06-09T15:50:32Z</time>
    <extensions>
     <gpxdata:distance>11856.50</gpxdata:distance>
     <gpxdata:speed>9.461</gpxdata:speed>
    </extensions>
   </trkpt>
   <trkpt lat="47.4510297" lon="6.6825268">
    <ele>332</ele>
    <time>2026-06-09T15:50:33Z</time>
    <extensions>
     <gpxdata:distance>11861.00</gpxdata:distance>
     <gpxdata:speed>9.461</gpxdata:speed>
    </extensions>
   </trkpt>
   <trkpt lat="47.4510707" lon="6.6826405">
    <ele>332</ele>
    <time>2026-06-09T15:50:34Z</time>
    <extensions>
     <gpxdata:distance>11876.00</gpxdata:distance>
     <gpxdata:speed>9.650</gpxdata:speed>
    </extensions>
   </trkpt>
   <trkpt lat="47.4511125" lon="6.6827550">
    <ele>332</ele>
    <time>2026-06-09T15:50:35Z</time>
    <extensions>
     <gpxdata:distance>11891.00</gpxdata:distance>
     <gpxdata:speed>9.739</gpxdata:speed>
    </extensions>
   </trkpt>
   <trkpt lat="47.4511560" lon="6.6828689">
    <ele>332</ele>
    <time>2026-06-09T15:50:36Z</time>
    <extensions>
     <gpxdata:distance>11900.50</gpxdata:distance>
     <gpxdata:speed>9.803</gpxdata:speed>
    </extensions>
   </trkpt>
   <trkpt lat="47.4512006" lon="6.6829819">
    <ele>332</ele>
    <time>2026-06-09T15:50:37Z</time>
    <extensions>
     <gpxdata:distance>11910.00</gpxdata:distance>
     <gpxdata:speed>9.817</gpxdata:speed>
    </extensions>
   </trkpt>
   <trkpt lat="47.4512459" lon="6.6830945">
    <ele>332</ele>
    <time>2026-06-09T15:50:38Z</time>
    <extensions>
     <gpxdata:distance>11915.00</gpxdata:distance>
     <gpxdata:speed>9.817</gpxdata:speed>
    </extensions>
   </trkpt>
   <trkpt lat="47.4512926" lon="6.6832059">
    <ele>332</ele>
    <time>2026-06-09T15:50:39Z</time>
    <extensions>
     <gpxdata:distance>11920.00</gpxdata:distance>
     <gpxdata:speed>9.836</gpxdata:speed>
    </extensions>
   </trkpt>
   <trkpt lat="47.4513409" lon="6.6833163">
    <ele>332</ele>
    <time>2026-06-09T15:50:40Z</time>
    <extensions>
     <gpxdata:distance>11935.00</gpxdata:distance>
     <gpxdata:speed>9.881</gpxdata:speed>
    </extensions>
   </trkpt>
   <trkpt lat="47.4513904" lon="6.6834255">
    <ele>332</ele>
    <time>2026-06-09T15:50:41Z</time>
    <extensions>
     <gpxdata:distance>11950.00</gpxdata:distance>
     <gpxdata:speed>9.889</gpxdata:speed>
    </extensions>
   </trkpt>
   <trkpt lat="47.4514399" lon="6.6835344">
    <ele>332</ele>
    <time>2026-06-09T15:50:42Z</time>
    <extensions>
     <gpxdata:distance>11955.00</gpxdata:distance>
     <gpxdata:speed>9.889</gpxdata:speed>
    </extensions>
   </trkpt>
   <trkpt lat="47.4514888" lon="6.6836434">
    <ele>332</ele>
    <time>2026-06-09T15:50:43Z</time>
    <extensions>
     <gpxdata:distance>11960.00</gpxdata:distance>
     <gpxdata:speed>9.883</gpxdata:speed>
    </extensions>
   </trkpt>
   <trkpt lat="47.4515378" lon="6.6837512">
    <ele>332</ele>
    <time>2026-06-09T15:50:44Z</time>
    <extensions>
     <gpxdata:distance>11969.50</gpxdata:distance>
     <gpxdata:speed>9.869</gpxdata:speed>
    </extensions>
   </trkpt>
   <trkpt lat="47.4515883" lon="6.6838561">
    <ele>332</ele>
    <time>2026-06-09T15:50:45Z</time>
    <extensions>
     <gpxdata:distance>11979.00</gpxdata:distance>
     <gpxdata:speed>9.836</gpxdata:speed>
    </extensions>
   </trkpt>
   <trkpt lat="47.4516395" lon="6.6839591">
    <ele>332</ele>
    <time>2026-06-09T15:50:46Z</time>
    <extensions>
     <gpxdata:distance>11993.50</gpxdata:distance>
     <gpxdata:speed>9.783</gpxdata:speed>
    </extensions>
   </trkpt>
   <trkpt lat="47.4516909" lon="6.6840618">
    <ele>332</ele>
    <time>2026-06-09T15:50:47Z</time>
    <extensions>
     <gpxdata:distance>12008.00</gpxdata:distance>
     <gpxdata:speed>9.692</gpxdata:speed>
    </extensions>
   </trkpt>
   <trkpt lat="47.4517421" lon="6.6841644">
    <ele>332</ele>
    <time>2026-06-09T15:50:48Z</time>
    <extensions>
     <gpxdata:distance>12013.00</gpxdata:distance>
     <gpxdata:speed>9.692</gpxdata:speed>
    </extensions>
   </trkpt>
   <trkpt lat="47.4517942" lon="6.6842659">
    <ele>332</ele>
    <time>2026-06-09T15:50:49Z</time>
    <extensions>
     <gpxdata:distance>12018.00</gpxdata:distance>
     <gpxdata:speed>9.661</gpxdata:speed>
    </extensions>
   </trkpt>
   <trkpt lat="47.4518471" lon="6.6843652">
    <ele>332</ele>
    <time>2026-06-09T15:50:50Z</time>
    <extensions>
     <gpxdata:distance>12027.50</gpxdata:distance>
     <gpxdata:speed>9.636</gpxdata:speed>
    </extensions>
   </trkpt>
   <trkpt lat="47.4518997" lon="6.6844624">
    <ele>332</ele>
    <time>2026-06-09T15:50:51Z</time>
    <extensions>
     <gpxdata:distance>12037.00</gpxdata:distance>
     <gpxdata:speed>9.586</gpxdata:speed>
    </extensions>
   </trkpt>
   <trkpt lat="47.4519513" lon="6.6845563">
    <ele>332</ele>
    <time>2026-06-09T15:50:52Z</time>
    <extensions>
     <gpxdata:distance>12046.00</gpxdata:distance>
     <gpxdata:speed>9.506</gpxdata:speed>
    </extensions>
   </trkpt>
   <trkpt lat="47.4520020" lon="6.6846467">
    <ele>332</ele>
    <time>2026-06-09T15:50:53Z</time>
    <extensions>
     <gpxdata:distance>12055.00</gpxdata:distance>
     <gpxdata:speed>9.353</gpxdata:speed>
    </extensions>
   </trkpt>
   <trkpt lat="47.4520517" lon="6.6847341">
    <ele>332</ele>
    <time>2026-06-09T15:50:54Z</time>
    <extensions>
     <gpxdata:distance>12067.50</gpxdata:distance>
     <gpxdata:speed>8.964</gpxdata:speed>
    </extensions>
   </trkpt>
   <trkpt lat="47.4521005" lon="6.6848190">
    <ele>332</ele>
    <time>2026-06-09T15:50:55Z</time>
    <extensions>
     <gpxdata:distance>12080.00</gpxdata:distance>
     <gpxdata:speed>8.769</gpxdata:speed>
    </extensions>
   </trkpt>
   <trkpt lat="47.4521489" lon="6.6849033">
    <ele>332</ele>
    <time>2026-06-09T15:50:56Z</time>
    <extensions>
     <gpxdata:distance>12084.50</gpxdata:distance>
     <gpxdata:speed>8.622</gpxdata:speed>
    </extensions>
   </trkpt>
   <trkpt lat="47.4521974" lon="6.6849873">
    <ele>332</ele>
    <time>2026-06-09T15:50:57Z</time>
    <extensions>
     <gpxdata:distance>12089.00</gpxdata:distance>
     <gpxdata:speed>8.622</gpxdata:speed>
    </extensions>
   </trkpt>
   <trkpt lat="47.4522467" lon="6.6850707">
    <ele>332</ele>
    <time>2026-06-09T15:50:58Z</time>
    <extensions>
     <gpxdata:distance>12101.50</gpxdata:distance>
     <gpxdata:speed>8.467</gpxdata:speed>
    </extensions>
   </trkpt>
   <trkpt lat="47.4522979" lon="6.6851526">
    <ele>332</ele>
    <time>2026-06-09T15:50:59Z</time>
    <extensions>
     <gpxdata:distance>12114.00</gpxdata:distance>
     <gpxdata:speed>8.417</gpxdata:speed>
    </extensions>
   </trkpt>
   <trkpt lat="47.4523508" lon="6.6852327">
    <ele>332</ele>
    <time>2026-06-09T15:51:00Z</time>
    <extensions>
     <gpxdata:distance>12118.00</gpxdata:distance>
     <gpxdata:speed>8.417</gpxdata:speed>
    </extensions>
   </trkpt>
   <trkpt lat="47.4524043" lon="6.6853127">
    <ele>332</ele>
    <time>2026-06-09T15:51:01Z</time>
    <extensions>
     <gpxdata:distance>12122.00</gpxdata:distance>
     <gpxdata:speed>8.403</gpxdata:speed>
    </extensions>
   </trkpt>
   <trkpt lat="47.4524577" lon="6.6853945">
    <ele>332</ele>
    <time>2026-06-09T15:51:02Z</time>
    <extensions>
     <gpxdata:distance>12130.50</gpxdata:distance>
     <gpxdata:speed>8.458</gpxdata:speed>
    </extensions>
   </trkpt>
   <trkpt lat="47.4525111" lon="6.6854766">
    <ele>332</ele>
    <time>2026-06-09T15:51:03Z</time>
    <extensions>
     <gpxdata:distance>12139.00</gpxdata:distance>
     <gpxdata:speed>8.458</gpxdata:speed>
    </extensions>
   </trkpt>
   <trkpt lat="47.4525655" lon="6.6855581">
    <ele>332</ele>
    <time>2026-06-09T15:51:04Z</time>
    <extensions>
     <gpxdata:distance>12152.00</gpxdata:distance>
     <gpxdata:speed>8.539</gpxdata:speed>
    </extensions>
   </trkpt>
   <trkpt lat="47.4526209" lon="6.6856379">
    <ele>332</ele>
    <time>2026-06-09T15:51:05Z</time>
    <extensions>
     <gpxdata:distance>12165.00</gpxdata:distance>
     <gpxdata:speed>8.558</gpxdata:speed>
    </extensions>
   </trkpt>
   <trkpt lat="47.4526771" lon="6.6857153">
    <ele>332</ele>
    <time>2026-06-09T15:51:06Z</time>
    <extensions>
     <gpxdata:distance>12169.50</gpxdata:distance>
     <gpxdata:speed>8.553</gpxdata:speed>
    </extensions>
   </trkpt>
   <trkpt lat="47.4527338" lon="6.6857907">
    <ele>332</ele>
    <time>2026-06-09T15:51:07Z</time>
    <extensions>
     <gpxdata:distance>12174.00</gpxdata:distance>
     <gpxdata:speed>8.553</gpxdata:speed>
    </extensions>
   </trkpt>
   <trkpt lat="47.4527899" lon="6.6858651">
    <ele>332</ele>
    <time>2026-06-09T15:51:08Z</time>
    <extensions>
     <gpxdata:distance>12182.00</gpxdata:distance>
     <gpxdata:speed>8.525</gpxdata:speed>
    </extensions>
   </trkpt>
   <trkpt lat="47.4528446" lon="6.6859386">
    <ele>332</ele>
    <time>2026-06-09T15:51:09Z</time>
    <extensions>
     <gpxdata:distance>12190.00</gpxdata:distance>
     <gpxdata:speed>8.475</gpxdata:speed>
    </extensions>
   </trkpt>
   <trkpt lat="47.4528978" lon="6.6860102">
    <ele>332</ele>
    <time>2026-06-09T15:51:10Z</time>
    <extensions>
     <gpxdata:distance>12202.00</gpxdata:distance>
     <gpxdata:speed>8.381</gpxdata:speed>
    </extensions>
   </trkpt>
   <trkpt lat="47.4529501" lon="6.6860791">
    <ele>332</ele>
    <time>2026-06-09T15:51:11Z</time>
    <extensions>
     <gpxdata:distance>12214.00</gpxdata:distance>
     <gpxdata:speed>8.078</gpxdata:speed>
    </extensions>
   </trkpt>
   <trkpt lat="47.4530020" lon="6.6861466">
    <ele>332</ele>
    <time>2026-06-09T15:51:12Z</time>
    <extensions>
     <gpxdata:distance>12218.00</gpxdata:distance>
     <gpxdata:speed>8.078</gpxdata:speed>
    </extensions>
   </trkpt>
   <trkpt lat="47.4530547" lon="6.6862133">
    <ele>332</ele>
    <time>2026-06-09T15:51:13Z</time>
    <extensions>
     <gpxdata:distance>12222.00</gpxdata:distance>
     <gpxdata:speed>7.944</gpxdata:speed>
    </extensions>
   </trkpt>
   <trkpt lat="47.4531096" lon="6.6862787">
    <ele>332</ele>
    <time>2026-06-09T15:51:14Z</time>
    <extensions>
     <gpxdata:distance>12229.50</gpxdata:distance>
     <gpxdata:speed>7.833</gpxdata:speed>
    </extensions>
   </trkpt>
   <trkpt lat="47.4531660" lon="6.6863439">
    <ele>332</ele>
    <time>2026-06-09T15:51:15Z</time>
    <extensions>
     <gpxdata:distance>12237.00</gpxdata:distance>
     <gpxdata:speed>7.872</gpxdata:speed>
    </extensions>
   </trkpt>
   <trkpt lat="47.4532232" lon="6.6864095">
    <ele>332</ele>
    <time>2026-06-09T15:51:16Z</time>
    <extensions>
     <gpxdata:distance>12249.50</gpxdata:distance>
     <gpxdata:speed>7.939</gpxdata:speed>
    </extensions>
   </trkpt>
   <trkpt lat="47.4532811" lon="6.6864751">
    <ele>332</ele>
    <time>2026-06-09T15:51:17Z</time>
    <extensions>
     <gpxdata:distance>12262.00</gpxdata:distance>
     <gpxdata:speed>8.033</gpxdata:speed>
    </extensions>
   </trkpt>
   <trkpt lat="47.4533389" lon="6.6865402">
    <ele>332</ele>
    <time>2026-06-09T15:51:18Z</time>
    <extensions>
     <gpxdata:distance>12270.00</gpxdata:distance>
     <gpxdata:speed>8.033</gpxdata:speed>
    </extensions>
   </trkpt>
   <trkpt lat="47.4533957" lon="6.6866042">
    <ele>332</ele>
    <time>2026-06-09T15:51:19Z</time>
    <extensions>
     <gpxdata:distance>12278.00</gpxdata:distance>
     <gpxdata:speed>7.986</gpxdata:speed>
    </extensions>
   </trkpt>
   <trkpt lat="47.4534512" lon="6.6866661">
    <ele>332</ele>
    <time>2026-06-09T15:51:20Z</time>
    <extensions>
     <gpxdata:distance>12281.50</gpxdata:distance>
     <gpxdata:speed>7.986</gpxdata:speed>
    </extensions>
   </trkpt>
   <trkpt lat="47.4535055" lon="6.6867253">
    <ele>332</ele>
    <time>2026-06-09T15:51:21Z</time>
    <extensions>
     <gpxdata:distance>12285.00</gpxdata:distance>
     <gpxdata:speed>7.886</gpxdata:speed>
    </extensions>
   </trkpt>
   <trkpt lat="47.4535591" lon="6.6867822">
    <ele>332</ele>
    <time>2026-06-09T15:51:22Z</time>
    <extensions>
     <gpxdata:distance>12292.50</gpxdata:distance>
     <gpxdata:speed>7.608</gpxdata:speed>
    </extensions>
   </trkpt>
   <trkpt lat="47.4536122" lon="6.6868394">
    <ele>332</ele>
    <time>2026-06-09T15:51:23Z</time>
    <extensions>
     <gpxdata:distance>12300.00</gpxdata:distance>
     <gpxdata:speed>7.608</gpxdata:speed>
    </extensions>
   </trkpt>
   <trkpt lat="47.4536650" lon="6.6868974">
    <ele>332</ele>
    <time>2026-06-09T15:51:24Z</time>
    <extensions>
     <gpxdata:distance>12307.50</gpxdata:distance>
     <gpxdata:speed>7.514</gpxdata:speed>
    </extensions>
   </trkpt>
   <trkpt lat="47.4537185" lon="6.6869566">
    <ele>332</ele>
    <time>2026-06-09T15:51:25Z</time>
    <extensions>
     <gpxdata:distance>12315.00</gpxdata:distance>
     <gpxdata:speed>7.456</gpxdata:speed>
    </extensions>
   </trkpt>
   <trkpt lat="47.4537730" lon="6.6870166">
    <ele>332</ele>
    <time>2026-06-09T15:51:26Z</time>
    <extensions>
     <gpxdata:distance>12322.50</gpxdata:distance>
     <gpxdata:speed>7.456</gpxdata:speed>
    </extensions>
   </trkpt>
   <trkpt lat="47.4538284" lon="6.6870768">
    <ele>332</ele>
    <time>2026-06-09T15:51:27Z</time>
    <extensions>
     <gpxdata:distance>12330.00</gpxdata:distance>
     <gpxdata:speed>7.494</gpxdata:speed>
    </extensions>
   </trkpt>
   <trkpt lat="47.4538846" lon="6.6871370">
    <ele>332</ele>
    <time>2026-06-09T15:51:28Z</time>
    <extensions>
     <gpxdata:distance>12337.50</gpxdata:distance>
     <gpxdata:speed>7.597</gpxdata:speed>
    </extensions>
   </trkpt>
   <trkpt lat="47.4539411" lon="6.6871979">
    <ele>332</ele>
    <time>2026-06-09T15:51:29Z</time>
    <extensions>
     <gpxdata:distance>12345.00</gpxdata:distance>
     <gpxdata:speed>7.597</gpxdata:speed>
    </extensions>
   </trkpt>
   <trkpt lat="47.4539972" lon="6.6872603">
    <ele>332</ele>
    <time>2026-06-09T15:51:30Z</time>
    <extensions>
     <gpxdata:distance>12353.00</gpxdata:distance>
     <gpxdata:speed>7.658</gpxdata:speed>
    </extensions>
   </trkpt>
   <trkpt lat="47.4540534" lon="6.6873235">
    <ele>332</ele>
    <time>2026-06-09T15:51:31Z</time>
    <extensions>
     <gpxdata:distance>12361.00</gpxdata:distance>
     <gpxdata:speed>7.708</gpxdata:speed>
    </extensions>
   </trkpt>
   <trkpt lat="47.4541094" lon="6.6873873">
    <ele>332</ele>
    <time>2026-06-09T15:51:32Z</time>
    <extensions>
     <gpxdata:distance>12369.00</gpxdata:distance>
     <gpxdata:speed>7.800</gpxdata:speed>
    </extensions>
   </trkpt>
   <trkpt lat="47.4541655" lon="6.6874504">
    <ele>332</ele>
    <time>2026-06-09T15:51:33Z</time>
    <extensions>
     <gpxdata:distance>12377.00</gpxdata:distance>
     <gpxdata:speed>7.800</gpxdata:speed>
    </extensions>
   </trkpt>
   <trkpt lat="47.4542218" lon="6.6875134">
    <ele>332</ele>
    <time>2026-06-09T15:51:34Z</time>
    <extensions>
     <gpxdata:distance>12388.50</gpxdata:distance>
     <gpxdata:speed>7.839</gpxdata:speed>
    </extensions>
   </trkpt>
   <trkpt lat="47.4542781" lon="6.6875761">
    <ele>332</ele>
    <time>2026-06-09T15:51:35Z</time>
    <extensions>
     <gpxdata:distance>12400.00</gpxdata:distance>
     <gpxdata:speed>7.844</gpxdata:speed>
    </extensions>
   </trkpt>
   <trkpt lat="47.4543347" lon="6.6876382">
    <ele>332</ele>
    <time>2026-06-09T15:51:36Z</time>
    <extensions>
     <gpxdata:distance>12408.00</gpxdata:distance>
     <gpxdata:speed>7.844</gpxdata:speed>
    </extensions>
   </trkpt>
   <trkpt lat="47.4543912" lon="6.6877002">
    <ele>332</ele>
    <time>2026-06-09T15:51:37Z</time>
    <extensions>
     <gpxdata:distance>12416.00</gpxdata:distance>
     <gpxdata:speed>7.836</gpxdata:speed>
    </extensions>
   </trkpt>
   <trkpt lat="47.4544470" lon="6.6877627">
    <ele>332</ele>
    <time>2026-06-09T15:51:38Z</time>
    <extensions>
     <gpxdata:distance>12420.00</gpxdata:distance>
     <gpxdata:speed>7.836</gpxdata:speed>
    </extensions>
   </trkpt>
   <trkpt lat="47.4545028" lon="6.6878252">
    <ele>332</ele>
    <time>2026-06-09T15:51:39Z</time>
    <extensions>
     <gpxdata:distance>12424.00</gpxdata:distance>
     <gpxdata:speed>7.822</gpxdata:speed>
    </extensions>
   </trkpt>
   <trkpt lat="47.4545589" lon="6.6878867">
    <ele>332</ele>
    <time>2026-06-09T15:51:40Z</time>
    <extensions>
     <gpxdata:distance>12435.50</gpxdata:distance>
     <gpxdata:speed>7.814</gpxdata:speed>
    </extensions>
   </trkpt>
   <trkpt lat="47.4546149" lon="6.6879465">
    <ele>332</ele>
    <time>2026-06-09T15:51:41Z</time>
    <extensions>
     <gpxdata:distance>12447.00</gpxdata:distance>
     <gpxdata:speed>7.756</gpxdata:speed>
    </extensions>
   </trkpt>
   <trkpt lat="47.4546697" lon="6.6880049">
    <ele>332</ele>
    <time>2026-06-09T15:51:42Z</time>
    <extensions>
     <gpxdata:distance>12454.00</gpxdata:distance>
     <gpxdata:speed>7.658</gpxdata:speed>
    </extensions>
   </trkpt>
   <trkpt lat="47.4547224" lon="6.6880621">
    <ele>332</ele>
    <time>2026-06-09T15:51:43Z</time>
    <extensions>
     <gpxdata:distance>12461.00</gpxdata:distance>
     <gpxdata:speed>7.514</gpxdata:speed>
    </extensions>
   </trkpt>
   <trkpt lat="47.4547728" lon="6.6881183">
    <ele>332</ele>
    <time>2026-06-09T15:51:44Z</time>
    <extensions>
     <gpxdata:distance>12464.50</gpxdata:distance>
     <gpxdata:speed>7.125</gpxdata:speed>
    </extensions>
   </trkpt>
   <trkpt lat="47.4548212" lon="6.6881723">
    <ele>332</ele>
    <time>2026-06-09T15:51:45Z</time>
    <extensions>
     <gpxdata:distance>12468.00</gpxdata:distance>
     <gpxdata:speed>7.125</gpxdata:speed>
    </extensions>
   </trkpt>
   <trkpt lat="47.4548682" lon="6.6882246">
    <ele>332</ele>
    <time>2026-06-09T15:51:46Z</time>
    <extensions>
     <gpxdata:distance>12477.50</gpxdata:distance>
     <gpxdata:speed>6.842</gpxdata:speed>
    </extensions>
   </trkpt>
   <trkpt lat="47.4549140" lon="6.6882745">
    <ele>332</ele>
    <time>2026-06-09T15:51:47Z</time>
    <extensions>
     <gpxdata:distance>12487.00</gpxdata:distance>
     <gpxdata:speed>6.422</gpxdata:speed>
    </extensions>
   </trkpt>
   <trkpt lat="47.4549585" lon="6.6883222">
    <ele>332</ele>
    <time>2026-06-09T15:51:48Z</time>
    <extensions>
     <gpxdata:distance>12493.00</gpxdata:distance>
     <gpxdata:speed>6.214</gpxdata:speed>
    </extensions>
   </trkpt>
   <trkpt lat="47.4550021" lon="6.6883681">
    <ele>332</ele>
    <time>2026-06-09T15:51:49Z</time>
    <extensions>
     <gpxdata:distance>12499.00</gpxdata:distance>
     <gpxdata:speed>6.044</gpxdata:speed>
    </extensions>
   </trkpt>
   <trkpt lat="47.4550447" lon="6.6884121">
    <ele>332</ele>
    <time>2026-06-09T15:51:50Z</time>
    <extensions>
     <gpxdata:distance>12502.00</gpxdata:distance>
     <gpxdata:speed>5.858</gpxdata:speed>
    </extensions>
   </trkpt>
   <trkpt lat="47.4550737" lon="6.6884417">
    <ele>332</ele>
    <time>2026-06-09T15:51:51Z</time>
    <extensions>
     <gpxdata:distance>12505.00</gpxdata:distance>
     <gpxdata:speed>5.858</gpxdata:speed>
    </extensions>
   </trkpt>
   <trkpt lat="47.4551068" lon="6.6884760">
    <ele>332</ele>
    <time>2026-06-09T15:51:52Z</time>
    <extensions>
     <gpxdata:distance>12511.00</gpxdata:distance>
     <gpxdata:speed>5.517</gpxdata:speed>
    </extensions>
   </trkpt>
   <trkpt lat="47.4551360" lon="6.6885068">
    <ele>332</ele>
    <time>2026-06-09T15:51:53Z</time>
    <extensions>
     <gpxdata:distance>12517.00</gpxdata:distance>
     <gpxdata:speed>4.064</gpxdata:speed>
    </extensions>
   </trkpt>
   <trkpt lat="47.4551588" lon="6.6885317">
    <ele>332</ele>
    <time>2026-06-09T15:51:54Z</time>
    <extensions>
     <gpxdata:distance>12518.00</gpxdata:distance>
     <gpxdata:speed>4.064</gpxdata:speed>
    </extensions>
   </trkpt>
   <trkpt lat="47.4551748" lon="6.6885508">
    <ele>332</ele>
    <time>2026-06-09T15:51:55Z</time>
    <extensions>
     <gpxdata:distance>12519.00</gpxdata:distance>
     <gpxdata:speed>3.181</gpxdata:speed>
    </extensions>
   </trkpt>
   <trkpt lat="47.4552764" lon="6.6885498">
    <ele>333</ele>
    <time>2026-06-09T15:52:08Z</time>
    <extensions>
     <gpxdata:distance>12537.00</gpxdata:distance>
     <gpxdata:speed>2.756</gpxdata:speed>
    </extensions>
   </trkpt>
   <trkpt lat="47.4552913" lon="6.6885239">
    <ele>333</ele>
    <time>2026-06-09T15:52:09Z</time>
    <extensions>
     <gpxdata:distance>12537.00</gpxdata:distance>
     <gpxdata:speed>2.756</gpxdata:speed>
    </extensions>
   </trkpt>
   <trkpt lat="47.4553058" lon="6.6884971">
    <ele>333</ele>
    <time>2026-06-09T15:52:10Z</time>
    <extensions>
     <gpxdata:distance>12541.00</gpxdata:distance>
     <gpxdata:speed>2.669</gpxdata:speed>
    </extensions>
   </trkpt>
   <trkpt lat="47.4553204" lon="6.6884706">
    <ele>333</ele>
    <time>2026-06-09T15:52:11Z</time>
    <extensions>
     <gpxdata:distance>12545.00</gpxdata:distance>
     <gpxdata:speed>2.628</gpxdata:speed>
    </extensions>
   </trkpt>
   <trkpt lat="47.4553353" lon="6.6884463">
    <ele>333</ele>
    <time>2026-06-09T15:52:12Z</time>
    <extensions>
     <gpxdata:distance>12546.00</gpxdata:distance>
     <gpxdata:speed>2.628</gpxdata:speed>
    </extensions>
   </trkpt>
   <trkpt lat="47.4553498" lon="6.6884285">
    <ele>333</ele>
    <time>2026-06-09T15:52:13Z</time>
    <extensions>
     <gpxdata:distance>12547.00</gpxdata:distance>
     <gpxdata:speed>2.456</gpxdata:speed>
    </extensions>
   </trkpt>
   <trkpt lat="47.4553619" lon="6.6884188">
    <ele>333</ele>
    <time>2026-06-09T15:52:14Z</time>
    <extensions>
     <gpxdata:distance>12548.00</gpxdata:distance>
     <gpxdata:speed>1.450</gpxdata:speed>
    </extensions>
   </trkpt>
   <trkpt lat="47.4553656" lon="6.6884170">
    <ele>333</ele>
    <time>2026-06-09T15:52:15Z</time>
    <extensions>
     <gpxdata:distance>12549.00</gpxdata:distance>
     <gpxdata:speed>1.450</gpxdata:speed>
    </extensions>
   </trkpt>
   <trkpt lat="47.4553693" lon="6.6884153">
    <ele>333</ele>
    <time>2026-06-09T15:52:16Z</time>
    <extensions>
     <gpxdata:distance>12549.00</gpxdata:distance>
     <gpxdata:speed>1.450</gpxdata:speed>
    </extensions>
   </trkpt>
   <trkpt lat="47.4553772" lon="6.6884111">
    <ele>333</ele>
    <time>2026-06-09T15:52:17Z</time>
    <extensions>
     <gpxdata:distance>12549.00</gpxdata:distance>
     <gpxdata:speed>0.700</gpxdata:speed>
    </extensions>
   </trkpt>
   <trkpt lat="47.4553865" lon="6.6884043">
    <ele>333</ele>
    <time>2026-06-09T15:52:18Z</time>
    <extensions>
     <gpxdata:distance>12552.00</gpxdata:distance>
     <gpxdata:speed>0.700</gpxdata:speed>
    </extensions>
   </trkpt>
   <trkpt lat="47.4553980" lon="6.6883944">
    <ele>333</ele>
    <time>2026-06-09T15:52:19Z</time>
    <extensions>
     <gpxdata:distance>12555.00</gpxdata:distance>
     <gpxdata:speed>1.456</gpxdata:speed>
    </extensions>
   </trkpt>
   <trkpt lat="47.4554121" lon="6.6883821">
    <ele>333</ele>
    <time>2026-06-09T15:52:20Z</time>
    <extensions>
     <gpxdata:distance>12556.00</gpxdata:distance>
     <gpxdata:speed>1.750</gpxdata:speed>
    </extensions>
   </trkpt>
   <trkpt lat="47.4554289" lon="6.6883677">
    <ele>333</ele>
    <time>2026-06-09T15:52:21Z</time>
    <extensions>
     <gpxdata:distance>12557.00</gpxdata:distance>
     <gpxdata:speed>1.750</gpxdata:speed>
    </extensions>
   </trkpt>
   <trkpt lat="47.4554564" lon="6.6883464">
    <ele>333</ele>
    <time>2026-06-09T15:52:22Z</time>
    <extensions>
     <gpxdata:distance>12562.00</gpxdata:distance>
     <gpxdata:speed>2.908</gpxdata:speed>
    </extensions>
   </trkpt>
   <trkpt lat="47.4554836" lon="6.6883272">
    <ele>333</ele>
    <time>2026-06-09T15:52:23Z</time>
    <extensions>
     <gpxdata:distance>12567.00</gpxdata:distance>
     <gpxdata:speed>3.344</gpxdata:speed>
    </extensions>
   </trkpt>
   <trkpt lat="47.4555302" lon="6.6882947">
    <ele>333</ele>
    <time>2026-06-09T15:52:24Z</time>
    <extensions>
     <gpxdata:distance>12569.50</gpxdata:distance>
     <gpxdata:speed>3.344</gpxdata:speed>
    </extensions>
   </trkpt>
   <trkpt lat="47.4555663" lon="6.6882683">
    <ele>333</ele>
    <time>2026-06-09T15:52:25Z</time>
    <extensions>
     <gpxdata:distance>12572.00</gpxdata:distance>
     <gpxdata:speed>3.739</gpxdata:speed>
    </extensions>
   </trkpt>
   <trkpt lat="47.4556033" lon="6.6882392">
    <ele>332</ele>
    <time>2026-06-09T15:52:26Z</time>
    <extensions>
     <gpxdata:distance>12576.50</gpxdata:distance>
     <gpxdata:speed>4.661</gpxdata:speed>
    </extensions>
   </trkpt>
   <trkpt lat="47.4556423" lon="6.6882062">
    <ele>332</ele>
    <time>2026-06-09T15:52:27Z</time>
    <extensions>
     <gpxdata:distance>12581.00</gpxdata:distance>
     <gpxdata:speed>4.661</gpxdata:speed>
    </extensions>
   </trkpt>
   <trkpt lat="47.4556826" lon="6.6881693">
    <ele>332</ele>
    <time>2026-06-09T15:52:28Z</time>
    <extensions>
     <gpxdata:distance>12586.50</gpxdata:distance>
     <gpxdata:speed>5.258</gpxdata:speed>
    </extensions>
   </trkpt>
   <trkpt lat="47.4557220" lon="6.6881310">
    <ele>332</ele>
    <time>2026-06-09T15:52:29Z</time>
    <extensions>
     <gpxdata:distance>12592.00</gpxdata:distance>
     <gpxdata:speed>5.258</gpxdata:speed>
    </extensions>
   </trkpt>
   <trkpt lat="47.4557552" lon="6.6880981">
    <ele>332</ele>
    <time>2026-06-09T15:52:30Z</time>
    <extensions>
     <gpxdata:distance>12596.00</gpxdata:distance>
     <gpxdata:speed>5.181</gpxdata:speed>
    </extensions>
   </trkpt>
   <trkpt lat="47.4557767" lon="6.6880760">
    <ele>332</ele>
    <time>2026-06-09T15:52:31Z</time>
    <extensions>
     <gpxdata:distance>12600.00</gpxdata:distance>
     <gpxdata:speed>4.628</gpxdata:speed>
    </extensions>
   </trkpt>
   <trkpt lat="47.4557859" lon="6.6880636">
    <ele>332</ele>
    <time>2026-06-09T15:52:32Z</time>
    <extensions>
     <gpxdata:distance>12600.50</gpxdata:distance>
     <gpxdata:speed>4.603</gpxdata:speed>
    </extensions>
   </trkpt>
   <trkpt lat="47.4557863" lon="6.6880600">
    <ele>332</ele>
    <time>2026-06-09T15:52:33Z</time>
    <extensions>
     <gpxdata:distance>12601.00</gpxdata:distance>
     <gpxdata:speed>4.603</gpxdata:speed>
    </extensions>
   </trkpt>
   <trkpt lat="47.4557842" lon="6.6880532">
    <ele>332</ele>
    <time>2026-06-09T15:52:34Z</time>
    <extensions>
     <gpxdata:distance>12603.00</gpxdata:distance>
     <gpxdata:speed>4.603</gpxdata:speed>
    </extensions>
   </trkpt>
   <trkpt lat="47.4557798" lon="6.6880432">
    <ele>332</ele>
    <time>2026-06-09T15:52:35Z</time>
    <extensions>
     <gpxdata:distance>12605.00</gpxdata:distance>
     <gpxdata:speed>1.553</gpxdata:speed>
    </extensions>
   </trkpt>
   <trkpt lat="47.4557737" lon="6.6880302">
    <ele>332</ele>
    <time>2026-06-09T15:52:36Z</time>
    <extensions>
     <gpxdata:distance>12606.00</gpxdata:distance>
     <gpxdata:speed>1.586</gpxdata:speed>
    </extensions>
   </trkpt>
   <trkpt lat="47.4557677" lon="6.6880133">
    <ele>332</ele>
    <time>2026-06-09T15:52:37Z</time>
    <extensions>
     <gpxdata:distance>12607.00</gpxdata:distance>
     <gpxdata:speed>1.586</gpxdata:speed>
    </extensions>
   </trkpt>
   <trkpt lat="47.4557650" lon="6.6879938">
    <ele>332</ele>
    <time>2026-06-09T15:52:38Z</time>
    <extensions>
     <gpxdata:distance>12609.50</gpxdata:distance>
     <gpxdata:speed>1.819</gpxdata:speed>
    </extensions>
   </trkpt>
   <trkpt lat="47.4557681" lon="6.6879744">
    <ele>332</ele>
    <time>2026-06-09T15:52:39Z</time>
    <extensions>
     <gpxdata:distance>12612.00</gpxdata:distance>
     <gpxdata:speed>2.172</gpxdata:speed>
    </extensions>
   </trkpt>
   <trkpt lat="47.4557813" lon="6.6879494">
    <ele>332</ele>
    <time>2026-06-09T15:52:40Z</time>
    <extensions>
     <gpxdata:distance>12615.00</gpxdata:distance>
     <gpxdata:speed>2.617</gpxdata:speed>
    </extensions>
   </trkpt>
   <trkpt lat="47.4557999" lon="6.6879281">
    <ele>332</ele>
    <time>2026-06-09T15:52:41Z</time>
    <extensions>
     <gpxdata:distance>12618.00</gpxdata:distance>
     <gpxdata:speed>2.617</gpxdata:speed>
    </extensions>
   </trkpt>
   <trkpt lat="47.4558232" lon="6.6879056">
    <ele>332</ele>
    <time>2026-06-09T15:52:42Z</time>
    <extensions>
     <gpxdata:distance>12622.00</gpxdata:distance>
     <gpxdata:speed>2.617</gpxdata:speed>
    </extensions>
   </trkpt>
   <trkpt lat="47.4558672" lon="6.6878646">
    <ele>332</ele>
    <time>2026-06-09T15:52:43Z</time>
    <extensions>
     <gpxdata:distance>12626.00</gpxdata:distance>
     <gpxdata:speed>4.006</gpxdata:speed>
    </extensions>
   </trkpt>
   <trkpt lat="47.4559016" lon="6.6878334">
    <ele>332</ele>
    <time>2026-06-09T15:52:44Z</time>
    <extensions>
     <gpxdata:distance>12628.50</gpxdata:distance>
     <gpxdata:speed>4.186</gpxdata:speed>
    </extensions>
   </trkpt>
   <trkpt lat="47.4559346" lon="6.6878042">
    <ele>332</ele>
    <time>2026-06-09T15:52:45Z</time>
    <extensions>
     <gpxdata:distance>12631.00</gpxdata:distance>
     <gpxdata:speed>4.186</gpxdata:speed>
    </extensions>
   </trkpt>
   <trkpt lat="47.4559671" lon="6.6877748">
    <ele>332</ele>
    <time>2026-06-09T15:52:46Z</time>
    <extensions>
     <gpxdata:distance>12637.00</gpxdata:distance>
     <gpxdata:speed>4.203</gpxdata:speed>
    </extensions>
   </trkpt>
   <trkpt lat="47.4559982" lon="6.6877440">
    <ele>331</ele>
    <time>2026-06-09T15:52:47Z</time>
    <extensions>
     <gpxdata:distance>12643.00</gpxdata:distance>
     <gpxdata:speed>4.150</gpxdata:speed>
    </extensions>
   </trkpt>
   <trkpt lat="47.4560251" lon="6.6877098">
    <ele>331</ele>
    <time>2026-06-09T15:52:48Z</time>
    <extensions>
     <gpxdata:distance>12645.00</gpxdata:distance>
     <gpxdata:speed>4.150</gpxdata:speed>
    </extensions>
   </trkpt>
   <trkpt lat="47.4560448" lon="6.6876710">
    <ele>331</ele>
    <time>2026-06-09T15:52:49Z</time>
    <extensions>
     <gpxdata:distance>12647.00</gpxdata:distance>
     <gpxdata:speed>3.944</gpxdata:speed>
    </extensions>
   </trkpt>
   <trkpt lat="47.4560567" lon="6.6876294">
    <ele>332</ele>
    <time>2026-06-09T15:52:50Z</time>
    <extensions>
     <gpxdata:distance>12650.50</gpxdata:distance>
     <gpxdata:speed>3.536</gpxdata:speed>
    </extensions>
   </trkpt>
   <trkpt lat="47.4560626" lon="6.6875875">
    <ele>332</ele>
    <time>2026-06-09T15:52:51Z</time>
    <extensions>
     <gpxdata:distance>12654.00</gpxdata:distance>
     <gpxdata:speed>3.536</gpxdata:speed>
    </extensions>
   </trkpt>
   <trkpt lat="47.4560657" lon="6.6875465">
    <ele>332</ele>
    <time>2026-06-09T15:52:52Z</time>
    <extensions>
     <gpxdata:distance>12656.50</gpxdata:distance>
     <gpxdata:speed>3.133</gpxdata:speed>
    </extensions>
   </trkpt>
   <trkpt lat="47.4560677" lon="6.6875077">
    <ele>332</ele>
    <time>2026-06-09T15:52:53Z</time>
    <extensions>
     <gpxdata:distance>12659.00</gpxdata:distance>
     <gpxdata:speed>3.133</gpxdata:speed>
    </extensions>
   </trkpt>
   <trkpt lat="47.4560689" lon="6.6874874">
    <ele>332</ele>
    <time>2026-06-09T15:52:54Z</time>
    <extensions>
     <gpxdata:distance>12662.50</gpxdata:distance>
     <gpxdata:speed>2.658</gpxdata:speed>
    </extensions>
   </trkpt>
   <trkpt lat="47.4560706" lon="6.6874630">
    <ele>332</ele>
    <time>2026-06-09T15:52:55Z</time>
    <extensions>
     <gpxdata:distance>12666.00</gpxdata:distance>
     <gpxdata:speed>2.178</gpxdata:speed>
    </extensions>
   </trkpt>
   <trkpt lat="47.4561402" lon="6.6873517">
    <ele>332</ele>
    <time>2026-06-09T15:53:14Z</time>
    <extensions>
     <gpxdata:distance>12680.00</gpxdata:distance>
     <gpxdata:speed>2.247</gpxdata:speed>
    </extensions>
   </trkpt>
   <trkpt lat="47.4561625" lon="6.6873625">
    <ele>332</ele>
    <time>2026-06-09T15:53:15Z</time>
    <extensions>
     <gpxdata:distance>12680.00</gpxdata:distance>
     <gpxdata:speed>2.636</gpxdata:speed>
    </extensions>
   </trkpt>
   <trkpt lat="47.4562039" lon="6.6873999">
    <ele>332</ele>
    <time>2026-06-09T15:53:16Z</time>
    <extensions>
     <gpxdata:distance>12687.00</gpxdata:distance>
     <gpxdata:speed>3.333</gpxdata:speed>
    </extensions>
   </trkpt>
   <trkpt lat="47.4562370" lon="6.6874418">
    <ele>332</ele>
    <time>2026-06-09T15:53:17Z</time>
    <extensions>
     <gpxdata:distance>12694.00</gpxdata:distance>
     <gpxdata:speed>4.806</gpxdata:speed>
    </extensions>
   </trkpt>
   <trkpt lat="47.4562720" lon="6.6874905">
    <ele>332</ele>
    <time>2026-06-09T15:53:18Z</time>
    <extensions>
     <gpxdata:distance>12700.00</gpxdata:distance>
     <gpxdata:speed>5.408</gpxdata:speed>
    </extensions>
   </trkpt>
   <trkpt lat="47.4563109" lon="6.6875428">
    <ele>332</ele>
    <time>2026-06-09T15:53:19Z</time>
    <extensions>
     <gpxdata:distance>12706.00</gpxdata:distance>
     <gpxdata:speed>5.867</gpxdata:speed>
    </extensions>
   </trkpt>
   <trkpt lat="47.4563533" lon="6.6875980">
    <ele>332</ele>
    <time>2026-06-09T15:53:20Z</time>
    <extensions>
     <gpxdata:distance>12709.50</gpxdata:distance>
     <gpxdata:speed>6.247</gpxdata:speed>
    </extensions>
   </trkpt>
   <trkpt lat="47.4564126" lon="6.6876758">
    <ele>332</ele>
    <time>2026-06-09T15:53:21Z</time>
    <extensions>
     <gpxdata:distance>12713.00</gpxdata:distance>
     <gpxdata:speed>6.247</gpxdata:speed>
    </extensions>
   </trkpt>
   <trkpt lat="47.4564612" lon="6.6877395">
    <ele>332</ele>
    <time>2026-06-09T15:53:22Z</time>
    <extensions>
     <gpxdata:distance>12723.50</gpxdata:distance>
     <gpxdata:speed>6.839</gpxdata:speed>
    </extensions>
   </trkpt>
   <trkpt lat="47.4565091" lon="6.6878017">
    <ele>332</ele>
    <time>2026-06-09T15:53:23Z</time>
    <extensions>
     <gpxdata:distance>12734.00</gpxdata:distance>
     <gpxdata:speed>6.942</gpxdata:speed>
    </extensions>
   </trkpt>
   <trkpt lat="47.4565557" lon="6.6878619">
    <ele>332</ele>
    <time>2026-06-09T15:53:24Z</time>
    <extensions>
     <gpxdata:distance>12740.50</gpxdata:distance>
     <gpxdata:speed>6.817</gpxdata:speed>
    </extensions>
   </trkpt>
   <trkpt lat="47.4566014" lon="6.6879210">
    <ele>332</ele>
    <time>2026-06-09T15:53:25Z</time>
    <extensions>
     <gpxdata:distance>12747.00</gpxdata:distance>
     <gpxdata:speed>6.753</gpxdata:speed>
    </extensions>
   </trkpt>
   <trkpt lat="47.4566475" lon="6.6879803">
    <ele>332</ele>
    <time>2026-06-09T15:53:26Z</time>
    <extensions>
     <gpxdata:distance>12750.50</gpxdata:distance>
     <gpxdata:speed>6.825</gpxdata:speed>
    </extensions>
   </trkpt>
   <trkpt lat="47.4566944" lon="6.6880405">
    <ele>332</ele>
    <time>2026-06-09T15:53:27Z</time>
    <extensions>
     <gpxdata:distance>12754.00</gpxdata:distance>
     <gpxdata:speed>6.825</gpxdata:speed>
    </extensions>
   </trkpt>
   <trkpt lat="47.4567421" lon="6.6881019">
    <ele>332</ele>
    <time>2026-06-09T15:53:28Z</time>
    <extensions>
     <gpxdata:distance>12764.50</gpxdata:distance>
     <gpxdata:speed>7.028</gpxdata:speed>
    </extensions>
   </trkpt>
   <trkpt lat="47.4567895" lon="6.6881649">
    <ele>332</ele>
    <time>2026-06-09T15:53:29Z</time>
    <extensions>
     <gpxdata:distance>12775.00</gpxdata:distance>
     <gpxdata:speed>7.075</gpxdata:speed>
    </extensions>
   </trkpt>
   <trkpt lat="47.4568367" lon="6.6882289">
    <ele>332</ele>
    <time>2026-06-09T15:53:30Z</time>
    <extensions>
     <gpxdata:distance>12778.50</gpxdata:distance>
     <gpxdata:speed>7.103</gpxdata:speed>
    </extensions>
   </trkpt>
   <trkpt lat="47.4568839" lon="6.6882927">
    <ele>332</ele>
    <time>2026-06-09T15:53:31Z</time>
    <extensions>
     <gpxdata:distance>12782.00</gpxdata:distance>
     <gpxdata:speed>7.103</gpxdata:speed>
    </extensions>
   </trkpt>
   <trkpt lat="47.4569311" lon="6.6883566">
    <ele>332</ele>
    <time>2026-06-09T15:53:32Z</time>
    <extensions>
     <gpxdata:distance>12789.00</gpxdata:distance>
     <gpxdata:speed>7.114</gpxdata:speed>
    </extensions>
   </trkpt>
   <trkpt lat="47.4569782" lon="6.6884208">
    <ele>332</ele>
    <time>2026-06-09T15:53:33Z</time>
    <extensions>
     <gpxdata:distance>12796.00</gpxdata:distance>
     <gpxdata:speed>7.114</gpxdata:speed>
    </extensions>
   </trkpt>
   <trkpt lat="47.4570251" lon="6.6884855">
    <ele>332</ele>
    <time>2026-06-09T15:53:34Z</time>
    <extensions>
     <gpxdata:distance>12803.50</gpxdata:distance>
     <gpxdata:speed>7.131</gpxdata:speed>
    </extensions>
   </trkpt>
   <trkpt lat="47.4570715" lon="6.6885514">
    <ele>332</ele>
    <time>2026-06-09T15:53:35Z</time>
    <extensions>
     <gpxdata:distance>12811.00</gpxdata:distance>
     <gpxdata:speed>7.131</gpxdata:speed>
    </extensions>
   </trkpt>
   <trkpt lat="47.4571165" lon="6.6886194">
    <ele>332</ele>
    <time>2026-06-09T15:53:36Z</time>
    <extensions>
     <gpxdata:distance>12821.50</gpxdata:distance>
     <gpxdata:speed>7.147</gpxdata:speed>
    </extensions>
   </trkpt>
   <trkpt lat="47.4571598" lon="6.6886895">
    <ele>332</ele>
    <time>2026-06-09T15:53:37Z</time>
    <extensions>
     <gpxdata:distance>12832.00</gpxdata:distance>
     <gpxdata:speed>7.158</gpxdata:speed>
    </extensions>
   </trkpt>
   <trkpt lat="47.4572017" lon="6.6887615">
    <ele>332</ele>
    <time>2026-06-09T15:53:38Z</time>
    <extensions>
     <gpxdata:distance>12835.50</gpxdata:distance>
     <gpxdata:speed>7.158</gpxdata:speed>
    </extensions>
   </trkpt>
   <trkpt lat="47.4572425" lon="6.6888343">
    <ele>332</ele>
    <time>2026-06-09T15:53:39Z</time>
    <extensions>
     <gpxdata:distance>12839.00</gpxdata:distance>
     <gpxdata:speed>7.158</gpxdata:speed>
    </extensions>
   </trkpt>
   <trkpt lat="47.4572820" lon="6.6889063">
    <ele>332</ele>
    <time>2026-06-09T15:53:40Z</time>
    <extensions>
     <gpxdata:distance>12849.50</gpxdata:distance>
     <gpxdata:speed>7.075</gpxdata:speed>
    </extensions>
   </trkpt>
   <trkpt lat="47.4573203" lon="6.6889776">
    <ele>332</ele>
    <time>2026-06-09T15:53:41Z</time>
    <extensions>
     <gpxdata:distance>12860.00</gpxdata:distance>
     <gpxdata:speed>6.994</gpxdata:speed>
    </extensions>
   </trkpt>
   <trkpt lat="47.4573582" lon="6.6890487">
    <ele>332</ele>
    <time>2026-06-09T15:53:42Z</time>
    <extensions>
     <gpxdata:distance>12863.50</gpxdata:distance>
     <gpxdata:speed>6.936</gpxdata:speed>
    </extensions>
   </trkpt>
   <trkpt lat="47.4573963" lon="6.6891206">
    <ele>332</ele>
    <time>2026-06-09T15:53:43Z</time>
    <extensions>
     <gpxdata:distance>12867.00</gpxdata:distance>
     <gpxdata:speed>6.936</gpxdata:speed>
    </extensions>
   </trkpt>
   <trkpt lat="47.4574341" lon="6.6891947">
    <ele>333</ele>
    <time>2026-06-09T15:53:44Z</time>
    <extensions>
     <gpxdata:distance>12874.00</gpxdata:distance>
     <gpxdata:speed>6.953</gpxdata:speed>
    </extensions>
   </trkpt>
   <trkpt lat="47.4574714" lon="6.6892705">
    <ele>333</ele>
    <time>2026-06-09T15:53:45Z</time>
    <extensions>
     <gpxdata:distance>12881.00</gpxdata:distance>
     <gpxdata:speed>6.953</gpxdata:speed>
    </extensions>
   </trkpt>
   <trkpt lat="47.4575087" lon="6.6893479">
    <ele>333</ele>
    <time>2026-06-09T15:53:46Z</time>
    <extensions>
     <gpxdata:distance>12891.50</gpxdata:distance>
     <gpxdata:speed>6.986</gpxdata:speed>
    </extensions>
   </trkpt>
   <trkpt lat="47.4575455" lon="6.6894256">
    <ele>333</ele>
    <time>2026-06-09T15:53:47Z</time>
    <extensions>
     <gpxdata:distance>12902.00</gpxdata:distance>
     <gpxdata:speed>7.072</gpxdata:speed>
    </extensions>
   </trkpt>
   <trkpt lat="47.4575820" lon="6.6895021">
    <ele>333</ele>
    <time>2026-06-09T15:53:48Z</time>
    <extensions>
     <gpxdata:distance>12905.50</gpxdata:distance>
     <gpxdata:speed>7.047</gpxdata:speed>
    </extensions>
   </trkpt>
   <trkpt lat="47.4576183" lon="6.6895760">
    <ele>333</ele>
    <time>2026-06-09T15:53:49Z</time>
    <extensions>
     <gpxdata:distance>12909.00</gpxdata:distance>
     <gpxdata:speed>7.047</gpxdata:speed>
    </extensions>
   </trkpt>
   <trkpt lat="47.4576538" lon="6.6896473">
    <ele>332</ele>
    <time>2026-06-09T15:53:50Z</time>
    <extensions>
     <gpxdata:distance>12919.00</gpxdata:distance>
     <gpxdata:speed>6.861</gpxdata:speed>
    </extensions>
   </trkpt>
   <trkpt lat="47.4576882" lon="6.6897183">
    <ele>332</ele>
    <time>2026-06-09T15:53:51Z</time>
    <extensions>
     <gpxdata:distance>12929.00</gpxdata:distance>
     <gpxdata:speed>6.769</gpxdata:speed>
    </extensions>
   </trkpt>
   <trkpt lat="47.4577218" lon="6.6897913">
    <ele>332</ele>
    <time>2026-06-09T15:53:52Z</time>
    <extensions>
     <gpxdata:distance>12936.00</gpxdata:distance>
     <gpxdata:speed>6.744</gpxdata:speed>
    </extensions>
   </trkpt>
   <trkpt lat="47.4577562" lon="6.6898685">
    <ele>332</ele>
    <time>2026-06-09T15:53:53Z</time>
    <extensions>
     <gpxdata:distance>12943.00</gpxdata:distance>
     <gpxdata:speed>6.844</gpxdata:speed>
    </extensions>
   </trkpt>
   <trkpt lat="47.4577924" lon="6.6899507">
    <ele>332</ele>
    <time>2026-06-09T15:53:54Z</time>
    <extensions>
     <gpxdata:distance>12951.00</gpxdata:distance>
     <gpxdata:speed>7.050</gpxdata:speed>
    </extensions>
   </trkpt>
   <trkpt lat="47.4578298" lon="6.6900380">
    <ele>332</ele>
    <time>2026-06-09T15:53:55Z</time>
    <extensions>
     <gpxdata:distance>12959.00</gpxdata:distance>
     <gpxdata:speed>7.628</gpxdata:speed>
    </extensions>
   </trkpt>
   <trkpt lat="47.4578680" lon="6.6901301">
    <ele>332</ele>
    <time>2026-06-09T15:53:56Z</time>
    <extensions>
     <gpxdata:distance>12963.00</gpxdata:distance>
     <gpxdata:speed>7.853</gpxdata:speed>
    </extensions>
   </trkpt>
   <trkpt lat="47.4579077" lon="6.6902240">
    <ele>332</ele>
    <time>2026-06-09T15:53:57Z</time>
    <extensions>
     <gpxdata:distance>12967.00</gpxdata:distance>
     <gpxdata:speed>7.853</gpxdata:speed>
    </extensions>
   </trkpt>
   <trkpt lat="47.4579497" lon="6.6903177">
    <ele>332</ele>
    <time>2026-06-09T15:53:58Z</time>
    <extensions>
     <gpxdata:distance>12980.00</gpxdata:distance>
     <gpxdata:speed>8.169</gpxdata:speed>
    </extensions>
   </trkpt>
   <trkpt lat="47.4579934" lon="6.6904133">
    <ele>332</ele>
    <time>2026-06-09T15:53:59Z</time>
    <extensions>
     <gpxdata:distance>12993.00</gpxdata:distance>
     <gpxdata:speed>8.364</gpxdata:speed>
    </extensions>
   </trkpt>
   <trkpt lat="47.4580377" lon="6.6905110">
    <ele>332</ele>
    <time>2026-06-09T15:54:00Z</time>
    <extensions>
     <gpxdata:distance>13002.00</gpxdata:distance>
     <gpxdata:speed>8.364</gpxdata:speed>
    </extensions>
   </trkpt>
   <trkpt lat="47.4580821" lon="6.6906096">
    <ele>332</ele>
    <time>2026-06-09T15:54:01Z</time>
    <extensions>
     <gpxdata:distance>13011.00</gpxdata:distance>
     <gpxdata:speed>8.819</gpxdata:speed>
    </extensions>
   </trkpt>
   <trkpt lat="47.4581269" lon="6.6907083">
    <ele>332</ele>
    <time>2026-06-09T15:54:02Z</time>
    <extensions>
     <gpxdata:distance>13015.50</gpxdata:distance>
     <gpxdata:speed>8.892</gpxdata:speed>
    </extensions>
   </trkpt>
   <trkpt lat="47.4581725" lon="6.6908057">
    <ele>332</ele>
    <time>2026-06-09T15:54:03Z</time>
    <extensions>
     <gpxdata:distance>13020.00</gpxdata:distance>
     <gpxdata:speed>8.892</gpxdata:speed>
    </extensions>
   </trkpt>
   <trkpt lat="47.4582187" lon="6.6908996">
    <ele>332</ele>
    <time>2026-06-09T15:54:04Z</time>
    <extensions>
     <gpxdata:distance>13033.00</gpxdata:distance>
     <gpxdata:speed>8.878</gpxdata:speed>
    </extensions>
   </trkpt>
   <trkpt lat="47.4582652" lon="6.6909911">
    <ele>332</ele>
    <time>2026-06-09T15:54:05Z</time>
    <extensions>
     <gpxdata:distance>13046.00</gpxdata:distance>
     <gpxdata:speed>8.744</gpxdata:speed>
    </extensions>
   </trkpt>
   <trkpt lat="47.4583122" lon="6.6910812">
    <ele>332</ele>
    <time>2026-06-09T15:54:06Z</time>
    <extensions>
     <gpxdata:distance>13054.50</gpxdata:distance>
     <gpxdata:speed>8.692</gpxdata:speed>
    </extensions>
   </trkpt>
   <trkpt lat="47.4583605" lon="6.6911704">
    <ele>332</ele>
    <time>2026-06-09T15:54:07Z</time>
    <extensions>
     <gpxdata:distance>13063.00</gpxdata:distance>
     <gpxdata:speed>8.669</gpxdata:speed>
    </extensions>
   </trkpt>
   <trkpt lat="47.4584105" lon="6.6912587">
    <ele>332</ele>
    <time>2026-06-09T15:54:08Z</time>
    <extensions>
     <gpxdata:distance>13067.50</gpxdata:distance>
     <gpxdata:speed>8.669</gpxdata:speed>
    </extensions>
   </trkpt>
   <trkpt lat="47.4584620" lon="6.6913455">
    <ele>332</ele>
    <time>2026-06-09T15:54:09Z</time>
    <extensions>
     <gpxdata:distance>13072.00</gpxdata:distance>
     <gpxdata:speed>8.681</gpxdata:speed>
    </extensions>
   </trkpt>
   <trkpt lat="47.4585147" lon="6.6914316">
    <ele>332</ele>
    <time>2026-06-09T15:54:10Z</time>
    <extensions>
     <gpxdata:distance>13085.00</gpxdata:distance>
     <gpxdata:speed>8.683</gpxdata:speed>
    </extensions>
   </trkpt>
   <trkpt lat="47.4585686" lon="6.6915165">
    <ele>332</ele>
    <time>2026-06-09T15:54:11Z</time>
    <extensions>
     <gpxdata:distance>13098.00</gpxdata:distance>
     <gpxdata:speed>8.719</gpxdata:speed>
    </extensions>
   </trkpt>
   <trkpt lat="47.4586233" lon="6.6916002">
    <ele>331</ele>
    <time>2026-06-09T15:54:12Z</time>
    <extensions>
     <gpxdata:distance>13106.50</gpxdata:distance>
     <gpxdata:speed>8.728</gpxdata:speed>
    </extensions>
   </trkpt>
   <trkpt lat="47.4586789" lon="6.6916822">
    <ele>331</ele>
    <time>2026-06-09T15:54:13Z</time>
    <extensions>
     <gpxdata:distance>13115.00</gpxdata:distance>
     <gpxdata:speed>8.722</gpxdata:speed>
    </extensions>
   </trkpt>
   <trkpt lat="47.4587355" lon="6.6917614">
    <ele>331</ele>
    <time>2026-06-09T15:54:14Z</time>
    <extensions>
     <gpxdata:distance>13119.50</gpxdata:distance>
     <gpxdata:speed>8.722</gpxdata:speed>
    </extensions>
   </trkpt>
   <trkpt lat="47.4587926" lon="6.6918383">
    <ele>331</ele>
    <time>2026-06-09T15:54:15Z</time>
    <extensions>
     <gpxdata:distance>13124.00</gpxdata:distance>
     <gpxdata:speed>8.703</gpxdata:speed>
    </extensions>
   </trkpt>
   <trkpt lat="47.4588498" lon="6.6919141">
    <ele>331</ele>
    <time>2026-06-09T15:54:16Z</time>
    <extensions>
     <gpxdata:distance>13137.00</gpxdata:distance>
     <gpxdata:speed>8.658</gpxdata:speed>
    </extensions>
   </trkpt>
   <trkpt lat="47.4589076" lon="6.6919890">
    <ele>331</ele>
    <time>2026-06-09T15:54:17Z</time>
    <extensions>
     <gpxdata:distance>13150.00</gpxdata:distance>
     <gpxdata:speed>8.603</gpxdata:speed>
    </extensions>
   </trkpt>
   <trkpt lat="47.4589665" lon="6.6920620">
    <ele>331</ele>
    <time>2026-06-09T15:54:18Z</time>
    <extensions>
     <gpxdata:distance>13158.50</gpxdata:distance>
     <gpxdata:speed>8.603</gpxdata:speed>
    </extensions>
   </trkpt>
   <trkpt lat="47.4590263" lon="6.6921329">
    <ele>332</ele>
    <time>2026-06-09T15:54:19Z</time>
    <extensions>
     <gpxdata:distance>13167.00</gpxdata:distance>
     <gpxdata:speed>8.564</gpxdata:speed>
    </extensions>
   </trkpt>
   <trkpt lat="47.4590863" lon="6.6922024">
    <ele>332</ele>
    <time>2026-06-09T15:54:20Z</time>
    <extensions>
     <gpxdata:distance>13171.00</gpxdata:distance>
     <gpxdata:speed>8.564</gpxdata:speed>
    </extensions>
   </trkpt>
   <trkpt lat="47.4591462" lon="6.6922716">
    <ele>332</ele>
    <time>2026-06-09T15:54:21Z</time>
    <extensions>
     <gpxdata:distance>13175.00</gpxdata:distance>
     <gpxdata:speed>8.536</gpxdata:speed>
    </extensions>
   </trkpt>
   <trkpt lat="47.4592058" lon="6.6923399">
    <ele>331</ele>
    <time>2026-06-09T15:54:22Z</time>
    <extensions>
     <gpxdata:distance>13187.50</gpxdata:distance>
     <gpxdata:speed>8.508</gpxdata:speed>
    </extensions>
   </trkpt>
   <trkpt lat="47.4592650" lon="6.6924069">
    <ele>332</ele>
    <time>2026-06-09T15:54:23Z</time>
    <extensions>
     <gpxdata:distance>13200.00</gpxdata:distance>
     <gpxdata:speed>8.403</gpxdata:speed>
    </extensions>
   </trkpt>
   <trkpt lat="47.4593244" lon="6.6924732">
    <ele>332</ele>
    <time>2026-06-09T15:54:24Z</time>
    <extensions>
     <gpxdata:distance>13208.50</gpxdata:distance>
     <gpxdata:speed>8.361</gpxdata:speed>
    </extensions>
   </trkpt>
   <trkpt lat="47.4593833" lon="6.6925395">
    <ele>332</ele>
    <time>2026-06-09T15:54:25Z</time>
    <extensions>
     <gpxdata:distance>13217.00</gpxdata:distance>
     <gpxdata:speed>8.319</gpxdata:speed>
    </extensions>
   </trkpt>
   <trkpt lat="47.4594423" lon="6.6926059">
    <ele>332</ele>
    <time>2026-06-09T15:54:26Z</time>
    <extensions>
     <gpxdata:distance>13221.00</gpxdata:distance>
     <gpxdata:speed>8.303</gpxdata:speed>
    </extensions>
   </trkpt>
   <trkpt lat="47.4595021" lon="6.6926714">
    <ele>332</ele>
    <time>2026-06-09T15:54:27Z</time>
    <extensions>
     <gpxdata:distance>13225.00</gpxdata:distance>
     <gpxdata:speed>8.303</gpxdata:speed>
    </extensions>
   </trkpt>
   <trkpt lat="47.4595624" lon="6.6927366">
    <ele>332</ele>
    <time>2026-06-09T15:54:28Z</time>
    <extensions>
     <gpxdata:distance>13237.50</gpxdata:distance>
     <gpxdata:speed>8.297</gpxdata:speed>
    </extensions>
   </trkpt>
   <trkpt lat="47.4596224" lon="6.6928028">
    <ele>332</ele>
    <time>2026-06-09T15:54:29Z</time>
    <extensions>
     <gpxdata:distance>13250.00</gpxdata:distance>
     <gpxdata:speed>8.311</gpxdata:speed>
    </extensions>
   </trkpt>
   <trkpt lat="47.4596820" lon="6.6928696">
    <ele>332</ele>
    <time>2026-06-09T15:54:30Z</time>
    <extensions>
     <gpxdata:distance>13254.00</gpxdata:distance>
     <gpxdata:speed>8.311</gpxdata:speed>
    </extensions>
   </trkpt>
   <trkpt lat="47.4597422" lon="6.6929359">
    <ele>332</ele>
    <time>2026-06-09T15:54:31Z</time>
    <extensions>
     <gpxdata:distance>13258.00</gpxdata:distance>
     <gpxdata:speed>8.314</gpxdata:speed>
    </extensions>
   </trkpt>
   <trkpt lat="47.4598021" lon="6.6930008">
    <ele>332</ele>
    <time>2026-06-09T15:54:32Z</time>
    <extensions>
     <gpxdata:distance>13266.50</gpxdata:distance>
     <gpxdata:speed>8.325</gpxdata:speed>
    </extensions>
   </trkpt>
   <trkpt lat="47.4598608" lon="6.6930648">
    <ele>332</ele>
    <time>2026-06-09T15:54:33Z</time>
    <extensions>
     <gpxdata:distance>13275.00</gpxdata:distance>
     <gpxdata:speed>8.300</gpxdata:speed>
    </extensions>
   </trkpt>
   <trkpt lat="47.4599174" lon="6.6931272">
    <ele>332</ele>
    <time>2026-06-09T15:54:34Z</time>
    <extensions>
     <gpxdata:distance>13286.50</gpxdata:distance>
     <gpxdata:speed>8.225</gpxdata:speed>
    </extensions>
   </trkpt>
   <trkpt lat="47.4599722" lon="6.6931862">
    <ele>332</ele>
    <time>2026-06-09T15:54:35Z</time>
    <extensions>
     <gpxdata:distance>13298.00</gpxdata:distance>
     <gpxdata:speed>7.642</gpxdata:speed>
    </extensions>
   </trkpt>
   <trkpt lat="47.4600254" lon="6.6932418">
    <ele>332</ele>
    <time>2026-06-09T15:54:36Z</time>
    <extensions>
     <gpxdata:distance>13305.00</gpxdata:distance>
     <gpxdata:speed>7.642</gpxdata:speed>
    </extensions>
   </trkpt>
   <trkpt lat="47.4600777" lon="6.6932976">
    <ele>332</ele>
    <time>2026-06-09T15:54:37Z</time>
    <extensions>
     <gpxdata:distance>13312.00</gpxdata:distance>
     <gpxdata:speed>7.289</gpxdata:speed>
    </extensions>
   </trkpt>
   <trkpt lat="47.4601296" lon="6.6933553">
    <ele>332</ele>
    <time>2026-06-09T15:54:38Z</time>
    <extensions>
     <gpxdata:distance>13315.50</gpxdata:distance>
     <gpxdata:speed>7.289</gpxdata:speed>
    </extensions>
   </trkpt>
   <trkpt lat="47.4601816" lon="6.6934136">
    <ele>332</ele>
    <time>2026-06-09T15:54:39Z</time>
    <extensions>
     <gpxdata:distance>13319.00</gpxdata:distance>
     <gpxdata:speed>7.303</gpxdata:speed>
    </extensions>
   </trkpt>
   <trkpt lat="47.4602343" lon="6.6934704">
    <ele>332</ele>
    <time>2026-06-09T15:54:40Z</time>
    <extensions>
     <gpxdata:distance>13330.00</gpxdata:distance>
     <gpxdata:speed>7.306</gpxdata:speed>
    </extensions>
   </trkpt>
   <trkpt lat="47.4602878" lon="6.6935252">
    <ele>332</ele>
    <time>2026-06-09T15:54:41Z</time>
    <extensions>
     <gpxdata:distance>13341.00</gpxdata:distance>
     <gpxdata:speed>7.247</gpxdata:speed>
    </extensions>
   </trkpt>
   <trkpt lat="47.4603421" lon="6.6935785">
    <ele>332</ele>
    <time>2026-06-09T15:54:42Z</time>
    <extensions>
     <gpxdata:distance>13348.50</gpxdata:distance>
     <gpxdata:speed>7.247</gpxdata:speed>
    </extensions>
   </trkpt>
   <trkpt lat="47.4603969" lon="6.6936312">
    <ele>332</ele>
    <time>2026-06-09T15:54:43Z</time>
    <extensions>
     <gpxdata:distance>13356.00</gpxdata:distance>
     <gpxdata:speed>7.272</gpxdata:speed>
    </extensions>
   </trkpt>
   <trkpt lat="47.4604518" lon="6.6936844">
    <ele>332</ele>
    <time>2026-06-09T15:54:44Z</time>
    <extensions>
     <gpxdata:distance>13359.50</gpxdata:distance>
     <gpxdata:speed>7.272</gpxdata:speed>
    </extensions>
   </trkpt>
   <trkpt lat="47.4605060" lon="6.6937381">
    <ele>332</ele>
    <time>2026-06-09T15:54:45Z</time>
    <extensions>
     <gpxdata:distance>13363.00</gpxdata:distance>
     <gpxdata:speed>7.272</gpxdata:speed>
    </extensions>
   </trkpt>
   <trkpt lat="47.4605590" lon="6.6937931">
    <ele>332</ele>
    <time>2026-06-09T15:54:46Z</time>
    <extensions>
     <gpxdata:distance>13373.50</gpxdata:distance>
     <gpxdata:speed>7.261</gpxdata:speed>
    </extensions>
   </trkpt>
   <trkpt lat="47.4606104" lon="6.6938498">
    <ele>332</ele>
    <time>2026-06-09T15:54:47Z</time>
    <extensions>
     <gpxdata:distance>13384.00</gpxdata:distance>
     <gpxdata:speed>7.200</gpxdata:speed>
    </extensions>
   </trkpt>
   <trkpt lat="47.4606607" lon="6.6939079">
    <ele>332</ele>
    <time>2026-06-09T15:54:48Z</time>
    <extensions>
     <gpxdata:distance>13388.00</gpxdata:distance>
     <gpxdata:speed>7.164</gpxdata:speed>
    </extensions>
   </trkpt>
   <trkpt lat="47.4607106" lon="6.6939668">
    <ele>332</ele>
    <time>2026-06-09T15:54:49Z</time>
    <extensions>
     <gpxdata:distance>13392.00</gpxdata:distance>
     <gpxdata:speed>7.164</gpxdata:speed>
    </extensions>
   </trkpt>
   <trkpt lat="47.4607605" lon="6.6940266">
    <ele>332</ele>
    <time>2026-06-09T15:54:50Z</time>
    <extensions>
     <gpxdata:distance>13399.00</gpxdata:distance>
     <gpxdata:speed>7.150</gpxdata:speed>
    </extensions>
   </trkpt>
   <trkpt lat="47.4608103" lon="6.6940870">
    <ele>332</ele>
    <time>2026-06-09T15:54:51Z</time>
    <extensions>
     <gpxdata:distance>13406.00</gpxdata:distance>
     <gpxdata:speed>7.150</gpxdata:speed>
    </extensions>
   </trkpt>
   <trkpt lat="47.4608605" lon="6.6941471">
    <ele>333</ele>
    <time>2026-06-09T15:54:52Z</time>
    <extensions>
     <gpxdata:distance>13416.50</gpxdata:distance>
     <gpxdata:speed>7.167</gpxdata:speed>
    </extensions>
   </trkpt>
   <trkpt lat="47.4609107" lon="6.6942067">
    <ele>333</ele>
    <time>2026-06-09T15:54:53Z</time>
    <extensions>
     <gpxdata:distance>13427.00</gpxdata:distance>
     <gpxdata:speed>7.161</gpxdata:speed>
    </extensions>
   </trkpt>
   <trkpt lat="47.4609611" lon="6.6942660">
    <ele>333</ele>
    <time>2026-06-09T15:54:54Z</time>
    <extensions>
     <gpxdata:distance>13431.00</gpxdata:distance>
     <gpxdata:speed>7.161</gpxdata:speed>
    </extensions>
   </trkpt>
   <trkpt lat="47.4610117" lon="6.6943255">
    <ele>333</ele>
    <time>2026-06-09T15:54:55Z</time>
    <extensions>
     <gpxdata:distance>13435.00</gpxdata:distance>
     <gpxdata:speed>7.161</gpxdata:speed>
    </extensions>
   </trkpt>
   <trkpt lat="47.4610620" lon="6.6943856">
    <ele>333</ele>
    <time>2026-06-09T15:54:56Z</time>
    <extensions>
     <gpxdata:distance>13442.00</gpxdata:distance>
     <gpxdata:speed>7.186</gpxdata:speed>
    </extensions>
   </trkpt>
   <trkpt lat="47.4611118" lon="6.6944466">
    <ele>333</ele>
    <time>2026-06-09T15:54:57Z</time>
    <extensions>
     <gpxdata:distance>13449.00</gpxdata:distance>
     <gpxdata:speed>7.186</gpxdata:speed>
    </extensions>
   </trkpt>
   <trkpt lat="47.4611620" lon="6.6945084">
    <ele>333</ele>
    <time>2026-06-09T15:54:58Z</time>
    <extensions>
     <gpxdata:distance>13460.00</gpxdata:distance>
     <gpxdata:speed>7.186</gpxdata:speed>
    </extensions>
   </trkpt>
   <trkpt lat="47.4612131" lon="6.6945705">
    <ele>333</ele>
    <time>2026-06-09T15:54:59Z</time>
    <extensions>
     <gpxdata:distance>13471.00</gpxdata:distance>
     <gpxdata:speed>7.275</gpxdata:speed>
    </extensions>
   </trkpt>
   <trkpt lat="47.4612646" lon="6.6946324">
    <ele>333</ele>
    <time>2026-06-09T15:55:00Z</time>
    <extensions>
     <gpxdata:distance>13474.50</gpxdata:distance>
     <gpxdata:speed>7.275</gpxdata:speed>
    </extensions>
   </trkpt>
   <trkpt lat="47.4613167" lon="6.6946949">
    <ele>333</ele>
    <time>2026-06-09T15:55:01Z</time>
    <extensions>
     <gpxdata:distance>13478.00</gpxdata:distance>
     <gpxdata:speed>7.314</gpxdata:speed>
    </extensions>
   </trkpt>
   <trkpt lat="47.4613692" lon="6.6947584">
    <ele>333</ele>
    <time>2026-06-09T15:55:02Z</time>
    <extensions>
     <gpxdata:distance>13485.50</gpxdata:distance>
     <gpxdata:speed>7.367</gpxdata:speed>
    </extensions>
   </trkpt>
   <trkpt lat="47.4614220" lon="6.6948221">
    <ele>333</ele>
    <time>2026-06-09T15:55:03Z</time>
    <extensions>
     <gpxdata:distance>13493.00</gpxdata:distance>
     <gpxdata:speed>7.433</gpxdata:speed>
    </extensions>
   </trkpt>
   <trkpt lat="47.4614742" lon="6.6948844">
    <ele>333</ele>
    <time>2026-06-09T15:55:04Z</time>
    <extensions>
     <gpxdata:distance>13500.50</gpxdata:distance>
     <gpxdata:speed>7.481</gpxdata:speed>
    </extensions>
   </trkpt>
   <trkpt lat="47.4615249" lon="6.6949451">
    <ele>333</ele>
    <time>2026-06-09T15:55:05Z</time>
    <extensions>
     <gpxdata:distance>13508.00</gpxdata:distance>
     <gpxdata:speed>7.467</gpxdata:speed>
    </extensions>
   </trkpt>
   <trkpt lat="47.4615737" lon="6.6950055">
    <ele>333</ele>
    <time>2026-06-09T15:55:06Z</time>
    <extensions>
     <gpxdata:distance>13515.00</gpxdata:distance>
     <gpxdata:speed>7.381</gpxdata:speed>
    </extensions>
   </trkpt>
   <trkpt lat="47.4616198" lon="6.6950679">
    <ele>334</ele>
    <time>2026-06-09T15:55:07Z</time>
    <extensions>
     <gpxdata:distance>13522.00</gpxdata:distance>
     <gpxdata:speed>7.275</gpxdata:speed>
    </extensions>
   </trkpt>
   <trkpt lat="47.4616631" lon="6.6951329">
    <ele>334</ele>
    <time>2026-06-09T15:55:08Z</time>
    <extensions>
     <gpxdata:distance>13529.00</gpxdata:distance>
     <gpxdata:speed>7.169</gpxdata:speed>
    </extensions>
   </trkpt>
   <trkpt lat="47.4617043" lon="6.6951986">
    <ele>334</ele>
    <time>2026-06-09T15:55:09Z</time>
    <extensions>
     <gpxdata:distance>13536.00</gpxdata:distance>
     <gpxdata:speed>7.067</gpxdata:speed>
    </extensions>
   </trkpt>
   <trkpt lat="47.4617446" lon="6.6952631">
    <ele>334</ele>
    <time>2026-06-09T15:55:10Z</time>
    <extensions>
     <gpxdata:distance>13542.50</gpxdata:distance>
     <gpxdata:speed>6.950</gpxdata:speed>
    </extensions>
   </trkpt>
   <trkpt lat="47.4617839" lon="6.6953237">
    <ele>334</ele>
    <time>2026-06-09T15:55:11Z</time>
    <extensions>
     <gpxdata:distance>13549.00</gpxdata:distance>
     <gpxdata:speed>6.822</gpxdata:speed>
    </extensions>
   </trkpt>
   <trkpt lat="47.4618240" lon="6.6953791">
    <ele>335</ele>
    <time>2026-06-09T15:55:12Z</time>
    <extensions>
     <gpxdata:distance>13558.50</gpxdata:distance>
     <gpxdata:speed>6.397</gpxdata:speed>
    </extensions>
   </trkpt>
   <trkpt lat="47.4618665" lon="6.6954295">
    <ele>335</ele>
    <time>2026-06-09T15:55:13Z</time>
    <extensions>
     <gpxdata:distance>13568.00</gpxdata:distance>
     <gpxdata:speed>6.161</gpxdata:speed>
    </extensions>
   </trkpt>
   <trkpt lat="47.4619120" lon="6.6954778">
    <ele>335</ele>
    <time>2026-06-09T15:55:14Z</time>
    <extensions>
     <gpxdata:distance>13571.00</gpxdata:distance>
     <gpxdata:speed>6.161</gpxdata:speed>
    </extensions>
   </trkpt>
   <trkpt lat="47.4619601" lon="6.6955286">
    <ele>336</ele>
    <time>2026-06-09T15:55:15Z</time>
    <extensions>
     <gpxdata:distance>13574.00</gpxdata:distance>
     <gpxdata:speed>6.292</gpxdata:speed>
    </extensions>
   </trkpt>
   <trkpt lat="47.4620097" lon="6.6955846">
    <ele>336</ele>
    <time>2026-06-09T15:55:16Z</time>
    <extensions>
     <gpxdata:distance>13585.00</gpxdata:distance>
     <gpxdata:speed>6.564</gpxdata:speed>
    </extensions>
   </trkpt>
   <trkpt lat="47.4620612" lon="6.6956445">
    <ele>336</ele>
    <time>2026-06-09T15:55:17Z</time>
    <extensions>
     <gpxdata:distance>13596.00</gpxdata:distance>
     <gpxdata:speed>7.003</gpxdata:speed>
    </extensions>
   </trkpt>
   <trkpt lat="47.4621128" lon="6.6957077">
    <ele>336</ele>
    <time>2026-06-09T15:55:18Z</time>
    <extensions>
     <gpxdata:distance>13603.00</gpxdata:distance>
     <gpxdata:speed>7.003</gpxdata:speed>
    </extensions>
   </trkpt>
   <trkpt lat="47.4621616" lon="6.6957756">
    <ele>336</ele>
    <time>2026-06-09T15:55:19Z</time>
    <extensions>
     <gpxdata:distance>13610.00</gpxdata:distance>
     <gpxdata:speed>7.247</gpxdata:speed>
    </extensions>
   </trkpt>
   <trkpt lat="47.4622045" lon="6.6958463">
    <ele>336</ele>
    <time>2026-06-09T15:55:20Z</time>
    <extensions>
     <gpxdata:distance>13613.50</gpxdata:distance>
     <gpxdata:speed>7.247</gpxdata:speed>
    </extensions>
   </trkpt>
   <trkpt lat="47.4622381" lon="6.6959168">
    <ele>336</ele>
    <time>2026-06-09T15:55:21Z</time>
    <extensions>
     <gpxdata:distance>13617.00</gpxdata:distance>
     <gpxdata:speed>7.192</gpxdata:speed>
    </extensions>
   </trkpt>
   <trkpt lat="47.4622634" lon="6.6959874">
    <ele>335</ele>
    <time>2026-06-09T15:55:22Z</time>
    <extensions>
     <gpxdata:distance>13623.00</gpxdata:distance>
     <gpxdata:speed>6.603</gpxdata:speed>
    </extensions>
   </trkpt>
   <trkpt lat="47.4622871" lon="6.6960577">
    <ele>335</ele>
    <time>2026-06-09T15:55:23Z</time>
    <extensions>
     <gpxdata:distance>13629.00</gpxdata:distance>
     <gpxdata:speed>6.603</gpxdata:speed>
    </extensions>
   </trkpt>
   <trkpt lat="47.4623156" lon="6.6961268">
    <ele>335</ele>
    <time>2026-06-09T15:55:24Z</time>
    <extensions>
     <gpxdata:distance>13638.50</gpxdata:distance>
     <gpxdata:speed>6.389</gpxdata:speed>
    </extensions>
   </trkpt>
   <trkpt lat="47.4623490" lon="6.6961959">
    <ele>334</ele>
    <time>2026-06-09T15:55:25Z</time>
    <extensions>
     <gpxdata:distance>13648.00</gpxdata:distance>
     <gpxdata:speed>6.386</gpxdata:speed>
    </extensions>
   </trkpt>
   <trkpt lat="47.4623877" lon="6.6962672">
    <ele>334</ele>
    <time>2026-06-09T15:55:26Z</time>
    <extensions>
     <gpxdata:distance>13651.50</gpxdata:distance>
     <gpxdata:speed>6.578</gpxdata:speed>
    </extensions>
   </trkpt>
   <trkpt lat="47.4624302" lon="6.6963413">
    <ele>334</ele>
    <time>2026-06-09T15:55:27Z</time>
    <extensions>
     <gpxdata:distance>13655.00</gpxdata:distance>
     <gpxdata:speed>6.578</gpxdata:speed>
    </extensions>
   </trkpt>
   <trkpt lat="47.4624753" lon="6.6964174">
    <ele>334</ele>
    <time>2026-06-09T15:55:28Z</time>
    <extensions>
     <gpxdata:distance>13666.50</gpxdata:distance>
     <gpxdata:speed>7.089</gpxdata:speed>
    </extensions>
   </trkpt>
   <trkpt lat="47.4625215" lon="6.6964954">
    <ele>334</ele>
    <time>2026-06-09T15:55:29Z</time>
    <extensions>
     <gpxdata:distance>13678.00</gpxdata:distance>
     <gpxdata:speed>7.317</gpxdata:speed>
    </extensions>
   </trkpt>
   <trkpt lat="47.4625675" lon="6.6965758">
    <ele>334</ele>
    <time>2026-06-09T15:55:30Z</time>
    <extensions>
     <gpxdata:distance>13682.00</gpxdata:distance>
     <gpxdata:speed>7.317</gpxdata:speed>
    </extensions>
   </trkpt>
   <trkpt lat="47.4626128" lon="6.6966579">
    <ele>334</ele>
    <time>2026-06-09T15:55:31Z</time>
    <extensions>
     <gpxdata:distance>13686.00</gpxdata:distance>
     <gpxdata:speed>7.756</gpxdata:speed>
    </extensions>
   </trkpt>
   <trkpt lat="47.4626581" lon="6.6967412">
    <ele>334</ele>
    <time>2026-06-09T15:55:32Z</time>
    <extensions>
     <gpxdata:distance>13694.00</gpxdata:distance>
     <gpxdata:speed>7.875</gpxdata:speed>
    </extensions>
   </trkpt>
   <trkpt lat="47.4627033" lon="6.6968254">
    <ele>333</ele>
    <time>2026-06-09T15:55:33Z</time>
    <extensions>
     <gpxdata:distance>13702.00</gpxdata:distance>
     <gpxdata:speed>7.989</gpxdata:speed>
    </extensions>
   </trkpt>
   <trkpt lat="47.4627487" lon="6.6969091">
    <ele>333</ele>
    <time>2026-06-09T15:55:34Z</time>
    <extensions>
     <gpxdata:distance>13714.00</gpxdata:distance>
     <gpxdata:speed>8.047</gpxdata:speed>
    </extensions>
   </trkpt>
   <trkpt lat="47.4627943" lon="6.6969885">
    <ele>333</ele>
    <time>2026-06-09T15:55:35Z</time>
    <extensions>
     <gpxdata:distance>13726.00</gpxdata:distance>
     <gpxdata:speed>7.833</gpxdata:speed>
    </extensions>
   </trkpt>
   <trkpt lat="47.4628372" lon="6.6970653">
    <ele>333</ele>
    <time>2026-06-09T15:55:36Z</time>
    <extensions>
     <gpxdata:distance>13729.50</gpxdata:distance>
     <gpxdata:speed>7.833</gpxdata:speed>
    </extensions>
   </trkpt>
   <trkpt lat="47.4628717" lon="6.6971443">
    <ele>333</ele>
    <time>2026-06-09T15:55:37Z</time>
    <extensions>
     <gpxdata:distance>13733.00</gpxdata:distance>
     <gpxdata:speed>7.656</gpxdata:speed>
    </extensions>
   </trkpt>
   <trkpt lat="47.4628953" lon="6.6972259">
    <ele>333</ele>
    <time>2026-06-09T15:55:38Z</time>
    <extensions>
     <gpxdata:distance>13740.00</gpxdata:distance>
     <gpxdata:speed>7.444</gpxdata:speed>
    </extensions>
   </trkpt>
   <trkpt lat="47.4629133" lon="6.6973069">
    <ele>333</ele>
    <time>2026-06-09T15:55:39Z</time>
    <extensions>
     <gpxdata:distance>13747.00</gpxdata:distance>
     <gpxdata:speed>6.919</gpxdata:speed>
    </extensions>
   </trkpt>
   <trkpt lat="47.4629317" lon="6.6973833">
    <ele>333</ele>
    <time>2026-06-09T15:55:40Z</time>
    <extensions>
     <gpxdata:distance>13753.00</gpxdata:distance>
     <gpxdata:speed>6.581</gpxdata:speed>
    </extensions>
   </trkpt>
   <trkpt lat="47.4629530" lon="6.6974533">
    <ele>333</ele>
    <time>2026-06-09T15:55:41Z</time>
    <extensions>
     <gpxdata:distance>13759.00</gpxdata:distance>
     <gpxdata:speed>6.258</gpxdata:speed>
    </extensions>
   </trkpt>
   <trkpt lat="47.4629712" lon="6.6975016">
    <ele>333</ele>
    <time>2026-06-09T15:55:42Z</time>
    <extensions>
     <gpxdata:distance>13764.50</gpxdata:distance>
     <gpxdata:speed>5.942</gpxdata:speed>
    </extensions>
   </trkpt>
   <trkpt lat="47.4629974" lon="6.6975628">
    <ele>333</ele>
    <time>2026-06-09T15:55:43Z</time>
    <extensions>
     <gpxdata:distance>13770.00</gpxdata:distance>
     <gpxdata:speed>5.897</gpxdata:speed>
    </extensions>
   </trkpt>
   <trkpt lat="47.4630376" lon="6.6976487">
    <ele>334</ele>
    <time>2026-06-09T15:55:44Z</time>
    <extensions>
     <gpxdata:distance>13776.00</gpxdata:distance>
     <gpxdata:speed>6.047</gpxdata:speed>
    </extensions>
   </trkpt>
   <trkpt lat="47.4630715" lon="6.6977163">
    <ele>334</ele>
    <time>2026-06-09T15:55:45Z</time>
    <extensions>
     <gpxdata:distance>13782.00</gpxdata:distance>
     <gpxdata:speed>6.047</gpxdata:speed>
    </extensions>
   </trkpt>
   <trkpt lat="47.4631050" lon="6.6977843">
    <ele>334</ele>
    <time>2026-06-09T15:55:46Z</time>
    <extensions>
     <gpxdata:distance>13792.00</gpxdata:distance>
     <gpxdata:speed>6.100</gpxdata:speed>
    </extensions>
   </trkpt>
   <trkpt lat="47.4631380" lon="6.6978556">
    <ele>334</ele>
    <time>2026-06-09T15:55:47Z</time>
    <extensions>
     <gpxdata:distance>13802.00</gpxdata:distance>
     <gpxdata:speed>6.294</gpxdata:speed>
    </extensions>
   </trkpt>
   <trkpt lat="47.4631709" lon="6.6979302">
    <ele>334</ele>
    <time>2026-06-09T15:55:48Z</time>
    <extensions>
     <gpxdata:distance>13805.50</gpxdata:distance>
     <gpxdata:speed>6.294</gpxdata:speed>
    </extensions>
   </trkpt>
   <trkpt lat="47.4632047" lon="6.6980058">
    <ele>334</ele>
    <time>2026-06-09T15:55:49Z</time>
    <extensions>
     <gpxdata:distance>13809.00</gpxdata:distance>
     <gpxdata:speed>6.439</gpxdata:speed>
    </extensions>
   </trkpt>
   <trkpt lat="47.4632398" lon="6.6980818">
    <ele>335</ele>
    <time>2026-06-09T15:55:50Z</time>
    <extensions>
     <gpxdata:distance>13815.50</gpxdata:distance>
     <gpxdata:speed>6.572</gpxdata:speed>
    </extensions>
   </trkpt>
   <trkpt lat="47.4632763" lon="6.6981577">
    <ele>335</ele>
    <time>2026-06-09T15:55:51Z</time>
    <extensions>
     <gpxdata:distance>13822.00</gpxdata:distance>
     <gpxdata:speed>6.828</gpxdata:speed>
    </extensions>
   </trkpt>
   <trkpt lat="47.4633141" lon="6.6982337">
    <ele>335</ele>
    <time>2026-06-09T15:55:52Z</time>
    <extensions>
     <gpxdata:distance>13829.50</gpxdata:distance>
     <gpxdata:speed>6.950</gpxdata:speed>
    </extensions>
   </trkpt>
   <trkpt lat="47.4633521" lon="6.6983104">
    <ele>335</ele>
    <time>2026-06-09T15:55:53Z</time>
    <extensions>
     <gpxdata:distance>13837.00</gpxdata:distance>
     <gpxdata:speed>7.031</gpxdata:speed>
    </extensions>
   </trkpt>
   <trkpt lat="47.4633892" lon="6.6983881">
    <ele>335</ele>
    <time>2026-06-09T15:55:54Z</time>
    <extensions>
     <gpxdata:distance>13844.00</gpxdata:distance>
     <gpxdata:speed>7.086</gpxdata:speed>
    </extensions>
   </trkpt>
   <trkpt lat="47.4634255" lon="6.6984666">
    <ele>335</ele>
    <time>2026-06-09T15:55:55Z</time>
    <extensions>
     <gpxdata:distance>13851.00</gpxdata:distance>
     <gpxdata:speed>7.119</gpxdata:speed>
    </extensions>
   </trkpt>
   <trkpt lat="47.4634620" lon="6.6985454">
    <ele>335</ele>
    <time>2026-06-09T15:55:56Z</time>
    <extensions>
     <gpxdata:distance>13858.00</gpxdata:distance>
     <gpxdata:speed>7.136</gpxdata:speed>
    </extensions>
   </trkpt>
   <trkpt lat="47.4634990" lon="6.6986236">
    <ele>335</ele>
    <time>2026-06-09T15:55:57Z</time>
    <extensions>
     <gpxdata:distance>13865.00</gpxdata:distance>
     <gpxdata:speed>7.169</gpxdata:speed>
    </extensions>
   </trkpt>
   <trkpt lat="47.4635364" lon="6.6987015">
    <ele>335</ele>
    <time>2026-06-09T15:55:58Z</time>
    <extensions>
     <gpxdata:distance>13872.50</gpxdata:distance>
     <gpxdata:speed>7.181</gpxdata:speed>
    </extensions>
   </trkpt>
   <trkpt lat="47.4635737" lon="6.6987795">
    <ele>335</ele>
    <time>2026-06-09T15:55:59Z</time>
    <extensions>
     <gpxdata:distance>13880.00</gpxdata:distance>
     <gpxdata:speed>7.183</gpxdata:speed>
    </extensions>
   </trkpt>
   <trkpt lat="47.4636110" lon="6.6988575">
    <ele>335</ele>
    <time>2026-06-09T15:56:00Z</time>
    <extensions>
     <gpxdata:distance>13887.00</gpxdata:distance>
     <gpxdata:speed>7.189</gpxdata:speed>
    </extensions>
   </trkpt>
   <trkpt lat="47.4636483" lon="6.6989358">
    <ele>335</ele>
    <time>2026-06-09T15:56:01Z</time>
    <extensions>
     <gpxdata:distance>13894.00</gpxdata:distance>
     <gpxdata:speed>7.194</gpxdata:speed>
    </extensions>
   </trkpt>
   <trkpt lat="47.4636855" lon="6.6990145">
    <ele>335</ele>
    <time>2026-06-09T15:56:02Z</time>
    <extensions>
     <gpxdata:distance>13901.00</gpxdata:distance>
     <gpxdata:speed>7.200</gpxdata:speed>
    </extensions>
   </trkpt>
   <trkpt lat="47.4637237" lon="6.6990938">
    <ele>335</ele>
    <time>2026-06-09T15:56:03Z</time>
    <extensions>
     <gpxdata:distance>13908.00</gpxdata:distance>
     <gpxdata:speed>7.214</gpxdata:speed>
    </extensions>
   </trkpt>
   <trkpt lat="47.4637633" lon="6.6991734">
    <ele>335</ele>
    <time>2026-06-09T15:56:04Z</time>
    <extensions>
     <gpxdata:distance>13915.50</gpxdata:distance>
     <gpxdata:speed>7.258</gpxdata:speed>
    </extensions>
   </trkpt>
   <trkpt lat="47.4638034" lon="6.6992536">
    <ele>335</ele>
    <time>2026-06-09T15:56:05Z</time>
    <extensions>
     <gpxdata:distance>13923.00</gpxdata:distance>
     <gpxdata:speed>7.325</gpxdata:speed>
    </extensions>
   </trkpt>
   <trkpt lat="47.4638428" lon="6.6993353">
    <ele>335</ele>
    <time>2026-06-09T15:56:06Z</time>
    <extensions>
     <gpxdata:distance>13931.00</gpxdata:distance>
     <gpxdata:speed>7.392</gpxdata:speed>
    </extensions>
   </trkpt>
   <trkpt lat="47.4638818" lon="6.6994186">
    <ele>335</ele>
    <time>2026-06-09T15:56:07Z</time>
    <extensions>
     <gpxdata:distance>13939.00</gpxdata:distance>
     <gpxdata:speed>7.450</gpxdata:speed>
    </extensions>
   </trkpt>
   <trkpt lat="47.4639210" lon="6.6995024">
    <ele>335</ele>
    <time>2026-06-09T15:56:08Z</time>
    <extensions>
     <gpxdata:distance>13950.50</gpxdata:distance>
     <gpxdata:speed>7.517</gpxdata:speed>
    </extensions>
   </trkpt>
   <trkpt lat="47.4639604" lon="6.6995867">
    <ele>335</ele>
    <time>2026-06-09T15:56:09Z</time>
    <extensions>
     <gpxdata:distance>13962.00</gpxdata:distance>
     <gpxdata:speed>7.625</gpxdata:speed>
    </extensions>
   </trkpt>
   <trkpt lat="47.4640001" lon="6.6996721">
    <ele>335</ele>
    <time>2026-06-09T15:56:10Z</time>
    <extensions>
     <gpxdata:distance>13965.50</gpxdata:distance>
     <gpxdata:speed>7.625</gpxdata:speed>
    </extensions>
   </trkpt>
   <trkpt lat="47.4640398" lon="6.6997577">
    <ele>335</ele>
    <time>2026-06-09T15:56:11Z</time>
    <extensions>
     <gpxdata:distance>13969.00</gpxdata:distance>
     <gpxdata:speed>7.703</gpxdata:speed>
    </extensions>
   </trkpt>
   <trkpt lat="47.4640798" lon="6.6998429">
    <ele>335</ele>
    <time>2026-06-09T15:56:12Z</time>
    <extensions>
     <gpxdata:distance>13977.00</gpxdata:distance>
     <gpxdata:speed>7.750</gpxdata:speed>
    </extensions>
   </trkpt>
   <trkpt lat="47.4641196" lon="6.6999273">
    <ele>335</ele>
    <time>2026-06-09T15:56:13Z</time>
    <extensions>
     <gpxdata:distance>13985.00</gpxdata:distance>
     <gpxdata:speed>7.769</gpxdata:speed>
    </extensions>
   </trkpt>
   <trkpt lat="47.4641589" lon="6.7000119">
    <ele>334</ele>
    <time>2026-06-09T15:56:14Z</time>
    <extensions>
     <gpxdata:distance>13992.50</gpxdata:distance>
     <gpxdata:speed>7.761</gpxdata:speed>
    </extensions>
   </trkpt>
   <trkpt lat="47.4641975" lon="6.7000967">
    <ele>334</ele>
    <time>2026-06-09T15:56:15Z</time>
    <extensions>
     <gpxdata:distance>14000.00</gpxdata:distance>
     <gpxdata:speed>7.747</gpxdata:speed>
    </extensions>
   </trkpt>
   <trkpt lat="47.4642363" lon="6.7001817">
    <ele>334</ele>
    <time>2026-06-09T15:56:16Z</time>
    <extensions>
     <gpxdata:distance>14012.00</gpxdata:distance>
     <gpxdata:speed>7.731</gpxdata:speed>
    </extensions>
   </trkpt>
   <trkpt lat="47.4642751" lon="6.7002667">
    <ele>334</ele>
    <time>2026-06-09T15:56:17Z</time>
    <extensions>
     <gpxdata:distance>14024.00</gpxdata:distance>
     <gpxdata:speed>7.725</gpxdata:speed>
    </extensions>
   </trkpt>
   <trkpt lat="47.4643141" lon="6.7003519">
    <ele>334</ele>
    <time>2026-06-09T15:56:18Z</time>
    <extensions>
     <gpxdata:distance>14027.50</gpxdata:distance>
     <gpxdata:speed>7.725</gpxdata:speed>
    </extensions>
   </trkpt>
   <trkpt lat="47.4643536" lon="6.7004371">
    <ele>334</ele>
    <time>2026-06-09T15:56:19Z</time>
    <extensions>
     <gpxdata:distance>14031.00</gpxdata:distance>
     <gpxdata:speed>7.733</gpxdata:speed>
    </extensions>
   </trkpt>
   <trkpt lat="47.4643936" lon="6.7005220">
    <ele>334</ele>
    <time>2026-06-09T15:56:20Z</time>
    <extensions>
     <gpxdata:distance>14039.00</gpxdata:distance>
     <gpxdata:speed>7.761</gpxdata:speed>
    </extensions>
   </trkpt>
   <trkpt lat="47.4644338" lon="6.7006073">
    <ele>334</ele>
    <time>2026-06-09T15:56:21Z</time>
    <extensions>
     <gpxdata:distance>14047.00</gpxdata:distance>
     <gpxdata:speed>7.761</gpxdata:speed>
    </extensions>
   </trkpt>
   <trkpt lat="47.4644744" lon="6.7006930">
    <ele>334</ele>
    <time>2026-06-09T15:56:22Z</time>
    <extensions>
     <gpxdata:distance>14059.00</gpxdata:distance>
     <gpxdata:speed>7.783</gpxdata:speed>
    </extensions>
   </trkpt>
   <trkpt lat="47.4645148" lon="6.7007792">
    <ele>334</ele>
    <time>2026-06-09T15:56:23Z</time>
    <extensions>
     <gpxdata:distance>14071.00</gpxdata:distance>
     <gpxdata:speed>7.844</gpxdata:speed>
    </extensions>
   </trkpt>
   <trkpt lat="47.4645553" lon="6.7008656">
    <ele>334</ele>
    <time>2026-06-09T15:56:24Z</time>
    <extensions>
     <gpxdata:distance>14078.50</gpxdata:distance>
     <gpxdata:speed>7.844</gpxdata:speed>
    </extensions>
   </trkpt>
   <trkpt lat="47.4645958" lon="6.7009521">
    <ele>334</ele>
    <time>2026-06-09T15:56:25Z</time>
    <extensions>
     <gpxdata:distance>14086.00</gpxdata:distance>
     <gpxdata:speed>7.886</gpxdata:speed>
    </extensions>
   </trkpt>
   <trkpt lat="47.4646365" lon="6.7010383">
    <ele>334</ele>
    <time>2026-06-09T15:56:26Z</time>
    <extensions>
     <gpxdata:distance>14090.00</gpxdata:distance>
     <gpxdata:speed>7.886</gpxdata:speed>
    </extensions>
   </trkpt>
   <trkpt lat="47.4646773" lon="6.7011243">
    <ele>334</ele>
    <time>2026-06-09T15:56:27Z</time>
    <extensions>
     <gpxdata:distance>14094.00</gpxdata:distance>
     <gpxdata:speed>7.892</gpxdata:speed>
    </extensions>
   </trkpt>
   <trkpt lat="47.4647179" lon="6.7012102">
    <ele>334</ele>
    <time>2026-06-09T15:56:28Z</time>
    <extensions>
     <gpxdata:distance>14102.00</gpxdata:distance>
     <gpxdata:speed>7.894</gpxdata:speed>
    </extensions>
   </trkpt>
   <trkpt lat="47.4647588" lon="6.7012962">
    <ele>334</ele>
    <time>2026-06-09T15:56:29Z</time>
    <extensions>
     <gpxdata:distance>14110.00</gpxdata:distance>
     <gpxdata:speed>7.894</gpxdata:speed>
    </extensions>
   </trkpt>
   <trkpt lat="47.4648004" lon="6.7013820">
    <ele>335</ele>
    <time>2026-06-09T15:56:30Z</time>
    <extensions>
     <gpxdata:distance>14118.00</gpxdata:distance>
     <gpxdata:speed>7.903</gpxdata:speed>
    </extensions>
   </trkpt>
   <trkpt lat="47.4648426" lon="6.7014678">
    <ele>335</ele>
    <time>2026-06-09T15:56:31Z</time>
    <extensions>
     <gpxdata:distance>14126.00</gpxdata:distance>
     <gpxdata:speed>7.922</gpxdata:speed>
    </extensions>
   </trkpt>
   <trkpt lat="47.4648845" lon="6.7015544">
    <ele>335</ele>
    <time>2026-06-09T15:56:32Z</time>
    <extensions>
     <gpxdata:distance>14134.00</gpxdata:distance>
     <gpxdata:speed>7.967</gpxdata:speed>
    </extensions>
   </trkpt>
   <trkpt lat="47.4649254" lon="6.7016424">
    <ele>335</ele>
    <time>2026-06-09T15:56:33Z</time>
    <extensions>
     <gpxdata:distance>14142.00</gpxdata:distance>
     <gpxdata:speed>7.967</gpxdata:speed>
    </extensions>
   </trkpt>
   <trkpt lat="47.4649658" lon="6.7017313">
    <ele>335</ele>
    <time>2026-06-09T15:56:34Z</time>
    <extensions>
     <gpxdata:distance>14154.00</gpxdata:distance>
     <gpxdata:speed>8.014</gpxdata:speed>
    </extensions>
   </trkpt>
   <trkpt lat="47.4650061" lon="6.7018197">
    <ele>334</ele>
    <time>2026-06-09T15:56:35Z</time>
    <extensions>
     <gpxdata:distance>14166.00</gpxdata:distance>
     <gpxdata:speed>8.014</gpxdata:speed>
    </extensions>
   </trkpt>
   <trkpt lat="47.4650471" lon="6.7019074">
    <ele>334</ele>
    <time>2026-06-09T15:56:36Z</time>
    <extensions>
     <gpxdata:distance>14170.00</gpxdata:distance>
     <gpxdata:speed>8.014</gpxdata:speed>
    </extensions>
   </trkpt>
   <trkpt lat="47.4650882" lon="6.7019942">
    <ele>334</ele>
    <time>2026-06-09T15:56:37Z</time>
    <extensions>
     <gpxdata:distance>14174.00</gpxdata:distance>
     <gpxdata:speed>8.017</gpxdata:speed>
    </extensions>
   </trkpt>
   <trkpt lat="47.4651293" lon="6.7020806">
    <ele>334</ele>
    <time>2026-06-09T15:56:38Z</time>
    <extensions>
     <gpxdata:distance>14182.00</gpxdata:distance>
     <gpxdata:speed>7.983</gpxdata:speed>
    </extensions>
   </trkpt>
   <trkpt lat="47.4651699" lon="6.7021673">
    <ele>334</ele>
    <time>2026-06-09T15:56:39Z</time>
    <extensions>
     <gpxdata:distance>14190.00</gpxdata:distance>
     <gpxdata:speed>7.983</gpxdata:speed>
    </extensions>
   </trkpt>
   <trkpt lat="47.4652104" lon="6.7022541">
    <ele>334</ele>
    <time>2026-06-09T15:56:40Z</time>
    <extensions>
     <gpxdata:distance>14202.00</gpxdata:distance>
     <gpxdata:speed>7.958</gpxdata:speed>
    </extensions>
   </trkpt>
   <trkpt lat="47.4652504" lon="6.7023406">
    <ele>334</ele>
    <time>2026-06-09T15:56:41Z</time>
    <extensions>
     <gpxdata:distance>14214.00</gpxdata:distance>
     <gpxdata:speed>7.933</gpxdata:speed>
    </extensions>
   </trkpt>
   <trkpt lat="47.4652903" lon="6.7024270">
    <ele>334</ele>
    <time>2026-06-09T15:56:42Z</time>
    <extensions>
     <gpxdata:distance>14222.00</gpxdata:distance>
     <gpxdata:speed>7.933</gpxdata:speed>
    </extensions>
   </trkpt>
   <trkpt lat="47.4653306" lon="6.7025129">
    <ele>334</ele>
    <time>2026-06-09T15:56:43Z</time>
    <extensions>
     <gpxdata:distance>14230.00</gpxdata:distance>
     <gpxdata:speed>7.897</gpxdata:speed>
    </extensions>
   </trkpt>
   <trkpt lat="47.4653712" lon="6.7025992">
    <ele>334</ele>
    <time>2026-06-09T15:56:44Z</time>
    <extensions>
     <gpxdata:distance>14234.00</gpxdata:distance>
     <gpxdata:speed>7.897</gpxdata:speed>
    </extensions>
   </trkpt>
   <trkpt lat="47.4654124" lon="6.7026857">
    <ele>334</ele>
    <time>2026-06-09T15:56:45Z</time>
    <extensions>
     <gpxdata:distance>14238.00</gpxdata:distance>
     <gpxdata:speed>7.906</gpxdata:speed>
    </extensions>
   </trkpt>
   <trkpt lat="47.4654539" lon="6.7027722">
    <ele>334</ele>
    <time>2026-06-09T15:56:46Z</time>
    <extensions>
     <gpxdata:distance>14249.50</gpxdata:distance>
     <gpxdata:speed>7.944</gpxdata:speed>
    </extensions>
   </trkpt>
   <trkpt lat="47.4654951" lon="6.7028585">
    <ele>334</ele>
    <time>2026-06-09T15:56:47Z</time>
    <extensions>
     <gpxdata:distance>14261.00</gpxdata:distance>
     <gpxdata:speed>7.942</gpxdata:speed>
    </extensions>
   </trkpt>
   <trkpt lat="47.4655360" lon="6.7029446">
    <ele>334</ele>
    <time>2026-06-09T15:56:48Z</time>
    <extensions>
     <gpxdata:distance>14269.00</gpxdata:distance>
     <gpxdata:speed>7.942</gpxdata:speed>
    </extensions>
   </trkpt>
   <trkpt lat="47.4655766" lon="6.7030306">
    <ele>334</ele>
    <time>2026-06-09T15:56:49Z</time>
    <extensions>
     <gpxdata:distance>14277.00</gpxdata:distance>
     <gpxdata:speed>7.914</gpxdata:speed>
    </extensions>
   </trkpt>
   <trkpt lat="47.4656172" lon="6.7031158">
    <ele>334</ele>
    <time>2026-06-09T15:56:50Z</time>
    <extensions>
     <gpxdata:distance>14281.00</gpxdata:distance>
     <gpxdata:speed>7.892</gpxdata:speed>
    </extensions>
   </trkpt>
   <trkpt lat="47.4656582" lon="6.7032004">
    <ele>334</ele>
    <time>2026-06-09T15:56:51Z</time>
    <extensions>
     <gpxdata:distance>14285.00</gpxdata:distance>
     <gpxdata:speed>7.892</gpxdata:speed>
    </extensions>
   </trkpt>
   <trkpt lat="47.4656995" lon="6.7032848">
    <ele>334</ele>
    <time>2026-06-09T15:56:52Z</time>
    <extensions>
     <gpxdata:distance>14297.00</gpxdata:distance>
     <gpxdata:speed>7.872</gpxdata:speed>
    </extensions>
   </trkpt>
   <trkpt lat="47.4657408" lon="6.7033699">
    <ele>334</ele>
    <time>2026-06-09T15:56:53Z</time>
    <extensions>
     <gpxdata:distance>14309.00</gpxdata:distance>
     <gpxdata:speed>7.872</gpxdata:speed>
    </extensions>
   </trkpt>
   <trkpt lat="47.4657819" lon="6.7034557">
    <ele>334</ele>
    <time>2026-06-09T15:56:54Z</time>
    <extensions>
     <gpxdata:distance>14313.00</gpxdata:distance>
     <gpxdata:speed>7.872</gpxdata:speed>
    </extensions>
   </trkpt>
   <trkpt lat="47.4658234" lon="6.7035420">
    <ele>334</ele>
    <time>2026-06-09T15:56:55Z</time>
    <extensions>
     <gpxdata:distance>14317.00</gpxdata:distance>
     <gpxdata:speed>7.889</gpxdata:speed>
    </extensions>
   </trkpt>
   <trkpt lat="47.4658652" lon="6.7036284">
    <ele>334</ele>
    <time>2026-06-09T15:56:56Z</time>
    <extensions>
     <gpxdata:distance>14325.00</gpxdata:distance>
     <gpxdata:speed>7.919</gpxdata:speed>
    </extensions>
   </trkpt>
   <trkpt lat="47.4659075" lon="6.7037155">
    <ele>334</ele>
    <time>2026-06-09T15:56:57Z</time>
    <extensions>
     <gpxdata:distance>14333.00</gpxdata:distance>
     <gpxdata:speed>7.944</gpxdata:speed>
    </extensions>
   </trkpt>
   <trkpt lat="47.4659494" lon="6.7038031">
    <ele>334</ele>
    <time>2026-06-09T15:56:58Z</time>
    <extensions>
     <gpxdata:distance>14341.00</gpxdata:distance>
     <gpxdata:speed>8.017</gpxdata:speed>
    </extensions>
   </trkpt>
   <trkpt lat="47.4659909" lon="6.7038911">
    <ele>334</ele>
    <time>2026-06-09T15:56:59Z</time>
    <extensions>
     <gpxdata:distance>14349.00</gpxdata:distance>
     <gpxdata:speed>8.017</gpxdata:speed>
    </extensions>
   </trkpt>
   <trkpt lat="47.4660322" lon="6.7039793">
    <ele>335</ele>
    <time>2026-06-09T15:57:00Z</time>
    <extensions>
     <gpxdata:distance>14357.00</gpxdata:distance>
     <gpxdata:speed>8.033</gpxdata:speed>
    </extensions>
   </trkpt>
   <trkpt lat="47.4660736" lon="6.7040677">
    <ele>335</ele>
    <time>2026-06-09T15:57:01Z</time>
    <extensions>
     <gpxdata:distance>14365.00</gpxdata:distance>
     <gpxdata:speed>8.047</gpxdata:speed>
    </extensions>
   </trkpt>
   <trkpt lat="47.4661149" lon="6.7041561">
    <ele>335</ele>
    <time>2026-06-09T15:57:02Z</time>
    <extensions>
     <gpxdata:distance>14373.00</gpxdata:distance>
     <gpxdata:speed>8.064</gpxdata:speed>
    </extensions>
   </trkpt>
   <trkpt lat="47.4661563" lon="6.7042443">
    <ele>335</ele>
    <time>2026-06-09T15:57:03Z</time>
    <extensions>
     <gpxdata:distance>14381.00</gpxdata:distance>
     <gpxdata:speed>8.069</gpxdata:speed>
    </extensions>
   </trkpt>
   <trkpt lat="47.4661980" lon="6.7043319">
    <ele>335</ele>
    <time>2026-06-09T15:57:04Z</time>
    <extensions>
     <gpxdata:distance>14393.00</gpxdata:distance>
     <gpxdata:speed>8.075</gpxdata:speed>
    </extensions>
   </trkpt>
   <trkpt lat="47.4662394" lon="6.7044187">
    <ele>335</ele>
    <time>2026-06-09T15:57:05Z</time>
    <extensions>
     <gpxdata:distance>14405.00</gpxdata:distance>
     <gpxdata:speed>8.039</gpxdata:speed>
    </extensions>
   </trkpt>
   <trkpt lat="47.4662804" lon="6.7045054">
    <ele>335</ele>
    <time>2026-06-09T15:57:06Z</time>
    <extensions>
     <gpxdata:distance>14409.00</gpxdata:distance>
     <gpxdata:speed>8.039</gpxdata:speed>
    </extensions>
   </trkpt>
   <trkpt lat="47.4663209" lon="6.7045926">
    <ele>335</ele>
    <time>2026-06-09T15:57:07Z</time>
    <extensions>
     <gpxdata:distance>14413.00</gpxdata:distance>
     <gpxdata:speed>8.011</gpxdata:speed>
    </extensions>
   </trkpt>
   <trkpt lat="47.4663616" lon="6.7046798">
    <ele>335</ele>
    <time>2026-06-09T15:57:08Z</time>
    <extensions>
     <gpxdata:distance>14421.00</gpxdata:distance>
     <gpxdata:speed>8.000</gpxdata:speed>
    </extensions>
   </trkpt>
   <trkpt lat="47.4664027" lon="6.7047670">
    <ele>335</ele>
    <time>2026-06-09T15:57:09Z</time>
    <extensions>
     <gpxdata:distance>14429.00</gpxdata:distance>
     <gpxdata:speed>7.992</gpxdata:speed>
    </extensions>
   </trkpt>
   <trkpt lat="47.4664440" lon="6.7048543">
    <ele>335</ele>
    <time>2026-06-09T15:57:10Z</time>
    <extensions>
     <gpxdata:distance>14437.00</gpxdata:distance>
     <gpxdata:speed>7.994</gpxdata:speed>
    </extensions>
   </trkpt>
   <trkpt lat="47.4664850" lon="6.7049413">
    <ele>335</ele>
    <time>2026-06-09T15:57:11Z</time>
    <extensions>
     <gpxdata:distance>14445.00</gpxdata:distance>
     <gpxdata:speed>8.003</gpxdata:speed>
    </extensions>
   </trkpt>
   <trkpt lat="47.4665250" lon="6.7050269">
    <ele>335</ele>
    <time>2026-06-09T15:57:12Z</time>
    <extensions>
     <gpxdata:distance>14453.00</gpxdata:distance>
     <gpxdata:speed>7.992</gpxdata:speed>
    </extensions>
   </trkpt>
   <trkpt lat="47.4665632" lon="6.7051106">
    <ele>335</ele>
    <time>2026-06-09T15:57:13Z</time>
    <extensions>
     <gpxdata:distance>14461.00</gpxdata:distance>
     <gpxdata:speed>7.922</gpxdata:speed>
    </extensions>
   </trkpt>
   <trkpt lat="47.4666005" lon="6.7051922">
    <ele>335</ele>
    <time>2026-06-09T15:57:14Z</time>
    <extensions>
     <gpxdata:distance>14468.00</gpxdata:distance>
     <gpxdata:speed>7.656</gpxdata:speed>
    </extensions>
   </trkpt>
   <trkpt lat="47.4666380" lon="6.7052721">
    <ele>335</ele>
    <time>2026-06-09T15:57:15Z</time>
    <extensions>
     <gpxdata:distance>14475.00</gpxdata:distance>
     <gpxdata:speed>7.656</gpxdata:speed>
    </extensions>
   </trkpt>
   <trkpt lat="47.4666763" lon="6.7053523">
    <ele>335</ele>
    <time>2026-06-09T15:57:16Z</time>
    <extensions>
     <gpxdata:distance>14486.50</gpxdata:distance>
     <gpxdata:speed>7.542</gpxdata:speed>
    </extensions>
   </trkpt>
   <trkpt lat="47.4667152" lon="6.7054340">
    <ele>335</ele>
    <time>2026-06-09T15:57:17Z</time>
    <extensions>
     <gpxdata:distance>14498.00</gpxdata:distance>
     <gpxdata:speed>7.514</gpxdata:speed>
    </extensions>
   </trkpt>
   <trkpt lat="47.4667545" lon="6.7055172">
    <ele>335</ele>
    <time>2026-06-09T15:57:18Z</time>
    <extensions>
     <gpxdata:distance>14502.00</gpxdata:distance>
     <gpxdata:speed>7.514</gpxdata:speed>
    </extensions>
   </trkpt>
   <trkpt lat="47.4667944" lon="6.7056013">
    <ele>335</ele>
    <time>2026-06-09T15:57:19Z</time>
    <extensions>
     <gpxdata:distance>14506.00</gpxdata:distance>
     <gpxdata:speed>7.556</gpxdata:speed>
    </extensions>
   </trkpt>
   <trkpt lat="47.4668351" lon="6.7056857">
    <ele>335</ele>
    <time>2026-06-09T15:57:20Z</time>
    <extensions>
     <gpxdata:distance>14513.50</gpxdata:distance>
     <gpxdata:speed>7.672</gpxdata:speed>
    </extensions>
   </trkpt>
   <trkpt lat="47.4668766" lon="6.7057708">
    <ele>335</ele>
    <time>2026-06-09T15:57:21Z</time>
    <extensions>
     <gpxdata:distance>14521.00</gpxdata:distance>
     <gpxdata:speed>7.672</gpxdata:speed>
    </extensions>
   </trkpt>
   <trkpt lat="47.4669180" lon="6.7058569">
    <ele>335</ele>
    <time>2026-06-09T15:57:22Z</time>
    <extensions>
     <gpxdata:distance>14533.00</gpxdata:distance>
     <gpxdata:speed>7.814</gpxdata:speed>
    </extensions>
   </trkpt>
   <trkpt lat="47.4669592" lon="6.7059441">
    <ele>335</ele>
    <time>2026-06-09T15:57:23Z</time>
    <extensions>
     <gpxdata:distance>14545.00</gpxdata:distance>
     <gpxdata:speed>7.881</gpxdata:speed>
    </extensions>
   </trkpt>
   <trkpt lat="47.4669998" lon="6.7060315">
    <ele>335</ele>
    <time>2026-06-09T15:57:24Z</time>
    <extensions>
     <gpxdata:distance>14549.00</gpxdata:distance>
     <gpxdata:speed>7.917</gpxdata:speed>
    </extensions>
   </trkpt>
   <trkpt lat="47.4670405" lon="6.7061176">
    <ele>335</ele>
    <time>2026-06-09T15:57:25Z</time>
    <extensions>
     <gpxdata:distance>14553.00</gpxdata:distance>
     <gpxdata:speed>7.917</gpxdata:speed>
    </extensions>
   </trkpt>
   <trkpt lat="47.4670814" lon="6.7062011">
    <ele>335</ele>
    <time>2026-06-09T15:57:26Z</time>
    <extensions>
     <gpxdata:distance>14561.00</gpxdata:distance>
     <gpxdata:speed>7.856</gpxdata:speed>
    </extensions>
   </trkpt>
   <trkpt lat="47.4671214" lon="6.7062826">
    <ele>335</ele>
    <time>2026-06-09T15:57:27Z</time>
    <extensions>
     <gpxdata:distance>14569.00</gpxdata:distance>
     <gpxdata:speed>7.856</gpxdata:speed>
    </extensions>
   </trkpt>
   <trkpt lat="47.4671596" lon="6.7063629">
    <ele>335</ele>
    <time>2026-06-09T15:57:28Z</time>
    <extensions>
     <gpxdata:distance>14580.00</gpxdata:distance>
     <gpxdata:speed>7.622</gpxdata:speed>
    </extensions>
   </trkpt>
   <trkpt lat="47.4671967" lon="6.7064430">
    <ele>335</ele>
    <time>2026-06-09T15:57:29Z</time>
    <extensions>
     <gpxdata:distance>14591.00</gpxdata:distance>
     <gpxdata:speed>7.519</gpxdata:speed>
    </extensions>
   </trkpt>
   <trkpt lat="47.4672343" lon="6.7065239">
    <ele>335</ele>
    <time>2026-06-09T15:57:30Z</time>
    <extensions>
     <gpxdata:distance>14594.50</gpxdata:distance>
     <gpxdata:speed>7.519</gpxdata:speed>
    </extensions>
   </trkpt>
   <trkpt lat="47.4672723" lon="6.7066066">
    <ele>335</ele>
    <time>2026-06-09T15:57:31Z</time>
    <extensions>
     <gpxdata:distance>14598.00</gpxdata:distance>
     <gpxdata:speed>7.486</gpxdata:speed>
    </extensions>
   </trkpt>
   <trkpt lat="47.4673106" lon="6.7066913">
    <ele>335</ele>
    <time>2026-06-09T15:57:32Z</time>
    <extensions>
     <gpxdata:distance>14606.00</gpxdata:distance>
     <gpxdata:speed>7.508</gpxdata:speed>
    </extensions>
   </trkpt>
   <trkpt lat="47.4673496" lon="6.7067770">
    <ele>335</ele>
    <time>2026-06-09T15:57:33Z</time>
    <extensions>
     <gpxdata:distance>14614.00</gpxdata:distance>
     <gpxdata:speed>7.561</gpxdata:speed>
    </extensions>
   </trkpt>
   <trkpt lat="47.4673900" lon="6.7068634">
    <ele>335</ele>
    <time>2026-06-09T15:57:34Z</time>
    <extensions>
     <gpxdata:distance>14621.50</gpxdata:distance>
     <gpxdata:speed>7.725</gpxdata:speed>
    </extensions>
   </trkpt>
   <trkpt lat="47.4674315" lon="6.7069499">
    <ele>335</ele>
    <time>2026-06-09T15:57:35Z</time>
    <extensions>
     <gpxdata:distance>14629.00</gpxdata:distance>
     <gpxdata:speed>7.725</gpxdata:speed>
    </extensions>
   </trkpt>
   <trkpt lat="47.4674734" lon="6.7070368">
    <ele>335</ele>
    <time>2026-06-09T15:57:36Z</time>
    <extensions>
     <gpxdata:distance>14637.00</gpxdata:distance>
     <gpxdata:speed>7.881</gpxdata:speed>
    </extensions>
   </trkpt>
   <trkpt lat="47.4675148" lon="6.7071248">
    <ele>335</ele>
    <time>2026-06-09T15:57:37Z</time>
    <extensions>
     <gpxdata:distance>14645.00</gpxdata:distance>
     <gpxdata:speed>7.881</gpxdata:speed>
    </extensions>
   </trkpt>
   <trkpt lat="47.4675559" lon="6.7072139">
    <ele>335</ele>
    <time>2026-06-09T15:57:38Z</time>
    <extensions>
     <gpxdata:distance>14653.50</gpxdata:distance>
     <gpxdata:speed>7.950</gpxdata:speed>
    </extensions>
   </trkpt>
   <trkpt lat="47.4675977" lon="6.7073030">
    <ele>335</ele>
    <time>2026-06-09T15:57:39Z</time>
    <extensions>
     <gpxdata:distance>14662.00</gpxdata:distance>
     <gpxdata:speed>8.017</gpxdata:speed>
    </extensions>
   </trkpt>
   <trkpt lat="47.4676404" lon="6.7073919">
    <ele>335</ele>
    <time>2026-06-09T15:57:40Z</time>
    <extensions>
     <gpxdata:distance>14674.00</gpxdata:distance>
     <gpxdata:speed>8.147</gpxdata:speed>
    </extensions>
   </trkpt>
   <trkpt lat="47.4676828" lon="6.7074811">
    <ele>335</ele>
    <time>2026-06-09T15:57:41Z</time>
    <extensions>
     <gpxdata:distance>14686.00</gpxdata:distance>
     <gpxdata:speed>8.181</gpxdata:speed>
    </extensions>
   </trkpt>
   <trkpt lat="47.4677246" lon="6.7075704">
    <ele>335</ele>
    <time>2026-06-09T15:57:42Z</time>
    <extensions>
     <gpxdata:distance>14694.50</gpxdata:distance>
     <gpxdata:speed>8.169</gpxdata:speed>
    </extensions>
   </trkpt>
   <trkpt lat="47.4677667" lon="6.7076594">
    <ele>335</ele>
    <time>2026-06-09T15:57:43Z</time>
    <extensions>
     <gpxdata:distance>14703.00</gpxdata:distance>
     <gpxdata:speed>8.172</gpxdata:speed>
    </extensions>
   </trkpt>
   <trkpt lat="47.4678090" lon="6.7077476">
    <ele>335</ele>
    <time>2026-06-09T15:57:44Z</time>
    <extensions>
     <gpxdata:distance>14707.00</gpxdata:distance>
     <gpxdata:speed>8.161</gpxdata:speed>
    </extensions>
   </trkpt>
   <trkpt lat="47.4678512" lon="6.7078349">
    <ele>335</ele>
    <time>2026-06-09T15:57:45Z</time>
    <extensions>
     <gpxdata:distance>14711.00</gpxdata:distance>
     <gpxdata:speed>8.161</gpxdata:speed>
    </extensions>
   </trkpt>
   <trkpt lat="47.4678933" lon="6.7079219">
    <ele>335</ele>
    <time>2026-06-09T15:57:46Z</time>
    <extensions>
     <gpxdata:distance>14723.00</gpxdata:distance>
     <gpxdata:speed>8.103</gpxdata:speed>
    </extensions>
   </trkpt>
   <trkpt lat="47.4679351" lon="6.7080088">
    <ele>335</ele>
    <time>2026-06-09T15:57:47Z</time>
    <extensions>
     <gpxdata:distance>14735.00</gpxdata:distance>
     <gpxdata:speed>8.078</gpxdata:speed>
    </extensions>
   </trkpt>
   <trkpt lat="47.4679763" lon="6.7080962">
    <ele>335</ele>
    <time>2026-06-09T15:57:48Z</time>
    <extensions>
     <gpxdata:distance>14743.00</gpxdata:distance>
     <gpxdata:speed>8.078</gpxdata:speed>
    </extensions>
   </trkpt>
   <trkpt lat="47.4680171" lon="6.7081844">
    <ele>335</ele>
    <time>2026-06-09T15:57:49Z</time>
    <extensions>
     <gpxdata:distance>14751.00</gpxdata:distance>
     <gpxdata:speed>8.056</gpxdata:speed>
    </extensions>
   </trkpt>
   <trkpt lat="47.4680575" lon="6.7082726">
    <ele>335</ele>
    <time>2026-06-09T15:57:50Z</time>
    <extensions>
     <gpxdata:distance>14755.00</gpxdata:distance>
     <gpxdata:speed>8.042</gpxdata:speed>
    </extensions>
   </trkpt>
   <trkpt lat="47.4680979" lon="6.7083594">
    <ele>335</ele>
    <time>2026-06-09T15:57:51Z</time>
    <extensions>
     <gpxdata:distance>14759.00</gpxdata:distance>
     <gpxdata:speed>8.042</gpxdata:speed>
    </extensions>
   </trkpt>
   <trkpt lat="47.4681379" lon="6.7084436">
    <ele>335</ele>
    <time>2026-06-09T15:57:52Z</time>
    <extensions>
     <gpxdata:distance>14770.50</gpxdata:distance>
     <gpxdata:speed>7.992</gpxdata:speed>
    </extensions>
   </trkpt>
   <trkpt lat="47.4681773" lon="6.7085254">
    <ele>335</ele>
    <time>2026-06-09T15:57:53Z</time>
    <extensions>
     <gpxdata:distance>14782.00</gpxdata:distance>
     <gpxdata:speed>7.767</gpxdata:speed>
    </extensions>
   </trkpt>
   <trkpt lat="47.4682160" lon="6.7086047">
    <ele>335</ele>
    <time>2026-06-09T15:57:54Z</time>
    <extensions>
     <gpxdata:distance>14785.50</gpxdata:distance>
     <gpxdata:speed>7.767</gpxdata:speed>
    </extensions>
   </trkpt>
   <trkpt lat="47.4682539" lon="6.7086822">
    <ele>335</ele>
    <time>2026-06-09T15:57:55Z</time>
    <extensions>
     <gpxdata:distance>14789.00</gpxdata:distance>
     <gpxdata:speed>7.608</gpxdata:speed>
    </extensions>
   </trkpt>
   <trkpt lat="47.4682907" lon="6.7087579">
    <ele>335</ele>
    <time>2026-06-09T15:57:56Z</time>
    <extensions>
     <gpxdata:distance>14796.00</gpxdata:distance>
     <gpxdata:speed>7.086</gpxdata:speed>
    </extensions>
   </trkpt>
   <trkpt lat="47.4683271" lon="6.7088329">
    <ele>335</ele>
    <time>2026-06-09T15:57:57Z</time>
    <extensions>
     <gpxdata:distance>14803.00</gpxdata:distance>
     <gpxdata:speed>7.086</gpxdata:speed>
    </extensions>
   </trkpt>
   <trkpt lat="47.4683646" lon="6.7089087">
    <ele>335</ele>
    <time>2026-06-09T15:57:58Z</time>
    <extensions>
     <gpxdata:distance>14814.00</gpxdata:distance>
     <gpxdata:speed>7.114</gpxdata:speed>
    </extensions>
   </trkpt>
   <trkpt lat="47.4684033" lon="6.7089859">
    <ele>335</ele>
    <time>2026-06-09T15:57:59Z</time>
    <extensions>
     <gpxdata:distance>14825.00</gpxdata:distance>
     <gpxdata:speed>7.225</gpxdata:speed>
    </extensions>
   </trkpt>
   <trkpt lat="47.4684428" lon="6.7090653">
    <ele>335</ele>
    <time>2026-06-09T15:58:00Z</time>
    <extensions>
     <gpxdata:distance>14828.50</gpxdata:distance>
     <gpxdata:speed>7.225</gpxdata:speed>
    </extensions>
   </trkpt>
   <trkpt lat="47.4684818" lon="6.7091477">
    <ele>335</ele>
    <time>2026-06-09T15:58:01Z</time>
    <extensions>
     <gpxdata:distance>14832.00</gpxdata:distance>
     <gpxdata:speed>7.375</gpxdata:speed>
    </extensions>
   </trkpt>
   <trkpt lat="47.4685202" lon="6.7092325">
    <ele>335</ele>
    <time>2026-06-09T15:58:02Z</time>
    <extensions>
     <gpxdata:distance>14839.50</gpxdata:distance>
     <gpxdata:speed>7.547</gpxdata:speed>
    </extensions>
   </trkpt>
   <trkpt lat="47.4685596" lon="6.7093183">
    <ele>335</ele>
    <time>2026-06-09T15:58:03Z</time>
    <extensions>
     <gpxdata:distance>14847.00</gpxdata:distance>
     <gpxdata:speed>7.547</gpxdata:speed>
    </extensions>
   </trkpt>
   <trkpt lat="47.4686003" lon="6.7094041">
    <ele>335</ele>
    <time>2026-06-09T15:58:04Z</time>
    <extensions>
     <gpxdata:distance>14855.00</gpxdata:distance>
     <gpxdata:speed>7.722</gpxdata:speed>
    </extensions>
   </trkpt>
   <trkpt lat="47.4686414" lon="6.7094903">
    <ele>335</ele>
    <time>2026-06-09T15:58:05Z</time>
    <extensions>
     <gpxdata:distance>14863.00</gpxdata:distance>
     <gpxdata:speed>7.722</gpxdata:speed>
    </extensions>
   </trkpt>
   <trkpt lat="47.4686833" lon="6.7095772">
    <ele>335</ele>
    <time>2026-06-09T15:58:06Z</time>
    <extensions>
     <gpxdata:distance>14875.00</gpxdata:distance>
     <gpxdata:speed>7.975</gpxdata:speed>
    </extensions>
   </trkpt>
   <trkpt lat="47.4687257" lon="6.7096645">
    <ele>335</ele>
    <time>2026-06-09T15:58:07Z</time>
    <extensions>
     <gpxdata:distance>14887.00</gpxdata:distance>
     <gpxdata:speed>8.050</gpxdata:speed>
    </extensions>
   </trkpt>
   <trkpt lat="47.4687685" lon="6.7097527">
    <ele>335</ele>
    <time>2026-06-09T15:58:08Z</time>
    <extensions>
     <gpxdata:distance>14891.50</gpxdata:distance>
     <gpxdata:speed>8.131</gpxdata:speed>
    </extensions>
   </trkpt>
   <trkpt lat="47.4688114" lon="6.7098418">
    <ele>335</ele>
    <time>2026-06-09T15:58:09Z</time>
    <extensions>
     <gpxdata:distance>14896.00</gpxdata:distance>
     <gpxdata:speed>8.131</gpxdata:speed>
    </extensions>
   </trkpt>
   <trkpt lat="47.4688545" lon="6.7099317">
    <ele>335</ele>
    <time>2026-06-09T15:58:10Z</time>
    <extensions>
     <gpxdata:distance>14904.00</gpxdata:distance>
     <gpxdata:speed>8.256</gpxdata:speed>
    </extensions>
   </trkpt>
   <trkpt lat="47.4688976" lon="6.7100213">
    <ele>335</ele>
    <time>2026-06-09T15:58:11Z</time>
    <extensions>
     <gpxdata:distance>14912.00</gpxdata:distance>
     <gpxdata:speed>8.256</gpxdata:speed>
    </extensions>
   </trkpt>
   <trkpt lat="47.4689411" lon="6.7101104">
    <ele>335</ele>
    <time>2026-06-09T15:58:12Z</time>
    <extensions>
     <gpxdata:distance>14924.50</gpxdata:distance>
     <gpxdata:speed>8.261</gpxdata:speed>
    </extensions>
   </trkpt>
   <trkpt lat="47.4689847" lon="6.7101996">
    <ele>335</ele>
    <time>2026-06-09T15:58:13Z</time>
    <extensions>
     <gpxdata:distance>14937.00</gpxdata:distance>
     <gpxdata:speed>8.275</gpxdata:speed>
    </extensions>
   </trkpt>
   <trkpt lat="47.4690277" lon="6.7102894">
    <ele>335</ele>
    <time>2026-06-09T15:58:14Z</time>
    <extensions>
     <gpxdata:distance>14941.00</gpxdata:distance>
     <gpxdata:speed>8.281</gpxdata:speed>
    </extensions>
   </trkpt>
   <trkpt lat="47.4690706" lon="6.7103792">
    <ele>335</ele>
    <time>2026-06-09T15:58:15Z</time>
    <extensions>
     <gpxdata:distance>14945.00</gpxdata:distance>
     <gpxdata:speed>8.281</gpxdata:speed>
    </extensions>
   </trkpt>
   <trkpt lat="47.4691137" lon="6.7104678">
    <ele>335</ele>
    <time>2026-06-09T15:58:16Z</time>
    <extensions>
     <gpxdata:distance>14957.50</gpxdata:distance>
     <gpxdata:speed>8.283</gpxdata:speed>
    </extensions>
   </trkpt>
   <trkpt lat="47.4691568" lon="6.7105557">
    <ele>335</ele>
    <time>2026-06-09T15:58:17Z</time>
    <extensions>
     <gpxdata:distance>14970.00</gpxdata:distance>
     <gpxdata:speed>8.228</gpxdata:speed>
    </extensions>
   </trkpt>
   <trkpt lat="47.4691993" lon="6.7106437">
    <ele>335</ele>
    <time>2026-06-09T15:58:18Z</time>
    <extensions>
     <gpxdata:distance>14978.00</gpxdata:distance>
     <gpxdata:speed>8.228</gpxdata:speed>
    </extensions>
   </trkpt>
   <trkpt lat="47.4692417" lon="6.7107314">
    <ele>335</ele>
    <time>2026-06-09T15:58:19Z</time>
    <extensions>
     <gpxdata:distance>14986.00</gpxdata:distance>
     <gpxdata:speed>8.167</gpxdata:speed>
    </extensions>
   </trkpt>
   <trkpt lat="47.4692843" lon="6.7108186">
    <ele>335</ele>
    <time>2026-06-09T15:58:20Z</time>
    <extensions>
     <gpxdata:distance>14990.00</gpxdata:distance>
     <gpxdata:speed>8.147</gpxdata:speed>
    </extensions>
   </trkpt>
   <trkpt lat="47.4693269" lon="6.7109066">
    <ele>335</ele>
    <time>2026-06-09T15:58:21Z</time>
    <extensions>
     <gpxdata:distance>14994.00</gpxdata:distance>
     <gpxdata:speed>8.147</gpxdata:speed>
    </extensions>
   </trkpt>
   <trkpt lat="47.4693688" lon="6.7109954">
    <ele>335</ele>
    <time>2026-06-09T15:58:22Z</time>
    <extensions>
     <gpxdata:distance>15002.50</gpxdata:distance>
     <gpxdata:speed>8.147</gpxdata:speed>
    </extensions>
   </trkpt>
   <trkpt lat="47.4694100" lon="6.7110847">
    <ele>335</ele>
    <time>2026-06-09T15:58:23Z</time>
    <extensions>
     <gpxdata:distance>15011.00</gpxdata:distance>
     <gpxdata:speed>8.147</gpxdata:speed>
    </extensions>
   </trkpt>
   <trkpt lat="47.4694508" lon="6.7111743">
    <ele>335</ele>
    <time>2026-06-09T15:58:24Z</time>
    <extensions>
     <gpxdata:distance>15019.00</gpxdata:distance>
     <gpxdata:speed>8.136</gpxdata:speed>
    </extensions>
   </trkpt>
   <trkpt lat="47.4694923" lon="6.7112636">
    <ele>335</ele>
    <time>2026-06-09T15:58:25Z</time>
    <extensions>
     <gpxdata:distance>15027.00</gpxdata:distance>
     <gpxdata:speed>8.136</gpxdata:speed>
    </extensions>
   </trkpt>
   <trkpt lat="47.4695349" lon="6.7113520">
    <ele>335</ele>
    <time>2026-06-09T15:58:26Z</time>
    <extensions>
     <gpxdata:distance>15035.00</gpxdata:distance>
     <gpxdata:speed>8.142</gpxdata:speed>
    </extensions>
   </trkpt>
   <trkpt lat="47.4695785" lon="6.7114399">
    <ele>335</ele>
    <time>2026-06-09T15:58:27Z</time>
    <extensions>
     <gpxdata:distance>15043.00</gpxdata:distance>
     <gpxdata:speed>8.153</gpxdata:speed>
    </extensions>
   </trkpt>
   <trkpt lat="47.4696217" lon="6.7115281">
    <ele>335</ele>
    <time>2026-06-09T15:58:28Z</time>
    <extensions>
     <gpxdata:distance>15055.50</gpxdata:distance>
     <gpxdata:speed>8.178</gpxdata:speed>
    </extensions>
   </trkpt>
   <trkpt lat="47.4696638" lon="6.7116173">
    <ele>335</ele>
    <time>2026-06-09T15:58:29Z</time>
    <extensions>
     <gpxdata:distance>15068.00</gpxdata:distance>
     <gpxdata:speed>8.175</gpxdata:speed>
    </extensions>
   </trkpt>
   <trkpt lat="47.4697049" lon="6.7117067">
    <ele>335</ele>
    <time>2026-06-09T15:58:30Z</time>
    <extensions>
     <gpxdata:distance>15072.00</gpxdata:distance>
     <gpxdata:speed>8.175</gpxdata:speed>
    </extensions>
   </trkpt>
   <trkpt lat="47.4697454" lon="6.7117961">
    <ele>335</ele>
    <time>2026-06-09T15:58:31Z</time>
    <extensions>
     <gpxdata:distance>15076.00</gpxdata:distance>
     <gpxdata:speed>8.161</gpxdata:speed>
    </extensions>
   </trkpt>
   <trkpt lat="47.4697856" lon="6.7118850">
    <ele>335</ele>
    <time>2026-06-09T15:58:32Z</time>
    <extensions>
     <gpxdata:distance>15084.00</gpxdata:distance>
     <gpxdata:speed>8.106</gpxdata:speed>
    </extensions>
   </trkpt>
   <trkpt lat="47.4698263" lon="6.7119729">
    <ele>335</ele>
    <time>2026-06-09T15:58:33Z</time>
    <extensions>
     <gpxdata:distance>15092.00</gpxdata:distance>
     <gpxdata:speed>8.106</gpxdata:speed>
    </extensions>
   </trkpt>
   <trkpt lat="47.4698678" lon="6.7120598">
    <ele>335</ele>
    <time>2026-06-09T15:58:34Z</time>
    <extensions>
     <gpxdata:distance>15104.00</gpxdata:distance>
     <gpxdata:speed>8.078</gpxdata:speed>
    </extensions>
   </trkpt>
   <trkpt lat="47.4699094" lon="6.7121465">
    <ele>335</ele>
    <time>2026-06-09T15:58:35Z</time>
    <extensions>
     <gpxdata:distance>15116.00</gpxdata:distance>
     <gpxdata:speed>8.033</gpxdata:speed>
    </extensions>
   </trkpt>
   <trkpt lat="47.4699506" lon="6.7122332">
    <ele>335</ele>
    <time>2026-06-09T15:58:36Z</time>
    <extensions>
     <gpxdata:distance>15124.00</gpxdata:distance>
     <gpxdata:speed>8.033</gpxdata:speed>
    </extensions>
   </trkpt>
   <trkpt lat="47.4699916" lon="6.7123191">
    <ele>335</ele>
    <time>2026-06-09T15:58:37Z</time>
    <extensions>
     <gpxdata:distance>15132.00</gpxdata:distance>
     <gpxdata:speed>7.972</gpxdata:speed>
    </extensions>
   </trkpt>
   <trkpt lat="47.4700318" lon="6.7124026">
    <ele>335</ele>
    <time>2026-06-09T15:58:38Z</time>
    <extensions>
     <gpxdata:distance>15135.50</gpxdata:distance>
     <gpxdata:speed>7.972</gpxdata:speed>
    </extensions>
   </trkpt>
   <trkpt lat="47.4700706" lon="6.7124839">
    <ele>335</ele>
    <time>2026-06-09T15:58:39Z</time>
    <extensions>
     <gpxdata:distance>15139.00</gpxdata:distance>
     <gpxdata:speed>7.869</gpxdata:speed>
    </extensions>
   </trkpt>
   <trkpt lat="47.4701082" lon="6.7125629">
    <ele>335</ele>
    <time>2026-06-09T15:58:40Z</time>
    <extensions>
     <gpxdata:distance>15150.00</gpxdata:distance>
     <gpxdata:speed>7.725</gpxdata:speed>
    </extensions>
   </trkpt>
   <trkpt lat="47.4701446" lon="6.7126400">
    <ele>335</ele>
    <time>2026-06-09T15:58:41Z</time>
    <extensions>
     <gpxdata:distance>15161.00</gpxdata:distance>
     <gpxdata:speed>7.169</gpxdata:speed>
    </extensions>
   </trkpt>
   <trkpt lat="47.4701808" lon="6.7127166">
    <ele>335</ele>
    <time>2026-06-09T15:58:42Z</time>
    <extensions>
     <gpxdata:distance>15168.00</gpxdata:distance>
     <gpxdata:speed>7.119</gpxdata:speed>
    </extensions>
   </trkpt>
   <trkpt lat="47.4702172" lon="6.7127938">
    <ele>335</ele>
    <time>2026-06-09T15:58:43Z</time>
    <extensions>
     <gpxdata:distance>15175.00</gpxdata:distance>
     <gpxdata:speed>7.136</gpxdata:speed>
    </extensions>
   </trkpt>
   <trkpt lat="47.4702536" lon="6.7128735">
    <ele>335</ele>
    <time>2026-06-09T15:58:44Z</time>
    <extensions>
     <gpxdata:distance>15178.50</gpxdata:distance>
     <gpxdata:speed>7.244</gpxdata:speed>
    </extensions>
   </trkpt>
   <trkpt lat="47.4702906" lon="6.7129552">
    <ele>335</ele>
    <time>2026-06-09T15:58:45Z</time>
    <extensions>
     <gpxdata:distance>15182.00</gpxdata:distance>
     <gpxdata:speed>7.244</gpxdata:speed>
    </extensions>
   </trkpt>
   <trkpt lat="47.4703287" lon="6.7130380">
    <ele>335</ele>
    <time>2026-06-09T15:58:46Z</time>
    <extensions>
     <gpxdata:distance>15189.50</gpxdata:distance>
     <gpxdata:speed>7.361</gpxdata:speed>
    </extensions>
   </trkpt>
   <trkpt lat="47.4703676" lon="6.7131213">
    <ele>335</ele>
    <time>2026-06-09T15:58:47Z</time>
    <extensions>
     <gpxdata:distance>15197.00</gpxdata:distance>
     <gpxdata:speed>7.453</gpxdata:speed>
    </extensions>
   </trkpt>
   <trkpt lat="47.4704070" lon="6.7132048">
    <ele>335</ele>
    <time>2026-06-09T15:58:48Z</time>
    <extensions>
     <gpxdata:distance>15205.00</gpxdata:distance>
     <gpxdata:speed>7.506</gpxdata:speed>
    </extensions>
   </trkpt>
   <trkpt lat="47.4704463" lon="6.7132883">
    <ele>335</ele>
    <time>2026-06-09T15:58:49Z</time>
    <extensions>
     <gpxdata:distance>15213.00</gpxdata:distance>
     <gpxdata:speed>7.553</gpxdata:speed>
    </extensions>
   </trkpt>
   <trkpt lat="47.4704853" lon="6.7133712">
    <ele>335</ele>
    <time>2026-06-09T15:58:50Z</time>
    <extensions>
     <gpxdata:distance>15220.50</gpxdata:distance>
     <gpxdata:speed>7.581</gpxdata:speed>
    </extensions>
   </trkpt>
   <trkpt lat="47.4705234" lon="6.7134505">
    <ele>335</ele>
    <time>2026-06-09T15:58:51Z</time>
    <extensions>
     <gpxdata:distance>15228.00</gpxdata:distance>
     <gpxdata:speed>7.581</gpxdata:speed>
    </extensions>
   </trkpt>
   <trkpt lat="47.4705600" lon="6.7135244">
    <ele>335</ele>
    <time>2026-06-09T15:58:52Z</time>
    <extensions>
     <gpxdata:distance>15234.50</gpxdata:distance>
     <gpxdata:speed>7.469</gpxdata:speed>
    </extensions>
   </trkpt>
   <trkpt lat="47.4705936" lon="6.7135925">
    <ele>335</ele>
    <time>2026-06-09T15:58:53Z</time>
    <extensions>
     <gpxdata:distance>15241.00</gpxdata:distance>
     <gpxdata:speed>7.253</gpxdata:speed>
    </extensions>
   </trkpt>
   <trkpt lat="47.4706231" lon="6.7136556">
    <ele>335</ele>
    <time>2026-06-09T15:58:54Z</time>
    <extensions>
     <gpxdata:distance>15247.00</gpxdata:distance>
     <gpxdata:speed>6.506</gpxdata:speed>
    </extensions>
   </trkpt>
   <trkpt lat="47.4706407" lon="6.7136995">
    <ele>335</ele>
    <time>2026-06-09T15:58:55Z</time>
    <extensions>
     <gpxdata:distance>15253.00</gpxdata:distance>
     <gpxdata:speed>5.944</gpxdata:speed>
    </extensions>
   </trkpt>
   <trkpt lat="47.4706595" lon="6.7137550">
    <ele>335</ele>
    <time>2026-06-09T15:58:56Z</time>
    <extensions>
     <gpxdata:distance>15258.00</gpxdata:distance>
     <gpxdata:speed>5.506</gpxdata:speed>
    </extensions>
   </trkpt>
   <trkpt lat="47.4706780" lon="6.7138153">
    <ele>336</ele>
    <time>2026-06-09T15:58:57Z</time>
    <extensions>
     <gpxdata:distance>15263.00</gpxdata:distance>
     <gpxdata:speed>5.242</gpxdata:speed>
    </extensions>
   </trkpt>
   <trkpt lat="47.4706985" lon="6.7138778">
    <ele>336</ele>
    <time>2026-06-09T15:58:58Z</time>
    <extensions>
     <gpxdata:distance>15268.50</gpxdata:distance>
     <gpxdata:speed>5.244</gpxdata:speed>
    </extensions>
   </trkpt>
   <trkpt lat="47.4707226" lon="6.7139411">
    <ele>336</ele>
    <time>2026-06-09T15:58:59Z</time>
    <extensions>
     <gpxdata:distance>15274.00</gpxdata:distance>
     <gpxdata:speed>5.400</gpxdata:speed>
    </extensions>
   </trkpt>
   <trkpt lat="47.4707500" lon="6.7140045">
    <ele>337</ele>
    <time>2026-06-09T15:59:00Z</time>
    <extensions>
     <gpxdata:distance>15279.50</gpxdata:distance>
     <gpxdata:speed>5.553</gpxdata:speed>
    </extensions>
   </trkpt>
   <trkpt lat="47.4707795" lon="6.7140676">
    <ele>337</ele>
    <time>2026-06-09T15:59:01Z</time>
    <extensions>
     <gpxdata:distance>15285.00</gpxdata:distance>
     <gpxdata:speed>5.694</gpxdata:speed>
    </extensions>
   </trkpt>
   <trkpt lat="47.4708101" lon="6.7141291">
    <ele>337</ele>
    <time>2026-06-09T15:59:02Z</time>
    <extensions>
     <gpxdata:distance>15291.00</gpxdata:distance>
     <gpxdata:speed>5.703</gpxdata:speed>
    </extensions>
   </trkpt>
   <trkpt lat="47.4708412" lon="6.7141878">
    <ele>337</ele>
    <time>2026-06-09T15:59:03Z</time>
    <extensions>
     <gpxdata:distance>15297.00</gpxdata:distance>
     <gpxdata:speed>5.683</gpxdata:speed>
    </extensions>
   </trkpt>
   <trkpt lat="47.4708730" lon="6.7142422">
    <ele>337</ele>
    <time>2026-06-09T15:59:04Z</time>
    <extensions>
     <gpxdata:distance>15302.00</gpxdata:distance>
     <gpxdata:speed>5.619</gpxdata:speed>
    </extensions>
   </trkpt>
   <trkpt lat="47.4709056" lon="6.7142921">
    <ele>337</ele>
    <time>2026-06-09T15:59:05Z</time>
    <extensions>
     <gpxdata:distance>15307.00</gpxdata:distance>
     <gpxdata:speed>5.511</gpxdata:speed>
    </extensions>
   </trkpt>
   <trkpt lat="47.4709380" lon="6.7143406">
    <ele>337</ele>
    <time>2026-06-09T15:59:06Z</time>
    <extensions>
     <gpxdata:distance>15312.00</gpxdata:distance>
     <gpxdata:speed>5.389</gpxdata:speed>
    </extensions>
   </trkpt>
   <trkpt lat="47.4709690" lon="6.7143929">
    <ele>337</ele>
    <time>2026-06-09T15:59:07Z</time>
    <extensions>
     <gpxdata:distance>15317.00</gpxdata:distance>
     <gpxdata:speed>5.297</gpxdata:speed>
    </extensions>
   </trkpt>
   <trkpt lat="47.4709991" lon="6.7144515">
    <ele>337</ele>
    <time>2026-06-09T15:59:08Z</time>
    <extensions>
     <gpxdata:distance>15323.00</gpxdata:distance>
     <gpxdata:speed>5.311</gpxdata:speed>
    </extensions>
   </trkpt>
   <trkpt lat="47.4710287" lon="6.7145161">
    <ele>337</ele>
    <time>2026-06-09T15:59:09Z</time>
    <extensions>
     <gpxdata:distance>15329.00</gpxdata:distance>
     <gpxdata:speed>5.453</gpxdata:speed>
    </extensions>
   </trkpt>
   <trkpt lat="47.4710581" lon="6.7145859">
    <ele>337</ele>
    <time>2026-06-09T15:59:10Z</time>
    <extensions>
     <gpxdata:distance>15335.50</gpxdata:distance>
     <gpxdata:speed>5.647</gpxdata:speed>
    </extensions>
   </trkpt>
   <trkpt lat="47.4710885" lon="6.7146592">
    <ele>337</ele>
    <time>2026-06-09T15:59:11Z</time>
    <extensions>
     <gpxdata:distance>15342.00</gpxdata:distance>
     <gpxdata:speed>5.875</gpxdata:speed>
    </extensions>
   </trkpt>
   <trkpt lat="47.4711322" lon="6.7147593">
    <ele>337</ele>
    <time>2026-06-09T15:59:12Z</time>
    <extensions>
     <gpxdata:distance>15348.50</gpxdata:distance>
     <gpxdata:speed>6.122</gpxdata:speed>
    </extensions>
   </trkpt>
   <trkpt lat="47.4711690" lon="6.7148381">
    <ele>337</ele>
    <time>2026-06-09T15:59:13Z</time>
    <extensions>
     <gpxdata:distance>15355.00</gpxdata:distance>
     <gpxdata:speed>6.656</gpxdata:speed>
    </extensions>
   </trkpt>
   <trkpt lat="47.4712063" lon="6.7149146">
    <ele>337</ele>
    <time>2026-06-09T15:59:14Z</time>
    <extensions>
     <gpxdata:distance>15362.00</gpxdata:distance>
     <gpxdata:speed>6.975</gpxdata:speed>
    </extensions>
   </trkpt>
   <trkpt lat="47.4712440" lon="6.7149914">
    <ele>337</ele>
    <time>2026-06-09T15:59:15Z</time>
    <extensions>
     <gpxdata:distance>15369.00</gpxdata:distance>
     <gpxdata:speed>6.975</gpxdata:speed>
    </extensions>
   </trkpt>
   <trkpt lat="47.4712821" lon="6.7150690">
    <ele>337</ele>
    <time>2026-06-09T15:59:16Z</time>
    <extensions>
     <gpxdata:distance>15380.00</gpxdata:distance>
     <gpxdata:speed>7.069</gpxdata:speed>
    </extensions>
   </trkpt>
   <trkpt lat="47.4713202" lon="6.7151473">
    <ele>337</ele>
    <time>2026-06-09T15:59:17Z</time>
    <extensions>
     <gpxdata:distance>15391.00</gpxdata:distance>
     <gpxdata:speed>7.214</gpxdata:speed>
    </extensions>
   </trkpt>
   <trkpt lat="47.4713580" lon="6.7152259">
    <ele>337</ele>
    <time>2026-06-09T15:59:18Z</time>
    <extensions>
     <gpxdata:distance>15394.50</gpxdata:distance>
     <gpxdata:speed>7.231</gpxdata:speed>
    </extensions>
   </trkpt>
   <trkpt lat="47.4713958" lon="6.7153040">
    <ele>337</ele>
    <time>2026-06-09T15:59:19Z</time>
    <extensions>
     <gpxdata:distance>15398.00</gpxdata:distance>
     <gpxdata:speed>7.231</gpxdata:speed>
    </extensions>
   </trkpt>
   <trkpt lat="47.4714333" lon="6.7153802">
    <ele>337</ele>
    <time>2026-06-09T15:59:20Z</time>
    <extensions>
     <gpxdata:distance>15405.00</gpxdata:distance>
     <gpxdata:speed>7.242</gpxdata:speed>
    </extensions>
   </trkpt>
   <trkpt lat="47.4714694" lon="6.7154547">
    <ele>337</ele>
    <time>2026-06-09T15:59:21Z</time>
    <extensions>
     <gpxdata:distance>15412.00</gpxdata:distance>
     <gpxdata:speed>7.183</gpxdata:speed>
    </extensions>
   </trkpt>
   <trkpt lat="47.4715039" lon="6.7155291">
    <ele>337</ele>
    <time>2026-06-09T15:59:22Z</time>
    <extensions>
     <gpxdata:distance>15419.00</gpxdata:distance>
     <gpxdata:speed>7.078</gpxdata:speed>
    </extensions>
   </trkpt>
   <trkpt lat="47.4715378" lon="6.7156046">
    <ele>337</ele>
    <time>2026-06-09T15:59:23Z</time>
    <extensions>
     <gpxdata:distance>15426.00</gpxdata:distance>
     <gpxdata:speed>6.978</gpxdata:speed>
    </extensions>
   </trkpt>
   <trkpt lat="47.4715723" lon="6.7156822">
    <ele>337</ele>
    <time>2026-06-09T15:59:24Z</time>
    <extensions>
     <gpxdata:distance>15433.00</gpxdata:distance>
     <gpxdata:speed>6.972</gpxdata:speed>
    </extensions>
   </trkpt>
   <trkpt lat="47.4716066" lon="6.7157629">
    <ele>337</ele>
    <time>2026-06-09T15:59:25Z</time>
    <extensions>
     <gpxdata:distance>15440.00</gpxdata:distance>
     <gpxdata:speed>6.972</gpxdata:speed>
    </extensions>
   </trkpt>
   <trkpt lat="47.4716403" lon="6.7158470">
    <ele>337</ele>
    <time>2026-06-09T15:59:26Z</time>
    <extensions>
     <gpxdata:distance>15447.50</gpxdata:distance>
     <gpxdata:speed>7.053</gpxdata:speed>
    </extensions>
   </trkpt>
   <trkpt lat="47.4716738" lon="6.7159335">
    <ele>337</ele>
    <time>2026-06-09T15:59:27Z</time>
    <extensions>
     <gpxdata:distance>15455.00</gpxdata:distance>
     <gpxdata:speed>7.161</gpxdata:speed>
    </extensions>
   </trkpt>
   <trkpt lat="47.4717076" lon="6.7160213">
    <ele>337</ele>
    <time>2026-06-09T15:59:28Z</time>
    <extensions>
     <gpxdata:distance>15466.50</gpxdata:distance>
     <gpxdata:speed>7.275</gpxdata:speed>
    </extensions>
   </trkpt>
   <trkpt lat="47.4717423" lon="6.7161100">
    <ele>337</ele>
    <time>2026-06-09T15:59:29Z</time>
    <extensions>
     <gpxdata:distance>15478.00</gpxdata:distance>
     <gpxdata:speed>7.497</gpxdata:speed>
    </extensions>
   </trkpt>
   <trkpt lat="47.4717780" lon="6.7161995">
    <ele>337</ele>
    <time>2026-06-09T15:59:30Z</time>
    <extensions>
     <gpxdata:distance>15482.00</gpxdata:distance>
     <gpxdata:speed>7.497</gpxdata:speed>
    </extensions>
   </trkpt>
   <trkpt lat="47.4718139" lon="6.7162898">
    <ele>337</ele>
    <time>2026-06-09T15:59:31Z</time>
    <extensions>
     <gpxdata:distance>15486.00</gpxdata:distance>
     <gpxdata:speed>7.614</gpxdata:speed>
    </extensions>
   </trkpt>
   <trkpt lat="47.4718494" lon="6.7163806">
    <ele>337</ele>
    <time>2026-06-09T15:59:32Z</time>
    <extensions>
     <gpxdata:distance>15493.50</gpxdata:distance>
     <gpxdata:speed>7.856</gpxdata:speed>
    </extensions>
   </trkpt>
   <trkpt lat="47.4718852" lon="6.7164720">
    <ele>337</ele>
    <time>2026-06-09T15:59:33Z</time>
    <extensions>
     <gpxdata:distance>15501.00</gpxdata:distance>
     <gpxdata:speed>7.856</gpxdata:speed>
    </extensions>
   </trkpt>
   <trkpt lat="47.4719215" lon="6.7165644">
    <ele>337</ele>
    <time>2026-06-09T15:59:34Z</time>
    <extensions>
     <gpxdata:distance>15513.50</gpxdata:distance>
     <gpxdata:speed>7.922</gpxdata:speed>
    </extensions>
   </trkpt>
   <trkpt lat="47.4719580" lon="6.7166578">
    <ele>337</ele>
    <time>2026-06-09T15:59:35Z</time>
    <extensions>
     <gpxdata:distance>15526.00</gpxdata:distance>
     <gpxdata:speed>8.083</gpxdata:speed>
    </extensions>
   </trkpt>
   <trkpt lat="47.4719934" lon="6.7167529">
    <ele>337</ele>
    <time>2026-06-09T15:59:36Z</time>
    <extensions>
     <gpxdata:distance>15534.00</gpxdata:distance>
     <gpxdata:speed>8.133</gpxdata:speed>
    </extensions>
   </trkpt>
   <trkpt lat="47.4720270" lon="6.7168504">
    <ele>337</ele>
    <time>2026-06-09T15:59:37Z</time>
    <extensions>
     <gpxdata:distance>15542.00</gpxdata:distance>
     <gpxdata:speed>8.206</gpxdata:speed>
    </extensions>
   </trkpt>
   <trkpt lat="47.4720597" lon="6.7169499">
    <ele>337</ele>
    <time>2026-06-09T15:59:38Z</time>
    <extensions>
     <gpxdata:distance>15550.50</gpxdata:distance>
     <gpxdata:speed>8.206</gpxdata:speed>
    </extensions>
   </trkpt>
   <trkpt lat="47.4720926" lon="6.7170496">
    <ele>337</ele>
    <time>2026-06-09T15:59:39Z</time>
    <extensions>
     <gpxdata:distance>15559.00</gpxdata:distance>
     <gpxdata:speed>8.322</gpxdata:speed>
    </extensions>
   </trkpt>
   <trkpt lat="47.4721267" lon="6.7171493">
    <ele>337</ele>
    <time>2026-06-09T15:59:40Z</time>
    <extensions>
     <gpxdata:distance>15567.50</gpxdata:distance>
     <gpxdata:speed>8.369</gpxdata:speed>
    </extensions>
   </trkpt>
   <trkpt lat="47.4721609" lon="6.7172499">
    <ele>337</ele>
    <time>2026-06-09T15:59:41Z</time>
    <extensions>
     <gpxdata:distance>15576.00</gpxdata:distance>
     <gpxdata:speed>8.439</gpxdata:speed>
    </extensions>
   </trkpt>
   <trkpt lat="47.4721941" lon="6.7173519">
    <ele>337</ele>
    <time>2026-06-09T15:59:42Z</time>
    <extensions>
     <gpxdata:distance>15584.50</gpxdata:distance>
     <gpxdata:speed>8.439</gpxdata:speed>
    </extensions>
   </trkpt>
   <trkpt lat="47.4722264" lon="6.7174551">
    <ele>337</ele>
    <time>2026-06-09T15:59:43Z</time>
    <extensions>
     <gpxdata:distance>15593.00</gpxdata:distance>
     <gpxdata:speed>8.528</gpxdata:speed>
    </extensions>
   </trkpt>
   <trkpt lat="47.4722583" lon="6.7175589">
    <ele>337</ele>
    <time>2026-06-09T15:59:44Z</time>
    <extensions>
     <gpxdata:distance>15597.50</gpxdata:distance>
     <gpxdata:speed>8.558</gpxdata:speed>
    </extensions>
   </trkpt>
   <trkpt lat="47.4722890" lon="6.7176639">
    <ele>337</ele>
    <time>2026-06-09T15:59:45Z</time>
    <extensions>
     <gpxdata:distance>15602.00</gpxdata:distance>
     <gpxdata:speed>8.558</gpxdata:speed>
    </extensions>
   </trkpt>
   <trkpt lat="47.4723173" lon="6.7177702">
    <ele>337</ele>
    <time>2026-06-09T15:59:46Z</time>
    <extensions>
     <gpxdata:distance>15614.50</gpxdata:distance>
     <gpxdata:speed>8.581</gpxdata:speed>
    </extensions>
   </trkpt>
   <trkpt lat="47.4723449" lon="6.7178757">
    <ele>337</ele>
    <time>2026-06-09T15:59:47Z</time>
    <extensions>
     <gpxdata:distance>15627.00</gpxdata:distance>
     <gpxdata:speed>8.550</gpxdata:speed>
    </extensions>
   </trkpt>
   <trkpt lat="47.4723727" lon="6.7179782">
    <ele>337</ele>
    <time>2026-06-09T15:59:48Z</time>
    <extensions>
     <gpxdata:distance>15635.00</gpxdata:distance>
     <gpxdata:speed>8.453</gpxdata:speed>
    </extensions>
   </trkpt>
   <trkpt lat="47.4724008" lon="6.7180775">
    <ele>337</ele>
    <time>2026-06-09T15:59:49Z</time>
    <extensions>
     <gpxdata:distance>15643.00</gpxdata:distance>
     <gpxdata:speed>8.322</gpxdata:speed>
    </extensions>
   </trkpt>
   <trkpt lat="47.4724291" lon="6.7181758">
    <ele>337</ele>
    <time>2026-06-09T15:59:50Z</time>
    <extensions>
     <gpxdata:distance>15651.50</gpxdata:distance>
     <gpxdata:speed>8.233</gpxdata:speed>
    </extensions>
   </trkpt>
   <trkpt lat="47.4724579" lon="6.7182747">
    <ele>337</ele>
    <time>2026-06-09T15:59:51Z</time>
    <extensions>
     <gpxdata:distance>15660.00</gpxdata:distance>
     <gpxdata:speed>8.197</gpxdata:speed>
    </extensions>
   </trkpt>
   <trkpt lat="47.4724860" lon="6.7183752">
    <ele>337</ele>
    <time>2026-06-09T15:59:52Z</time>
    <extensions>
     <gpxdata:distance>15668.00</gpxdata:distance>
     <gpxdata:speed>8.197</gpxdata:speed>
    </extensions>
   </trkpt>
   <trkpt lat="47.4725138" lon="6.7184770">
    <ele>337</ele>
    <time>2026-06-09T15:59:53Z</time>
    <extensions>
     <gpxdata:distance>15676.00</gpxdata:distance>
     <gpxdata:speed>8.219</gpxdata:speed>
    </extensions>
   </trkpt>
   <trkpt lat="47.4725413" lon="6.7185797">
    <ele>337</ele>
    <time>2026-06-09T15:59:54Z</time>
    <extensions>
     <gpxdata:distance>15684.50</gpxdata:distance>
     <gpxdata:speed>8.247</gpxdata:speed>
    </extensions>
   </trkpt>
   <trkpt lat="47.4725687" lon="6.7186834">
    <ele>337</ele>
    <time>2026-06-09T15:59:55Z</time>
    <extensions>
     <gpxdata:distance>15693.00</gpxdata:distance>
     <gpxdata:speed>8.289</gpxdata:speed>
    </extensions>
   </trkpt>
   <trkpt lat="47.4725967" lon="6.7187875">
    <ele>337</ele>
    <time>2026-06-09T15:59:56Z</time>
    <extensions>
     <gpxdata:distance>15701.50</gpxdata:distance>
     <gpxdata:speed>8.333</gpxdata:speed>
    </extensions>
   </trkpt>
   <trkpt lat="47.4726252" lon="6.7188918">
    <ele>337</ele>
    <time>2026-06-09T15:59:57Z</time>
    <extensions>
     <gpxdata:distance>15710.00</gpxdata:distance>
     <gpxdata:speed>8.375</gpxdata:speed>
    </extensions>
   </trkpt>
   <trkpt lat="47.4726539" lon="6.7189966">
    <ele>337</ele>
    <time>2026-06-09T15:59:58Z</time>
    <extensions>
     <gpxdata:distance>15718.50</gpxdata:distance>
     <gpxdata:speed>8.422</gpxdata:speed>
    </extensions>
   </trkpt>
   <trkpt lat="47.4726827" lon="6.7191016">
    <ele>337</ele>
    <time>2026-06-09T15:59:59Z</time>
    <extensions>
     <gpxdata:distance>15727.00</gpxdata:distance>
     <gpxdata:speed>8.458</gpxdata:speed>
    </extensions>
   </trkpt>
   <trkpt lat="47.4727115" lon="6.7192071">
    <ele>337</ele>
    <time>2026-06-09T16:00:00Z</time>
    <extensions>
     <gpxdata:distance>15731.00</gpxdata:distance>
     <gpxdata:speed>8.458</gpxdata:speed>
    </extensions>
   </trkpt>
   <trkpt lat="47.4727401" lon="6.7193127">
    <ele>337</ele>
    <time>2026-06-09T16:00:01Z</time>
    <extensions>
     <gpxdata:distance>15735.00</gpxdata:distance>
     <gpxdata:speed>8.494</gpxdata:speed>
    </extensions>
   </trkpt>
   <trkpt lat="47.4727692" lon="6.7194184">
    <ele>337</ele>
    <time>2026-06-09T16:00:02Z</time>
    <extensions>
     <gpxdata:distance>15744.00</gpxdata:distance>
     <gpxdata:speed>8.542</gpxdata:speed>
    </extensions>
   </trkpt>
   <trkpt lat="47.4727987" lon="6.7195241">
    <ele>337</ele>
    <time>2026-06-09T16:00:03Z</time>
    <extensions>
     <gpxdata:distance>15753.00</gpxdata:distance>
     <gpxdata:speed>8.542</gpxdata:speed>
    </extensions>
   </trkpt>
   <trkpt lat="47.4728288" lon="6.7196302">
    <ele>337</ele>
    <time>2026-06-09T16:00:04Z</time>
    <extensions>
     <gpxdata:distance>15766.00</gpxdata:distance>
     <gpxdata:speed>8.600</gpxdata:speed>
    </extensions>
   </trkpt>
   <trkpt lat="47.4728589" lon="6.7197367">
    <ele>337</ele>
    <time>2026-06-09T16:00:05Z</time>
    <extensions>
     <gpxdata:distance>15779.00</gpxdata:distance>
     <gpxdata:speed>8.631</gpxdata:speed>
    </extensions>
   </trkpt>
   <trkpt lat="47.4728885" lon="6.7198435">
    <ele>337</ele>
    <time>2026-06-09T16:00:06Z</time>
    <extensions>
     <gpxdata:distance>15783.00</gpxdata:distance>
     <gpxdata:speed>8.647</gpxdata:speed>
    </extensions>
   </trkpt>
   <trkpt lat="47.4729178" lon="6.7199504">
    <ele>337</ele>
    <time>2026-06-09T16:00:07Z</time>
    <extensions>
     <gpxdata:distance>15787.00</gpxdata:distance>
     <gpxdata:speed>8.647</gpxdata:speed>
    </extensions>
   </trkpt>
   <trkpt lat="47.4729474" lon="6.7200570">
    <ele>337</ele>
    <time>2026-06-09T16:00:08Z</time>
    <extensions>
     <gpxdata:distance>15796.00</gpxdata:distance>
     <gpxdata:speed>8.656</gpxdata:speed>
    </extensions>
   </trkpt>
   <trkpt lat="47.4729772" lon="6.7201633">
    <ele>337</ele>
    <time>2026-06-09T16:00:09Z</time>
    <extensions>
     <gpxdata:distance>15805.00</gpxdata:distance>
     <gpxdata:speed>8.661</gpxdata:speed>
    </extensions>
   </trkpt>
   <trkpt lat="47.4730071" lon="6.7202693">
    <ele>337</ele>
    <time>2026-06-09T16:00:10Z</time>
    <extensions>
     <gpxdata:distance>15818.00</gpxdata:distance>
     <gpxdata:speed>8.656</gpxdata:speed>
    </extensions>
   </trkpt>
   <trkpt lat="47.4730369" lon="6.7203754">
    <ele>337</ele>
    <time>2026-06-09T16:00:11Z</time>
    <extensions>
     <gpxdata:distance>15831.00</gpxdata:distance>
     <gpxdata:speed>8.653</gpxdata:speed>
    </extensions>
   </trkpt>
   <trkpt lat="47.4730666" lon="6.7204816">
    <ele>337</ele>
    <time>2026-06-09T16:00:12Z</time>
    <extensions>
     <gpxdata:distance>15839.50</gpxdata:distance>
     <gpxdata:speed>8.653</gpxdata:speed>
    </extensions>
   </trkpt>
   <trkpt lat="47.4730969" lon="6.7205882">
    <ele>337</ele>
    <time>2026-06-09T16:00:13Z</time>
    <extensions>
     <gpxdata:distance>15848.00</gpxdata:distance>
     <gpxdata:speed>8.672</gpxdata:speed>
    </extensions>
   </trkpt>
   <trkpt lat="47.4731272" lon="6.7206957">
    <ele>337</ele>
    <time>2026-06-09T16:00:14Z</time>
    <extensions>
     <gpxdata:distance>15852.50</gpxdata:distance>
     <gpxdata:speed>8.706</gpxdata:speed>
    </extensions>
   </trkpt>
   <trkpt lat="47.4731570" lon="6.7208039">
    <ele>337</ele>
    <time>2026-06-09T16:00:15Z</time>
    <extensions>
     <gpxdata:distance>15857.00</gpxdata:distance>
     <gpxdata:speed>8.706</gpxdata:speed>
    </extensions>
   </trkpt>
   <trkpt lat="47.4731868" lon="6.7209120">
    <ele>337</ele>
    <time>2026-06-09T16:00:16Z</time>
    <extensions>
     <gpxdata:distance>15865.50</gpxdata:distance>
     <gpxdata:speed>8.747</gpxdata:speed>
    </extensions>
   </trkpt>
   <trkpt lat="47.4732172" lon="6.7210181">
    <ele>337</ele>
    <time>2026-06-09T16:00:17Z</time>
    <extensions>
     <gpxdata:distance>15874.00</gpxdata:distance>
     <gpxdata:speed>8.747</gpxdata:speed>
    </extensions>
   </trkpt>
   <trkpt lat="47.4732480" lon="6.7211216">
    <ele>337</ele>
    <time>2026-06-09T16:00:18Z</time>
    <extensions>
     <gpxdata:distance>15886.50</gpxdata:distance>
     <gpxdata:speed>8.631</gpxdata:speed>
    </extensions>
   </trkpt>
   <trkpt lat="47.4732778" lon="6.7212230">
    <ele>337</ele>
    <time>2026-06-09T16:00:19Z</time>
    <extensions>
     <gpxdata:distance>15899.00</gpxdata:distance>
     <gpxdata:speed>8.519</gpxdata:speed>
    </extensions>
   </trkpt>
   <trkpt lat="47.4733061" lon="6.7213225">
    <ele>337</ele>
    <time>2026-06-09T16:00:20Z</time>
    <extensions>
     <gpxdata:distance>15903.00</gpxdata:distance>
     <gpxdata:speed>8.381</gpxdata:speed>
    </extensions>
   </trkpt>
   <trkpt lat="47.4733332" lon="6.7214202">
    <ele>337</ele>
    <time>2026-06-09T16:00:21Z</time>
    <extensions>
     <gpxdata:distance>15907.00</gpxdata:distance>
     <gpxdata:speed>8.381</gpxdata:speed>
    </extensions>
   </trkpt>
   <trkpt lat="47.4733589" lon="6.7215160">
    <ele>337</ele>
    <time>2026-06-09T16:00:22Z</time>
    <extensions>
     <gpxdata:distance>15915.00</gpxdata:distance>
     <gpxdata:speed>8.231</gpxdata:speed>
    </extensions>
   </trkpt>
   <trkpt lat="47.4733840" lon="6.7216107">
    <ele>337</ele>
    <time>2026-06-09T16:00:23Z</time>
    <extensions>
     <gpxdata:distance>15923.00</gpxdata:distance>
     <gpxdata:speed>8.064</gpxdata:speed>
    </extensions>
   </trkpt>
   <trkpt lat="47.4734102" lon="6.7217059">
    <ele>337</ele>
    <time>2026-06-09T16:00:24Z</time>
    <extensions>
     <gpxdata:distance>15935.00</gpxdata:distance>
     <gpxdata:speed>7.928</gpxdata:speed>
    </extensions>
   </trkpt>
   <trkpt lat="47.4734379" lon="6.7218025">
    <ele>337</ele>
    <time>2026-06-09T16:00:25Z</time>
    <extensions>
     <gpxdata:distance>15947.00</gpxdata:distance>
     <gpxdata:speed>7.897</gpxdata:speed>
    </extensions>
   </trkpt>
   <trkpt lat="47.4734665" lon="6.7219012">
    <ele>337</ele>
    <time>2026-06-09T16:00:26Z</time>
    <extensions>
     <gpxdata:distance>15951.00</gpxdata:distance>
     <gpxdata:speed>7.961</gpxdata:speed>
    </extensions>
   </trkpt>
   <trkpt lat="47.4734946" lon="6.7220023">
    <ele>337</ele>
    <time>2026-06-09T16:00:27Z</time>
    <extensions>
     <gpxdata:distance>15955.00</gpxdata:distance>
     <gpxdata:speed>7.961</gpxdata:speed>
    </extensions>
   </trkpt>
   <trkpt lat="47.4735222" lon="6.7221053">
    <ele>337</ele>
    <time>2026-06-09T16:00:28Z</time>
    <extensions>
     <gpxdata:distance>15967.50</gpxdata:distance>
     <gpxdata:speed>8.050</gpxdata:speed>
    </extensions>
   </trkpt>
   <trkpt lat="47.4735500" lon="6.7222092">
    <ele>337</ele>
    <time>2026-06-09T16:00:29Z</time>
    <extensions>
     <gpxdata:distance>15980.00</gpxdata:distance>
     <gpxdata:speed>8.228</gpxdata:speed>
    </extensions>
   </trkpt>
   <trkpt lat="47.4735784" lon="6.7223136">
    <ele>337</ele>
    <time>2026-06-09T16:00:30Z</time>
    <extensions>
     <gpxdata:distance>15984.00</gpxdata:distance>
     <gpxdata:speed>8.228</gpxdata:speed>
    </extensions>
   </trkpt>
   <trkpt lat="47.4736074" lon="6.7224180">
    <ele>337</ele>
    <time>2026-06-09T16:00:31Z</time>
    <extensions>
     <gpxdata:distance>15988.00</gpxdata:distance>
     <gpxdata:speed>8.306</gpxdata:speed>
    </extensions>
   </trkpt>
   <trkpt lat="47.4736372" lon="6.7225231">
    <ele>337</ele>
    <time>2026-06-09T16:00:32Z</time>
    <extensions>
     <gpxdata:distance>15996.50</gpxdata:distance>
     <gpxdata:speed>8.369</gpxdata:speed>
    </extensions>
   </trkpt>
   <trkpt lat="47.4736672" lon="6.7226288">
    <ele>337</ele>
    <time>2026-06-09T16:00:33Z</time>
    <extensions>
     <gpxdata:distance>16005.00</gpxdata:distance>
     <gpxdata:speed>8.442</gpxdata:speed>
    </extensions>
   </trkpt>
   <trkpt lat="47.4736976" lon="6.7227350">
    <ele>337</ele>
    <time>2026-06-09T16:00:34Z</time>
    <extensions>
     <gpxdata:distance>16018.50</gpxdata:distance>
     <gpxdata:speed>8.567</gpxdata:speed>
    </extensions>
   </trkpt>
   <trkpt lat="47.4737282" lon="6.7228414">
    <ele>337</ele>
    <time>2026-06-09T16:00:35Z</time>
    <extensions>
     <gpxdata:distance>16032.00</gpxdata:distance>
     <gpxdata:speed>8.611</gpxdata:speed>
    </extensions>
   </trkpt>
   <trkpt lat="47.4737587" lon="6.7229476">
    <ele>337</ele>
    <time>2026-06-09T16:00:36Z</time>
    <extensions>
     <gpxdata:distance>16036.00</gpxdata:distance>
     <gpxdata:speed>8.611</gpxdata:speed>
    </extensions>
   </trkpt>
   <trkpt lat="47.4737893" lon="6.7230542">
    <ele>337</ele>
    <time>2026-06-09T16:00:37Z</time>
    <extensions>
     <gpxdata:distance>16040.00</gpxdata:distance>
     <gpxdata:speed>8.636</gpxdata:speed>
    </extensions>
   </trkpt>
   <trkpt lat="47.4738199" lon="6.7231611">
    <ele>337</ele>
    <time>2026-06-09T16:00:38Z</time>
    <extensions>
     <gpxdata:distance>16049.00</gpxdata:distance>
     <gpxdata:speed>8.661</gpxdata:speed>
    </extensions>
   </trkpt>
   <trkpt lat="47.4738508" lon="6.7232680">
    <ele>337</ele>
    <time>2026-06-09T16:00:39Z</time>
    <extensions>
     <gpxdata:distance>16058.00</gpxdata:distance>
     <gpxdata:speed>8.692</gpxdata:speed>
    </extensions>
   </trkpt>
   <trkpt lat="47.4738814" lon="6.7233743">
    <ele>337</ele>
    <time>2026-06-09T16:00:40Z</time>
    <extensions>
     <gpxdata:distance>16071.00</gpxdata:distance>
     <gpxdata:speed>8.708</gpxdata:speed>
    </extensions>
   </trkpt>
   <trkpt lat="47.4739111" lon="6.7234806">
    <ele>337</ele>
    <time>2026-06-09T16:00:41Z</time>
    <extensions>
     <gpxdata:distance>16084.00</gpxdata:distance>
     <gpxdata:speed>8.683</gpxdata:speed>
    </extensions>
   </trkpt>
   <trkpt lat="47.4739393" lon="6.7235870">
    <ele>337</ele>
    <time>2026-06-09T16:00:42Z</time>
    <extensions>
     <gpxdata:distance>16088.00</gpxdata:distance>
     <gpxdata:speed>8.683</gpxdata:speed>
    </extensions>
   </trkpt>
   <trkpt lat="47.4739663" lon="6.7236923">
    <ele>337</ele>
    <time>2026-06-09T16:00:43Z</time>
    <extensions>
     <gpxdata:distance>16092.00</gpxdata:distance>
     <gpxdata:speed>8.650</gpxdata:speed>
    </extensions>
   </trkpt>
   <trkpt lat="47.4739942" lon="6.7237956">
    <ele>337</ele>
    <time>2026-06-09T16:00:44Z</time>
    <extensions>
     <gpxdata:distance>16100.50</gpxdata:distance>
     <gpxdata:speed>8.586</gpxdata:speed>
    </extensions>
   </trkpt>
   <trkpt lat="47.4740226" lon="6.7238962">
    <ele>337</ele>
    <time>2026-06-09T16:00:45Z</time>
    <extensions>
     <gpxdata:distance>16109.00</gpxdata:distance>
     <gpxdata:speed>8.508</gpxdata:speed>
    </extensions>
   </trkpt>
   <trkpt lat="47.4740504" lon="6.7239938">
    <ele>337</ele>
    <time>2026-06-09T16:00:46Z</time>
    <extensions>
     <gpxdata:distance>16120.50</gpxdata:distance>
     <gpxdata:speed>8.244</gpxdata:speed>
    </extensions>
   </trkpt>
   <trkpt lat="47.4740772" lon="6.7240886">
    <ele>337</ele>
    <time>2026-06-09T16:00:47Z</time>
    <extensions>
     <gpxdata:distance>16132.00</gpxdata:distance>
     <gpxdata:speed>8.061</gpxdata:speed>
    </extensions>
   </trkpt>
   <trkpt lat="47.4741028" lon="6.7241809">
    <ele>337</ele>
    <time>2026-06-09T16:00:48Z</time>
    <extensions>
     <gpxdata:distance>16136.00</gpxdata:distance>
     <gpxdata:speed>8.061</gpxdata:speed>
    </extensions>
   </trkpt>
   <trkpt lat="47.4741275" lon="6.7242710">
    <ele>337</ele>
    <time>2026-06-09T16:00:49Z</time>
    <extensions>
     <gpxdata:distance>16140.00</gpxdata:distance>
     <gpxdata:speed>7.867</gpxdata:speed>
    </extensions>
   </trkpt>
   <trkpt lat="47.4741524" lon="6.7243594">
    <ele>337</ele>
    <time>2026-06-09T16:00:50Z</time>
    <extensions>
     <gpxdata:distance>16147.00</gpxdata:distance>
     <gpxdata:speed>7.678</gpxdata:speed>
    </extensions>
   </trkpt>
   <trkpt lat="47.4741774" lon="6.7244483">
    <ele>337</ele>
    <time>2026-06-09T16:00:51Z</time>
    <extensions>
     <gpxdata:distance>16154.00</gpxdata:distance>
     <gpxdata:speed>7.519</gpxdata:speed>
    </extensions>
   </trkpt>
   <trkpt lat="47.4742017" lon="6.7245395">
    <ele>337</ele>
    <time>2026-06-09T16:00:52Z</time>
    <extensions>
     <gpxdata:distance>16165.50</gpxdata:distance>
     <gpxdata:speed>7.439</gpxdata:speed>
    </extensions>
   </trkpt>
   <trkpt lat="47.4742259" lon="6.7246331">
    <ele>337</ele>
    <time>2026-06-09T16:00:53Z</time>
    <extensions>
     <gpxdata:distance>16177.00</gpxdata:distance>
     <gpxdata:speed>7.472</gpxdata:speed>
    </extensions>
   </trkpt>
   <trkpt lat="47.4742509" lon="6.7247275">
    <ele>337</ele>
    <time>2026-06-09T16:00:54Z</time>
    <extensions>
     <gpxdata:distance>16180.50</gpxdata:distance>
     <gpxdata:speed>7.472</gpxdata:speed>
    </extensions>
   </trkpt>
   <trkpt lat="47.4742770" lon="6.7248225">
    <ele>337</ele>
    <time>2026-06-09T16:00:55Z</time>
    <extensions>
     <gpxdata:distance>16184.00</gpxdata:distance>
     <gpxdata:speed>7.522</gpxdata:speed>
    </extensions>
   </trkpt>
   <trkpt lat="47.4743038" lon="6.7249180">
    <ele>337</ele>
    <time>2026-06-09T16:00:56Z</time>
    <extensions>
     <gpxdata:distance>16192.00</gpxdata:distance>
     <gpxdata:speed>7.581</gpxdata:speed>
    </extensions>
   </trkpt>
   <trkpt lat="47.4743314" lon="6.7250137">
    <ele>337</ele>
    <time>2026-06-09T16:00:57Z</time>
    <extensions>
     <gpxdata:distance>16200.00</gpxdata:distance>
     <gpxdata:speed>7.647</gpxdata:speed>
    </extensions>
   </trkpt>
   <trkpt lat="47.4743591" lon="6.7251099">
    <ele>337</ele>
    <time>2026-06-09T16:00:58Z</time>
    <extensions>
     <gpxdata:distance>16211.50</gpxdata:distance>
     <gpxdata:speed>7.706</gpxdata:speed>
    </extensions>
   </trkpt>
   <trkpt lat="47.4743862" lon="6.7252066">
    <ele>337</ele>
    <time>2026-06-09T16:00:59Z</time>
    <extensions>
     <gpxdata:distance>16223.00</gpxdata:distance>
     <gpxdata:speed>7.806</gpxdata:speed>
    </extensions>
   </trkpt>
   <trkpt lat="47.4744132" lon="6.7253041">
    <ele>337</ele>
    <time>2026-06-09T16:01:00Z</time>
    <extensions>
     <gpxdata:distance>16227.00</gpxdata:distance>
     <gpxdata:speed>7.806</gpxdata:speed>
    </extensions>
   </trkpt>
   <trkpt lat="47.4744401" lon="6.7254015">
    <ele>337</ele>
    <time>2026-06-09T16:01:01Z</time>
    <extensions>
     <gpxdata:distance>16231.00</gpxdata:distance>
     <gpxdata:speed>7.856</gpxdata:speed>
    </extensions>
   </trkpt>
   <trkpt lat="47.4744674" lon="6.7254982">
    <ele>337</ele>
    <time>2026-06-09T16:01:02Z</time>
    <extensions>
     <gpxdata:distance>16239.00</gpxdata:distance>
     <gpxdata:speed>7.881</gpxdata:speed>
    </extensions>
   </trkpt>
   <trkpt lat="47.4744947" lon="6.7255943">
    <ele>337</ele>
    <time>2026-06-09T16:01:03Z</time>
    <extensions>
     <gpxdata:distance>16247.00</gpxdata:distance>
     <gpxdata:speed>7.881</gpxdata:speed>
    </extensions>
   </trkpt>
   <trkpt lat="47.4745222" lon="6.7256900">
    <ele>337</ele>
    <time>2026-06-09T16:01:04Z</time>
    <extensions>
     <gpxdata:distance>16259.00</gpxdata:distance>
     <gpxdata:speed>7.853</gpxdata:speed>
    </extensions>
   </trkpt>
   <trkpt lat="47.4745491" lon="6.7257858">
    <ele>337</ele>
    <time>2026-06-09T16:01:05Z</time>
    <extensions>
     <gpxdata:distance>16271.00</gpxdata:distance>
     <gpxdata:speed>7.839</gpxdata:speed>
    </extensions>
   </trkpt>
   <trkpt lat="47.4745754" lon="6.7258814">
    <ele>337</ele>
    <time>2026-06-09T16:01:06Z</time>
    <extensions>
     <gpxdata:distance>16278.50</gpxdata:distance>
     <gpxdata:speed>7.811</gpxdata:speed>
    </extensions>
   </trkpt>
   <trkpt lat="47.4746016" lon="6.7259762">
    <ele>337</ele>
    <time>2026-06-09T16:01:07Z</time>
    <extensions>
     <gpxdata:distance>16286.00</gpxdata:distance>
     <gpxdata:speed>7.772</gpxdata:speed>
    </extensions>
   </trkpt>
   <trkpt lat="47.4746281" lon="6.7260700">
    <ele>336</ele>
    <time>2026-06-09T16:01:08Z</time>
    <extensions>
     <gpxdata:distance>16293.50</gpxdata:distance>
     <gpxdata:speed>7.728</gpxdata:speed>
    </extensions>
   </trkpt>
   <trkpt lat="47.4746544" lon="6.7261623">
    <ele>336</ele>
    <time>2026-06-09T16:01:09Z</time>
    <extensions>
     <gpxdata:distance>16301.00</gpxdata:distance>
     <gpxdata:speed>7.658</gpxdata:speed>
    </extensions>
   </trkpt>
   <trkpt lat="47.4746804" lon="6.7262526">
    <ele>336</ele>
    <time>2026-06-09T16:01:10Z</time>
    <extensions>
     <gpxdata:distance>16308.00</gpxdata:distance>
     <gpxdata:speed>7.556</gpxdata:speed>
    </extensions>
   </trkpt>
   <trkpt lat="47.4747052" lon="6.7263403">
    <ele>336</ele>
    <time>2026-06-09T16:01:11Z</time>
    <extensions>
     <gpxdata:distance>16315.00</gpxdata:distance>
     <gpxdata:speed>7.397</gpxdata:speed>
    </extensions>
   </trkpt>
   <trkpt lat="47.4747293" lon="6.7264247">
    <ele>336</ele>
    <time>2026-06-09T16:01:12Z</time>
    <extensions>
     <gpxdata:distance>16318.50</gpxdata:distance>
     <gpxdata:speed>7.397</gpxdata:speed>
    </extensions>
   </trkpt>
   <trkpt lat="47.4747555" lon="6.7265019">
    <ele>336</ele>
    <time>2026-06-09T16:01:13Z</time>
    <extensions>
     <gpxdata:distance>16322.00</gpxdata:distance>
     <gpxdata:speed>6.989</gpxdata:speed>
    </extensions>
   </trkpt>
   <trkpt lat="47.4747869" lon="6.7265669">
    <ele>337</ele>
    <time>2026-06-09T16:01:14Z</time>
    <extensions>
     <gpxdata:distance>16328.00</gpxdata:distance>
     <gpxdata:speed>6.600</gpxdata:speed>
    </extensions>
   </trkpt>
   <trkpt lat="47.4748235" lon="6.7266227">
    <ele>337</ele>
    <time>2026-06-09T16:01:15Z</time>
    <extensions>
     <gpxdata:distance>16334.00</gpxdata:distance>
     <gpxdata:speed>6.197</gpxdata:speed>
    </extensions>
   </trkpt>
   <trkpt lat="47.4748602" lon="6.7266787">
    <ele>337</ele>
    <time>2026-06-09T16:01:16Z</time>
    <extensions>
     <gpxdata:distance>16340.00</gpxdata:distance>
     <gpxdata:speed>6.028</gpxdata:speed>
    </extensions>
   </trkpt>
   <trkpt lat="47.4748907" lon="6.7267423">
    <ele>337</ele>
    <time>2026-06-09T16:01:17Z</time>
    <extensions>
     <gpxdata:distance>16346.00</gpxdata:distance>
     <gpxdata:speed>6.006</gpxdata:speed>
    </extensions>
   </trkpt>
   <trkpt lat="47.4749140" lon="6.7268139">
    <ele>337</ele>
    <time>2026-06-09T16:01:18Z</time>
    <extensions>
     <gpxdata:distance>16352.00</gpxdata:distance>
     <gpxdata:speed>6.086</gpxdata:speed>
    </extensions>
   </trkpt>
   <trkpt lat="47.4749344" lon="6.7268905">
    <ele>337</ele>
    <time>2026-06-09T16:01:19Z</time>
    <extensions>
     <gpxdata:distance>16358.00</gpxdata:distance>
     <gpxdata:speed>6.086</gpxdata:speed>
    </extensions>
   </trkpt>
   <trkpt lat="47.4749546" lon="6.7269698">
    <ele>337</ele>
    <time>2026-06-09T16:01:20Z</time>
    <extensions>
     <gpxdata:distance>16367.50</gpxdata:distance>
     <gpxdata:speed>6.253</gpxdata:speed>
    </extensions>
   </trkpt>
   <trkpt lat="47.4749740" lon="6.7270512">
    <ele>336</ele>
    <time>2026-06-09T16:01:21Z</time>
    <extensions>
     <gpxdata:distance>16377.00</gpxdata:distance>
     <gpxdata:speed>6.322</gpxdata:speed>
    </extensions>
   </trkpt>
   <trkpt lat="47.4749925" lon="6.7271346">
    <ele>336</ele>
    <time>2026-06-09T16:01:22Z</time>
    <extensions>
     <gpxdata:distance>16384.00</gpxdata:distance>
     <gpxdata:speed>6.411</gpxdata:speed>
    </extensions>
   </trkpt>
   <trkpt lat="47.4750113" lon="6.7272193">
    <ele>336</ele>
    <time>2026-06-09T16:01:23Z</time>
    <extensions>
     <gpxdata:distance>16391.00</gpxdata:distance>
     <gpxdata:speed>6.506</gpxdata:speed>
    </extensions>
   </trkpt>
   <trkpt lat="47.4750313" lon="6.7273045">
    <ele>336</ele>
    <time>2026-06-09T16:01:24Z</time>
    <extensions>
     <gpxdata:distance>16397.50</gpxdata:distance>
     <gpxdata:speed>6.714</gpxdata:speed>
    </extensions>
   </trkpt>
   <trkpt lat="47.4750525" lon="6.7273900">
    <ele>336</ele>
    <time>2026-06-09T16:01:25Z</time>
    <extensions>
     <gpxdata:distance>16404.00</gpxdata:distance>
     <gpxdata:speed>6.786</gpxdata:speed>
    </extensions>
   </trkpt>
   <trkpt lat="47.4750748" lon="6.7274754">
    <ele>336</ele>
    <time>2026-06-09T16:01:26Z</time>
    <extensions>
     <gpxdata:distance>16407.50</gpxdata:distance>
     <gpxdata:speed>6.786</gpxdata:speed>
    </extensions>
   </trkpt>
   <trkpt lat="47.4750977" lon="6.7275607">
    <ele>336</ele>
    <time>2026-06-09T16:01:27Z</time>
    <extensions>
     <gpxdata:distance>16411.00</gpxdata:distance>
     <gpxdata:speed>6.831</gpxdata:speed>
    </extensions>
   </trkpt>
   <trkpt lat="47.4751209" lon="6.7276464">
    <ele>336</ele>
    <time>2026-06-09T16:01:28Z</time>
    <extensions>
     <gpxdata:distance>16421.50</gpxdata:distance>
     <gpxdata:speed>6.919</gpxdata:speed>
    </extensions>
   </trkpt>
   <trkpt lat="47.4751442" lon="6.7277324">
    <ele>336</ele>
    <time>2026-06-09T16:01:29Z</time>
    <extensions>
     <gpxdata:distance>16432.00</gpxdata:distance>
     <gpxdata:speed>6.950</gpxdata:speed>
    </extensions>
   </trkpt>
   <trkpt lat="47.4751675" lon="6.7278180">
    <ele>336</ele>
    <time>2026-06-09T16:01:30Z</time>
    <extensions>
     <gpxdata:distance>16439.00</gpxdata:distance>
     <gpxdata:speed>6.950</gpxdata:speed>
    </extensions>
   </trkpt>
   <trkpt lat="47.4751908" lon="6.7279037">
    <ele>336</ele>
    <time>2026-06-09T16:01:31Z</time>
    <extensions>
     <gpxdata:distance>16446.00</gpxdata:distance>
     <gpxdata:speed>6.944</gpxdata:speed>
    </extensions>
   </trkpt>
   <trkpt lat="47.4752139" lon="6.7279903">
    <ele>336</ele>
    <time>2026-06-09T16:01:32Z</time>
    <extensions>
     <gpxdata:distance>16449.50</gpxdata:distance>
     <gpxdata:speed>6.981</gpxdata:speed>
    </extensions>
   </trkpt>
   <trkpt lat="47.4752371" lon="6.7280777">
    <ele>336</ele>
    <time>2026-06-09T16:01:33Z</time>
    <extensions>
     <gpxdata:distance>16453.00</gpxdata:distance>
     <gpxdata:speed>6.981</gpxdata:speed>
    </extensions>
   </trkpt>
   <trkpt lat="47.4752609" lon="6.7281653">
    <ele>336</ele>
    <time>2026-06-09T16:01:34Z</time>
    <extensions>
     <gpxdata:distance>16463.50</gpxdata:distance>
     <gpxdata:speed>7.053</gpxdata:speed>
    </extensions>
   </trkpt>
   <trkpt lat="47.4752851" lon="6.7282527">
    <ele>336</ele>
    <time>2026-06-09T16:01:35Z</time>
    <extensions>
     <gpxdata:distance>16474.00</gpxdata:distance>
     <gpxdata:speed>7.067</gpxdata:speed>
    </extensions>
   </trkpt>
   <trkpt lat="47.4753093" lon="6.7283397">
    <ele>336</ele>
    <time>2026-06-09T16:01:36Z</time>
    <extensions>
     <gpxdata:distance>16481.00</gpxdata:distance>
     <gpxdata:speed>7.067</gpxdata:speed>
    </extensions>
   </trkpt>
   <trkpt lat="47.4753336" lon="6.7284264">
    <ele>336</ele>
    <time>2026-06-09T16:01:37Z</time>
    <extensions>
     <gpxdata:distance>16488.00</gpxdata:distance>
     <gpxdata:speed>7.067</gpxdata:speed>
    </extensions>
   </trkpt>
   <trkpt lat="47.4753581" lon="6.7285131">
    <ele>336</ele>
    <time>2026-06-09T16:01:38Z</time>
    <extensions>
     <gpxdata:distance>16495.00</gpxdata:distance>
     <gpxdata:speed>7.069</gpxdata:speed>
    </extensions>
   </trkpt>
   <trkpt lat="47.4753821" lon="6.7286000">
    <ele>336</ele>
    <time>2026-06-09T16:01:39Z</time>
    <extensions>
     <gpxdata:distance>16502.00</gpxdata:distance>
     <gpxdata:speed>7.067</gpxdata:speed>
    </extensions>
   </trkpt>
   <trkpt lat="47.4754054" lon="6.7286872">
    <ele>337</ele>
    <time>2026-06-09T16:01:40Z</time>
    <extensions>
     <gpxdata:distance>16509.50</gpxdata:distance>
     <gpxdata:speed>7.064</gpxdata:speed>
    </extensions>
   </trkpt>
   <trkpt lat="47.4754293" lon="6.7287744">
    <ele>337</ele>
    <time>2026-06-09T16:01:41Z</time>
    <extensions>
     <gpxdata:distance>16517.00</gpxdata:distance>
     <gpxdata:speed>7.069</gpxdata:speed>
    </extensions>
   </trkpt>
   <trkpt lat="47.4754536" lon="6.7288612">
    <ele>337</ele>
    <time>2026-06-09T16:01:42Z</time>
    <extensions>
     <gpxdata:distance>16524.00</gpxdata:distance>
     <gpxdata:speed>7.069</gpxdata:speed>
    </extensions>
   </trkpt>
   <trkpt lat="47.4754773" lon="6.7289482">
    <ele>337</ele>
    <time>2026-06-09T16:01:43Z</time>
    <extensions>
     <gpxdata:distance>16531.00</gpxdata:distance>
     <gpxdata:speed>7.061</gpxdata:speed>
    </extensions>
   </trkpt>
   <trkpt lat="47.4755004" lon="6.7290351">
    <ele>337</ele>
    <time>2026-06-09T16:01:44Z</time>
    <extensions>
     <gpxdata:distance>16534.50</gpxdata:distance>
     <gpxdata:speed>7.047</gpxdata:speed>
    </extensions>
   </trkpt>
   <trkpt lat="47.4755232" lon="6.7291220">
    <ele>337</ele>
    <time>2026-06-09T16:01:45Z</time>
    <extensions>
     <gpxdata:distance>16538.00</gpxdata:distance>
     <gpxdata:speed>7.047</gpxdata:speed>
    </extensions>
   </trkpt>
   <trkpt lat="47.4755461" lon="6.7292090">
    <ele>337</ele>
    <time>2026-06-09T16:01:46Z</time>
    <extensions>
     <gpxdata:distance>16548.50</gpxdata:distance>
     <gpxdata:speed>7.036</gpxdata:speed>
    </extensions>
   </trkpt>
   <trkpt lat="47.4755693" lon="6.7292957">
    <ele>337</ele>
    <time>2026-06-09T16:01:47Z</time>
    <extensions>
     <gpxdata:distance>16559.00</gpxdata:distance>
     <gpxdata:speed>7.025</gpxdata:speed>
    </extensions>
   </trkpt>
   <trkpt lat="47.4755920" lon="6.7293821">
    <ele>337</ele>
    <time>2026-06-09T16:01:48Z</time>
    <extensions>
     <gpxdata:distance>16566.00</gpxdata:distance>
     <gpxdata:speed>7.006</gpxdata:speed>
    </extensions>
   </trkpt>
   <trkpt lat="47.4756139" lon="6.7294677">
    <ele>337</ele>
    <time>2026-06-09T16:01:49Z</time>
    <extensions>
     <gpxdata:distance>16573.00</gpxdata:distance>
     <gpxdata:speed>6.958</gpxdata:speed>
    </extensions>
   </trkpt>
   <trkpt lat="47.4756356" lon="6.7295524">
    <ele>337</ele>
    <time>2026-06-09T16:01:50Z</time>
    <extensions>
     <gpxdata:distance>16579.50</gpxdata:distance>
     <gpxdata:speed>6.906</gpxdata:speed>
    </extensions>
   </trkpt>
   <trkpt lat="47.4756574" lon="6.7296364">
    <ele>337</ele>
    <time>2026-06-09T16:01:51Z</time>
    <extensions>
     <gpxdata:distance>16586.00</gpxdata:distance>
     <gpxdata:speed>6.856</gpxdata:speed>
    </extensions>
   </trkpt>
   <trkpt lat="47.4756783" lon="6.7297198">
    <ele>337</ele>
    <time>2026-06-09T16:01:52Z</time>
    <extensions>
     <gpxdata:distance>16592.50</gpxdata:distance>
     <gpxdata:speed>6.797</gpxdata:speed>
    </extensions>
   </trkpt>
   <trkpt lat="47.4756981" lon="6.7298039">
    <ele>337</ele>
    <time>2026-06-09T16:01:53Z</time>
    <extensions>
     <gpxdata:distance>16599.00</gpxdata:distance>
     <gpxdata:speed>6.767</gpxdata:speed>
    </extensions>
   </trkpt>
   <trkpt lat="47.4757180" lon="6.7298886">
    <ele>337</ele>
    <time>2026-06-09T16:01:54Z</time>
    <extensions>
     <gpxdata:distance>16606.00</gpxdata:distance>
     <gpxdata:speed>6.764</gpxdata:speed>
    </extensions>
   </trkpt>
   <trkpt lat="47.4757387" lon="6.7299731">
    <ele>337</ele>
    <time>2026-06-09T16:01:55Z</time>
    <extensions>
     <gpxdata:distance>16613.00</gpxdata:distance>
     <gpxdata:speed>6.761</gpxdata:speed>
    </extensions>
   </trkpt>
   <trkpt lat="47.4757603" lon="6.7300571">
    <ele>337</ele>
    <time>2026-06-09T16:01:56Z</time>
    <extensions>
     <gpxdata:distance>16620.00</gpxdata:distance>
     <gpxdata:speed>6.761</gpxdata:speed>
    </extensions>
   </trkpt>
   <trkpt lat="47.4757832" lon="6.7301406">
    <ele>337</ele>
    <time>2026-06-09T16:01:57Z</time>
    <extensions>
     <gpxdata:distance>16627.00</gpxdata:distance>
     <gpxdata:speed>6.767</gpxdata:speed>
    </extensions>
   </trkpt>
   <trkpt lat="47.4758068" lon="6.7302244">
    <ele>337</ele>
    <time>2026-06-09T16:01:58Z</time>
    <extensions>
     <gpxdata:distance>16633.50</gpxdata:distance>
     <gpxdata:speed>6.789</gpxdata:speed>
    </extensions>
   </trkpt>
   <trkpt lat="47.4758304" lon="6.7303090">
    <ele>338</ele>
    <time>2026-06-09T16:01:59Z</time>
    <extensions>
     <gpxdata:distance>16640.00</gpxdata:distance>
     <gpxdata:speed>6.825</gpxdata:speed>
    </extensions>
   </trkpt>
   <trkpt lat="47.4758531" lon="6.7303943">
    <ele>338</ele>
    <time>2026-06-09T16:02:00Z</time>
    <extensions>
     <gpxdata:distance>16643.50</gpxdata:distance>
     <gpxdata:speed>6.825</gpxdata:speed>
    </extensions>
   </trkpt>
   <trkpt lat="47.4758740" lon="6.7304797">
    <ele>338</ele>
    <time>2026-06-09T16:02:01Z</time>
    <extensions>
     <gpxdata:distance>16647.00</gpxdata:distance>
     <gpxdata:speed>6.847</gpxdata:speed>
    </extensions>
   </trkpt>
   <trkpt lat="47.4758922" lon="6.7305643">
    <ele>338</ele>
    <time>2026-06-09T16:02:02Z</time>
    <extensions>
     <gpxdata:distance>16654.00</gpxdata:distance>
     <gpxdata:speed>6.772</gpxdata:speed>
    </extensions>
   </trkpt>
   <trkpt lat="47.4759073" lon="6.7306487">
    <ele>338</ele>
    <time>2026-06-09T16:02:03Z</time>
    <extensions>
     <gpxdata:distance>16661.00</gpxdata:distance>
     <gpxdata:speed>6.772</gpxdata:speed>
    </extensions>
   </trkpt>
   <trkpt lat="47.4759207" lon="6.7307343">
    <ele>338</ele>
    <time>2026-06-09T16:02:04Z</time>
    <extensions>
     <gpxdata:distance>16671.00</gpxdata:distance>
     <gpxdata:speed>6.681</gpxdata:speed>
    </extensions>
   </trkpt>
   <trkpt lat="47.4759331" lon="6.7308224">
    <ele>338</ele>
    <time>2026-06-09T16:02:05Z</time>
    <extensions>
     <gpxdata:distance>16681.00</gpxdata:distance>
     <gpxdata:speed>6.722</gpxdata:speed>
    </extensions>
   </trkpt>
   <trkpt lat="47.4759445" lon="6.7309128">
    <ele>338</ele>
    <time>2026-06-09T16:02:06Z</time>
    <extensions>
     <gpxdata:distance>16688.00</gpxdata:distance>
     <gpxdata:speed>6.797</gpxdata:speed>
    </extensions>
   </trkpt>
   <trkpt lat="47.4759552" lon="6.7310050">
    <ele>338</ele>
    <time>2026-06-09T16:02:07Z</time>
    <extensions>
     <gpxdata:distance>16695.00</gpxdata:distance>
     <gpxdata:speed>6.881</gpxdata:speed>
    </extensions>
   </trkpt>
   <trkpt lat="47.4759646" lon="6.7310987">
    <ele>338</ele>
    <time>2026-06-09T16:02:08Z</time>
    <extensions>
     <gpxdata:distance>16702.00</gpxdata:distance>
     <gpxdata:speed>6.964</gpxdata:speed>
    </extensions>
   </trkpt>
   <trkpt lat="47.4759711" lon="6.7311936">
    <ele>338</ele>
    <time>2026-06-09T16:02:09Z</time>
    <extensions>
     <gpxdata:distance>16709.00</gpxdata:distance>
     <gpxdata:speed>7.033</gpxdata:speed>
    </extensions>
   </trkpt>
   <trkpt lat="47.4759739" lon="6.7312885">
    <ele>338</ele>
    <time>2026-06-09T16:02:10Z</time>
    <extensions>
     <gpxdata:distance>16716.00</gpxdata:distance>
     <gpxdata:speed>7.064</gpxdata:speed>
    </extensions>
   </trkpt>
   <trkpt lat="47.4759733" lon="6.7313827">
    <ele>338</ele>
    <time>2026-06-09T16:02:11Z</time>
    <extensions>
     <gpxdata:distance>16723.00</gpxdata:distance>
     <gpxdata:speed>7.069</gpxdata:speed>
    </extensions>
   </trkpt>
   <trkpt lat="47.4759703" lon="6.7314760">
    <ele>338</ele>
    <time>2026-06-09T16:02:12Z</time>
    <extensions>
     <gpxdata:distance>16730.00</gpxdata:distance>
     <gpxdata:speed>7.053</gpxdata:speed>
    </extensions>
   </trkpt>
   <trkpt lat="47.4759658" lon="6.7315683">
    <ele>338</ele>
    <time>2026-06-09T16:02:13Z</time>
    <extensions>
     <gpxdata:distance>16737.00</gpxdata:distance>
     <gpxdata:speed>7.022</gpxdata:speed>
    </extensions>
   </trkpt>
   <trkpt lat="47.4759602" lon="6.7316605">
    <ele>338</ele>
    <time>2026-06-09T16:02:14Z</time>
    <extensions>
     <gpxdata:distance>16740.50</gpxdata:distance>
     <gpxdata:speed>7.011</gpxdata:speed>
    </extensions>
   </trkpt>
   <trkpt lat="47.4759542" lon="6.7317529">
    <ele>338</ele>
    <time>2026-06-09T16:02:15Z</time>
    <extensions>
     <gpxdata:distance>16744.00</gpxdata:distance>
     <gpxdata:speed>7.011</gpxdata:speed>
    </extensions>
   </trkpt>
   <trkpt lat="47.4759489" lon="6.7318440">
    <ele>338</ele>
    <time>2026-06-09T16:02:16Z</time>
    <extensions>
     <gpxdata:distance>16754.00</gpxdata:distance>
     <gpxdata:speed>7.006</gpxdata:speed>
    </extensions>
   </trkpt>
   <trkpt lat="47.4759449" lon="6.7319318">
    <ele>338</ele>
    <time>2026-06-09T16:02:17Z</time>
    <extensions>
     <gpxdata:distance>16764.00</gpxdata:distance>
     <gpxdata:speed>6.819</gpxdata:speed>
    </extensions>
   </trkpt>
   <trkpt lat="47.4759399" lon="6.7320139">
    <ele>338</ele>
    <time>2026-06-09T16:02:18Z</time>
    <extensions>
     <gpxdata:distance>16770.00</gpxdata:distance>
     <gpxdata:speed>6.819</gpxdata:speed>
    </extensions>
   </trkpt>
   <trkpt lat="47.4759326" lon="6.7320901">
    <ele>338</ele>
    <time>2026-06-09T16:02:19Z</time>
    <extensions>
     <gpxdata:distance>16776.00</gpxdata:distance>
     <gpxdata:speed>5.911</gpxdata:speed>
    </extensions>
   </trkpt>
   <trkpt lat="47.4759261" lon="6.7321410">
    <ele>338</ele>
    <time>2026-06-09T16:02:20Z</time>
    <extensions>
     <gpxdata:distance>16781.00</gpxdata:distance>
     <gpxdata:speed>5.531</gpxdata:speed>
    </extensions>
   </trkpt>
   <trkpt lat="47.4759169" lon="6.7322018">
    <ele>338</ele>
    <time>2026-06-09T16:02:21Z</time>
    <extensions>
     <gpxdata:distance>16786.00</gpxdata:distance>
     <gpxdata:speed>5.178</gpxdata:speed>
    </extensions>
   </trkpt>
   <trkpt lat="47.4759053" lon="6.7322614">
    <ele>338</ele>
    <time>2026-06-09T16:02:22Z</time>
    <extensions>
     <gpxdata:distance>16788.00</gpxdata:distance>
     <gpxdata:speed>4.822</gpxdata:speed>
    </extensions>
   </trkpt>
   <trkpt lat="47.4758893" lon="6.7323139">
    <ele>338</ele>
    <time>2026-06-09T16:02:23Z</time>
    <extensions>
     <gpxdata:distance>16790.00</gpxdata:distance>
     <gpxdata:speed>4.822</gpxdata:speed>
    </extensions>
   </trkpt>
   <trkpt lat="47.4758667" lon="6.7323551">
    <ele>338</ele>
    <time>2026-06-09T16:02:24Z</time>
    <extensions>
     <gpxdata:distance>16796.00</gpxdata:distance>
     <gpxdata:speed>4.442</gpxdata:speed>
    </extensions>
   </trkpt>
   <trkpt lat="47.4758376" lon="6.7323799">
    <ele>339</ele>
    <time>2026-06-09T16:02:25Z</time>
    <extensions>
     <gpxdata:distance>16802.00</gpxdata:distance>
     <gpxdata:speed>4.108</gpxdata:speed>
    </extensions>
   </trkpt>
   <trkpt lat="47.4758051" lon="6.7323863">
    <ele>339</ele>
    <time>2026-06-09T16:02:26Z</time>
    <extensions>
     <gpxdata:distance>16803.50</gpxdata:distance>
     <gpxdata:speed>4.108</gpxdata:speed>
    </extensions>
   </trkpt>
   <trkpt lat="47.4757722" lon="6.7323764">
    <ele>340</ele>
    <time>2026-06-09T16:02:27Z</time>
    <extensions>
     <gpxdata:distance>16805.00</gpxdata:distance>
     <gpxdata:speed>3.994</gpxdata:speed>
    </extensions>
   </trkpt>
   <trkpt lat="47.4757396" lon="6.7323575">
    <ele>340</ele>
    <time>2026-06-09T16:02:28Z</time>
    <extensions>
     <gpxdata:distance>16811.00</gpxdata:distance>
     <gpxdata:speed>3.944</gpxdata:speed>
    </extensions>
   </trkpt>
   <trkpt lat="47.4757066" lon="6.7323356">
    <ele>340</ele>
    <time>2026-06-09T16:02:29Z</time>
    <extensions>
     <gpxdata:distance>16817.00</gpxdata:distance>
     <gpxdata:speed>3.997</gpxdata:speed>
    </extensions>
   </trkpt>
   <trkpt lat="47.4756727" lon="6.7323149">
    <ele>340</ele>
    <time>2026-06-09T16:02:30Z</time>
    <extensions>
     <gpxdata:distance>16821.00</gpxdata:distance>
     <gpxdata:speed>3.997</gpxdata:speed>
    </extensions>
   </trkpt>
   <trkpt lat="47.4756379" lon="6.7322985">
    <ele>341</ele>
    <time>2026-06-09T16:02:31Z</time>
    <extensions>
     <gpxdata:distance>16825.00</gpxdata:distance>
     <gpxdata:speed>4.028</gpxdata:speed>
    </extensions>
   </trkpt>
   <trkpt lat="47.4756023" lon="6.7322927">
    <ele>341</ele>
    <time>2026-06-09T16:02:32Z</time>
    <extensions>
     <gpxdata:distance>16827.00</gpxdata:distance>
     <gpxdata:speed>4.028</gpxdata:speed>
    </extensions>
   </trkpt>
   <trkpt lat="47.4755681" lon="6.7323054">
    <ele>341</ele>
    <time>2026-06-09T16:02:33Z</time>
    <extensions>
     <gpxdata:distance>16829.00</gpxdata:distance>
     <gpxdata:speed>4.031</gpxdata:speed>
    </extensions>
   </trkpt>
   <trkpt lat="47.4755394" lon="6.7323403">
    <ele>341</ele>
    <time>2026-06-09T16:02:34Z</time>
    <extensions>
     <gpxdata:distance>16836.50</gpxdata:distance>
     <gpxdata:speed>4.611</gpxdata:speed>
    </extensions>
   </trkpt>
   <trkpt lat="47.4755205" lon="6.7323990">
    <ele>341</ele>
    <time>2026-06-09T16:02:35Z</time>
    <extensions>
     <gpxdata:distance>16844.00</gpxdata:distance>
     <gpxdata:speed>5.406</gpxdata:speed>
    </extensions>
   </trkpt>
   <trkpt lat="47.4755107" lon="6.7324757">
    <ele>341</ele>
    <time>2026-06-09T16:02:36Z</time>
    <extensions>
     <gpxdata:distance>16847.50</gpxdata:distance>
     <gpxdata:speed>5.406</gpxdata:speed>
    </extensions>
   </trkpt>
   <trkpt lat="47.4755049" lon="6.7325950">
    <ele>341</ele>
    <time>2026-06-09T16:02:37Z</time>
    <extensions>
     <gpxdata:distance>16851.00</gpxdata:distance>
     <gpxdata:speed>6.081</gpxdata:speed>
    </extensions>
   </trkpt>
   <trkpt lat="47.4755022" lon="6.7326991">
    <ele>340</ele>
    <time>2026-06-09T16:02:38Z</time>
    <extensions>
     <gpxdata:distance>16858.50</gpxdata:distance>
     <gpxdata:speed>7.272</gpxdata:speed>
    </extensions>
   </trkpt>
   <trkpt lat="47.4754979" lon="6.7328056">
    <ele>340</ele>
    <time>2026-06-09T16:02:39Z</time>
    <extensions>
     <gpxdata:distance>16866.00</gpxdata:distance>
     <gpxdata:speed>7.272</gpxdata:speed>
    </extensions>
   </trkpt>
   <trkpt lat="47.4754894" lon="6.7329142">
    <ele>340</ele>
    <time>2026-06-09T16:02:40Z</time>
    <extensions>
     <gpxdata:distance>16878.50</gpxdata:distance>
     <gpxdata:speed>7.692</gpxdata:speed>
    </extensions>
   </trkpt>
   <trkpt lat="47.4754767" lon="6.7330225">
    <ele>339</ele>
    <time>2026-06-09T16:02:41Z</time>
    <extensions>
     <gpxdata:distance>16891.00</gpxdata:distance>
     <gpxdata:speed>8.094</gpxdata:speed>
    </extensions>
   </trkpt>
   <trkpt lat="47.4754608" lon="6.7331271">
    <ele>339</ele>
    <time>2026-06-09T16:02:42Z</time>
    <extensions>
     <gpxdata:distance>16894.50</gpxdata:distance>
     <gpxdata:speed>7.969</gpxdata:speed>
    </extensions>
   </trkpt>
   <trkpt lat="47.4754398" lon="6.7332228">
    <ele>339</ele>
    <time>2026-06-09T16:02:43Z</time>
    <extensions>
     <gpxdata:distance>16898.00</gpxdata:distance>
     <gpxdata:speed>7.969</gpxdata:speed>
    </extensions>
   </trkpt>
   <trkpt lat="47.4754113" lon="6.7333030">
    <ele>339</ele>
    <time>2026-06-09T16:02:44Z</time>
    <extensions>
     <gpxdata:distance>16905.00</gpxdata:distance>
     <gpxdata:speed>7.272</gpxdata:speed>
    </extensions>
   </trkpt>
   <trkpt lat="47.4753730" lon="6.7333615">
    <ele>339</ele>
    <time>2026-06-09T16:02:45Z</time>
    <extensions>
     <gpxdata:distance>16912.00</gpxdata:distance>
     <gpxdata:speed>7.272</gpxdata:speed>
    </extensions>
   </trkpt>
   <trkpt lat="47.4753277" lon="6.7334010">
    <ele>339</ele>
    <time>2026-06-09T16:02:46Z</time>
    <extensions>
     <gpxdata:distance>16920.50</gpxdata:distance>
     <gpxdata:speed>6.194</gpxdata:speed>
    </extensions>
   </trkpt>
   <trkpt lat="47.4752793" lon="6.7334306">
    <ele>338</ele>
    <time>2026-06-09T16:02:47Z</time>
    <extensions>
     <gpxdata:distance>16929.00</gpxdata:distance>
     <gpxdata:speed>5.961</gpxdata:speed>
    </extensions>
   </trkpt>
   <trkpt lat="47.4752439" lon="6.7334498">
    <ele>338</ele>
    <time>2026-06-09T16:02:48Z</time>
    <extensions>
     <gpxdata:distance>16935.00</gpxdata:distance>
     <gpxdata:speed>5.828</gpxdata:speed>
    </extensions>
   </trkpt>
   <trkpt lat="47.4751991" lon="6.7334755">
    <ele>338</ele>
    <time>2026-06-09T16:02:49Z</time>
    <extensions>
     <gpxdata:distance>16941.00</gpxdata:distance>
     <gpxdata:speed>5.828</gpxdata:speed>
    </extensions>
   </trkpt>
   <trkpt lat="47.4751530" lon="6.7335080">
    <ele>338</ele>
    <time>2026-06-09T16:02:50Z</time>
    <extensions>
     <gpxdata:distance>16944.00</gpxdata:distance>
     <gpxdata:speed>5.828</gpxdata:speed>
    </extensions>
   </trkpt>
   <trkpt lat="47.4751114" lon="6.7335511">
    <ele>338</ele>
    <time>2026-06-09T16:02:51Z</time>
    <extensions>
     <gpxdata:distance>16947.00</gpxdata:distance>
     <gpxdata:speed>5.819</gpxdata:speed>
    </extensions>
   </trkpt>
   <trkpt lat="47.4750816" lon="6.7336083">
    <ele>338</ele>
    <time>2026-06-09T16:02:52Z</time>
    <extensions>
     <gpxdata:distance>16952.00</gpxdata:distance>
     <gpxdata:speed>5.775</gpxdata:speed>
    </extensions>
   </trkpt>
   <trkpt lat="47.4750700" lon="6.7336784">
    <ele>338</ele>
    <time>2026-06-09T16:02:53Z</time>
    <extensions>
     <gpxdata:distance>16957.00</gpxdata:distance>
     <gpxdata:speed>5.769</gpxdata:speed>
    </extensions>
   </trkpt>
   <trkpt lat="47.4750783" lon="6.7337822">
    <ele>338</ele>
    <time>2026-06-09T16:02:54Z</time>
    <extensions>
     <gpxdata:distance>16967.00</gpxdata:distance>
     <gpxdata:speed>6.228</gpxdata:speed>
    </extensions>
   </trkpt>
   <trkpt lat="47.4750986" lon="6.7338693">
    <ele>338</ele>
    <time>2026-06-09T16:02:55Z</time>
    <extensions>
     <gpxdata:distance>16977.00</gpxdata:distance>
     <gpxdata:speed>6.636</gpxdata:speed>
    </extensions>
   </trkpt>
   <trkpt lat="47.4751224" lon="6.7339578">
    <ele>338</ele>
    <time>2026-06-09T16:02:56Z</time>
    <extensions>
     <gpxdata:distance>16980.50</gpxdata:distance>
     <gpxdata:speed>6.908</gpxdata:speed>
    </extensions>
   </trkpt>
   <trkpt lat="47.4751463" lon="6.7340474">
    <ele>338</ele>
    <time>2026-06-09T16:02:57Z</time>
    <extensions>
     <gpxdata:distance>16984.00</gpxdata:distance>
     <gpxdata:speed>6.908</gpxdata:speed>
    </extensions>
   </trkpt>
   <trkpt lat="47.4751696" lon="6.7341369">
    <ele>338</ele>
    <time>2026-06-09T16:02:58Z</time>
    <extensions>
     <gpxdata:distance>16994.50</gpxdata:distance>
     <gpxdata:speed>7.067</gpxdata:speed>
    </extensions>
   </trkpt>
   <trkpt lat="47.4751937" lon="6.7342258">
    <ele>338</ele>
    <time>2026-06-09T16:02:59Z</time>
    <extensions>
     <gpxdata:distance>17005.00</gpxdata:distance>
     <gpxdata:speed>7.114</gpxdata:speed>
    </extensions>
   </trkpt>
   <trkpt lat="47.4752191" lon="6.7343151">
    <ele>338</ele>
    <time>2026-06-09T16:03:00Z</time>
    <extensions>
     <gpxdata:distance>17012.50</gpxdata:distance>
     <gpxdata:speed>7.114</gpxdata:speed>
    </extensions>
   </trkpt>
   <trkpt lat="47.4752450" lon="6.7344053">
    <ele>337</ele>
    <time>2026-06-09T16:03:01Z</time>
    <extensions>
     <gpxdata:distance>17020.00</gpxdata:distance>
     <gpxdata:speed>7.331</gpxdata:speed>
    </extensions>
   </trkpt>
   <trkpt lat="47.4752713" lon="6.7344967">
    <ele>337</ele>
    <time>2026-06-09T16:03:02Z</time>
    <extensions>
     <gpxdata:distance>17024.00</gpxdata:distance>
     <gpxdata:speed>7.436</gpxdata:speed>
    </extensions>
   </trkpt>
   <trkpt lat="47.4752958" lon="6.7345892">
    <ele>337</ele>
    <time>2026-06-09T16:03:03Z</time>
    <extensions>
     <gpxdata:distance>17028.00</gpxdata:distance>
     <gpxdata:speed>7.436</gpxdata:speed>
    </extensions>
   </trkpt>
   <trkpt lat="47.4753191" lon="6.7346828">
    <ele>337</ele>
    <time>2026-06-09T16:03:04Z</time>
    <extensions>
     <gpxdata:distance>17039.00</gpxdata:distance>
     <gpxdata:speed>7.494</gpxdata:speed>
    </extensions>
   </trkpt>
   <trkpt lat="47.4753412" lon="6.7347776">
    <ele>337</ele>
    <time>2026-06-09T16:03:05Z</time>
    <extensions>
     <gpxdata:distance>17050.00</gpxdata:distance>
     <gpxdata:speed>7.531</gpxdata:speed>
    </extensions>
   </trkpt>
   <trkpt lat="47.4753619" lon="6.7348727">
    <ele>337</ele>
    <time>2026-06-09T16:03:06Z</time>
    <extensions>
     <gpxdata:distance>17057.50</gpxdata:distance>
     <gpxdata:speed>7.528</gpxdata:speed>
    </extensions>
   </trkpt>
   <trkpt lat="47.4753807" lon="6.7349681">
    <ele>337</ele>
    <time>2026-06-09T16:03:07Z</time>
    <extensions>
     <gpxdata:distance>17065.00</gpxdata:distance>
     <gpxdata:speed>7.511</gpxdata:speed>
    </extensions>
   </trkpt>
   <trkpt lat="47.4753980" lon="6.7350631">
    <ele>337</ele>
    <time>2026-06-09T16:03:08Z</time>
    <extensions>
     <gpxdata:distance>17072.50</gpxdata:distance>
     <gpxdata:speed>7.475</gpxdata:speed>
    </extensions>
   </trkpt>
   <trkpt lat="47.4754140" lon="6.7351574">
    <ele>337</ele>
    <time>2026-06-09T16:03:09Z</time>
    <extensions>
     <gpxdata:distance>17080.00</gpxdata:distance>
     <gpxdata:speed>7.414</gpxdata:speed>
    </extensions>
   </trkpt>
   <trkpt lat="47.4754291" lon="6.7352493">
    <ele>337</ele>
    <time>2026-06-09T16:03:10Z</time>
    <extensions>
     <gpxdata:distance>17086.50</gpxdata:distance>
     <gpxdata:speed>7.300</gpxdata:speed>
    </extensions>
   </trkpt>
   <trkpt lat="47.4754424" lon="6.7353377">
    <ele>337</ele>
    <time>2026-06-09T16:03:11Z</time>
    <extensions>
     <gpxdata:distance>17093.00</gpxdata:distance>
     <gpxdata:speed>6.889</gpxdata:speed>
    </extensions>
   </trkpt>
   <trkpt lat="47.4754536" lon="6.7354210">
    <ele>337</ele>
    <time>2026-06-09T16:03:12Z</time>
    <extensions>
     <gpxdata:distance>17096.00</gpxdata:distance>
     <gpxdata:speed>6.489</gpxdata:speed>
    </extensions>
   </trkpt>
   <trkpt lat="47.4754661" lon="6.7354973">
    <ele>337</ele>
    <time>2026-06-09T16:03:13Z</time>
    <extensions>
     <gpxdata:distance>17099.00</gpxdata:distance>
     <gpxdata:speed>6.489</gpxdata:speed>
    </extensions>
   </trkpt>
   <trkpt lat="47.4754830" lon="6.7355668">
    <ele>337</ele>
    <time>2026-06-09T16:03:14Z</time>
    <extensions>
     <gpxdata:distance>17104.50</gpxdata:distance>
     <gpxdata:speed>5.744</gpxdata:speed>
    </extensions>
   </trkpt>
   <trkpt lat="47.4754986" lon="6.7356135">
    <ele>337</ele>
    <time>2026-06-09T16:03:15Z</time>
    <extensions>
     <gpxdata:distance>17110.00</gpxdata:distance>
     <gpxdata:speed>5.744</gpxdata:speed>
    </extensions>
   </trkpt>
   <trkpt lat="47.4755189" lon="6.7356724">
    <ele>337</ele>
    <time>2026-06-09T16:03:16Z</time>
    <extensions>
     <gpxdata:distance>17118.00</gpxdata:distance>
     <gpxdata:speed>5.597</gpxdata:speed>
    </extensions>
   </trkpt>
   <trkpt lat="47.4755352" lon="6.7357372">
    <ele>338</ele>
    <time>2026-06-09T16:03:17Z</time>
    <extensions>
     <gpxdata:distance>17126.00</gpxdata:distance>
     <gpxdata:speed>5.447</gpxdata:speed>
    </extensions>
   </trkpt>
   <trkpt lat="47.4755461" lon="6.7358024">
    <ele>338</ele>
    <time>2026-06-09T16:03:18Z</time>
    <extensions>
     <gpxdata:distance>17128.50</gpxdata:distance>
     <gpxdata:speed>5.447</gpxdata:speed>
    </extensions>
   </trkpt>
   <trkpt lat="47.4755578" lon="6.7358591">
    <ele>338</ele>
    <time>2026-06-09T16:03:19Z</time>
    <extensions>
     <gpxdata:distance>17131.00</gpxdata:distance>
     <gpxdata:speed>5.142</gpxdata:speed>
    </extensions>
   </trkpt>
   <trkpt lat="47.4755775" lon="6.7358983">
    <ele>338</ele>
    <time>2026-06-09T16:03:20Z</time>
    <extensions>
     <gpxdata:distance>17134.50</gpxdata:distance>
     <gpxdata:speed>4.475</gpxdata:speed>
    </extensions>
   </trkpt>
   <trkpt lat="47.4756067" lon="6.7359180">
    <ele>338</ele>
    <time>2026-06-09T16:03:21Z</time>
    <extensions>
     <gpxdata:distance>17138.00</gpxdata:distance>
     <gpxdata:speed>4.133</gpxdata:speed>
    </extensions>
   </trkpt>
   <trkpt lat="47.4756413" lon="6.7359238">
    <ele>338</ele>
    <time>2026-06-09T16:03:22Z</time>
    <extensions>
     <gpxdata:distance>17142.00</gpxdata:distance>
     <gpxdata:speed>4.222</gpxdata:speed>
    </extensions>
   </trkpt>
   <trkpt lat="47.4756768" lon="6.7359271">
    <ele>338</ele>
    <time>2026-06-09T16:03:23Z</time>
    <extensions>
     <gpxdata:distance>17146.00</gpxdata:distance>
     <gpxdata:speed>4.222</gpxdata:speed>
    </extensions>
   </trkpt>
   <trkpt lat="47.4757089" lon="6.7359377">
    <ele>338</ele>
    <time>2026-06-09T16:03:24Z</time>
    <extensions>
     <gpxdata:distance>17149.50</gpxdata:distance>
     <gpxdata:speed>4.017</gpxdata:speed>
    </extensions>
   </trkpt>
   <trkpt lat="47.4757337" lon="6.7359606">
    <ele>338</ele>
    <time>2026-06-09T16:03:25Z</time>
    <extensions>
     <gpxdata:distance>17153.00</gpxdata:distance>
     <gpxdata:speed>3.722</gpxdata:speed>
    </extensions>
   </trkpt>
   <trkpt lat="47.4757489" lon="6.7359973">
    <ele>338</ele>
    <time>2026-06-09T16:03:26Z</time>
    <extensions>
     <gpxdata:distance>17158.50</gpxdata:distance>
     <gpxdata:speed>3.714</gpxdata:speed>
    </extensions>
   </trkpt>
   <trkpt lat="47.4757577" lon="6.7360460">
    <ele>338</ele>
    <time>2026-06-09T16:03:27Z</time>
    <extensions>
     <gpxdata:distance>17164.00</gpxdata:distance>
     <gpxdata:speed>3.900</gpxdata:speed>
    </extensions>
   </trkpt>
   <trkpt lat="47.4757634" lon="6.7361042">
    <ele>339</ele>
    <time>2026-06-09T16:03:28Z</time>
    <extensions>
     <gpxdata:distance>17169.00</gpxdata:distance>
     <gpxdata:speed>4.194</gpxdata:speed>
    </extensions>
   </trkpt>
   <trkpt lat="47.4757675" lon="6.7361696">
    <ele>339</ele>
    <time>2026-06-09T16:03:29Z</time>
    <extensions>
     <gpxdata:distance>17174.00</gpxdata:distance>
     <gpxdata:speed>4.878</gpxdata:speed>
    </extensions>
   </trkpt>
   <trkpt lat="47.4757714" lon="6.7362400">
    <ele>339</ele>
    <time>2026-06-09T16:03:30Z</time>
    <extensions>
     <gpxdata:distance>17180.00</gpxdata:distance>
     <gpxdata:speed>4.878</gpxdata:speed>
    </extensions>
   </trkpt>
   <trkpt lat="47.4757770" lon="6.7363132">
    <ele>339</ele>
    <time>2026-06-09T16:03:31Z</time>
    <extensions>
     <gpxdata:distance>17186.00</gpxdata:distance>
     <gpxdata:speed>5.464</gpxdata:speed>
    </extensions>
   </trkpt>
   <trkpt lat="47.4757856" lon="6.7363885">
    <ele>339</ele>
    <time>2026-06-09T16:03:32Z</time>
    <extensions>
     <gpxdata:distance>17192.00</gpxdata:distance>
     <gpxdata:speed>5.683</gpxdata:speed>
    </extensions>
   </trkpt>
   <trkpt lat="47.4757960" lon="6.7364655">
    <ele>339</ele>
    <time>2026-06-09T16:03:33Z</time>
    <extensions>
     <gpxdata:distance>17198.00</gpxdata:distance>
     <gpxdata:speed>5.861</gpxdata:speed>
    </extensions>
   </trkpt>
   <trkpt lat="47.4758077" lon="6.7365437">
    <ele>339</ele>
    <time>2026-06-09T16:03:34Z</time>
    <extensions>
     <gpxdata:distance>17204.00</gpxdata:distance>
     <gpxdata:speed>5.983</gpxdata:speed>
    </extensions>
   </trkpt>
   <trkpt lat="47.4758213" lon="6.7366223">
    <ele>339</ele>
    <time>2026-06-09T16:03:35Z</time>
    <extensions>
     <gpxdata:distance>17210.00</gpxdata:distance>
     <gpxdata:speed>6.081</gpxdata:speed>
    </extensions>
   </trkpt>
   <trkpt lat="47.4758417" lon="6.7367279">
    <ele>339</ele>
    <time>2026-06-09T16:03:36Z</time>
    <extensions>
     <gpxdata:distance>17216.50</gpxdata:distance>
     <gpxdata:speed>6.186</gpxdata:speed>
    </extensions>
   </trkpt>
   <trkpt lat="47.4758590" lon="6.7368113">
    <ele>339</ele>
    <time>2026-06-09T16:03:37Z</time>
    <extensions>
     <gpxdata:distance>17223.00</gpxdata:distance>
     <gpxdata:speed>6.275</gpxdata:speed>
    </extensions>
   </trkpt>
   <trkpt lat="47.4758758" lon="6.7368938">
    <ele>339</ele>
    <time>2026-06-09T16:03:38Z</time>
    <extensions>
     <gpxdata:distance>17229.50</gpxdata:distance>
     <gpxdata:speed>6.414</gpxdata:speed>
    </extensions>
   </trkpt>
   <trkpt lat="47.4758926" lon="6.7369787">
    <ele>339</ele>
    <time>2026-06-09T16:03:39Z</time>
    <extensions>
     <gpxdata:distance>17236.00</gpxdata:distance>
     <gpxdata:speed>6.600</gpxdata:speed>
    </extensions>
   </trkpt>
   <trkpt lat="47.4759103" lon="6.7370654">
    <ele>339</ele>
    <time>2026-06-09T16:03:40Z</time>
    <extensions>
     <gpxdata:distance>17243.00</gpxdata:distance>
     <gpxdata:speed>6.742</gpxdata:speed>
    </extensions>
   </trkpt>
   <trkpt lat="47.4759281" lon="6.7371521">
    <ele>339</ele>
    <time>2026-06-09T16:03:41Z</time>
    <extensions>
     <gpxdata:distance>17250.00</gpxdata:distance>
     <gpxdata:speed>6.753</gpxdata:speed>
    </extensions>
   </trkpt>
   <trkpt lat="47.4759450" lon="6.7372375">
    <ele>339</ele>
    <time>2026-06-09T16:03:42Z</time>
    <extensions>
     <gpxdata:distance>17256.50</gpxdata:distance>
     <gpxdata:speed>6.714</gpxdata:speed>
    </extensions>
   </trkpt>
   <trkpt lat="47.4759600" lon="6.7373210">
    <ele>339</ele>
    <time>2026-06-09T16:03:43Z</time>
    <extensions>
     <gpxdata:distance>17263.00</gpxdata:distance>
     <gpxdata:speed>6.628</gpxdata:speed>
    </extensions>
   </trkpt>
   <trkpt lat="47.4759736" lon="6.7374038">
    <ele>339</ele>
    <time>2026-06-09T16:03:44Z</time>
    <extensions>
     <gpxdata:distance>17266.00</gpxdata:distance>
     <gpxdata:speed>6.556</gpxdata:speed>
    </extensions>
   </trkpt>
   <trkpt lat="47.4759873" lon="6.7374882">
    <ele>339</ele>
    <time>2026-06-09T16:03:45Z</time>
    <extensions>
     <gpxdata:distance>17269.00</gpxdata:distance>
     <gpxdata:speed>6.556</gpxdata:speed>
    </extensions>
   </trkpt>
   <trkpt lat="47.4760003" lon="6.7375754">
    <ele>339</ele>
    <time>2026-06-09T16:03:46Z</time>
    <extensions>
     <gpxdata:distance>17279.00</gpxdata:distance>
     <gpxdata:speed>6.575</gpxdata:speed>
    </extensions>
   </trkpt>
   <trkpt lat="47.4760141" lon="6.7376644">
    <ele>339</ele>
    <time>2026-06-09T16:03:47Z</time>
    <extensions>
     <gpxdata:distance>17289.00</gpxdata:distance>
     <gpxdata:speed>6.794</gpxdata:speed>
    </extensions>
   </trkpt>
   <trkpt lat="47.4760303" lon="6.7377544">
    <ele>339</ele>
    <time>2026-06-09T16:03:48Z</time>
    <extensions>
     <gpxdata:distance>17296.50</gpxdata:distance>
     <gpxdata:speed>6.794</gpxdata:speed>
    </extensions>
   </trkpt>
   <trkpt lat="47.4760496" lon="6.7378449">
    <ele>339</ele>
    <time>2026-06-09T16:03:49Z</time>
    <extensions>
     <gpxdata:distance>17304.00</gpxdata:distance>
     <gpxdata:speed>7.044</gpxdata:speed>
    </extensions>
   </trkpt>
   <trkpt lat="47.4760703" lon="6.7379363">
    <ele>339</ele>
    <time>2026-06-09T16:03:50Z</time>
    <extensions>
     <gpxdata:distance>17307.50</gpxdata:distance>
     <gpxdata:speed>7.150</gpxdata:speed>
    </extensions>
   </trkpt>
   <trkpt lat="47.4760910" lon="6.7380292">
    <ele>339</ele>
    <time>2026-06-09T16:03:51Z</time>
    <extensions>
     <gpxdata:distance>17311.00</gpxdata:distance>
     <gpxdata:speed>7.150</gpxdata:speed>
    </extensions>
   </trkpt>
   <trkpt lat="47.4761105" lon="6.7381237">
    <ele>339</ele>
    <time>2026-06-09T16:03:52Z</time>
    <extensions>
     <gpxdata:distance>17322.50</gpxdata:distance>
     <gpxdata:speed>7.381</gpxdata:speed>
    </extensions>
   </trkpt>
   <trkpt lat="47.4761292" lon="6.7382196">
    <ele>339</ele>
    <time>2026-06-09T16:03:53Z</time>
    <extensions>
     <gpxdata:distance>17334.00</gpxdata:distance>
     <gpxdata:speed>7.461</gpxdata:speed>
    </extensions>
   </trkpt>
   <trkpt lat="47.4761483" lon="6.7383169">
    <ele>339</ele>
    <time>2026-06-09T16:03:54Z</time>
    <extensions>
     <gpxdata:distance>17341.50</gpxdata:distance>
     <gpxdata:speed>7.586</gpxdata:speed>
    </extensions>
   </trkpt>
   <trkpt lat="47.4761679" lon="6.7384155">
    <ele>339</ele>
    <time>2026-06-09T16:03:55Z</time>
    <extensions>
     <gpxdata:distance>17349.00</gpxdata:distance>
     <gpxdata:speed>7.689</gpxdata:speed>
    </extensions>
   </trkpt>
   <trkpt lat="47.4761876" lon="6.7385152">
    <ele>339</ele>
    <time>2026-06-09T16:03:56Z</time>
    <extensions>
     <gpxdata:distance>17353.00</gpxdata:distance>
     <gpxdata:speed>7.775</gpxdata:speed>
    </extensions>
   </trkpt>
   <trkpt lat="47.4762080" lon="6.7386154">
    <ele>339</ele>
    <time>2026-06-09T16:03:57Z</time>
    <extensions>
     <gpxdata:distance>17357.00</gpxdata:distance>
     <gpxdata:speed>7.775</gpxdata:speed>
    </extensions>
   </trkpt>
   <trkpt lat="47.4762287" lon="6.7387151">
    <ele>339</ele>
    <time>2026-06-09T16:03:58Z</time>
    <extensions>
     <gpxdata:distance>17368.50</gpxdata:distance>
     <gpxdata:speed>7.819</gpxdata:speed>
    </extensions>
   </trkpt>
   <trkpt lat="47.4762489" lon="6.7388147">
    <ele>339</ele>
    <time>2026-06-09T16:03:59Z</time>
    <extensions>
     <gpxdata:distance>17380.00</gpxdata:distance>
     <gpxdata:speed>7.811</gpxdata:speed>
    </extensions>
   </trkpt>
   <trkpt lat="47.4762692" lon="6.7389140">
    <ele>339</ele>
    <time>2026-06-09T16:04:00Z</time>
    <extensions>
     <gpxdata:distance>17388.00</gpxdata:distance>
     <gpxdata:speed>7.811</gpxdata:speed>
    </extensions>
   </trkpt>
   <trkpt lat="47.4762887" lon="6.7390133">
    <ele>339</ele>
    <time>2026-06-09T16:04:01Z</time>
    <extensions>
     <gpxdata:distance>17396.00</gpxdata:distance>
     <gpxdata:speed>7.797</gpxdata:speed>
    </extensions>
   </trkpt>
   <trkpt lat="47.4763078" lon="6.7391120">
    <ele>339</ele>
    <time>2026-06-09T16:04:02Z</time>
    <extensions>
     <gpxdata:distance>17400.00</gpxdata:distance>
     <gpxdata:speed>7.772</gpxdata:speed>
    </extensions>
   </trkpt>
   <trkpt lat="47.4763270" lon="6.7392107">
    <ele>339</ele>
    <time>2026-06-09T16:04:03Z</time>
    <extensions>
     <gpxdata:distance>17404.00</gpxdata:distance>
     <gpxdata:speed>7.772</gpxdata:speed>
    </extensions>
   </trkpt>
   <trkpt lat="47.4763462" lon="6.7393101">
    <ele>339</ele>
    <time>2026-06-09T16:04:04Z</time>
    <extensions>
     <gpxdata:distance>17415.50</gpxdata:distance>
     <gpxdata:speed>7.775</gpxdata:speed>
    </extensions>
   </trkpt>
   <trkpt lat="47.4763654" lon="6.7394105">
    <ele>339</ele>
    <time>2026-06-09T16:04:05Z</time>
    <extensions>
     <gpxdata:distance>17427.00</gpxdata:distance>
     <gpxdata:speed>7.806</gpxdata:speed>
    </extensions>
   </trkpt>
   <trkpt lat="47.4763847" lon="6.7395117">
    <ele>339</ele>
    <time>2026-06-09T16:04:06Z</time>
    <extensions>
     <gpxdata:distance>17431.00</gpxdata:distance>
     <gpxdata:speed>7.844</gpxdata:speed>
    </extensions>
   </trkpt>
   <trkpt lat="47.4764042" lon="6.7396130">
    <ele>339</ele>
    <time>2026-06-09T16:04:07Z</time>
    <extensions>
     <gpxdata:distance>17435.00</gpxdata:distance>
     <gpxdata:speed>7.844</gpxdata:speed>
    </extensions>
   </trkpt>
   <trkpt lat="47.4764232" lon="6.7397142">
    <ele>339</ele>
    <time>2026-06-09T16:04:08Z</time>
    <extensions>
     <gpxdata:distance>17443.00</gpxdata:distance>
     <gpxdata:speed>7.875</gpxdata:speed>
    </extensions>
   </trkpt>
   <trkpt lat="47.4764422" lon="6.7398150">
    <ele>339</ele>
    <time>2026-06-09T16:04:09Z</time>
    <extensions>
     <gpxdata:distance>17451.00</gpxdata:distance>
     <gpxdata:speed>7.875</gpxdata:speed>
    </extensions>
   </trkpt>
   <trkpt lat="47.4764611" lon="6.7399145">
    <ele>339</ele>
    <time>2026-06-09T16:04:10Z</time>
    <extensions>
     <gpxdata:distance>17462.50</gpxdata:distance>
     <gpxdata:speed>7.831</gpxdata:speed>
    </extensions>
   </trkpt>
   <trkpt lat="47.4764800" lon="6.7400126">
    <ele>339</ele>
    <time>2026-06-09T16:04:11Z</time>
    <extensions>
     <gpxdata:distance>17474.00</gpxdata:distance>
     <gpxdata:speed>7.778</gpxdata:speed>
    </extensions>
   </trkpt>
   <trkpt lat="47.4764990" lon="6.7401096">
    <ele>339</ele>
    <time>2026-06-09T16:04:12Z</time>
    <extensions>
     <gpxdata:distance>17481.50</gpxdata:distance>
     <gpxdata:speed>7.714</gpxdata:speed>
    </extensions>
   </trkpt>
   <trkpt lat="47.4765176" lon="6.7402052">
    <ele>339</ele>
    <time>2026-06-09T16:04:13Z</time>
    <extensions>
     <gpxdata:distance>17489.00</gpxdata:distance>
     <gpxdata:speed>7.631</gpxdata:speed>
    </extensions>
   </trkpt>
   <trkpt lat="47.4765362" lon="6.7403006">
    <ele>339</ele>
    <time>2026-06-09T16:04:14Z</time>
    <extensions>
     <gpxdata:distance>17492.50</gpxdata:distance>
     <gpxdata:speed>7.581</gpxdata:speed>
    </extensions>
   </trkpt>
   <trkpt lat="47.4765551" lon="6.7403960">
    <ele>339</ele>
    <time>2026-06-09T16:04:15Z</time>
    <extensions>
     <gpxdata:distance>17496.00</gpxdata:distance>
     <gpxdata:speed>7.581</gpxdata:speed>
    </extensions>
   </trkpt>
   <trkpt lat="47.4765740" lon="6.7404914">
    <ele>339</ele>
    <time>2026-06-09T16:04:16Z</time>
    <extensions>
     <gpxdata:distance>17507.50</gpxdata:distance>
     <gpxdata:speed>7.547</gpxdata:speed>
    </extensions>
   </trkpt>
   <trkpt lat="47.4765929" lon="6.7405872">
    <ele>339</ele>
    <time>2026-06-09T16:04:17Z</time>
    <extensions>
     <gpxdata:distance>17519.00</gpxdata:distance>
     <gpxdata:speed>7.517</gpxdata:speed>
    </extensions>
   </trkpt>
   <trkpt lat="47.4766116" lon="6.7406837">
    <ele>339</ele>
    <time>2026-06-09T16:04:18Z</time>
    <extensions>
     <gpxdata:distance>17523.00</gpxdata:distance>
     <gpxdata:speed>7.528</gpxdata:speed>
    </extensions>
   </trkpt>
   <trkpt lat="47.4766300" lon="6.7407811">
    <ele>339</ele>
    <time>2026-06-09T16:04:19Z</time>
    <extensions>
     <gpxdata:distance>17527.00</gpxdata:distance>
     <gpxdata:speed>7.528</gpxdata:speed>
    </extensions>
   </trkpt>
   <trkpt lat="47.4766480" lon="6.7408794">
    <ele>339</ele>
    <time>2026-06-09T16:04:20Z</time>
    <extensions>
     <gpxdata:distance>17534.50</gpxdata:distance>
     <gpxdata:speed>7.592</gpxdata:speed>
    </extensions>
   </trkpt>
   <trkpt lat="47.4766665" lon="6.7409779">
    <ele>339</ele>
    <time>2026-06-09T16:04:21Z</time>
    <extensions>
     <gpxdata:distance>17542.00</gpxdata:distance>
     <gpxdata:speed>7.592</gpxdata:speed>
    </extensions>
   </trkpt>
   <trkpt lat="47.4766863" lon="6.7410759">
    <ele>339</ele>
    <time>2026-06-09T16:04:22Z</time>
    <extensions>
     <gpxdata:distance>17553.50</gpxdata:distance>
     <gpxdata:speed>7.644</gpxdata:speed>
    </extensions>
   </trkpt>
   <trkpt lat="47.4767067" lon="6.7411735">
    <ele>339</ele>
    <time>2026-06-09T16:04:23Z</time>
    <extensions>
     <gpxdata:distance>17565.00</gpxdata:distance>
     <gpxdata:speed>7.658</gpxdata:speed>
    </extensions>
   </trkpt>
   <trkpt lat="47.4767267" lon="6.7412711">
    <ele>339</ele>
    <time>2026-06-09T16:04:24Z</time>
    <extensions>
     <gpxdata:distance>17569.00</gpxdata:distance>
     <gpxdata:speed>7.661</gpxdata:speed>
    </extensions>
   </trkpt>
   <trkpt lat="47.4767470" lon="6.7413686">
    <ele>339</ele>
    <time>2026-06-09T16:04:25Z</time>
    <extensions>
     <gpxdata:distance>17573.00</gpxdata:distance>
     <gpxdata:speed>7.661</gpxdata:speed>
    </extensions>
   </trkpt>
   <trkpt lat="47.4767676" lon="6.7414660">
    <ele>339</ele>
    <time>2026-06-09T16:04:26Z</time>
    <extensions>
     <gpxdata:distance>17580.50</gpxdata:distance>
     <gpxdata:speed>7.675</gpxdata:speed>
    </extensions>
   </trkpt>
   <trkpt lat="47.4767883" lon="6.7415629">
    <ele>339</ele>
    <time>2026-06-09T16:04:27Z</time>
    <extensions>
     <gpxdata:distance>17588.00</gpxdata:distance>
     <gpxdata:speed>7.675</gpxdata:speed>
    </extensions>
   </trkpt>
   <trkpt lat="47.4768089" lon="6.7416597">
    <ele>339</ele>
    <time>2026-06-09T16:04:28Z</time>
    <extensions>
     <gpxdata:distance>17599.50</gpxdata:distance>
     <gpxdata:speed>7.650</gpxdata:speed>
    </extensions>
   </trkpt>
   <trkpt lat="47.4768288" lon="6.7417562">
    <ele>339</ele>
    <time>2026-06-09T16:04:29Z</time>
    <extensions>
     <gpxdata:distance>17611.00</gpxdata:distance>
     <gpxdata:speed>7.631</gpxdata:speed>
    </extensions>
   </trkpt>
   <trkpt lat="47.4768484" lon="6.7418525">
    <ele>339</ele>
    <time>2026-06-09T16:04:30Z</time>
    <extensions>
     <gpxdata:distance>17618.50</gpxdata:distance>
     <gpxdata:speed>7.631</gpxdata:speed>
    </extensions>
   </trkpt>
   <trkpt lat="47.4768676" lon="6.7419488">
    <ele>339</ele>
    <time>2026-06-09T16:04:31Z</time>
    <extensions>
     <gpxdata:distance>17626.00</gpxdata:distance>
     <gpxdata:speed>7.589</gpxdata:speed>
    </extensions>
   </trkpt>
   <trkpt lat="47.4768861" lon="6.7420442">
    <ele>339</ele>
    <time>2026-06-09T16:04:32Z</time>
    <extensions>
     <gpxdata:distance>17629.50</gpxdata:distance>
     <gpxdata:speed>7.544</gpxdata:speed>
    </extensions>
   </trkpt>
   <trkpt lat="47.4769033" lon="6.7421382">
    <ele>339</ele>
    <time>2026-06-09T16:04:33Z</time>
    <extensions>
     <gpxdata:distance>17633.00</gpxdata:distance>
     <gpxdata:speed>7.544</gpxdata:speed>
    </extensions>
   </trkpt>
   <trkpt lat="47.4769192" lon="6.7422317">
    <ele>339</ele>
    <time>2026-06-09T16:04:34Z</time>
    <extensions>
     <gpxdata:distance>17644.00</gpxdata:distance>
     <gpxdata:speed>7.386</gpxdata:speed>
    </extensions>
   </trkpt>
   <trkpt lat="47.4769351" lon="6.7423264">
    <ele>339</ele>
    <time>2026-06-09T16:04:35Z</time>
    <extensions>
     <gpxdata:distance>17655.00</gpxdata:distance>
     <gpxdata:speed>7.383</gpxdata:speed>
    </extensions>
   </trkpt>
   <trkpt lat="47.4769508" lon="6.7424226">
    <ele>339</ele>
    <time>2026-06-09T16:04:36Z</time>
    <extensions>
     <gpxdata:distance>17662.50</gpxdata:distance>
     <gpxdata:speed>7.408</gpxdata:speed>
    </extensions>
   </trkpt>
   <trkpt lat="47.4769662" lon="6.7425199">
    <ele>339</ele>
    <time>2026-06-09T16:04:37Z</time>
    <extensions>
     <gpxdata:distance>17670.00</gpxdata:distance>
     <gpxdata:speed>7.447</gpxdata:speed>
    </extensions>
   </trkpt>
   <trkpt lat="47.4769813" lon="6.7426177">
    <ele>339</ele>
    <time>2026-06-09T16:04:38Z</time>
    <extensions>
     <gpxdata:distance>17677.50</gpxdata:distance>
     <gpxdata:speed>7.475</gpxdata:speed>
    </extensions>
   </trkpt>
   <trkpt lat="47.4769957" lon="6.7427153">
    <ele>339</ele>
    <time>2026-06-09T16:04:39Z</time>
    <extensions>
     <gpxdata:distance>17685.00</gpxdata:distance>
     <gpxdata:speed>7.483</gpxdata:speed>
    </extensions>
   </trkpt>
   <trkpt lat="47.4770093" lon="6.7428119">
    <ele>339</ele>
    <time>2026-06-09T16:04:40Z</time>
    <extensions>
     <gpxdata:distance>17692.50</gpxdata:distance>
     <gpxdata:speed>7.483</gpxdata:speed>
    </extensions>
   </trkpt>
   <trkpt lat="47.4770228" lon="6.7429077">
    <ele>339</ele>
    <time>2026-06-09T16:04:41Z</time>
    <extensions>
     <gpxdata:distance>17700.00</gpxdata:distance>
     <gpxdata:speed>7.419</gpxdata:speed>
    </extensions>
   </trkpt>
   <trkpt lat="47.4770365" lon="6.7430031">
    <ele>339</ele>
    <time>2026-06-09T16:04:42Z</time>
    <extensions>
     <gpxdata:distance>17707.50</gpxdata:distance>
     <gpxdata:speed>7.394</gpxdata:speed>
    </extensions>
   </trkpt>
   <trkpt lat="47.4770508" lon="6.7430992">
    <ele>339</ele>
    <time>2026-06-09T16:04:43Z</time>
    <extensions>
     <gpxdata:distance>17715.00</gpxdata:distance>
     <gpxdata:speed>7.408</gpxdata:speed>
    </extensions>
   </trkpt>
   <trkpt lat="47.4770659" lon="6.7431967">
    <ele>339</ele>
    <time>2026-06-09T16:04:44Z</time>
    <extensions>
     <gpxdata:distance>17718.50</gpxdata:distance>
     <gpxdata:speed>7.461</gpxdata:speed>
    </extensions>
   </trkpt>
   <trkpt lat="47.4770807" lon="6.7432957">
    <ele>339</ele>
    <time>2026-06-09T16:04:45Z</time>
    <extensions>
     <gpxdata:distance>17722.00</gpxdata:distance>
     <gpxdata:speed>7.461</gpxdata:speed>
    </extensions>
   </trkpt>
   <trkpt lat="47.4770947" lon="6.7433957">
    <ele>339</ele>
    <time>2026-06-09T16:04:46Z</time>
    <extensions>
     <gpxdata:distance>17730.00</gpxdata:distance>
     <gpxdata:speed>7.575</gpxdata:speed>
    </extensions>
   </trkpt>
   <trkpt lat="47.4771079" lon="6.7434964">
    <ele>339</ele>
    <time>2026-06-09T16:04:47Z</time>
    <extensions>
     <gpxdata:distance>17738.00</gpxdata:distance>
     <gpxdata:speed>7.575</gpxdata:speed>
    </extensions>
   </trkpt>
   <trkpt lat="47.4771206" lon="6.7435979">
    <ele>339</ele>
    <time>2026-06-09T16:04:48Z</time>
    <extensions>
     <gpxdata:distance>17749.50</gpxdata:distance>
     <gpxdata:speed>7.672</gpxdata:speed>
    </extensions>
   </trkpt>
   <trkpt lat="47.4771333" lon="6.7437004">
    <ele>339</ele>
    <time>2026-06-09T16:04:49Z</time>
    <extensions>
     <gpxdata:distance>17761.00</gpxdata:distance>
     <gpxdata:speed>7.733</gpxdata:speed>
    </extensions>
   </trkpt>
   <trkpt lat="47.4771455" lon="6.7438034">
    <ele>339</ele>
    <time>2026-06-09T16:04:50Z</time>
    <extensions>
     <gpxdata:distance>17769.00</gpxdata:distance>
     <gpxdata:speed>7.781</gpxdata:speed>
    </extensions>
   </trkpt>
   <trkpt lat="47.4771575" lon="6.7439053">
    <ele>339</ele>
    <time>2026-06-09T16:04:51Z</time>
    <extensions>
     <gpxdata:distance>17777.00</gpxdata:distance>
     <gpxdata:speed>7.772</gpxdata:speed>
    </extensions>
   </trkpt>
   <trkpt lat="47.4771699" lon="6.7440055">
    <ele>339</ele>
    <time>2026-06-09T16:04:52Z</time>
    <extensions>
     <gpxdata:distance>17784.50</gpxdata:distance>
     <gpxdata:speed>7.728</gpxdata:speed>
    </extensions>
   </trkpt>
   <trkpt lat="47.4771824" lon="6.7441041">
    <ele>339</ele>
    <time>2026-06-09T16:04:53Z</time>
    <extensions>
     <gpxdata:distance>17792.00</gpxdata:distance>
     <gpxdata:speed>7.664</gpxdata:speed>
    </extensions>
   </trkpt>
   <trkpt lat="47.4771942" lon="6.7442005">
    <ele>339</ele>
    <time>2026-06-09T16:04:54Z</time>
    <extensions>
     <gpxdata:distance>17799.00</gpxdata:distance>
     <gpxdata:speed>7.558</gpxdata:speed>
    </extensions>
   </trkpt>
   <trkpt lat="47.4772036" lon="6.7442925">
    <ele>339</ele>
    <time>2026-06-09T16:04:55Z</time>
    <extensions>
     <gpxdata:distance>17806.00</gpxdata:distance>
     <gpxdata:speed>7.086</gpxdata:speed>
    </extensions>
   </trkpt>
   <trkpt lat="47.4772049" lon="6.7443764">
    <ele>339</ele>
    <time>2026-06-09T16:04:56Z</time>
    <extensions>
     <gpxdata:distance>17808.50</gpxdata:distance>
     <gpxdata:speed>7.086</gpxdata:speed>
    </extensions>
   </trkpt>
   <trkpt lat="47.4771915" lon="6.7444484">
    <ele>339</ele>
    <time>2026-06-09T16:04:57Z</time>
    <extensions>
     <gpxdata:distance>17811.00</gpxdata:distance>
     <gpxdata:speed>6.481</gpxdata:speed>
    </extensions>
   </trkpt>
   <trkpt lat="47.4771663" lon="6.7445087">
    <ele>339</ele>
    <time>2026-06-09T16:04:58Z</time>
    <extensions>
     <gpxdata:distance>17816.50</gpxdata:distance>
     <gpxdata:speed>5.653</gpxdata:speed>
    </extensions>
   </trkpt>
   <trkpt lat="47.4771488" lon="6.7445500">
    <ele>339</ele>
    <time>2026-06-09T16:04:59Z</time>
    <extensions>
     <gpxdata:distance>17822.00</gpxdata:distance>
     <gpxdata:speed>5.653</gpxdata:speed>
    </extensions>
   </trkpt>
   <trkpt lat="47.4771350" lon="6.7446060">
    <ele>339</ele>
    <time>2026-06-09T16:05:00Z</time>
    <extensions>
     <gpxdata:distance>17827.00</gpxdata:distance>
     <gpxdata:speed>5.258</gpxdata:speed>
    </extensions>
   </trkpt>
   <trkpt lat="47.4771298" lon="6.7446704">
    <ele>339</ele>
    <time>2026-06-09T16:05:01Z</time>
    <extensions>
     <gpxdata:distance>17832.00</gpxdata:distance>
     <gpxdata:speed>5.194</gpxdata:speed>
    </extensions>
   </trkpt>
   <trkpt lat="47.4771314" lon="6.7447407">
    <ele>339</ele>
    <time>2026-06-09T16:05:02Z</time>
    <extensions>
     <gpxdata:distance>17837.50</gpxdata:distance>
     <gpxdata:speed>5.508</gpxdata:speed>
    </extensions>
   </trkpt>
   <trkpt lat="47.4771361" lon="6.7448151">
    <ele>339</ele>
    <time>2026-06-09T16:05:03Z</time>
    <extensions>
     <gpxdata:distance>17843.00</gpxdata:distance>
     <gpxdata:speed>5.508</gpxdata:speed>
    </extensions>
   </trkpt>
   <trkpt lat="47.4771416" lon="6.7448925">
    <ele>339</ele>
    <time>2026-06-09T16:05:04Z</time>
    <extensions>
     <gpxdata:distance>17852.00</gpxdata:distance>
     <gpxdata:speed>5.839</gpxdata:speed>
    </extensions>
   </trkpt>
   <trkpt lat="47.4771477" lon="6.7449714">
    <ele>339</ele>
    <time>2026-06-09T16:05:05Z</time>
    <extensions>
     <gpxdata:distance>17861.00</gpxdata:distance>
     <gpxdata:speed>5.878</gpxdata:speed>
    </extensions>
   </trkpt>
   <trkpt lat="47.4771545" lon="6.7450514">
    <ele>339</ele>
    <time>2026-06-09T16:05:06Z</time>
    <extensions>
     <gpxdata:distance>17864.00</gpxdata:distance>
     <gpxdata:speed>5.953</gpxdata:speed>
    </extensions>
   </trkpt>
   <trkpt lat="47.4771629" lon="6.7451323">
    <ele>339</ele>
    <time>2026-06-09T16:05:07Z</time>
    <extensions>
     <gpxdata:distance>17867.00</gpxdata:distance>
     <gpxdata:speed>5.953</gpxdata:speed>
    </extensions>
   </trkpt>
   <trkpt lat="47.4771787" lon="6.7452394">
    <ele>339</ele>
    <time>2026-06-09T16:05:08Z</time>
    <extensions>
     <gpxdata:distance>17873.00</gpxdata:distance>
     <gpxdata:speed>6.033</gpxdata:speed>
    </extensions>
   </trkpt>
   <trkpt lat="47.4771989" lon="6.7453212">
    <ele>339</ele>
    <time>2026-06-09T16:05:09Z</time>
    <extensions>
     <gpxdata:distance>17879.00</gpxdata:distance>
     <gpxdata:speed>6.169</gpxdata:speed>
    </extensions>
   </trkpt>
   <trkpt lat="47.4772240" lon="6.7453990">
    <ele>339</ele>
    <time>2026-06-09T16:05:10Z</time>
    <extensions>
     <gpxdata:distance>17885.50</gpxdata:distance>
     <gpxdata:speed>6.433</gpxdata:speed>
    </extensions>
   </trkpt>
   <trkpt lat="47.4772491" lon="6.7454791">
    <ele>339</ele>
    <time>2026-06-09T16:05:11Z</time>
    <extensions>
     <gpxdata:distance>17892.00</gpxdata:distance>
     <gpxdata:speed>6.433</gpxdata:speed>
    </extensions>
   </trkpt>
   <trkpt lat="47.4772682" lon="6.7455640">
    <ele>340</ele>
    <time>2026-06-09T16:05:12Z</time>
    <extensions>
     <gpxdata:distance>17902.50</gpxdata:distance>
     <gpxdata:speed>6.594</gpxdata:speed>
    </extensions>
   </trkpt>
   <trkpt lat="47.4772784" lon="6.7456535">
    <ele>340</ele>
    <time>2026-06-09T16:05:13Z</time>
    <extensions>
     <gpxdata:distance>17913.00</gpxdata:distance>
     <gpxdata:speed>6.839</gpxdata:speed>
    </extensions>
   </trkpt>
   <trkpt lat="47.4772819" lon="6.7457441">
    <ele>340</ele>
    <time>2026-06-09T16:05:14Z</time>
    <extensions>
     <gpxdata:distance>17916.00</gpxdata:distance>
     <gpxdata:speed>6.797</gpxdata:speed>
    </extensions>
   </trkpt>
   <trkpt lat="47.4772822" lon="6.7458329">
    <ele>340</ele>
    <time>2026-06-09T16:05:15Z</time>
    <extensions>
     <gpxdata:distance>17919.00</gpxdata:distance>
     <gpxdata:speed>6.797</gpxdata:speed>
    </extensions>
   </trkpt>
   <trkpt lat="47.4772820" lon="6.7459195">
    <ele>339</ele>
    <time>2026-06-09T16:05:16Z</time>
    <extensions>
     <gpxdata:distance>17929.00</gpxdata:distance>
     <gpxdata:speed>6.628</gpxdata:speed>
    </extensions>
   </trkpt>
   <trkpt lat="47.4772823" lon="6.7460055">
    <ele>339</ele>
    <time>2026-06-09T16:05:17Z</time>
    <extensions>
     <gpxdata:distance>17939.00</gpxdata:distance>
     <gpxdata:speed>6.578</gpxdata:speed>
    </extensions>
   </trkpt>
   <trkpt lat="47.4772831" lon="6.7460924">
    <ele>339</ele>
    <time>2026-06-09T16:05:18Z</time>
    <extensions>
     <gpxdata:distance>17945.50</gpxdata:distance>
     <gpxdata:speed>6.581</gpxdata:speed>
    </extensions>
   </trkpt>
   <trkpt lat="47.4772844" lon="6.7461808">
    <ele>339</ele>
    <time>2026-06-09T16:05:19Z</time>
    <extensions>
     <gpxdata:distance>17952.00</gpxdata:distance>
     <gpxdata:speed>6.617</gpxdata:speed>
    </extensions>
   </trkpt>
   <trkpt lat="47.4772861" lon="6.7462704">
    <ele>339</ele>
    <time>2026-06-09T16:05:20Z</time>
    <extensions>
     <gpxdata:distance>17959.00</gpxdata:distance>
     <gpxdata:speed>6.661</gpxdata:speed>
    </extensions>
   </trkpt>
   <trkpt lat="47.4772884" lon="6.7463613">
    <ele>339</ele>
    <time>2026-06-09T16:05:21Z</time>
    <extensions>
     <gpxdata:distance>17966.00</gpxdata:distance>
     <gpxdata:speed>6.725</gpxdata:speed>
    </extensions>
   </trkpt>
   <trkpt lat="47.4772901" lon="6.7464532">
    <ele>339</ele>
    <time>2026-06-09T16:05:22Z</time>
    <extensions>
     <gpxdata:distance>17973.00</gpxdata:distance>
     <gpxdata:speed>6.792</gpxdata:speed>
    </extensions>
   </trkpt>
   <trkpt lat="47.4772913" lon="6.7465458">
    <ele>339</ele>
    <time>2026-06-09T16:05:23Z</time>
    <extensions>
     <gpxdata:distance>17980.00</gpxdata:distance>
     <gpxdata:speed>6.844</gpxdata:speed>
    </extensions>
   </trkpt>
   <trkpt lat="47.4772923" lon="6.7466391">
    <ele>339</ele>
    <time>2026-06-09T16:05:24Z</time>
    <extensions>
     <gpxdata:distance>17987.00</gpxdata:distance>
     <gpxdata:speed>6.906</gpxdata:speed>
    </extensions>
   </trkpt>
   <trkpt lat="47.4772932" lon="6.7467334">
    <ele>339</ele>
    <time>2026-06-09T16:05:25Z</time>
    <extensions>
     <gpxdata:distance>17994.00</gpxdata:distance>
     <gpxdata:speed>6.975</gpxdata:speed>
    </extensions>
   </trkpt>
   <trkpt lat="47.4772938" lon="6.7468294">
    <ele>339</ele>
    <time>2026-06-09T16:05:26Z</time>
    <extensions>
     <gpxdata:distance>18001.50</gpxdata:distance>
     <gpxdata:speed>7.075</gpxdata:speed>
    </extensions>
   </trkpt>
   <trkpt lat="47.4772931" lon="6.7469263">
    <ele>339</ele>
    <time>2026-06-09T16:05:27Z</time>
    <extensions>
     <gpxdata:distance>18009.00</gpxdata:distance>
     <gpxdata:speed>7.164</gpxdata:speed>
    </extensions>
   </trkpt>
   <trkpt lat="47.4772906" lon="6.7470234">
    <ele>339</ele>
    <time>2026-06-09T16:05:28Z</time>
    <extensions>
     <gpxdata:distance>18016.00</gpxdata:distance>
     <gpxdata:speed>7.244</gpxdata:speed>
    </extensions>
   </trkpt>
   <trkpt lat="47.4772873" lon="6.7471208">
    <ele>339</ele>
    <time>2026-06-09T16:05:29Z</time>
    <extensions>
     <gpxdata:distance>18023.00</gpxdata:distance>
     <gpxdata:speed>7.297</gpxdata:speed>
    </extensions>
   </trkpt>
   <trkpt lat="47.4772835" lon="6.7472187">
    <ele>339</ele>
    <time>2026-06-09T16:05:30Z</time>
    <extensions>
     <gpxdata:distance>18027.00</gpxdata:distance>
     <gpxdata:speed>7.297</gpxdata:speed>
    </extensions>
   </trkpt>
   <trkpt lat="47.4772797" lon="6.7473172">
    <ele>339</ele>
    <time>2026-06-09T16:05:31Z</time>
    <extensions>
     <gpxdata:distance>18031.00</gpxdata:distance>
     <gpxdata:speed>7.353</gpxdata:speed>
    </extensions>
   </trkpt>
   <trkpt lat="47.4772758" lon="6.7474161">
    <ele>339</ele>
    <time>2026-06-09T16:05:32Z</time>
    <extensions>
     <gpxdata:distance>18038.50</gpxdata:distance>
     <gpxdata:speed>7.422</gpxdata:speed>
    </extensions>
   </trkpt>
   <trkpt lat="47.4772722" lon="6.7475157">
    <ele>339</ele>
    <time>2026-06-09T16:05:33Z</time>
    <extensions>
     <gpxdata:distance>18046.00</gpxdata:distance>
     <gpxdata:speed>7.422</gpxdata:speed>
    </extensions>
   </trkpt>
   <trkpt lat="47.4772685" lon="6.7476152">
    <ele>339</ele>
    <time>2026-06-09T16:05:34Z</time>
    <extensions>
     <gpxdata:distance>18057.00</gpxdata:distance>
     <gpxdata:speed>7.469</gpxdata:speed>
    </extensions>
   </trkpt>
   <trkpt lat="47.4772646" lon="6.7477147">
    <ele>339</ele>
    <time>2026-06-09T16:05:35Z</time>
    <extensions>
     <gpxdata:distance>18068.00</gpxdata:distance>
     <gpxdata:speed>7.481</gpxdata:speed>
    </extensions>
   </trkpt>
   <trkpt lat="47.4772602" lon="6.7478140">
    <ele>339</ele>
    <time>2026-06-09T16:05:36Z</time>
    <extensions>
     <gpxdata:distance>18075.50</gpxdata:distance>
     <gpxdata:speed>7.483</gpxdata:speed>
    </extensions>
   </trkpt>
   <trkpt lat="47.4772564" lon="6.7479138">
    <ele>339</ele>
    <time>2026-06-09T16:05:37Z</time>
    <extensions>
     <gpxdata:distance>18083.00</gpxdata:distance>
     <gpxdata:speed>7.503</gpxdata:speed>
    </extensions>
   </trkpt>
   <trkpt lat="47.4772537" lon="6.7480145">
    <ele>339</ele>
    <time>2026-06-09T16:05:38Z</time>
    <extensions>
     <gpxdata:distance>18091.00</gpxdata:distance>
     <gpxdata:speed>7.536</gpxdata:speed>
    </extensions>
   </trkpt>
   <trkpt lat="47.4772521" lon="6.7481160">
    <ele>339</ele>
    <time>2026-06-09T16:05:39Z</time>
    <extensions>
     <gpxdata:distance>18099.00</gpxdata:distance>
     <gpxdata:speed>7.575</gpxdata:speed>
    </extensions>
   </trkpt>
   <trkpt lat="47.4772509" lon="6.7482180">
    <ele>339</ele>
    <time>2026-06-09T16:05:40Z</time>
    <extensions>
     <gpxdata:distance>18106.50</gpxdata:distance>
     <gpxdata:speed>7.611</gpxdata:speed>
    </extensions>
   </trkpt>
   <trkpt lat="47.4772496" lon="6.7483206">
    <ele>339</ele>
    <time>2026-06-09T16:05:41Z</time>
    <extensions>
     <gpxdata:distance>18114.00</gpxdata:distance>
     <gpxdata:speed>7.650</gpxdata:speed>
    </extensions>
   </trkpt>
   <trkpt lat="47.4772475" lon="6.7484231">
    <ele>339</ele>
    <time>2026-06-09T16:05:42Z</time>
    <extensions>
     <gpxdata:distance>18121.50</gpxdata:distance>
     <gpxdata:speed>7.669</gpxdata:speed>
    </extensions>
   </trkpt>
   <trkpt lat="47.4772447" lon="6.7485252">
    <ele>339</ele>
    <time>2026-06-09T16:05:43Z</time>
    <extensions>
     <gpxdata:distance>18129.00</gpxdata:distance>
     <gpxdata:speed>7.675</gpxdata:speed>
    </extensions>
   </trkpt>
   <trkpt lat="47.4772422" lon="6.7486275">
    <ele>339</ele>
    <time>2026-06-09T16:05:44Z</time>
    <extensions>
     <gpxdata:distance>18133.00</gpxdata:distance>
     <gpxdata:speed>7.686</gpxdata:speed>
    </extensions>
   </trkpt>
   <trkpt lat="47.4772402" lon="6.7487295">
    <ele>339</ele>
    <time>2026-06-09T16:05:45Z</time>
    <extensions>
     <gpxdata:distance>18137.00</gpxdata:distance>
     <gpxdata:speed>7.686</gpxdata:speed>
    </extensions>
   </trkpt>
   <trkpt lat="47.4772385" lon="6.7488309">
    <ele>339</ele>
    <time>2026-06-09T16:05:46Z</time>
    <extensions>
     <gpxdata:distance>18148.50</gpxdata:distance>
     <gpxdata:speed>7.667</gpxdata:speed>
    </extensions>
   </trkpt>
   <trkpt lat="47.4772372" lon="6.7489329">
    <ele>339</ele>
    <time>2026-06-09T16:05:47Z</time>
    <extensions>
     <gpxdata:distance>18160.00</gpxdata:distance>
     <gpxdata:speed>7.678</gpxdata:speed>
    </extensions>
   </trkpt>
   <trkpt lat="47.4772357" lon="6.7490355">
    <ele>339</ele>
    <time>2026-06-09T16:05:48Z</time>
    <extensions>
     <gpxdata:distance>18168.00</gpxdata:distance>
     <gpxdata:speed>7.697</gpxdata:speed>
    </extensions>
   </trkpt>
   <trkpt lat="47.4772339" lon="6.7491387">
    <ele>339</ele>
    <time>2026-06-09T16:05:49Z</time>
    <extensions>
     <gpxdata:distance>18176.00</gpxdata:distance>
     <gpxdata:speed>7.719</gpxdata:speed>
    </extensions>
   </trkpt>
   <trkpt lat="47.4772318" lon="6.7492426">
    <ele>339</ele>
    <time>2026-06-09T16:05:50Z</time>
    <extensions>
     <gpxdata:distance>18183.50</gpxdata:distance>
     <gpxdata:speed>7.756</gpxdata:speed>
    </extensions>
   </trkpt>
   <trkpt lat="47.4772289" lon="6.7493472">
    <ele>339</ele>
    <time>2026-06-09T16:05:51Z</time>
    <extensions>
     <gpxdata:distance>18191.00</gpxdata:distance>
     <gpxdata:speed>7.800</gpxdata:speed>
    </extensions>
   </trkpt>
   <trkpt lat="47.4772258" lon="6.7494524">
    <ele>339</ele>
    <time>2026-06-09T16:05:52Z</time>
    <extensions>
     <gpxdata:distance>18199.00</gpxdata:distance>
     <gpxdata:speed>7.842</gpxdata:speed>
    </extensions>
   </trkpt>
   <trkpt lat="47.4772237" lon="6.7495576">
    <ele>339</ele>
    <time>2026-06-09T16:05:53Z</time>
    <extensions>
     <gpxdata:distance>18207.00</gpxdata:distance>
     <gpxdata:speed>7.867</gpxdata:speed>
    </extensions>
   </trkpt>
   <trkpt lat="47.4772221" lon="6.7496616">
    <ele>339</ele>
    <time>2026-06-09T16:05:54Z</time>
    <extensions>
     <gpxdata:distance>18215.00</gpxdata:distance>
     <gpxdata:speed>7.844</gpxdata:speed>
    </extensions>
   </trkpt>
   <trkpt lat="47.4772199" lon="6.7497644">
    <ele>339</ele>
    <time>2026-06-09T16:05:55Z</time>
    <extensions>
     <gpxdata:distance>18223.00</gpxdata:distance>
     <gpxdata:speed>7.803</gpxdata:speed>
    </extensions>
   </trkpt>
   <trkpt lat="47.4772156" lon="6.7498657">
    <ele>339</ele>
    <time>2026-06-09T16:05:56Z</time>
    <extensions>
     <gpxdata:distance>18230.00</gpxdata:distance>
     <gpxdata:speed>7.744</gpxdata:speed>
    </extensions>
   </trkpt>
   <trkpt lat="47.4772098" lon="6.7499645">
    <ele>339</ele>
    <time>2026-06-09T16:05:57Z</time>
    <extensions>
     <gpxdata:distance>18237.00</gpxdata:distance>
     <gpxdata:speed>7.644</gpxdata:speed>
    </extensions>
   </trkpt>
   <trkpt lat="47.4772042" lon="6.7500612">
    <ele>339</ele>
    <time>2026-06-09T16:05:58Z</time>
    <extensions>
     <gpxdata:distance>18244.50</gpxdata:distance>
     <gpxdata:speed>7.522</gpxdata:speed>
    </extensions>
   </trkpt>
   <trkpt lat="47.4772000" lon="6.7501551">
    <ele>339</ele>
    <time>2026-06-09T16:05:59Z</time>
    <extensions>
     <gpxdata:distance>18252.00</gpxdata:distance>
     <gpxdata:speed>7.358</gpxdata:speed>
    </extensions>
   </trkpt>
   <trkpt lat="47.4771972" lon="6.7502459">
    <ele>339</ele>
    <time>2026-06-09T16:06:00Z</time>
    <extensions>
     <gpxdata:distance>18255.00</gpxdata:distance>
     <gpxdata:speed>6.950</gpxdata:speed>
    </extensions>
   </trkpt>
   <trkpt lat="47.4771943" lon="6.7503330">
    <ele>339</ele>
    <time>2026-06-09T16:06:01Z</time>
    <extensions>
     <gpxdata:distance>18258.00</gpxdata:distance>
     <gpxdata:speed>6.950</gpxdata:speed>
    </extensions>
   </trkpt>
   <trkpt lat="47.4771909" lon="6.7504180">
    <ele>339</ele>
    <time>2026-06-09T16:06:02Z</time>
    <extensions>
     <gpxdata:distance>18264.50</gpxdata:distance>
     <gpxdata:speed>6.511</gpxdata:speed>
    </extensions>
   </trkpt>
   <trkpt lat="47.4771877" lon="6.7505029">
    <ele>339</ele>
    <time>2026-06-09T16:06:03Z</time>
    <extensions>
     <gpxdata:distance>18271.00</gpxdata:distance>
     <gpxdata:speed>6.511</gpxdata:speed>
    </extensions>
   </trkpt>
   <trkpt lat="47.4771850" lon="6.7505893">
    <ele>339</ele>
    <time>2026-06-09T16:06:04Z</time>
    <extensions>
     <gpxdata:distance>18281.00</gpxdata:distance>
     <gpxdata:speed>6.556</gpxdata:speed>
    </extensions>
   </trkpt>
   <trkpt lat="47.4771815" lon="6.7506771">
    <ele>339</ele>
    <time>2026-06-09T16:06:05Z</time>
    <extensions>
     <gpxdata:distance>18291.00</gpxdata:distance>
     <gpxdata:speed>6.631</gpxdata:speed>
    </extensions>
   </trkpt>
   <trkpt lat="47.4771774" lon="6.7507667">
    <ele>339</ele>
    <time>2026-06-09T16:06:06Z</time>
    <extensions>
     <gpxdata:distance>18298.00</gpxdata:distance>
     <gpxdata:speed>6.675</gpxdata:speed>
    </extensions>
   </trkpt>
   <trkpt lat="47.4771737" lon="6.7508581">
    <ele>339</ele>
    <time>2026-06-09T16:06:07Z</time>
    <extensions>
     <gpxdata:distance>18305.00</gpxdata:distance>
     <gpxdata:speed>6.742</gpxdata:speed>
    </extensions>
   </trkpt>
   <trkpt lat="47.4771715" lon="6.7509509">
    <ele>339</ele>
    <time>2026-06-09T16:06:08Z</time>
    <extensions>
     <gpxdata:distance>18312.00</gpxdata:distance>
     <gpxdata:speed>6.819</gpxdata:speed>
    </extensions>
   </trkpt>
   <trkpt lat="47.4771703" lon="6.7510439">
    <ele>339</ele>
    <time>2026-06-09T16:06:09Z</time>
    <extensions>
     <gpxdata:distance>18319.00</gpxdata:distance>
     <gpxdata:speed>6.872</gpxdata:speed>
    </extensions>
   </trkpt>
   <trkpt lat="47.4771688" lon="6.7511368">
    <ele>339</ele>
    <time>2026-06-09T16:06:10Z</time>
    <extensions>
     <gpxdata:distance>18326.00</gpxdata:distance>
     <gpxdata:speed>6.908</gpxdata:speed>
    </extensions>
   </trkpt>
   <trkpt lat="47.4771660" lon="6.7512303">
    <ele>339</ele>
    <time>2026-06-09T16:06:11Z</time>
    <extensions>
     <gpxdata:distance>18333.00</gpxdata:distance>
     <gpxdata:speed>6.961</gpxdata:speed>
    </extensions>
   </trkpt>
   <trkpt lat="47.4771624" lon="6.7513242">
    <ele>339</ele>
    <time>2026-06-09T16:06:12Z</time>
    <extensions>
     <gpxdata:distance>18340.00</gpxdata:distance>
     <gpxdata:speed>7.008</gpxdata:speed>
    </extensions>
   </trkpt>
   <trkpt lat="47.4771586" lon="6.7514180">
    <ele>339</ele>
    <time>2026-06-09T16:06:13Z</time>
    <extensions>
     <gpxdata:distance>18347.00</gpxdata:distance>
     <gpxdata:speed>7.036</gpxdata:speed>
    </extensions>
   </trkpt>
   <trkpt lat="47.4771548" lon="6.7515114">
    <ele>339</ele>
    <time>2026-06-09T16:06:14Z</time>
    <extensions>
     <gpxdata:distance>18350.50</gpxdata:distance>
     <gpxdata:speed>7.039</gpxdata:speed>
    </extensions>
   </trkpt>
   <trkpt lat="47.4771509" lon="6.7516050">
    <ele>339</ele>
    <time>2026-06-09T16:06:15Z</time>
    <extensions>
     <gpxdata:distance>18354.00</gpxdata:distance>
     <gpxdata:speed>7.039</gpxdata:speed>
    </extensions>
   </trkpt>
   <trkpt lat="47.4771468" lon="6.7516987">
    <ele>339</ele>
    <time>2026-06-09T16:06:16Z</time>
    <extensions>
     <gpxdata:distance>18364.50</gpxdata:distance>
     <gpxdata:speed>7.061</gpxdata:speed>
    </extensions>
   </trkpt>
   <trkpt lat="47.4771420" lon="6.7517924">
    <ele>339</ele>
    <time>2026-06-09T16:06:17Z</time>
    <extensions>
     <gpxdata:distance>18375.00</gpxdata:distance>
     <gpxdata:speed>7.067</gpxdata:speed>
    </extensions>
   </trkpt>
   <trkpt lat="47.4771368" lon="6.7518864">
    <ele>339</ele>
    <time>2026-06-09T16:06:18Z</time>
    <extensions>
     <gpxdata:distance>18382.00</gpxdata:distance>
     <gpxdata:speed>7.081</gpxdata:speed>
    </extensions>
   </trkpt>
   <trkpt lat="47.4771324" lon="6.7519810">
    <ele>339</ele>
    <time>2026-06-09T16:06:19Z</time>
    <extensions>
     <gpxdata:distance>18389.00</gpxdata:distance>
     <gpxdata:speed>7.100</gpxdata:speed>
    </extensions>
   </trkpt>
   <trkpt lat="47.4771294" lon="6.7520754">
    <ele>339</ele>
    <time>2026-06-09T16:06:20Z</time>
    <extensions>
     <gpxdata:distance>18396.00</gpxdata:distance>
     <gpxdata:speed>7.103</gpxdata:speed>
    </extensions>
   </trkpt>
   <trkpt lat="47.4771274" lon="6.7521697">
    <ele>339</ele>
    <time>2026-06-09T16:06:21Z</time>
    <extensions>
     <gpxdata:distance>18403.00</gpxdata:distance>
     <gpxdata:speed>7.097</gpxdata:speed>
    </extensions>
   </trkpt>
   <trkpt lat="47.4771256" lon="6.7522646">
    <ele>339</ele>
    <time>2026-06-09T16:06:22Z</time>
    <extensions>
     <gpxdata:distance>18410.50</gpxdata:distance>
     <gpxdata:speed>7.119</gpxdata:speed>
    </extensions>
   </trkpt>
   <trkpt lat="47.4771233" lon="6.7523605">
    <ele>339</ele>
    <time>2026-06-09T16:06:23Z</time>
    <extensions>
     <gpxdata:distance>18418.00</gpxdata:distance>
     <gpxdata:speed>7.158</gpxdata:speed>
    </extensions>
   </trkpt>
   <trkpt lat="47.4771196" lon="6.7524572">
    <ele>339</ele>
    <time>2026-06-09T16:06:24Z</time>
    <extensions>
     <gpxdata:distance>18425.50</gpxdata:distance>
     <gpxdata:speed>7.203</gpxdata:speed>
    </extensions>
   </trkpt>
   <trkpt lat="47.4771169" lon="6.7525544">
    <ele>339</ele>
    <time>2026-06-09T16:06:25Z</time>
    <extensions>
     <gpxdata:distance>18433.00</gpxdata:distance>
     <gpxdata:speed>7.242</gpxdata:speed>
    </extensions>
   </trkpt>
   <trkpt lat="47.4771157" lon="6.7526513">
    <ele>339</ele>
    <time>2026-06-09T16:06:26Z</time>
    <extensions>
     <gpxdata:distance>18440.00</gpxdata:distance>
     <gpxdata:speed>7.256</gpxdata:speed>
    </extensions>
   </trkpt>
   <trkpt lat="47.4771148" lon="6.7527473">
    <ele>339</ele>
    <time>2026-06-09T16:06:27Z</time>
    <extensions>
     <gpxdata:distance>18447.00</gpxdata:distance>
     <gpxdata:speed>7.236</gpxdata:speed>
    </extensions>
   </trkpt>
   <trkpt lat="47.4771135" lon="6.7528420">
    <ele>339</ele>
    <time>2026-06-09T16:06:28Z</time>
    <extensions>
     <gpxdata:distance>18454.00</gpxdata:distance>
     <gpxdata:speed>7.194</gpxdata:speed>
    </extensions>
   </trkpt>
   <trkpt lat="47.4771122" lon="6.7529363">
    <ele>339</ele>
    <time>2026-06-09T16:06:29Z</time>
    <extensions>
     <gpxdata:distance>18461.00</gpxdata:distance>
     <gpxdata:speed>7.164</gpxdata:speed>
    </extensions>
   </trkpt>
   <trkpt lat="47.4771108" lon="6.7530318">
    <ele>339</ele>
    <time>2026-06-09T16:06:30Z</time>
    <extensions>
     <gpxdata:distance>18468.50</gpxdata:distance>
     <gpxdata:speed>7.164</gpxdata:speed>
    </extensions>
   </trkpt>
   <trkpt lat="47.4771091" lon="6.7531293">
    <ele>339</ele>
    <time>2026-06-09T16:06:31Z</time>
    <extensions>
     <gpxdata:distance>18476.00</gpxdata:distance>
     <gpxdata:speed>7.247</gpxdata:speed>
    </extensions>
   </trkpt>
   <trkpt lat="47.4771070" lon="6.7532289">
    <ele>339</ele>
    <time>2026-06-09T16:06:32Z</time>
    <extensions>
     <gpxdata:distance>18483.50</gpxdata:distance>
     <gpxdata:speed>7.336</gpxdata:speed>
    </extensions>
   </trkpt>
   <trkpt lat="47.4771050" lon="6.7533303">
    <ele>339</ele>
    <time>2026-06-09T16:06:33Z</time>
    <extensions>
     <gpxdata:distance>18491.00</gpxdata:distance>
     <gpxdata:speed>7.439</gpxdata:speed>
    </extensions>
   </trkpt>
   <trkpt lat="47.4771031" lon="6.7534329">
    <ele>339</ele>
    <time>2026-06-09T16:06:34Z</time>
    <extensions>
     <gpxdata:distance>18499.00</gpxdata:distance>
     <gpxdata:speed>7.536</gpxdata:speed>
    </extensions>
   </trkpt>
   <trkpt lat="47.4771006" lon="6.7535359">
    <ele>339</ele>
    <time>2026-06-09T16:06:35Z</time>
    <extensions>
     <gpxdata:distance>18507.00</gpxdata:distance>
     <gpxdata:speed>7.606</gpxdata:speed>
    </extensions>
   </trkpt>
   <trkpt lat="47.4770973" lon="6.7536383">
    <ele>339</ele>
    <time>2026-06-09T16:06:36Z</time>
    <extensions>
     <gpxdata:distance>18514.50</gpxdata:distance>
     <gpxdata:speed>7.636</gpxdata:speed>
    </extensions>
   </trkpt>
   <trkpt lat="47.4770940" lon="6.7537404">
    <ele>339</ele>
    <time>2026-06-09T16:06:37Z</time>
    <extensions>
     <gpxdata:distance>18522.00</gpxdata:distance>
     <gpxdata:speed>7.658</gpxdata:speed>
    </extensions>
   </trkpt>
   <trkpt lat="47.4770910" lon="6.7538425">
    <ele>339</ele>
    <time>2026-06-09T16:06:38Z</time>
    <extensions>
     <gpxdata:distance>18529.50</gpxdata:distance>
     <gpxdata:speed>7.678</gpxdata:speed>
    </extensions>
   </trkpt>
   <trkpt lat="47.4770883" lon="6.7539446">
    <ele>339</ele>
    <time>2026-06-09T16:06:39Z</time>
    <extensions>
     <gpxdata:distance>18537.00</gpxdata:distance>
     <gpxdata:speed>7.689</gpxdata:speed>
    </extensions>
   </trkpt>
   <trkpt lat="47.4770860" lon="6.7540470">
    <ele>339</ele>
    <time>2026-06-09T16:06:40Z</time>
    <extensions>
     <gpxdata:distance>18545.00</gpxdata:distance>
     <gpxdata:speed>7.703</gpxdata:speed>
    </extensions>
   </trkpt>
   <trkpt lat="47.4770839" lon="6.7541501">
    <ele>339</ele>
    <time>2026-06-09T16:06:41Z</time>
    <extensions>
     <gpxdata:distance>18553.00</gpxdata:distance>
     <gpxdata:speed>7.731</gpxdata:speed>
    </extensions>
   </trkpt>
   <trkpt lat="47.4770820" lon="6.7542533">
    <ele>339</ele>
    <time>2026-06-09T16:06:42Z</time>
    <extensions>
     <gpxdata:distance>18560.50</gpxdata:distance>
     <gpxdata:speed>7.742</gpxdata:speed>
    </extensions>
   </trkpt>
   <trkpt lat="47.4770805" lon="6.7543552">
    <ele>339</ele>
    <time>2026-06-09T16:06:43Z</time>
    <extensions>
     <gpxdata:distance>18568.00</gpxdata:distance>
     <gpxdata:speed>7.706</gpxdata:speed>
    </extensions>
   </trkpt>
   <trkpt lat="47.4770788" lon="6.7544555">
    <ele>339</ele>
    <time>2026-06-09T16:06:44Z</time>
    <extensions>
     <gpxdata:distance>18572.00</gpxdata:distance>
     <gpxdata:speed>7.644</gpxdata:speed>
    </extensions>
   </trkpt>
   <trkpt lat="47.4770765" lon="6.7545549">
    <ele>339</ele>
    <time>2026-06-09T16:06:45Z</time>
    <extensions>
     <gpxdata:distance>18576.00</gpxdata:distance>
     <gpxdata:speed>7.644</gpxdata:speed>
    </extensions>
   </trkpt>
   <trkpt lat="47.4770742" lon="6.7546538">
    <ele>339</ele>
    <time>2026-06-09T16:06:46Z</time>
    <extensions>
     <gpxdata:distance>18587.00</gpxdata:distance>
     <gpxdata:speed>7.542</gpxdata:speed>
    </extensions>
   </trkpt>
   <trkpt lat="47.4770725" lon="6.7547523">
    <ele>339</ele>
    <time>2026-06-09T16:06:47Z</time>
    <extensions>
     <gpxdata:distance>18598.00</gpxdata:distance>
     <gpxdata:speed>7.497</gpxdata:speed>
    </extensions>
   </trkpt>
   <trkpt lat="47.4770712" lon="6.7548495">
    <ele>339</ele>
    <time>2026-06-09T16:06:48Z</time>
    <extensions>
     <gpxdata:distance>18605.00</gpxdata:distance>
     <gpxdata:speed>7.428</gpxdata:speed>
    </extensions>
   </trkpt>
   <trkpt lat="47.4770685" lon="6.7549435">
    <ele>339</ele>
    <time>2026-06-09T16:06:49Z</time>
    <extensions>
     <gpxdata:distance>18612.00</gpxdata:distance>
     <gpxdata:speed>7.292</gpxdata:speed>
    </extensions>
   </trkpt>
   <trkpt lat="47.4770633" lon="6.7550338">
    <ele>339</ele>
    <time>2026-06-09T16:06:50Z</time>
    <extensions>
     <gpxdata:distance>18618.50</gpxdata:distance>
     <gpxdata:speed>6.911</gpxdata:speed>
    </extensions>
   </trkpt>
   <trkpt lat="47.4770570" lon="6.7551213">
    <ele>339</ele>
    <time>2026-06-09T16:06:51Z</time>
    <extensions>
     <gpxdata:distance>18625.00</gpxdata:distance>
     <gpxdata:speed>6.711</gpxdata:speed>
    </extensions>
   </trkpt>
   <trkpt lat="47.4770513" lon="6.7552061">
    <ele>339</ele>
    <time>2026-06-09T16:06:52Z</time>
    <extensions>
     <gpxdata:distance>18631.50</gpxdata:distance>
     <gpxdata:speed>6.492</gpxdata:speed>
    </extensions>
   </trkpt>
   <trkpt lat="47.4770483" lon="6.7552904">
    <ele>339</ele>
    <time>2026-06-09T16:06:53Z</time>
    <extensions>
     <gpxdata:distance>18638.00</gpxdata:distance>
     <gpxdata:speed>6.442</gpxdata:speed>
    </extensions>
   </trkpt>
   <trkpt lat="47.4770479" lon="6.7553764">
    <ele>339</ele>
    <time>2026-06-09T16:06:54Z</time>
    <extensions>
     <gpxdata:distance>18644.50</gpxdata:distance>
     <gpxdata:speed>6.536</gpxdata:speed>
    </extensions>
   </trkpt>
   <trkpt lat="47.4770488" lon="6.7554646">
    <ele>339</ele>
    <time>2026-06-09T16:06:55Z</time>
    <extensions>
     <gpxdata:distance>18651.00</gpxdata:distance>
     <gpxdata:speed>6.642</gpxdata:speed>
    </extensions>
   </trkpt>
   <trkpt lat="47.4770496" lon="6.7555536">
    <ele>339</ele>
    <time>2026-06-09T16:06:56Z</time>
    <extensions>
     <gpxdata:distance>18658.00</gpxdata:distance>
     <gpxdata:speed>6.672</gpxdata:speed>
    </extensions>
   </trkpt>
   <trkpt lat="47.4770498" lon="6.7556433">
    <ele>339</ele>
    <time>2026-06-09T16:06:57Z</time>
    <extensions>
     <gpxdata:distance>18665.00</gpxdata:distance>
     <gpxdata:speed>6.706</gpxdata:speed>
    </extensions>
   </trkpt>
   <trkpt lat="47.4770483" lon="6.7557340">
    <ele>339</ele>
    <time>2026-06-09T16:06:58Z</time>
    <extensions>
     <gpxdata:distance>18672.00</gpxdata:distance>
     <gpxdata:speed>6.750</gpxdata:speed>
    </extensions>
   </trkpt>
   <trkpt lat="47.4770454" lon="6.7558261">
    <ele>340</ele>
    <time>2026-06-09T16:06:59Z</time>
    <extensions>
     <gpxdata:distance>18679.00</gpxdata:distance>
     <gpxdata:speed>6.819</gpxdata:speed>
    </extensions>
   </trkpt>
   <trkpt lat="47.4770431" lon="6.7559195">
    <ele>340</ele>
    <time>2026-06-09T16:07:00Z</time>
    <extensions>
     <gpxdata:distance>18686.00</gpxdata:distance>
     <gpxdata:speed>6.819</gpxdata:speed>
    </extensions>
   </trkpt>
   <trkpt lat="47.4770412" lon="6.7560135">
    <ele>340</ele>
    <time>2026-06-09T16:07:01Z</time>
    <extensions>
     <gpxdata:distance>18693.00</gpxdata:distance>
     <gpxdata:speed>6.961</gpxdata:speed>
    </extensions>
   </trkpt>
   <trkpt lat="47.4770401" lon="6.7561070">
    <ele>340</ele>
    <time>2026-06-09T16:07:02Z</time>
    <extensions>
     <gpxdata:distance>18696.50</gpxdata:distance>
     <gpxdata:speed>6.986</gpxdata:speed>
    </extensions>
   </trkpt>
   <trkpt lat="47.4770387" lon="6.7561991">
    <ele>340</ele>
    <time>2026-06-09T16:07:03Z</time>
    <extensions>
     <gpxdata:distance>18700.00</gpxdata:distance>
     <gpxdata:speed>6.986</gpxdata:speed>
    </extensions>
   </trkpt>
   <trkpt lat="47.4770371" lon="6.7562892">
    <ele>340</ele>
    <time>2026-06-09T16:07:04Z</time>
    <extensions>
     <gpxdata:distance>18710.00</gpxdata:distance>
     <gpxdata:speed>6.894</gpxdata:speed>
    </extensions>
   </trkpt>
   <trkpt lat="47.4770351" lon="6.7563765">
    <ele>340</ele>
    <time>2026-06-09T16:07:05Z</time>
    <extensions>
     <gpxdata:distance>18720.00</gpxdata:distance>
     <gpxdata:speed>6.775</gpxdata:speed>
    </extensions>
   </trkpt>
   <trkpt lat="47.4770319" lon="6.7564602">
    <ele>340</ele>
    <time>2026-06-09T16:07:06Z</time>
    <extensions>
     <gpxdata:distance>18726.00</gpxdata:distance>
     <gpxdata:speed>6.606</gpxdata:speed>
    </extensions>
   </trkpt>
   <trkpt lat="47.4770278" lon="6.7565393">
    <ele>340</ele>
    <time>2026-06-09T16:07:07Z</time>
    <extensions>
     <gpxdata:distance>18732.00</gpxdata:distance>
     <gpxdata:speed>6.092</gpxdata:speed>
    </extensions>
   </trkpt>
   <trkpt lat="47.4770238" lon="6.7566124">
    <ele>340</ele>
    <time>2026-06-09T16:07:08Z</time>
    <extensions>
     <gpxdata:distance>18734.50</gpxdata:distance>
     <gpxdata:speed>5.642</gpxdata:speed>
    </extensions>
   </trkpt>
   <trkpt lat="47.4770228" lon="6.7566622">
    <ele>340</ele>
    <time>2026-06-09T16:07:09Z</time>
    <extensions>
     <gpxdata:distance>18737.00</gpxdata:distance>
     <gpxdata:speed>5.642</gpxdata:speed>
    </extensions>
   </trkpt>
   <trkpt lat="47.4770221" lon="6.7567234">
    <ele>340</ele>
    <time>2026-06-09T16:07:10Z</time>
    <extensions>
     <gpxdata:distance>18744.50</gpxdata:distance>
     <gpxdata:speed>5.331</gpxdata:speed>
    </extensions>
   </trkpt>
   <trkpt lat="47.4770212" lon="6.7567875">
    <ele>340</ele>
    <time>2026-06-09T16:07:11Z</time>
    <extensions>
     <gpxdata:distance>18752.00</gpxdata:distance>
     <gpxdata:speed>5.019</gpxdata:speed>
    </extensions>
   </trkpt>
   <trkpt lat="47.4770199" lon="6.7568523">
    <ele>340</ele>
    <time>2026-06-09T16:07:12Z</time>
    <extensions>
     <gpxdata:distance>18756.50</gpxdata:distance>
     <gpxdata:speed>4.981</gpxdata:speed>
    </extensions>
   </trkpt>
   <trkpt lat="47.4770184" lon="6.7569165">
    <ele>340</ele>
    <time>2026-06-09T16:07:13Z</time>
    <extensions>
     <gpxdata:distance>18761.00</gpxdata:distance>
     <gpxdata:speed>4.861</gpxdata:speed>
    </extensions>
   </trkpt>
   <trkpt lat="47.4770174" lon="6.7569788">
    <ele>340</ele>
    <time>2026-06-09T16:07:14Z</time>
    <extensions>
     <gpxdata:distance>18763.50</gpxdata:distance>
     <gpxdata:speed>4.686</gpxdata:speed>
    </extensions>
   </trkpt>
   <trkpt lat="47.4770171" lon="6.7570379">
    <ele>340</ele>
    <time>2026-06-09T16:07:15Z</time>
    <extensions>
     <gpxdata:distance>18766.00</gpxdata:distance>
     <gpxdata:speed>4.686</gpxdata:speed>
    </extensions>
   </trkpt>
   <trkpt lat="47.4770171" lon="6.7570916">
    <ele>340</ele>
    <time>2026-06-09T16:07:16Z</time>
    <extensions>
     <gpxdata:distance>18771.00</gpxdata:distance>
     <gpxdata:speed>4.431</gpxdata:speed>
    </extensions>
   </trkpt>
   <trkpt lat="47.4770159" lon="6.7571386">
    <ele>341</ele>
    <time>2026-06-09T16:07:17Z</time>
    <extensions>
     <gpxdata:distance>18776.00</gpxdata:distance>
     <gpxdata:speed>3.514</gpxdata:speed>
    </extensions>
   </trkpt>
   <trkpt lat="47.4770124" lon="6.7571787">
    <ele>341</ele>
    <time>2026-06-09T16:07:18Z</time>
    <extensions>
     <gpxdata:distance>18777.50</gpxdata:distance>
     <gpxdata:speed>3.514</gpxdata:speed>
    </extensions>
   </trkpt>
   <trkpt lat="47.4770082" lon="6.7572151">
    <ele>341</ele>
    <time>2026-06-09T16:07:19Z</time>
    <extensions>
     <gpxdata:distance>18779.00</gpxdata:distance>
     <gpxdata:speed>3.078</gpxdata:speed>
    </extensions>
   </trkpt>
   <trkpt lat="47.4770061" lon="6.7572367">
    <ele>341</ele>
    <time>2026-06-09T16:07:20Z</time>
    <extensions>
     <gpxdata:distance>18784.00</gpxdata:distance>
     <gpxdata:speed>2.853</gpxdata:speed>
    </extensions>
   </trkpt>
   <trkpt lat="47.4770039" lon="6.7572697">
    <ele>342</ele>
    <time>2026-06-09T16:07:21Z</time>
    <extensions>
     <gpxdata:distance>18789.00</gpxdata:distance>
     <gpxdata:speed>3.317</gpxdata:speed>
    </extensions>
   </trkpt>
   <trkpt lat="47.4770017" lon="6.7573394">
    <ele>342</ele>
    <time>2026-06-09T16:07:22Z</time>
    <extensions>
     <gpxdata:distance>18793.50</gpxdata:distance>
     <gpxdata:speed>3.758</gpxdata:speed>
    </extensions>
   </trkpt>
   <trkpt lat="47.4770021" lon="6.7573998">
    <ele>342</ele>
    <time>2026-06-09T16:07:23Z</time>
    <extensions>
     <gpxdata:distance>18798.00</gpxdata:distance>
     <gpxdata:speed>4.075</gpxdata:speed>
    </extensions>
   </trkpt>
   <trkpt lat="47.4770031" lon="6.7574652">
    <ele>342</ele>
    <time>2026-06-09T16:07:24Z</time>
    <extensions>
     <gpxdata:distance>18803.50</gpxdata:distance>
     <gpxdata:speed>4.861</gpxdata:speed>
    </extensions>
   </trkpt>
   <trkpt lat="47.4770038" lon="6.7575376">
    <ele>342</ele>
    <time>2026-06-09T16:07:25Z</time>
    <extensions>
     <gpxdata:distance>18809.00</gpxdata:distance>
     <gpxdata:speed>5.408</gpxdata:speed>
    </extensions>
   </trkpt>
   <trkpt lat="47.4770043" lon="6.7576157">
    <ele>342</ele>
    <time>2026-06-09T16:07:26Z</time>
    <extensions>
     <gpxdata:distance>18812.00</gpxdata:distance>
     <gpxdata:speed>5.408</gpxdata:speed>
    </extensions>
   </trkpt>
   <trkpt lat="47.4770050" lon="6.7576978">
    <ele>341</ele>
    <time>2026-06-09T16:07:27Z</time>
    <extensions>
     <gpxdata:distance>18815.00</gpxdata:distance>
     <gpxdata:speed>5.811</gpxdata:speed>
    </extensions>
   </trkpt>
   <trkpt lat="47.4770050" lon="6.7578118">
    <ele>341</ele>
    <time>2026-06-09T16:07:28Z</time>
    <extensions>
     <gpxdata:distance>18825.00</gpxdata:distance>
     <gpxdata:speed>6.369</gpxdata:speed>
    </extensions>
   </trkpt>
   <trkpt lat="47.4770028" lon="6.7579039">
    <ele>341</ele>
    <time>2026-06-09T16:07:29Z</time>
    <extensions>
     <gpxdata:distance>18835.00</gpxdata:distance>
     <gpxdata:speed>6.572</gpxdata:speed>
    </extensions>
   </trkpt>
   <trkpt lat="47.4769979" lon="6.7579939">
    <ele>341</ele>
    <time>2026-06-09T16:07:30Z</time>
    <extensions>
     <gpxdata:distance>18838.50</gpxdata:distance>
     <gpxdata:speed>6.572</gpxdata:speed>
    </extensions>
   </trkpt>
   <trkpt lat="47.4769908" lon="6.7580829">
    <ele>341</ele>
    <time>2026-06-09T16:07:31Z</time>
    <extensions>
     <gpxdata:distance>18842.00</gpxdata:distance>
     <gpxdata:speed>6.672</gpxdata:speed>
    </extensions>
   </trkpt>
   <trkpt lat="47.4769828" lon="6.7581711">
    <ele>341</ele>
    <time>2026-06-09T16:07:32Z</time>
    <extensions>
     <gpxdata:distance>18848.50</gpxdata:distance>
     <gpxdata:speed>6.675</gpxdata:speed>
    </extensions>
   </trkpt>
   <trkpt lat="47.4769747" lon="6.7582581">
    <ele>341</ele>
    <time>2026-06-09T16:07:33Z</time>
    <extensions>
     <gpxdata:distance>18855.00</gpxdata:distance>
     <gpxdata:speed>6.647</gpxdata:speed>
    </extensions>
   </trkpt>
   <trkpt lat="47.4769682" lon="6.7583448">
    <ele>341</ele>
    <time>2026-06-09T16:07:34Z</time>
    <extensions>
     <gpxdata:distance>18865.00</gpxdata:distance>
     <gpxdata:speed>6.611</gpxdata:speed>
    </extensions>
   </trkpt>
   <trkpt lat="47.4769638" lon="6.7584315">
    <ele>341</ele>
    <time>2026-06-09T16:07:35Z</time>
    <extensions>
     <gpxdata:distance>18875.00</gpxdata:distance>
     <gpxdata:speed>6.606</gpxdata:speed>
    </extensions>
   </trkpt>
   <trkpt lat="47.4769610" lon="6.7585189">
    <ele>341</ele>
    <time>2026-06-09T16:07:36Z</time>
    <extensions>
     <gpxdata:distance>18878.50</gpxdata:distance>
     <gpxdata:speed>6.614</gpxdata:speed>
    </extensions>
   </trkpt>
   <trkpt lat="47.4769593" lon="6.7586071">
    <ele>341</ele>
    <time>2026-06-09T16:07:37Z</time>
    <extensions>
     <gpxdata:distance>18882.00</gpxdata:distance>
     <gpxdata:speed>6.614</gpxdata:speed>
    </extensions>
   </trkpt>
   <trkpt lat="47.4769591" lon="6.7586958">
    <ele>341</ele>
    <time>2026-06-09T16:07:38Z</time>
    <extensions>
     <gpxdata:distance>18892.00</gpxdata:distance>
     <gpxdata:speed>6.650</gpxdata:speed>
    </extensions>
   </trkpt>
   <trkpt lat="47.4769596" lon="6.7587854">
    <ele>341</ele>
    <time>2026-06-09T16:07:39Z</time>
    <extensions>
     <gpxdata:distance>18902.00</gpxdata:distance>
     <gpxdata:speed>6.681</gpxdata:speed>
    </extensions>
   </trkpt>
   <trkpt lat="47.4769606" lon="6.7588753">
    <ele>341</ele>
    <time>2026-06-09T16:07:40Z</time>
    <extensions>
     <gpxdata:distance>18908.50</gpxdata:distance>
     <gpxdata:speed>6.711</gpxdata:speed>
    </extensions>
   </trkpt>
   <trkpt lat="47.4769611" lon="6.7589656">
    <ele>341</ele>
    <time>2026-06-09T16:07:41Z</time>
    <extensions>
     <gpxdata:distance>18915.00</gpxdata:distance>
     <gpxdata:speed>6.739</gpxdata:speed>
    </extensions>
   </trkpt>
   <trkpt lat="47.4769589" lon="6.7590559">
    <ele>341</ele>
    <time>2026-06-09T16:07:42Z</time>
    <extensions>
     <gpxdata:distance>18922.00</gpxdata:distance>
     <gpxdata:speed>6.761</gpxdata:speed>
    </extensions>
   </trkpt>
   <trkpt lat="47.4769544" lon="6.7591462">
    <ele>341</ele>
    <time>2026-06-09T16:07:43Z</time>
    <extensions>
     <gpxdata:distance>18929.00</gpxdata:distance>
     <gpxdata:speed>6.783</gpxdata:speed>
    </extensions>
   </trkpt>
   <trkpt lat="47.4769476" lon="6.7592365">
    <ele>341</ele>
    <time>2026-06-09T16:07:44Z</time>
    <extensions>
     <gpxdata:distance>18932.50</gpxdata:distance>
     <gpxdata:speed>6.806</gpxdata:speed>
    </extensions>
   </trkpt>
   <trkpt lat="47.4769366" lon="6.7593250">
    <ele>341</ele>
    <time>2026-06-09T16:07:45Z</time>
    <extensions>
     <gpxdata:distance>18936.00</gpxdata:distance>
     <gpxdata:speed>6.806</gpxdata:speed>
    </extensions>
   </trkpt>
   <trkpt lat="47.4769191" lon="6.7594103">
    <ele>341</ele>
    <time>2026-06-09T16:07:46Z</time>
    <extensions>
     <gpxdata:distance>18946.00</gpxdata:distance>
     <gpxdata:speed>6.775</gpxdata:speed>
    </extensions>
   </trkpt>
   <trkpt lat="47.4768944" lon="6.7594910">
    <ele>341</ele>
    <time>2026-06-09T16:07:47Z</time>
    <extensions>
     <gpxdata:distance>18956.00</gpxdata:distance>
     <gpxdata:speed>6.744</gpxdata:speed>
    </extensions>
   </trkpt>
   <trkpt lat="47.4768639" lon="6.7595675">
    <ele>341</ele>
    <time>2026-06-09T16:07:48Z</time>
    <extensions>
     <gpxdata:distance>18962.50</gpxdata:distance>
     <gpxdata:speed>6.728</gpxdata:speed>
    </extensions>
   </trkpt>
   <trkpt lat="47.4768300" lon="6.7596406">
    <ele>341</ele>
    <time>2026-06-09T16:07:49Z</time>
    <extensions>
     <gpxdata:distance>18969.00</gpxdata:distance>
     <gpxdata:speed>6.700</gpxdata:speed>
    </extensions>
   </trkpt>
   <trkpt lat="47.4767944" lon="6.7597114">
    <ele>341</ele>
    <time>2026-06-09T16:07:50Z</time>
    <extensions>
     <gpxdata:distance>18972.50</gpxdata:distance>
     <gpxdata:speed>6.667</gpxdata:speed>
    </extensions>
   </trkpt>
   <trkpt lat="47.4767590" lon="6.7597821">
    <ele>341</ele>
    <time>2026-06-09T16:07:51Z</time>
    <extensions>
     <gpxdata:distance>18976.00</gpxdata:distance>
     <gpxdata:speed>6.667</gpxdata:speed>
    </extensions>
   </trkpt>
   <trkpt lat="47.4767245" lon="6.7598548">
    <ele>342</ele>
    <time>2026-06-09T16:07:52Z</time>
    <extensions>
     <gpxdata:distance>18986.00</gpxdata:distance>
     <gpxdata:speed>6.658</gpxdata:speed>
    </extensions>
   </trkpt>
   <trkpt lat="47.4766937" lon="6.7599317">
    <ele>342</ele>
    <time>2026-06-09T16:07:53Z</time>
    <extensions>
     <gpxdata:distance>18996.00</gpxdata:distance>
     <gpxdata:speed>6.689</gpxdata:speed>
    </extensions>
   </trkpt>
   <trkpt lat="47.4766685" lon="6.7600118">
    <ele>342</ele>
    <time>2026-06-09T16:07:54Z</time>
    <extensions>
     <gpxdata:distance>19002.50</gpxdata:distance>
     <gpxdata:speed>6.672</gpxdata:speed>
    </extensions>
   </trkpt>
   <trkpt lat="47.4766493" lon="6.7600932">
    <ele>342</ele>
    <time>2026-06-09T16:07:55Z</time>
    <extensions>
     <gpxdata:distance>19009.00</gpxdata:distance>
     <gpxdata:speed>6.600</gpxdata:speed>
    </extensions>
   </trkpt>
   <trkpt lat="47.4766369" lon="6.7601737">
    <ele>342</ele>
    <time>2026-06-09T16:07:56Z</time>
    <extensions>
     <gpxdata:distance>19012.00</gpxdata:distance>
     <gpxdata:speed>6.600</gpxdata:speed>
    </extensions>
   </trkpt>
   <trkpt lat="47.4766310" lon="6.7602531">
    <ele>342</ele>
    <time>2026-06-09T16:07:57Z</time>
    <extensions>
     <gpxdata:distance>19015.00</gpxdata:distance>
     <gpxdata:speed>6.450</gpxdata:speed>
    </extensions>
   </trkpt>
   <trkpt lat="47.4766303" lon="6.7603322">
    <ele>342</ele>
    <time>2026-06-09T16:07:58Z</time>
    <extensions>
     <gpxdata:distance>19024.00</gpxdata:distance>
     <gpxdata:speed>6.131</gpxdata:speed>
    </extensions>
   </trkpt>
   <trkpt lat="47.4766338" lon="6.7604101">
    <ele>342</ele>
    <time>2026-06-09T16:07:59Z</time>
    <extensions>
     <gpxdata:distance>19033.00</gpxdata:distance>
     <gpxdata:speed>5.969</gpxdata:speed>
    </extensions>
   </trkpt>
   <trkpt lat="47.4766386" lon="6.7604661">
    <ele>342</ele>
    <time>2026-06-09T16:08:00Z</time>
    <extensions>
     <gpxdata:distance>19035.50</gpxdata:distance>
     <gpxdata:speed>5.969</gpxdata:speed>
    </extensions>
   </trkpt>
   <trkpt lat="47.4766485" lon="6.7605369">
    <ele>342</ele>
    <time>2026-06-09T16:08:01Z</time>
    <extensions>
     <gpxdata:distance>19038.00</gpxdata:distance>
     <gpxdata:speed>5.900</gpxdata:speed>
    </extensions>
   </trkpt>
   <trkpt lat="47.4766640" lon="6.7606114">
    <ele>342</ele>
    <time>2026-06-09T16:08:02Z</time>
    <extensions>
     <gpxdata:distance>19044.50</gpxdata:distance>
     <gpxdata:speed>6.006</gpxdata:speed>
    </extensions>
   </trkpt>
   <trkpt lat="47.4766922" lon="6.7607108">
    <ele>342</ele>
    <time>2026-06-09T16:08:03Z</time>
    <extensions>
     <gpxdata:distance>19051.00</gpxdata:distance>
     <gpxdata:speed>6.006</gpxdata:speed>
    </extensions>
   </trkpt>
   <trkpt lat="47.4767215" lon="6.7607860">
    <ele>342</ele>
    <time>2026-06-09T16:08:04Z</time>
    <extensions>
     <gpxdata:distance>19060.50</gpxdata:distance>
     <gpxdata:speed>6.175</gpxdata:speed>
    </extensions>
   </trkpt>
   <trkpt lat="47.4767556" lon="6.7608555">
    <ele>342</ele>
    <time>2026-06-09T16:08:05Z</time>
    <extensions>
     <gpxdata:distance>19070.00</gpxdata:distance>
     <gpxdata:speed>6.264</gpxdata:speed>
    </extensions>
   </trkpt>
   <trkpt lat="47.4767946" lon="6.7609204">
    <ele>342</ele>
    <time>2026-06-09T16:08:06Z</time>
    <extensions>
     <gpxdata:distance>19076.50</gpxdata:distance>
     <gpxdata:speed>6.353</gpxdata:speed>
    </extensions>
   </trkpt>
   <trkpt lat="47.4768369" lon="6.7609814">
    <ele>342</ele>
    <time>2026-06-09T16:08:07Z</time>
    <extensions>
     <gpxdata:distance>19083.00</gpxdata:distance>
     <gpxdata:speed>6.422</gpxdata:speed>
    </extensions>
   </trkpt>
   <trkpt lat="47.4768809" lon="6.7610402">
    <ele>342</ele>
    <time>2026-06-09T16:08:08Z</time>
    <extensions>
     <gpxdata:distance>19086.00</gpxdata:distance>
     <gpxdata:speed>6.475</gpxdata:speed>
    </extensions>
   </trkpt>
   <trkpt lat="47.4769262" lon="6.7610979">
    <ele>342</ele>
    <time>2026-06-09T16:08:09Z</time>
    <extensions>
     <gpxdata:distance>19089.00</gpxdata:distance>
     <gpxdata:speed>6.475</gpxdata:speed>
    </extensions>
   </trkpt>
   <trkpt lat="47.4769700" lon="6.7611567">
    <ele>342</ele>
    <time>2026-06-09T16:08:10Z</time>
    <extensions>
     <gpxdata:distance>19099.00</gpxdata:distance>
     <gpxdata:speed>6.556</gpxdata:speed>
    </extensions>
   </trkpt>
   <trkpt lat="47.4770107" lon="6.7612169">
    <ele>342</ele>
    <time>2026-06-09T16:08:11Z</time>
    <extensions>
     <gpxdata:distance>19109.00</gpxdata:distance>
     <gpxdata:speed>6.497</gpxdata:speed>
    </extensions>
   </trkpt>
   <trkpt lat="47.4770483" lon="6.7612766">
    <ele>342</ele>
    <time>2026-06-09T16:08:12Z</time>
    <extensions>
     <gpxdata:distance>19114.50</gpxdata:distance>
     <gpxdata:speed>6.361</gpxdata:speed>
    </extensions>
   </trkpt>
   <trkpt lat="47.4770841" lon="6.7613347">
    <ele>342</ele>
    <time>2026-06-09T16:08:13Z</time>
    <extensions>
     <gpxdata:distance>19120.00</gpxdata:distance>
     <gpxdata:speed>6.206</gpxdata:speed>
    </extensions>
   </trkpt>
   <trkpt lat="47.4771195" lon="6.7613909">
    <ele>342</ele>
    <time>2026-06-09T16:08:14Z</time>
    <extensions>
     <gpxdata:distance>19123.00</gpxdata:distance>
     <gpxdata:speed>6.058</gpxdata:speed>
    </extensions>
   </trkpt>
   <trkpt lat="47.4771559" lon="6.7614464">
    <ele>342</ele>
    <time>2026-06-09T16:08:15Z</time>
    <extensions>
     <gpxdata:distance>19126.00</gpxdata:distance>
     <gpxdata:speed>6.058</gpxdata:speed>
    </extensions>
   </trkpt>
   <trkpt lat="47.4771837" lon="6.7614873">
    <ele>342</ele>
    <time>2026-06-09T16:08:16Z</time>
    <extensions>
     <gpxdata:distance>19135.50</gpxdata:distance>
     <gpxdata:speed>6.014</gpxdata:speed>
    </extensions>
   </trkpt>
   <trkpt lat="47.4772329" lon="6.7615588">
    <ele>342</ele>
    <time>2026-06-09T16:08:17Z</time>
    <extensions>
     <gpxdata:distance>19145.00</gpxdata:distance>
     <gpxdata:speed>6.092</gpxdata:speed>
    </extensions>
   </trkpt>
   <trkpt lat="47.4772748" lon="6.7616206">
    <ele>342</ele>
    <time>2026-06-09T16:08:18Z</time>
    <extensions>
     <gpxdata:distance>19151.50</gpxdata:distance>
     <gpxdata:speed>6.194</gpxdata:speed>
    </extensions>
   </trkpt>
   <trkpt lat="47.4773160" lon="6.7616835">
    <ele>342</ele>
    <time>2026-06-09T16:08:19Z</time>
    <extensions>
     <gpxdata:distance>19158.00</gpxdata:distance>
     <gpxdata:speed>6.322</gpxdata:speed>
    </extensions>
   </trkpt>
   <trkpt lat="47.4773574" lon="6.7617483">
    <ele>342</ele>
    <time>2026-06-09T16:08:20Z</time>
    <extensions>
     <gpxdata:distance>19165.00</gpxdata:distance>
     <gpxdata:speed>6.450</gpxdata:speed>
    </extensions>
   </trkpt>
   <trkpt lat="47.4773993" lon="6.7618145">
    <ele>342</ele>
    <time>2026-06-09T16:08:21Z</time>
    <extensions>
     <gpxdata:distance>19172.00</gpxdata:distance>
     <gpxdata:speed>6.575</gpxdata:speed>
    </extensions>
   </trkpt>
   <trkpt lat="47.4774417" lon="6.7618811">
    <ele>342</ele>
    <time>2026-06-09T16:08:22Z</time>
    <extensions>
     <gpxdata:distance>19178.50</gpxdata:distance>
     <gpxdata:speed>6.683</gpxdata:speed>
    </extensions>
   </trkpt>
   <trkpt lat="47.4774847" lon="6.7619475">
    <ele>342</ele>
    <time>2026-06-09T16:08:23Z</time>
    <extensions>
     <gpxdata:distance>19185.00</gpxdata:distance>
     <gpxdata:speed>6.856</gpxdata:speed>
    </extensions>
   </trkpt>
   <trkpt lat="47.4775283" lon="6.7620140">
    <ele>342</ele>
    <time>2026-06-09T16:08:24Z</time>
    <extensions>
     <gpxdata:distance>19192.00</gpxdata:distance>
     <gpxdata:speed>6.933</gpxdata:speed>
    </extensions>
   </trkpt>
   <trkpt lat="47.4775724" lon="6.7620803">
    <ele>342</ele>
    <time>2026-06-09T16:08:25Z</time>
    <extensions>
     <gpxdata:distance>19199.00</gpxdata:distance>
     <gpxdata:speed>6.969</gpxdata:speed>
    </extensions>
   </trkpt>
   <trkpt lat="47.4776149" lon="6.7621471">
    <ele>342</ele>
    <time>2026-06-09T16:08:26Z</time>
    <extensions>
     <gpxdata:distance>19206.00</gpxdata:distance>
     <gpxdata:speed>6.897</gpxdata:speed>
    </extensions>
   </trkpt>
   <trkpt lat="47.4776545" lon="6.7622175">
    <ele>342</ele>
    <time>2026-06-09T16:08:27Z</time>
    <extensions>
     <gpxdata:distance>19213.00</gpxdata:distance>
     <gpxdata:speed>6.906</gpxdata:speed>
    </extensions>
   </trkpt>
   <trkpt lat="47.4776934" lon="6.7622886">
    <ele>342</ele>
    <time>2026-06-09T16:08:28Z</time>
    <extensions>
     <gpxdata:distance>19220.00</gpxdata:distance>
     <gpxdata:speed>6.906</gpxdata:speed>
    </extensions>
   </trkpt>
   <trkpt lat="47.4777344" lon="6.7623557">
    <ele>342</ele>
    <time>2026-06-09T16:08:29Z</time>
    <extensions>
     <gpxdata:distance>19227.00</gpxdata:distance>
     <gpxdata:speed>6.853</gpxdata:speed>
    </extensions>
   </trkpt>
   <trkpt lat="47.4777775" lon="6.7624187">
    <ele>342</ele>
    <time>2026-06-09T16:08:30Z</time>
    <extensions>
     <gpxdata:distance>19230.00</gpxdata:distance>
     <gpxdata:speed>6.853</gpxdata:speed>
    </extensions>
   </trkpt>
   <trkpt lat="47.4778229" lon="6.7624780">
    <ele>342</ele>
    <time>2026-06-09T16:08:31Z</time>
    <extensions>
     <gpxdata:distance>19233.00</gpxdata:distance>
     <gpxdata:speed>6.811</gpxdata:speed>
    </extensions>
   </trkpt>
   <trkpt lat="47.4778710" lon="6.7625324">
    <ele>342</ele>
    <time>2026-06-09T16:08:32Z</time>
    <extensions>
     <gpxdata:distance>19243.50</gpxdata:distance>
     <gpxdata:speed>6.781</gpxdata:speed>
    </extensions>
   </trkpt>
   <trkpt lat="47.4779234" lon="6.7625798">
    <ele>342</ele>
    <time>2026-06-09T16:08:33Z</time>
    <extensions>
     <gpxdata:distance>19254.00</gpxdata:distance>
     <gpxdata:speed>6.817</gpxdata:speed>
    </extensions>
   </trkpt>
   <trkpt lat="47.4779805" lon="6.7626184">
    <ele>342</ele>
    <time>2026-06-09T16:08:34Z</time>
    <extensions>
     <gpxdata:distance>19261.00</gpxdata:distance>
     <gpxdata:speed>6.889</gpxdata:speed>
    </extensions>
   </trkpt>
   <trkpt lat="47.4780414" lon="6.7626500">
    <ele>342</ele>
    <time>2026-06-09T16:08:35Z</time>
    <extensions>
     <gpxdata:distance>19268.00</gpxdata:distance>
     <gpxdata:speed>6.994</gpxdata:speed>
    </extensions>
   </trkpt>
   <trkpt lat="47.4781044" lon="6.7626776">
    <ele>342</ele>
    <time>2026-06-09T16:08:36Z</time>
    <extensions>
     <gpxdata:distance>19275.50</gpxdata:distance>
     <gpxdata:speed>7.097</gpxdata:speed>
    </extensions>
   </trkpt>
   <trkpt lat="47.4781689" lon="6.7627052">
    <ele>341</ele>
    <time>2026-06-09T16:08:37Z</time>
    <extensions>
     <gpxdata:distance>19283.00</gpxdata:distance>
     <gpxdata:speed>7.222</gpxdata:speed>
    </extensions>
   </trkpt>
   <trkpt lat="47.4782328" lon="6.7627369">
    <ele>341</ele>
    <time>2026-06-09T16:08:38Z</time>
    <extensions>
     <gpxdata:distance>19290.50</gpxdata:distance>
     <gpxdata:speed>7.314</gpxdata:speed>
    </extensions>
   </trkpt>
   <trkpt lat="47.4782950" lon="6.7627756">
    <ele>341</ele>
    <time>2026-06-09T16:08:39Z</time>
    <extensions>
     <gpxdata:distance>19298.00</gpxdata:distance>
     <gpxdata:speed>7.386</gpxdata:speed>
    </extensions>
   </trkpt>
   <trkpt lat="47.4783545" lon="6.7628228">
    <ele>341</ele>
    <time>2026-06-09T16:08:40Z</time>
    <extensions>
     <gpxdata:distance>19305.50</gpxdata:distance>
     <gpxdata:speed>7.467</gpxdata:speed>
    </extensions>
   </trkpt>
   <trkpt lat="47.4784110" lon="6.7628775">
    <ele>341</ele>
    <time>2026-06-09T16:08:41Z</time>
    <extensions>
     <gpxdata:distance>19313.00</gpxdata:distance>
     <gpxdata:speed>7.506</gpxdata:speed>
    </extensions>
   </trkpt>
   <trkpt lat="47.4784641" lon="6.7629394">
    <ele>341</ele>
    <time>2026-06-09T16:08:42Z</time>
    <extensions>
     <gpxdata:distance>19317.00</gpxdata:distance>
     <gpxdata:speed>7.519</gpxdata:speed>
    </extensions>
   </trkpt>
   <trkpt lat="47.4785129" lon="6.7630087">
    <ele>341</ele>
    <time>2026-06-09T16:08:43Z</time>
    <extensions>
     <gpxdata:distance>19321.00</gpxdata:distance>
     <gpxdata:speed>7.519</gpxdata:speed>
    </extensions>
   </trkpt>
   <trkpt lat="47.4785563" lon="6.7630854">
    <ele>341</ele>
    <time>2026-06-09T16:08:44Z</time>
    <extensions>
     <gpxdata:distance>19328.50</gpxdata:distance>
     <gpxdata:speed>7.533</gpxdata:speed>
    </extensions>
   </trkpt>
   <trkpt lat="47.4785951" lon="6.7631674">
    <ele>341</ele>
    <time>2026-06-09T16:08:45Z</time>
    <extensions>
     <gpxdata:distance>19336.00</gpxdata:distance>
     <gpxdata:speed>7.533</gpxdata:speed>
    </extensions>
   </trkpt>
   <trkpt lat="47.4786331" lon="6.7632504">
    <ele>341</ele>
    <time>2026-06-09T16:08:46Z</time>
    <extensions>
     <gpxdata:distance>19347.50</gpxdata:distance>
     <gpxdata:speed>7.531</gpxdata:speed>
    </extensions>
   </trkpt>
   <trkpt lat="47.4786724" lon="6.7633325">
    <ele>341</ele>
    <time>2026-06-09T16:08:47Z</time>
    <extensions>
     <gpxdata:distance>19359.00</gpxdata:distance>
     <gpxdata:speed>7.544</gpxdata:speed>
    </extensions>
   </trkpt>
   <trkpt lat="47.4787126" lon="6.7634142">
    <ele>342</ele>
    <time>2026-06-09T16:08:48Z</time>
    <extensions>
     <gpxdata:distance>19362.50</gpxdata:distance>
     <gpxdata:speed>7.567</gpxdata:speed>
    </extensions>
   </trkpt>
   <trkpt lat="47.4787535" lon="6.7634961">
    <ele>342</ele>
    <time>2026-06-09T16:08:49Z</time>
    <extensions>
     <gpxdata:distance>19366.00</gpxdata:distance>
     <gpxdata:speed>7.567</gpxdata:speed>
    </extensions>
   </trkpt>
   <trkpt lat="47.4787949" lon="6.7635783">
    <ele>342</ele>
    <time>2026-06-09T16:08:50Z</time>
    <extensions>
     <gpxdata:distance>19377.50</gpxdata:distance>
     <gpxdata:speed>7.644</gpxdata:speed>
    </extensions>
   </trkpt>
   <trkpt lat="47.4788366" lon="6.7636607">
    <ele>342</ele>
    <time>2026-06-09T16:08:51Z</time>
    <extensions>
     <gpxdata:distance>19389.00</gpxdata:distance>
     <gpxdata:speed>7.675</gpxdata:speed>
    </extensions>
   </trkpt>
   <trkpt lat="47.4788774" lon="6.7637416">
    <ele>342</ele>
    <time>2026-06-09T16:08:52Z</time>
    <extensions>
     <gpxdata:distance>19396.50</gpxdata:distance>
     <gpxdata:speed>7.631</gpxdata:speed>
    </extensions>
   </trkpt>
   <trkpt lat="47.4789161" lon="6.7638213">
    <ele>342</ele>
    <time>2026-06-09T16:08:53Z</time>
    <extensions>
     <gpxdata:distance>19404.00</gpxdata:distance>
     <gpxdata:speed>7.533</gpxdata:speed>
    </extensions>
   </trkpt>
   <trkpt lat="47.4789521" lon="6.7639001">
    <ele>342</ele>
    <time>2026-06-09T16:08:54Z</time>
    <extensions>
     <gpxdata:distance>19411.00</gpxdata:distance>
     <gpxdata:speed>7.533</gpxdata:speed>
    </extensions>
   </trkpt>
   <trkpt lat="47.4789866" lon="6.7639774">
    <ele>342</ele>
    <time>2026-06-09T16:08:55Z</time>
    <extensions>
     <gpxdata:distance>19418.00</gpxdata:distance>
     <gpxdata:speed>7.244</gpxdata:speed>
    </extensions>
   </trkpt>
   <trkpt lat="47.4790202" lon="6.7640530">
    <ele>342</ele>
    <time>2026-06-09T16:08:56Z</time>
    <extensions>
     <gpxdata:distance>19421.50</gpxdata:distance>
     <gpxdata:speed>7.092</gpxdata:speed>
    </extensions>
   </trkpt>
   <trkpt lat="47.4790531" lon="6.7641269">
    <ele>342</ele>
    <time>2026-06-09T16:08:57Z</time>
    <extensions>
     <gpxdata:distance>19425.00</gpxdata:distance>
     <gpxdata:speed>7.092</gpxdata:speed>
    </extensions>
   </trkpt>
   <trkpt lat="47.4790849" lon="6.7641988">
    <ele>342</ele>
    <time>2026-06-09T16:08:58Z</time>
    <extensions>
     <gpxdata:distance>19434.50</gpxdata:distance>
     <gpxdata:speed>6.542</gpxdata:speed>
    </extensions>
   </trkpt>
   <trkpt lat="47.4791144" lon="6.7642691">
    <ele>342</ele>
    <time>2026-06-09T16:08:59Z</time>
    <extensions>
     <gpxdata:distance>19444.00</gpxdata:distance>
     <gpxdata:speed>6.297</gpxdata:speed>
    </extensions>
   </trkpt>
   <trkpt lat="47.4791392" lon="6.7643348">
    <ele>342</ele>
    <time>2026-06-09T16:09:00Z</time>
    <extensions>
     <gpxdata:distance>19446.50</gpxdata:distance>
     <gpxdata:speed>6.297</gpxdata:speed>
    </extensions>
   </trkpt>
   <trkpt lat="47.4791506" lon="6.7643747">
    <ele>342</ele>
    <time>2026-06-09T16:09:01Z</time>
    <extensions>
     <gpxdata:distance>19449.00</gpxdata:distance>
     <gpxdata:speed>5.739</gpxdata:speed>
    </extensions>
   </trkpt>
   <trkpt lat="47.4791582" lon="6.7644162">
    <ele>342</ele>
    <time>2026-06-09T16:09:02Z</time>
    <extensions>
     <gpxdata:distance>19452.00</gpxdata:distance>
     <gpxdata:speed>4.242</gpxdata:speed>
    </extensions>
   </trkpt>
   <trkpt lat="47.4791641" lon="6.7644550">
    <ele>342</ele>
    <time>2026-06-09T16:09:03Z</time>
    <extensions>
     <gpxdata:distance>19455.00</gpxdata:distance>
     <gpxdata:speed>4.242</gpxdata:speed>
    </extensions>
   </trkpt>
   <trkpt lat="47.4791720" lon="6.7644953">
    <ele>342</ele>
    <time>2026-06-09T16:09:04Z</time>
    <extensions>
     <gpxdata:distance>19460.50</gpxdata:distance>
     <gpxdata:speed>3.525</gpxdata:speed>
    </extensions>
   </trkpt>
   <trkpt lat="47.4791820" lon="6.7645414">
    <ele>342</ele>
    <time>2026-06-09T16:09:05Z</time>
    <extensions>
     <gpxdata:distance>19466.00</gpxdata:distance>
     <gpxdata:speed>3.881</gpxdata:speed>
    </extensions>
   </trkpt>
   <trkpt lat="47.4791930" lon="6.7645941">
    <ele>342</ele>
    <time>2026-06-09T16:09:06Z</time>
    <extensions>
     <gpxdata:distance>19471.00</gpxdata:distance>
     <gpxdata:speed>4.256</gpxdata:speed>
    </extensions>
   </trkpt>
   <trkpt lat="47.4792056" lon="6.7646527">
    <ele>342</ele>
    <time>2026-06-09T16:09:07Z</time>
    <extensions>
     <gpxdata:distance>19476.00</gpxdata:distance>
     <gpxdata:speed>4.656</gpxdata:speed>
    </extensions>
   </trkpt>
   <trkpt lat="47.4792195" lon="6.7647151">
    <ele>342</ele>
    <time>2026-06-09T16:09:08Z</time>
    <extensions>
     <gpxdata:distance>19481.00</gpxdata:distance>
     <gpxdata:speed>4.900</gpxdata:speed>
    </extensions>
   </trkpt>
   <trkpt lat="47.4792345" lon="6.7647799">
    <ele>342</ele>
    <time>2026-06-09T16:09:09Z</time>
    <extensions>
     <gpxdata:distance>19486.00</gpxdata:distance>
     <gpxdata:speed>4.992</gpxdata:speed>
    </extensions>
   </trkpt>
   <trkpt lat="47.4792505" lon="6.7648465">
    <ele>342</ele>
    <time>2026-06-09T16:09:10Z</time>
    <extensions>
     <gpxdata:distance>19491.50</gpxdata:distance>
     <gpxdata:speed>5.117</gpxdata:speed>
    </extensions>
   </trkpt>
   <trkpt lat="47.4792676" lon="6.7649145">
    <ele>342</ele>
    <time>2026-06-09T16:09:11Z</time>
    <extensions>
     <gpxdata:distance>19497.00</gpxdata:distance>
     <gpxdata:speed>5.397</gpxdata:speed>
    </extensions>
   </trkpt>
   <trkpt lat="47.4792852" lon="6.7649840">
    <ele>342</ele>
    <time>2026-06-09T16:09:12Z</time>
    <extensions>
     <gpxdata:distance>19503.00</gpxdata:distance>
     <gpxdata:speed>5.569</gpxdata:speed>
    </extensions>
   </trkpt>
   <trkpt lat="47.4793025" lon="6.7650558">
    <ele>342</ele>
    <time>2026-06-09T16:09:13Z</time>
    <extensions>
     <gpxdata:distance>19509.00</gpxdata:distance>
     <gpxdata:speed>5.719</gpxdata:speed>
    </extensions>
   </trkpt>
   <trkpt lat="47.4793190" lon="6.7651293">
    <ele>342</ele>
    <time>2026-06-09T16:09:14Z</time>
    <extensions>
     <gpxdata:distance>19512.00</gpxdata:distance>
     <gpxdata:speed>5.822</gpxdata:speed>
    </extensions>
   </trkpt>
   <trkpt lat="47.4793352" lon="6.7652049">
    <ele>342</ele>
    <time>2026-06-09T16:09:15Z</time>
    <extensions>
     <gpxdata:distance>19515.00</gpxdata:distance>
     <gpxdata:speed>5.822</gpxdata:speed>
    </extensions>
   </trkpt>
   <trkpt lat="47.4793516" lon="6.7652816">
    <ele>342</ele>
    <time>2026-06-09T16:09:16Z</time>
    <extensions>
     <gpxdata:distance>19524.00</gpxdata:distance>
     <gpxdata:speed>6.044</gpxdata:speed>
    </extensions>
   </trkpt>
   <trkpt lat="47.4793744" lon="6.7653840">
    <ele>342</ele>
    <time>2026-06-09T16:09:17Z</time>
    <extensions>
     <gpxdata:distance>19533.00</gpxdata:distance>
     <gpxdata:speed>6.081</gpxdata:speed>
    </extensions>
   </trkpt>
   <trkpt lat="47.4793928" lon="6.7654639">
    <ele>342</ele>
    <time>2026-06-09T16:09:18Z</time>
    <extensions>
     <gpxdata:distance>19539.00</gpxdata:distance>
     <gpxdata:speed>6.100</gpxdata:speed>
    </extensions>
   </trkpt>
   <trkpt lat="47.4794107" lon="6.7655402">
    <ele>342</ele>
    <time>2026-06-09T16:09:19Z</time>
    <extensions>
     <gpxdata:distance>19545.00</gpxdata:distance>
     <gpxdata:speed>6.083</gpxdata:speed>
    </extensions>
   </trkpt>
   <trkpt lat="47.4794288" lon="6.7656146">
    <ele>342</ele>
    <time>2026-06-09T16:09:20Z</time>
    <extensions>
     <gpxdata:distance>19550.50</gpxdata:distance>
     <gpxdata:speed>6.033</gpxdata:speed>
    </extensions>
   </trkpt>
   <trkpt lat="47.4794472" lon="6.7656857">
    <ele>342</ele>
    <time>2026-06-09T16:09:21Z</time>
    <extensions>
     <gpxdata:distance>19556.00</gpxdata:distance>
     <gpxdata:speed>5.914</gpxdata:speed>
    </extensions>
   </trkpt>
   <trkpt lat="47.4794605" lon="6.7657341">
    <ele>342</ele>
    <time>2026-06-09T16:09:22Z</time>
    <extensions>
     <gpxdata:distance>19561.00</gpxdata:distance>
     <gpxdata:speed>5.736</gpxdata:speed>
    </extensions>
   </trkpt>
   <trkpt lat="47.4794769" lon="6.7657904">
    <ele>342</ele>
    <time>2026-06-09T16:09:23Z</time>
    <extensions>
     <gpxdata:distance>19566.00</gpxdata:distance>
     <gpxdata:speed>5.069</gpxdata:speed>
    </extensions>
   </trkpt>
   <trkpt lat="47.4794935" lon="6.7658422">
    <ele>342</ele>
    <time>2026-06-09T16:09:24Z</time>
    <extensions>
     <gpxdata:distance>19569.50</gpxdata:distance>
     <gpxdata:speed>4.406</gpxdata:speed>
    </extensions>
   </trkpt>
   <trkpt lat="47.4795094" lon="6.7658868">
    <ele>342</ele>
    <time>2026-06-09T16:09:25Z</time>
    <extensions>
     <gpxdata:distance>19573.00</gpxdata:distance>
     <gpxdata:speed>3.844</gpxdata:speed>
    </extensions>
   </trkpt>
   <trkpt lat="47.4795251" lon="6.7659268">
    <ele>342</ele>
    <time>2026-06-09T16:09:26Z</time>
    <extensions>
     <gpxdata:distance>19576.00</gpxdata:distance>
     <gpxdata:speed>3.567</gpxdata:speed>
    </extensions>
   </trkpt>
   <trkpt lat="47.4795410" lon="6.7659641">
    <ele>342</ele>
    <time>2026-06-09T16:09:27Z</time>
    <extensions>
     <gpxdata:distance>19579.00</gpxdata:distance>
     <gpxdata:speed>3.403</gpxdata:speed>
    </extensions>
   </trkpt>
   <trkpt lat="47.4795580" lon="6.7659979">
    <ele>342</ele>
    <time>2026-06-09T16:09:28Z</time>
    <extensions>
     <gpxdata:distance>19582.50</gpxdata:distance>
     <gpxdata:speed>3.247</gpxdata:speed>
    </extensions>
   </trkpt>
   <trkpt lat="47.4795780" lon="6.7660272">
    <ele>342</ele>
    <time>2026-06-09T16:09:29Z</time>
    <extensions>
     <gpxdata:distance>19586.00</gpxdata:distance>
     <gpxdata:speed>3.242</gpxdata:speed>
    </extensions>
   </trkpt>
   <trkpt lat="47.4796016" lon="6.7660533">
    <ele>342</ele>
    <time>2026-06-09T16:09:30Z</time>
    <extensions>
     <gpxdata:distance>19587.50</gpxdata:distance>
     <gpxdata:speed>3.367</gpxdata:speed>
    </extensions>
   </trkpt>
   <trkpt lat="47.4796262" lon="6.7660812">
    <ele>342</ele>
    <time>2026-06-09T16:09:31Z</time>
    <extensions>
     <gpxdata:distance>19589.00</gpxdata:distance>
     <gpxdata:speed>3.367</gpxdata:speed>
    </extensions>
   </trkpt>
   <trkpt lat="47.4796472" lon="6.7661158">
    <ele>342</ele>
    <time>2026-06-09T16:09:32Z</time>
    <extensions>
     <gpxdata:distance>19592.50</gpxdata:distance>
     <gpxdata:speed>3.497</gpxdata:speed>
    </extensions>
   </trkpt>
   <trkpt lat="47.4796629" lon="6.7661559">
    <ele>342</ele>
    <time>2026-06-09T16:09:33Z</time>
    <extensions>
     <gpxdata:distance>19596.00</gpxdata:distance>
     <gpxdata:speed>3.597</gpxdata:speed>
    </extensions>
   </trkpt>
   <trkpt lat="47.4796748" lon="6.7661976">
    <ele>341</ele>
    <time>2026-06-09T16:09:34Z</time>
    <extensions>
     <gpxdata:distance>19601.50</gpxdata:distance>
     <gpxdata:speed>3.475</gpxdata:speed>
    </extensions>
   </trkpt>
   <trkpt lat="47.4796855" lon="6.7662404">
    <ele>341</ele>
    <time>2026-06-09T16:09:35Z</time>
    <extensions>
     <gpxdata:distance>19607.00</gpxdata:distance>
     <gpxdata:speed>3.467</gpxdata:speed>
    </extensions>
   </trkpt>
   <trkpt lat="47.4796962" lon="6.7662862">
    <ele>341</ele>
    <time>2026-06-09T16:09:36Z</time>
    <extensions>
     <gpxdata:distance>19611.00</gpxdata:distance>
     <gpxdata:speed>3.467</gpxdata:speed>
    </extensions>
   </trkpt>
   <trkpt lat="47.4797081" lon="6.7663341">
    <ele>341</ele>
    <time>2026-06-09T16:09:37Z</time>
    <extensions>
     <gpxdata:distance>19615.00</gpxdata:distance>
     <gpxdata:speed>3.694</gpxdata:speed>
    </extensions>
   </trkpt>
   <trkpt lat="47.4797203" lon="6.7663834">
    <ele>341</ele>
    <time>2026-06-09T16:09:38Z</time>
    <extensions>
     <gpxdata:distance>19618.50</gpxdata:distance>
     <gpxdata:speed>3.797</gpxdata:speed>
    </extensions>
   </trkpt>
   <trkpt lat="47.4797325" lon="6.7664323">
    <ele>341</ele>
    <time>2026-06-09T16:09:39Z</time>
    <extensions>
     <gpxdata:distance>19622.00</gpxdata:distance>
     <gpxdata:speed>3.839</gpxdata:speed>
    </extensions>
   </trkpt>
   <trkpt lat="47.4797441" lon="6.7664773">
    <ele>341</ele>
    <time>2026-06-09T16:09:40Z</time>
    <extensions>
     <gpxdata:distance>19625.00</gpxdata:distance>
     <gpxdata:speed>3.708</gpxdata:speed>
    </extensions>
   </trkpt>
   <trkpt lat="47.4797553" lon="6.7665173">
    <ele>341</ele>
    <time>2026-06-09T16:09:41Z</time>
    <extensions>
     <gpxdata:distance>19628.00</gpxdata:distance>
     <gpxdata:speed>3.233</gpxdata:speed>
    </extensions>
   </trkpt>
   <trkpt lat="47.4797654" lon="6.7665527">
    <ele>341</ele>
    <time>2026-06-09T16:09:42Z</time>
    <extensions>
     <gpxdata:distance>19629.50</gpxdata:distance>
     <gpxdata:speed>2.883</gpxdata:speed>
    </extensions>
   </trkpt>
   <trkpt lat="47.4797672" lon="6.7665698">
    <ele>341</ele>
    <time>2026-06-09T16:09:43Z</time>
    <extensions>
     <gpxdata:distance>19631.00</gpxdata:distance>
     <gpxdata:speed>2.883</gpxdata:speed>
    </extensions>
   </trkpt>
   <trkpt lat="47.4797637" lon="6.7665859">
    <ele>342</ele>
    <time>2026-06-09T16:09:44Z</time>
    <extensions>
     <gpxdata:distance>19631.50</gpxdata:distance>
     <gpxdata:speed>2.450</gpxdata:speed>
    </extensions>
   </trkpt>
   <trkpt lat="47.4797554" lon="6.7665925">
    <ele>342</ele>
    <time>2026-06-09T16:09:45Z</time>
    <extensions>
     <gpxdata:distance>19632.00</gpxdata:distance>
     <gpxdata:speed>2.450</gpxdata:speed>
    </extensions>
   </trkpt>
   <trkpt lat="47.4797460" lon="6.7665867">
    <ele>342</ele>
    <time>2026-06-09T16:09:46Z</time>
    <extensions>
     <gpxdata:distance>19635.00</gpxdata:distance>
     <gpxdata:speed>2.181</gpxdata:speed>
    </extensions>
   </trkpt>
   <trkpt lat="47.4797374" lon="6.7665690">
    <ele>342</ele>
    <time>2026-06-09T16:09:47Z</time>
    <extensions>
     <gpxdata:distance>19638.00</gpxdata:distance>
     <gpxdata:speed>2.525</gpxdata:speed>
    </extensions>
   </trkpt>
   <trkpt lat="47.4797301" lon="6.7665416">
    <ele>342</ele>
    <time>2026-06-09T16:09:48Z</time>
    <extensions>
     <gpxdata:distance>19641.50</gpxdata:distance>
     <gpxdata:speed>2.842</gpxdata:speed>
    </extensions>
   </trkpt>
   <trkpt lat="47.4797238" lon="6.7665069">
    <ele>342</ele>
    <time>2026-06-09T16:09:49Z</time>
    <extensions>
     <gpxdata:distance>19645.00</gpxdata:distance>
     <gpxdata:speed>2.997</gpxdata:speed>
    </extensions>
   </trkpt>
   <trkpt lat="47.4797171" lon="6.7664676">
    <ele>342</ele>
    <time>2026-06-09T16:09:50Z</time>
    <extensions>
     <gpxdata:distance>19648.50</gpxdata:distance>
     <gpxdata:speed>3.158</gpxdata:speed>
    </extensions>
   </trkpt>
   <trkpt lat="47.4797040" lon="6.7663993">
    <ele>342</ele>
    <time>2026-06-09T16:09:51Z</time>
    <extensions>
     <gpxdata:distance>19652.00</gpxdata:distance>
     <gpxdata:speed>3.306</gpxdata:speed>
    </extensions>
   </trkpt>
   <trkpt lat="47.4796932" lon="6.7663506">
    <ele>342</ele>
    <time>2026-06-09T16:09:52Z</time>
    <extensions>
     <gpxdata:distance>19655.00</gpxdata:distance>
     <gpxdata:speed>3.392</gpxdata:speed>
    </extensions>
   </trkpt>
   <trkpt lat="47.4796831" lon="6.7663079">
    <ele>342</ele>
    <time>2026-06-09T16:09:53Z</time>
    <extensions>
     <gpxdata:distance>19658.00</gpxdata:distance>
     <gpxdata:speed>3.356</gpxdata:speed>
    </extensions>
   </trkpt>
   <trkpt lat="47.4796745" lon="6.7662698">
    <ele>342</ele>
    <time>2026-06-09T16:09:54Z</time>
    <extensions>
     <gpxdata:distance>19659.50</gpxdata:distance>
     <gpxdata:speed>3.200</gpxdata:speed>
    </extensions>
   </trkpt>
   <trkpt lat="47.4796713" lon="6.7662361">
    <ele>342</ele>
    <time>2026-06-09T16:09:55Z</time>
    <extensions>
     <gpxdata:distance>19661.00</gpxdata:distance>
     <gpxdata:speed>3.200</gpxdata:speed>
    </extensions>
   </trkpt>
   <trkpt lat="47.4796751" lon="6.7662204">
    <ele>342</ele>
    <time>2026-06-09T16:09:56Z</time>
    <extensions>
     <gpxdata:distance>19664.50</gpxdata:distance>
     <gpxdata:speed>2.969</gpxdata:speed>
    </extensions>
   </trkpt>
   <trkpt lat="47.4796875" lon="6.7662028">
    <ele>343</ele>
    <time>2026-06-09T16:09:57Z</time>
    <extensions>
     <gpxdata:distance>19668.00</gpxdata:distance>
     <gpxdata:speed>2.911</gpxdata:speed>
    </extensions>
   </trkpt>
   <trkpt lat="47.4797080" lon="6.7661857">
    <ele>343</ele>
    <time>2026-06-09T16:09:58Z</time>
    <extensions>
     <gpxdata:distance>19672.00</gpxdata:distance>
     <gpxdata:speed>3.142</gpxdata:speed>
    </extensions>
   </trkpt>
   <trkpt lat="47.4797492" lon="6.7661588">
    <ele>343</ele>
    <time>2026-06-09T16:09:59Z</time>
    <extensions>
     <gpxdata:distance>19676.00</gpxdata:distance>
     <gpxdata:speed>3.278</gpxdata:speed>
    </extensions>
   </trkpt>
   <trkpt lat="47.4797812" lon="6.7661412">
    <ele>343</ele>
    <time>2026-06-09T16:10:00Z</time>
    <extensions>
     <gpxdata:distance>19679.50</gpxdata:distance>
     <gpxdata:speed>3.278</gpxdata:speed>
    </extensions>
   </trkpt>
   <trkpt lat="47.4798131" lon="6.7661255">
    <ele>344</ele>
    <time>2026-06-09T16:10:01Z</time>
    <extensions>
     <gpxdata:distance>19683.00</gpxdata:distance>
     <gpxdata:speed>3.494</gpxdata:speed>
    </extensions>
   </trkpt>
   <trkpt lat="47.4798470" lon="6.7661084">
    <ele>344</ele>
    <time>2026-06-09T16:10:02Z</time>
    <extensions>
     <gpxdata:distance>19687.50</gpxdata:distance>
     <gpxdata:speed>3.967</gpxdata:speed>
    </extensions>
   </trkpt>
   <trkpt lat="47.4798830" lon="6.7660887">
    <ele>344</ele>
    <time>2026-06-09T16:10:03Z</time>
    <extensions>
     <gpxdata:distance>19692.00</gpxdata:distance>
     <gpxdata:speed>4.272</gpxdata:speed>
    </extensions>
   </trkpt>
   <trkpt lat="47.4799212" lon="6.7660673">
    <ele>344</ele>
    <time>2026-06-09T16:10:04Z</time>
    <extensions>
     <gpxdata:distance>19694.50</gpxdata:distance>
     <gpxdata:speed>4.547</gpxdata:speed>
    </extensions>
   </trkpt>
   <trkpt lat="47.4799619" lon="6.7660451">
    <ele>344</ele>
    <time>2026-06-09T16:10:05Z</time>
    <extensions>
     <gpxdata:distance>19697.00</gpxdata:distance>
     <gpxdata:speed>4.547</gpxdata:speed>
    </extensions>
   </trkpt>
   <trkpt lat="47.4800053" lon="6.7660218">
    <ele>344</ele>
    <time>2026-06-09T16:10:06Z</time>
    <extensions>
     <gpxdata:distance>19705.00</gpxdata:distance>
     <gpxdata:speed>5.083</gpxdata:speed>
    </extensions>
   </trkpt>
   <trkpt lat="47.4800502" lon="6.7659964">
    <ele>344</ele>
    <time>2026-06-09T16:10:07Z</time>
    <extensions>
     <gpxdata:distance>19713.00</gpxdata:distance>
     <gpxdata:speed>5.322</gpxdata:speed>
    </extensions>
   </trkpt>
   <trkpt lat="47.4800963" lon="6.7659681">
    <ele>344</ele>
    <time>2026-06-09T16:10:08Z</time>
    <extensions>
     <gpxdata:distance>19719.00</gpxdata:distance>
     <gpxdata:speed>5.533</gpxdata:speed>
    </extensions>
   </trkpt>
   <trkpt lat="47.4801435" lon="6.7659366">
    <ele>344</ele>
    <time>2026-06-09T16:10:09Z</time>
    <extensions>
     <gpxdata:distance>19725.00</gpxdata:distance>
     <gpxdata:speed>5.747</gpxdata:speed>
    </extensions>
   </trkpt>
   <trkpt lat="47.4801915" lon="6.7659022">
    <ele>344</ele>
    <time>2026-06-09T16:10:10Z</time>
    <extensions>
     <gpxdata:distance>19731.00</gpxdata:distance>
     <gpxdata:speed>5.922</gpxdata:speed>
    </extensions>
   </trkpt>
   <trkpt lat="47.4802404" lon="6.7658651">
    <ele>344</ele>
    <time>2026-06-09T16:10:11Z</time>
    <extensions>
     <gpxdata:distance>19737.00</gpxdata:distance>
     <gpxdata:speed>6.092</gpxdata:speed>
    </extensions>
   </trkpt>
   <trkpt lat="47.4803066" lon="6.7658127">
    <ele>344</ele>
    <time>2026-06-09T16:10:12Z</time>
    <extensions>
     <gpxdata:distance>19743.50</gpxdata:distance>
     <gpxdata:speed>6.250</gpxdata:speed>
    </extensions>
   </trkpt>
   <trkpt lat="47.4803590" lon="6.7657692">
    <ele>344</ele>
    <time>2026-06-09T16:10:13Z</time>
    <extensions>
     <gpxdata:distance>19750.00</gpxdata:distance>
     <gpxdata:speed>6.372</gpxdata:speed>
    </extensions>
   </trkpt>
   <trkpt lat="47.4804105" lon="6.7657252">
    <ele>344</ele>
    <time>2026-06-09T16:10:14Z</time>
    <extensions>
     <gpxdata:distance>19753.00</gpxdata:distance>
     <gpxdata:speed>6.525</gpxdata:speed>
    </extensions>
   </trkpt>
   <trkpt lat="47.4804621" lon="6.7656794">
    <ele>344</ele>
    <time>2026-06-09T16:10:15Z</time>
    <extensions>
     <gpxdata:distance>19756.00</gpxdata:distance>
     <gpxdata:speed>6.525</gpxdata:speed>
    </extensions>
   </trkpt>
   <trkpt lat="47.4805137" lon="6.7656314">
    <ele>344</ele>
    <time>2026-06-09T16:10:16Z</time>
    <extensions>
     <gpxdata:distance>19766.50</gpxdata:distance>
     <gpxdata:speed>6.636</gpxdata:speed>
    </extensions>
   </trkpt>
   <trkpt lat="47.4805660" lon="6.7655824">
    <ele>344</ele>
    <time>2026-06-09T16:10:17Z</time>
    <extensions>
     <gpxdata:distance>19777.00</gpxdata:distance>
     <gpxdata:speed>6.847</gpxdata:speed>
    </extensions>
   </trkpt>
   <trkpt lat="47.4806188" lon="6.7655315">
    <ele>344</ele>
    <time>2026-06-09T16:10:18Z</time>
    <extensions>
     <gpxdata:distance>19784.00</gpxdata:distance>
     <gpxdata:speed>6.964</gpxdata:speed>
    </extensions>
   </trkpt>
   <trkpt lat="47.4806713" lon="6.7654784">
    <ele>344</ele>
    <time>2026-06-09T16:10:19Z</time>
    <extensions>
     <gpxdata:distance>19791.00</gpxdata:distance>
     <gpxdata:speed>7.039</gpxdata:speed>
    </extensions>
   </trkpt>
   <trkpt lat="47.4807246" lon="6.7654239">
    <ele>344</ele>
    <time>2026-06-09T16:10:20Z</time>
    <extensions>
     <gpxdata:distance>19798.50</gpxdata:distance>
     <gpxdata:speed>7.161</gpxdata:speed>
    </extensions>
   </trkpt>
   <trkpt lat="47.4807787" lon="6.7653691">
    <ele>344</ele>
    <time>2026-06-09T16:10:21Z</time>
    <extensions>
     <gpxdata:distance>19806.00</gpxdata:distance>
     <gpxdata:speed>7.244</gpxdata:speed>
    </extensions>
   </trkpt>
   <trkpt lat="47.4808324" lon="6.7653145">
    <ele>344</ele>
    <time>2026-06-09T16:10:22Z</time>
    <extensions>
     <gpxdata:distance>19813.00</gpxdata:distance>
     <gpxdata:speed>7.244</gpxdata:speed>
    </extensions>
   </trkpt>
   <trkpt lat="47.4808858" lon="6.7652610">
    <ele>343</ele>
    <time>2026-06-09T16:10:23Z</time>
    <extensions>
     <gpxdata:distance>19820.00</gpxdata:distance>
     <gpxdata:speed>7.219</gpxdata:speed>
    </extensions>
   </trkpt>
   <trkpt lat="47.4809387" lon="6.7652098">
    <ele>343</ele>
    <time>2026-06-09T16:10:24Z</time>
    <extensions>
     <gpxdata:distance>19823.50</gpxdata:distance>
     <gpxdata:speed>7.153</gpxdata:speed>
    </extensions>
   </trkpt>
   <trkpt lat="47.4809881" lon="6.7651639">
    <ele>343</ele>
    <time>2026-06-09T16:10:25Z</time>
    <extensions>
     <gpxdata:distance>19827.00</gpxdata:distance>
     <gpxdata:speed>7.153</gpxdata:speed>
    </extensions>
   </trkpt>
   <trkpt lat="47.4810299" lon="6.7651295">
    <ele>343</ele>
    <time>2026-06-09T16:10:26Z</time>
    <extensions>
     <gpxdata:distance>19832.00</gpxdata:distance>
     <gpxdata:speed>5.472</gpxdata:speed>
    </extensions>
   </trkpt>
   <trkpt lat="47.4810543" lon="6.7651181">
    <ele>343</ele>
    <time>2026-06-09T16:10:27Z</time>
    <extensions>
     <gpxdata:distance>19837.00</gpxdata:distance>
     <gpxdata:speed>5.472</gpxdata:speed>
    </extensions>
   </trkpt>
   <trkpt lat="47.4810799" lon="6.7651242">
    <ele>343</ele>
    <time>2026-06-09T16:10:28Z</time>
    <extensions>
     <gpxdata:distance>19842.50</gpxdata:distance>
     <gpxdata:speed>3.872</gpxdata:speed>
    </extensions>
   </trkpt>
   <trkpt lat="47.4811032" lon="6.7651519">
    <ele>343</ele>
    <time>2026-06-09T16:10:29Z</time>
    <extensions>
     <gpxdata:distance>19848.00</gpxdata:distance>
     <gpxdata:speed>4.142</gpxdata:speed>
    </extensions>
   </trkpt>
   <trkpt lat="47.4811251" lon="6.7651969">
    <ele>343</ele>
    <time>2026-06-09T16:10:30Z</time>
    <extensions>
     <gpxdata:distance>19853.00</gpxdata:distance>
     <gpxdata:speed>4.578</gpxdata:speed>
    </extensions>
   </trkpt>
   <trkpt lat="47.4811472" lon="6.7652512">
    <ele>343</ele>
    <time>2026-06-09T16:10:31Z</time>
    <extensions>
     <gpxdata:distance>19858.00</gpxdata:distance>
     <gpxdata:speed>4.847</gpxdata:speed>
    </extensions>
   </trkpt>
   <trkpt lat="47.4811712" lon="6.7653056">
    <ele>343</ele>
    <time>2026-06-09T16:10:32Z</time>
    <extensions>
     <gpxdata:distance>19860.00</gpxdata:distance>
     <gpxdata:speed>4.772</gpxdata:speed>
    </extensions>
   </trkpt>
   <trkpt lat="47.4811976" lon="6.7653529">
    <ele>343</ele>
    <time>2026-06-09T16:10:33Z</time>
    <extensions>
     <gpxdata:distance>19862.00</gpxdata:distance>
     <gpxdata:speed>4.772</gpxdata:speed>
    </extensions>
   </trkpt>
   <trkpt lat="47.4812251" lon="6.7653885">
    <ele>343</ele>
    <time>2026-06-09T16:10:34Z</time>
    <extensions>
     <gpxdata:distance>19867.00</gpxdata:distance>
     <gpxdata:speed>3.983</gpxdata:speed>
    </extensions>
   </trkpt>
   <trkpt lat="47.4812485" lon="6.7654143">
    <ele>343</ele>
    <time>2026-06-09T16:10:35Z</time>
    <extensions>
     <gpxdata:distance>19872.00</gpxdata:distance>
     <gpxdata:speed>3.097</gpxdata:speed>
    </extensions>
   </trkpt>
   <trkpt lat="47.4812626" lon="6.7654344">
    <ele>343</ele>
    <time>2026-06-09T16:10:36Z</time>
    <extensions>
     <gpxdata:distance>19873.00</gpxdata:distance>
     <gpxdata:speed>2.167</gpxdata:speed>
    </extensions>
   </trkpt>
   <trkpt lat="47.4812651" lon="6.7654436">
    <ele>343</ele>
    <time>2026-06-09T16:10:37Z</time>
    <extensions>
     <gpxdata:distance>19874.00</gpxdata:distance>
     <gpxdata:speed>2.167</gpxdata:speed>
    </extensions>
   </trkpt>
   <trkpt lat="47.4812636" lon="6.7654549">
    <ele>343</ele>
    <time>2026-06-09T16:10:38Z</time>
    <extensions>
     <gpxdata:distance>19875.00</gpxdata:distance>
     <gpxdata:speed>1.556</gpxdata:speed>
    </extensions>
   </trkpt>
   <trkpt lat="47.4812598" lon="6.7654632">
    <ele>343</ele>
    <time>2026-06-09T16:10:39Z</time>
    <extensions>
     <gpxdata:distance>19876.00</gpxdata:distance>
     <gpxdata:speed>1.486</gpxdata:speed>
    </extensions>
   </trkpt>
   <trkpt lat="47.4812528" lon="6.7654731">
    <ele>343</ele>
    <time>2026-06-09T16:10:40Z</time>
    <extensions>
     <gpxdata:distance>19878.00</gpxdata:distance>
     <gpxdata:speed>1.564</gpxdata:speed>
    </extensions>
   </trkpt>
   <trkpt lat="47.4812432" lon="6.7654851">
    <ele>343</ele>
    <time>2026-06-09T16:10:41Z</time>
    <extensions>
     <gpxdata:distance>19880.00</gpxdata:distance>
     <gpxdata:speed>1.822</gpxdata:speed>
    </extensions>
   </trkpt>
   <trkpt lat="47.4812308" lon="6.7655019">
    <ele>343</ele>
    <time>2026-06-09T16:10:42Z</time>
    <extensions>
     <gpxdata:distance>19883.50</gpxdata:distance>
     <gpxdata:speed>2.422</gpxdata:speed>
    </extensions>
   </trkpt>
   <trkpt lat="47.4812100" lon="6.7655350">
    <ele>343</ele>
    <time>2026-06-09T16:10:43Z</time>
    <extensions>
     <gpxdata:distance>19887.00</gpxdata:distance>
     <gpxdata:speed>3.183</gpxdata:speed>
    </extensions>
   </trkpt>
   <trkpt lat="47.4811772" lon="6.7655936">
    <ele>343</ele>
    <time>2026-06-09T16:10:44Z</time>
    <extensions>
     <gpxdata:distance>19889.50</gpxdata:distance>
     <gpxdata:speed>3.781</gpxdata:speed>
    </extensions>
   </trkpt>
   <trkpt lat="47.4811510" lon="6.7656402">
    <ele>343</ele>
    <time>2026-06-09T16:10:45Z</time>
    <extensions>
     <gpxdata:distance>19892.00</gpxdata:distance>
     <gpxdata:speed>3.781</gpxdata:speed>
    </extensions>
   </trkpt>
   <trkpt lat="47.4811241" lon="6.7656875">
    <ele>342</ele>
    <time>2026-06-09T16:10:46Z</time>
    <extensions>
     <gpxdata:distance>19899.00</gpxdata:distance>
     <gpxdata:speed>4.606</gpxdata:speed>
    </extensions>
   </trkpt>
   <trkpt lat="47.4810965" lon="6.7657367">
    <ele>342</ele>
    <time>2026-06-09T16:10:47Z</time>
    <extensions>
     <gpxdata:distance>19906.00</gpxdata:distance>
     <gpxdata:speed>4.778</gpxdata:speed>
    </extensions>
   </trkpt>
   <trkpt lat="47.4810698" lon="6.7657868">
    <ele>342</ele>
    <time>2026-06-09T16:10:48Z</time>
    <extensions>
     <gpxdata:distance>19910.50</gpxdata:distance>
     <gpxdata:speed>4.725</gpxdata:speed>
    </extensions>
   </trkpt>
   <trkpt lat="47.4810466" lon="6.7658357">
    <ele>342</ele>
    <time>2026-06-09T16:10:49Z</time>
    <extensions>
     <gpxdata:distance>19915.00</gpxdata:distance>
     <gpxdata:speed>4.397</gpxdata:speed>
    </extensions>
   </trkpt>
   <trkpt lat="47.4810276" lon="6.7658855">
    <ele>342</ele>
    <time>2026-06-09T16:10:50Z</time>
    <extensions>
     <gpxdata:distance>19919.50</gpxdata:distance>
     <gpxdata:speed>4.397</gpxdata:speed>
    </extensions>
   </trkpt>
   <trkpt lat="47.4810122" lon="6.7659392">
    <ele>342</ele>
    <time>2026-06-09T16:10:51Z</time>
    <extensions>
     <gpxdata:distance>19924.00</gpxdata:distance>
     <gpxdata:speed>4.492</gpxdata:speed>
    </extensions>
   </trkpt>
   <trkpt lat="47.4810005" lon="6.7659982">
    <ele>342</ele>
    <time>2026-06-09T16:10:52Z</time>
    <extensions>
     <gpxdata:distance>19929.00</gpxdata:distance>
     <gpxdata:speed>4.739</gpxdata:speed>
    </extensions>
   </trkpt>
   <trkpt lat="47.4809935" lon="6.7660613">
    <ele>342</ele>
    <time>2026-06-09T16:10:53Z</time>
    <extensions>
     <gpxdata:distance>19934.00</gpxdata:distance>
     <gpxdata:speed>4.867</gpxdata:speed>
    </extensions>
   </trkpt>
   <trkpt lat="47.4809929" lon="6.7661244">
    <ele>342</ele>
    <time>2026-06-09T16:10:54Z</time>
    <extensions>
     <gpxdata:distance>19938.50</gpxdata:distance>
     <gpxdata:speed>4.867</gpxdata:speed>
    </extensions>
   </trkpt>
   <trkpt lat="47.4809977" lon="6.7661859">
    <ele>342</ele>
    <time>2026-06-09T16:10:55Z</time>
    <extensions>
     <gpxdata:distance>19943.00</gpxdata:distance>
     <gpxdata:speed>4.647</gpxdata:speed>
    </extensions>
   </trkpt>
   <trkpt lat="47.4810065" lon="6.7662451">
    <ele>342</ele>
    <time>2026-06-09T16:10:56Z</time>
    <extensions>
     <gpxdata:distance>19947.50</gpxdata:distance>
     <gpxdata:speed>4.594</gpxdata:speed>
    </extensions>
   </trkpt>
   <trkpt lat="47.4810192" lon="6.7663010">
    <ele>342</ele>
    <time>2026-06-09T16:10:57Z</time>
    <extensions>
     <gpxdata:distance>19952.00</gpxdata:distance>
     <gpxdata:speed>4.517</gpxdata:speed>
    </extensions>
   </trkpt>
   <trkpt lat="47.4810367" lon="6.7663541">
    <ele>342</ele>
    <time>2026-06-09T16:10:58Z</time>
    <extensions>
     <gpxdata:distance>19956.50</gpxdata:distance>
     <gpxdata:speed>4.503</gpxdata:speed>
    </extensions>
   </trkpt>
   <trkpt lat="47.4810581" lon="6.7664059">
    <ele>342</ele>
    <time>2026-06-09T16:10:59Z</time>
    <extensions>
     <gpxdata:distance>19961.00</gpxdata:distance>
     <gpxdata:speed>4.550</gpxdata:speed>
    </extensions>
   </trkpt>
   <trkpt lat="47.4810816" lon="6.7664595">
    <ele>342</ele>
    <time>2026-06-09T16:11:00Z</time>
    <extensions>
     <gpxdata:distance>19966.50</gpxdata:distance>
     <gpxdata:speed>4.550</gpxdata:speed>
    </extensions>
   </trkpt>
   <trkpt lat="47.4811078" lon="6.7665170">
    <ele>342</ele>
    <time>2026-06-09T16:11:01Z</time>
    <extensions>
     <gpxdata:distance>19972.00</gpxdata:distance>
     <gpxdata:speed>5.264</gpxdata:speed>
    </extensions>
   </trkpt>
   <trkpt lat="47.4811380" lon="6.7665771">
    <ele>342</ele>
    <time>2026-06-09T16:11:02Z</time>
    <extensions>
     <gpxdata:distance>19978.00</gpxdata:distance>
     <gpxdata:speed>5.647</gpxdata:speed>
    </extensions>
   </trkpt>
   <trkpt lat="47.4811729" lon="6.7666385">
    <ele>342</ele>
    <time>2026-06-09T16:11:03Z</time>
    <extensions>
     <gpxdata:distance>19984.00</gpxdata:distance>
     <gpxdata:speed>6.050</gpxdata:speed>
    </extensions>
   </trkpt>
   <trkpt lat="47.4812247" lon="6.7667210">
    <ele>342</ele>
    <time>2026-06-09T16:11:04Z</time>
    <extensions>
     <gpxdata:distance>19991.00</gpxdata:distance>
     <gpxdata:speed>6.325</gpxdata:speed>
    </extensions>
   </trkpt>
   <trkpt lat="47.4812677" lon="6.7667872">
    <ele>342</ele>
    <time>2026-06-09T16:11:05Z</time>
    <extensions>
     <gpxdata:distance>19998.00</gpxdata:distance>
     <gpxdata:speed>6.539</gpxdata:speed>
    </extensions>
   </trkpt>
   <trkpt lat="47.4813099" lon="6.7668551">
    <ele>342</ele>
    <time>2026-06-09T16:11:06Z</time>
    <extensions>
     <gpxdata:distance>20005.00</gpxdata:distance>
     <gpxdata:speed>6.808</gpxdata:speed>
    </extensions>
   </trkpt>
   <trkpt lat="47.4813518" lon="6.7669285">
    <ele>342</ele>
    <time>2026-06-09T16:11:07Z</time>
    <extensions>
     <gpxdata:distance>20012.00</gpxdata:distance>
     <gpxdata:speed>7.131</gpxdata:speed>
    </extensions>
   </trkpt>
   <trkpt lat="47.4813917" lon="6.7670075">
    <ele>342</ele>
    <time>2026-06-09T16:11:08Z</time>
    <extensions>
     <gpxdata:distance>20019.50</gpxdata:distance>
     <gpxdata:speed>7.319</gpxdata:speed>
    </extensions>
   </trkpt>
   <trkpt lat="47.4814298" lon="6.7670907">
    <ele>342</ele>
    <time>2026-06-09T16:11:09Z</time>
    <extensions>
     <gpxdata:distance>20027.00</gpxdata:distance>
     <gpxdata:speed>7.464</gpxdata:speed>
    </extensions>
   </trkpt>
   <trkpt lat="47.4814671" lon="6.7671756">
    <ele>341</ele>
    <time>2026-06-09T16:11:10Z</time>
    <extensions>
     <gpxdata:distance>20034.50</gpxdata:distance>
     <gpxdata:speed>7.531</gpxdata:speed>
    </extensions>
   </trkpt>
   <trkpt lat="47.4815048" lon="6.7672596">
    <ele>341</ele>
    <time>2026-06-09T16:11:11Z</time>
    <extensions>
     <gpxdata:distance>20042.00</gpxdata:distance>
     <gpxdata:speed>7.528</gpxdata:speed>
    </extensions>
   </trkpt>
   <trkpt lat="47.4815433" lon="6.7673417">
    <ele>341</ele>
    <time>2026-06-09T16:11:12Z</time>
    <extensions>
     <gpxdata:distance>20049.50</gpxdata:distance>
     <gpxdata:speed>7.497</gpxdata:speed>
    </extensions>
   </trkpt>
   <trkpt lat="47.4815834" lon="6.7674202">
    <ele>341</ele>
    <time>2026-06-09T16:11:13Z</time>
    <extensions>
     <gpxdata:distance>20057.00</gpxdata:distance>
     <gpxdata:speed>7.464</gpxdata:speed>
    </extensions>
   </trkpt>
   <trkpt lat="47.4816265" lon="6.7674934">
    <ele>341</ele>
    <time>2026-06-09T16:11:14Z</time>
    <extensions>
     <gpxdata:distance>20060.50</gpxdata:distance>
     <gpxdata:speed>7.422</gpxdata:speed>
    </extensions>
   </trkpt>
   <trkpt lat="47.4816729" lon="6.7675610">
    <ele>341</ele>
    <time>2026-06-09T16:11:15Z</time>
    <extensions>
     <gpxdata:distance>20064.00</gpxdata:distance>
     <gpxdata:speed>7.422</gpxdata:speed>
    </extensions>
   </trkpt>
   <trkpt lat="47.4817211" lon="6.7676246">
    <ele>341</ele>
    <time>2026-06-09T16:11:16Z</time>
    <extensions>
     <gpxdata:distance>20075.00</gpxdata:distance>
     <gpxdata:speed>7.317</gpxdata:speed>
    </extensions>
   </trkpt>
   <trkpt lat="47.4817713" lon="6.7676848">
    <ele>341</ele>
    <time>2026-06-09T16:11:17Z</time>
    <extensions>
     <gpxdata:distance>20086.00</gpxdata:distance>
     <gpxdata:speed>7.278</gpxdata:speed>
    </extensions>
   </trkpt>
   <trkpt lat="47.4818237" lon="6.7677405">
    <ele>341</ele>
    <time>2026-06-09T16:11:18Z</time>
    <extensions>
     <gpxdata:distance>20093.00</gpxdata:distance>
     <gpxdata:speed>7.242</gpxdata:speed>
    </extensions>
   </trkpt>
   <trkpt lat="47.4818784" lon="6.7677906">
    <ele>341</ele>
    <time>2026-06-09T16:11:19Z</time>
    <extensions>
     <gpxdata:distance>20100.00</gpxdata:distance>
     <gpxdata:speed>7.206</gpxdata:speed>
    </extensions>
   </trkpt>
   <trkpt lat="47.4819356" lon="6.7678341">
    <ele>341</ele>
    <time>2026-06-09T16:11:20Z</time>
    <extensions>
     <gpxdata:distance>20107.50</gpxdata:distance>
     <gpxdata:speed>7.192</gpxdata:speed>
    </extensions>
   </trkpt>
   <trkpt lat="47.4819955" lon="6.7678702">
    <ele>341</ele>
    <time>2026-06-09T16:11:21Z</time>
    <extensions>
     <gpxdata:distance>20115.00</gpxdata:distance>
     <gpxdata:speed>7.194</gpxdata:speed>
    </extensions>
   </trkpt>
   <trkpt lat="47.4820564" lon="6.7679000">
    <ele>341</ele>
    <time>2026-06-09T16:11:22Z</time>
    <extensions>
     <gpxdata:distance>20122.00</gpxdata:distance>
     <gpxdata:speed>7.164</gpxdata:speed>
    </extensions>
   </trkpt>
   <trkpt lat="47.4821173" lon="6.7679252">
    <ele>341</ele>
    <time>2026-06-09T16:11:23Z</time>
    <extensions>
     <gpxdata:distance>20129.00</gpxdata:distance>
     <gpxdata:speed>7.106</gpxdata:speed>
    </extensions>
   </trkpt>
   <trkpt lat="47.4821779" lon="6.7679477">
    <ele>341</ele>
    <time>2026-06-09T16:11:24Z</time>
    <extensions>
     <gpxdata:distance>20136.00</gpxdata:distance>
     <gpxdata:speed>7.042</gpxdata:speed>
    </extensions>
   </trkpt>
   <trkpt lat="47.4822382" lon="6.7679701">
    <ele>341</ele>
    <time>2026-06-09T16:11:25Z</time>
    <extensions>
     <gpxdata:distance>20143.00</gpxdata:distance>
     <gpxdata:speed>7.003</gpxdata:speed>
    </extensions>
   </trkpt>
   <trkpt lat="47.4822987" lon="6.7679945">
    <ele>341</ele>
    <time>2026-06-09T16:11:26Z</time>
    <extensions>
     <gpxdata:distance>20146.50</gpxdata:distance>
     <gpxdata:speed>7.000</gpxdata:speed>
    </extensions>
   </trkpt>
   <trkpt lat="47.4823589" lon="6.7680227">
    <ele>341</ele>
    <time>2026-06-09T16:11:27Z</time>
    <extensions>
     <gpxdata:distance>20150.00</gpxdata:distance>
     <gpxdata:speed>7.000</gpxdata:speed>
    </extensions>
   </trkpt>
   <trkpt lat="47.4824181" lon="6.7680565">
    <ele>341</ele>
    <time>2026-06-09T16:11:28Z</time>
    <extensions>
     <gpxdata:distance>20160.50</gpxdata:distance>
     <gpxdata:speed>7.036</gpxdata:speed>
    </extensions>
   </trkpt>
   <trkpt lat="47.4824757" lon="6.7680971">
    <ele>341</ele>
    <time>2026-06-09T16:11:29Z</time>
    <extensions>
     <gpxdata:distance>20171.00</gpxdata:distance>
     <gpxdata:speed>7.058</gpxdata:speed>
    </extensions>
   </trkpt>
   <trkpt lat="47.4825306" lon="6.7681469">
    <ele>341</ele>
    <time>2026-06-09T16:11:30Z</time>
    <extensions>
     <gpxdata:distance>20174.50</gpxdata:distance>
     <gpxdata:speed>7.058</gpxdata:speed>
    </extensions>
   </trkpt>
   <trkpt lat="47.4825810" lon="6.7682092">
    <ele>341</ele>
    <time>2026-06-09T16:11:31Z</time>
    <extensions>
     <gpxdata:distance>20178.00</gpxdata:distance>
     <gpxdata:speed>7.108</gpxdata:speed>
    </extensions>
   </trkpt>
   <trkpt lat="47.4826269" lon="6.7682834">
    <ele>341</ele>
    <time>2026-06-09T16:11:32Z</time>
    <extensions>
     <gpxdata:distance>20185.50</gpxdata:distance>
     <gpxdata:speed>7.344</gpxdata:speed>
    </extensions>
   </trkpt>
   <trkpt lat="47.4826712" lon="6.7683631">
    <ele>341</ele>
    <time>2026-06-09T16:11:33Z</time>
    <extensions>
     <gpxdata:distance>20193.00</gpxdata:distance>
     <gpxdata:speed>7.344</gpxdata:speed>
    </extensions>
   </trkpt>
   <trkpt lat="47.4827167" lon="6.7684425">
    <ele>341</ele>
    <time>2026-06-09T16:11:34Z</time>
    <extensions>
     <gpxdata:distance>20205.00</gpxdata:distance>
     <gpxdata:speed>7.653</gpxdata:speed>
    </extensions>
   </trkpt>
   <trkpt lat="47.4827641" lon="6.7685199">
    <ele>341</ele>
    <time>2026-06-09T16:11:35Z</time>
    <extensions>
     <gpxdata:distance>20217.00</gpxdata:distance>
     <gpxdata:speed>7.772</gpxdata:speed>
    </extensions>
   </trkpt>
   <trkpt lat="47.4828125" lon="6.7685952">
    <ele>341</ele>
    <time>2026-06-09T16:11:36Z</time>
    <extensions>
     <gpxdata:distance>20224.50</gpxdata:distance>
     <gpxdata:speed>7.769</gpxdata:speed>
    </extensions>
   </trkpt>
   <trkpt lat="47.4828610" lon="6.7686680">
    <ele>341</ele>
    <time>2026-06-09T16:11:37Z</time>
    <extensions>
     <gpxdata:distance>20232.00</gpxdata:distance>
     <gpxdata:speed>7.692</gpxdata:speed>
    </extensions>
   </trkpt>
   <trkpt lat="47.4829114" lon="6.7687362">
    <ele>341</ele>
    <time>2026-06-09T16:11:38Z</time>
    <extensions>
     <gpxdata:distance>20236.00</gpxdata:distance>
     <gpxdata:speed>7.639</gpxdata:speed>
    </extensions>
   </trkpt>
   <trkpt lat="47.4829659" lon="6.7687966">
    <ele>341</ele>
    <time>2026-06-09T16:11:39Z</time>
    <extensions>
     <gpxdata:distance>20240.00</gpxdata:distance>
     <gpxdata:speed>7.639</gpxdata:speed>
    </extensions>
   </trkpt>
   <trkpt lat="47.4830247" lon="6.7688502">
    <ele>341</ele>
    <time>2026-06-09T16:11:40Z</time>
    <extensions>
     <gpxdata:distance>20251.50</gpxdata:distance>
     <gpxdata:speed>7.694</gpxdata:speed>
    </extensions>
   </trkpt>
   <trkpt lat="47.4830864" lon="6.7689005">
    <ele>341</ele>
    <time>2026-06-09T16:11:41Z</time>
    <extensions>
     <gpxdata:distance>20263.00</gpxdata:distance>
     <gpxdata:speed>7.764</gpxdata:speed>
    </extensions>
   </trkpt>
   <trkpt lat="47.4831493" lon="6.7689502">
    <ele>341</ele>
    <time>2026-06-09T16:11:42Z</time>
    <extensions>
     <gpxdata:distance>20271.00</gpxdata:distance>
     <gpxdata:speed>7.822</gpxdata:speed>
    </extensions>
   </trkpt>
   <trkpt lat="47.4832118" lon="6.7690005">
    <ele>341</ele>
    <time>2026-06-09T16:11:43Z</time>
    <extensions>
     <gpxdata:distance>20279.00</gpxdata:distance>
     <gpxdata:speed>7.850</gpxdata:speed>
    </extensions>
   </trkpt>
   <trkpt lat="47.4832739" lon="6.7690509">
    <ele>341</ele>
    <time>2026-06-09T16:11:44Z</time>
    <extensions>
     <gpxdata:distance>20283.00</gpxdata:distance>
     <gpxdata:speed>7.850</gpxdata:speed>
    </extensions>
   </trkpt>
   <trkpt lat="47.4833357" lon="6.7690996">
    <ele>341</ele>
    <time>2026-06-09T16:11:45Z</time>
    <extensions>
     <gpxdata:distance>20287.00</gpxdata:distance>
     <gpxdata:speed>7.853</gpxdata:speed>
    </extensions>
   </trkpt>
   <trkpt lat="47.4833982" lon="6.7691436">
    <ele>341</ele>
    <time>2026-06-09T16:11:46Z</time>
    <extensions>
     <gpxdata:distance>20298.50</gpxdata:distance>
     <gpxdata:speed>7.781</gpxdata:speed>
    </extensions>
   </trkpt>
   <trkpt lat="47.4834605" lon="6.7691828">
    <ele>341</ele>
    <time>2026-06-09T16:11:47Z</time>
    <extensions>
     <gpxdata:distance>20310.00</gpxdata:distance>
     <gpxdata:speed>7.692</gpxdata:speed>
    </extensions>
   </trkpt>
   <trkpt lat="47.4835216" lon="6.7692202">
    <ele>341</ele>
    <time>2026-06-09T16:11:48Z</time>
    <extensions>
     <gpxdata:distance>20317.00</gpxdata:distance>
     <gpxdata:speed>7.572</gpxdata:speed>
    </extensions>
   </trkpt>
   <trkpt lat="47.4835815" lon="6.7692555">
    <ele>341</ele>
    <time>2026-06-09T16:11:49Z</time>
    <extensions>
     <gpxdata:distance>20324.00</gpxdata:distance>
     <gpxdata:speed>7.431</gpxdata:speed>
    </extensions>
   </trkpt>
   <trkpt lat="47.4836404" lon="6.7692888">
    <ele>341</ele>
    <time>2026-06-09T16:11:50Z</time>
    <extensions>
     <gpxdata:distance>20331.00</gpxdata:distance>
     <gpxdata:speed>7.286</gpxdata:speed>
    </extensions>
   </trkpt>
   <trkpt lat="47.4836981" lon="6.7693223">
    <ele>341</ele>
    <time>2026-06-09T16:11:51Z</time>
    <extensions>
     <gpxdata:distance>20338.00</gpxdata:distance>
     <gpxdata:speed>6.983</gpxdata:speed>
    </extensions>
   </trkpt>
   <trkpt lat="47.4837550" lon="6.7693577">
    <ele>341</ele>
    <time>2026-06-09T16:11:52Z</time>
    <extensions>
     <gpxdata:distance>20345.00</gpxdata:distance>
     <gpxdata:speed>6.942</gpxdata:speed>
    </extensions>
   </trkpt>
   <trkpt lat="47.4838119" lon="6.7693955">
    <ele>341</ele>
    <time>2026-06-09T16:11:53Z</time>
    <extensions>
     <gpxdata:distance>20352.00</gpxdata:distance>
     <gpxdata:speed>6.972</gpxdata:speed>
    </extensions>
   </trkpt>
   <trkpt lat="47.4838697" lon="6.7694336">
    <ele>341</ele>
    <time>2026-06-09T16:11:54Z</time>
    <extensions>
     <gpxdata:distance>20359.00</gpxdata:distance>
     <gpxdata:speed>7.044</gpxdata:speed>
    </extensions>
   </trkpt>
   <trkpt lat="47.4839287" lon="6.7694702">
    <ele>341</ele>
    <time>2026-06-09T16:11:55Z</time>
    <extensions>
     <gpxdata:distance>20366.00</gpxdata:distance>
     <gpxdata:speed>7.100</gpxdata:speed>
    </extensions>
   </trkpt>
   <trkpt lat="47.4839886" lon="6.7695058">
    <ele>341</ele>
    <time>2026-06-09T16:11:56Z</time>
    <extensions>
     <gpxdata:distance>20373.00</gpxdata:distance>
     <gpxdata:speed>7.150</gpxdata:speed>
    </extensions>
   </trkpt>
   <trkpt lat="47.4840490" lon="6.7695404">
    <ele>341</ele>
    <time>2026-06-09T16:11:57Z</time>
    <extensions>
     <gpxdata:distance>20380.00</gpxdata:distance>
     <gpxdata:speed>7.167</gpxdata:speed>
    </extensions>
   </trkpt>
   <trkpt lat="47.4841105" lon="6.7695727">
    <ele>341</ele>
    <time>2026-06-09T16:11:58Z</time>
    <extensions>
     <gpxdata:distance>20387.50</gpxdata:distance>
     <gpxdata:speed>7.203</gpxdata:speed>
    </extensions>
   </trkpt>
   <trkpt lat="47.4841728" lon="6.7696019">
    <ele>341</ele>
    <time>2026-06-09T16:11:59Z</time>
    <extensions>
     <gpxdata:distance>20395.00</gpxdata:distance>
     <gpxdata:speed>7.222</gpxdata:speed>
    </extensions>
   </trkpt>
   <trkpt lat="47.4842356" lon="6.7696278">
    <ele>341</ele>
    <time>2026-06-09T16:12:00Z</time>
    <extensions>
     <gpxdata:distance>20398.50</gpxdata:distance>
     <gpxdata:speed>7.222</gpxdata:speed>
    </extensions>
   </trkpt>
   <trkpt lat="47.4842981" lon="6.7696529">
    <ele>341</ele>
    <time>2026-06-09T16:12:01Z</time>
    <extensions>
     <gpxdata:distance>20402.00</gpxdata:distance>
     <gpxdata:speed>7.233</gpxdata:speed>
    </extensions>
   </trkpt>
   <trkpt lat="47.4843599" lon="6.7696797">
    <ele>341</ele>
    <time>2026-06-09T16:12:02Z</time>
    <extensions>
     <gpxdata:distance>20413.00</gpxdata:distance>
     <gpxdata:speed>7.211</gpxdata:speed>
    </extensions>
   </trkpt>
   <trkpt lat="47.4844209" lon="6.7697108">
    <ele>341</ele>
    <time>2026-06-09T16:12:03Z</time>
    <extensions>
     <gpxdata:distance>20424.00</gpxdata:distance>
     <gpxdata:speed>7.211</gpxdata:speed>
    </extensions>
   </trkpt>
   <trkpt lat="47.4844805" lon="6.7697478">
    <ele>341</ele>
    <time>2026-06-09T16:12:04Z</time>
    <extensions>
     <gpxdata:distance>20431.00</gpxdata:distance>
     <gpxdata:speed>7.211</gpxdata:speed>
    </extensions>
   </trkpt>
   <trkpt lat="47.4845385" lon="6.7697903">
    <ele>341</ele>
    <time>2026-06-09T16:12:05Z</time>
    <extensions>
     <gpxdata:distance>20438.00</gpxdata:distance>
     <gpxdata:speed>7.211</gpxdata:speed>
    </extensions>
   </trkpt>
   <trkpt lat="47.4845956" lon="6.7698365">
    <ele>341</ele>
    <time>2026-06-09T16:12:06Z</time>
    <extensions>
     <gpxdata:distance>20445.50</gpxdata:distance>
     <gpxdata:speed>7.225</gpxdata:speed>
    </extensions>
   </trkpt>
   <trkpt lat="47.4846527" lon="6.7698825">
    <ele>341</ele>
    <time>2026-06-09T16:12:07Z</time>
    <extensions>
     <gpxdata:distance>20453.00</gpxdata:distance>
     <gpxdata:speed>7.222</gpxdata:speed>
    </extensions>
   </trkpt>
   <trkpt lat="47.4847110" lon="6.7699259">
    <ele>341</ele>
    <time>2026-06-09T16:12:08Z</time>
    <extensions>
     <gpxdata:distance>20456.50</gpxdata:distance>
     <gpxdata:speed>7.242</gpxdata:speed>
    </extensions>
   </trkpt>
   <trkpt lat="47.4847709" lon="6.7699665">
    <ele>341</ele>
    <time>2026-06-09T16:12:09Z</time>
    <extensions>
     <gpxdata:distance>20460.00</gpxdata:distance>
     <gpxdata:speed>7.242</gpxdata:speed>
    </extensions>
   </trkpt>
   <trkpt lat="47.4848315" lon="6.7700053">
    <ele>341</ele>
    <time>2026-06-09T16:12:10Z</time>
    <extensions>
     <gpxdata:distance>20467.50</gpxdata:distance>
     <gpxdata:speed>7.275</gpxdata:speed>
    </extensions>
   </trkpt>
   <trkpt lat="47.4848919" lon="6.7700435">
    <ele>341</ele>
    <time>2026-06-09T16:12:11Z</time>
    <extensions>
     <gpxdata:distance>20475.00</gpxdata:distance>
     <gpxdata:speed>7.300</gpxdata:speed>
    </extensions>
   </trkpt>
   <trkpt lat="47.4849511" lon="6.7700827">
    <ele>341</ele>
    <time>2026-06-09T16:12:12Z</time>
    <extensions>
     <gpxdata:distance>20485.50</gpxdata:distance>
     <gpxdata:speed>7.297</gpxdata:speed>
    </extensions>
   </trkpt>
   <trkpt lat="47.4850101" lon="6.7701231">
    <ele>341</ele>
    <time>2026-06-09T16:12:13Z</time>
    <extensions>
     <gpxdata:distance>20496.00</gpxdata:distance>
     <gpxdata:speed>7.258</gpxdata:speed>
    </extensions>
   </trkpt>
   <trkpt lat="47.4850692" lon="6.7701648">
    <ele>341</ele>
    <time>2026-06-09T16:12:14Z</time>
    <extensions>
     <gpxdata:distance>20500.00</gpxdata:distance>
     <gpxdata:speed>7.275</gpxdata:speed>
    </extensions>
   </trkpt>
   <trkpt lat="47.4851277" lon="6.7702077">
    <ele>341</ele>
    <time>2026-06-09T16:12:15Z</time>
    <extensions>
     <gpxdata:distance>20504.00</gpxdata:distance>
     <gpxdata:speed>7.275</gpxdata:speed>
    </extensions>
   </trkpt>
   <trkpt lat="47.4851855" lon="6.7702515">
    <ele>341</ele>
    <time>2026-06-09T16:12:16Z</time>
    <extensions>
     <gpxdata:distance>20511.00</gpxdata:distance>
     <gpxdata:speed>7.269</gpxdata:speed>
    </extensions>
   </trkpt>
   <trkpt lat="47.4852425" lon="6.7702956">
    <ele>341</ele>
    <time>2026-06-09T16:12:17Z</time>
    <extensions>
     <gpxdata:distance>20518.00</gpxdata:distance>
     <gpxdata:speed>7.253</gpxdata:speed>
    </extensions>
   </trkpt>
   <trkpt lat="47.4852982" lon="6.7703384">
    <ele>341</ele>
    <time>2026-06-09T16:12:18Z</time>
    <extensions>
     <gpxdata:distance>20525.00</gpxdata:distance>
     <gpxdata:speed>7.217</gpxdata:speed>
    </extensions>
   </trkpt>
   <trkpt lat="47.4853521" lon="6.7703793">
    <ele>341</ele>
    <time>2026-06-09T16:12:19Z</time>
    <extensions>
     <gpxdata:distance>20532.00</gpxdata:distance>
     <gpxdata:speed>7.125</gpxdata:speed>
    </extensions>
   </trkpt>
   <trkpt lat="47.4854042" lon="6.7704187">
    <ele>341</ele>
    <time>2026-06-09T16:12:20Z</time>
    <extensions>
     <gpxdata:distance>20538.50</gpxdata:distance>
     <gpxdata:speed>6.978</gpxdata:speed>
    </extensions>
   </trkpt>
   <trkpt lat="47.4854560" lon="6.7704566">
    <ele>341</ele>
    <time>2026-06-09T16:12:21Z</time>
    <extensions>
     <gpxdata:distance>20545.00</gpxdata:distance>
     <gpxdata:speed>6.811</gpxdata:speed>
    </extensions>
   </trkpt>
   <trkpt lat="47.4855078" lon="6.7704901">
    <ele>341</ele>
    <time>2026-06-09T16:12:22Z</time>
    <extensions>
     <gpxdata:distance>20551.00</gpxdata:distance>
     <gpxdata:speed>6.628</gpxdata:speed>
    </extensions>
   </trkpt>
   <trkpt lat="47.4855590" lon="6.7705137">
    <ele>341</ele>
    <time>2026-06-09T16:12:23Z</time>
    <extensions>
     <gpxdata:distance>20557.00</gpxdata:distance>
     <gpxdata:speed>6.414</gpxdata:speed>
    </extensions>
   </trkpt>
   <trkpt lat="47.4856077" lon="6.7705276">
    <ele>341</ele>
    <time>2026-06-09T16:12:24Z</time>
    <extensions>
     <gpxdata:distance>20562.50</gpxdata:distance>
     <gpxdata:speed>6.064</gpxdata:speed>
    </extensions>
   </trkpt>
   <trkpt lat="47.4856415" lon="6.7705355">
    <ele>341</ele>
    <time>2026-06-09T16:12:25Z</time>
    <extensions>
     <gpxdata:distance>20568.00</gpxdata:distance>
     <gpxdata:speed>5.619</gpxdata:speed>
    </extensions>
   </trkpt>
   <trkpt lat="47.4856837" lon="6.7705486">
    <ele>341</ele>
    <time>2026-06-09T16:12:26Z</time>
    <extensions>
     <gpxdata:distance>20576.00</gpxdata:distance>
     <gpxdata:speed>5.386</gpxdata:speed>
    </extensions>
   </trkpt>
   <trkpt lat="47.4857274" lon="6.7705663">
    <ele>341</ele>
    <time>2026-06-09T16:12:27Z</time>
    <extensions>
     <gpxdata:distance>20584.00</gpxdata:distance>
     <gpxdata:speed>5.222</gpxdata:speed>
    </extensions>
   </trkpt>
   <trkpt lat="47.4857716" lon="6.7705847">
    <ele>342</ele>
    <time>2026-06-09T16:12:28Z</time>
    <extensions>
     <gpxdata:distance>20589.00</gpxdata:distance>
     <gpxdata:speed>5.189</gpxdata:speed>
    </extensions>
   </trkpt>
   <trkpt lat="47.4858155" lon="6.7706041">
    <ele>342</ele>
    <time>2026-06-09T16:12:29Z</time>
    <extensions>
     <gpxdata:distance>20594.00</gpxdata:distance>
     <gpxdata:speed>5.131</gpxdata:speed>
    </extensions>
   </trkpt>
   <trkpt lat="47.4858601" lon="6.7706254">
    <ele>342</ele>
    <time>2026-06-09T16:12:30Z</time>
    <extensions>
     <gpxdata:distance>20599.50</gpxdata:distance>
     <gpxdata:speed>5.131</gpxdata:speed>
    </extensions>
   </trkpt>
   <trkpt lat="47.4859066" lon="6.7706476">
    <ele>342</ele>
    <time>2026-06-09T16:12:31Z</time>
    <extensions>
     <gpxdata:distance>20605.00</gpxdata:distance>
     <gpxdata:speed>5.308</gpxdata:speed>
    </extensions>
   </trkpt>
   <trkpt lat="47.4859548" lon="6.7706707">
    <ele>343</ele>
    <time>2026-06-09T16:12:32Z</time>
    <extensions>
     <gpxdata:distance>20608.00</gpxdata:distance>
     <gpxdata:speed>5.444</gpxdata:speed>
    </extensions>
   </trkpt>
   <trkpt lat="47.4860036" lon="6.7706969">
    <ele>343</ele>
    <time>2026-06-09T16:12:33Z</time>
    <extensions>
     <gpxdata:distance>20611.00</gpxdata:distance>
     <gpxdata:speed>5.444</gpxdata:speed>
    </extensions>
   </trkpt>
   <trkpt lat="47.4860511" lon="6.7707294">
    <ele>343</ele>
    <time>2026-06-09T16:12:34Z</time>
    <extensions>
     <gpxdata:distance>20619.50</gpxdata:distance>
     <gpxdata:speed>5.681</gpxdata:speed>
    </extensions>
   </trkpt>
   <trkpt lat="47.4860965" lon="6.7707664">
    <ele>343</ele>
    <time>2026-06-09T16:12:35Z</time>
    <extensions>
     <gpxdata:distance>20628.00</gpxdata:distance>
     <gpxdata:speed>5.719</gpxdata:speed>
    </extensions>
   </trkpt>
   <trkpt lat="47.4861410" lon="6.7708018">
    <ele>343</ele>
    <time>2026-06-09T16:12:36Z</time>
    <extensions>
     <gpxdata:distance>20633.50</gpxdata:distance>
     <gpxdata:speed>5.661</gpxdata:speed>
    </extensions>
   </trkpt>
   <trkpt lat="47.4861847" lon="6.7708326">
    <ele>343</ele>
    <time>2026-06-09T16:12:37Z</time>
    <extensions>
     <gpxdata:distance>20639.00</gpxdata:distance>
     <gpxdata:speed>5.544</gpxdata:speed>
    </extensions>
   </trkpt>
   <trkpt lat="47.4862270" lon="6.7708601">
    <ele>343</ele>
    <time>2026-06-09T16:12:38Z</time>
    <extensions>
     <gpxdata:distance>20641.50</gpxdata:distance>
     <gpxdata:speed>5.372</gpxdata:speed>
    </extensions>
   </trkpt>
   <trkpt lat="47.4862675" lon="6.7708875">
    <ele>343</ele>
    <time>2026-06-09T16:12:39Z</time>
    <extensions>
     <gpxdata:distance>20644.00</gpxdata:distance>
     <gpxdata:speed>5.372</gpxdata:speed>
    </extensions>
   </trkpt>
   <trkpt lat="47.4863066" lon="6.7709181">
    <ele>343</ele>
    <time>2026-06-09T16:12:40Z</time>
    <extensions>
     <gpxdata:distance>20651.50</gpxdata:distance>
     <gpxdata:speed>5.211</gpxdata:speed>
    </extensions>
   </trkpt>
   <trkpt lat="47.4863459" lon="6.7709539">
    <ele>343</ele>
    <time>2026-06-09T16:12:41Z</time>
    <extensions>
     <gpxdata:distance>20659.00</gpxdata:distance>
     <gpxdata:speed>5.169</gpxdata:speed>
    </extensions>
   </trkpt>
   <trkpt lat="47.4863864" lon="6.7709946">
    <ele>343</ele>
    <time>2026-06-09T16:12:42Z</time>
    <extensions>
     <gpxdata:distance>20665.00</gpxdata:distance>
     <gpxdata:speed>5.322</gpxdata:speed>
    </extensions>
   </trkpt>
   <trkpt lat="47.4864284" lon="6.7710395">
    <ele>343</ele>
    <time>2026-06-09T16:12:43Z</time>
    <extensions>
     <gpxdata:distance>20671.00</gpxdata:distance>
     <gpxdata:speed>5.511</gpxdata:speed>
    </extensions>
   </trkpt>
   <trkpt lat="47.4864709" lon="6.7710865">
    <ele>343</ele>
    <time>2026-06-09T16:12:44Z</time>
    <extensions>
     <gpxdata:distance>20674.00</gpxdata:distance>
     <gpxdata:speed>5.653</gpxdata:speed>
    </extensions>
   </trkpt>
   <trkpt lat="47.4865127" lon="6.7711345">
    <ele>343</ele>
    <time>2026-06-09T16:12:45Z</time>
    <extensions>
     <gpxdata:distance>20677.00</gpxdata:distance>
     <gpxdata:speed>5.653</gpxdata:speed>
    </extensions>
   </trkpt>
   <trkpt lat="47.4865535" lon="6.7711830">
    <ele>343</ele>
    <time>2026-06-09T16:12:46Z</time>
    <extensions>
     <gpxdata:distance>20685.50</gpxdata:distance>
     <gpxdata:speed>5.719</gpxdata:speed>
    </extensions>
   </trkpt>
   <trkpt lat="47.4865942" lon="6.7712313">
    <ele>342</ele>
    <time>2026-06-09T16:12:47Z</time>
    <extensions>
     <gpxdata:distance>20694.00</gpxdata:distance>
     <gpxdata:speed>5.764</gpxdata:speed>
    </extensions>
   </trkpt>
   <trkpt lat="47.4866365" lon="6.7712790">
    <ele>342</ele>
    <time>2026-06-09T16:12:48Z</time>
    <extensions>
     <gpxdata:distance>20697.00</gpxdata:distance>
     <gpxdata:speed>5.764</gpxdata:speed>
    </extensions>
   </trkpt>
   <trkpt lat="47.4866801" lon="6.7713274">
    <ele>342</ele>
    <time>2026-06-09T16:12:49Z</time>
    <extensions>
     <gpxdata:distance>20700.00</gpxdata:distance>
     <gpxdata:speed>5.939</gpxdata:speed>
    </extensions>
   </trkpt>
   <trkpt lat="47.4867395" lon="6.7713940">
    <ele>342</ele>
    <time>2026-06-09T16:12:50Z</time>
    <extensions>
     <gpxdata:distance>20706.50</gpxdata:distance>
     <gpxdata:speed>6.231</gpxdata:speed>
    </extensions>
   </trkpt>
   <trkpt lat="47.4867871" lon="6.7714473">
    <ele>342</ele>
    <time>2026-06-09T16:12:51Z</time>
    <extensions>
     <gpxdata:distance>20713.00</gpxdata:distance>
     <gpxdata:speed>6.231</gpxdata:speed>
    </extensions>
   </trkpt>
   <trkpt lat="47.4868342" lon="6.7714991">
    <ele>342</ele>
    <time>2026-06-09T16:12:52Z</time>
    <extensions>
     <gpxdata:distance>20723.00</gpxdata:distance>
     <gpxdata:speed>6.450</gpxdata:speed>
    </extensions>
   </trkpt>
   <trkpt lat="47.4868832" lon="6.7715495">
    <ele>342</ele>
    <time>2026-06-09T16:12:53Z</time>
    <extensions>
     <gpxdata:distance>20733.00</gpxdata:distance>
     <gpxdata:speed>6.583</gpxdata:speed>
    </extensions>
   </trkpt>
   <trkpt lat="47.4869337" lon="6.7715990">
    <ele>342</ele>
    <time>2026-06-09T16:12:54Z</time>
    <extensions>
     <gpxdata:distance>20739.50</gpxdata:distance>
     <gpxdata:speed>6.683</gpxdata:speed>
    </extensions>
   </trkpt>
   <trkpt lat="47.4869854" lon="6.7716477">
    <ele>342</ele>
    <time>2026-06-09T16:12:55Z</time>
    <extensions>
     <gpxdata:distance>20746.00</gpxdata:distance>
     <gpxdata:speed>6.767</gpxdata:speed>
    </extensions>
   </trkpt>
   <trkpt lat="47.4870383" lon="6.7716947">
    <ele>342</ele>
    <time>2026-06-09T16:12:56Z</time>
    <extensions>
     <gpxdata:distance>20753.00</gpxdata:distance>
     <gpxdata:speed>6.831</gpxdata:speed>
    </extensions>
   </trkpt>
   <trkpt lat="47.4870925" lon="6.7717390">
    <ele>342</ele>
    <time>2026-06-09T16:12:57Z</time>
    <extensions>
     <gpxdata:distance>20760.00</gpxdata:distance>
     <gpxdata:speed>6.864</gpxdata:speed>
    </extensions>
   </trkpt>
   <trkpt lat="47.4871476" lon="6.7717813">
    <ele>342</ele>
    <time>2026-06-09T16:12:58Z</time>
    <extensions>
     <gpxdata:distance>20767.00</gpxdata:distance>
     <gpxdata:speed>6.886</gpxdata:speed>
    </extensions>
   </trkpt>
   <trkpt lat="47.4872033" lon="6.7718221">
    <ele>342</ele>
    <time>2026-06-09T16:12:59Z</time>
    <extensions>
     <gpxdata:distance>20774.00</gpxdata:distance>
     <gpxdata:speed>6.906</gpxdata:speed>
    </extensions>
   </trkpt>
   <trkpt lat="47.4872592" lon="6.7718619">
    <ele>342</ele>
    <time>2026-06-09T16:13:00Z</time>
    <extensions>
     <gpxdata:distance>20781.00</gpxdata:distance>
     <gpxdata:speed>6.906</gpxdata:speed>
    </extensions>
   </trkpt>
   <trkpt lat="47.4873148" lon="6.7719015">
    <ele>342</ele>
    <time>2026-06-09T16:13:01Z</time>
    <extensions>
     <gpxdata:distance>20788.00</gpxdata:distance>
     <gpxdata:speed>6.900</gpxdata:speed>
    </extensions>
   </trkpt>
   <trkpt lat="47.4873697" lon="6.7719417">
    <ele>342</ele>
    <time>2026-06-09T16:13:02Z</time>
    <extensions>
     <gpxdata:distance>20791.50</gpxdata:distance>
     <gpxdata:speed>6.872</gpxdata:speed>
    </extensions>
   </trkpt>
   <trkpt lat="47.4874240" lon="6.7719830">
    <ele>342</ele>
    <time>2026-06-09T16:13:03Z</time>
    <extensions>
     <gpxdata:distance>20795.00</gpxdata:distance>
     <gpxdata:speed>6.872</gpxdata:speed>
    </extensions>
   </trkpt>
   <trkpt lat="47.4874779" lon="6.7720251">
    <ele>342</ele>
    <time>2026-06-09T16:13:04Z</time>
    <extensions>
     <gpxdata:distance>20805.00</gpxdata:distance>
     <gpxdata:speed>6.825</gpxdata:speed>
    </extensions>
   </trkpt>
   <trkpt lat="47.4875316" lon="6.7720666">
    <ele>342</ele>
    <time>2026-06-09T16:13:05Z</time>
    <extensions>
     <gpxdata:distance>20815.00</gpxdata:distance>
     <gpxdata:speed>6.797</gpxdata:speed>
    </extensions>
   </trkpt>
   <trkpt lat="47.4875857" lon="6.7721074">
    <ele>342</ele>
    <time>2026-06-09T16:13:06Z</time>
    <extensions>
     <gpxdata:distance>20821.50</gpxdata:distance>
     <gpxdata:speed>6.786</gpxdata:speed>
    </extensions>
   </trkpt>
   <trkpt lat="47.4876399" lon="6.7721482">
    <ele>342</ele>
    <time>2026-06-09T16:13:07Z</time>
    <extensions>
     <gpxdata:distance>20828.00</gpxdata:distance>
     <gpxdata:speed>6.781</gpxdata:speed>
    </extensions>
   </trkpt>
   <trkpt lat="47.4876944" lon="6.7721890">
    <ele>342</ele>
    <time>2026-06-09T16:13:08Z</time>
    <extensions>
     <gpxdata:distance>20835.00</gpxdata:distance>
     <gpxdata:speed>6.789</gpxdata:speed>
    </extensions>
   </trkpt>
   <trkpt lat="47.4877492" lon="6.7722300">
    <ele>342</ele>
    <time>2026-06-09T16:13:09Z</time>
    <extensions>
     <gpxdata:distance>20842.00</gpxdata:distance>
     <gpxdata:speed>6.806</gpxdata:speed>
    </extensions>
   </trkpt>
   <trkpt lat="47.4878043" lon="6.7722714">
    <ele>342</ele>
    <time>2026-06-09T16:13:10Z</time>
    <extensions>
     <gpxdata:distance>20849.00</gpxdata:distance>
     <gpxdata:speed>6.831</gpxdata:speed>
    </extensions>
   </trkpt>
   <trkpt lat="47.4878599" lon="6.7723129">
    <ele>342</ele>
    <time>2026-06-09T16:13:11Z</time>
    <extensions>
     <gpxdata:distance>20856.00</gpxdata:distance>
     <gpxdata:speed>6.869</gpxdata:speed>
    </extensions>
   </trkpt>
   <trkpt lat="47.4879162" lon="6.7723545">
    <ele>342</ele>
    <time>2026-06-09T16:13:12Z</time>
    <extensions>
     <gpxdata:distance>20863.00</gpxdata:distance>
     <gpxdata:speed>6.914</gpxdata:speed>
    </extensions>
   </trkpt>
   <trkpt lat="47.4879729" lon="6.7723965">
    <ele>342</ele>
    <time>2026-06-09T16:13:13Z</time>
    <extensions>
     <gpxdata:distance>20870.00</gpxdata:distance>
     <gpxdata:speed>6.964</gpxdata:speed>
    </extensions>
   </trkpt>
   <trkpt lat="47.4880290" lon="6.7724389">
    <ele>342</ele>
    <time>2026-06-09T16:13:14Z</time>
    <extensions>
     <gpxdata:distance>20873.50</gpxdata:distance>
     <gpxdata:speed>6.975</gpxdata:speed>
    </extensions>
   </trkpt>
   <trkpt lat="47.4880841" lon="6.7724806">
    <ele>342</ele>
    <time>2026-06-09T16:13:15Z</time>
    <extensions>
     <gpxdata:distance>20877.00</gpxdata:distance>
     <gpxdata:speed>6.975</gpxdata:speed>
    </extensions>
   </trkpt>
   <trkpt lat="47.4881376" lon="6.7725208">
    <ele>342</ele>
    <time>2026-06-09T16:13:16Z</time>
    <extensions>
     <gpxdata:distance>20887.00</gpxdata:distance>
     <gpxdata:speed>6.836</gpxdata:speed>
    </extensions>
   </trkpt>
   <trkpt lat="47.4881892" lon="6.7725594">
    <ele>342</ele>
    <time>2026-06-09T16:13:17Z</time>
    <extensions>
     <gpxdata:distance>20897.00</gpxdata:distance>
     <gpxdata:speed>6.692</gpxdata:speed>
    </extensions>
   </trkpt>
   <trkpt lat="47.4882394" lon="6.7725966">
    <ele>342</ele>
    <time>2026-06-09T16:13:18Z</time>
    <extensions>
     <gpxdata:distance>20903.00</gpxdata:distance>
     <gpxdata:speed>6.533</gpxdata:speed>
    </extensions>
   </trkpt>
   <trkpt lat="47.4882893" lon="6.7726341">
    <ele>342</ele>
    <time>2026-06-09T16:13:19Z</time>
    <extensions>
     <gpxdata:distance>20909.00</gpxdata:distance>
     <gpxdata:speed>6.436</gpxdata:speed>
    </extensions>
   </trkpt>
   <trkpt lat="47.4883396" lon="6.7726735">
    <ele>342</ele>
    <time>2026-06-09T16:13:20Z</time>
    <extensions>
     <gpxdata:distance>20915.50</gpxdata:distance>
     <gpxdata:speed>6.417</gpxdata:speed>
    </extensions>
   </trkpt>
   <trkpt lat="47.4883908" lon="6.7727142">
    <ele>342</ele>
    <time>2026-06-09T16:13:21Z</time>
    <extensions>
     <gpxdata:distance>20922.00</gpxdata:distance>
     <gpxdata:speed>6.439</gpxdata:speed>
    </extensions>
   </trkpt>
   <trkpt lat="47.4884432" lon="6.7727525">
    <ele>342</ele>
    <time>2026-06-09T16:13:22Z</time>
    <extensions>
     <gpxdata:distance>20928.50</gpxdata:distance>
     <gpxdata:speed>6.456</gpxdata:speed>
    </extensions>
   </trkpt>
   <trkpt lat="47.4884975" lon="6.7727861">
    <ele>342</ele>
    <time>2026-06-09T16:13:23Z</time>
    <extensions>
     <gpxdata:distance>20935.00</gpxdata:distance>
     <gpxdata:speed>6.486</gpxdata:speed>
    </extensions>
   </trkpt>
   <trkpt lat="47.4885540" lon="6.7728168">
    <ele>342</ele>
    <time>2026-06-09T16:13:24Z</time>
    <extensions>
     <gpxdata:distance>20942.00</gpxdata:distance>
     <gpxdata:speed>6.561</gpxdata:speed>
    </extensions>
   </trkpt>
   <trkpt lat="47.4886124" lon="6.7728467">
    <ele>342</ele>
    <time>2026-06-09T16:13:25Z</time>
    <extensions>
     <gpxdata:distance>20949.00</gpxdata:distance>
     <gpxdata:speed>6.672</gpxdata:speed>
    </extensions>
   </trkpt>
   <trkpt lat="47.4886725" lon="6.7728746">
    <ele>342</ele>
    <time>2026-06-09T16:13:26Z</time>
    <extensions>
     <gpxdata:distance>20956.00</gpxdata:distance>
     <gpxdata:speed>6.792</gpxdata:speed>
    </extensions>
   </trkpt>
   <trkpt lat="47.4887348" lon="6.7729001">
    <ele>342</ele>
    <time>2026-06-09T16:13:27Z</time>
    <extensions>
     <gpxdata:distance>20963.00</gpxdata:distance>
     <gpxdata:speed>7.108</gpxdata:speed>
    </extensions>
   </trkpt>
   <trkpt lat="47.4887982" lon="6.7729227">
    <ele>342</ele>
    <time>2026-06-09T16:13:28Z</time>
    <extensions>
     <gpxdata:distance>20970.50</gpxdata:distance>
     <gpxdata:speed>7.181</gpxdata:speed>
    </extensions>
   </trkpt>
   <trkpt lat="47.4888623" lon="6.7729418">
    <ele>342</ele>
    <time>2026-06-09T16:13:29Z</time>
    <extensions>
     <gpxdata:distance>20978.00</gpxdata:distance>
     <gpxdata:speed>7.228</gpxdata:speed>
    </extensions>
   </trkpt>
   <trkpt lat="47.4889270" lon="6.7729589">
    <ele>342</ele>
    <time>2026-06-09T16:13:30Z</time>
    <extensions>
     <gpxdata:distance>20985.50</gpxdata:distance>
     <gpxdata:speed>7.228</gpxdata:speed>
    </extensions>
   </trkpt>
   <trkpt lat="47.4889919" lon="6.7729779">
    <ele>342</ele>
    <time>2026-06-09T16:13:31Z</time>
    <extensions>
     <gpxdata:distance>20993.00</gpxdata:distance>
     <gpxdata:speed>7.333</gpxdata:speed>
    </extensions>
   </trkpt>
   <trkpt lat="47.4890567" lon="6.7730006">
    <ele>342</ele>
    <time>2026-06-09T16:13:32Z</time>
    <extensions>
     <gpxdata:distance>20996.50</gpxdata:distance>
     <gpxdata:speed>7.389</gpxdata:speed>
    </extensions>
   </trkpt>
   <trkpt lat="47.4891216" lon="6.7730261">
    <ele>342</ele>
    <time>2026-06-09T16:13:33Z</time>
    <extensions>
     <gpxdata:distance>21000.00</gpxdata:distance>
     <gpxdata:speed>7.389</gpxdata:speed>
    </extensions>
   </trkpt>
   <trkpt lat="47.4891865" lon="6.7730533">
    <ele>342</ele>
    <time>2026-06-09T16:13:34Z</time>
    <extensions>
     <gpxdata:distance>21011.50</gpxdata:distance>
     <gpxdata:speed>7.486</gpxdata:speed>
    </extensions>
   </trkpt>
   <trkpt lat="47.4892512" lon="6.7730812">
    <ele>342</ele>
    <time>2026-06-09T16:13:35Z</time>
    <extensions>
     <gpxdata:distance>21023.00</gpxdata:distance>
     <gpxdata:speed>7.489</gpxdata:speed>
    </extensions>
   </trkpt>
   <trkpt lat="47.4893160" lon="6.7731096">
    <ele>342</ele>
    <time>2026-06-09T16:13:36Z</time>
    <extensions>
     <gpxdata:distance>21030.50</gpxdata:distance>
     <gpxdata:speed>7.506</gpxdata:speed>
    </extensions>
   </trkpt>
   <trkpt lat="47.4893810" lon="6.7731375">
    <ele>342</ele>
    <time>2026-06-09T16:13:37Z</time>
    <extensions>
     <gpxdata:distance>21038.00</gpxdata:distance>
     <gpxdata:speed>7.517</gpxdata:speed>
    </extensions>
   </trkpt>
   <trkpt lat="47.4894463" lon="6.7731633">
    <ele>342</ele>
    <time>2026-06-09T16:13:38Z</time>
    <extensions>
     <gpxdata:distance>21045.50</gpxdata:distance>
     <gpxdata:speed>7.522</gpxdata:speed>
    </extensions>
   </trkpt>
   <trkpt lat="47.4895115" lon="6.7731878">
    <ele>342</ele>
    <time>2026-06-09T16:13:39Z</time>
    <extensions>
     <gpxdata:distance>21053.00</gpxdata:distance>
     <gpxdata:speed>7.508</gpxdata:speed>
    </extensions>
   </trkpt>
   <trkpt lat="47.4895761" lon="6.7732095">
    <ele>342</ele>
    <time>2026-06-09T16:13:40Z</time>
    <extensions>
     <gpxdata:distance>21060.00</gpxdata:distance>
     <gpxdata:speed>7.508</gpxdata:speed>
    </extensions>
   </trkpt>
   <trkpt lat="47.4896399" lon="6.7732248">
    <ele>342</ele>
    <time>2026-06-09T16:13:41Z</time>
    <extensions>
     <gpxdata:distance>21067.00</gpxdata:distance>
     <gpxdata:speed>7.358</gpxdata:speed>
    </extensions>
   </trkpt>
   <trkpt lat="47.4897023" lon="6.7732329">
    <ele>342</ele>
    <time>2026-06-09T16:13:42Z</time>
    <extensions>
     <gpxdata:distance>21073.50</gpxdata:distance>
     <gpxdata:speed>7.219</gpxdata:speed>
    </extensions>
   </trkpt>
   <trkpt lat="47.4897629" lon="6.7732365">
    <ele>342</ele>
    <time>2026-06-09T16:13:43Z</time>
    <extensions>
     <gpxdata:distance>21080.00</gpxdata:distance>
     <gpxdata:speed>7.050</gpxdata:speed>
    </extensions>
   </trkpt>
   <trkpt lat="47.4898221" lon="6.7732384">
    <ele>342</ele>
    <time>2026-06-09T16:13:44Z</time>
    <extensions>
     <gpxdata:distance>21083.50</gpxdata:distance>
     <gpxdata:speed>6.883</gpxdata:speed>
    </extensions>
   </trkpt>
   <trkpt lat="47.4898799" lon="6.7732405">
    <ele>342</ele>
    <time>2026-06-09T16:13:45Z</time>
    <extensions>
     <gpxdata:distance>21087.00</gpxdata:distance>
     <gpxdata:speed>6.883</gpxdata:speed>
    </extensions>
   </trkpt>
   <trkpt lat="47.4899367" lon="6.7732426">
    <ele>342</ele>
    <time>2026-06-09T16:13:46Z</time>
    <extensions>
     <gpxdata:distance>21096.50</gpxdata:distance>
     <gpxdata:speed>6.394</gpxdata:speed>
    </extensions>
   </trkpt>
   <trkpt lat="47.4899936" lon="6.7732445">
    <ele>342</ele>
    <time>2026-06-09T16:13:47Z</time>
    <extensions>
     <gpxdata:distance>21106.00</gpxdata:distance>
     <gpxdata:speed>6.397</gpxdata:speed>
    </extensions>
   </trkpt>
   <trkpt lat="47.4900518" lon="6.7732475">
    <ele>342</ele>
    <time>2026-06-09T16:13:48Z</time>
    <extensions>
     <gpxdata:distance>21112.50</gpxdata:distance>
     <gpxdata:speed>6.503</gpxdata:speed>
    </extensions>
   </trkpt>
   <trkpt lat="47.4901117" lon="6.7732518">
    <ele>342</ele>
    <time>2026-06-09T16:13:49Z</time>
    <extensions>
     <gpxdata:distance>21119.00</gpxdata:distance>
     <gpxdata:speed>6.656</gpxdata:speed>
    </extensions>
   </trkpt>
   <trkpt lat="47.4901732" lon="6.7732567">
    <ele>342</ele>
    <time>2026-06-09T16:13:50Z</time>
    <extensions>
     <gpxdata:distance>21122.50</gpxdata:distance>
     <gpxdata:speed>6.786</gpxdata:speed>
    </extensions>
   </trkpt>
   <trkpt lat="47.4902358" lon="6.7732616">
    <ele>342</ele>
    <time>2026-06-09T16:13:51Z</time>
    <extensions>
     <gpxdata:distance>21126.00</gpxdata:distance>
     <gpxdata:speed>6.786</gpxdata:speed>
    </extensions>
   </trkpt>
   <trkpt lat="47.4902991" lon="6.7732665">
    <ele>342</ele>
    <time>2026-06-09T16:13:52Z</time>
    <extensions>
     <gpxdata:distance>21137.00</gpxdata:distance>
     <gpxdata:speed>6.919</gpxdata:speed>
    </extensions>
   </trkpt>
   <trkpt lat="47.4903624" lon="6.7732700">
    <ele>342</ele>
    <time>2026-06-09T16:13:53Z</time>
    <extensions>
     <gpxdata:distance>21148.00</gpxdata:distance>
     <gpxdata:speed>6.961</gpxdata:speed>
    </extensions>
   </trkpt>
   <trkpt lat="47.4904259" lon="6.7732728">
    <ele>342</ele>
    <time>2026-06-09T16:13:54Z</time>
    <extensions>
     <gpxdata:distance>21155.00</gpxdata:distance>
     <gpxdata:speed>6.997</gpxdata:speed>
    </extensions>
   </trkpt>
   <trkpt lat="47.4904893" lon="6.7732762">
    <ele>342</ele>
    <time>2026-06-09T16:13:55Z</time>
    <extensions>
     <gpxdata:distance>21162.00</gpxdata:distance>
     <gpxdata:speed>7.025</gpxdata:speed>
    </extensions>
   </trkpt>
   <trkpt lat="47.4905535" lon="6.7732810">
    <ele>342</ele>
    <time>2026-06-09T16:13:56Z</time>
    <extensions>
     <gpxdata:distance>21169.00</gpxdata:distance>
     <gpxdata:speed>7.092</gpxdata:speed>
    </extensions>
   </trkpt>
   <trkpt lat="47.4906179" lon="6.7732867">
    <ele>342</ele>
    <time>2026-06-09T16:13:57Z</time>
    <extensions>
     <gpxdata:distance>21176.00</gpxdata:distance>
     <gpxdata:speed>7.133</gpxdata:speed>
    </extensions>
   </trkpt>
   <trkpt lat="47.4906823" lon="6.7732912">
    <ele>342</ele>
    <time>2026-06-09T16:13:58Z</time>
    <extensions>
     <gpxdata:distance>21183.00</gpxdata:distance>
     <gpxdata:speed>7.158</gpxdata:speed>
    </extensions>
   </trkpt>
   <trkpt lat="47.4907468" lon="6.7732940">
    <ele>342</ele>
    <time>2026-06-09T16:13:59Z</time>
    <extensions>
     <gpxdata:distance>21190.00</gpxdata:distance>
     <gpxdata:speed>7.172</gpxdata:speed>
    </extensions>
   </trkpt>
   <trkpt lat="47.4908102" lon="6.7732959">
    <ele>342</ele>
    <time>2026-06-09T16:14:00Z</time>
    <extensions>
     <gpxdata:distance>21197.00</gpxdata:distance>
     <gpxdata:speed>7.172</gpxdata:speed>
    </extensions>
   </trkpt>
   <trkpt lat="47.4908710" lon="6.7732978">
    <ele>342</ele>
    <time>2026-06-09T16:14:01Z</time>
    <extensions>
     <gpxdata:distance>21204.00</gpxdata:distance>
     <gpxdata:speed>6.961</gpxdata:speed>
    </extensions>
   </trkpt>
   <trkpt lat="47.4909300" lon="6.7733004">
    <ele>342</ele>
    <time>2026-06-09T16:14:02Z</time>
    <extensions>
     <gpxdata:distance>21207.00</gpxdata:distance>
     <gpxdata:speed>6.817</gpxdata:speed>
    </extensions>
   </trkpt>
   <trkpt lat="47.4909892" lon="6.7733035">
    <ele>342</ele>
    <time>2026-06-09T16:14:03Z</time>
    <extensions>
     <gpxdata:distance>21210.00</gpxdata:distance>
     <gpxdata:speed>6.817</gpxdata:speed>
    </extensions>
   </trkpt>
   <trkpt lat="47.4910495" lon="6.7733072">
    <ele>342</ele>
    <time>2026-06-09T16:14:04Z</time>
    <extensions>
     <gpxdata:distance>21220.50</gpxdata:distance>
     <gpxdata:speed>6.756</gpxdata:speed>
    </extensions>
   </trkpt>
   <trkpt lat="47.4911108" lon="6.7733118">
    <ele>342</ele>
    <time>2026-06-09T16:14:05Z</time>
    <extensions>
     <gpxdata:distance>21231.00</gpxdata:distance>
     <gpxdata:speed>6.786</gpxdata:speed>
    </extensions>
   </trkpt>
   <trkpt lat="47.4911729" lon="6.7733175">
    <ele>342</ele>
    <time>2026-06-09T16:14:06Z</time>
    <extensions>
     <gpxdata:distance>21238.00</gpxdata:distance>
     <gpxdata:speed>6.831</gpxdata:speed>
    </extensions>
   </trkpt>
   <trkpt lat="47.4912357" lon="6.7733239">
    <ele>342</ele>
    <time>2026-06-09T16:14:07Z</time>
    <extensions>
     <gpxdata:distance>21245.00</gpxdata:distance>
     <gpxdata:speed>6.886</gpxdata:speed>
    </extensions>
   </trkpt>
   <trkpt lat="47.4912990" lon="6.7733294">
    <ele>342</ele>
    <time>2026-06-09T16:14:08Z</time>
    <extensions>
     <gpxdata:distance>21252.00</gpxdata:distance>
     <gpxdata:speed>6.942</gpxdata:speed>
    </extensions>
   </trkpt>
   <trkpt lat="47.4913628" lon="6.7733337">
    <ele>342</ele>
    <time>2026-06-09T16:14:09Z</time>
    <extensions>
     <gpxdata:distance>21259.00</gpxdata:distance>
     <gpxdata:speed>6.997</gpxdata:speed>
    </extensions>
   </trkpt>
   <trkpt lat="47.4914267" lon="6.7733371">
    <ele>342</ele>
    <time>2026-06-09T16:14:10Z</time>
    <extensions>
     <gpxdata:distance>21266.00</gpxdata:distance>
     <gpxdata:speed>7.033</gpxdata:speed>
    </extensions>
   </trkpt>
   <trkpt lat="47.4914895" lon="6.7733409">
    <ele>342</ele>
    <time>2026-06-09T16:14:11Z</time>
    <extensions>
     <gpxdata:distance>21273.00</gpxdata:distance>
     <gpxdata:speed>7.011</gpxdata:speed>
    </extensions>
   </trkpt>
   <trkpt lat="47.4915506" lon="6.7733460">
    <ele>342</ele>
    <time>2026-06-09T16:14:12Z</time>
    <extensions>
     <gpxdata:distance>21279.50</gpxdata:distance>
     <gpxdata:speed>6.933</gpxdata:speed>
    </extensions>
   </trkpt>
   <trkpt lat="47.4916100" lon="6.7733520">
    <ele>342</ele>
    <time>2026-06-09T16:14:13Z</time>
    <extensions>
     <gpxdata:distance>21286.00</gpxdata:distance>
     <gpxdata:speed>6.828</gpxdata:speed>
    </extensions>
   </trkpt>
   <trkpt lat="47.4916685" lon="6.7733589">
    <ele>342</ele>
    <time>2026-06-09T16:14:14Z</time>
    <extensions>
     <gpxdata:distance>21289.50</gpxdata:distance>
     <gpxdata:speed>6.731</gpxdata:speed>
    </extensions>
   </trkpt>
   <trkpt lat="47.4917274" lon="6.7733647">
    <ele>342</ele>
    <time>2026-06-09T16:14:15Z</time>
    <extensions>
     <gpxdata:distance>21293.00</gpxdata:distance>
     <gpxdata:speed>6.731</gpxdata:speed>
    </extensions>
   </trkpt>
   <trkpt lat="47.4917874" lon="6.7733685">
    <ele>342</ele>
    <time>2026-06-09T16:14:16Z</time>
    <extensions>
     <gpxdata:distance>21303.00</gpxdata:distance>
     <gpxdata:speed>6.697</gpxdata:speed>
    </extensions>
   </trkpt>
   <trkpt lat="47.4918485" lon="6.7733715">
    <ele>342</ele>
    <time>2026-06-09T16:14:17Z</time>
    <extensions>
     <gpxdata:distance>21313.00</gpxdata:distance>
     <gpxdata:speed>6.739</gpxdata:speed>
    </extensions>
   </trkpt>
   <trkpt lat="47.4919108" lon="6.7733741">
    <ele>342</ele>
    <time>2026-06-09T16:14:18Z</time>
    <extensions>
     <gpxdata:distance>21320.00</gpxdata:distance>
     <gpxdata:speed>6.806</gpxdata:speed>
    </extensions>
   </trkpt>
   <trkpt lat="47.4919737" lon="6.7733767">
    <ele>342</ele>
    <time>2026-06-09T16:14:19Z</time>
    <extensions>
     <gpxdata:distance>21327.00</gpxdata:distance>
     <gpxdata:speed>6.867</gpxdata:speed>
    </extensions>
   </trkpt>
   <trkpt lat="47.4920362" lon="6.7733806">
    <ele>342</ele>
    <time>2026-06-09T16:14:20Z</time>
    <extensions>
     <gpxdata:distance>21334.00</gpxdata:distance>
     <gpxdata:speed>6.889</gpxdata:speed>
    </extensions>
   </trkpt>
   <trkpt lat="47.4920975" lon="6.7733858">
    <ele>342</ele>
    <time>2026-06-09T16:14:21Z</time>
    <extensions>
     <gpxdata:distance>21341.00</gpxdata:distance>
     <gpxdata:speed>6.856</gpxdata:speed>
    </extensions>
   </trkpt>
   <trkpt lat="47.4921582" lon="6.7733908">
    <ele>342</ele>
    <time>2026-06-09T16:14:22Z</time>
    <extensions>
     <gpxdata:distance>21347.50</gpxdata:distance>
     <gpxdata:speed>6.825</gpxdata:speed>
    </extensions>
   </trkpt>
   <trkpt lat="47.4922179" lon="6.7733946">
    <ele>342</ele>
    <time>2026-06-09T16:14:23Z</time>
    <extensions>
     <gpxdata:distance>21354.00</gpxdata:distance>
     <gpxdata:speed>6.764</gpxdata:speed>
    </extensions>
   </trkpt>
   <trkpt lat="47.4922753" lon="6.7733974">
    <ele>342</ele>
    <time>2026-06-09T16:14:24Z</time>
    <extensions>
     <gpxdata:distance>21360.00</gpxdata:distance>
     <gpxdata:speed>6.619</gpxdata:speed>
    </extensions>
   </trkpt>
   <trkpt lat="47.4923305" lon="6.7734004">
    <ele>342</ele>
    <time>2026-06-09T16:14:25Z</time>
    <extensions>
     <gpxdata:distance>21366.00</gpxdata:distance>
     <gpxdata:speed>6.453</gpxdata:speed>
    </extensions>
   </trkpt>
   <trkpt lat="47.4923844" lon="6.7734030">
    <ele>342</ele>
    <time>2026-06-09T16:14:26Z</time>
    <extensions>
     <gpxdata:distance>21372.00</gpxdata:distance>
     <gpxdata:speed>6.453</gpxdata:speed>
    </extensions>
   </trkpt>
   <trkpt lat="47.4924371" lon="6.7734031">
    <ele>342</ele>
    <time>2026-06-09T16:14:27Z</time>
    <extensions>
     <gpxdata:distance>21378.00</gpxdata:distance>
     <gpxdata:speed>5.975</gpxdata:speed>
    </extensions>
   </trkpt>
   <trkpt lat="47.4924739" lon="6.7733958">
    <ele>342</ele>
    <time>2026-06-09T16:14:28Z</time>
    <extensions>
     <gpxdata:distance>21383.50</gpxdata:distance>
     <gpxdata:speed>5.975</gpxdata:speed>
    </extensions>
   </trkpt>
   <trkpt lat="47.4925179" lon="6.7733742">
    <ele>342</ele>
    <time>2026-06-09T16:14:29Z</time>
    <extensions>
     <gpxdata:distance>21389.00</gpxdata:distance>
     <gpxdata:speed>5.761</gpxdata:speed>
    </extensions>
   </trkpt>
   <trkpt lat="47.4925628" lon="6.7733429">
    <ele>342</ele>
    <time>2026-06-09T16:14:30Z</time>
    <extensions>
     <gpxdata:distance>21395.00</gpxdata:distance>
     <gpxdata:speed>5.761</gpxdata:speed>
    </extensions>
   </trkpt>
   <trkpt lat="47.4926094" lon="6.7733110">
    <ele>342</ele>
    <time>2026-06-09T16:14:31Z</time>
    <extensions>
     <gpxdata:distance>21401.00</gpxdata:distance>
     <gpxdata:speed>5.808</gpxdata:speed>
    </extensions>
   </trkpt>
   <trkpt lat="47.4926595" lon="6.7732849">
    <ele>342</ele>
    <time>2026-06-09T16:14:32Z</time>
    <extensions>
     <gpxdata:distance>21407.00</gpxdata:distance>
     <gpxdata:speed>5.994</gpxdata:speed>
    </extensions>
   </trkpt>
   <trkpt lat="47.4927134" lon="6.7732686">
    <ele>342</ele>
    <time>2026-06-09T16:14:33Z</time>
    <extensions>
     <gpxdata:distance>21413.00</gpxdata:distance>
     <gpxdata:speed>6.189</gpxdata:speed>
    </extensions>
   </trkpt>
   <trkpt lat="47.4927890" lon="6.7732620">
    <ele>342</ele>
    <time>2026-06-09T16:14:34Z</time>
    <extensions>
     <gpxdata:distance>21419.50</gpxdata:distance>
     <gpxdata:speed>6.308</gpxdata:speed>
    </extensions>
   </trkpt>
   <trkpt lat="47.4928500" lon="6.7732683">
    <ele>342</ele>
    <time>2026-06-09T16:14:35Z</time>
    <extensions>
     <gpxdata:distance>21426.00</gpxdata:distance>
     <gpxdata:speed>6.414</gpxdata:speed>
    </extensions>
   </trkpt>
   <trkpt lat="47.4929101" lon="6.7732791">
    <ele>342</ele>
    <time>2026-06-09T16:14:36Z</time>
    <extensions>
     <gpxdata:distance>21429.50</gpxdata:distance>
     <gpxdata:speed>6.511</gpxdata:speed>
    </extensions>
   </trkpt>
   <trkpt lat="47.4929702" lon="6.7732901">
    <ele>342</ele>
    <time>2026-06-09T16:14:37Z</time>
    <extensions>
     <gpxdata:distance>21433.00</gpxdata:distance>
     <gpxdata:speed>6.511</gpxdata:speed>
    </extensions>
   </trkpt>
   <trkpt lat="47.4930295" lon="6.7732993">
    <ele>341</ele>
    <time>2026-06-09T16:14:38Z</time>
    <extensions>
     <gpxdata:distance>21443.00</gpxdata:distance>
     <gpxdata:speed>6.592</gpxdata:speed>
    </extensions>
   </trkpt>
   <trkpt lat="47.4930871" lon="6.7733079">
    <ele>341</ele>
    <time>2026-06-09T16:14:39Z</time>
    <extensions>
     <gpxdata:distance>21453.00</gpxdata:distance>
     <gpxdata:speed>6.536</gpxdata:speed>
    </extensions>
   </trkpt>
   <trkpt lat="47.4931433" lon="6.7733167">
    <ele>341</ele>
    <time>2026-06-09T16:14:40Z</time>
    <extensions>
     <gpxdata:distance>21459.00</gpxdata:distance>
     <gpxdata:speed>6.536</gpxdata:speed>
    </extensions>
   </trkpt>
   <trkpt lat="47.4931980" lon="6.7733264">
    <ele>341</ele>
    <time>2026-06-09T16:14:41Z</time>
    <extensions>
     <gpxdata:distance>21465.00</gpxdata:distance>
     <gpxdata:speed>6.350</gpxdata:speed>
    </extensions>
   </trkpt>
   <trkpt lat="47.4932504" lon="6.7733403">
    <ele>341</ele>
    <time>2026-06-09T16:14:42Z</time>
    <extensions>
     <gpxdata:distance>21468.00</gpxdata:distance>
     <gpxdata:speed>6.350</gpxdata:speed>
    </extensions>
   </trkpt>
   <trkpt lat="47.4932989" lon="6.7733635">
    <ele>341</ele>
    <time>2026-06-09T16:14:43Z</time>
    <extensions>
     <gpxdata:distance>21471.00</gpxdata:distance>
     <gpxdata:speed>6.206</gpxdata:speed>
    </extensions>
   </trkpt>
   <trkpt lat="47.4933415" lon="6.7733984">
    <ele>341</ele>
    <time>2026-06-09T16:14:44Z</time>
    <extensions>
     <gpxdata:distance>21476.50</gpxdata:distance>
     <gpxdata:speed>6.028</gpxdata:speed>
    </extensions>
   </trkpt>
   <trkpt lat="47.4933695" lon="6.7734282">
    <ele>341</ele>
    <time>2026-06-09T16:14:45Z</time>
    <extensions>
     <gpxdata:distance>21482.00</gpxdata:distance>
     <gpxdata:speed>5.614</gpxdata:speed>
    </extensions>
   </trkpt>
   <trkpt lat="47.4934065" lon="6.7734618">
    <ele>341</ele>
    <time>2026-06-09T16:14:46Z</time>
    <extensions>
     <gpxdata:distance>21487.00</gpxdata:distance>
     <gpxdata:speed>5.403</gpxdata:speed>
    </extensions>
   </trkpt>
   <trkpt lat="47.4934512" lon="6.7734859">
    <ele>342</ele>
    <time>2026-06-09T16:14:47Z</time>
    <extensions>
     <gpxdata:distance>21492.00</gpxdata:distance>
     <gpxdata:speed>5.358</gpxdata:speed>
    </extensions>
   </trkpt>
   <trkpt lat="47.4935028" lon="6.7734984">
    <ele>342</ele>
    <time>2026-06-09T16:14:48Z</time>
    <extensions>
     <gpxdata:distance>21501.50</gpxdata:distance>
     <gpxdata:speed>6.028</gpxdata:speed>
    </extensions>
   </trkpt>
   <trkpt lat="47.4935785" lon="6.7735058">
    <ele>342</ele>
    <time>2026-06-09T16:14:49Z</time>
    <extensions>
     <gpxdata:distance>21511.00</gpxdata:distance>
     <gpxdata:speed>6.258</gpxdata:speed>
    </extensions>
   </trkpt>
   <trkpt lat="47.4936423" lon="6.7735071">
    <ele>342</ele>
    <time>2026-06-09T16:14:50Z</time>
    <extensions>
     <gpxdata:distance>21518.00</gpxdata:distance>
     <gpxdata:speed>6.486</gpxdata:speed>
    </extensions>
   </trkpt>
   <trkpt lat="47.4937063" lon="6.7735080">
    <ele>342</ele>
    <time>2026-06-09T16:14:51Z</time>
    <extensions>
     <gpxdata:distance>21525.00</gpxdata:distance>
     <gpxdata:speed>6.900</gpxdata:speed>
    </extensions>
   </trkpt>
   <trkpt lat="47.4937714" lon="6.7735111">
    <ele>342</ele>
    <time>2026-06-09T16:14:52Z</time>
    <extensions>
     <gpxdata:distance>21532.50</gpxdata:distance>
     <gpxdata:speed>7.106</gpxdata:speed>
    </extensions>
   </trkpt>
   <trkpt lat="47.4938372" lon="6.7735154">
    <ele>342</ele>
    <time>2026-06-09T16:14:53Z</time>
    <extensions>
     <gpxdata:distance>21540.00</gpxdata:distance>
     <gpxdata:speed>7.219</gpxdata:speed>
    </extensions>
   </trkpt>
   <trkpt lat="47.4939032" lon="6.7735197">
    <ele>342</ele>
    <time>2026-06-09T16:14:54Z</time>
    <extensions>
     <gpxdata:distance>21547.50</gpxdata:distance>
     <gpxdata:speed>7.289</gpxdata:speed>
    </extensions>
   </trkpt>
   <trkpt lat="47.4939699" lon="6.7735240">
    <ele>342</ele>
    <time>2026-06-09T16:14:55Z</time>
    <extensions>
     <gpxdata:distance>21555.00</gpxdata:distance>
     <gpxdata:speed>7.378</gpxdata:speed>
    </extensions>
   </trkpt>
   <trkpt lat="47.4940372" lon="6.7735270">
    <ele>342</ele>
    <time>2026-06-09T16:14:56Z</time>
    <extensions>
     <gpxdata:distance>21558.50</gpxdata:distance>
     <gpxdata:speed>7.378</gpxdata:speed>
    </extensions>
   </trkpt>
   <trkpt lat="47.4941050" lon="6.7735292">
    <ele>342</ele>
    <time>2026-06-09T16:14:57Z</time>
    <extensions>
     <gpxdata:distance>21562.00</gpxdata:distance>
     <gpxdata:speed>7.464</gpxdata:speed>
    </extensions>
   </trkpt>
   <trkpt lat="47.4941726" lon="6.7735329">
    <ele>342</ele>
    <time>2026-06-09T16:14:58Z</time>
    <extensions>
     <gpxdata:distance>21573.50</gpxdata:distance>
     <gpxdata:speed>7.531</gpxdata:speed>
    </extensions>
   </trkpt>
   <trkpt lat="47.4942398" lon="6.7735374">
    <ele>342</ele>
    <time>2026-06-09T16:14:59Z</time>
    <extensions>
     <gpxdata:distance>21585.00</gpxdata:distance>
     <gpxdata:speed>7.522</gpxdata:speed>
    </extensions>
   </trkpt>
   <trkpt lat="47.4943069" lon="6.7735418">
    <ele>342</ele>
    <time>2026-06-09T16:15:00Z</time>
    <extensions>
     <gpxdata:distance>21592.50</gpxdata:distance>
     <gpxdata:speed>7.522</gpxdata:speed>
    </extensions>
   </trkpt>
   <trkpt lat="47.4943739" lon="6.7735458">
    <ele>342</ele>
    <time>2026-06-09T16:15:01Z</time>
    <extensions>
     <gpxdata:distance>21600.00</gpxdata:distance>
     <gpxdata:speed>7.500</gpxdata:speed>
    </extensions>
   </trkpt>
   <trkpt lat="47.4944409" lon="6.7735501">
    <ele>342</ele>
    <time>2026-06-09T16:15:02Z</time>
    <extensions>
     <gpxdata:distance>21607.00</gpxdata:distance>
     <gpxdata:speed>7.489</gpxdata:speed>
    </extensions>
   </trkpt>
   <trkpt lat="47.4945070" lon="6.7735544">
    <ele>342</ele>
    <time>2026-06-09T16:15:03Z</time>
    <extensions>
     <gpxdata:distance>21614.00</gpxdata:distance>
     <gpxdata:speed>7.442</gpxdata:speed>
    </extensions>
   </trkpt>
   <trkpt lat="47.4945714" lon="6.7735584">
    <ele>342</ele>
    <time>2026-06-09T16:15:04Z</time>
    <extensions>
     <gpxdata:distance>21621.00</gpxdata:distance>
     <gpxdata:speed>7.336</gpxdata:speed>
    </extensions>
   </trkpt>
   <trkpt lat="47.4946339" lon="6.7735622">
    <ele>342</ele>
    <time>2026-06-09T16:15:05Z</time>
    <extensions>
     <gpxdata:distance>21628.00</gpxdata:distance>
     <gpxdata:speed>7.194</gpxdata:speed>
    </extensions>
   </trkpt>
   <trkpt lat="47.4946947" lon="6.7735665">
    <ele>342</ele>
    <time>2026-06-09T16:15:06Z</time>
    <extensions>
     <gpxdata:distance>21634.50</gpxdata:distance>
     <gpxdata:speed>7.047</gpxdata:speed>
    </extensions>
   </trkpt>
   <trkpt lat="47.4947541" lon="6.7735708">
    <ele>342</ele>
    <time>2026-06-09T16:15:07Z</time>
    <extensions>
     <gpxdata:distance>21641.00</gpxdata:distance>
     <gpxdata:speed>6.722</gpxdata:speed>
    </extensions>
   </trkpt>
   <trkpt lat="47.4948124" lon="6.7735744">
    <ele>342</ele>
    <time>2026-06-09T16:15:08Z</time>
    <extensions>
     <gpxdata:distance>21647.50</gpxdata:distance>
     <gpxdata:speed>6.603</gpxdata:speed>
    </extensions>
   </trkpt>
   <trkpt lat="47.4948706" lon="6.7735770">
    <ele>342</ele>
    <time>2026-06-09T16:15:09Z</time>
    <extensions>
     <gpxdata:distance>21654.00</gpxdata:distance>
     <gpxdata:speed>6.556</gpxdata:speed>
    </extensions>
   </trkpt>
   <trkpt lat="47.4949303" lon="6.7735794">
    <ele>342</ele>
    <time>2026-06-09T16:15:10Z</time>
    <extensions>
     <gpxdata:distance>21661.00</gpxdata:distance>
     <gpxdata:speed>6.667</gpxdata:speed>
    </extensions>
   </trkpt>
   <trkpt lat="47.4949918" lon="6.7735836">
    <ele>342</ele>
    <time>2026-06-09T16:15:11Z</time>
    <extensions>
     <gpxdata:distance>21668.00</gpxdata:distance>
     <gpxdata:speed>6.811</gpxdata:speed>
    </extensions>
   </trkpt>
   <trkpt lat="47.4950551" lon="6.7735894">
    <ele>342</ele>
    <time>2026-06-09T16:15:12Z</time>
    <extensions>
     <gpxdata:distance>21675.50</gpxdata:distance>
     <gpxdata:speed>6.928</gpxdata:speed>
    </extensions>
   </trkpt>
   <trkpt lat="47.4951198" lon="6.7735958">
    <ele>342</ele>
    <time>2026-06-09T16:15:13Z</time>
    <extensions>
     <gpxdata:distance>21683.00</gpxdata:distance>
     <gpxdata:speed>7.036</gpxdata:speed>
    </extensions>
   </trkpt>
   <trkpt lat="47.4951852" lon="6.7736020">
    <ele>342</ele>
    <time>2026-06-09T16:15:14Z</time>
    <extensions>
     <gpxdata:distance>21686.50</gpxdata:distance>
     <gpxdata:speed>7.117</gpxdata:speed>
    </extensions>
   </trkpt>
   <trkpt lat="47.4952506" lon="6.7736077">
    <ele>342</ele>
    <time>2026-06-09T16:15:15Z</time>
    <extensions>
     <gpxdata:distance>21690.00</gpxdata:distance>
     <gpxdata:speed>7.117</gpxdata:speed>
    </extensions>
   </trkpt>
   <trkpt lat="47.4953162" lon="6.7736127">
    <ele>342</ele>
    <time>2026-06-09T16:15:16Z</time>
    <extensions>
     <gpxdata:distance>21701.00</gpxdata:distance>
     <gpxdata:speed>7.217</gpxdata:speed>
    </extensions>
   </trkpt>
   <trkpt lat="47.4953818" lon="6.7736181">
    <ele>342</ele>
    <time>2026-06-09T16:15:17Z</time>
    <extensions>
     <gpxdata:distance>21712.00</gpxdata:distance>
     <gpxdata:speed>7.258</gpxdata:speed>
    </extensions>
   </trkpt>
   <trkpt lat="47.4954477" lon="6.7736237">
    <ele>342</ele>
    <time>2026-06-09T16:15:18Z</time>
    <extensions>
     <gpxdata:distance>21719.50</gpxdata:distance>
     <gpxdata:speed>7.303</gpxdata:speed>
    </extensions>
   </trkpt>
   <trkpt lat="47.4955136" lon="6.7736280">
    <ele>342</ele>
    <time>2026-06-09T16:15:19Z</time>
    <extensions>
     <gpxdata:distance>21727.00</gpxdata:distance>
     <gpxdata:speed>7.325</gpxdata:speed>
    </extensions>
   </trkpt>
   <trkpt lat="47.4955795" lon="6.7736320">
    <ele>342</ele>
    <time>2026-06-09T16:15:20Z</time>
    <extensions>
     <gpxdata:distance>21734.00</gpxdata:distance>
     <gpxdata:speed>7.339</gpxdata:speed>
    </extensions>
   </trkpt>
   <trkpt lat="47.4956457" lon="6.7736364">
    <ele>343</ele>
    <time>2026-06-09T16:15:21Z</time>
    <extensions>
     <gpxdata:distance>21741.00</gpxdata:distance>
     <gpxdata:speed>7.367</gpxdata:speed>
    </extensions>
   </trkpt>
   <trkpt lat="47.4957123" lon="6.7736407">
    <ele>343</ele>
    <time>2026-06-09T16:15:22Z</time>
    <extensions>
     <gpxdata:distance>21748.50</gpxdata:distance>
     <gpxdata:speed>7.397</gpxdata:speed>
    </extensions>
   </trkpt>
   <trkpt lat="47.4957792" lon="6.7736433">
    <ele>343</ele>
    <time>2026-06-09T16:15:23Z</time>
    <extensions>
     <gpxdata:distance>21756.00</gpxdata:distance>
     <gpxdata:speed>7.419</gpxdata:speed>
    </extensions>
   </trkpt>
   <trkpt lat="47.4958463" lon="6.7736425">
    <ele>343</ele>
    <time>2026-06-09T16:15:24Z</time>
    <extensions>
     <gpxdata:distance>21763.50</gpxdata:distance>
     <gpxdata:speed>7.436</gpxdata:speed>
    </extensions>
   </trkpt>
   <trkpt lat="47.4959133" lon="6.7736372">
    <ele>343</ele>
    <time>2026-06-09T16:15:25Z</time>
    <extensions>
     <gpxdata:distance>21771.00</gpxdata:distance>
     <gpxdata:speed>7.450</gpxdata:speed>
    </extensions>
   </trkpt>
   <trkpt lat="47.4959798" lon="6.7736279">
    <ele>343</ele>
    <time>2026-06-09T16:15:26Z</time>
    <extensions>
     <gpxdata:distance>21778.50</gpxdata:distance>
     <gpxdata:speed>7.444</gpxdata:speed>
    </extensions>
   </trkpt>
   <trkpt lat="47.4960456" lon="6.7736159">
    <ele>343</ele>
    <time>2026-06-09T16:15:27Z</time>
    <extensions>
     <gpxdata:distance>21786.00</gpxdata:distance>
     <gpxdata:speed>7.417</gpxdata:speed>
    </extensions>
   </trkpt>
   <trkpt lat="47.4961106" lon="6.7736033">
    <ele>343</ele>
    <time>2026-06-09T16:15:28Z</time>
    <extensions>
     <gpxdata:distance>21793.00</gpxdata:distance>
     <gpxdata:speed>7.369</gpxdata:speed>
    </extensions>
   </trkpt>
   <trkpt lat="47.4961739" lon="6.7735900">
    <ele>343</ele>
    <time>2026-06-09T16:15:29Z</time>
    <extensions>
     <gpxdata:distance>21800.00</gpxdata:distance>
     <gpxdata:speed>7.272</gpxdata:speed>
    </extensions>
   </trkpt>
   <trkpt lat="47.4962350" lon="6.7735750">
    <ele>343</ele>
    <time>2026-06-09T16:15:30Z</time>
    <extensions>
     <gpxdata:distance>21806.50</gpxdata:distance>
     <gpxdata:speed>7.133</gpxdata:speed>
    </extensions>
   </trkpt>
   <trkpt lat="47.4962943" lon="6.7735594">
    <ele>343</ele>
    <time>2026-06-09T16:15:31Z</time>
    <extensions>
     <gpxdata:distance>21813.00</gpxdata:distance>
     <gpxdata:speed>6.978</gpxdata:speed>
    </extensions>
   </trkpt>
   <trkpt lat="47.4963528" lon="6.7735439">
    <ele>343</ele>
    <time>2026-06-09T16:15:32Z</time>
    <extensions>
     <gpxdata:distance>21820.00</gpxdata:distance>
     <gpxdata:speed>6.850</gpxdata:speed>
    </extensions>
   </trkpt>
   <trkpt lat="47.4964126" lon="6.7735279">
    <ele>343</ele>
    <time>2026-06-09T16:15:33Z</time>
    <extensions>
     <gpxdata:distance>21827.00</gpxdata:distance>
     <gpxdata:speed>6.833</gpxdata:speed>
    </extensions>
   </trkpt>
   <trkpt lat="47.4964742" lon="6.7735115">
    <ele>343</ele>
    <time>2026-06-09T16:15:34Z</time>
    <extensions>
     <gpxdata:distance>21834.50</gpxdata:distance>
     <gpxdata:speed>6.928</gpxdata:speed>
    </extensions>
   </trkpt>
   <trkpt lat="47.4965378" lon="6.7734948">
    <ele>343</ele>
    <time>2026-06-09T16:15:35Z</time>
    <extensions>
     <gpxdata:distance>21842.00</gpxdata:distance>
     <gpxdata:speed>7.033</gpxdata:speed>
    </extensions>
   </trkpt>
   <trkpt lat="47.4966025" lon="6.7734781">
    <ele>343</ele>
    <time>2026-06-09T16:15:36Z</time>
    <extensions>
     <gpxdata:distance>21849.00</gpxdata:distance>
     <gpxdata:speed>7.128</gpxdata:speed>
    </extensions>
   </trkpt>
   <trkpt lat="47.4966685" lon="6.7734615">
    <ele>343</ele>
    <time>2026-06-09T16:15:37Z</time>
    <extensions>
     <gpxdata:distance>21856.00</gpxdata:distance>
     <gpxdata:speed>7.239</gpxdata:speed>
    </extensions>
   </trkpt>
   <trkpt lat="47.4967353" lon="6.7734449">
    <ele>343</ele>
    <time>2026-06-09T16:15:38Z</time>
    <extensions>
     <gpxdata:distance>21864.00</gpxdata:distance>
     <gpxdata:speed>7.336</gpxdata:speed>
    </extensions>
   </trkpt>
   <trkpt lat="47.4968024" lon="6.7734277">
    <ele>343</ele>
    <time>2026-06-09T16:15:39Z</time>
    <extensions>
     <gpxdata:distance>21872.00</gpxdata:distance>
     <gpxdata:speed>7.419</gpxdata:speed>
    </extensions>
   </trkpt>
   <trkpt lat="47.4968700" lon="6.7734094">
    <ele>343</ele>
    <time>2026-06-09T16:15:40Z</time>
    <extensions>
     <gpxdata:distance>21879.50</gpxdata:distance>
     <gpxdata:speed>7.500</gpxdata:speed>
    </extensions>
   </trkpt>
   <trkpt lat="47.4969379" lon="6.7733917">
    <ele>343</ele>
    <time>2026-06-09T16:15:41Z</time>
    <extensions>
     <gpxdata:distance>21887.00</gpxdata:distance>
     <gpxdata:speed>7.572</gpxdata:speed>
    </extensions>
   </trkpt>
   <trkpt lat="47.4970062" lon="6.7733753">
    <ele>343</ele>
    <time>2026-06-09T16:15:42Z</time>
    <extensions>
     <gpxdata:distance>21894.50</gpxdata:distance>
     <gpxdata:speed>7.656</gpxdata:speed>
    </extensions>
   </trkpt>
   <trkpt lat="47.4970745" lon="6.7733584">
    <ele>343</ele>
    <time>2026-06-09T16:15:43Z</time>
    <extensions>
     <gpxdata:distance>21902.00</gpxdata:distance>
     <gpxdata:speed>7.686</gpxdata:speed>
    </extensions>
   </trkpt>
   <trkpt lat="47.4971425" lon="6.7733418">
    <ele>342</ele>
    <time>2026-06-09T16:15:44Z</time>
    <extensions>
     <gpxdata:distance>21906.00</gpxdata:distance>
     <gpxdata:speed>7.661</gpxdata:speed>
    </extensions>
   </trkpt>
   <trkpt lat="47.4972094" lon="6.7733273">
    <ele>342</ele>
    <time>2026-06-09T16:15:45Z</time>
    <extensions>
     <gpxdata:distance>21910.00</gpxdata:distance>
     <gpxdata:speed>7.661</gpxdata:speed>
    </extensions>
   </trkpt>
   <trkpt lat="47.4972745" lon="6.7733113">
    <ele>342</ele>
    <time>2026-06-09T16:15:46Z</time>
    <extensions>
     <gpxdata:distance>21921.00</gpxdata:distance>
     <gpxdata:speed>7.575</gpxdata:speed>
    </extensions>
   </trkpt>
   <trkpt lat="47.4973368" lon="6.7732871">
    <ele>342</ele>
    <time>2026-06-09T16:15:47Z</time>
    <extensions>
     <gpxdata:distance>21932.00</gpxdata:distance>
     <gpxdata:speed>7.372</gpxdata:speed>
    </extensions>
   </trkpt>
   <trkpt lat="47.4973963" lon="6.7732534">
    <ele>342</ele>
    <time>2026-06-09T16:15:48Z</time>
    <extensions>
     <gpxdata:distance>21939.00</gpxdata:distance>
     <gpxdata:speed>7.292</gpxdata:speed>
    </extensions>
   </trkpt>
   <trkpt lat="47.4974545" lon="6.7732146">
    <ele>342</ele>
    <time>2026-06-09T16:15:49Z</time>
    <extensions>
     <gpxdata:distance>21946.00</gpxdata:distance>
     <gpxdata:speed>7.231</gpxdata:speed>
    </extensions>
   </trkpt>
   <trkpt lat="47.4975134" lon="6.7731769">
    <ele>342</ele>
    <time>2026-06-09T16:15:50Z</time>
    <extensions>
     <gpxdata:distance>21953.00</gpxdata:distance>
     <gpxdata:speed>7.203</gpxdata:speed>
    </extensions>
   </trkpt>
   <trkpt lat="47.4975741" lon="6.7731439">
    <ele>342</ele>
    <time>2026-06-09T16:15:51Z</time>
    <extensions>
     <gpxdata:distance>21960.00</gpxdata:distance>
     <gpxdata:speed>7.208</gpxdata:speed>
    </extensions>
   </trkpt>
   <trkpt lat="47.4976357" lon="6.7731165">
    <ele>342</ele>
    <time>2026-06-09T16:15:52Z</time>
    <extensions>
     <gpxdata:distance>21967.50</gpxdata:distance>
     <gpxdata:speed>7.183</gpxdata:speed>
    </extensions>
   </trkpt>
   <trkpt lat="47.4976992" lon="6.7730969">
    <ele>342</ele>
    <time>2026-06-09T16:15:53Z</time>
    <extensions>
     <gpxdata:distance>21975.00</gpxdata:distance>
     <gpxdata:speed>7.206</gpxdata:speed>
    </extensions>
   </trkpt>
   <trkpt lat="47.4977651" lon="6.7730863">
    <ele>342</ele>
    <time>2026-06-09T16:15:54Z</time>
    <extensions>
     <gpxdata:distance>21982.50</gpxdata:distance>
     <gpxdata:speed>7.278</gpxdata:speed>
    </extensions>
   </trkpt>
   <trkpt lat="47.4978334" lon="6.7730810">
    <ele>343</ele>
    <time>2026-06-09T16:15:55Z</time>
    <extensions>
     <gpxdata:distance>21990.00</gpxdata:distance>
     <gpxdata:speed>7.400</gpxdata:speed>
    </extensions>
   </trkpt>
   <trkpt lat="47.4979038" lon="6.7730761">
    <ele>343</ele>
    <time>2026-06-09T16:15:56Z</time>
    <extensions>
     <gpxdata:distance>21998.00</gpxdata:distance>
     <gpxdata:speed>7.558</gpxdata:speed>
    </extensions>
   </trkpt>
   <trkpt lat="47.4979762" lon="6.7730692">
    <ele>343</ele>
    <time>2026-06-09T16:15:57Z</time>
    <extensions>
     <gpxdata:distance>22006.00</gpxdata:distance>
     <gpxdata:speed>7.953</gpxdata:speed>
    </extensions>
   </trkpt>
   <trkpt lat="47.4980506" lon="6.7730616">
    <ele>343</ele>
    <time>2026-06-09T16:15:58Z</time>
    <extensions>
     <gpxdata:distance>22014.50</gpxdata:distance>
     <gpxdata:speed>8.200</gpxdata:speed>
    </extensions>
   </trkpt>
   <trkpt lat="47.4981268" lon="6.7730549">
    <ele>343</ele>
    <time>2026-06-09T16:15:59Z</time>
    <extensions>
     <gpxdata:distance>22023.00</gpxdata:distance>
     <gpxdata:speed>8.406</gpxdata:speed>
    </extensions>
   </trkpt>
   <trkpt lat="47.4982044" lon="6.7730494">
    <ele>343</ele>
    <time>2026-06-09T16:16:00Z</time>
    <extensions>
     <gpxdata:distance>22032.00</gpxdata:distance>
     <gpxdata:speed>8.406</gpxdata:speed>
    </extensions>
   </trkpt>
   <trkpt lat="47.4982831" lon="6.7730437">
    <ele>343</ele>
    <time>2026-06-09T16:16:01Z</time>
    <extensions>
     <gpxdata:distance>22041.00</gpxdata:distance>
     <gpxdata:speed>8.697</gpxdata:speed>
    </extensions>
   </trkpt>
   <trkpt lat="47.4983623" lon="6.7730360">
    <ele>343</ele>
    <time>2026-06-09T16:16:02Z</time>
    <extensions>
     <gpxdata:distance>22045.50</gpxdata:distance>
     <gpxdata:speed>8.769</gpxdata:speed>
    </extensions>
   </trkpt>
   <trkpt lat="47.4984411" lon="6.7730273">
    <ele>343</ele>
    <time>2026-06-09T16:16:03Z</time>
    <extensions>
     <gpxdata:distance>22050.00</gpxdata:distance>
     <gpxdata:speed>8.769</gpxdata:speed>
    </extensions>
   </trkpt>
   <trkpt lat="47.4985195" lon="6.7730184">
    <ele>343</ele>
    <time>2026-06-09T16:16:04Z</time>
    <extensions>
     <gpxdata:distance>22063.00</gpxdata:distance>
     <gpxdata:speed>8.733</gpxdata:speed>
    </extensions>
   </trkpt>
   <trkpt lat="47.4985976" lon="6.7730102">
    <ele>343</ele>
    <time>2026-06-09T16:16:05Z</time>
    <extensions>
     <gpxdata:distance>22076.00</gpxdata:distance>
     <gpxdata:speed>8.744</gpxdata:speed>
    </extensions>
   </trkpt>
   <trkpt lat="47.4986750" lon="6.7730021">
    <ele>343</ele>
    <time>2026-06-09T16:16:06Z</time>
    <extensions>
     <gpxdata:distance>22084.50</gpxdata:distance>
     <gpxdata:speed>8.708</gpxdata:speed>
    </extensions>
   </trkpt>
   <trkpt lat="47.4987522" lon="6.7729921">
    <ele>343</ele>
    <time>2026-06-09T16:16:07Z</time>
    <extensions>
     <gpxdata:distance>22093.00</gpxdata:distance>
     <gpxdata:speed>8.692</gpxdata:speed>
    </extensions>
   </trkpt>
   <trkpt lat="47.4988284" lon="6.7729798">
    <ele>343</ele>
    <time>2026-06-09T16:16:08Z</time>
    <extensions>
     <gpxdata:distance>22101.50</gpxdata:distance>
     <gpxdata:speed>8.639</gpxdata:speed>
    </extensions>
   </trkpt>
   <trkpt lat="47.4989037" lon="6.7729627">
    <ele>343</ele>
    <time>2026-06-09T16:16:09Z</time>
    <extensions>
     <gpxdata:distance>22110.00</gpxdata:distance>
     <gpxdata:speed>8.589</gpxdata:speed>
    </extensions>
   </trkpt>
   <trkpt lat="47.4989778" lon="6.7729381">
    <ele>343</ele>
    <time>2026-06-09T16:16:10Z</time>
    <extensions>
     <gpxdata:distance>22118.50</gpxdata:distance>
     <gpxdata:speed>8.544</gpxdata:speed>
    </extensions>
   </trkpt>
   <trkpt lat="47.4990506" lon="6.7729062">
    <ele>343</ele>
    <time>2026-06-09T16:16:11Z</time>
    <extensions>
     <gpxdata:distance>22127.00</gpxdata:distance>
     <gpxdata:speed>8.514</gpxdata:speed>
    </extensions>
   </trkpt>
   <trkpt lat="47.4991222" lon="6.7728684">
    <ele>343</ele>
    <time>2026-06-09T16:16:12Z</time>
    <extensions>
     <gpxdata:distance>22135.50</gpxdata:distance>
     <gpxdata:speed>8.497</gpxdata:speed>
    </extensions>
   </trkpt>
   <trkpt lat="47.4991933" lon="6.7728291">
    <ele>343</ele>
    <time>2026-06-09T16:16:13Z</time>
    <extensions>
     <gpxdata:distance>22144.00</gpxdata:distance>
     <gpxdata:speed>8.469</gpxdata:speed>
    </extensions>
   </trkpt>
   <trkpt lat="47.4992641" lon="6.7727893">
    <ele>343</ele>
    <time>2026-06-09T16:16:14Z</time>
    <extensions>
     <gpxdata:distance>22148.00</gpxdata:distance>
     <gpxdata:speed>8.450</gpxdata:speed>
    </extensions>
   </trkpt>
   <trkpt lat="47.4993338" lon="6.7727479">
    <ele>343</ele>
    <time>2026-06-09T16:16:15Z</time>
    <extensions>
     <gpxdata:distance>22152.00</gpxdata:distance>
     <gpxdata:speed>8.450</gpxdata:speed>
    </extensions>
   </trkpt>
   <trkpt lat="47.4994023" lon="6.7727050">
    <ele>344</ele>
    <time>2026-06-09T16:16:16Z</time>
    <extensions>
     <gpxdata:distance>22164.50</gpxdata:distance>
     <gpxdata:speed>8.353</gpxdata:speed>
    </extensions>
   </trkpt>
   <trkpt lat="47.4994685" lon="6.7726609">
    <ele>344</ele>
    <time>2026-06-09T16:16:17Z</time>
    <extensions>
     <gpxdata:distance>22177.00</gpxdata:distance>
     <gpxdata:speed>8.211</gpxdata:speed>
    </extensions>
   </trkpt>
   <trkpt lat="47.4995324" lon="6.7726173">
    <ele>344</ele>
    <time>2026-06-09T16:16:18Z</time>
    <extensions>
     <gpxdata:distance>22184.00</gpxdata:distance>
     <gpxdata:speed>7.889</gpxdata:speed>
    </extensions>
   </trkpt>
   <trkpt lat="47.4995938" lon="6.7725763">
    <ele>344</ele>
    <time>2026-06-09T16:16:19Z</time>
    <extensions>
     <gpxdata:distance>22191.00</gpxdata:distance>
     <gpxdata:speed>7.572</gpxdata:speed>
    </extensions>
   </trkpt>
   <trkpt lat="47.4996532" lon="6.7725389">
    <ele>344</ele>
    <time>2026-06-09T16:16:20Z</time>
    <extensions>
     <gpxdata:distance>22198.00</gpxdata:distance>
     <gpxdata:speed>7.289</gpxdata:speed>
    </extensions>
   </trkpt>
   <trkpt lat="47.4997106" lon="6.7725045">
    <ele>344</ele>
    <time>2026-06-09T16:16:21Z</time>
    <extensions>
     <gpxdata:distance>22205.00</gpxdata:distance>
     <gpxdata:speed>6.997</gpxdata:speed>
    </extensions>
   </trkpt>
   <trkpt lat="47.4997669" lon="6.7724725">
    <ele>344</ele>
    <time>2026-06-09T16:16:22Z</time>
    <extensions>
     <gpxdata:distance>22212.00</gpxdata:distance>
     <gpxdata:speed>6.836</gpxdata:speed>
    </extensions>
   </trkpt>
   <trkpt lat="47.4998232" lon="6.7724427">
    <ele>344</ele>
    <time>2026-06-09T16:16:23Z</time>
    <extensions>
     <gpxdata:distance>22219.00</gpxdata:distance>
     <gpxdata:speed>6.761</gpxdata:speed>
    </extensions>
   </trkpt>
   <trkpt lat="47.4998790" lon="6.7724151">
    <ele>344</ele>
    <time>2026-06-09T16:16:24Z</time>
    <extensions>
     <gpxdata:distance>22225.00</gpxdata:distance>
     <gpxdata:speed>6.622</gpxdata:speed>
    </extensions>
   </trkpt>
   <trkpt lat="47.4999340" lon="6.7723904">
    <ele>344</ele>
    <time>2026-06-09T16:16:25Z</time>
    <extensions>
     <gpxdata:distance>22231.00</gpxdata:distance>
     <gpxdata:speed>6.453</gpxdata:speed>
    </extensions>
   </trkpt>
   <trkpt lat="47.4999875" lon="6.7723671">
    <ele>344</ele>
    <time>2026-06-09T16:16:26Z</time>
    <extensions>
     <gpxdata:distance>22237.00</gpxdata:distance>
     <gpxdata:speed>6.275</gpxdata:speed>
    </extensions>
   </trkpt>
   <trkpt lat="47.5000384" lon="6.7723452">
    <ele>344</ele>
    <time>2026-06-09T16:16:27Z</time>
    <extensions>
     <gpxdata:distance>22243.00</gpxdata:distance>
     <gpxdata:speed>5.978</gpxdata:speed>
    </extensions>
   </trkpt>
   <trkpt lat="47.5000729" lon="6.7723328">
    <ele>344</ele>
    <time>2026-06-09T16:16:28Z</time>
    <extensions>
     <gpxdata:distance>22247.50</gpxdata:distance>
     <gpxdata:speed>5.581</gpxdata:speed>
    </extensions>
   </trkpt>
   <trkpt lat="47.5001135" lon="6.7723292">
    <ele>344</ele>
    <time>2026-06-09T16:16:29Z</time>
    <extensions>
     <gpxdata:distance>22252.00</gpxdata:distance>
     <gpxdata:speed>5.106</gpxdata:speed>
    </extensions>
   </trkpt>
   <trkpt lat="47.5001505" lon="6.7723432">
    <ele>344</ele>
    <time>2026-06-09T16:16:30Z</time>
    <extensions>
     <gpxdata:distance>22256.00</gpxdata:distance>
     <gpxdata:speed>5.106</gpxdata:speed>
    </extensions>
   </trkpt>
   <trkpt lat="47.5001794" lon="6.7723723">
    <ele>345</ele>
    <time>2026-06-09T16:16:31Z</time>
    <extensions>
     <gpxdata:distance>22260.00</gpxdata:distance>
     <gpxdata:speed>4.267</gpxdata:speed>
    </extensions>
   </trkpt>
   <trkpt lat="47.5001987" lon="6.7724118">
    <ele>345</ele>
    <time>2026-06-09T16:16:32Z</time>
    <extensions>
     <gpxdata:distance>22262.00</gpxdata:distance>
     <gpxdata:speed>3.964</gpxdata:speed>
    </extensions>
   </trkpt>
   <trkpt lat="47.5002108" lon="6.7724605">
    <ele>345</ele>
    <time>2026-06-09T16:16:33Z</time>
    <extensions>
     <gpxdata:distance>22264.00</gpxdata:distance>
     <gpxdata:speed>3.964</gpxdata:speed>
    </extensions>
   </trkpt>
   <trkpt lat="47.5002199" lon="6.7725153">
    <ele>345</ele>
    <time>2026-06-09T16:16:34Z</time>
    <extensions>
     <gpxdata:distance>22270.50</gpxdata:distance>
     <gpxdata:speed>4.303</gpxdata:speed>
    </extensions>
   </trkpt>
   <trkpt lat="47.5002285" lon="6.7725739">
    <ele>345</ele>
    <time>2026-06-09T16:16:35Z</time>
    <extensions>
     <gpxdata:distance>22277.00</gpxdata:distance>
     <gpxdata:speed>4.472</gpxdata:speed>
    </extensions>
   </trkpt>
   <trkpt lat="47.5002385" lon="6.7726345">
    <ele>346</ele>
    <time>2026-06-09T16:16:36Z</time>
    <extensions>
     <gpxdata:distance>22282.00</gpxdata:distance>
     <gpxdata:speed>4.644</gpxdata:speed>
    </extensions>
   </trkpt>
   <trkpt lat="47.5002499" lon="6.7726965">
    <ele>346</ele>
    <time>2026-06-09T16:16:37Z</time>
    <extensions>
     <gpxdata:distance>22287.00</gpxdata:distance>
     <gpxdata:speed>4.708</gpxdata:speed>
    </extensions>
   </trkpt>
   <trkpt lat="47.5002620" lon="6.7727594">
    <ele>346</ele>
    <time>2026-06-09T16:16:38Z</time>
    <extensions>
     <gpxdata:distance>22292.00</gpxdata:distance>
     <gpxdata:speed>4.708</gpxdata:speed>
    </extensions>
   </trkpt>
   <trkpt lat="47.5002742" lon="6.7728234">
    <ele>346</ele>
    <time>2026-06-09T16:16:39Z</time>
    <extensions>
     <gpxdata:distance>22297.00</gpxdata:distance>
     <gpxdata:speed>4.856</gpxdata:speed>
    </extensions>
   </trkpt>
   <trkpt lat="47.5002858" lon="6.7728886">
    <ele>346</ele>
    <time>2026-06-09T16:16:40Z</time>
    <extensions>
     <gpxdata:distance>22302.00</gpxdata:distance>
     <gpxdata:speed>5.036</gpxdata:speed>
    </extensions>
   </trkpt>
   <trkpt lat="47.5002970" lon="6.7729549">
    <ele>346</ele>
    <time>2026-06-09T16:16:41Z</time>
    <extensions>
     <gpxdata:distance>22307.00</gpxdata:distance>
     <gpxdata:speed>5.117</gpxdata:speed>
    </extensions>
   </trkpt>
   <trkpt lat="47.5003085" lon="6.7730218">
    <ele>346</ele>
    <time>2026-06-09T16:16:42Z</time>
    <extensions>
     <gpxdata:distance>22312.50</gpxdata:distance>
     <gpxdata:speed>5.189</gpxdata:speed>
    </extensions>
   </trkpt>
   <trkpt lat="47.5003206" lon="6.7730886">
    <ele>346</ele>
    <time>2026-06-09T16:16:43Z</time>
    <extensions>
     <gpxdata:distance>22318.00</gpxdata:distance>
     <gpxdata:speed>5.178</gpxdata:speed>
    </extensions>
   </trkpt>
   <trkpt lat="47.5003328" lon="6.7731542">
    <ele>346</ele>
    <time>2026-06-09T16:16:44Z</time>
    <extensions>
     <gpxdata:distance>22320.50</gpxdata:distance>
     <gpxdata:speed>5.103</gpxdata:speed>
    </extensions>
   </trkpt>
   <trkpt lat="47.5003450" lon="6.7732184">
    <ele>346</ele>
    <time>2026-06-09T16:16:45Z</time>
    <extensions>
     <gpxdata:distance>22323.00</gpxdata:distance>
     <gpxdata:speed>5.103</gpxdata:speed>
    </extensions>
   </trkpt>
   <trkpt lat="47.5003569" lon="6.7732812">
    <ele>346</ele>
    <time>2026-06-09T16:16:46Z</time>
    <extensions>
     <gpxdata:distance>22330.00</gpxdata:distance>
     <gpxdata:speed>4.908</gpxdata:speed>
    </extensions>
   </trkpt>
   <trkpt lat="47.5003690" lon="6.7733434">
    <ele>346</ele>
    <time>2026-06-09T16:16:47Z</time>
    <extensions>
     <gpxdata:distance>22337.00</gpxdata:distance>
     <gpxdata:speed>4.894</gpxdata:speed>
    </extensions>
   </trkpt>
   <trkpt lat="47.5003841" lon="6.7734049">
    <ele>346</ele>
    <time>2026-06-09T16:16:48Z</time>
    <extensions>
     <gpxdata:distance>22339.50</gpxdata:distance>
     <gpxdata:speed>4.894</gpxdata:speed>
    </extensions>
   </trkpt>
   <trkpt lat="47.5004055" lon="6.7734638">
    <ele>346</ele>
    <time>2026-06-09T16:16:49Z</time>
    <extensions>
     <gpxdata:distance>22342.00</gpxdata:distance>
     <gpxdata:speed>4.936</gpxdata:speed>
    </extensions>
   </trkpt>
   <trkpt lat="47.5004342" lon="6.7735181">
    <ele>346</ele>
    <time>2026-06-09T16:16:50Z</time>
    <extensions>
     <gpxdata:distance>22350.50</gpxdata:distance>
     <gpxdata:speed>5.147</gpxdata:speed>
    </extensions>
   </trkpt>
   <trkpt lat="47.5004691" lon="6.7735682">
    <ele>346</ele>
    <time>2026-06-09T16:16:51Z</time>
    <extensions>
     <gpxdata:distance>22359.00</gpxdata:distance>
     <gpxdata:speed>5.292</gpxdata:speed>
    </extensions>
   </trkpt>
   <trkpt lat="47.5005065" lon="6.7736189">
    <ele>346</ele>
    <time>2026-06-09T16:16:52Z</time>
    <extensions>
     <gpxdata:distance>22364.50</gpxdata:distance>
     <gpxdata:speed>5.292</gpxdata:speed>
    </extensions>
   </trkpt>
   <trkpt lat="47.5005416" lon="6.7736762">
    <ele>346</ele>
    <time>2026-06-09T16:16:53Z</time>
    <extensions>
     <gpxdata:distance>22370.00</gpxdata:distance>
     <gpxdata:speed>5.831</gpxdata:speed>
    </extensions>
   </trkpt>
   <trkpt lat="47.5005736" lon="6.7737400">
    <ele>345</ele>
    <time>2026-06-09T16:16:54Z</time>
    <extensions>
     <gpxdata:distance>22373.50</gpxdata:distance>
     <gpxdata:speed>6.014</gpxdata:speed>
    </extensions>
   </trkpt>
   <trkpt lat="47.5006147" lon="6.7738268">
    <ele>345</ele>
    <time>2026-06-09T16:16:55Z</time>
    <extensions>
     <gpxdata:distance>22377.00</gpxdata:distance>
     <gpxdata:speed>6.014</gpxdata:speed>
    </extensions>
   </trkpt>
   <trkpt lat="47.5006395" lon="6.7738668">
    <ele>345</ele>
    <time>2026-06-09T16:16:56Z</time>
    <extensions>
     <gpxdata:distance>22382.00</gpxdata:distance>
     <gpxdata:speed>5.675</gpxdata:speed>
    </extensions>
   </trkpt>
   <trkpt lat="47.5006740" lon="6.7738952">
    <ele>345</ele>
    <time>2026-06-09T16:16:57Z</time>
    <extensions>
     <gpxdata:distance>22387.00</gpxdata:distance>
     <gpxdata:speed>5.675</gpxdata:speed>
    </extensions>
   </trkpt>
   <trkpt lat="47.5007139" lon="6.7739005">
    <ele>344</ele>
    <time>2026-06-09T16:16:58Z</time>
    <extensions>
     <gpxdata:distance>22394.00</gpxdata:distance>
     <gpxdata:speed>5.292</gpxdata:speed>
    </extensions>
   </trkpt>
   <trkpt lat="47.5007565" lon="6.7738885">
    <ele>344</ele>
    <time>2026-06-09T16:16:59Z</time>
    <extensions>
     <gpxdata:distance>22401.00</gpxdata:distance>
     <gpxdata:speed>5.244</gpxdata:speed>
    </extensions>
   </trkpt>
   <trkpt lat="47.5008005" lon="6.7738689">
    <ele>344</ele>
    <time>2026-06-09T16:17:00Z</time>
    <extensions>
     <gpxdata:distance>22406.50</gpxdata:distance>
     <gpxdata:speed>5.217</gpxdata:speed>
    </extensions>
   </trkpt>
   <trkpt lat="47.5008450" lon="6.7738490">
    <ele>344</ele>
    <time>2026-06-09T16:17:01Z</time>
    <extensions>
     <gpxdata:distance>22412.00</gpxdata:distance>
     <gpxdata:speed>5.181</gpxdata:speed>
    </extensions>
   </trkpt>
   <trkpt lat="47.5008894" lon="6.7738319">
    <ele>344</ele>
    <time>2026-06-09T16:17:02Z</time>
    <extensions>
     <gpxdata:distance>22416.50</gpxdata:distance>
     <gpxdata:speed>5.119</gpxdata:speed>
    </extensions>
   </trkpt>
   <trkpt lat="47.5009332" lon="6.7738186">
    <ele>344</ele>
    <time>2026-06-09T16:17:03Z</time>
    <extensions>
     <gpxdata:distance>22421.00</gpxdata:distance>
     <gpxdata:speed>5.042</gpxdata:speed>
    </extensions>
   </trkpt>
   <trkpt lat="47.5009761" lon="6.7738091">
    <ele>344</ele>
    <time>2026-06-09T16:17:04Z</time>
    <extensions>
     <gpxdata:distance>22425.50</gpxdata:distance>
     <gpxdata:speed>4.931</gpxdata:speed>
    </extensions>
   </trkpt>
   <trkpt lat="47.5010164" lon="6.7738011">
    <ele>344</ele>
    <time>2026-06-09T16:17:05Z</time>
    <extensions>
     <gpxdata:distance>22430.00</gpxdata:distance>
     <gpxdata:speed>4.736</gpxdata:speed>
    </extensions>
   </trkpt>
   <trkpt lat="47.5010504" lon="6.7737937">
    <ele>344</ele>
    <time>2026-06-09T16:17:06Z</time>
    <extensions>
     <gpxdata:distance>22432.00</gpxdata:distance>
     <gpxdata:speed>4.736</gpxdata:speed>
    </extensions>
   </trkpt>
   <trkpt lat="47.5011773" lon="6.7737614">
    <ele>344</ele>
    <time>2026-06-09T16:17:15Z</time>
    <extensions>
     <gpxdata:distance>22456.00</gpxdata:distance>
     <gpxdata:speed>2.847</gpxdata:speed>
    </extensions>
   </trkpt>
   <trkpt lat="47.5012356" lon="6.7737551">
    <ele>344</ele>
    <time>2026-06-09T16:17:16Z</time>
    <extensions>
     <gpxdata:distance>22456.00</gpxdata:distance>
     <gpxdata:speed>4.614</gpxdata:speed>
    </extensions>
   </trkpt>
   <trkpt lat="47.5012854" lon="6.7737455">
    <ele>344</ele>
    <time>2026-06-09T16:17:17Z</time>
    <extensions>
     <gpxdata:distance>22459.00</gpxdata:distance>
     <gpxdata:speed>4.614</gpxdata:speed>
    </extensions>
   </trkpt>
   <trkpt lat="47.5013381" lon="6.7737341">
    <ele>344</ele>
    <time>2026-06-09T16:17:18Z</time>
    <extensions>
     <gpxdata:distance>22462.00</gpxdata:distance>
     <gpxdata:speed>4.614</gpxdata:speed>
    </extensions>
   </trkpt>
   <trkpt lat="47.5013950" lon="6.7737265">
    <ele>344</ele>
    <time>2026-06-09T16:17:19Z</time>
    <extensions>
     <gpxdata:distance>22472.00</gpxdata:distance>
     <gpxdata:speed>4.825</gpxdata:speed>
    </extensions>
   </trkpt>
   <trkpt lat="47.5014541" lon="6.7737266">
    <ele>344</ele>
    <time>2026-06-09T16:17:20Z</time>
    <extensions>
     <gpxdata:distance>22482.00</gpxdata:distance>
     <gpxdata:speed>6.397</gpxdata:speed>
    </extensions>
   </trkpt>
   <trkpt lat="47.5015322" lon="6.7737397">
    <ele>344</ele>
    <time>2026-06-09T16:17:21Z</time>
    <extensions>
     <gpxdata:distance>22488.00</gpxdata:distance>
     <gpxdata:speed>6.397</gpxdata:speed>
    </extensions>
   </trkpt>
   <trkpt lat="47.5015901" lon="6.7737633">
    <ele>343</ele>
    <time>2026-06-09T16:17:22Z</time>
    <extensions>
     <gpxdata:distance>22494.00</gpxdata:distance>
     <gpxdata:speed>6.428</gpxdata:speed>
    </extensions>
   </trkpt>
   <trkpt lat="47.5016435" lon="6.7737975">
    <ele>343</ele>
    <time>2026-06-09T16:17:23Z</time>
    <extensions>
     <gpxdata:distance>22501.00</gpxdata:distance>
     <gpxdata:speed>6.464</gpxdata:speed>
    </extensions>
   </trkpt>
   <trkpt lat="47.5016962" lon="6.7738381">
    <ele>343</ele>
    <time>2026-06-09T16:17:24Z</time>
    <extensions>
     <gpxdata:distance>22508.00</gpxdata:distance>
     <gpxdata:speed>6.606</gpxdata:speed>
    </extensions>
   </trkpt>
   <trkpt lat="47.5017501" lon="6.7738794">
    <ele>343</ele>
    <time>2026-06-09T16:17:25Z</time>
    <extensions>
     <gpxdata:distance>22514.50</gpxdata:distance>
     <gpxdata:speed>6.728</gpxdata:speed>
    </extensions>
   </trkpt>
   <trkpt lat="47.5018060" lon="6.7739181">
    <ele>343</ele>
    <time>2026-06-09T16:17:26Z</time>
    <extensions>
     <gpxdata:distance>22521.00</gpxdata:distance>
     <gpxdata:speed>6.814</gpxdata:speed>
    </extensions>
   </trkpt>
   <trkpt lat="47.5018639" lon="6.7739535">
    <ele>342</ele>
    <time>2026-06-09T16:17:27Z</time>
    <extensions>
     <gpxdata:distance>22528.50</gpxdata:distance>
     <gpxdata:speed>6.939</gpxdata:speed>
    </extensions>
   </trkpt>
   <trkpt lat="47.5019234" lon="6.7739883">
    <ele>342</ele>
    <time>2026-06-09T16:17:28Z</time>
    <extensions>
     <gpxdata:distance>22536.00</gpxdata:distance>
     <gpxdata:speed>7.044</gpxdata:speed>
    </extensions>
   </trkpt>
   <trkpt lat="47.5019836" lon="6.7740240">
    <ele>342</ele>
    <time>2026-06-09T16:17:29Z</time>
    <extensions>
     <gpxdata:distance>22539.50</gpxdata:distance>
     <gpxdata:speed>7.108</gpxdata:speed>
    </extensions>
   </trkpt>
   <trkpt lat="47.5020437" lon="6.7740611">
    <ele>342</ele>
    <time>2026-06-09T16:17:30Z</time>
    <extensions>
     <gpxdata:distance>22543.00</gpxdata:distance>
     <gpxdata:speed>7.108</gpxdata:speed>
    </extensions>
   </trkpt>
   <trkpt lat="47.5021035" lon="6.7740999">
    <ele>342</ele>
    <time>2026-06-09T16:17:31Z</time>
    <extensions>
     <gpxdata:distance>22554.00</gpxdata:distance>
     <gpxdata:speed>7.233</gpxdata:speed>
    </extensions>
   </trkpt>
   <trkpt lat="47.5021643" lon="6.7741393">
    <ele>342</ele>
    <time>2026-06-09T16:17:32Z</time>
    <extensions>
     <gpxdata:distance>22565.00</gpxdata:distance>
     <gpxdata:speed>7.353</gpxdata:speed>
    </extensions>
   </trkpt>
   <trkpt lat="47.5022259" lon="6.7741801">
    <ele>342</ele>
    <time>2026-06-09T16:17:33Z</time>
    <extensions>
     <gpxdata:distance>22572.50</gpxdata:distance>
     <gpxdata:speed>7.353</gpxdata:speed>
    </extensions>
   </trkpt>
   <trkpt lat="47.5022873" lon="6.7742248">
    <ele>342</ele>
    <time>2026-06-09T16:17:34Z</time>
    <extensions>
     <gpxdata:distance>22580.00</gpxdata:distance>
     <gpxdata:speed>7.556</gpxdata:speed>
    </extensions>
   </trkpt>
   <trkpt lat="47.5023455" lon="6.7742778">
    <ele>342</ele>
    <time>2026-06-09T16:17:35Z</time>
    <extensions>
     <gpxdata:distance>22587.50</gpxdata:distance>
     <gpxdata:speed>7.589</gpxdata:speed>
    </extensions>
   </trkpt>
   <trkpt lat="47.5023944" lon="6.7743426">
    <ele>342</ele>
    <time>2026-06-09T16:17:36Z</time>
    <extensions>
     <gpxdata:distance>22595.00</gpxdata:distance>
     <gpxdata:speed>7.503</gpxdata:speed>
    </extensions>
   </trkpt>
   <trkpt lat="47.5024359" lon="6.7744172">
    <ele>342</ele>
    <time>2026-06-09T16:17:37Z</time>
    <extensions>
     <gpxdata:distance>22598.50</gpxdata:distance>
     <gpxdata:speed>7.375</gpxdata:speed>
    </extensions>
   </trkpt>
   <trkpt lat="47.5024764" lon="6.7744919">
    <ele>342</ele>
    <time>2026-06-09T16:17:38Z</time>
    <extensions>
     <gpxdata:distance>22602.00</gpxdata:distance>
     <gpxdata:speed>7.375</gpxdata:speed>
    </extensions>
   </trkpt>
   <trkpt lat="47.5025220" lon="6.7745588">
    <ele>342</ele>
    <time>2026-06-09T16:17:39Z</time>
    <extensions>
     <gpxdata:distance>22613.00</gpxdata:distance>
     <gpxdata:speed>7.275</gpxdata:speed>
    </extensions>
   </trkpt>
   <trkpt lat="47.5025736" lon="6.7746170">
    <ele>342</ele>
    <time>2026-06-09T16:17:40Z</time>
    <extensions>
     <gpxdata:distance>22624.00</gpxdata:distance>
     <gpxdata:speed>7.283</gpxdata:speed>
    </extensions>
   </trkpt>
   <trkpt lat="47.5026288" lon="6.7746707">
    <ele>342</ele>
    <time>2026-06-09T16:17:41Z</time>
    <extensions>
     <gpxdata:distance>22631.50</gpxdata:distance>
     <gpxdata:speed>7.319</gpxdata:speed>
    </extensions>
   </trkpt>
   <trkpt lat="47.5026854" lon="6.7747233">
    <ele>342</ele>
    <time>2026-06-09T16:17:42Z</time>
    <extensions>
     <gpxdata:distance>22639.00</gpxdata:distance>
     <gpxdata:speed>7.361</gpxdata:speed>
    </extensions>
   </trkpt>
   <trkpt lat="47.5027427" lon="6.7747756">
    <ele>342</ele>
    <time>2026-06-09T16:17:43Z</time>
    <extensions>
     <gpxdata:distance>22646.50</gpxdata:distance>
     <gpxdata:speed>7.397</gpxdata:speed>
    </extensions>
   </trkpt>
   <trkpt lat="47.5028002" lon="6.7748278">
    <ele>342</ele>
    <time>2026-06-09T16:17:44Z</time>
    <extensions>
     <gpxdata:distance>22654.00</gpxdata:distance>
     <gpxdata:speed>7.428</gpxdata:speed>
    </extensions>
   </trkpt>
   <trkpt lat="47.5028577" lon="6.7748800">
    <ele>342</ele>
    <time>2026-06-09T16:17:45Z</time>
    <extensions>
     <gpxdata:distance>22661.50</gpxdata:distance>
     <gpxdata:speed>7.428</gpxdata:speed>
    </extensions>
   </trkpt>
   <trkpt lat="47.5029156" lon="6.7749327">
    <ele>342</ele>
    <time>2026-06-09T16:17:46Z</time>
    <extensions>
     <gpxdata:distance>22669.00</gpxdata:distance>
     <gpxdata:speed>7.492</gpxdata:speed>
    </extensions>
   </trkpt>
   <trkpt lat="47.5029744" lon="6.7749874">
    <ele>342</ele>
    <time>2026-06-09T16:17:47Z</time>
    <extensions>
     <gpxdata:distance>22677.00</gpxdata:distance>
     <gpxdata:speed>7.586</gpxdata:speed>
    </extensions>
   </trkpt>
   <trkpt lat="47.5030350" lon="6.7750435">
    <ele>342</ele>
    <time>2026-06-09T16:17:48Z</time>
    <extensions>
     <gpxdata:distance>22685.00</gpxdata:distance>
     <gpxdata:speed>7.725</gpxdata:speed>
    </extensions>
   </trkpt>
   <trkpt lat="47.5030979" lon="6.7750996">
    <ele>342</ele>
    <time>2026-06-09T16:17:49Z</time>
    <extensions>
     <gpxdata:distance>22693.50</gpxdata:distance>
     <gpxdata:speed>7.894</gpxdata:speed>
    </extensions>
   </trkpt>
   <trkpt lat="47.5031628" lon="6.7751551">
    <ele>342</ele>
    <time>2026-06-09T16:17:50Z</time>
    <extensions>
     <gpxdata:distance>22702.00</gpxdata:distance>
     <gpxdata:speed>8.128</gpxdata:speed>
    </extensions>
   </trkpt>
   <trkpt lat="47.5032281" lon="6.7752098">
    <ele>342</ele>
    <time>2026-06-09T16:17:51Z</time>
    <extensions>
     <gpxdata:distance>22710.00</gpxdata:distance>
     <gpxdata:speed>8.239</gpxdata:speed>
    </extensions>
   </trkpt>
   <trkpt lat="47.5032917" lon="6.7752627">
    <ele>342</ele>
    <time>2026-06-09T16:17:52Z</time>
    <extensions>
     <gpxdata:distance>22718.00</gpxdata:distance>
     <gpxdata:speed>8.103</gpxdata:speed>
    </extensions>
   </trkpt>
   <trkpt lat="47.5033525" lon="6.7753138">
    <ele>342</ele>
    <time>2026-06-09T16:17:53Z</time>
    <extensions>
     <gpxdata:distance>22725.00</gpxdata:distance>
     <gpxdata:speed>7.936</gpxdata:speed>
    </extensions>
   </trkpt>
   <trkpt lat="47.5034101" lon="6.7753628">
    <ele>342</ele>
    <time>2026-06-09T16:17:54Z</time>
    <extensions>
     <gpxdata:distance>22732.00</gpxdata:distance>
     <gpxdata:speed>7.719</gpxdata:speed>
    </extensions>
   </trkpt>
   <trkpt lat="47.5034630" lon="6.7754092">
    <ele>342</ele>
    <time>2026-06-09T16:17:55Z</time>
    <extensions>
     <gpxdata:distance>22738.50</gpxdata:distance>
     <gpxdata:speed>7.008</gpxdata:speed>
    </extensions>
   </trkpt>
   <trkpt lat="47.5035119" lon="6.7754532">
    <ele>342</ele>
    <time>2026-06-09T16:17:56Z</time>
    <extensions>
     <gpxdata:distance>22745.00</gpxdata:distance>
     <gpxdata:speed>6.558</gpxdata:speed>
    </extensions>
   </trkpt>
   <trkpt lat="47.5035596" lon="6.7754945">
    <ele>342</ele>
    <time>2026-06-09T16:17:57Z</time>
    <extensions>
     <gpxdata:distance>22751.00</gpxdata:distance>
     <gpxdata:speed>6.339</gpxdata:speed>
    </extensions>
   </trkpt>
   <trkpt lat="47.5036073" lon="6.7755325">
    <ele>343</ele>
    <time>2026-06-09T16:17:58Z</time>
    <extensions>
     <gpxdata:distance>22757.00</gpxdata:distance>
     <gpxdata:speed>6.183</gpxdata:speed>
    </extensions>
   </trkpt>
   <trkpt lat="47.5036564" lon="6.7755639">
    <ele>343</ele>
    <time>2026-06-09T16:17:59Z</time>
    <extensions>
     <gpxdata:distance>22763.00</gpxdata:distance>
     <gpxdata:speed>6.083</gpxdata:speed>
    </extensions>
   </trkpt>
   <trkpt lat="47.5037069" lon="6.7755862">
    <ele>343</ele>
    <time>2026-06-09T16:18:00Z</time>
    <extensions>
     <gpxdata:distance>22769.00</gpxdata:distance>
     <gpxdata:speed>5.964</gpxdata:speed>
    </extensions>
   </trkpt>
   <trkpt lat="47.5037438" lon="6.7755971">
    <ele>343</ele>
    <time>2026-06-09T16:18:01Z</time>
    <extensions>
     <gpxdata:distance>22772.00</gpxdata:distance>
     <gpxdata:speed>5.964</gpxdata:speed>
    </extensions>
   </trkpt>
   <trkpt lat="47.5037897" lon="6.7756115">
    <ele>343</ele>
    <time>2026-06-09T16:18:02Z</time>
    <extensions>
     <gpxdata:distance>22775.00</gpxdata:distance>
     <gpxdata:speed>5.842</gpxdata:speed>
    </extensions>
   </trkpt>
   <trkpt lat="47.5038366" lon="6.7756333">
    <ele>344</ele>
    <time>2026-06-09T16:18:03Z</time>
    <extensions>
     <gpxdata:distance>22783.00</gpxdata:distance>
     <gpxdata:speed>5.703</gpxdata:speed>
    </extensions>
   </trkpt>
   <trkpt lat="47.5038816" lon="6.7756642">
    <ele>344</ele>
    <time>2026-06-09T16:18:04Z</time>
    <extensions>
     <gpxdata:distance>22791.00</gpxdata:distance>
     <gpxdata:speed>5.642</gpxdata:speed>
    </extensions>
   </trkpt>
   <trkpt lat="47.5039241" lon="6.7757025">
    <ele>344</ele>
    <time>2026-06-09T16:18:05Z</time>
    <extensions>
     <gpxdata:distance>22796.50</gpxdata:distance>
     <gpxdata:speed>5.603</gpxdata:speed>
    </extensions>
   </trkpt>
   <trkpt lat="47.5039645" lon="6.7757468">
    <ele>344</ele>
    <time>2026-06-09T16:18:06Z</time>
    <extensions>
     <gpxdata:distance>22802.00</gpxdata:distance>
     <gpxdata:speed>5.608</gpxdata:speed>
    </extensions>
   </trkpt>
   <trkpt lat="47.5040036" lon="6.7757955">
    <ele>344</ele>
    <time>2026-06-09T16:18:07Z</time>
    <extensions>
     <gpxdata:distance>22808.00</gpxdata:distance>
     <gpxdata:speed>5.647</gpxdata:speed>
    </extensions>
   </trkpt>
   <trkpt lat="47.5040420" lon="6.7758468">
    <ele>344</ele>
    <time>2026-06-09T16:18:08Z</time>
    <extensions>
     <gpxdata:distance>22814.00</gpxdata:distance>
     <gpxdata:speed>5.689</gpxdata:speed>
    </extensions>
   </trkpt>
   <trkpt lat="47.5040806" lon="6.7758991">
    <ele>344</ele>
    <time>2026-06-09T16:18:09Z</time>
    <extensions>
     <gpxdata:distance>22820.00</gpxdata:distance>
     <gpxdata:speed>5.689</gpxdata:speed>
    </extensions>
   </trkpt>
   <trkpt lat="47.5041198" lon="6.7759507">
    <ele>344</ele>
    <time>2026-06-09T16:18:10Z</time>
    <extensions>
     <gpxdata:distance>22826.00</gpxdata:distance>
     <gpxdata:speed>5.772</gpxdata:speed>
    </extensions>
   </trkpt>
   <trkpt lat="47.5041597" lon="6.7760016">
    <ele>344</ele>
    <time>2026-06-09T16:18:11Z</time>
    <extensions>
     <gpxdata:distance>22832.00</gpxdata:distance>
     <gpxdata:speed>5.806</gpxdata:speed>
    </extensions>
   </trkpt>
   <trkpt lat="47.5041999" lon="6.7760535">
    <ele>344</ele>
    <time>2026-06-09T16:18:12Z</time>
    <extensions>
     <gpxdata:distance>22838.00</gpxdata:distance>
     <gpxdata:speed>5.864</gpxdata:speed>
    </extensions>
   </trkpt>
   <trkpt lat="47.5042399" lon="6.7761070">
    <ele>344</ele>
    <time>2026-06-09T16:18:13Z</time>
    <extensions>
     <gpxdata:distance>22844.00</gpxdata:distance>
     <gpxdata:speed>5.925</gpxdata:speed>
    </extensions>
   </trkpt>
   <trkpt lat="47.5042796" lon="6.7761627">
    <ele>344</ele>
    <time>2026-06-09T16:18:14Z</time>
    <extensions>
     <gpxdata:distance>22850.00</gpxdata:distance>
     <gpxdata:speed>6.000</gpxdata:speed>
    </extensions>
   </trkpt>
   <trkpt lat="47.5043322" lon="6.7762404">
    <ele>344</ele>
    <time>2026-06-09T16:18:15Z</time>
    <extensions>
     <gpxdata:distance>22856.50</gpxdata:distance>
     <gpxdata:speed>6.000</gpxdata:speed>
    </extensions>
   </trkpt>
   <trkpt lat="47.5043717" lon="6.7763049">
    <ele>344</ele>
    <time>2026-06-09T16:18:16Z</time>
    <extensions>
     <gpxdata:distance>22863.00</gpxdata:distance>
     <gpxdata:speed>6.178</gpxdata:speed>
    </extensions>
   </trkpt>
   <trkpt lat="47.5044084" lon="6.7763706">
    <ele>344</ele>
    <time>2026-06-09T16:18:17Z</time>
    <extensions>
     <gpxdata:distance>22869.00</gpxdata:distance>
     <gpxdata:speed>6.286</gpxdata:speed>
    </extensions>
   </trkpt>
   <trkpt lat="47.5044438" lon="6.7764383">
    <ele>344</ele>
    <time>2026-06-09T16:18:18Z</time>
    <extensions>
     <gpxdata:distance>22875.00</gpxdata:distance>
     <gpxdata:speed>6.372</gpxdata:speed>
    </extensions>
   </trkpt>
   <trkpt lat="47.5044798" lon="6.7765076">
    <ele>344</ele>
    <time>2026-06-09T16:18:19Z</time>
    <extensions>
     <gpxdata:distance>22882.00</gpxdata:distance>
     <gpxdata:speed>6.514</gpxdata:speed>
    </extensions>
   </trkpt>
   <trkpt lat="47.5045166" lon="6.7765798">
    <ele>344</ele>
    <time>2026-06-09T16:18:20Z</time>
    <extensions>
     <gpxdata:distance>22889.00</gpxdata:distance>
     <gpxdata:speed>6.750</gpxdata:speed>
    </extensions>
   </trkpt>
   <trkpt lat="47.5045533" lon="6.7766547">
    <ele>344</ele>
    <time>2026-06-09T16:18:21Z</time>
    <extensions>
     <gpxdata:distance>22892.50</gpxdata:distance>
     <gpxdata:speed>6.881</gpxdata:speed>
    </extensions>
   </trkpt>
   <trkpt lat="47.5045901" lon="6.7767304">
    <ele>344</ele>
    <time>2026-06-09T16:18:22Z</time>
    <extensions>
     <gpxdata:distance>22896.00</gpxdata:distance>
     <gpxdata:speed>6.881</gpxdata:speed>
    </extensions>
   </trkpt>
   <trkpt lat="47.5046273" lon="6.7768052">
    <ele>344</ele>
    <time>2026-06-09T16:18:23Z</time>
    <extensions>
     <gpxdata:distance>22906.50</gpxdata:distance>
     <gpxdata:speed>6.944</gpxdata:speed>
    </extensions>
   </trkpt>
   <trkpt lat="47.5046653" lon="6.7768790">
    <ele>344</ele>
    <time>2026-06-09T16:18:24Z</time>
    <extensions>
     <gpxdata:distance>22917.00</gpxdata:distance>
     <gpxdata:speed>6.953</gpxdata:speed>
    </extensions>
   </trkpt>
   <trkpt lat="47.5047023" lon="6.7769534">
    <ele>344</ele>
    <time>2026-06-09T16:18:25Z</time>
    <extensions>
     <gpxdata:distance>22924.00</gpxdata:distance>
     <gpxdata:speed>6.944</gpxdata:speed>
    </extensions>
   </trkpt>
   <trkpt lat="47.5047375" lon="6.7770297">
    <ele>344</ele>
    <time>2026-06-09T16:18:26Z</time>
    <extensions>
     <gpxdata:distance>22931.00</gpxdata:distance>
     <gpxdata:speed>6.950</gpxdata:speed>
    </extensions>
   </trkpt>
   <trkpt lat="47.5047708" lon="6.7771076">
    <ele>344</ele>
    <time>2026-06-09T16:18:27Z</time>
    <extensions>
     <gpxdata:distance>22938.00</gpxdata:distance>
     <gpxdata:speed>6.947</gpxdata:speed>
    </extensions>
   </trkpt>
   <trkpt lat="47.5048028" lon="6.7771863">
    <ele>344</ele>
    <time>2026-06-09T16:18:28Z</time>
    <extensions>
     <gpxdata:distance>22945.00</gpxdata:distance>
     <gpxdata:speed>6.939</gpxdata:speed>
    </extensions>
   </trkpt>
   <trkpt lat="47.5048343" lon="6.7772649">
    <ele>344</ele>
    <time>2026-06-09T16:18:29Z</time>
    <extensions>
     <gpxdata:distance>22948.50</gpxdata:distance>
     <gpxdata:speed>6.914</gpxdata:speed>
    </extensions>
   </trkpt>
   <trkpt lat="47.5048649" lon="6.7773430">
    <ele>344</ele>
    <time>2026-06-09T16:18:30Z</time>
    <extensions>
     <gpxdata:distance>22952.00</gpxdata:distance>
     <gpxdata:speed>6.914</gpxdata:speed>
    </extensions>
   </trkpt>
   <trkpt lat="47.5048941" lon="6.7774213">
    <ele>344</ele>
    <time>2026-06-09T16:18:31Z</time>
    <extensions>
     <gpxdata:distance>22962.00</gpxdata:distance>
     <gpxdata:speed>6.817</gpxdata:speed>
    </extensions>
   </trkpt>
   <trkpt lat="47.5049225" lon="6.7775006">
    <ele>344</ele>
    <time>2026-06-09T16:18:32Z</time>
    <extensions>
     <gpxdata:distance>22972.00</gpxdata:distance>
     <gpxdata:speed>6.800</gpxdata:speed>
    </extensions>
   </trkpt>
   <trkpt lat="47.5049504" lon="6.7775817">
    <ele>344</ele>
    <time>2026-06-09T16:18:33Z</time>
    <extensions>
     <gpxdata:distance>22978.50</gpxdata:distance>
     <gpxdata:speed>6.822</gpxdata:speed>
    </extensions>
   </trkpt>
   <trkpt lat="47.5049780" lon="6.7776626">
    <ele>344</ele>
    <time>2026-06-09T16:18:34Z</time>
    <extensions>
     <gpxdata:distance>22985.00</gpxdata:distance>
     <gpxdata:speed>6.814</gpxdata:speed>
    </extensions>
   </trkpt>
   <trkpt lat="47.5050061" lon="6.7777447">
    <ele>344</ele>
    <time>2026-06-09T16:18:35Z</time>
    <extensions>
     <gpxdata:distance>22992.00</gpxdata:distance>
     <gpxdata:speed>6.858</gpxdata:speed>
    </extensions>
   </trkpt>
   <trkpt lat="47.5050323" lon="6.7778283">
    <ele>344</ele>
    <time>2026-06-09T16:18:36Z</time>
    <extensions>
     <gpxdata:distance>22999.00</gpxdata:distance>
     <gpxdata:speed>6.878</gpxdata:speed>
    </extensions>
   </trkpt>
   <trkpt lat="47.5050569" lon="6.7779133">
    <ele>344</ele>
    <time>2026-06-09T16:18:37Z</time>
    <extensions>
     <gpxdata:distance>23006.00</gpxdata:distance>
     <gpxdata:speed>6.878</gpxdata:speed>
    </extensions>
   </trkpt>
   <trkpt lat="47.5050807" lon="6.7779985">
    <ele>344</ele>
    <time>2026-06-09T16:18:38Z</time>
    <extensions>
     <gpxdata:distance>23013.00</gpxdata:distance>
     <gpxdata:speed>6.908</gpxdata:speed>
    </extensions>
   </trkpt>
   <trkpt lat="47.5051052" lon="6.7780833">
    <ele>344</ele>
    <time>2026-06-09T16:18:39Z</time>
    <extensions>
     <gpxdata:distance>23020.00</gpxdata:distance>
     <gpxdata:speed>6.919</gpxdata:speed>
    </extensions>
   </trkpt>
   <trkpt lat="47.5051301" lon="6.7781682">
    <ele>344</ele>
    <time>2026-06-09T16:18:40Z</time>
    <extensions>
     <gpxdata:distance>23027.00</gpxdata:distance>
     <gpxdata:speed>6.933</gpxdata:speed>
    </extensions>
   </trkpt>
   <trkpt lat="47.5051532" lon="6.7782538">
    <ele>344</ele>
    <time>2026-06-09T16:18:41Z</time>
    <extensions>
     <gpxdata:distance>23034.00</gpxdata:distance>
     <gpxdata:speed>6.931</gpxdata:speed>
    </extensions>
   </trkpt>
   <trkpt lat="47.5051748" lon="6.7783405">
    <ele>344</ele>
    <time>2026-06-09T16:18:42Z</time>
    <extensions>
     <gpxdata:distance>23041.00</gpxdata:distance>
     <gpxdata:speed>6.939</gpxdata:speed>
    </extensions>
   </trkpt>
   <trkpt lat="47.5051953" lon="6.7784287">
    <ele>344</ele>
    <time>2026-06-09T16:18:43Z</time>
    <extensions>
     <gpxdata:distance>23048.00</gpxdata:distance>
     <gpxdata:speed>6.969</gpxdata:speed>
    </extensions>
   </trkpt>
   <trkpt lat="47.5052155" lon="6.7785185">
    <ele>344</ele>
    <time>2026-06-09T16:18:44Z</time>
    <extensions>
     <gpxdata:distance>23055.00</gpxdata:distance>
     <gpxdata:speed>7.025</gpxdata:speed>
    </extensions>
   </trkpt>
   <trkpt lat="47.5052363" lon="6.7786087">
    <ele>344</ele>
    <time>2026-06-09T16:18:45Z</time>
    <extensions>
     <gpxdata:distance>23059.00</gpxdata:distance>
     <gpxdata:speed>7.025</gpxdata:speed>
    </extensions>
   </trkpt>
   <trkpt lat="47.5052573" lon="6.7786980">
    <ele>344</ele>
    <time>2026-06-09T16:18:46Z</time>
    <extensions>
     <gpxdata:distance>23063.00</gpxdata:distance>
     <gpxdata:speed>7.072</gpxdata:speed>
    </extensions>
   </trkpt>
   <trkpt lat="47.5052769" lon="6.7787865">
    <ele>344</ele>
    <time>2026-06-09T16:18:47Z</time>
    <extensions>
     <gpxdata:distance>23073.00</gpxdata:distance>
     <gpxdata:speed>7.039</gpxdata:speed>
    </extensions>
   </trkpt>
   <trkpt lat="47.5052952" lon="6.7788734">
    <ele>344</ele>
    <time>2026-06-09T16:18:48Z</time>
    <extensions>
     <gpxdata:distance>23083.00</gpxdata:distance>
     <gpxdata:speed>6.967</gpxdata:speed>
    </extensions>
   </trkpt>
   <trkpt lat="47.5053132" lon="6.7789589">
    <ele>344</ele>
    <time>2026-06-09T16:18:49Z</time>
    <extensions>
     <gpxdata:distance>23090.00</gpxdata:distance>
     <gpxdata:speed>6.886</gpxdata:speed>
    </extensions>
   </trkpt>
   <trkpt lat="47.5053311" lon="6.7790442">
    <ele>344</ele>
    <time>2026-06-09T16:18:50Z</time>
    <extensions>
     <gpxdata:distance>23097.00</gpxdata:distance>
     <gpxdata:speed>6.836</gpxdata:speed>
    </extensions>
   </trkpt>
   <trkpt lat="47.5053482" lon="6.7791308">
    <ele>344</ele>
    <time>2026-06-09T16:18:51Z</time>
    <extensions>
     <gpxdata:distance>23103.50</gpxdata:distance>
     <gpxdata:speed>6.825</gpxdata:speed>
    </extensions>
   </trkpt>
   <trkpt lat="47.5053648" lon="6.7792189">
    <ele>344</ele>
    <time>2026-06-09T16:18:52Z</time>
    <extensions>
     <gpxdata:distance>23110.00</gpxdata:distance>
     <gpxdata:speed>6.850</gpxdata:speed>
    </extensions>
   </trkpt>
   <trkpt lat="47.5053801" lon="6.7793082">
    <ele>344</ele>
    <time>2026-06-09T16:18:53Z</time>
    <extensions>
     <gpxdata:distance>23117.00</gpxdata:distance>
     <gpxdata:speed>6.878</gpxdata:speed>
    </extensions>
   </trkpt>
   <trkpt lat="47.5053931" lon="6.7793970">
    <ele>344</ele>
    <time>2026-06-09T16:18:54Z</time>
    <extensions>
     <gpxdata:distance>23124.00</gpxdata:distance>
     <gpxdata:speed>6.850</gpxdata:speed>
    </extensions>
   </trkpt>
   <trkpt lat="47.5054063" lon="6.7794856">
    <ele>344</ele>
    <time>2026-06-09T16:18:55Z</time>
    <extensions>
     <gpxdata:distance>23131.00</gpxdata:distance>
     <gpxdata:speed>6.839</gpxdata:speed>
    </extensions>
   </trkpt>
   <trkpt lat="47.5054200" lon="6.7795735">
    <ele>344</ele>
    <time>2026-06-09T16:18:56Z</time>
    <extensions>
     <gpxdata:distance>23138.00</gpxdata:distance>
     <gpxdata:speed>6.817</gpxdata:speed>
    </extensions>
   </trkpt>
   <trkpt lat="47.5054326" lon="6.7796609">
    <ele>344</ele>
    <time>2026-06-09T16:18:57Z</time>
    <extensions>
     <gpxdata:distance>23144.50</gpxdata:distance>
     <gpxdata:speed>6.817</gpxdata:speed>
    </extensions>
   </trkpt>
   <trkpt lat="47.5054437" lon="6.7797483">
    <ele>344</ele>
    <time>2026-06-09T16:18:58Z</time>
    <extensions>
     <gpxdata:distance>23151.00</gpxdata:distance>
     <gpxdata:speed>6.750</gpxdata:speed>
    </extensions>
   </trkpt>
   <trkpt lat="47.5054544" lon="6.7798358">
    <ele>344</ele>
    <time>2026-06-09T16:18:59Z</time>
    <extensions>
     <gpxdata:distance>23154.50</gpxdata:distance>
     <gpxdata:speed>6.733</gpxdata:speed>
    </extensions>
   </trkpt>
   <trkpt lat="47.5054637" lon="6.7799233">
    <ele>344</ele>
    <time>2026-06-09T16:19:00Z</time>
    <extensions>
     <gpxdata:distance>23158.00</gpxdata:distance>
     <gpxdata:speed>6.733</gpxdata:speed>
    </extensions>
   </trkpt>
   <trkpt lat="47.5054731" lon="6.7800115">
    <ele>344</ele>
    <time>2026-06-09T16:19:01Z</time>
    <extensions>
     <gpxdata:distance>23164.50</gpxdata:distance>
     <gpxdata:speed>6.708</gpxdata:speed>
    </extensions>
   </trkpt>
   <trkpt lat="47.5054804" lon="6.7801020">
    <ele>344</ele>
    <time>2026-06-09T16:19:02Z</time>
    <extensions>
     <gpxdata:distance>23171.00</gpxdata:distance>
     <gpxdata:speed>6.717</gpxdata:speed>
    </extensions>
   </trkpt>
   <trkpt lat="47.5054845" lon="6.7801951">
    <ele>344</ele>
    <time>2026-06-09T16:19:03Z</time>
    <extensions>
     <gpxdata:distance>23181.50</gpxdata:distance>
     <gpxdata:speed>6.775</gpxdata:speed>
    </extensions>
   </trkpt>
   <trkpt lat="47.5054865" lon="6.7802888">
    <ele>344</ele>
    <time>2026-06-09T16:19:04Z</time>
    <extensions>
     <gpxdata:distance>23192.00</gpxdata:distance>
     <gpxdata:speed>6.919</gpxdata:speed>
    </extensions>
   </trkpt>
   <trkpt lat="47.5054871" lon="6.7803840">
    <ele>344</ele>
    <time>2026-06-09T16:19:05Z</time>
    <extensions>
     <gpxdata:distance>23199.50</gpxdata:distance>
     <gpxdata:speed>7.003</gpxdata:speed>
    </extensions>
   </trkpt>
   <trkpt lat="47.5054857" lon="6.7804804">
    <ele>344</ele>
    <time>2026-06-09T16:19:06Z</time>
    <extensions>
     <gpxdata:distance>23207.00</gpxdata:distance>
     <gpxdata:speed>7.089</gpxdata:speed>
    </extensions>
   </trkpt>
   <trkpt lat="47.5054813" lon="6.7805784">
    <ele>344</ele>
    <time>2026-06-09T16:19:07Z</time>
    <extensions>
     <gpxdata:distance>23214.50</gpxdata:distance>
     <gpxdata:speed>7.089</gpxdata:speed>
    </extensions>
   </trkpt>
   <trkpt lat="47.5054745" lon="6.7806761">
    <ele>344</ele>
    <time>2026-06-09T16:19:08Z</time>
    <extensions>
     <gpxdata:distance>23222.00</gpxdata:distance>
     <gpxdata:speed>7.253</gpxdata:speed>
    </extensions>
   </trkpt>
   <trkpt lat="47.5054661" lon="6.7807736">
    <ele>344</ele>
    <time>2026-06-09T16:19:09Z</time>
    <extensions>
     <gpxdata:distance>23229.00</gpxdata:distance>
     <gpxdata:speed>7.253</gpxdata:speed>
    </extensions>
   </trkpt>
   <trkpt lat="47.5054550" lon="6.7808707">
    <ele>344</ele>
    <time>2026-06-09T16:19:10Z</time>
    <extensions>
     <gpxdata:distance>23236.00</gpxdata:distance>
     <gpxdata:speed>7.339</gpxdata:speed>
    </extensions>
   </trkpt>
   <trkpt lat="47.5054409" lon="6.7809664">
    <ele>344</ele>
    <time>2026-06-09T16:19:11Z</time>
    <extensions>
     <gpxdata:distance>23243.50</gpxdata:distance>
     <gpxdata:speed>7.347</gpxdata:speed>
    </extensions>
   </trkpt>
   <trkpt lat="47.5054241" lon="6.7810600">
    <ele>344</ele>
    <time>2026-06-09T16:19:12Z</time>
    <extensions>
     <gpxdata:distance>23251.00</gpxdata:distance>
     <gpxdata:speed>7.322</gpxdata:speed>
    </extensions>
   </trkpt>
   <trkpt lat="47.5054066" lon="6.7811531">
    <ele>344</ele>
    <time>2026-06-09T16:19:13Z</time>
    <extensions>
     <gpxdata:distance>23258.50</gpxdata:distance>
     <gpxdata:speed>7.308</gpxdata:speed>
    </extensions>
   </trkpt>
   <trkpt lat="47.5053899" lon="6.7812484">
    <ele>344</ele>
    <time>2026-06-09T16:19:14Z</time>
    <extensions>
     <gpxdata:distance>23266.00</gpxdata:distance>
     <gpxdata:speed>7.353</gpxdata:speed>
    </extensions>
   </trkpt>
   <trkpt lat="47.5053720" lon="6.7813449">
    <ele>344</ele>
    <time>2026-06-09T16:19:15Z</time>
    <extensions>
     <gpxdata:distance>23273.50</gpxdata:distance>
     <gpxdata:speed>7.353</gpxdata:speed>
    </extensions>
   </trkpt>
   <trkpt lat="47.5053527" lon="6.7814412">
    <ele>344</ele>
    <time>2026-06-09T16:19:16Z</time>
    <extensions>
     <gpxdata:distance>23281.00</gpxdata:distance>
     <gpxdata:speed>7.467</gpxdata:speed>
    </extensions>
   </trkpt>
   <trkpt lat="47.5053329" lon="6.7815376">
    <ele>344</ele>
    <time>2026-06-09T16:19:17Z</time>
    <extensions>
     <gpxdata:distance>23288.50</gpxdata:distance>
     <gpxdata:speed>7.500</gpxdata:speed>
    </extensions>
   </trkpt>
   <trkpt lat="47.5053135" lon="6.7816339">
    <ele>344</ele>
    <time>2026-06-09T16:19:18Z</time>
    <extensions>
     <gpxdata:distance>23296.00</gpxdata:distance>
     <gpxdata:speed>7.514</gpxdata:speed>
    </extensions>
   </trkpt>
   <trkpt lat="47.5052952" lon="6.7817302">
    <ele>344</ele>
    <time>2026-06-09T16:19:19Z</time>
    <extensions>
     <gpxdata:distance>23303.50</gpxdata:distance>
     <gpxdata:speed>7.517</gpxdata:speed>
    </extensions>
   </trkpt>
   <trkpt lat="47.5052779" lon="6.7818255">
    <ele>344</ele>
    <time>2026-06-09T16:19:20Z</time>
    <extensions>
     <gpxdata:distance>23311.00</gpxdata:distance>
     <gpxdata:speed>7.478</gpxdata:speed>
    </extensions>
   </trkpt>
   <trkpt lat="47.5052609" lon="6.7819196">
    <ele>344</ele>
    <time>2026-06-09T16:19:21Z</time>
    <extensions>
     <gpxdata:distance>23318.00</gpxdata:distance>
     <gpxdata:speed>7.478</gpxdata:speed>
    </extensions>
   </trkpt>
   <trkpt lat="47.5052429" lon="6.7820110">
    <ele>344</ele>
    <time>2026-06-09T16:19:22Z</time>
    <extensions>
     <gpxdata:distance>23325.00</gpxdata:distance>
     <gpxdata:speed>7.325</gpxdata:speed>
    </extensions>
   </trkpt>
   <trkpt lat="47.5052249" lon="6.7820994">
    <ele>344</ele>
    <time>2026-06-09T16:19:23Z</time>
    <extensions>
     <gpxdata:distance>23332.00</gpxdata:distance>
     <gpxdata:speed>7.189</gpxdata:speed>
    </extensions>
   </trkpt>
   <trkpt lat="47.5052071" lon="6.7821848">
    <ele>344</ele>
    <time>2026-06-09T16:19:24Z</time>
    <extensions>
     <gpxdata:distance>23339.00</gpxdata:distance>
     <gpxdata:speed>7.017</gpxdata:speed>
    </extensions>
   </trkpt>
   <trkpt lat="47.5051890" lon="6.7822691">
    <ele>344</ele>
    <time>2026-06-09T16:19:25Z</time>
    <extensions>
     <gpxdata:distance>23345.50</gpxdata:distance>
     <gpxdata:speed>6.897</gpxdata:speed>
    </extensions>
   </trkpt>
   <trkpt lat="47.5051707" lon="6.7823541">
    <ele>344</ele>
    <time>2026-06-09T16:19:26Z</time>
    <extensions>
     <gpxdata:distance>23352.00</gpxdata:distance>
     <gpxdata:speed>6.842</gpxdata:speed>
    </extensions>
   </trkpt>
   <trkpt lat="47.5051518" lon="6.7824413">
    <ele>344</ele>
    <time>2026-06-09T16:19:27Z</time>
    <extensions>
     <gpxdata:distance>23359.00</gpxdata:distance>
     <gpxdata:speed>6.842</gpxdata:speed>
    </extensions>
   </trkpt>
   <trkpt lat="47.5051315" lon="6.7825310">
    <ele>344</ele>
    <time>2026-06-09T16:19:28Z</time>
    <extensions>
     <gpxdata:distance>23366.00</gpxdata:distance>
     <gpxdata:speed>6.958</gpxdata:speed>
    </extensions>
   </trkpt>
   <trkpt lat="47.5051101" lon="6.7826223">
    <ele>344</ele>
    <time>2026-06-09T16:19:29Z</time>
    <extensions>
     <gpxdata:distance>23370.00</gpxdata:distance>
     <gpxdata:speed>7.061</gpxdata:speed>
    </extensions>
   </trkpt>
   <trkpt lat="47.5050896" lon="6.7827140">
    <ele>344</ele>
    <time>2026-06-09T16:19:30Z</time>
    <extensions>
     <gpxdata:distance>23374.00</gpxdata:distance>
     <gpxdata:speed>7.061</gpxdata:speed>
    </extensions>
   </trkpt>
   <trkpt lat="47.5050715" lon="6.7828070">
    <ele>344</ele>
    <time>2026-06-09T16:19:31Z</time>
    <extensions>
     <gpxdata:distance>23384.50</gpxdata:distance>
     <gpxdata:speed>7.119</gpxdata:speed>
    </extensions>
   </trkpt>
   <trkpt lat="47.5050560" lon="6.7829009">
    <ele>344</ele>
    <time>2026-06-09T16:19:32Z</time>
    <extensions>
     <gpxdata:distance>23395.00</gpxdata:distance>
     <gpxdata:speed>7.203</gpxdata:speed>
    </extensions>
   </trkpt>
   <trkpt lat="47.5050419" lon="6.7829952">
    <ele>344</ele>
    <time>2026-06-09T16:19:33Z</time>
    <extensions>
     <gpxdata:distance>23402.50</gpxdata:distance>
     <gpxdata:speed>7.203</gpxdata:speed>
    </extensions>
   </trkpt>
   <trkpt lat="47.5050283" lon="6.7830887">
    <ele>344</ele>
    <time>2026-06-09T16:19:34Z</time>
    <extensions>
     <gpxdata:distance>23410.00</gpxdata:distance>
     <gpxdata:speed>7.211</gpxdata:speed>
    </extensions>
   </trkpt>
   <trkpt lat="47.5050137" lon="6.7831807">
    <ele>344</ele>
    <time>2026-06-09T16:19:35Z</time>
    <extensions>
     <gpxdata:distance>23417.00</gpxdata:distance>
     <gpxdata:speed>7.175</gpxdata:speed>
    </extensions>
   </trkpt>
   <trkpt lat="47.5049971" lon="6.7832716">
    <ele>344</ele>
    <time>2026-06-09T16:19:36Z</time>
    <extensions>
     <gpxdata:distance>23424.00</gpxdata:distance>
     <gpxdata:speed>7.147</gpxdata:speed>
    </extensions>
   </trkpt>
   <trkpt lat="47.5049794" lon="6.7833620">
    <ele>344</ele>
    <time>2026-06-09T16:19:37Z</time>
    <extensions>
     <gpxdata:distance>23431.00</gpxdata:distance>
     <gpxdata:speed>7.131</gpxdata:speed>
    </extensions>
   </trkpt>
   <trkpt lat="47.5049616" lon="6.7834536">
    <ele>344</ele>
    <time>2026-06-09T16:19:38Z</time>
    <extensions>
     <gpxdata:distance>23438.00</gpxdata:distance>
     <gpxdata:speed>7.150</gpxdata:speed>
    </extensions>
   </trkpt>
   <trkpt lat="47.5049445" lon="6.7835454">
    <ele>344</ele>
    <time>2026-06-09T16:19:39Z</time>
    <extensions>
     <gpxdata:distance>23445.00</gpxdata:distance>
     <gpxdata:speed>7.147</gpxdata:speed>
    </extensions>
   </trkpt>
   <trkpt lat="47.5049270" lon="6.7836359">
    <ele>344</ele>
    <time>2026-06-09T16:19:40Z</time>
    <extensions>
     <gpxdata:distance>23452.00</gpxdata:distance>
     <gpxdata:speed>7.117</gpxdata:speed>
    </extensions>
   </trkpt>
   <trkpt lat="47.5049094" lon="6.7837247">
    <ele>344</ele>
    <time>2026-06-09T16:19:41Z</time>
    <extensions>
     <gpxdata:distance>23459.00</gpxdata:distance>
     <gpxdata:speed>7.053</gpxdata:speed>
    </extensions>
   </trkpt>
   <trkpt lat="47.5048927" lon="6.7838121">
    <ele>344</ele>
    <time>2026-06-09T16:19:42Z</time>
    <extensions>
     <gpxdata:distance>23466.00</gpxdata:distance>
     <gpxdata:speed>6.972</gpxdata:speed>
    </extensions>
   </trkpt>
   <trkpt lat="47.5048760" lon="6.7838971">
    <ele>344</ele>
    <time>2026-06-09T16:19:43Z</time>
    <extensions>
     <gpxdata:distance>23472.50</gpxdata:distance>
     <gpxdata:speed>6.856</gpxdata:speed>
    </extensions>
   </trkpt>
   <trkpt lat="47.5048577" lon="6.7839804">
    <ele>345</ele>
    <time>2026-06-09T16:19:44Z</time>
    <extensions>
     <gpxdata:distance>23479.00</gpxdata:distance>
     <gpxdata:speed>6.767</gpxdata:speed>
    </extensions>
   </trkpt>
   <trkpt lat="47.5048384" lon="6.7840628">
    <ele>345</ele>
    <time>2026-06-09T16:19:45Z</time>
    <extensions>
     <gpxdata:distance>23485.50</gpxdata:distance>
     <gpxdata:speed>6.767</gpxdata:speed>
    </extensions>
   </trkpt>
   <trkpt lat="47.5048185" lon="6.7841449">
    <ele>345</ele>
    <time>2026-06-09T16:19:46Z</time>
    <extensions>
     <gpxdata:distance>23492.00</gpxdata:distance>
     <gpxdata:speed>6.653</gpxdata:speed>
    </extensions>
   </trkpt>
   <trkpt lat="47.5047994" lon="6.7842278">
    <ele>345</ele>
    <time>2026-06-09T16:19:47Z</time>
    <extensions>
     <gpxdata:distance>23499.00</gpxdata:distance>
     <gpxdata:speed>6.633</gpxdata:speed>
    </extensions>
   </trkpt>
   <trkpt lat="47.5047811" lon="6.7843129">
    <ele>345</ele>
    <time>2026-06-09T16:19:48Z</time>
    <extensions>
     <gpxdata:distance>23506.00</gpxdata:distance>
     <gpxdata:speed>6.667</gpxdata:speed>
    </extensions>
   </trkpt>
   <trkpt lat="47.5047634" lon="6.7843995">
    <ele>345</ele>
    <time>2026-06-09T16:19:49Z</time>
    <extensions>
     <gpxdata:distance>23513.00</gpxdata:distance>
     <gpxdata:speed>6.714</gpxdata:speed>
    </extensions>
   </trkpt>
   <trkpt lat="47.5047452" lon="6.7844873">
    <ele>345</ele>
    <time>2026-06-09T16:19:50Z</time>
    <extensions>
     <gpxdata:distance>23520.00</gpxdata:distance>
     <gpxdata:speed>6.778</gpxdata:speed>
    </extensions>
   </trkpt>
   <trkpt lat="47.5047267" lon="6.7845743">
    <ele>345</ele>
    <time>2026-06-09T16:19:51Z</time>
    <extensions>
     <gpxdata:distance>23526.50</gpxdata:distance>
     <gpxdata:speed>6.794</gpxdata:speed>
    </extensions>
   </trkpt>
   <trkpt lat="47.5047084" lon="6.7846614">
    <ele>345</ele>
    <time>2026-06-09T16:19:52Z</time>
    <extensions>
     <gpxdata:distance>23533.00</gpxdata:distance>
     <gpxdata:speed>6.811</gpxdata:speed>
    </extensions>
   </trkpt>
   <trkpt lat="47.5046892" lon="6.7847474">
    <ele>345</ele>
    <time>2026-06-09T16:19:53Z</time>
    <extensions>
     <gpxdata:distance>23540.00</gpxdata:distance>
     <gpxdata:speed>6.811</gpxdata:speed>
    </extensions>
   </trkpt>
   <trkpt lat="47.5046699" lon="6.7848333">
    <ele>345</ele>
    <time>2026-06-09T16:19:54Z</time>
    <extensions>
     <gpxdata:distance>23547.00</gpxdata:distance>
     <gpxdata:speed>6.814</gpxdata:speed>
    </extensions>
   </trkpt>
   <trkpt lat="47.5046507" lon="6.7849204">
    <ele>345</ele>
    <time>2026-06-09T16:19:55Z</time>
    <extensions>
     <gpxdata:distance>23554.00</gpxdata:distance>
     <gpxdata:speed>6.850</gpxdata:speed>
    </extensions>
   </trkpt>
   <trkpt lat="47.5046320" lon="6.7850091">
    <ele>346</ele>
    <time>2026-06-09T16:19:56Z</time>
    <extensions>
     <gpxdata:distance>23561.00</gpxdata:distance>
     <gpxdata:speed>6.906</gpxdata:speed>
    </extensions>
   </trkpt>
   <trkpt lat="47.5046134" lon="6.7851001">
    <ele>346</ele>
    <time>2026-06-09T16:19:57Z</time>
    <extensions>
     <gpxdata:distance>23568.00</gpxdata:distance>
     <gpxdata:speed>7.000</gpxdata:speed>
    </extensions>
   </trkpt>
   <trkpt lat="47.5045949" lon="6.7851925">
    <ele>346</ele>
    <time>2026-06-09T16:19:58Z</time>
    <extensions>
     <gpxdata:distance>23575.00</gpxdata:distance>
     <gpxdata:speed>7.086</gpxdata:speed>
    </extensions>
   </trkpt>
   <trkpt lat="47.5045758" lon="6.7852850">
    <ele>346</ele>
    <time>2026-06-09T16:19:59Z</time>
    <extensions>
     <gpxdata:distance>23582.50</gpxdata:distance>
     <gpxdata:speed>7.144</gpxdata:speed>
    </extensions>
   </trkpt>
   <trkpt lat="47.5045560" lon="6.7853782">
    <ele>346</ele>
    <time>2026-06-09T16:20:00Z</time>
    <extensions>
     <gpxdata:distance>23590.00</gpxdata:distance>
     <gpxdata:speed>7.214</gpxdata:speed>
    </extensions>
   </trkpt>
   <trkpt lat="47.5045359" lon="6.7854714">
    <ele>346</ele>
    <time>2026-06-09T16:20:01Z</time>
    <extensions>
     <gpxdata:distance>23597.50</gpxdata:distance>
     <gpxdata:speed>7.264</gpxdata:speed>
    </extensions>
   </trkpt>
   <trkpt lat="47.5045155" lon="6.7855656">
    <ele>346</ele>
    <time>2026-06-09T16:20:02Z</time>
    <extensions>
     <gpxdata:distance>23605.00</gpxdata:distance>
     <gpxdata:speed>7.331</gpxdata:speed>
    </extensions>
   </trkpt>
   <trkpt lat="47.5044950" lon="6.7856599">
    <ele>346</ele>
    <time>2026-06-09T16:20:03Z</time>
    <extensions>
     <gpxdata:distance>23612.50</gpxdata:distance>
     <gpxdata:speed>7.331</gpxdata:speed>
    </extensions>
   </trkpt>
   <trkpt lat="47.5044731" lon="6.7857548">
    <ele>346</ele>
    <time>2026-06-09T16:20:04Z</time>
    <extensions>
     <gpxdata:distance>23620.00</gpxdata:distance>
     <gpxdata:speed>7.442</gpxdata:speed>
    </extensions>
   </trkpt>
   <trkpt lat="47.5044513" lon="6.7858499">
    <ele>346</ele>
    <time>2026-06-09T16:20:05Z</time>
    <extensions>
     <gpxdata:distance>23627.50</gpxdata:distance>
     <gpxdata:speed>7.481</gpxdata:speed>
    </extensions>
   </trkpt>
   <trkpt lat="47.5044304" lon="6.7859452">
    <ele>346</ele>
    <time>2026-06-09T16:20:06Z</time>
    <extensions>
     <gpxdata:distance>23635.00</gpxdata:distance>
     <gpxdata:speed>7.503</gpxdata:speed>
    </extensions>
   </trkpt>
   <trkpt lat="47.5044096" lon="6.7860413">
    <ele>346</ele>
    <time>2026-06-09T16:20:07Z</time>
    <extensions>
     <gpxdata:distance>23642.50</gpxdata:distance>
     <gpxdata:speed>7.539</gpxdata:speed>
    </extensions>
   </trkpt>
   <trkpt lat="47.5043886" lon="6.7861375">
    <ele>346</ele>
    <time>2026-06-09T16:20:08Z</time>
    <extensions>
     <gpxdata:distance>23650.00</gpxdata:distance>
     <gpxdata:speed>7.558</gpxdata:speed>
    </extensions>
   </trkpt>
   <trkpt lat="47.5043674" lon="6.7862340">
    <ele>346</ele>
    <time>2026-06-09T16:20:09Z</time>
    <extensions>
     <gpxdata:distance>23658.00</gpxdata:distance>
     <gpxdata:speed>7.592</gpxdata:speed>
    </extensions>
   </trkpt>
   <trkpt lat="47.5043460" lon="6.7863308">
    <ele>346</ele>
    <time>2026-06-09T16:20:10Z</time>
    <extensions>
     <gpxdata:distance>23666.00</gpxdata:distance>
     <gpxdata:speed>7.614</gpxdata:speed>
    </extensions>
   </trkpt>
   <trkpt lat="47.5043245" lon="6.7864289">
    <ele>346</ele>
    <time>2026-06-09T16:20:11Z</time>
    <extensions>
     <gpxdata:distance>23673.50</gpxdata:distance>
     <gpxdata:speed>7.672</gpxdata:speed>
    </extensions>
   </trkpt>
   <trkpt lat="47.5043035" lon="6.7865280">
    <ele>346</ele>
    <time>2026-06-09T16:20:12Z</time>
    <extensions>
     <gpxdata:distance>23681.00</gpxdata:distance>
     <gpxdata:speed>7.722</gpxdata:speed>
    </extensions>
   </trkpt>
   <trkpt lat="47.5042840" lon="6.7866272">
    <ele>346</ele>
    <time>2026-06-09T16:20:13Z</time>
    <extensions>
     <gpxdata:distance>23689.00</gpxdata:distance>
     <gpxdata:speed>7.733</gpxdata:speed>
    </extensions>
   </trkpt>
   <trkpt lat="47.5042661" lon="6.7867273">
    <ele>346</ele>
    <time>2026-06-09T16:20:14Z</time>
    <extensions>
     <gpxdata:distance>23697.00</gpxdata:distance>
     <gpxdata:speed>7.756</gpxdata:speed>
    </extensions>
   </trkpt>
   <trkpt lat="47.5042495" lon="6.7868277">
    <ele>346</ele>
    <time>2026-06-09T16:20:15Z</time>
    <extensions>
     <gpxdata:distance>23704.50</gpxdata:distance>
     <gpxdata:speed>7.756</gpxdata:speed>
    </extensions>
   </trkpt>
   <trkpt lat="47.5042322" lon="6.7869279">
    <ele>346</ele>
    <time>2026-06-09T16:20:16Z</time>
    <extensions>
     <gpxdata:distance>23712.00</gpxdata:distance>
     <gpxdata:speed>7.772</gpxdata:speed>
    </extensions>
   </trkpt>
   <trkpt lat="47.5042142" lon="6.7870282">
    <ele>346</ele>
    <time>2026-06-09T16:20:17Z</time>
    <extensions>
     <gpxdata:distance>23716.00</gpxdata:distance>
     <gpxdata:speed>7.786</gpxdata:speed>
    </extensions>
   </trkpt>
   <trkpt lat="47.5041966" lon="6.7871272">
    <ele>346</ele>
    <time>2026-06-09T16:20:18Z</time>
    <extensions>
     <gpxdata:distance>23720.00</gpxdata:distance>
     <gpxdata:speed>7.786</gpxdata:speed>
    </extensions>
   </trkpt>
   <trkpt lat="47.5041798" lon="6.7872260">
    <ele>346</ele>
    <time>2026-06-09T16:20:19Z</time>
    <extensions>
     <gpxdata:distance>23731.50</gpxdata:distance>
     <gpxdata:speed>7.722</gpxdata:speed>
    </extensions>
   </trkpt>
   <trkpt lat="47.5041623" lon="6.7873252">
    <ele>346</ele>
    <time>2026-06-09T16:20:20Z</time>
    <extensions>
     <gpxdata:distance>23743.00</gpxdata:distance>
     <gpxdata:speed>7.728</gpxdata:speed>
    </extensions>
   </trkpt>
   <trkpt lat="47.5041447" lon="6.7874242">
    <ele>346</ele>
    <time>2026-06-09T16:20:21Z</time>
    <extensions>
     <gpxdata:distance>23751.00</gpxdata:distance>
     <gpxdata:speed>7.714</gpxdata:speed>
    </extensions>
   </trkpt>
   <trkpt lat="47.5041285" lon="6.7875240">
    <ele>346</ele>
    <time>2026-06-09T16:20:22Z</time>
    <extensions>
     <gpxdata:distance>23759.00</gpxdata:distance>
     <gpxdata:speed>7.719</gpxdata:speed>
    </extensions>
   </trkpt>
   <trkpt lat="47.5041144" lon="6.7876252">
    <ele>346</ele>
    <time>2026-06-09T16:20:23Z</time>
    <extensions>
     <gpxdata:distance>23766.50</gpxdata:distance>
     <gpxdata:speed>7.739</gpxdata:speed>
    </extensions>
   </trkpt>
   <trkpt lat="47.5041024" lon="6.7877278">
    <ele>346</ele>
    <time>2026-06-09T16:20:24Z</time>
    <extensions>
     <gpxdata:distance>23774.00</gpxdata:distance>
     <gpxdata:speed>7.775</gpxdata:speed>
    </extensions>
   </trkpt>
   <trkpt lat="47.5040921" lon="6.7878311">
    <ele>346</ele>
    <time>2026-06-09T16:20:25Z</time>
    <extensions>
     <gpxdata:distance>23782.00</gpxdata:distance>
     <gpxdata:speed>7.797</gpxdata:speed>
    </extensions>
   </trkpt>
   <trkpt lat="47.5040828" lon="6.7879345">
    <ele>346</ele>
    <time>2026-06-09T16:20:26Z</time>
    <extensions>
     <gpxdata:distance>23790.00</gpxdata:distance>
     <gpxdata:speed>7.808</gpxdata:speed>
    </extensions>
   </trkpt>
   <trkpt lat="47.5040736" lon="6.7880379">
    <ele>346</ele>
    <time>2026-06-09T16:20:27Z</time>
    <extensions>
     <gpxdata:distance>23798.00</gpxdata:distance>
     <gpxdata:speed>7.808</gpxdata:speed>
    </extensions>
   </trkpt>
   <trkpt lat="47.5040646" lon="6.7881415">
    <ele>346</ele>
    <time>2026-06-09T16:20:28Z</time>
    <extensions>
     <gpxdata:distance>23806.00</gpxdata:distance>
     <gpxdata:speed>7.831</gpxdata:speed>
    </extensions>
   </trkpt>
   <trkpt lat="47.5040554" lon="6.7882449">
    <ele>346</ele>
    <time>2026-06-09T16:20:29Z</time>
    <extensions>
     <gpxdata:distance>23809.50</gpxdata:distance>
     <gpxdata:speed>7.836</gpxdata:speed>
    </extensions>
   </trkpt>
   <trkpt lat="47.5040465" lon="6.7883474">
    <ele>346</ele>
    <time>2026-06-09T16:20:30Z</time>
    <extensions>
     <gpxdata:distance>23813.00</gpxdata:distance>
     <gpxdata:speed>7.836</gpxdata:speed>
    </extensions>
   </trkpt>
   <trkpt lat="47.5040389" lon="6.7884482">
    <ele>346</ele>
    <time>2026-06-09T16:20:31Z</time>
    <extensions>
     <gpxdata:distance>23824.50</gpxdata:distance>
     <gpxdata:speed>7.736</gpxdata:speed>
    </extensions>
   </trkpt>
   <trkpt lat="47.5040327" lon="6.7885477">
    <ele>346</ele>
    <time>2026-06-09T16:20:32Z</time>
    <extensions>
     <gpxdata:distance>23836.00</gpxdata:distance>
     <gpxdata:speed>7.656</gpxdata:speed>
    </extensions>
   </trkpt>
   <trkpt lat="47.5040277" lon="6.7886482">
    <ele>346</ele>
    <time>2026-06-09T16:20:33Z</time>
    <extensions>
     <gpxdata:distance>23844.00</gpxdata:distance>
     <gpxdata:speed>7.642</gpxdata:speed>
    </extensions>
   </trkpt>
   <trkpt lat="47.5040241" lon="6.7887501">
    <ele>346</ele>
    <time>2026-06-09T16:20:34Z</time>
    <extensions>
     <gpxdata:distance>23852.00</gpxdata:distance>
     <gpxdata:speed>7.661</gpxdata:speed>
    </extensions>
   </trkpt>
   <trkpt lat="47.5040209" lon="6.7888533">
    <ele>346</ele>
    <time>2026-06-09T16:20:35Z</time>
    <extensions>
     <gpxdata:distance>23859.50</gpxdata:distance>
     <gpxdata:speed>7.697</gpxdata:speed>
    </extensions>
   </trkpt>
   <trkpt lat="47.5040186" lon="6.7889573">
    <ele>346</ele>
    <time>2026-06-09T16:20:36Z</time>
    <extensions>
     <gpxdata:distance>23867.00</gpxdata:distance>
     <gpxdata:speed>7.739</gpxdata:speed>
    </extensions>
   </trkpt>
   <trkpt lat="47.5040184" lon="6.7890625">
    <ele>346</ele>
    <time>2026-06-09T16:20:37Z</time>
    <extensions>
     <gpxdata:distance>23875.00</gpxdata:distance>
     <gpxdata:speed>7.797</gpxdata:speed>
    </extensions>
   </trkpt>
   <trkpt lat="47.5040197" lon="6.7891681">
    <ele>346</ele>
    <time>2026-06-09T16:20:38Z</time>
    <extensions>
     <gpxdata:distance>23883.00</gpxdata:distance>
     <gpxdata:speed>7.842</gpxdata:speed>
    </extensions>
   </trkpt>
   <trkpt lat="47.5040214" lon="6.7892721">
    <ele>346</ele>
    <time>2026-06-09T16:20:39Z</time>
    <extensions>
     <gpxdata:distance>23890.50</gpxdata:distance>
     <gpxdata:speed>7.819</gpxdata:speed>
    </extensions>
   </trkpt>
   <trkpt lat="47.5040240" lon="6.7893728">
    <ele>346</ele>
    <time>2026-06-09T16:20:40Z</time>
    <extensions>
     <gpxdata:distance>23898.00</gpxdata:distance>
     <gpxdata:speed>7.717</gpxdata:speed>
    </extensions>
   </trkpt>
   <trkpt lat="47.5040274" lon="6.7894703">
    <ele>346</ele>
    <time>2026-06-09T16:20:41Z</time>
    <extensions>
     <gpxdata:distance>23905.00</gpxdata:distance>
     <gpxdata:speed>7.578</gpxdata:speed>
    </extensions>
   </trkpt>
   <trkpt lat="47.5040305" lon="6.7895646">
    <ele>346</ele>
    <time>2026-06-09T16:20:42Z</time>
    <extensions>
     <gpxdata:distance>23912.00</gpxdata:distance>
     <gpxdata:speed>7.411</gpxdata:speed>
    </extensions>
   </trkpt>
   <trkpt lat="47.5040336" lon="6.7896561">
    <ele>346</ele>
    <time>2026-06-09T16:20:43Z</time>
    <extensions>
     <gpxdata:distance>23919.00</gpxdata:distance>
     <gpxdata:speed>7.011</gpxdata:speed>
    </extensions>
   </trkpt>
   <trkpt lat="47.5040380" lon="6.7897450">
    <ele>346</ele>
    <time>2026-06-09T16:20:44Z</time>
    <extensions>
     <gpxdata:distance>23926.00</gpxdata:distance>
     <gpxdata:speed>6.797</gpxdata:speed>
    </extensions>
   </trkpt>
   <trkpt lat="47.5040436" lon="6.7898327">
    <ele>346</ele>
    <time>2026-06-09T16:20:45Z</time>
    <extensions>
     <gpxdata:distance>23932.50</gpxdata:distance>
     <gpxdata:speed>6.797</gpxdata:speed>
    </extensions>
   </trkpt>
   <trkpt lat="47.5040510" lon="6.7899208">
    <ele>346</ele>
    <time>2026-06-09T16:20:46Z</time>
    <extensions>
     <gpxdata:distance>23939.00</gpxdata:distance>
     <gpxdata:speed>6.742</gpxdata:speed>
    </extensions>
   </trkpt>
   <trkpt lat="47.5040594" lon="6.7900101">
    <ele>346</ele>
    <time>2026-06-09T16:20:47Z</time>
    <extensions>
     <gpxdata:distance>23942.50</gpxdata:distance>
     <gpxdata:speed>6.800</gpxdata:speed>
    </extensions>
   </trkpt>
   <trkpt lat="47.5040682" lon="6.7901013">
    <ele>346</ele>
    <time>2026-06-09T16:20:48Z</time>
    <extensions>
     <gpxdata:distance>23946.00</gpxdata:distance>
     <gpxdata:speed>6.800</gpxdata:speed>
    </extensions>
   </trkpt>
   <trkpt lat="47.5040773" lon="6.7901943">
    <ele>346</ele>
    <time>2026-06-09T16:20:49Z</time>
    <extensions>
     <gpxdata:distance>23957.00</gpxdata:distance>
     <gpxdata:speed>7.008</gpxdata:speed>
    </extensions>
   </trkpt>
   <trkpt lat="47.5040873" lon="6.7902891">
    <ele>346</ele>
    <time>2026-06-09T16:20:50Z</time>
    <extensions>
     <gpxdata:distance>23968.00</gpxdata:distance>
     <gpxdata:speed>7.100</gpxdata:speed>
    </extensions>
   </trkpt>
   <trkpt lat="47.5040984" lon="6.7903859">
    <ele>346</ele>
    <time>2026-06-09T16:20:51Z</time>
    <extensions>
     <gpxdata:distance>23975.50</gpxdata:distance>
     <gpxdata:speed>7.203</gpxdata:speed>
    </extensions>
   </trkpt>
   <trkpt lat="47.5041103" lon="6.7904840">
    <ele>346</ele>
    <time>2026-06-09T16:20:52Z</time>
    <extensions>
     <gpxdata:distance>23983.00</gpxdata:distance>
     <gpxdata:speed>7.306</gpxdata:speed>
    </extensions>
   </trkpt>
   <trkpt lat="47.5041224" lon="6.7905827">
    <ele>346</ele>
    <time>2026-06-09T16:20:53Z</time>
    <extensions>
     <gpxdata:distance>23990.50</gpxdata:distance>
     <gpxdata:speed>7.383</gpxdata:speed>
    </extensions>
   </trkpt>
   <trkpt lat="47.5041351" lon="6.7906814">
    <ele>346</ele>
    <time>2026-06-09T16:20:54Z</time>
    <extensions>
     <gpxdata:distance>23998.00</gpxdata:distance>
     <gpxdata:speed>7.447</gpxdata:speed>
    </extensions>
   </trkpt>
   <trkpt lat="47.5041476" lon="6.7907804">
    <ele>346</ele>
    <time>2026-06-09T16:20:55Z</time>
    <extensions>
     <gpxdata:distance>24005.50</gpxdata:distance>
     <gpxdata:speed>7.500</gpxdata:speed>
    </extensions>
   </trkpt>
   <trkpt lat="47.5041602" lon="6.7908802">
    <ele>346</ele>
    <time>2026-06-09T16:20:56Z</time>
    <extensions>
     <gpxdata:distance>24013.00</gpxdata:distance>
     <gpxdata:speed>7.578</gpxdata:speed>
    </extensions>
   </trkpt>
   <trkpt lat="47.5041730" lon="6.7909804">
    <ele>346</ele>
    <time>2026-06-09T16:20:57Z</time>
    <extensions>
     <gpxdata:distance>24020.50</gpxdata:distance>
     <gpxdata:speed>7.642</gpxdata:speed>
    </extensions>
   </trkpt>
   <trkpt lat="47.5041882" lon="6.7910799">
    <ele>346</ele>
    <time>2026-06-09T16:20:58Z</time>
    <extensions>
     <gpxdata:distance>24028.00</gpxdata:distance>
     <gpxdata:speed>7.658</gpxdata:speed>
    </extensions>
   </trkpt>
   <trkpt lat="47.5042086" lon="6.7911757">
    <ele>346</ele>
    <time>2026-06-09T16:20:59Z</time>
    <extensions>
     <gpxdata:distance>24032.00</gpxdata:distance>
     <gpxdata:speed>7.658</gpxdata:speed>
    </extensions>
   </trkpt>
   <trkpt lat="47.5042365" lon="6.7912661">
    <ele>346</ele>
    <time>2026-06-09T16:21:00Z</time>
    <extensions>
     <gpxdata:distance>24036.00</gpxdata:distance>
     <gpxdata:speed>7.597</gpxdata:speed>
    </extensions>
   </trkpt>
   <trkpt lat="47.5042720" lon="6.7913500">
    <ele>346</ele>
    <time>2026-06-09T16:21:01Z</time>
    <extensions>
     <gpxdata:distance>24047.00</gpxdata:distance>
     <gpxdata:speed>7.536</gpxdata:speed>
    </extensions>
   </trkpt>
   <trkpt lat="47.5043143" lon="6.7914275">
    <ele>346</ele>
    <time>2026-06-09T16:21:02Z</time>
    <extensions>
     <gpxdata:distance>24058.00</gpxdata:distance>
     <gpxdata:speed>7.533</gpxdata:speed>
    </extensions>
   </trkpt>
   <trkpt lat="47.5043606" lon="6.7915015">
    <ele>346</ele>
    <time>2026-06-09T16:21:03Z</time>
    <extensions>
     <gpxdata:distance>24065.50</gpxdata:distance>
     <gpxdata:speed>7.533</gpxdata:speed>
    </extensions>
   </trkpt>
   <trkpt lat="47.5044070" lon="6.7915760">
    <ele>346</ele>
    <time>2026-06-09T16:21:04Z</time>
    <extensions>
     <gpxdata:distance>24073.00</gpxdata:distance>
     <gpxdata:speed>7.561</gpxdata:speed>
    </extensions>
   </trkpt>
   <trkpt lat="47.5044479" lon="6.7916572">
    <ele>346</ele>
    <time>2026-06-09T16:21:05Z</time>
    <extensions>
     <gpxdata:distance>24077.00</gpxdata:distance>
     <gpxdata:speed>7.561</gpxdata:speed>
    </extensions>
   </trkpt>
   <trkpt lat="47.5044769" lon="6.7917497">
    <ele>346</ele>
    <time>2026-06-09T16:21:06Z</time>
    <extensions>
     <gpxdata:distance>24081.00</gpxdata:distance>
     <gpxdata:speed>7.597</gpxdata:speed>
    </extensions>
   </trkpt>
   <trkpt lat="47.5044954" lon="6.7918516">
    <ele>346</ele>
    <time>2026-06-09T16:21:07Z</time>
    <extensions>
     <gpxdata:distance>24093.00</gpxdata:distance>
     <gpxdata:speed>7.808</gpxdata:speed>
    </extensions>
   </trkpt>
   <trkpt lat="47.5045083" lon="6.7919584">
    <ele>346</ele>
    <time>2026-06-09T16:21:08Z</time>
    <extensions>
     <gpxdata:distance>24105.00</gpxdata:distance>
     <gpxdata:speed>7.925</gpxdata:speed>
    </extensions>
   </trkpt>
   <trkpt lat="47.5045208" lon="6.7920665">
    <ele>346</ele>
    <time>2026-06-09T16:21:09Z</time>
    <extensions>
     <gpxdata:distance>24113.50</gpxdata:distance>
     <gpxdata:speed>8.028</gpxdata:speed>
    </extensions>
   </trkpt>
   <trkpt lat="47.5045359" lon="6.7921750">
    <ele>346</ele>
    <time>2026-06-09T16:21:10Z</time>
    <extensions>
     <gpxdata:distance>24122.00</gpxdata:distance>
     <gpxdata:speed>8.203</gpxdata:speed>
    </extensions>
   </trkpt>
   <trkpt lat="47.5045539" lon="6.7922839">
    <ele>346</ele>
    <time>2026-06-09T16:21:11Z</time>
    <extensions>
     <gpxdata:distance>24130.50</gpxdata:distance>
     <gpxdata:speed>8.364</gpxdata:speed>
    </extensions>
   </trkpt>
   <trkpt lat="47.5045729" lon="6.7923944">
    <ele>346</ele>
    <time>2026-06-09T16:21:12Z</time>
    <extensions>
     <gpxdata:distance>24139.00</gpxdata:distance>
     <gpxdata:speed>8.522</gpxdata:speed>
    </extensions>
   </trkpt>
   <trkpt lat="47.5045921" lon="6.7925073">
    <ele>346</ele>
    <time>2026-06-09T16:21:13Z</time>
    <extensions>
     <gpxdata:distance>24148.00</gpxdata:distance>
     <gpxdata:speed>8.703</gpxdata:speed>
    </extensions>
   </trkpt>
   <trkpt lat="47.5046116" lon="6.7926220">
    <ele>346</ele>
    <time>2026-06-09T16:21:14Z</time>
    <extensions>
     <gpxdata:distance>24157.00</gpxdata:distance>
     <gpxdata:speed>8.828</gpxdata:speed>
    </extensions>
   </trkpt>
   <trkpt lat="47.5046315" lon="6.7927378">
    <ele>346</ele>
    <time>2026-06-09T16:21:15Z</time>
    <extensions>
     <gpxdata:distance>24161.50</gpxdata:distance>
     <gpxdata:speed>8.828</gpxdata:speed>
    </extensions>
   </trkpt>
   <trkpt lat="47.5046523" lon="6.7928538">
    <ele>346</ele>
    <time>2026-06-09T16:21:16Z</time>
    <extensions>
     <gpxdata:distance>24166.00</gpxdata:distance>
     <gpxdata:speed>8.919</gpxdata:speed>
    </extensions>
   </trkpt>
   <trkpt lat="47.5046734" lon="6.7929698">
    <ele>346</ele>
    <time>2026-06-09T16:21:17Z</time>
    <extensions>
     <gpxdata:distance>24179.50</gpxdata:distance>
     <gpxdata:speed>9.003</gpxdata:speed>
    </extensions>
   </trkpt>
   <trkpt lat="47.5046932" lon="6.7930862">
    <ele>346</ele>
    <time>2026-06-09T16:21:18Z</time>
    <extensions>
     <gpxdata:distance>24193.00</gpxdata:distance>
     <gpxdata:speed>9.022</gpxdata:speed>
    </extensions>
   </trkpt>
   <trkpt lat="47.5047114" lon="6.7932022">
    <ele>346</ele>
    <time>2026-06-09T16:21:19Z</time>
    <extensions>
     <gpxdata:distance>24201.50</gpxdata:distance>
     <gpxdata:speed>9.003</gpxdata:speed>
    </extensions>
   </trkpt>
   <trkpt lat="47.5047294" lon="6.7933156">
    <ele>346</ele>
    <time>2026-06-09T16:21:20Z</time>
    <extensions>
     <gpxdata:distance>24210.00</gpxdata:distance>
     <gpxdata:speed>8.911</gpxdata:speed>
    </extensions>
   </trkpt>
   <trkpt lat="47.5047485" lon="6.7934233">
    <ele>346</ele>
    <time>2026-06-09T16:21:21Z</time>
    <extensions>
     <gpxdata:distance>24214.00</gpxdata:distance>
     <gpxdata:speed>8.911</gpxdata:speed>
    </extensions>
   </trkpt>
   <trkpt lat="47.5047689" lon="6.7935241">
    <ele>346</ele>
    <time>2026-06-09T16:21:22Z</time>
    <extensions>
     <gpxdata:distance>24218.00</gpxdata:distance>
     <gpxdata:speed>8.706</gpxdata:speed>
    </extensions>
   </trkpt>
   <trkpt lat="47.5047890" lon="6.7936193">
    <ele>346</ele>
    <time>2026-06-09T16:21:23Z</time>
    <extensions>
     <gpxdata:distance>24225.50</gpxdata:distance>
     <gpxdata:speed>8.050</gpxdata:speed>
    </extensions>
   </trkpt>
   <trkpt lat="47.5048048" lon="6.7937125">
    <ele>346</ele>
    <time>2026-06-09T16:21:24Z</time>
    <extensions>
     <gpxdata:distance>24233.00</gpxdata:distance>
     <gpxdata:speed>7.656</gpxdata:speed>
    </extensions>
   </trkpt>
   <trkpt lat="47.5048132" lon="6.7938050">
    <ele>346</ele>
    <time>2026-06-09T16:21:25Z</time>
    <extensions>
     <gpxdata:distance>24243.50</gpxdata:distance>
     <gpxdata:speed>7.208</gpxdata:speed>
    </extensions>
   </trkpt>
   <trkpt lat="47.5048183" lon="6.7938965">
    <ele>346</ele>
    <time>2026-06-09T16:21:26Z</time>
    <extensions>
     <gpxdata:distance>24254.00</gpxdata:distance>
     <gpxdata:speed>7.025</gpxdata:speed>
    </extensions>
   </trkpt>
   <trkpt lat="47.5048263" lon="6.7939852">
    <ele>346</ele>
    <time>2026-06-09T16:21:27Z</time>
    <extensions>
     <gpxdata:distance>24257.50</gpxdata:distance>
     <gpxdata:speed>7.025</gpxdata:speed>
    </extensions>
   </trkpt>
   <trkpt lat="47.5048397" lon="6.7940697">
    <ele>346</ele>
    <time>2026-06-09T16:21:28Z</time>
    <extensions>
     <gpxdata:distance>24261.00</gpxdata:distance>
     <gpxdata:speed>6.842</gpxdata:speed>
    </extensions>
   </trkpt>
   <trkpt lat="47.5048529" lon="6.7941523">
    <ele>346</ele>
    <time>2026-06-09T16:21:29Z</time>
    <extensions>
     <gpxdata:distance>24267.00</gpxdata:distance>
     <gpxdata:speed>6.631</gpxdata:speed>
    </extensions>
   </trkpt>
   <trkpt lat="47.5048574" lon="6.7942349">
    <ele>346</ele>
    <time>2026-06-09T16:21:30Z</time>
    <extensions>
     <gpxdata:distance>24273.00</gpxdata:distance>
     <gpxdata:speed>6.475</gpxdata:speed>
    </extensions>
   </trkpt>
   <trkpt lat="47.5048515" lon="6.7943162">
    <ele>346</ele>
    <time>2026-06-09T16:21:31Z</time>
    <extensions>
     <gpxdata:distance>24282.50</gpxdata:distance>
     <gpxdata:speed>6.397</gpxdata:speed>
    </extensions>
   </trkpt>
   <trkpt lat="47.5048394" lon="6.7943962">
    <ele>346</ele>
    <time>2026-06-09T16:21:32Z</time>
    <extensions>
     <gpxdata:distance>24292.00</gpxdata:distance>
     <gpxdata:speed>6.236</gpxdata:speed>
    </extensions>
   </trkpt>
   <trkpt lat="47.5048263" lon="6.7944754">
    <ele>346</ele>
    <time>2026-06-09T16:21:33Z</time>
    <extensions>
     <gpxdata:distance>24295.00</gpxdata:distance>
     <gpxdata:speed>6.236</gpxdata:speed>
    </extensions>
   </trkpt>
   <trkpt lat="47.5048153" lon="6.7945535">
    <ele>346</ele>
    <time>2026-06-09T16:21:34Z</time>
    <extensions>
     <gpxdata:distance>24298.00</gpxdata:distance>
     <gpxdata:speed>6.150</gpxdata:speed>
    </extensions>
   </trkpt>
   <trkpt lat="47.5048068" lon="6.7946301">
    <ele>346</ele>
    <time>2026-06-09T16:21:35Z</time>
    <extensions>
     <gpxdata:distance>24306.50</gpxdata:distance>
     <gpxdata:speed>5.875</gpxdata:speed>
    </extensions>
   </trkpt>
   <trkpt lat="47.5048022" lon="6.7946843">
    <ele>346</ele>
    <time>2026-06-09T16:21:36Z</time>
    <extensions>
     <gpxdata:distance>24315.00</gpxdata:distance>
     <gpxdata:speed>5.728</gpxdata:speed>
    </extensions>
   </trkpt>
   <trkpt lat="47.5047985" lon="6.7947516">
    <ele>346</ele>
    <time>2026-06-09T16:21:37Z</time>
    <extensions>
     <gpxdata:distance>24318.00</gpxdata:distance>
     <gpxdata:speed>5.544</gpxdata:speed>
    </extensions>
   </trkpt>
   <trkpt lat="47.5047977" lon="6.7948211">
    <ele>346</ele>
    <time>2026-06-09T16:21:38Z</time>
    <extensions>
     <gpxdata:distance>24321.00</gpxdata:distance>
     <gpxdata:speed>5.544</gpxdata:speed>
    </extensions>
   </trkpt>
   <trkpt lat="47.5048000" lon="6.7948894">
    <ele>346</ele>
    <time>2026-06-09T16:21:39Z</time>
    <extensions>
     <gpxdata:distance>24328.50</gpxdata:distance>
     <gpxdata:speed>5.358</gpxdata:speed>
    </extensions>
   </trkpt>
   <trkpt lat="47.5048047" lon="6.7949557">
    <ele>346</ele>
    <time>2026-06-09T16:21:40Z</time>
    <extensions>
     <gpxdata:distance>24336.00</gpxdata:distance>
     <gpxdata:speed>5.047</gpxdata:speed>
    </extensions>
   </trkpt>
   <trkpt lat="47.5048109" lon="6.7950195">
    <ele>346</ele>
    <time>2026-06-09T16:21:41Z</time>
    <extensions>
     <gpxdata:distance>24340.50</gpxdata:distance>
     <gpxdata:speed>4.861</gpxdata:speed>
    </extensions>
   </trkpt>
   <trkpt lat="47.5048175" lon="6.7950809">
    <ele>347</ele>
    <time>2026-06-09T16:21:42Z</time>
    <extensions>
     <gpxdata:distance>24345.00</gpxdata:distance>
     <gpxdata:speed>4.681</gpxdata:speed>
    </extensions>
   </trkpt>
   <trkpt lat="47.5048246" lon="6.7951392">
    <ele>347</ele>
    <time>2026-06-09T16:21:43Z</time>
    <extensions>
     <gpxdata:distance>24347.00</gpxdata:distance>
     <gpxdata:speed>4.681</gpxdata:speed>
    </extensions>
   </trkpt>
   <trkpt lat="47.5048323" lon="6.7951960">
    <ele>347</ele>
    <time>2026-06-09T16:21:44Z</time>
    <extensions>
     <gpxdata:distance>24349.00</gpxdata:distance>
     <gpxdata:speed>4.458</gpxdata:speed>
    </extensions>
   </trkpt>
   <trkpt lat="47.5048413" lon="6.7952514">
    <ele>347</ele>
    <time>2026-06-09T16:21:45Z</time>
    <extensions>
     <gpxdata:distance>24353.50</gpxdata:distance>
     <gpxdata:speed>4.389</gpxdata:speed>
    </extensions>
   </trkpt>
   <trkpt lat="47.5048509" lon="6.7953087">
    <ele>347</ele>
    <time>2026-06-09T16:21:46Z</time>
    <extensions>
     <gpxdata:distance>24358.00</gpxdata:distance>
     <gpxdata:speed>4.311</gpxdata:speed>
    </extensions>
   </trkpt>
   <trkpt lat="47.5048607" lon="6.7953711">
    <ele>347</ele>
    <time>2026-06-09T16:21:47Z</time>
    <extensions>
     <gpxdata:distance>24363.00</gpxdata:distance>
     <gpxdata:speed>4.633</gpxdata:speed>
    </extensions>
   </trkpt>
   <trkpt lat="47.5048713" lon="6.7954395">
    <ele>347</ele>
    <time>2026-06-09T16:21:48Z</time>
    <extensions>
     <gpxdata:distance>24368.00</gpxdata:distance>
     <gpxdata:speed>4.633</gpxdata:speed>
    </extensions>
   </trkpt>
   <trkpt lat="47.5048822" lon="6.7955127">
    <ele>347</ele>
    <time>2026-06-09T16:21:49Z</time>
    <extensions>
     <gpxdata:distance>24377.00</gpxdata:distance>
     <gpxdata:speed>5.392</gpxdata:speed>
    </extensions>
   </trkpt>
   <trkpt lat="47.5048934" lon="6.7955894">
    <ele>347</ele>
    <time>2026-06-09T16:21:50Z</time>
    <extensions>
     <gpxdata:distance>24386.00</gpxdata:distance>
     <gpxdata:speed>5.828</gpxdata:speed>
    </extensions>
   </trkpt>
   <trkpt lat="47.5049054" lon="6.7956690">
    <ele>347</ele>
    <time>2026-06-09T16:21:51Z</time>
    <extensions>
     <gpxdata:distance>24392.00</gpxdata:distance>
     <gpxdata:speed>5.828</gpxdata:speed>
    </extensions>
   </trkpt>
   <trkpt lat="47.5049215" lon="6.7957781">
    <ele>347</ele>
    <time>2026-06-09T16:21:52Z</time>
    <extensions>
     <gpxdata:distance>24398.00</gpxdata:distance>
     <gpxdata:speed>6.247</gpxdata:speed>
    </extensions>
   </trkpt>
   <trkpt lat="47.5049354" lon="6.7958629">
    <ele>347</ele>
    <time>2026-06-09T16:21:53Z</time>
    <extensions>
     <gpxdata:distance>24401.00</gpxdata:distance>
     <gpxdata:speed>6.239</gpxdata:speed>
    </extensions>
   </trkpt>
   <trkpt lat="47.5049497" lon="6.7959449">
    <ele>347</ele>
    <time>2026-06-09T16:21:54Z</time>
    <extensions>
     <gpxdata:distance>24404.00</gpxdata:distance>
     <gpxdata:speed>6.239</gpxdata:speed>
    </extensions>
   </trkpt>
   <trkpt lat="47.5049655" lon="6.7960259">
    <ele>346</ele>
    <time>2026-06-09T16:21:55Z</time>
    <extensions>
     <gpxdata:distance>24410.50</gpxdata:distance>
     <gpxdata:speed>6.292</gpxdata:speed>
    </extensions>
   </trkpt>
   <trkpt lat="47.5049816" lon="6.7961057">
    <ele>346</ele>
    <time>2026-06-09T16:21:56Z</time>
    <extensions>
     <gpxdata:distance>24417.00</gpxdata:distance>
     <gpxdata:speed>6.319</gpxdata:speed>
    </extensions>
   </trkpt>
   <trkpt lat="47.5049958" lon="6.7961844">
    <ele>346</ele>
    <time>2026-06-09T16:21:57Z</time>
    <extensions>
     <gpxdata:distance>24423.00</gpxdata:distance>
     <gpxdata:speed>6.250</gpxdata:speed>
    </extensions>
   </trkpt>
   <trkpt lat="47.5050072" lon="6.7962613">
    <ele>346</ele>
    <time>2026-06-09T16:21:58Z</time>
    <extensions>
     <gpxdata:distance>24429.00</gpxdata:distance>
     <gpxdata:speed>6.203</gpxdata:speed>
    </extensions>
   </trkpt>
   <trkpt lat="47.5050139" lon="6.7963155">
    <ele>346</ele>
    <time>2026-06-09T16:21:59Z</time>
    <extensions>
     <gpxdata:distance>24435.00</gpxdata:distance>
     <gpxdata:speed>5.861</gpxdata:speed>
    </extensions>
   </trkpt>
   <trkpt lat="47.5050221" lon="6.7963824">
    <ele>346</ele>
    <time>2026-06-09T16:22:00Z</time>
    <extensions>
     <gpxdata:distance>24441.00</gpxdata:distance>
     <gpxdata:speed>5.861</gpxdata:speed>
    </extensions>
   </trkpt>
   <trkpt lat="47.5050306" lon="6.7964509">
    <ele>346</ele>
    <time>2026-06-09T16:22:01Z</time>
    <extensions>
     <gpxdata:distance>24446.00</gpxdata:distance>
     <gpxdata:speed>5.725</gpxdata:speed>
    </extensions>
   </trkpt>
   <trkpt lat="47.5050390" lon="6.7965182">
    <ele>346</ele>
    <time>2026-06-09T16:22:02Z</time>
    <extensions>
     <gpxdata:distance>24451.00</gpxdata:distance>
     <gpxdata:speed>5.394</gpxdata:speed>
    </extensions>
   </trkpt>
   <trkpt lat="47.5050476" lon="6.7965839">
    <ele>346</ele>
    <time>2026-06-09T16:22:03Z</time>
    <extensions>
     <gpxdata:distance>24456.00</gpxdata:distance>
     <gpxdata:speed>5.203</gpxdata:speed>
    </extensions>
   </trkpt>
   <trkpt lat="47.5050552" lon="6.7966476">
    <ele>346</ele>
    <time>2026-06-09T16:22:04Z</time>
    <extensions>
     <gpxdata:distance>24461.00</gpxdata:distance>
     <gpxdata:speed>5.069</gpxdata:speed>
    </extensions>
   </trkpt>
   <trkpt lat="47.5050620" lon="6.7967095">
    <ele>346</ele>
    <time>2026-06-09T16:22:05Z</time>
    <extensions>
     <gpxdata:distance>24465.50</gpxdata:distance>
     <gpxdata:speed>4.742</gpxdata:speed>
    </extensions>
   </trkpt>
   <trkpt lat="47.5050691" lon="6.7967697">
    <ele>346</ele>
    <time>2026-06-09T16:22:06Z</time>
    <extensions>
     <gpxdata:distance>24470.00</gpxdata:distance>
     <gpxdata:speed>4.742</gpxdata:speed>
    </extensions>
   </trkpt>
   <trkpt lat="47.5050773" lon="6.7968282">
    <ele>346</ele>
    <time>2026-06-09T16:22:07Z</time>
    <extensions>
     <gpxdata:distance>24477.00</gpxdata:distance>
     <gpxdata:speed>4.514</gpxdata:speed>
    </extensions>
   </trkpt>
   <trkpt lat="47.5050860" lon="6.7968858">
    <ele>346</ele>
    <time>2026-06-09T16:22:08Z</time>
    <extensions>
     <gpxdata:distance>24484.00</gpxdata:distance>
     <gpxdata:speed>4.458</gpxdata:speed>
    </extensions>
   </trkpt>
   <trkpt lat="47.5050942" lon="6.7969429">
    <ele>346</ele>
    <time>2026-06-09T16:22:09Z</time>
    <extensions>
     <gpxdata:distance>24488.00</gpxdata:distance>
     <gpxdata:speed>4.458</gpxdata:speed>
    </extensions>
   </trkpt>
   <trkpt lat="47.5051022" lon="6.7969996">
    <ele>346</ele>
    <time>2026-06-09T16:22:10Z</time>
    <extensions>
     <gpxdata:distance>24492.00</gpxdata:distance>
     <gpxdata:speed>4.361</gpxdata:speed>
    </extensions>
   </trkpt>
   <trkpt lat="47.5051093" lon="6.7970554">
    <ele>347</ele>
    <time>2026-06-09T16:22:11Z</time>
    <extensions>
     <gpxdata:distance>24496.50</gpxdata:distance>
     <gpxdata:speed>4.294</gpxdata:speed>
    </extensions>
   </trkpt>
   <trkpt lat="47.5051154" lon="6.7971106">
    <ele>347</ele>
    <time>2026-06-09T16:22:12Z</time>
    <extensions>
     <gpxdata:distance>24501.00</gpxdata:distance>
     <gpxdata:speed>4.242</gpxdata:speed>
    </extensions>
   </trkpt>
   <trkpt lat="47.5051209" lon="6.7971647">
    <ele>347</ele>
    <time>2026-06-09T16:22:13Z</time>
    <extensions>
     <gpxdata:distance>24503.00</gpxdata:distance>
     <gpxdata:speed>4.172</gpxdata:speed>
    </extensions>
   </trkpt>
   <trkpt lat="47.5051264" lon="6.7972174">
    <ele>347</ele>
    <time>2026-06-09T16:22:14Z</time>
    <extensions>
     <gpxdata:distance>24505.00</gpxdata:distance>
     <gpxdata:speed>4.172</gpxdata:speed>
    </extensions>
   </trkpt>
   <trkpt lat="47.5051315" lon="6.7972688">
    <ele>347</ele>
    <time>2026-06-09T16:22:15Z</time>
    <extensions>
     <gpxdata:distance>24510.50</gpxdata:distance>
     <gpxdata:speed>4.092</gpxdata:speed>
    </extensions>
   </trkpt>
   <trkpt lat="47.5051356" lon="6.7973189">
    <ele>347</ele>
    <time>2026-06-09T16:22:16Z</time>
    <extensions>
     <gpxdata:distance>24516.00</gpxdata:distance>
     <gpxdata:speed>3.906</gpxdata:speed>
    </extensions>
   </trkpt>
   <trkpt lat="47.5051393" lon="6.7973673">
    <ele>347</ele>
    <time>2026-06-09T16:22:17Z</time>
    <extensions>
     <gpxdata:distance>24518.00</gpxdata:distance>
     <gpxdata:speed>3.794</gpxdata:speed>
    </extensions>
   </trkpt>
   <trkpt lat="47.5051430" lon="6.7974149">
    <ele>347</ele>
    <time>2026-06-09T16:22:18Z</time>
    <extensions>
     <gpxdata:distance>24520.00</gpxdata:distance>
     <gpxdata:speed>3.794</gpxdata:speed>
    </extensions>
   </trkpt>
   <trkpt lat="47.5051476" lon="6.7974630">
    <ele>346</ele>
    <time>2026-06-09T16:22:19Z</time>
    <extensions>
     <gpxdata:distance>24525.50</gpxdata:distance>
     <gpxdata:speed>3.689</gpxdata:speed>
    </extensions>
   </trkpt>
   <trkpt lat="47.5051533" lon="6.7975126">
    <ele>346</ele>
    <time>2026-06-09T16:22:20Z</time>
    <extensions>
     <gpxdata:distance>24531.00</gpxdata:distance>
     <gpxdata:speed>3.792</gpxdata:speed>
    </extensions>
   </trkpt>
   <trkpt lat="47.5051585" lon="6.7975635">
    <ele>346</ele>
    <time>2026-06-09T16:22:21Z</time>
    <extensions>
     <gpxdata:distance>24535.00</gpxdata:distance>
     <gpxdata:speed>3.792</gpxdata:speed>
    </extensions>
   </trkpt>
   <trkpt lat="47.5051618" lon="6.7976145">
    <ele>347</ele>
    <time>2026-06-09T16:22:22Z</time>
    <extensions>
     <gpxdata:distance>24539.00</gpxdata:distance>
     <gpxdata:speed>3.833</gpxdata:speed>
    </extensions>
   </trkpt>
   <trkpt lat="47.5051637" lon="6.7976639">
    <ele>347</ele>
    <time>2026-06-09T16:22:23Z</time>
    <extensions>
     <gpxdata:distance>24542.00</gpxdata:distance>
     <gpxdata:speed>3.761</gpxdata:speed>
    </extensions>
   </trkpt>
   <trkpt lat="47.5051661" lon="6.7977109">
    <ele>347</ele>
    <time>2026-06-09T16:22:24Z</time>
    <extensions>
     <gpxdata:distance>24545.00</gpxdata:distance>
     <gpxdata:speed>3.650</gpxdata:speed>
    </extensions>
   </trkpt>
   <trkpt lat="47.5051692" lon="6.7977551">
    <ele>347</ele>
    <time>2026-06-09T16:22:25Z</time>
    <extensions>
     <gpxdata:distance>24548.50</gpxdata:distance>
     <gpxdata:speed>3.650</gpxdata:speed>
    </extensions>
   </trkpt>
   <trkpt lat="47.5051725" lon="6.7977966">
    <ele>347</ele>
    <time>2026-06-09T16:22:26Z</time>
    <extensions>
     <gpxdata:distance>24552.00</gpxdata:distance>
     <gpxdata:speed>3.314</gpxdata:speed>
    </extensions>
   </trkpt>
   <trkpt lat="47.5051755" lon="6.7978354">
    <ele>347</ele>
    <time>2026-06-09T16:22:27Z</time>
    <extensions>
     <gpxdata:distance>24553.00</gpxdata:distance>
     <gpxdata:speed>3.314</gpxdata:speed>
    </extensions>
   </trkpt>
   <trkpt lat="47.5051780" lon="6.7978717">
    <ele>347</ele>
    <time>2026-06-09T16:22:28Z</time>
    <extensions>
     <gpxdata:distance>24554.00</gpxdata:distance>
     <gpxdata:speed>3.033</gpxdata:speed>
    </extensions>
   </trkpt>
   <trkpt lat="47.5051791" lon="6.7978909">
    <ele>347</ele>
    <time>2026-06-09T16:22:29Z</time>
    <extensions>
     <gpxdata:distance>24556.50</gpxdata:distance>
     <gpxdata:speed>2.539</gpxdata:speed>
    </extensions>
   </trkpt>
   <trkpt lat="47.5051797" lon="6.7979156">
    <ele>347</ele>
    <time>2026-06-09T16:22:30Z</time>
    <extensions>
     <gpxdata:distance>24559.00</gpxdata:distance>
     <gpxdata:speed>2.539</gpxdata:speed>
    </extensions>
   </trkpt>
   <trkpt lat="47.5051799" lon="6.7979416">
    <ele>347</ele>
    <time>2026-06-09T16:22:31Z</time>
    <extensions>
     <gpxdata:distance>24562.00</gpxdata:distance>
     <gpxdata:speed>2.300</gpxdata:speed>
    </extensions>
   </trkpt>
   <trkpt lat="47.5051797" lon="6.7979671">
    <ele>347</ele>
    <time>2026-06-09T16:22:32Z</time>
    <extensions>
     <gpxdata:distance>24565.00</gpxdata:distance>
     <gpxdata:speed>1.914</gpxdata:speed>
    </extensions>
   </trkpt>
   <trkpt lat="47.5051796" lon="6.7979852">
    <ele>347</ele>
    <time>2026-06-09T16:22:33Z</time>
    <extensions>
     <gpxdata:distance>24566.00</gpxdata:distance>
     <gpxdata:speed>1.914</gpxdata:speed>
    </extensions>
   </trkpt>
   <trkpt lat="47.5051800" lon="6.7980073">
    <ele>347</ele>
    <time>2026-06-09T16:22:34Z</time>
    <extensions>
     <gpxdata:distance>24567.00</gpxdata:distance>
     <gpxdata:speed>1.892</gpxdata:speed>
    </extensions>
   </trkpt>
   <trkpt lat="47.5051810" lon="6.7980329">
    <ele>347</ele>
    <time>2026-06-09T16:22:35Z</time>
    <extensions>
     <gpxdata:distance>24570.50</gpxdata:distance>
     <gpxdata:speed>2.050</gpxdata:speed>
    </extensions>
   </trkpt>
   <trkpt lat="47.5051833" lon="6.7980719">
    <ele>347</ele>
    <time>2026-06-09T16:22:36Z</time>
    <extensions>
     <gpxdata:distance>24574.00</gpxdata:distance>
     <gpxdata:speed>2.200</gpxdata:speed>
    </extensions>
   </trkpt>
   <trkpt lat="47.5051855" lon="6.7981075">
    <ele>347</ele>
    <time>2026-06-09T16:22:37Z</time>
    <extensions>
     <gpxdata:distance>24575.50</gpxdata:distance>
     <gpxdata:speed>2.200</gpxdata:speed>
    </extensions>
   </trkpt>
   <trkpt lat="47.5051874" lon="6.7981425">
    <ele>347</ele>
    <time>2026-06-09T16:22:38Z</time>
    <extensions>
     <gpxdata:distance>24577.00</gpxdata:distance>
     <gpxdata:speed>2.339</gpxdata:speed>
    </extensions>
   </trkpt>
   <trkpt lat="47.5051895" lon="6.7981765">
    <ele>347</ele>
    <time>2026-06-09T16:22:39Z</time>
    <extensions>
     <gpxdata:distance>24579.50</gpxdata:distance>
     <gpxdata:speed>2.447</gpxdata:speed>
    </extensions>
   </trkpt>
   <trkpt lat="47.5051925" lon="6.7982095">
    <ele>347</ele>
    <time>2026-06-09T16:22:40Z</time>
    <extensions>
     <gpxdata:distance>24582.00</gpxdata:distance>
     <gpxdata:speed>2.483</gpxdata:speed>
    </extensions>
   </trkpt>
   <trkpt lat="47.5051965" lon="6.7982406">
    <ele>347</ele>
    <time>2026-06-09T16:22:41Z</time>
    <extensions>
     <gpxdata:distance>24584.00</gpxdata:distance>
     <gpxdata:speed>2.475</gpxdata:speed>
    </extensions>
   </trkpt>
   <trkpt lat="47.5052002" lon="6.7982709">
    <ele>347</ele>
    <time>2026-06-09T16:22:42Z</time>
    <extensions>
     <gpxdata:distance>24586.00</gpxdata:distance>
     <gpxdata:speed>2.411</gpxdata:speed>
    </extensions>
   </trkpt>
   <trkpt lat="47.5052026" lon="6.7983009">
    <ele>347</ele>
    <time>2026-06-09T16:22:43Z</time>
    <extensions>
     <gpxdata:distance>24588.50</gpxdata:distance>
     <gpxdata:speed>2.369</gpxdata:speed>
    </extensions>
   </trkpt>
   <trkpt lat="47.5052036" lon="6.7983311">
    <ele>348</ele>
    <time>2026-06-09T16:22:44Z</time>
    <extensions>
     <gpxdata:distance>24591.00</gpxdata:distance>
     <gpxdata:speed>2.328</gpxdata:speed>
    </extensions>
   </trkpt>
   <trkpt lat="47.5052041" lon="6.7983625">
    <ele>348</ele>
    <time>2026-06-09T16:22:45Z</time>
    <extensions>
     <gpxdata:distance>24593.50</gpxdata:distance>
     <gpxdata:speed>2.322</gpxdata:speed>
    </extensions>
   </trkpt>
   <trkpt lat="47.5052039" lon="6.7983951">
    <ele>348</ele>
    <time>2026-06-09T16:22:46Z</time>
    <extensions>
     <gpxdata:distance>24596.00</gpxdata:distance>
     <gpxdata:speed>2.367</gpxdata:speed>
    </extensions>
   </trkpt>
   <trkpt lat="47.5052032" lon="6.7984288">
    <ele>348</ele>
    <time>2026-06-09T16:22:47Z</time>
    <extensions>
     <gpxdata:distance>24598.50</gpxdata:distance>
     <gpxdata:speed>2.494</gpxdata:speed>
    </extensions>
   </trkpt>
   <trkpt lat="47.5052019" lon="6.7984630">
    <ele>348</ele>
    <time>2026-06-09T16:22:48Z</time>
    <extensions>
     <gpxdata:distance>24601.00</gpxdata:distance>
     <gpxdata:speed>2.494</gpxdata:speed>
    </extensions>
   </trkpt>
   <trkpt lat="47.5051996" lon="6.7984979">
    <ele>348</ele>
    <time>2026-06-09T16:22:49Z</time>
    <extensions>
     <gpxdata:distance>24603.50</gpxdata:distance>
     <gpxdata:speed>2.539</gpxdata:speed>
    </extensions>
   </trkpt>
   <trkpt lat="47.5051964" lon="6.7985336">
    <ele>348</ele>
    <time>2026-06-09T16:22:50Z</time>
    <extensions>
     <gpxdata:distance>24606.00</gpxdata:distance>
     <gpxdata:speed>2.594</gpxdata:speed>
    </extensions>
   </trkpt>
   <trkpt lat="47.5051933" lon="6.7985699">
    <ele>348</ele>
    <time>2026-06-09T16:22:51Z</time>
    <extensions>
     <gpxdata:distance>24609.00</gpxdata:distance>
     <gpxdata:speed>2.667</gpxdata:speed>
    </extensions>
   </trkpt>
   <trkpt lat="47.5051902" lon="6.7986064">
    <ele>348</ele>
    <time>2026-06-09T16:22:52Z</time>
    <extensions>
     <gpxdata:distance>24612.00</gpxdata:distance>
     <gpxdata:speed>2.717</gpxdata:speed>
    </extensions>
   </trkpt>
   <trkpt lat="47.5051872" lon="6.7986426">
    <ele>348</ele>
    <time>2026-06-09T16:22:53Z</time>
    <extensions>
     <gpxdata:distance>24614.50</gpxdata:distance>
     <gpxdata:speed>2.742</gpxdata:speed>
    </extensions>
   </trkpt>
   <trkpt lat="47.5051839" lon="6.7986780">
    <ele>348</ele>
    <time>2026-06-09T16:22:54Z</time>
    <extensions>
     <gpxdata:distance>24617.00</gpxdata:distance>
     <gpxdata:speed>2.739</gpxdata:speed>
    </extensions>
   </trkpt>
   <trkpt lat="47.5051797" lon="6.7987132">
    <ele>348</ele>
    <time>2026-06-09T16:22:55Z</time>
    <extensions>
     <gpxdata:distance>24620.00</gpxdata:distance>
     <gpxdata:speed>2.700</gpxdata:speed>
    </extensions>
   </trkpt>
   <trkpt lat="47.5051749" lon="6.7987493">
    <ele>348</ele>
    <time>2026-06-09T16:22:56Z</time>
    <extensions>
     <gpxdata:distance>24623.00</gpxdata:distance>
     <gpxdata:speed>2.706</gpxdata:speed>
    </extensions>
   </trkpt>
   <trkpt lat="47.5051698" lon="6.7987855">
    <ele>348</ele>
    <time>2026-06-09T16:22:57Z</time>
    <extensions>
     <gpxdata:distance>24627.00</gpxdata:distance>
     <gpxdata:speed>2.758</gpxdata:speed>
    </extensions>
   </trkpt>
   <trkpt lat="47.5051648" lon="6.7988201">
    <ele>348</ele>
    <time>2026-06-09T16:22:58Z</time>
    <extensions>
     <gpxdata:distance>24631.00</gpxdata:distance>
     <gpxdata:speed>2.686</gpxdata:speed>
    </extensions>
   </trkpt>
   <trkpt lat="47.5051602" lon="6.7988519">
    <ele>348</ele>
    <time>2026-06-09T16:22:59Z</time>
    <extensions>
     <gpxdata:distance>24632.00</gpxdata:distance>
     <gpxdata:speed>2.686</gpxdata:speed>
    </extensions>
   </trkpt>
   <trkpt lat="47.5051345" lon="6.7990257">
    <ele>348</ele>
    <time>2026-06-09T16:26:01Z</time>
    <extensions>
     <gpxdata:distance>24648.00</gpxdata:distance>
     <gpxdata:speed>1.836</gpxdata:speed>
    </extensions>
   </trkpt>
   <trkpt lat="47.5051324" lon="6.7990789">
    <ele>348</ele>
    <time>2026-06-09T16:26:02Z</time>
    <extensions>
     <gpxdata:distance>24648.00</gpxdata:distance>
     <gpxdata:speed>2.656</gpxdata:speed>
    </extensions>
   </trkpt>
   <trkpt lat="47.5051309" lon="6.7991356">
    <ele>348</ele>
    <time>2026-06-09T16:26:03Z</time>
    <extensions>
     <gpxdata:distance>24653.00</gpxdata:distance>
     <gpxdata:speed>2.178</gpxdata:speed>
    </extensions>
   </trkpt>
   <trkpt lat="47.5051293" lon="6.7992016">
    <ele>348</ele>
    <time>2026-06-09T16:26:04Z</time>
    <extensions>
     <gpxdata:distance>24658.00</gpxdata:distance>
     <gpxdata:speed>2.822</gpxdata:speed>
    </extensions>
   </trkpt>
   <trkpt lat="47.5051263" lon="6.7993249">
    <ele>348</ele>
    <time>2026-06-09T16:26:05Z</time>
    <extensions>
     <gpxdata:distance>24668.50</gpxdata:distance>
     <gpxdata:speed>3.575</gpxdata:speed>
    </extensions>
   </trkpt>
   <trkpt lat="47.5051239" lon="6.7994230">
    <ele>348</ele>
    <time>2026-06-09T16:26:06Z</time>
    <extensions>
     <gpxdata:distance>24679.00</gpxdata:distance>
     <gpxdata:speed>4.983</gpxdata:speed>
    </extensions>
   </trkpt>
   <trkpt lat="47.5051212" lon="6.7995218">
    <ele>348</ele>
    <time>2026-06-09T16:26:07Z</time>
    <extensions>
     <gpxdata:distance>24683.00</gpxdata:distance>
     <gpxdata:speed>5.603</gpxdata:speed>
    </extensions>
   </trkpt>
   <trkpt lat="47.5051185" lon="6.7996245">
    <ele>348</ele>
    <time>2026-06-09T16:26:08Z</time>
    <extensions>
     <gpxdata:distance>24687.00</gpxdata:distance>
     <gpxdata:speed>5.603</gpxdata:speed>
    </extensions>
   </trkpt>
   <trkpt lat="47.5051152" lon="6.7997664">
    <ele>348</ele>
    <time>2026-06-09T16:26:09Z</time>
    <extensions>
     <gpxdata:distance>24699.50</gpxdata:distance>
     <gpxdata:speed>6.178</gpxdata:speed>
    </extensions>
   </trkpt>
   <trkpt lat="47.5051126" lon="6.7998807">
    <ele>348</ele>
    <time>2026-06-09T16:26:10Z</time>
    <extensions>
     <gpxdata:distance>24712.00</gpxdata:distance>
     <gpxdata:speed>8.183</gpxdata:speed>
    </extensions>
   </trkpt>
   <trkpt lat="47.5051097" lon="6.7999929">
    <ele>347</ele>
    <time>2026-06-09T16:26:11Z</time>
    <extensions>
     <gpxdata:distance>24720.00</gpxdata:distance>
     <gpxdata:speed>8.325</gpxdata:speed>
    </extensions>
   </trkpt>
   <trkpt lat="47.5051069" lon="6.8001054">
    <ele>347</ele>
    <time>2026-06-09T16:26:12Z</time>
    <extensions>
     <gpxdata:distance>24728.00</gpxdata:distance>
     <gpxdata:speed>8.378</gpxdata:speed>
    </extensions>
   </trkpt>
   <trkpt lat="47.5051029" lon="6.8002174">
    <ele>347</ele>
    <time>2026-06-09T16:26:13Z</time>
    <extensions>
     <gpxdata:distance>24732.50</gpxdata:distance>
     <gpxdata:speed>8.411</gpxdata:speed>
    </extensions>
   </trkpt>
   <trkpt lat="47.5050974" lon="6.8003285">
    <ele>347</ele>
    <time>2026-06-09T16:26:14Z</time>
    <extensions>
     <gpxdata:distance>24737.00</gpxdata:distance>
     <gpxdata:speed>8.411</gpxdata:speed>
    </extensions>
   </trkpt>
   <trkpt lat="47.5050925" lon="6.8004396">
    <ele>347</ele>
    <time>2026-06-09T16:26:15Z</time>
    <extensions>
     <gpxdata:distance>24745.50</gpxdata:distance>
     <gpxdata:speed>8.367</gpxdata:speed>
    </extensions>
   </trkpt>
   <trkpt lat="47.5050884" lon="6.8005489">
    <ele>347</ele>
    <time>2026-06-09T16:26:16Z</time>
    <extensions>
     <gpxdata:distance>24754.00</gpxdata:distance>
     <gpxdata:speed>8.372</gpxdata:speed>
    </extensions>
   </trkpt>
   <trkpt lat="47.5050857" lon="6.8006559">
    <ele>347</ele>
    <time>2026-06-09T16:26:17Z</time>
    <extensions>
     <gpxdata:distance>24762.00</gpxdata:distance>
     <gpxdata:speed>8.214</gpxdata:speed>
    </extensions>
   </trkpt>
   <trkpt lat="47.5050833" lon="6.8007601">
    <ele>347</ele>
    <time>2026-06-09T16:26:18Z</time>
    <extensions>
     <gpxdata:distance>24770.00</gpxdata:distance>
     <gpxdata:speed>8.214</gpxdata:speed>
    </extensions>
   </trkpt>
   <trkpt lat="47.5050803" lon="6.8008612">
    <ele>347</ele>
    <time>2026-06-09T16:26:19Z</time>
    <extensions>
     <gpxdata:distance>24777.50</gpxdata:distance>
     <gpxdata:speed>8.075</gpxdata:speed>
    </extensions>
   </trkpt>
   <trkpt lat="47.5050763" lon="6.8009589">
    <ele>347</ele>
    <time>2026-06-09T16:26:20Z</time>
    <extensions>
     <gpxdata:distance>24785.00</gpxdata:distance>
     <gpxdata:speed>7.906</gpxdata:speed>
    </extensions>
   </trkpt>
   <trkpt lat="47.5050709" lon="6.8010560">
    <ele>347</ele>
    <time>2026-06-09T16:26:21Z</time>
    <extensions>
     <gpxdata:distance>24796.00</gpxdata:distance>
     <gpxdata:speed>7.478</gpxdata:speed>
    </extensions>
   </trkpt>
   <trkpt lat="47.5050649" lon="6.8011538">
    <ele>347</ele>
    <time>2026-06-09T16:26:22Z</time>
    <extensions>
     <gpxdata:distance>24807.00</gpxdata:distance>
     <gpxdata:speed>7.422</gpxdata:speed>
    </extensions>
   </trkpt>
   <trkpt lat="47.5050592" lon="6.8012515">
    <ele>347</ele>
    <time>2026-06-09T16:26:23Z</time>
    <extensions>
     <gpxdata:distance>24810.50</gpxdata:distance>
     <gpxdata:speed>7.403</gpxdata:speed>
    </extensions>
   </trkpt>
   <trkpt lat="47.5050546" lon="6.8013494">
    <ele>347</ele>
    <time>2026-06-09T16:26:24Z</time>
    <extensions>
     <gpxdata:distance>24814.00</gpxdata:distance>
     <gpxdata:speed>7.403</gpxdata:speed>
    </extensions>
   </trkpt>
   <trkpt lat="47.5050504" lon="6.8014483">
    <ele>347</ele>
    <time>2026-06-09T16:26:25Z</time>
    <extensions>
     <gpxdata:distance>24825.50</gpxdata:distance>
     <gpxdata:speed>7.442</gpxdata:speed>
    </extensions>
   </trkpt>
   <trkpt lat="47.5050464" lon="6.8015478">
    <ele>347</ele>
    <time>2026-06-09T16:26:26Z</time>
    <extensions>
     <gpxdata:distance>24837.00</gpxdata:distance>
     <gpxdata:speed>7.481</gpxdata:speed>
    </extensions>
   </trkpt>
   <trkpt lat="47.5050439" lon="6.8016463">
    <ele>347</ele>
    <time>2026-06-09T16:26:27Z</time>
    <extensions>
     <gpxdata:distance>24844.00</gpxdata:distance>
     <gpxdata:speed>7.481</gpxdata:speed>
    </extensions>
   </trkpt>
   <trkpt lat="47.5050424" lon="6.8017446">
    <ele>347</ele>
    <time>2026-06-09T16:26:28Z</time>
    <extensions>
     <gpxdata:distance>24851.00</gpxdata:distance>
     <gpxdata:speed>7.400</gpxdata:speed>
    </extensions>
   </trkpt>
   <trkpt lat="47.5050407" lon="6.8018432">
    <ele>348</ele>
    <time>2026-06-09T16:26:29Z</time>
    <extensions>
     <gpxdata:distance>24855.00</gpxdata:distance>
     <gpxdata:speed>7.411</gpxdata:speed>
    </extensions>
   </trkpt>
   <trkpt lat="47.5050374" lon="6.8019416">
    <ele>348</ele>
    <time>2026-06-09T16:26:30Z</time>
    <extensions>
     <gpxdata:distance>24859.00</gpxdata:distance>
     <gpxdata:speed>7.411</gpxdata:speed>
    </extensions>
   </trkpt>
   <trkpt lat="47.5050327" lon="6.8020405">
    <ele>348</ele>
    <time>2026-06-09T16:26:31Z</time>
    <extensions>
     <gpxdata:distance>24870.00</gpxdata:distance>
     <gpxdata:speed>7.411</gpxdata:speed>
    </extensions>
   </trkpt>
   <trkpt lat="47.5050278" lon="6.8021398">
    <ele>348</ele>
    <time>2026-06-09T16:26:32Z</time>
    <extensions>
     <gpxdata:distance>24881.00</gpxdata:distance>
     <gpxdata:speed>7.450</gpxdata:speed>
    </extensions>
   </trkpt>
   <trkpt lat="47.5050231" lon="6.8022392">
    <ele>348</ele>
    <time>2026-06-09T16:26:33Z</time>
    <extensions>
     <gpxdata:distance>24885.00</gpxdata:distance>
     <gpxdata:speed>7.450</gpxdata:speed>
    </extensions>
   </trkpt>
   <trkpt lat="47.5050188" lon="6.8023389">
    <ele>348</ele>
    <time>2026-06-09T16:26:34Z</time>
    <extensions>
     <gpxdata:distance>24889.00</gpxdata:distance>
     <gpxdata:speed>7.464</gpxdata:speed>
    </extensions>
   </trkpt>
   <trkpt lat="47.5050149" lon="6.8024385">
    <ele>348</ele>
    <time>2026-06-09T16:26:35Z</time>
    <extensions>
     <gpxdata:distance>24896.50</gpxdata:distance>
     <gpxdata:speed>7.483</gpxdata:speed>
    </extensions>
   </trkpt>
   <trkpt lat="47.5050110" lon="6.8025376">
    <ele>348</ele>
    <time>2026-06-09T16:26:36Z</time>
    <extensions>
     <gpxdata:distance>24904.00</gpxdata:distance>
     <gpxdata:speed>7.483</gpxdata:speed>
    </extensions>
   </trkpt>
   <trkpt lat="47.5050064" lon="6.8026367">
    <ele>348</ele>
    <time>2026-06-09T16:26:37Z</time>
    <extensions>
     <gpxdata:distance>24911.00</gpxdata:distance>
     <gpxdata:speed>7.475</gpxdata:speed>
    </extensions>
   </trkpt>
   <trkpt lat="47.5050013" lon="6.8027357">
    <ele>348</ele>
    <time>2026-06-09T16:26:38Z</time>
    <extensions>
     <gpxdata:distance>24918.00</gpxdata:distance>
     <gpxdata:speed>7.472</gpxdata:speed>
    </extensions>
   </trkpt>
   <trkpt lat="47.5049975" lon="6.8028337">
    <ele>348</ele>
    <time>2026-06-09T16:26:39Z</time>
    <extensions>
     <gpxdata:distance>24925.50</gpxdata:distance>
     <gpxdata:speed>7.469</gpxdata:speed>
    </extensions>
   </trkpt>
   <trkpt lat="47.5049943" lon="6.8029301">
    <ele>348</ele>
    <time>2026-06-09T16:26:40Z</time>
    <extensions>
     <gpxdata:distance>24933.00</gpxdata:distance>
     <gpxdata:speed>7.433</gpxdata:speed>
    </extensions>
   </trkpt>
   <trkpt lat="47.5049909" lon="6.8030252">
    <ele>348</ele>
    <time>2026-06-09T16:26:41Z</time>
    <extensions>
     <gpxdata:distance>24940.50</gpxdata:distance>
     <gpxdata:speed>7.292</gpxdata:speed>
    </extensions>
   </trkpt>
   <trkpt lat="47.5049879" lon="6.8031189">
    <ele>348</ele>
    <time>2026-06-09T16:26:42Z</time>
    <extensions>
     <gpxdata:distance>24948.00</gpxdata:distance>
     <gpxdata:speed>7.292</gpxdata:speed>
    </extensions>
   </trkpt>
   <trkpt lat="47.5049865" lon="6.8032117">
    <ele>348</ele>
    <time>2026-06-09T16:26:43Z</time>
    <extensions>
     <gpxdata:distance>24958.00</gpxdata:distance>
     <gpxdata:speed>7.206</gpxdata:speed>
    </extensions>
   </trkpt>
   <trkpt lat="47.5049882" lon="6.8033031">
    <ele>347</ele>
    <time>2026-06-09T16:26:44Z</time>
    <extensions>
     <gpxdata:distance>24968.00</gpxdata:distance>
     <gpxdata:speed>7.036</gpxdata:speed>
    </extensions>
   </trkpt>
   <trkpt lat="47.5049948" lon="6.8033922">
    <ele>347</ele>
    <time>2026-06-09T16:26:45Z</time>
    <extensions>
     <gpxdata:distance>24971.50</gpxdata:distance>
     <gpxdata:speed>7.036</gpxdata:speed>
    </extensions>
   </trkpt>
   <trkpt lat="47.5050050" lon="6.8034788">
    <ele>347</ele>
    <time>2026-06-09T16:26:46Z</time>
    <extensions>
     <gpxdata:distance>24975.00</gpxdata:distance>
     <gpxdata:speed>6.897</gpxdata:speed>
    </extensions>
   </trkpt>
   <trkpt lat="47.5050147" lon="6.8035642">
    <ele>347</ele>
    <time>2026-06-09T16:26:47Z</time>
    <extensions>
     <gpxdata:distance>24981.50</gpxdata:distance>
     <gpxdata:speed>6.569</gpxdata:speed>
    </extensions>
   </trkpt>
   <trkpt lat="47.5050212" lon="6.8036492">
    <ele>347</ele>
    <time>2026-06-09T16:26:48Z</time>
    <extensions>
     <gpxdata:distance>24988.00</gpxdata:distance>
     <gpxdata:speed>6.569</gpxdata:speed>
    </extensions>
   </trkpt>
   <trkpt lat="47.5050243" lon="6.8037331">
    <ele>347</ele>
    <time>2026-06-09T16:26:49Z</time>
    <extensions>
     <gpxdata:distance>24994.50</gpxdata:distance>
     <gpxdata:speed>6.494</gpxdata:speed>
    </extensions>
   </trkpt>
   <trkpt lat="47.5050240" lon="6.8038161">
    <ele>347</ele>
    <time>2026-06-09T16:26:50Z</time>
    <extensions>
     <gpxdata:distance>25001.00</gpxdata:distance>
     <gpxdata:speed>6.369</gpxdata:speed>
    </extensions>
   </trkpt>
   <trkpt lat="47.5050208" lon="6.8038977">
    <ele>347</ele>
    <time>2026-06-09T16:26:51Z</time>
    <extensions>
     <gpxdata:distance>25007.00</gpxdata:distance>
     <gpxdata:speed>6.289</gpxdata:speed>
    </extensions>
   </trkpt>
   <trkpt lat="47.5050181" lon="6.8039785">
    <ele>347</ele>
    <time>2026-06-09T16:26:52Z</time>
    <extensions>
     <gpxdata:distance>25013.00</gpxdata:distance>
     <gpxdata:speed>6.189</gpxdata:speed>
    </extensions>
   </trkpt>
   <trkpt lat="47.5050206" lon="6.8040579">
    <ele>347</ele>
    <time>2026-06-09T16:26:53Z</time>
    <extensions>
     <gpxdata:distance>25019.00</gpxdata:distance>
     <gpxdata:speed>6.117</gpxdata:speed>
    </extensions>
   </trkpt>
   <trkpt lat="47.5050320" lon="6.8041325">
    <ele>347</ele>
    <time>2026-06-09T16:26:54Z</time>
    <extensions>
     <gpxdata:distance>25025.00</gpxdata:distance>
     <gpxdata:speed>6.042</gpxdata:speed>
    </extensions>
   </trkpt>
   <trkpt lat="47.5050484" lon="6.8041782">
    <ele>347</ele>
    <time>2026-06-09T16:26:55Z</time>
    <extensions>
     <gpxdata:distance>25030.50</gpxdata:distance>
     <gpxdata:speed>5.861</gpxdata:speed>
    </extensions>
   </trkpt>
   <trkpt lat="47.5050767" lon="6.8042251">
    <ele>347</ele>
    <time>2026-06-09T16:26:56Z</time>
    <extensions>
     <gpxdata:distance>25036.00</gpxdata:distance>
     <gpxdata:speed>5.583</gpxdata:speed>
    </extensions>
   </trkpt>
   <trkpt lat="47.5051094" lon="6.8042654">
    <ele>347</ele>
    <time>2026-06-09T16:26:57Z</time>
    <extensions>
     <gpxdata:distance>25042.50</gpxdata:distance>
     <gpxdata:speed>5.306</gpxdata:speed>
    </extensions>
   </trkpt>
   <trkpt lat="47.5051406" lon="6.8043026">
    <ele>347</ele>
    <time>2026-06-09T16:26:58Z</time>
    <extensions>
     <gpxdata:distance>25049.00</gpxdata:distance>
     <gpxdata:speed>4.453</gpxdata:speed>
    </extensions>
   </trkpt>
   <trkpt lat="47.5051683" lon="6.8043400">
    <ele>347</ele>
    <time>2026-06-09T16:26:59Z</time>
    <extensions>
     <gpxdata:distance>25051.00</gpxdata:distance>
     <gpxdata:speed>4.194</gpxdata:speed>
    </extensions>
   </trkpt>
   <trkpt lat="47.5051920" lon="6.8043782">
    <ele>347</ele>
    <time>2026-06-09T16:27:00Z</time>
    <extensions>
     <gpxdata:distance>25053.00</gpxdata:distance>
     <gpxdata:speed>4.194</gpxdata:speed>
    </extensions>
   </trkpt>
   <trkpt lat="47.5052140" lon="6.8044141">
    <ele>347</ele>
    <time>2026-06-09T16:27:01Z</time>
    <extensions>
     <gpxdata:distance>25056.50</gpxdata:distance>
     <gpxdata:speed>3.942</gpxdata:speed>
    </extensions>
   </trkpt>
   <trkpt lat="47.5052382" lon="6.8044421">
    <ele>347</ele>
    <time>2026-06-09T16:27:02Z</time>
    <extensions>
     <gpxdata:distance>25060.00</gpxdata:distance>
     <gpxdata:speed>3.661</gpxdata:speed>
    </extensions>
   </trkpt>
   <trkpt lat="47.5052654" lon="6.8044542">
    <ele>347</ele>
    <time>2026-06-09T16:27:03Z</time>
    <extensions>
     <gpxdata:distance>25063.00</gpxdata:distance>
     <gpxdata:speed>3.550</gpxdata:speed>
    </extensions>
   </trkpt>
   <trkpt lat="47.5052927" lon="6.8044438">
    <ele>347</ele>
    <time>2026-06-09T16:27:04Z</time>
    <extensions>
     <gpxdata:distance>25066.00</gpxdata:distance>
     <gpxdata:speed>3.531</gpxdata:speed>
    </extensions>
   </trkpt>
   <trkpt lat="47.5053136" lon="6.8044129">
    <ele>348</ele>
    <time>2026-06-09T16:27:05Z</time>
    <extensions>
     <gpxdata:distance>25071.50</gpxdata:distance>
     <gpxdata:speed>3.744</gpxdata:speed>
    </extensions>
   </trkpt>
   <trkpt lat="47.5053242" lon="6.8043674">
    <ele>348</ele>
    <time>2026-06-09T16:27:06Z</time>
    <extensions>
     <gpxdata:distance>25077.00</gpxdata:distance>
     <gpxdata:speed>4.033</gpxdata:speed>
    </extensions>
   </trkpt>
   <trkpt lat="47.5053264" lon="6.8043140">
    <ele>348</ele>
    <time>2026-06-09T16:27:07Z</time>
    <extensions>
     <gpxdata:distance>25081.50</gpxdata:distance>
     <gpxdata:speed>4.161</gpxdata:speed>
    </extensions>
   </trkpt>
   <trkpt lat="47.5053240" lon="6.8042579">
    <ele>348</ele>
    <time>2026-06-09T16:27:08Z</time>
    <extensions>
     <gpxdata:distance>25086.00</gpxdata:distance>
     <gpxdata:speed>4.183</gpxdata:speed>
    </extensions>
   </trkpt>
   <trkpt lat="47.5053231" lon="6.8042038">
    <ele>348</ele>
    <time>2026-06-09T16:27:09Z</time>
    <extensions>
     <gpxdata:distance>25087.50</gpxdata:distance>
     <gpxdata:speed>4.183</gpxdata:speed>
    </extensions>
   </trkpt>
   <trkpt lat="47.5053292" lon="6.8041598">
    <ele>348</ele>
    <time>2026-06-09T16:27:10Z</time>
    <extensions>
     <gpxdata:distance>25089.00</gpxdata:distance>
     <gpxdata:speed>3.992</gpxdata:speed>
    </extensions>
   </trkpt>
   <trkpt lat="47.5053427" lon="6.8041331">
    <ele>348</ele>
    <time>2026-06-09T16:27:11Z</time>
    <extensions>
     <gpxdata:distance>25091.50</gpxdata:distance>
     <gpxdata:speed>3.436</gpxdata:speed>
    </extensions>
   </trkpt>
   <trkpt lat="47.5053618" lon="6.8041260">
    <ele>349</ele>
    <time>2026-06-09T16:27:12Z</time>
    <extensions>
     <gpxdata:distance>25094.00</gpxdata:distance>
     <gpxdata:speed>3.103</gpxdata:speed>
    </extensions>
   </trkpt>
   <trkpt lat="47.5053726" lon="6.8041334">
    <ele>349</ele>
    <time>2026-06-09T16:27:13Z</time>
    <extensions>
     <gpxdata:distance>25096.50</gpxdata:distance>
     <gpxdata:speed>2.942</gpxdata:speed>
    </extensions>
   </trkpt>
   <trkpt lat="47.5053851" lon="6.8041538">
    <ele>349</ele>
    <time>2026-06-09T16:27:14Z</time>
    <extensions>
     <gpxdata:distance>25099.00</gpxdata:distance>
     <gpxdata:speed>2.942</gpxdata:speed>
    </extensions>
   </trkpt>
   <trkpt lat="47.5054000" lon="6.8042056">
    <ele>349</ele>
    <time>2026-06-09T16:27:15Z</time>
    <extensions>
     <gpxdata:distance>25102.00</gpxdata:distance>
     <gpxdata:speed>3.056</gpxdata:speed>
    </extensions>
   </trkpt>
   <trkpt lat="47.5054039" lon="6.8042517">
    <ele>349</ele>
    <time>2026-06-09T16:27:16Z</time>
    <extensions>
     <gpxdata:distance>25105.00</gpxdata:distance>
     <gpxdata:speed>3.208</gpxdata:speed>
    </extensions>
   </trkpt>
   <trkpt lat="47.5054022" lon="6.8042986">
    <ele>350</ele>
    <time>2026-06-09T16:27:17Z</time>
    <extensions>
     <gpxdata:distance>25110.00</gpxdata:distance>
     <gpxdata:speed>3.444</gpxdata:speed>
    </extensions>
   </trkpt>
   <trkpt lat="47.5053974" lon="6.8043457">
    <ele>350</ele>
    <time>2026-06-09T16:27:18Z</time>
    <extensions>
     <gpxdata:distance>25115.00</gpxdata:distance>
     <gpxdata:speed>3.492</gpxdata:speed>
    </extensions>
   </trkpt>
   <trkpt lat="47.5053922" lon="6.8043924">
    <ele>350</ele>
    <time>2026-06-09T16:27:19Z</time>
    <extensions>
     <gpxdata:distance>25118.50</gpxdata:distance>
     <gpxdata:speed>3.497</gpxdata:speed>
    </extensions>
   </trkpt>
   <trkpt lat="47.5053874" lon="6.8044390">
    <ele>350</ele>
    <time>2026-06-09T16:27:20Z</time>
    <extensions>
     <gpxdata:distance>25122.00</gpxdata:distance>
     <gpxdata:speed>3.506</gpxdata:speed>
    </extensions>
   </trkpt>
   <trkpt lat="47.5053831" lon="6.8044836">
    <ele>350</ele>
    <time>2026-06-09T16:27:21Z</time>
    <extensions>
     <gpxdata:distance>25123.50</gpxdata:distance>
     <gpxdata:speed>3.506</gpxdata:speed>
    </extensions>
   </trkpt>
   <trkpt lat="47.5053791" lon="6.8045217">
    <ele>350</ele>
    <time>2026-06-09T16:27:22Z</time>
    <extensions>
     <gpxdata:distance>25125.00</gpxdata:distance>
     <gpxdata:speed>3.444</gpxdata:speed>
    </extensions>
   </trkpt>
   <trkpt lat="47.5054478" lon="6.8046288">
    <ele>352</ele>
    <time>2026-06-09T16:27:37Z</time>
    <extensions>
     <gpxdata:distance>25148.00</gpxdata:distance>
     <gpxdata:speed>2.714</gpxdata:speed>
    </extensions>
   </trkpt>
   <trkpt lat="47.5054951" lon="6.8046392">
    <ele>352</ele>
    <time>2026-06-09T16:27:38Z</time>
    <extensions>
     <gpxdata:distance>25148.00</gpxdata:distance>
     <gpxdata:speed>3.606</gpxdata:speed>
    </extensions>
   </trkpt>
   <trkpt lat="47.5055305" lon="6.8046428">
    <ele>352</ele>
    <time>2026-06-09T16:27:39Z</time>
    <extensions>
     <gpxdata:distance>25149.50</gpxdata:distance>
     <gpxdata:speed>3.606</gpxdata:speed>
    </extensions>
   </trkpt>
   <trkpt lat="47.5055630" lon="6.8046423">
    <ele>352</ele>
    <time>2026-06-09T16:27:40Z</time>
    <extensions>
     <gpxdata:distance>25151.00</gpxdata:distance>
     <gpxdata:speed>3.644</gpxdata:speed>
    </extensions>
   </trkpt>
   <trkpt lat="47.5055936" lon="6.8046399">
    <ele>352</ele>
    <time>2026-06-09T16:27:41Z</time>
    <extensions>
     <gpxdata:distance>25154.50</gpxdata:distance>
     <gpxdata:speed>3.406</gpxdata:speed>
    </extensions>
   </trkpt>
   <trkpt lat="47.5056222" lon="6.8046387">
    <ele>352</ele>
    <time>2026-06-09T16:27:42Z</time>
    <extensions>
     <gpxdata:distance>25158.00</gpxdata:distance>
     <gpxdata:speed>3.406</gpxdata:speed>
    </extensions>
   </trkpt>
   <trkpt lat="47.5056476" lon="6.8046400">
    <ele>352</ele>
    <time>2026-06-09T16:27:43Z</time>
    <extensions>
     <gpxdata:distance>25160.50</gpxdata:distance>
     <gpxdata:speed>3.003</gpxdata:speed>
    </extensions>
   </trkpt>
   <trkpt lat="47.5056684" lon="6.8046464">
    <ele>352</ele>
    <time>2026-06-09T16:27:44Z</time>
    <extensions>
     <gpxdata:distance>25163.00</gpxdata:distance>
     <gpxdata:speed>3.003</gpxdata:speed>
    </extensions>
   </trkpt>
   <trkpt lat="47.5057713" lon="6.8047591">
    <ele>352</ele>
    <time>2026-06-09T16:28:00Z</time>
    <extensions>
     <gpxdata:distance>25181.00</gpxdata:distance>
     <gpxdata:speed>1.972</gpxdata:speed>
    </extensions>
   </trkpt>
   <trkpt lat="47.5057859" lon="6.8047717">
    <ele>352</ele>
    <time>2026-06-09T16:28:01Z</time>
    <extensions>
     <gpxdata:distance>25181.00</gpxdata:distance>
     <gpxdata:speed>1.972</gpxdata:speed>
    </extensions>
   </trkpt>
   <trkpt lat="47.5058091" lon="6.8047861">
    <ele>351</ele>
    <time>2026-06-09T16:28:02Z</time>
    <extensions>
     <gpxdata:distance>25183.50</gpxdata:distance>
     <gpxdata:speed>2.339</gpxdata:speed>
    </extensions>
   </trkpt>
   <trkpt lat="47.5058318" lon="6.8047933">
    <ele>351</ele>
    <time>2026-06-09T16:28:03Z</time>
    <extensions>
     <gpxdata:distance>25186.00</gpxdata:distance>
     <gpxdata:speed>2.339</gpxdata:speed>
    </extensions>
   </trkpt>
   <trkpt lat="47.5058567" lon="6.8047946">
    <ele>351</ele>
    <time>2026-06-09T16:28:04Z</time>
    <extensions>
     <gpxdata:distance>25191.50</gpxdata:distance>
     <gpxdata:speed>3.058</gpxdata:speed>
    </extensions>
   </trkpt>
   <trkpt lat="47.5059029" lon="6.8047890">
    <ele>351</ele>
    <time>2026-06-09T16:28:05Z</time>
    <extensions>
     <gpxdata:distance>25197.00</gpxdata:distance>
     <gpxdata:speed>3.581</gpxdata:speed>
    </extensions>
   </trkpt>
   <trkpt lat="47.5059410" lon="6.8047797">
    <ele>351</ele>
    <time>2026-06-09T16:28:06Z</time>
    <extensions>
     <gpxdata:distance>25201.50</gpxdata:distance>
     <gpxdata:speed>4.100</gpxdata:speed>
    </extensions>
   </trkpt>
   <trkpt lat="47.5059811" lon="6.8047678">
    <ele>351</ele>
    <time>2026-06-09T16:28:07Z</time>
    <extensions>
     <gpxdata:distance>25206.00</gpxdata:distance>
     <gpxdata:speed>4.556</gpxdata:speed>
    </extensions>
   </trkpt>
   <trkpt lat="47.5060246" lon="6.8047539">
    <ele>351</ele>
    <time>2026-06-09T16:28:08Z</time>
    <extensions>
     <gpxdata:distance>25209.00</gpxdata:distance>
     <gpxdata:speed>4.981</gpxdata:speed>
    </extensions>
   </trkpt>
   <trkpt lat="47.5060716" lon="6.8047379">
    <ele>351</ele>
    <time>2026-06-09T16:28:09Z</time>
    <extensions>
     <gpxdata:distance>25212.00</gpxdata:distance>
     <gpxdata:speed>4.981</gpxdata:speed>
    </extensions>
   </trkpt>
   <trkpt lat="47.5061208" lon="6.8047207">
    <ele>351</ele>
    <time>2026-06-09T16:28:10Z</time>
    <extensions>
     <gpxdata:distance>25220.50</gpxdata:distance>
     <gpxdata:speed>5.583</gpxdata:speed>
    </extensions>
   </trkpt>
   <trkpt lat="47.5061711" lon="6.8047027">
    <ele>351</ele>
    <time>2026-06-09T16:28:11Z</time>
    <extensions>
     <gpxdata:distance>25229.00</gpxdata:distance>
     <gpxdata:speed>5.703</gpxdata:speed>
    </extensions>
   </trkpt>
   <trkpt lat="47.5062209" lon="6.8046840">
    <ele>351</ele>
    <time>2026-06-09T16:28:12Z</time>
    <extensions>
     <gpxdata:distance>25234.50</gpxdata:distance>
     <gpxdata:speed>5.656</gpxdata:speed>
    </extensions>
   </trkpt>
   <trkpt lat="47.5062700" lon="6.8046654">
    <ele>351</ele>
    <time>2026-06-09T16:28:13Z</time>
    <extensions>
     <gpxdata:distance>25240.00</gpxdata:distance>
     <gpxdata:speed>5.594</gpxdata:speed>
    </extensions>
   </trkpt>
   <trkpt lat="47.5063187" lon="6.8046463">
    <ele>351</ele>
    <time>2026-06-09T16:28:14Z</time>
    <extensions>
     <gpxdata:distance>25243.00</gpxdata:distance>
     <gpxdata:speed>5.614</gpxdata:speed>
    </extensions>
   </trkpt>
   <trkpt lat="47.5063677" lon="6.8046255">
    <ele>351</ele>
    <time>2026-06-09T16:28:15Z</time>
    <extensions>
     <gpxdata:distance>25246.00</gpxdata:distance>
     <gpxdata:speed>5.614</gpxdata:speed>
    </extensions>
   </trkpt>
   <trkpt lat="47.5064172" lon="6.8046034">
    <ele>351</ele>
    <time>2026-06-09T16:28:16Z</time>
    <extensions>
     <gpxdata:distance>25254.50</gpxdata:distance>
     <gpxdata:speed>5.772</gpxdata:speed>
    </extensions>
   </trkpt>
   <trkpt lat="47.5064671" lon="6.8045804">
    <ele>351</ele>
    <time>2026-06-09T16:28:17Z</time>
    <extensions>
     <gpxdata:distance>25263.00</gpxdata:distance>
     <gpxdata:speed>5.822</gpxdata:speed>
    </extensions>
   </trkpt>
   <trkpt lat="47.5065161" lon="6.8045572">
    <ele>351</ele>
    <time>2026-06-09T16:28:18Z</time>
    <extensions>
     <gpxdata:distance>25268.00</gpxdata:distance>
     <gpxdata:speed>5.758</gpxdata:speed>
    </extensions>
   </trkpt>
   <trkpt lat="47.5065618" lon="6.8045347">
    <ele>351</ele>
    <time>2026-06-09T16:28:19Z</time>
    <extensions>
     <gpxdata:distance>25273.00</gpxdata:distance>
     <gpxdata:speed>5.289</gpxdata:speed>
    </extensions>
   </trkpt>
   <trkpt lat="47.5066028" lon="6.8045132">
    <ele>351</ele>
    <time>2026-06-09T16:28:20Z</time>
    <extensions>
     <gpxdata:distance>25277.50</gpxdata:distance>
     <gpxdata:speed>4.794</gpxdata:speed>
    </extensions>
   </trkpt>
   <trkpt lat="47.5066402" lon="6.8044902">
    <ele>351</ele>
    <time>2026-06-09T16:28:21Z</time>
    <extensions>
     <gpxdata:distance>25282.00</gpxdata:distance>
     <gpxdata:speed>4.544</gpxdata:speed>
    </extensions>
   </trkpt>
   <trkpt lat="47.5066779" lon="6.8044620">
    <ele>351</ele>
    <time>2026-06-09T16:28:22Z</time>
    <extensions>
     <gpxdata:distance>25284.50</gpxdata:distance>
     <gpxdata:speed>4.544</gpxdata:speed>
    </extensions>
   </trkpt>
   <trkpt lat="47.5067206" lon="6.8044253">
    <ele>351</ele>
    <time>2026-06-09T16:28:23Z</time>
    <extensions>
     <gpxdata:distance>25287.00</gpxdata:distance>
     <gpxdata:speed>4.725</gpxdata:speed>
    </extensions>
   </trkpt>
   <trkpt lat="47.5067698" lon="6.8043813">
    <ele>351</ele>
    <time>2026-06-09T16:28:24Z</time>
    <extensions>
     <gpxdata:distance>25298.00</gpxdata:distance>
     <gpxdata:speed>6.486</gpxdata:speed>
    </extensions>
   </trkpt>
   <trkpt lat="47.5068432" lon="6.8043165">
    <ele>350</ele>
    <time>2026-06-09T16:28:25Z</time>
    <extensions>
     <gpxdata:distance>25309.00</gpxdata:distance>
     <gpxdata:speed>7.131</gpxdata:speed>
    </extensions>
   </trkpt>
   <trkpt lat="47.5069076" lon="6.8042640">
    <ele>350</ele>
    <time>2026-06-09T16:28:26Z</time>
    <extensions>
     <gpxdata:distance>25317.00</gpxdata:distance>
     <gpxdata:speed>7.489</gpxdata:speed>
    </extensions>
   </trkpt>
   <trkpt lat="47.5069728" lon="6.8042153">
    <ele>349</ele>
    <time>2026-06-09T16:28:27Z</time>
    <extensions>
     <gpxdata:distance>25325.00</gpxdata:distance>
     <gpxdata:speed>7.686</gpxdata:speed>
    </extensions>
   </trkpt>
   <trkpt lat="47.5070376" lon="6.8041681">
    <ele>349</ele>
    <time>2026-06-09T16:28:28Z</time>
    <extensions>
     <gpxdata:distance>25332.50</gpxdata:distance>
     <gpxdata:speed>7.778</gpxdata:speed>
    </extensions>
   </trkpt>
   <trkpt lat="47.5070991" lon="6.8041226">
    <ele>348</ele>
    <time>2026-06-09T16:28:29Z</time>
    <extensions>
     <gpxdata:distance>25340.00</gpxdata:distance>
     <gpxdata:speed>7.711</gpxdata:speed>
    </extensions>
   </trkpt>
   <trkpt lat="47.5071572" lon="6.8040790">
    <ele>348</ele>
    <time>2026-06-09T16:28:30Z</time>
    <extensions>
     <gpxdata:distance>25343.50</gpxdata:distance>
     <gpxdata:speed>7.711</gpxdata:speed>
    </extensions>
   </trkpt>
   <trkpt lat="47.5072122" lon="6.8040376">
    <ele>348</ele>
    <time>2026-06-09T16:28:31Z</time>
    <extensions>
     <gpxdata:distance>25347.00</gpxdata:distance>
     <gpxdata:speed>7.253</gpxdata:speed>
    </extensions>
   </trkpt>
   <trkpt lat="47.5072635" lon="6.8039983">
    <ele>348</ele>
    <time>2026-06-09T16:28:32Z</time>
    <extensions>
     <gpxdata:distance>25353.50</gpxdata:distance>
     <gpxdata:speed>6.733</gpxdata:speed>
    </extensions>
   </trkpt>
   <trkpt lat="47.5073111" lon="6.8039619">
    <ele>348</ele>
    <time>2026-06-09T16:28:33Z</time>
    <extensions>
     <gpxdata:distance>25360.00</gpxdata:distance>
     <gpxdata:speed>6.733</gpxdata:speed>
    </extensions>
   </trkpt>
   <trkpt lat="47.5073560" lon="6.8039280">
    <ele>347</ele>
    <time>2026-06-09T16:28:34Z</time>
    <extensions>
     <gpxdata:distance>25368.50</gpxdata:distance>
     <gpxdata:speed>5.803</gpxdata:speed>
    </extensions>
   </trkpt>
   <trkpt lat="47.5073882" lon="6.8039040">
    <ele>347</ele>
    <time>2026-06-09T16:28:35Z</time>
    <extensions>
     <gpxdata:distance>25377.00</gpxdata:distance>
     <gpxdata:speed>5.711</gpxdata:speed>
    </extensions>
   </trkpt>
   <trkpt lat="47.5074287" lon="6.8038733">
    <ele>347</ele>
    <time>2026-06-09T16:28:36Z</time>
    <extensions>
     <gpxdata:distance>25382.00</gpxdata:distance>
     <gpxdata:speed>5.711</gpxdata:speed>
    </extensions>
   </trkpt>
   <trkpt lat="47.5074694" lon="6.8038410">
    <ele>347</ele>
    <time>2026-06-09T16:28:37Z</time>
    <extensions>
     <gpxdata:distance>25387.00</gpxdata:distance>
     <gpxdata:speed>5.261</gpxdata:speed>
    </extensions>
   </trkpt>
   <trkpt lat="47.5075076" lon="6.8038095">
    <ele>347</ele>
    <time>2026-06-09T16:28:38Z</time>
    <extensions>
     <gpxdata:distance>25389.50</gpxdata:distance>
     <gpxdata:speed>4.894</gpxdata:speed>
    </extensions>
   </trkpt>
   <trkpt lat="47.5075431" lon="6.8037797">
    <ele>347</ele>
    <time>2026-06-09T16:28:39Z</time>
    <extensions>
     <gpxdata:distance>25392.00</gpxdata:distance>
     <gpxdata:speed>4.894</gpxdata:speed>
    </extensions>
   </trkpt>
   <trkpt lat="47.5075766" lon="6.8037528">
    <ele>347</ele>
    <time>2026-06-09T16:28:40Z</time>
    <extensions>
     <gpxdata:distance>25398.00</gpxdata:distance>
     <gpxdata:speed>4.550</gpxdata:speed>
    </extensions>
   </trkpt>
   <trkpt lat="47.5076091" lon="6.8037296">
    <ele>347</ele>
    <time>2026-06-09T16:28:41Z</time>
    <extensions>
     <gpxdata:distance>25404.00</gpxdata:distance>
     <gpxdata:speed>4.056</gpxdata:speed>
    </extensions>
   </trkpt>
   <trkpt lat="47.5076413" lon="6.8037092">
    <ele>347</ele>
    <time>2026-06-09T16:28:42Z</time>
    <extensions>
     <gpxdata:distance>25407.50</gpxdata:distance>
     <gpxdata:speed>3.956</gpxdata:speed>
    </extensions>
   </trkpt>
   <trkpt lat="47.5076733" lon="6.8036890">
    <ele>347</ele>
    <time>2026-06-09T16:28:43Z</time>
    <extensions>
     <gpxdata:distance>25411.00</gpxdata:distance>
     <gpxdata:speed>3.928</gpxdata:speed>
    </extensions>
   </trkpt>
   <trkpt lat="47.5077057" lon="6.8036675">
    <ele>347</ele>
    <time>2026-06-09T16:28:44Z</time>
    <extensions>
     <gpxdata:distance>25413.50</gpxdata:distance>
     <gpxdata:speed>3.997</gpxdata:speed>
    </extensions>
   </trkpt>
   <trkpt lat="47.5077387" lon="6.8036431">
    <ele>347</ele>
    <time>2026-06-09T16:28:45Z</time>
    <extensions>
     <gpxdata:distance>25416.00</gpxdata:distance>
     <gpxdata:speed>3.997</gpxdata:speed>
    </extensions>
   </trkpt>
   <trkpt lat="47.5077740" lon="6.8036150">
    <ele>347</ele>
    <time>2026-06-09T16:28:46Z</time>
    <extensions>
     <gpxdata:distance>25420.50</gpxdata:distance>
     <gpxdata:speed>4.281</gpxdata:speed>
    </extensions>
   </trkpt>
   <trkpt lat="47.5078130" lon="6.8035838">
    <ele>347</ele>
    <time>2026-06-09T16:28:47Z</time>
    <extensions>
     <gpxdata:distance>25425.00</gpxdata:distance>
     <gpxdata:speed>4.281</gpxdata:speed>
    </extensions>
   </trkpt>
   <trkpt lat="47.5078546" lon="6.8035501">
    <ele>347</ele>
    <time>2026-06-09T16:28:48Z</time>
    <extensions>
     <gpxdata:distance>25430.50</gpxdata:distance>
     <gpxdata:speed>4.947</gpxdata:speed>
    </extensions>
   </trkpt>
   <trkpt lat="47.5078985" lon="6.8035159">
    <ele>347</ele>
    <time>2026-06-09T16:28:49Z</time>
    <extensions>
     <gpxdata:distance>25436.00</gpxdata:distance>
     <gpxdata:speed>5.261</gpxdata:speed>
    </extensions>
   </trkpt>
   <trkpt lat="47.5079432" lon="6.8034811">
    <ele>347</ele>
    <time>2026-06-09T16:28:50Z</time>
    <extensions>
     <gpxdata:distance>25441.50</gpxdata:distance>
     <gpxdata:speed>5.567</gpxdata:speed>
    </extensions>
   </trkpt>
   <trkpt lat="47.5079866" lon="6.8034470">
    <ele>347</ele>
    <time>2026-06-09T16:28:51Z</time>
    <extensions>
     <gpxdata:distance>25447.00</gpxdata:distance>
     <gpxdata:speed>5.567</gpxdata:speed>
    </extensions>
   </trkpt>
   <trkpt lat="47.5080285" lon="6.8034157">
    <ele>347</ele>
    <time>2026-06-09T16:28:52Z</time>
    <extensions>
     <gpxdata:distance>25452.00</gpxdata:distance>
     <gpxdata:speed>5.369</gpxdata:speed>
    </extensions>
   </trkpt>
   <trkpt lat="47.5080702" lon="6.8033867">
    <ele>347</ele>
    <time>2026-06-09T16:28:53Z</time>
    <extensions>
     <gpxdata:distance>25457.00</gpxdata:distance>
     <gpxdata:speed>5.142</gpxdata:speed>
    </extensions>
   </trkpt>
   <trkpt lat="47.5081124" lon="6.8033593">
    <ele>347</ele>
    <time>2026-06-09T16:28:54Z</time>
    <extensions>
     <gpxdata:distance>25462.50</gpxdata:distance>
     <gpxdata:speed>5.158</gpxdata:speed>
    </extensions>
   </trkpt>
   <trkpt lat="47.5081536" lon="6.8033349">
    <ele>347</ele>
    <time>2026-06-09T16:28:55Z</time>
    <extensions>
     <gpxdata:distance>25468.00</gpxdata:distance>
     <gpxdata:speed>5.158</gpxdata:speed>
    </extensions>
   </trkpt>
   <trkpt lat="47.5081924" lon="6.8033133">
    <ele>347</ele>
    <time>2026-06-09T16:28:56Z</time>
    <extensions>
     <gpxdata:distance>25472.00</gpxdata:distance>
     <gpxdata:speed>4.936</gpxdata:speed>
    </extensions>
   </trkpt>
   <trkpt lat="47.5082260" lon="6.8032933">
    <ele>347</ele>
    <time>2026-06-09T16:28:57Z</time>
    <extensions>
     <gpxdata:distance>25476.00</gpxdata:distance>
     <gpxdata:speed>4.586</gpxdata:speed>
    </extensions>
   </trkpt>
   <trkpt lat="47.5082544" lon="6.8032722">
    <ele>348</ele>
    <time>2026-06-09T16:28:58Z</time>
    <extensions>
     <gpxdata:distance>25481.00</gpxdata:distance>
     <gpxdata:speed>3.561</gpxdata:speed>
    </extensions>
   </trkpt>
   <trkpt lat="47.5082793" lon="6.8032495">
    <ele>348</ele>
    <time>2026-06-09T16:28:59Z</time>
    <extensions>
     <gpxdata:distance>25486.00</gpxdata:distance>
     <gpxdata:speed>3.331</gpxdata:speed>
    </extensions>
   </trkpt>
   <trkpt lat="47.5083027" lon="6.8032267">
    <ele>348</ele>
    <time>2026-06-09T16:29:00Z</time>
    <extensions>
     <gpxdata:distance>25487.50</gpxdata:distance>
     <gpxdata:speed>3.331</gpxdata:speed>
    </extensions>
   </trkpt>
   <trkpt lat="47.5083267" lon="6.8032051">
    <ele>348</ele>
    <time>2026-06-09T16:29:01Z</time>
    <extensions>
     <gpxdata:distance>25489.00</gpxdata:distance>
     <gpxdata:speed>3.194</gpxdata:speed>
    </extensions>
   </trkpt>
   <trkpt lat="47.5083514" lon="6.8031843">
    <ele>349</ele>
    <time>2026-06-09T16:29:02Z</time>
    <extensions>
     <gpxdata:distance>25492.00</gpxdata:distance>
     <gpxdata:speed>3.225</gpxdata:speed>
    </extensions>
   </trkpt>
   <trkpt lat="47.5083765" lon="6.8031646">
    <ele>349</ele>
    <time>2026-06-09T16:29:03Z</time>
    <extensions>
     <gpxdata:distance>25495.00</gpxdata:distance>
     <gpxdata:speed>3.225</gpxdata:speed>
    </extensions>
   </trkpt>
   <trkpt lat="47.5083999" lon="6.8031461">
    <ele>349</ele>
    <time>2026-06-09T16:29:04Z</time>
    <extensions>
     <gpxdata:distance>25499.50</gpxdata:distance>
     <gpxdata:speed>3.169</gpxdata:speed>
    </extensions>
   </trkpt>
   <trkpt lat="47.5084123" lon="6.8031368">
    <ele>349</ele>
    <time>2026-06-09T16:29:05Z</time>
    <extensions>
     <gpxdata:distance>25504.00</gpxdata:distance>
     <gpxdata:speed>2.658</gpxdata:speed>
    </extensions>
   </trkpt>
   <trkpt lat="47.5084281" lon="6.8031277">
    <ele>349</ele>
    <time>2026-06-09T16:29:06Z</time>
    <extensions>
     <gpxdata:distance>25504.50</gpxdata:distance>
     <gpxdata:speed>2.658</gpxdata:speed>
    </extensions>
   </trkpt>
   <trkpt lat="47.5084449" lon="6.8031227">
    <ele>349</ele>
    <time>2026-06-09T16:29:07Z</time>
    <extensions>
     <gpxdata:distance>25505.00</gpxdata:distance>
     <gpxdata:speed>2.333</gpxdata:speed>
    </extensions>
   </trkpt>
   <trkpt lat="47.5084612" lon="6.8031212">
    <ele>349</ele>
    <time>2026-06-09T16:29:08Z</time>
    <extensions>
     <gpxdata:distance>25507.00</gpxdata:distance>
     <gpxdata:speed>2.069</gpxdata:speed>
    </extensions>
   </trkpt>
   <trkpt lat="47.5084727" lon="6.8031214">
    <ele>349</ele>
    <time>2026-06-09T16:29:09Z</time>
    <extensions>
     <gpxdata:distance>25509.00</gpxdata:distance>
     <gpxdata:speed>1.872</gpxdata:speed>
    </extensions>
   </trkpt>
   <trkpt lat="47.5084861" lon="6.8031208">
    <ele>349</ele>
    <time>2026-06-09T16:29:10Z</time>
    <extensions>
     <gpxdata:distance>25511.50</gpxdata:distance>
     <gpxdata:speed>1.783</gpxdata:speed>
    </extensions>
   </trkpt>
   <trkpt lat="47.5085008" lon="6.8031175">
    <ele>350</ele>
    <time>2026-06-09T16:29:11Z</time>
    <extensions>
     <gpxdata:distance>25514.00</gpxdata:distance>
     <gpxdata:speed>1.903</gpxdata:speed>
    </extensions>
   </trkpt>
   <trkpt lat="47.5085165" lon="6.8031113">
    <ele>350</ele>
    <time>2026-06-09T16:29:12Z</time>
    <extensions>
     <gpxdata:distance>25515.00</gpxdata:distance>
     <gpxdata:speed>2.008</gpxdata:speed>
    </extensions>
   </trkpt>
   <trkpt lat="47.5085381" lon="6.8030995">
    <ele>350</ele>
    <time>2026-06-09T16:29:13Z</time>
    <extensions>
     <gpxdata:distance>25516.00</gpxdata:distance>
     <gpxdata:speed>2.008</gpxdata:speed>
    </extensions>
   </trkpt>
   <trkpt lat="47.5085508" lon="6.8030915">
    <ele>350</ele>
    <time>2026-06-09T16:29:14Z</time>
    <extensions>
     <gpxdata:distance>25518.00</gpxdata:distance>
     <gpxdata:speed>1.867</gpxdata:speed>
    </extensions>
   </trkpt>
   <trkpt lat="47.5085631" lon="6.8030834">
    <ele>350</ele>
    <time>2026-06-09T16:29:15Z</time>
    <extensions>
     <gpxdata:distance>25520.00</gpxdata:distance>
     <gpxdata:speed>1.867</gpxdata:speed>
    </extensions>
   </trkpt>
   <trkpt lat="47.5086462" lon="6.8029657">
    <ele>349</ele>
    <time>2026-06-09T16:29:37Z</time>
    <extensions>
     <gpxdata:distance>25533.00</gpxdata:distance>
     <gpxdata:speed>1.233</gpxdata:speed>
    </extensions>
   </trkpt>
   <trkpt lat="47.5086542" lon="6.8029551">
    <ele>348</ele>
    <time>2026-06-09T16:29:38Z</time>
    <extensions>
     <gpxdata:distance>25533.00</gpxdata:distance>
     <gpxdata:speed>1.239</gpxdata:speed>
    </extensions>
   </trkpt>
   <trkpt lat="47.5086623" lon="6.8029459">
    <ele>348</ele>
    <time>2026-06-09T16:29:39Z</time>
    <extensions>
     <gpxdata:distance>25534.00</gpxdata:distance>
     <gpxdata:speed>1.219</gpxdata:speed>
    </extensions>
   </trkpt>
   <trkpt lat="47.5086643" lon="6.8029440">
    <ele>348</ele>
    <time>2026-06-09T16:29:40Z</time>
    <extensions>
     <gpxdata:distance>25535.00</gpxdata:distance>
     <gpxdata:speed>1.147</gpxdata:speed>
    </extensions>
   </trkpt>
   <trkpt lat="47.5086664" lon="6.8029421">
    <ele>347</ele>
    <time>2026-06-09T16:29:41Z</time>
    <extensions>
     <gpxdata:distance>25535.00</gpxdata:distance>
     <gpxdata:speed>1.147</gpxdata:speed>
    </extensions>
   </trkpt>
   <trkpt lat="47.5086684" lon="6.8029402">
    <ele>347</ele>
    <time>2026-06-09T16:29:42Z</time>
    <extensions>
     <gpxdata:distance>25535.00</gpxdata:distance>
     <gpxdata:speed>0.744</gpxdata:speed>
    </extensions>
   </trkpt>
   <trkpt lat="47.5086705" lon="6.8029383">
    <ele>347</ele>
    <time>2026-06-09T16:29:43Z</time>
    <extensions>
     <gpxdata:distance>25535.00</gpxdata:distance>
     <gpxdata:speed>0.647</gpxdata:speed>
    </extensions>
   </trkpt>
   <trkpt lat="47.5086778" lon="6.8029318">
    <ele>347</ele>
    <time>2026-06-09T16:29:44Z</time>
    <extensions>
     <gpxdata:distance>25535.00</gpxdata:distance>
     <gpxdata:speed>0.581</gpxdata:speed>
    </extensions>
   </trkpt>
   <trkpt lat="47.5086854" lon="6.8029253">
    <ele>347</ele>
    <time>2026-06-09T16:29:45Z</time>
    <extensions>
     <gpxdata:distance>25535.00</gpxdata:distance>
     <gpxdata:speed>0.564</gpxdata:speed>
    </extensions>
   </trkpt>
   <trkpt lat="47.5086955" lon="6.8029178">
    <ele>347</ele>
    <time>2026-06-09T16:29:46Z</time>
    <extensions>
     <gpxdata:distance>25535.00</gpxdata:distance>
     <gpxdata:speed>0.617</gpxdata:speed>
    </extensions>
   </trkpt>
   <trkpt lat="47.5087085" lon="6.8029090">
    <ele>347</ele>
    <time>2026-06-09T16:29:47Z</time>
    <extensions>
     <gpxdata:distance>25539.00</gpxdata:distance>
     <gpxdata:speed>0.958</gpxdata:speed>
    </extensions>
   </trkpt>
   <trkpt lat="47.5087240" lon="6.8028990">
    <ele>347</ele>
    <time>2026-06-09T16:29:48Z</time>
    <extensions>
     <gpxdata:distance>25543.00</gpxdata:distance>
     <gpxdata:speed>1.828</gpxdata:speed>
    </extensions>
   </trkpt>
   <trkpt lat="47.5087469" lon="6.8028849">
    <ele>347</ele>
    <time>2026-06-09T16:29:49Z</time>
    <extensions>
     <gpxdata:distance>25545.00</gpxdata:distance>
     <gpxdata:speed>2.136</gpxdata:speed>
    </extensions>
   </trkpt>
   <trkpt lat="47.5087668" lon="6.8028724">
    <ele>347</ele>
    <time>2026-06-09T16:29:50Z</time>
    <extensions>
     <gpxdata:distance>25547.00</gpxdata:distance>
     <gpxdata:speed>2.211</gpxdata:speed>
    </extensions>
   </trkpt>
   <trkpt lat="47.5087855" lon="6.8028601">
    <ele>347</ele>
    <time>2026-06-09T16:29:51Z</time>
    <extensions>
     <gpxdata:distance>25549.50</gpxdata:distance>
     <gpxdata:speed>2.217</gpxdata:speed>
    </extensions>
   </trkpt>
   <trkpt lat="47.5088037" lon="6.8028483">
    <ele>347</ele>
    <time>2026-06-09T16:29:52Z</time>
    <extensions>
     <gpxdata:distance>25552.00</gpxdata:distance>
     <gpxdata:speed>2.219</gpxdata:speed>
    </extensions>
   </trkpt>
   <trkpt lat="47.5088215" lon="6.8028368">
    <ele>347</ele>
    <time>2026-06-09T16:29:53Z</time>
    <extensions>
     <gpxdata:distance>25554.00</gpxdata:distance>
     <gpxdata:speed>2.197</gpxdata:speed>
    </extensions>
   </trkpt>
   <trkpt lat="47.5088382" lon="6.8028252">
    <ele>347</ele>
    <time>2026-06-09T16:29:54Z</time>
    <extensions>
     <gpxdata:distance>25556.00</gpxdata:distance>
     <gpxdata:speed>2.144</gpxdata:speed>
    </extensions>
   </trkpt>
   <trkpt lat="47.5088538" lon="6.8028130">
    <ele>347</ele>
    <time>2026-06-09T16:29:55Z</time>
    <extensions>
     <gpxdata:distance>25558.00</gpxdata:distance>
     <gpxdata:speed>2.017</gpxdata:speed>
    </extensions>
   </trkpt>
   <trkpt lat="47.5088643" lon="6.8028040">
    <ele>347</ele>
    <time>2026-06-09T16:29:56Z</time>
    <extensions>
     <gpxdata:distance>25560.00</gpxdata:distance>
     <gpxdata:speed>1.978</gpxdata:speed>
    </extensions>
   </trkpt>
   <trkpt lat="47.5088760" lon="6.8027934">
    <ele>347</ele>
    <time>2026-06-09T16:29:57Z</time>
    <extensions>
     <gpxdata:distance>25561.50</gpxdata:distance>
     <gpxdata:speed>1.911</gpxdata:speed>
    </extensions>
   </trkpt>
   <trkpt lat="47.5088880" lon="6.8027827">
    <ele>347</ele>
    <time>2026-06-09T16:29:58Z</time>
    <extensions>
     <gpxdata:distance>25563.00</gpxdata:distance>
     <gpxdata:speed>1.828</gpxdata:speed>
    </extensions>
   </trkpt>
   <trkpt lat="47.5088997" lon="6.8027724">
    <ele>347</ele>
    <time>2026-06-09T16:29:59Z</time>
    <extensions>
     <gpxdata:distance>25564.50</gpxdata:distance>
     <gpxdata:speed>1.719</gpxdata:speed>
    </extensions>
   </trkpt>
   <trkpt lat="47.5089115" lon="6.8027620">
    <ele>347</ele>
    <time>2026-06-09T16:30:00Z</time>
    <extensions>
     <gpxdata:distance>25566.00</gpxdata:distance>
     <gpxdata:speed>1.600</gpxdata:speed>
    </extensions>
   </trkpt>
   <trkpt lat="47.5089239" lon="6.8027513">
    <ele>347</ele>
    <time>2026-06-09T16:30:01Z</time>
    <extensions>
     <gpxdata:distance>25567.50</gpxdata:distance>
     <gpxdata:speed>1.558</gpxdata:speed>
    </extensions>
   </trkpt>
   <trkpt lat="47.5089371" lon="6.8027400">
    <ele>347</ele>
    <time>2026-06-09T16:30:02Z</time>
    <extensions>
     <gpxdata:distance>25569.00</gpxdata:distance>
     <gpxdata:speed>1.611</gpxdata:speed>
    </extensions>
   </trkpt>
   <trkpt lat="47.5089503" lon="6.8027281">
    <ele>347</ele>
    <time>2026-06-09T16:30:03Z</time>
    <extensions>
     <gpxdata:distance>25571.00</gpxdata:distance>
     <gpxdata:speed>1.681</gpxdata:speed>
    </extensions>
   </trkpt>
   <trkpt lat="47.5089631" lon="6.8027163">
    <ele>347</ele>
    <time>2026-06-09T16:30:04Z</time>
    <extensions>
     <gpxdata:distance>25573.00</gpxdata:distance>
     <gpxdata:speed>1.700</gpxdata:speed>
    </extensions>
   </trkpt>
   <trkpt lat="47.5089752" lon="6.8027052">
    <ele>347</ele>
    <time>2026-06-09T16:30:05Z</time>
    <extensions>
     <gpxdata:distance>25574.50</gpxdata:distance>
     <gpxdata:speed>1.667</gpxdata:speed>
    </extensions>
   </trkpt>
   <trkpt lat="47.5089867" lon="6.8026946">
    <ele>347</ele>
    <time>2026-06-09T16:30:06Z</time>
    <extensions>
     <gpxdata:distance>25576.00</gpxdata:distance>
     <gpxdata:speed>1.589</gpxdata:speed>
    </extensions>
   </trkpt>
   <trkpt lat="47.5089981" lon="6.8026837">
    <ele>347</ele>
    <time>2026-06-09T16:30:07Z</time>
    <extensions>
     <gpxdata:distance>25577.50</gpxdata:distance>
     <gpxdata:speed>1.506</gpxdata:speed>
    </extensions>
   </trkpt>
   <trkpt lat="47.5090097" lon="6.8026718">
    <ele>347</ele>
    <time>2026-06-09T16:30:08Z</time>
    <extensions>
     <gpxdata:distance>25579.00</gpxdata:distance>
     <gpxdata:speed>1.517</gpxdata:speed>
    </extensions>
   </trkpt>
   <trkpt lat="47.5090212" lon="6.8026595">
    <ele>347</ele>
    <time>2026-06-09T16:30:09Z</time>
    <extensions>
     <gpxdata:distance>25580.50</gpxdata:distance>
     <gpxdata:speed>1.567</gpxdata:speed>
    </extensions>
   </trkpt>
   <trkpt lat="47.5090324" lon="6.8026480">
    <ele>347</ele>
    <time>2026-06-09T16:30:10Z</time>
    <extensions>
     <gpxdata:distance>25582.00</gpxdata:distance>
     <gpxdata:speed>1.569</gpxdata:speed>
    </extensions>
   </trkpt>
   <trkpt lat="47.5090435" lon="6.8026372">
    <ele>347</ele>
    <time>2026-06-09T16:30:11Z</time>
    <extensions>
     <gpxdata:distance>25583.50</gpxdata:distance>
     <gpxdata:speed>1.483</gpxdata:speed>
    </extensions>
   </trkpt>
   <trkpt lat="47.5090551" lon="6.8026270">
    <ele>347</ele>
    <time>2026-06-09T16:30:12Z</time>
    <extensions>
     <gpxdata:distance>25585.00</gpxdata:distance>
     <gpxdata:speed>1.483</gpxdata:speed>
    </extensions>
   </trkpt>
   <trkpt lat="47.5090678" lon="6.8026181">
    <ele>347</ele>
    <time>2026-06-09T16:30:13Z</time>
    <extensions>
     <gpxdata:distance>25586.50</gpxdata:distance>
     <gpxdata:speed>1.497</gpxdata:speed>
    </extensions>
   </trkpt>
   <trkpt lat="47.5090824" lon="6.8026100">
    <ele>347</ele>
    <time>2026-06-09T16:30:14Z</time>
    <extensions>
     <gpxdata:distance>25588.00</gpxdata:distance>
     <gpxdata:speed>1.564</gpxdata:speed>
    </extensions>
   </trkpt>
   <trkpt lat="47.5090996" lon="6.8026010">
    <ele>347</ele>
    <time>2026-06-09T16:30:15Z</time>
    <extensions>
     <gpxdata:distance>25590.50</gpxdata:distance>
     <gpxdata:speed>1.936</gpxdata:speed>
    </extensions>
   </trkpt>
   <trkpt lat="47.5091255" lon="6.8025865">
    <ele>347</ele>
    <time>2026-06-09T16:30:16Z</time>
    <extensions>
     <gpxdata:distance>25593.00</gpxdata:distance>
     <gpxdata:speed>2.333</gpxdata:speed>
    </extensions>
   </trkpt>
   <trkpt lat="47.5091480" lon="6.8025723">
    <ele>347</ele>
    <time>2026-06-09T16:30:17Z</time>
    <extensions>
     <gpxdata:distance>25595.50</gpxdata:distance>
     <gpxdata:speed>2.561</gpxdata:speed>
    </extensions>
   </trkpt>
   <trkpt lat="47.5091686" lon="6.8025585">
    <ele>347</ele>
    <time>2026-06-09T16:30:18Z</time>
    <extensions>
     <gpxdata:distance>25598.00</gpxdata:distance>
     <gpxdata:speed>2.567</gpxdata:speed>
    </extensions>
   </trkpt>
   <trkpt lat="47.5091867" lon="6.8025442">
    <ele>347</ele>
    <time>2026-06-09T16:30:19Z</time>
    <extensions>
     <gpxdata:distance>25600.00</gpxdata:distance>
     <gpxdata:speed>2.439</gpxdata:speed>
    </extensions>
   </trkpt>
   <trkpt lat="47.5092010" lon="6.8025279">
    <ele>347</ele>
    <time>2026-06-09T16:30:20Z</time>
    <extensions>
     <gpxdata:distance>25602.00</gpxdata:distance>
     <gpxdata:speed>2.211</gpxdata:speed>
    </extensions>
   </trkpt>
   <trkpt lat="47.5092102" lon="6.8025093">
    <ele>348</ele>
    <time>2026-06-09T16:30:21Z</time>
    <extensions>
     <gpxdata:distance>25603.50</gpxdata:distance>
     <gpxdata:speed>2.033</gpxdata:speed>
    </extensions>
   </trkpt>
   <trkpt lat="47.5092129" lon="6.8024946">
    <ele>348</ele>
    <time>2026-06-09T16:30:22Z</time>
    <extensions>
     <gpxdata:distance>25605.00</gpxdata:distance>
     <gpxdata:speed>1.933</gpxdata:speed>
    </extensions>
   </trkpt>
   <trkpt lat="47.5092123" lon="6.8024771">
    <ele>348</ele>
    <time>2026-06-09T16:30:23Z</time>
    <extensions>
     <gpxdata:distance>25606.50</gpxdata:distance>
     <gpxdata:speed>1.900</gpxdata:speed>
    </extensions>
   </trkpt>
   <trkpt lat="47.5092138" lon="6.8022891">
    <ele>347</ele>
    <time>2026-06-09T16:30:44Z</time>
    <extensions>
     <gpxdata:distance>25626.00</gpxdata:distance>
     <gpxdata:speed>4.328</gpxdata:speed>
    </extensions>
   </trkpt>
   <trkpt lat="47.5092254" lon="6.8021951">
    <ele>347</ele>
    <time>2026-06-09T16:30:45Z</time>
    <extensions>
     <gpxdata:distance>25626.00</gpxdata:distance>
     <gpxdata:speed>4.328</gpxdata:speed>
    </extensions>
   </trkpt>
   <trkpt lat="47.5092401" lon="6.8021235">
    <ele>347</ele>
    <time>2026-06-09T16:30:46Z</time>
    <extensions>
     <gpxdata:distance>25632.00</gpxdata:distance>
     <gpxdata:speed>4.883</gpxdata:speed>
    </extensions>
   </trkpt>
   <trkpt lat="47.5092639" lon="6.8020577">
    <ele>347</ele>
    <time>2026-06-09T16:30:47Z</time>
    <extensions>
     <gpxdata:distance>25638.00</gpxdata:distance>
     <gpxdata:speed>5.303</gpxdata:speed>
    </extensions>
   </trkpt>
   <trkpt lat="47.5092981" lon="6.8019990">
    <ele>347</ele>
    <time>2026-06-09T16:30:48Z</time>
    <extensions>
     <gpxdata:distance>25644.00</gpxdata:distance>
     <gpxdata:speed>5.692</gpxdata:speed>
    </extensions>
   </trkpt>
   <trkpt lat="47.5093404" lon="6.8019472">
    <ele>347</ele>
    <time>2026-06-09T16:30:49Z</time>
    <extensions>
     <gpxdata:distance>25650.00</gpxdata:distance>
     <gpxdata:speed>5.889</gpxdata:speed>
    </extensions>
   </trkpt>
   <trkpt lat="47.5094029" lon="6.8018845">
    <ele>347</ele>
    <time>2026-06-09T16:30:50Z</time>
    <extensions>
     <gpxdata:distance>25656.00</gpxdata:distance>
     <gpxdata:speed>6.142</gpxdata:speed>
    </extensions>
   </trkpt>
   <trkpt lat="47.5094545" lon="6.8018396">
    <ele>347</ele>
    <time>2026-06-09T16:30:51Z</time>
    <extensions>
     <gpxdata:distance>25662.00</gpxdata:distance>
     <gpxdata:speed>6.142</gpxdata:speed>
    </extensions>
   </trkpt>
   <trkpt lat="47.5095046" lon="6.8018000">
    <ele>347</ele>
    <time>2026-06-09T16:30:52Z</time>
    <extensions>
     <gpxdata:distance>25671.50</gpxdata:distance>
     <gpxdata:speed>6.197</gpxdata:speed>
    </extensions>
   </trkpt>
   <trkpt lat="47.5095544" lon="6.8017636">
    <ele>347</ele>
    <time>2026-06-09T16:30:53Z</time>
    <extensions>
     <gpxdata:distance>25681.00</gpxdata:distance>
     <gpxdata:speed>6.161</gpxdata:speed>
    </extensions>
   </trkpt>
   <trkpt lat="47.5096033" lon="6.8017291">
    <ele>347</ele>
    <time>2026-06-09T16:30:54Z</time>
    <extensions>
     <gpxdata:distance>25684.00</gpxdata:distance>
     <gpxdata:speed>6.161</gpxdata:speed>
    </extensions>
   </trkpt>
   <trkpt lat="47.5096515" lon="6.8016946">
    <ele>348</ele>
    <time>2026-06-09T16:30:55Z</time>
    <extensions>
     <gpxdata:distance>25687.00</gpxdata:distance>
     <gpxdata:speed>6.111</gpxdata:speed>
    </extensions>
   </trkpt>
   <trkpt lat="47.5096984" lon="6.8016591">
    <ele>348</ele>
    <time>2026-06-09T16:30:56Z</time>
    <extensions>
     <gpxdata:distance>25693.00</gpxdata:distance>
     <gpxdata:speed>6.072</gpxdata:speed>
    </extensions>
   </trkpt>
   <trkpt lat="47.5097443" lon="6.8016229">
    <ele>348</ele>
    <time>2026-06-09T16:30:57Z</time>
    <extensions>
     <gpxdata:distance>25699.00</gpxdata:distance>
     <gpxdata:speed>6.003</gpxdata:speed>
    </extensions>
   </trkpt>
   <trkpt lat="47.5097777" lon="6.8015973">
    <ele>348</ele>
    <time>2026-06-09T16:30:58Z</time>
    <extensions>
     <gpxdata:distance>25704.50</gpxdata:distance>
     <gpxdata:speed>5.928</gpxdata:speed>
    </extensions>
   </trkpt>
   <trkpt lat="47.5098201" lon="6.8015662">
    <ele>348</ele>
    <time>2026-06-09T16:30:59Z</time>
    <extensions>
     <gpxdata:distance>25710.00</gpxdata:distance>
     <gpxdata:speed>5.881</gpxdata:speed>
    </extensions>
   </trkpt>
   <trkpt lat="47.5098640" lon="6.8015348">
    <ele>348</ele>
    <time>2026-06-09T16:31:00Z</time>
    <extensions>
     <gpxdata:distance>25715.50</gpxdata:distance>
     <gpxdata:speed>5.811</gpxdata:speed>
    </extensions>
   </trkpt>
   <trkpt lat="47.5099076" lon="6.8015062">
    <ele>348</ele>
    <time>2026-06-09T16:31:01Z</time>
    <extensions>
     <gpxdata:distance>25721.00</gpxdata:distance>
     <gpxdata:speed>5.544</gpxdata:speed>
    </extensions>
   </trkpt>
   <trkpt lat="47.5099499" lon="6.8014819">
    <ele>348</ele>
    <time>2026-06-09T16:31:02Z</time>
    <extensions>
     <gpxdata:distance>25726.00</gpxdata:distance>
     <gpxdata:speed>5.319</gpxdata:speed>
    </extensions>
   </trkpt>
   <trkpt lat="47.5099899" lon="6.8014601">
    <ele>348</ele>
    <time>2026-06-09T16:31:03Z</time>
    <extensions>
     <gpxdata:distance>25731.00</gpxdata:distance>
     <gpxdata:speed>5.050</gpxdata:speed>
    </extensions>
   </trkpt>
   <trkpt lat="47.5100253" lon="6.8014395">
    <ele>348</ele>
    <time>2026-06-09T16:31:04Z</time>
    <extensions>
     <gpxdata:distance>25735.00</gpxdata:distance>
     <gpxdata:speed>4.722</gpxdata:speed>
    </extensions>
   </trkpt>
   <trkpt lat="47.5100541" lon="6.8014209">
    <ele>349</ele>
    <time>2026-06-09T16:31:05Z</time>
    <extensions>
     <gpxdata:distance>25739.00</gpxdata:distance>
     <gpxdata:speed>4.186</gpxdata:speed>
    </extensions>
   </trkpt>
   <trkpt lat="47.5101481" lon="6.8013256">
    <ele>349</ele>
    <time>2026-06-09T16:31:29Z</time>
    <extensions>
     <gpxdata:distance>25758.00</gpxdata:distance>
     <gpxdata:speed>3.439</gpxdata:speed>
    </extensions>
   </trkpt>
   <trkpt lat="47.5102021" lon="6.8012687">
    <ele>349</ele>
    <time>2026-06-09T16:31:30Z</time>
    <extensions>
     <gpxdata:distance>25758.00</gpxdata:distance>
     <gpxdata:speed>3.439</gpxdata:speed>
    </extensions>
   </trkpt>
   <trkpt lat="47.5102256" lon="6.8012429">
    <ele>349</ele>
    <time>2026-06-09T16:31:31Z</time>
    <extensions>
     <gpxdata:distance>25764.00</gpxdata:distance>
     <gpxdata:speed>2.883</gpxdata:speed>
    </extensions>
   </trkpt>
   <trkpt lat="47.5102791" lon="6.8011777">
    <ele>349</ele>
    <time>2026-06-09T16:31:32Z</time>
    <extensions>
     <gpxdata:distance>25770.00</gpxdata:distance>
     <gpxdata:speed>3.525</gpxdata:speed>
    </extensions>
   </trkpt>
   <trkpt lat="47.5103215" lon="6.8011179">
    <ele>349</ele>
    <time>2026-06-09T16:31:33Z</time>
    <extensions>
     <gpxdata:distance>25776.50</gpxdata:distance>
     <gpxdata:speed>4.161</gpxdata:speed>
    </extensions>
   </trkpt>
   <trkpt lat="47.5103613" lon="6.8010562">
    <ele>349</ele>
    <time>2026-06-09T16:31:34Z</time>
    <extensions>
     <gpxdata:distance>25783.00</gpxdata:distance>
     <gpxdata:speed>4.647</gpxdata:speed>
    </extensions>
   </trkpt>
   <trkpt lat="47.5104109" lon="6.8009741">
    <ele>349</ele>
    <time>2026-06-09T16:31:35Z</time>
    <extensions>
     <gpxdata:distance>25789.00</gpxdata:distance>
     <gpxdata:speed>6.131</gpxdata:speed>
    </extensions>
   </trkpt>
   <trkpt lat="47.5104491" lon="6.8009145">
    <ele>349</ele>
    <time>2026-06-09T16:31:36Z</time>
    <extensions>
     <gpxdata:distance>25795.00</gpxdata:distance>
     <gpxdata:speed>6.131</gpxdata:speed>
    </extensions>
   </trkpt>
   <trkpt lat="47.5104782" lon="6.8008786">
    <ele>349</ele>
    <time>2026-06-09T16:31:37Z</time>
    <extensions>
     <gpxdata:distance>25800.50</gpxdata:distance>
     <gpxdata:speed>5.878</gpxdata:speed>
    </extensions>
   </trkpt>
   <trkpt lat="47.5105165" lon="6.8008370">
    <ele>349</ele>
    <time>2026-06-09T16:31:38Z</time>
    <extensions>
     <gpxdata:distance>25806.00</gpxdata:distance>
     <gpxdata:speed>5.878</gpxdata:speed>
    </extensions>
   </trkpt>
   <trkpt lat="47.5105581" lon="6.8007949">
    <ele>349</ele>
    <time>2026-06-09T16:31:39Z</time>
    <extensions>
     <gpxdata:distance>25812.00</gpxdata:distance>
     <gpxdata:speed>5.814</gpxdata:speed>
    </extensions>
   </trkpt>
   <trkpt lat="47.5106007" lon="6.8007526">
    <ele>349</ele>
    <time>2026-06-09T16:31:40Z</time>
    <extensions>
     <gpxdata:distance>25818.00</gpxdata:distance>
     <gpxdata:speed>5.758</gpxdata:speed>
    </extensions>
   </trkpt>
   <trkpt lat="47.5106425" lon="6.8007109">
    <ele>349</ele>
    <time>2026-06-09T16:31:41Z</time>
    <extensions>
     <gpxdata:distance>25823.50</gpxdata:distance>
     <gpxdata:speed>5.778</gpxdata:speed>
    </extensions>
   </trkpt>
   <trkpt lat="47.5106841" lon="6.8006724">
    <ele>349</ele>
    <time>2026-06-09T16:31:42Z</time>
    <extensions>
     <gpxdata:distance>25829.00</gpxdata:distance>
     <gpxdata:speed>5.694</gpxdata:speed>
    </extensions>
   </trkpt>
   <trkpt lat="47.5107247" lon="6.8006389">
    <ele>349</ele>
    <time>2026-06-09T16:31:43Z</time>
    <extensions>
     <gpxdata:distance>25834.00</gpxdata:distance>
     <gpxdata:speed>5.467</gpxdata:speed>
    </extensions>
   </trkpt>
   <trkpt lat="47.5107629" lon="6.8006084">
    <ele>349</ele>
    <time>2026-06-09T16:31:44Z</time>
    <extensions>
     <gpxdata:distance>25839.00</gpxdata:distance>
     <gpxdata:speed>5.167</gpxdata:speed>
    </extensions>
   </trkpt>
   <trkpt lat="47.5107989" lon="6.8005806">
    <ele>349</ele>
    <time>2026-06-09T16:31:45Z</time>
    <extensions>
     <gpxdata:distance>25843.50</gpxdata:distance>
     <gpxdata:speed>4.814</gpxdata:speed>
    </extensions>
   </trkpt>
   <trkpt lat="47.5108332" lon="6.8005535">
    <ele>349</ele>
    <time>2026-06-09T16:31:46Z</time>
    <extensions>
     <gpxdata:distance>25848.00</gpxdata:distance>
     <gpxdata:speed>4.603</gpxdata:speed>
    </extensions>
   </trkpt>
   <trkpt lat="47.5108656" lon="6.8005279">
    <ele>349</ele>
    <time>2026-06-09T16:31:47Z</time>
    <extensions>
     <gpxdata:distance>25852.00</gpxdata:distance>
     <gpxdata:speed>4.394</gpxdata:speed>
    </extensions>
   </trkpt>
   <trkpt lat="47.5108925" lon="6.8005051">
    <ele>349</ele>
    <time>2026-06-09T16:31:48Z</time>
    <extensions>
     <gpxdata:distance>25856.00</gpxdata:distance>
     <gpxdata:speed>4.111</gpxdata:speed>
    </extensions>
   </trkpt>
   <trkpt lat="47.5109140" lon="6.8004872">
    <ele>349</ele>
    <time>2026-06-09T16:31:49Z</time>
    <extensions>
     <gpxdata:distance>25858.00</gpxdata:distance>
     <gpxdata:speed>3.397</gpxdata:speed>
    </extensions>
   </trkpt>
   <trkpt lat="47.5109255" lon="6.8004778">
    <ele>349</ele>
    <time>2026-06-09T16:31:50Z</time>
    <extensions>
     <gpxdata:distance>25860.00</gpxdata:distance>
     <gpxdata:speed>2.669</gpxdata:speed>
    </extensions>
   </trkpt>
   <trkpt lat="47.5109422" lon="6.8004642">
    <ele>349</ele>
    <time>2026-06-09T16:31:51Z</time>
    <extensions>
     <gpxdata:distance>25863.00</gpxdata:distance>
     <gpxdata:speed>2.656</gpxdata:speed>
    </extensions>
   </trkpt>
   <trkpt lat="47.5109613" lon="6.8004454">
    <ele>349</ele>
    <time>2026-06-09T16:31:52Z</time>
    <extensions>
     <gpxdata:distance>25866.00</gpxdata:distance>
     <gpxdata:speed>2.839</gpxdata:speed>
    </extensions>
   </trkpt>
   <trkpt lat="47.5109800" lon="6.8004210">
    <ele>349</ele>
    <time>2026-06-09T16:31:53Z</time>
    <extensions>
     <gpxdata:distance>25869.00</gpxdata:distance>
     <gpxdata:speed>2.978</gpxdata:speed>
    </extensions>
   </trkpt>
   <trkpt lat="47.5110100" lon="6.8003745">
    <ele>349</ele>
    <time>2026-06-09T16:31:54Z</time>
    <extensions>
     <gpxdata:distance>25872.00</gpxdata:distance>
     <gpxdata:speed>3.039</gpxdata:speed>
    </extensions>
   </trkpt>
   <trkpt lat="47.5110308" lon="6.8003401">
    <ele>349</ele>
    <time>2026-06-09T16:31:55Z</time>
    <extensions>
     <gpxdata:distance>25875.00</gpxdata:distance>
     <gpxdata:speed>3.133</gpxdata:speed>
    </extensions>
   </trkpt>
   <trkpt lat="47.5110454" lon="6.8003121">
    <ele>349</ele>
    <time>2026-06-09T16:31:56Z</time>
    <extensions>
     <gpxdata:distance>25878.00</gpxdata:distance>
     <gpxdata:speed>3.136</gpxdata:speed>
    </extensions>
   </trkpt>
   <trkpt lat="47.5110519" lon="6.8002989">
    <ele>349</ele>
    <time>2026-06-09T16:31:57Z</time>
    <extensions>
     <gpxdata:distance>25880.00</gpxdata:distance>
     <gpxdata:speed>2.494</gpxdata:speed>
    </extensions>
   </trkpt>
   <trkpt lat="47.5110600" lon="6.8002821">
    <ele>349</ele>
    <time>2026-06-09T16:31:58Z</time>
    <extensions>
     <gpxdata:distance>25882.00</gpxdata:distance>
     <gpxdata:speed>2.100</gpxdata:speed>
    </extensions>
   </trkpt>
   <trkpt lat="47.5110665" lon="6.8002606">
    <ele>349</ele>
    <time>2026-06-09T16:31:59Z</time>
    <extensions>
     <gpxdata:distance>25884.00</gpxdata:distance>
     <gpxdata:speed>2.017</gpxdata:speed>
    </extensions>
   </trkpt>
   <trkpt lat="47.5110677" lon="6.8002330">
    <ele>349</ele>
    <time>2026-06-09T16:32:00Z</time>
    <extensions>
     <gpxdata:distance>25886.00</gpxdata:distance>
     <gpxdata:speed>2.144</gpxdata:speed>
    </extensions>
   </trkpt>
   <trkpt lat="47.5110621" lon="6.8001990">
    <ele>349</ele>
    <time>2026-06-09T16:32:01Z</time>
    <extensions>
     <gpxdata:distance>25889.00</gpxdata:distance>
     <gpxdata:speed>2.447</gpxdata:speed>
    </extensions>
   </trkpt>
   <trkpt lat="47.5110509" lon="6.8001598">
    <ele>349</ele>
    <time>2026-06-09T16:32:02Z</time>
    <extensions>
     <gpxdata:distance>25892.00</gpxdata:distance>
     <gpxdata:speed>2.836</gpxdata:speed>
    </extensions>
   </trkpt>
   <trkpt lat="47.5110274" lon="6.8000907">
    <ele>349</ele>
    <time>2026-06-09T16:32:03Z</time>
    <extensions>
     <gpxdata:distance>25896.50</gpxdata:distance>
     <gpxdata:speed>3.219</gpxdata:speed>
    </extensions>
   </trkpt>
   <trkpt lat="47.5110088" lon="6.8000392">
    <ele>349</ele>
    <time>2026-06-09T16:32:04Z</time>
    <extensions>
     <gpxdata:distance>25901.00</gpxdata:distance>
     <gpxdata:speed>3.494</gpxdata:speed>
    </extensions>
   </trkpt>
   <trkpt lat="47.5109907" lon="6.7999913">
    <ele>349</ele>
    <time>2026-06-09T16:32:05Z</time>
    <extensions>
     <gpxdata:distance>25907.00</gpxdata:distance>
     <gpxdata:speed>3.719</gpxdata:speed>
    </extensions>
   </trkpt>
   <trkpt lat="47.5109713" lon="6.7999437">
    <ele>349</ele>
    <time>2026-06-09T16:32:06Z</time>
    <extensions>
     <gpxdata:distance>25913.00</gpxdata:distance>
     <gpxdata:speed>4.142</gpxdata:speed>
    </extensions>
   </trkpt>
   <trkpt lat="47.5109507" lon="6.7998950">
    <ele>349</ele>
    <time>2026-06-09T16:32:07Z</time>
    <extensions>
     <gpxdata:distance>25917.50</gpxdata:distance>
     <gpxdata:speed>4.142</gpxdata:speed>
    </extensions>
   </trkpt>
   <trkpt lat="47.5109297" lon="6.7998446">
    <ele>349</ele>
    <time>2026-06-09T16:32:08Z</time>
    <extensions>
     <gpxdata:distance>25922.00</gpxdata:distance>
     <gpxdata:speed>4.453</gpxdata:speed>
    </extensions>
   </trkpt>
   <trkpt lat="47.5109095" lon="6.7997923">
    <ele>349</ele>
    <time>2026-06-09T16:32:09Z</time>
    <extensions>
     <gpxdata:distance>25926.50</gpxdata:distance>
     <gpxdata:speed>4.453</gpxdata:speed>
    </extensions>
   </trkpt>
   <trkpt lat="47.5108895" lon="6.7997394">
    <ele>348</ele>
    <time>2026-06-09T16:32:10Z</time>
    <extensions>
     <gpxdata:distance>25931.00</gpxdata:distance>
     <gpxdata:speed>4.539</gpxdata:speed>
    </extensions>
   </trkpt>
   <trkpt lat="47.5108692" lon="6.7996864">
    <ele>348</ele>
    <time>2026-06-09T16:32:11Z</time>
    <extensions>
     <gpxdata:distance>25935.50</gpxdata:distance>
     <gpxdata:speed>4.539</gpxdata:speed>
    </extensions>
   </trkpt>
   <trkpt lat="47.5108488" lon="6.7996339">
    <ele>348</ele>
    <time>2026-06-09T16:32:12Z</time>
    <extensions>
     <gpxdata:distance>25940.00</gpxdata:distance>
     <gpxdata:speed>4.575</gpxdata:speed>
    </extensions>
   </trkpt>
   <trkpt lat="47.5108279" lon="6.7995830">
    <ele>348</ele>
    <time>2026-06-09T16:32:13Z</time>
    <extensions>
     <gpxdata:distance>25944.50</gpxdata:distance>
     <gpxdata:speed>4.533</gpxdata:speed>
    </extensions>
   </trkpt>
   <trkpt lat="47.5108069" lon="6.7995356">
    <ele>348</ele>
    <time>2026-06-09T16:32:14Z</time>
    <extensions>
     <gpxdata:distance>25949.00</gpxdata:distance>
     <gpxdata:speed>4.414</gpxdata:speed>
    </extensions>
   </trkpt>
   <trkpt lat="47.5107872" lon="6.7994910">
    <ele>348</ele>
    <time>2026-06-09T16:32:15Z</time>
    <extensions>
     <gpxdata:distance>25950.50</gpxdata:distance>
     <gpxdata:speed>4.414</gpxdata:speed>
    </extensions>
   </trkpt>
   <trkpt lat="47.5107684" lon="6.7994533">
    <ele>348</ele>
    <time>2026-06-09T16:32:16Z</time>
    <extensions>
     <gpxdata:distance>25952.00</gpxdata:distance>
     <gpxdata:speed>4.236</gpxdata:speed>
    </extensions>
   </trkpt>
   <trkpt lat="47.5107547" lon="6.7994199">
    <ele>348</ele>
    <time>2026-06-09T16:32:17Z</time>
    <extensions>
     <gpxdata:distance>25955.00</gpxdata:distance>
     <gpxdata:speed>2.994</gpxdata:speed>
    </extensions>
   </trkpt>
   <trkpt lat="47.5107506" lon="6.7994026">
    <ele>348</ele>
    <time>2026-06-09T16:32:18Z</time>
    <extensions>
     <gpxdata:distance>25958.00</gpxdata:distance>
     <gpxdata:speed>2.994</gpxdata:speed>
    </extensions>
   </trkpt>
   <trkpt lat="47.5107480" lon="6.7993792">
    <ele>347</ele>
    <time>2026-06-09T16:32:19Z</time>
    <extensions>
     <gpxdata:distance>25961.00</gpxdata:distance>
     <gpxdata:speed>2.364</gpxdata:speed>
    </extensions>
   </trkpt>
   <trkpt lat="47.5107463" lon="6.7993528">
    <ele>347</ele>
    <time>2026-06-09T16:32:20Z</time>
    <extensions>
     <gpxdata:distance>25964.00</gpxdata:distance>
     <gpxdata:speed>2.286</gpxdata:speed>
    </extensions>
   </trkpt>
   <trkpt lat="47.5107445" lon="6.7993258">
    <ele>347</ele>
    <time>2026-06-09T16:32:21Z</time>
    <extensions>
     <gpxdata:distance>25965.50</gpxdata:distance>
     <gpxdata:speed>2.286</gpxdata:speed>
    </extensions>
   </trkpt>
   <trkpt lat="47.5107415" lon="6.7993016">
    <ele>347</ele>
    <time>2026-06-09T16:32:22Z</time>
    <extensions>
     <gpxdata:distance>25967.00</gpxdata:distance>
     <gpxdata:speed>1.772</gpxdata:speed>
    </extensions>
   </trkpt>
   <trkpt lat="47.5107382" lon="6.7992884">
    <ele>347</ele>
    <time>2026-06-09T16:32:23Z</time>
    <extensions>
     <gpxdata:distance>25967.50</gpxdata:distance>
     <gpxdata:speed>1.353</gpxdata:speed>
    </extensions>
   </trkpt>
   <trkpt lat="47.5107338" lon="6.7992786">
    <ele>347</ele>
    <time>2026-06-09T16:32:24Z</time>
    <extensions>
     <gpxdata:distance>25968.00</gpxdata:distance>
     <gpxdata:speed>1.042</gpxdata:speed>
    </extensions>
   </trkpt>
   <trkpt lat="47.5107293" lon="6.7992740">
    <ele>347</ele>
    <time>2026-06-09T16:32:25Z</time>
    <extensions>
     <gpxdata:distance>25968.50</gpxdata:distance>
     <gpxdata:speed>0.897</gpxdata:speed>
    </extensions>
   </trkpt>
   <trkpt lat="47.5107246" lon="6.7992746">
    <ele>347</ele>
    <time>2026-06-09T16:32:26Z</time>
    <extensions>
     <gpxdata:distance>25969.00</gpxdata:distance>
     <gpxdata:speed>0.969</gpxdata:speed>
    </extensions>
   </trkpt>
   <trkpt lat="47.5107189" lon="6.7992795">
    <ele>347</ele>
    <time>2026-06-09T16:32:27Z</time>
    <extensions>
     <gpxdata:distance>25969.50</gpxdata:distance>
     <gpxdata:speed>0.969</gpxdata:speed>
    </extensions>
   </trkpt>
   <trkpt lat="47.5107105" lon="6.7992880">
    <ele>347</ele>
    <time>2026-06-09T16:32:28Z</time>
    <extensions>
     <gpxdata:distance>25970.00</gpxdata:distance>
     <gpxdata:speed>1.075</gpxdata:speed>
    </extensions>
   </trkpt>
   <trkpt lat="47.5106982" lon="6.7992991">
    <ele>347</ele>
    <time>2026-06-09T16:32:29Z</time>
    <extensions>
     <gpxdata:distance>25972.50</gpxdata:distance>
     <gpxdata:speed>2.167</gpxdata:speed>
    </extensions>
   </trkpt>
   <trkpt lat="47.5106758" lon="6.7993173">
    <ele>347</ele>
    <time>2026-06-09T16:32:30Z</time>
    <extensions>
     <gpxdata:distance>25975.00</gpxdata:distance>
     <gpxdata:speed>2.167</gpxdata:speed>
    </extensions>
   </trkpt>
   <trkpt lat="47.5106530" lon="6.7993347">
    <ele>347</ele>
    <time>2026-06-09T16:32:31Z</time>
    <extensions>
     <gpxdata:distance>25980.00</gpxdata:distance>
     <gpxdata:speed>2.661</gpxdata:speed>
    </extensions>
   </trkpt>
   <trkpt lat="47.5106292" lon="6.7993519">
    <ele>347</ele>
    <time>2026-06-09T16:32:32Z</time>
    <extensions>
     <gpxdata:distance>25985.00</gpxdata:distance>
     <gpxdata:speed>3.094</gpxdata:speed>
    </extensions>
   </trkpt>
   <trkpt lat="47.5105878" lon="6.7993759">
    <ele>347</ele>
    <time>2026-06-09T16:32:33Z</time>
    <extensions>
     <gpxdata:distance>25988.00</gpxdata:distance>
     <gpxdata:speed>3.094</gpxdata:speed>
    </extensions>
   </trkpt>
   <trkpt lat="47.5105567" lon="6.7993912">
    <ele>347</ele>
    <time>2026-06-09T16:32:34Z</time>
    <extensions>
     <gpxdata:distance>25991.00</gpxdata:distance>
     <gpxdata:speed>3.361</gpxdata:speed>
    </extensions>
   </trkpt>
   <trkpt lat="47.5105271" lon="6.7994071">
    <ele>347</ele>
    <time>2026-06-09T16:32:35Z</time>
    <extensions>
     <gpxdata:distance>25993.00</gpxdata:distance>
     <gpxdata:speed>3.475</gpxdata:speed>
    </extensions>
   </trkpt>
   <trkpt lat="47.5104957" lon="6.7994217">
    <ele>347</ele>
    <time>2026-06-09T16:32:36Z</time>
    <extensions>
     <gpxdata:distance>25995.00</gpxdata:distance>
     <gpxdata:speed>3.475</gpxdata:speed>
    </extensions>
   </trkpt>
   <trkpt lat="47.5104622" lon="6.7994339">
    <ele>347</ele>
    <time>2026-06-09T16:32:37Z</time>
    <extensions>
     <gpxdata:distance>25999.00</gpxdata:distance>
     <gpxdata:speed>3.717</gpxdata:speed>
    </extensions>
   </trkpt>
   <trkpt lat="47.5104279" lon="6.7994458">
    <ele>347</ele>
    <time>2026-06-09T16:32:38Z</time>
    <extensions>
     <gpxdata:distance>26003.00</gpxdata:distance>
     <gpxdata:speed>3.875</gpxdata:speed>
    </extensions>
   </trkpt>
   <trkpt lat="47.5103940" lon="6.7994579">
    <ele>347</ele>
    <time>2026-06-09T16:32:39Z</time>
    <extensions>
     <gpxdata:distance>26008.50</gpxdata:distance>
     <gpxdata:speed>3.936</gpxdata:speed>
    </extensions>
   </trkpt>
   <trkpt lat="47.5103611" lon="6.7994698">
    <ele>347</ele>
    <time>2026-06-09T16:32:40Z</time>
    <extensions>
     <gpxdata:distance>26014.00</gpxdata:distance>
     <gpxdata:speed>3.839</gpxdata:speed>
    </extensions>
   </trkpt>
   <trkpt lat="47.5103292" lon="6.7994816">
    <ele>347</ele>
    <time>2026-06-09T16:32:41Z</time>
    <extensions>
     <gpxdata:distance>26016.00</gpxdata:distance>
     <gpxdata:speed>3.839</gpxdata:speed>
    </extensions>
   </trkpt>
   <trkpt lat="47.5102986" lon="6.7994938">
    <ele>347</ele>
    <time>2026-06-09T16:32:42Z</time>
    <extensions>
     <gpxdata:distance>26018.00</gpxdata:distance>
     <gpxdata:speed>3.758</gpxdata:speed>
    </extensions>
   </trkpt>
   <trkpt lat="47.5102704" lon="6.7995058">
    <ele>347</ele>
    <time>2026-06-09T16:32:43Z</time>
    <extensions>
     <gpxdata:distance>26021.00</gpxdata:distance>
     <gpxdata:speed>3.658</gpxdata:speed>
    </extensions>
   </trkpt>
   <trkpt lat="47.5102427" lon="6.7995184">
    <ele>347</ele>
    <time>2026-06-09T16:32:44Z</time>
    <extensions>
     <gpxdata:distance>26024.00</gpxdata:distance>
     <gpxdata:speed>3.486</gpxdata:speed>
    </extensions>
   </trkpt>
   <trkpt lat="47.5102156" lon="6.7995318">
    <ele>347</ele>
    <time>2026-06-09T16:32:45Z</time>
    <extensions>
     <gpxdata:distance>26027.50</gpxdata:distance>
     <gpxdata:speed>3.392</gpxdata:speed>
    </extensions>
   </trkpt>
   <trkpt lat="47.5101891" lon="6.7995464">
    <ele>347</ele>
    <time>2026-06-09T16:32:46Z</time>
    <extensions>
     <gpxdata:distance>26031.00</gpxdata:distance>
     <gpxdata:speed>3.317</gpxdata:speed>
    </extensions>
   </trkpt>
   <trkpt lat="47.5101636" lon="6.7995622">
    <ele>347</ele>
    <time>2026-06-09T16:32:47Z</time>
    <extensions>
     <gpxdata:distance>26034.00</gpxdata:distance>
     <gpxdata:speed>3.244</gpxdata:speed>
    </extensions>
   </trkpt>
   <trkpt lat="47.5101406" lon="6.7995775">
    <ele>347</ele>
    <time>2026-06-09T16:32:48Z</time>
    <extensions>
     <gpxdata:distance>26037.00</gpxdata:distance>
     <gpxdata:speed>3.094</gpxdata:speed>
    </extensions>
   </trkpt>
   <trkpt lat="47.5100303" lon="6.7996042">
    <ele>346</ele>
    <time>2026-06-09T16:33:24Z</time>
    <extensions>
     <gpxdata:distance>26055.00</gpxdata:distance>
     <gpxdata:speed>2.281</gpxdata:speed>
    </extensions>
   </trkpt>
   <trkpt lat="47.5100139" lon="6.7995859">
    <ele>346</ele>
    <time>2026-06-09T16:33:25Z</time>
    <extensions>
     <gpxdata:distance>26055.00</gpxdata:distance>
     <gpxdata:speed>2.367</gpxdata:speed>
    </extensions>
   </trkpt>
   <trkpt lat="47.5099989" lon="6.7995664">
    <ele>346</ele>
    <time>2026-06-09T16:33:26Z</time>
    <extensions>
     <gpxdata:distance>26057.00</gpxdata:distance>
     <gpxdata:speed>2.372</gpxdata:speed>
    </extensions>
   </trkpt>
   <trkpt lat="47.5099852" lon="6.7995458">
    <ele>346</ele>
    <time>2026-06-09T16:33:27Z</time>
    <extensions>
     <gpxdata:distance>26059.00</gpxdata:distance>
     <gpxdata:speed>2.258</gpxdata:speed>
    </extensions>
   </trkpt>
   <trkpt lat="47.5099723" lon="6.7995246">
    <ele>346</ele>
    <time>2026-06-09T16:33:28Z</time>
    <extensions>
     <gpxdata:distance>26061.50</gpxdata:distance>
     <gpxdata:speed>2.203</gpxdata:speed>
    </extensions>
   </trkpt>
   <trkpt lat="47.5099594" lon="6.7995037">
    <ele>346</ele>
    <time>2026-06-09T16:33:29Z</time>
    <extensions>
     <gpxdata:distance>26064.00</gpxdata:distance>
     <gpxdata:speed>2.206</gpxdata:speed>
    </extensions>
   </trkpt>
   <trkpt lat="47.5099460" lon="6.7994836">
    <ele>346</ele>
    <time>2026-06-09T16:33:30Z</time>
    <extensions>
     <gpxdata:distance>26066.00</gpxdata:distance>
     <gpxdata:speed>2.200</gpxdata:speed>
    </extensions>
   </trkpt>
   <trkpt lat="47.5099326" lon="6.7994637">
    <ele>346</ele>
    <time>2026-06-09T16:33:31Z</time>
    <extensions>
     <gpxdata:distance>26068.00</gpxdata:distance>
     <gpxdata:speed>2.183</gpxdata:speed>
    </extensions>
   </trkpt>
   <trkpt lat="47.5099194" lon="6.7994441">
    <ele>346</ele>
    <time>2026-06-09T16:33:32Z</time>
    <extensions>
     <gpxdata:distance>26070.00</gpxdata:distance>
     <gpxdata:speed>2.172</gpxdata:speed>
    </extensions>
   </trkpt>
   <trkpt lat="47.5099057" lon="6.7994251">
    <ele>346</ele>
    <time>2026-06-09T16:33:33Z</time>
    <extensions>
     <gpxdata:distance>26072.00</gpxdata:distance>
     <gpxdata:speed>2.128</gpxdata:speed>
    </extensions>
   </trkpt>
   <trkpt lat="47.5098914" lon="6.7994069">
    <ele>346</ele>
    <time>2026-06-09T16:33:34Z</time>
    <extensions>
     <gpxdata:distance>26075.00</gpxdata:distance>
     <gpxdata:speed>2.117</gpxdata:speed>
    </extensions>
   </trkpt>
   <trkpt lat="47.5098768" lon="6.7993885">
    <ele>346</ele>
    <time>2026-06-09T16:33:35Z</time>
    <extensions>
     <gpxdata:distance>26078.00</gpxdata:distance>
     <gpxdata:speed>2.139</gpxdata:speed>
    </extensions>
   </trkpt>
   <trkpt lat="47.5098619" lon="6.7993690">
    <ele>346</ele>
    <time>2026-06-09T16:33:36Z</time>
    <extensions>
     <gpxdata:distance>26079.50</gpxdata:distance>
     <gpxdata:speed>2.139</gpxdata:speed>
    </extensions>
   </trkpt>
   <trkpt lat="47.5098470" lon="6.7993473">
    <ele>346</ele>
    <time>2026-06-09T16:33:37Z</time>
    <extensions>
     <gpxdata:distance>26081.00</gpxdata:distance>
     <gpxdata:speed>2.194</gpxdata:speed>
    </extensions>
   </trkpt>
   <trkpt lat="47.5098316" lon="6.7993229">
    <ele>346</ele>
    <time>2026-06-09T16:33:38Z</time>
    <extensions>
     <gpxdata:distance>26083.50</gpxdata:distance>
     <gpxdata:speed>2.292</gpxdata:speed>
    </extensions>
   </trkpt>
   <trkpt lat="47.5098153" lon="6.7992960">
    <ele>346</ele>
    <time>2026-06-09T16:33:39Z</time>
    <extensions>
     <gpxdata:distance>26086.00</gpxdata:distance>
     <gpxdata:speed>2.450</gpxdata:speed>
    </extensions>
   </trkpt>
   <trkpt lat="47.5097985" lon="6.7992681">
    <ele>346</ele>
    <time>2026-06-09T16:33:40Z</time>
    <extensions>
     <gpxdata:distance>26090.50</gpxdata:distance>
     <gpxdata:speed>2.731</gpxdata:speed>
    </extensions>
   </trkpt>
   <trkpt lat="47.5097820" lon="6.7992402">
    <ele>346</ele>
    <time>2026-06-09T16:33:41Z</time>
    <extensions>
     <gpxdata:distance>26095.00</gpxdata:distance>
     <gpxdata:speed>2.756</gpxdata:speed>
    </extensions>
   </trkpt>
   <trkpt lat="47.5097664" lon="6.7992123">
    <ele>346</ele>
    <time>2026-06-09T16:33:42Z</time>
    <extensions>
     <gpxdata:distance>26096.00</gpxdata:distance>
     <gpxdata:speed>2.756</gpxdata:speed>
    </extensions>
   </trkpt>
   <trkpt lat="47.5097523" lon="6.7991836">
    <ele>346</ele>
    <time>2026-06-09T16:33:43Z</time>
    <extensions>
     <gpxdata:distance>26097.00</gpxdata:distance>
     <gpxdata:speed>2.728</gpxdata:speed>
    </extensions>
   </trkpt>
   <trkpt lat="47.5097388" lon="6.7991531">
    <ele>346</ele>
    <time>2026-06-09T16:33:44Z</time>
    <extensions>
     <gpxdata:distance>26100.00</gpxdata:distance>
     <gpxdata:speed>2.675</gpxdata:speed>
    </extensions>
   </trkpt>
   <trkpt lat="47.5097249" lon="6.7991201">
    <ele>346</ele>
    <time>2026-06-09T16:33:45Z</time>
    <extensions>
     <gpxdata:distance>26103.00</gpxdata:distance>
     <gpxdata:speed>2.803</gpxdata:speed>
    </extensions>
   </trkpt>
   <trkpt lat="47.5097016" lon="6.7990647">
    <ele>346</ele>
    <time>2026-06-09T16:33:46Z</time>
    <extensions>
     <gpxdata:distance>26107.50</gpxdata:distance>
     <gpxdata:speed>3.000</gpxdata:speed>
    </extensions>
   </trkpt>
   <trkpt lat="47.5096851" lon="6.7990268">
    <ele>346</ele>
    <time>2026-06-09T16:33:47Z</time>
    <extensions>
     <gpxdata:distance>26112.00</gpxdata:distance>
     <gpxdata:speed>3.039</gpxdata:speed>
    </extensions>
   </trkpt>
   <trkpt lat="47.5096707" lon="6.7989944">
    <ele>346</ele>
    <time>2026-06-09T16:33:48Z</time>
    <extensions>
     <gpxdata:distance>26115.00</gpxdata:distance>
     <gpxdata:speed>3.039</gpxdata:speed>
    </extensions>
   </trkpt>
   <trkpt lat="47.5096626" lon="6.7989769">
    <ele>346</ele>
    <time>2026-06-09T16:33:49Z</time>
    <extensions>
     <gpxdata:distance>26118.00</gpxdata:distance>
     <gpxdata:speed>2.856</gpxdata:speed>
    </extensions>
   </trkpt>
   <trkpt lat="47.5096517" lon="6.7989523">
    <ele>346</ele>
    <time>2026-06-09T16:33:50Z</time>
    <extensions>
     <gpxdata:distance>26120.50</gpxdata:distance>
     <gpxdata:speed>2.856</gpxdata:speed>
    </extensions>
   </trkpt>
   <trkpt lat="47.5096399" lon="6.7989235">
    <ele>346</ele>
    <time>2026-06-09T16:33:51Z</time>
    <extensions>
     <gpxdata:distance>26123.00</gpxdata:distance>
     <gpxdata:speed>2.828</gpxdata:speed>
    </extensions>
   </trkpt>
   <trkpt lat="47.5096285" lon="6.7988921">
    <ele>346</ele>
    <time>2026-06-09T16:33:52Z</time>
    <extensions>
     <gpxdata:distance>26125.50</gpxdata:distance>
     <gpxdata:speed>2.817</gpxdata:speed>
    </extensions>
   </trkpt>
   <trkpt lat="47.5096173" lon="6.7988615">
    <ele>346</ele>
    <time>2026-06-09T16:33:53Z</time>
    <extensions>
     <gpxdata:distance>26128.00</gpxdata:distance>
     <gpxdata:speed>2.714</gpxdata:speed>
    </extensions>
   </trkpt>
   <trkpt lat="47.5096072" lon="6.7988307">
    <ele>346</ele>
    <time>2026-06-09T16:33:54Z</time>
    <extensions>
     <gpxdata:distance>26130.50</gpxdata:distance>
     <gpxdata:speed>2.647</gpxdata:speed>
    </extensions>
   </trkpt>
   <trkpt lat="47.5095978" lon="6.7988005">
    <ele>346</ele>
    <time>2026-06-09T16:33:55Z</time>
    <extensions>
     <gpxdata:distance>26133.00</gpxdata:distance>
     <gpxdata:speed>2.561</gpxdata:speed>
    </extensions>
   </trkpt>
   <trkpt lat="47.5095889" lon="6.7987700">
    <ele>346</ele>
    <time>2026-06-09T16:33:56Z</time>
    <extensions>
     <gpxdata:distance>26134.50</gpxdata:distance>
     <gpxdata:speed>2.528</gpxdata:speed>
    </extensions>
   </trkpt>
   <trkpt lat="47.5095815" lon="6.7987376">
    <ele>346</ele>
    <time>2026-06-09T16:33:57Z</time>
    <extensions>
     <gpxdata:distance>26136.00</gpxdata:distance>
     <gpxdata:speed>2.528</gpxdata:speed>
    </extensions>
   </trkpt>
   <trkpt lat="47.5095747" lon="6.7987043">
    <ele>346</ele>
    <time>2026-06-09T16:33:58Z</time>
    <extensions>
     <gpxdata:distance>26140.00</gpxdata:distance>
     <gpxdata:speed>2.606</gpxdata:speed>
    </extensions>
   </trkpt>
   <trkpt lat="47.5095675" lon="6.7986711">
    <ele>346</ele>
    <time>2026-06-09T16:33:59Z</time>
    <extensions>
     <gpxdata:distance>26144.00</gpxdata:distance>
     <gpxdata:speed>2.611</gpxdata:speed>
    </extensions>
   </trkpt>
   <trkpt lat="47.5095592" lon="6.7986389">
    <ele>346</ele>
    <time>2026-06-09T16:34:00Z</time>
    <extensions>
     <gpxdata:distance>26145.00</gpxdata:distance>
     <gpxdata:speed>2.611</gpxdata:speed>
    </extensions>
   </trkpt>
   <trkpt lat="47.5095505" lon="6.7986086">
    <ele>346</ele>
    <time>2026-06-09T16:34:01Z</time>
    <extensions>
     <gpxdata:distance>26146.00</gpxdata:distance>
     <gpxdata:speed>2.589</gpxdata:speed>
    </extensions>
   </trkpt>
   <trkpt lat="47.5095418" lon="6.7985792">
    <ele>346</ele>
    <time>2026-06-09T16:34:02Z</time>
    <extensions>
     <gpxdata:distance>26148.50</gpxdata:distance>
     <gpxdata:speed>2.503</gpxdata:speed>
    </extensions>
   </trkpt>
   <trkpt lat="47.5095335" lon="6.7985508">
    <ele>346</ele>
    <time>2026-06-09T16:34:03Z</time>
    <extensions>
     <gpxdata:distance>26151.00</gpxdata:distance>
     <gpxdata:speed>2.444</gpxdata:speed>
    </extensions>
   </trkpt>
   <trkpt lat="47.5095269" lon="6.7985242">
    <ele>346</ele>
    <time>2026-06-09T16:34:04Z</time>
    <extensions>
     <gpxdata:distance>26153.00</gpxdata:distance>
     <gpxdata:speed>2.369</gpxdata:speed>
    </extensions>
   </trkpt>
   <trkpt lat="47.5095207" lon="6.7984991">
    <ele>346</ele>
    <time>2026-06-09T16:34:05Z</time>
    <extensions>
     <gpxdata:distance>26155.00</gpxdata:distance>
     <gpxdata:speed>2.222</gpxdata:speed>
    </extensions>
   </trkpt>
   <trkpt lat="47.5095142" lon="6.7984747">
    <ele>346</ele>
    <time>2026-06-09T16:34:06Z</time>
    <extensions>
     <gpxdata:distance>26157.00</gpxdata:distance>
     <gpxdata:speed>2.097</gpxdata:speed>
    </extensions>
   </trkpt>
   <trkpt lat="47.5095072" lon="6.7984491">
    <ele>346</ele>
    <time>2026-06-09T16:34:07Z</time>
    <extensions>
     <gpxdata:distance>26159.00</gpxdata:distance>
     <gpxdata:speed>2.036</gpxdata:speed>
    </extensions>
   </trkpt>
   <trkpt lat="47.5095007" lon="6.7984199">
    <ele>346</ele>
    <time>2026-06-09T16:34:08Z</time>
    <extensions>
     <gpxdata:distance>26161.50</gpxdata:distance>
     <gpxdata:speed>2.092</gpxdata:speed>
    </extensions>
   </trkpt>
   <trkpt lat="47.5094949" lon="6.7983876">
    <ele>346</ele>
    <time>2026-06-09T16:34:09Z</time>
    <extensions>
     <gpxdata:distance>26164.00</gpxdata:distance>
     <gpxdata:speed>2.264</gpxdata:speed>
    </extensions>
   </trkpt>
   <trkpt lat="47.5094905" lon="6.7983514">
    <ele>346</ele>
    <time>2026-06-09T16:34:10Z</time>
    <extensions>
     <gpxdata:distance>26167.00</gpxdata:distance>
     <gpxdata:speed>2.425</gpxdata:speed>
    </extensions>
   </trkpt>
   <trkpt lat="47.5094869" lon="6.7983128">
    <ele>346</ele>
    <time>2026-06-09T16:34:11Z</time>
    <extensions>
     <gpxdata:distance>26170.00</gpxdata:distance>
     <gpxdata:speed>2.647</gpxdata:speed>
    </extensions>
   </trkpt>
   <trkpt lat="47.5094833" lon="6.7982729">
    <ele>346</ele>
    <time>2026-06-09T16:34:12Z</time>
    <extensions>
     <gpxdata:distance>26173.00</gpxdata:distance>
     <gpxdata:speed>2.811</gpxdata:speed>
    </extensions>
   </trkpt>
   <trkpt lat="47.5094800" lon="6.7982337">
    <ele>346</ele>
    <time>2026-06-09T16:34:13Z</time>
    <extensions>
     <gpxdata:distance>26176.00</gpxdata:distance>
     <gpxdata:speed>2.936</gpxdata:speed>
    </extensions>
   </trkpt>
   <trkpt lat="47.5094760" lon="6.7981954">
    <ele>346</ele>
    <time>2026-06-09T16:34:14Z</time>
    <extensions>
     <gpxdata:distance>26179.00</gpxdata:distance>
     <gpxdata:speed>2.944</gpxdata:speed>
    </extensions>
   </trkpt>
   <trkpt lat="47.5094716" lon="6.7981581">
    <ele>346</ele>
    <time>2026-06-09T16:34:15Z</time>
    <extensions>
     <gpxdata:distance>26182.00</gpxdata:distance>
     <gpxdata:speed>2.908</gpxdata:speed>
    </extensions>
   </trkpt>
   <trkpt lat="47.5094680" lon="6.7981221">
    <ele>346</ele>
    <time>2026-06-09T16:34:16Z</time>
    <extensions>
     <gpxdata:distance>26184.50</gpxdata:distance>
     <gpxdata:speed>2.844</gpxdata:speed>
    </extensions>
   </trkpt>
   <trkpt lat="47.5094662" lon="6.7980873">
    <ele>346</ele>
    <time>2026-06-09T16:34:17Z</time>
    <extensions>
     <gpxdata:distance>26187.00</gpxdata:distance>
     <gpxdata:speed>2.767</gpxdata:speed>
    </extensions>
   </trkpt>
   <trkpt lat="47.5094660" lon="6.7980533">
    <ele>346</ele>
    <time>2026-06-09T16:34:18Z</time>
    <extensions>
     <gpxdata:distance>26189.50</gpxdata:distance>
     <gpxdata:speed>2.697</gpxdata:speed>
    </extensions>
   </trkpt>
   <trkpt lat="47.5094663" lon="6.7980200">
    <ele>346</ele>
    <time>2026-06-09T16:34:19Z</time>
    <extensions>
     <gpxdata:distance>26192.00</gpxdata:distance>
     <gpxdata:speed>2.625</gpxdata:speed>
    </extensions>
   </trkpt>
   <trkpt lat="47.5094669" lon="6.7979876">
    <ele>346</ele>
    <time>2026-06-09T16:34:20Z</time>
    <extensions>
     <gpxdata:distance>26194.50</gpxdata:distance>
     <gpxdata:speed>2.561</gpxdata:speed>
    </extensions>
   </trkpt>
   <trkpt lat="47.5094690" lon="6.7979548">
    <ele>346</ele>
    <time>2026-06-09T16:34:21Z</time>
    <extensions>
     <gpxdata:distance>26197.00</gpxdata:distance>
     <gpxdata:speed>2.497</gpxdata:speed>
    </extensions>
   </trkpt>
   <trkpt lat="47.5094715" lon="6.7979216">
    <ele>346</ele>
    <time>2026-06-09T16:34:22Z</time>
    <extensions>
     <gpxdata:distance>26199.50</gpxdata:distance>
     <gpxdata:speed>2.506</gpxdata:speed>
    </extensions>
   </trkpt>
   <trkpt lat="47.5094735" lon="6.7978884">
    <ele>346</ele>
    <time>2026-06-09T16:34:23Z</time>
    <extensions>
     <gpxdata:distance>26202.00</gpxdata:distance>
     <gpxdata:speed>2.508</gpxdata:speed>
    </extensions>
   </trkpt>
   <trkpt lat="47.5094748" lon="6.7978556">
    <ele>346</ele>
    <time>2026-06-09T16:34:24Z</time>
    <extensions>
     <gpxdata:distance>26204.50</gpxdata:distance>
     <gpxdata:speed>2.497</gpxdata:speed>
    </extensions>
   </trkpt>
   <trkpt lat="47.5094757" lon="6.7978233">
    <ele>346</ele>
    <time>2026-06-09T16:34:25Z</time>
    <extensions>
     <gpxdata:distance>26207.00</gpxdata:distance>
     <gpxdata:speed>2.464</gpxdata:speed>
    </extensions>
   </trkpt>
   <trkpt lat="47.5094763" lon="6.7977923">
    <ele>346</ele>
    <time>2026-06-09T16:34:26Z</time>
    <extensions>
     <gpxdata:distance>26209.00</gpxdata:distance>
     <gpxdata:speed>2.431</gpxdata:speed>
    </extensions>
   </trkpt>
   <trkpt lat="47.5094771" lon="6.7977633">
    <ele>346</ele>
    <time>2026-06-09T16:34:27Z</time>
    <extensions>
     <gpxdata:distance>26211.00</gpxdata:distance>
     <gpxdata:speed>2.344</gpxdata:speed>
    </extensions>
   </trkpt>
   <trkpt lat="47.5094794" lon="6.7977360">
    <ele>346</ele>
    <time>2026-06-09T16:34:28Z</time>
    <extensions>
     <gpxdata:distance>26213.00</gpxdata:distance>
     <gpxdata:speed>2.233</gpxdata:speed>
    </extensions>
   </trkpt>
   <trkpt lat="47.5094827" lon="6.7977100">
    <ele>346</ele>
    <time>2026-06-09T16:34:29Z</time>
    <extensions>
     <gpxdata:distance>26215.00</gpxdata:distance>
     <gpxdata:speed>2.133</gpxdata:speed>
    </extensions>
   </trkpt>
   <trkpt lat="47.5094875" lon="6.7976845">
    <ele>346</ele>
    <time>2026-06-09T16:34:30Z</time>
    <extensions>
     <gpxdata:distance>26217.00</gpxdata:distance>
     <gpxdata:speed>2.061</gpxdata:speed>
    </extensions>
   </trkpt>
   <trkpt lat="47.5094929" lon="6.7976589">
    <ele>346</ele>
    <time>2026-06-09T16:34:31Z</time>
    <extensions>
     <gpxdata:distance>26219.00</gpxdata:distance>
     <gpxdata:speed>2.031</gpxdata:speed>
    </extensions>
   </trkpt>
   <trkpt lat="47.5094974" lon="6.7976322">
    <ele>346</ele>
    <time>2026-06-09T16:34:32Z</time>
    <extensions>
     <gpxdata:distance>26221.00</gpxdata:distance>
     <gpxdata:speed>2.031</gpxdata:speed>
    </extensions>
   </trkpt>
   <trkpt lat="47.5095002" lon="6.7976036">
    <ele>346</ele>
    <time>2026-06-09T16:34:33Z</time>
    <extensions>
     <gpxdata:distance>26223.00</gpxdata:distance>
     <gpxdata:speed>2.069</gpxdata:speed>
    </extensions>
   </trkpt>
   <trkpt lat="47.5095014" lon="6.7975737">
    <ele>346</ele>
    <time>2026-06-09T16:34:34Z</time>
    <extensions>
     <gpxdata:distance>26226.50</gpxdata:distance>
     <gpxdata:speed>2.158</gpxdata:speed>
    </extensions>
   </trkpt>
   <trkpt lat="47.5095016" lon="6.7975436">
    <ele>346</ele>
    <time>2026-06-09T16:34:35Z</time>
    <extensions>
     <gpxdata:distance>26230.00</gpxdata:distance>
     <gpxdata:speed>2.242</gpxdata:speed>
    </extensions>
   </trkpt>
   <trkpt lat="47.5095005" lon="6.7975152">
    <ele>346</ele>
    <time>2026-06-09T16:34:36Z</time>
    <extensions>
     <gpxdata:distance>26231.00</gpxdata:distance>
     <gpxdata:speed>2.242</gpxdata:speed>
    </extensions>
   </trkpt>
   <trkpt lat="47.5094992" lon="6.7974883">
    <ele>346</ele>
    <time>2026-06-09T16:34:37Z</time>
    <extensions>
     <gpxdata:distance>26232.00</gpxdata:distance>
     <gpxdata:speed>2.167</gpxdata:speed>
    </extensions>
   </trkpt>
   <trkpt lat="47.5094979" lon="6.7974625">
    <ele>346</ele>
    <time>2026-06-09T16:34:38Z</time>
    <extensions>
     <gpxdata:distance>26234.00</gpxdata:distance>
     <gpxdata:speed>2.078</gpxdata:speed>
    </extensions>
   </trkpt>
   <trkpt lat="47.5094972" lon="6.7974371">
    <ele>346</ele>
    <time>2026-06-09T16:34:39Z</time>
    <extensions>
     <gpxdata:distance>26236.00</gpxdata:distance>
     <gpxdata:speed>2.008</gpxdata:speed>
    </extensions>
   </trkpt>
   <trkpt lat="47.5094969" lon="6.7974188">
    <ele>346</ele>
    <time>2026-06-09T16:34:40Z</time>
    <extensions>
     <gpxdata:distance>26237.50</gpxdata:distance>
     <gpxdata:speed>1.947</gpxdata:speed>
    </extensions>
   </trkpt>
   <trkpt lat="47.5094970" lon="6.7973974">
    <ele>346</ele>
    <time>2026-06-09T16:34:41Z</time>
    <extensions>
     <gpxdata:distance>26239.00</gpxdata:distance>
     <gpxdata:speed>1.947</gpxdata:speed>
    </extensions>
   </trkpt>
   <trkpt lat="47.5094974" lon="6.7973740">
    <ele>346</ele>
    <time>2026-06-09T16:34:42Z</time>
    <extensions>
     <gpxdata:distance>26241.00</gpxdata:distance>
     <gpxdata:speed>1.917</gpxdata:speed>
    </extensions>
   </trkpt>
   <trkpt lat="47.5094986" lon="6.7973489">
    <ele>346</ele>
    <time>2026-06-09T16:34:43Z</time>
    <extensions>
     <gpxdata:distance>26243.00</gpxdata:distance>
     <gpxdata:speed>1.917</gpxdata:speed>
    </extensions>
   </trkpt>
   <trkpt lat="47.5095000" lon="6.7973232">
    <ele>346</ele>
    <time>2026-06-09T16:34:44Z</time>
    <extensions>
     <gpxdata:distance>26245.00</gpxdata:distance>
     <gpxdata:speed>1.964</gpxdata:speed>
    </extensions>
   </trkpt>
   <trkpt lat="47.5095005" lon="6.7972981">
    <ele>346</ele>
    <time>2026-06-09T16:34:45Z</time>
    <extensions>
     <gpxdata:distance>26247.00</gpxdata:distance>
     <gpxdata:speed>1.978</gpxdata:speed>
    </extensions>
   </trkpt>
   <trkpt lat="47.5094995" lon="6.7972749">
    <ele>346</ele>
    <time>2026-06-09T16:34:46Z</time>
    <extensions>
     <gpxdata:distance>26248.50</gpxdata:distance>
     <gpxdata:speed>1.914</gpxdata:speed>
    </extensions>
   </trkpt>
   <trkpt lat="47.5094972" lon="6.7972530">
    <ele>346</ele>
    <time>2026-06-09T16:34:47Z</time>
    <extensions>
     <gpxdata:distance>26250.00</gpxdata:distance>
     <gpxdata:speed>1.803</gpxdata:speed>
    </extensions>
   </trkpt>
   <trkpt lat="47.5094948" lon="6.7972314">
    <ele>346</ele>
    <time>2026-06-09T16:34:48Z</time>
    <extensions>
     <gpxdata:distance>26252.00</gpxdata:distance>
     <gpxdata:speed>1.725</gpxdata:speed>
    </extensions>
   </trkpt>
   <trkpt lat="47.5094918" lon="6.7972101">
    <ele>346</ele>
    <time>2026-06-09T16:34:49Z</time>
    <extensions>
     <gpxdata:distance>26254.00</gpxdata:distance>
     <gpxdata:speed>1.689</gpxdata:speed>
    </extensions>
   </trkpt>
   <trkpt lat="47.5094886" lon="6.7971885">
    <ele>346</ele>
    <time>2026-06-09T16:34:50Z</time>
    <extensions>
     <gpxdata:distance>26255.50</gpxdata:distance>
     <gpxdata:speed>1.672</gpxdata:speed>
    </extensions>
   </trkpt>
   <trkpt lat="47.5094848" lon="6.7971671">
    <ele>346</ele>
    <time>2026-06-09T16:34:51Z</time>
    <extensions>
     <gpxdata:distance>26257.00</gpxdata:distance>
     <gpxdata:speed>1.675</gpxdata:speed>
    </extensions>
   </trkpt>
   <trkpt lat="47.5094799" lon="6.7971450">
    <ele>346</ele>
    <time>2026-06-09T16:34:52Z</time>
    <extensions>
     <gpxdata:distance>26259.00</gpxdata:distance>
     <gpxdata:speed>1.675</gpxdata:speed>
    </extensions>
   </trkpt>
   <trkpt lat="47.5094740" lon="6.7971212">
    <ele>346</ele>
    <time>2026-06-09T16:34:53Z</time>
    <extensions>
     <gpxdata:distance>26261.00</gpxdata:distance>
     <gpxdata:speed>1.753</gpxdata:speed>
    </extensions>
   </trkpt>
   <trkpt lat="47.5094672" lon="6.7970959">
    <ele>346</ele>
    <time>2026-06-09T16:34:54Z</time>
    <extensions>
     <gpxdata:distance>26263.00</gpxdata:distance>
     <gpxdata:speed>1.897</gpxdata:speed>
    </extensions>
   </trkpt>
   <trkpt lat="47.5094569" lon="6.7970600">
    <ele>346</ele>
    <time>2026-06-09T16:34:55Z</time>
    <extensions>
     <gpxdata:distance>26265.00</gpxdata:distance>
     <gpxdata:speed>2.031</gpxdata:speed>
    </extensions>
   </trkpt>
   <trkpt lat="47.5094475" lon="6.7970297">
    <ele>346</ele>
    <time>2026-06-09T16:34:56Z</time>
    <extensions>
     <gpxdata:distance>26267.50</gpxdata:distance>
     <gpxdata:speed>2.144</gpxdata:speed>
    </extensions>
   </trkpt>
   <trkpt lat="47.5094378" lon="6.7970019">
    <ele>346</ele>
    <time>2026-06-09T16:34:57Z</time>
    <extensions>
     <gpxdata:distance>26270.00</gpxdata:distance>
     <gpxdata:speed>2.250</gpxdata:speed>
    </extensions>
   </trkpt>
   <trkpt lat="47.5094283" lon="6.7969742">
    <ele>346</ele>
    <time>2026-06-09T16:34:58Z</time>
    <extensions>
     <gpxdata:distance>26273.50</gpxdata:distance>
     <gpxdata:speed>2.333</gpxdata:speed>
    </extensions>
   </trkpt>
   <trkpt lat="47.5094195" lon="6.7969461">
    <ele>346</ele>
    <time>2026-06-09T16:34:59Z</time>
    <extensions>
     <gpxdata:distance>26277.00</gpxdata:distance>
     <gpxdata:speed>2.350</gpxdata:speed>
    </extensions>
   </trkpt>
   <trkpt lat="47.5094117" lon="6.7969173">
    <ele>346</ele>
    <time>2026-06-09T16:35:00Z</time>
    <extensions>
     <gpxdata:distance>26278.00</gpxdata:distance>
     <gpxdata:speed>2.350</gpxdata:speed>
    </extensions>
   </trkpt>
   <trkpt lat="47.5094036" lon="6.7968884">
    <ele>346</ele>
    <time>2026-06-09T16:35:01Z</time>
    <extensions>
     <gpxdata:distance>26279.00</gpxdata:distance>
     <gpxdata:speed>2.356</gpxdata:speed>
    </extensions>
   </trkpt>
   <trkpt lat="47.5093946" lon="6.7968600">
    <ele>346</ele>
    <time>2026-06-09T16:35:02Z</time>
    <extensions>
     <gpxdata:distance>26281.50</gpxdata:distance>
     <gpxdata:speed>2.378</gpxdata:speed>
    </extensions>
   </trkpt>
   <trkpt lat="47.5093864" lon="6.7968308">
    <ele>346</ele>
    <time>2026-06-09T16:35:03Z</time>
    <extensions>
     <gpxdata:distance>26284.00</gpxdata:distance>
     <gpxdata:speed>2.381</gpxdata:speed>
    </extensions>
   </trkpt>
   <trkpt lat="47.5093779" lon="6.7968014">
    <ele>346</ele>
    <time>2026-06-09T16:35:04Z</time>
    <extensions>
     <gpxdata:distance>26286.50</gpxdata:distance>
     <gpxdata:speed>2.397</gpxdata:speed>
    </extensions>
   </trkpt>
   <trkpt lat="47.5093695" lon="6.7967717">
    <ele>346</ele>
    <time>2026-06-09T16:35:05Z</time>
    <extensions>
     <gpxdata:distance>26289.00</gpxdata:distance>
     <gpxdata:speed>2.411</gpxdata:speed>
    </extensions>
   </trkpt>
   <trkpt lat="47.5093619" lon="6.7967413">
    <ele>346</ele>
    <time>2026-06-09T16:35:06Z</time>
    <extensions>
     <gpxdata:distance>26291.50</gpxdata:distance>
     <gpxdata:speed>2.422</gpxdata:speed>
    </extensions>
   </trkpt>
   <trkpt lat="47.5093547" lon="6.7967108">
    <ele>346</ele>
    <time>2026-06-09T16:35:07Z</time>
    <extensions>
     <gpxdata:distance>26294.00</gpxdata:distance>
     <gpxdata:speed>2.439</gpxdata:speed>
    </extensions>
   </trkpt>
   <trkpt lat="47.5093480" lon="6.7966798">
    <ele>346</ele>
    <time>2026-06-09T16:35:08Z</time>
    <extensions>
     <gpxdata:distance>26296.50</gpxdata:distance>
     <gpxdata:speed>2.433</gpxdata:speed>
    </extensions>
   </trkpt>
   <trkpt lat="47.5093418" lon="6.7966481">
    <ele>346</ele>
    <time>2026-06-09T16:35:09Z</time>
    <extensions>
     <gpxdata:distance>26299.00</gpxdata:distance>
     <gpxdata:speed>2.444</gpxdata:speed>
    </extensions>
   </trkpt>
   <trkpt lat="47.5093359" lon="6.7966164">
    <ele>346</ele>
    <time>2026-06-09T16:35:10Z</time>
    <extensions>
     <gpxdata:distance>26301.50</gpxdata:distance>
     <gpxdata:speed>2.472</gpxdata:speed>
    </extensions>
   </trkpt>
   <trkpt lat="47.5093322" lon="6.7965854">
    <ele>346</ele>
    <time>2026-06-09T16:35:11Z</time>
    <extensions>
     <gpxdata:distance>26304.00</gpxdata:distance>
     <gpxdata:speed>2.464</gpxdata:speed>
    </extensions>
   </trkpt>
   <trkpt lat="47.5093304" lon="6.7965565">
    <ele>346</ele>
    <time>2026-06-09T16:35:12Z</time>
    <extensions>
     <gpxdata:distance>26306.00</gpxdata:distance>
     <gpxdata:speed>2.408</gpxdata:speed>
    </extensions>
   </trkpt>
   <trkpt lat="47.5093317" lon="6.7965310">
    <ele>346</ele>
    <time>2026-06-09T16:35:13Z</time>
    <extensions>
     <gpxdata:distance>26308.00</gpxdata:distance>
     <gpxdata:speed>2.278</gpxdata:speed>
    </extensions>
   </trkpt>
   <trkpt lat="47.5093362" lon="6.7965169">
    <ele>346</ele>
    <time>2026-06-09T16:35:14Z</time>
    <extensions>
     <gpxdata:distance>26309.00</gpxdata:distance>
     <gpxdata:speed>1.889</gpxdata:speed>
    </extensions>
   </trkpt>
   <trkpt lat="47.5093451" lon="6.7965036">
    <ele>346</ele>
    <time>2026-06-09T16:35:15Z</time>
    <extensions>
     <gpxdata:distance>26310.00</gpxdata:distance>
     <gpxdata:speed>1.853</gpxdata:speed>
    </extensions>
   </trkpt>
   <trkpt lat="47.5093611" lon="6.7964856">
    <ele>346</ele>
    <time>2026-06-09T16:35:16Z</time>
    <extensions>
     <gpxdata:distance>26313.00</gpxdata:distance>
     <gpxdata:speed>2.000</gpxdata:speed>
    </extensions>
   </trkpt>
   <trkpt lat="47.5093758" lon="6.7964705">
    <ele>346</ele>
    <time>2026-06-09T16:35:17Z</time>
    <extensions>
     <gpxdata:distance>26316.00</gpxdata:distance>
     <gpxdata:speed>1.900</gpxdata:speed>
    </extensions>
   </trkpt>
   <trkpt lat="47.5093844" lon="6.7964617">
    <ele>346</ele>
    <time>2026-06-09T16:35:18Z</time>
    <extensions>
     <gpxdata:distance>26316.50</gpxdata:distance>
     <gpxdata:speed>1.900</gpxdata:speed>
    </extensions>
   </trkpt>
   <trkpt lat="47.5094488" lon="6.7963076">
    <ele>346</ele>
    <time>2026-06-09T16:37:46Z</time>
    <extensions>
     <gpxdata:distance>26334.00</gpxdata:distance>
     <gpxdata:speed>1.256</gpxdata:speed>
    </extensions>
   </trkpt>
   <trkpt lat="47.5094633" lon="6.7962935">
    <ele>346</ele>
    <time>2026-06-09T16:37:47Z</time>
    <extensions>
     <gpxdata:distance>26334.00</gpxdata:distance>
     <gpxdata:speed>1.744</gpxdata:speed>
    </extensions>
   </trkpt>
   <trkpt lat="47.5094789" lon="6.7962811">
    <ele>346</ele>
    <time>2026-06-09T16:37:48Z</time>
    <extensions>
     <gpxdata:distance>26335.00</gpxdata:distance>
     <gpxdata:speed>1.914</gpxdata:speed>
    </extensions>
   </trkpt>
   <trkpt lat="47.5094965" lon="6.7962696">
    <ele>346</ele>
    <time>2026-06-09T16:37:49Z</time>
    <extensions>
     <gpxdata:distance>26336.00</gpxdata:distance>
     <gpxdata:speed>1.914</gpxdata:speed>
    </extensions>
   </trkpt>
   <trkpt lat="47.5095245" lon="6.7962545">
    <ele>346</ele>
    <time>2026-06-09T16:37:50Z</time>
    <extensions>
     <gpxdata:distance>26339.00</gpxdata:distance>
     <gpxdata:speed>2.297</gpxdata:speed>
    </extensions>
   </trkpt>
   <trkpt lat="47.5095524" lon="6.7962411">
    <ele>346</ele>
    <time>2026-06-09T16:37:51Z</time>
    <extensions>
     <gpxdata:distance>26342.00</gpxdata:distance>
     <gpxdata:speed>2.756</gpxdata:speed>
    </extensions>
   </trkpt>
   <trkpt lat="47.5096022" lon="6.7962190">
    <ele>346</ele>
    <time>2026-06-09T16:37:52Z</time>
    <extensions>
     <gpxdata:distance>26346.00</gpxdata:distance>
     <gpxdata:speed>3.258</gpxdata:speed>
    </extensions>
   </trkpt>
   <trkpt lat="47.5096410" lon="6.7962043">
    <ele>346</ele>
    <time>2026-06-09T16:37:53Z</time>
    <extensions>
     <gpxdata:distance>26350.00</gpxdata:distance>
     <gpxdata:speed>3.819</gpxdata:speed>
    </extensions>
   </trkpt>
   <trkpt lat="47.5096791" lon="6.7961927">
    <ele>346</ele>
    <time>2026-06-09T16:37:54Z</time>
    <extensions>
     <gpxdata:distance>26354.50</gpxdata:distance>
     <gpxdata:speed>4.117</gpxdata:speed>
    </extensions>
   </trkpt>
   <trkpt lat="47.5097147" lon="6.7961825">
    <ele>346</ele>
    <time>2026-06-09T16:37:55Z</time>
    <extensions>
     <gpxdata:distance>26359.00</gpxdata:distance>
     <gpxdata:speed>4.247</gpxdata:speed>
    </extensions>
   </trkpt>
   <trkpt lat="47.5097486" lon="6.7961733">
    <ele>346</ele>
    <time>2026-06-09T16:37:56Z</time>
    <extensions>
     <gpxdata:distance>26362.50</gpxdata:distance>
     <gpxdata:speed>3.936</gpxdata:speed>
    </extensions>
   </trkpt>
   <trkpt lat="47.5097790" lon="6.7961635">
    <ele>346</ele>
    <time>2026-06-09T16:37:57Z</time>
    <extensions>
     <gpxdata:distance>26366.00</gpxdata:distance>
     <gpxdata:speed>3.803</gpxdata:speed>
    </extensions>
   </trkpt>
   <trkpt lat="47.5098069" lon="6.7961534">
    <ele>346</ele>
    <time>2026-06-09T16:37:58Z</time>
    <extensions>
     <gpxdata:distance>26369.00</gpxdata:distance>
     <gpxdata:speed>3.461</gpxdata:speed>
    </extensions>
   </trkpt>
   <trkpt lat="47.5098337" lon="6.7961433">
    <ele>346</ele>
    <time>2026-06-09T16:37:59Z</time>
    <extensions>
     <gpxdata:distance>26372.00</gpxdata:distance>
     <gpxdata:speed>3.331</gpxdata:speed>
    </extensions>
   </trkpt>
   <trkpt lat="47.5098598" lon="6.7961332">
    <ele>346</ele>
    <time>2026-06-09T16:38:00Z</time>
    <extensions>
     <gpxdata:distance>26375.00</gpxdata:distance>
     <gpxdata:speed>3.156</gpxdata:speed>
    </extensions>
   </trkpt>
   <trkpt lat="47.5098847" lon="6.7961237">
    <ele>346</ele>
    <time>2026-06-09T16:38:01Z</time>
    <extensions>
     <gpxdata:distance>26378.00</gpxdata:distance>
     <gpxdata:speed>3.089</gpxdata:speed>
    </extensions>
   </trkpt>
   <trkpt lat="47.5098983" lon="6.7961182">
    <ele>346</ele>
    <time>2026-06-09T16:38:02Z</time>
    <extensions>
     <gpxdata:distance>26381.00</gpxdata:distance>
     <gpxdata:speed>2.886</gpxdata:speed>
    </extensions>
   </trkpt>
   <trkpt lat="47.5099169" lon="6.7961100">
    <ele>346</ele>
    <time>2026-06-09T16:38:03Z</time>
    <extensions>
     <gpxdata:distance>26384.00</gpxdata:distance>
     <gpxdata:speed>2.753</gpxdata:speed>
    </extensions>
   </trkpt>
   <trkpt lat="47.5099387" lon="6.7961011">
    <ele>346</ele>
    <time>2026-06-09T16:38:04Z</time>
    <extensions>
     <gpxdata:distance>26388.00</gpxdata:distance>
     <gpxdata:speed>2.811</gpxdata:speed>
    </extensions>
   </trkpt>
   <trkpt lat="47.5099620" lon="6.7960927">
    <ele>346</ele>
    <time>2026-06-09T16:38:05Z</time>
    <extensions>
     <gpxdata:distance>26392.00</gpxdata:distance>
     <gpxdata:speed>2.783</gpxdata:speed>
    </extensions>
   </trkpt>
   <trkpt lat="47.5099842" lon="6.7960859">
    <ele>346</ele>
    <time>2026-06-09T16:38:06Z</time>
    <extensions>
     <gpxdata:distance>26393.00</gpxdata:distance>
     <gpxdata:speed>2.436</gpxdata:speed>
    </extensions>
   </trkpt>
   <trkpt lat="47.5100049" lon="6.7960805">
    <ele>346</ele>
    <time>2026-06-09T16:38:07Z</time>
    <extensions>
     <gpxdata:distance>26394.00</gpxdata:distance>
     <gpxdata:speed>2.436</gpxdata:speed>
    </extensions>
   </trkpt>
   <trkpt lat="47.5100244" lon="6.7960754">
    <ele>346</ele>
    <time>2026-06-09T16:38:08Z</time>
    <extensions>
     <gpxdata:distance>26396.00</gpxdata:distance>
     <gpxdata:speed>2.106</gpxdata:speed>
    </extensions>
   </trkpt>
   <trkpt lat="47.5100442" lon="6.7960698">
    <ele>346</ele>
    <time>2026-06-09T16:38:09Z</time>
    <extensions>
     <gpxdata:distance>26398.00</gpxdata:distance>
     <gpxdata:speed>2.106</gpxdata:speed>
    </extensions>
   </trkpt>
   <trkpt lat="47.5100661" lon="6.7960628">
    <ele>346</ele>
    <time>2026-06-09T16:38:10Z</time>
    <extensions>
     <gpxdata:distance>26401.00</gpxdata:distance>
     <gpxdata:speed>2.275</gpxdata:speed>
    </extensions>
   </trkpt>
   <trkpt lat="47.5100904" lon="6.7960533">
    <ele>346</ele>
    <time>2026-06-09T16:38:11Z</time>
    <extensions>
     <gpxdata:distance>26404.00</gpxdata:distance>
     <gpxdata:speed>2.494</gpxdata:speed>
    </extensions>
   </trkpt>
   <trkpt lat="47.5101168" lon="6.7960416">
    <ele>346</ele>
    <time>2026-06-09T16:38:12Z</time>
    <extensions>
     <gpxdata:distance>26407.50</gpxdata:distance>
     <gpxdata:speed>2.728</gpxdata:speed>
    </extensions>
   </trkpt>
   <trkpt lat="47.5101453" lon="6.7960273">
    <ele>346</ele>
    <time>2026-06-09T16:38:13Z</time>
    <extensions>
     <gpxdata:distance>26411.00</gpxdata:distance>
     <gpxdata:speed>2.961</gpxdata:speed>
    </extensions>
   </trkpt>
   <trkpt lat="47.5101946" lon="6.7960013">
    <ele>346</ele>
    <time>2026-06-09T16:38:14Z</time>
    <extensions>
     <gpxdata:distance>26414.50</gpxdata:distance>
     <gpxdata:speed>3.219</gpxdata:speed>
    </extensions>
   </trkpt>
   <trkpt lat="47.5102289" lon="6.7959824">
    <ele>346</ele>
    <time>2026-06-09T16:38:15Z</time>
    <extensions>
     <gpxdata:distance>26418.00</gpxdata:distance>
     <gpxdata:speed>3.439</gpxdata:speed>
    </extensions>
   </trkpt>
   <trkpt lat="47.5102589" lon="6.7959664">
    <ele>346</ele>
    <time>2026-06-09T16:38:16Z</time>
    <extensions>
     <gpxdata:distance>26423.00</gpxdata:distance>
     <gpxdata:speed>3.514</gpxdata:speed>
    </extensions>
   </trkpt>
   <trkpt lat="47.5102858" lon="6.7959520">
    <ele>346</ele>
    <time>2026-06-09T16:38:17Z</time>
    <extensions>
     <gpxdata:distance>26428.00</gpxdata:distance>
     <gpxdata:speed>3.342</gpxdata:speed>
    </extensions>
   </trkpt>
   <trkpt lat="47.5103092" lon="6.7959395">
    <ele>346</ele>
    <time>2026-06-09T16:38:18Z</time>
    <extensions>
     <gpxdata:distance>26429.00</gpxdata:distance>
     <gpxdata:speed>3.342</gpxdata:speed>
    </extensions>
   </trkpt>
   <trkpt lat="47.5103284" lon="6.7959294">
    <ele>346</ele>
    <time>2026-06-09T16:38:19Z</time>
    <extensions>
     <gpxdata:distance>26430.00</gpxdata:distance>
     <gpxdata:speed>3.086</gpxdata:speed>
    </extensions>
   </trkpt>
   <trkpt lat="47.5103361" lon="6.7959247">
    <ele>346</ele>
    <time>2026-06-09T16:38:20Z</time>
    <extensions>
     <gpxdata:distance>26431.50</gpxdata:distance>
     <gpxdata:speed>2.308</gpxdata:speed>
    </extensions>
   </trkpt>
   <trkpt lat="47.5103406" lon="6.7959216">
    <ele>346</ele>
    <time>2026-06-09T16:38:21Z</time>
    <extensions>
     <gpxdata:distance>26433.00</gpxdata:distance>
     <gpxdata:speed>1.622</gpxdata:speed>
    </extensions>
   </trkpt>
   <trkpt lat="47.5103434" lon="6.7959200">
    <ele>346</ele>
    <time>2026-06-09T16:38:22Z</time>
    <extensions>
     <gpxdata:distance>26433.00</gpxdata:distance>
     <gpxdata:speed>1.622</gpxdata:speed>
    </extensions>
   </trkpt>
   <trkpt lat="47.5103430" lon="6.7959205">
    <ele>346</ele>
    <time>2026-06-09T16:38:23Z</time>
    <extensions>
     <gpxdata:distance>26433.00</gpxdata:distance>
     <gpxdata:speed>1.622</gpxdata:speed>
    </extensions>
   </trkpt>
   <trkpt lat="47.5103387" lon="6.7959225">
    <ele>346</ele>
    <time>2026-06-09T16:38:24Z</time>
    <extensions>
     <gpxdata:distance>26434.50</gpxdata:distance>
     <gpxdata:speed>1.622</gpxdata:speed>
    </extensions>
   </trkpt>
   <trkpt lat="47.5103293" lon="6.7959265">
    <ele>346</ele>
    <time>2026-06-09T16:38:25Z</time>
    <extensions>
     <gpxdata:distance>26436.00</gpxdata:distance>
     <gpxdata:speed>1.875</gpxdata:speed>
    </extensions>
   </trkpt>
   <trkpt lat="47.5103156" lon="6.7959311">
    <ele>346</ele>
    <time>2026-06-09T16:38:26Z</time>
    <extensions>
     <gpxdata:distance>26438.50</gpxdata:distance>
     <gpxdata:speed>2.061</gpxdata:speed>
    </extensions>
   </trkpt>
   <trkpt lat="47.5102932" lon="6.7959385">
    <ele>346</ele>
    <time>2026-06-09T16:38:27Z</time>
    <extensions>
     <gpxdata:distance>26441.00</gpxdata:distance>
     <gpxdata:speed>2.161</gpxdata:speed>
    </extensions>
   </trkpt>
   <trkpt lat="47.5102736" lon="6.7959456">
    <ele>346</ele>
    <time>2026-06-09T16:38:28Z</time>
    <extensions>
     <gpxdata:distance>26443.00</gpxdata:distance>
     <gpxdata:speed>2.158</gpxdata:speed>
    </extensions>
   </trkpt>
   <trkpt lat="47.5102560" lon="6.7959511">
    <ele>346</ele>
    <time>2026-06-09T16:38:29Z</time>
    <extensions>
     <gpxdata:distance>26445.00</gpxdata:distance>
     <gpxdata:speed>2.056</gpxdata:speed>
    </extensions>
   </trkpt>
   <trkpt lat="47.5102953" lon="6.7958776">
    <ele>346</ele>
    <time>2026-06-09T16:40:16Z</time>
    <extensions>
     <gpxdata:distance>26464.00</gpxdata:distance>
     <gpxdata:speed>2.622</gpxdata:speed>
    </extensions>
   </trkpt>
   <trkpt lat="47.5103204" lon="6.7958685">
    <ele>346</ele>
    <time>2026-06-09T16:40:17Z</time>
    <extensions>
     <gpxdata:distance>26464.00</gpxdata:distance>
     <gpxdata:speed>3.072</gpxdata:speed>
    </extensions>
   </trkpt>
   <trkpt lat="47.5103647" lon="6.7958530">
    <ele>346</ele>
    <time>2026-06-09T16:40:18Z</time>
    <extensions>
     <gpxdata:distance>26467.50</gpxdata:distance>
     <gpxdata:speed>3.375</gpxdata:speed>
    </extensions>
   </trkpt>
   <trkpt lat="47.5103979" lon="6.7958411">
    <ele>346</ele>
    <time>2026-06-09T16:40:19Z</time>
    <extensions>
     <gpxdata:distance>26471.00</gpxdata:distance>
     <gpxdata:speed>3.508</gpxdata:speed>
    </extensions>
   </trkpt>
   <trkpt lat="47.5104279" lon="6.7958286">
    <ele>346</ele>
    <time>2026-06-09T16:40:20Z</time>
    <extensions>
     <gpxdata:distance>26472.50</gpxdata:distance>
     <gpxdata:speed>3.508</gpxdata:speed>
    </extensions>
   </trkpt>
   <trkpt lat="47.5104560" lon="6.7958158">
    <ele>346</ele>
    <time>2026-06-09T16:40:21Z</time>
    <extensions>
     <gpxdata:distance>26474.00</gpxdata:distance>
     <gpxdata:speed>3.394</gpxdata:speed>
    </extensions>
   </trkpt>
   <trkpt lat="47.5104822" lon="6.7958034">
    <ele>346</ele>
    <time>2026-06-09T16:40:22Z</time>
    <extensions>
     <gpxdata:distance>26477.00</gpxdata:distance>
     <gpxdata:speed>3.050</gpxdata:speed>
    </extensions>
   </trkpt>
   <trkpt lat="47.5105094" lon="6.7957953">
    <ele>346</ele>
    <time>2026-06-09T16:40:23Z</time>
    <extensions>
     <gpxdata:distance>26480.00</gpxdata:distance>
     <gpxdata:speed>3.050</gpxdata:speed>
    </extensions>
   </trkpt>
   <trkpt lat="47.5105382" lon="6.7957962">
    <ele>346</ele>
    <time>2026-06-09T16:40:24Z</time>
    <extensions>
     <gpxdata:distance>26483.50</gpxdata:distance>
     <gpxdata:speed>3.181</gpxdata:speed>
    </extensions>
   </trkpt>
   <trkpt lat="47.5105687" lon="6.7958097">
    <ele>346</ele>
    <time>2026-06-09T16:40:25Z</time>
    <extensions>
     <gpxdata:distance>26487.00</gpxdata:distance>
     <gpxdata:speed>3.364</gpxdata:speed>
    </extensions>
   </trkpt>
   <trkpt lat="47.5105999" lon="6.7958359">
    <ele>346</ele>
    <time>2026-06-09T16:40:26Z</time>
    <extensions>
     <gpxdata:distance>26491.50</gpxdata:distance>
     <gpxdata:speed>3.731</gpxdata:speed>
    </extensions>
   </trkpt>
   <trkpt lat="47.5106305" lon="6.7958743">
    <ele>346</ele>
    <time>2026-06-09T16:40:27Z</time>
    <extensions>
     <gpxdata:distance>26496.00</gpxdata:distance>
     <gpxdata:speed>4.144</gpxdata:speed>
    </extensions>
   </trkpt>
   <trkpt lat="47.5106604" lon="6.7959214">
    <ele>347</ele>
    <time>2026-06-09T16:40:28Z</time>
    <extensions>
     <gpxdata:distance>26501.00</gpxdata:distance>
     <gpxdata:speed>4.553</gpxdata:speed>
    </extensions>
   </trkpt>
   <trkpt lat="47.5106886" lon="6.7959744">
    <ele>347</ele>
    <time>2026-06-09T16:40:29Z</time>
    <extensions>
     <gpxdata:distance>26506.00</gpxdata:distance>
     <gpxdata:speed>4.747</gpxdata:speed>
    </extensions>
   </trkpt>
   <trkpt lat="47.5107167" lon="6.7960287">
    <ele>347</ele>
    <time>2026-06-09T16:40:30Z</time>
    <extensions>
     <gpxdata:distance>26511.00</gpxdata:distance>
     <gpxdata:speed>4.989</gpxdata:speed>
    </extensions>
   </trkpt>
   <trkpt lat="47.5107449" lon="6.7960830">
    <ele>347</ele>
    <time>2026-06-09T16:40:31Z</time>
    <extensions>
     <gpxdata:distance>26516.00</gpxdata:distance>
     <gpxdata:speed>5.058</gpxdata:speed>
    </extensions>
   </trkpt>
   <trkpt lat="47.5107727" lon="6.7961369">
    <ele>347</ele>
    <time>2026-06-09T16:40:32Z</time>
    <extensions>
     <gpxdata:distance>26521.00</gpxdata:distance>
     <gpxdata:speed>5.078</gpxdata:speed>
    </extensions>
   </trkpt>
   <trkpt lat="47.5108007" lon="6.7961903">
    <ele>347</ele>
    <time>2026-06-09T16:40:33Z</time>
    <extensions>
     <gpxdata:distance>26526.00</gpxdata:distance>
     <gpxdata:speed>5.058</gpxdata:speed>
    </extensions>
   </trkpt>
   <trkpt lat="47.5108284" lon="6.7962462">
    <ele>347</ele>
    <time>2026-06-09T16:40:34Z</time>
    <extensions>
     <gpxdata:distance>26534.00</gpxdata:distance>
     <gpxdata:speed>5.236</gpxdata:speed>
    </extensions>
   </trkpt>
   <trkpt lat="47.5108550" lon="6.7963065">
    <ele>347</ele>
    <time>2026-06-09T16:40:35Z</time>
    <extensions>
     <gpxdata:distance>26542.00</gpxdata:distance>
     <gpxdata:speed>5.461</gpxdata:speed>
    </extensions>
   </trkpt>
   <trkpt lat="47.5108804" lon="6.7963709">
    <ele>347</ele>
    <time>2026-06-09T16:40:36Z</time>
    <extensions>
     <gpxdata:distance>26548.00</gpxdata:distance>
     <gpxdata:speed>5.625</gpxdata:speed>
    </extensions>
   </trkpt>
   <trkpt lat="47.5109066" lon="6.7964368">
    <ele>347</ele>
    <time>2026-06-09T16:40:37Z</time>
    <extensions>
     <gpxdata:distance>26554.00</gpxdata:distance>
     <gpxdata:speed>5.731</gpxdata:speed>
    </extensions>
   </trkpt>
   <trkpt lat="47.5109320" lon="6.7965020">
    <ele>347</ele>
    <time>2026-06-09T16:40:38Z</time>
    <extensions>
     <gpxdata:distance>26559.50</gpxdata:distance>
     <gpxdata:speed>5.669</gpxdata:speed>
    </extensions>
   </trkpt>
   <trkpt lat="47.5109552" lon="6.7965666">
    <ele>347</ele>
    <time>2026-06-09T16:40:39Z</time>
    <extensions>
     <gpxdata:distance>26565.00</gpxdata:distance>
     <gpxdata:speed>5.578</gpxdata:speed>
    </extensions>
   </trkpt>
   <trkpt lat="47.5109764" lon="6.7966293">
    <ele>347</ele>
    <time>2026-06-09T16:40:40Z</time>
    <extensions>
     <gpxdata:distance>26567.50</gpxdata:distance>
     <gpxdata:speed>5.578</gpxdata:speed>
    </extensions>
   </trkpt>
   <trkpt lat="47.5109958" lon="6.7966891">
    <ele>347</ele>
    <time>2026-06-09T16:40:41Z</time>
    <extensions>
     <gpxdata:distance>26570.00</gpxdata:distance>
     <gpxdata:speed>5.436</gpxdata:speed>
    </extensions>
   </trkpt>
   <trkpt lat="47.5110145" lon="6.7967453">
    <ele>347</ele>
    <time>2026-06-09T16:40:42Z</time>
    <extensions>
     <gpxdata:distance>26576.50</gpxdata:distance>
     <gpxdata:speed>5.242</gpxdata:speed>
    </extensions>
   </trkpt>
   <trkpt lat="47.5110333" lon="6.7967991">
    <ele>347</ele>
    <time>2026-06-09T16:40:43Z</time>
    <extensions>
     <gpxdata:distance>26583.00</gpxdata:distance>
     <gpxdata:speed>4.856</gpxdata:speed>
    </extensions>
   </trkpt>
   <trkpt lat="47.5110524" lon="6.7968526">
    <ele>347</ele>
    <time>2026-06-09T16:40:44Z</time>
    <extensions>
     <gpxdata:distance>26585.50</gpxdata:distance>
     <gpxdata:speed>4.758</gpxdata:speed>
    </extensions>
   </trkpt>
   <trkpt lat="47.5110704" lon="6.7969096">
    <ele>347</ele>
    <time>2026-06-09T16:40:45Z</time>
    <extensions>
     <gpxdata:distance>26588.00</gpxdata:distance>
     <gpxdata:speed>4.758</gpxdata:speed>
    </extensions>
   </trkpt>
   <trkpt lat="47.5110872" lon="6.7969702">
    <ele>347</ele>
    <time>2026-06-09T16:40:46Z</time>
    <extensions>
     <gpxdata:distance>26595.50</gpxdata:distance>
     <gpxdata:speed>4.789</gpxdata:speed>
    </extensions>
   </trkpt>
   <trkpt lat="47.5111015" lon="6.7970341">
    <ele>347</ele>
    <time>2026-06-09T16:40:47Z</time>
    <extensions>
     <gpxdata:distance>26603.00</gpxdata:distance>
     <gpxdata:speed>4.944</gpxdata:speed>
    </extensions>
   </trkpt>
   <trkpt lat="47.5111143" lon="6.7971002">
    <ele>347</ele>
    <time>2026-06-09T16:40:48Z</time>
    <extensions>
     <gpxdata:distance>26608.50</gpxdata:distance>
     <gpxdata:speed>4.944</gpxdata:speed>
    </extensions>
   </trkpt>
   <trkpt lat="47.5111264" lon="6.7971667">
    <ele>347</ele>
    <time>2026-06-09T16:40:49Z</time>
    <extensions>
     <gpxdata:distance>26614.00</gpxdata:distance>
     <gpxdata:speed>5.069</gpxdata:speed>
    </extensions>
   </trkpt>
   <trkpt lat="47.5111378" lon="6.7972325">
    <ele>347</ele>
    <time>2026-06-09T16:40:50Z</time>
    <extensions>
     <gpxdata:distance>26616.50</gpxdata:distance>
     <gpxdata:speed>5.069</gpxdata:speed>
    </extensions>
   </trkpt>
   <trkpt lat="47.5111493" lon="6.7972964">
    <ele>347</ele>
    <time>2026-06-09T16:40:51Z</time>
    <extensions>
     <gpxdata:distance>26619.00</gpxdata:distance>
     <gpxdata:speed>5.061</gpxdata:speed>
    </extensions>
   </trkpt>
   <trkpt lat="47.5111600" lon="6.7973579">
    <ele>347</ele>
    <time>2026-06-09T16:40:52Z</time>
    <extensions>
     <gpxdata:distance>26625.50</gpxdata:distance>
     <gpxdata:speed>4.897</gpxdata:speed>
    </extensions>
   </trkpt>
   <trkpt lat="47.5111694" lon="6.7974167">
    <ele>347</ele>
    <time>2026-06-09T16:40:53Z</time>
    <extensions>
     <gpxdata:distance>26632.00</gpxdata:distance>
     <gpxdata:speed>4.742</gpxdata:speed>
    </extensions>
   </trkpt>
   <trkpt lat="47.5111784" lon="6.7974731">
    <ele>347</ele>
    <time>2026-06-09T16:40:54Z</time>
    <extensions>
     <gpxdata:distance>26636.50</gpxdata:distance>
     <gpxdata:speed>4.586</gpxdata:speed>
    </extensions>
   </trkpt>
   <trkpt lat="47.5111870" lon="6.7975281">
    <ele>347</ele>
    <time>2026-06-09T16:40:55Z</time>
    <extensions>
     <gpxdata:distance>26641.00</gpxdata:distance>
     <gpxdata:speed>4.456</gpxdata:speed>
    </extensions>
   </trkpt>
   <trkpt lat="47.5111952" lon="6.7975806">
    <ele>347</ele>
    <time>2026-06-09T16:40:56Z</time>
    <extensions>
     <gpxdata:distance>26642.50</gpxdata:distance>
     <gpxdata:speed>4.278</gpxdata:speed>
    </extensions>
   </trkpt>
   <trkpt lat="47.5112031" lon="6.7976303">
    <ele>347</ele>
    <time>2026-06-09T16:40:57Z</time>
    <extensions>
     <gpxdata:distance>26644.00</gpxdata:distance>
     <gpxdata:speed>4.278</gpxdata:speed>
    </extensions>
   </trkpt>
   <trkpt lat="47.5112104" lon="6.7976769">
    <ele>347</ele>
    <time>2026-06-09T16:40:58Z</time>
    <extensions>
     <gpxdata:distance>26647.50</gpxdata:distance>
     <gpxdata:speed>3.586</gpxdata:speed>
    </extensions>
   </trkpt>
   <trkpt lat="47.5112164" lon="6.7977203">
    <ele>347</ele>
    <time>2026-06-09T16:40:59Z</time>
    <extensions>
     <gpxdata:distance>26651.00</gpxdata:distance>
     <gpxdata:speed>3.586</gpxdata:speed>
    </extensions>
   </trkpt>
   <trkpt lat="47.5112221" lon="6.7977601">
    <ele>347</ele>
    <time>2026-06-09T16:41:00Z</time>
    <extensions>
     <gpxdata:distance>26655.50</gpxdata:distance>
     <gpxdata:speed>3.331</gpxdata:speed>
    </extensions>
   </trkpt>
   <trkpt lat="47.5112281" lon="6.7977960">
    <ele>347</ele>
    <time>2026-06-09T16:41:01Z</time>
    <extensions>
     <gpxdata:distance>26660.00</gpxdata:distance>
     <gpxdata:speed>2.775</gpxdata:speed>
    </extensions>
   </trkpt>
   <trkpt lat="47.5112307" lon="6.7978131">
    <ele>347</ele>
    <time>2026-06-09T16:41:02Z</time>
    <extensions>
     <gpxdata:distance>26660.50</gpxdata:distance>
     <gpxdata:speed>2.775</gpxdata:speed>
    </extensions>
   </trkpt>
   <trkpt lat="47.5112322" lon="6.7978331">
    <ele>347</ele>
    <time>2026-06-09T16:41:03Z</time>
    <extensions>
     <gpxdata:distance>26661.00</gpxdata:distance>
     <gpxdata:speed>2.289</gpxdata:speed>
    </extensions>
   </trkpt>
   <trkpt lat="47.5112315" lon="6.7978470">
    <ele>347</ele>
    <time>2026-06-09T16:41:04Z</time>
    <extensions>
     <gpxdata:distance>26662.50</gpxdata:distance>
     <gpxdata:speed>1.636</gpxdata:speed>
    </extensions>
   </trkpt>
   <trkpt lat="47.5112291" lon="6.7978627">
    <ele>347</ele>
    <time>2026-06-09T16:41:05Z</time>
    <extensions>
     <gpxdata:distance>26664.00</gpxdata:distance>
     <gpxdata:speed>1.636</gpxdata:speed>
    </extensions>
   </trkpt>
   <trkpt lat="47.5112242" lon="6.7978790">
    <ele>347</ele>
    <time>2026-06-09T16:41:06Z</time>
    <extensions>
     <gpxdata:distance>26665.50</gpxdata:distance>
     <gpxdata:speed>1.517</gpxdata:speed>
    </extensions>
   </trkpt>
   <trkpt lat="47.5112152" lon="6.7978950">
    <ele>347</ele>
    <time>2026-06-09T16:41:07Z</time>
    <extensions>
     <gpxdata:distance>26667.00</gpxdata:distance>
     <gpxdata:speed>1.622</gpxdata:speed>
    </extensions>
   </trkpt>
   <trkpt lat="47.5112014" lon="6.7979109">
    <ele>347</ele>
    <time>2026-06-09T16:41:08Z</time>
    <extensions>
     <gpxdata:distance>26669.50</gpxdata:distance>
     <gpxdata:speed>2.131</gpxdata:speed>
    </extensions>
   </trkpt>
   <trkpt lat="47.5111761" lon="6.7979330">
    <ele>347</ele>
    <time>2026-06-09T16:41:09Z</time>
    <extensions>
     <gpxdata:distance>26672.00</gpxdata:distance>
     <gpxdata:speed>2.131</gpxdata:speed>
    </extensions>
   </trkpt>
   <trkpt lat="47.5111510" lon="6.7979530">
    <ele>347</ele>
    <time>2026-06-09T16:41:10Z</time>
    <extensions>
     <gpxdata:distance>26677.00</gpxdata:distance>
     <gpxdata:speed>2.494</gpxdata:speed>
    </extensions>
   </trkpt>
   <trkpt lat="47.5111258" lon="6.7979731">
    <ele>347</ele>
    <time>2026-06-09T16:41:11Z</time>
    <extensions>
     <gpxdata:distance>26682.00</gpxdata:distance>
     <gpxdata:speed>2.981</gpxdata:speed>
    </extensions>
   </trkpt>
   <trkpt lat="47.5110997" lon="6.7979920">
    <ele>347</ele>
    <time>2026-06-09T16:41:12Z</time>
    <extensions>
     <gpxdata:distance>26684.00</gpxdata:distance>
     <gpxdata:speed>3.303</gpxdata:speed>
    </extensions>
   </trkpt>
   <trkpt lat="47.5110585" lon="6.7980203">
    <ele>347</ele>
    <time>2026-06-09T16:41:13Z</time>
    <extensions>
     <gpxdata:distance>26686.00</gpxdata:distance>
     <gpxdata:speed>3.303</gpxdata:speed>
    </extensions>
   </trkpt>
   <trkpt lat="47.5110333" lon="6.7980417">
    <ele>347</ele>
    <time>2026-06-09T16:41:14Z</time>
    <extensions>
     <gpxdata:distance>26688.50</gpxdata:distance>
     <gpxdata:speed>2.975</gpxdata:speed>
    </extensions>
   </trkpt>
   <trkpt lat="47.5110245" lon="6.7980560">
    <ele>347</ele>
    <time>2026-06-09T16:41:15Z</time>
    <extensions>
     <gpxdata:distance>26691.00</gpxdata:distance>
     <gpxdata:speed>2.975</gpxdata:speed>
    </extensions>
   </trkpt>
   <trkpt lat="47.5110193" lon="6.7980792">
    <ele>347</ele>
    <time>2026-06-09T16:41:16Z</time>
    <extensions>
     <gpxdata:distance>26694.50</gpxdata:distance>
     <gpxdata:speed>2.811</gpxdata:speed>
    </extensions>
   </trkpt>
   <trkpt lat="47.5110201" lon="6.7981083">
    <ele>347</ele>
    <time>2026-06-09T16:41:17Z</time>
    <extensions>
     <gpxdata:distance>26698.00</gpxdata:distance>
     <gpxdata:speed>2.839</gpxdata:speed>
    </extensions>
   </trkpt>
   <trkpt lat="47.5110267" lon="6.7981427">
    <ele>347</ele>
    <time>2026-06-09T16:41:18Z</time>
    <extensions>
     <gpxdata:distance>26700.00</gpxdata:distance>
     <gpxdata:speed>3.014</gpxdata:speed>
    </extensions>
   </trkpt>
   <trkpt lat="47.5110448" lon="6.7982062">
    <ele>347</ele>
    <time>2026-06-09T16:41:19Z</time>
    <extensions>
     <gpxdata:distance>26702.00</gpxdata:distance>
     <gpxdata:speed>3.014</gpxdata:speed>
    </extensions>
   </trkpt>
   <trkpt lat="47.5110617" lon="6.7982566">
    <ele>347</ele>
    <time>2026-06-09T16:41:20Z</time>
    <extensions>
     <gpxdata:distance>26706.00</gpxdata:distance>
     <gpxdata:speed>3.553</gpxdata:speed>
    </extensions>
   </trkpt>
   <trkpt lat="47.5110790" lon="6.7983069">
    <ele>347</ele>
    <time>2026-06-09T16:41:21Z</time>
    <extensions>
     <gpxdata:distance>26710.00</gpxdata:distance>
     <gpxdata:speed>3.553</gpxdata:speed>
    </extensions>
   </trkpt>
   <trkpt lat="47.5110963" lon="6.7983580">
    <ele>347</ele>
    <time>2026-06-09T16:41:22Z</time>
    <extensions>
     <gpxdata:distance>26716.50</gpxdata:distance>
     <gpxdata:speed>4.181</gpxdata:speed>
    </extensions>
   </trkpt>
   <trkpt lat="47.5111129" lon="6.7984095">
    <ele>347</ele>
    <time>2026-06-09T16:41:23Z</time>
    <extensions>
     <gpxdata:distance>26723.00</gpxdata:distance>
     <gpxdata:speed>4.236</gpxdata:speed>
    </extensions>
   </trkpt>
   <trkpt lat="47.5111279" lon="6.7984608">
    <ele>347</ele>
    <time>2026-06-09T16:41:24Z</time>
    <extensions>
     <gpxdata:distance>26727.00</gpxdata:distance>
     <gpxdata:speed>4.236</gpxdata:speed>
    </extensions>
   </trkpt>
   <trkpt lat="47.5111426" lon="6.7985105">
    <ele>347</ele>
    <time>2026-06-09T16:41:25Z</time>
    <extensions>
     <gpxdata:distance>26731.00</gpxdata:distance>
     <gpxdata:speed>4.056</gpxdata:speed>
    </extensions>
   </trkpt>
   <trkpt lat="47.5111588" lon="6.7985598">
    <ele>347</ele>
    <time>2026-06-09T16:41:26Z</time>
    <extensions>
     <gpxdata:distance>26735.00</gpxdata:distance>
     <gpxdata:speed>4.150</gpxdata:speed>
    </extensions>
   </trkpt>
   <trkpt lat="47.5111757" lon="6.7986081">
    <ele>347</ele>
    <time>2026-06-09T16:41:27Z</time>
    <extensions>
     <gpxdata:distance>26739.00</gpxdata:distance>
     <gpxdata:speed>4.094</gpxdata:speed>
    </extensions>
   </trkpt>
   <trkpt lat="47.5111923" lon="6.7986538">
    <ele>347</ele>
    <time>2026-06-09T16:41:28Z</time>
    <extensions>
     <gpxdata:distance>26742.50</gpxdata:distance>
     <gpxdata:speed>3.906</gpxdata:speed>
    </extensions>
   </trkpt>
   <trkpt lat="47.5112090" lon="6.7986977">
    <ele>347</ele>
    <time>2026-06-09T16:41:29Z</time>
    <extensions>
     <gpxdata:distance>26746.00</gpxdata:distance>
     <gpxdata:speed>3.833</gpxdata:speed>
    </extensions>
   </trkpt>
   <trkpt lat="47.5112240" lon="6.7987387">
    <ele>347</ele>
    <time>2026-06-09T16:41:30Z</time>
    <extensions>
     <gpxdata:distance>26748.00</gpxdata:distance>
     <gpxdata:speed>3.833</gpxdata:speed>
    </extensions>
   </trkpt>
   <trkpt lat="47.5112348" lon="6.7987748">
    <ele>347</ele>
    <time>2026-06-09T16:41:31Z</time>
    <extensions>
     <gpxdata:distance>26750.00</gpxdata:distance>
     <gpxdata:speed>3.494</gpxdata:speed>
    </extensions>
   </trkpt>
   <trkpt lat="47.5112375" lon="6.7987906">
    <ele>347</ele>
    <time>2026-06-09T16:41:32Z</time>
    <extensions>
     <gpxdata:distance>26751.50</gpxdata:distance>
     <gpxdata:speed>2.108</gpxdata:speed>
    </extensions>
   </trkpt>
   <trkpt lat="47.5112385" lon="6.7988067">
    <ele>347</ele>
    <time>2026-06-09T16:41:33Z</time>
    <extensions>
     <gpxdata:distance>26753.00</gpxdata:distance>
     <gpxdata:speed>2.108</gpxdata:speed>
    </extensions>
   </trkpt>
   <trkpt lat="47.5111666" lon="6.7989237">
    <ele>347</ele>
    <time>2026-06-09T16:42:33Z</time>
    <extensions>
     <gpxdata:distance>26788.00</gpxdata:distance>
     <gpxdata:speed>2.536</gpxdata:speed>
    </extensions>
   </trkpt>
   <trkpt lat="47.5111452" lon="6.7989413">
    <ele>347</ele>
    <time>2026-06-09T16:42:34Z</time>
    <extensions>
     <gpxdata:distance>26788.00</gpxdata:distance>
     <gpxdata:speed>2.953</gpxdata:speed>
    </extensions>
   </trkpt>
   <trkpt lat="47.5111229" lon="6.7989558">
    <ele>347</ele>
    <time>2026-06-09T16:42:35Z</time>
    <extensions>
     <gpxdata:distance>26789.00</gpxdata:distance>
     <gpxdata:speed>2.903</gpxdata:speed>
    </extensions>
   </trkpt>
   <trkpt lat="47.5111001" lon="6.7989653">
    <ele>347</ele>
    <time>2026-06-09T16:42:36Z</time>
    <extensions>
     <gpxdata:distance>26790.00</gpxdata:distance>
     <gpxdata:speed>2.903</gpxdata:speed>
    </extensions>
   </trkpt>
   <trkpt lat="47.5110782" lon="6.7989698">
    <ele>347</ele>
    <time>2026-06-09T16:42:37Z</time>
    <extensions>
     <gpxdata:distance>26792.50</gpxdata:distance>
     <gpxdata:speed>2.831</gpxdata:speed>
    </extensions>
   </trkpt>
   <trkpt lat="47.5110588" lon="6.7989696">
    <ele>347</ele>
    <time>2026-06-09T16:42:38Z</time>
    <extensions>
     <gpxdata:distance>26795.00</gpxdata:distance>
     <gpxdata:speed>2.694</gpxdata:speed>
    </extensions>
   </trkpt>
   <trkpt lat="47.5110437" lon="6.7989667">
    <ele>347</ele>
    <time>2026-06-09T16:42:39Z</time>
    <extensions>
     <gpxdata:distance>26796.00</gpxdata:distance>
     <gpxdata:speed>2.447</gpxdata:speed>
    </extensions>
   </trkpt>
   <trkpt lat="47.5110325" lon="6.7989628">
    <ele>347</ele>
    <time>2026-06-09T16:42:40Z</time>
    <extensions>
     <gpxdata:distance>26797.00</gpxdata:distance>
     <gpxdata:speed>2.047</gpxdata:speed>
    </extensions>
   </trkpt>
   <trkpt lat="47.5110308" lon="6.7989620">
    <ele>347</ele>
    <time>2026-06-09T16:42:41Z</time>
    <extensions>
     <gpxdata:distance>26797.50</gpxdata:distance>
     <gpxdata:speed>1.144</gpxdata:speed>
    </extensions>
   </trkpt>
   <trkpt lat="47.5110291" lon="6.7989612">
    <ele>347</ele>
    <time>2026-06-09T16:42:42Z</time>
    <extensions>
     <gpxdata:distance>26798.00</gpxdata:distance>
     <gpxdata:speed>1.144</gpxdata:speed>
    </extensions>
   </trkpt>
   <trkpt lat="47.5110274" lon="6.7989605">
    <ele>347</ele>
    <time>2026-06-09T16:42:43Z</time>
    <extensions>
     <gpxdata:distance>26798.12</gpxdata:distance>
    </extensions>
   </trkpt>
   <trkpt lat="47.5110238" lon="6.7989572">
    <ele>347</ele>
    <time>2026-06-09T16:42:44Z</time>
    <extensions>
     <gpxdata:distance>26798.12</gpxdata:distance>
    </extensions>
   </trkpt>
   <trkpt lat="47.5110214" lon="6.7989519">
    <ele>347</ele>
    <time>2026-06-09T16:42:45Z</time>
    <extensions>
     <gpxdata:distance>26798.12</gpxdata:distance>
    </extensions>
   </trkpt>
   <trkpt lat="47.5110204" lon="6.7989448">
    <ele>347</ele>
    <time>2026-06-09T16:42:46Z</time>
    <extensions>
     <gpxdata:distance>26798.12</gpxdata:distance>
    </extensions>
   </trkpt>
   <trkpt lat="47.5110205" lon="6.7989366">
    <ele>347</ele>
    <time>2026-06-09T16:42:47Z</time>
    <extensions>
     <gpxdata:distance>26798.12</gpxdata:distance>
    </extensions>
   </trkpt>
  </trkseg>
 </trk>
</gpx>
