<?xml version="1.0" encoding="UTF-8"?>
<gpx xmlns="http://www.topografix.com/GPX/1/1" xmlns:gpxdata="http://www.cluetrust.com/XML/GPXDATA/1/0" xmlns:xsi="http://www.w3.org/2001/XMLSchema-instance" xsi:schemaLocation="http://www.topografix.com/GPX/1/1 https://www.topografix.com/GPX/1/1/gpx.xsd http://www.cluetrust.com/XML/GPXDATA/1/0 https://www.cluetrust.com/Schemas/gpxdata10.xsd" creator="COROS Wearables" version="1.1">
 <metadata>
  <link href="https://www.coros.com">
   <text>COROS</text>
  </link>
  <time>2026-06-15T05:54:33Z</time>
 </metadata>
 <trk>
  <name>Ulm Gravel</name>
  <type>Other</type>
  <trkseg>
   <trkpt lat="48.4428677" lon="9.9844582">
    <ele>621</ele>
    <time>2026-06-15T05:54:36Z</time>
    <extensions>
     <gpxdata:distance>0.00</gpxdata:distance>
    </extensions>
   </trkpt>
   <trkpt lat="48.4428635" lon="9.9844515">
    <ele>621</ele>
    <time>2026-06-15T05:54:37Z</time>
    <extensions>
     <gpxdata:distance>0.00</gpxdata:distance>
     <gpxdata:speed>0.683</gpxdata:speed>
    </extensions>
   </trkpt>
   <trkpt lat="48.4428618" lon="9.9844442">
    <ele>621</ele>
    <time>2026-06-15T05:54:38Z</time>
    <extensions>
     <gpxdata:distance>0.00</gpxdata:distance>
     <gpxdata:speed>0.894</gpxdata:speed>
    </extensions>
   </trkpt>
   <trkpt lat="48.4428610" lon="9.9844356">
    <ele>621</ele>
    <time>2026-06-15T05:54:39Z</time>
    <extensions>
     <gpxdata:distance>0.00</gpxdata:distance>
     <gpxdata:speed>1.075</gpxdata:speed>
    </extensions>
   </trkpt>
   <trkpt lat="48.4428605" lon="9.9844251">
    <ele>621</ele>
    <time>2026-06-15T05:54:40Z</time>
    <extensions>
     <gpxdata:distance>2.50</gpxdata:distance>
     <gpxdata:speed>1.047</gpxdata:speed>
    </extensions>
   </trkpt>
   <trkpt lat="48.4428592" lon="9.9844126">
    <ele>621</ele>
    <time>2026-06-15T05:54:41Z</time>
    <extensions>
     <gpxdata:distance>5.00</gpxdata:distance>
     <gpxdata:speed>1.219</gpxdata:speed>
    </extensions>
   </trkpt>
   <trkpt lat="48.4428556" lon="9.9843981">
    <ele>621</ele>
    <time>2026-06-15T05:54:42Z</time>
    <extensions>
     <gpxdata:distance>7.00</gpxdata:distance>
     <gpxdata:speed>1.219</gpxdata:speed>
    </extensions>
   </trkpt>
   <trkpt lat="48.4428488" lon="9.9843825">
    <ele>621</ele>
    <time>2026-06-15T05:54:43Z</time>
    <extensions>
     <gpxdata:distance>9.00</gpxdata:distance>
     <gpxdata:speed>1.625</gpxdata:speed>
    </extensions>
   </trkpt>
   <trkpt lat="48.4428373" lon="9.9843679">
    <ele>621</ele>
    <time>2026-06-15T05:54:44Z</time>
    <extensions>
     <gpxdata:distance>11.50</gpxdata:distance>
     <gpxdata:speed>2.050</gpxdata:speed>
    </extensions>
   </trkpt>
   <trkpt lat="48.4428145" lon="9.9843539">
    <ele>621</ele>
    <time>2026-06-15T05:54:45Z</time>
    <extensions>
     <gpxdata:distance>14.00</gpxdata:distance>
     <gpxdata:speed>2.539</gpxdata:speed>
    </extensions>
   </trkpt>
   <trkpt lat="48.4427891" lon="9.9843572">
    <ele>621</ele>
    <time>2026-06-15T05:54:46Z</time>
    <extensions>
     <gpxdata:distance>18.00</gpxdata:distance>
     <gpxdata:speed>3.294</gpxdata:speed>
    </extensions>
   </trkpt>
   <trkpt lat="48.4427444" lon="9.9843754">
    <ele>621</ele>
    <time>2026-06-15T05:54:47Z</time>
    <extensions>
     <gpxdata:distance>22.00</gpxdata:distance>
     <gpxdata:speed>3.636</gpxdata:speed>
    </extensions>
   </trkpt>
   <trkpt lat="48.4427120" lon="9.9843917">
    <ele>621</ele>
    <time>2026-06-15T05:54:48Z</time>
    <extensions>
     <gpxdata:distance>25.50</gpxdata:distance>
     <gpxdata:speed>3.664</gpxdata:speed>
    </extensions>
   </trkpt>
   <trkpt lat="48.4426819" lon="9.9844053">
    <ele>621</ele>
    <time>2026-06-15T05:54:49Z</time>
    <extensions>
     <gpxdata:distance>29.00</gpxdata:distance>
     <gpxdata:speed>3.581</gpxdata:speed>
    </extensions>
   </trkpt>
   <trkpt lat="48.4426513" lon="9.9844136">
    <ele>621</ele>
    <time>2026-06-15T05:54:50Z</time>
    <extensions>
     <gpxdata:distance>32.50</gpxdata:distance>
     <gpxdata:speed>3.592</gpxdata:speed>
    </extensions>
   </trkpt>
   <trkpt lat="48.4426194" lon="9.9844164">
    <ele>621</ele>
    <time>2026-06-15T05:54:51Z</time>
    <extensions>
     <gpxdata:distance>36.00</gpxdata:distance>
     <gpxdata:speed>3.686</gpxdata:speed>
    </extensions>
   </trkpt>
   <trkpt lat="48.4425854" lon="9.9844172">
    <ele>621</ele>
    <time>2026-06-15T05:54:52Z</time>
    <extensions>
     <gpxdata:distance>40.00</gpxdata:distance>
     <gpxdata:speed>3.817</gpxdata:speed>
    </extensions>
   </trkpt>
   <trkpt lat="48.4425496" lon="9.9844197">
    <ele>620</ele>
    <time>2026-06-15T05:54:53Z</time>
    <extensions>
     <gpxdata:distance>44.00</gpxdata:distance>
     <gpxdata:speed>3.956</gpxdata:speed>
    </extensions>
   </trkpt>
   <trkpt lat="48.4425120" lon="9.9844246">
    <ele>620</ele>
    <time>2026-06-15T05:54:54Z</time>
    <extensions>
     <gpxdata:distance>48.50</gpxdata:distance>
     <gpxdata:speed>4.081</gpxdata:speed>
    </extensions>
   </trkpt>
   <trkpt lat="48.4424723" lon="9.9844317">
    <ele>620</ele>
    <time>2026-06-15T05:54:55Z</time>
    <extensions>
     <gpxdata:distance>53.00</gpxdata:distance>
     <gpxdata:speed>4.250</gpxdata:speed>
    </extensions>
   </trkpt>
   <trkpt lat="48.4424308" lon="9.9844393">
    <ele>620</ele>
    <time>2026-06-15T05:54:56Z</time>
    <extensions>
     <gpxdata:distance>58.00</gpxdata:distance>
     <gpxdata:speed>4.394</gpxdata:speed>
    </extensions>
   </trkpt>
   <trkpt lat="48.4423884" lon="9.9844471">
    <ele>620</ele>
    <time>2026-06-15T05:54:57Z</time>
    <extensions>
     <gpxdata:distance>63.00</gpxdata:distance>
     <gpxdata:speed>4.492</gpxdata:speed>
    </extensions>
   </trkpt>
   <trkpt lat="48.4423472" lon="9.9844563">
    <ele>620</ele>
    <time>2026-06-15T05:54:58Z</time>
    <extensions>
     <gpxdata:distance>67.00</gpxdata:distance>
     <gpxdata:speed>4.519</gpxdata:speed>
    </extensions>
   </trkpt>
   <trkpt lat="48.4423094" lon="9.9844674">
    <ele>620</ele>
    <time>2026-06-15T05:54:59Z</time>
    <extensions>
     <gpxdata:distance>71.00</gpxdata:distance>
     <gpxdata:speed>4.469</gpxdata:speed>
    </extensions>
   </trkpt>
   <trkpt lat="48.4422772" lon="9.9844784">
    <ele>620</ele>
    <time>2026-06-15T05:55:00Z</time>
    <extensions>
     <gpxdata:distance>73.50</gpxdata:distance>
     <gpxdata:speed>4.172</gpxdata:speed>
    </extensions>
   </trkpt>
   <trkpt lat="48.4422525" lon="9.9844882">
    <ele>620</ele>
    <time>2026-06-15T05:55:01Z</time>
    <extensions>
     <gpxdata:distance>76.00</gpxdata:distance>
     <gpxdata:speed>3.581</gpxdata:speed>
    </extensions>
   </trkpt>
   <trkpt lat="48.4421846" lon="9.9845688">
    <ele>619</ele>
    <time>2026-06-15T05:55:16Z</time>
    <extensions>
     <gpxdata:distance>95.00</gpxdata:distance>
     <gpxdata:speed>2.569</gpxdata:speed>
    </extensions>
   </trkpt>
   <trkpt lat="48.4421792" lon="9.9846222">
    <ele>619</ele>
    <time>2026-06-15T05:55:17Z</time>
    <extensions>
     <gpxdata:distance>95.00</gpxdata:distance>
     <gpxdata:speed>2.494</gpxdata:speed>
    </extensions>
   </trkpt>
   <trkpt lat="48.4421799" lon="9.9846748">
    <ele>619</ele>
    <time>2026-06-15T05:55:18Z</time>
    <extensions>
     <gpxdata:distance>99.00</gpxdata:distance>
     <gpxdata:speed>3.686</gpxdata:speed>
    </extensions>
   </trkpt>
   <trkpt lat="48.4421881" lon="9.9847587">
    <ele>619</ele>
    <time>2026-06-15T05:55:19Z</time>
    <extensions>
     <gpxdata:distance>103.00</gpxdata:distance>
     <gpxdata:speed>4.036</gpxdata:speed>
    </extensions>
   </trkpt>
   <trkpt lat="48.4421976" lon="9.9848162">
    <ele>619</ele>
    <time>2026-06-15T05:55:20Z</time>
    <extensions>
     <gpxdata:distance>107.00</gpxdata:distance>
     <gpxdata:speed>4.083</gpxdata:speed>
    </extensions>
   </trkpt>
   <trkpt lat="48.4422082" lon="9.9848707">
    <ele>619</ele>
    <time>2026-06-15T05:55:21Z</time>
    <extensions>
     <gpxdata:distance>111.00</gpxdata:distance>
     <gpxdata:speed>4.272</gpxdata:speed>
    </extensions>
   </trkpt>
   <trkpt lat="48.4422199" lon="9.9849259">
    <ele>619</ele>
    <time>2026-06-15T05:55:22Z</time>
    <extensions>
     <gpxdata:distance>115.50</gpxdata:distance>
     <gpxdata:speed>4.392</gpxdata:speed>
    </extensions>
   </trkpt>
   <trkpt lat="48.4422321" lon="9.9849826">
    <ele>619</ele>
    <time>2026-06-15T05:55:23Z</time>
    <extensions>
     <gpxdata:distance>120.00</gpxdata:distance>
     <gpxdata:speed>4.483</gpxdata:speed>
    </extensions>
   </trkpt>
   <trkpt lat="48.4422446" lon="9.9850408">
    <ele>619</ele>
    <time>2026-06-15T05:55:24Z</time>
    <extensions>
     <gpxdata:distance>125.00</gpxdata:distance>
     <gpxdata:speed>4.567</gpxdata:speed>
    </extensions>
   </trkpt>
   <trkpt lat="48.4422573" lon="9.9851005">
    <ele>619</ele>
    <time>2026-06-15T05:55:25Z</time>
    <extensions>
     <gpxdata:distance>130.00</gpxdata:distance>
     <gpxdata:speed>4.647</gpxdata:speed>
    </extensions>
   </trkpt>
   <trkpt lat="48.4422701" lon="9.9851613">
    <ele>619</ele>
    <time>2026-06-15T05:55:26Z</time>
    <extensions>
     <gpxdata:distance>134.50</gpxdata:distance>
     <gpxdata:speed>4.703</gpxdata:speed>
    </extensions>
   </trkpt>
   <trkpt lat="48.4422829" lon="9.9852223">
    <ele>619</ele>
    <time>2026-06-15T05:55:27Z</time>
    <extensions>
     <gpxdata:distance>139.00</gpxdata:distance>
     <gpxdata:speed>4.728</gpxdata:speed>
    </extensions>
   </trkpt>
   <trkpt lat="48.4422956" lon="9.9852822">
    <ele>619</ele>
    <time>2026-06-15T05:55:28Z</time>
    <extensions>
     <gpxdata:distance>143.50</gpxdata:distance>
     <gpxdata:speed>4.711</gpxdata:speed>
    </extensions>
   </trkpt>
   <trkpt lat="48.4423085" lon="9.9853409">
    <ele>620</ele>
    <time>2026-06-15T05:55:29Z</time>
    <extensions>
     <gpxdata:distance>148.00</gpxdata:distance>
     <gpxdata:speed>4.669</gpxdata:speed>
    </extensions>
   </trkpt>
   <trkpt lat="48.4423222" lon="9.9853992">
    <ele>620</ele>
    <time>2026-06-15T05:55:30Z</time>
    <extensions>
     <gpxdata:distance>152.50</gpxdata:distance>
     <gpxdata:speed>4.664</gpxdata:speed>
    </extensions>
   </trkpt>
   <trkpt lat="48.4423352" lon="9.9854579">
    <ele>620</ele>
    <time>2026-06-15T05:55:31Z</time>
    <extensions>
     <gpxdata:distance>157.00</gpxdata:distance>
     <gpxdata:speed>4.661</gpxdata:speed>
    </extensions>
   </trkpt>
   <trkpt lat="48.4423470" lon="9.9855183">
    <ele>620</ele>
    <time>2026-06-15T05:55:32Z</time>
    <extensions>
     <gpxdata:distance>162.00</gpxdata:distance>
     <gpxdata:speed>4.681</gpxdata:speed>
    </extensions>
   </trkpt>
   <trkpt lat="48.4423581" lon="9.9855799">
    <ele>620</ele>
    <time>2026-06-15T05:55:33Z</time>
    <extensions>
     <gpxdata:distance>167.00</gpxdata:distance>
     <gpxdata:speed>4.700</gpxdata:speed>
    </extensions>
   </trkpt>
   <trkpt lat="48.4423690" lon="9.9856421">
    <ele>620</ele>
    <time>2026-06-15T05:55:34Z</time>
    <extensions>
     <gpxdata:distance>171.50</gpxdata:distance>
     <gpxdata:speed>4.742</gpxdata:speed>
    </extensions>
   </trkpt>
   <trkpt lat="48.4423800" lon="9.9857045">
    <ele>620</ele>
    <time>2026-06-15T05:55:35Z</time>
    <extensions>
     <gpxdata:distance>176.00</gpxdata:distance>
     <gpxdata:speed>4.756</gpxdata:speed>
    </extensions>
   </trkpt>
   <trkpt lat="48.4423909" lon="9.9857667">
    <ele>620</ele>
    <time>2026-06-15T05:55:36Z</time>
    <extensions>
     <gpxdata:distance>180.50</gpxdata:distance>
     <gpxdata:speed>4.744</gpxdata:speed>
    </extensions>
   </trkpt>
   <trkpt lat="48.4424026" lon="9.9858269">
    <ele>620</ele>
    <time>2026-06-15T05:55:37Z</time>
    <extensions>
     <gpxdata:distance>185.00</gpxdata:distance>
     <gpxdata:speed>4.681</gpxdata:speed>
    </extensions>
   </trkpt>
   <trkpt lat="48.4424151" lon="9.9858835">
    <ele>620</ele>
    <time>2026-06-15T05:55:38Z</time>
    <extensions>
     <gpxdata:distance>189.50</gpxdata:distance>
     <gpxdata:speed>4.547</gpxdata:speed>
    </extensions>
   </trkpt>
   <trkpt lat="48.4424266" lon="9.9859381">
    <ele>620</ele>
    <time>2026-06-15T05:55:39Z</time>
    <extensions>
     <gpxdata:distance>194.00</gpxdata:distance>
     <gpxdata:speed>4.414</gpxdata:speed>
    </extensions>
   </trkpt>
   <trkpt lat="48.4424368" lon="9.9859914">
    <ele>620</ele>
    <time>2026-06-15T05:55:40Z</time>
    <extensions>
     <gpxdata:distance>198.00</gpxdata:distance>
     <gpxdata:speed>4.286</gpxdata:speed>
    </extensions>
   </trkpt>
   <trkpt lat="48.4424465" lon="9.9860447">
    <ele>620</ele>
    <time>2026-06-15T05:55:41Z</time>
    <extensions>
     <gpxdata:distance>202.00</gpxdata:distance>
     <gpxdata:speed>4.211</gpxdata:speed>
    </extensions>
   </trkpt>
   <trkpt lat="48.4424566" lon="9.9860979">
    <ele>620</ele>
    <time>2026-06-15T05:55:42Z</time>
    <extensions>
     <gpxdata:distance>206.00</gpxdata:distance>
     <gpxdata:speed>4.167</gpxdata:speed>
    </extensions>
   </trkpt>
   <trkpt lat="48.4424678" lon="9.9861512">
    <ele>620</ele>
    <time>2026-06-15T05:55:43Z</time>
    <extensions>
     <gpxdata:distance>210.00</gpxdata:distance>
     <gpxdata:speed>4.158</gpxdata:speed>
    </extensions>
   </trkpt>
   <trkpt lat="48.4424800" lon="9.9862040">
    <ele>620</ele>
    <time>2026-06-15T05:55:44Z</time>
    <extensions>
     <gpxdata:distance>214.00</gpxdata:distance>
     <gpxdata:speed>4.142</gpxdata:speed>
    </extensions>
   </trkpt>
   <trkpt lat="48.4424922" lon="9.9862559">
    <ele>620</ele>
    <time>2026-06-15T05:55:45Z</time>
    <extensions>
     <gpxdata:distance>218.00</gpxdata:distance>
     <gpxdata:speed>4.094</gpxdata:speed>
    </extensions>
   </trkpt>
   <trkpt lat="48.4425037" lon="9.9863078">
    <ele>620</ele>
    <time>2026-06-15T05:55:46Z</time>
    <extensions>
     <gpxdata:distance>222.00</gpxdata:distance>
     <gpxdata:speed>4.064</gpxdata:speed>
    </extensions>
   </trkpt>
   <trkpt lat="48.4425147" lon="9.9863609">
    <ele>620</ele>
    <time>2026-06-15T05:55:47Z</time>
    <extensions>
     <gpxdata:distance>226.00</gpxdata:distance>
     <gpxdata:speed>4.092</gpxdata:speed>
    </extensions>
   </trkpt>
   <trkpt lat="48.4425243" lon="9.9864159">
    <ele>620</ele>
    <time>2026-06-15T05:55:48Z</time>
    <extensions>
     <gpxdata:distance>230.50</gpxdata:distance>
     <gpxdata:speed>4.147</gpxdata:speed>
    </extensions>
   </trkpt>
   <trkpt lat="48.4425318" lon="9.9864721">
    <ele>620</ele>
    <time>2026-06-15T05:55:49Z</time>
    <extensions>
     <gpxdata:distance>235.00</gpxdata:distance>
     <gpxdata:speed>4.183</gpxdata:speed>
    </extensions>
   </trkpt>
   <trkpt lat="48.4425382" lon="9.9865291">
    <ele>620</ele>
    <time>2026-06-15T05:55:50Z</time>
    <extensions>
     <gpxdata:distance>239.00</gpxdata:distance>
     <gpxdata:speed>4.211</gpxdata:speed>
    </extensions>
   </trkpt>
   <trkpt lat="48.4425414" lon="9.9865848">
    <ele>620</ele>
    <time>2026-06-15T05:55:51Z</time>
    <extensions>
     <gpxdata:distance>243.00</gpxdata:distance>
     <gpxdata:speed>4.164</gpxdata:speed>
    </extensions>
   </trkpt>
   <trkpt lat="48.4425370" lon="9.9866386">
    <ele>620</ele>
    <time>2026-06-15T05:55:52Z</time>
    <extensions>
     <gpxdata:distance>247.00</gpxdata:distance>
     <gpxdata:speed>4.147</gpxdata:speed>
    </extensions>
   </trkpt>
   <trkpt lat="48.4425220" lon="9.9866861">
    <ele>620</ele>
    <time>2026-06-15T05:55:53Z</time>
    <extensions>
     <gpxdata:distance>251.00</gpxdata:distance>
     <gpxdata:speed>4.150</gpxdata:speed>
    </extensions>
   </trkpt>
   <trkpt lat="48.4424952" lon="9.9867232">
    <ele>620</ele>
    <time>2026-06-15T05:55:54Z</time>
    <extensions>
     <gpxdata:distance>256.00</gpxdata:distance>
     <gpxdata:speed>4.264</gpxdata:speed>
    </extensions>
   </trkpt>
   <trkpt lat="48.4424579" lon="9.9867500">
    <ele>620</ele>
    <time>2026-06-15T05:55:55Z</time>
    <extensions>
     <gpxdata:distance>261.00</gpxdata:distance>
     <gpxdata:speed>4.842</gpxdata:speed>
    </extensions>
   </trkpt>
   <trkpt lat="48.4424132" lon="9.9867716">
    <ele>620</ele>
    <time>2026-06-15T05:55:56Z</time>
    <extensions>
     <gpxdata:distance>266.50</gpxdata:distance>
     <gpxdata:speed>5.281</gpxdata:speed>
    </extensions>
   </trkpt>
   <trkpt lat="48.4423644" lon="9.9867911">
    <ele>620</ele>
    <time>2026-06-15T05:55:57Z</time>
    <extensions>
     <gpxdata:distance>272.00</gpxdata:distance>
     <gpxdata:speed>5.528</gpxdata:speed>
    </extensions>
   </trkpt>
   <trkpt lat="48.4423135" lon="9.9868090">
    <ele>620</ele>
    <time>2026-06-15T05:55:58Z</time>
    <extensions>
     <gpxdata:distance>278.00</gpxdata:distance>
     <gpxdata:speed>5.722</gpxdata:speed>
    </extensions>
   </trkpt>
   <trkpt lat="48.4422612" lon="9.9868262">
    <ele>619</ele>
    <time>2026-06-15T05:55:59Z</time>
    <extensions>
     <gpxdata:distance>284.00</gpxdata:distance>
     <gpxdata:speed>5.875</gpxdata:speed>
    </extensions>
   </trkpt>
   <trkpt lat="48.4422081" lon="9.9868425">
    <ele>619</ele>
    <time>2026-06-15T05:56:00Z</time>
    <extensions>
     <gpxdata:distance>290.50</gpxdata:distance>
     <gpxdata:speed>5.972</gpxdata:speed>
    </extensions>
   </trkpt>
   <trkpt lat="48.4421540" lon="9.9868572">
    <ele>619</ele>
    <time>2026-06-15T05:56:01Z</time>
    <extensions>
     <gpxdata:distance>297.00</gpxdata:distance>
     <gpxdata:speed>6.081</gpxdata:speed>
    </extensions>
   </trkpt>
   <trkpt lat="48.4420802" lon="9.9868722">
    <ele>619</ele>
    <time>2026-06-15T05:56:02Z</time>
    <extensions>
     <gpxdata:distance>303.00</gpxdata:distance>
     <gpxdata:speed>6.217</gpxdata:speed>
    </extensions>
   </trkpt>
   <trkpt lat="48.4420208" lon="9.9868791">
    <ele>619</ele>
    <time>2026-06-15T05:56:03Z</time>
    <extensions>
     <gpxdata:distance>309.00</gpxdata:distance>
     <gpxdata:speed>6.342</gpxdata:speed>
    </extensions>
   </trkpt>
   <trkpt lat="48.4419621" lon="9.9868829">
    <ele>619</ele>
    <time>2026-06-15T05:56:04Z</time>
    <extensions>
     <gpxdata:distance>316.00</gpxdata:distance>
     <gpxdata:speed>6.453</gpxdata:speed>
    </extensions>
   </trkpt>
   <trkpt lat="48.4419027" lon="9.9868865">
    <ele>619</ele>
    <time>2026-06-15T05:56:05Z</time>
    <extensions>
     <gpxdata:distance>323.00</gpxdata:distance>
     <gpxdata:speed>6.567</gpxdata:speed>
    </extensions>
   </trkpt>
   <trkpt lat="48.4418425" lon="9.9868901">
    <ele>619</ele>
    <time>2026-06-15T05:56:06Z</time>
    <extensions>
     <gpxdata:distance>329.50</gpxdata:distance>
     <gpxdata:speed>6.647</gpxdata:speed>
    </extensions>
   </trkpt>
   <trkpt lat="48.4417816" lon="9.9868923">
    <ele>619</ele>
    <time>2026-06-15T05:56:07Z</time>
    <extensions>
     <gpxdata:distance>336.00</gpxdata:distance>
     <gpxdata:speed>6.742</gpxdata:speed>
    </extensions>
   </trkpt>
   <trkpt lat="48.4417195" lon="9.9868911">
    <ele>618</ele>
    <time>2026-06-15T05:56:08Z</time>
    <extensions>
     <gpxdata:distance>343.00</gpxdata:distance>
     <gpxdata:speed>6.875</gpxdata:speed>
    </extensions>
   </trkpt>
   <trkpt lat="48.4416567" lon="9.9868875">
    <ele>618</ele>
    <time>2026-06-15T05:56:09Z</time>
    <extensions>
     <gpxdata:distance>350.00</gpxdata:distance>
     <gpxdata:speed>6.939</gpxdata:speed>
    </extensions>
   </trkpt>
   <trkpt lat="48.4415940" lon="9.9868848">
    <ele>618</ele>
    <time>2026-06-15T05:56:10Z</time>
    <extensions>
     <gpxdata:distance>357.00</gpxdata:distance>
     <gpxdata:speed>6.967</gpxdata:speed>
    </extensions>
   </trkpt>
   <trkpt lat="48.4415317" lon="9.9868835">
    <ele>618</ele>
    <time>2026-06-15T05:56:11Z</time>
    <extensions>
     <gpxdata:distance>364.00</gpxdata:distance>
     <gpxdata:speed>6.917</gpxdata:speed>
    </extensions>
   </trkpt>
   <trkpt lat="48.4414700" lon="9.9868793">
    <ele>618</ele>
    <time>2026-06-15T05:56:12Z</time>
    <extensions>
     <gpxdata:distance>371.00</gpxdata:distance>
     <gpxdata:speed>6.908</gpxdata:speed>
    </extensions>
   </trkpt>
   <trkpt lat="48.4414088" lon="9.9868679">
    <ele>618</ele>
    <time>2026-06-15T05:56:13Z</time>
    <extensions>
     <gpxdata:distance>378.00</gpxdata:distance>
     <gpxdata:speed>6.917</gpxdata:speed>
    </extensions>
   </trkpt>
   <trkpt lat="48.4413477" lon="9.9868526">
    <ele>618</ele>
    <time>2026-06-15T05:56:14Z</time>
    <extensions>
     <gpxdata:distance>385.00</gpxdata:distance>
     <gpxdata:speed>6.925</gpxdata:speed>
    </extensions>
   </trkpt>
   <trkpt lat="48.4412861" lon="9.9868371">
    <ele>618</ele>
    <time>2026-06-15T05:56:15Z</time>
    <extensions>
     <gpxdata:distance>392.00</gpxdata:distance>
     <gpxdata:speed>6.947</gpxdata:speed>
    </extensions>
   </trkpt>
   <trkpt lat="48.4412235" lon="9.9868219">
    <ele>617</ele>
    <time>2026-06-15T05:56:16Z</time>
    <extensions>
     <gpxdata:distance>399.00</gpxdata:distance>
     <gpxdata:speed>6.997</gpxdata:speed>
    </extensions>
   </trkpt>
   <trkpt lat="48.4411596" lon="9.9868079">
    <ele>617</ele>
    <time>2026-06-15T05:56:17Z</time>
    <extensions>
     <gpxdata:distance>406.00</gpxdata:distance>
     <gpxdata:speed>7.072</gpxdata:speed>
    </extensions>
   </trkpt>
   <trkpt lat="48.4410944" lon="9.9867941">
    <ele>617</ele>
    <time>2026-06-15T05:56:18Z</time>
    <extensions>
     <gpxdata:distance>413.50</gpxdata:distance>
     <gpxdata:speed>7.169</gpxdata:speed>
    </extensions>
   </trkpt>
   <trkpt lat="48.4410280" lon="9.9867780">
    <ele>617</ele>
    <time>2026-06-15T05:56:19Z</time>
    <extensions>
     <gpxdata:distance>421.00</gpxdata:distance>
     <gpxdata:speed>7.286</gpxdata:speed>
    </extensions>
   </trkpt>
   <trkpt lat="48.4409606" lon="9.9867593">
    <ele>617</ele>
    <time>2026-06-15T05:56:20Z</time>
    <extensions>
     <gpxdata:distance>429.00</gpxdata:distance>
     <gpxdata:speed>7.414</gpxdata:speed>
    </extensions>
   </trkpt>
   <trkpt lat="48.4408929" lon="9.9867405">
    <ele>617</ele>
    <time>2026-06-15T05:56:21Z</time>
    <extensions>
     <gpxdata:distance>437.00</gpxdata:distance>
     <gpxdata:speed>7.556</gpxdata:speed>
    </extensions>
   </trkpt>
   <trkpt lat="48.4408256" lon="9.9867222">
    <ele>617</ele>
    <time>2026-06-15T05:56:22Z</time>
    <extensions>
     <gpxdata:distance>444.00</gpxdata:distance>
     <gpxdata:speed>7.564</gpxdata:speed>
    </extensions>
   </trkpt>
   <trkpt lat="48.4407591" lon="9.9867038">
    <ele>617</ele>
    <time>2026-06-15T05:56:23Z</time>
    <extensions>
     <gpxdata:distance>451.00</gpxdata:distance>
     <gpxdata:speed>7.528</gpxdata:speed>
    </extensions>
   </trkpt>
   <trkpt lat="48.4406934" lon="9.9866867">
    <ele>616</ele>
    <time>2026-06-15T05:56:24Z</time>
    <extensions>
     <gpxdata:distance>458.50</gpxdata:distance>
     <gpxdata:speed>7.458</gpxdata:speed>
    </extensions>
   </trkpt>
   <trkpt lat="48.4406285" lon="9.9866703">
    <ele>616</ele>
    <time>2026-06-15T05:56:25Z</time>
    <extensions>
     <gpxdata:distance>466.00</gpxdata:distance>
     <gpxdata:speed>7.392</gpxdata:speed>
    </extensions>
   </trkpt>
   <trkpt lat="48.4405648" lon="9.9866531">
    <ele>616</ele>
    <time>2026-06-15T05:56:26Z</time>
    <extensions>
     <gpxdata:distance>473.00</gpxdata:distance>
     <gpxdata:speed>7.322</gpxdata:speed>
    </extensions>
   </trkpt>
   <trkpt lat="48.4405021" lon="9.9866351">
    <ele>616</ele>
    <time>2026-06-15T05:56:27Z</time>
    <extensions>
     <gpxdata:distance>480.00</gpxdata:distance>
     <gpxdata:speed>7.247</gpxdata:speed>
    </extensions>
   </trkpt>
   <trkpt lat="48.4404400" lon="9.9866179">
    <ele>616</ele>
    <time>2026-06-15T05:56:28Z</time>
    <extensions>
     <gpxdata:distance>487.00</gpxdata:distance>
     <gpxdata:speed>7.172</gpxdata:speed>
    </extensions>
   </trkpt>
   <trkpt lat="48.4403786" lon="9.9866022">
    <ele>616</ele>
    <time>2026-06-15T05:56:29Z</time>
    <extensions>
     <gpxdata:distance>494.00</gpxdata:distance>
     <gpxdata:speed>7.086</gpxdata:speed>
    </extensions>
   </trkpt>
   <trkpt lat="48.4403176" lon="9.9865882">
    <ele>616</ele>
    <time>2026-06-15T05:56:30Z</time>
    <extensions>
     <gpxdata:distance>501.00</gpxdata:distance>
     <gpxdata:speed>7.006</gpxdata:speed>
    </extensions>
   </trkpt>
   <trkpt lat="48.4402563" lon="9.9865763">
    <ele>616</ele>
    <time>2026-06-15T05:56:31Z</time>
    <extensions>
     <gpxdata:distance>508.00</gpxdata:distance>
     <gpxdata:speed>6.964</gpxdata:speed>
    </extensions>
   </trkpt>
   <trkpt lat="48.4401950" lon="9.9865674">
    <ele>616</ele>
    <time>2026-06-15T05:56:32Z</time>
    <extensions>
     <gpxdata:distance>514.50</gpxdata:distance>
     <gpxdata:speed>6.917</gpxdata:speed>
    </extensions>
   </trkpt>
   <trkpt lat="48.4401349" lon="9.9865617">
    <ele>616</ele>
    <time>2026-06-15T05:56:33Z</time>
    <extensions>
     <gpxdata:distance>521.00</gpxdata:distance>
     <gpxdata:speed>6.789</gpxdata:speed>
    </extensions>
   </trkpt>
   <trkpt lat="48.4400764" lon="9.9865589">
    <ele>616</ele>
    <time>2026-06-15T05:56:34Z</time>
    <extensions>
     <gpxdata:distance>527.50</gpxdata:distance>
     <gpxdata:speed>6.583</gpxdata:speed>
    </extensions>
   </trkpt>
   <trkpt lat="48.4400196" lon="9.9865598">
    <ele>616</ele>
    <time>2026-06-15T05:56:35Z</time>
    <extensions>
     <gpxdata:distance>534.00</gpxdata:distance>
     <gpxdata:speed>6.408</gpxdata:speed>
    </extensions>
   </trkpt>
   <trkpt lat="48.4399639" lon="9.9865648">
    <ele>616</ele>
    <time>2026-06-15T05:56:36Z</time>
    <extensions>
     <gpxdata:distance>540.00</gpxdata:distance>
     <gpxdata:speed>6.292</gpxdata:speed>
    </extensions>
   </trkpt>
   <trkpt lat="48.4399081" lon="9.9865732">
    <ele>616</ele>
    <time>2026-06-15T05:56:37Z</time>
    <extensions>
     <gpxdata:distance>546.00</gpxdata:distance>
     <gpxdata:speed>6.294</gpxdata:speed>
    </extensions>
   </trkpt>
   <trkpt lat="48.4398516" lon="9.9865841">
    <ele>616</ele>
    <time>2026-06-15T05:56:38Z</time>
    <extensions>
     <gpxdata:distance>552.50</gpxdata:distance>
     <gpxdata:speed>6.358</gpxdata:speed>
    </extensions>
   </trkpt>
   <trkpt lat="48.4397939" lon="9.9865966">
    <ele>616</ele>
    <time>2026-06-15T05:56:39Z</time>
    <extensions>
     <gpxdata:distance>559.00</gpxdata:distance>
     <gpxdata:speed>6.436</gpxdata:speed>
    </extensions>
   </trkpt>
   <trkpt lat="48.4397347" lon="9.9866103">
    <ele>616</ele>
    <time>2026-06-15T05:56:40Z</time>
    <extensions>
     <gpxdata:distance>566.00</gpxdata:distance>
     <gpxdata:speed>6.536</gpxdata:speed>
    </extensions>
   </trkpt>
   <trkpt lat="48.4396745" lon="9.9866249">
    <ele>615</ele>
    <time>2026-06-15T05:56:41Z</time>
    <extensions>
     <gpxdata:distance>573.00</gpxdata:distance>
     <gpxdata:speed>6.625</gpxdata:speed>
    </extensions>
   </trkpt>
   <trkpt lat="48.4396144" lon="9.9866397">
    <ele>615</ele>
    <time>2026-06-15T05:56:42Z</time>
    <extensions>
     <gpxdata:distance>579.50</gpxdata:distance>
     <gpxdata:speed>6.656</gpxdata:speed>
    </extensions>
   </trkpt>
   <trkpt lat="48.4395549" lon="9.9866542">
    <ele>615</ele>
    <time>2026-06-15T05:56:43Z</time>
    <extensions>
     <gpxdata:distance>586.00</gpxdata:distance>
     <gpxdata:speed>6.664</gpxdata:speed>
    </extensions>
   </trkpt>
   <trkpt lat="48.4394959" lon="9.9866685">
    <ele>615</ele>
    <time>2026-06-15T05:56:44Z</time>
    <extensions>
     <gpxdata:distance>592.50</gpxdata:distance>
     <gpxdata:speed>6.656</gpxdata:speed>
    </extensions>
   </trkpt>
   <trkpt lat="48.4394380" lon="9.9866819">
    <ele>615</ele>
    <time>2026-06-15T05:56:45Z</time>
    <extensions>
     <gpxdata:distance>599.00</gpxdata:distance>
     <gpxdata:speed>6.608</gpxdata:speed>
    </extensions>
   </trkpt>
   <trkpt lat="48.4393807" lon="9.9866919">
    <ele>615</ele>
    <time>2026-06-15T05:56:46Z</time>
    <extensions>
     <gpxdata:distance>605.50</gpxdata:distance>
     <gpxdata:speed>6.542</gpxdata:speed>
    </extensions>
   </trkpt>
   <trkpt lat="48.4393247" lon="9.9866941">
    <ele>615</ele>
    <time>2026-06-15T05:56:47Z</time>
    <extensions>
     <gpxdata:distance>612.00</gpxdata:distance>
     <gpxdata:speed>6.442</gpxdata:speed>
    </extensions>
   </trkpt>
   <trkpt lat="48.4392706" lon="9.9866832">
    <ele>615</ele>
    <time>2026-06-15T05:56:48Z</time>
    <extensions>
     <gpxdata:distance>618.00</gpxdata:distance>
     <gpxdata:speed>6.331</gpxdata:speed>
    </extensions>
   </trkpt>
   <trkpt lat="48.4392185" lon="9.9866631">
    <ele>615</ele>
    <time>2026-06-15T05:56:49Z</time>
    <extensions>
     <gpxdata:distance>624.00</gpxdata:distance>
     <gpxdata:speed>6.219</gpxdata:speed>
    </extensions>
   </trkpt>
   <trkpt lat="48.4391663" lon="9.9866473">
    <ele>615</ele>
    <time>2026-06-15T05:56:50Z</time>
    <extensions>
     <gpxdata:distance>630.00</gpxdata:distance>
     <gpxdata:speed>6.119</gpxdata:speed>
    </extensions>
   </trkpt>
   <trkpt lat="48.4391130" lon="9.9866470">
    <ele>615</ele>
    <time>2026-06-15T05:56:51Z</time>
    <extensions>
     <gpxdata:distance>636.00</gpxdata:distance>
     <gpxdata:speed>6.100</gpxdata:speed>
    </extensions>
   </trkpt>
   <trkpt lat="48.4390597" lon="9.9866633">
    <ele>615</ele>
    <time>2026-06-15T05:56:52Z</time>
    <extensions>
     <gpxdata:distance>642.00</gpxdata:distance>
     <gpxdata:speed>6.136</gpxdata:speed>
    </extensions>
   </trkpt>
   <trkpt lat="48.4390066" lon="9.9866868">
    <ele>615</ele>
    <time>2026-06-15T05:56:53Z</time>
    <extensions>
     <gpxdata:distance>648.00</gpxdata:distance>
     <gpxdata:speed>6.147</gpxdata:speed>
    </extensions>
   </trkpt>
   <trkpt lat="48.4389531" lon="9.9867049">
    <ele>615</ele>
    <time>2026-06-15T05:56:54Z</time>
    <extensions>
     <gpxdata:distance>653.50</gpxdata:distance>
     <gpxdata:speed>6.117</gpxdata:speed>
    </extensions>
   </trkpt>
   <trkpt lat="48.4389020" lon="9.9867083">
    <ele>615</ele>
    <time>2026-06-15T05:56:55Z</time>
    <extensions>
     <gpxdata:distance>659.00</gpxdata:distance>
     <gpxdata:speed>5.794</gpxdata:speed>
    </extensions>
   </trkpt>
   <trkpt lat="48.4388699" lon="9.9866967">
    <ele>615</ele>
    <time>2026-06-15T05:56:56Z</time>
    <extensions>
     <gpxdata:distance>664.00</gpxdata:distance>
     <gpxdata:speed>5.317</gpxdata:speed>
    </extensions>
   </trkpt>
   <trkpt lat="48.4388333" lon="9.9866723">
    <ele>615</ele>
    <time>2026-06-15T05:56:57Z</time>
    <extensions>
     <gpxdata:distance>669.00</gpxdata:distance>
     <gpxdata:speed>4.997</gpxdata:speed>
    </extensions>
   </trkpt>
   <trkpt lat="48.4387946" lon="9.9866460">
    <ele>615</ele>
    <time>2026-06-15T05:56:58Z</time>
    <extensions>
     <gpxdata:distance>674.00</gpxdata:distance>
     <gpxdata:speed>4.953</gpxdata:speed>
    </extensions>
   </trkpt>
   <trkpt lat="48.4387523" lon="9.9866271">
    <ele>615</ele>
    <time>2026-06-15T05:56:59Z</time>
    <extensions>
     <gpxdata:distance>679.00</gpxdata:distance>
     <gpxdata:speed>5.128</gpxdata:speed>
    </extensions>
   </trkpt>
   <trkpt lat="48.4387060" lon="9.9866165">
    <ele>615</ele>
    <time>2026-06-15T05:57:00Z</time>
    <extensions>
     <gpxdata:distance>684.50</gpxdata:distance>
     <gpxdata:speed>5.353</gpxdata:speed>
    </extensions>
   </trkpt>
   <trkpt lat="48.4386564" lon="9.9866112">
    <ele>615</ele>
    <time>2026-06-15T05:57:01Z</time>
    <extensions>
     <gpxdata:distance>690.00</gpxdata:distance>
     <gpxdata:speed>5.556</gpxdata:speed>
    </extensions>
   </trkpt>
   <trkpt lat="48.4386046" lon="9.9866083">
    <ele>615</ele>
    <time>2026-06-15T05:57:02Z</time>
    <extensions>
     <gpxdata:distance>696.00</gpxdata:distance>
     <gpxdata:speed>5.661</gpxdata:speed>
    </extensions>
   </trkpt>
   <trkpt lat="48.4385528" lon="9.9866055">
    <ele>615</ele>
    <time>2026-06-15T05:57:03Z</time>
    <extensions>
     <gpxdata:distance>702.00</gpxdata:distance>
     <gpxdata:speed>5.675</gpxdata:speed>
    </extensions>
   </trkpt>
   <trkpt lat="48.4385024" lon="9.9866021">
    <ele>615</ele>
    <time>2026-06-15T05:57:04Z</time>
    <extensions>
     <gpxdata:distance>707.00</gpxdata:distance>
     <gpxdata:speed>5.603</gpxdata:speed>
    </extensions>
   </trkpt>
   <trkpt lat="48.4384542" lon="9.9865981">
    <ele>615</ele>
    <time>2026-06-15T05:57:05Z</time>
    <extensions>
     <gpxdata:distance>712.00</gpxdata:distance>
     <gpxdata:speed>5.475</gpxdata:speed>
    </extensions>
   </trkpt>
   <trkpt lat="48.4384080" lon="9.9865939">
    <ele>615</ele>
    <time>2026-06-15T05:57:06Z</time>
    <extensions>
     <gpxdata:distance>717.00</gpxdata:distance>
     <gpxdata:speed>5.333</gpxdata:speed>
    </extensions>
   </trkpt>
   <trkpt lat="48.4383638" lon="9.9865899">
    <ele>615</ele>
    <time>2026-06-15T05:57:07Z</time>
    <extensions>
     <gpxdata:distance>722.00</gpxdata:distance>
     <gpxdata:speed>5.167</gpxdata:speed>
    </extensions>
   </trkpt>
   <trkpt lat="48.4383209" lon="9.9865861">
    <ele>615</ele>
    <time>2026-06-15T05:57:08Z</time>
    <extensions>
     <gpxdata:distance>726.50</gpxdata:distance>
     <gpxdata:speed>5.019</gpxdata:speed>
    </extensions>
   </trkpt>
   <trkpt lat="48.4382788" lon="9.9865821">
    <ele>615</ele>
    <time>2026-06-15T05:57:09Z</time>
    <extensions>
     <gpxdata:distance>731.00</gpxdata:distance>
     <gpxdata:speed>4.900</gpxdata:speed>
    </extensions>
   </trkpt>
   <trkpt lat="48.4382370" lon="9.9865778">
    <ele>615</ele>
    <time>2026-06-15T05:57:10Z</time>
    <extensions>
     <gpxdata:distance>736.00</gpxdata:distance>
     <gpxdata:speed>4.717</gpxdata:speed>
    </extensions>
   </trkpt>
   <trkpt lat="48.4381954" lon="9.9865732">
    <ele>615</ele>
    <time>2026-06-15T05:57:11Z</time>
    <extensions>
     <gpxdata:distance>741.00</gpxdata:distance>
     <gpxdata:speed>4.664</gpxdata:speed>
    </extensions>
   </trkpt>
   <trkpt lat="48.4381535" lon="9.9865685">
    <ele>615</ele>
    <time>2026-06-15T05:57:12Z</time>
    <extensions>
     <gpxdata:distance>745.50</gpxdata:distance>
     <gpxdata:speed>4.706</gpxdata:speed>
    </extensions>
   </trkpt>
   <trkpt lat="48.4381108" lon="9.9865630">
    <ele>615</ele>
    <time>2026-06-15T05:57:13Z</time>
    <extensions>
     <gpxdata:distance>750.00</gpxdata:distance>
     <gpxdata:speed>4.733</gpxdata:speed>
    </extensions>
   </trkpt>
   <trkpt lat="48.4380675" lon="9.9865569">
    <ele>615</ele>
    <time>2026-06-15T05:57:14Z</time>
    <extensions>
     <gpxdata:distance>755.00</gpxdata:distance>
     <gpxdata:speed>4.778</gpxdata:speed>
    </extensions>
   </trkpt>
   <trkpt lat="48.4380237" lon="9.9865503">
    <ele>615</ele>
    <time>2026-06-15T05:57:15Z</time>
    <extensions>
     <gpxdata:distance>760.00</gpxdata:distance>
     <gpxdata:speed>4.822</gpxdata:speed>
    </extensions>
   </trkpt>
   <trkpt lat="48.4379795" lon="9.9865432">
    <ele>615</ele>
    <time>2026-06-15T05:57:16Z</time>
    <extensions>
     <gpxdata:distance>765.00</gpxdata:distance>
     <gpxdata:speed>4.872</gpxdata:speed>
    </extensions>
   </trkpt>
   <trkpt lat="48.4379349" lon="9.9865360">
    <ele>615</ele>
    <time>2026-06-15T05:57:17Z</time>
    <extensions>
     <gpxdata:distance>770.00</gpxdata:distance>
     <gpxdata:speed>4.917</gpxdata:speed>
    </extensions>
   </trkpt>
   <trkpt lat="48.4378900" lon="9.9865292">
    <ele>615</ele>
    <time>2026-06-15T05:57:18Z</time>
    <extensions>
     <gpxdata:distance>775.00</gpxdata:distance>
     <gpxdata:speed>4.956</gpxdata:speed>
    </extensions>
   </trkpt>
   <trkpt lat="48.4378451" lon="9.9865225">
    <ele>615</ele>
    <time>2026-06-15T05:57:19Z</time>
    <extensions>
     <gpxdata:distance>780.00</gpxdata:distance>
     <gpxdata:speed>4.981</gpxdata:speed>
    </extensions>
   </trkpt>
   <trkpt lat="48.4377999" lon="9.9865156">
    <ele>615</ele>
    <time>2026-06-15T05:57:20Z</time>
    <extensions>
     <gpxdata:distance>785.00</gpxdata:distance>
     <gpxdata:speed>5.014</gpxdata:speed>
    </extensions>
   </trkpt>
   <trkpt lat="48.4377547" lon="9.9865091">
    <ele>615</ele>
    <time>2026-06-15T05:57:21Z</time>
    <extensions>
     <gpxdata:distance>790.00</gpxdata:distance>
     <gpxdata:speed>5.028</gpxdata:speed>
    </extensions>
   </trkpt>
   <trkpt lat="48.4377102" lon="9.9865020">
    <ele>615</ele>
    <time>2026-06-15T05:57:22Z</time>
    <extensions>
     <gpxdata:distance>795.00</gpxdata:distance>
     <gpxdata:speed>5.000</gpxdata:speed>
    </extensions>
   </trkpt>
   <trkpt lat="48.4376665" lon="9.9864946">
    <ele>615</ele>
    <time>2026-06-15T05:57:23Z</time>
    <extensions>
     <gpxdata:distance>800.00</gpxdata:distance>
     <gpxdata:speed>4.956</gpxdata:speed>
    </extensions>
   </trkpt>
   <trkpt lat="48.4376235" lon="9.9864873">
    <ele>615</ele>
    <time>2026-06-15T05:57:24Z</time>
    <extensions>
     <gpxdata:distance>804.50</gpxdata:distance>
     <gpxdata:speed>4.892</gpxdata:speed>
    </extensions>
   </trkpt>
   <trkpt lat="48.4375815" lon="9.9864806">
    <ele>615</ele>
    <time>2026-06-15T05:57:25Z</time>
    <extensions>
     <gpxdata:distance>809.00</gpxdata:distance>
     <gpxdata:speed>4.814</gpxdata:speed>
    </extensions>
   </trkpt>
   <trkpt lat="48.4375402" lon="9.9864746">
    <ele>615</ele>
    <time>2026-06-15T05:57:26Z</time>
    <extensions>
     <gpxdata:distance>813.50</gpxdata:distance>
     <gpxdata:speed>4.733</gpxdata:speed>
    </extensions>
   </trkpt>
   <trkpt lat="48.4374999" lon="9.9864690">
    <ele>615</ele>
    <time>2026-06-15T05:57:27Z</time>
    <extensions>
     <gpxdata:distance>818.00</gpxdata:distance>
     <gpxdata:speed>4.639</gpxdata:speed>
    </extensions>
   </trkpt>
   <trkpt lat="48.4374608" lon="9.9864630">
    <ele>615</ele>
    <time>2026-06-15T05:57:28Z</time>
    <extensions>
     <gpxdata:distance>822.00</gpxdata:distance>
     <gpxdata:speed>4.525</gpxdata:speed>
    </extensions>
   </trkpt>
   <trkpt lat="48.4374242" lon="9.9864574">
    <ele>615</ele>
    <time>2026-06-15T05:57:29Z</time>
    <extensions>
     <gpxdata:distance>826.00</gpxdata:distance>
     <gpxdata:speed>4.333</gpxdata:speed>
    </extensions>
   </trkpt>
   <trkpt lat="48.4373912" lon="9.9864527">
    <ele>615</ele>
    <time>2026-06-15T05:57:30Z</time>
    <extensions>
     <gpxdata:distance>829.00</gpxdata:distance>
     <gpxdata:speed>4.044</gpxdata:speed>
    </extensions>
   </trkpt>
   <trkpt lat="48.4373619" lon="9.9864488">
    <ele>615</ele>
    <time>2026-06-15T05:57:31Z</time>
    <extensions>
     <gpxdata:distance>832.00</gpxdata:distance>
     <gpxdata:speed>3.722</gpxdata:speed>
    </extensions>
   </trkpt>
   <trkpt lat="48.4373355" lon="9.9864452">
    <ele>615</ele>
    <time>2026-06-15T05:57:32Z</time>
    <extensions>
     <gpxdata:distance>835.00</gpxdata:distance>
     <gpxdata:speed>3.411</gpxdata:speed>
    </extensions>
   </trkpt>
   <trkpt lat="48.4373107" lon="9.9864409">
    <ele>615</ele>
    <time>2026-06-15T05:57:33Z</time>
    <extensions>
     <gpxdata:distance>838.00</gpxdata:distance>
     <gpxdata:speed>2.847</gpxdata:speed>
    </extensions>
   </trkpt>
   <trkpt lat="48.4372968" lon="9.9864381">
    <ele>615</ele>
    <time>2026-06-15T05:57:34Z</time>
    <extensions>
     <gpxdata:distance>840.50</gpxdata:distance>
     <gpxdata:speed>2.797</gpxdata:speed>
    </extensions>
   </trkpt>
   <trkpt lat="48.4372781" lon="9.9864341">
    <ele>615</ele>
    <time>2026-06-15T05:57:35Z</time>
    <extensions>
     <gpxdata:distance>843.00</gpxdata:distance>
     <gpxdata:speed>2.664</gpxdata:speed>
    </extensions>
   </trkpt>
   <trkpt lat="48.4372576" lon="9.9864291">
    <ele>615</ele>
    <time>2026-06-15T05:57:36Z</time>
    <extensions>
     <gpxdata:distance>845.50</gpxdata:distance>
     <gpxdata:speed>2.497</gpxdata:speed>
    </extensions>
   </trkpt>
   <trkpt lat="48.4372365" lon="9.9864237">
    <ele>615</ele>
    <time>2026-06-15T05:57:37Z</time>
    <extensions>
     <gpxdata:distance>848.00</gpxdata:distance>
     <gpxdata:speed>2.450</gpxdata:speed>
    </extensions>
   </trkpt>
   <trkpt lat="48.4372155" lon="9.9864187">
    <ele>615</ele>
    <time>2026-06-15T05:57:38Z</time>
    <extensions>
     <gpxdata:distance>850.00</gpxdata:distance>
     <gpxdata:speed>2.381</gpxdata:speed>
    </extensions>
   </trkpt>
   <trkpt lat="48.4371944" lon="9.9864138">
    <ele>615</ele>
    <time>2026-06-15T05:57:39Z</time>
    <extensions>
     <gpxdata:distance>852.00</gpxdata:distance>
     <gpxdata:speed>2.342</gpxdata:speed>
    </extensions>
   </trkpt>
   <trkpt lat="48.4371722" lon="9.9864090">
    <ele>615</ele>
    <time>2026-06-15T05:57:40Z</time>
    <extensions>
     <gpxdata:distance>855.00</gpxdata:distance>
     <gpxdata:speed>2.442</gpxdata:speed>
    </extensions>
   </trkpt>
   <trkpt lat="48.4371481" lon="9.9864042">
    <ele>615</ele>
    <time>2026-06-15T05:57:41Z</time>
    <extensions>
     <gpxdata:distance>858.00</gpxdata:distance>
     <gpxdata:speed>2.619</gpxdata:speed>
    </extensions>
   </trkpt>
   <trkpt lat="48.4371223" lon="9.9863991">
    <ele>615</ele>
    <time>2026-06-15T05:57:42Z</time>
    <extensions>
     <gpxdata:distance>861.50</gpxdata:distance>
     <gpxdata:speed>2.792</gpxdata:speed>
    </extensions>
   </trkpt>
   <trkpt lat="48.4370954" lon="9.9863941">
    <ele>615</ele>
    <time>2026-06-15T05:57:43Z</time>
    <extensions>
     <gpxdata:distance>865.00</gpxdata:distance>
     <gpxdata:speed>2.925</gpxdata:speed>
    </extensions>
   </trkpt>
   <trkpt lat="48.4370677" lon="9.9863897">
    <ele>615</ele>
    <time>2026-06-15T05:57:44Z</time>
    <extensions>
     <gpxdata:distance>868.00</gpxdata:distance>
     <gpxdata:speed>3.017</gpxdata:speed>
    </extensions>
   </trkpt>
   <trkpt lat="48.4370222" lon="9.9863827">
    <ele>615</ele>
    <time>2026-06-15T05:57:45Z</time>
    <extensions>
     <gpxdata:distance>871.00</gpxdata:distance>
     <gpxdata:speed>3.075</gpxdata:speed>
    </extensions>
   </trkpt>
   <trkpt lat="48.4369909" lon="9.9863776">
    <ele>615</ele>
    <time>2026-06-15T05:57:46Z</time>
    <extensions>
     <gpxdata:distance>874.00</gpxdata:distance>
     <gpxdata:speed>3.097</gpxdata:speed>
    </extensions>
   </trkpt>
   <trkpt lat="48.4369623" lon="9.9863727">
    <ele>615</ele>
    <time>2026-06-15T05:57:47Z</time>
    <extensions>
     <gpxdata:distance>877.00</gpxdata:distance>
     <gpxdata:speed>3.111</gpxdata:speed>
    </extensions>
   </trkpt>
   <trkpt lat="48.4369344" lon="9.9863678">
    <ele>615</ele>
    <time>2026-06-15T05:57:48Z</time>
    <extensions>
     <gpxdata:distance>880.00</gpxdata:distance>
     <gpxdata:speed>3.119</gpxdata:speed>
    </extensions>
   </trkpt>
   <trkpt lat="48.4369067" lon="9.9863622">
    <ele>615</ele>
    <time>2026-06-15T05:57:49Z</time>
    <extensions>
     <gpxdata:distance>883.00</gpxdata:distance>
     <gpxdata:speed>3.131</gpxdata:speed>
    </extensions>
   </trkpt>
   <trkpt lat="48.4368791" lon="9.9863563">
    <ele>615</ele>
    <time>2026-06-15T05:57:50Z</time>
    <extensions>
     <gpxdata:distance>886.50</gpxdata:distance>
     <gpxdata:speed>3.122</gpxdata:speed>
    </extensions>
   </trkpt>
   <trkpt lat="48.4368517" lon="9.9863507">
    <ele>615</ele>
    <time>2026-06-15T05:57:51Z</time>
    <extensions>
     <gpxdata:distance>890.00</gpxdata:distance>
     <gpxdata:speed>3.106</gpxdata:speed>
    </extensions>
   </trkpt>
   <trkpt lat="48.4368244" lon="9.9863452">
    <ele>615</ele>
    <time>2026-06-15T05:57:52Z</time>
    <extensions>
     <gpxdata:distance>893.00</gpxdata:distance>
     <gpxdata:speed>3.083</gpxdata:speed>
    </extensions>
   </trkpt>
   <trkpt lat="48.4367971" lon="9.9863401">
    <ele>615</ele>
    <time>2026-06-15T05:57:53Z</time>
    <extensions>
     <gpxdata:distance>896.00</gpxdata:distance>
     <gpxdata:speed>3.078</gpxdata:speed>
    </extensions>
   </trkpt>
   <trkpt lat="48.4367701" lon="9.9863351">
    <ele>615</ele>
    <time>2026-06-15T05:57:54Z</time>
    <extensions>
     <gpxdata:distance>899.00</gpxdata:distance>
     <gpxdata:speed>3.053</gpxdata:speed>
    </extensions>
   </trkpt>
   <trkpt lat="48.4367436" lon="9.9863299">
    <ele>615</ele>
    <time>2026-06-15T05:57:55Z</time>
    <extensions>
     <gpxdata:distance>902.00</gpxdata:distance>
     <gpxdata:speed>3.019</gpxdata:speed>
    </extensions>
   </trkpt>
   <trkpt lat="48.4367175" lon="9.9863244">
    <ele>615</ele>
    <time>2026-06-15T05:57:56Z</time>
    <extensions>
     <gpxdata:distance>904.50</gpxdata:distance>
     <gpxdata:speed>2.981</gpxdata:speed>
    </extensions>
   </trkpt>
   <trkpt lat="48.4367027" lon="9.9863212">
    <ele>615</ele>
    <time>2026-06-15T05:57:57Z</time>
    <extensions>
     <gpxdata:distance>907.00</gpxdata:distance>
     <gpxdata:speed>2.950</gpxdata:speed>
    </extensions>
   </trkpt>
   <trkpt lat="48.4366825" lon="9.9863171">
    <ele>614</ele>
    <time>2026-06-15T05:57:58Z</time>
    <extensions>
     <gpxdata:distance>910.00</gpxdata:distance>
     <gpxdata:speed>2.906</gpxdata:speed>
    </extensions>
   </trkpt>
   <trkpt lat="48.4366596" lon="9.9863125">
    <ele>614</ele>
    <time>2026-06-15T05:57:59Z</time>
    <extensions>
     <gpxdata:distance>913.00</gpxdata:distance>
     <gpxdata:speed>2.869</gpxdata:speed>
    </extensions>
   </trkpt>
   <trkpt lat="48.4366355" lon="9.9863078">
    <ele>614</ele>
    <time>2026-06-15T05:58:00Z</time>
    <extensions>
     <gpxdata:distance>915.50</gpxdata:distance>
     <gpxdata:speed>2.844</gpxdata:speed>
    </extensions>
   </trkpt>
   <trkpt lat="48.4366110" lon="9.9863027">
    <ele>614</ele>
    <time>2026-06-15T05:58:01Z</time>
    <extensions>
     <gpxdata:distance>918.00</gpxdata:distance>
     <gpxdata:speed>2.814</gpxdata:speed>
    </extensions>
   </trkpt>
   <trkpt lat="48.4365866" lon="9.9862978">
    <ele>614</ele>
    <time>2026-06-15T05:58:02Z</time>
    <extensions>
     <gpxdata:distance>921.00</gpxdata:distance>
     <gpxdata:speed>2.783</gpxdata:speed>
    </extensions>
   </trkpt>
   <trkpt lat="48.4365620" lon="9.9862932">
    <ele>614</ele>
    <time>2026-06-15T05:58:03Z</time>
    <extensions>
     <gpxdata:distance>924.00</gpxdata:distance>
     <gpxdata:speed>2.775</gpxdata:speed>
    </extensions>
   </trkpt>
   <trkpt lat="48.4365368" lon="9.9862885">
    <ele>614</ele>
    <time>2026-06-15T05:58:04Z</time>
    <extensions>
     <gpxdata:distance>927.00</gpxdata:distance>
     <gpxdata:speed>2.814</gpxdata:speed>
    </extensions>
   </trkpt>
   <trkpt lat="48.4365109" lon="9.9862837">
    <ele>614</ele>
    <time>2026-06-15T05:58:05Z</time>
    <extensions>
     <gpxdata:distance>930.00</gpxdata:distance>
     <gpxdata:speed>2.878</gpxdata:speed>
    </extensions>
   </trkpt>
   <trkpt lat="48.4364840" lon="9.9862786">
    <ele>614</ele>
    <time>2026-06-15T05:58:06Z</time>
    <extensions>
     <gpxdata:distance>933.00</gpxdata:distance>
     <gpxdata:speed>2.967</gpxdata:speed>
    </extensions>
   </trkpt>
   <trkpt lat="48.4364567" lon="9.9862732">
    <ele>614</ele>
    <time>2026-06-15T05:58:07Z</time>
    <extensions>
     <gpxdata:distance>936.00</gpxdata:distance>
     <gpxdata:speed>3.017</gpxdata:speed>
    </extensions>
   </trkpt>
   <trkpt lat="48.4364123" lon="9.9862642">
    <ele>614</ele>
    <time>2026-06-15T05:58:08Z</time>
    <extensions>
     <gpxdata:distance>939.00</gpxdata:distance>
     <gpxdata:speed>3.039</gpxdata:speed>
    </extensions>
   </trkpt>
   <trkpt lat="48.4363814" lon="9.9862577">
    <ele>614</ele>
    <time>2026-06-15T05:58:09Z</time>
    <extensions>
     <gpxdata:distance>942.00</gpxdata:distance>
     <gpxdata:speed>3.061</gpxdata:speed>
    </extensions>
   </trkpt>
   <trkpt lat="48.4363530" lon="9.9862514">
    <ele>614</ele>
    <time>2026-06-15T05:58:10Z</time>
    <extensions>
     <gpxdata:distance>945.50</gpxdata:distance>
     <gpxdata:speed>3.081</gpxdata:speed>
    </extensions>
   </trkpt>
   <trkpt lat="48.4363240" lon="9.9862449">
    <ele>614</ele>
    <time>2026-06-15T05:58:11Z</time>
    <extensions>
     <gpxdata:distance>949.00</gpxdata:distance>
     <gpxdata:speed>3.167</gpxdata:speed>
    </extensions>
   </trkpt>
   <trkpt lat="48.4362923" lon="9.9862385">
    <ele>614</ele>
    <time>2026-06-15T05:58:12Z</time>
    <extensions>
     <gpxdata:distance>953.00</gpxdata:distance>
     <gpxdata:speed>3.581</gpxdata:speed>
    </extensions>
   </trkpt>
   <trkpt lat="48.4362571" lon="9.9862327">
    <ele>614</ele>
    <time>2026-06-15T05:58:13Z</time>
    <extensions>
     <gpxdata:distance>957.00</gpxdata:distance>
     <gpxdata:speed>3.986</gpxdata:speed>
    </extensions>
   </trkpt>
   <trkpt lat="48.4362186" lon="9.9862249">
    <ele>614</ele>
    <time>2026-06-15T05:58:14Z</time>
    <extensions>
     <gpxdata:distance>962.00</gpxdata:distance>
     <gpxdata:speed>4.353</gpxdata:speed>
    </extensions>
   </trkpt>
   <trkpt lat="48.4361771" lon="9.9862146">
    <ele>614</ele>
    <time>2026-06-15T05:58:15Z</time>
    <extensions>
     <gpxdata:distance>967.00</gpxdata:distance>
     <gpxdata:speed>4.672</gpxdata:speed>
    </extensions>
   </trkpt>
   <trkpt lat="48.4361332" lon="9.9862032">
    <ele>614</ele>
    <time>2026-06-15T05:58:16Z</time>
    <extensions>
     <gpxdata:distance>972.50</gpxdata:distance>
     <gpxdata:speed>4.939</gpxdata:speed>
    </extensions>
   </trkpt>
   <trkpt lat="48.4360876" lon="9.9861916">
    <ele>614</ele>
    <time>2026-06-15T05:58:17Z</time>
    <extensions>
     <gpxdata:distance>978.00</gpxdata:distance>
     <gpxdata:speed>5.103</gpxdata:speed>
    </extensions>
   </trkpt>
   <trkpt lat="48.4360411" lon="9.9861804">
    <ele>614</ele>
    <time>2026-06-15T05:58:18Z</time>
    <extensions>
     <gpxdata:distance>983.00</gpxdata:distance>
     <gpxdata:speed>5.192</gpxdata:speed>
    </extensions>
   </trkpt>
   <trkpt lat="48.4359942" lon="9.9861693">
    <ele>614</ele>
    <time>2026-06-15T05:58:19Z</time>
    <extensions>
     <gpxdata:distance>988.00</gpxdata:distance>
     <gpxdata:speed>5.256</gpxdata:speed>
    </extensions>
   </trkpt>
   <trkpt lat="48.4359470" lon="9.9861575">
    <ele>614</ele>
    <time>2026-06-15T05:58:20Z</time>
    <extensions>
     <gpxdata:distance>993.50</gpxdata:distance>
     <gpxdata:speed>5.297</gpxdata:speed>
    </extensions>
   </trkpt>
   <trkpt lat="48.4359001" lon="9.9861457">
    <ele>614</ele>
    <time>2026-06-15T05:58:21Z</time>
    <extensions>
     <gpxdata:distance>999.00</gpxdata:distance>
     <gpxdata:speed>5.275</gpxdata:speed>
    </extensions>
   </trkpt>
   <trkpt lat="48.4358538" lon="9.9861342">
    <ele>614</ele>
    <time>2026-06-15T05:58:22Z</time>
    <extensions>
     <gpxdata:distance>1004.00</gpxdata:distance>
     <gpxdata:speed>5.261</gpxdata:speed>
    </extensions>
   </trkpt>
   <trkpt lat="48.4358081" lon="9.9861229">
    <ele>614</ele>
    <time>2026-06-15T05:58:23Z</time>
    <extensions>
     <gpxdata:distance>1009.00</gpxdata:distance>
     <gpxdata:speed>5.222</gpxdata:speed>
    </extensions>
   </trkpt>
   <trkpt lat="48.4357628" lon="9.9861120">
    <ele>614</ele>
    <time>2026-06-15T05:58:24Z</time>
    <extensions>
     <gpxdata:distance>1014.00</gpxdata:distance>
     <gpxdata:speed>5.183</gpxdata:speed>
    </extensions>
   </trkpt>
   <trkpt lat="48.4357175" lon="9.9861007">
    <ele>614</ele>
    <time>2026-06-15T05:58:25Z</time>
    <extensions>
     <gpxdata:distance>1019.00</gpxdata:distance>
     <gpxdata:speed>5.167</gpxdata:speed>
    </extensions>
   </trkpt>
   <trkpt lat="48.4356717" lon="9.9860892">
    <ele>614</ele>
    <time>2026-06-15T05:58:26Z</time>
    <extensions>
     <gpxdata:distance>1024.50</gpxdata:distance>
     <gpxdata:speed>5.175</gpxdata:speed>
    </extensions>
   </trkpt>
   <trkpt lat="48.4356258" lon="9.9860779">
    <ele>614</ele>
    <time>2026-06-15T05:58:27Z</time>
    <extensions>
     <gpxdata:distance>1030.00</gpxdata:distance>
     <gpxdata:speed>5.181</gpxdata:speed>
    </extensions>
   </trkpt>
   <trkpt lat="48.4355803" lon="9.9860664">
    <ele>613</ele>
    <time>2026-06-15T05:58:28Z</time>
    <extensions>
     <gpxdata:distance>1035.00</gpxdata:distance>
     <gpxdata:speed>5.156</gpxdata:speed>
    </extensions>
   </trkpt>
   <trkpt lat="48.4355356" lon="9.9860542">
    <ele>613</ele>
    <time>2026-06-15T05:58:29Z</time>
    <extensions>
     <gpxdata:distance>1040.00</gpxdata:distance>
     <gpxdata:speed>5.106</gpxdata:speed>
    </extensions>
   </trkpt>
   <trkpt lat="48.4354917" lon="9.9860422">
    <ele>613</ele>
    <time>2026-06-15T05:58:30Z</time>
    <extensions>
     <gpxdata:distance>1044.50</gpxdata:distance>
     <gpxdata:speed>5.042</gpxdata:speed>
    </extensions>
   </trkpt>
   <trkpt lat="48.4354486" lon="9.9860308">
    <ele>613</ele>
    <time>2026-06-15T05:58:31Z</time>
    <extensions>
     <gpxdata:distance>1049.00</gpxdata:distance>
     <gpxdata:speed>4.967</gpxdata:speed>
    </extensions>
   </trkpt>
   <trkpt lat="48.4354060" lon="9.9860198">
    <ele>613</ele>
    <time>2026-06-15T05:58:32Z</time>
    <extensions>
     <gpxdata:distance>1054.00</gpxdata:distance>
     <gpxdata:speed>4.903</gpxdata:speed>
    </extensions>
   </trkpt>
   <trkpt lat="48.4353640" lon="9.9860099">
    <ele>613</ele>
    <time>2026-06-15T05:58:33Z</time>
    <extensions>
     <gpxdata:distance>1059.00</gpxdata:distance>
     <gpxdata:speed>4.828</gpxdata:speed>
    </extensions>
   </trkpt>
   <trkpt lat="48.4353230" lon="9.9860001">
    <ele>613</ele>
    <time>2026-06-15T05:58:34Z</time>
    <extensions>
     <gpxdata:distance>1063.50</gpxdata:distance>
     <gpxdata:speed>4.736</gpxdata:speed>
    </extensions>
   </trkpt>
   <trkpt lat="48.4352829" lon="9.9859897">
    <ele>613</ele>
    <time>2026-06-15T05:58:35Z</time>
    <extensions>
     <gpxdata:distance>1068.00</gpxdata:distance>
     <gpxdata:speed>4.650</gpxdata:speed>
    </extensions>
   </trkpt>
   <trkpt lat="48.4352429" lon="9.9859781">
    <ele>613</ele>
    <time>2026-06-15T05:58:36Z</time>
    <extensions>
     <gpxdata:distance>1072.50</gpxdata:distance>
     <gpxdata:speed>4.603</gpxdata:speed>
    </extensions>
   </trkpt>
   <trkpt lat="48.4352026" lon="9.9859649">
    <ele>613</ele>
    <time>2026-06-15T05:58:37Z</time>
    <extensions>
     <gpxdata:distance>1077.00</gpxdata:distance>
     <gpxdata:speed>4.603</gpxdata:speed>
    </extensions>
   </trkpt>
   <trkpt lat="48.4351614" lon="9.9859509">
    <ele>613</ele>
    <time>2026-06-15T05:58:38Z</time>
    <extensions>
     <gpxdata:distance>1081.50</gpxdata:distance>
     <gpxdata:speed>4.650</gpxdata:speed>
    </extensions>
   </trkpt>
   <trkpt lat="48.4351199" lon="9.9859372">
    <ele>613</ele>
    <time>2026-06-15T05:58:39Z</time>
    <extensions>
     <gpxdata:distance>1086.00</gpxdata:distance>
     <gpxdata:speed>4.675</gpxdata:speed>
    </extensions>
   </trkpt>
   <trkpt lat="48.4350782" lon="9.9859245">
    <ele>613</ele>
    <time>2026-06-15T05:58:40Z</time>
    <extensions>
     <gpxdata:distance>1091.00</gpxdata:distance>
     <gpxdata:speed>4.694</gpxdata:speed>
    </extensions>
   </trkpt>
   <trkpt lat="48.4350363" lon="9.9859126">
    <ele>613</ele>
    <time>2026-06-15T05:58:41Z</time>
    <extensions>
     <gpxdata:distance>1096.00</gpxdata:distance>
     <gpxdata:speed>4.714</gpxdata:speed>
    </extensions>
   </trkpt>
   <trkpt lat="48.4349942" lon="9.9858999">
    <ele>613</ele>
    <time>2026-06-15T05:58:42Z</time>
    <extensions>
     <gpxdata:distance>1101.00</gpxdata:distance>
     <gpxdata:speed>4.739</gpxdata:speed>
    </extensions>
   </trkpt>
   <trkpt lat="48.4349513" lon="9.9858865">
    <ele>613</ele>
    <time>2026-06-15T05:58:43Z</time>
    <extensions>
     <gpxdata:distance>1106.00</gpxdata:distance>
     <gpxdata:speed>4.806</gpxdata:speed>
    </extensions>
   </trkpt>
   <trkpt lat="48.4349072" lon="9.9858733">
    <ele>613</ele>
    <time>2026-06-15T05:58:44Z</time>
    <extensions>
     <gpxdata:distance>1111.00</gpxdata:distance>
     <gpxdata:speed>4.900</gpxdata:speed>
    </extensions>
   </trkpt>
   <trkpt lat="48.4348626" lon="9.9858610">
    <ele>613</ele>
    <time>2026-06-15T05:58:45Z</time>
    <extensions>
     <gpxdata:distance>1116.00</gpxdata:distance>
     <gpxdata:speed>4.961</gpxdata:speed>
    </extensions>
   </trkpt>
   <trkpt lat="48.4348189" lon="9.9858499">
    <ele>613</ele>
    <time>2026-06-15T05:58:46Z</time>
    <extensions>
     <gpxdata:distance>1120.50</gpxdata:distance>
     <gpxdata:speed>4.928</gpxdata:speed>
    </extensions>
   </trkpt>
   <trkpt lat="48.4347773" lon="9.9858414">
    <ele>613</ele>
    <time>2026-06-15T05:58:47Z</time>
    <extensions>
     <gpxdata:distance>1125.00</gpxdata:distance>
     <gpxdata:speed>4.794</gpxdata:speed>
    </extensions>
   </trkpt>
   <trkpt lat="48.4347380" lon="9.9858376">
    <ele>613</ele>
    <time>2026-06-15T05:58:48Z</time>
    <extensions>
     <gpxdata:distance>1129.50</gpxdata:distance>
     <gpxdata:speed>4.614</gpxdata:speed>
    </extensions>
   </trkpt>
   <trkpt lat="48.4346987" lon="9.9858407">
    <ele>613</ele>
    <time>2026-06-15T05:58:49Z</time>
    <extensions>
     <gpxdata:distance>1134.00</gpxdata:distance>
     <gpxdata:speed>4.561</gpxdata:speed>
    </extensions>
   </trkpt>
   <trkpt lat="48.4346568" lon="9.9858467">
    <ele>613</ele>
    <time>2026-06-15T05:58:50Z</time>
    <extensions>
     <gpxdata:distance>1139.50</gpxdata:distance>
     <gpxdata:speed>4.667</gpxdata:speed>
    </extensions>
   </trkpt>
   <trkpt lat="48.4346108" lon="9.9858486">
    <ele>613</ele>
    <time>2026-06-15T05:58:51Z</time>
    <extensions>
     <gpxdata:distance>1145.00</gpxdata:distance>
     <gpxdata:speed>5.206</gpxdata:speed>
    </extensions>
   </trkpt>
   <trkpt lat="48.4345606" lon="9.9858461">
    <ele>613</ele>
    <time>2026-06-15T05:58:52Z</time>
    <extensions>
     <gpxdata:distance>1151.00</gpxdata:distance>
     <gpxdata:speed>5.625</gpxdata:speed>
    </extensions>
   </trkpt>
   <trkpt lat="48.4345083" lon="9.9858418">
    <ele>613</ele>
    <time>2026-06-15T05:58:53Z</time>
    <extensions>
     <gpxdata:distance>1157.00</gpxdata:distance>
     <gpxdata:speed>5.744</gpxdata:speed>
    </extensions>
   </trkpt>
   <trkpt lat="48.4344552" lon="9.9858363">
    <ele>613</ele>
    <time>2026-06-15T05:58:54Z</time>
    <extensions>
     <gpxdata:distance>1162.50</gpxdata:distance>
     <gpxdata:speed>5.803</gpxdata:speed>
    </extensions>
   </trkpt>
   <trkpt lat="48.4344027" lon="9.9858299">
    <ele>613</ele>
    <time>2026-06-15T05:58:55Z</time>
    <extensions>
     <gpxdata:distance>1168.00</gpxdata:distance>
     <gpxdata:speed>5.794</gpxdata:speed>
    </extensions>
   </trkpt>
   <trkpt lat="48.4343511" lon="9.9858224">
    <ele>613</ele>
    <time>2026-06-15T05:58:56Z</time>
    <extensions>
     <gpxdata:distance>1173.50</gpxdata:distance>
     <gpxdata:speed>5.714</gpxdata:speed>
    </extensions>
   </trkpt>
   <trkpt lat="48.4343004" lon="9.9858153">
    <ele>613</ele>
    <time>2026-06-15T05:58:57Z</time>
    <extensions>
     <gpxdata:distance>1179.00</gpxdata:distance>
     <gpxdata:speed>5.647</gpxdata:speed>
    </extensions>
   </trkpt>
   <trkpt lat="48.4342509" lon="9.9858085">
    <ele>612</ele>
    <time>2026-06-15T05:58:58Z</time>
    <extensions>
     <gpxdata:distance>1184.50</gpxdata:distance>
     <gpxdata:speed>5.519</gpxdata:speed>
    </extensions>
   </trkpt>
   <trkpt lat="48.4342025" lon="9.9858028">
    <ele>612</ele>
    <time>2026-06-15T05:58:59Z</time>
    <extensions>
     <gpxdata:distance>1190.00</gpxdata:distance>
     <gpxdata:speed>5.419</gpxdata:speed>
    </extensions>
   </trkpt>
   <trkpt lat="48.4341547" lon="9.9857972">
    <ele>613</ele>
    <time>2026-06-15T05:59:00Z</time>
    <extensions>
     <gpxdata:distance>1195.00</gpxdata:distance>
     <gpxdata:speed>5.353</gpxdata:speed>
    </extensions>
   </trkpt>
   <trkpt lat="48.4341079" lon="9.9857910">
    <ele>613</ele>
    <time>2026-06-15T05:59:01Z</time>
    <extensions>
     <gpxdata:distance>1200.00</gpxdata:distance>
     <gpxdata:speed>5.286</gpxdata:speed>
    </extensions>
   </trkpt>
   <trkpt lat="48.4340622" lon="9.9857844">
    <ele>613</ele>
    <time>2026-06-15T05:59:02Z</time>
    <extensions>
     <gpxdata:distance>1205.00</gpxdata:distance>
     <gpxdata:speed>5.194</gpxdata:speed>
    </extensions>
   </trkpt>
   <trkpt lat="48.4340176" lon="9.9857778">
    <ele>613</ele>
    <time>2026-06-15T05:59:03Z</time>
    <extensions>
     <gpxdata:distance>1210.00</gpxdata:distance>
     <gpxdata:speed>5.008</gpxdata:speed>
    </extensions>
   </trkpt>
   <trkpt lat="48.4339735" lon="9.9857718">
    <ele>613</ele>
    <time>2026-06-15T05:59:04Z</time>
    <extensions>
     <gpxdata:distance>1215.00</gpxdata:distance>
     <gpxdata:speed>4.958</gpxdata:speed>
    </extensions>
   </trkpt>
   <trkpt lat="48.4339283" lon="9.9857668">
    <ele>613</ele>
    <time>2026-06-15T05:59:05Z</time>
    <extensions>
     <gpxdata:distance>1220.00</gpxdata:distance>
     <gpxdata:speed>5.008</gpxdata:speed>
    </extensions>
   </trkpt>
   <trkpt lat="48.4338818" lon="9.9857626">
    <ele>613</ele>
    <time>2026-06-15T05:59:06Z</time>
    <extensions>
     <gpxdata:distance>1225.50</gpxdata:distance>
     <gpxdata:speed>5.097</gpxdata:speed>
    </extensions>
   </trkpt>
   <trkpt lat="48.4338345" lon="9.9857588">
    <ele>613</ele>
    <time>2026-06-15T05:59:07Z</time>
    <extensions>
     <gpxdata:distance>1231.00</gpxdata:distance>
     <gpxdata:speed>5.158</gpxdata:speed>
    </extensions>
   </trkpt>
   <trkpt lat="48.4337880" lon="9.9857545">
    <ele>613</ele>
    <time>2026-06-15T05:59:08Z</time>
    <extensions>
     <gpxdata:distance>1236.00</gpxdata:distance>
     <gpxdata:speed>5.150</gpxdata:speed>
    </extensions>
   </trkpt>
   <trkpt lat="48.4337428" lon="9.9857493">
    <ele>613</ele>
    <time>2026-06-15T05:59:09Z</time>
    <extensions>
     <gpxdata:distance>1241.00</gpxdata:distance>
     <gpxdata:speed>5.083</gpxdata:speed>
    </extensions>
   </trkpt>
   <trkpt lat="48.4336992" lon="9.9857443">
    <ele>613</ele>
    <time>2026-06-15T05:59:10Z</time>
    <extensions>
     <gpxdata:distance>1245.50</gpxdata:distance>
     <gpxdata:speed>4.975</gpxdata:speed>
    </extensions>
   </trkpt>
   <trkpt lat="48.4336578" lon="9.9857399">
    <ele>613</ele>
    <time>2026-06-15T05:59:11Z</time>
    <extensions>
     <gpxdata:distance>1250.00</gpxdata:distance>
     <gpxdata:speed>4.811</gpxdata:speed>
    </extensions>
   </trkpt>
   <trkpt lat="48.4336187" lon="9.9857356">
    <ele>613</ele>
    <time>2026-06-15T05:59:12Z</time>
    <extensions>
     <gpxdata:distance>1254.00</gpxdata:distance>
     <gpxdata:speed>4.478</gpxdata:speed>
    </extensions>
   </trkpt>
   <trkpt lat="48.4335816" lon="9.9857327">
    <ele>613</ele>
    <time>2026-06-15T05:59:13Z</time>
    <extensions>
     <gpxdata:distance>1258.00</gpxdata:distance>
     <gpxdata:speed>4.203</gpxdata:speed>
    </extensions>
   </trkpt>
   <trkpt lat="48.4335463" lon="9.9857323">
    <ele>613</ele>
    <time>2026-06-15T05:59:14Z</time>
    <extensions>
     <gpxdata:distance>1261.50</gpxdata:distance>
     <gpxdata:speed>3.953</gpxdata:speed>
    </extensions>
   </trkpt>
   <trkpt lat="48.4335149" lon="9.9857337">
    <ele>613</ele>
    <time>2026-06-15T05:59:15Z</time>
    <extensions>
     <gpxdata:distance>1265.00</gpxdata:distance>
     <gpxdata:speed>3.444</gpxdata:speed>
    </extensions>
   </trkpt>
   <trkpt lat="48.4334898" lon="9.9857352">
    <ele>613</ele>
    <time>2026-06-15T05:59:16Z</time>
    <extensions>
     <gpxdata:distance>1266.50</gpxdata:distance>
     <gpxdata:speed>2.692</gpxdata:speed>
    </extensions>
   </trkpt>
   <trkpt lat="48.4334792" lon="9.9857353">
    <ele>613</ele>
    <time>2026-06-15T05:59:17Z</time>
    <extensions>
     <gpxdata:distance>1268.00</gpxdata:distance>
     <gpxdata:speed>1.997</gpxdata:speed>
    </extensions>
   </trkpt>
   <trkpt lat="48.4334705" lon="9.9857355">
    <ele>613</ele>
    <time>2026-06-15T05:59:18Z</time>
    <extensions>
     <gpxdata:distance>1269.50</gpxdata:distance>
     <gpxdata:speed>1.719</gpxdata:speed>
    </extensions>
   </trkpt>
   <trkpt lat="48.4334601" lon="9.9857361">
    <ele>613</ele>
    <time>2026-06-15T05:59:19Z</time>
    <extensions>
     <gpxdata:distance>1271.00</gpxdata:distance>
     <gpxdata:speed>1.511</gpxdata:speed>
    </extensions>
   </trkpt>
   <trkpt lat="48.4334491" lon="9.9857371">
    <ele>613</ele>
    <time>2026-06-15T05:59:20Z</time>
    <extensions>
     <gpxdata:distance>1272.00</gpxdata:distance>
     <gpxdata:speed>1.369</gpxdata:speed>
    </extensions>
   </trkpt>
   <trkpt lat="48.4334379" lon="9.9857386">
    <ele>613</ele>
    <time>2026-06-15T05:59:21Z</time>
    <extensions>
     <gpxdata:distance>1273.00</gpxdata:distance>
     <gpxdata:speed>1.292</gpxdata:speed>
    </extensions>
   </trkpt>
   <trkpt lat="48.4333512" lon="9.9857284">
    <ele>613</ele>
    <time>2026-06-15T05:59:48Z</time>
    <extensions>
     <gpxdata:distance>1287.00</gpxdata:distance>
     <gpxdata:speed>2.136</gpxdata:speed>
    </extensions>
   </trkpt>
   <trkpt lat="48.4333256" lon="9.9857240">
    <ele>613</ele>
    <time>2026-06-15T05:59:49Z</time>
    <extensions>
     <gpxdata:distance>1287.00</gpxdata:distance>
     <gpxdata:speed>2.419</gpxdata:speed>
    </extensions>
   </trkpt>
   <trkpt lat="48.4333016" lon="9.9857202">
    <ele>613</ele>
    <time>2026-06-15T05:59:50Z</time>
    <extensions>
     <gpxdata:distance>1290.00</gpxdata:distance>
     <gpxdata:speed>2.642</gpxdata:speed>
    </extensions>
   </trkpt>
   <trkpt lat="48.4332775" lon="9.9857163">
    <ele>613</ele>
    <time>2026-06-15T05:59:51Z</time>
    <extensions>
     <gpxdata:distance>1293.00</gpxdata:distance>
     <gpxdata:speed>2.742</gpxdata:speed>
    </extensions>
   </trkpt>
   <trkpt lat="48.4332538" lon="9.9857117">
    <ele>613</ele>
    <time>2026-06-15T05:59:52Z</time>
    <extensions>
     <gpxdata:distance>1295.50</gpxdata:distance>
     <gpxdata:speed>2.678</gpxdata:speed>
    </extensions>
   </trkpt>
   <trkpt lat="48.4332309" lon="9.9857065">
    <ele>613</ele>
    <time>2026-06-15T05:59:53Z</time>
    <extensions>
     <gpxdata:distance>1298.00</gpxdata:distance>
     <gpxdata:speed>2.561</gpxdata:speed>
    </extensions>
   </trkpt>
   <trkpt lat="48.4332093" lon="9.9857007">
    <ele>613</ele>
    <time>2026-06-15T05:59:54Z</time>
    <extensions>
     <gpxdata:distance>1300.00</gpxdata:distance>
     <gpxdata:speed>2.475</gpxdata:speed>
    </extensions>
   </trkpt>
   <trkpt lat="48.4331890" lon="9.9856949">
    <ele>613</ele>
    <time>2026-06-15T05:59:55Z</time>
    <extensions>
     <gpxdata:distance>1302.00</gpxdata:distance>
     <gpxdata:speed>2.358</gpxdata:speed>
    </extensions>
   </trkpt>
   <trkpt lat="48.4331702" lon="9.9856896">
    <ele>613</ele>
    <time>2026-06-15T05:59:56Z</time>
    <extensions>
     <gpxdata:distance>1304.00</gpxdata:distance>
     <gpxdata:speed>2.225</gpxdata:speed>
    </extensions>
   </trkpt>
   <trkpt lat="48.4331518" lon="9.9856854">
    <ele>613</ele>
    <time>2026-06-15T05:59:57Z</time>
    <extensions>
     <gpxdata:distance>1306.00</gpxdata:distance>
     <gpxdata:speed>2.150</gpxdata:speed>
    </extensions>
   </trkpt>
   <trkpt lat="48.4331333" lon="9.9856815">
    <ele>613</ele>
    <time>2026-06-15T05:59:58Z</time>
    <extensions>
     <gpxdata:distance>1308.00</gpxdata:distance>
     <gpxdata:speed>2.131</gpxdata:speed>
    </extensions>
   </trkpt>
   <trkpt lat="48.4331144" lon="9.9856763">
    <ele>613</ele>
    <time>2026-06-15T05:59:59Z</time>
    <extensions>
     <gpxdata:distance>1310.00</gpxdata:distance>
     <gpxdata:speed>2.150</gpxdata:speed>
    </extensions>
   </trkpt>
   <trkpt lat="48.4330948" lon="9.9856693">
    <ele>613</ele>
    <time>2026-06-15T06:00:00Z</time>
    <extensions>
     <gpxdata:distance>1312.50</gpxdata:distance>
     <gpxdata:speed>2.214</gpxdata:speed>
    </extensions>
   </trkpt>
   <trkpt lat="48.4330746" lon="9.9856603">
    <ele>613</ele>
    <time>2026-06-15T06:00:01Z</time>
    <extensions>
     <gpxdata:distance>1315.00</gpxdata:distance>
     <gpxdata:speed>2.303</gpxdata:speed>
    </extensions>
   </trkpt>
   <trkpt lat="48.4330540" lon="9.9856497">
    <ele>613</ele>
    <time>2026-06-15T06:00:02Z</time>
    <extensions>
     <gpxdata:distance>1317.50</gpxdata:distance>
     <gpxdata:speed>2.361</gpxdata:speed>
    </extensions>
   </trkpt>
   <trkpt lat="48.4330333" lon="9.9856387">
    <ele>613</ele>
    <time>2026-06-15T06:00:03Z</time>
    <extensions>
     <gpxdata:distance>1320.00</gpxdata:distance>
     <gpxdata:speed>2.406</gpxdata:speed>
    </extensions>
   </trkpt>
   <trkpt lat="48.4330126" lon="9.9856272">
    <ele>613</ele>
    <time>2026-06-15T06:00:04Z</time>
    <extensions>
     <gpxdata:distance>1322.50</gpxdata:distance>
     <gpxdata:speed>2.419</gpxdata:speed>
    </extensions>
   </trkpt>
   <trkpt lat="48.4329919" lon="9.9856163">
    <ele>613</ele>
    <time>2026-06-15T06:00:05Z</time>
    <extensions>
     <gpxdata:distance>1325.00</gpxdata:distance>
     <gpxdata:speed>2.431</gpxdata:speed>
    </extensions>
   </trkpt>
   <trkpt lat="48.4329715" lon="9.9856069">
    <ele>613</ele>
    <time>2026-06-15T06:00:06Z</time>
    <extensions>
     <gpxdata:distance>1327.00</gpxdata:distance>
     <gpxdata:speed>2.392</gpxdata:speed>
    </extensions>
   </trkpt>
   <trkpt lat="48.4329530" lon="9.9856005">
    <ele>613</ele>
    <time>2026-06-15T06:00:07Z</time>
    <extensions>
     <gpxdata:distance>1329.00</gpxdata:distance>
     <gpxdata:speed>2.208</gpxdata:speed>
    </extensions>
   </trkpt>
   <trkpt lat="48.4329367" lon="9.9855972">
    <ele>613</ele>
    <time>2026-06-15T06:00:08Z</time>
    <extensions>
     <gpxdata:distance>1330.50</gpxdata:distance>
     <gpxdata:speed>1.986</gpxdata:speed>
    </extensions>
   </trkpt>
   <trkpt lat="48.4329251" lon="9.9855964">
    <ele>613</ele>
    <time>2026-06-15T06:00:09Z</time>
    <extensions>
     <gpxdata:distance>1332.00</gpxdata:distance>
     <gpxdata:speed>1.897</gpxdata:speed>
    </extensions>
   </trkpt>
   <trkpt lat="48.4329103" lon="9.9855968">
    <ele>613</ele>
    <time>2026-06-15T06:00:10Z</time>
    <extensions>
     <gpxdata:distance>1334.50</gpxdata:distance>
     <gpxdata:speed>1.989</gpxdata:speed>
    </extensions>
   </trkpt>
   <trkpt lat="48.4328922" lon="9.9855979">
    <ele>613</ele>
    <time>2026-06-15T06:00:11Z</time>
    <extensions>
     <gpxdata:distance>1337.00</gpxdata:distance>
     <gpxdata:speed>2.172</gpxdata:speed>
    </extensions>
   </trkpt>
   <trkpt lat="48.4328641" lon="9.9855981">
    <ele>613</ele>
    <time>2026-06-15T06:00:12Z</time>
    <extensions>
     <gpxdata:distance>1340.00</gpxdata:distance>
     <gpxdata:speed>2.358</gpxdata:speed>
    </extensions>
   </trkpt>
   <trkpt lat="48.4328389" lon="9.9855955">
    <ele>613</ele>
    <time>2026-06-15T06:00:13Z</time>
    <extensions>
     <gpxdata:distance>1343.00</gpxdata:distance>
     <gpxdata:speed>2.481</gpxdata:speed>
    </extensions>
   </trkpt>
   <trkpt lat="48.4328150" lon="9.9855910">
    <ele>613</ele>
    <time>2026-06-15T06:00:14Z</time>
    <extensions>
     <gpxdata:distance>1345.50</gpxdata:distance>
     <gpxdata:speed>2.544</gpxdata:speed>
    </extensions>
   </trkpt>
   <trkpt lat="48.4327915" lon="9.9855877">
    <ele>613</ele>
    <time>2026-06-15T06:00:15Z</time>
    <extensions>
     <gpxdata:distance>1348.00</gpxdata:distance>
     <gpxdata:speed>2.575</gpxdata:speed>
    </extensions>
   </trkpt>
   <trkpt lat="48.4327683" lon="9.9855898">
    <ele>613</ele>
    <time>2026-06-15T06:00:16Z</time>
    <extensions>
     <gpxdata:distance>1350.50</gpxdata:distance>
     <gpxdata:speed>2.628</gpxdata:speed>
    </extensions>
   </trkpt>
   <trkpt lat="48.4327459" lon="9.9855995">
    <ele>613</ele>
    <time>2026-06-15T06:00:17Z</time>
    <extensions>
     <gpxdata:distance>1353.00</gpxdata:distance>
     <gpxdata:speed>2.794</gpxdata:speed>
    </extensions>
   </trkpt>
   <trkpt lat="48.4327239" lon="9.9856147">
    <ele>613</ele>
    <time>2026-06-15T06:00:18Z</time>
    <extensions>
     <gpxdata:distance>1356.00</gpxdata:distance>
     <gpxdata:speed>2.886</gpxdata:speed>
    </extensions>
   </trkpt>
   <trkpt lat="48.4327003" lon="9.9856311">
    <ele>613</ele>
    <time>2026-06-15T06:00:19Z</time>
    <extensions>
     <gpxdata:distance>1359.00</gpxdata:distance>
     <gpxdata:speed>3.092</gpxdata:speed>
    </extensions>
   </trkpt>
   <trkpt lat="48.4326572" lon="9.9856528">
    <ele>613</ele>
    <time>2026-06-15T06:00:20Z</time>
    <extensions>
     <gpxdata:distance>1363.00</gpxdata:distance>
     <gpxdata:speed>3.369</gpxdata:speed>
    </extensions>
   </trkpt>
   <trkpt lat="48.4326227" lon="9.9856600">
    <ele>613</ele>
    <time>2026-06-15T06:00:21Z</time>
    <extensions>
     <gpxdata:distance>1367.00</gpxdata:distance>
     <gpxdata:speed>3.656</gpxdata:speed>
    </extensions>
   </trkpt>
   <trkpt lat="48.4325875" lon="9.9856606">
    <ele>613</ele>
    <time>2026-06-15T06:00:22Z</time>
    <extensions>
     <gpxdata:distance>1371.00</gpxdata:distance>
     <gpxdata:speed>3.914</gpxdata:speed>
    </extensions>
   </trkpt>
   <trkpt lat="48.4325508" lon="9.9856573">
    <ele>613</ele>
    <time>2026-06-15T06:00:23Z</time>
    <extensions>
     <gpxdata:distance>1375.00</gpxdata:distance>
     <gpxdata:speed>4.075</gpxdata:speed>
    </extensions>
   </trkpt>
   <trkpt lat="48.4325129" lon="9.9856516">
    <ele>613</ele>
    <time>2026-06-15T06:00:24Z</time>
    <extensions>
     <gpxdata:distance>1379.50</gpxdata:distance>
     <gpxdata:speed>4.200</gpxdata:speed>
    </extensions>
   </trkpt>
   <trkpt lat="48.4324739" lon="9.9856443">
    <ele>613</ele>
    <time>2026-06-15T06:00:25Z</time>
    <extensions>
     <gpxdata:distance>1384.00</gpxdata:distance>
     <gpxdata:speed>4.353</gpxdata:speed>
    </extensions>
   </trkpt>
   <trkpt lat="48.4324343" lon="9.9856362">
    <ele>613</ele>
    <time>2026-06-15T06:00:26Z</time>
    <extensions>
     <gpxdata:distance>1388.50</gpxdata:distance>
     <gpxdata:speed>4.417</gpxdata:speed>
    </extensions>
   </trkpt>
   <trkpt lat="48.4323939" lon="9.9856281">
    <ele>613</ele>
    <time>2026-06-15T06:00:27Z</time>
    <extensions>
     <gpxdata:distance>1393.00</gpxdata:distance>
     <gpxdata:speed>4.514</gpxdata:speed>
    </extensions>
   </trkpt>
   <trkpt lat="48.4323523" lon="9.9856213">
    <ele>613</ele>
    <time>2026-06-15T06:00:28Z</time>
    <extensions>
     <gpxdata:distance>1398.00</gpxdata:distance>
     <gpxdata:speed>4.661</gpxdata:speed>
    </extensions>
   </trkpt>
   <trkpt lat="48.4323094" lon="9.9856159">
    <ele>613</ele>
    <time>2026-06-15T06:00:29Z</time>
    <extensions>
     <gpxdata:distance>1403.00</gpxdata:distance>
     <gpxdata:speed>4.786</gpxdata:speed>
    </extensions>
   </trkpt>
   <trkpt lat="48.4322653" lon="9.9856108">
    <ele>613</ele>
    <time>2026-06-15T06:00:30Z</time>
    <extensions>
     <gpxdata:distance>1408.00</gpxdata:distance>
     <gpxdata:speed>4.922</gpxdata:speed>
    </extensions>
   </trkpt>
   <trkpt lat="48.4322204" lon="9.9856058">
    <ele>613</ele>
    <time>2026-06-15T06:00:31Z</time>
    <extensions>
     <gpxdata:distance>1413.00</gpxdata:distance>
     <gpxdata:speed>5.000</gpxdata:speed>
    </extensions>
   </trkpt>
   <trkpt lat="48.4321748" lon="9.9856011">
    <ele>613</ele>
    <time>2026-06-15T06:00:32Z</time>
    <extensions>
     <gpxdata:distance>1418.00</gpxdata:distance>
     <gpxdata:speed>5.064</gpxdata:speed>
    </extensions>
   </trkpt>
   <trkpt lat="48.4321285" lon="9.9855969">
    <ele>613</ele>
    <time>2026-06-15T06:00:33Z</time>
    <extensions>
     <gpxdata:distance>1423.00</gpxdata:distance>
     <gpxdata:speed>5.133</gpxdata:speed>
    </extensions>
   </trkpt>
   <trkpt lat="48.4320818" lon="9.9855932">
    <ele>612</ele>
    <time>2026-06-15T06:00:34Z</time>
    <extensions>
     <gpxdata:distance>1428.50</gpxdata:distance>
     <gpxdata:speed>5.181</gpxdata:speed>
    </extensions>
   </trkpt>
   <trkpt lat="48.4320346" lon="9.9855893">
    <ele>612</ele>
    <time>2026-06-15T06:00:35Z</time>
    <extensions>
     <gpxdata:distance>1434.00</gpxdata:distance>
     <gpxdata:speed>5.231</gpxdata:speed>
    </extensions>
   </trkpt>
   <trkpt lat="48.4319869" lon="9.9855854">
    <ele>612</ele>
    <time>2026-06-15T06:00:36Z</time>
    <extensions>
     <gpxdata:distance>1439.50</gpxdata:distance>
     <gpxdata:speed>5.281</gpxdata:speed>
    </extensions>
   </trkpt>
   <trkpt lat="48.4319389" lon="9.9855819">
    <ele>612</ele>
    <time>2026-06-15T06:00:37Z</time>
    <extensions>
     <gpxdata:distance>1445.00</gpxdata:distance>
     <gpxdata:speed>5.319</gpxdata:speed>
    </extensions>
   </trkpt>
   <trkpt lat="48.4318906" lon="9.9855793">
    <ele>612</ele>
    <time>2026-06-15T06:00:38Z</time>
    <extensions>
     <gpxdata:distance>1450.50</gpxdata:distance>
     <gpxdata:speed>5.350</gpxdata:speed>
    </extensions>
   </trkpt>
   <trkpt lat="48.4318424" lon="9.9855763">
    <ele>612</ele>
    <time>2026-06-15T06:00:39Z</time>
    <extensions>
     <gpxdata:distance>1456.00</gpxdata:distance>
     <gpxdata:speed>5.361</gpxdata:speed>
    </extensions>
   </trkpt>
   <trkpt lat="48.4317943" lon="9.9855729">
    <ele>612</ele>
    <time>2026-06-15T06:00:40Z</time>
    <extensions>
     <gpxdata:distance>1461.00</gpxdata:distance>
     <gpxdata:speed>5.364</gpxdata:speed>
    </extensions>
   </trkpt>
   <trkpt lat="48.4317463" lon="9.9855686">
    <ele>612</ele>
    <time>2026-06-15T06:00:41Z</time>
    <extensions>
     <gpxdata:distance>1466.00</gpxdata:distance>
     <gpxdata:speed>5.364</gpxdata:speed>
    </extensions>
   </trkpt>
   <trkpt lat="48.4316982" lon="9.9855642">
    <ele>612</ele>
    <time>2026-06-15T06:00:42Z</time>
    <extensions>
     <gpxdata:distance>1471.50</gpxdata:distance>
     <gpxdata:speed>5.364</gpxdata:speed>
    </extensions>
   </trkpt>
   <trkpt lat="48.4316498" lon="9.9855607">
    <ele>612</ele>
    <time>2026-06-15T06:00:43Z</time>
    <extensions>
     <gpxdata:distance>1477.00</gpxdata:distance>
     <gpxdata:speed>5.389</gpxdata:speed>
    </extensions>
   </trkpt>
   <trkpt lat="48.4316013" lon="9.9855576">
    <ele>612</ele>
    <time>2026-06-15T06:00:44Z</time>
    <extensions>
     <gpxdata:distance>1482.50</gpxdata:distance>
     <gpxdata:speed>5.392</gpxdata:speed>
    </extensions>
   </trkpt>
   <trkpt lat="48.4315529" lon="9.9855543">
    <ele>612</ele>
    <time>2026-06-15T06:00:45Z</time>
    <extensions>
     <gpxdata:distance>1488.00</gpxdata:distance>
     <gpxdata:speed>5.392</gpxdata:speed>
    </extensions>
   </trkpt>
   <trkpt lat="48.4315042" lon="9.9855512">
    <ele>612</ele>
    <time>2026-06-15T06:00:46Z</time>
    <extensions>
     <gpxdata:distance>1493.50</gpxdata:distance>
     <gpxdata:speed>5.408</gpxdata:speed>
    </extensions>
   </trkpt>
   <trkpt lat="48.4314555" lon="9.9855490">
    <ele>612</ele>
    <time>2026-06-15T06:00:47Z</time>
    <extensions>
     <gpxdata:distance>1499.00</gpxdata:distance>
     <gpxdata:speed>5.414</gpxdata:speed>
    </extensions>
   </trkpt>
   <trkpt lat="48.4314070" lon="9.9855478">
    <ele>612</ele>
    <time>2026-06-15T06:00:48Z</time>
    <extensions>
     <gpxdata:distance>1504.00</gpxdata:distance>
     <gpxdata:speed>5.403</gpxdata:speed>
    </extensions>
   </trkpt>
   <trkpt lat="48.4313590" lon="9.9855468">
    <ele>612</ele>
    <time>2026-06-15T06:00:49Z</time>
    <extensions>
     <gpxdata:distance>1509.00</gpxdata:distance>
     <gpxdata:speed>5.372</gpxdata:speed>
    </extensions>
   </trkpt>
   <trkpt lat="48.4313113" lon="9.9855452">
    <ele>612</ele>
    <time>2026-06-15T06:00:50Z</time>
    <extensions>
     <gpxdata:distance>1514.50</gpxdata:distance>
     <gpxdata:speed>5.347</gpxdata:speed>
    </extensions>
   </trkpt>
   <trkpt lat="48.4312641" lon="9.9855430">
    <ele>612</ele>
    <time>2026-06-15T06:00:51Z</time>
    <extensions>
     <gpxdata:distance>1520.00</gpxdata:distance>
     <gpxdata:speed>5.308</gpxdata:speed>
    </extensions>
   </trkpt>
   <trkpt lat="48.4312176" lon="9.9855399">
    <ele>612</ele>
    <time>2026-06-15T06:00:52Z</time>
    <extensions>
     <gpxdata:distance>1525.00</gpxdata:distance>
     <gpxdata:speed>5.256</gpxdata:speed>
    </extensions>
   </trkpt>
   <trkpt lat="48.4311717" lon="9.9855355">
    <ele>612</ele>
    <time>2026-06-15T06:00:53Z</time>
    <extensions>
     <gpxdata:distance>1530.00</gpxdata:distance>
     <gpxdata:speed>5.200</gpxdata:speed>
    </extensions>
   </trkpt>
   <trkpt lat="48.4311259" lon="9.9855305">
    <ele>612</ele>
    <time>2026-06-15T06:00:54Z</time>
    <extensions>
     <gpxdata:distance>1535.00</gpxdata:distance>
     <gpxdata:speed>5.167</gpxdata:speed>
    </extensions>
   </trkpt>
   <trkpt lat="48.4310801" lon="9.9855256">
    <ele>612</ele>
    <time>2026-06-15T06:00:55Z</time>
    <extensions>
     <gpxdata:distance>1540.00</gpxdata:distance>
     <gpxdata:speed>5.150</gpxdata:speed>
    </extensions>
   </trkpt>
   <trkpt lat="48.4310342" lon="9.9855209">
    <ele>612</ele>
    <time>2026-06-15T06:00:56Z</time>
    <extensions>
     <gpxdata:distance>1545.50</gpxdata:distance>
     <gpxdata:speed>5.139</gpxdata:speed>
    </extensions>
   </trkpt>
   <trkpt lat="48.4309879" lon="9.9855161">
    <ele>612</ele>
    <time>2026-06-15T06:00:57Z</time>
    <extensions>
     <gpxdata:distance>1551.00</gpxdata:distance>
     <gpxdata:speed>5.153</gpxdata:speed>
    </extensions>
   </trkpt>
   <trkpt lat="48.4309416" lon="9.9855110">
    <ele>612</ele>
    <time>2026-06-15T06:00:58Z</time>
    <extensions>
     <gpxdata:distance>1556.00</gpxdata:distance>
     <gpxdata:speed>5.153</gpxdata:speed>
    </extensions>
   </trkpt>
   <trkpt lat="48.4308957" lon="9.9855057">
    <ele>612</ele>
    <time>2026-06-15T06:00:59Z</time>
    <extensions>
     <gpxdata:distance>1561.00</gpxdata:distance>
     <gpxdata:speed>5.131</gpxdata:speed>
    </extensions>
   </trkpt>
   <trkpt lat="48.4308504" lon="9.9855001">
    <ele>612</ele>
    <time>2026-06-15T06:01:00Z</time>
    <extensions>
     <gpxdata:distance>1566.00</gpxdata:distance>
     <gpxdata:speed>5.100</gpxdata:speed>
    </extensions>
   </trkpt>
   <trkpt lat="48.4308050" lon="9.9854941">
    <ele>611</ele>
    <time>2026-06-15T06:01:01Z</time>
    <extensions>
     <gpxdata:distance>1571.00</gpxdata:distance>
     <gpxdata:speed>5.089</gpxdata:speed>
    </extensions>
   </trkpt>
   <trkpt lat="48.4307593" lon="9.9854879">
    <ele>611</ele>
    <time>2026-06-15T06:01:02Z</time>
    <extensions>
     <gpxdata:distance>1576.00</gpxdata:distance>
     <gpxdata:speed>5.106</gpxdata:speed>
    </extensions>
   </trkpt>
   <trkpt lat="48.4307129" lon="9.9854816">
    <ele>611</ele>
    <time>2026-06-15T06:01:03Z</time>
    <extensions>
     <gpxdata:distance>1581.00</gpxdata:distance>
     <gpxdata:speed>5.142</gpxdata:speed>
    </extensions>
   </trkpt>
   <trkpt lat="48.4306656" lon="9.9854748">
    <ele>611</ele>
    <time>2026-06-15T06:01:04Z</time>
    <extensions>
     <gpxdata:distance>1586.50</gpxdata:distance>
     <gpxdata:speed>5.208</gpxdata:speed>
    </extensions>
   </trkpt>
   <trkpt lat="48.4306175" lon="9.9854677">
    <ele>611</ele>
    <time>2026-06-15T06:01:05Z</time>
    <extensions>
     <gpxdata:distance>1592.00</gpxdata:distance>
     <gpxdata:speed>5.286</gpxdata:speed>
    </extensions>
   </trkpt>
   <trkpt lat="48.4305683" lon="9.9854607">
    <ele>611</ele>
    <time>2026-06-15T06:01:06Z</time>
    <extensions>
     <gpxdata:distance>1597.50</gpxdata:distance>
     <gpxdata:speed>5.372</gpxdata:speed>
    </extensions>
   </trkpt>
   <trkpt lat="48.4305185" lon="9.9854535">
    <ele>611</ele>
    <time>2026-06-15T06:01:07Z</time>
    <extensions>
     <gpxdata:distance>1603.00</gpxdata:distance>
     <gpxdata:speed>5.453</gpxdata:speed>
    </extensions>
   </trkpt>
   <trkpt lat="48.4304681" lon="9.9854469">
    <ele>611</ele>
    <time>2026-06-15T06:01:08Z</time>
    <extensions>
     <gpxdata:distance>1609.00</gpxdata:distance>
     <gpxdata:speed>5.522</gpxdata:speed>
    </extensions>
   </trkpt>
   <trkpt lat="48.4304171" lon="9.9854404">
    <ele>611</ele>
    <time>2026-06-15T06:01:09Z</time>
    <extensions>
     <gpxdata:distance>1615.00</gpxdata:distance>
     <gpxdata:speed>5.594</gpxdata:speed>
    </extensions>
   </trkpt>
   <trkpt lat="48.4303652" lon="9.9854329">
    <ele>611</ele>
    <time>2026-06-15T06:01:10Z</time>
    <extensions>
     <gpxdata:distance>1621.00</gpxdata:distance>
     <gpxdata:speed>5.694</gpxdata:speed>
    </extensions>
   </trkpt>
   <trkpt lat="48.4303123" lon="9.9854236">
    <ele>611</ele>
    <time>2026-06-15T06:01:11Z</time>
    <extensions>
     <gpxdata:distance>1627.00</gpxdata:distance>
     <gpxdata:speed>5.861</gpxdata:speed>
    </extensions>
   </trkpt>
   <trkpt lat="48.4302582" lon="9.9854142">
    <ele>611</ele>
    <time>2026-06-15T06:01:12Z</time>
    <extensions>
     <gpxdata:distance>1633.00</gpxdata:distance>
     <gpxdata:speed>6.025</gpxdata:speed>
    </extensions>
   </trkpt>
   <trkpt lat="48.4301847" lon="9.9854024">
    <ele>610</ele>
    <time>2026-06-15T06:01:13Z</time>
    <extensions>
     <gpxdata:distance>1639.00</gpxdata:distance>
     <gpxdata:speed>6.150</gpxdata:speed>
    </extensions>
   </trkpt>
   <trkpt lat="48.4301261" lon="9.9853938">
    <ele>610</ele>
    <time>2026-06-15T06:01:14Z</time>
    <extensions>
     <gpxdata:distance>1645.50</gpxdata:distance>
     <gpxdata:speed>6.256</gpxdata:speed>
    </extensions>
   </trkpt>
   <trkpt lat="48.4300684" lon="9.9853856">
    <ele>610</ele>
    <time>2026-06-15T06:01:15Z</time>
    <extensions>
     <gpxdata:distance>1652.00</gpxdata:distance>
     <gpxdata:speed>6.358</gpxdata:speed>
    </extensions>
   </trkpt>
   <trkpt lat="48.4300107" lon="9.9853773">
    <ele>610</ele>
    <time>2026-06-15T06:01:16Z</time>
    <extensions>
     <gpxdata:distance>1658.50</gpxdata:distance>
     <gpxdata:speed>6.406</gpxdata:speed>
    </extensions>
   </trkpt>
   <trkpt lat="48.4299531" lon="9.9853694">
    <ele>610</ele>
    <time>2026-06-15T06:01:17Z</time>
    <extensions>
     <gpxdata:distance>1665.00</gpxdata:distance>
     <gpxdata:speed>6.403</gpxdata:speed>
    </extensions>
   </trkpt>
   <trkpt lat="48.4298955" lon="9.9853627">
    <ele>610</ele>
    <time>2026-06-15T06:01:18Z</time>
    <extensions>
     <gpxdata:distance>1671.50</gpxdata:distance>
     <gpxdata:speed>6.417</gpxdata:speed>
    </extensions>
   </trkpt>
   <trkpt lat="48.4298366" lon="9.9853575">
    <ele>609</ele>
    <time>2026-06-15T06:01:19Z</time>
    <extensions>
     <gpxdata:distance>1678.00</gpxdata:distance>
     <gpxdata:speed>6.561</gpxdata:speed>
    </extensions>
   </trkpt>
   <trkpt lat="48.4297766" lon="9.9853549">
    <ele>609</ele>
    <time>2026-06-15T06:01:20Z</time>
    <extensions>
     <gpxdata:distance>1684.50</gpxdata:distance>
     <gpxdata:speed>6.653</gpxdata:speed>
    </extensions>
   </trkpt>
   <trkpt lat="48.4297174" lon="9.9853533">
    <ele>609</ele>
    <time>2026-06-15T06:01:21Z</time>
    <extensions>
     <gpxdata:distance>1691.00</gpxdata:distance>
     <gpxdata:speed>6.575</gpxdata:speed>
    </extensions>
   </trkpt>
   <trkpt lat="48.4296605" lon="9.9853534">
    <ele>609</ele>
    <time>2026-06-15T06:01:22Z</time>
    <extensions>
     <gpxdata:distance>1697.50</gpxdata:distance>
     <gpxdata:speed>6.386</gpxdata:speed>
    </extensions>
   </trkpt>
   <trkpt lat="48.4296054" lon="9.9853564">
    <ele>608</ele>
    <time>2026-06-15T06:01:23Z</time>
    <extensions>
     <gpxdata:distance>1704.00</gpxdata:distance>
     <gpxdata:speed>6.286</gpxdata:speed>
    </extensions>
   </trkpt>
   <trkpt lat="48.4295496" lon="9.9853601">
    <ele>608</ele>
    <time>2026-06-15T06:01:24Z</time>
    <extensions>
     <gpxdata:distance>1710.50</gpxdata:distance>
     <gpxdata:speed>6.283</gpxdata:speed>
    </extensions>
   </trkpt>
   <trkpt lat="48.4294919" lon="9.9853621">
    <ele>608</ele>
    <time>2026-06-15T06:01:25Z</time>
    <extensions>
     <gpxdata:distance>1717.00</gpxdata:distance>
     <gpxdata:speed>6.358</gpxdata:speed>
    </extensions>
   </trkpt>
   <trkpt lat="48.4294325" lon="9.9853622">
    <ele>608</ele>
    <time>2026-06-15T06:01:26Z</time>
    <extensions>
     <gpxdata:distance>1723.50</gpxdata:distance>
     <gpxdata:speed>6.458</gpxdata:speed>
    </extensions>
   </trkpt>
   <trkpt lat="48.4293730" lon="9.9853600">
    <ele>607</ele>
    <time>2026-06-15T06:01:27Z</time>
    <extensions>
     <gpxdata:distance>1730.00</gpxdata:distance>
     <gpxdata:speed>6.503</gpxdata:speed>
    </extensions>
   </trkpt>
   <trkpt lat="48.4293156" lon="9.9853555">
    <ele>607</ele>
    <time>2026-06-15T06:01:28Z</time>
    <extensions>
     <gpxdata:distance>1736.00</gpxdata:distance>
     <gpxdata:speed>6.439</gpxdata:speed>
    </extensions>
   </trkpt>
   <trkpt lat="48.4292606" lon="9.9853491">
    <ele>607</ele>
    <time>2026-06-15T06:01:29Z</time>
    <extensions>
     <gpxdata:distance>1742.00</gpxdata:distance>
     <gpxdata:speed>6.317</gpxdata:speed>
    </extensions>
   </trkpt>
   <trkpt lat="48.4292079" lon="9.9853389">
    <ele>607</ele>
    <time>2026-06-15T06:01:30Z</time>
    <extensions>
     <gpxdata:distance>1747.50</gpxdata:distance>
     <gpxdata:speed>6.003</gpxdata:speed>
    </extensions>
   </trkpt>
   <trkpt lat="48.4291595" lon="9.9853242">
    <ele>606</ele>
    <time>2026-06-15T06:01:31Z</time>
    <extensions>
     <gpxdata:distance>1753.00</gpxdata:distance>
     <gpxdata:speed>5.586</gpxdata:speed>
    </extensions>
   </trkpt>
   <trkpt lat="48.4291303" lon="9.9853141">
    <ele>606</ele>
    <time>2026-06-15T06:01:32Z</time>
    <extensions>
     <gpxdata:distance>1756.00</gpxdata:distance>
     <gpxdata:speed>5.586</gpxdata:speed>
    </extensions>
   </trkpt>
   <trkpt lat="48.4291002" lon="9.9853063">
    <ele>606</ele>
    <time>2026-06-15T06:01:33Z</time>
    <extensions>
     <gpxdata:distance>1759.00</gpxdata:distance>
     <gpxdata:speed>3.758</gpxdata:speed>
    </extensions>
   </trkpt>
   <trkpt lat="48.4290729" lon="9.9853032">
    <ele>606</ele>
    <time>2026-06-15T06:01:34Z</time>
    <extensions>
     <gpxdata:distance>1762.00</gpxdata:distance>
     <gpxdata:speed>3.256</gpxdata:speed>
    </extensions>
   </trkpt>
   <trkpt lat="48.4290472" lon="9.9853035">
    <ele>606</ele>
    <time>2026-06-15T06:01:35Z</time>
    <extensions>
     <gpxdata:distance>1765.00</gpxdata:distance>
     <gpxdata:speed>3.067</gpxdata:speed>
    </extensions>
   </trkpt>
   <trkpt lat="48.4290228" lon="9.9853060">
    <ele>606</ele>
    <time>2026-06-15T06:01:36Z</time>
    <extensions>
     <gpxdata:distance>1767.50</gpxdata:distance>
     <gpxdata:speed>2.850</gpxdata:speed>
    </extensions>
   </trkpt>
   <trkpt lat="48.4290093" lon="9.9853078">
    <ele>606</ele>
    <time>2026-06-15T06:01:37Z</time>
    <extensions>
     <gpxdata:distance>1770.00</gpxdata:distance>
     <gpxdata:speed>2.728</gpxdata:speed>
    </extensions>
   </trkpt>
   <trkpt lat="48.4289906" lon="9.9853093">
    <ele>606</ele>
    <time>2026-06-15T06:01:38Z</time>
    <extensions>
     <gpxdata:distance>1772.50</gpxdata:distance>
     <gpxdata:speed>2.686</gpxdata:speed>
    </extensions>
   </trkpt>
   <trkpt lat="48.4289702" lon="9.9853087">
    <ele>606</ele>
    <time>2026-06-15T06:01:39Z</time>
    <extensions>
     <gpxdata:distance>1775.00</gpxdata:distance>
     <gpxdata:speed>2.478</gpxdata:speed>
    </extensions>
   </trkpt>
   <trkpt lat="48.4288553" lon="9.9853172">
    <ele>605</ele>
    <time>2026-06-15T06:03:10Z</time>
    <extensions>
     <gpxdata:distance>1790.00</gpxdata:distance>
     <gpxdata:speed>1.808</gpxdata:speed>
    </extensions>
   </trkpt>
   <trkpt lat="48.4288399" lon="9.9853207">
    <ele>605</ele>
    <time>2026-06-15T06:03:11Z</time>
    <extensions>
     <gpxdata:distance>1790.00</gpxdata:distance>
     <gpxdata:speed>1.881</gpxdata:speed>
    </extensions>
   </trkpt>
   <trkpt lat="48.4288238" lon="9.9853236">
    <ele>605</ele>
    <time>2026-06-15T06:03:12Z</time>
    <extensions>
     <gpxdata:distance>1792.00</gpxdata:distance>
     <gpxdata:speed>1.936</gpxdata:speed>
    </extensions>
   </trkpt>
   <trkpt lat="48.4288070" lon="9.9853269">
    <ele>605</ele>
    <time>2026-06-15T06:03:13Z</time>
    <extensions>
     <gpxdata:distance>1794.00</gpxdata:distance>
     <gpxdata:speed>2.006</gpxdata:speed>
    </extensions>
   </trkpt>
   <trkpt lat="48.4287833" lon="9.9853321">
    <ele>605</ele>
    <time>2026-06-15T06:03:14Z</time>
    <extensions>
     <gpxdata:distance>1796.50</gpxdata:distance>
     <gpxdata:speed>2.086</gpxdata:speed>
    </extensions>
   </trkpt>
   <trkpt lat="48.4287626" lon="9.9853364">
    <ele>605</ele>
    <time>2026-06-15T06:03:15Z</time>
    <extensions>
     <gpxdata:distance>1799.00</gpxdata:distance>
     <gpxdata:speed>2.144</gpxdata:speed>
    </extensions>
   </trkpt>
   <trkpt lat="48.4287427" lon="9.9853395">
    <ele>605</ele>
    <time>2026-06-15T06:03:16Z</time>
    <extensions>
     <gpxdata:distance>1801.00</gpxdata:distance>
     <gpxdata:speed>2.181</gpxdata:speed>
    </extensions>
   </trkpt>
   <trkpt lat="48.4287228" lon="9.9853420">
    <ele>605</ele>
    <time>2026-06-15T06:03:17Z</time>
    <extensions>
     <gpxdata:distance>1803.00</gpxdata:distance>
     <gpxdata:speed>2.219</gpxdata:speed>
    </extensions>
   </trkpt>
   <trkpt lat="48.4287025" lon="9.9853447">
    <ele>605</ele>
    <time>2026-06-15T06:03:18Z</time>
    <extensions>
     <gpxdata:distance>1805.50</gpxdata:distance>
     <gpxdata:speed>2.258</gpxdata:speed>
    </extensions>
   </trkpt>
   <trkpt lat="48.4286819" lon="9.9853478">
    <ele>605</ele>
    <time>2026-06-15T06:03:19Z</time>
    <extensions>
     <gpxdata:distance>1808.00</gpxdata:distance>
     <gpxdata:speed>2.306</gpxdata:speed>
    </extensions>
   </trkpt>
   <trkpt lat="48.4286609" lon="9.9853506">
    <ele>605</ele>
    <time>2026-06-15T06:03:20Z</time>
    <extensions>
     <gpxdata:distance>1810.50</gpxdata:distance>
     <gpxdata:speed>2.350</gpxdata:speed>
    </extensions>
   </trkpt>
   <trkpt lat="48.4286398" lon="9.9853530">
    <ele>605</ele>
    <time>2026-06-15T06:03:21Z</time>
    <extensions>
     <gpxdata:distance>1813.00</gpxdata:distance>
     <gpxdata:speed>2.361</gpxdata:speed>
    </extensions>
   </trkpt>
   <trkpt lat="48.4286181" lon="9.9853553">
    <ele>605</ele>
    <time>2026-06-15T06:03:22Z</time>
    <extensions>
     <gpxdata:distance>1815.50</gpxdata:distance>
     <gpxdata:speed>2.417</gpxdata:speed>
    </extensions>
   </trkpt>
   <trkpt lat="48.4285956" lon="9.9853588">
    <ele>605</ele>
    <time>2026-06-15T06:03:23Z</time>
    <extensions>
     <gpxdata:distance>1818.00</gpxdata:distance>
     <gpxdata:speed>2.497</gpxdata:speed>
    </extensions>
   </trkpt>
   <trkpt lat="48.4285726" lon="9.9853637">
    <ele>605</ele>
    <time>2026-06-15T06:03:24Z</time>
    <extensions>
     <gpxdata:distance>1821.00</gpxdata:distance>
     <gpxdata:speed>2.558</gpxdata:speed>
    </extensions>
   </trkpt>
   <trkpt lat="48.4285490" lon="9.9853690">
    <ele>605</ele>
    <time>2026-06-15T06:03:25Z</time>
    <extensions>
     <gpxdata:distance>1824.00</gpxdata:distance>
     <gpxdata:speed>2.625</gpxdata:speed>
    </extensions>
   </trkpt>
   <trkpt lat="48.4285247" lon="9.9853736">
    <ele>605</ele>
    <time>2026-06-15T06:03:26Z</time>
    <extensions>
     <gpxdata:distance>1826.50</gpxdata:distance>
     <gpxdata:speed>2.694</gpxdata:speed>
    </extensions>
   </trkpt>
   <trkpt lat="48.4285000" lon="9.9853777">
    <ele>605</ele>
    <time>2026-06-15T06:03:27Z</time>
    <extensions>
     <gpxdata:distance>1829.00</gpxdata:distance>
     <gpxdata:speed>2.747</gpxdata:speed>
    </extensions>
   </trkpt>
   <trkpt lat="48.4284753" lon="9.9853817">
    <ele>605</ele>
    <time>2026-06-15T06:03:28Z</time>
    <extensions>
     <gpxdata:distance>1832.00</gpxdata:distance>
     <gpxdata:speed>2.756</gpxdata:speed>
    </extensions>
   </trkpt>
   <trkpt lat="48.4284507" lon="9.9853859">
    <ele>605</ele>
    <time>2026-06-15T06:03:29Z</time>
    <extensions>
     <gpxdata:distance>1835.00</gpxdata:distance>
     <gpxdata:speed>2.756</gpxdata:speed>
    </extensions>
   </trkpt>
   <trkpt lat="48.4284260" lon="9.9853900">
    <ele>605</ele>
    <time>2026-06-15T06:03:30Z</time>
    <extensions>
     <gpxdata:distance>1837.50</gpxdata:distance>
     <gpxdata:speed>2.769</gpxdata:speed>
    </extensions>
   </trkpt>
   <trkpt lat="48.4284008" lon="9.9853946">
    <ele>604</ele>
    <time>2026-06-15T06:03:31Z</time>
    <extensions>
     <gpxdata:distance>1840.00</gpxdata:distance>
     <gpxdata:speed>2.819</gpxdata:speed>
    </extensions>
   </trkpt>
   <trkpt lat="48.4283753" lon="9.9853996">
    <ele>604</ele>
    <time>2026-06-15T06:03:32Z</time>
    <extensions>
     <gpxdata:distance>1843.00</gpxdata:distance>
     <gpxdata:speed>2.856</gpxdata:speed>
    </extensions>
   </trkpt>
   <trkpt lat="48.4283490" lon="9.9854037">
    <ele>604</ele>
    <time>2026-06-15T06:03:33Z</time>
    <extensions>
     <gpxdata:distance>1846.00</gpxdata:distance>
     <gpxdata:speed>2.917</gpxdata:speed>
    </extensions>
   </trkpt>
   <trkpt lat="48.4283224" lon="9.9854068">
    <ele>604</ele>
    <time>2026-06-15T06:03:34Z</time>
    <extensions>
     <gpxdata:distance>1849.50</gpxdata:distance>
     <gpxdata:speed>2.961</gpxdata:speed>
    </extensions>
   </trkpt>
   <trkpt lat="48.4282952" lon="9.9854093">
    <ele>604</ele>
    <time>2026-06-15T06:03:35Z</time>
    <extensions>
     <gpxdata:distance>1853.00</gpxdata:distance>
     <gpxdata:speed>3.008</gpxdata:speed>
    </extensions>
   </trkpt>
   <trkpt lat="48.4282503" lon="9.9854130">
    <ele>604</ele>
    <time>2026-06-15T06:03:36Z</time>
    <extensions>
     <gpxdata:distance>1856.00</gpxdata:distance>
     <gpxdata:speed>3.056</gpxdata:speed>
    </extensions>
   </trkpt>
   <trkpt lat="48.4282175" lon="9.9854161">
    <ele>604</ele>
    <time>2026-06-15T06:03:37Z</time>
    <extensions>
     <gpxdata:distance>1859.00</gpxdata:distance>
     <gpxdata:speed>3.167</gpxdata:speed>
    </extensions>
   </trkpt>
   <trkpt lat="48.4281859" lon="9.9854203">
    <ele>604</ele>
    <time>2026-06-15T06:03:38Z</time>
    <extensions>
     <gpxdata:distance>1863.00</gpxdata:distance>
     <gpxdata:speed>3.331</gpxdata:speed>
    </extensions>
   </trkpt>
   <trkpt lat="48.4281539" lon="9.9854266">
    <ele>604</ele>
    <time>2026-06-15T06:03:39Z</time>
    <extensions>
     <gpxdata:distance>1867.00</gpxdata:distance>
     <gpxdata:speed>3.489</gpxdata:speed>
    </extensions>
   </trkpt>
   <trkpt lat="48.4281210" lon="9.9854346">
    <ele>604</ele>
    <time>2026-06-15T06:03:40Z</time>
    <extensions>
     <gpxdata:distance>1870.50</gpxdata:distance>
     <gpxdata:speed>3.667</gpxdata:speed>
    </extensions>
   </trkpt>
   <trkpt lat="48.4280868" lon="9.9854430">
    <ele>604</ele>
    <time>2026-06-15T06:03:41Z</time>
    <extensions>
     <gpxdata:distance>1874.00</gpxdata:distance>
     <gpxdata:speed>3.828</gpxdata:speed>
    </extensions>
   </trkpt>
   <trkpt lat="48.4280514" lon="9.9854514">
    <ele>604</ele>
    <time>2026-06-15T06:03:42Z</time>
    <extensions>
     <gpxdata:distance>1878.50</gpxdata:distance>
     <gpxdata:speed>3.967</gpxdata:speed>
    </extensions>
   </trkpt>
   <trkpt lat="48.4280152" lon="9.9854595">
    <ele>604</ele>
    <time>2026-06-15T06:03:43Z</time>
    <extensions>
     <gpxdata:distance>1883.00</gpxdata:distance>
     <gpxdata:speed>4.056</gpxdata:speed>
    </extensions>
   </trkpt>
   <trkpt lat="48.4279790" lon="9.9854669">
    <ele>604</ele>
    <time>2026-06-15T06:03:44Z</time>
    <extensions>
     <gpxdata:distance>1887.00</gpxdata:distance>
     <gpxdata:speed>4.036</gpxdata:speed>
    </extensions>
   </trkpt>
   <trkpt lat="48.4279428" lon="9.9854730">
    <ele>604</ele>
    <time>2026-06-15T06:03:45Z</time>
    <extensions>
     <gpxdata:distance>1891.00</gpxdata:distance>
     <gpxdata:speed>4.031</gpxdata:speed>
    </extensions>
   </trkpt>
   <trkpt lat="48.4279067" lon="9.9854788">
    <ele>604</ele>
    <time>2026-06-15T06:03:46Z</time>
    <extensions>
     <gpxdata:distance>1895.00</gpxdata:distance>
     <gpxdata:speed>4.033</gpxdata:speed>
    </extensions>
   </trkpt>
   <trkpt lat="48.4278707" lon="9.9854849">
    <ele>604</ele>
    <time>2026-06-15T06:03:47Z</time>
    <extensions>
     <gpxdata:distance>1899.00</gpxdata:distance>
     <gpxdata:speed>4.039</gpxdata:speed>
    </extensions>
   </trkpt>
   <trkpt lat="48.4278348" lon="9.9854918">
    <ele>604</ele>
    <time>2026-06-15T06:03:48Z</time>
    <extensions>
     <gpxdata:distance>1903.00</gpxdata:distance>
     <gpxdata:speed>4.036</gpxdata:speed>
    </extensions>
   </trkpt>
   <trkpt lat="48.4277992" lon="9.9854999">
    <ele>604</ele>
    <time>2026-06-15T06:03:49Z</time>
    <extensions>
     <gpxdata:distance>1907.00</gpxdata:distance>
     <gpxdata:speed>4.025</gpxdata:speed>
    </extensions>
   </trkpt>
   <trkpt lat="48.4277641" lon="9.9855081">
    <ele>604</ele>
    <time>2026-06-15T06:03:50Z</time>
    <extensions>
     <gpxdata:distance>1910.50</gpxdata:distance>
     <gpxdata:speed>3.994</gpxdata:speed>
    </extensions>
   </trkpt>
   <trkpt lat="48.4277297" lon="9.9855150">
    <ele>604</ele>
    <time>2026-06-15T06:03:51Z</time>
    <extensions>
     <gpxdata:distance>1914.00</gpxdata:distance>
     <gpxdata:speed>3.933</gpxdata:speed>
    </extensions>
   </trkpt>
   <trkpt lat="48.4276958" lon="9.9855197">
    <ele>604</ele>
    <time>2026-06-15T06:03:52Z</time>
    <extensions>
     <gpxdata:distance>1918.00</gpxdata:distance>
     <gpxdata:speed>3.878</gpxdata:speed>
    </extensions>
   </trkpt>
   <trkpt lat="48.4276613" lon="9.9855233">
    <ele>604</ele>
    <time>2026-06-15T06:03:53Z</time>
    <extensions>
     <gpxdata:distance>1922.00</gpxdata:distance>
     <gpxdata:speed>3.881</gpxdata:speed>
    </extensions>
   </trkpt>
   <trkpt lat="48.4276257" lon="9.9855278">
    <ele>603</ele>
    <time>2026-06-15T06:03:54Z</time>
    <extensions>
     <gpxdata:distance>1926.50</gpxdata:distance>
     <gpxdata:speed>3.942</gpxdata:speed>
    </extensions>
   </trkpt>
   <trkpt lat="48.4275887" lon="9.9855336">
    <ele>603</ele>
    <time>2026-06-15T06:03:55Z</time>
    <extensions>
     <gpxdata:distance>1931.00</gpxdata:distance>
     <gpxdata:speed>4.033</gpxdata:speed>
    </extensions>
   </trkpt>
   <trkpt lat="48.4275510" lon="9.9855407">
    <ele>603</ele>
    <time>2026-06-15T06:03:56Z</time>
    <extensions>
     <gpxdata:distance>1935.00</gpxdata:distance>
     <gpxdata:speed>4.114</gpxdata:speed>
    </extensions>
   </trkpt>
   <trkpt lat="48.4275126" lon="9.9855489">
    <ele>603</ele>
    <time>2026-06-15T06:03:57Z</time>
    <extensions>
     <gpxdata:distance>1939.00</gpxdata:distance>
     <gpxdata:speed>4.194</gpxdata:speed>
    </extensions>
   </trkpt>
   <trkpt lat="48.4274733" lon="9.9855569">
    <ele>603</ele>
    <time>2026-06-15T06:03:58Z</time>
    <extensions>
     <gpxdata:distance>1943.50</gpxdata:distance>
     <gpxdata:speed>4.289</gpxdata:speed>
    </extensions>
   </trkpt>
   <trkpt lat="48.4274332" lon="9.9855640">
    <ele>603</ele>
    <time>2026-06-15T06:03:59Z</time>
    <extensions>
     <gpxdata:distance>1948.00</gpxdata:distance>
     <gpxdata:speed>4.372</gpxdata:speed>
    </extensions>
   </trkpt>
   <trkpt lat="48.4273927" lon="9.9855703">
    <ele>603</ele>
    <time>2026-06-15T06:04:00Z</time>
    <extensions>
     <gpxdata:distance>1952.50</gpxdata:distance>
     <gpxdata:speed>4.458</gpxdata:speed>
    </extensions>
   </trkpt>
   <trkpt lat="48.4273522" lon="9.9855752">
    <ele>603</ele>
    <time>2026-06-15T06:04:01Z</time>
    <extensions>
     <gpxdata:distance>1957.00</gpxdata:distance>
     <gpxdata:speed>4.483</gpxdata:speed>
    </extensions>
   </trkpt>
   <trkpt lat="48.4273123" lon="9.9855793">
    <ele>603</ele>
    <time>2026-06-15T06:04:02Z</time>
    <extensions>
     <gpxdata:distance>1961.50</gpxdata:distance>
     <gpxdata:speed>4.447</gpxdata:speed>
    </extensions>
   </trkpt>
   <trkpt lat="48.4272729" lon="9.9855824">
    <ele>603</ele>
    <time>2026-06-15T06:04:03Z</time>
    <extensions>
     <gpxdata:distance>1966.00</gpxdata:distance>
     <gpxdata:speed>4.408</gpxdata:speed>
    </extensions>
   </trkpt>
   <trkpt lat="48.4272335" lon="9.9855848">
    <ele>603</ele>
    <time>2026-06-15T06:04:04Z</time>
    <extensions>
     <gpxdata:distance>1970.50</gpxdata:distance>
     <gpxdata:speed>4.403</gpxdata:speed>
    </extensions>
   </trkpt>
   <trkpt lat="48.4271938" lon="9.9855883">
    <ele>603</ele>
    <time>2026-06-15T06:04:05Z</time>
    <extensions>
     <gpxdata:distance>1975.00</gpxdata:distance>
     <gpxdata:speed>4.431</gpxdata:speed>
    </extensions>
   </trkpt>
   <trkpt lat="48.4271536" lon="9.9855943">
    <ele>603</ele>
    <time>2026-06-15T06:04:06Z</time>
    <extensions>
     <gpxdata:distance>1979.50</gpxdata:distance>
     <gpxdata:speed>4.469</gpxdata:speed>
    </extensions>
   </trkpt>
   <trkpt lat="48.4271138" lon="9.9856042">
    <ele>603</ele>
    <time>2026-06-15T06:04:07Z</time>
    <extensions>
     <gpxdata:distance>1984.00</gpxdata:distance>
     <gpxdata:speed>4.478</gpxdata:speed>
    </extensions>
   </trkpt>
   <trkpt lat="48.4270750" lon="9.9856177">
    <ele>603</ele>
    <time>2026-06-15T06:04:08Z</time>
    <extensions>
     <gpxdata:distance>1988.50</gpxdata:distance>
     <gpxdata:speed>4.458</gpxdata:speed>
    </extensions>
   </trkpt>
   <trkpt lat="48.4270369" lon="9.9856333">
    <ele>603</ele>
    <time>2026-06-15T06:04:09Z</time>
    <extensions>
     <gpxdata:distance>1993.00</gpxdata:distance>
     <gpxdata:speed>4.428</gpxdata:speed>
    </extensions>
   </trkpt>
   <trkpt lat="48.4269993" lon="9.9856498">
    <ele>603</ele>
    <time>2026-06-15T06:04:10Z</time>
    <extensions>
     <gpxdata:distance>1997.00</gpxdata:distance>
     <gpxdata:speed>4.394</gpxdata:speed>
    </extensions>
   </trkpt>
   <trkpt lat="48.4269620" lon="9.9856666">
    <ele>603</ele>
    <time>2026-06-15T06:04:11Z</time>
    <extensions>
     <gpxdata:distance>2001.00</gpxdata:distance>
     <gpxdata:speed>4.375</gpxdata:speed>
    </extensions>
   </trkpt>
   <trkpt lat="48.4269251" lon="9.9856840">
    <ele>602</ele>
    <time>2026-06-15T06:04:12Z</time>
    <extensions>
     <gpxdata:distance>2005.50</gpxdata:distance>
     <gpxdata:speed>4.339</gpxdata:speed>
    </extensions>
   </trkpt>
   <trkpt lat="48.4268892" lon="9.9857016">
    <ele>602</ele>
    <time>2026-06-15T06:04:13Z</time>
    <extensions>
     <gpxdata:distance>2010.00</gpxdata:distance>
     <gpxdata:speed>4.281</gpxdata:speed>
    </extensions>
   </trkpt>
   <trkpt lat="48.4268540" lon="9.9857202">
    <ele>602</ele>
    <time>2026-06-15T06:04:14Z</time>
    <extensions>
     <gpxdata:distance>2014.00</gpxdata:distance>
     <gpxdata:speed>4.231</gpxdata:speed>
    </extensions>
   </trkpt>
   <trkpt lat="48.4268182" lon="9.9857407">
    <ele>602</ele>
    <time>2026-06-15T06:04:15Z</time>
    <extensions>
     <gpxdata:distance>2018.00</gpxdata:distance>
     <gpxdata:speed>4.258</gpxdata:speed>
    </extensions>
   </trkpt>
   <trkpt lat="48.4267808" lon="9.9857631">
    <ele>602</ele>
    <time>2026-06-15T06:04:16Z</time>
    <extensions>
     <gpxdata:distance>2023.00</gpxdata:distance>
     <gpxdata:speed>4.372</gpxdata:speed>
    </extensions>
   </trkpt>
   <trkpt lat="48.4267418" lon="9.9857890">
    <ele>602</ele>
    <time>2026-06-15T06:04:17Z</time>
    <extensions>
     <gpxdata:distance>2028.00</gpxdata:distance>
     <gpxdata:speed>4.542</gpxdata:speed>
    </extensions>
   </trkpt>
   <trkpt lat="48.4267022" lon="9.9858189">
    <ele>602</ele>
    <time>2026-06-15T06:04:18Z</time>
    <extensions>
     <gpxdata:distance>2033.00</gpxdata:distance>
     <gpxdata:speed>4.703</gpxdata:speed>
    </extensions>
   </trkpt>
   <trkpt lat="48.4266633" lon="9.9858510">
    <ele>602</ele>
    <time>2026-06-15T06:04:19Z</time>
    <extensions>
     <gpxdata:distance>2038.00</gpxdata:distance>
     <gpxdata:speed>4.781</gpxdata:speed>
    </extensions>
   </trkpt>
   <trkpt lat="48.4266252" lon="9.9858840">
    <ele>602</ele>
    <time>2026-06-15T06:04:20Z</time>
    <extensions>
     <gpxdata:distance>2043.00</gpxdata:distance>
     <gpxdata:speed>4.808</gpxdata:speed>
    </extensions>
   </trkpt>
   <trkpt lat="48.4265871" lon="9.9859184">
    <ele>602</ele>
    <time>2026-06-15T06:04:21Z</time>
    <extensions>
     <gpxdata:distance>2048.00</gpxdata:distance>
     <gpxdata:speed>4.869</gpxdata:speed>
    </extensions>
   </trkpt>
   <trkpt lat="48.4265486" lon="9.9859546">
    <ele>602</ele>
    <time>2026-06-15T06:04:22Z</time>
    <extensions>
     <gpxdata:distance>2053.00</gpxdata:distance>
     <gpxdata:speed>4.956</gpxdata:speed>
    </extensions>
   </trkpt>
   <trkpt lat="48.4265098" lon="9.9859931">
    <ele>602</ele>
    <time>2026-06-15T06:04:23Z</time>
    <extensions>
     <gpxdata:distance>2058.00</gpxdata:distance>
     <gpxdata:speed>5.100</gpxdata:speed>
    </extensions>
   </trkpt>
   <trkpt lat="48.4264710" lon="9.9860335">
    <ele>602</ele>
    <time>2026-06-15T06:04:24Z</time>
    <extensions>
     <gpxdata:distance>2063.50</gpxdata:distance>
     <gpxdata:speed>5.233</gpxdata:speed>
    </extensions>
   </trkpt>
   <trkpt lat="48.4264324" lon="9.9860755">
    <ele>601</ele>
    <time>2026-06-15T06:04:25Z</time>
    <extensions>
     <gpxdata:distance>2069.00</gpxdata:distance>
     <gpxdata:speed>5.278</gpxdata:speed>
    </extensions>
   </trkpt>
   <trkpt lat="48.4263940" lon="9.9861185">
    <ele>601</ele>
    <time>2026-06-15T06:04:26Z</time>
    <extensions>
     <gpxdata:distance>2074.50</gpxdata:distance>
     <gpxdata:speed>5.314</gpxdata:speed>
    </extensions>
   </trkpt>
   <trkpt lat="48.4263564" lon="9.9861642">
    <ele>601</ele>
    <time>2026-06-15T06:04:27Z</time>
    <extensions>
     <gpxdata:distance>2080.00</gpxdata:distance>
     <gpxdata:speed>5.375</gpxdata:speed>
    </extensions>
   </trkpt>
   <trkpt lat="48.4263201" lon="9.9862134">
    <ele>601</ele>
    <time>2026-06-15T06:04:28Z</time>
    <extensions>
     <gpxdata:distance>2085.50</gpxdata:distance>
     <gpxdata:speed>5.425</gpxdata:speed>
    </extensions>
   </trkpt>
   <trkpt lat="48.4262843" lon="9.9862650">
    <ele>601</ele>
    <time>2026-06-15T06:04:29Z</time>
    <extensions>
     <gpxdata:distance>2091.00</gpxdata:distance>
     <gpxdata:speed>5.522</gpxdata:speed>
    </extensions>
   </trkpt>
   <trkpt lat="48.4262478" lon="9.9863166">
    <ele>601</ele>
    <time>2026-06-15T06:04:30Z</time>
    <extensions>
     <gpxdata:distance>2096.00</gpxdata:distance>
     <gpxdata:speed>5.569</gpxdata:speed>
    </extensions>
   </trkpt>
   <trkpt lat="48.4262116" lon="9.9863633">
    <ele>601</ele>
    <time>2026-06-15T06:04:31Z</time>
    <extensions>
     <gpxdata:distance>2101.00</gpxdata:distance>
     <gpxdata:speed>5.389</gpxdata:speed>
    </extensions>
   </trkpt>
   <trkpt lat="48.4261782" lon="9.9864007">
    <ele>601</ele>
    <time>2026-06-15T06:04:32Z</time>
    <extensions>
     <gpxdata:distance>2104.50</gpxdata:distance>
     <gpxdata:speed>4.569</gpxdata:speed>
    </extensions>
   </trkpt>
   <trkpt lat="48.4261496" lon="9.9864257">
    <ele>600</ele>
    <time>2026-06-15T06:04:33Z</time>
    <extensions>
     <gpxdata:distance>2108.00</gpxdata:distance>
     <gpxdata:speed>3.633</gpxdata:speed>
    </extensions>
   </trkpt>
   <trkpt lat="48.4260654" lon="9.9865173">
    <ele>599</ele>
    <time>2026-06-15T06:05:28Z</time>
    <extensions>
     <gpxdata:distance>2126.00</gpxdata:distance>
     <gpxdata:speed>3.153</gpxdata:speed>
    </extensions>
   </trkpt>
   <trkpt lat="48.4260359" lon="9.9865718">
    <ele>599</ele>
    <time>2026-06-15T06:05:29Z</time>
    <extensions>
     <gpxdata:distance>2126.00</gpxdata:distance>
     <gpxdata:speed>3.403</gpxdata:speed>
    </extensions>
   </trkpt>
   <trkpt lat="48.4260142" lon="9.9866144">
    <ele>599</ele>
    <time>2026-06-15T06:05:30Z</time>
    <extensions>
     <gpxdata:distance>2129.50</gpxdata:distance>
     <gpxdata:speed>3.617</gpxdata:speed>
    </extensions>
   </trkpt>
   <trkpt lat="48.4259929" lon="9.9866541">
    <ele>599</ele>
    <time>2026-06-15T06:05:31Z</time>
    <extensions>
     <gpxdata:distance>2133.00</gpxdata:distance>
     <gpxdata:speed>3.683</gpxdata:speed>
    </extensions>
   </trkpt>
   <trkpt lat="48.4259680" lon="9.9866878">
    <ele>599</ele>
    <time>2026-06-15T06:05:32Z</time>
    <extensions>
     <gpxdata:distance>2137.00</gpxdata:distance>
     <gpxdata:speed>3.761</gpxdata:speed>
    </extensions>
   </trkpt>
   <trkpt lat="48.4259381" lon="9.9867094">
    <ele>599</ele>
    <time>2026-06-15T06:05:33Z</time>
    <extensions>
     <gpxdata:distance>2141.00</gpxdata:distance>
     <gpxdata:speed>3.894</gpxdata:speed>
    </extensions>
   </trkpt>
   <trkpt lat="48.4259061" lon="9.9867126">
    <ele>598</ele>
    <time>2026-06-15T06:05:34Z</time>
    <extensions>
     <gpxdata:distance>2144.50</gpxdata:distance>
     <gpxdata:speed>3.892</gpxdata:speed>
    </extensions>
   </trkpt>
   <trkpt lat="48.4258764" lon="9.9866951">
    <ele>598</ele>
    <time>2026-06-15T06:05:35Z</time>
    <extensions>
     <gpxdata:distance>2148.00</gpxdata:distance>
     <gpxdata:speed>3.942</gpxdata:speed>
    </extensions>
   </trkpt>
   <trkpt lat="48.4258497" lon="9.9866627">
    <ele>598</ele>
    <time>2026-06-15T06:05:36Z</time>
    <extensions>
     <gpxdata:distance>2152.00</gpxdata:distance>
     <gpxdata:speed>4.025</gpxdata:speed>
    </extensions>
   </trkpt>
   <trkpt lat="48.4258238" lon="9.9866237">
    <ele>598</ele>
    <time>2026-06-15T06:05:37Z</time>
    <extensions>
     <gpxdata:distance>2156.00</gpxdata:distance>
     <gpxdata:speed>4.078</gpxdata:speed>
    </extensions>
   </trkpt>
   <trkpt lat="48.4257980" lon="9.9865829">
    <ele>598</ele>
    <time>2026-06-15T06:05:38Z</time>
    <extensions>
     <gpxdata:distance>2160.00</gpxdata:distance>
     <gpxdata:speed>4.108</gpxdata:speed>
    </extensions>
   </trkpt>
   <trkpt lat="48.4257727" lon="9.9865419">
    <ele>598</ele>
    <time>2026-06-15T06:05:39Z</time>
    <extensions>
     <gpxdata:distance>2164.00</gpxdata:distance>
     <gpxdata:speed>4.097</gpxdata:speed>
    </extensions>
   </trkpt>
   <trkpt lat="48.4257477" lon="9.9865016">
    <ele>598</ele>
    <time>2026-06-15T06:05:40Z</time>
    <extensions>
     <gpxdata:distance>2168.00</gpxdata:distance>
     <gpxdata:speed>4.075</gpxdata:speed>
    </extensions>
   </trkpt>
   <trkpt lat="48.4257228" lon="9.9864618">
    <ele>598</ele>
    <time>2026-06-15T06:05:41Z</time>
    <extensions>
     <gpxdata:distance>2172.00</gpxdata:distance>
     <gpxdata:speed>4.050</gpxdata:speed>
    </extensions>
   </trkpt>
   <trkpt lat="48.4256976" lon="9.9864220">
    <ele>598</ele>
    <time>2026-06-15T06:05:42Z</time>
    <extensions>
     <gpxdata:distance>2176.50</gpxdata:distance>
     <gpxdata:speed>4.067</gpxdata:speed>
    </extensions>
   </trkpt>
   <trkpt lat="48.4256717" lon="9.9863825">
    <ele>598</ele>
    <time>2026-06-15T06:05:43Z</time>
    <extensions>
     <gpxdata:distance>2181.00</gpxdata:distance>
     <gpxdata:speed>4.089</gpxdata:speed>
    </extensions>
   </trkpt>
   <trkpt lat="48.4256444" lon="9.9863437">
    <ele>598</ele>
    <time>2026-06-15T06:05:44Z</time>
    <extensions>
     <gpxdata:distance>2185.00</gpxdata:distance>
     <gpxdata:speed>4.131</gpxdata:speed>
    </extensions>
   </trkpt>
   <trkpt lat="48.4256162" lon="9.9863065">
    <ele>598</ele>
    <time>2026-06-15T06:05:45Z</time>
    <extensions>
     <gpxdata:distance>2189.00</gpxdata:distance>
     <gpxdata:speed>4.142</gpxdata:speed>
    </extensions>
   </trkpt>
   <trkpt lat="48.4255869" lon="9.9862710">
    <ele>598</ele>
    <time>2026-06-15T06:05:46Z</time>
    <extensions>
     <gpxdata:distance>2193.00</gpxdata:distance>
     <gpxdata:speed>4.161</gpxdata:speed>
    </extensions>
   </trkpt>
   <trkpt lat="48.4255569" lon="9.9862367">
    <ele>599</ele>
    <time>2026-06-15T06:05:47Z</time>
    <extensions>
     <gpxdata:distance>2197.00</gpxdata:distance>
     <gpxdata:speed>4.175</gpxdata:speed>
    </extensions>
   </trkpt>
   <trkpt lat="48.4255264" lon="9.9862034">
    <ele>599</ele>
    <time>2026-06-15T06:05:48Z</time>
    <extensions>
     <gpxdata:distance>2201.50</gpxdata:distance>
     <gpxdata:speed>4.181</gpxdata:speed>
    </extensions>
   </trkpt>
   <trkpt lat="48.4254957" lon="9.9861702">
    <ele>599</ele>
    <time>2026-06-15T06:05:49Z</time>
    <extensions>
     <gpxdata:distance>2206.00</gpxdata:distance>
     <gpxdata:speed>4.194</gpxdata:speed>
    </extensions>
   </trkpt>
   <trkpt lat="48.4254651" lon="9.9861362">
    <ele>599</ele>
    <time>2026-06-15T06:05:50Z</time>
    <extensions>
     <gpxdata:distance>2210.00</gpxdata:distance>
     <gpxdata:speed>4.211</gpxdata:speed>
    </extensions>
   </trkpt>
   <trkpt lat="48.4254345" lon="9.9861018">
    <ele>599</ele>
    <time>2026-06-15T06:05:51Z</time>
    <extensions>
     <gpxdata:distance>2214.00</gpxdata:distance>
     <gpxdata:speed>4.225</gpxdata:speed>
    </extensions>
   </trkpt>
   <trkpt lat="48.4254041" lon="9.9860686">
    <ele>599</ele>
    <time>2026-06-15T06:05:52Z</time>
    <extensions>
     <gpxdata:distance>2218.00</gpxdata:distance>
     <gpxdata:speed>4.197</gpxdata:speed>
    </extensions>
   </trkpt>
   <trkpt lat="48.4253742" lon="9.9860353">
    <ele>599</ele>
    <time>2026-06-15T06:05:53Z</time>
    <extensions>
     <gpxdata:distance>2222.00</gpxdata:distance>
     <gpxdata:speed>4.178</gpxdata:speed>
    </extensions>
   </trkpt>
   <trkpt lat="48.4253451" lon="9.9860003">
    <ele>599</ele>
    <time>2026-06-15T06:05:54Z</time>
    <extensions>
     <gpxdata:distance>2226.50</gpxdata:distance>
     <gpxdata:speed>4.167</gpxdata:speed>
    </extensions>
   </trkpt>
   <trkpt lat="48.4253169" lon="9.9859635">
    <ele>599</ele>
    <time>2026-06-15T06:05:55Z</time>
    <extensions>
     <gpxdata:distance>2231.00</gpxdata:distance>
     <gpxdata:speed>4.167</gpxdata:speed>
    </extensions>
   </trkpt>
   <trkpt lat="48.4252891" lon="9.9859258">
    <ele>599</ele>
    <time>2026-06-15T06:05:56Z</time>
    <extensions>
     <gpxdata:distance>2235.00</gpxdata:distance>
     <gpxdata:speed>4.167</gpxdata:speed>
    </extensions>
   </trkpt>
   <trkpt lat="48.4252611" lon="9.9858880">
    <ele>599</ele>
    <time>2026-06-15T06:05:57Z</time>
    <extensions>
     <gpxdata:distance>2239.00</gpxdata:distance>
     <gpxdata:speed>4.175</gpxdata:speed>
    </extensions>
   </trkpt>
   <trkpt lat="48.4252330" lon="9.9858511">
    <ele>599</ele>
    <time>2026-06-15T06:05:58Z</time>
    <extensions>
     <gpxdata:distance>2243.00</gpxdata:distance>
     <gpxdata:speed>4.161</gpxdata:speed>
    </extensions>
   </trkpt>
   <trkpt lat="48.4252050" lon="9.9858153">
    <ele>599</ele>
    <time>2026-06-15T06:05:59Z</time>
    <extensions>
     <gpxdata:distance>2247.00</gpxdata:distance>
     <gpxdata:speed>4.122</gpxdata:speed>
    </extensions>
   </trkpt>
   <trkpt lat="48.4251771" lon="9.9857806">
    <ele>599</ele>
    <time>2026-06-15T06:06:00Z</time>
    <extensions>
     <gpxdata:distance>2251.00</gpxdata:distance>
     <gpxdata:speed>4.081</gpxdata:speed>
    </extensions>
   </trkpt>
   <trkpt lat="48.4251487" lon="9.9857463">
    <ele>599</ele>
    <time>2026-06-15T06:06:01Z</time>
    <extensions>
     <gpxdata:distance>2255.00</gpxdata:distance>
     <gpxdata:speed>4.075</gpxdata:speed>
    </extensions>
   </trkpt>
   <trkpt lat="48.4251198" lon="9.9857118">
    <ele>599</ele>
    <time>2026-06-15T06:06:02Z</time>
    <extensions>
     <gpxdata:distance>2259.50</gpxdata:distance>
     <gpxdata:speed>4.094</gpxdata:speed>
    </extensions>
   </trkpt>
   <trkpt lat="48.4250899" lon="9.9856777">
    <ele>599</ele>
    <time>2026-06-15T06:06:03Z</time>
    <extensions>
     <gpxdata:distance>2264.00</gpxdata:distance>
     <gpxdata:speed>4.136</gpxdata:speed>
    </extensions>
   </trkpt>
   <trkpt lat="48.4250589" lon="9.9856442">
    <ele>599</ele>
    <time>2026-06-15T06:06:04Z</time>
    <extensions>
     <gpxdata:distance>2268.50</gpxdata:distance>
     <gpxdata:speed>4.181</gpxdata:speed>
    </extensions>
   </trkpt>
   <trkpt lat="48.4250263" lon="9.9856109">
    <ele>598</ele>
    <time>2026-06-15T06:06:05Z</time>
    <extensions>
     <gpxdata:distance>2273.00</gpxdata:distance>
     <gpxdata:speed>4.269</gpxdata:speed>
    </extensions>
   </trkpt>
   <trkpt lat="48.4249919" lon="9.9855765">
    <ele>598</ele>
    <time>2026-06-15T06:06:06Z</time>
    <extensions>
     <gpxdata:distance>2278.00</gpxdata:distance>
     <gpxdata:speed>4.419</gpxdata:speed>
    </extensions>
   </trkpt>
   <trkpt lat="48.4249555" lon="9.9855400">
    <ele>598</ele>
    <time>2026-06-15T06:06:07Z</time>
    <extensions>
     <gpxdata:distance>2283.00</gpxdata:distance>
     <gpxdata:speed>4.847</gpxdata:speed>
    </extensions>
   </trkpt>
   <trkpt lat="48.4249173" lon="9.9855006">
    <ele>598</ele>
    <time>2026-06-15T06:06:08Z</time>
    <extensions>
     <gpxdata:distance>2288.50</gpxdata:distance>
     <gpxdata:speed>5.161</gpxdata:speed>
    </extensions>
   </trkpt>
   <trkpt lat="48.4248774" lon="9.9854586">
    <ele>598</ele>
    <time>2026-06-15T06:06:09Z</time>
    <extensions>
     <gpxdata:distance>2294.00</gpxdata:distance>
     <gpxdata:speed>5.400</gpxdata:speed>
    </extensions>
   </trkpt>
   <trkpt lat="48.4248367" lon="9.9854143">
    <ele>598</ele>
    <time>2026-06-15T06:06:10Z</time>
    <extensions>
     <gpxdata:distance>2299.50</gpxdata:distance>
     <gpxdata:speed>5.572</gpxdata:speed>
    </extensions>
   </trkpt>
   <trkpt lat="48.4247950" lon="9.9853678">
    <ele>598</ele>
    <time>2026-06-15T06:06:11Z</time>
    <extensions>
     <gpxdata:distance>2305.00</gpxdata:distance>
     <gpxdata:speed>5.744</gpxdata:speed>
    </extensions>
   </trkpt>
   <trkpt lat="48.4247529" lon="9.9853195">
    <ele>598</ele>
    <time>2026-06-15T06:06:12Z</time>
    <extensions>
     <gpxdata:distance>2311.00</gpxdata:distance>
     <gpxdata:speed>5.869</gpxdata:speed>
    </extensions>
   </trkpt>
   <trkpt lat="48.4247106" lon="9.9852699">
    <ele>597</ele>
    <time>2026-06-15T06:06:13Z</time>
    <extensions>
     <gpxdata:distance>2317.00</gpxdata:distance>
     <gpxdata:speed>5.939</gpxdata:speed>
    </extensions>
   </trkpt>
   <trkpt lat="48.4246684" lon="9.9852203">
    <ele>597</ele>
    <time>2026-06-15T06:06:14Z</time>
    <extensions>
     <gpxdata:distance>2323.00</gpxdata:distance>
     <gpxdata:speed>5.925</gpxdata:speed>
    </extensions>
   </trkpt>
   <trkpt lat="48.4246256" lon="9.9851720">
    <ele>597</ele>
    <time>2026-06-15T06:06:15Z</time>
    <extensions>
     <gpxdata:distance>2329.00</gpxdata:distance>
     <gpxdata:speed>5.933</gpxdata:speed>
    </extensions>
   </trkpt>
   <trkpt lat="48.4245812" lon="9.9851269">
    <ele>596</ele>
    <time>2026-06-15T06:06:16Z</time>
    <extensions>
     <gpxdata:distance>2335.00</gpxdata:distance>
     <gpxdata:speed>5.972</gpxdata:speed>
    </extensions>
   </trkpt>
   <trkpt lat="48.4245346" lon="9.9850859">
    <ele>596</ele>
    <time>2026-06-15T06:06:17Z</time>
    <extensions>
     <gpxdata:distance>2341.00</gpxdata:distance>
     <gpxdata:speed>6.025</gpxdata:speed>
    </extensions>
   </trkpt>
   <trkpt lat="48.4244704" lon="9.9850346">
    <ele>596</ele>
    <time>2026-06-15T06:06:18Z</time>
    <extensions>
     <gpxdata:distance>2347.50</gpxdata:distance>
     <gpxdata:speed>6.064</gpxdata:speed>
    </extensions>
   </trkpt>
   <trkpt lat="48.4244196" lon="9.9849946">
    <ele>596</ele>
    <time>2026-06-15T06:06:19Z</time>
    <extensions>
     <gpxdata:distance>2354.00</gpxdata:distance>
     <gpxdata:speed>6.097</gpxdata:speed>
    </extensions>
   </trkpt>
   <trkpt lat="48.4243712" lon="9.9849529">
    <ele>595</ele>
    <time>2026-06-15T06:06:20Z</time>
    <extensions>
     <gpxdata:distance>2360.00</gpxdata:distance>
     <gpxdata:speed>6.131</gpxdata:speed>
    </extensions>
   </trkpt>
   <trkpt lat="48.4243246" lon="9.9849064">
    <ele>595</ele>
    <time>2026-06-15T06:06:21Z</time>
    <extensions>
     <gpxdata:distance>2366.00</gpxdata:distance>
     <gpxdata:speed>6.172</gpxdata:speed>
    </extensions>
   </trkpt>
   <trkpt lat="48.4242803" lon="9.9848550">
    <ele>595</ele>
    <time>2026-06-15T06:06:22Z</time>
    <extensions>
     <gpxdata:distance>2372.50</gpxdata:distance>
     <gpxdata:speed>6.192</gpxdata:speed>
    </extensions>
   </trkpt>
   <trkpt lat="48.4242370" lon="9.9848014">
    <ele>595</ele>
    <time>2026-06-15T06:06:23Z</time>
    <extensions>
     <gpxdata:distance>2379.00</gpxdata:distance>
     <gpxdata:speed>6.211</gpxdata:speed>
    </extensions>
   </trkpt>
   <trkpt lat="48.4241928" lon="9.9847474">
    <ele>595</ele>
    <time>2026-06-15T06:06:24Z</time>
    <extensions>
     <gpxdata:distance>2385.00</gpxdata:distance>
     <gpxdata:speed>6.261</gpxdata:speed>
    </extensions>
   </trkpt>
   <trkpt lat="48.4241477" lon="9.9846931">
    <ele>595</ele>
    <time>2026-06-15T06:06:25Z</time>
    <extensions>
     <gpxdata:distance>2391.00</gpxdata:distance>
     <gpxdata:speed>6.325</gpxdata:speed>
    </extensions>
   </trkpt>
   <trkpt lat="48.4241017" lon="9.9846384">
    <ele>595</ele>
    <time>2026-06-15T06:06:26Z</time>
    <extensions>
     <gpxdata:distance>2398.00</gpxdata:distance>
     <gpxdata:speed>6.403</gpxdata:speed>
    </extensions>
   </trkpt>
   <trkpt lat="48.4240546" lon="9.9845827">
    <ele>594</ele>
    <time>2026-06-15T06:06:27Z</time>
    <extensions>
     <gpxdata:distance>2405.00</gpxdata:distance>
     <gpxdata:speed>6.503</gpxdata:speed>
    </extensions>
   </trkpt>
   <trkpt lat="48.4240068" lon="9.9845264">
    <ele>594</ele>
    <time>2026-06-15T06:06:28Z</time>
    <extensions>
     <gpxdata:distance>2411.50</gpxdata:distance>
     <gpxdata:speed>6.617</gpxdata:speed>
    </extensions>
   </trkpt>
   <trkpt lat="48.4239587" lon="9.9844694">
    <ele>594</ele>
    <time>2026-06-15T06:06:29Z</time>
    <extensions>
     <gpxdata:distance>2418.00</gpxdata:distance>
     <gpxdata:speed>6.717</gpxdata:speed>
    </extensions>
   </trkpt>
   <trkpt lat="48.4239093" lon="9.9844139">
    <ele>594</ele>
    <time>2026-06-15T06:06:30Z</time>
    <extensions>
     <gpxdata:distance>2425.00</gpxdata:distance>
     <gpxdata:speed>6.797</gpxdata:speed>
    </extensions>
   </trkpt>
   <trkpt lat="48.4238587" lon="9.9843610">
    <ele>594</ele>
    <time>2026-06-15T06:06:31Z</time>
    <extensions>
     <gpxdata:distance>2432.00</gpxdata:distance>
     <gpxdata:speed>6.828</gpxdata:speed>
    </extensions>
   </trkpt>
   <trkpt lat="48.4238067" lon="9.9843116">
    <ele>594</ele>
    <time>2026-06-15T06:06:32Z</time>
    <extensions>
     <gpxdata:distance>2439.00</gpxdata:distance>
     <gpxdata:speed>6.825</gpxdata:speed>
    </extensions>
   </trkpt>
   <trkpt lat="48.4237542" lon="9.9842665">
    <ele>594</ele>
    <time>2026-06-15T06:06:33Z</time>
    <extensions>
     <gpxdata:distance>2446.00</gpxdata:distance>
     <gpxdata:speed>6.778</gpxdata:speed>
    </extensions>
   </trkpt>
   <trkpt lat="48.4237037" lon="9.9842268">
    <ele>594</ele>
    <time>2026-06-15T06:06:34Z</time>
    <extensions>
     <gpxdata:distance>2451.00</gpxdata:distance>
     <gpxdata:speed>6.592</gpxdata:speed>
    </extensions>
   </trkpt>
   <trkpt lat="48.4236583" lon="9.9841943">
    <ele>594</ele>
    <time>2026-06-15T06:06:35Z</time>
    <extensions>
     <gpxdata:distance>2456.00</gpxdata:distance>
     <gpxdata:speed>5.719</gpxdata:speed>
    </extensions>
   </trkpt>
   <trkpt lat="48.4236317" lon="9.9841767">
    <ele>594</ele>
    <time>2026-06-15T06:06:36Z</time>
    <extensions>
     <gpxdata:distance>2459.00</gpxdata:distance>
     <gpxdata:speed>4.661</gpxdata:speed>
    </extensions>
   </trkpt>
   <trkpt lat="48.4236058" lon="9.9841595">
    <ele>593</ele>
    <time>2026-06-15T06:06:37Z</time>
    <extensions>
     <gpxdata:distance>2462.00</gpxdata:distance>
     <gpxdata:speed>4.511</gpxdata:speed>
    </extensions>
   </trkpt>
   <trkpt lat="48.4235683" lon="9.9840336">
    <ele>594</ele>
    <time>2026-06-15T06:07:58Z</time>
    <extensions>
     <gpxdata:distance>2476.00</gpxdata:distance>
     <gpxdata:speed>1.544</gpxdata:speed>
    </extensions>
   </trkpt>
   <trkpt lat="48.4235725" lon="9.9840154">
    <ele>594</ele>
    <time>2026-06-15T06:07:59Z</time>
    <extensions>
     <gpxdata:distance>2476.00</gpxdata:distance>
     <gpxdata:speed>1.631</gpxdata:speed>
    </extensions>
   </trkpt>
   <trkpt lat="48.4235782" lon="9.9839953">
    <ele>594</ele>
    <time>2026-06-15T06:08:00Z</time>
    <extensions>
     <gpxdata:distance>2478.50</gpxdata:distance>
     <gpxdata:speed>1.781</gpxdata:speed>
    </extensions>
   </trkpt>
   <trkpt lat="48.4235860" lon="9.9839725">
    <ele>594</ele>
    <time>2026-06-15T06:08:01Z</time>
    <extensions>
     <gpxdata:distance>2481.00</gpxdata:distance>
     <gpxdata:speed>2.217</gpxdata:speed>
    </extensions>
   </trkpt>
   <trkpt lat="48.4235994" lon="9.9839358">
    <ele>594</ele>
    <time>2026-06-15T06:08:02Z</time>
    <extensions>
     <gpxdata:distance>2484.50</gpxdata:distance>
     <gpxdata:speed>2.722</gpxdata:speed>
    </extensions>
   </trkpt>
   <trkpt lat="48.4236125" lon="9.9838991">
    <ele>594</ele>
    <time>2026-06-15T06:08:03Z</time>
    <extensions>
     <gpxdata:distance>2488.00</gpxdata:distance>
     <gpxdata:speed>3.125</gpxdata:speed>
    </extensions>
   </trkpt>
   <trkpt lat="48.4236350" lon="9.9838349">
    <ele>593</ele>
    <time>2026-06-15T06:08:04Z</time>
    <extensions>
     <gpxdata:distance>2492.00</gpxdata:distance>
     <gpxdata:speed>3.533</gpxdata:speed>
    </extensions>
   </trkpt>
   <trkpt lat="48.4236526" lon="9.9837860">
    <ele>593</ele>
    <time>2026-06-15T06:08:05Z</time>
    <extensions>
     <gpxdata:distance>2496.00</gpxdata:distance>
     <gpxdata:speed>3.797</gpxdata:speed>
    </extensions>
   </trkpt>
   <trkpt lat="48.4236701" lon="9.9837380">
    <ele>593</ele>
    <time>2026-06-15T06:08:06Z</time>
    <extensions>
     <gpxdata:distance>2500.00</gpxdata:distance>
     <gpxdata:speed>3.981</gpxdata:speed>
    </extensions>
   </trkpt>
   <trkpt lat="48.4236885" lon="9.9836886">
    <ele>593</ele>
    <time>2026-06-15T06:08:07Z</time>
    <extensions>
     <gpxdata:distance>2504.00</gpxdata:distance>
     <gpxdata:speed>4.169</gpxdata:speed>
    </extensions>
   </trkpt>
   <trkpt lat="48.4237079" lon="9.9836379">
    <ele>593</ele>
    <time>2026-06-15T06:08:08Z</time>
    <extensions>
     <gpxdata:distance>2508.50</gpxdata:distance>
     <gpxdata:speed>4.319</gpxdata:speed>
    </extensions>
   </trkpt>
   <trkpt lat="48.4237275" lon="9.9835859">
    <ele>593</ele>
    <time>2026-06-15T06:08:09Z</time>
    <extensions>
     <gpxdata:distance>2513.00</gpxdata:distance>
     <gpxdata:speed>4.397</gpxdata:speed>
    </extensions>
   </trkpt>
   <trkpt lat="48.4237452" lon="9.9835320">
    <ele>593</ele>
    <time>2026-06-15T06:08:10Z</time>
    <extensions>
     <gpxdata:distance>2517.50</gpxdata:distance>
     <gpxdata:speed>4.444</gpxdata:speed>
    </extensions>
   </trkpt>
   <trkpt lat="48.4237574" lon="9.9834773">
    <ele>593</ele>
    <time>2026-06-15T06:08:11Z</time>
    <extensions>
     <gpxdata:distance>2522.00</gpxdata:distance>
     <gpxdata:speed>4.278</gpxdata:speed>
    </extensions>
   </trkpt>
   <trkpt lat="48.4237602" lon="9.9834239">
    <ele>593</ele>
    <time>2026-06-15T06:08:12Z</time>
    <extensions>
     <gpxdata:distance>2525.50</gpxdata:distance>
     <gpxdata:speed>4.094</gpxdata:speed>
    </extensions>
   </trkpt>
   <trkpt lat="48.4237571" lon="9.9833719">
    <ele>593</ele>
    <time>2026-06-15T06:08:13Z</time>
    <extensions>
     <gpxdata:distance>2529.00</gpxdata:distance>
     <gpxdata:speed>4.039</gpxdata:speed>
    </extensions>
   </trkpt>
   <trkpt lat="48.4237517" lon="9.9833194">
    <ele>593</ele>
    <time>2026-06-15T06:08:14Z</time>
    <extensions>
     <gpxdata:distance>2533.50</gpxdata:distance>
     <gpxdata:speed>4.033</gpxdata:speed>
    </extensions>
   </trkpt>
   <trkpt lat="48.4237422" lon="9.9832645">
    <ele>593</ele>
    <time>2026-06-15T06:08:15Z</time>
    <extensions>
     <gpxdata:distance>2538.00</gpxdata:distance>
     <gpxdata:speed>4.286</gpxdata:speed>
    </extensions>
   </trkpt>
   <trkpt lat="48.4237309" lon="9.9832072">
    <ele>593</ele>
    <time>2026-06-15T06:08:16Z</time>
    <extensions>
     <gpxdata:distance>2542.50</gpxdata:distance>
     <gpxdata:speed>4.392</gpxdata:speed>
    </extensions>
   </trkpt>
   <trkpt lat="48.4237200" lon="9.9831500">
    <ele>593</ele>
    <time>2026-06-15T06:08:17Z</time>
    <extensions>
     <gpxdata:distance>2547.00</gpxdata:distance>
     <gpxdata:speed>4.367</gpxdata:speed>
    </extensions>
   </trkpt>
   <trkpt lat="48.4237099" lon="9.9830961">
    <ele>592</ele>
    <time>2026-06-15T06:08:18Z</time>
    <extensions>
     <gpxdata:distance>2550.50</gpxdata:distance>
     <gpxdata:speed>4.228</gpxdata:speed>
    </extensions>
   </trkpt>
   <trkpt lat="48.4237011" lon="9.9830457">
    <ele>592</ele>
    <time>2026-06-15T06:08:19Z</time>
    <extensions>
     <gpxdata:distance>2554.00</gpxdata:distance>
     <gpxdata:speed>4.039</gpxdata:speed>
    </extensions>
   </trkpt>
   <trkpt lat="48.4236937" lon="9.9829984">
    <ele>592</ele>
    <time>2026-06-15T06:08:20Z</time>
    <extensions>
     <gpxdata:distance>2557.00</gpxdata:distance>
     <gpxdata:speed>3.842</gpxdata:speed>
    </extensions>
   </trkpt>
   <trkpt lat="48.4236870" lon="9.9829533">
    <ele>592</ele>
    <time>2026-06-15T06:08:21Z</time>
    <extensions>
     <gpxdata:distance>2560.00</gpxdata:distance>
     <gpxdata:speed>3.467</gpxdata:speed>
    </extensions>
   </trkpt>
   <trkpt lat="48.4236815" lon="9.9829126">
    <ele>592</ele>
    <time>2026-06-15T06:08:22Z</time>
    <extensions>
     <gpxdata:distance>2562.50</gpxdata:distance>
     <gpxdata:speed>3.058</gpxdata:speed>
    </extensions>
   </trkpt>
   <trkpt lat="48.4236776" lon="9.9828779">
    <ele>592</ele>
    <time>2026-06-15T06:08:23Z</time>
    <extensions>
     <gpxdata:distance>2565.00</gpxdata:distance>
     <gpxdata:speed>2.586</gpxdata:speed>
    </extensions>
   </trkpt>
   <trkpt lat="48.4236144" lon="9.9827833">
    <ele>591</ele>
    <time>2026-06-15T06:09:11Z</time>
    <extensions>
     <gpxdata:distance>2579.00</gpxdata:distance>
     <gpxdata:speed>1.961</gpxdata:speed>
    </extensions>
   </trkpt>
   <trkpt lat="48.4235992" lon="9.9827853">
    <ele>591</ele>
    <time>2026-06-15T06:09:12Z</time>
    <extensions>
     <gpxdata:distance>2579.00</gpxdata:distance>
     <gpxdata:speed>1.894</gpxdata:speed>
    </extensions>
   </trkpt>
   <trkpt lat="48.4235834" lon="9.9827903">
    <ele>591</ele>
    <time>2026-06-15T06:09:13Z</time>
    <extensions>
     <gpxdata:distance>2581.50</gpxdata:distance>
     <gpxdata:speed>2.000</gpxdata:speed>
    </extensions>
   </trkpt>
   <trkpt lat="48.4235604" lon="9.9828008">
    <ele>591</ele>
    <time>2026-06-15T06:09:14Z</time>
    <extensions>
     <gpxdata:distance>2584.00</gpxdata:distance>
     <gpxdata:speed>2.239</gpxdata:speed>
    </extensions>
   </trkpt>
   <trkpt lat="48.4235395" lon="9.9828121">
    <ele>591</ele>
    <time>2026-06-15T06:09:15Z</time>
    <extensions>
     <gpxdata:distance>2586.50</gpxdata:distance>
     <gpxdata:speed>2.417</gpxdata:speed>
    </extensions>
   </trkpt>
   <trkpt lat="48.4235186" lon="9.9828237">
    <ele>591</ele>
    <time>2026-06-15T06:09:16Z</time>
    <extensions>
     <gpxdata:distance>2589.00</gpxdata:distance>
     <gpxdata:speed>2.536</gpxdata:speed>
    </extensions>
   </trkpt>
   <trkpt lat="48.4234968" lon="9.9828351">
    <ele>591</ele>
    <time>2026-06-15T06:09:17Z</time>
    <extensions>
     <gpxdata:distance>2592.00</gpxdata:distance>
     <gpxdata:speed>2.664</gpxdata:speed>
    </extensions>
   </trkpt>
   <trkpt lat="48.4234734" lon="9.9828459">
    <ele>591</ele>
    <time>2026-06-15T06:09:18Z</time>
    <extensions>
     <gpxdata:distance>2595.00</gpxdata:distance>
     <gpxdata:speed>2.858</gpxdata:speed>
    </extensions>
   </trkpt>
   <trkpt lat="48.4234483" lon="9.9828560">
    <ele>591</ele>
    <time>2026-06-15T06:09:19Z</time>
    <extensions>
     <gpxdata:distance>2598.50</gpxdata:distance>
     <gpxdata:speed>3.022</gpxdata:speed>
    </extensions>
   </trkpt>
   <trkpt lat="48.4234043" lon="9.9828713">
    <ele>591</ele>
    <time>2026-06-15T06:09:20Z</time>
    <extensions>
     <gpxdata:distance>2602.00</gpxdata:distance>
     <gpxdata:speed>3.242</gpxdata:speed>
    </extensions>
   </trkpt>
   <trkpt lat="48.4233711" lon="9.9828812">
    <ele>591</ele>
    <time>2026-06-15T06:09:21Z</time>
    <extensions>
     <gpxdata:distance>2605.50</gpxdata:distance>
     <gpxdata:speed>3.431</gpxdata:speed>
    </extensions>
   </trkpt>
   <trkpt lat="48.4233389" lon="9.9828903">
    <ele>591</ele>
    <time>2026-06-15T06:09:22Z</time>
    <extensions>
     <gpxdata:distance>2609.00</gpxdata:distance>
     <gpxdata:speed>3.586</gpxdata:speed>
    </extensions>
   </trkpt>
   <trkpt lat="48.4233063" lon="9.9828989">
    <ele>591</ele>
    <time>2026-06-15T06:09:23Z</time>
    <extensions>
     <gpxdata:distance>2613.00</gpxdata:distance>
     <gpxdata:speed>3.658</gpxdata:speed>
    </extensions>
   </trkpt>
   <trkpt lat="48.4232733" lon="9.9829073">
    <ele>591</ele>
    <time>2026-06-15T06:09:24Z</time>
    <extensions>
     <gpxdata:distance>2617.00</gpxdata:distance>
     <gpxdata:speed>3.694</gpxdata:speed>
    </extensions>
   </trkpt>
   <trkpt lat="48.4232406" lon="9.9829156">
    <ele>592</ele>
    <time>2026-06-15T06:09:25Z</time>
    <extensions>
     <gpxdata:distance>2620.50</gpxdata:distance>
     <gpxdata:speed>3.700</gpxdata:speed>
    </extensions>
   </trkpt>
   <trkpt lat="48.4232082" lon="9.9829239">
    <ele>592</ele>
    <time>2026-06-15T06:09:26Z</time>
    <extensions>
     <gpxdata:distance>2624.00</gpxdata:distance>
     <gpxdata:speed>3.692</gpxdata:speed>
    </extensions>
   </trkpt>
   <trkpt lat="48.4231765" lon="9.9829322">
    <ele>592</ele>
    <time>2026-06-15T06:09:27Z</time>
    <extensions>
     <gpxdata:distance>2627.50</gpxdata:distance>
     <gpxdata:speed>3.653</gpxdata:speed>
    </extensions>
   </trkpt>
   <trkpt lat="48.4231456" lon="9.9829397">
    <ele>592</ele>
    <time>2026-06-15T06:09:28Z</time>
    <extensions>
     <gpxdata:distance>2631.00</gpxdata:distance>
     <gpxdata:speed>3.586</gpxdata:speed>
    </extensions>
   </trkpt>
   <trkpt lat="48.4231152" lon="9.9829468">
    <ele>592</ele>
    <time>2026-06-15T06:09:29Z</time>
    <extensions>
     <gpxdata:distance>2634.00</gpxdata:distance>
     <gpxdata:speed>3.528</gpxdata:speed>
    </extensions>
   </trkpt>
   <trkpt lat="48.4230858" lon="9.9829536">
    <ele>592</ele>
    <time>2026-06-15T06:09:30Z</time>
    <extensions>
     <gpxdata:distance>2637.00</gpxdata:distance>
     <gpxdata:speed>3.433</gpxdata:speed>
    </extensions>
   </trkpt>
   <trkpt lat="48.4230592" lon="9.9829597">
    <ele>592</ele>
    <time>2026-06-15T06:09:31Z</time>
    <extensions>
     <gpxdata:distance>2639.50</gpxdata:distance>
     <gpxdata:speed>2.986</gpxdata:speed>
    </extensions>
   </trkpt>
   <trkpt lat="48.4230466" lon="9.9829625">
    <ele>593</ele>
    <time>2026-06-15T06:09:32Z</time>
    <extensions>
     <gpxdata:distance>2642.00</gpxdata:distance>
     <gpxdata:speed>2.431</gpxdata:speed>
    </extensions>
   </trkpt>
   <trkpt lat="48.4230317" lon="9.9829660">
    <ele>593</ele>
    <time>2026-06-15T06:09:33Z</time>
    <extensions>
     <gpxdata:distance>2643.50</gpxdata:distance>
     <gpxdata:speed>2.017</gpxdata:speed>
    </extensions>
   </trkpt>
   <trkpt lat="48.4230169" lon="9.9829702">
    <ele>593</ele>
    <time>2026-06-15T06:09:34Z</time>
    <extensions>
     <gpxdata:distance>2645.00</gpxdata:distance>
     <gpxdata:speed>1.767</gpxdata:speed>
    </extensions>
   </trkpt>
   <trkpt lat="48.4230065" lon="9.9829734">
    <ele>593</ele>
    <time>2026-06-15T06:09:35Z</time>
    <extensions>
     <gpxdata:distance>2646.50</gpxdata:distance>
     <gpxdata:speed>1.669</gpxdata:speed>
    </extensions>
   </trkpt>
   <trkpt lat="48.4229939" lon="9.9829771">
    <ele>594</ele>
    <time>2026-06-15T06:09:36Z</time>
    <extensions>
     <gpxdata:distance>2648.00</gpxdata:distance>
     <gpxdata:speed>1.756</gpxdata:speed>
    </extensions>
   </trkpt>
   <trkpt lat="48.4229793" lon="9.9829809">
    <ele>594</ele>
    <time>2026-06-15T06:09:37Z</time>
    <extensions>
     <gpxdata:distance>2650.00</gpxdata:distance>
     <gpxdata:speed>1.897</gpxdata:speed>
    </extensions>
   </trkpt>
   <trkpt lat="48.4229632" lon="9.9829849">
    <ele>594</ele>
    <time>2026-06-15T06:09:38Z</time>
    <extensions>
     <gpxdata:distance>2652.00</gpxdata:distance>
     <gpxdata:speed>1.983</gpxdata:speed>
    </extensions>
   </trkpt>
   <trkpt lat="48.4229463" lon="9.9829889">
    <ele>594</ele>
    <time>2026-06-15T06:09:39Z</time>
    <extensions>
     <gpxdata:distance>2654.00</gpxdata:distance>
     <gpxdata:speed>2.000</gpxdata:speed>
    </extensions>
   </trkpt>
   <trkpt lat="48.4229228" lon="9.9829946">
    <ele>594</ele>
    <time>2026-06-15T06:09:40Z</time>
    <extensions>
     <gpxdata:distance>2656.00</gpxdata:distance>
     <gpxdata:speed>1.986</gpxdata:speed>
    </extensions>
   </trkpt>
   <trkpt lat="48.4229087" lon="9.9829982">
    <ele>594</ele>
    <time>2026-06-15T06:09:41Z</time>
    <extensions>
     <gpxdata:distance>2658.00</gpxdata:distance>
     <gpxdata:speed>1.922</gpxdata:speed>
    </extensions>
   </trkpt>
   <trkpt lat="48.4228932" lon="9.9830024">
    <ele>594</ele>
    <time>2026-06-15T06:09:42Z</time>
    <extensions>
     <gpxdata:distance>2660.00</gpxdata:distance>
     <gpxdata:speed>1.931</gpxdata:speed>
    </extensions>
   </trkpt>
   <trkpt lat="48.4228767" lon="9.9830070">
    <ele>594</ele>
    <time>2026-06-15T06:09:43Z</time>
    <extensions>
     <gpxdata:distance>2662.00</gpxdata:distance>
     <gpxdata:speed>1.961</gpxdata:speed>
    </extensions>
   </trkpt>
   <trkpt lat="48.4228595" lon="9.9830118">
    <ele>595</ele>
    <time>2026-06-15T06:09:44Z</time>
    <extensions>
     <gpxdata:distance>2664.00</gpxdata:distance>
     <gpxdata:speed>1.997</gpxdata:speed>
    </extensions>
   </trkpt>
   <trkpt lat="48.4228416" lon="9.9830164">
    <ele>595</ele>
    <time>2026-06-15T06:09:45Z</time>
    <extensions>
     <gpxdata:distance>2666.50</gpxdata:distance>
     <gpxdata:speed>2.047</gpxdata:speed>
    </extensions>
   </trkpt>
   <trkpt lat="48.4228168" lon="9.9830224">
    <ele>595</ele>
    <time>2026-06-15T06:09:46Z</time>
    <extensions>
     <gpxdata:distance>2669.00</gpxdata:distance>
     <gpxdata:speed>2.075</gpxdata:speed>
    </extensions>
   </trkpt>
   <trkpt lat="48.4227960" lon="9.9830273">
    <ele>595</ele>
    <time>2026-06-15T06:09:47Z</time>
    <extensions>
     <gpxdata:distance>2671.00</gpxdata:distance>
     <gpxdata:speed>2.083</gpxdata:speed>
    </extensions>
   </trkpt>
   <trkpt lat="48.4227766" lon="9.9830319">
    <ele>595</ele>
    <time>2026-06-15T06:09:48Z</time>
    <extensions>
     <gpxdata:distance>2673.00</gpxdata:distance>
     <gpxdata:speed>2.078</gpxdata:speed>
    </extensions>
   </trkpt>
   <trkpt lat="48.4227577" lon="9.9830365">
    <ele>595</ele>
    <time>2026-06-15T06:09:49Z</time>
    <extensions>
     <gpxdata:distance>2675.00</gpxdata:distance>
     <gpxdata:speed>2.089</gpxdata:speed>
    </extensions>
   </trkpt>
   <trkpt lat="48.4227388" lon="9.9830412">
    <ele>595</ele>
    <time>2026-06-15T06:09:50Z</time>
    <extensions>
     <gpxdata:distance>2677.00</gpxdata:distance>
     <gpxdata:speed>2.114</gpxdata:speed>
    </extensions>
   </trkpt>
   <trkpt lat="48.4227198" lon="9.9830460">
    <ele>595</ele>
    <time>2026-06-15T06:09:51Z</time>
    <extensions>
     <gpxdata:distance>2679.00</gpxdata:distance>
     <gpxdata:speed>2.128</gpxdata:speed>
    </extensions>
   </trkpt>
   <trkpt lat="48.4227006" lon="9.9830504">
    <ele>596</ele>
    <time>2026-06-15T06:09:52Z</time>
    <extensions>
     <gpxdata:distance>2681.00</gpxdata:distance>
     <gpxdata:speed>2.147</gpxdata:speed>
    </extensions>
   </trkpt>
   <trkpt lat="48.4226810" lon="9.9830547">
    <ele>596</ele>
    <time>2026-06-15T06:09:53Z</time>
    <extensions>
     <gpxdata:distance>2683.50</gpxdata:distance>
     <gpxdata:speed>2.189</gpxdata:speed>
    </extensions>
   </trkpt>
   <trkpt lat="48.4226608" lon="9.9830591">
    <ele>596</ele>
    <time>2026-06-15T06:09:54Z</time>
    <extensions>
     <gpxdata:distance>2686.00</gpxdata:distance>
     <gpxdata:speed>2.247</gpxdata:speed>
    </extensions>
   </trkpt>
   <trkpt lat="48.4226401" lon="9.9830637">
    <ele>596</ele>
    <time>2026-06-15T06:09:55Z</time>
    <extensions>
     <gpxdata:distance>2688.50</gpxdata:distance>
     <gpxdata:speed>2.294</gpxdata:speed>
    </extensions>
   </trkpt>
   <trkpt lat="48.4226191" lon="9.9830685">
    <ele>596</ele>
    <time>2026-06-15T06:09:56Z</time>
    <extensions>
     <gpxdata:distance>2691.00</gpxdata:distance>
     <gpxdata:speed>2.333</gpxdata:speed>
    </extensions>
   </trkpt>
   <trkpt lat="48.4225979" lon="9.9830730">
    <ele>596</ele>
    <time>2026-06-15T06:09:57Z</time>
    <extensions>
     <gpxdata:distance>2693.50</gpxdata:distance>
     <gpxdata:speed>2.364</gpxdata:speed>
    </extensions>
   </trkpt>
   <trkpt lat="48.4225764" lon="9.9830770">
    <ele>596</ele>
    <time>2026-06-15T06:09:58Z</time>
    <extensions>
     <gpxdata:distance>2696.00</gpxdata:distance>
     <gpxdata:speed>2.392</gpxdata:speed>
    </extensions>
   </trkpt>
   <trkpt lat="48.4225550" lon="9.9830810">
    <ele>596</ele>
    <time>2026-06-15T06:09:59Z</time>
    <extensions>
     <gpxdata:distance>2698.00</gpxdata:distance>
     <gpxdata:speed>2.394</gpxdata:speed>
    </extensions>
   </trkpt>
   <trkpt lat="48.4225338" lon="9.9830848">
    <ele>597</ele>
    <time>2026-06-15T06:10:00Z</time>
    <extensions>
     <gpxdata:distance>2700.00</gpxdata:distance>
     <gpxdata:speed>2.378</gpxdata:speed>
    </extensions>
   </trkpt>
   <trkpt lat="48.4225131" lon="9.9830882">
    <ele>597</ele>
    <time>2026-06-15T06:10:01Z</time>
    <extensions>
     <gpxdata:distance>2702.50</gpxdata:distance>
     <gpxdata:speed>2.342</gpxdata:speed>
    </extensions>
   </trkpt>
   <trkpt lat="48.4224927" lon="9.9830916">
    <ele>597</ele>
    <time>2026-06-15T06:10:02Z</time>
    <extensions>
     <gpxdata:distance>2705.00</gpxdata:distance>
     <gpxdata:speed>2.311</gpxdata:speed>
    </extensions>
   </trkpt>
   <trkpt lat="48.4224728" lon="9.9830943">
    <ele>597</ele>
    <time>2026-06-15T06:10:03Z</time>
    <extensions>
     <gpxdata:distance>2707.00</gpxdata:distance>
     <gpxdata:speed>2.250</gpxdata:speed>
    </extensions>
   </trkpt>
   <trkpt lat="48.4224534" lon="9.9830960">
    <ele>597</ele>
    <time>2026-06-15T06:10:04Z</time>
    <extensions>
     <gpxdata:distance>2709.00</gpxdata:distance>
     <gpxdata:speed>2.208</gpxdata:speed>
    </extensions>
   </trkpt>
   <trkpt lat="48.4224340" lon="9.9830968">
    <ele>597</ele>
    <time>2026-06-15T06:10:05Z</time>
    <extensions>
     <gpxdata:distance>2711.00</gpxdata:distance>
     <gpxdata:speed>2.186</gpxdata:speed>
    </extensions>
   </trkpt>
   <trkpt lat="48.4224145" lon="9.9830978">
    <ele>598</ele>
    <time>2026-06-15T06:10:06Z</time>
    <extensions>
     <gpxdata:distance>2713.00</gpxdata:distance>
     <gpxdata:speed>2.178</gpxdata:speed>
    </extensions>
   </trkpt>
   <trkpt lat="48.4223951" lon="9.9830999">
    <ele>598</ele>
    <time>2026-06-15T06:10:07Z</time>
    <extensions>
     <gpxdata:distance>2715.50</gpxdata:distance>
     <gpxdata:speed>2.175</gpxdata:speed>
    </extensions>
   </trkpt>
   <trkpt lat="48.4223756" lon="9.9831030">
    <ele>598</ele>
    <time>2026-06-15T06:10:08Z</time>
    <extensions>
     <gpxdata:distance>2718.00</gpxdata:distance>
     <gpxdata:speed>2.181</gpxdata:speed>
    </extensions>
   </trkpt>
   <trkpt lat="48.4223559" lon="9.9831062">
    <ele>598</ele>
    <time>2026-06-15T06:10:09Z</time>
    <extensions>
     <gpxdata:distance>2720.00</gpxdata:distance>
     <gpxdata:speed>2.203</gpxdata:speed>
    </extensions>
   </trkpt>
   <trkpt lat="48.4223358" lon="9.9831093">
    <ele>598</ele>
    <time>2026-06-15T06:10:10Z</time>
    <extensions>
     <gpxdata:distance>2722.00</gpxdata:distance>
     <gpxdata:speed>2.228</gpxdata:speed>
    </extensions>
   </trkpt>
   <trkpt lat="48.4223158" lon="9.9831125">
    <ele>598</ele>
    <time>2026-06-15T06:10:11Z</time>
    <extensions>
     <gpxdata:distance>2724.50</gpxdata:distance>
     <gpxdata:speed>2.236</gpxdata:speed>
    </extensions>
   </trkpt>
   <trkpt lat="48.4222957" lon="9.9831159">
    <ele>598</ele>
    <time>2026-06-15T06:10:12Z</time>
    <extensions>
     <gpxdata:distance>2727.00</gpxdata:distance>
     <gpxdata:speed>2.242</gpxdata:speed>
    </extensions>
   </trkpt>
   <trkpt lat="48.4222756" lon="9.9831190">
    <ele>598</ele>
    <time>2026-06-15T06:10:13Z</time>
    <extensions>
     <gpxdata:distance>2729.00</gpxdata:distance>
     <gpxdata:speed>2.239</gpxdata:speed>
    </extensions>
   </trkpt>
   <trkpt lat="48.4222558" lon="9.9831217">
    <ele>598</ele>
    <time>2026-06-15T06:10:14Z</time>
    <extensions>
     <gpxdata:distance>2731.00</gpxdata:distance>
     <gpxdata:speed>2.222</gpxdata:speed>
    </extensions>
   </trkpt>
   <trkpt lat="48.4222362" lon="9.9831241">
    <ele>598</ele>
    <time>2026-06-15T06:10:15Z</time>
    <extensions>
     <gpxdata:distance>2733.50</gpxdata:distance>
     <gpxdata:speed>2.203</gpxdata:speed>
    </extensions>
   </trkpt>
   <trkpt lat="48.4222165" lon="9.9831268">
    <ele>599</ele>
    <time>2026-06-15T06:10:16Z</time>
    <extensions>
     <gpxdata:distance>2736.00</gpxdata:distance>
     <gpxdata:speed>2.203</gpxdata:speed>
    </extensions>
   </trkpt>
   <trkpt lat="48.4221966" lon="9.9831304">
    <ele>599</ele>
    <time>2026-06-15T06:10:17Z</time>
    <extensions>
     <gpxdata:distance>2738.00</gpxdata:distance>
     <gpxdata:speed>2.228</gpxdata:speed>
    </extensions>
   </trkpt>
   <trkpt lat="48.4221762" lon="9.9831348">
    <ele>599</ele>
    <time>2026-06-15T06:10:18Z</time>
    <extensions>
     <gpxdata:distance>2740.00</gpxdata:distance>
     <gpxdata:speed>2.275</gpxdata:speed>
    </extensions>
   </trkpt>
   <trkpt lat="48.4221552" lon="9.9831387">
    <ele>599</ele>
    <time>2026-06-15T06:10:19Z</time>
    <extensions>
     <gpxdata:distance>2742.50</gpxdata:distance>
     <gpxdata:speed>2.328</gpxdata:speed>
    </extensions>
   </trkpt>
   <trkpt lat="48.4221341" lon="9.9831413">
    <ele>599</ele>
    <time>2026-06-15T06:10:20Z</time>
    <extensions>
     <gpxdata:distance>2745.00</gpxdata:distance>
     <gpxdata:speed>2.342</gpxdata:speed>
    </extensions>
   </trkpt>
   <trkpt lat="48.4221131" lon="9.9831438">
    <ele>599</ele>
    <time>2026-06-15T06:10:21Z</time>
    <extensions>
     <gpxdata:distance>2747.50</gpxdata:distance>
     <gpxdata:speed>2.333</gpxdata:speed>
    </extensions>
   </trkpt>
   <trkpt lat="48.4220925" lon="9.9831476">
    <ele>599</ele>
    <time>2026-06-15T06:10:22Z</time>
    <extensions>
     <gpxdata:distance>2750.00</gpxdata:distance>
     <gpxdata:speed>2.328</gpxdata:speed>
    </extensions>
   </trkpt>
   <trkpt lat="48.4220722" lon="9.9831527">
    <ele>599</ele>
    <time>2026-06-15T06:10:23Z</time>
    <extensions>
     <gpxdata:distance>2752.00</gpxdata:distance>
     <gpxdata:speed>2.308</gpxdata:speed>
    </extensions>
   </trkpt>
   <trkpt lat="48.4220524" lon="9.9831581">
    <ele>600</ele>
    <time>2026-06-15T06:10:24Z</time>
    <extensions>
     <gpxdata:distance>2754.00</gpxdata:distance>
     <gpxdata:speed>2.269</gpxdata:speed>
    </extensions>
   </trkpt>
   <trkpt lat="48.4220325" lon="9.9831625">
    <ele>600</ele>
    <time>2026-06-15T06:10:25Z</time>
    <extensions>
     <gpxdata:distance>2756.50</gpxdata:distance>
     <gpxdata:speed>2.258</gpxdata:speed>
    </extensions>
   </trkpt>
   <trkpt lat="48.4220122" lon="9.9831653">
    <ele>600</ele>
    <time>2026-06-15T06:10:26Z</time>
    <extensions>
     <gpxdata:distance>2759.00</gpxdata:distance>
     <gpxdata:speed>2.283</gpxdata:speed>
    </extensions>
   </trkpt>
   <trkpt lat="48.4219917" lon="9.9831667">
    <ele>600</ele>
    <time>2026-06-15T06:10:27Z</time>
    <extensions>
     <gpxdata:distance>2761.00</gpxdata:distance>
     <gpxdata:speed>2.289</gpxdata:speed>
    </extensions>
   </trkpt>
   <trkpt lat="48.4219711" lon="9.9831668">
    <ele>600</ele>
    <time>2026-06-15T06:10:28Z</time>
    <extensions>
     <gpxdata:distance>2763.00</gpxdata:distance>
     <gpxdata:speed>2.292</gpxdata:speed>
    </extensions>
   </trkpt>
   <trkpt lat="48.4219503" lon="9.9831663">
    <ele>600</ele>
    <time>2026-06-15T06:10:29Z</time>
    <extensions>
     <gpxdata:distance>2765.50</gpxdata:distance>
     <gpxdata:speed>2.311</gpxdata:speed>
    </extensions>
   </trkpt>
   <trkpt lat="48.4219298" lon="9.9831656">
    <ele>600</ele>
    <time>2026-06-15T06:10:30Z</time>
    <extensions>
     <gpxdata:distance>2768.00</gpxdata:distance>
     <gpxdata:speed>2.289</gpxdata:speed>
    </extensions>
   </trkpt>
   <trkpt lat="48.4219099" lon="9.9831647">
    <ele>600</ele>
    <time>2026-06-15T06:10:31Z</time>
    <extensions>
     <gpxdata:distance>2770.00</gpxdata:distance>
     <gpxdata:speed>2.231</gpxdata:speed>
    </extensions>
   </trkpt>
   <trkpt lat="48.4218905" lon="9.9831643">
    <ele>600</ele>
    <time>2026-06-15T06:10:32Z</time>
    <extensions>
     <gpxdata:distance>2772.00</gpxdata:distance>
     <gpxdata:speed>2.186</gpxdata:speed>
    </extensions>
   </trkpt>
   <trkpt lat="48.4218709" lon="9.9831652">
    <ele>600</ele>
    <time>2026-06-15T06:10:33Z</time>
    <extensions>
     <gpxdata:distance>2774.50</gpxdata:distance>
     <gpxdata:speed>2.200</gpxdata:speed>
    </extensions>
   </trkpt>
   <trkpt lat="48.4218509" lon="9.9831669">
    <ele>601</ele>
    <time>2026-06-15T06:10:34Z</time>
    <extensions>
     <gpxdata:distance>2777.00</gpxdata:distance>
     <gpxdata:speed>2.233</gpxdata:speed>
    </extensions>
   </trkpt>
   <trkpt lat="48.4218304" lon="9.9831692">
    <ele>601</ele>
    <time>2026-06-15T06:10:35Z</time>
    <extensions>
     <gpxdata:distance>2779.50</gpxdata:distance>
     <gpxdata:speed>2.269</gpxdata:speed>
    </extensions>
   </trkpt>
   <trkpt lat="48.4218092" lon="9.9831722">
    <ele>601</ele>
    <time>2026-06-15T06:10:36Z</time>
    <extensions>
     <gpxdata:distance>2782.00</gpxdata:distance>
     <gpxdata:speed>2.333</gpxdata:speed>
    </extensions>
   </trkpt>
   <trkpt lat="48.4217874" lon="9.9831755">
    <ele>601</ele>
    <time>2026-06-15T06:10:37Z</time>
    <extensions>
     <gpxdata:distance>2784.50</gpxdata:distance>
     <gpxdata:speed>2.400</gpxdata:speed>
    </extensions>
   </trkpt>
   <trkpt lat="48.4217652" lon="9.9831789">
    <ele>601</ele>
    <time>2026-06-15T06:10:38Z</time>
    <extensions>
     <gpxdata:distance>2787.00</gpxdata:distance>
     <gpxdata:speed>2.442</gpxdata:speed>
    </extensions>
   </trkpt>
   <trkpt lat="48.4217428" lon="9.9831827">
    <ele>601</ele>
    <time>2026-06-15T06:10:39Z</time>
    <extensions>
     <gpxdata:distance>2789.50</gpxdata:distance>
     <gpxdata:speed>2.469</gpxdata:speed>
    </extensions>
   </trkpt>
   <trkpt lat="48.4217207" lon="9.9831869">
    <ele>601</ele>
    <time>2026-06-15T06:10:40Z</time>
    <extensions>
     <gpxdata:distance>2792.00</gpxdata:distance>
     <gpxdata:speed>2.469</gpxdata:speed>
    </extensions>
   </trkpt>
   <trkpt lat="48.4216986" lon="9.9831907">
    <ele>601</ele>
    <time>2026-06-15T06:10:41Z</time>
    <extensions>
     <gpxdata:distance>2794.50</gpxdata:distance>
     <gpxdata:speed>2.469</gpxdata:speed>
    </extensions>
   </trkpt>
   <trkpt lat="48.4216763" lon="9.9831941">
    <ele>601</ele>
    <time>2026-06-15T06:10:42Z</time>
    <extensions>
     <gpxdata:distance>2797.00</gpxdata:distance>
     <gpxdata:speed>2.494</gpxdata:speed>
    </extensions>
   </trkpt>
   <trkpt lat="48.4216538" lon="9.9831979">
    <ele>601</ele>
    <time>2026-06-15T06:10:43Z</time>
    <extensions>
     <gpxdata:distance>2799.50</gpxdata:distance>
     <gpxdata:speed>2.511</gpxdata:speed>
    </extensions>
   </trkpt>
   <trkpt lat="48.4216311" lon="9.9832019">
    <ele>601</ele>
    <time>2026-06-15T06:10:44Z</time>
    <extensions>
     <gpxdata:distance>2802.00</gpxdata:distance>
     <gpxdata:speed>2.533</gpxdata:speed>
    </extensions>
   </trkpt>
   <trkpt lat="48.4216084" lon="9.9832068">
    <ele>602</ele>
    <time>2026-06-15T06:10:45Z</time>
    <extensions>
     <gpxdata:distance>2804.50</gpxdata:distance>
     <gpxdata:speed>2.544</gpxdata:speed>
    </extensions>
   </trkpt>
   <trkpt lat="48.4215859" lon="9.9832114">
    <ele>602</ele>
    <time>2026-06-15T06:10:46Z</time>
    <extensions>
     <gpxdata:distance>2807.00</gpxdata:distance>
     <gpxdata:speed>2.533</gpxdata:speed>
    </extensions>
   </trkpt>
   <trkpt lat="48.4215633" lon="9.9832158">
    <ele>602</ele>
    <time>2026-06-15T06:10:47Z</time>
    <extensions>
     <gpxdata:distance>2809.50</gpxdata:distance>
     <gpxdata:speed>2.539</gpxdata:speed>
    </extensions>
   </trkpt>
   <trkpt lat="48.4215405" lon="9.9832194">
    <ele>602</ele>
    <time>2026-06-15T06:10:48Z</time>
    <extensions>
     <gpxdata:distance>2812.00</gpxdata:distance>
     <gpxdata:speed>2.553</gpxdata:speed>
    </extensions>
   </trkpt>
   <trkpt lat="48.4215176" lon="9.9832217">
    <ele>602</ele>
    <time>2026-06-15T06:10:49Z</time>
    <extensions>
     <gpxdata:distance>2814.50</gpxdata:distance>
     <gpxdata:speed>2.556</gpxdata:speed>
    </extensions>
   </trkpt>
   <trkpt lat="48.4214947" lon="9.9832233">
    <ele>602</ele>
    <time>2026-06-15T06:10:50Z</time>
    <extensions>
     <gpxdata:distance>2817.00</gpxdata:distance>
     <gpxdata:speed>2.553</gpxdata:speed>
    </extensions>
   </trkpt>
   <trkpt lat="48.4214719" lon="9.9832236">
    <ele>602</ele>
    <time>2026-06-15T06:10:51Z</time>
    <extensions>
     <gpxdata:distance>2819.50</gpxdata:distance>
     <gpxdata:speed>2.542</gpxdata:speed>
    </extensions>
   </trkpt>
   <trkpt lat="48.4214495" lon="9.9832230">
    <ele>602</ele>
    <time>2026-06-15T06:10:52Z</time>
    <extensions>
     <gpxdata:distance>2822.00</gpxdata:distance>
     <gpxdata:speed>2.517</gpxdata:speed>
    </extensions>
   </trkpt>
   <trkpt lat="48.4214271" lon="9.9832223">
    <ele>602</ele>
    <time>2026-06-15T06:10:53Z</time>
    <extensions>
     <gpxdata:distance>2824.50</gpxdata:distance>
     <gpxdata:speed>2.500</gpxdata:speed>
    </extensions>
   </trkpt>
   <trkpt lat="48.4214046" lon="9.9832216">
    <ele>602</ele>
    <time>2026-06-15T06:10:54Z</time>
    <extensions>
     <gpxdata:distance>2827.00</gpxdata:distance>
     <gpxdata:speed>2.508</gpxdata:speed>
    </extensions>
   </trkpt>
   <trkpt lat="48.4213818" lon="9.9832205">
    <ele>602</ele>
    <time>2026-06-15T06:10:55Z</time>
    <extensions>
     <gpxdata:distance>2829.50</gpxdata:distance>
     <gpxdata:speed>2.533</gpxdata:speed>
    </extensions>
   </trkpt>
   <trkpt lat="48.4213586" lon="9.9832184">
    <ele>602</ele>
    <time>2026-06-15T06:10:56Z</time>
    <extensions>
     <gpxdata:distance>2832.00</gpxdata:distance>
     <gpxdata:speed>2.572</gpxdata:speed>
    </extensions>
   </trkpt>
   <trkpt lat="48.4213351" lon="9.9832149">
    <ele>602</ele>
    <time>2026-06-15T06:10:57Z</time>
    <extensions>
     <gpxdata:distance>2835.00</gpxdata:distance>
     <gpxdata:speed>2.611</gpxdata:speed>
    </extensions>
   </trkpt>
   <trkpt lat="48.4213114" lon="9.9832100">
    <ele>602</ele>
    <time>2026-06-15T06:10:58Z</time>
    <extensions>
     <gpxdata:distance>2838.00</gpxdata:distance>
     <gpxdata:speed>2.644</gpxdata:speed>
    </extensions>
   </trkpt>
   <trkpt lat="48.4212876" lon="9.9832049">
    <ele>603</ele>
    <time>2026-06-15T06:10:59Z</time>
    <extensions>
     <gpxdata:distance>2840.50</gpxdata:distance>
     <gpxdata:speed>2.658</gpxdata:speed>
    </extensions>
   </trkpt>
   <trkpt lat="48.4212640" lon="9.9832006">
    <ele>603</ele>
    <time>2026-06-15T06:11:00Z</time>
    <extensions>
     <gpxdata:distance>2843.00</gpxdata:distance>
     <gpxdata:speed>2.653</gpxdata:speed>
    </extensions>
   </trkpt>
   <trkpt lat="48.4212402" lon="9.9831969">
    <ele>603</ele>
    <time>2026-06-15T06:11:01Z</time>
    <extensions>
     <gpxdata:distance>2845.50</gpxdata:distance>
     <gpxdata:speed>2.656</gpxdata:speed>
    </extensions>
   </trkpt>
   <trkpt lat="48.4212166" lon="9.9831932">
    <ele>603</ele>
    <time>2026-06-15T06:11:02Z</time>
    <extensions>
     <gpxdata:distance>2848.00</gpxdata:distance>
     <gpxdata:speed>2.656</gpxdata:speed>
    </extensions>
   </trkpt>
   <trkpt lat="48.4211928" lon="9.9831892">
    <ele>603</ele>
    <time>2026-06-15T06:11:03Z</time>
    <extensions>
     <gpxdata:distance>2851.00</gpxdata:distance>
     <gpxdata:speed>2.661</gpxdata:speed>
    </extensions>
   </trkpt>
   <trkpt lat="48.4211686" lon="9.9831849">
    <ele>603</ele>
    <time>2026-06-15T06:11:04Z</time>
    <extensions>
     <gpxdata:distance>2854.00</gpxdata:distance>
     <gpxdata:speed>2.703</gpxdata:speed>
    </extensions>
   </trkpt>
   <trkpt lat="48.4211436" lon="9.9831807">
    <ele>603</ele>
    <time>2026-06-15T06:11:05Z</time>
    <extensions>
     <gpxdata:distance>2857.00</gpxdata:distance>
     <gpxdata:speed>2.775</gpxdata:speed>
    </extensions>
   </trkpt>
   <trkpt lat="48.4211177" lon="9.9831760">
    <ele>603</ele>
    <time>2026-06-15T06:11:06Z</time>
    <extensions>
     <gpxdata:distance>2860.00</gpxdata:distance>
     <gpxdata:speed>2.856</gpxdata:speed>
    </extensions>
   </trkpt>
   <trkpt lat="48.4210912" lon="9.9831711">
    <ele>603</ele>
    <time>2026-06-15T06:11:07Z</time>
    <extensions>
     <gpxdata:distance>2863.00</gpxdata:distance>
     <gpxdata:speed>2.928</gpxdata:speed>
    </extensions>
   </trkpt>
   <trkpt lat="48.4210643" lon="9.9831667">
    <ele>603</ele>
    <time>2026-06-15T06:11:08Z</time>
    <extensions>
     <gpxdata:distance>2866.00</gpxdata:distance>
     <gpxdata:speed>2.981</gpxdata:speed>
    </extensions>
   </trkpt>
   <trkpt lat="48.4210371" lon="9.9831630">
    <ele>603</ele>
    <time>2026-06-15T06:11:09Z</time>
    <extensions>
     <gpxdata:distance>2869.00</gpxdata:distance>
     <gpxdata:speed>3.017</gpxdata:speed>
    </extensions>
   </trkpt>
   <trkpt lat="48.4209929" lon="9.9831575">
    <ele>603</ele>
    <time>2026-06-15T06:11:10Z</time>
    <extensions>
     <gpxdata:distance>2872.00</gpxdata:distance>
     <gpxdata:speed>3.031</gpxdata:speed>
    </extensions>
   </trkpt>
   <trkpt lat="48.4209620" lon="9.9831537">
    <ele>603</ele>
    <time>2026-06-15T06:11:11Z</time>
    <extensions>
     <gpxdata:distance>2875.50</gpxdata:distance>
     <gpxdata:speed>3.056</gpxdata:speed>
    </extensions>
   </trkpt>
   <trkpt lat="48.4209330" lon="9.9831495">
    <ele>604</ele>
    <time>2026-06-15T06:11:12Z</time>
    <extensions>
     <gpxdata:distance>2879.00</gpxdata:distance>
     <gpxdata:speed>3.106</gpxdata:speed>
    </extensions>
   </trkpt>
   <trkpt lat="48.4209045" lon="9.9831452">
    <ele>604</ele>
    <time>2026-06-15T06:11:13Z</time>
    <extensions>
     <gpxdata:distance>2882.00</gpxdata:distance>
     <gpxdata:speed>3.133</gpxdata:speed>
    </extensions>
   </trkpt>
   <trkpt lat="48.4208759" lon="9.9831415">
    <ele>604</ele>
    <time>2026-06-15T06:11:14Z</time>
    <extensions>
     <gpxdata:distance>2885.00</gpxdata:distance>
     <gpxdata:speed>3.164</gpxdata:speed>
    </extensions>
   </trkpt>
   <trkpt lat="48.4208485" lon="9.9831382">
    <ele>604</ele>
    <time>2026-06-15T06:11:15Z</time>
    <extensions>
     <gpxdata:distance>2888.00</gpxdata:distance>
     <gpxdata:speed>3.108</gpxdata:speed>
    </extensions>
   </trkpt>
   <trkpt lat="48.4208222" lon="9.9831350">
    <ele>604</ele>
    <time>2026-06-15T06:11:16Z</time>
    <extensions>
     <gpxdata:distance>2891.00</gpxdata:distance>
     <gpxdata:speed>3.028</gpxdata:speed>
    </extensions>
   </trkpt>
   <trkpt lat="48.4207965" lon="9.9831307">
    <ele>604</ele>
    <time>2026-06-15T06:11:17Z</time>
    <extensions>
     <gpxdata:distance>2893.50</gpxdata:distance>
     <gpxdata:speed>2.978</gpxdata:speed>
    </extensions>
   </trkpt>
   <trkpt lat="48.4207815" lon="9.9831281">
    <ele>604</ele>
    <time>2026-06-15T06:11:18Z</time>
    <extensions>
     <gpxdata:distance>2896.00</gpxdata:distance>
     <gpxdata:speed>2.969</gpxdata:speed>
    </extensions>
   </trkpt>
   <trkpt lat="48.4207605" lon="9.9831240">
    <ele>604</ele>
    <time>2026-06-15T06:11:19Z</time>
    <extensions>
     <gpxdata:distance>2899.00</gpxdata:distance>
     <gpxdata:speed>2.981</gpxdata:speed>
    </extensions>
   </trkpt>
   <trkpt lat="48.4207372" lon="9.9831175">
    <ele>604</ele>
    <time>2026-06-15T06:11:20Z</time>
    <extensions>
     <gpxdata:distance>2902.00</gpxdata:distance>
     <gpxdata:speed>2.933</gpxdata:speed>
    </extensions>
   </trkpt>
   <trkpt lat="48.4207141" lon="9.9831079">
    <ele>604</ele>
    <time>2026-06-15T06:11:21Z</time>
    <extensions>
     <gpxdata:distance>2904.50</gpxdata:distance>
     <gpxdata:speed>2.839</gpxdata:speed>
    </extensions>
   </trkpt>
   <trkpt lat="48.4206926" lon="9.9830958">
    <ele>604</ele>
    <time>2026-06-15T06:11:22Z</time>
    <extensions>
     <gpxdata:distance>2907.00</gpxdata:distance>
     <gpxdata:speed>2.694</gpxdata:speed>
    </extensions>
   </trkpt>
   <trkpt lat="48.4206727" lon="9.9830818">
    <ele>604</ele>
    <time>2026-06-15T06:11:23Z</time>
    <extensions>
     <gpxdata:distance>2909.00</gpxdata:distance>
     <gpxdata:speed>2.422</gpxdata:speed>
    </extensions>
   </trkpt>
   <trkpt lat="48.4206544" lon="9.9830667">
    <ele>604</ele>
    <time>2026-06-15T06:11:24Z</time>
    <extensions>
     <gpxdata:distance>2911.00</gpxdata:distance>
     <gpxdata:speed>2.250</gpxdata:speed>
    </extensions>
   </trkpt>
   <trkpt lat="48.4206370" lon="9.9830509">
    <ele>604</ele>
    <time>2026-06-15T06:11:25Z</time>
    <extensions>
     <gpxdata:distance>2913.50</gpxdata:distance>
     <gpxdata:speed>2.225</gpxdata:speed>
    </extensions>
   </trkpt>
   <trkpt lat="48.4206203" lon="9.9830353">
    <ele>604</ele>
    <time>2026-06-15T06:11:26Z</time>
    <extensions>
     <gpxdata:distance>2916.00</gpxdata:distance>
     <gpxdata:speed>2.139</gpxdata:speed>
    </extensions>
   </trkpt>
   <trkpt lat="48.4206033" lon="9.9830218">
    <ele>604</ele>
    <time>2026-06-15T06:11:27Z</time>
    <extensions>
     <gpxdata:distance>2918.00</gpxdata:distance>
     <gpxdata:speed>2.136</gpxdata:speed>
    </extensions>
   </trkpt>
   <trkpt lat="48.4205847" lon="9.9830112">
    <ele>604</ele>
    <time>2026-06-15T06:11:28Z</time>
    <extensions>
     <gpxdata:distance>2920.00</gpxdata:distance>
     <gpxdata:speed>2.300</gpxdata:speed>
    </extensions>
   </trkpt>
   <trkpt lat="48.4205648" lon="9.9830034">
    <ele>604</ele>
    <time>2026-06-15T06:11:29Z</time>
    <extensions>
     <gpxdata:distance>2922.50</gpxdata:distance>
     <gpxdata:speed>2.364</gpxdata:speed>
    </extensions>
   </trkpt>
   <trkpt lat="48.4205433" lon="9.9829990">
    <ele>605</ele>
    <time>2026-06-15T06:11:30Z</time>
    <extensions>
     <gpxdata:distance>2925.00</gpxdata:distance>
     <gpxdata:speed>2.497</gpxdata:speed>
    </extensions>
   </trkpt>
   <trkpt lat="48.4205205" lon="9.9829981">
    <ele>605</ele>
    <time>2026-06-15T06:11:31Z</time>
    <extensions>
     <gpxdata:distance>2928.00</gpxdata:distance>
     <gpxdata:speed>2.592</gpxdata:speed>
    </extensions>
   </trkpt>
   <trkpt lat="48.4204960" lon="9.9830009">
    <ele>605</ele>
    <time>2026-06-15T06:11:32Z</time>
    <extensions>
     <gpxdata:distance>2931.00</gpxdata:distance>
     <gpxdata:speed>2.744</gpxdata:speed>
    </extensions>
   </trkpt>
   <trkpt lat="48.4204683" lon="9.9830077">
    <ele>605</ele>
    <time>2026-06-15T06:11:33Z</time>
    <extensions>
     <gpxdata:distance>2935.50</gpxdata:distance>
     <gpxdata:speed>3.400</gpxdata:speed>
    </extensions>
   </trkpt>
   <trkpt lat="48.4204147" lon="9.9830278">
    <ele>605</ele>
    <time>2026-06-15T06:11:34Z</time>
    <extensions>
     <gpxdata:distance>2940.00</gpxdata:distance>
     <gpxdata:speed>4.269</gpxdata:speed>
    </extensions>
   </trkpt>
   <trkpt lat="48.4203673" lon="9.9830507">
    <ele>605</ele>
    <time>2026-06-15T06:11:35Z</time>
    <extensions>
     <gpxdata:distance>2947.00</gpxdata:distance>
     <gpxdata:speed>3.853</gpxdata:speed>
    </extensions>
   </trkpt>
   <trkpt lat="48.4203130" lon="9.9830808">
    <ele>605</ele>
    <time>2026-06-15T06:11:36Z</time>
    <extensions>
     <gpxdata:distance>2954.00</gpxdata:distance>
     <gpxdata:speed>4.119</gpxdata:speed>
    </extensions>
   </trkpt>
   <trkpt lat="48.4202494" lon="9.9831153">
    <ele>604</ele>
    <time>2026-06-15T06:11:37Z</time>
    <extensions>
     <gpxdata:distance>2963.00</gpxdata:distance>
     <gpxdata:speed>7.611</gpxdata:speed>
    </extensions>
   </trkpt>
   <trkpt lat="48.4201542" lon="9.9831608">
    <ele>604</ele>
    <time>2026-06-15T06:11:38Z</time>
    <extensions>
     <gpxdata:distance>2972.00</gpxdata:distance>
     <gpxdata:speed>8.294</gpxdata:speed>
    </extensions>
   </trkpt>
   <trkpt lat="48.4200727" lon="9.9831874">
    <ele>603</ele>
    <time>2026-06-15T06:11:39Z</time>
    <extensions>
     <gpxdata:distance>2981.00</gpxdata:distance>
     <gpxdata:speed>8.531</gpxdata:speed>
    </extensions>
   </trkpt>
   <trkpt lat="48.4199916" lon="9.9831975">
    <ele>602</ele>
    <time>2026-06-15T06:11:40Z</time>
    <extensions>
     <gpxdata:distance>2990.00</gpxdata:distance>
     <gpxdata:speed>8.783</gpxdata:speed>
    </extensions>
   </trkpt>
   <trkpt lat="48.4199114" lon="9.9831939">
    <ele>602</ele>
    <time>2026-06-15T06:11:41Z</time>
    <extensions>
     <gpxdata:distance>2998.50</gpxdata:distance>
     <gpxdata:speed>8.731</gpxdata:speed>
    </extensions>
   </trkpt>
   <trkpt lat="48.4198324" lon="9.9831839">
    <ele>601</ele>
    <time>2026-06-15T06:11:42Z</time>
    <extensions>
     <gpxdata:distance>3007.00</gpxdata:distance>
     <gpxdata:speed>8.725</gpxdata:speed>
    </extensions>
   </trkpt>
   <trkpt lat="48.4197548" lon="9.9831735">
    <ele>600</ele>
    <time>2026-06-15T06:11:43Z</time>
    <extensions>
     <gpxdata:distance>3015.50</gpxdata:distance>
     <gpxdata:speed>8.639</gpxdata:speed>
    </extensions>
   </trkpt>
   <trkpt lat="48.4196785" lon="9.9831656">
    <ele>600</ele>
    <time>2026-06-15T06:11:44Z</time>
    <extensions>
     <gpxdata:distance>3024.00</gpxdata:distance>
     <gpxdata:speed>8.569</gpxdata:speed>
    </extensions>
   </trkpt>
   <trkpt lat="48.4196023" lon="9.9831608">
    <ele>600</ele>
    <time>2026-06-15T06:11:45Z</time>
    <extensions>
     <gpxdata:distance>3032.50</gpxdata:distance>
     <gpxdata:speed>8.561</gpxdata:speed>
    </extensions>
   </trkpt>
   <trkpt lat="48.4195257" lon="9.9831591">
    <ele>600</ele>
    <time>2026-06-15T06:11:46Z</time>
    <extensions>
     <gpxdata:distance>3041.00</gpxdata:distance>
     <gpxdata:speed>8.558</gpxdata:speed>
    </extensions>
   </trkpt>
   <trkpt lat="48.4194482" lon="9.9831600">
    <ele>599</ele>
    <time>2026-06-15T06:11:47Z</time>
    <extensions>
     <gpxdata:distance>3050.00</gpxdata:distance>
     <gpxdata:speed>8.603</gpxdata:speed>
    </extensions>
   </trkpt>
   <trkpt lat="48.4193688" lon="9.9831629">
    <ele>599</ele>
    <time>2026-06-15T06:11:48Z</time>
    <extensions>
     <gpxdata:distance>3059.00</gpxdata:distance>
     <gpxdata:speed>8.706</gpxdata:speed>
    </extensions>
   </trkpt>
   <trkpt lat="48.4192878" lon="9.9831678">
    <ele>599</ele>
    <time>2026-06-15T06:11:49Z</time>
    <extensions>
     <gpxdata:distance>3068.50</gpxdata:distance>
     <gpxdata:speed>8.822</gpxdata:speed>
    </extensions>
   </trkpt>
   <trkpt lat="48.4192060" lon="9.9831756">
    <ele>598</ele>
    <time>2026-06-15T06:11:50Z</time>
    <extensions>
     <gpxdata:distance>3078.00</gpxdata:distance>
     <gpxdata:speed>8.925</gpxdata:speed>
    </extensions>
   </trkpt>
   <trkpt lat="48.4191242" lon="9.9831865">
    <ele>598</ele>
    <time>2026-06-15T06:11:51Z</time>
    <extensions>
     <gpxdata:distance>3087.00</gpxdata:distance>
     <gpxdata:speed>9.003</gpxdata:speed>
    </extensions>
   </trkpt>
   <trkpt lat="48.4190428" lon="9.9832012">
    <ele>598</ele>
    <time>2026-06-15T06:11:52Z</time>
    <extensions>
     <gpxdata:distance>3096.00</gpxdata:distance>
     <gpxdata:speed>9.069</gpxdata:speed>
    </extensions>
   </trkpt>
   <trkpt lat="48.4189619" lon="9.9832217">
    <ele>597</ele>
    <time>2026-06-15T06:11:53Z</time>
    <extensions>
     <gpxdata:distance>3105.00</gpxdata:distance>
     <gpxdata:speed>9.106</gpxdata:speed>
    </extensions>
   </trkpt>
   <trkpt lat="48.4188816" lon="9.9832491">
    <ele>597</ele>
    <time>2026-06-15T06:11:54Z</time>
    <extensions>
     <gpxdata:distance>3114.00</gpxdata:distance>
     <gpxdata:speed>9.161</gpxdata:speed>
    </extensions>
   </trkpt>
   <trkpt lat="48.4188017" lon="9.9832819">
    <ele>597</ele>
    <time>2026-06-15T06:11:55Z</time>
    <extensions>
     <gpxdata:distance>3123.50</gpxdata:distance>
     <gpxdata:speed>9.214</gpxdata:speed>
    </extensions>
   </trkpt>
   <trkpt lat="48.4187213" lon="9.9833193">
    <ele>596</ele>
    <time>2026-06-15T06:11:56Z</time>
    <extensions>
     <gpxdata:distance>3133.00</gpxdata:distance>
     <gpxdata:speed>9.342</gpxdata:speed>
    </extensions>
   </trkpt>
   <trkpt lat="48.4186406" lon="9.9833586">
    <ele>596</ele>
    <time>2026-06-15T06:11:57Z</time>
    <extensions>
     <gpxdata:distance>3142.50</gpxdata:distance>
     <gpxdata:speed>9.406</gpxdata:speed>
    </extensions>
   </trkpt>
   <trkpt lat="48.4185591" lon="9.9833979">
    <ele>596</ele>
    <time>2026-06-15T06:11:58Z</time>
    <extensions>
     <gpxdata:distance>3152.00</gpxdata:distance>
     <gpxdata:speed>9.481</gpxdata:speed>
    </extensions>
   </trkpt>
   <trkpt lat="48.4184773" lon="9.9834367">
    <ele>595</ele>
    <time>2026-06-15T06:11:59Z</time>
    <extensions>
     <gpxdata:distance>3161.50</gpxdata:distance>
     <gpxdata:speed>9.506</gpxdata:speed>
    </extensions>
   </trkpt>
   <trkpt lat="48.4183970" lon="9.9834771">
    <ele>595</ele>
    <time>2026-06-15T06:12:00Z</time>
    <extensions>
     <gpxdata:distance>3171.00</gpxdata:distance>
     <gpxdata:speed>9.422</gpxdata:speed>
    </extensions>
   </trkpt>
   <trkpt lat="48.4183191" lon="9.9835218">
    <ele>595</ele>
    <time>2026-06-15T06:12:01Z</time>
    <extensions>
     <gpxdata:distance>3180.00</gpxdata:distance>
     <gpxdata:speed>9.361</gpxdata:speed>
    </extensions>
   </trkpt>
   <trkpt lat="48.4182445" lon="9.9835706">
    <ele>594</ele>
    <time>2026-06-15T06:12:02Z</time>
    <extensions>
     <gpxdata:distance>3189.00</gpxdata:distance>
     <gpxdata:speed>9.233</gpxdata:speed>
    </extensions>
   </trkpt>
   <trkpt lat="48.4181753" lon="9.9836195">
    <ele>594</ele>
    <time>2026-06-15T06:12:03Z</time>
    <extensions>
     <gpxdata:distance>3196.50</gpxdata:distance>
     <gpxdata:speed>8.611</gpxdata:speed>
    </extensions>
   </trkpt>
   <trkpt lat="48.4181131" lon="9.9836660">
    <ele>594</ele>
    <time>2026-06-15T06:12:04Z</time>
    <extensions>
     <gpxdata:distance>3204.00</gpxdata:distance>
     <gpxdata:speed>7.875</gpxdata:speed>
    </extensions>
   </trkpt>
   <trkpt lat="48.4180578" lon="9.9837095">
    <ele>594</ele>
    <time>2026-06-15T06:12:05Z</time>
    <extensions>
     <gpxdata:distance>3210.00</gpxdata:distance>
     <gpxdata:speed>7.156</gpxdata:speed>
    </extensions>
   </trkpt>
   <trkpt lat="48.4180086" lon="9.9837514">
    <ele>594</ele>
    <time>2026-06-15T06:12:06Z</time>
    <extensions>
     <gpxdata:distance>3216.00</gpxdata:distance>
     <gpxdata:speed>6.544</gpxdata:speed>
    </extensions>
   </trkpt>
   <trkpt lat="48.4179640" lon="9.9837930">
    <ele>593</ele>
    <time>2026-06-15T06:12:07Z</time>
    <extensions>
     <gpxdata:distance>3221.50</gpxdata:distance>
     <gpxdata:speed>6.100</gpxdata:speed>
    </extensions>
   </trkpt>
   <trkpt lat="48.4179222" lon="9.9838342">
    <ele>593</ele>
    <time>2026-06-15T06:12:08Z</time>
    <extensions>
     <gpxdata:distance>3227.00</gpxdata:distance>
     <gpxdata:speed>5.800</gpxdata:speed>
    </extensions>
   </trkpt>
   <trkpt lat="48.4178926" lon="9.9838623">
    <ele>593</ele>
    <time>2026-06-15T06:12:09Z</time>
    <extensions>
     <gpxdata:distance>3232.00</gpxdata:distance>
     <gpxdata:speed>5.567</gpxdata:speed>
    </extensions>
   </trkpt>
   <trkpt lat="48.4178561" lon="9.9838917">
    <ele>593</ele>
    <time>2026-06-15T06:12:10Z</time>
    <extensions>
     <gpxdata:distance>3237.00</gpxdata:distance>
     <gpxdata:speed>5.089</gpxdata:speed>
    </extensions>
   </trkpt>
   <trkpt lat="48.4178214" lon="9.9839109">
    <ele>593</ele>
    <time>2026-06-15T06:12:11Z</time>
    <extensions>
     <gpxdata:distance>3240.00</gpxdata:distance>
     <gpxdata:speed>4.208</gpxdata:speed>
    </extensions>
   </trkpt>
   <trkpt lat="48.4177920" lon="9.9839174">
    <ele>593</ele>
    <time>2026-06-15T06:12:12Z</time>
    <extensions>
     <gpxdata:distance>3243.00</gpxdata:distance>
     <gpxdata:speed>3.392</gpxdata:speed>
    </extensions>
   </trkpt>
   <trkpt lat="48.4177699" lon="9.9839149">
    <ele>593</ele>
    <time>2026-06-15T06:12:13Z</time>
    <extensions>
     <gpxdata:distance>3244.50</gpxdata:distance>
     <gpxdata:speed>3.164</gpxdata:speed>
    </extensions>
   </trkpt>
   <trkpt lat="48.4176797" lon="9.9838670">
    <ele>593</ele>
    <time>2026-06-15T06:13:36Z</time>
    <extensions>
     <gpxdata:distance>3259.00</gpxdata:distance>
     <gpxdata:speed>1.708</gpxdata:speed>
    </extensions>
   </trkpt>
   <trkpt lat="48.4176661" lon="9.9838607">
    <ele>593</ele>
    <time>2026-06-15T06:13:37Z</time>
    <extensions>
     <gpxdata:distance>3259.00</gpxdata:distance>
     <gpxdata:speed>1.725</gpxdata:speed>
    </extensions>
   </trkpt>
   <trkpt lat="48.4176530" lon="9.9838532">
    <ele>593</ele>
    <time>2026-06-15T06:13:38Z</time>
    <extensions>
     <gpxdata:distance>3260.50</gpxdata:distance>
     <gpxdata:speed>1.600</gpxdata:speed>
    </extensions>
   </trkpt>
   <trkpt lat="48.4176405" lon="9.9838443">
    <ele>593</ele>
    <time>2026-06-15T06:13:39Z</time>
    <extensions>
     <gpxdata:distance>3262.00</gpxdata:distance>
     <gpxdata:speed>1.578</gpxdata:speed>
    </extensions>
   </trkpt>
   <trkpt lat="48.4176275" lon="9.9838353">
    <ele>593</ele>
    <time>2026-06-15T06:13:40Z</time>
    <extensions>
     <gpxdata:distance>3263.50</gpxdata:distance>
     <gpxdata:speed>1.661</gpxdata:speed>
    </extensions>
   </trkpt>
   <trkpt lat="48.4176133" lon="9.9838278">
    <ele>593</ele>
    <time>2026-06-15T06:13:41Z</time>
    <extensions>
     <gpxdata:distance>3265.00</gpxdata:distance>
     <gpxdata:speed>1.761</gpxdata:speed>
    </extensions>
   </trkpt>
   <trkpt lat="48.4175973" lon="9.9838226">
    <ele>593</ele>
    <time>2026-06-15T06:13:42Z</time>
    <extensions>
     <gpxdata:distance>3267.50</gpxdata:distance>
     <gpxdata:speed>1.900</gpxdata:speed>
    </extensions>
   </trkpt>
   <trkpt lat="48.4175800" lon="9.9838187">
    <ele>593</ele>
    <time>2026-06-15T06:13:43Z</time>
    <extensions>
     <gpxdata:distance>3270.00</gpxdata:distance>
     <gpxdata:speed>2.008</gpxdata:speed>
    </extensions>
   </trkpt>
   <trkpt lat="48.4175559" lon="9.9838144">
    <ele>593</ele>
    <time>2026-06-15T06:13:44Z</time>
    <extensions>
     <gpxdata:distance>3272.00</gpxdata:distance>
     <gpxdata:speed>2.042</gpxdata:speed>
    </extensions>
   </trkpt>
   <trkpt lat="48.4175359" lon="9.9838117">
    <ele>593</ele>
    <time>2026-06-15T06:13:45Z</time>
    <extensions>
     <gpxdata:distance>3274.00</gpxdata:distance>
     <gpxdata:speed>2.014</gpxdata:speed>
    </extensions>
   </trkpt>
   <trkpt lat="48.4175184" lon="9.9838100">
    <ele>593</ele>
    <time>2026-06-15T06:13:46Z</time>
    <extensions>
     <gpxdata:distance>3275.50</gpxdata:distance>
     <gpxdata:speed>1.914</gpxdata:speed>
    </extensions>
   </trkpt>
   <trkpt lat="48.4175067" lon="9.9838095">
    <ele>593</ele>
    <time>2026-06-15T06:13:47Z</time>
    <extensions>
     <gpxdata:distance>3277.00</gpxdata:distance>
     <gpxdata:speed>1.836</gpxdata:speed>
    </extensions>
   </trkpt>
   <trkpt lat="48.4174933" lon="9.9838102">
    <ele>593</ele>
    <time>2026-06-15T06:13:48Z</time>
    <extensions>
     <gpxdata:distance>3278.50</gpxdata:distance>
     <gpxdata:speed>1.803</gpxdata:speed>
    </extensions>
   </trkpt>
   <trkpt lat="48.4174798" lon="9.9838126">
    <ele>593</ele>
    <time>2026-06-15T06:13:49Z</time>
    <extensions>
     <gpxdata:distance>3280.00</gpxdata:distance>
     <gpxdata:speed>1.706</gpxdata:speed>
    </extensions>
   </trkpt>
   <trkpt lat="48.4174677" lon="9.9838160">
    <ele>594</ele>
    <time>2026-06-15T06:13:50Z</time>
    <extensions>
     <gpxdata:distance>3280.50</gpxdata:distance>
     <gpxdata:speed>1.236</gpxdata:speed>
    </extensions>
   </trkpt>
   <trkpt lat="48.4174625" lon="9.9838181">
    <ele>594</ele>
    <time>2026-06-15T06:13:51Z</time>
    <extensions>
     <gpxdata:distance>3281.00</gpxdata:distance>
     <gpxdata:speed>1.236</gpxdata:speed>
    </extensions>
   </trkpt>
   <trkpt lat="48.4174574" lon="9.9838202">
    <ele>594</ele>
    <time>2026-06-15T06:13:52Z</time>
    <extensions>
     <gpxdata:distance>3281.00</gpxdata:distance>
     <gpxdata:speed>1.236</gpxdata:speed>
    </extensions>
   </trkpt>
   <trkpt lat="48.4174489" lon="9.9838246">
    <ele>594</ele>
    <time>2026-06-15T06:13:53Z</time>
    <extensions>
     <gpxdata:distance>3281.00</gpxdata:distance>
     <gpxdata:speed>1.236</gpxdata:speed>
    </extensions>
   </trkpt>
   <trkpt lat="48.4174416" lon="9.9838305">
    <ele>594</ele>
    <time>2026-06-15T06:13:54Z</time>
    <extensions>
     <gpxdata:distance>3282.50</gpxdata:distance>
     <gpxdata:speed>1.236</gpxdata:speed>
    </extensions>
   </trkpt>
   <trkpt lat="48.4174353" lon="9.9838381">
    <ele>594</ele>
    <time>2026-06-15T06:13:55Z</time>
    <extensions>
     <gpxdata:distance>3284.00</gpxdata:distance>
     <gpxdata:speed>0.869</gpxdata:speed>
    </extensions>
   </trkpt>
   <trkpt lat="48.4174299" lon="9.9838463">
    <ele>594</ele>
    <time>2026-06-15T06:13:56Z</time>
    <extensions>
     <gpxdata:distance>3284.50</gpxdata:distance>
     <gpxdata:speed>0.803</gpxdata:speed>
    </extensions>
   </trkpt>
   <trkpt lat="48.4174253" lon="9.9838551">
    <ele>594</ele>
    <time>2026-06-15T06:13:57Z</time>
    <extensions>
     <gpxdata:distance>3285.00</gpxdata:distance>
     <gpxdata:speed>0.783</gpxdata:speed>
    </extensions>
   </trkpt>
   <trkpt lat="48.4174214" lon="9.9838654">
    <ele>594</ele>
    <time>2026-06-15T06:13:58Z</time>
    <extensions>
     <gpxdata:distance>3286.50</gpxdata:distance>
     <gpxdata:speed>0.864</gpxdata:speed>
    </extensions>
   </trkpt>
   <trkpt lat="48.4174179" lon="9.9838780">
    <ele>594</ele>
    <time>2026-06-15T06:13:59Z</time>
    <extensions>
     <gpxdata:distance>3288.00</gpxdata:distance>
     <gpxdata:speed>1.011</gpxdata:speed>
    </extensions>
   </trkpt>
   <trkpt lat="48.4174142" lon="9.9838931">
    <ele>594</ele>
    <time>2026-06-15T06:14:00Z</time>
    <extensions>
     <gpxdata:distance>3289.50</gpxdata:distance>
     <gpxdata:speed>1.383</gpxdata:speed>
    </extensions>
   </trkpt>
   <trkpt lat="48.4174091" lon="9.9839112">
    <ele>594</ele>
    <time>2026-06-15T06:14:01Z</time>
    <extensions>
     <gpxdata:distance>3291.00</gpxdata:distance>
     <gpxdata:speed>1.744</gpxdata:speed>
    </extensions>
   </trkpt>
   <trkpt lat="48.4174020" lon="9.9839312">
    <ele>594</ele>
    <time>2026-06-15T06:14:02Z</time>
    <extensions>
     <gpxdata:distance>3293.50</gpxdata:distance>
     <gpxdata:speed>1.964</gpxdata:speed>
    </extensions>
   </trkpt>
   <trkpt lat="48.4173935" lon="9.9839525">
    <ele>594</ele>
    <time>2026-06-15T06:14:03Z</time>
    <extensions>
     <gpxdata:distance>3296.00</gpxdata:distance>
     <gpxdata:speed>2.075</gpxdata:speed>
    </extensions>
   </trkpt>
   <trkpt lat="48.4173811" lon="9.9839821">
    <ele>594</ele>
    <time>2026-06-15T06:14:04Z</time>
    <extensions>
     <gpxdata:distance>3298.00</gpxdata:distance>
     <gpxdata:speed>2.008</gpxdata:speed>
    </extensions>
   </trkpt>
   <trkpt lat="48.4173719" lon="9.9840079">
    <ele>594</ele>
    <time>2026-06-15T06:14:05Z</time>
    <extensions>
     <gpxdata:distance>3300.00</gpxdata:distance>
     <gpxdata:speed>1.978</gpxdata:speed>
    </extensions>
   </trkpt>
   <trkpt lat="48.4173667" lon="9.9840267">
    <ele>594</ele>
    <time>2026-06-15T06:14:06Z</time>
    <extensions>
     <gpxdata:distance>3302.00</gpxdata:distance>
     <gpxdata:speed>2.083</gpxdata:speed>
    </extensions>
   </trkpt>
   <trkpt lat="48.4173581" lon="9.9840568">
    <ele>594</ele>
    <time>2026-06-15T06:14:07Z</time>
    <extensions>
     <gpxdata:distance>3304.00</gpxdata:distance>
     <gpxdata:speed>2.122</gpxdata:speed>
    </extensions>
   </trkpt>
   <trkpt lat="48.4173468" lon="9.9840824">
    <ele>594</ele>
    <time>2026-06-15T06:14:08Z</time>
    <extensions>
     <gpxdata:distance>3306.50</gpxdata:distance>
     <gpxdata:speed>2.333</gpxdata:speed>
    </extensions>
   </trkpt>
   <trkpt lat="48.4173320" lon="9.9841056">
    <ele>594</ele>
    <time>2026-06-15T06:14:09Z</time>
    <extensions>
     <gpxdata:distance>3309.00</gpxdata:distance>
     <gpxdata:speed>2.569</gpxdata:speed>
    </extensions>
   </trkpt>
   <trkpt lat="48.4173146" lon="9.9841282">
    <ele>594</ele>
    <time>2026-06-15T06:14:10Z</time>
    <extensions>
     <gpxdata:distance>3312.00</gpxdata:distance>
     <gpxdata:speed>2.728</gpxdata:speed>
    </extensions>
   </trkpt>
   <trkpt lat="48.4172959" lon="9.9841506">
    <ele>594</ele>
    <time>2026-06-15T06:14:11Z</time>
    <extensions>
     <gpxdata:distance>3315.00</gpxdata:distance>
     <gpxdata:speed>2.764</gpxdata:speed>
    </extensions>
   </trkpt>
   <trkpt lat="48.4172771" lon="9.9841717">
    <ele>594</ele>
    <time>2026-06-15T06:14:12Z</time>
    <extensions>
     <gpxdata:distance>3317.50</gpxdata:distance>
     <gpxdata:speed>2.681</gpxdata:speed>
    </extensions>
   </trkpt>
   <trkpt lat="48.4172581" lon="9.9841911">
    <ele>594</ele>
    <time>2026-06-15T06:14:13Z</time>
    <extensions>
     <gpxdata:distance>3320.00</gpxdata:distance>
     <gpxdata:speed>2.619</gpxdata:speed>
    </extensions>
   </trkpt>
   <trkpt lat="48.4172382" lon="9.9842093">
    <ele>594</ele>
    <time>2026-06-15T06:14:14Z</time>
    <extensions>
     <gpxdata:distance>3322.50</gpxdata:distance>
     <gpxdata:speed>2.639</gpxdata:speed>
    </extensions>
   </trkpt>
   <trkpt lat="48.4172178" lon="9.9842272">
    <ele>594</ele>
    <time>2026-06-15T06:14:15Z</time>
    <extensions>
     <gpxdata:distance>3325.00</gpxdata:distance>
     <gpxdata:speed>2.667</gpxdata:speed>
    </extensions>
   </trkpt>
   <trkpt lat="48.4171978" lon="9.9842459">
    <ele>594</ele>
    <time>2026-06-15T06:14:16Z</time>
    <extensions>
     <gpxdata:distance>3327.50</gpxdata:distance>
     <gpxdata:speed>2.650</gpxdata:speed>
    </extensions>
   </trkpt>
   <trkpt lat="48.4171793" lon="9.9842663">
    <ele>594</ele>
    <time>2026-06-15T06:14:17Z</time>
    <extensions>
     <gpxdata:distance>3330.00</gpxdata:distance>
     <gpxdata:speed>2.614</gpxdata:speed>
    </extensions>
   </trkpt>
   <trkpt lat="48.4171622" lon="9.9842881">
    <ele>594</ele>
    <time>2026-06-15T06:14:18Z</time>
    <extensions>
     <gpxdata:distance>3332.50</gpxdata:distance>
     <gpxdata:speed>2.553</gpxdata:speed>
    </extensions>
   </trkpt>
   <trkpt lat="48.4171455" lon="9.9843100">
    <ele>595</ele>
    <time>2026-06-15T06:14:19Z</time>
    <extensions>
     <gpxdata:distance>3335.00</gpxdata:distance>
     <gpxdata:speed>2.511</gpxdata:speed>
    </extensions>
   </trkpt>
   <trkpt lat="48.4171286" lon="9.9843318">
    <ele>595</ele>
    <time>2026-06-15T06:14:20Z</time>
    <extensions>
     <gpxdata:distance>3337.50</gpxdata:distance>
     <gpxdata:speed>2.500</gpxdata:speed>
    </extensions>
   </trkpt>
   <trkpt lat="48.4171109" lon="9.9843530">
    <ele>595</ele>
    <time>2026-06-15T06:14:21Z</time>
    <extensions>
     <gpxdata:distance>3340.00</gpxdata:distance>
     <gpxdata:speed>2.519</gpxdata:speed>
    </extensions>
   </trkpt>
   <trkpt lat="48.4170922" lon="9.9843744">
    <ele>595</ele>
    <time>2026-06-15T06:14:22Z</time>
    <extensions>
     <gpxdata:distance>3342.50</gpxdata:distance>
     <gpxdata:speed>2.589</gpxdata:speed>
    </extensions>
   </trkpt>
   <trkpt lat="48.4170734" lon="9.9843950">
    <ele>595</ele>
    <time>2026-06-15T06:14:23Z</time>
    <extensions>
     <gpxdata:distance>3345.00</gpxdata:distance>
     <gpxdata:speed>2.575</gpxdata:speed>
    </extensions>
   </trkpt>
   <trkpt lat="48.4170549" lon="9.9844137">
    <ele>595</ele>
    <time>2026-06-15T06:14:24Z</time>
    <extensions>
     <gpxdata:distance>3347.50</gpxdata:distance>
     <gpxdata:speed>2.489</gpxdata:speed>
    </extensions>
   </trkpt>
   <trkpt lat="48.4170366" lon="9.9844314">
    <ele>595</ele>
    <time>2026-06-15T06:14:25Z</time>
    <extensions>
     <gpxdata:distance>3350.00</gpxdata:distance>
     <gpxdata:speed>2.453</gpxdata:speed>
    </extensions>
   </trkpt>
   <trkpt lat="48.4170180" lon="9.9844477">
    <ele>595</ele>
    <time>2026-06-15T06:14:26Z</time>
    <extensions>
     <gpxdata:distance>3352.50</gpxdata:distance>
     <gpxdata:speed>2.411</gpxdata:speed>
    </extensions>
   </trkpt>
   <trkpt lat="48.4169990" lon="9.9844638">
    <ele>595</ele>
    <time>2026-06-15T06:14:27Z</time>
    <extensions>
     <gpxdata:distance>3355.00</gpxdata:distance>
     <gpxdata:speed>2.433</gpxdata:speed>
    </extensions>
   </trkpt>
   <trkpt lat="48.4169797" lon="9.9844799">
    <ele>595</ele>
    <time>2026-06-15T06:14:28Z</time>
    <extensions>
     <gpxdata:distance>3357.50</gpxdata:distance>
     <gpxdata:speed>2.439</gpxdata:speed>
    </extensions>
   </trkpt>
   <trkpt lat="48.4169600" lon="9.9844963">
    <ele>596</ele>
    <time>2026-06-15T06:14:29Z</time>
    <extensions>
     <gpxdata:distance>3360.00</gpxdata:distance>
     <gpxdata:speed>2.486</gpxdata:speed>
    </extensions>
   </trkpt>
   <trkpt lat="48.4169394" lon="9.9845139">
    <ele>596</ele>
    <time>2026-06-15T06:14:30Z</time>
    <extensions>
     <gpxdata:distance>3363.00</gpxdata:distance>
     <gpxdata:speed>2.581</gpxdata:speed>
    </extensions>
   </trkpt>
   <trkpt lat="48.4169178" lon="9.9845311">
    <ele>596</ele>
    <time>2026-06-15T06:14:31Z</time>
    <extensions>
     <gpxdata:distance>3366.00</gpxdata:distance>
     <gpxdata:speed>2.664</gpxdata:speed>
    </extensions>
   </trkpt>
   <trkpt lat="48.4168948" lon="9.9845483">
    <ele>596</ele>
    <time>2026-06-15T06:14:32Z</time>
    <extensions>
     <gpxdata:distance>3369.00</gpxdata:distance>
     <gpxdata:speed>2.794</gpxdata:speed>
    </extensions>
   </trkpt>
   <trkpt lat="48.4168707" lon="9.9845638">
    <ele>596</ele>
    <time>2026-06-15T06:14:33Z</time>
    <extensions>
     <gpxdata:distance>3372.00</gpxdata:distance>
     <gpxdata:speed>2.861</gpxdata:speed>
    </extensions>
   </trkpt>
   <trkpt lat="48.4168445" lon="9.9845785">
    <ele>596</ele>
    <time>2026-06-15T06:14:34Z</time>
    <extensions>
     <gpxdata:distance>3375.50</gpxdata:distance>
     <gpxdata:speed>3.033</gpxdata:speed>
    </extensions>
   </trkpt>
   <trkpt lat="48.4167997" lon="9.9846010">
    <ele>596</ele>
    <time>2026-06-15T06:14:35Z</time>
    <extensions>
     <gpxdata:distance>3379.00</gpxdata:distance>
     <gpxdata:speed>3.158</gpxdata:speed>
    </extensions>
   </trkpt>
   <trkpt lat="48.4167670" lon="9.9846160">
    <ele>596</ele>
    <time>2026-06-15T06:14:36Z</time>
    <extensions>
     <gpxdata:distance>3382.50</gpxdata:distance>
     <gpxdata:speed>3.331</gpxdata:speed>
    </extensions>
   </trkpt>
   <trkpt lat="48.4167346" lon="9.9846309">
    <ele>596</ele>
    <time>2026-06-15T06:14:37Z</time>
    <extensions>
     <gpxdata:distance>3386.00</gpxdata:distance>
     <gpxdata:speed>3.717</gpxdata:speed>
    </extensions>
   </trkpt>
   <trkpt lat="48.4167002" lon="9.9846460">
    <ele>596</ele>
    <time>2026-06-15T06:14:38Z</time>
    <extensions>
     <gpxdata:distance>3390.50</gpxdata:distance>
     <gpxdata:speed>3.989</gpxdata:speed>
    </extensions>
   </trkpt>
   <trkpt lat="48.4166643" lon="9.9846611">
    <ele>596</ele>
    <time>2026-06-15T06:14:39Z</time>
    <extensions>
     <gpxdata:distance>3395.00</gpxdata:distance>
     <gpxdata:speed>4.133</gpxdata:speed>
    </extensions>
   </trkpt>
   <trkpt lat="48.4166271" lon="9.9846756">
    <ele>597</ele>
    <time>2026-06-15T06:14:40Z</time>
    <extensions>
     <gpxdata:distance>3399.00</gpxdata:distance>
     <gpxdata:speed>4.250</gpxdata:speed>
    </extensions>
   </trkpt>
   <trkpt lat="48.4165896" lon="9.9846890">
    <ele>597</ele>
    <time>2026-06-15T06:14:41Z</time>
    <extensions>
     <gpxdata:distance>3403.00</gpxdata:distance>
     <gpxdata:speed>4.247</gpxdata:speed>
    </extensions>
   </trkpt>
   <trkpt lat="48.4165518" lon="9.9847014">
    <ele>597</ele>
    <time>2026-06-15T06:14:42Z</time>
    <extensions>
     <gpxdata:distance>3407.50</gpxdata:distance>
     <gpxdata:speed>4.283</gpxdata:speed>
    </extensions>
   </trkpt>
   <trkpt lat="48.4165131" lon="9.9847134">
    <ele>597</ele>
    <time>2026-06-15T06:14:43Z</time>
    <extensions>
     <gpxdata:distance>3412.00</gpxdata:distance>
     <gpxdata:speed>4.400</gpxdata:speed>
    </extensions>
   </trkpt>
   <trkpt lat="48.4164733" lon="9.9847263">
    <ele>597</ele>
    <time>2026-06-15T06:14:44Z</time>
    <extensions>
     <gpxdata:distance>3417.00</gpxdata:distance>
     <gpxdata:speed>4.544</gpxdata:speed>
    </extensions>
   </trkpt>
   <trkpt lat="48.4164322" lon="9.9847407">
    <ele>597</ele>
    <time>2026-06-15T06:14:45Z</time>
    <extensions>
     <gpxdata:distance>3422.00</gpxdata:distance>
     <gpxdata:speed>4.706</gpxdata:speed>
    </extensions>
   </trkpt>
   <trkpt lat="48.4163901" lon="9.9847566">
    <ele>597</ele>
    <time>2026-06-15T06:14:46Z</time>
    <extensions>
     <gpxdata:distance>3427.00</gpxdata:distance>
     <gpxdata:speed>4.825</gpxdata:speed>
    </extensions>
   </trkpt>
   <trkpt lat="48.4163477" lon="9.9847729">
    <ele>596</ele>
    <time>2026-06-15T06:14:47Z</time>
    <extensions>
     <gpxdata:distance>3432.00</gpxdata:distance>
     <gpxdata:speed>4.847</gpxdata:speed>
    </extensions>
   </trkpt>
   <trkpt lat="48.4163052" lon="9.9847885">
    <ele>596</ele>
    <time>2026-06-15T06:14:48Z</time>
    <extensions>
     <gpxdata:distance>3436.50</gpxdata:distance>
     <gpxdata:speed>4.861</gpxdata:speed>
    </extensions>
   </trkpt>
   <trkpt lat="48.4162631" lon="9.9848041">
    <ele>596</ele>
    <time>2026-06-15T06:14:49Z</time>
    <extensions>
     <gpxdata:distance>3441.00</gpxdata:distance>
     <gpxdata:speed>4.847</gpxdata:speed>
    </extensions>
   </trkpt>
   <trkpt lat="48.4162208" lon="9.9848204">
    <ele>596</ele>
    <time>2026-06-15T06:14:50Z</time>
    <extensions>
     <gpxdata:distance>3446.00</gpxdata:distance>
     <gpxdata:speed>4.872</gpxdata:speed>
    </extensions>
   </trkpt>
   <trkpt lat="48.4161783" lon="9.9848368">
    <ele>596</ele>
    <time>2026-06-15T06:14:51Z</time>
    <extensions>
     <gpxdata:distance>3451.00</gpxdata:distance>
     <gpxdata:speed>4.892</gpxdata:speed>
    </extensions>
   </trkpt>
   <trkpt lat="48.4161354" lon="9.9848539">
    <ele>596</ele>
    <time>2026-06-15T06:14:52Z</time>
    <extensions>
     <gpxdata:distance>3456.00</gpxdata:distance>
     <gpxdata:speed>4.944</gpxdata:speed>
    </extensions>
   </trkpt>
   <trkpt lat="48.4160924" lon="9.9848708">
    <ele>596</ele>
    <time>2026-06-15T06:14:53Z</time>
    <extensions>
     <gpxdata:distance>3461.00</gpxdata:distance>
     <gpxdata:speed>4.953</gpxdata:speed>
    </extensions>
   </trkpt>
   <trkpt lat="48.4160506" lon="9.9848853">
    <ele>596</ele>
    <time>2026-06-15T06:14:54Z</time>
    <extensions>
     <gpxdata:distance>3465.50</gpxdata:distance>
     <gpxdata:speed>4.847</gpxdata:speed>
    </extensions>
   </trkpt>
   <trkpt lat="48.4160095" lon="9.9848981">
    <ele>596</ele>
    <time>2026-06-15T06:14:55Z</time>
    <extensions>
     <gpxdata:distance>3470.00</gpxdata:distance>
     <gpxdata:speed>4.778</gpxdata:speed>
    </extensions>
   </trkpt>
   <trkpt lat="48.4159685" lon="9.9849120">
    <ele>596</ele>
    <time>2026-06-15T06:14:56Z</time>
    <extensions>
     <gpxdata:distance>3474.50</gpxdata:distance>
     <gpxdata:speed>4.744</gpxdata:speed>
    </extensions>
   </trkpt>
   <trkpt lat="48.4159289" lon="9.9849280">
    <ele>596</ele>
    <time>2026-06-15T06:14:57Z</time>
    <extensions>
     <gpxdata:distance>3479.00</gpxdata:distance>
     <gpxdata:speed>4.672</gpxdata:speed>
    </extensions>
   </trkpt>
   <trkpt lat="48.4158896" lon="9.9849461">
    <ele>596</ele>
    <time>2026-06-15T06:14:58Z</time>
    <extensions>
     <gpxdata:distance>3484.00</gpxdata:distance>
     <gpxdata:speed>4.642</gpxdata:speed>
    </extensions>
   </trkpt>
   <trkpt lat="48.4158498" lon="9.9849653">
    <ele>596</ele>
    <time>2026-06-15T06:14:59Z</time>
    <extensions>
     <gpxdata:distance>3489.00</gpxdata:distance>
     <gpxdata:speed>4.664</gpxdata:speed>
    </extensions>
   </trkpt>
   <trkpt lat="48.4158091" lon="9.9849829">
    <ele>596</ele>
    <time>2026-06-15T06:15:00Z</time>
    <extensions>
     <gpxdata:distance>3493.50</gpxdata:distance>
     <gpxdata:speed>4.694</gpxdata:speed>
    </extensions>
   </trkpt>
   <trkpt lat="48.4157677" lon="9.9849985">
    <ele>595</ele>
    <time>2026-06-15T06:15:01Z</time>
    <extensions>
     <gpxdata:distance>3498.00</gpxdata:distance>
     <gpxdata:speed>4.717</gpxdata:speed>
    </extensions>
   </trkpt>
   <trkpt lat="48.4157263" lon="9.9850123">
    <ele>595</ele>
    <time>2026-06-15T06:15:02Z</time>
    <extensions>
     <gpxdata:distance>3503.00</gpxdata:distance>
     <gpxdata:speed>4.706</gpxdata:speed>
    </extensions>
   </trkpt>
   <trkpt lat="48.4156846" lon="9.9850266">
    <ele>595</ele>
    <time>2026-06-15T06:15:03Z</time>
    <extensions>
     <gpxdata:distance>3508.00</gpxdata:distance>
     <gpxdata:speed>4.736</gpxdata:speed>
    </extensions>
   </trkpt>
   <trkpt lat="48.4156427" lon="9.9850410">
    <ele>595</ele>
    <time>2026-06-15T06:15:04Z</time>
    <extensions>
     <gpxdata:distance>3512.50</gpxdata:distance>
     <gpxdata:speed>4.750</gpxdata:speed>
    </extensions>
   </trkpt>
   <trkpt lat="48.4156006" lon="9.9850550">
    <ele>595</ele>
    <time>2026-06-15T06:15:05Z</time>
    <extensions>
     <gpxdata:distance>3517.00</gpxdata:distance>
     <gpxdata:speed>4.772</gpxdata:speed>
    </extensions>
   </trkpt>
   <trkpt lat="48.4155586" lon="9.9850675">
    <ele>595</ele>
    <time>2026-06-15T06:15:06Z</time>
    <extensions>
     <gpxdata:distance>3522.00</gpxdata:distance>
     <gpxdata:speed>4.758</gpxdata:speed>
    </extensions>
   </trkpt>
   <trkpt lat="48.4155167" lon="9.9850773">
    <ele>595</ele>
    <time>2026-06-15T06:15:07Z</time>
    <extensions>
     <gpxdata:distance>3527.00</gpxdata:distance>
     <gpxdata:speed>4.742</gpxdata:speed>
    </extensions>
   </trkpt>
   <trkpt lat="48.4154736" lon="9.9850854">
    <ele>595</ele>
    <time>2026-06-15T06:15:08Z</time>
    <extensions>
     <gpxdata:distance>3532.00</gpxdata:distance>
     <gpxdata:speed>4.794</gpxdata:speed>
    </extensions>
   </trkpt>
   <trkpt lat="48.4154297" lon="9.9850908">
    <ele>595</ele>
    <time>2026-06-15T06:15:09Z</time>
    <extensions>
     <gpxdata:distance>3537.00</gpxdata:distance>
     <gpxdata:speed>4.842</gpxdata:speed>
    </extensions>
   </trkpt>
   <trkpt lat="48.4153854" lon="9.9850912">
    <ele>595</ele>
    <time>2026-06-15T06:15:10Z</time>
    <extensions>
     <gpxdata:distance>3542.00</gpxdata:distance>
     <gpxdata:speed>4.883</gpxdata:speed>
    </extensions>
   </trkpt>
   <trkpt lat="48.4153409" lon="9.9850853">
    <ele>595</ele>
    <time>2026-06-15T06:15:11Z</time>
    <extensions>
     <gpxdata:distance>3547.00</gpxdata:distance>
     <gpxdata:speed>4.928</gpxdata:speed>
    </extensions>
   </trkpt>
   <trkpt lat="48.4152964" lon="9.9850740">
    <ele>595</ele>
    <time>2026-06-15T06:15:12Z</time>
    <extensions>
     <gpxdata:distance>3552.00</gpxdata:distance>
     <gpxdata:speed>4.975</gpxdata:speed>
    </extensions>
   </trkpt>
   <trkpt lat="48.4152524" lon="9.9850576">
    <ele>595</ele>
    <time>2026-06-15T06:15:13Z</time>
    <extensions>
     <gpxdata:distance>3557.00</gpxdata:distance>
     <gpxdata:speed>5.006</gpxdata:speed>
    </extensions>
   </trkpt>
   <trkpt lat="48.4152091" lon="9.9850365">
    <ele>595</ele>
    <time>2026-06-15T06:15:14Z</time>
    <extensions>
     <gpxdata:distance>3562.00</gpxdata:distance>
     <gpxdata:speed>5.031</gpxdata:speed>
    </extensions>
   </trkpt>
   <trkpt lat="48.4151660" lon="9.9850125">
    <ele>595</ele>
    <time>2026-06-15T06:15:15Z</time>
    <extensions>
     <gpxdata:distance>3567.00</gpxdata:distance>
     <gpxdata:speed>5.067</gpxdata:speed>
    </extensions>
   </trkpt>
   <trkpt lat="48.4151223" lon="9.9849890">
    <ele>595</ele>
    <time>2026-06-15T06:15:16Z</time>
    <extensions>
     <gpxdata:distance>3572.00</gpxdata:distance>
     <gpxdata:speed>5.114</gpxdata:speed>
    </extensions>
   </trkpt>
   <trkpt lat="48.4150776" lon="9.9849687">
    <ele>595</ele>
    <time>2026-06-15T06:15:17Z</time>
    <extensions>
     <gpxdata:distance>3577.00</gpxdata:distance>
     <gpxdata:speed>5.158</gpxdata:speed>
    </extensions>
   </trkpt>
   <trkpt lat="48.4150317" lon="9.9849511">
    <ele>595</ele>
    <time>2026-06-15T06:15:18Z</time>
    <extensions>
     <gpxdata:distance>3582.50</gpxdata:distance>
     <gpxdata:speed>5.222</gpxdata:speed>
    </extensions>
   </trkpt>
   <trkpt lat="48.4149848" lon="9.9849342">
    <ele>595</ele>
    <time>2026-06-15T06:15:19Z</time>
    <extensions>
     <gpxdata:distance>3588.00</gpxdata:distance>
     <gpxdata:speed>5.322</gpxdata:speed>
    </extensions>
   </trkpt>
   <trkpt lat="48.4149374" lon="9.9849164">
    <ele>595</ele>
    <time>2026-06-15T06:15:20Z</time>
    <extensions>
     <gpxdata:distance>3593.50</gpxdata:distance>
     <gpxdata:speed>5.406</gpxdata:speed>
    </extensions>
   </trkpt>
   <trkpt lat="48.4148897" lon="9.9848965">
    <ele>595</ele>
    <time>2026-06-15T06:15:21Z</time>
    <extensions>
     <gpxdata:distance>3599.00</gpxdata:distance>
     <gpxdata:speed>5.492</gpxdata:speed>
    </extensions>
   </trkpt>
   <trkpt lat="48.4148419" lon="9.9848746">
    <ele>595</ele>
    <time>2026-06-15T06:15:22Z</time>
    <extensions>
     <gpxdata:distance>3605.00</gpxdata:distance>
     <gpxdata:speed>5.547</gpxdata:speed>
    </extensions>
   </trkpt>
   <trkpt lat="48.4147940" lon="9.9848512">
    <ele>595</ele>
    <time>2026-06-15T06:15:23Z</time>
    <extensions>
     <gpxdata:distance>3611.00</gpxdata:distance>
     <gpxdata:speed>5.597</gpxdata:speed>
    </extensions>
   </trkpt>
   <trkpt lat="48.4147459" lon="9.9848279">
    <ele>595</ele>
    <time>2026-06-15T06:15:24Z</time>
    <extensions>
     <gpxdata:distance>3616.50</gpxdata:distance>
     <gpxdata:speed>5.606</gpxdata:speed>
    </extensions>
   </trkpt>
   <trkpt lat="48.4146975" lon="9.9848063">
    <ele>595</ele>
    <time>2026-06-15T06:15:25Z</time>
    <extensions>
     <gpxdata:distance>3622.00</gpxdata:distance>
     <gpxdata:speed>5.619</gpxdata:speed>
    </extensions>
   </trkpt>
   <trkpt lat="48.4146490" lon="9.9847858">
    <ele>595</ele>
    <time>2026-06-15T06:15:26Z</time>
    <extensions>
     <gpxdata:distance>3627.50</gpxdata:distance>
     <gpxdata:speed>5.608</gpxdata:speed>
    </extensions>
   </trkpt>
   <trkpt lat="48.4146008" lon="9.9847658">
    <ele>594</ele>
    <time>2026-06-15T06:15:27Z</time>
    <extensions>
     <gpxdata:distance>3633.00</gpxdata:distance>
     <gpxdata:speed>5.589</gpxdata:speed>
    </extensions>
   </trkpt>
   <trkpt lat="48.4145527" lon="9.9847463">
    <ele>594</ele>
    <time>2026-06-15T06:15:28Z</time>
    <extensions>
     <gpxdata:distance>3638.50</gpxdata:distance>
     <gpxdata:speed>5.572</gpxdata:speed>
    </extensions>
   </trkpt>
   <trkpt lat="48.4145051" lon="9.9847277">
    <ele>594</ele>
    <time>2026-06-15T06:15:29Z</time>
    <extensions>
     <gpxdata:distance>3644.00</gpxdata:distance>
     <gpxdata:speed>5.531</gpxdata:speed>
    </extensions>
   </trkpt>
   <trkpt lat="48.4144576" lon="9.9847105">
    <ele>594</ele>
    <time>2026-06-15T06:15:30Z</time>
    <extensions>
     <gpxdata:distance>3649.50</gpxdata:distance>
     <gpxdata:speed>5.492</gpxdata:speed>
    </extensions>
   </trkpt>
   <trkpt lat="48.4144103" lon="9.9846941">
    <ele>594</ele>
    <time>2026-06-15T06:15:31Z</time>
    <extensions>
     <gpxdata:distance>3655.00</gpxdata:distance>
     <gpxdata:speed>5.456</gpxdata:speed>
    </extensions>
   </trkpt>
   <trkpt lat="48.4143631" lon="9.9846779">
    <ele>594</ele>
    <time>2026-06-15T06:15:32Z</time>
    <extensions>
     <gpxdata:distance>3660.00</gpxdata:distance>
     <gpxdata:speed>5.436</gpxdata:speed>
    </extensions>
   </trkpt>
   <trkpt lat="48.4143162" lon="9.9846622">
    <ele>594</ele>
    <time>2026-06-15T06:15:33Z</time>
    <extensions>
     <gpxdata:distance>3665.00</gpxdata:distance>
     <gpxdata:speed>5.392</gpxdata:speed>
    </extensions>
   </trkpt>
   <trkpt lat="48.4142694" lon="9.9846465">
    <ele>594</ele>
    <time>2026-06-15T06:15:34Z</time>
    <extensions>
     <gpxdata:distance>3670.50</gpxdata:distance>
     <gpxdata:speed>5.369</gpxdata:speed>
    </extensions>
   </trkpt>
   <trkpt lat="48.4142222" lon="9.9846307">
    <ele>594</ele>
    <time>2026-06-15T06:15:35Z</time>
    <extensions>
     <gpxdata:distance>3676.00</gpxdata:distance>
     <gpxdata:speed>5.386</gpxdata:speed>
    </extensions>
   </trkpt>
   <trkpt lat="48.4141746" lon="9.9846146">
    <ele>594</ele>
    <time>2026-06-15T06:15:36Z</time>
    <extensions>
     <gpxdata:distance>3681.50</gpxdata:distance>
     <gpxdata:speed>5.406</gpxdata:speed>
    </extensions>
   </trkpt>
   <trkpt lat="48.4141276" lon="9.9845977">
    <ele>594</ele>
    <time>2026-06-15T06:15:37Z</time>
    <extensions>
     <gpxdata:distance>3687.00</gpxdata:distance>
     <gpxdata:speed>5.383</gpxdata:speed>
    </extensions>
   </trkpt>
   <trkpt lat="48.4140811" lon="9.9845813">
    <ele>594</ele>
    <time>2026-06-15T06:15:38Z</time>
    <extensions>
     <gpxdata:distance>3692.00</gpxdata:distance>
     <gpxdata:speed>5.350</gpxdata:speed>
    </extensions>
   </trkpt>
   <trkpt lat="48.4140353" lon="9.9845644">
    <ele>594</ele>
    <time>2026-06-15T06:15:39Z</time>
    <extensions>
     <gpxdata:distance>3697.00</gpxdata:distance>
     <gpxdata:speed>5.306</gpxdata:speed>
    </extensions>
   </trkpt>
   <trkpt lat="48.4139900" lon="9.9845466">
    <ele>594</ele>
    <time>2026-06-15T06:15:40Z</time>
    <extensions>
     <gpxdata:distance>3702.50</gpxdata:distance>
     <gpxdata:speed>5.272</gpxdata:speed>
    </extensions>
   </trkpt>
   <trkpt lat="48.4139445" lon="9.9845292">
    <ele>595</ele>
    <time>2026-06-15T06:15:41Z</time>
    <extensions>
     <gpxdata:distance>3708.00</gpxdata:distance>
     <gpxdata:speed>5.258</gpxdata:speed>
    </extensions>
   </trkpt>
   <trkpt lat="48.4138988" lon="9.9845130">
    <ele>595</ele>
    <time>2026-06-15T06:15:42Z</time>
    <extensions>
     <gpxdata:distance>3713.00</gpxdata:distance>
     <gpxdata:speed>5.253</gpxdata:speed>
    </extensions>
   </trkpt>
   <trkpt lat="48.4138532" lon="9.9844972">
    <ele>595</ele>
    <time>2026-06-15T06:15:43Z</time>
    <extensions>
     <gpxdata:distance>3718.00</gpxdata:distance>
     <gpxdata:speed>5.231</gpxdata:speed>
    </extensions>
   </trkpt>
   <trkpt lat="48.4138073" lon="9.9844812">
    <ele>595</ele>
    <time>2026-06-15T06:15:44Z</time>
    <extensions>
     <gpxdata:distance>3723.50</gpxdata:distance>
     <gpxdata:speed>5.239</gpxdata:speed>
    </extensions>
   </trkpt>
   <trkpt lat="48.4137613" lon="9.9844648">
    <ele>595</ele>
    <time>2026-06-15T06:15:45Z</time>
    <extensions>
     <gpxdata:distance>3729.00</gpxdata:distance>
     <gpxdata:speed>5.247</gpxdata:speed>
    </extensions>
   </trkpt>
   <trkpt lat="48.4137149" lon="9.9844491">
    <ele>595</ele>
    <time>2026-06-15T06:15:46Z</time>
    <extensions>
     <gpxdata:distance>3734.00</gpxdata:distance>
     <gpxdata:speed>5.267</gpxdata:speed>
    </extensions>
   </trkpt>
   <trkpt lat="48.4136686" lon="9.9844343">
    <ele>595</ele>
    <time>2026-06-15T06:15:47Z</time>
    <extensions>
     <gpxdata:distance>3739.00</gpxdata:distance>
     <gpxdata:speed>5.264</gpxdata:speed>
    </extensions>
   </trkpt>
   <trkpt lat="48.4136225" lon="9.9844195">
    <ele>595</ele>
    <time>2026-06-15T06:15:48Z</time>
    <extensions>
     <gpxdata:distance>3744.50</gpxdata:distance>
     <gpxdata:speed>5.256</gpxdata:speed>
    </extensions>
   </trkpt>
   <trkpt lat="48.4135763" lon="9.9844040">
    <ele>595</ele>
    <time>2026-06-15T06:15:49Z</time>
    <extensions>
     <gpxdata:distance>3750.00</gpxdata:distance>
     <gpxdata:speed>5.264</gpxdata:speed>
    </extensions>
   </trkpt>
   <trkpt lat="48.4135299" lon="9.9843879">
    <ele>595</ele>
    <time>2026-06-15T06:15:50Z</time>
    <extensions>
     <gpxdata:distance>3755.00</gpxdata:distance>
     <gpxdata:speed>5.278</gpxdata:speed>
    </extensions>
   </trkpt>
   <trkpt lat="48.4134836" lon="9.9843711">
    <ele>595</ele>
    <time>2026-06-15T06:15:51Z</time>
    <extensions>
     <gpxdata:distance>3760.00</gpxdata:distance>
     <gpxdata:speed>5.289</gpxdata:speed>
    </extensions>
   </trkpt>
   <trkpt lat="48.4134372" lon="9.9843534">
    <ele>595</ele>
    <time>2026-06-15T06:15:52Z</time>
    <extensions>
     <gpxdata:distance>3765.50</gpxdata:distance>
     <gpxdata:speed>5.303</gpxdata:speed>
    </extensions>
   </trkpt>
   <trkpt lat="48.4133910" lon="9.9843351">
    <ele>595</ele>
    <time>2026-06-15T06:15:53Z</time>
    <extensions>
     <gpxdata:distance>3771.00</gpxdata:distance>
     <gpxdata:speed>5.308</gpxdata:speed>
    </extensions>
   </trkpt>
   <trkpt lat="48.4133446" lon="9.9843163">
    <ele>595</ele>
    <time>2026-06-15T06:15:54Z</time>
    <extensions>
     <gpxdata:distance>3776.50</gpxdata:distance>
     <gpxdata:speed>5.325</gpxdata:speed>
    </extensions>
   </trkpt>
   <trkpt lat="48.4132982" lon="9.9842981">
    <ele>595</ele>
    <time>2026-06-15T06:15:55Z</time>
    <extensions>
     <gpxdata:distance>3782.00</gpxdata:distance>
     <gpxdata:speed>5.328</gpxdata:speed>
    </extensions>
   </trkpt>
   <trkpt lat="48.4132520" lon="9.9842810">
    <ele>595</ele>
    <time>2026-06-15T06:15:56Z</time>
    <extensions>
     <gpxdata:distance>3787.00</gpxdata:distance>
     <gpxdata:speed>5.311</gpxdata:speed>
    </extensions>
   </trkpt>
   <trkpt lat="48.4132058" lon="9.9842664">
    <ele>595</ele>
    <time>2026-06-15T06:15:57Z</time>
    <extensions>
     <gpxdata:distance>3792.00</gpxdata:distance>
     <gpxdata:speed>5.283</gpxdata:speed>
    </extensions>
   </trkpt>
   <trkpt lat="48.4131599" lon="9.9842567">
    <ele>595</ele>
    <time>2026-06-15T06:15:58Z</time>
    <extensions>
     <gpxdata:distance>3797.00</gpxdata:distance>
     <gpxdata:speed>5.233</gpxdata:speed>
    </extensions>
   </trkpt>
   <trkpt lat="48.4131147" lon="9.9842548">
    <ele>595</ele>
    <time>2026-06-15T06:15:59Z</time>
    <extensions>
     <gpxdata:distance>3802.00</gpxdata:distance>
     <gpxdata:speed>5.167</gpxdata:speed>
    </extensions>
   </trkpt>
   <trkpt lat="48.4130701" lon="9.9842629">
    <ele>595</ele>
    <time>2026-06-15T06:16:00Z</time>
    <extensions>
     <gpxdata:distance>3807.00</gpxdata:distance>
     <gpxdata:speed>5.131</gpxdata:speed>
    </extensions>
   </trkpt>
   <trkpt lat="48.4130267" lon="9.9842811">
    <ele>595</ele>
    <time>2026-06-15T06:16:01Z</time>
    <extensions>
     <gpxdata:distance>3812.00</gpxdata:distance>
     <gpxdata:speed>5.114</gpxdata:speed>
    </extensions>
   </trkpt>
   <trkpt lat="48.4129853" lon="9.9843069">
    <ele>595</ele>
    <time>2026-06-15T06:16:02Z</time>
    <extensions>
     <gpxdata:distance>3817.00</gpxdata:distance>
     <gpxdata:speed>5.072</gpxdata:speed>
    </extensions>
   </trkpt>
   <trkpt lat="48.4129456" lon="9.9843368">
    <ele>595</ele>
    <time>2026-06-15T06:16:03Z</time>
    <extensions>
     <gpxdata:distance>3822.00</gpxdata:distance>
     <gpxdata:speed>5.011</gpxdata:speed>
    </extensions>
   </trkpt>
   <trkpt lat="48.4129070" lon="9.9843672">
    <ele>595</ele>
    <time>2026-06-15T06:16:04Z</time>
    <extensions>
     <gpxdata:distance>3826.50</gpxdata:distance>
     <gpxdata:speed>4.931</gpxdata:speed>
    </extensions>
   </trkpt>
   <trkpt lat="48.4128689" lon="9.9843952">
    <ele>595</ele>
    <time>2026-06-15T06:16:05Z</time>
    <extensions>
     <gpxdata:distance>3831.00</gpxdata:distance>
     <gpxdata:speed>4.831</gpxdata:speed>
    </extensions>
   </trkpt>
   <trkpt lat="48.4128310" lon="9.9844195">
    <ele>595</ele>
    <time>2026-06-15T06:16:06Z</time>
    <extensions>
     <gpxdata:distance>3835.50</gpxdata:distance>
     <gpxdata:speed>4.683</gpxdata:speed>
    </extensions>
   </trkpt>
   <trkpt lat="48.4127936" lon="9.9844392">
    <ele>595</ele>
    <time>2026-06-15T06:16:07Z</time>
    <extensions>
     <gpxdata:distance>3840.00</gpxdata:distance>
     <gpxdata:speed>4.458</gpxdata:speed>
    </extensions>
   </trkpt>
   <trkpt lat="48.4127568" lon="9.9844552">
    <ele>595</ele>
    <time>2026-06-15T06:16:08Z</time>
    <extensions>
     <gpxdata:distance>3844.00</gpxdata:distance>
     <gpxdata:speed>4.289</gpxdata:speed>
    </extensions>
   </trkpt>
   <trkpt lat="48.4127215" lon="9.9844679">
    <ele>595</ele>
    <time>2026-06-15T06:16:09Z</time>
    <extensions>
     <gpxdata:distance>3848.00</gpxdata:distance>
     <gpxdata:speed>4.028</gpxdata:speed>
    </extensions>
   </trkpt>
   <trkpt lat="48.4126876" lon="9.9844769">
    <ele>595</ele>
    <time>2026-06-15T06:16:10Z</time>
    <extensions>
     <gpxdata:distance>3851.50</gpxdata:distance>
     <gpxdata:speed>3.825</gpxdata:speed>
    </extensions>
   </trkpt>
   <trkpt lat="48.4126553" lon="9.9844807">
    <ele>596</ele>
    <time>2026-06-15T06:16:11Z</time>
    <extensions>
     <gpxdata:distance>3855.00</gpxdata:distance>
     <gpxdata:speed>3.631</gpxdata:speed>
    </extensions>
   </trkpt>
   <trkpt lat="48.4126238" lon="9.9844802">
    <ele>596</ele>
    <time>2026-06-15T06:16:12Z</time>
    <extensions>
     <gpxdata:distance>3858.50</gpxdata:distance>
     <gpxdata:speed>3.556</gpxdata:speed>
    </extensions>
   </trkpt>
   <trkpt lat="48.4125922" lon="9.9844773">
    <ele>596</ele>
    <time>2026-06-15T06:16:13Z</time>
    <extensions>
     <gpxdata:distance>3862.00</gpxdata:distance>
     <gpxdata:speed>3.561</gpxdata:speed>
    </extensions>
   </trkpt>
   <trkpt lat="48.4125605" lon="9.9844729">
    <ele>596</ele>
    <time>2026-06-15T06:16:14Z</time>
    <extensions>
     <gpxdata:distance>3865.50</gpxdata:distance>
     <gpxdata:speed>3.564</gpxdata:speed>
    </extensions>
   </trkpt>
   <trkpt lat="48.4125285" lon="9.9844669">
    <ele>596</ele>
    <time>2026-06-15T06:16:15Z</time>
    <extensions>
     <gpxdata:distance>3869.00</gpxdata:distance>
     <gpxdata:speed>3.569</gpxdata:speed>
    </extensions>
   </trkpt>
   <trkpt lat="48.4124953" lon="9.9844592">
    <ele>596</ele>
    <time>2026-06-15T06:16:16Z</time>
    <extensions>
     <gpxdata:distance>3873.00</gpxdata:distance>
     <gpxdata:speed>3.653</gpxdata:speed>
    </extensions>
   </trkpt>
   <trkpt lat="48.4124609" lon="9.9844489">
    <ele>596</ele>
    <time>2026-06-15T06:16:17Z</time>
    <extensions>
     <gpxdata:distance>3877.00</gpxdata:distance>
     <gpxdata:speed>3.764</gpxdata:speed>
    </extensions>
   </trkpt>
   <trkpt lat="48.4124254" lon="9.9844379">
    <ele>596</ele>
    <time>2026-06-15T06:16:18Z</time>
    <extensions>
     <gpxdata:distance>3881.00</gpxdata:distance>
     <gpxdata:speed>3.872</gpxdata:speed>
    </extensions>
   </trkpt>
   <trkpt lat="48.4123892" lon="9.9844291">
    <ele>596</ele>
    <time>2026-06-15T06:16:19Z</time>
    <extensions>
     <gpxdata:distance>3885.00</gpxdata:distance>
     <gpxdata:speed>3.956</gpxdata:speed>
    </extensions>
   </trkpt>
   <trkpt lat="48.4123531" lon="9.9844240">
    <ele>596</ele>
    <time>2026-06-15T06:16:20Z</time>
    <extensions>
     <gpxdata:distance>3889.00</gpxdata:distance>
     <gpxdata:speed>3.972</gpxdata:speed>
    </extensions>
   </trkpt>
   <trkpt lat="48.4123176" lon="9.9844237">
    <ele>596</ele>
    <time>2026-06-15T06:16:21Z</time>
    <extensions>
     <gpxdata:distance>3893.00</gpxdata:distance>
     <gpxdata:speed>3.967</gpxdata:speed>
    </extensions>
   </trkpt>
   <trkpt lat="48.4122834" lon="9.9844273">
    <ele>596</ele>
    <time>2026-06-15T06:16:22Z</time>
    <extensions>
     <gpxdata:distance>3896.50</gpxdata:distance>
     <gpxdata:speed>3.892</gpxdata:speed>
    </extensions>
   </trkpt>
   <trkpt lat="48.4122513" lon="9.9844329">
    <ele>596</ele>
    <time>2026-06-15T06:16:23Z</time>
    <extensions>
     <gpxdata:distance>3900.00</gpxdata:distance>
     <gpxdata:speed>3.761</gpxdata:speed>
    </extensions>
   </trkpt>
   <trkpt lat="48.4122194" lon="9.9844391">
    <ele>596</ele>
    <time>2026-06-15T06:16:24Z</time>
    <extensions>
     <gpxdata:distance>3904.00</gpxdata:distance>
     <gpxdata:speed>3.700</gpxdata:speed>
    </extensions>
   </trkpt>
   <trkpt lat="48.4121871" lon="9.9844447">
    <ele>596</ele>
    <time>2026-06-15T06:16:25Z</time>
    <extensions>
     <gpxdata:distance>3908.00</gpxdata:distance>
     <gpxdata:speed>3.683</gpxdata:speed>
    </extensions>
   </trkpt>
   <trkpt lat="48.4121538" lon="9.9844489">
    <ele>596</ele>
    <time>2026-06-15T06:16:26Z</time>
    <extensions>
     <gpxdata:distance>3911.50</gpxdata:distance>
     <gpxdata:speed>3.708</gpxdata:speed>
    </extensions>
   </trkpt>
   <trkpt lat="48.4121202" lon="9.9844518">
    <ele>596</ele>
    <time>2026-06-15T06:16:27Z</time>
    <extensions>
     <gpxdata:distance>3915.00</gpxdata:distance>
     <gpxdata:speed>3.725</gpxdata:speed>
    </extensions>
   </trkpt>
   <trkpt lat="48.4120867" lon="9.9844538">
    <ele>596</ele>
    <time>2026-06-15T06:16:28Z</time>
    <extensions>
     <gpxdata:distance>3918.50</gpxdata:distance>
     <gpxdata:speed>3.711</gpxdata:speed>
    </extensions>
   </trkpt>
   <trkpt lat="48.4120538" lon="9.9844537">
    <ele>596</ele>
    <time>2026-06-15T06:16:29Z</time>
    <extensions>
     <gpxdata:distance>3922.00</gpxdata:distance>
     <gpxdata:speed>3.672</gpxdata:speed>
    </extensions>
   </trkpt>
   <trkpt lat="48.4120219" lon="9.9844505">
    <ele>596</ele>
    <time>2026-06-15T06:16:30Z</time>
    <extensions>
     <gpxdata:distance>3925.50</gpxdata:distance>
     <gpxdata:speed>3.611</gpxdata:speed>
    </extensions>
   </trkpt>
   <trkpt lat="48.4119902" lon="9.9844455">
    <ele>596</ele>
    <time>2026-06-15T06:16:31Z</time>
    <extensions>
     <gpxdata:distance>3929.00</gpxdata:distance>
     <gpxdata:speed>3.592</gpxdata:speed>
    </extensions>
   </trkpt>
   <trkpt lat="48.4119586" lon="9.9844407">
    <ele>596</ele>
    <time>2026-06-15T06:16:32Z</time>
    <extensions>
     <gpxdata:distance>3932.50</gpxdata:distance>
     <gpxdata:speed>3.564</gpxdata:speed>
    </extensions>
   </trkpt>
   <trkpt lat="48.4119273" lon="9.9844390">
    <ele>596</ele>
    <time>2026-06-15T06:16:33Z</time>
    <extensions>
     <gpxdata:distance>3936.00</gpxdata:distance>
     <gpxdata:speed>3.539</gpxdata:speed>
    </extensions>
   </trkpt>
   <trkpt lat="48.4118959" lon="9.9844418">
    <ele>596</ele>
    <time>2026-06-15T06:16:34Z</time>
    <extensions>
     <gpxdata:distance>3939.50</gpxdata:distance>
     <gpxdata:speed>3.544</gpxdata:speed>
    </extensions>
   </trkpt>
   <trkpt lat="48.4118645" lon="9.9844477">
    <ele>596</ele>
    <time>2026-06-15T06:16:35Z</time>
    <extensions>
     <gpxdata:distance>3943.00</gpxdata:distance>
     <gpxdata:speed>3.536</gpxdata:speed>
    </extensions>
   </trkpt>
   <trkpt lat="48.4118335" lon="9.9844554">
    <ele>596</ele>
    <time>2026-06-15T06:16:36Z</time>
    <extensions>
     <gpxdata:distance>3946.50</gpxdata:distance>
     <gpxdata:speed>3.519</gpxdata:speed>
    </extensions>
   </trkpt>
   <trkpt lat="48.4118026" lon="9.9844629">
    <ele>596</ele>
    <time>2026-06-15T06:16:37Z</time>
    <extensions>
     <gpxdata:distance>3950.00</gpxdata:distance>
     <gpxdata:speed>3.506</gpxdata:speed>
    </extensions>
   </trkpt>
   <trkpt lat="48.4117724" lon="9.9844687">
    <ele>596</ele>
    <time>2026-06-15T06:16:38Z</time>
    <extensions>
     <gpxdata:distance>3953.50</gpxdata:distance>
     <gpxdata:speed>3.444</gpxdata:speed>
    </extensions>
   </trkpt>
   <trkpt lat="48.4117425" lon="9.9844732">
    <ele>596</ele>
    <time>2026-06-15T06:16:39Z</time>
    <extensions>
     <gpxdata:distance>3957.00</gpxdata:distance>
     <gpxdata:speed>3.408</gpxdata:speed>
    </extensions>
   </trkpt>
   <trkpt lat="48.4117132" lon="9.9844768">
    <ele>596</ele>
    <time>2026-06-15T06:16:40Z</time>
    <extensions>
     <gpxdata:distance>3960.00</gpxdata:distance>
     <gpxdata:speed>3.350</gpxdata:speed>
    </extensions>
   </trkpt>
   <trkpt lat="48.4116858" lon="9.9844801">
    <ele>596</ele>
    <time>2026-06-15T06:16:41Z</time>
    <extensions>
     <gpxdata:distance>3963.00</gpxdata:distance>
     <gpxdata:speed>3.217</gpxdata:speed>
    </extensions>
   </trkpt>
   <trkpt lat="48.4116594" lon="9.9844818">
    <ele>596</ele>
    <time>2026-06-15T06:16:42Z</time>
    <extensions>
     <gpxdata:distance>3966.00</gpxdata:distance>
     <gpxdata:speed>3.111</gpxdata:speed>
    </extensions>
   </trkpt>
   <trkpt lat="48.4116336" lon="9.9844823">
    <ele>596</ele>
    <time>2026-06-15T06:16:43Z</time>
    <extensions>
     <gpxdata:distance>3969.00</gpxdata:distance>
     <gpxdata:speed>3.019</gpxdata:speed>
    </extensions>
   </trkpt>
   <trkpt lat="48.4116085" lon="9.9844827">
    <ele>597</ele>
    <time>2026-06-15T06:16:44Z</time>
    <extensions>
     <gpxdata:distance>3971.50</gpxdata:distance>
     <gpxdata:speed>2.928</gpxdata:speed>
    </extensions>
   </trkpt>
   <trkpt lat="48.4115945" lon="9.9844833">
    <ele>597</ele>
    <time>2026-06-15T06:16:45Z</time>
    <extensions>
     <gpxdata:distance>3974.00</gpxdata:distance>
     <gpxdata:speed>2.825</gpxdata:speed>
    </extensions>
   </trkpt>
   <trkpt lat="48.4115753" lon="9.9844847">
    <ele>597</ele>
    <time>2026-06-15T06:16:46Z</time>
    <extensions>
     <gpxdata:distance>3976.50</gpxdata:distance>
     <gpxdata:speed>2.694</gpxdata:speed>
    </extensions>
   </trkpt>
   <trkpt lat="48.4115540" lon="9.9844875">
    <ele>597</ele>
    <time>2026-06-15T06:16:47Z</time>
    <extensions>
     <gpxdata:distance>3979.00</gpxdata:distance>
     <gpxdata:speed>2.586</gpxdata:speed>
    </extensions>
   </trkpt>
   <trkpt lat="48.4115329" lon="9.9844920">
    <ele>597</ele>
    <time>2026-06-15T06:16:48Z</time>
    <extensions>
     <gpxdata:distance>3981.00</gpxdata:distance>
     <gpxdata:speed>2.386</gpxdata:speed>
    </extensions>
   </trkpt>
   <trkpt lat="48.4115128" lon="9.9844985">
    <ele>597</ele>
    <time>2026-06-15T06:16:49Z</time>
    <extensions>
     <gpxdata:distance>3983.00</gpxdata:distance>
     <gpxdata:speed>2.250</gpxdata:speed>
    </extensions>
   </trkpt>
   <trkpt lat="48.4114929" lon="9.9845063">
    <ele>597</ele>
    <time>2026-06-15T06:16:50Z</time>
    <extensions>
     <gpxdata:distance>3985.50</gpxdata:distance>
     <gpxdata:speed>2.300</gpxdata:speed>
    </extensions>
   </trkpt>
   <trkpt lat="48.4114721" lon="9.9845126">
    <ele>596</ele>
    <time>2026-06-15T06:16:51Z</time>
    <extensions>
     <gpxdata:distance>3988.00</gpxdata:distance>
     <gpxdata:speed>2.436</gpxdata:speed>
    </extensions>
   </trkpt>
   <trkpt lat="48.4114513" lon="9.9845132">
    <ele>596</ele>
    <time>2026-06-15T06:16:52Z</time>
    <extensions>
     <gpxdata:distance>3990.00</gpxdata:distance>
     <gpxdata:speed>2.422</gpxdata:speed>
    </extensions>
   </trkpt>
   <trkpt lat="48.4114328" lon="9.9845066">
    <ele>596</ele>
    <time>2026-06-15T06:16:53Z</time>
    <extensions>
     <gpxdata:distance>3992.00</gpxdata:distance>
     <gpxdata:speed>2.333</gpxdata:speed>
    </extensions>
   </trkpt>
   <trkpt lat="48.4114188" lon="9.9844924">
    <ele>596</ele>
    <time>2026-06-15T06:16:54Z</time>
    <extensions>
     <gpxdata:distance>3993.50</gpxdata:distance>
     <gpxdata:speed>2.247</gpxdata:speed>
    </extensions>
   </trkpt>
   <trkpt lat="48.4114098" lon="9.9844721">
    <ele>596</ele>
    <time>2026-06-15T06:16:55Z</time>
    <extensions>
     <gpxdata:distance>3995.00</gpxdata:distance>
     <gpxdata:speed>2.211</gpxdata:speed>
    </extensions>
   </trkpt>
   <trkpt lat="48.4114042" lon="9.9844476">
    <ele>596</ele>
    <time>2026-06-15T06:16:56Z</time>
    <extensions>
     <gpxdata:distance>3997.50</gpxdata:distance>
     <gpxdata:speed>2.200</gpxdata:speed>
    </extensions>
   </trkpt>
   <trkpt lat="48.4114008" lon="9.9844201">
    <ele>596</ele>
    <time>2026-06-15T06:16:57Z</time>
    <extensions>
     <gpxdata:distance>4000.00</gpxdata:distance>
     <gpxdata:speed>2.233</gpxdata:speed>
    </extensions>
   </trkpt>
   <trkpt lat="48.4113982" lon="9.9843898">
    <ele>596</ele>
    <time>2026-06-15T06:16:58Z</time>
    <extensions>
     <gpxdata:distance>4002.50</gpxdata:distance>
     <gpxdata:speed>2.322</gpxdata:speed>
    </extensions>
   </trkpt>
   <trkpt lat="48.4113956" lon="9.9843574">
    <ele>596</ele>
    <time>2026-06-15T06:16:59Z</time>
    <extensions>
     <gpxdata:distance>4005.00</gpxdata:distance>
     <gpxdata:speed>2.419</gpxdata:speed>
    </extensions>
   </trkpt>
   <trkpt lat="48.4113925" lon="9.9843234">
    <ele>596</ele>
    <time>2026-06-15T06:17:00Z</time>
    <extensions>
     <gpxdata:distance>4008.00</gpxdata:distance>
     <gpxdata:speed>2.511</gpxdata:speed>
    </extensions>
   </trkpt>
   <trkpt lat="48.4113885" lon="9.9842878">
    <ele>596</ele>
    <time>2026-06-15T06:17:01Z</time>
    <extensions>
     <gpxdata:distance>4011.00</gpxdata:distance>
     <gpxdata:speed>2.628</gpxdata:speed>
    </extensions>
   </trkpt>
   <trkpt lat="48.4113833" lon="9.9842504">
    <ele>596</ele>
    <time>2026-06-15T06:17:02Z</time>
    <extensions>
     <gpxdata:distance>4014.00</gpxdata:distance>
     <gpxdata:speed>2.756</gpxdata:speed>
    </extensions>
   </trkpt>
   <trkpt lat="48.4113775" lon="9.9842108">
    <ele>596</ele>
    <time>2026-06-15T06:17:03Z</time>
    <extensions>
     <gpxdata:distance>4017.00</gpxdata:distance>
     <gpxdata:speed>3.097</gpxdata:speed>
    </extensions>
   </trkpt>
   <trkpt lat="48.4113674" lon="9.9841433">
    <ele>596</ele>
    <time>2026-06-15T06:17:04Z</time>
    <extensions>
     <gpxdata:distance>4020.50</gpxdata:distance>
     <gpxdata:speed>3.250</gpxdata:speed>
    </extensions>
   </trkpt>
   <trkpt lat="48.4113597" lon="9.9840953">
    <ele>596</ele>
    <time>2026-06-15T06:17:05Z</time>
    <extensions>
     <gpxdata:distance>4024.00</gpxdata:distance>
     <gpxdata:speed>3.278</gpxdata:speed>
    </extensions>
   </trkpt>
   <trkpt lat="48.4113523" lon="9.9840513">
    <ele>596</ele>
    <time>2026-06-15T06:17:06Z</time>
    <extensions>
     <gpxdata:distance>4027.00</gpxdata:distance>
     <gpxdata:speed>3.258</gpxdata:speed>
    </extensions>
   </trkpt>
   <trkpt lat="48.4113456" lon="9.9840078">
    <ele>596</ele>
    <time>2026-06-15T06:17:07Z</time>
    <extensions>
     <gpxdata:distance>4030.00</gpxdata:distance>
     <gpxdata:speed>3.278</gpxdata:speed>
    </extensions>
   </trkpt>
   <trkpt lat="48.4113399" lon="9.9839645">
    <ele>597</ele>
    <time>2026-06-15T06:17:08Z</time>
    <extensions>
     <gpxdata:distance>4033.50</gpxdata:distance>
     <gpxdata:speed>3.261</gpxdata:speed>
    </extensions>
   </trkpt>
   <trkpt lat="48.4113342" lon="9.9839212">
    <ele>597</ele>
    <time>2026-06-15T06:17:09Z</time>
    <extensions>
     <gpxdata:distance>4037.00</gpxdata:distance>
     <gpxdata:speed>3.269</gpxdata:speed>
    </extensions>
   </trkpt>
   <trkpt lat="48.4113277" lon="9.9838781">
    <ele>597</ele>
    <time>2026-06-15T06:17:10Z</time>
    <extensions>
     <gpxdata:distance>4040.50</gpxdata:distance>
     <gpxdata:speed>3.272</gpxdata:speed>
    </extensions>
   </trkpt>
   <trkpt lat="48.4113209" lon="9.9838351">
    <ele>597</ele>
    <time>2026-06-15T06:17:11Z</time>
    <extensions>
     <gpxdata:distance>4044.00</gpxdata:distance>
     <gpxdata:speed>3.275</gpxdata:speed>
    </extensions>
   </trkpt>
   <trkpt lat="48.4113139" lon="9.9837923">
    <ele>597</ele>
    <time>2026-06-15T06:17:12Z</time>
    <extensions>
     <gpxdata:distance>4047.00</gpxdata:distance>
     <gpxdata:speed>3.275</gpxdata:speed>
    </extensions>
   </trkpt>
   <trkpt lat="48.4113062" lon="9.9837501">
    <ele>597</ele>
    <time>2026-06-15T06:17:13Z</time>
    <extensions>
     <gpxdata:distance>4050.00</gpxdata:distance>
     <gpxdata:speed>3.253</gpxdata:speed>
    </extensions>
   </trkpt>
   <trkpt lat="48.4112982" lon="9.9837092">
    <ele>597</ele>
    <time>2026-06-15T06:17:14Z</time>
    <extensions>
     <gpxdata:distance>4053.00</gpxdata:distance>
     <gpxdata:speed>3.200</gpxdata:speed>
    </extensions>
   </trkpt>
   <trkpt lat="48.4112900" lon="9.9836697">
    <ele>597</ele>
    <time>2026-06-15T06:17:15Z</time>
    <extensions>
     <gpxdata:distance>4056.00</gpxdata:distance>
     <gpxdata:speed>3.131</gpxdata:speed>
    </extensions>
   </trkpt>
   <trkpt lat="48.4112821" lon="9.9836316">
    <ele>597</ele>
    <time>2026-06-15T06:17:16Z</time>
    <extensions>
     <gpxdata:distance>4058.50</gpxdata:distance>
     <gpxdata:speed>3.053</gpxdata:speed>
    </extensions>
   </trkpt>
   <trkpt lat="48.4112749" lon="9.9835952">
    <ele>597</ele>
    <time>2026-06-15T06:17:17Z</time>
    <extensions>
     <gpxdata:distance>4061.00</gpxdata:distance>
     <gpxdata:speed>2.939</gpxdata:speed>
    </extensions>
   </trkpt>
   <trkpt lat="48.4112715" lon="9.9835754">
    <ele>597</ele>
    <time>2026-06-15T06:17:18Z</time>
    <extensions>
     <gpxdata:distance>4063.50</gpxdata:distance>
     <gpxdata:speed>2.806</gpxdata:speed>
    </extensions>
   </trkpt>
   <trkpt lat="48.4112671" lon="9.9835492">
    <ele>597</ele>
    <time>2026-06-15T06:17:19Z</time>
    <extensions>
     <gpxdata:distance>4066.00</gpxdata:distance>
     <gpxdata:speed>2.508</gpxdata:speed>
    </extensions>
   </trkpt>
   <trkpt lat="48.4112619" lon="9.9835210">
    <ele>597</ele>
    <time>2026-06-15T06:17:20Z</time>
    <extensions>
     <gpxdata:distance>4068.00</gpxdata:distance>
     <gpxdata:speed>2.325</gpxdata:speed>
    </extensions>
   </trkpt>
   <trkpt lat="48.4112556" lon="9.9834932">
    <ele>597</ele>
    <time>2026-06-15T06:17:21Z</time>
    <extensions>
     <gpxdata:distance>4070.00</gpxdata:distance>
     <gpxdata:speed>2.208</gpxdata:speed>
    </extensions>
   </trkpt>
   <trkpt lat="48.4112479" lon="9.9834676">
    <ele>597</ele>
    <time>2026-06-15T06:17:22Z</time>
    <extensions>
     <gpxdata:distance>4072.00</gpxdata:distance>
     <gpxdata:speed>2.061</gpxdata:speed>
    </extensions>
   </trkpt>
   <trkpt lat="48.4112389" lon="9.9834456">
    <ele>597</ele>
    <time>2026-06-15T06:17:23Z</time>
    <extensions>
     <gpxdata:distance>4074.00</gpxdata:distance>
     <gpxdata:speed>1.850</gpxdata:speed>
    </extensions>
   </trkpt>
   <trkpt lat="48.4112321" lon="9.9834321">
    <ele>597</ele>
    <time>2026-06-15T06:17:24Z</time>
    <extensions>
     <gpxdata:distance>4075.00</gpxdata:distance>
     <gpxdata:speed>1.631</gpxdata:speed>
    </extensions>
   </trkpt>
   <trkpt lat="48.4112763" lon="9.9833528">
    <ele>597</ele>
    <time>2026-06-15T06:17:39Z</time>
    <extensions>
     <gpxdata:distance>4085.00</gpxdata:distance>
     <gpxdata:speed>1.036</gpxdata:speed>
    </extensions>
   </trkpt>
   <trkpt lat="48.4112844" lon="9.9833492">
    <ele>597</ele>
    <time>2026-06-15T06:17:40Z</time>
    <extensions>
     <gpxdata:distance>4085.00</gpxdata:distance>
     <gpxdata:speed>1.011</gpxdata:speed>
    </extensions>
   </trkpt>
   <trkpt lat="48.4112925" lon="9.9833469">
    <ele>597</ele>
    <time>2026-06-15T06:17:41Z</time>
    <extensions>
     <gpxdata:distance>4086.00</gpxdata:distance>
     <gpxdata:speed>0.978</gpxdata:speed>
    </extensions>
   </trkpt>
   <trkpt lat="48.4113004" lon="9.9833455">
    <ele>597</ele>
    <time>2026-06-15T06:17:42Z</time>
    <extensions>
     <gpxdata:distance>4087.00</gpxdata:distance>
     <gpxdata:speed>0.931</gpxdata:speed>
    </extensions>
   </trkpt>
   <trkpt lat="48.4113080" lon="9.9833449">
    <ele>597</ele>
    <time>2026-06-15T06:17:43Z</time>
    <extensions>
     <gpxdata:distance>4088.00</gpxdata:distance>
     <gpxdata:speed>0.892</gpxdata:speed>
    </extensions>
   </trkpt>
   <trkpt lat="48.4113156" lon="9.9833443">
    <ele>597</ele>
    <time>2026-06-15T06:17:44Z</time>
    <extensions>
     <gpxdata:distance>4089.00</gpxdata:distance>
     <gpxdata:speed>0.886</gpxdata:speed>
    </extensions>
   </trkpt>
   <trkpt lat="48.4113226" lon="9.9833446">
    <ele>597</ele>
    <time>2026-06-15T06:17:45Z</time>
    <extensions>
     <gpxdata:distance>4090.00</gpxdata:distance>
     <gpxdata:speed>0.861</gpxdata:speed>
    </extensions>
   </trkpt>
   <trkpt lat="48.4113304" lon="9.9833469">
    <ele>597</ele>
    <time>2026-06-15T06:17:46Z</time>
    <extensions>
     <gpxdata:distance>4091.00</gpxdata:distance>
     <gpxdata:speed>0.883</gpxdata:speed>
    </extensions>
   </trkpt>
   <trkpt lat="48.4113405" lon="9.9833477">
    <ele>597</ele>
    <time>2026-06-15T06:17:47Z</time>
    <extensions>
     <gpxdata:distance>4094.00</gpxdata:distance>
     <gpxdata:speed>1.228</gpxdata:speed>
    </extensions>
   </trkpt>
   <trkpt lat="48.4113564" lon="9.9833398">
    <ele>597</ele>
    <time>2026-06-15T06:17:48Z</time>
    <extensions>
     <gpxdata:distance>4097.00</gpxdata:distance>
     <gpxdata:speed>1.264</gpxdata:speed>
    </extensions>
   </trkpt>
   <trkpt lat="48.4113795" lon="9.9833345">
    <ele>597</ele>
    <time>2026-06-15T06:17:49Z</time>
    <extensions>
     <gpxdata:distance>4100.00</gpxdata:distance>
     <gpxdata:speed>1.828</gpxdata:speed>
    </extensions>
   </trkpt>
   <trkpt lat="48.4114036" lon="9.9833291">
    <ele>597</ele>
    <time>2026-06-15T06:17:50Z</time>
    <extensions>
     <gpxdata:distance>4103.00</gpxdata:distance>
     <gpxdata:speed>2.672</gpxdata:speed>
    </extensions>
   </trkpt>
   <trkpt lat="48.4114302" lon="9.9833214">
    <ele>597</ele>
    <time>2026-06-15T06:17:51Z</time>
    <extensions>
     <gpxdata:distance>4104.00</gpxdata:distance>
     <gpxdata:speed>2.694</gpxdata:speed>
    </extensions>
   </trkpt>
   <trkpt lat="48.4114485" lon="9.9833116">
    <ele>597</ele>
    <time>2026-06-15T06:17:52Z</time>
    <extensions>
     <gpxdata:distance>4105.00</gpxdata:distance>
     <gpxdata:speed>1.997</gpxdata:speed>
    </extensions>
   </trkpt>
   <trkpt lat="48.4114607" lon="9.9833029">
    <ele>597</ele>
    <time>2026-06-15T06:17:53Z</time>
    <extensions>
     <gpxdata:distance>4107.50</gpxdata:distance>
     <gpxdata:speed>2.100</gpxdata:speed>
    </extensions>
   </trkpt>
   <trkpt lat="48.4114813" lon="9.9832859">
    <ele>597</ele>
    <time>2026-06-15T06:17:54Z</time>
    <extensions>
     <gpxdata:distance>4110.00</gpxdata:distance>
     <gpxdata:speed>2.303</gpxdata:speed>
    </extensions>
   </trkpt>
   <trkpt lat="48.4115004" lon="9.9832698">
    <ele>597</ele>
    <time>2026-06-15T06:17:55Z</time>
    <extensions>
     <gpxdata:distance>4112.50</gpxdata:distance>
     <gpxdata:speed>2.328</gpxdata:speed>
    </extensions>
   </trkpt>
   <trkpt lat="48.4115194" lon="9.9832555">
    <ele>597</ele>
    <time>2026-06-15T06:17:56Z</time>
    <extensions>
     <gpxdata:distance>4115.00</gpxdata:distance>
     <gpxdata:speed>2.328</gpxdata:speed>
    </extensions>
   </trkpt>
   <trkpt lat="48.4115389" lon="9.9832442">
    <ele>597</ele>
    <time>2026-06-15T06:17:57Z</time>
    <extensions>
     <gpxdata:distance>4117.00</gpxdata:distance>
     <gpxdata:speed>2.333</gpxdata:speed>
    </extensions>
   </trkpt>
   <trkpt lat="48.4115584" lon="9.9832385">
    <ele>597</ele>
    <time>2026-06-15T06:17:58Z</time>
    <extensions>
     <gpxdata:distance>4119.00</gpxdata:distance>
     <gpxdata:speed>2.294</gpxdata:speed>
    </extensions>
   </trkpt>
   <trkpt lat="48.4115779" lon="9.9832402">
    <ele>597</ele>
    <time>2026-06-15T06:17:59Z</time>
    <extensions>
     <gpxdata:distance>4121.00</gpxdata:distance>
     <gpxdata:speed>2.319</gpxdata:speed>
    </extensions>
   </trkpt>
   <trkpt lat="48.4115947" lon="9.9832483">
    <ele>597</ele>
    <time>2026-06-15T06:18:00Z</time>
    <extensions>
     <gpxdata:distance>4123.00</gpxdata:distance>
     <gpxdata:speed>2.211</gpxdata:speed>
    </extensions>
   </trkpt>
   <trkpt lat="48.4116084" lon="9.9832630">
    <ele>597</ele>
    <time>2026-06-15T06:18:01Z</time>
    <extensions>
     <gpxdata:distance>4124.00</gpxdata:distance>
     <gpxdata:speed>2.169</gpxdata:speed>
    </extensions>
   </trkpt>
   <trkpt lat="48.4116163" lon="9.9832789">
    <ele>597</ele>
    <time>2026-06-15T06:18:02Z</time>
    <extensions>
     <gpxdata:distance>4125.00</gpxdata:distance>
     <gpxdata:speed>1.950</gpxdata:speed>
    </extensions>
   </trkpt>
   <trkpt lat="48.4116168" lon="9.9832879">
    <ele>597</ele>
    <time>2026-06-15T06:18:03Z</time>
    <extensions>
     <gpxdata:distance>4125.50</gpxdata:distance>
     <gpxdata:speed>1.950</gpxdata:speed>
    </extensions>
   </trkpt>
   <trkpt lat="48.4116129" lon="9.9832942">
    <ele>597</ele>
    <time>2026-06-15T06:18:04Z</time>
    <extensions>
     <gpxdata:distance>4126.00</gpxdata:distance>
     <gpxdata:speed>1.700</gpxdata:speed>
    </extensions>
   </trkpt>
   <trkpt lat="48.4116051" lon="9.9832964">
    <ele>597</ele>
    <time>2026-06-15T06:18:05Z</time>
    <extensions>
     <gpxdata:distance>4127.50</gpxdata:distance>
     <gpxdata:speed>1.692</gpxdata:speed>
    </extensions>
   </trkpt>
   <trkpt lat="48.4115942" lon="9.9832950">
    <ele>597</ele>
    <time>2026-06-15T06:18:06Z</time>
    <extensions>
     <gpxdata:distance>4129.00</gpxdata:distance>
     <gpxdata:speed>1.758</gpxdata:speed>
    </extensions>
   </trkpt>
   <trkpt lat="48.4115815" lon="9.9832915">
    <ele>597</ele>
    <time>2026-06-15T06:18:07Z</time>
    <extensions>
     <gpxdata:distance>4131.00</gpxdata:distance>
     <gpxdata:speed>1.783</gpxdata:speed>
    </extensions>
   </trkpt>
   <trkpt lat="48.4115684" lon="9.9832879">
    <ele>597</ele>
    <time>2026-06-15T06:18:08Z</time>
    <extensions>
     <gpxdata:distance>4133.00</gpxdata:distance>
     <gpxdata:speed>1.731</gpxdata:speed>
    </extensions>
   </trkpt>
   <trkpt lat="48.4115554" lon="9.9832857">
    <ele>597</ele>
    <time>2026-06-15T06:18:09Z</time>
    <extensions>
     <gpxdata:distance>4134.00</gpxdata:distance>
     <gpxdata:speed>1.639</gpxdata:speed>
    </extensions>
   </trkpt>
   <trkpt lat="48.4115429" lon="9.9832855">
    <ele>597</ele>
    <time>2026-06-15T06:18:10Z</time>
    <extensions>
     <gpxdata:distance>4135.00</gpxdata:distance>
     <gpxdata:speed>1.556</gpxdata:speed>
    </extensions>
   </trkpt>
   <trkpt lat="48.4115300" lon="9.9832870">
    <ele>597</ele>
    <time>2026-06-15T06:18:11Z</time>
    <extensions>
     <gpxdata:distance>4137.00</gpxdata:distance>
     <gpxdata:speed>1.553</gpxdata:speed>
    </extensions>
   </trkpt>
   <trkpt lat="48.4115152" lon="9.9832899">
    <ele>597</ele>
    <time>2026-06-15T06:18:12Z</time>
    <extensions>
     <gpxdata:distance>4139.00</gpxdata:distance>
     <gpxdata:speed>1.669</gpxdata:speed>
    </extensions>
   </trkpt>
   <trkpt lat="48.4114989" lon="9.9832933">
    <ele>597</ele>
    <time>2026-06-15T06:18:13Z</time>
    <extensions>
     <gpxdata:distance>4141.50</gpxdata:distance>
     <gpxdata:speed>1.783</gpxdata:speed>
    </extensions>
   </trkpt>
   <trkpt lat="48.4114804" lon="9.9832976">
    <ele>597</ele>
    <time>2026-06-15T06:18:14Z</time>
    <extensions>
     <gpxdata:distance>4144.00</gpxdata:distance>
     <gpxdata:speed>1.911</gpxdata:speed>
    </extensions>
   </trkpt>
   <trkpt lat="48.4114603" lon="9.9833048">
    <ele>597</ele>
    <time>2026-06-15T06:18:15Z</time>
    <extensions>
     <gpxdata:distance>4146.50</gpxdata:distance>
     <gpxdata:speed>2.072</gpxdata:speed>
    </extensions>
   </trkpt>
   <trkpt lat="48.4114326" lon="9.9833193">
    <ele>597</ele>
    <time>2026-06-15T06:18:16Z</time>
    <extensions>
     <gpxdata:distance>4149.00</gpxdata:distance>
     <gpxdata:speed>2.153</gpxdata:speed>
    </extensions>
   </trkpt>
   <trkpt lat="48.4114103" lon="9.9833256">
    <ele>597</ele>
    <time>2026-06-15T06:18:17Z</time>
    <extensions>
     <gpxdata:distance>4151.00</gpxdata:distance>
     <gpxdata:speed>2.183</gpxdata:speed>
    </extensions>
   </trkpt>
   <trkpt lat="48.4113897" lon="9.9833231">
    <ele>597</ele>
    <time>2026-06-15T06:18:18Z</time>
    <extensions>
     <gpxdata:distance>4153.00</gpxdata:distance>
     <gpxdata:speed>2.231</gpxdata:speed>
    </extensions>
   </trkpt>
   <trkpt lat="48.4113708" lon="9.9833184">
    <ele>597</ele>
    <time>2026-06-15T06:18:19Z</time>
    <extensions>
     <gpxdata:distance>4155.00</gpxdata:distance>
     <gpxdata:speed>2.217</gpxdata:speed>
    </extensions>
   </trkpt>
   <trkpt lat="48.4113533" lon="9.9833146">
    <ele>597</ele>
    <time>2026-06-15T06:18:20Z</time>
    <extensions>
     <gpxdata:distance>4157.00</gpxdata:distance>
     <gpxdata:speed>2.117</gpxdata:speed>
    </extensions>
   </trkpt>
   <trkpt lat="48.4113355" lon="9.9833144">
    <ele>597</ele>
    <time>2026-06-15T06:18:21Z</time>
    <extensions>
     <gpxdata:distance>4159.00</gpxdata:distance>
     <gpxdata:speed>2.117</gpxdata:speed>
    </extensions>
   </trkpt>
   <trkpt lat="48.4113182" lon="9.9833185">
    <ele>597</ele>
    <time>2026-06-15T06:18:22Z</time>
    <extensions>
     <gpxdata:distance>4161.00</gpxdata:distance>
     <gpxdata:speed>2.072</gpxdata:speed>
    </extensions>
   </trkpt>
   <trkpt lat="48.4113024" lon="9.9833266">
    <ele>597</ele>
    <time>2026-06-15T06:18:23Z</time>
    <extensions>
     <gpxdata:distance>4162.50</gpxdata:distance>
     <gpxdata:speed>1.989</gpxdata:speed>
    </extensions>
   </trkpt>
   <trkpt lat="48.4112925" lon="9.9833352">
    <ele>597</ele>
    <time>2026-06-15T06:18:24Z</time>
    <extensions>
     <gpxdata:distance>4164.00</gpxdata:distance>
     <gpxdata:speed>1.903</gpxdata:speed>
    </extensions>
   </trkpt>
   <trkpt lat="48.4112827" lon="9.9833480">
    <ele>597</ele>
    <time>2026-06-15T06:18:25Z</time>
    <extensions>
     <gpxdata:distance>4166.00</gpxdata:distance>
     <gpxdata:speed>1.767</gpxdata:speed>
    </extensions>
   </trkpt>
   <trkpt lat="48.4112729" lon="9.9833654">
    <ele>597</ele>
    <time>2026-06-15T06:18:26Z</time>
    <extensions>
     <gpxdata:distance>4168.00</gpxdata:distance>
     <gpxdata:speed>1.986</gpxdata:speed>
    </extensions>
   </trkpt>
   <trkpt lat="48.4112617" lon="9.9833866">
    <ele>597</ele>
    <time>2026-06-15T06:18:27Z</time>
    <extensions>
     <gpxdata:distance>4170.50</gpxdata:distance>
     <gpxdata:speed>2.306</gpxdata:speed>
    </extensions>
   </trkpt>
   <trkpt lat="48.4112432" lon="9.9834140">
    <ele>597</ele>
    <time>2026-06-15T06:18:28Z</time>
    <extensions>
     <gpxdata:distance>4173.00</gpxdata:distance>
     <gpxdata:speed>2.372</gpxdata:speed>
    </extensions>
   </trkpt>
   <trkpt lat="48.4112254" lon="9.9834310">
    <ele>597</ele>
    <time>2026-06-15T06:18:29Z</time>
    <extensions>
     <gpxdata:distance>4175.00</gpxdata:distance>
     <gpxdata:speed>2.314</gpxdata:speed>
    </extensions>
   </trkpt>
   <trkpt lat="48.4112074" lon="9.9834408">
    <ele>597</ele>
    <time>2026-06-15T06:18:30Z</time>
    <extensions>
     <gpxdata:distance>4177.00</gpxdata:distance>
     <gpxdata:speed>2.264</gpxdata:speed>
    </extensions>
   </trkpt>
   <trkpt lat="48.4111892" lon="9.9834464">
    <ele>597</ele>
    <time>2026-06-15T06:18:31Z</time>
    <extensions>
     <gpxdata:distance>4179.00</gpxdata:distance>
     <gpxdata:speed>2.208</gpxdata:speed>
    </extensions>
   </trkpt>
   <trkpt lat="48.4111715" lon="9.9834498">
    <ele>597</ele>
    <time>2026-06-15T06:18:32Z</time>
    <extensions>
     <gpxdata:distance>4181.00</gpxdata:distance>
     <gpxdata:speed>2.128</gpxdata:speed>
    </extensions>
   </trkpt>
   <trkpt lat="48.4111550" lon="9.9834520">
    <ele>596</ele>
    <time>2026-06-15T06:18:33Z</time>
    <extensions>
     <gpxdata:distance>4182.50</gpxdata:distance>
     <gpxdata:speed>1.986</gpxdata:speed>
    </extensions>
   </trkpt>
   <trkpt lat="48.4111439" lon="9.9834543">
    <ele>596</ele>
    <time>2026-06-15T06:18:34Z</time>
    <extensions>
     <gpxdata:distance>4184.00</gpxdata:distance>
     <gpxdata:speed>1.861</gpxdata:speed>
    </extensions>
   </trkpt>
   <trkpt lat="48.4111322" lon="9.9834580">
    <ele>596</ele>
    <time>2026-06-15T06:18:35Z</time>
    <extensions>
     <gpxdata:distance>4185.00</gpxdata:distance>
     <gpxdata:speed>1.694</gpxdata:speed>
    </extensions>
   </trkpt>
   <trkpt lat="48.4111164" lon="9.9835713">
    <ele>596</ele>
    <time>2026-06-15T06:21:19Z</time>
    <extensions>
     <gpxdata:distance>4197.00</gpxdata:distance>
     <gpxdata:speed>1.131</gpxdata:speed>
    </extensions>
   </trkpt>
   <trkpt lat="48.4111193" lon="9.9835877">
    <ele>596</ele>
    <time>2026-06-15T06:21:20Z</time>
    <extensions>
     <gpxdata:distance>4197.00</gpxdata:distance>
     <gpxdata:speed>1.242</gpxdata:speed>
    </extensions>
   </trkpt>
   <trkpt lat="48.4111222" lon="9.9836050">
    <ele>596</ele>
    <time>2026-06-15T06:21:21Z</time>
    <extensions>
     <gpxdata:distance>4198.50</gpxdata:distance>
     <gpxdata:speed>1.325</gpxdata:speed>
    </extensions>
   </trkpt>
   <trkpt lat="48.4111255" lon="9.9836238">
    <ele>596</ele>
    <time>2026-06-15T06:21:22Z</time>
    <extensions>
     <gpxdata:distance>4200.00</gpxdata:distance>
     <gpxdata:speed>1.556</gpxdata:speed>
    </extensions>
   </trkpt>
   <trkpt lat="48.4111291" lon="9.9836446">
    <ele>596</ele>
    <time>2026-06-15T06:21:23Z</time>
    <extensions>
     <gpxdata:distance>4202.00</gpxdata:distance>
     <gpxdata:speed>1.761</gpxdata:speed>
    </extensions>
   </trkpt>
   <trkpt lat="48.4111331" lon="9.9836670">
    <ele>596</ele>
    <time>2026-06-15T06:21:24Z</time>
    <extensions>
     <gpxdata:distance>4204.00</gpxdata:distance>
     <gpxdata:speed>1.864</gpxdata:speed>
    </extensions>
   </trkpt>
   <trkpt lat="48.4111372" lon="9.9836909">
    <ele>596</ele>
    <time>2026-06-15T06:21:25Z</time>
    <extensions>
     <gpxdata:distance>4206.00</gpxdata:distance>
     <gpxdata:speed>1.958</gpxdata:speed>
    </extensions>
   </trkpt>
   <trkpt lat="48.4111411" lon="9.9837162">
    <ele>596</ele>
    <time>2026-06-15T06:21:26Z</time>
    <extensions>
     <gpxdata:distance>4208.00</gpxdata:distance>
     <gpxdata:speed>2.033</gpxdata:speed>
    </extensions>
   </trkpt>
   <trkpt lat="48.4111464" lon="9.9837527">
    <ele>596</ele>
    <time>2026-06-15T06:21:27Z</time>
    <extensions>
     <gpxdata:distance>4210.50</gpxdata:distance>
     <gpxdata:speed>2.186</gpxdata:speed>
    </extensions>
   </trkpt>
   <trkpt lat="48.4111510" lon="9.9837847">
    <ele>596</ele>
    <time>2026-06-15T06:21:28Z</time>
    <extensions>
     <gpxdata:distance>4213.00</gpxdata:distance>
     <gpxdata:speed>2.239</gpxdata:speed>
    </extensions>
   </trkpt>
   <trkpt lat="48.4111561" lon="9.9838158">
    <ele>596</ele>
    <time>2026-06-15T06:21:29Z</time>
    <extensions>
     <gpxdata:distance>4215.50</gpxdata:distance>
     <gpxdata:speed>2.369</gpxdata:speed>
    </extensions>
   </trkpt>
   <trkpt lat="48.4111618" lon="9.9838466">
    <ele>596</ele>
    <time>2026-06-15T06:21:30Z</time>
    <extensions>
     <gpxdata:distance>4218.00</gpxdata:distance>
     <gpxdata:speed>2.375</gpxdata:speed>
    </extensions>
   </trkpt>
   <trkpt lat="48.4111678" lon="9.9838774">
    <ele>596</ele>
    <time>2026-06-15T06:21:31Z</time>
    <extensions>
     <gpxdata:distance>4220.50</gpxdata:distance>
     <gpxdata:speed>2.406</gpxdata:speed>
    </extensions>
   </trkpt>
   <trkpt lat="48.4111743" lon="9.9839079">
    <ele>596</ele>
    <time>2026-06-15T06:21:32Z</time>
    <extensions>
     <gpxdata:distance>4223.00</gpxdata:distance>
     <gpxdata:speed>2.408</gpxdata:speed>
    </extensions>
   </trkpt>
   <trkpt lat="48.4111804" lon="9.9839373">
    <ele>596</ele>
    <time>2026-06-15T06:21:33Z</time>
    <extensions>
     <gpxdata:distance>4225.00</gpxdata:distance>
     <gpxdata:speed>2.258</gpxdata:speed>
    </extensions>
   </trkpt>
   <trkpt lat="48.4111857" lon="9.9839664">
    <ele>596</ele>
    <time>2026-06-15T06:21:34Z</time>
    <extensions>
     <gpxdata:distance>4227.00</gpxdata:distance>
     <gpxdata:speed>2.231</gpxdata:speed>
    </extensions>
   </trkpt>
   <trkpt lat="48.4111902" lon="9.9839958">
    <ele>596</ele>
    <time>2026-06-15T06:21:35Z</time>
    <extensions>
     <gpxdata:distance>4229.50</gpxdata:distance>
     <gpxdata:speed>2.242</gpxdata:speed>
    </extensions>
   </trkpt>
   <trkpt lat="48.4111947" lon="9.9840259">
    <ele>596</ele>
    <time>2026-06-15T06:21:36Z</time>
    <extensions>
     <gpxdata:distance>4232.00</gpxdata:distance>
     <gpxdata:speed>2.272</gpxdata:speed>
    </extensions>
   </trkpt>
   <trkpt lat="48.4111994" lon="9.9840561">
    <ele>596</ele>
    <time>2026-06-15T06:21:37Z</time>
    <extensions>
     <gpxdata:distance>4234.00</gpxdata:distance>
     <gpxdata:speed>2.286</gpxdata:speed>
    </extensions>
   </trkpt>
   <trkpt lat="48.4112052" lon="9.9840858">
    <ele>596</ele>
    <time>2026-06-15T06:21:38Z</time>
    <extensions>
     <gpxdata:distance>4236.00</gpxdata:distance>
     <gpxdata:speed>2.289</gpxdata:speed>
    </extensions>
   </trkpt>
   <trkpt lat="48.4112114" lon="9.9841158">
    <ele>596</ele>
    <time>2026-06-15T06:21:39Z</time>
    <extensions>
     <gpxdata:distance>4238.50</gpxdata:distance>
     <gpxdata:speed>2.311</gpxdata:speed>
    </extensions>
   </trkpt>
   <trkpt lat="48.4112175" lon="9.9841466">
    <ele>596</ele>
    <time>2026-06-15T06:21:40Z</time>
    <extensions>
     <gpxdata:distance>4241.00</gpxdata:distance>
     <gpxdata:speed>2.353</gpxdata:speed>
    </extensions>
   </trkpt>
   <trkpt lat="48.4112228" lon="9.9841781">
    <ele>596</ele>
    <time>2026-06-15T06:21:41Z</time>
    <extensions>
     <gpxdata:distance>4243.50</gpxdata:distance>
     <gpxdata:speed>2.381</gpxdata:speed>
    </extensions>
   </trkpt>
   <trkpt lat="48.4112280" lon="9.9842093">
    <ele>596</ele>
    <time>2026-06-15T06:21:42Z</time>
    <extensions>
     <gpxdata:distance>4246.00</gpxdata:distance>
     <gpxdata:speed>2.369</gpxdata:speed>
    </extensions>
   </trkpt>
   <trkpt lat="48.4112337" lon="9.9842396">
    <ele>596</ele>
    <time>2026-06-15T06:21:43Z</time>
    <extensions>
     <gpxdata:distance>4248.00</gpxdata:distance>
     <gpxdata:speed>2.342</gpxdata:speed>
    </extensions>
   </trkpt>
   <trkpt lat="48.4112395" lon="9.9842697">
    <ele>596</ele>
    <time>2026-06-15T06:21:44Z</time>
    <extensions>
     <gpxdata:distance>4250.00</gpxdata:distance>
     <gpxdata:speed>2.328</gpxdata:speed>
    </extensions>
   </trkpt>
   <trkpt lat="48.4112457" lon="9.9842989">
    <ele>596</ele>
    <time>2026-06-15T06:21:45Z</time>
    <extensions>
     <gpxdata:distance>4252.50</gpxdata:distance>
     <gpxdata:speed>2.294</gpxdata:speed>
    </extensions>
   </trkpt>
   <trkpt lat="48.4112522" lon="9.9843274">
    <ele>596</ele>
    <time>2026-06-15T06:21:46Z</time>
    <extensions>
     <gpxdata:distance>4255.00</gpxdata:distance>
     <gpxdata:speed>2.253</gpxdata:speed>
    </extensions>
   </trkpt>
   <trkpt lat="48.4112588" lon="9.9843552">
    <ele>596</ele>
    <time>2026-06-15T06:21:47Z</time>
    <extensions>
     <gpxdata:distance>4257.00</gpxdata:distance>
     <gpxdata:speed>2.208</gpxdata:speed>
    </extensions>
   </trkpt>
   <trkpt lat="48.4112654" lon="9.9843819">
    <ele>596</ele>
    <time>2026-06-15T06:21:48Z</time>
    <extensions>
     <gpxdata:distance>4259.00</gpxdata:distance>
     <gpxdata:speed>2.144</gpxdata:speed>
    </extensions>
   </trkpt>
   <trkpt lat="48.4112717" lon="9.9844080">
    <ele>596</ele>
    <time>2026-06-15T06:21:49Z</time>
    <extensions>
     <gpxdata:distance>4261.00</gpxdata:distance>
     <gpxdata:speed>2.089</gpxdata:speed>
    </extensions>
   </trkpt>
   <trkpt lat="48.4112791" lon="9.9844332">
    <ele>596</ele>
    <time>2026-06-15T06:21:50Z</time>
    <extensions>
     <gpxdata:distance>4263.00</gpxdata:distance>
     <gpxdata:speed>2.067</gpxdata:speed>
    </extensions>
   </trkpt>
   <trkpt lat="48.4112879" lon="9.9844549">
    <ele>596</ele>
    <time>2026-06-15T06:21:51Z</time>
    <extensions>
     <gpxdata:distance>4264.00</gpxdata:distance>
     <gpxdata:speed>1.958</gpxdata:speed>
    </extensions>
   </trkpt>
   <trkpt lat="48.4112960" lon="9.9844659">
    <ele>596</ele>
    <time>2026-06-15T06:21:52Z</time>
    <extensions>
     <gpxdata:distance>4265.00</gpxdata:distance>
     <gpxdata:speed>1.894</gpxdata:speed>
    </extensions>
   </trkpt>
   <trkpt lat="48.4113074" lon="9.9844728">
    <ele>596</ele>
    <time>2026-06-15T06:21:53Z</time>
    <extensions>
     <gpxdata:distance>4267.00</gpxdata:distance>
     <gpxdata:speed>1.897</gpxdata:speed>
    </extensions>
   </trkpt>
   <trkpt lat="48.4113210" lon="9.9844758">
    <ele>596</ele>
    <time>2026-06-15T06:21:54Z</time>
    <extensions>
     <gpxdata:distance>4269.00</gpxdata:distance>
     <gpxdata:speed>1.925</gpxdata:speed>
    </extensions>
   </trkpt>
   <trkpt lat="48.4113365" lon="9.9844781">
    <ele>596</ele>
    <time>2026-06-15T06:21:55Z</time>
    <extensions>
     <gpxdata:distance>4271.00</gpxdata:distance>
     <gpxdata:speed>1.961</gpxdata:speed>
    </extensions>
   </trkpt>
   <trkpt lat="48.4113528" lon="9.9844850">
    <ele>596</ele>
    <time>2026-06-15T06:21:56Z</time>
    <extensions>
     <gpxdata:distance>4273.00</gpxdata:distance>
     <gpxdata:speed>2.103</gpxdata:speed>
    </extensions>
   </trkpt>
   <trkpt lat="48.4113747" lon="9.9845041">
    <ele>596</ele>
    <time>2026-06-15T06:21:57Z</time>
    <extensions>
     <gpxdata:distance>4275.50</gpxdata:distance>
     <gpxdata:speed>2.300</gpxdata:speed>
    </extensions>
   </trkpt>
   <trkpt lat="48.4113909" lon="9.9845287">
    <ele>596</ele>
    <time>2026-06-15T06:21:58Z</time>
    <extensions>
     <gpxdata:distance>4278.00</gpxdata:distance>
     <gpxdata:speed>2.467</gpxdata:speed>
    </extensions>
   </trkpt>
   <trkpt lat="48.4114035" lon="9.9845590">
    <ele>596</ele>
    <time>2026-06-15T06:21:59Z</time>
    <extensions>
     <gpxdata:distance>4281.50</gpxdata:distance>
     <gpxdata:speed>2.861</gpxdata:speed>
    </extensions>
   </trkpt>
   <trkpt lat="48.4114147" lon="9.9845957">
    <ele>596</ele>
    <time>2026-06-15T06:22:00Z</time>
    <extensions>
     <gpxdata:distance>4285.00</gpxdata:distance>
     <gpxdata:speed>3.342</gpxdata:speed>
    </extensions>
   </trkpt>
   <trkpt lat="48.4114338" lon="9.9846663">
    <ele>596</ele>
    <time>2026-06-15T06:22:01Z</time>
    <extensions>
     <gpxdata:distance>4290.00</gpxdata:distance>
     <gpxdata:speed>3.869</gpxdata:speed>
    </extensions>
   </trkpt>
   <trkpt lat="48.4114487" lon="9.9847261">
    <ele>596</ele>
    <time>2026-06-15T06:22:02Z</time>
    <extensions>
     <gpxdata:distance>4295.00</gpxdata:distance>
     <gpxdata:speed>4.489</gpxdata:speed>
    </extensions>
   </trkpt>
   <trkpt lat="48.4114637" lon="9.9847923">
    <ele>595</ele>
    <time>2026-06-15T06:22:03Z</time>
    <extensions>
     <gpxdata:distance>4301.00</gpxdata:distance>
     <gpxdata:speed>5.214</gpxdata:speed>
    </extensions>
   </trkpt>
   <trkpt lat="48.4114790" lon="9.9848684">
    <ele>595</ele>
    <time>2026-06-15T06:22:04Z</time>
    <extensions>
     <gpxdata:distance>4307.00</gpxdata:distance>
     <gpxdata:speed>4.522</gpxdata:speed>
    </extensions>
   </trkpt>
   <trkpt lat="48.4114943" lon="9.9849554">
    <ele>595</ele>
    <time>2026-06-15T06:22:05Z</time>
    <extensions>
     <gpxdata:distance>4315.00</gpxdata:distance>
     <gpxdata:speed>5.100</gpxdata:speed>
    </extensions>
   </trkpt>
   <trkpt lat="48.4115088" lon="9.9850515">
    <ele>595</ele>
    <time>2026-06-15T06:22:06Z</time>
    <extensions>
     <gpxdata:distance>4323.00</gpxdata:distance>
     <gpxdata:speed>5.642</gpxdata:speed>
    </extensions>
   </trkpt>
   <trkpt lat="48.4115216" lon="9.9851560">
    <ele>594</ele>
    <time>2026-06-15T06:22:07Z</time>
    <extensions>
     <gpxdata:distance>4331.50</gpxdata:distance>
     <gpxdata:speed>6.231</gpxdata:speed>
    </extensions>
   </trkpt>
   <trkpt lat="48.4115365" lon="9.9853075">
    <ele>593</ele>
    <time>2026-06-15T06:22:08Z</time>
    <extensions>
     <gpxdata:distance>4340.00</gpxdata:distance>
     <gpxdata:speed>6.919</gpxdata:speed>
    </extensions>
   </trkpt>
   <trkpt lat="48.4115465" lon="9.9854381">
    <ele>592</ele>
    <time>2026-06-15T06:22:09Z</time>
    <extensions>
     <gpxdata:distance>4350.00</gpxdata:distance>
     <gpxdata:speed>7.592</gpxdata:speed>
    </extensions>
   </trkpt>
   <trkpt lat="48.4115551" lon="9.9855723">
    <ele>591</ele>
    <time>2026-06-15T06:22:10Z</time>
    <extensions>
     <gpxdata:distance>4360.00</gpxdata:distance>
     <gpxdata:speed>8.172</gpxdata:speed>
    </extensions>
   </trkpt>
   <trkpt lat="48.4115619" lon="9.9857115">
    <ele>591</ele>
    <time>2026-06-15T06:22:11Z</time>
    <extensions>
     <gpxdata:distance>4370.50</gpxdata:distance>
     <gpxdata:speed>10.019</gpxdata:speed>
    </extensions>
   </trkpt>
   <trkpt lat="48.4115671" lon="9.9858536">
    <ele>590</ele>
    <time>2026-06-15T06:22:12Z</time>
    <extensions>
     <gpxdata:distance>4381.00</gpxdata:distance>
     <gpxdata:speed>10.303</gpxdata:speed>
    </extensions>
   </trkpt>
   <trkpt lat="48.4115704" lon="9.9859996">
    <ele>589</ele>
    <time>2026-06-15T06:22:13Z</time>
    <extensions>
     <gpxdata:distance>4392.50</gpxdata:distance>
     <gpxdata:speed>10.647</gpxdata:speed>
    </extensions>
   </trkpt>
   <trkpt lat="48.4115754" lon="9.9861499">
    <ele>588</ele>
    <time>2026-06-15T06:22:14Z</time>
    <extensions>
     <gpxdata:distance>4404.00</gpxdata:distance>
     <gpxdata:speed>10.997</gpxdata:speed>
    </extensions>
   </trkpt>
   <trkpt lat="48.4115840" lon="9.9863041">
    <ele>586</ele>
    <time>2026-06-15T06:22:15Z</time>
    <extensions>
     <gpxdata:distance>4415.50</gpxdata:distance>
     <gpxdata:speed>11.308</gpxdata:speed>
    </extensions>
   </trkpt>
   <trkpt lat="48.4115948" lon="9.9864599">
    <ele>585</ele>
    <time>2026-06-15T06:22:16Z</time>
    <extensions>
     <gpxdata:distance>4427.00</gpxdata:distance>
     <gpxdata:speed>11.444</gpxdata:speed>
    </extensions>
   </trkpt>
   <trkpt lat="48.4116071" lon="9.9866170">
    <ele>584</ele>
    <time>2026-06-15T06:22:17Z</time>
    <extensions>
     <gpxdata:distance>4439.00</gpxdata:distance>
     <gpxdata:speed>11.578</gpxdata:speed>
    </extensions>
   </trkpt>
   <trkpt lat="48.4116219" lon="9.9867784">
    <ele>583</ele>
    <time>2026-06-15T06:22:18Z</time>
    <extensions>
     <gpxdata:distance>4451.00</gpxdata:distance>
     <gpxdata:speed>11.944</gpxdata:speed>
    </extensions>
   </trkpt>
   <trkpt lat="48.4116379" lon="9.9869474">
    <ele>582</ele>
    <time>2026-06-15T06:22:19Z</time>
    <extensions>
     <gpxdata:distance>4464.00</gpxdata:distance>
     <gpxdata:speed>12.497</gpxdata:speed>
    </extensions>
   </trkpt>
   <trkpt lat="48.4116528" lon="9.9871234">
    <ele>581</ele>
    <time>2026-06-15T06:22:20Z</time>
    <extensions>
     <gpxdata:distance>4477.00</gpxdata:distance>
     <gpxdata:speed>12.925</gpxdata:speed>
    </extensions>
   </trkpt>
   <trkpt lat="48.4116651" lon="9.9872991">
    <ele>580</ele>
    <time>2026-06-15T06:22:21Z</time>
    <extensions>
     <gpxdata:distance>4489.50</gpxdata:distance>
     <gpxdata:speed>12.875</gpxdata:speed>
    </extensions>
   </trkpt>
   <trkpt lat="48.4116736" lon="9.9874703">
    <ele>578</ele>
    <time>2026-06-15T06:22:22Z</time>
    <extensions>
     <gpxdata:distance>4502.00</gpxdata:distance>
     <gpxdata:speed>12.736</gpxdata:speed>
    </extensions>
   </trkpt>
   <trkpt lat="48.4116793" lon="9.9876292">
    <ele>577</ele>
    <time>2026-06-15T06:22:23Z</time>
    <extensions>
     <gpxdata:distance>4512.50</gpxdata:distance>
     <gpxdata:speed>11.767</gpxdata:speed>
    </extensions>
   </trkpt>
   <trkpt lat="48.4116837" lon="9.9877718">
    <ele>575</ele>
    <time>2026-06-15T06:22:24Z</time>
    <extensions>
     <gpxdata:distance>4523.00</gpxdata:distance>
     <gpxdata:speed>11.731</gpxdata:speed>
    </extensions>
   </trkpt>
   <trkpt lat="48.4116865" lon="9.9878954">
    <ele>574</ele>
    <time>2026-06-15T06:22:25Z</time>
    <extensions>
     <gpxdata:distance>4530.00</gpxdata:distance>
     <gpxdata:speed>7.883</gpxdata:speed>
    </extensions>
   </trkpt>
   <trkpt lat="48.4116882" lon="9.9879973">
    <ele>574</ele>
    <time>2026-06-15T06:22:26Z</time>
    <extensions>
     <gpxdata:distance>4537.00</gpxdata:distance>
     <gpxdata:speed>6.436</gpxdata:speed>
    </extensions>
   </trkpt>
   <trkpt lat="48.4116895" lon="9.9880842">
    <ele>573</ele>
    <time>2026-06-15T06:22:27Z</time>
    <extensions>
     <gpxdata:distance>4543.50</gpxdata:distance>
     <gpxdata:speed>6.436</gpxdata:speed>
    </extensions>
   </trkpt>
   <trkpt lat="48.4116923" lon="9.9881668">
    <ele>572</ele>
    <time>2026-06-15T06:22:28Z</time>
    <extensions>
     <gpxdata:distance>4550.00</gpxdata:distance>
     <gpxdata:speed>6.633</gpxdata:speed>
    </extensions>
   </trkpt>
   <trkpt lat="48.4116992" lon="9.9882511">
    <ele>571</ele>
    <time>2026-06-15T06:22:29Z</time>
    <extensions>
     <gpxdata:distance>4556.50</gpxdata:distance>
     <gpxdata:speed>6.694</gpxdata:speed>
    </extensions>
   </trkpt>
   <trkpt lat="48.4117088" lon="9.9883382">
    <ele>570</ele>
    <time>2026-06-15T06:22:30Z</time>
    <extensions>
     <gpxdata:distance>4563.00</gpxdata:distance>
     <gpxdata:speed>6.744</gpxdata:speed>
    </extensions>
   </trkpt>
   <trkpt lat="48.4117191" lon="9.9884285">
    <ele>570</ele>
    <time>2026-06-15T06:22:31Z</time>
    <extensions>
     <gpxdata:distance>4570.00</gpxdata:distance>
     <gpxdata:speed>6.842</gpxdata:speed>
    </extensions>
   </trkpt>
   <trkpt lat="48.4117284" lon="9.9885209">
    <ele>569</ele>
    <time>2026-06-15T06:22:32Z</time>
    <extensions>
     <gpxdata:distance>4577.00</gpxdata:distance>
     <gpxdata:speed>6.900</gpxdata:speed>
    </extensions>
   </trkpt>
   <trkpt lat="48.4117368" lon="9.9886159">
    <ele>569</ele>
    <time>2026-06-15T06:22:33Z</time>
    <extensions>
     <gpxdata:distance>4584.50</gpxdata:distance>
     <gpxdata:speed>7.053</gpxdata:speed>
    </extensions>
   </trkpt>
   <trkpt lat="48.4117440" lon="9.9887141">
    <ele>568</ele>
    <time>2026-06-15T06:22:34Z</time>
    <extensions>
     <gpxdata:distance>4592.00</gpxdata:distance>
     <gpxdata:speed>7.161</gpxdata:speed>
    </extensions>
   </trkpt>
   <trkpt lat="48.4117508" lon="9.9888154">
    <ele>568</ele>
    <time>2026-06-15T06:22:35Z</time>
    <extensions>
     <gpxdata:distance>4599.50</gpxdata:distance>
     <gpxdata:speed>7.297</gpxdata:speed>
    </extensions>
   </trkpt>
   <trkpt lat="48.4117588" lon="9.9889185">
    <ele>568</ele>
    <time>2026-06-15T06:22:36Z</time>
    <extensions>
     <gpxdata:distance>4607.00</gpxdata:distance>
     <gpxdata:speed>7.564</gpxdata:speed>
    </extensions>
   </trkpt>
   <trkpt lat="48.4117677" lon="9.9890239">
    <ele>567</ele>
    <time>2026-06-15T06:22:37Z</time>
    <extensions>
     <gpxdata:distance>4615.00</gpxdata:distance>
     <gpxdata:speed>7.772</gpxdata:speed>
    </extensions>
   </trkpt>
   <trkpt lat="48.4117766" lon="9.9891325">
    <ele>567</ele>
    <time>2026-06-15T06:22:38Z</time>
    <extensions>
     <gpxdata:distance>4623.00</gpxdata:distance>
     <gpxdata:speed>8.011</gpxdata:speed>
    </extensions>
   </trkpt>
   <trkpt lat="48.4117848" lon="9.9892416">
    <ele>566</ele>
    <time>2026-06-15T06:22:39Z</time>
    <extensions>
     <gpxdata:distance>4631.00</gpxdata:distance>
     <gpxdata:speed>8.025</gpxdata:speed>
    </extensions>
   </trkpt>
   <trkpt lat="48.4117915" lon="9.9893492">
    <ele>566</ele>
    <time>2026-06-15T06:22:40Z</time>
    <extensions>
     <gpxdata:distance>4639.00</gpxdata:distance>
     <gpxdata:speed>7.936</gpxdata:speed>
    </extensions>
   </trkpt>
   <trkpt lat="48.4117948" lon="9.9894554">
    <ele>565</ele>
    <time>2026-06-15T06:22:41Z</time>
    <extensions>
     <gpxdata:distance>4647.00</gpxdata:distance>
     <gpxdata:speed>7.858</gpxdata:speed>
    </extensions>
   </trkpt>
   <trkpt lat="48.4117912" lon="9.9895624">
    <ele>565</ele>
    <time>2026-06-15T06:22:42Z</time>
    <extensions>
     <gpxdata:distance>4655.00</gpxdata:distance>
     <gpxdata:speed>7.967</gpxdata:speed>
    </extensions>
   </trkpt>
   <trkpt lat="48.4117760" lon="9.9896704">
    <ele>564</ele>
    <time>2026-06-15T06:22:43Z</time>
    <extensions>
     <gpxdata:distance>4663.50</gpxdata:distance>
     <gpxdata:speed>8.228</gpxdata:speed>
    </extensions>
   </trkpt>
   <trkpt lat="48.4117496" lon="9.9897779">
    <ele>564</ele>
    <time>2026-06-15T06:22:44Z</time>
    <extensions>
     <gpxdata:distance>4672.00</gpxdata:distance>
     <gpxdata:speed>8.458</gpxdata:speed>
    </extensions>
   </trkpt>
   <trkpt lat="48.4117118" lon="9.9898826">
    <ele>564</ele>
    <time>2026-06-15T06:22:45Z</time>
    <extensions>
     <gpxdata:distance>4681.00</gpxdata:distance>
     <gpxdata:speed>8.750</gpxdata:speed>
    </extensions>
   </trkpt>
   <trkpt lat="48.4116638" lon="9.9899815">
    <ele>563</ele>
    <time>2026-06-15T06:22:46Z</time>
    <extensions>
     <gpxdata:distance>4690.00</gpxdata:distance>
     <gpxdata:speed>8.942</gpxdata:speed>
    </extensions>
   </trkpt>
   <trkpt lat="48.4116116" lon="9.9900752">
    <ele>563</ele>
    <time>2026-06-15T06:22:47Z</time>
    <extensions>
     <gpxdata:distance>4699.00</gpxdata:distance>
     <gpxdata:speed>8.897</gpxdata:speed>
    </extensions>
   </trkpt>
   <trkpt lat="48.4115573" lon="9.9901667">
    <ele>562</ele>
    <time>2026-06-15T06:22:48Z</time>
    <extensions>
     <gpxdata:distance>4708.00</gpxdata:distance>
     <gpxdata:speed>8.961</gpxdata:speed>
    </extensions>
   </trkpt>
   <trkpt lat="48.4115023" lon="9.9902552">
    <ele>562</ele>
    <time>2026-06-15T06:22:49Z</time>
    <extensions>
     <gpxdata:distance>4716.50</gpxdata:distance>
     <gpxdata:speed>8.892</gpxdata:speed>
    </extensions>
   </trkpt>
   <trkpt lat="48.4114478" lon="9.9903384">
    <ele>561</ele>
    <time>2026-06-15T06:22:50Z</time>
    <extensions>
     <gpxdata:distance>4725.00</gpxdata:distance>
     <gpxdata:speed>8.689</gpxdata:speed>
    </extensions>
   </trkpt>
   <trkpt lat="48.4113946" lon="9.9904155">
    <ele>561</ele>
    <time>2026-06-15T06:22:51Z</time>
    <extensions>
     <gpxdata:distance>4733.00</gpxdata:distance>
     <gpxdata:speed>8.464</gpxdata:speed>
    </extensions>
   </trkpt>
   <trkpt lat="48.4113427" lon="9.9904896">
    <ele>560</ele>
    <time>2026-06-15T06:22:52Z</time>
    <extensions>
     <gpxdata:distance>4741.00</gpxdata:distance>
     <gpxdata:speed>8.283</gpxdata:speed>
    </extensions>
   </trkpt>
   <trkpt lat="48.4112910" lon="9.9905602">
    <ele>560</ele>
    <time>2026-06-15T06:22:53Z</time>
    <extensions>
     <gpxdata:distance>4748.50</gpxdata:distance>
     <gpxdata:speed>8.103</gpxdata:speed>
    </extensions>
   </trkpt>
   <trkpt lat="48.4112427" lon="9.9906296">
    <ele>559</ele>
    <time>2026-06-15T06:22:54Z</time>
    <extensions>
     <gpxdata:distance>4756.00</gpxdata:distance>
     <gpxdata:speed>7.569</gpxdata:speed>
    </extensions>
   </trkpt>
   <trkpt lat="48.4111987" lon="9.9906990">
    <ele>559</ele>
    <time>2026-06-15T06:22:55Z</time>
    <extensions>
     <gpxdata:distance>4763.00</gpxdata:distance>
     <gpxdata:speed>7.217</gpxdata:speed>
    </extensions>
   </trkpt>
   <trkpt lat="48.4111560" lon="9.9907702">
    <ele>558</ele>
    <time>2026-06-15T06:22:56Z</time>
    <extensions>
     <gpxdata:distance>4770.00</gpxdata:distance>
     <gpxdata:speed>7.225</gpxdata:speed>
    </extensions>
   </trkpt>
   <trkpt lat="48.4111125" lon="9.9908443">
    <ele>558</ele>
    <time>2026-06-15T06:22:57Z</time>
    <extensions>
     <gpxdata:distance>4778.00</gpxdata:distance>
     <gpxdata:speed>7.386</gpxdata:speed>
    </extensions>
   </trkpt>
   <trkpt lat="48.4110697" lon="9.9909239">
    <ele>558</ele>
    <time>2026-06-15T06:22:58Z</time>
    <extensions>
     <gpxdata:distance>4786.00</gpxdata:distance>
     <gpxdata:speed>7.581</gpxdata:speed>
    </extensions>
   </trkpt>
   <trkpt lat="48.4110310" lon="9.9910153">
    <ele>557</ele>
    <time>2026-06-15T06:22:59Z</time>
    <extensions>
     <gpxdata:distance>4794.50</gpxdata:distance>
     <gpxdata:speed>7.989</gpxdata:speed>
    </extensions>
   </trkpt>
   <trkpt lat="48.4110003" lon="9.9911217">
    <ele>557</ele>
    <time>2026-06-15T06:23:00Z</time>
    <extensions>
     <gpxdata:distance>4803.00</gpxdata:distance>
     <gpxdata:speed>8.514</gpxdata:speed>
    </extensions>
   </trkpt>
   <trkpt lat="48.4109802" lon="9.9912417">
    <ele>556</ele>
    <time>2026-06-15T06:23:01Z</time>
    <extensions>
     <gpxdata:distance>4812.50</gpxdata:distance>
     <gpxdata:speed>9.017</gpxdata:speed>
    </extensions>
   </trkpt>
   <trkpt lat="48.4109676" lon="9.9913693">
    <ele>556</ele>
    <time>2026-06-15T06:23:02Z</time>
    <extensions>
     <gpxdata:distance>4822.00</gpxdata:distance>
     <gpxdata:speed>9.308</gpxdata:speed>
    </extensions>
   </trkpt>
   <trkpt lat="48.4109570" lon="9.9914968">
    <ele>555</ele>
    <time>2026-06-15T06:23:03Z</time>
    <extensions>
     <gpxdata:distance>4831.00</gpxdata:distance>
     <gpxdata:speed>9.278</gpxdata:speed>
    </extensions>
   </trkpt>
   <trkpt lat="48.4109469" lon="9.9916176">
    <ele>555</ele>
    <time>2026-06-15T06:23:04Z</time>
    <extensions>
     <gpxdata:distance>4840.00</gpxdata:distance>
     <gpxdata:speed>8.897</gpxdata:speed>
    </extensions>
   </trkpt>
   <trkpt lat="48.4109353" lon="9.9917248">
    <ele>554</ele>
    <time>2026-06-15T06:23:05Z</time>
    <extensions>
     <gpxdata:distance>4846.50</gpxdata:distance>
     <gpxdata:speed>8.142</gpxdata:speed>
    </extensions>
   </trkpt>
   <trkpt lat="48.4109223" lon="9.9918146">
    <ele>553</ele>
    <time>2026-06-15T06:23:06Z</time>
    <extensions>
     <gpxdata:distance>4853.00</gpxdata:distance>
     <gpxdata:speed>8.119</gpxdata:speed>
    </extensions>
   </trkpt>
   <trkpt lat="48.4109109" lon="9.9918863">
    <ele>552</ele>
    <time>2026-06-15T06:23:07Z</time>
    <extensions>
     <gpxdata:distance>4857.00</gpxdata:distance>
     <gpxdata:speed>5.689</gpxdata:speed>
    </extensions>
   </trkpt>
   <trkpt lat="48.4109037" lon="9.9919272">
    <ele>552</ele>
    <time>2026-06-15T06:23:08Z</time>
    <extensions>
     <gpxdata:distance>4861.00</gpxdata:distance>
     <gpxdata:speed>4.706</gpxdata:speed>
    </extensions>
   </trkpt>
   <trkpt lat="48.4108931" lon="9.9919700">
    <ele>551</ele>
    <time>2026-06-15T06:23:09Z</time>
    <extensions>
     <gpxdata:distance>4864.00</gpxdata:distance>
     <gpxdata:speed>4.003</gpxdata:speed>
    </extensions>
   </trkpt>
   <trkpt lat="48.4108772" lon="9.9920048">
    <ele>551</ele>
    <time>2026-06-15T06:23:10Z</time>
    <extensions>
     <gpxdata:distance>4867.00</gpxdata:distance>
     <gpxdata:speed>3.589</gpxdata:speed>
    </extensions>
   </trkpt>
   <trkpt lat="48.4108565" lon="9.9920248">
    <ele>550</ele>
    <time>2026-06-15T06:23:11Z</time>
    <extensions>
     <gpxdata:distance>4869.50</gpxdata:distance>
     <gpxdata:speed>3.208</gpxdata:speed>
    </extensions>
   </trkpt>
   <trkpt lat="48.4108348" lon="9.9920281">
    <ele>550</ele>
    <time>2026-06-15T06:23:12Z</time>
    <extensions>
     <gpxdata:distance>4872.00</gpxdata:distance>
     <gpxdata:speed>2.864</gpxdata:speed>
    </extensions>
   </trkpt>
   <trkpt lat="48.4108230" lon="9.9920224">
    <ele>550</ele>
    <time>2026-06-15T06:23:13Z</time>
    <extensions>
     <gpxdata:distance>4874.50</gpxdata:distance>
     <gpxdata:speed>2.775</gpxdata:speed>
    </extensions>
   </trkpt>
   <trkpt lat="48.4108070" lon="9.9920094">
    <ele>549</ele>
    <time>2026-06-15T06:23:14Z</time>
    <extensions>
     <gpxdata:distance>4877.00</gpxdata:distance>
     <gpxdata:speed>2.719</gpxdata:speed>
    </extensions>
   </trkpt>
   <trkpt lat="48.4107877" lon="9.9919929">
    <ele>549</ele>
    <time>2026-06-15T06:23:15Z</time>
    <extensions>
     <gpxdata:distance>4880.50</gpxdata:distance>
     <gpxdata:speed>2.828</gpxdata:speed>
    </extensions>
   </trkpt>
   <trkpt lat="48.4107646" lon="9.9919765">
    <ele>549</ele>
    <time>2026-06-15T06:23:16Z</time>
    <extensions>
     <gpxdata:distance>4884.00</gpxdata:distance>
     <gpxdata:speed>3.097</gpxdata:speed>
    </extensions>
   </trkpt>
   <trkpt lat="48.4107214" lon="9.9919506">
    <ele>549</ele>
    <time>2026-06-15T06:23:17Z</time>
    <extensions>
     <gpxdata:distance>4887.50</gpxdata:distance>
     <gpxdata:speed>3.253</gpxdata:speed>
    </extensions>
   </trkpt>
   <trkpt lat="48.4106887" lon="9.9919306">
    <ele>548</ele>
    <time>2026-06-15T06:23:18Z</time>
    <extensions>
     <gpxdata:distance>4891.00</gpxdata:distance>
     <gpxdata:speed>3.394</gpxdata:speed>
    </extensions>
   </trkpt>
   <trkpt lat="48.4106574" lon="9.9919077">
    <ele>548</ele>
    <time>2026-06-15T06:23:19Z</time>
    <extensions>
     <gpxdata:distance>4895.00</gpxdata:distance>
     <gpxdata:speed>3.569</gpxdata:speed>
    </extensions>
   </trkpt>
   <trkpt lat="48.4106258" lon="9.9918826">
    <ele>548</ele>
    <time>2026-06-15T06:23:20Z</time>
    <extensions>
     <gpxdata:distance>4899.00</gpxdata:distance>
     <gpxdata:speed>3.736</gpxdata:speed>
    </extensions>
   </trkpt>
   <trkpt lat="48.4105925" lon="9.9918565">
    <ele>548</ele>
    <time>2026-06-15T06:23:21Z</time>
    <extensions>
     <gpxdata:distance>4903.50</gpxdata:distance>
     <gpxdata:speed>4.144</gpxdata:speed>
    </extensions>
   </trkpt>
   <trkpt lat="48.4105573" lon="9.9918312">
    <ele>548</ele>
    <time>2026-06-15T06:23:22Z</time>
    <extensions>
     <gpxdata:distance>4908.00</gpxdata:distance>
     <gpxdata:speed>4.331</gpxdata:speed>
    </extensions>
   </trkpt>
   <trkpt lat="48.4105183" lon="9.9918075">
    <ele>548</ele>
    <time>2026-06-15T06:23:23Z</time>
    <extensions>
     <gpxdata:distance>4913.50</gpxdata:distance>
     <gpxdata:speed>4.725</gpxdata:speed>
    </extensions>
   </trkpt>
   <trkpt lat="48.4104745" lon="9.9917859">
    <ele>548</ele>
    <time>2026-06-15T06:23:24Z</time>
    <extensions>
     <gpxdata:distance>4919.00</gpxdata:distance>
     <gpxdata:speed>5.203</gpxdata:speed>
    </extensions>
   </trkpt>
   <trkpt lat="48.4104266" lon="9.9917636">
    <ele>548</ele>
    <time>2026-06-15T06:23:25Z</time>
    <extensions>
     <gpxdata:distance>4925.00</gpxdata:distance>
     <gpxdata:speed>5.600</gpxdata:speed>
    </extensions>
   </trkpt>
   <trkpt lat="48.4103750" lon="9.9917397">
    <ele>547</ele>
    <time>2026-06-15T06:23:26Z</time>
    <extensions>
     <gpxdata:distance>4931.00</gpxdata:distance>
     <gpxdata:speed>6.022</gpxdata:speed>
    </extensions>
   </trkpt>
   <trkpt lat="48.4103023" lon="9.9917070">
    <ele>547</ele>
    <time>2026-06-15T06:23:27Z</time>
    <extensions>
     <gpxdata:distance>4938.00</gpxdata:distance>
     <gpxdata:speed>6.306</gpxdata:speed>
    </extensions>
   </trkpt>
   <trkpt lat="48.4102417" lon="9.9916794">
    <ele>546</ele>
    <time>2026-06-15T06:23:28Z</time>
    <extensions>
     <gpxdata:distance>4945.00</gpxdata:distance>
     <gpxdata:speed>6.681</gpxdata:speed>
    </extensions>
   </trkpt>
   <trkpt lat="48.4101806" lon="9.9916521">
    <ele>546</ele>
    <time>2026-06-15T06:23:29Z</time>
    <extensions>
     <gpxdata:distance>4952.50</gpxdata:distance>
     <gpxdata:speed>6.933</gpxdata:speed>
    </extensions>
   </trkpt>
   <trkpt lat="48.4101170" lon="9.9916214">
    <ele>546</ele>
    <time>2026-06-15T06:23:30Z</time>
    <extensions>
     <gpxdata:distance>4960.00</gpxdata:distance>
     <gpxdata:speed>7.319</gpxdata:speed>
    </extensions>
   </trkpt>
   <trkpt lat="48.4100524" lon="9.9915808">
    <ele>545</ele>
    <time>2026-06-15T06:23:31Z</time>
    <extensions>
     <gpxdata:distance>4968.00</gpxdata:distance>
     <gpxdata:speed>7.689</gpxdata:speed>
    </extensions>
   </trkpt>
   <trkpt lat="48.4099902" lon="9.9915239">
    <ele>545</ele>
    <time>2026-06-15T06:23:32Z</time>
    <extensions>
     <gpxdata:distance>4976.00</gpxdata:distance>
     <gpxdata:speed>8.036</gpxdata:speed>
    </extensions>
   </trkpt>
   <trkpt lat="48.4099335" lon="9.9914476">
    <ele>545</ele>
    <time>2026-06-15T06:23:33Z</time>
    <extensions>
     <gpxdata:distance>4985.00</gpxdata:distance>
     <gpxdata:speed>8.428</gpxdata:speed>
    </extensions>
   </trkpt>
   <trkpt lat="48.4098826" lon="9.9913556">
    <ele>544</ele>
    <time>2026-06-15T06:23:34Z</time>
    <extensions>
     <gpxdata:distance>4994.00</gpxdata:distance>
     <gpxdata:speed>8.736</gpxdata:speed>
    </extensions>
   </trkpt>
   <trkpt lat="48.4098382" lon="9.9912511">
    <ele>544</ele>
    <time>2026-06-15T06:23:35Z</time>
    <extensions>
     <gpxdata:distance>5003.50</gpxdata:distance>
     <gpxdata:speed>9.014</gpxdata:speed>
    </extensions>
   </trkpt>
   <trkpt lat="48.4098023" lon="9.9911350">
    <ele>543</ele>
    <time>2026-06-15T06:23:36Z</time>
    <extensions>
     <gpxdata:distance>5013.00</gpxdata:distance>
     <gpxdata:speed>9.322</gpxdata:speed>
    </extensions>
   </trkpt>
   <trkpt lat="48.4097752" lon="9.9910103">
    <ele>543</ele>
    <time>2026-06-15T06:23:37Z</time>
    <extensions>
     <gpxdata:distance>5023.00</gpxdata:distance>
     <gpxdata:speed>9.550</gpxdata:speed>
    </extensions>
   </trkpt>
   <trkpt lat="48.4097512" lon="9.9908828">
    <ele>542</ele>
    <time>2026-06-15T06:23:38Z</time>
    <extensions>
     <gpxdata:distance>5033.00</gpxdata:distance>
     <gpxdata:speed>9.622</gpxdata:speed>
    </extensions>
   </trkpt>
   <trkpt lat="48.4097263" lon="9.9907553">
    <ele>542</ele>
    <time>2026-06-15T06:23:39Z</time>
    <extensions>
     <gpxdata:distance>5042.50</gpxdata:distance>
     <gpxdata:speed>9.694</gpxdata:speed>
    </extensions>
   </trkpt>
   <trkpt lat="48.4097004" lon="9.9906285">
    <ele>541</ele>
    <time>2026-06-15T06:23:40Z</time>
    <extensions>
     <gpxdata:distance>5052.00</gpxdata:distance>
     <gpxdata:speed>9.728</gpxdata:speed>
    </extensions>
   </trkpt>
   <trkpt lat="48.4096748" lon="9.9905018">
    <ele>541</ele>
    <time>2026-06-15T06:23:41Z</time>
    <extensions>
     <gpxdata:distance>5061.50</gpxdata:distance>
     <gpxdata:speed>9.742</gpxdata:speed>
    </extensions>
   </trkpt>
   <trkpt lat="48.4096486" lon="9.9903798">
    <ele>540</ele>
    <time>2026-06-15T06:23:42Z</time>
    <extensions>
     <gpxdata:distance>5071.00</gpxdata:distance>
     <gpxdata:speed>9.458</gpxdata:speed>
    </extensions>
   </trkpt>
   <trkpt lat="48.4096191" lon="9.9902713">
    <ele>540</ele>
    <time>2026-06-15T06:23:43Z</time>
    <extensions>
     <gpxdata:distance>5079.00</gpxdata:distance>
     <gpxdata:speed>8.753</gpxdata:speed>
    </extensions>
   </trkpt>
   <trkpt lat="48.4095802" lon="9.9901804">
    <ele>539</ele>
    <time>2026-06-15T06:23:44Z</time>
    <extensions>
     <gpxdata:distance>5087.00</gpxdata:distance>
     <gpxdata:speed>8.281</gpxdata:speed>
    </extensions>
   </trkpt>
   <trkpt lat="48.4095302" lon="9.9901064">
    <ele>539</ele>
    <time>2026-06-15T06:23:45Z</time>
    <extensions>
     <gpxdata:distance>5095.00</gpxdata:distance>
     <gpxdata:speed>8.133</gpxdata:speed>
    </extensions>
   </trkpt>
   <trkpt lat="48.4094716" lon="9.9900434">
    <ele>539</ele>
    <time>2026-06-15T06:23:46Z</time>
    <extensions>
     <gpxdata:distance>5103.00</gpxdata:distance>
     <gpxdata:speed>8.186</gpxdata:speed>
    </extensions>
   </trkpt>
   <trkpt lat="48.4094074" lon="9.9899855">
    <ele>538</ele>
    <time>2026-06-15T06:23:47Z</time>
    <extensions>
     <gpxdata:distance>5111.50</gpxdata:distance>
     <gpxdata:speed>8.258</gpxdata:speed>
    </extensions>
   </trkpt>
   <trkpt lat="48.4093406" lon="9.9899279">
    <ele>538</ele>
    <time>2026-06-15T06:23:48Z</time>
    <extensions>
     <gpxdata:distance>5120.00</gpxdata:distance>
     <gpxdata:speed>8.389</gpxdata:speed>
    </extensions>
   </trkpt>
   <trkpt lat="48.4092729" lon="9.9898688">
    <ele>538</ele>
    <time>2026-06-15T06:23:49Z</time>
    <extensions>
     <gpxdata:distance>5129.00</gpxdata:distance>
     <gpxdata:speed>8.567</gpxdata:speed>
    </extensions>
   </trkpt>
   <trkpt lat="48.4092052" lon="9.9898085">
    <ele>537</ele>
    <time>2026-06-15T06:23:50Z</time>
    <extensions>
     <gpxdata:distance>5138.00</gpxdata:distance>
     <gpxdata:speed>8.658</gpxdata:speed>
    </extensions>
   </trkpt>
   <trkpt lat="48.4091370" lon="9.9897490">
    <ele>537</ele>
    <time>2026-06-15T06:23:51Z</time>
    <extensions>
     <gpxdata:distance>5146.50</gpxdata:distance>
     <gpxdata:speed>8.697</gpxdata:speed>
    </extensions>
   </trkpt>
   <trkpt lat="48.4090685" lon="9.9896894">
    <ele>536</ele>
    <time>2026-06-15T06:23:52Z</time>
    <extensions>
     <gpxdata:distance>5155.00</gpxdata:distance>
     <gpxdata:speed>8.747</gpxdata:speed>
    </extensions>
   </trkpt>
   <trkpt lat="48.4089994" lon="9.9896312">
    <ele>536</ele>
    <time>2026-06-15T06:23:53Z</time>
    <extensions>
     <gpxdata:distance>5164.00</gpxdata:distance>
     <gpxdata:speed>8.767</gpxdata:speed>
    </extensions>
   </trkpt>
   <trkpt lat="48.4089296" lon="9.9895746">
    <ele>535</ele>
    <time>2026-06-15T06:23:54Z</time>
    <extensions>
     <gpxdata:distance>5173.00</gpxdata:distance>
     <gpxdata:speed>8.794</gpxdata:speed>
    </extensions>
   </trkpt>
   <trkpt lat="48.4088597" lon="9.9895184">
    <ele>535</ele>
    <time>2026-06-15T06:23:55Z</time>
    <extensions>
     <gpxdata:distance>5181.50</gpxdata:distance>
     <gpxdata:speed>8.817</gpxdata:speed>
    </extensions>
   </trkpt>
   <trkpt lat="48.4087899" lon="9.9894616">
    <ele>534</ele>
    <time>2026-06-15T06:23:56Z</time>
    <extensions>
     <gpxdata:distance>5190.00</gpxdata:distance>
     <gpxdata:speed>8.828</gpxdata:speed>
    </extensions>
   </trkpt>
   <trkpt lat="48.4087218" lon="9.9894033">
    <ele>534</ele>
    <time>2026-06-15T06:23:57Z</time>
    <extensions>
     <gpxdata:distance>5199.00</gpxdata:distance>
     <gpxdata:speed>8.789</gpxdata:speed>
    </extensions>
   </trkpt>
   <trkpt lat="48.4086543" lon="9.9893450">
    <ele>534</ele>
    <time>2026-06-15T06:23:58Z</time>
    <extensions>
     <gpxdata:distance>5208.00</gpxdata:distance>
     <gpxdata:speed>8.744</gpxdata:speed>
    </extensions>
   </trkpt>
   <trkpt lat="48.4085868" lon="9.9892866">
    <ele>533</ele>
    <time>2026-06-15T06:23:59Z</time>
    <extensions>
     <gpxdata:distance>5216.50</gpxdata:distance>
     <gpxdata:speed>8.719</gpxdata:speed>
    </extensions>
   </trkpt>
   <trkpt lat="48.4085184" lon="9.9892276">
    <ele>533</ele>
    <time>2026-06-15T06:24:00Z</time>
    <extensions>
     <gpxdata:distance>5225.00</gpxdata:distance>
     <gpxdata:speed>8.747</gpxdata:speed>
    </extensions>
   </trkpt>
   <trkpt lat="48.4084492" lon="9.9891670">
    <ele>532</ele>
    <time>2026-06-15T06:24:01Z</time>
    <extensions>
     <gpxdata:distance>5234.00</gpxdata:distance>
     <gpxdata:speed>8.811</gpxdata:speed>
    </extensions>
   </trkpt>
   <trkpt lat="48.4083796" lon="9.9891046">
    <ele>532</ele>
    <time>2026-06-15T06:24:02Z</time>
    <extensions>
     <gpxdata:distance>5243.00</gpxdata:distance>
     <gpxdata:speed>8.883</gpxdata:speed>
    </extensions>
   </trkpt>
   <trkpt lat="48.4083095" lon="9.9890412">
    <ele>532</ele>
    <time>2026-06-15T06:24:03Z</time>
    <extensions>
     <gpxdata:distance>5252.50</gpxdata:distance>
     <gpxdata:speed>8.958</gpxdata:speed>
    </extensions>
   </trkpt>
   <trkpt lat="48.4082393" lon="9.9889768">
    <ele>531</ele>
    <time>2026-06-15T06:24:04Z</time>
    <extensions>
     <gpxdata:distance>5262.00</gpxdata:distance>
     <gpxdata:speed>9.022</gpxdata:speed>
    </extensions>
   </trkpt>
   <trkpt lat="48.4081683" lon="9.9889119">
    <ele>531</ele>
    <time>2026-06-15T06:24:05Z</time>
    <extensions>
     <gpxdata:distance>5271.00</gpxdata:distance>
     <gpxdata:speed>9.108</gpxdata:speed>
    </extensions>
   </trkpt>
   <trkpt lat="48.4080968" lon="9.9888475">
    <ele>530</ele>
    <time>2026-06-15T06:24:06Z</time>
    <extensions>
     <gpxdata:distance>5280.00</gpxdata:distance>
     <gpxdata:speed>9.167</gpxdata:speed>
    </extensions>
   </trkpt>
   <trkpt lat="48.4080249" lon="9.9887843">
    <ele>530</ele>
    <time>2026-06-15T06:24:07Z</time>
    <extensions>
     <gpxdata:distance>5289.50</gpxdata:distance>
     <gpxdata:speed>9.206</gpxdata:speed>
    </extensions>
   </trkpt>
   <trkpt lat="48.4079538" lon="9.9887196">
    <ele>530</ele>
    <time>2026-06-15T06:24:08Z</time>
    <extensions>
     <gpxdata:distance>5299.00</gpxdata:distance>
     <gpxdata:speed>9.228</gpxdata:speed>
    </extensions>
   </trkpt>
   <trkpt lat="48.4078870" lon="9.9886481">
    <ele>529</ele>
    <time>2026-06-15T06:24:09Z</time>
    <extensions>
     <gpxdata:distance>5308.00</gpxdata:distance>
     <gpxdata:speed>9.192</gpxdata:speed>
    </extensions>
   </trkpt>
   <trkpt lat="48.4078278" lon="9.9885662">
    <ele>529</ele>
    <time>2026-06-15T06:24:10Z</time>
    <extensions>
     <gpxdata:distance>5317.00</gpxdata:distance>
     <gpxdata:speed>9.119</gpxdata:speed>
    </extensions>
   </trkpt>
   <trkpt lat="48.4077795" lon="9.9884706">
    <ele>528</ele>
    <time>2026-06-15T06:24:11Z</time>
    <extensions>
     <gpxdata:distance>5325.50</gpxdata:distance>
     <gpxdata:speed>9.072</gpxdata:speed>
    </extensions>
   </trkpt>
   <trkpt lat="48.4077410" lon="9.9883661">
    <ele>528</ele>
    <time>2026-06-15T06:24:12Z</time>
    <extensions>
     <gpxdata:distance>5334.00</gpxdata:distance>
     <gpxdata:speed>8.997</gpxdata:speed>
    </extensions>
   </trkpt>
   <trkpt lat="48.4077104" lon="9.9882623">
    <ele>527</ele>
    <time>2026-06-15T06:24:13Z</time>
    <extensions>
     <gpxdata:distance>5341.50</gpxdata:distance>
     <gpxdata:speed>8.425</gpxdata:speed>
    </extensions>
   </trkpt>
   <trkpt lat="48.4076846" lon="9.9881675">
    <ele>527</ele>
    <time>2026-06-15T06:24:14Z</time>
    <extensions>
     <gpxdata:distance>5349.00</gpxdata:distance>
     <gpxdata:speed>7.633</gpxdata:speed>
    </extensions>
   </trkpt>
   <trkpt lat="48.4076587" lon="9.9880884">
    <ele>526</ele>
    <time>2026-06-15T06:24:15Z</time>
    <extensions>
     <gpxdata:distance>5354.00</gpxdata:distance>
     <gpxdata:speed>6.703</gpxdata:speed>
    </extensions>
   </trkpt>
   <trkpt lat="48.4076304" lon="9.9880327">
    <ele>526</ele>
    <time>2026-06-15T06:24:16Z</time>
    <extensions>
     <gpxdata:distance>5359.00</gpxdata:distance>
     <gpxdata:speed>6.489</gpxdata:speed>
    </extensions>
   </trkpt>
   <trkpt lat="48.4075970" lon="9.9880049">
    <ele>526</ele>
    <time>2026-06-15T06:24:17Z</time>
    <extensions>
     <gpxdata:distance>5363.50</gpxdata:distance>
     <gpxdata:speed>4.914</gpxdata:speed>
    </extensions>
   </trkpt>
   <trkpt lat="48.4075696" lon="9.9880092">
    <ele>526</ele>
    <time>2026-06-15T06:24:18Z</time>
    <extensions>
     <gpxdata:distance>5368.00</gpxdata:distance>
     <gpxdata:speed>5.000</gpxdata:speed>
    </extensions>
   </trkpt>
   <trkpt lat="48.4075342" lon="9.9880370">
    <ele>526</ele>
    <time>2026-06-15T06:24:19Z</time>
    <extensions>
     <gpxdata:distance>5374.00</gpxdata:distance>
     <gpxdata:speed>5.306</gpxdata:speed>
    </extensions>
   </trkpt>
   <trkpt lat="48.4074969" lon="9.9880829">
    <ele>526</ele>
    <time>2026-06-15T06:24:20Z</time>
    <extensions>
     <gpxdata:distance>5380.00</gpxdata:distance>
     <gpxdata:speed>5.575</gpxdata:speed>
    </extensions>
   </trkpt>
   <trkpt lat="48.4074588" lon="9.9881390">
    <ele>526</ele>
    <time>2026-06-15T06:24:21Z</time>
    <extensions>
     <gpxdata:distance>5386.50</gpxdata:distance>
     <gpxdata:speed>5.875</gpxdata:speed>
    </extensions>
   </trkpt>
   <trkpt lat="48.4074187" lon="9.9882005">
    <ele>526</ele>
    <time>2026-06-15T06:24:22Z</time>
    <extensions>
     <gpxdata:distance>5393.00</gpxdata:distance>
     <gpxdata:speed>6.256</gpxdata:speed>
    </extensions>
   </trkpt>
   <trkpt lat="48.4073658" lon="9.9882895">
    <ele>526</ele>
    <time>2026-06-15T06:24:23Z</time>
    <extensions>
     <gpxdata:distance>5399.50</gpxdata:distance>
     <gpxdata:speed>6.497</gpxdata:speed>
    </extensions>
   </trkpt>
   <trkpt lat="48.4073320" lon="9.9883694">
    <ele>526</ele>
    <time>2026-06-15T06:24:24Z</time>
    <extensions>
     <gpxdata:distance>5406.00</gpxdata:distance>
     <gpxdata:speed>6.656</gpxdata:speed>
    </extensions>
   </trkpt>
   <trkpt lat="48.4073147" lon="9.9884569">
    <ele>525</ele>
    <time>2026-06-15T06:24:25Z</time>
    <extensions>
     <gpxdata:distance>5413.00</gpxdata:distance>
     <gpxdata:speed>6.786</gpxdata:speed>
    </extensions>
   </trkpt>
   <trkpt lat="48.4073136" lon="9.9885510">
    <ele>525</ele>
    <time>2026-06-15T06:24:26Z</time>
    <extensions>
     <gpxdata:distance>5420.00</gpxdata:distance>
     <gpxdata:speed>7.022</gpxdata:speed>
    </extensions>
   </trkpt>
   <trkpt lat="48.4073250" lon="9.9886491">
    <ele>525</ele>
    <time>2026-06-15T06:24:27Z</time>
    <extensions>
     <gpxdata:distance>5428.00</gpxdata:distance>
     <gpxdata:speed>7.275</gpxdata:speed>
    </extensions>
   </trkpt>
   <trkpt lat="48.4073435" lon="9.9887493">
    <ele>524</ele>
    <time>2026-06-15T06:24:28Z</time>
    <extensions>
     <gpxdata:distance>5436.00</gpxdata:distance>
     <gpxdata:speed>7.503</gpxdata:speed>
    </extensions>
   </trkpt>
   <trkpt lat="48.4073657" lon="9.9888510">
    <ele>524</ele>
    <time>2026-06-15T06:24:29Z</time>
    <extensions>
     <gpxdata:distance>5444.00</gpxdata:distance>
     <gpxdata:speed>7.711</gpxdata:speed>
    </extensions>
   </trkpt>
   <trkpt lat="48.4073890" lon="9.9889540">
    <ele>524</ele>
    <time>2026-06-15T06:24:30Z</time>
    <extensions>
     <gpxdata:distance>5452.00</gpxdata:distance>
     <gpxdata:speed>7.875</gpxdata:speed>
    </extensions>
   </trkpt>
   <trkpt lat="48.4074111" lon="9.9890580">
    <ele>523</ele>
    <time>2026-06-15T06:24:31Z</time>
    <extensions>
     <gpxdata:distance>5460.00</gpxdata:distance>
     <gpxdata:speed>7.950</gpxdata:speed>
    </extensions>
   </trkpt>
   <trkpt lat="48.4074323" lon="9.9891635">
    <ele>523</ele>
    <time>2026-06-15T06:24:32Z</time>
    <extensions>
     <gpxdata:distance>5468.00</gpxdata:distance>
     <gpxdata:speed>8.067</gpxdata:speed>
    </extensions>
   </trkpt>
   <trkpt lat="48.4074528" lon="9.9892706">
    <ele>523</ele>
    <time>2026-06-15T06:24:33Z</time>
    <extensions>
     <gpxdata:distance>5476.50</gpxdata:distance>
     <gpxdata:speed>8.186</gpxdata:speed>
    </extensions>
   </trkpt>
   <trkpt lat="48.4074732" lon="9.9893796">
    <ele>522</ele>
    <time>2026-06-15T06:24:34Z</time>
    <extensions>
     <gpxdata:distance>5485.00</gpxdata:distance>
     <gpxdata:speed>8.319</gpxdata:speed>
    </extensions>
   </trkpt>
   <trkpt lat="48.4074953" lon="9.9894898">
    <ele>522</ele>
    <time>2026-06-15T06:24:35Z</time>
    <extensions>
     <gpxdata:distance>5493.50</gpxdata:distance>
     <gpxdata:speed>8.461</gpxdata:speed>
    </extensions>
   </trkpt>
   <trkpt lat="48.4075181" lon="9.9896020">
    <ele>522</ele>
    <time>2026-06-15T06:24:36Z</time>
    <extensions>
     <gpxdata:distance>5502.00</gpxdata:distance>
     <gpxdata:speed>8.625</gpxdata:speed>
    </extensions>
   </trkpt>
   <trkpt lat="48.4075413" lon="9.9897166">
    <ele>521</ele>
    <time>2026-06-15T06:24:37Z</time>
    <extensions>
     <gpxdata:distance>5511.00</gpxdata:distance>
     <gpxdata:speed>8.797</gpxdata:speed>
    </extensions>
   </trkpt>
   <trkpt lat="48.4075649" lon="9.9898335">
    <ele>521</ele>
    <time>2026-06-15T06:24:38Z</time>
    <extensions>
     <gpxdata:distance>5520.00</gpxdata:distance>
     <gpxdata:speed>8.964</gpxdata:speed>
    </extensions>
   </trkpt>
   <trkpt lat="48.4075888" lon="9.9899520">
    <ele>520</ele>
    <time>2026-06-15T06:24:39Z</time>
    <extensions>
     <gpxdata:distance>5529.50</gpxdata:distance>
     <gpxdata:speed>9.086</gpxdata:speed>
    </extensions>
   </trkpt>
   <trkpt lat="48.4076151" lon="9.9900711">
    <ele>520</ele>
    <time>2026-06-15T06:24:40Z</time>
    <extensions>
     <gpxdata:distance>5539.00</gpxdata:distance>
     <gpxdata:speed>9.217</gpxdata:speed>
    </extensions>
   </trkpt>
   <trkpt lat="48.4076460" lon="9.9901893">
    <ele>520</ele>
    <time>2026-06-15T06:24:41Z</time>
    <extensions>
     <gpxdata:distance>5548.50</gpxdata:distance>
     <gpxdata:speed>9.347</gpxdata:speed>
    </extensions>
   </trkpt>
   <trkpt lat="48.4076826" lon="9.9903059">
    <ele>519</ele>
    <time>2026-06-15T06:24:42Z</time>
    <extensions>
     <gpxdata:distance>5558.00</gpxdata:distance>
     <gpxdata:speed>9.489</gpxdata:speed>
    </extensions>
   </trkpt>
   <trkpt lat="48.4077242" lon="9.9904216">
    <ele>518</ele>
    <time>2026-06-15T06:24:43Z</time>
    <extensions>
     <gpxdata:distance>5568.00</gpxdata:distance>
     <gpxdata:speed>9.678</gpxdata:speed>
    </extensions>
   </trkpt>
   <trkpt lat="48.4077683" lon="9.9905384">
    <ele>518</ele>
    <time>2026-06-15T06:24:44Z</time>
    <extensions>
     <gpxdata:distance>5578.00</gpxdata:distance>
     <gpxdata:speed>9.864</gpxdata:speed>
    </extensions>
   </trkpt>
   <trkpt lat="48.4078138" lon="9.9906556">
    <ele>517</ele>
    <time>2026-06-15T06:24:45Z</time>
    <extensions>
     <gpxdata:distance>5587.50</gpxdata:distance>
     <gpxdata:speed>9.947</gpxdata:speed>
    </extensions>
   </trkpt>
   <trkpt lat="48.4078583" lon="9.9907700">
    <ele>517</ele>
    <time>2026-06-15T06:24:46Z</time>
    <extensions>
     <gpxdata:distance>5597.00</gpxdata:distance>
     <gpxdata:speed>9.739</gpxdata:speed>
    </extensions>
   </trkpt>
   <trkpt lat="48.4078988" lon="9.9908783">
    <ele>516</ele>
    <time>2026-06-15T06:24:47Z</time>
    <extensions>
     <gpxdata:distance>5605.00</gpxdata:distance>
     <gpxdata:speed>9.225</gpxdata:speed>
    </extensions>
   </trkpt>
   <trkpt lat="48.4079315" lon="9.9909803">
    <ele>516</ele>
    <time>2026-06-15T06:24:48Z</time>
    <extensions>
     <gpxdata:distance>5613.00</gpxdata:distance>
     <gpxdata:speed>8.522</gpxdata:speed>
    </extensions>
   </trkpt>
   <trkpt lat="48.4079520" lon="9.9910807">
    <ele>515</ele>
    <time>2026-06-15T06:24:49Z</time>
    <extensions>
     <gpxdata:distance>5621.00</gpxdata:distance>
     <gpxdata:speed>8.075</gpxdata:speed>
    </extensions>
   </trkpt>
   <trkpt lat="48.4079560" lon="9.9911831">
    <ele>515</ele>
    <time>2026-06-15T06:24:50Z</time>
    <extensions>
     <gpxdata:distance>5629.00</gpxdata:distance>
     <gpxdata:speed>7.958</gpxdata:speed>
    </extensions>
   </trkpt>
   <trkpt lat="48.4079412" lon="9.9912853">
    <ele>515</ele>
    <time>2026-06-15T06:24:51Z</time>
    <extensions>
     <gpxdata:distance>5637.50</gpxdata:distance>
     <gpxdata:speed>7.978</gpxdata:speed>
    </extensions>
   </trkpt>
   <trkpt lat="48.4079132" lon="9.9913883">
    <ele>515</ele>
    <time>2026-06-15T06:24:52Z</time>
    <extensions>
     <gpxdata:distance>5646.00</gpxdata:distance>
     <gpxdata:speed>8.261</gpxdata:speed>
    </extensions>
   </trkpt>
   <trkpt lat="48.4078726" lon="9.9914819">
    <ele>514</ele>
    <time>2026-06-15T06:24:53Z</time>
    <extensions>
     <gpxdata:distance>5654.50</gpxdata:distance>
     <gpxdata:speed>8.203</gpxdata:speed>
    </extensions>
   </trkpt>
   <trkpt lat="48.4078139" lon="9.9915618">
    <ele>513</ele>
    <time>2026-06-15T06:24:54Z</time>
    <extensions>
     <gpxdata:distance>5663.00</gpxdata:distance>
     <gpxdata:speed>8.792</gpxdata:speed>
    </extensions>
   </trkpt>
   <trkpt lat="48.4077450" lon="9.9916321">
    <ele>513</ele>
    <time>2026-06-15T06:24:55Z</time>
    <extensions>
     <gpxdata:distance>5672.50</gpxdata:distance>
     <gpxdata:speed>9.069</gpxdata:speed>
    </extensions>
   </trkpt>
   <trkpt lat="48.4076740" lon="9.9917022">
    <ele>512</ele>
    <time>2026-06-15T06:24:56Z</time>
    <extensions>
     <gpxdata:distance>5682.00</gpxdata:distance>
     <gpxdata:speed>9.186</gpxdata:speed>
    </extensions>
   </trkpt>
   <trkpt lat="48.4076037" lon="9.9917753">
    <ele>511</ele>
    <time>2026-06-15T06:24:57Z</time>
    <extensions>
     <gpxdata:distance>5691.00</gpxdata:distance>
     <gpxdata:speed>9.297</gpxdata:speed>
    </extensions>
   </trkpt>
   <trkpt lat="48.4075359" lon="9.9918504">
    <ele>511</ele>
    <time>2026-06-15T06:24:58Z</time>
    <extensions>
     <gpxdata:distance>5700.00</gpxdata:distance>
     <gpxdata:speed>9.239</gpxdata:speed>
    </extensions>
   </trkpt>
   <trkpt lat="48.4074698" lon="9.9919254">
    <ele>511</ele>
    <time>2026-06-15T06:24:59Z</time>
    <extensions>
     <gpxdata:distance>5709.00</gpxdata:distance>
     <gpxdata:speed>9.214</gpxdata:speed>
    </extensions>
   </trkpt>
   <trkpt lat="48.4074047" lon="9.9919988">
    <ele>510</ele>
    <time>2026-06-15T06:25:00Z</time>
    <extensions>
     <gpxdata:distance>5718.00</gpxdata:distance>
     <gpxdata:speed>9.147</gpxdata:speed>
    </extensions>
   </trkpt>
   <trkpt lat="48.4073407" lon="9.9920709">
    <ele>510</ele>
    <time>2026-06-15T06:25:01Z</time>
    <extensions>
     <gpxdata:distance>5727.00</gpxdata:distance>
     <gpxdata:speed>9.056</gpxdata:speed>
    </extensions>
   </trkpt>
   <trkpt lat="48.4072766" lon="9.9921427">
    <ele>510</ele>
    <time>2026-06-15T06:25:02Z</time>
    <extensions>
     <gpxdata:distance>5736.00</gpxdata:distance>
     <gpxdata:speed>9.006</gpxdata:speed>
    </extensions>
   </trkpt>
   <trkpt lat="48.4072108" lon="9.9922199">
    <ele>510</ele>
    <time>2026-06-15T06:25:03Z</time>
    <extensions>
     <gpxdata:distance>5745.50</gpxdata:distance>
     <gpxdata:speed>9.156</gpxdata:speed>
    </extensions>
   </trkpt>
   <trkpt lat="48.4071450" lon="9.9923004">
    <ele>509</ele>
    <time>2026-06-15T06:25:04Z</time>
    <extensions>
     <gpxdata:distance>5755.00</gpxdata:distance>
     <gpxdata:speed>9.264</gpxdata:speed>
    </extensions>
   </trkpt>
   <trkpt lat="48.4070802" lon="9.9923814">
    <ele>509</ele>
    <time>2026-06-15T06:25:05Z</time>
    <extensions>
     <gpxdata:distance>5764.50</gpxdata:distance>
     <gpxdata:speed>9.283</gpxdata:speed>
    </extensions>
   </trkpt>
   <trkpt lat="48.4070155" lon="9.9924643">
    <ele>509</ele>
    <time>2026-06-15T06:25:06Z</time>
    <extensions>
     <gpxdata:distance>5774.00</gpxdata:distance>
     <gpxdata:speed>9.425</gpxdata:speed>
    </extensions>
   </trkpt>
   <trkpt lat="48.4069488" lon="9.9925513">
    <ele>508</ele>
    <time>2026-06-15T06:25:07Z</time>
    <extensions>
     <gpxdata:distance>5784.50</gpxdata:distance>
     <gpxdata:speed>9.794</gpxdata:speed>
    </extensions>
   </trkpt>
   <trkpt lat="48.4068777" lon="9.9926388">
    <ele>508</ele>
    <time>2026-06-15T06:25:08Z</time>
    <extensions>
     <gpxdata:distance>5795.00</gpxdata:distance>
     <gpxdata:speed>10.150</gpxdata:speed>
    </extensions>
   </trkpt>
   <trkpt lat="48.4068047" lon="9.9927277">
    <ele>507</ele>
    <time>2026-06-15T06:25:09Z</time>
    <extensions>
     <gpxdata:distance>5805.50</gpxdata:distance>
     <gpxdata:speed>10.333</gpxdata:speed>
    </extensions>
   </trkpt>
   <trkpt lat="48.4067320" lon="9.9928189">
    <ele>507</ele>
    <time>2026-06-15T06:25:10Z</time>
    <extensions>
     <gpxdata:distance>5816.00</gpxdata:distance>
     <gpxdata:speed>10.425</gpxdata:speed>
    </extensions>
   </trkpt>
   <trkpt lat="48.4066616" lon="9.9929117">
    <ele>506</ele>
    <time>2026-06-15T06:25:11Z</time>
    <extensions>
     <gpxdata:distance>5826.00</gpxdata:distance>
     <gpxdata:speed>10.325</gpxdata:speed>
    </extensions>
   </trkpt>
   <trkpt lat="48.4065940" lon="9.9930023">
    <ele>506</ele>
    <time>2026-06-15T06:25:12Z</time>
    <extensions>
     <gpxdata:distance>5836.00</gpxdata:distance>
     <gpxdata:speed>10.194</gpxdata:speed>
    </extensions>
   </trkpt>
   <trkpt lat="48.4065285" lon="9.9930881">
    <ele>505</ele>
    <time>2026-06-15T06:25:13Z</time>
    <extensions>
     <gpxdata:distance>5845.00</gpxdata:distance>
     <gpxdata:speed>9.967</gpxdata:speed>
    </extensions>
   </trkpt>
   <trkpt lat="48.4064646" lon="9.9931694">
    <ele>504</ele>
    <time>2026-06-15T06:25:14Z</time>
    <extensions>
     <gpxdata:distance>5854.00</gpxdata:distance>
     <gpxdata:speed>9.731</gpxdata:speed>
    </extensions>
   </trkpt>
   <trkpt lat="48.4064012" lon="9.9932499">
    <ele>504</ele>
    <time>2026-06-15T06:25:15Z</time>
    <extensions>
     <gpxdata:distance>5863.00</gpxdata:distance>
     <gpxdata:speed>9.578</gpxdata:speed>
    </extensions>
   </trkpt>
   <trkpt lat="48.4063397" lon="9.9933292">
    <ele>504</ele>
    <time>2026-06-15T06:25:16Z</time>
    <extensions>
     <gpxdata:distance>5872.00</gpxdata:distance>
     <gpxdata:speed>9.386</gpxdata:speed>
    </extensions>
   </trkpt>
   <trkpt lat="48.4062795" lon="9.9934075">
    <ele>503</ele>
    <time>2026-06-15T06:25:17Z</time>
    <extensions>
     <gpxdata:distance>5881.00</gpxdata:distance>
     <gpxdata:speed>8.978</gpxdata:speed>
    </extensions>
   </trkpt>
   <trkpt lat="48.4062209" lon="9.9934843">
    <ele>503</ele>
    <time>2026-06-15T06:25:18Z</time>
    <extensions>
     <gpxdata:distance>5890.00</gpxdata:distance>
     <gpxdata:speed>8.742</gpxdata:speed>
    </extensions>
   </trkpt>
   <trkpt lat="48.4061641" lon="9.9935564">
    <ele>502</ele>
    <time>2026-06-15T06:25:19Z</time>
    <extensions>
     <gpxdata:distance>5897.50</gpxdata:distance>
     <gpxdata:speed>8.361</gpxdata:speed>
    </extensions>
   </trkpt>
   <trkpt lat="48.4061106" lon="9.9936246">
    <ele>502</ele>
    <time>2026-06-15T06:25:20Z</time>
    <extensions>
     <gpxdata:distance>5905.00</gpxdata:distance>
     <gpxdata:speed>7.933</gpxdata:speed>
    </extensions>
   </trkpt>
   <trkpt lat="48.4060593" lon="9.9936902">
    <ele>502</ele>
    <time>2026-06-15T06:25:21Z</time>
    <extensions>
     <gpxdata:distance>5912.50</gpxdata:distance>
     <gpxdata:speed>7.628</gpxdata:speed>
    </extensions>
   </trkpt>
   <trkpt lat="48.4060081" lon="9.9937544">
    <ele>502</ele>
    <time>2026-06-15T06:25:22Z</time>
    <extensions>
     <gpxdata:distance>5920.00</gpxdata:distance>
     <gpxdata:speed>7.567</gpxdata:speed>
    </extensions>
   </trkpt>
   <trkpt lat="48.4059586" lon="9.9938175">
    <ele>502</ele>
    <time>2026-06-15T06:25:23Z</time>
    <extensions>
     <gpxdata:distance>5926.50</gpxdata:distance>
     <gpxdata:speed>7.319</gpxdata:speed>
    </extensions>
   </trkpt>
   <trkpt lat="48.4059130" lon="9.9938765">
    <ele>502</ele>
    <time>2026-06-15T06:25:24Z</time>
    <extensions>
     <gpxdata:distance>5933.00</gpxdata:distance>
     <gpxdata:speed>6.797</gpxdata:speed>
    </extensions>
   </trkpt>
   <trkpt lat="48.4058714" lon="9.9939321">
    <ele>502</ele>
    <time>2026-06-15T06:25:25Z</time>
    <extensions>
     <gpxdata:distance>5939.00</gpxdata:distance>
     <gpxdata:speed>6.350</gpxdata:speed>
    </extensions>
   </trkpt>
   <trkpt lat="48.4058329" lon="9.9939857">
    <ele>502</ele>
    <time>2026-06-15T06:25:26Z</time>
    <extensions>
     <gpxdata:distance>5945.00</gpxdata:distance>
     <gpxdata:speed>6.017</gpxdata:speed>
    </extensions>
   </trkpt>
   <trkpt lat="48.4057950" lon="9.9940381">
    <ele>502</ele>
    <time>2026-06-15T06:25:27Z</time>
    <extensions>
     <gpxdata:distance>5951.00</gpxdata:distance>
     <gpxdata:speed>5.889</gpxdata:speed>
    </extensions>
   </trkpt>
   <trkpt lat="48.4057658" lon="9.9940750">
    <ele>502</ele>
    <time>2026-06-15T06:25:28Z</time>
    <extensions>
     <gpxdata:distance>5957.00</gpxdata:distance>
     <gpxdata:speed>5.986</gpxdata:speed>
    </extensions>
   </trkpt>
   <trkpt lat="48.4057267" lon="9.9941218">
    <ele>502</ele>
    <time>2026-06-15T06:25:29Z</time>
    <extensions>
     <gpxdata:distance>5963.00</gpxdata:distance>
     <gpxdata:speed>6.094</gpxdata:speed>
    </extensions>
   </trkpt>
   <trkpt lat="48.4056701" lon="9.9941878">
    <ele>502</ele>
    <time>2026-06-15T06:25:30Z</time>
    <extensions>
     <gpxdata:distance>5969.00</gpxdata:distance>
     <gpxdata:speed>6.100</gpxdata:speed>
    </extensions>
   </trkpt>
   <trkpt lat="48.4056240" lon="9.9942382">
    <ele>502</ele>
    <time>2026-06-15T06:25:31Z</time>
    <extensions>
     <gpxdata:distance>5975.00</gpxdata:distance>
     <gpxdata:speed>6.086</gpxdata:speed>
    </extensions>
   </trkpt>
   <trkpt lat="48.4055782" lon="9.9942874">
    <ele>502</ele>
    <time>2026-06-15T06:25:32Z</time>
    <extensions>
     <gpxdata:distance>5981.00</gpxdata:distance>
     <gpxdata:speed>6.222</gpxdata:speed>
    </extensions>
   </trkpt>
   <trkpt lat="48.4055302" lon="9.9943365">
    <ele>502</ele>
    <time>2026-06-15T06:25:33Z</time>
    <extensions>
     <gpxdata:distance>5988.00</gpxdata:distance>
     <gpxdata:speed>6.317</gpxdata:speed>
    </extensions>
   </trkpt>
   <trkpt lat="48.4054802" lon="9.9943846">
    <ele>502</ele>
    <time>2026-06-15T06:25:34Z</time>
    <extensions>
     <gpxdata:distance>5995.00</gpxdata:distance>
     <gpxdata:speed>6.425</gpxdata:speed>
    </extensions>
   </trkpt>
   <trkpt lat="48.4054307" lon="9.9944315">
    <ele>502</ele>
    <time>2026-06-15T06:25:35Z</time>
    <extensions>
     <gpxdata:distance>6001.50</gpxdata:distance>
     <gpxdata:speed>6.436</gpxdata:speed>
    </extensions>
   </trkpt>
   <trkpt lat="48.4053813" lon="9.9944782">
    <ele>502</ele>
    <time>2026-06-15T06:25:36Z</time>
    <extensions>
     <gpxdata:distance>6008.00</gpxdata:distance>
     <gpxdata:speed>6.453</gpxdata:speed>
    </extensions>
   </trkpt>
   <trkpt lat="48.4053316" lon="9.9945248">
    <ele>502</ele>
    <time>2026-06-15T06:25:37Z</time>
    <extensions>
     <gpxdata:distance>6014.50</gpxdata:distance>
     <gpxdata:speed>6.483</gpxdata:speed>
    </extensions>
   </trkpt>
   <trkpt lat="48.4052813" lon="9.9945712">
    <ele>502</ele>
    <time>2026-06-15T06:25:38Z</time>
    <extensions>
     <gpxdata:distance>6021.00</gpxdata:distance>
     <gpxdata:speed>6.522</gpxdata:speed>
    </extensions>
   </trkpt>
   <trkpt lat="48.4052300" lon="9.9946195">
    <ele>502</ele>
    <time>2026-06-15T06:25:39Z</time>
    <extensions>
     <gpxdata:distance>6028.00</gpxdata:distance>
     <gpxdata:speed>6.606</gpxdata:speed>
    </extensions>
   </trkpt>
   <trkpt lat="48.4051777" lon="9.9946701">
    <ele>502</ele>
    <time>2026-06-15T06:25:40Z</time>
    <extensions>
     <gpxdata:distance>6035.00</gpxdata:distance>
     <gpxdata:speed>6.728</gpxdata:speed>
    </extensions>
   </trkpt>
   <trkpt lat="48.4051255" lon="9.9947216">
    <ele>502</ele>
    <time>2026-06-15T06:25:41Z</time>
    <extensions>
     <gpxdata:distance>6041.50</gpxdata:distance>
     <gpxdata:speed>6.803</gpxdata:speed>
    </extensions>
   </trkpt>
   <trkpt lat="48.4050739" lon="9.9947724">
    <ele>502</ele>
    <time>2026-06-15T06:25:42Z</time>
    <extensions>
     <gpxdata:distance>6048.00</gpxdata:distance>
     <gpxdata:speed>6.817</gpxdata:speed>
    </extensions>
   </trkpt>
   <trkpt lat="48.4050207" lon="9.9948241">
    <ele>502</ele>
    <time>2026-06-15T06:25:43Z</time>
    <extensions>
     <gpxdata:distance>6055.50</gpxdata:distance>
     <gpxdata:speed>6.933</gpxdata:speed>
    </extensions>
   </trkpt>
   <trkpt lat="48.4049650" lon="9.9948748">
    <ele>502</ele>
    <time>2026-06-15T06:25:44Z</time>
    <extensions>
     <gpxdata:distance>6063.00</gpxdata:distance>
     <gpxdata:speed>7.058</gpxdata:speed>
    </extensions>
   </trkpt>
   <trkpt lat="48.4049086" lon="9.9949264">
    <ele>502</ele>
    <time>2026-06-15T06:25:45Z</time>
    <extensions>
     <gpxdata:distance>6070.50</gpxdata:distance>
     <gpxdata:speed>7.164</gpxdata:speed>
    </extensions>
   </trkpt>
   <trkpt lat="48.4048522" lon="9.9949784">
    <ele>502</ele>
    <time>2026-06-15T06:25:46Z</time>
    <extensions>
     <gpxdata:distance>6078.00</gpxdata:distance>
     <gpxdata:speed>7.228</gpxdata:speed>
    </extensions>
   </trkpt>
   <trkpt lat="48.4047958" lon="9.9950302">
    <ele>502</ele>
    <time>2026-06-15T06:25:47Z</time>
    <extensions>
     <gpxdata:distance>6085.00</gpxdata:distance>
     <gpxdata:speed>7.269</gpxdata:speed>
    </extensions>
   </trkpt>
   <trkpt lat="48.4047391" lon="9.9950815">
    <ele>502</ele>
    <time>2026-06-15T06:25:48Z</time>
    <extensions>
     <gpxdata:distance>6092.00</gpxdata:distance>
     <gpxdata:speed>7.303</gpxdata:speed>
    </extensions>
   </trkpt>
   <trkpt lat="48.4046828" lon="9.9951318">
    <ele>502</ele>
    <time>2026-06-15T06:25:49Z</time>
    <extensions>
     <gpxdata:distance>6099.50</gpxdata:distance>
     <gpxdata:speed>7.292</gpxdata:speed>
    </extensions>
   </trkpt>
   <trkpt lat="48.4046268" lon="9.9951822">
    <ele>502</ele>
    <time>2026-06-15T06:25:50Z</time>
    <extensions>
     <gpxdata:distance>6107.00</gpxdata:distance>
     <gpxdata:speed>7.286</gpxdata:speed>
    </extensions>
   </trkpt>
   <trkpt lat="48.4045703" lon="9.9952361">
    <ele>502</ele>
    <time>2026-06-15T06:25:51Z</time>
    <extensions>
     <gpxdata:distance>6114.50</gpxdata:distance>
     <gpxdata:speed>7.361</gpxdata:speed>
    </extensions>
   </trkpt>
   <trkpt lat="48.4045138" lon="9.9952926">
    <ele>502</ele>
    <time>2026-06-15T06:25:52Z</time>
    <extensions>
     <gpxdata:distance>6122.00</gpxdata:distance>
     <gpxdata:speed>7.433</gpxdata:speed>
    </extensions>
   </trkpt>
   <trkpt lat="48.4044575" lon="9.9953496">
    <ele>502</ele>
    <time>2026-06-15T06:25:53Z</time>
    <extensions>
     <gpxdata:distance>6129.50</gpxdata:distance>
     <gpxdata:speed>7.464</gpxdata:speed>
    </extensions>
   </trkpt>
   <trkpt lat="48.4044009" lon="9.9954094">
    <ele>502</ele>
    <time>2026-06-15T06:25:54Z</time>
    <extensions>
     <gpxdata:distance>6137.00</gpxdata:distance>
     <gpxdata:speed>7.553</gpxdata:speed>
    </extensions>
   </trkpt>
   <trkpt lat="48.4043463" lon="9.9954703">
    <ele>502</ele>
    <time>2026-06-15T06:25:55Z</time>
    <extensions>
     <gpxdata:distance>6144.50</gpxdata:distance>
     <gpxdata:speed>7.536</gpxdata:speed>
    </extensions>
   </trkpt>
   <trkpt lat="48.4042936" lon="9.9955309">
    <ele>502</ele>
    <time>2026-06-15T06:25:56Z</time>
    <extensions>
     <gpxdata:distance>6152.00</gpxdata:distance>
     <gpxdata:speed>7.472</gpxdata:speed>
    </extensions>
   </trkpt>
   <trkpt lat="48.4042410" lon="9.9955884">
    <ele>501</ele>
    <time>2026-06-15T06:25:57Z</time>
    <extensions>
     <gpxdata:distance>6159.00</gpxdata:distance>
     <gpxdata:speed>7.389</gpxdata:speed>
    </extensions>
   </trkpt>
   <trkpt lat="48.4041872" lon="9.9956396">
    <ele>501</ele>
    <time>2026-06-15T06:25:58Z</time>
    <extensions>
     <gpxdata:distance>6166.00</gpxdata:distance>
     <gpxdata:speed>7.289</gpxdata:speed>
    </extensions>
   </trkpt>
   <trkpt lat="48.4041321" lon="9.9956829">
    <ele>501</ele>
    <time>2026-06-15T06:25:59Z</time>
    <extensions>
     <gpxdata:distance>6173.00</gpxdata:distance>
     <gpxdata:speed>7.169</gpxdata:speed>
    </extensions>
   </trkpt>
   <trkpt lat="48.4040749" lon="9.9957191">
    <ele>501</ele>
    <time>2026-06-15T06:26:00Z</time>
    <extensions>
     <gpxdata:distance>6180.00</gpxdata:distance>
     <gpxdata:speed>7.094</gpxdata:speed>
    </extensions>
   </trkpt>
   <trkpt lat="48.4040165" lon="9.9957504">
    <ele>501</ele>
    <time>2026-06-15T06:26:01Z</time>
    <extensions>
     <gpxdata:distance>6187.00</gpxdata:distance>
     <gpxdata:speed>7.031</gpxdata:speed>
    </extensions>
   </trkpt>
   <trkpt lat="48.4039583" lon="9.9957786">
    <ele>501</ele>
    <time>2026-06-15T06:26:02Z</time>
    <extensions>
     <gpxdata:distance>6194.00</gpxdata:distance>
     <gpxdata:speed>6.942</gpxdata:speed>
    </extensions>
   </trkpt>
   <trkpt lat="48.4039016" lon="9.9958064">
    <ele>501</ele>
    <time>2026-06-15T06:26:03Z</time>
    <extensions>
     <gpxdata:distance>6200.50</gpxdata:distance>
     <gpxdata:speed>6.828</gpxdata:speed>
    </extensions>
   </trkpt>
   <trkpt lat="48.4038457" lon="9.9958337">
    <ele>501</ele>
    <time>2026-06-15T06:26:04Z</time>
    <extensions>
     <gpxdata:distance>6207.00</gpxdata:distance>
     <gpxdata:speed>6.722</gpxdata:speed>
    </extensions>
   </trkpt>
   <trkpt lat="48.4037903" lon="9.9958595">
    <ele>501</ele>
    <time>2026-06-15T06:26:05Z</time>
    <extensions>
     <gpxdata:distance>6213.00</gpxdata:distance>
     <gpxdata:speed>6.631</gpxdata:speed>
    </extensions>
   </trkpt>
   <trkpt lat="48.4037352" lon="9.9958847">
    <ele>501</ele>
    <time>2026-06-15T06:26:06Z</time>
    <extensions>
     <gpxdata:distance>6219.00</gpxdata:distance>
     <gpxdata:speed>6.553</gpxdata:speed>
    </extensions>
   </trkpt>
   <trkpt lat="48.4036804" lon="9.9959102">
    <ele>501</ele>
    <time>2026-06-15T06:26:07Z</time>
    <extensions>
     <gpxdata:distance>6225.50</gpxdata:distance>
     <gpxdata:speed>6.497</gpxdata:speed>
    </extensions>
   </trkpt>
   <trkpt lat="48.4036260" lon="9.9959368">
    <ele>501</ele>
    <time>2026-06-15T06:26:08Z</time>
    <extensions>
     <gpxdata:distance>6232.00</gpxdata:distance>
     <gpxdata:speed>6.456</gpxdata:speed>
    </extensions>
   </trkpt>
   <trkpt lat="48.4035715" lon="9.9959640">
    <ele>501</ele>
    <time>2026-06-15T06:26:09Z</time>
    <extensions>
     <gpxdata:distance>6238.50</gpxdata:distance>
     <gpxdata:speed>6.431</gpxdata:speed>
    </extensions>
   </trkpt>
   <trkpt lat="48.4035175" lon="9.9959915">
    <ele>501</ele>
    <time>2026-06-15T06:26:10Z</time>
    <extensions>
     <gpxdata:distance>6245.00</gpxdata:distance>
     <gpxdata:speed>6.397</gpxdata:speed>
    </extensions>
   </trkpt>
   <trkpt lat="48.4034645" lon="9.9960189">
    <ele>501</ele>
    <time>2026-06-15T06:26:11Z</time>
    <extensions>
     <gpxdata:distance>6251.00</gpxdata:distance>
     <gpxdata:speed>6.333</gpxdata:speed>
    </extensions>
   </trkpt>
   <trkpt lat="48.4034126" lon="9.9960453">
    <ele>501</ele>
    <time>2026-06-15T06:26:12Z</time>
    <extensions>
     <gpxdata:distance>6257.00</gpxdata:distance>
     <gpxdata:speed>6.244</gpxdata:speed>
    </extensions>
   </trkpt>
   <trkpt lat="48.4033617" lon="9.9960699">
    <ele>501</ele>
    <time>2026-06-15T06:26:13Z</time>
    <extensions>
     <gpxdata:distance>6262.50</gpxdata:distance>
     <gpxdata:speed>6.133</gpxdata:speed>
    </extensions>
   </trkpt>
   <trkpt lat="48.4033121" lon="9.9960915">
    <ele>501</ele>
    <time>2026-06-15T06:26:14Z</time>
    <extensions>
     <gpxdata:distance>6268.00</gpxdata:distance>
     <gpxdata:speed>5.997</gpxdata:speed>
    </extensions>
   </trkpt>
   <trkpt lat="48.4032784" lon="9.9961046">
    <ele>501</ele>
    <time>2026-06-15T06:26:15Z</time>
    <extensions>
     <gpxdata:distance>6273.00</gpxdata:distance>
     <gpxdata:speed>5.758</gpxdata:speed>
    </extensions>
   </trkpt>
   <trkpt lat="48.4032383" lon="9.9961195">
    <ele>501</ele>
    <time>2026-06-15T06:26:16Z</time>
    <extensions>
     <gpxdata:distance>6278.00</gpxdata:distance>
     <gpxdata:speed>5.456</gpxdata:speed>
    </extensions>
   </trkpt>
   <trkpt lat="48.4031976" lon="9.9961367">
    <ele>501</ele>
    <time>2026-06-15T06:26:17Z</time>
    <extensions>
     <gpxdata:distance>6283.00</gpxdata:distance>
     <gpxdata:speed>5.222</gpxdata:speed>
    </extensions>
   </trkpt>
   <trkpt lat="48.4031568" lon="9.9961563">
    <ele>501</ele>
    <time>2026-06-15T06:26:18Z</time>
    <extensions>
     <gpxdata:distance>6288.00</gpxdata:distance>
     <gpxdata:speed>5.092</gpxdata:speed>
    </extensions>
   </trkpt>
   <trkpt lat="48.4031150" lon="9.9961764">
    <ele>501</ele>
    <time>2026-06-15T06:26:19Z</time>
    <extensions>
     <gpxdata:distance>6293.00</gpxdata:distance>
     <gpxdata:speed>5.044</gpxdata:speed>
    </extensions>
   </trkpt>
   <trkpt lat="48.4030717" lon="9.9961970">
    <ele>501</ele>
    <time>2026-06-15T06:26:20Z</time>
    <extensions>
     <gpxdata:distance>6298.00</gpxdata:distance>
     <gpxdata:speed>5.069</gpxdata:speed>
    </extensions>
   </trkpt>
   <trkpt lat="48.4030275" lon="9.9962156">
    <ele>501</ele>
    <time>2026-06-15T06:26:21Z</time>
    <extensions>
     <gpxdata:distance>6303.00</gpxdata:distance>
     <gpxdata:speed>5.083</gpxdata:speed>
    </extensions>
   </trkpt>
   <trkpt lat="48.4029840" lon="9.9962322">
    <ele>501</ele>
    <time>2026-06-15T06:26:22Z</time>
    <extensions>
     <gpxdata:distance>6308.00</gpxdata:distance>
     <gpxdata:speed>5.028</gpxdata:speed>
    </extensions>
   </trkpt>
   <trkpt lat="48.4029425" lon="9.9962465">
    <ele>501</ele>
    <time>2026-06-15T06:26:23Z</time>
    <extensions>
     <gpxdata:distance>6312.50</gpxdata:distance>
     <gpxdata:speed>4.875</gpxdata:speed>
    </extensions>
   </trkpt>
   <trkpt lat="48.4029017" lon="9.9962632">
    <ele>501</ele>
    <time>2026-06-15T06:26:24Z</time>
    <extensions>
     <gpxdata:distance>6317.00</gpxdata:distance>
     <gpxdata:speed>4.825</gpxdata:speed>
    </extensions>
   </trkpt>
   <trkpt lat="48.4028605" lon="9.9962788">
    <ele>501</ele>
    <time>2026-06-15T06:26:25Z</time>
    <extensions>
     <gpxdata:distance>6322.00</gpxdata:distance>
     <gpxdata:speed>4.794</gpxdata:speed>
    </extensions>
   </trkpt>
   <trkpt lat="48.4028194" lon="9.9962949">
    <ele>501</ele>
    <time>2026-06-15T06:26:26Z</time>
    <extensions>
     <gpxdata:distance>6327.00</gpxdata:distance>
     <gpxdata:speed>4.775</gpxdata:speed>
    </extensions>
   </trkpt>
   <trkpt lat="48.4027787" lon="9.9963151">
    <ele>501</ele>
    <time>2026-06-15T06:26:27Z</time>
    <extensions>
     <gpxdata:distance>6331.00</gpxdata:distance>
     <gpxdata:speed>4.792</gpxdata:speed>
    </extensions>
   </trkpt>
   <trkpt lat="48.4027407" lon="9.9963309">
    <ele>501</ele>
    <time>2026-06-15T06:26:28Z</time>
    <extensions>
     <gpxdata:distance>6335.00</gpxdata:distance>
     <gpxdata:speed>4.597</gpxdata:speed>
    </extensions>
   </trkpt>
   <trkpt lat="48.4027057" lon="9.9963429">
    <ele>501</ele>
    <time>2026-06-15T06:26:29Z</time>
    <extensions>
     <gpxdata:distance>6338.00</gpxdata:distance>
     <gpxdata:speed>4.336</gpxdata:speed>
    </extensions>
   </trkpt>
   <trkpt lat="48.4026762" lon="9.9963521">
    <ele>501</ele>
    <time>2026-06-15T06:26:30Z</time>
    <extensions>
     <gpxdata:distance>6341.00</gpxdata:distance>
     <gpxdata:speed>3.900</gpxdata:speed>
    </extensions>
   </trkpt>
   <trkpt lat="48.4026134" lon="9.9964394">
    <ele>501</ele>
    <time>2026-06-15T06:26:43Z</time>
    <extensions>
     <gpxdata:distance>6354.00</gpxdata:distance>
     <gpxdata:speed>1.858</gpxdata:speed>
    </extensions>
   </trkpt>
   <trkpt lat="48.4026087" lon="9.9964618">
    <ele>501</ele>
    <time>2026-06-15T06:26:44Z</time>
    <extensions>
     <gpxdata:distance>6354.00</gpxdata:distance>
     <gpxdata:speed>1.842</gpxdata:speed>
    </extensions>
   </trkpt>
   <trkpt lat="48.4026057" lon="9.9964857">
    <ele>501</ele>
    <time>2026-06-15T06:26:45Z</time>
    <extensions>
     <gpxdata:distance>6356.00</gpxdata:distance>
     <gpxdata:speed>1.933</gpxdata:speed>
    </extensions>
   </trkpt>
   <trkpt lat="48.4026049" lon="9.9965109">
    <ele>501</ele>
    <time>2026-06-15T06:26:46Z</time>
    <extensions>
     <gpxdata:distance>6358.00</gpxdata:distance>
     <gpxdata:speed>2.025</gpxdata:speed>
    </extensions>
   </trkpt>
   <trkpt lat="48.4026065" lon="9.9965460">
    <ele>501</ele>
    <time>2026-06-15T06:26:47Z</time>
    <extensions>
     <gpxdata:distance>6360.00</gpxdata:distance>
     <gpxdata:speed>2.081</gpxdata:speed>
    </extensions>
   </trkpt>
   <trkpt lat="48.4026101" lon="9.9965745">
    <ele>501</ele>
    <time>2026-06-15T06:26:48Z</time>
    <extensions>
     <gpxdata:distance>6362.00</gpxdata:distance>
     <gpxdata:speed>2.039</gpxdata:speed>
    </extensions>
   </trkpt>
   <trkpt lat="48.4026162" lon="9.9965980">
    <ele>501</ele>
    <time>2026-06-15T06:26:49Z</time>
    <extensions>
     <gpxdata:distance>6364.00</gpxdata:distance>
     <gpxdata:speed>1.958</gpxdata:speed>
    </extensions>
   </trkpt>
   <trkpt lat="48.4026223" lon="9.9966127">
    <ele>501</ele>
    <time>2026-06-15T06:26:50Z</time>
    <extensions>
     <gpxdata:distance>6366.00</gpxdata:distance>
     <gpxdata:speed>1.914</gpxdata:speed>
    </extensions>
   </trkpt>
   <trkpt lat="48.4026312" lon="9.9966293">
    <ele>501</ele>
    <time>2026-06-15T06:26:51Z</time>
    <extensions>
     <gpxdata:distance>6368.00</gpxdata:distance>
     <gpxdata:speed>1.947</gpxdata:speed>
    </extensions>
   </trkpt>
   <trkpt lat="48.4026427" lon="9.9966482">
    <ele>501</ele>
    <time>2026-06-15T06:26:52Z</time>
    <extensions>
     <gpxdata:distance>6370.00</gpxdata:distance>
     <gpxdata:speed>2.269</gpxdata:speed>
    </extensions>
   </trkpt>
   <trkpt lat="48.4026607" lon="9.9966801">
    <ele>501</ele>
    <time>2026-06-15T06:26:53Z</time>
    <extensions>
     <gpxdata:distance>6373.00</gpxdata:distance>
     <gpxdata:speed>2.714</gpxdata:speed>
    </extensions>
   </trkpt>
   <trkpt lat="48.4026761" lon="9.9967122">
    <ele>501</ele>
    <time>2026-06-15T06:26:54Z</time>
    <extensions>
     <gpxdata:distance>6376.00</gpxdata:distance>
     <gpxdata:speed>2.906</gpxdata:speed>
    </extensions>
   </trkpt>
   <trkpt lat="48.4026896" lon="9.9967449">
    <ele>501</ele>
    <time>2026-06-15T06:26:55Z</time>
    <extensions>
     <gpxdata:distance>6379.00</gpxdata:distance>
     <gpxdata:speed>2.878</gpxdata:speed>
    </extensions>
   </trkpt>
   <trkpt lat="48.4027020" lon="9.9967771">
    <ele>501</ele>
    <time>2026-06-15T06:26:56Z</time>
    <extensions>
     <gpxdata:distance>6382.00</gpxdata:distance>
     <gpxdata:speed>2.728</gpxdata:speed>
    </extensions>
   </trkpt>
   <trkpt lat="48.4027141" lon="9.9968059">
    <ele>500</ele>
    <time>2026-06-15T06:26:57Z</time>
    <extensions>
     <gpxdata:distance>6383.50</gpxdata:distance>
     <gpxdata:speed>2.439</gpxdata:speed>
    </extensions>
   </trkpt>
   <trkpt lat="48.4027264" lon="9.9968288">
    <ele>500</ele>
    <time>2026-06-15T06:26:58Z</time>
    <extensions>
     <gpxdata:distance>6385.00</gpxdata:distance>
     <gpxdata:speed>2.206</gpxdata:speed>
    </extensions>
   </trkpt>
   <trkpt lat="48.4027390" lon="9.9968453">
    <ele>500</ele>
    <time>2026-06-15T06:26:59Z</time>
    <extensions>
     <gpxdata:distance>6386.50</gpxdata:distance>
     <gpxdata:speed>2.008</gpxdata:speed>
    </extensions>
   </trkpt>
   <trkpt lat="48.4027522" lon="9.9968565">
    <ele>500</ele>
    <time>2026-06-15T06:27:00Z</time>
    <extensions>
     <gpxdata:distance>6388.00</gpxdata:distance>
     <gpxdata:speed>1.883</gpxdata:speed>
    </extensions>
   </trkpt>
   <trkpt lat="48.4027626" lon="9.9968609">
    <ele>500</ele>
    <time>2026-06-15T06:27:01Z</time>
    <extensions>
     <gpxdata:distance>6390.50</gpxdata:distance>
     <gpxdata:speed>1.844</gpxdata:speed>
    </extensions>
   </trkpt>
   <trkpt lat="48.4027784" lon="9.9968649">
    <ele>500</ele>
    <time>2026-06-15T06:27:02Z</time>
    <extensions>
     <gpxdata:distance>6393.00</gpxdata:distance>
     <gpxdata:speed>2.133</gpxdata:speed>
    </extensions>
   </trkpt>
   <trkpt lat="48.4028057" lon="9.9968670">
    <ele>500</ele>
    <time>2026-06-15T06:27:03Z</time>
    <extensions>
     <gpxdata:distance>6396.00</gpxdata:distance>
     <gpxdata:speed>2.406</gpxdata:speed>
    </extensions>
   </trkpt>
   <trkpt lat="48.4028322" lon="9.9968670">
    <ele>500</ele>
    <time>2026-06-15T06:27:04Z</time>
    <extensions>
     <gpxdata:distance>6399.00</gpxdata:distance>
     <gpxdata:speed>2.614</gpxdata:speed>
    </extensions>
   </trkpt>
   <trkpt lat="48.4028582" lon="9.9968662">
    <ele>500</ele>
    <time>2026-06-15T06:27:05Z</time>
    <extensions>
     <gpxdata:distance>6402.00</gpxdata:distance>
     <gpxdata:speed>2.717</gpxdata:speed>
    </extensions>
   </trkpt>
   <trkpt lat="48.4028832" lon="9.9968676">
    <ele>500</ele>
    <time>2026-06-15T06:27:06Z</time>
    <extensions>
     <gpxdata:distance>6405.00</gpxdata:distance>
     <gpxdata:speed>2.731</gpxdata:speed>
    </extensions>
   </trkpt>
   <trkpt lat="48.4029069" lon="9.9968707">
    <ele>500</ele>
    <time>2026-06-15T06:27:07Z</time>
    <extensions>
     <gpxdata:distance>6407.00</gpxdata:distance>
     <gpxdata:speed>2.667</gpxdata:speed>
    </extensions>
   </trkpt>
   <trkpt lat="48.4029292" lon="9.9968734">
    <ele>500</ele>
    <time>2026-06-15T06:27:08Z</time>
    <extensions>
     <gpxdata:distance>6409.00</gpxdata:distance>
     <gpxdata:speed>2.561</gpxdata:speed>
    </extensions>
   </trkpt>
   <trkpt lat="48.4029504" lon="9.9968739">
    <ele>500</ele>
    <time>2026-06-15T06:27:09Z</time>
    <extensions>
     <gpxdata:distance>6411.50</gpxdata:distance>
     <gpxdata:speed>2.472</gpxdata:speed>
    </extensions>
   </trkpt>
   <trkpt lat="48.4029712" lon="9.9968721">
    <ele>500</ele>
    <time>2026-06-15T06:27:10Z</time>
    <extensions>
     <gpxdata:distance>6414.00</gpxdata:distance>
     <gpxdata:speed>2.417</gpxdata:speed>
    </extensions>
   </trkpt>
   <trkpt lat="48.4029922" lon="9.9968668">
    <ele>501</ele>
    <time>2026-06-15T06:27:11Z</time>
    <extensions>
     <gpxdata:distance>6416.50</gpxdata:distance>
     <gpxdata:speed>2.433</gpxdata:speed>
    </extensions>
   </trkpt>
   <trkpt lat="48.4030131" lon="9.9968587">
    <ele>501</ele>
    <time>2026-06-15T06:27:12Z</time>
    <extensions>
     <gpxdata:distance>6419.00</gpxdata:distance>
     <gpxdata:speed>2.447</gpxdata:speed>
    </extensions>
   </trkpt>
   <trkpt lat="48.4030338" lon="9.9968488">
    <ele>501</ele>
    <time>2026-06-15T06:27:13Z</time>
    <extensions>
     <gpxdata:distance>6421.00</gpxdata:distance>
     <gpxdata:speed>2.431</gpxdata:speed>
    </extensions>
   </trkpt>
   <trkpt lat="48.4030536" lon="9.9968398">
    <ele>501</ele>
    <time>2026-06-15T06:27:14Z</time>
    <extensions>
     <gpxdata:distance>6423.00</gpxdata:distance>
     <gpxdata:speed>2.336</gpxdata:speed>
    </extensions>
   </trkpt>
   <trkpt lat="48.4030722" lon="9.9968334">
    <ele>501</ele>
    <time>2026-06-15T06:27:15Z</time>
    <extensions>
     <gpxdata:distance>6425.00</gpxdata:distance>
     <gpxdata:speed>2.203</gpxdata:speed>
    </extensions>
   </trkpt>
   <trkpt lat="48.4030900" lon="9.9968320">
    <ele>500</ele>
    <time>2026-06-15T06:27:16Z</time>
    <extensions>
     <gpxdata:distance>6427.00</gpxdata:distance>
     <gpxdata:speed>2.108</gpxdata:speed>
    </extensions>
   </trkpt>
   <trkpt lat="48.4031069" lon="9.9968355">
    <ele>500</ele>
    <time>2026-06-15T06:27:17Z</time>
    <extensions>
     <gpxdata:distance>6428.50</gpxdata:distance>
     <gpxdata:speed>2.036</gpxdata:speed>
    </extensions>
   </trkpt>
   <trkpt lat="48.4031214" lon="9.9968440">
    <ele>500</ele>
    <time>2026-06-15T06:27:18Z</time>
    <extensions>
     <gpxdata:distance>6430.00</gpxdata:distance>
     <gpxdata:speed>1.883</gpxdata:speed>
    </extensions>
   </trkpt>
   <trkpt lat="48.4030866" lon="9.9969076">
    <ele>500</ele>
    <time>2026-06-15T06:28:11Z</time>
    <extensions>
     <gpxdata:distance>6445.00</gpxdata:distance>
     <gpxdata:speed>2.186</gpxdata:speed>
    </extensions>
   </trkpt>
   <trkpt lat="48.4030672" lon="9.9968894">
    <ele>501</ele>
    <time>2026-06-15T06:28:12Z</time>
    <extensions>
     <gpxdata:distance>6445.00</gpxdata:distance>
     <gpxdata:speed>2.169</gpxdata:speed>
    </extensions>
   </trkpt>
   <trkpt lat="48.4030507" lon="9.9968745">
    <ele>501</ele>
    <time>2026-06-15T06:28:13Z</time>
    <extensions>
     <gpxdata:distance>6447.00</gpxdata:distance>
     <gpxdata:speed>2.006</gpxdata:speed>
    </extensions>
   </trkpt>
   <trkpt lat="48.4030348" lon="9.9968623">
    <ele>501</ele>
    <time>2026-06-15T06:28:14Z</time>
    <extensions>
     <gpxdata:distance>6449.00</gpxdata:distance>
     <gpxdata:speed>1.983</gpxdata:speed>
    </extensions>
   </trkpt>
   <trkpt lat="48.4030227" lon="9.9968547">
    <ele>501</ele>
    <time>2026-06-15T06:28:15Z</time>
    <extensions>
     <gpxdata:distance>6451.00</gpxdata:distance>
     <gpxdata:speed>1.983</gpxdata:speed>
    </extensions>
   </trkpt>
   <trkpt lat="48.4030025" lon="9.9968437">
    <ele>501</ele>
    <time>2026-06-15T06:28:16Z</time>
    <extensions>
     <gpxdata:distance>6453.00</gpxdata:distance>
     <gpxdata:speed>2.122</gpxdata:speed>
    </extensions>
   </trkpt>
   <trkpt lat="48.4029831" lon="9.9968348">
    <ele>501</ele>
    <time>2026-06-15T06:28:17Z</time>
    <extensions>
     <gpxdata:distance>6455.50</gpxdata:distance>
     <gpxdata:speed>2.183</gpxdata:speed>
    </extensions>
   </trkpt>
   <trkpt lat="48.4029644" lon="9.9968280">
    <ele>501</ele>
    <time>2026-06-15T06:28:18Z</time>
    <extensions>
     <gpxdata:distance>6458.00</gpxdata:distance>
     <gpxdata:speed>2.156</gpxdata:speed>
    </extensions>
   </trkpt>
   <trkpt lat="48.4029463" lon="9.9968238">
    <ele>501</ele>
    <time>2026-06-15T06:28:19Z</time>
    <extensions>
     <gpxdata:distance>6459.50</gpxdata:distance>
     <gpxdata:speed>2.094</gpxdata:speed>
    </extensions>
   </trkpt>
   <trkpt lat="48.4029288" lon="9.9968219">
    <ele>501</ele>
    <time>2026-06-15T06:28:20Z</time>
    <extensions>
     <gpxdata:distance>6461.00</gpxdata:distance>
     <gpxdata:speed>2.019</gpxdata:speed>
    </extensions>
   </trkpt>
   <trkpt lat="48.4029117" lon="9.9968209">
    <ele>501</ele>
    <time>2026-06-15T06:28:21Z</time>
    <extensions>
     <gpxdata:distance>6463.00</gpxdata:distance>
     <gpxdata:speed>1.967</gpxdata:speed>
    </extensions>
   </trkpt>
   <trkpt lat="48.4028996" lon="9.9968199">
    <ele>501</ele>
    <time>2026-06-15T06:28:22Z</time>
    <extensions>
     <gpxdata:distance>6465.00</gpxdata:distance>
     <gpxdata:speed>1.906</gpxdata:speed>
    </extensions>
   </trkpt>
   <trkpt lat="48.4028858" lon="9.9968180">
    <ele>501</ele>
    <time>2026-06-15T06:28:23Z</time>
    <extensions>
     <gpxdata:distance>6466.50</gpxdata:distance>
     <gpxdata:speed>1.853</gpxdata:speed>
    </extensions>
   </trkpt>
   <trkpt lat="48.4028715" lon="9.9968145">
    <ele>501</ele>
    <time>2026-06-15T06:28:24Z</time>
    <extensions>
     <gpxdata:distance>6468.00</gpxdata:distance>
     <gpxdata:speed>1.794</gpxdata:speed>
    </extensions>
   </trkpt>
   <trkpt lat="48.4028571" lon="9.9968095">
    <ele>501</ele>
    <time>2026-06-15T06:28:25Z</time>
    <extensions>
     <gpxdata:distance>6470.00</gpxdata:distance>
     <gpxdata:speed>1.742</gpxdata:speed>
    </extensions>
   </trkpt>
   <trkpt lat="48.4028430" lon="9.9968028">
    <ele>501</ele>
    <time>2026-06-15T06:28:26Z</time>
    <extensions>
     <gpxdata:distance>6472.00</gpxdata:distance>
     <gpxdata:speed>1.714</gpxdata:speed>
    </extensions>
   </trkpt>
   <trkpt lat="48.4028284" lon="9.9967936">
    <ele>501</ele>
    <time>2026-06-15T06:28:27Z</time>
    <extensions>
     <gpxdata:distance>6474.00</gpxdata:distance>
     <gpxdata:speed>1.789</gpxdata:speed>
    </extensions>
   </trkpt>
   <trkpt lat="48.4028129" lon="9.9967808">
    <ele>501</ele>
    <time>2026-06-15T06:28:28Z</time>
    <extensions>
     <gpxdata:distance>6476.00</gpxdata:distance>
     <gpxdata:speed>2.219</gpxdata:speed>
    </extensions>
   </trkpt>
   <trkpt lat="48.4027900" lon="9.9967570">
    <ele>501</ele>
    <time>2026-06-15T06:28:29Z</time>
    <extensions>
     <gpxdata:distance>6479.50</gpxdata:distance>
     <gpxdata:speed>2.644</gpxdata:speed>
    </extensions>
   </trkpt>
   <trkpt lat="48.4027692" lon="9.9967311">
    <ele>501</ele>
    <time>2026-06-15T06:28:30Z</time>
    <extensions>
     <gpxdata:distance>6483.00</gpxdata:distance>
     <gpxdata:speed>3.022</gpxdata:speed>
    </extensions>
   </trkpt>
   <trkpt lat="48.4027349" lon="9.9966867">
    <ele>501</ele>
    <time>2026-06-15T06:28:31Z</time>
    <extensions>
     <gpxdata:distance>6486.50</gpxdata:distance>
     <gpxdata:speed>3.253</gpxdata:speed>
    </extensions>
   </trkpt>
   <trkpt lat="48.4027086" lon="9.9966562">
    <ele>501</ele>
    <time>2026-06-15T06:28:32Z</time>
    <extensions>
     <gpxdata:distance>6490.00</gpxdata:distance>
     <gpxdata:speed>3.394</gpxdata:speed>
    </extensions>
   </trkpt>
   <trkpt lat="48.4026839" lon="9.9966266">
    <ele>501</ele>
    <time>2026-06-15T06:28:33Z</time>
    <extensions>
     <gpxdata:distance>6493.00</gpxdata:distance>
     <gpxdata:speed>3.447</gpxdata:speed>
    </extensions>
   </trkpt>
   <trkpt lat="48.4026622" lon="9.9965964">
    <ele>501</ele>
    <time>2026-06-15T06:28:34Z</time>
    <extensions>
     <gpxdata:distance>6496.00</gpxdata:distance>
     <gpxdata:speed>3.236</gpxdata:speed>
    </extensions>
   </trkpt>
   <trkpt lat="48.4026446" lon="9.9965672">
    <ele>501</ele>
    <time>2026-06-15T06:28:35Z</time>
    <extensions>
     <gpxdata:distance>6498.50</gpxdata:distance>
     <gpxdata:speed>3.025</gpxdata:speed>
    </extensions>
   </trkpt>
   <trkpt lat="48.4026286" lon="9.9965397">
    <ele>501</ele>
    <time>2026-06-15T06:28:36Z</time>
    <extensions>
     <gpxdata:distance>6501.00</gpxdata:distance>
     <gpxdata:speed>2.897</gpxdata:speed>
    </extensions>
   </trkpt>
   <trkpt lat="48.4026190" lon="9.9965255">
    <ele>501</ele>
    <time>2026-06-15T06:28:37Z</time>
    <extensions>
     <gpxdata:distance>6503.50</gpxdata:distance>
     <gpxdata:speed>2.825</gpxdata:speed>
    </extensions>
   </trkpt>
   <trkpt lat="48.4026059" lon="9.9965077">
    <ele>501</ele>
    <time>2026-06-15T06:28:38Z</time>
    <extensions>
     <gpxdata:distance>6506.00</gpxdata:distance>
     <gpxdata:speed>2.681</gpxdata:speed>
    </extensions>
   </trkpt>
   <trkpt lat="48.4025927" lon="9.9964872">
    <ele>501</ele>
    <time>2026-06-15T06:28:39Z</time>
    <extensions>
     <gpxdata:distance>6508.00</gpxdata:distance>
     <gpxdata:speed>2.328</gpxdata:speed>
    </extensions>
   </trkpt>
   <trkpt lat="48.4025823" lon="9.9964642">
    <ele>501</ele>
    <time>2026-06-15T06:28:40Z</time>
    <extensions>
     <gpxdata:distance>6510.00</gpxdata:distance>
     <gpxdata:speed>2.172</gpxdata:speed>
    </extensions>
   </trkpt>
   <trkpt lat="48.4025748" lon="9.9964406">
    <ele>501</ele>
    <time>2026-06-15T06:28:41Z</time>
    <extensions>
     <gpxdata:distance>6511.50</gpxdata:distance>
     <gpxdata:speed>1.972</gpxdata:speed>
    </extensions>
   </trkpt>
   <trkpt lat="48.4025699" lon="9.9964246">
    <ele>501</ele>
    <time>2026-06-15T06:28:42Z</time>
    <extensions>
     <gpxdata:distance>6513.00</gpxdata:distance>
     <gpxdata:speed>1.767</gpxdata:speed>
    </extensions>
   </trkpt>
   <trkpt lat="48.4025634" lon="9.9964090">
    <ele>501</ele>
    <time>2026-06-15T06:28:43Z</time>
    <extensions>
     <gpxdata:distance>6514.00</gpxdata:distance>
     <gpxdata:speed>1.553</gpxdata:speed>
    </extensions>
   </trkpt>
   <trkpt lat="48.4025556" lon="9.9963967">
    <ele>501</ele>
    <time>2026-06-15T06:28:44Z</time>
    <extensions>
     <gpxdata:distance>6515.00</gpxdata:distance>
     <gpxdata:speed>1.342</gpxdata:speed>
    </extensions>
   </trkpt>
   <trkpt lat="48.4024612" lon="9.9963776">
    <ele>501</ele>
    <time>2026-06-15T06:29:15Z</time>
    <extensions>
     <gpxdata:distance>6532.00</gpxdata:distance>
     <gpxdata:speed>3.103</gpxdata:speed>
    </extensions>
   </trkpt>
   <trkpt lat="48.4024174" lon="9.9963942">
    <ele>501</ele>
    <time>2026-06-15T06:29:16Z</time>
    <extensions>
     <gpxdata:distance>6532.00</gpxdata:distance>
     <gpxdata:speed>3.325</gpxdata:speed>
    </extensions>
   </trkpt>
   <trkpt lat="48.4023835" lon="9.9964106">
    <ele>501</ele>
    <time>2026-06-15T06:29:17Z</time>
    <extensions>
     <gpxdata:distance>6536.00</gpxdata:distance>
     <gpxdata:speed>3.664</gpxdata:speed>
    </extensions>
   </trkpt>
   <trkpt lat="48.4023502" lon="9.9964282">
    <ele>501</ele>
    <time>2026-06-15T06:29:18Z</time>
    <extensions>
     <gpxdata:distance>6540.00</gpxdata:distance>
     <gpxdata:speed>3.875</gpxdata:speed>
    </extensions>
   </trkpt>
   <trkpt lat="48.4023159" lon="9.9964475">
    <ele>501</ele>
    <time>2026-06-15T06:29:19Z</time>
    <extensions>
     <gpxdata:distance>6544.50</gpxdata:distance>
     <gpxdata:speed>4.061</gpxdata:speed>
    </extensions>
   </trkpt>
   <trkpt lat="48.4022794" lon="9.9964685">
    <ele>501</ele>
    <time>2026-06-15T06:29:20Z</time>
    <extensions>
     <gpxdata:distance>6549.00</gpxdata:distance>
     <gpxdata:speed>4.358</gpxdata:speed>
    </extensions>
   </trkpt>
   <trkpt lat="48.4022412" lon="9.9964890">
    <ele>501</ele>
    <time>2026-06-15T06:29:21Z</time>
    <extensions>
     <gpxdata:distance>6553.50</gpxdata:distance>
     <gpxdata:speed>4.508</gpxdata:speed>
    </extensions>
   </trkpt>
   <trkpt lat="48.4022020" lon="9.9965085">
    <ele>501</ele>
    <time>2026-06-15T06:29:22Z</time>
    <extensions>
     <gpxdata:distance>6558.00</gpxdata:distance>
     <gpxdata:speed>4.553</gpxdata:speed>
    </extensions>
   </trkpt>
   <trkpt lat="48.4021623" lon="9.9965275">
    <ele>501</ele>
    <time>2026-06-15T06:29:23Z</time>
    <extensions>
     <gpxdata:distance>6563.00</gpxdata:distance>
     <gpxdata:speed>4.611</gpxdata:speed>
    </extensions>
   </trkpt>
   <trkpt lat="48.4021219" lon="9.9965481">
    <ele>501</ele>
    <time>2026-06-15T06:29:24Z</time>
    <extensions>
     <gpxdata:distance>6568.00</gpxdata:distance>
     <gpxdata:speed>4.750</gpxdata:speed>
    </extensions>
   </trkpt>
   <trkpt lat="48.4020819" lon="9.9965676">
    <ele>501</ele>
    <time>2026-06-15T06:29:25Z</time>
    <extensions>
     <gpxdata:distance>6572.50</gpxdata:distance>
     <gpxdata:speed>4.642</gpxdata:speed>
    </extensions>
   </trkpt>
   <trkpt lat="48.4020423" lon="9.9965855">
    <ele>501</ele>
    <time>2026-06-15T06:29:26Z</time>
    <extensions>
     <gpxdata:distance>6577.00</gpxdata:distance>
     <gpxdata:speed>4.622</gpxdata:speed>
    </extensions>
   </trkpt>
   <trkpt lat="48.4020030" lon="9.9966038">
    <ele>501</ele>
    <time>2026-06-15T06:29:27Z</time>
    <extensions>
     <gpxdata:distance>6581.50</gpxdata:distance>
     <gpxdata:speed>4.628</gpxdata:speed>
    </extensions>
   </trkpt>
   <trkpt lat="48.4019636" lon="9.9966241">
    <ele>501</ele>
    <time>2026-06-15T06:29:28Z</time>
    <extensions>
     <gpxdata:distance>6586.00</gpxdata:distance>
     <gpxdata:speed>4.653</gpxdata:speed>
    </extensions>
   </trkpt>
   <trkpt lat="48.4019231" lon="9.9966441">
    <ele>501</ele>
    <time>2026-06-15T06:29:29Z</time>
    <extensions>
     <gpxdata:distance>6591.00</gpxdata:distance>
     <gpxdata:speed>4.717</gpxdata:speed>
    </extensions>
   </trkpt>
   <trkpt lat="48.4018809" lon="9.9966620">
    <ele>501</ele>
    <time>2026-06-15T06:29:30Z</time>
    <extensions>
     <gpxdata:distance>6596.00</gpxdata:distance>
     <gpxdata:speed>4.808</gpxdata:speed>
    </extensions>
   </trkpt>
   <trkpt lat="48.4018373" lon="9.9966807">
    <ele>501</ele>
    <time>2026-06-15T06:29:31Z</time>
    <extensions>
     <gpxdata:distance>6601.50</gpxdata:distance>
     <gpxdata:speed>4.917</gpxdata:speed>
    </extensions>
   </trkpt>
   <trkpt lat="48.4017914" lon="9.9967002">
    <ele>501</ele>
    <time>2026-06-15T06:29:32Z</time>
    <extensions>
     <gpxdata:distance>6607.00</gpxdata:distance>
     <gpxdata:speed>5.081</gpxdata:speed>
    </extensions>
   </trkpt>
   <trkpt lat="48.4017448" lon="9.9967163">
    <ele>501</ele>
    <time>2026-06-15T06:29:33Z</time>
    <extensions>
     <gpxdata:distance>6612.00</gpxdata:distance>
     <gpxdata:speed>5.158</gpxdata:speed>
    </extensions>
   </trkpt>
   <trkpt lat="48.4016977" lon="9.9967288">
    <ele>501</ele>
    <time>2026-06-15T06:29:34Z</time>
    <extensions>
     <gpxdata:distance>6617.00</gpxdata:distance>
     <gpxdata:speed>5.211</gpxdata:speed>
    </extensions>
   </trkpt>
   <trkpt lat="48.4016505" lon="9.9967389">
    <ele>501</ele>
    <time>2026-06-15T06:29:35Z</time>
    <extensions>
     <gpxdata:distance>6622.50</gpxdata:distance>
     <gpxdata:speed>5.247</gpxdata:speed>
    </extensions>
   </trkpt>
   <trkpt lat="48.4016041" lon="9.9967474">
    <ele>501</ele>
    <time>2026-06-15T06:29:36Z</time>
    <extensions>
     <gpxdata:distance>6628.00</gpxdata:distance>
     <gpxdata:speed>5.208</gpxdata:speed>
    </extensions>
   </trkpt>
   <trkpt lat="48.4015577" lon="9.9967557">
    <ele>501</ele>
    <time>2026-06-15T06:29:37Z</time>
    <extensions>
     <gpxdata:distance>6633.00</gpxdata:distance>
     <gpxdata:speed>5.214</gpxdata:speed>
    </extensions>
   </trkpt>
   <trkpt lat="48.4015103" lon="9.9967627">
    <ele>501</ele>
    <time>2026-06-15T06:29:38Z</time>
    <extensions>
     <gpxdata:distance>6638.00</gpxdata:distance>
     <gpxdata:speed>5.308</gpxdata:speed>
    </extensions>
   </trkpt>
   <trkpt lat="48.4014606" lon="9.9967720">
    <ele>501</ele>
    <time>2026-06-15T06:29:39Z</time>
    <extensions>
     <gpxdata:distance>6644.00</gpxdata:distance>
     <gpxdata:speed>5.611</gpxdata:speed>
    </extensions>
   </trkpt>
   <trkpt lat="48.4014094" lon="9.9967804">
    <ele>501</ele>
    <time>2026-06-15T06:29:40Z</time>
    <extensions>
     <gpxdata:distance>6650.00</gpxdata:distance>
     <gpxdata:speed>5.728</gpxdata:speed>
    </extensions>
   </trkpt>
   <trkpt lat="48.4013574" lon="9.9967868">
    <ele>501</ele>
    <time>2026-06-15T06:29:41Z</time>
    <extensions>
     <gpxdata:distance>6656.00</gpxdata:distance>
     <gpxdata:speed>5.797</gpxdata:speed>
    </extensions>
   </trkpt>
   <trkpt lat="48.4013034" lon="9.9967917">
    <ele>501</ele>
    <time>2026-06-15T06:29:42Z</time>
    <extensions>
     <gpxdata:distance>6662.00</gpxdata:distance>
     <gpxdata:speed>6.031</gpxdata:speed>
    </extensions>
   </trkpt>
   <trkpt lat="48.4012292" lon="9.9967968">
    <ele>501</ele>
    <time>2026-06-15T06:29:43Z</time>
    <extensions>
     <gpxdata:distance>6668.50</gpxdata:distance>
     <gpxdata:speed>6.208</gpxdata:speed>
    </extensions>
   </trkpt>
   <trkpt lat="48.4011693" lon="9.9968001">
    <ele>501</ele>
    <time>2026-06-15T06:29:44Z</time>
    <extensions>
     <gpxdata:distance>6675.00</gpxdata:distance>
     <gpxdata:speed>6.361</gpxdata:speed>
    </extensions>
   </trkpt>
   <trkpt lat="48.4011120" lon="9.9967985">
    <ele>501</ele>
    <time>2026-06-15T06:29:45Z</time>
    <extensions>
     <gpxdata:distance>6681.50</gpxdata:distance>
     <gpxdata:speed>6.294</gpxdata:speed>
    </extensions>
   </trkpt>
   <trkpt lat="48.4010543" lon="9.9967937">
    <ele>501</ele>
    <time>2026-06-15T06:29:46Z</time>
    <extensions>
     <gpxdata:distance>6688.00</gpxdata:distance>
     <gpxdata:speed>6.400</gpxdata:speed>
    </extensions>
   </trkpt>
   <trkpt lat="48.4009952" lon="9.9967945">
    <ele>501</ele>
    <time>2026-06-15T06:29:47Z</time>
    <extensions>
     <gpxdata:distance>6694.50</gpxdata:distance>
     <gpxdata:speed>6.581</gpxdata:speed>
    </extensions>
   </trkpt>
   <trkpt lat="48.4009369" lon="9.9967961">
    <ele>501</ele>
    <time>2026-06-15T06:29:48Z</time>
    <extensions>
     <gpxdata:distance>6701.00</gpxdata:distance>
     <gpxdata:speed>6.456</gpxdata:speed>
    </extensions>
   </trkpt>
   <trkpt lat="48.4008813" lon="9.9967967">
    <ele>501</ele>
    <time>2026-06-15T06:29:49Z</time>
    <extensions>
     <gpxdata:distance>6706.50</gpxdata:distance>
     <gpxdata:speed>6.225</gpxdata:speed>
    </extensions>
   </trkpt>
   <trkpt lat="48.4008300" lon="9.9967956">
    <ele>501</ele>
    <time>2026-06-15T06:29:50Z</time>
    <extensions>
     <gpxdata:distance>6712.00</gpxdata:distance>
     <gpxdata:speed>5.972</gpxdata:speed>
    </extensions>
   </trkpt>
   <trkpt lat="48.4007967" lon="9.9967963">
    <ele>501</ele>
    <time>2026-06-15T06:29:51Z</time>
    <extensions>
     <gpxdata:distance>6716.50</gpxdata:distance>
     <gpxdata:speed>5.292</gpxdata:speed>
    </extensions>
   </trkpt>
   <trkpt lat="48.4007579" lon="9.9967963">
    <ele>501</ele>
    <time>2026-06-15T06:29:52Z</time>
    <extensions>
     <gpxdata:distance>6721.00</gpxdata:distance>
     <gpxdata:speed>4.806</gpxdata:speed>
    </extensions>
   </trkpt>
   <trkpt lat="48.4007189" lon="9.9967972">
    <ele>501</ele>
    <time>2026-06-15T06:29:53Z</time>
    <extensions>
     <gpxdata:distance>6725.50</gpxdata:distance>
     <gpxdata:speed>4.561</gpxdata:speed>
    </extensions>
   </trkpt>
   <trkpt lat="48.4006809" lon="9.9967984">
    <ele>501</ele>
    <time>2026-06-15T06:29:54Z</time>
    <extensions>
     <gpxdata:distance>6730.00</gpxdata:distance>
     <gpxdata:speed>4.347</gpxdata:speed>
    </extensions>
   </trkpt>
   <trkpt lat="48.4006422" lon="9.9967990">
    <ele>501</ele>
    <time>2026-06-15T06:29:55Z</time>
    <extensions>
     <gpxdata:distance>6734.50</gpxdata:distance>
     <gpxdata:speed>4.442</gpxdata:speed>
    </extensions>
   </trkpt>
   <trkpt lat="48.4006022" lon="9.9967977">
    <ele>501</ele>
    <time>2026-06-15T06:29:56Z</time>
    <extensions>
     <gpxdata:distance>6739.00</gpxdata:distance>
     <gpxdata:speed>4.544</gpxdata:speed>
    </extensions>
   </trkpt>
   <trkpt lat="48.4005607" lon="9.9967950">
    <ele>501</ele>
    <time>2026-06-15T06:29:57Z</time>
    <extensions>
     <gpxdata:distance>6743.50</gpxdata:distance>
     <gpxdata:speed>4.681</gpxdata:speed>
    </extensions>
   </trkpt>
   <trkpt lat="48.4005185" lon="9.9967909">
    <ele>501</ele>
    <time>2026-06-15T06:29:58Z</time>
    <extensions>
     <gpxdata:distance>6748.00</gpxdata:distance>
     <gpxdata:speed>4.708</gpxdata:speed>
    </extensions>
   </trkpt>
   <trkpt lat="48.4004764" lon="9.9967857">
    <ele>501</ele>
    <time>2026-06-15T06:29:59Z</time>
    <extensions>
     <gpxdata:distance>6753.00</gpxdata:distance>
     <gpxdata:speed>4.656</gpxdata:speed>
    </extensions>
   </trkpt>
   <trkpt lat="48.4004338" lon="9.9967798">
    <ele>501</ele>
    <time>2026-06-15T06:30:00Z</time>
    <extensions>
     <gpxdata:distance>6758.00</gpxdata:distance>
     <gpxdata:speed>4.711</gpxdata:speed>
    </extensions>
   </trkpt>
   <trkpt lat="48.4003903" lon="9.9967732">
    <ele>501</ele>
    <time>2026-06-15T06:30:01Z</time>
    <extensions>
     <gpxdata:distance>6763.00</gpxdata:distance>
     <gpxdata:speed>4.781</gpxdata:speed>
    </extensions>
   </trkpt>
   <trkpt lat="48.4003463" lon="9.9967664">
    <ele>501</ele>
    <time>2026-06-15T06:30:02Z</time>
    <extensions>
     <gpxdata:distance>6768.00</gpxdata:distance>
     <gpxdata:speed>4.850</gpxdata:speed>
    </extensions>
   </trkpt>
   <trkpt lat="48.4003015" lon="9.9967597">
    <ele>501</ele>
    <time>2026-06-15T06:30:03Z</time>
    <extensions>
     <gpxdata:distance>6773.00</gpxdata:distance>
     <gpxdata:speed>4.989</gpxdata:speed>
    </extensions>
   </trkpt>
   <trkpt lat="48.4002558" lon="9.9967532">
    <ele>501</ele>
    <time>2026-06-15T06:30:04Z</time>
    <extensions>
     <gpxdata:distance>6778.00</gpxdata:distance>
     <gpxdata:speed>5.117</gpxdata:speed>
    </extensions>
   </trkpt>
   <trkpt lat="48.4002097" lon="9.9967465">
    <ele>501</ele>
    <time>2026-06-15T06:30:05Z</time>
    <extensions>
     <gpxdata:distance>6783.00</gpxdata:distance>
     <gpxdata:speed>5.150</gpxdata:speed>
    </extensions>
   </trkpt>
   <trkpt lat="48.4001637" lon="9.9967392">
    <ele>502</ele>
    <time>2026-06-15T06:30:06Z</time>
    <extensions>
     <gpxdata:distance>6788.00</gpxdata:distance>
     <gpxdata:speed>5.150</gpxdata:speed>
    </extensions>
   </trkpt>
   <trkpt lat="48.4001175" lon="9.9967313">
    <ele>502</ele>
    <time>2026-06-15T06:30:07Z</time>
    <extensions>
     <gpxdata:distance>6793.50</gpxdata:distance>
     <gpxdata:speed>5.161</gpxdata:speed>
    </extensions>
   </trkpt>
   <trkpt lat="48.4000704" lon="9.9967240">
    <ele>502</ele>
    <time>2026-06-15T06:30:08Z</time>
    <extensions>
     <gpxdata:distance>6799.00</gpxdata:distance>
     <gpxdata:speed>5.267</gpxdata:speed>
    </extensions>
   </trkpt>
   <trkpt lat="48.4000216" lon="9.9967183">
    <ele>502</ele>
    <time>2026-06-15T06:30:09Z</time>
    <extensions>
     <gpxdata:distance>6804.50</gpxdata:distance>
     <gpxdata:speed>5.436</gpxdata:speed>
    </extensions>
   </trkpt>
   <trkpt lat="48.3999722" lon="9.9967131">
    <ele>501</ele>
    <time>2026-06-15T06:30:10Z</time>
    <extensions>
     <gpxdata:distance>6810.00</gpxdata:distance>
     <gpxdata:speed>5.494</gpxdata:speed>
    </extensions>
   </trkpt>
   <trkpt lat="48.3999233" lon="9.9967062">
    <ele>502</ele>
    <time>2026-06-15T06:30:11Z</time>
    <extensions>
     <gpxdata:distance>6815.50</gpxdata:distance>
     <gpxdata:speed>5.450</gpxdata:speed>
    </extensions>
   </trkpt>
   <trkpt lat="48.3998737" lon="9.9966996">
    <ele>502</ele>
    <time>2026-06-15T06:30:12Z</time>
    <extensions>
     <gpxdata:distance>6821.00</gpxdata:distance>
     <gpxdata:speed>5.539</gpxdata:speed>
    </extensions>
   </trkpt>
   <trkpt lat="48.3998233" lon="9.9966922">
    <ele>501</ele>
    <time>2026-06-15T06:30:13Z</time>
    <extensions>
     <gpxdata:distance>6827.00</gpxdata:distance>
     <gpxdata:speed>5.633</gpxdata:speed>
    </extensions>
   </trkpt>
   <trkpt lat="48.3997728" lon="9.9966857">
    <ele>501</ele>
    <time>2026-06-15T06:30:14Z</time>
    <extensions>
     <gpxdata:distance>6833.00</gpxdata:distance>
     <gpxdata:speed>5.625</gpxdata:speed>
    </extensions>
   </trkpt>
   <trkpt lat="48.3997218" lon="9.9966795">
    <ele>501</ele>
    <time>2026-06-15T06:30:15Z</time>
    <extensions>
     <gpxdata:distance>6838.50</gpxdata:distance>
     <gpxdata:speed>5.672</gpxdata:speed>
    </extensions>
   </trkpt>
   <trkpt lat="48.3996708" lon="9.9966703">
    <ele>501</ele>
    <time>2026-06-15T06:30:16Z</time>
    <extensions>
     <gpxdata:distance>6844.00</gpxdata:distance>
     <gpxdata:speed>5.708</gpxdata:speed>
    </extensions>
   </trkpt>
   <trkpt lat="48.3996198" lon="9.9966563">
    <ele>501</ele>
    <time>2026-06-15T06:30:17Z</time>
    <extensions>
     <gpxdata:distance>6850.00</gpxdata:distance>
     <gpxdata:speed>5.758</gpxdata:speed>
    </extensions>
   </trkpt>
   <trkpt lat="48.3995671" lon="9.9966455">
    <ele>501</ele>
    <time>2026-06-15T06:30:18Z</time>
    <extensions>
     <gpxdata:distance>6856.00</gpxdata:distance>
     <gpxdata:speed>5.853</gpxdata:speed>
    </extensions>
   </trkpt>
   <trkpt lat="48.3995152" lon="9.9966373">
    <ele>501</ele>
    <time>2026-06-15T06:30:19Z</time>
    <extensions>
     <gpxdata:distance>6861.50</gpxdata:distance>
     <gpxdata:speed>5.814</gpxdata:speed>
    </extensions>
   </trkpt>
   <trkpt lat="48.3994644" lon="9.9966298">
    <ele>501</ele>
    <time>2026-06-15T06:30:20Z</time>
    <extensions>
     <gpxdata:distance>6867.00</gpxdata:distance>
     <gpxdata:speed>5.747</gpxdata:speed>
    </extensions>
   </trkpt>
   <trkpt lat="48.3994129" lon="9.9966217">
    <ele>501</ele>
    <time>2026-06-15T06:30:21Z</time>
    <extensions>
     <gpxdata:distance>6873.00</gpxdata:distance>
     <gpxdata:speed>5.775</gpxdata:speed>
    </extensions>
   </trkpt>
   <trkpt lat="48.3993610" lon="9.9966124">
    <ele>501</ele>
    <time>2026-06-15T06:30:22Z</time>
    <extensions>
     <gpxdata:distance>6879.00</gpxdata:distance>
     <gpxdata:speed>5.800</gpxdata:speed>
    </extensions>
   </trkpt>
   <trkpt lat="48.3993097" lon="9.9966012">
    <ele>501</ele>
    <time>2026-06-15T06:30:23Z</time>
    <extensions>
     <gpxdata:distance>6884.50</gpxdata:distance>
     <gpxdata:speed>5.778</gpxdata:speed>
    </extensions>
   </trkpt>
   <trkpt lat="48.3992586" lon="9.9965898">
    <ele>501</ele>
    <time>2026-06-15T06:30:24Z</time>
    <extensions>
     <gpxdata:distance>6890.00</gpxdata:distance>
     <gpxdata:speed>5.761</gpxdata:speed>
    </extensions>
   </trkpt>
   <trkpt lat="48.3992079" lon="9.9965787">
    <ele>501</ele>
    <time>2026-06-15T06:30:25Z</time>
    <extensions>
     <gpxdata:distance>6896.00</gpxdata:distance>
     <gpxdata:speed>5.736</gpxdata:speed>
    </extensions>
   </trkpt>
   <trkpt lat="48.3991578" lon="9.9965682">
    <ele>501</ele>
    <time>2026-06-15T06:30:26Z</time>
    <extensions>
     <gpxdata:distance>6902.00</gpxdata:distance>
     <gpxdata:speed>5.683</gpxdata:speed>
    </extensions>
   </trkpt>
   <trkpt lat="48.3991083" lon="9.9965588">
    <ele>501</ele>
    <time>2026-06-15T06:30:27Z</time>
    <extensions>
     <gpxdata:distance>6907.00</gpxdata:distance>
     <gpxdata:speed>5.625</gpxdata:speed>
    </extensions>
   </trkpt>
   <trkpt lat="48.3990596" lon="9.9965485">
    <ele>501</ele>
    <time>2026-06-15T06:30:28Z</time>
    <extensions>
     <gpxdata:distance>6912.00</gpxdata:distance>
     <gpxdata:speed>5.561</gpxdata:speed>
    </extensions>
   </trkpt>
   <trkpt lat="48.3990117" lon="9.9965362">
    <ele>501</ele>
    <time>2026-06-15T06:30:29Z</time>
    <extensions>
     <gpxdata:distance>6917.50</gpxdata:distance>
     <gpxdata:speed>5.500</gpxdata:speed>
    </extensions>
   </trkpt>
   <trkpt lat="48.3989641" lon="9.9965217">
    <ele>501</ele>
    <time>2026-06-15T06:30:30Z</time>
    <extensions>
     <gpxdata:distance>6923.00</gpxdata:distance>
     <gpxdata:speed>5.467</gpxdata:speed>
    </extensions>
   </trkpt>
   <trkpt lat="48.3989161" lon="9.9965068">
    <ele>502</ele>
    <time>2026-06-15T06:30:31Z</time>
    <extensions>
     <gpxdata:distance>6929.00</gpxdata:distance>
     <gpxdata:speed>5.469</gpxdata:speed>
    </extensions>
   </trkpt>
   <trkpt lat="48.3988659" lon="9.9964966">
    <ele>502</ele>
    <time>2026-06-15T06:30:32Z</time>
    <extensions>
     <gpxdata:distance>6935.00</gpxdata:distance>
     <gpxdata:speed>5.558</gpxdata:speed>
    </extensions>
   </trkpt>
   <trkpt lat="48.3988160" lon="9.9964865">
    <ele>502</ele>
    <time>2026-06-15T06:30:33Z</time>
    <extensions>
     <gpxdata:distance>6940.00</gpxdata:distance>
     <gpxdata:speed>5.558</gpxdata:speed>
    </extensions>
   </trkpt>
   <trkpt lat="48.3987681" lon="9.9964724">
    <ele>502</ele>
    <time>2026-06-15T06:30:34Z</time>
    <extensions>
     <gpxdata:distance>6945.00</gpxdata:distance>
     <gpxdata:speed>5.486</gpxdata:speed>
    </extensions>
   </trkpt>
   <trkpt lat="48.3987222" lon="9.9964539">
    <ele>502</ele>
    <time>2026-06-15T06:30:35Z</time>
    <extensions>
     <gpxdata:distance>6950.50</gpxdata:distance>
     <gpxdata:speed>5.400</gpxdata:speed>
    </extensions>
   </trkpt>
   <trkpt lat="48.3986777" lon="9.9964316">
    <ele>502</ele>
    <time>2026-06-15T06:30:36Z</time>
    <extensions>
     <gpxdata:distance>6956.00</gpxdata:distance>
     <gpxdata:speed>5.331</gpxdata:speed>
    </extensions>
   </trkpt>
   <trkpt lat="48.3986349" lon="9.9964069">
    <ele>502</ele>
    <time>2026-06-15T06:30:37Z</time>
    <extensions>
     <gpxdata:distance>6960.50</gpxdata:distance>
     <gpxdata:speed>5.231</gpxdata:speed>
    </extensions>
   </trkpt>
   <trkpt lat="48.3985940" lon="9.9963799">
    <ele>502</ele>
    <time>2026-06-15T06:30:38Z</time>
    <extensions>
     <gpxdata:distance>6965.00</gpxdata:distance>
     <gpxdata:speed>5.097</gpxdata:speed>
    </extensions>
   </trkpt>
   <trkpt lat="48.3985548" lon="9.9963515">
    <ele>502</ele>
    <time>2026-06-15T06:30:39Z</time>
    <extensions>
     <gpxdata:distance>6970.00</gpxdata:distance>
     <gpxdata:speed>4.919</gpxdata:speed>
    </extensions>
   </trkpt>
   <trkpt lat="48.3985170" lon="9.9963222">
    <ele>502</ele>
    <time>2026-06-15T06:30:40Z</time>
    <extensions>
     <gpxdata:distance>6975.00</gpxdata:distance>
     <gpxdata:speed>4.775</gpxdata:speed>
    </extensions>
   </trkpt>
   <trkpt lat="48.3984793" lon="9.9962939">
    <ele>502</ele>
    <time>2026-06-15T06:30:41Z</time>
    <extensions>
     <gpxdata:distance>6979.50</gpxdata:distance>
     <gpxdata:speed>4.719</gpxdata:speed>
    </extensions>
   </trkpt>
   <trkpt lat="48.3984416" lon="9.9962671">
    <ele>502</ele>
    <time>2026-06-15T06:30:42Z</time>
    <extensions>
     <gpxdata:distance>6984.00</gpxdata:distance>
     <gpxdata:speed>4.661</gpxdata:speed>
    </extensions>
   </trkpt>
   <trkpt lat="48.3984038" lon="9.9962417">
    <ele>503</ele>
    <time>2026-06-15T06:30:43Z</time>
    <extensions>
     <gpxdata:distance>6988.50</gpxdata:distance>
     <gpxdata:speed>4.633</gpxdata:speed>
    </extensions>
   </trkpt>
   <trkpt lat="48.3983658" lon="9.9962159">
    <ele>503</ele>
    <time>2026-06-15T06:30:44Z</time>
    <extensions>
     <gpxdata:distance>6993.00</gpxdata:distance>
     <gpxdata:speed>4.647</gpxdata:speed>
    </extensions>
   </trkpt>
   <trkpt lat="48.3983281" lon="9.9961899">
    <ele>503</ele>
    <time>2026-06-15T06:30:45Z</time>
    <extensions>
     <gpxdata:distance>6997.50</gpxdata:distance>
     <gpxdata:speed>4.617</gpxdata:speed>
    </extensions>
   </trkpt>
   <trkpt lat="48.3982916" lon="9.9961640">
    <ele>503</ele>
    <time>2026-06-15T06:30:46Z</time>
    <extensions>
     <gpxdata:distance>7002.00</gpxdata:distance>
     <gpxdata:speed>4.511</gpxdata:speed>
    </extensions>
   </trkpt>
   <trkpt lat="48.3982567" lon="9.9961404">
    <ele>503</ele>
    <time>2026-06-15T06:30:47Z</time>
    <extensions>
     <gpxdata:distance>7006.00</gpxdata:distance>
     <gpxdata:speed>4.350</gpxdata:speed>
    </extensions>
   </trkpt>
   <trkpt lat="48.3982242" lon="9.9961181">
    <ele>503</ele>
    <time>2026-06-15T06:30:48Z</time>
    <extensions>
     <gpxdata:distance>7010.00</gpxdata:distance>
     <gpxdata:speed>4.167</gpxdata:speed>
    </extensions>
   </trkpt>
   <trkpt lat="48.3981934" lon="9.9960980">
    <ele>503</ele>
    <time>2026-06-15T06:30:49Z</time>
    <extensions>
     <gpxdata:distance>7013.50</gpxdata:distance>
     <gpxdata:speed>3.975</gpxdata:speed>
    </extensions>
   </trkpt>
   <trkpt lat="48.3981634" lon="9.9960790">
    <ele>503</ele>
    <time>2026-06-15T06:30:50Z</time>
    <extensions>
     <gpxdata:distance>7017.00</gpxdata:distance>
     <gpxdata:speed>3.839</gpxdata:speed>
    </extensions>
   </trkpt>
   <trkpt lat="48.3981339" lon="9.9960596">
    <ele>503</ele>
    <time>2026-06-15T06:30:51Z</time>
    <extensions>
     <gpxdata:distance>7020.50</gpxdata:distance>
     <gpxdata:speed>3.747</gpxdata:speed>
    </extensions>
   </trkpt>
   <trkpt lat="48.3981034" lon="9.9960397">
    <ele>503</ele>
    <time>2026-06-15T06:30:52Z</time>
    <extensions>
     <gpxdata:distance>7024.00</gpxdata:distance>
     <gpxdata:speed>3.753</gpxdata:speed>
    </extensions>
   </trkpt>
   <trkpt lat="48.3980708" lon="9.9960200">
    <ele>503</ele>
    <time>2026-06-15T06:30:53Z</time>
    <extensions>
     <gpxdata:distance>7028.50</gpxdata:distance>
     <gpxdata:speed>3.836</gpxdata:speed>
    </extensions>
   </trkpt>
   <trkpt lat="48.3980369" lon="9.9960003">
    <ele>503</ele>
    <time>2026-06-15T06:30:54Z</time>
    <extensions>
     <gpxdata:distance>7033.00</gpxdata:distance>
     <gpxdata:speed>3.922</gpxdata:speed>
    </extensions>
   </trkpt>
   <trkpt lat="48.3980010" lon="9.9959815">
    <ele>503</ele>
    <time>2026-06-15T06:30:55Z</time>
    <extensions>
     <gpxdata:distance>7037.50</gpxdata:distance>
     <gpxdata:speed>4.050</gpxdata:speed>
    </extensions>
   </trkpt>
   <trkpt lat="48.3979634" lon="9.9959630">
    <ele>503</ele>
    <time>2026-06-15T06:30:56Z</time>
    <extensions>
     <gpxdata:distance>7042.00</gpxdata:distance>
     <gpxdata:speed>4.194</gpxdata:speed>
    </extensions>
   </trkpt>
   <trkpt lat="48.3979248" lon="9.9959442">
    <ele>503</ele>
    <time>2026-06-15T06:30:57Z</time>
    <extensions>
     <gpxdata:distance>7046.50</gpxdata:distance>
     <gpxdata:speed>4.317</gpxdata:speed>
    </extensions>
   </trkpt>
   <trkpt lat="48.3978867" lon="9.9959263">
    <ele>503</ele>
    <time>2026-06-15T06:30:58Z</time>
    <extensions>
     <gpxdata:distance>7051.00</gpxdata:distance>
     <gpxdata:speed>4.344</gpxdata:speed>
    </extensions>
   </trkpt>
   <trkpt lat="48.3978487" lon="9.9959093">
    <ele>503</ele>
    <time>2026-06-15T06:30:59Z</time>
    <extensions>
     <gpxdata:distance>7055.50</gpxdata:distance>
     <gpxdata:speed>4.367</gpxdata:speed>
    </extensions>
   </trkpt>
   <trkpt lat="48.3978104" lon="9.9958923">
    <ele>503</ele>
    <time>2026-06-15T06:31:00Z</time>
    <extensions>
     <gpxdata:distance>7060.00</gpxdata:distance>
     <gpxdata:speed>4.408</gpxdata:speed>
    </extensions>
   </trkpt>
   <trkpt lat="48.3977721" lon="9.9958748">
    <ele>503</ele>
    <time>2026-06-15T06:31:01Z</time>
    <extensions>
     <gpxdata:distance>7064.00</gpxdata:distance>
     <gpxdata:speed>4.428</gpxdata:speed>
    </extensions>
   </trkpt>
   <trkpt lat="48.3977344" lon="9.9958569">
    <ele>503</ele>
    <time>2026-06-15T06:31:02Z</time>
    <extensions>
     <gpxdata:distance>7068.00</gpxdata:distance>
     <gpxdata:speed>4.408</gpxdata:speed>
    </extensions>
   </trkpt>
   <trkpt lat="48.3976988" lon="9.9958342">
    <ele>503</ele>
    <time>2026-06-15T06:31:03Z</time>
    <extensions>
     <gpxdata:distance>7072.50</gpxdata:distance>
     <gpxdata:speed>4.375</gpxdata:speed>
    </extensions>
   </trkpt>
   <trkpt lat="48.3976692" lon="9.9958006">
    <ele>503</ele>
    <time>2026-06-15T06:31:04Z</time>
    <extensions>
     <gpxdata:distance>7077.00</gpxdata:distance>
     <gpxdata:speed>4.342</gpxdata:speed>
    </extensions>
   </trkpt>
   <trkpt lat="48.3976487" lon="9.9957562">
    <ele>503</ele>
    <time>2026-06-15T06:31:05Z</time>
    <extensions>
     <gpxdata:distance>7080.50</gpxdata:distance>
     <gpxdata:speed>4.311</gpxdata:speed>
    </extensions>
   </trkpt>
   <trkpt lat="48.3976376" lon="9.9957068">
    <ele>502</ele>
    <time>2026-06-15T06:31:06Z</time>
    <extensions>
     <gpxdata:distance>7084.00</gpxdata:distance>
     <gpxdata:speed>4.183</gpxdata:speed>
    </extensions>
   </trkpt>
   <trkpt lat="48.3976343" lon="9.9956610">
    <ele>502</ele>
    <time>2026-06-15T06:31:07Z</time>
    <extensions>
     <gpxdata:distance>7086.50</gpxdata:distance>
     <gpxdata:speed>3.856</gpxdata:speed>
    </extensions>
   </trkpt>
   <trkpt lat="48.3976353" lon="9.9956213">
    <ele>502</ele>
    <time>2026-06-15T06:31:08Z</time>
    <extensions>
     <gpxdata:distance>7089.00</gpxdata:distance>
     <gpxdata:speed>3.450</gpxdata:speed>
    </extensions>
   </trkpt>
   <trkpt lat="48.3976370" lon="9.9955862">
    <ele>502</ele>
    <time>2026-06-15T06:31:09Z</time>
    <extensions>
     <gpxdata:distance>7091.50</gpxdata:distance>
     <gpxdata:speed>3.100</gpxdata:speed>
    </extensions>
   </trkpt>
   <trkpt lat="48.3976394" lon="9.9955531">
    <ele>502</ele>
    <time>2026-06-15T06:31:10Z</time>
    <extensions>
     <gpxdata:distance>7094.00</gpxdata:distance>
     <gpxdata:speed>2.531</gpxdata:speed>
    </extensions>
   </trkpt>
   <trkpt lat="48.3976409" lon="9.9955366">
    <ele>502</ele>
    <time>2026-06-15T06:31:11Z</time>
    <extensions>
     <gpxdata:distance>7095.50</gpxdata:distance>
     <gpxdata:speed>2.158</gpxdata:speed>
    </extensions>
   </trkpt>
   <trkpt lat="48.3976432" lon="9.9955179">
    <ele>503</ele>
    <time>2026-06-15T06:31:12Z</time>
    <extensions>
     <gpxdata:distance>7097.00</gpxdata:distance>
     <gpxdata:speed>1.689</gpxdata:speed>
    </extensions>
   </trkpt>
   <trkpt lat="48.3976452" lon="9.9955041">
    <ele>503</ele>
    <time>2026-06-15T06:31:13Z</time>
    <extensions>
     <gpxdata:distance>7099.00</gpxdata:distance>
     <gpxdata:speed>1.556</gpxdata:speed>
    </extensions>
   </trkpt>
   <trkpt lat="48.3976479" lon="9.9954860">
    <ele>503</ele>
    <time>2026-06-15T06:31:14Z</time>
    <extensions>
     <gpxdata:distance>7101.00</gpxdata:distance>
     <gpxdata:speed>1.767</gpxdata:speed>
    </extensions>
   </trkpt>
   <trkpt lat="48.3976495" lon="9.9954618">
    <ele>503</ele>
    <time>2026-06-15T06:31:15Z</time>
    <extensions>
     <gpxdata:distance>7103.50</gpxdata:distance>
     <gpxdata:speed>2.244</gpxdata:speed>
    </extensions>
   </trkpt>
   <trkpt lat="48.3976458" lon="9.9954238">
    <ele>503</ele>
    <time>2026-06-15T06:31:16Z</time>
    <extensions>
     <gpxdata:distance>7106.00</gpxdata:distance>
     <gpxdata:speed>2.444</gpxdata:speed>
    </extensions>
   </trkpt>
   <trkpt lat="48.3976358" lon="9.9953906">
    <ele>503</ele>
    <time>2026-06-15T06:31:17Z</time>
    <extensions>
     <gpxdata:distance>7109.00</gpxdata:distance>
     <gpxdata:speed>2.697</gpxdata:speed>
    </extensions>
   </trkpt>
   <trkpt lat="48.3976242" lon="9.9953551">
    <ele>503</ele>
    <time>2026-06-15T06:31:18Z</time>
    <extensions>
     <gpxdata:distance>7112.00</gpxdata:distance>
     <gpxdata:speed>3.192</gpxdata:speed>
    </extensions>
   </trkpt>
   <trkpt lat="48.3976098" lon="9.9952897">
    <ele>503</ele>
    <time>2026-06-15T06:31:19Z</time>
    <extensions>
     <gpxdata:distance>7116.00</gpxdata:distance>
     <gpxdata:speed>3.472</gpxdata:speed>
    </extensions>
   </trkpt>
   <trkpt lat="48.3976055" lon="9.9952376">
    <ele>503</ele>
    <time>2026-06-15T06:31:20Z</time>
    <extensions>
     <gpxdata:distance>7120.00</gpxdata:distance>
     <gpxdata:speed>3.703</gpxdata:speed>
    </extensions>
   </trkpt>
   <trkpt lat="48.3976049" lon="9.9951867">
    <ele>503</ele>
    <time>2026-06-15T06:31:21Z</time>
    <extensions>
     <gpxdata:distance>7124.00</gpxdata:distance>
     <gpxdata:speed>3.736</gpxdata:speed>
    </extensions>
   </trkpt>
   <trkpt lat="48.3976062" lon="9.9951340">
    <ele>503</ele>
    <time>2026-06-15T06:31:22Z</time>
    <extensions>
     <gpxdata:distance>7128.00</gpxdata:distance>
     <gpxdata:speed>3.914</gpxdata:speed>
    </extensions>
   </trkpt>
   <trkpt lat="48.3976095" lon="9.9950793">
    <ele>503</ele>
    <time>2026-06-15T06:31:23Z</time>
    <extensions>
     <gpxdata:distance>7132.00</gpxdata:distance>
     <gpxdata:speed>4.069</gpxdata:speed>
    </extensions>
   </trkpt>
   <trkpt lat="48.3976147" lon="9.9950234">
    <ele>503</ele>
    <time>2026-06-15T06:31:24Z</time>
    <extensions>
     <gpxdata:distance>7136.00</gpxdata:distance>
     <gpxdata:speed>4.164</gpxdata:speed>
    </extensions>
   </trkpt>
   <trkpt lat="48.3976210" lon="9.9949661">
    <ele>503</ele>
    <time>2026-06-15T06:31:25Z</time>
    <extensions>
     <gpxdata:distance>7140.50</gpxdata:distance>
     <gpxdata:speed>4.294</gpxdata:speed>
    </extensions>
   </trkpt>
   <trkpt lat="48.3976279" lon="9.9949085">
    <ele>503</ele>
    <time>2026-06-15T06:31:26Z</time>
    <extensions>
     <gpxdata:distance>7145.00</gpxdata:distance>
     <gpxdata:speed>4.306</gpxdata:speed>
    </extensions>
   </trkpt>
   <trkpt lat="48.3976345" lon="9.9948516">
    <ele>503</ele>
    <time>2026-06-15T06:31:27Z</time>
    <extensions>
     <gpxdata:distance>7149.00</gpxdata:distance>
     <gpxdata:speed>4.242</gpxdata:speed>
    </extensions>
   </trkpt>
   <trkpt lat="48.3976408" lon="9.9947937">
    <ele>503</ele>
    <time>2026-06-15T06:31:28Z</time>
    <extensions>
     <gpxdata:distance>7153.00</gpxdata:distance>
     <gpxdata:speed>4.350</gpxdata:speed>
    </extensions>
   </trkpt>
   <trkpt lat="48.3976469" lon="9.9947352">
    <ele>503</ele>
    <time>2026-06-15T06:31:29Z</time>
    <extensions>
     <gpxdata:distance>7157.50</gpxdata:distance>
     <gpxdata:speed>4.386</gpxdata:speed>
    </extensions>
   </trkpt>
   <trkpt lat="48.3976531" lon="9.9946760">
    <ele>503</ele>
    <time>2026-06-15T06:31:30Z</time>
    <extensions>
     <gpxdata:distance>7162.00</gpxdata:distance>
     <gpxdata:speed>4.425</gpxdata:speed>
    </extensions>
   </trkpt>
   <trkpt lat="48.3976586" lon="9.9946153">
    <ele>503</ele>
    <time>2026-06-15T06:31:31Z</time>
    <extensions>
     <gpxdata:distance>7167.00</gpxdata:distance>
     <gpxdata:speed>4.489</gpxdata:speed>
    </extensions>
   </trkpt>
   <trkpt lat="48.3976644" lon="9.9945544">
    <ele>503</ele>
    <time>2026-06-15T06:31:32Z</time>
    <extensions>
     <gpxdata:distance>7172.00</gpxdata:distance>
     <gpxdata:speed>4.517</gpxdata:speed>
    </extensions>
   </trkpt>
   <trkpt lat="48.3976697" lon="9.9944940">
    <ele>503</ele>
    <time>2026-06-15T06:31:33Z</time>
    <extensions>
     <gpxdata:distance>7176.00</gpxdata:distance>
     <gpxdata:speed>4.500</gpxdata:speed>
    </extensions>
   </trkpt>
   <trkpt lat="48.3976750" lon="9.9944353">
    <ele>503</ele>
    <time>2026-06-15T06:31:34Z</time>
    <extensions>
     <gpxdata:distance>7180.00</gpxdata:distance>
     <gpxdata:speed>4.439</gpxdata:speed>
    </extensions>
   </trkpt>
   <trkpt lat="48.3976803" lon="9.9943772">
    <ele>503</ele>
    <time>2026-06-15T06:31:35Z</time>
    <extensions>
     <gpxdata:distance>7184.50</gpxdata:distance>
     <gpxdata:speed>4.400</gpxdata:speed>
    </extensions>
   </trkpt>
   <trkpt lat="48.3976850" lon="9.9943184">
    <ele>503</ele>
    <time>2026-06-15T06:31:36Z</time>
    <extensions>
     <gpxdata:distance>7189.00</gpxdata:distance>
     <gpxdata:speed>4.403</gpxdata:speed>
    </extensions>
   </trkpt>
   <trkpt lat="48.3976885" lon="9.9942588">
    <ele>503</ele>
    <time>2026-06-15T06:31:37Z</time>
    <extensions>
     <gpxdata:distance>7193.50</gpxdata:distance>
     <gpxdata:speed>4.419</gpxdata:speed>
    </extensions>
   </trkpt>
   <trkpt lat="48.3976912" lon="9.9941988">
    <ele>504</ele>
    <time>2026-06-15T06:31:38Z</time>
    <extensions>
     <gpxdata:distance>7198.00</gpxdata:distance>
     <gpxdata:speed>4.431</gpxdata:speed>
    </extensions>
   </trkpt>
   <trkpt lat="48.3976926" lon="9.9941382">
    <ele>504</ele>
    <time>2026-06-15T06:31:39Z</time>
    <extensions>
     <gpxdata:distance>7202.50</gpxdata:distance>
     <gpxdata:speed>4.453</gpxdata:speed>
    </extensions>
   </trkpt>
   <trkpt lat="48.3976931" lon="9.9940782">
    <ele>504</ele>
    <time>2026-06-15T06:31:40Z</time>
    <extensions>
     <gpxdata:distance>7207.00</gpxdata:distance>
     <gpxdata:speed>4.433</gpxdata:speed>
    </extensions>
   </trkpt>
   <trkpt lat="48.3976911" lon="9.9940199">
    <ele>504</ele>
    <time>2026-06-15T06:31:41Z</time>
    <extensions>
     <gpxdata:distance>7211.00</gpxdata:distance>
     <gpxdata:speed>4.375</gpxdata:speed>
    </extensions>
   </trkpt>
   <trkpt lat="48.3976873" lon="9.9939632">
    <ele>504</ele>
    <time>2026-06-15T06:31:42Z</time>
    <extensions>
     <gpxdata:distance>7215.00</gpxdata:distance>
     <gpxdata:speed>4.303</gpxdata:speed>
    </extensions>
   </trkpt>
   <trkpt lat="48.3976833" lon="9.9939069">
    <ele>504</ele>
    <time>2026-06-15T06:31:43Z</time>
    <extensions>
     <gpxdata:distance>7219.00</gpxdata:distance>
     <gpxdata:speed>4.264</gpxdata:speed>
    </extensions>
   </trkpt>
   <trkpt lat="48.3976810" lon="9.9938503">
    <ele>504</ele>
    <time>2026-06-15T06:31:44Z</time>
    <extensions>
     <gpxdata:distance>7223.00</gpxdata:distance>
     <gpxdata:speed>4.247</gpxdata:speed>
    </extensions>
   </trkpt>
   <trkpt lat="48.3976812" lon="9.9937951">
    <ele>504</ele>
    <time>2026-06-15T06:31:45Z</time>
    <extensions>
     <gpxdata:distance>7227.00</gpxdata:distance>
     <gpxdata:speed>4.178</gpxdata:speed>
    </extensions>
   </trkpt>
   <trkpt lat="48.3976815" lon="9.9937431">
    <ele>504</ele>
    <time>2026-06-15T06:31:46Z</time>
    <extensions>
     <gpxdata:distance>7231.00</gpxdata:distance>
     <gpxdata:speed>4.019</gpxdata:speed>
    </extensions>
   </trkpt>
   <trkpt lat="48.3976798" lon="9.9936917">
    <ele>504</ele>
    <time>2026-06-15T06:31:47Z</time>
    <extensions>
     <gpxdata:distance>7235.00</gpxdata:distance>
     <gpxdata:speed>3.947</gpxdata:speed>
    </extensions>
   </trkpt>
   <trkpt lat="48.3976737" lon="9.9936398">
    <ele>504</ele>
    <time>2026-06-15T06:31:48Z</time>
    <extensions>
     <gpxdata:distance>7239.00</gpxdata:distance>
     <gpxdata:speed>3.956</gpxdata:speed>
    </extensions>
   </trkpt>
   <trkpt lat="48.3976650" lon="9.9935874">
    <ele>504</ele>
    <time>2026-06-15T06:31:49Z</time>
    <extensions>
     <gpxdata:distance>7243.00</gpxdata:distance>
     <gpxdata:speed>3.986</gpxdata:speed>
    </extensions>
   </trkpt>
   <trkpt lat="48.3976555" lon="9.9935345">
    <ele>505</ele>
    <time>2026-06-15T06:31:50Z</time>
    <extensions>
     <gpxdata:distance>7247.00</gpxdata:distance>
     <gpxdata:speed>4.014</gpxdata:speed>
    </extensions>
   </trkpt>
   <trkpt lat="48.3976451" lon="9.9934815">
    <ele>505</ele>
    <time>2026-06-15T06:31:51Z</time>
    <extensions>
     <gpxdata:distance>7251.50</gpxdata:distance>
     <gpxdata:speed>4.039</gpxdata:speed>
    </extensions>
   </trkpt>
   <trkpt lat="48.3976348" lon="9.9934263">
    <ele>505</ele>
    <time>2026-06-15T06:31:52Z</time>
    <extensions>
     <gpxdata:distance>7256.00</gpxdata:distance>
     <gpxdata:speed>4.128</gpxdata:speed>
    </extensions>
   </trkpt>
   <trkpt lat="48.3976240" lon="9.9933688">
    <ele>505</ele>
    <time>2026-06-15T06:31:53Z</time>
    <extensions>
     <gpxdata:distance>7260.50</gpxdata:distance>
     <gpxdata:speed>4.239</gpxdata:speed>
    </extensions>
   </trkpt>
   <trkpt lat="48.3976130" lon="9.9933088">
    <ele>505</ele>
    <time>2026-06-15T06:31:54Z</time>
    <extensions>
     <gpxdata:distance>7265.00</gpxdata:distance>
     <gpxdata:speed>4.369</gpxdata:speed>
    </extensions>
   </trkpt>
   <trkpt lat="48.3976027" lon="9.9932470">
    <ele>505</ele>
    <time>2026-06-15T06:31:55Z</time>
    <extensions>
     <gpxdata:distance>7269.50</gpxdata:distance>
     <gpxdata:speed>4.483</gpxdata:speed>
    </extensions>
   </trkpt>
   <trkpt lat="48.3975925" lon="9.9931885">
    <ele>505</ele>
    <time>2026-06-15T06:31:56Z</time>
    <extensions>
     <gpxdata:distance>7274.00</gpxdata:distance>
     <gpxdata:speed>4.433</gpxdata:speed>
    </extensions>
   </trkpt>
   <trkpt lat="48.3975833" lon="9.9931344">
    <ele>505</ele>
    <time>2026-06-15T06:31:57Z</time>
    <extensions>
     <gpxdata:distance>7277.50</gpxdata:distance>
     <gpxdata:speed>4.286</gpxdata:speed>
    </extensions>
   </trkpt>
   <trkpt lat="48.3975767" lon="9.9930845">
    <ele>505</ele>
    <time>2026-06-15T06:31:58Z</time>
    <extensions>
     <gpxdata:distance>7281.00</gpxdata:distance>
     <gpxdata:speed>4.072</gpxdata:speed>
    </extensions>
   </trkpt>
   <trkpt lat="48.3975705" lon="9.9930369">
    <ele>505</ele>
    <time>2026-06-15T06:31:59Z</time>
    <extensions>
     <gpxdata:distance>7285.00</gpxdata:distance>
     <gpxdata:speed>3.886</gpxdata:speed>
    </extensions>
   </trkpt>
   <trkpt lat="48.3975628" lon="9.9929865">
    <ele>505</ele>
    <time>2026-06-15T06:32:00Z</time>
    <extensions>
     <gpxdata:distance>7289.00</gpxdata:distance>
     <gpxdata:speed>3.925</gpxdata:speed>
    </extensions>
   </trkpt>
   <trkpt lat="48.3975562" lon="9.9929330">
    <ele>505</ele>
    <time>2026-06-15T06:32:01Z</time>
    <extensions>
     <gpxdata:distance>7293.00</gpxdata:distance>
     <gpxdata:speed>3.997</gpxdata:speed>
    </extensions>
   </trkpt>
   <trkpt lat="48.3975523" lon="9.9928766">
    <ele>505</ele>
    <time>2026-06-15T06:32:02Z</time>
    <extensions>
     <gpxdata:distance>7297.00</gpxdata:distance>
     <gpxdata:speed>4.092</gpxdata:speed>
    </extensions>
   </trkpt>
   <trkpt lat="48.3975515" lon="9.9928189">
    <ele>505</ele>
    <time>2026-06-15T06:32:03Z</time>
    <extensions>
     <gpxdata:distance>7301.50</gpxdata:distance>
     <gpxdata:speed>4.161</gpxdata:speed>
    </extensions>
   </trkpt>
   <trkpt lat="48.3975536" lon="9.9927610">
    <ele>505</ele>
    <time>2026-06-15T06:32:04Z</time>
    <extensions>
     <gpxdata:distance>7306.00</gpxdata:distance>
     <gpxdata:speed>4.206</gpxdata:speed>
    </extensions>
   </trkpt>
   <trkpt lat="48.3975570" lon="9.9927021">
    <ele>505</ele>
    <time>2026-06-15T06:32:05Z</time>
    <extensions>
     <gpxdata:distance>7310.50</gpxdata:distance>
     <gpxdata:speed>4.269</gpxdata:speed>
    </extensions>
   </trkpt>
   <trkpt lat="48.3975609" lon="9.9926412">
    <ele>505</ele>
    <time>2026-06-15T06:32:06Z</time>
    <extensions>
     <gpxdata:distance>7315.00</gpxdata:distance>
     <gpxdata:speed>4.383</gpxdata:speed>
    </extensions>
   </trkpt>
   <trkpt lat="48.3975637" lon="9.9925778">
    <ele>505</ele>
    <time>2026-06-15T06:32:07Z</time>
    <extensions>
     <gpxdata:distance>7319.50</gpxdata:distance>
     <gpxdata:speed>4.528</gpxdata:speed>
    </extensions>
   </trkpt>
   <trkpt lat="48.3975654" lon="9.9925142">
    <ele>505</ele>
    <time>2026-06-15T06:32:08Z</time>
    <extensions>
     <gpxdata:distance>7324.00</gpxdata:distance>
     <gpxdata:speed>4.592</gpxdata:speed>
    </extensions>
   </trkpt>
   <trkpt lat="48.3975668" lon="9.9924517">
    <ele>505</ele>
    <time>2026-06-15T06:32:09Z</time>
    <extensions>
     <gpxdata:distance>7328.50</gpxdata:distance>
     <gpxdata:speed>4.594</gpxdata:speed>
    </extensions>
   </trkpt>
   <trkpt lat="48.3975683" lon="9.9923900">
    <ele>504</ele>
    <time>2026-06-15T06:32:10Z</time>
    <extensions>
     <gpxdata:distance>7333.00</gpxdata:distance>
     <gpxdata:speed>4.575</gpxdata:speed>
    </extensions>
   </trkpt>
   <trkpt lat="48.3975712" lon="9.9923304">
    <ele>505</ele>
    <time>2026-06-15T06:32:11Z</time>
    <extensions>
     <gpxdata:distance>7337.50</gpxdata:distance>
     <gpxdata:speed>4.492</gpxdata:speed>
    </extensions>
   </trkpt>
   <trkpt lat="48.3975770" lon="9.9922736">
    <ele>505</ele>
    <time>2026-06-15T06:32:12Z</time>
    <extensions>
     <gpxdata:distance>7342.00</gpxdata:distance>
     <gpxdata:speed>4.386</gpxdata:speed>
    </extensions>
   </trkpt>
   <trkpt lat="48.3975869" lon="9.9922244">
    <ele>505</ele>
    <time>2026-06-15T06:32:13Z</time>
    <extensions>
     <gpxdata:distance>7345.00</gpxdata:distance>
     <gpxdata:speed>3.836</gpxdata:speed>
    </extensions>
   </trkpt>
   <trkpt lat="48.3975996" lon="9.9921797">
    <ele>505</ele>
    <time>2026-06-15T06:32:14Z</time>
    <extensions>
     <gpxdata:distance>7348.00</gpxdata:distance>
     <gpxdata:speed>3.711</gpxdata:speed>
    </extensions>
   </trkpt>
   <trkpt lat="48.3976116" lon="9.9921372">
    <ele>505</ele>
    <time>2026-06-15T06:32:15Z</time>
    <extensions>
     <gpxdata:distance>7351.50</gpxdata:distance>
     <gpxdata:speed>3.469</gpxdata:speed>
    </extensions>
   </trkpt>
   <trkpt lat="48.3976214" lon="9.9920943">
    <ele>504</ele>
    <time>2026-06-15T06:32:16Z</time>
    <extensions>
     <gpxdata:distance>7355.00</gpxdata:distance>
     <gpxdata:speed>3.422</gpxdata:speed>
    </extensions>
   </trkpt>
   <trkpt lat="48.3976300" lon="9.9920496">
    <ele>504</ele>
    <time>2026-06-15T06:32:17Z</time>
    <extensions>
     <gpxdata:distance>7358.50</gpxdata:distance>
     <gpxdata:speed>3.514</gpxdata:speed>
    </extensions>
   </trkpt>
   <trkpt lat="48.3976385" lon="9.9920036">
    <ele>504</ele>
    <time>2026-06-15T06:32:18Z</time>
    <extensions>
     <gpxdata:distance>7362.00</gpxdata:distance>
     <gpxdata:speed>3.567</gpxdata:speed>
    </extensions>
   </trkpt>
   <trkpt lat="48.3976464" lon="9.9919564">
    <ele>504</ele>
    <time>2026-06-15T06:32:19Z</time>
    <extensions>
     <gpxdata:distance>7365.50</gpxdata:distance>
     <gpxdata:speed>3.608</gpxdata:speed>
    </extensions>
   </trkpt>
   <trkpt lat="48.3976536" lon="9.9919096">
    <ele>504</ele>
    <time>2026-06-15T06:32:20Z</time>
    <extensions>
     <gpxdata:distance>7369.00</gpxdata:distance>
     <gpxdata:speed>3.525</gpxdata:speed>
    </extensions>
   </trkpt>
   <trkpt lat="48.3976619" lon="9.9918645">
    <ele>504</ele>
    <time>2026-06-15T06:32:21Z</time>
    <extensions>
     <gpxdata:distance>7372.50</gpxdata:distance>
     <gpxdata:speed>3.433</gpxdata:speed>
    </extensions>
   </trkpt>
   <trkpt lat="48.3976693" lon="9.9918201">
    <ele>504</ele>
    <time>2026-06-15T06:32:22Z</time>
    <extensions>
     <gpxdata:distance>7376.00</gpxdata:distance>
     <gpxdata:speed>3.383</gpxdata:speed>
    </extensions>
   </trkpt>
   <trkpt lat="48.3976766" lon="9.9917769">
    <ele>504</ele>
    <time>2026-06-15T06:32:23Z</time>
    <extensions>
     <gpxdata:distance>7379.50</gpxdata:distance>
     <gpxdata:speed>3.325</gpxdata:speed>
    </extensions>
   </trkpt>
   <trkpt lat="48.3976879" lon="9.9917358">
    <ele>504</ele>
    <time>2026-06-15T06:32:24Z</time>
    <extensions>
     <gpxdata:distance>7383.00</gpxdata:distance>
     <gpxdata:speed>3.336</gpxdata:speed>
    </extensions>
   </trkpt>
   <trkpt lat="48.3977030" lon="9.9916991">
    <ele>504</ele>
    <time>2026-06-15T06:32:25Z</time>
    <extensions>
     <gpxdata:distance>7386.00</gpxdata:distance>
     <gpxdata:speed>3.278</gpxdata:speed>
    </extensions>
   </trkpt>
   <trkpt lat="48.3977218" lon="9.9916669">
    <ele>504</ele>
    <time>2026-06-15T06:32:26Z</time>
    <extensions>
     <gpxdata:distance>7389.00</gpxdata:distance>
     <gpxdata:speed>3.258</gpxdata:speed>
    </extensions>
   </trkpt>
   <trkpt lat="48.3977421" lon="9.9916390">
    <ele>504</ele>
    <time>2026-06-15T06:32:27Z</time>
    <extensions>
     <gpxdata:distance>7391.50</gpxdata:distance>
     <gpxdata:speed>3.164</gpxdata:speed>
    </extensions>
   </trkpt>
   <trkpt lat="48.3977624" lon="9.9916139">
    <ele>504</ele>
    <time>2026-06-15T06:32:28Z</time>
    <extensions>
     <gpxdata:distance>7394.00</gpxdata:distance>
     <gpxdata:speed>3.044</gpxdata:speed>
    </extensions>
   </trkpt>
   <trkpt lat="48.3977802" lon="9.9915887">
    <ele>504</ele>
    <time>2026-06-15T06:32:29Z</time>
    <extensions>
     <gpxdata:distance>7397.00</gpxdata:distance>
     <gpxdata:speed>2.897</gpxdata:speed>
    </extensions>
   </trkpt>
   <trkpt lat="48.3977889" lon="9.9915731">
    <ele>504</ele>
    <time>2026-06-15T06:32:30Z</time>
    <extensions>
     <gpxdata:distance>7400.00</gpxdata:distance>
     <gpxdata:speed>2.750</gpxdata:speed>
    </extensions>
   </trkpt>
   <trkpt lat="48.3978000" lon="9.9915488">
    <ele>504</ele>
    <time>2026-06-15T06:32:31Z</time>
    <extensions>
     <gpxdata:distance>7402.50</gpxdata:distance>
     <gpxdata:speed>2.817</gpxdata:speed>
    </extensions>
   </trkpt>
   <trkpt lat="48.3978137" lon="9.9915211">
    <ele>504</ele>
    <time>2026-06-15T06:32:32Z</time>
    <extensions>
     <gpxdata:distance>7405.00</gpxdata:distance>
     <gpxdata:speed>2.844</gpxdata:speed>
    </extensions>
   </trkpt>
   <trkpt lat="48.3978303" lon="9.9914974">
    <ele>504</ele>
    <time>2026-06-15T06:32:33Z</time>
    <extensions>
     <gpxdata:distance>7407.50</gpxdata:distance>
     <gpxdata:speed>2.794</gpxdata:speed>
    </extensions>
   </trkpt>
   <trkpt lat="48.3978492" lon="9.9914826">
    <ele>504</ele>
    <time>2026-06-15T06:32:34Z</time>
    <extensions>
     <gpxdata:distance>7410.00</gpxdata:distance>
     <gpxdata:speed>2.722</gpxdata:speed>
    </extensions>
   </trkpt>
   <trkpt lat="48.3978697" lon="9.9914778">
    <ele>504</ele>
    <time>2026-06-15T06:32:35Z</time>
    <extensions>
     <gpxdata:distance>7412.00</gpxdata:distance>
     <gpxdata:speed>2.694</gpxdata:speed>
    </extensions>
   </trkpt>
   <trkpt lat="48.3978901" lon="9.9914828">
    <ele>504</ele>
    <time>2026-06-15T06:32:36Z</time>
    <extensions>
     <gpxdata:distance>7414.00</gpxdata:distance>
     <gpxdata:speed>2.675</gpxdata:speed>
    </extensions>
   </trkpt>
   <trkpt lat="48.3979100" lon="9.9914931">
    <ele>504</ele>
    <time>2026-06-15T06:32:37Z</time>
    <extensions>
     <gpxdata:distance>7416.50</gpxdata:distance>
     <gpxdata:speed>2.611</gpxdata:speed>
    </extensions>
   </trkpt>
   <trkpt lat="48.3979297" lon="9.9915045">
    <ele>504</ele>
    <time>2026-06-15T06:32:38Z</time>
    <extensions>
     <gpxdata:distance>7419.00</gpxdata:distance>
     <gpxdata:speed>2.531</gpxdata:speed>
    </extensions>
   </trkpt>
   <trkpt lat="48.3979492" lon="9.9915136">
    <ele>504</ele>
    <time>2026-06-15T06:32:39Z</time>
    <extensions>
     <gpxdata:distance>7421.00</gpxdata:distance>
     <gpxdata:speed>2.425</gpxdata:speed>
    </extensions>
   </trkpt>
   <trkpt lat="48.3979688" lon="9.9915178">
    <ele>504</ele>
    <time>2026-06-15T06:32:40Z</time>
    <extensions>
     <gpxdata:distance>7423.00</gpxdata:distance>
     <gpxdata:speed>2.364</gpxdata:speed>
    </extensions>
   </trkpt>
   <trkpt lat="48.3979897" lon="9.9915143">
    <ele>504</ele>
    <time>2026-06-15T06:32:41Z</time>
    <extensions>
     <gpxdata:distance>7426.00</gpxdata:distance>
     <gpxdata:speed>2.483</gpxdata:speed>
    </extensions>
   </trkpt>
   <trkpt lat="48.3980119" lon="9.9915036">
    <ele>504</ele>
    <time>2026-06-15T06:32:42Z</time>
    <extensions>
     <gpxdata:distance>7429.00</gpxdata:distance>
     <gpxdata:speed>2.661</gpxdata:speed>
    </extensions>
   </trkpt>
   <trkpt lat="48.3980353" lon="9.9914883">
    <ele>504</ele>
    <time>2026-06-15T06:32:43Z</time>
    <extensions>
     <gpxdata:distance>7432.50</gpxdata:distance>
     <gpxdata:speed>2.811</gpxdata:speed>
    </extensions>
   </trkpt>
   <trkpt lat="48.3980593" lon="9.9914701">
    <ele>504</ele>
    <time>2026-06-15T06:32:44Z</time>
    <extensions>
     <gpxdata:distance>7436.00</gpxdata:distance>
     <gpxdata:speed>2.944</gpxdata:speed>
    </extensions>
   </trkpt>
   <trkpt lat="48.3980829" lon="9.9914483">
    <ele>504</ele>
    <time>2026-06-15T06:32:45Z</time>
    <extensions>
     <gpxdata:distance>7439.00</gpxdata:distance>
     <gpxdata:speed>3.042</gpxdata:speed>
    </extensions>
   </trkpt>
   <trkpt lat="48.3981188" lon="9.9914060">
    <ele>504</ele>
    <time>2026-06-15T06:32:46Z</time>
    <extensions>
     <gpxdata:distance>7442.00</gpxdata:distance>
     <gpxdata:speed>3.119</gpxdata:speed>
    </extensions>
   </trkpt>
   <trkpt lat="48.3981388" lon="9.9913694">
    <ele>504</ele>
    <time>2026-06-15T06:32:47Z</time>
    <extensions>
     <gpxdata:distance>7445.00</gpxdata:distance>
     <gpxdata:speed>3.178</gpxdata:speed>
    </extensions>
   </trkpt>
   <trkpt lat="48.3981491" lon="9.9913318">
    <ele>504</ele>
    <time>2026-06-15T06:32:48Z</time>
    <extensions>
     <gpxdata:distance>7448.00</gpxdata:distance>
     <gpxdata:speed>3.142</gpxdata:speed>
    </extensions>
   </trkpt>
   <trkpt lat="48.3981490" lon="9.9912973">
    <ele>504</ele>
    <time>2026-06-15T06:32:49Z</time>
    <extensions>
     <gpxdata:distance>7449.50</gpxdata:distance>
     <gpxdata:speed>3.000</gpxdata:speed>
    </extensions>
   </trkpt>
   <trkpt lat="48.3981394" lon="9.9912740">
    <ele>504</ele>
    <time>2026-06-15T06:32:50Z</time>
    <extensions>
     <gpxdata:distance>7451.00</gpxdata:distance>
     <gpxdata:speed>2.792</gpxdata:speed>
    </extensions>
   </trkpt>
   <trkpt lat="48.3981305" lon="9.9912694">
    <ele>504</ele>
    <time>2026-06-15T06:32:51Z</time>
    <extensions>
     <gpxdata:distance>7453.00</gpxdata:distance>
     <gpxdata:speed>2.414</gpxdata:speed>
    </extensions>
   </trkpt>
   <trkpt lat="48.3981174" lon="9.9912720">
    <ele>504</ele>
    <time>2026-06-15T06:32:52Z</time>
    <extensions>
     <gpxdata:distance>7455.00</gpxdata:distance>
     <gpxdata:speed>2.250</gpxdata:speed>
    </extensions>
   </trkpt>
   <trkpt lat="48.3981036" lon="9.9912801">
    <ele>504</ele>
    <time>2026-06-15T06:32:53Z</time>
    <extensions>
     <gpxdata:distance>7456.50</gpxdata:distance>
     <gpxdata:speed>1.944</gpxdata:speed>
    </extensions>
   </trkpt>
   <trkpt lat="48.3980949" lon="9.9912875">
    <ele>504</ele>
    <time>2026-06-15T06:32:54Z</time>
    <extensions>
     <gpxdata:distance>7458.00</gpxdata:distance>
     <gpxdata:speed>1.511</gpxdata:speed>
    </extensions>
   </trkpt>
   <trkpt lat="48.3980867" lon="9.9912957">
    <ele>504</ele>
    <time>2026-06-15T06:32:55Z</time>
    <extensions>
     <gpxdata:distance>7458.50</gpxdata:distance>
     <gpxdata:speed>1.047</gpxdata:speed>
    </extensions>
   </trkpt>
   <trkpt lat="48.3980800" lon="9.9913040">
    <ele>504</ele>
    <time>2026-06-15T06:32:56Z</time>
    <extensions>
     <gpxdata:distance>7459.00</gpxdata:distance>
     <gpxdata:speed>0.856</gpxdata:speed>
    </extensions>
   </trkpt>
   <trkpt lat="48.3980744" lon="9.9913146">
    <ele>504</ele>
    <time>2026-06-15T06:32:57Z</time>
    <extensions>
     <gpxdata:distance>7460.50</gpxdata:distance>
     <gpxdata:speed>1.133</gpxdata:speed>
    </extensions>
   </trkpt>
   <trkpt lat="48.3980695" lon="9.9913289">
    <ele>504</ele>
    <time>2026-06-15T06:32:58Z</time>
    <extensions>
     <gpxdata:distance>7462.00</gpxdata:distance>
     <gpxdata:speed>1.275</gpxdata:speed>
    </extensions>
   </trkpt>
   <trkpt lat="48.3980660" lon="9.9913481">
    <ele>504</ele>
    <time>2026-06-15T06:32:59Z</time>
    <extensions>
     <gpxdata:distance>7464.50</gpxdata:distance>
     <gpxdata:speed>1.558</gpxdata:speed>
    </extensions>
   </trkpt>
   <trkpt lat="48.3980657" lon="9.9913720">
    <ele>504</ele>
    <time>2026-06-15T06:33:00Z</time>
    <extensions>
     <gpxdata:distance>7467.00</gpxdata:distance>
     <gpxdata:speed>1.872</gpxdata:speed>
    </extensions>
   </trkpt>
   <trkpt lat="48.3980699" lon="9.9913967">
    <ele>504</ele>
    <time>2026-06-15T06:33:01Z</time>
    <extensions>
     <gpxdata:distance>7468.50</gpxdata:distance>
     <gpxdata:speed>2.075</gpxdata:speed>
    </extensions>
   </trkpt>
   <trkpt lat="48.3980833" lon="9.9914249">
    <ele>504</ele>
    <time>2026-06-15T06:33:02Z</time>
    <extensions>
     <gpxdata:distance>7470.00</gpxdata:distance>
     <gpxdata:speed>2.261</gpxdata:speed>
    </extensions>
   </trkpt>
   <trkpt lat="48.3981004" lon="9.9914375">
    <ele>504</ele>
    <time>2026-06-15T06:33:03Z</time>
    <extensions>
     <gpxdata:distance>7472.50</gpxdata:distance>
     <gpxdata:speed>2.639</gpxdata:speed>
    </extensions>
   </trkpt>
   <trkpt lat="48.3981197" lon="9.9914362">
    <ele>504</ele>
    <time>2026-06-15T06:33:04Z</time>
    <extensions>
     <gpxdata:distance>7475.00</gpxdata:distance>
     <gpxdata:speed>2.894</gpxdata:speed>
    </extensions>
   </trkpt>
   <trkpt lat="48.3981394" lon="9.9914225">
    <ele>504</ele>
    <time>2026-06-15T06:33:05Z</time>
    <extensions>
     <gpxdata:distance>7478.00</gpxdata:distance>
     <gpxdata:speed>3.094</gpxdata:speed>
    </extensions>
   </trkpt>
   <trkpt lat="48.3981694" lon="9.9913858">
    <ele>504</ele>
    <time>2026-06-15T06:33:06Z</time>
    <extensions>
     <gpxdata:distance>7481.00</gpxdata:distance>
     <gpxdata:speed>3.131</gpxdata:speed>
    </extensions>
   </trkpt>
   <trkpt lat="48.3981873" lon="9.9913530">
    <ele>504</ele>
    <time>2026-06-15T06:33:07Z</time>
    <extensions>
     <gpxdata:distance>7483.50</gpxdata:distance>
     <gpxdata:speed>2.992</gpxdata:speed>
    </extensions>
   </trkpt>
   <trkpt lat="48.3981947" lon="9.9913343">
    <ele>504</ele>
    <time>2026-06-15T06:33:08Z</time>
    <extensions>
     <gpxdata:distance>7486.00</gpxdata:distance>
     <gpxdata:speed>2.911</gpxdata:speed>
    </extensions>
   </trkpt>
   <trkpt lat="48.3982018" lon="9.9913093">
    <ele>504</ele>
    <time>2026-06-15T06:33:09Z</time>
    <extensions>
     <gpxdata:distance>7488.00</gpxdata:distance>
     <gpxdata:speed>2.703</gpxdata:speed>
    </extensions>
   </trkpt>
   <trkpt lat="48.3982072" lon="9.9912822">
    <ele>504</ele>
    <time>2026-06-15T06:33:10Z</time>
    <extensions>
     <gpxdata:distance>7490.00</gpxdata:distance>
     <gpxdata:speed>2.506</gpxdata:speed>
    </extensions>
   </trkpt>
   <trkpt lat="48.3982113" lon="9.9912546">
    <ele>504</ele>
    <time>2026-06-15T06:33:11Z</time>
    <extensions>
     <gpxdata:distance>7492.00</gpxdata:distance>
     <gpxdata:speed>2.350</gpxdata:speed>
    </extensions>
   </trkpt>
   <trkpt lat="48.3982153" lon="9.9912275">
    <ele>504</ele>
    <time>2026-06-15T06:33:12Z</time>
    <extensions>
     <gpxdata:distance>7494.00</gpxdata:distance>
     <gpxdata:speed>2.231</gpxdata:speed>
    </extensions>
   </trkpt>
   <trkpt lat="48.3982200" lon="9.9912015">
    <ele>504</ele>
    <time>2026-06-15T06:33:13Z</time>
    <extensions>
     <gpxdata:distance>7496.00</gpxdata:distance>
     <gpxdata:speed>2.006</gpxdata:speed>
    </extensions>
   </trkpt>
   <trkpt lat="48.3982259" lon="9.9911766">
    <ele>504</ele>
    <time>2026-06-15T06:33:14Z</time>
    <extensions>
     <gpxdata:distance>7498.00</gpxdata:distance>
     <gpxdata:speed>1.958</gpxdata:speed>
    </extensions>
   </trkpt>
   <trkpt lat="48.3982309" lon="9.9911582">
    <ele>504</ele>
    <time>2026-06-15T06:33:15Z</time>
    <extensions>
     <gpxdata:distance>7500.50</gpxdata:distance>
     <gpxdata:speed>2.089</gpxdata:speed>
    </extensions>
   </trkpt>
   <trkpt lat="48.3982395" lon="9.9911268">
    <ele>504</ele>
    <time>2026-06-15T06:33:16Z</time>
    <extensions>
     <gpxdata:distance>7503.00</gpxdata:distance>
     <gpxdata:speed>2.158</gpxdata:speed>
    </extensions>
   </trkpt>
   <trkpt lat="48.3982473" lon="9.9910962">
    <ele>504</ele>
    <time>2026-06-15T06:33:17Z</time>
    <extensions>
     <gpxdata:distance>7505.00</gpxdata:distance>
     <gpxdata:speed>2.247</gpxdata:speed>
    </extensions>
   </trkpt>
   <trkpt lat="48.3982550" lon="9.9910672">
    <ele>504</ele>
    <time>2026-06-15T06:33:18Z</time>
    <extensions>
     <gpxdata:distance>7507.00</gpxdata:distance>
     <gpxdata:speed>2.231</gpxdata:speed>
    </extensions>
   </trkpt>
   <trkpt lat="48.3982631" lon="9.9910405">
    <ele>504</ele>
    <time>2026-06-15T06:33:19Z</time>
    <extensions>
     <gpxdata:distance>7509.00</gpxdata:distance>
     <gpxdata:speed>2.161</gpxdata:speed>
    </extensions>
   </trkpt>
   <trkpt lat="48.3982718" lon="9.9910146">
    <ele>504</ele>
    <time>2026-06-15T06:33:20Z</time>
    <extensions>
     <gpxdata:distance>7511.00</gpxdata:distance>
     <gpxdata:speed>2.153</gpxdata:speed>
    </extensions>
   </trkpt>
   <trkpt lat="48.3982805" lon="9.9909883">
    <ele>504</ele>
    <time>2026-06-15T06:33:21Z</time>
    <extensions>
     <gpxdata:distance>7513.50</gpxdata:distance>
     <gpxdata:speed>2.181</gpxdata:speed>
    </extensions>
   </trkpt>
   <trkpt lat="48.3982885" lon="9.9909610">
    <ele>504</ele>
    <time>2026-06-15T06:33:22Z</time>
    <extensions>
     <gpxdata:distance>7516.00</gpxdata:distance>
     <gpxdata:speed>2.206</gpxdata:speed>
    </extensions>
   </trkpt>
   <trkpt lat="48.3982956" lon="9.9909331">
    <ele>504</ele>
    <time>2026-06-15T06:33:23Z</time>
    <extensions>
     <gpxdata:distance>7518.00</gpxdata:distance>
     <gpxdata:speed>2.211</gpxdata:speed>
    </extensions>
   </trkpt>
   <trkpt lat="48.3983030" lon="9.9909047">
    <ele>504</ele>
    <time>2026-06-15T06:33:24Z</time>
    <extensions>
     <gpxdata:distance>7520.00</gpxdata:distance>
     <gpxdata:speed>2.247</gpxdata:speed>
    </extensions>
   </trkpt>
   <trkpt lat="48.3983118" lon="9.9908767">
    <ele>504</ele>
    <time>2026-06-15T06:33:25Z</time>
    <extensions>
     <gpxdata:distance>7522.50</gpxdata:distance>
     <gpxdata:speed>2.294</gpxdata:speed>
    </extensions>
   </trkpt>
   <trkpt lat="48.3983224" lon="9.9908487">
    <ele>504</ele>
    <time>2026-06-15T06:33:26Z</time>
    <extensions>
     <gpxdata:distance>7525.00</gpxdata:distance>
     <gpxdata:speed>2.364</gpxdata:speed>
    </extensions>
   </trkpt>
   <trkpt lat="48.3983341" lon="9.9908210">
    <ele>504</ele>
    <time>2026-06-15T06:33:27Z</time>
    <extensions>
     <gpxdata:distance>7527.50</gpxdata:distance>
     <gpxdata:speed>2.403</gpxdata:speed>
    </extensions>
   </trkpt>
   <trkpt lat="48.3983460" lon="9.9907943">
    <ele>504</ele>
    <time>2026-06-15T06:33:28Z</time>
    <extensions>
     <gpxdata:distance>7530.00</gpxdata:distance>
     <gpxdata:speed>2.378</gpxdata:speed>
    </extensions>
   </trkpt>
   <trkpt lat="48.3983557" lon="9.9907665">
    <ele>504</ele>
    <time>2026-06-15T06:33:29Z</time>
    <extensions>
     <gpxdata:distance>7532.50</gpxdata:distance>
     <gpxdata:speed>2.369</gpxdata:speed>
    </extensions>
   </trkpt>
   <trkpt lat="48.3983635" lon="9.9907376">
    <ele>504</ele>
    <time>2026-06-15T06:33:30Z</time>
    <extensions>
     <gpxdata:distance>7535.00</gpxdata:distance>
     <gpxdata:speed>2.361</gpxdata:speed>
    </extensions>
   </trkpt>
   <trkpt lat="48.3983730" lon="9.9907123">
    <ele>504</ele>
    <time>2026-06-15T06:33:31Z</time>
    <extensions>
     <gpxdata:distance>7536.50</gpxdata:distance>
     <gpxdata:speed>2.303</gpxdata:speed>
    </extensions>
   </trkpt>
   <trkpt lat="48.3983859" lon="9.9906970">
    <ele>504</ele>
    <time>2026-06-15T06:33:32Z</time>
    <extensions>
     <gpxdata:distance>7538.00</gpxdata:distance>
     <gpxdata:speed>2.297</gpxdata:speed>
    </extensions>
   </trkpt>
   <trkpt lat="48.3983982" lon="9.9906943">
    <ele>504</ele>
    <time>2026-06-15T06:33:33Z</time>
    <extensions>
     <gpxdata:distance>7538.00</gpxdata:distance>
     <gpxdata:speed>2.186</gpxdata:speed>
    </extensions>
   </trkpt>
   <trkpt lat="48.3984044" lon="9.9907007">
    <ele>503</ele>
    <time>2026-06-15T06:33:34Z</time>
    <extensions>
     <gpxdata:distance>7538.00</gpxdata:distance>
     <gpxdata:speed>2.186</gpxdata:speed>
    </extensions>
   </trkpt>
   <trkpt lat="48.3984046" lon="9.9907086">
    <ele>503</ele>
    <time>2026-06-15T06:33:35Z</time>
    <extensions>
     <gpxdata:distance>7539.00</gpxdata:distance>
     <gpxdata:speed>1.917</gpxdata:speed>
    </extensions>
   </trkpt>
   <trkpt lat="48.3984024" lon="9.9907186">
    <ele>503</ele>
    <time>2026-06-15T06:33:36Z</time>
    <extensions>
     <gpxdata:distance>7540.00</gpxdata:distance>
     <gpxdata:speed>1.692</gpxdata:speed>
    </extensions>
   </trkpt>
   <trkpt lat="48.3983988" lon="9.9907287">
    <ele>503</ele>
    <time>2026-06-15T06:33:37Z</time>
    <extensions>
     <gpxdata:distance>7541.00</gpxdata:distance>
     <gpxdata:speed>1.450</gpxdata:speed>
    </extensions>
   </trkpt>
   <trkpt lat="48.3983570" lon="9.9906669">
    <ele>504</ele>
    <time>2026-06-15T06:34:41Z</time>
    <extensions>
     <gpxdata:distance>7555.00</gpxdata:distance>
     <gpxdata:speed>1.681</gpxdata:speed>
    </extensions>
   </trkpt>
   <trkpt lat="48.3983529" lon="9.9906468">
    <ele>504</ele>
    <time>2026-06-15T06:34:42Z</time>
    <extensions>
     <gpxdata:distance>7555.00</gpxdata:distance>
     <gpxdata:speed>1.686</gpxdata:speed>
    </extensions>
   </trkpt>
   <trkpt lat="48.3983485" lon="9.9906270">
    <ele>504</ele>
    <time>2026-06-15T06:34:43Z</time>
    <extensions>
     <gpxdata:distance>7556.50</gpxdata:distance>
     <gpxdata:speed>1.644</gpxdata:speed>
    </extensions>
   </trkpt>
   <trkpt lat="48.3983456" lon="9.9906068">
    <ele>504</ele>
    <time>2026-06-15T06:34:44Z</time>
    <extensions>
     <gpxdata:distance>7558.00</gpxdata:distance>
     <gpxdata:speed>1.642</gpxdata:speed>
    </extensions>
   </trkpt>
   <trkpt lat="48.3983458" lon="9.9905886">
    <ele>504</ele>
    <time>2026-06-15T06:34:45Z</time>
    <extensions>
     <gpxdata:distance>7558.00</gpxdata:distance>
     <gpxdata:speed>1.556</gpxdata:speed>
    </extensions>
   </trkpt>
   <trkpt lat="48.3983483" lon="9.9905767">
    <ele>504</ele>
    <time>2026-06-15T06:34:46Z</time>
    <extensions>
     <gpxdata:distance>7558.00</gpxdata:distance>
     <gpxdata:speed>1.556</gpxdata:speed>
    </extensions>
   </trkpt>
   <trkpt lat="48.3983507" lon="9.9905714">
    <ele>504</ele>
    <time>2026-06-15T06:34:47Z</time>
    <extensions>
     <gpxdata:distance>7558.00</gpxdata:distance>
     <gpxdata:speed>1.556</gpxdata:speed>
    </extensions>
   </trkpt>
   <trkpt lat="48.3983691" lon="9.9906739">
    <ele>504</ele>
    <time>2026-06-15T06:37:49Z</time>
    <extensions>
     <gpxdata:distance>7569.00</gpxdata:distance>
     <gpxdata:speed>1.183</gpxdata:speed>
    </extensions>
   </trkpt>
   <trkpt lat="48.3983682" lon="9.9906903">
    <ele>504</ele>
    <time>2026-06-15T06:37:50Z</time>
    <extensions>
     <gpxdata:distance>7569.00</gpxdata:distance>
     <gpxdata:speed>1.394</gpxdata:speed>
    </extensions>
   </trkpt>
   <trkpt lat="48.3983663" lon="9.9907086">
    <ele>504</ele>
    <time>2026-06-15T06:37:51Z</time>
    <extensions>
     <gpxdata:distance>7571.00</gpxdata:distance>
     <gpxdata:speed>1.558</gpxdata:speed>
    </extensions>
   </trkpt>
   <trkpt lat="48.3983645" lon="9.9907289">
    <ele>504</ele>
    <time>2026-06-15T06:37:52Z</time>
    <extensions>
     <gpxdata:distance>7573.00</gpxdata:distance>
     <gpxdata:speed>1.717</gpxdata:speed>
    </extensions>
   </trkpt>
   <trkpt lat="48.3983635" lon="9.9907507">
    <ele>504</ele>
    <time>2026-06-15T06:37:53Z</time>
    <extensions>
     <gpxdata:distance>7574.50</gpxdata:distance>
     <gpxdata:speed>1.783</gpxdata:speed>
    </extensions>
   </trkpt>
   <trkpt lat="48.3983636" lon="9.9907735">
    <ele>504</ele>
    <time>2026-06-15T06:37:54Z</time>
    <extensions>
     <gpxdata:distance>7576.00</gpxdata:distance>
     <gpxdata:speed>1.800</gpxdata:speed>
    </extensions>
   </trkpt>
   <trkpt lat="48.3983646" lon="9.9907971">
    <ele>504</ele>
    <time>2026-06-15T06:37:55Z</time>
    <extensions>
     <gpxdata:distance>7578.00</gpxdata:distance>
     <gpxdata:speed>1.856</gpxdata:speed>
    </extensions>
   </trkpt>
   <trkpt lat="48.3983663" lon="9.9908206">
    <ele>504</ele>
    <time>2026-06-15T06:37:56Z</time>
    <extensions>
     <gpxdata:distance>7580.00</gpxdata:distance>
     <gpxdata:speed>1.833</gpxdata:speed>
    </extensions>
   </trkpt>
   <trkpt lat="48.3983678" lon="9.9908444">
    <ele>504</ele>
    <time>2026-06-15T06:37:57Z</time>
    <extensions>
     <gpxdata:distance>7581.50</gpxdata:distance>
     <gpxdata:speed>1.833</gpxdata:speed>
    </extensions>
   </trkpt>
   <trkpt lat="48.3983693" lon="9.9908669">
    <ele>504</ele>
    <time>2026-06-15T06:37:58Z</time>
    <extensions>
     <gpxdata:distance>7583.00</gpxdata:distance>
     <gpxdata:speed>1.731</gpxdata:speed>
    </extensions>
   </trkpt>
   <trkpt lat="48.3983709" lon="9.9908883">
    <ele>504</ele>
    <time>2026-06-15T06:37:59Z</time>
    <extensions>
     <gpxdata:distance>7584.50</gpxdata:distance>
     <gpxdata:speed>1.639</gpxdata:speed>
    </extensions>
   </trkpt>
   <trkpt lat="48.3983712" lon="9.9909089">
    <ele>504</ele>
    <time>2026-06-15T06:38:00Z</time>
    <extensions>
     <gpxdata:distance>7586.00</gpxdata:distance>
     <gpxdata:speed>1.583</gpxdata:speed>
    </extensions>
   </trkpt>
   <trkpt lat="48.3983702" lon="9.9909296">
    <ele>504</ele>
    <time>2026-06-15T06:38:01Z</time>
    <extensions>
     <gpxdata:distance>7587.50</gpxdata:distance>
     <gpxdata:speed>1.586</gpxdata:speed>
    </extensions>
   </trkpt>
   <trkpt lat="48.3983684" lon="9.9909513">
    <ele>504</ele>
    <time>2026-06-15T06:38:02Z</time>
    <extensions>
     <gpxdata:distance>7589.00</gpxdata:distance>
     <gpxdata:speed>1.636</gpxdata:speed>
    </extensions>
   </trkpt>
   <trkpt lat="48.3983672" lon="9.9909732">
    <ele>504</ele>
    <time>2026-06-15T06:38:03Z</time>
    <extensions>
     <gpxdata:distance>7591.00</gpxdata:distance>
     <gpxdata:speed>1.642</gpxdata:speed>
    </extensions>
   </trkpt>
   <trkpt lat="48.3983678" lon="9.9909952">
    <ele>504</ele>
    <time>2026-06-15T06:38:04Z</time>
    <extensions>
     <gpxdata:distance>7593.00</gpxdata:distance>
     <gpxdata:speed>1.664</gpxdata:speed>
    </extensions>
   </trkpt>
   <trkpt lat="48.3983700" lon="9.9910163">
    <ele>504</ele>
    <time>2026-06-15T06:38:05Z</time>
    <extensions>
     <gpxdata:distance>7594.00</gpxdata:distance>
     <gpxdata:speed>1.636</gpxdata:speed>
    </extensions>
   </trkpt>
   <trkpt lat="48.3983730" lon="9.9910365">
    <ele>504</ele>
    <time>2026-06-15T06:38:06Z</time>
    <extensions>
     <gpxdata:distance>7595.00</gpxdata:distance>
     <gpxdata:speed>1.581</gpxdata:speed>
    </extensions>
   </trkpt>
   <trkpt lat="48.3983755" lon="9.9910556">
    <ele>504</ele>
    <time>2026-06-15T06:38:07Z</time>
    <extensions>
     <gpxdata:distance>7596.50</gpxdata:distance>
     <gpxdata:speed>1.486</gpxdata:speed>
    </extensions>
   </trkpt>
   <trkpt lat="48.3983774" lon="9.9910738">
    <ele>504</ele>
    <time>2026-06-15T06:38:08Z</time>
    <extensions>
     <gpxdata:distance>7598.00</gpxdata:distance>
     <gpxdata:speed>1.403</gpxdata:speed>
    </extensions>
   </trkpt>
   <trkpt lat="48.3983789" lon="9.9910906">
    <ele>504</ele>
    <time>2026-06-15T06:38:09Z</time>
    <extensions>
     <gpxdata:distance>7599.00</gpxdata:distance>
     <gpxdata:speed>1.294</gpxdata:speed>
    </extensions>
   </trkpt>
   <trkpt lat="48.3983810" lon="9.9911060">
    <ele>504</ele>
    <time>2026-06-15T06:38:10Z</time>
    <extensions>
     <gpxdata:distance>7600.00</gpxdata:distance>
     <gpxdata:speed>1.208</gpxdata:speed>
    </extensions>
   </trkpt>
   <trkpt lat="48.3983840" lon="9.9911203">
    <ele>504</ele>
    <time>2026-06-15T06:38:11Z</time>
    <extensions>
     <gpxdata:distance>7601.00</gpxdata:distance>
     <gpxdata:speed>1.147</gpxdata:speed>
    </extensions>
   </trkpt>
   <trkpt lat="48.3983870" lon="9.9911338">
    <ele>504</ele>
    <time>2026-06-15T06:38:12Z</time>
    <extensions>
     <gpxdata:distance>7602.00</gpxdata:distance>
     <gpxdata:speed>1.086</gpxdata:speed>
    </extensions>
   </trkpt>
   <trkpt lat="48.3983891" lon="9.9911472">
    <ele>504</ele>
    <time>2026-06-15T06:38:13Z</time>
    <extensions>
     <gpxdata:distance>7603.00</gpxdata:distance>
     <gpxdata:speed>1.053</gpxdata:speed>
    </extensions>
   </trkpt>
   <trkpt lat="48.3983897" lon="9.9911606">
    <ele>504</ele>
    <time>2026-06-15T06:38:14Z</time>
    <extensions>
     <gpxdata:distance>7604.00</gpxdata:distance>
     <gpxdata:speed>1.039</gpxdata:speed>
    </extensions>
   </trkpt>
   <trkpt lat="48.3983891" lon="9.9911744">
    <ele>504</ele>
    <time>2026-06-15T06:38:15Z</time>
    <extensions>
     <gpxdata:distance>7605.00</gpxdata:distance>
     <gpxdata:speed>1.056</gpxdata:speed>
    </extensions>
   </trkpt>
   <trkpt lat="48.3983884" lon="9.9911888">
    <ele>504</ele>
    <time>2026-06-15T06:38:16Z</time>
    <extensions>
     <gpxdata:distance>7606.00</gpxdata:distance>
     <gpxdata:speed>1.083</gpxdata:speed>
    </extensions>
   </trkpt>
   <trkpt lat="48.3983886" lon="9.9912042">
    <ele>504</ele>
    <time>2026-06-15T06:38:17Z</time>
    <extensions>
     <gpxdata:distance>7607.50</gpxdata:distance>
     <gpxdata:speed>1.153</gpxdata:speed>
    </extensions>
   </trkpt>
   <trkpt lat="48.3983900" lon="9.9912205">
    <ele>504</ele>
    <time>2026-06-15T06:38:18Z</time>
    <extensions>
     <gpxdata:distance>7609.00</gpxdata:distance>
     <gpxdata:speed>1.222</gpxdata:speed>
    </extensions>
   </trkpt>
   <trkpt lat="48.3983924" lon="9.9912364">
    <ele>504</ele>
    <time>2026-06-15T06:38:19Z</time>
    <extensions>
     <gpxdata:distance>7610.00</gpxdata:distance>
     <gpxdata:speed>1.219</gpxdata:speed>
    </extensions>
   </trkpt>
   <trkpt lat="48.3983958" lon="9.9912513">
    <ele>504</ele>
    <time>2026-06-15T06:38:20Z</time>
    <extensions>
     <gpxdata:distance>7611.00</gpxdata:distance>
     <gpxdata:speed>1.200</gpxdata:speed>
    </extensions>
   </trkpt>
   <trkpt lat="48.3984004" lon="9.9912635">
    <ele>504</ele>
    <time>2026-06-15T06:38:21Z</time>
    <extensions>
     <gpxdata:distance>7611.50</gpxdata:distance>
     <gpxdata:speed>1.125</gpxdata:speed>
    </extensions>
   </trkpt>
   <trkpt lat="48.3984055" lon="9.9912738">
    <ele>504</ele>
    <time>2026-06-15T06:38:22Z</time>
    <extensions>
     <gpxdata:distance>7612.00</gpxdata:distance>
     <gpxdata:speed>1.036</gpxdata:speed>
    </extensions>
   </trkpt>
   <trkpt lat="48.3984110" lon="9.9912840">
    <ele>504</ele>
    <time>2026-06-15T06:38:23Z</time>
    <extensions>
     <gpxdata:distance>7613.00</gpxdata:distance>
     <gpxdata:speed>1.028</gpxdata:speed>
    </extensions>
   </trkpt>
   <trkpt lat="48.3984171" lon="9.9912942">
    <ele>504</ele>
    <time>2026-06-15T06:38:24Z</time>
    <extensions>
     <gpxdata:distance>7614.00</gpxdata:distance>
     <gpxdata:speed>1.044</gpxdata:speed>
    </extensions>
   </trkpt>
   <trkpt lat="48.3984235" lon="9.9913043">
    <ele>504</ele>
    <time>2026-06-15T06:38:25Z</time>
    <extensions>
     <gpxdata:distance>7615.50</gpxdata:distance>
     <gpxdata:speed>1.053</gpxdata:speed>
    </extensions>
   </trkpt>
   <trkpt lat="48.3984297" lon="9.9913151">
    <ele>504</ele>
    <time>2026-06-15T06:38:26Z</time>
    <extensions>
     <gpxdata:distance>7617.00</gpxdata:distance>
     <gpxdata:speed>1.069</gpxdata:speed>
    </extensions>
   </trkpt>
   <trkpt lat="48.3984356" lon="9.9913277">
    <ele>504</ele>
    <time>2026-06-15T06:38:27Z</time>
    <extensions>
     <gpxdata:distance>7618.00</gpxdata:distance>
     <gpxdata:speed>1.147</gpxdata:speed>
    </extensions>
   </trkpt>
   <trkpt lat="48.3984409" lon="9.9913412">
    <ele>504</ele>
    <time>2026-06-15T06:38:28Z</time>
    <extensions>
     <gpxdata:distance>7619.00</gpxdata:distance>
     <gpxdata:speed>1.167</gpxdata:speed>
    </extensions>
   </trkpt>
   <trkpt lat="48.3984459" lon="9.9913554">
    <ele>504</ele>
    <time>2026-06-15T06:38:29Z</time>
    <extensions>
     <gpxdata:distance>7620.50</gpxdata:distance>
     <gpxdata:speed>1.194</gpxdata:speed>
    </extensions>
   </trkpt>
   <trkpt lat="48.3984505" lon="9.9913700">
    <ele>504</ele>
    <time>2026-06-15T06:38:30Z</time>
    <extensions>
     <gpxdata:distance>7622.00</gpxdata:distance>
     <gpxdata:speed>1.206</gpxdata:speed>
    </extensions>
   </trkpt>
   <trkpt lat="48.3984549" lon="9.9913849">
    <ele>504</ele>
    <time>2026-06-15T06:38:31Z</time>
    <extensions>
     <gpxdata:distance>7623.00</gpxdata:distance>
     <gpxdata:speed>1.214</gpxdata:speed>
    </extensions>
   </trkpt>
   <trkpt lat="48.3984603" lon="9.9913995">
    <ele>504</ele>
    <time>2026-06-15T06:38:32Z</time>
    <extensions>
     <gpxdata:distance>7624.00</gpxdata:distance>
     <gpxdata:speed>1.261</gpxdata:speed>
    </extensions>
   </trkpt>
   <trkpt lat="48.3984669" lon="9.9914133">
    <ele>504</ele>
    <time>2026-06-15T06:38:33Z</time>
    <extensions>
     <gpxdata:distance>7625.00</gpxdata:distance>
     <gpxdata:speed>1.294</gpxdata:speed>
    </extensions>
   </trkpt>
   <trkpt lat="48.3984739" lon="9.9914250">
    <ele>504</ele>
    <time>2026-06-15T06:38:34Z</time>
    <extensions>
     <gpxdata:distance>7626.00</gpxdata:distance>
     <gpxdata:speed>1.222</gpxdata:speed>
    </extensions>
   </trkpt>
   <trkpt lat="48.3984807" lon="9.9914354">
    <ele>504</ele>
    <time>2026-06-15T06:38:35Z</time>
    <extensions>
     <gpxdata:distance>7627.00</gpxdata:distance>
     <gpxdata:speed>1.125</gpxdata:speed>
    </extensions>
   </trkpt>
   <trkpt lat="48.3985655" lon="9.9915001">
    <ele>504</ele>
    <time>2026-06-15T06:39:16Z</time>
    <extensions>
     <gpxdata:distance>7641.00</gpxdata:distance>
     <gpxdata:speed>1.253</gpxdata:speed>
    </extensions>
   </trkpt>
   <trkpt lat="48.3985768" lon="9.9915002">
    <ele>504</ele>
    <time>2026-06-15T06:39:17Z</time>
    <extensions>
     <gpxdata:distance>7641.00</gpxdata:distance>
     <gpxdata:speed>1.303</gpxdata:speed>
    </extensions>
   </trkpt>
   <trkpt lat="48.3985880" lon="9.9915002">
    <ele>504</ele>
    <time>2026-06-15T06:39:18Z</time>
    <extensions>
     <gpxdata:distance>7642.50</gpxdata:distance>
     <gpxdata:speed>1.261</gpxdata:speed>
    </extensions>
   </trkpt>
   <trkpt lat="48.3986001" lon="9.9915002">
    <ele>504</ele>
    <time>2026-06-15T06:39:19Z</time>
    <extensions>
     <gpxdata:distance>7644.00</gpxdata:distance>
     <gpxdata:speed>1.458</gpxdata:speed>
    </extensions>
   </trkpt>
   <trkpt lat="48.3986136" lon="9.9915019">
    <ele>504</ele>
    <time>2026-06-15T06:39:20Z</time>
    <extensions>
     <gpxdata:distance>7646.00</gpxdata:distance>
     <gpxdata:speed>1.625</gpxdata:speed>
    </extensions>
   </trkpt>
   <trkpt lat="48.3986283" lon="9.9915064">
    <ele>504</ele>
    <time>2026-06-15T06:39:21Z</time>
    <extensions>
     <gpxdata:distance>7648.00</gpxdata:distance>
     <gpxdata:speed>1.778</gpxdata:speed>
    </extensions>
   </trkpt>
   <trkpt lat="48.3986447" lon="9.9915121">
    <ele>504</ele>
    <time>2026-06-15T06:39:22Z</time>
    <extensions>
     <gpxdata:distance>7650.00</gpxdata:distance>
     <gpxdata:speed>1.950</gpxdata:speed>
    </extensions>
   </trkpt>
   <trkpt lat="48.3986623" lon="9.9915177">
    <ele>504</ele>
    <time>2026-06-15T06:39:23Z</time>
    <extensions>
     <gpxdata:distance>7652.00</gpxdata:distance>
     <gpxdata:speed>2.053</gpxdata:speed>
    </extensions>
   </trkpt>
   <trkpt lat="48.3986874" lon="9.9915246">
    <ele>504</ele>
    <time>2026-06-15T06:39:24Z</time>
    <extensions>
     <gpxdata:distance>7654.50</gpxdata:distance>
     <gpxdata:speed>2.203</gpxdata:speed>
    </extensions>
   </trkpt>
   <trkpt lat="48.3987108" lon="9.9915304">
    <ele>504</ele>
    <time>2026-06-15T06:39:25Z</time>
    <extensions>
     <gpxdata:distance>7657.00</gpxdata:distance>
     <gpxdata:speed>2.553</gpxdata:speed>
    </extensions>
   </trkpt>
   <trkpt lat="48.3987339" lon="9.9915362">
    <ele>504</ele>
    <time>2026-06-15T06:39:26Z</time>
    <extensions>
     <gpxdata:distance>7659.50</gpxdata:distance>
     <gpxdata:speed>2.625</gpxdata:speed>
    </extensions>
   </trkpt>
   <trkpt lat="48.3987560" lon="9.9915430">
    <ele>504</ele>
    <time>2026-06-15T06:39:27Z</time>
    <extensions>
     <gpxdata:distance>7662.00</gpxdata:distance>
     <gpxdata:speed>2.556</gpxdata:speed>
    </extensions>
   </trkpt>
   <trkpt lat="48.3987771" lon="9.9915516">
    <ele>504</ele>
    <time>2026-06-15T06:39:28Z</time>
    <extensions>
     <gpxdata:distance>7664.50</gpxdata:distance>
     <gpxdata:speed>2.428</gpxdata:speed>
    </extensions>
   </trkpt>
   <trkpt lat="48.3987974" lon="9.9915626">
    <ele>504</ele>
    <time>2026-06-15T06:39:29Z</time>
    <extensions>
     <gpxdata:distance>7667.00</gpxdata:distance>
     <gpxdata:speed>2.422</gpxdata:speed>
    </extensions>
   </trkpt>
   <trkpt lat="48.3988173" lon="9.9915755">
    <ele>504</ele>
    <time>2026-06-15T06:39:30Z</time>
    <extensions>
     <gpxdata:distance>7669.50</gpxdata:distance>
     <gpxdata:speed>2.442</gpxdata:speed>
    </extensions>
   </trkpt>
   <trkpt lat="48.3988371" lon="9.9915897">
    <ele>504</ele>
    <time>2026-06-15T06:39:31Z</time>
    <extensions>
     <gpxdata:distance>7672.00</gpxdata:distance>
     <gpxdata:speed>2.464</gpxdata:speed>
    </extensions>
   </trkpt>
   <trkpt lat="48.3988564" lon="9.9916045">
    <ele>504</ele>
    <time>2026-06-15T06:39:32Z</time>
    <extensions>
     <gpxdata:distance>7674.50</gpxdata:distance>
     <gpxdata:speed>2.431</gpxdata:speed>
    </extensions>
   </trkpt>
   <trkpt lat="48.3988767" lon="9.9916191">
    <ele>504</ele>
    <time>2026-06-15T06:39:33Z</time>
    <extensions>
     <gpxdata:distance>7677.00</gpxdata:distance>
     <gpxdata:speed>2.500</gpxdata:speed>
    </extensions>
   </trkpt>
   <trkpt lat="48.3988974" lon="9.9916328">
    <ele>504</ele>
    <time>2026-06-15T06:39:34Z</time>
    <extensions>
     <gpxdata:distance>7679.50</gpxdata:distance>
     <gpxdata:speed>2.511</gpxdata:speed>
    </extensions>
   </trkpt>
   <trkpt lat="48.3989181" lon="9.9916451">
    <ele>504</ele>
    <time>2026-06-15T06:39:35Z</time>
    <extensions>
     <gpxdata:distance>7682.00</gpxdata:distance>
     <gpxdata:speed>2.492</gpxdata:speed>
    </extensions>
   </trkpt>
   <trkpt lat="48.3989373" lon="9.9916586">
    <ele>504</ele>
    <time>2026-06-15T06:39:36Z</time>
    <extensions>
     <gpxdata:distance>7684.00</gpxdata:distance>
     <gpxdata:speed>2.408</gpxdata:speed>
    </extensions>
   </trkpt>
   <trkpt lat="48.3989532" lon="9.9916760">
    <ele>504</ele>
    <time>2026-06-15T06:39:37Z</time>
    <extensions>
     <gpxdata:distance>7686.00</gpxdata:distance>
     <gpxdata:speed>2.344</gpxdata:speed>
    </extensions>
   </trkpt>
   <trkpt lat="48.3989654" lon="9.9916983">
    <ele>504</ele>
    <time>2026-06-15T06:39:38Z</time>
    <extensions>
     <gpxdata:distance>7688.00</gpxdata:distance>
     <gpxdata:speed>2.336</gpxdata:speed>
    </extensions>
   </trkpt>
   <trkpt lat="48.3989749" lon="9.9917234">
    <ele>504</ele>
    <time>2026-06-15T06:39:39Z</time>
    <extensions>
     <gpxdata:distance>7690.00</gpxdata:distance>
     <gpxdata:speed>2.303</gpxdata:speed>
    </extensions>
   </trkpt>
   <trkpt lat="48.3989830" lon="9.9917495">
    <ele>504</ele>
    <time>2026-06-15T06:39:40Z</time>
    <extensions>
     <gpxdata:distance>7692.00</gpxdata:distance>
     <gpxdata:speed>2.244</gpxdata:speed>
    </extensions>
   </trkpt>
   <trkpt lat="48.3989899" lon="9.9917756">
    <ele>504</ele>
    <time>2026-06-15T06:39:41Z</time>
    <extensions>
     <gpxdata:distance>7694.00</gpxdata:distance>
     <gpxdata:speed>2.169</gpxdata:speed>
    </extensions>
   </trkpt>
   <trkpt lat="48.3989961" lon="9.9918020">
    <ele>504</ele>
    <time>2026-06-15T06:39:42Z</time>
    <extensions>
     <gpxdata:distance>7696.00</gpxdata:distance>
     <gpxdata:speed>2.133</gpxdata:speed>
    </extensions>
   </trkpt>
   <trkpt lat="48.3990013" lon="9.9918288">
    <ele>504</ele>
    <time>2026-06-15T06:39:43Z</time>
    <extensions>
     <gpxdata:distance>7698.00</gpxdata:distance>
     <gpxdata:speed>2.108</gpxdata:speed>
    </extensions>
   </trkpt>
   <trkpt lat="48.3990058" lon="9.9918552">
    <ele>504</ele>
    <time>2026-06-15T06:39:44Z</time>
    <extensions>
     <gpxdata:distance>7700.00</gpxdata:distance>
     <gpxdata:speed>2.058</gpxdata:speed>
    </extensions>
   </trkpt>
   <trkpt lat="48.3990104" lon="9.9918804">
    <ele>504</ele>
    <time>2026-06-15T06:39:45Z</time>
    <extensions>
     <gpxdata:distance>7702.00</gpxdata:distance>
     <gpxdata:speed>1.983</gpxdata:speed>
    </extensions>
   </trkpt>
   <trkpt lat="48.3990139" lon="9.9918980">
    <ele>504</ele>
    <time>2026-06-15T06:39:46Z</time>
    <extensions>
     <gpxdata:distance>7704.00</gpxdata:distance>
     <gpxdata:speed>1.931</gpxdata:speed>
    </extensions>
   </trkpt>
   <trkpt lat="48.3990181" lon="9.9919186">
    <ele>504</ele>
    <time>2026-06-15T06:39:47Z</time>
    <extensions>
     <gpxdata:distance>7706.00</gpxdata:distance>
     <gpxdata:speed>1.906</gpxdata:speed>
    </extensions>
   </trkpt>
   <trkpt lat="48.3990223" lon="9.9919408">
    <ele>504</ele>
    <time>2026-06-15T06:39:48Z</time>
    <extensions>
     <gpxdata:distance>7708.00</gpxdata:distance>
     <gpxdata:speed>1.869</gpxdata:speed>
    </extensions>
   </trkpt>
   <trkpt lat="48.3990264" lon="9.9919641">
    <ele>504</ele>
    <time>2026-06-15T06:39:49Z</time>
    <extensions>
     <gpxdata:distance>7710.00</gpxdata:distance>
     <gpxdata:speed>1.867</gpxdata:speed>
    </extensions>
   </trkpt>
   <trkpt lat="48.3990299" lon="9.9919885">
    <ele>504</ele>
    <time>2026-06-15T06:39:50Z</time>
    <extensions>
     <gpxdata:distance>7711.50</gpxdata:distance>
     <gpxdata:speed>1.883</gpxdata:speed>
    </extensions>
   </trkpt>
   <trkpt lat="48.3990321" lon="9.9920136">
    <ele>504</ele>
    <time>2026-06-15T06:39:51Z</time>
    <extensions>
     <gpxdata:distance>7713.00</gpxdata:distance>
     <gpxdata:speed>1.900</gpxdata:speed>
    </extensions>
   </trkpt>
   <trkpt lat="48.3990338" lon="9.9920387">
    <ele>504</ele>
    <time>2026-06-15T06:39:52Z</time>
    <extensions>
     <gpxdata:distance>7715.00</gpxdata:distance>
     <gpxdata:speed>1.878</gpxdata:speed>
    </extensions>
   </trkpt>
   <trkpt lat="48.3990351" lon="9.9920638">
    <ele>504</ele>
    <time>2026-06-15T06:39:53Z</time>
    <extensions>
     <gpxdata:distance>7717.00</gpxdata:distance>
     <gpxdata:speed>1.869</gpxdata:speed>
    </extensions>
   </trkpt>
   <trkpt lat="48.3990365" lon="9.9920886">
    <ele>504</ele>
    <time>2026-06-15T06:39:54Z</time>
    <extensions>
     <gpxdata:distance>7719.00</gpxdata:distance>
     <gpxdata:speed>1.847</gpxdata:speed>
    </extensions>
   </trkpt>
   <trkpt lat="48.3990375" lon="9.9921134">
    <ele>504</ele>
    <time>2026-06-15T06:39:55Z</time>
    <extensions>
     <gpxdata:distance>7721.00</gpxdata:distance>
     <gpxdata:speed>1.842</gpxdata:speed>
    </extensions>
   </trkpt>
   <trkpt lat="48.3990395" lon="9.9921384">
    <ele>504</ele>
    <time>2026-06-15T06:39:56Z</time>
    <extensions>
     <gpxdata:distance>7722.50</gpxdata:distance>
     <gpxdata:speed>1.869</gpxdata:speed>
    </extensions>
   </trkpt>
   <trkpt lat="48.3990424" lon="9.9921633">
    <ele>504</ele>
    <time>2026-06-15T06:39:57Z</time>
    <extensions>
     <gpxdata:distance>7724.00</gpxdata:distance>
     <gpxdata:speed>1.878</gpxdata:speed>
    </extensions>
   </trkpt>
   <trkpt lat="48.3990454" lon="9.9921880">
    <ele>504</ele>
    <time>2026-06-15T06:39:58Z</time>
    <extensions>
     <gpxdata:distance>7726.00</gpxdata:distance>
     <gpxdata:speed>1.861</gpxdata:speed>
    </extensions>
   </trkpt>
   <trkpt lat="48.3990483" lon="9.9922126">
    <ele>504</ele>
    <time>2026-06-15T06:39:59Z</time>
    <extensions>
     <gpxdata:distance>7728.00</gpxdata:distance>
     <gpxdata:speed>1.853</gpxdata:speed>
    </extensions>
   </trkpt>
   <trkpt lat="48.3990509" lon="9.9922366">
    <ele>504</ele>
    <time>2026-06-15T06:40:00Z</time>
    <extensions>
     <gpxdata:distance>7730.00</gpxdata:distance>
     <gpxdata:speed>1.814</gpxdata:speed>
    </extensions>
   </trkpt>
   <trkpt lat="48.3990531" lon="9.9922611">
    <ele>504</ele>
    <time>2026-06-15T06:40:01Z</time>
    <extensions>
     <gpxdata:distance>7732.00</gpxdata:distance>
     <gpxdata:speed>1.831</gpxdata:speed>
    </extensions>
   </trkpt>
   <trkpt lat="48.3990548" lon="9.9922855">
    <ele>504</ele>
    <time>2026-06-15T06:40:02Z</time>
    <extensions>
     <gpxdata:distance>7733.50</gpxdata:distance>
     <gpxdata:speed>1.817</gpxdata:speed>
    </extensions>
   </trkpt>
   <trkpt lat="48.3990562" lon="9.9923102">
    <ele>504</ele>
    <time>2026-06-15T06:40:03Z</time>
    <extensions>
     <gpxdata:distance>7735.00</gpxdata:distance>
     <gpxdata:speed>1.836</gpxdata:speed>
    </extensions>
   </trkpt>
   <trkpt lat="48.3990578" lon="9.9923345">
    <ele>504</ele>
    <time>2026-06-15T06:40:04Z</time>
    <extensions>
     <gpxdata:distance>7736.50</gpxdata:distance>
     <gpxdata:speed>1.806</gpxdata:speed>
    </extensions>
   </trkpt>
   <trkpt lat="48.3990595" lon="9.9923576">
    <ele>504</ele>
    <time>2026-06-15T06:40:05Z</time>
    <extensions>
     <gpxdata:distance>7738.00</gpxdata:distance>
     <gpxdata:speed>1.731</gpxdata:speed>
    </extensions>
   </trkpt>
   <trkpt lat="48.3990614" lon="9.9923793">
    <ele>504</ele>
    <time>2026-06-15T06:40:06Z</time>
    <extensions>
     <gpxdata:distance>7739.50</gpxdata:distance>
     <gpxdata:speed>1.642</gpxdata:speed>
    </extensions>
   </trkpt>
   <trkpt lat="48.3990628" lon="9.9924007">
    <ele>504</ele>
    <time>2026-06-15T06:40:07Z</time>
    <extensions>
     <gpxdata:distance>7741.00</gpxdata:distance>
     <gpxdata:speed>1.600</gpxdata:speed>
    </extensions>
   </trkpt>
   <trkpt lat="48.3990639" lon="9.9924218">
    <ele>504</ele>
    <time>2026-06-15T06:40:08Z</time>
    <extensions>
     <gpxdata:distance>7742.50</gpxdata:distance>
     <gpxdata:speed>1.575</gpxdata:speed>
    </extensions>
   </trkpt>
   <trkpt lat="48.3990650" lon="9.9924421">
    <ele>504</ele>
    <time>2026-06-15T06:40:09Z</time>
    <extensions>
     <gpxdata:distance>7744.00</gpxdata:distance>
     <gpxdata:speed>1.514</gpxdata:speed>
    </extensions>
   </trkpt>
   <trkpt lat="48.3990657" lon="9.9924618">
    <ele>504</ele>
    <time>2026-06-15T06:40:10Z</time>
    <extensions>
     <gpxdata:distance>7745.50</gpxdata:distance>
     <gpxdata:speed>1.464</gpxdata:speed>
    </extensions>
   </trkpt>
   <trkpt lat="48.3990654" lon="9.9924823">
    <ele>504</ele>
    <time>2026-06-15T06:40:11Z</time>
    <extensions>
     <gpxdata:distance>7747.00</gpxdata:distance>
     <gpxdata:speed>1.522</gpxdata:speed>
    </extensions>
   </trkpt>
   <trkpt lat="48.3990644" lon="9.9925039">
    <ele>504</ele>
    <time>2026-06-15T06:40:12Z</time>
    <extensions>
     <gpxdata:distance>7749.00</gpxdata:distance>
     <gpxdata:speed>1.594</gpxdata:speed>
    </extensions>
   </trkpt>
   <trkpt lat="48.3990633" lon="9.9925265">
    <ele>504</ele>
    <time>2026-06-15T06:40:13Z</time>
    <extensions>
     <gpxdata:distance>7751.00</gpxdata:distance>
     <gpxdata:speed>1.658</gpxdata:speed>
    </extensions>
   </trkpt>
   <trkpt lat="48.3990626" lon="9.9925499">
    <ele>504</ele>
    <time>2026-06-15T06:40:14Z</time>
    <extensions>
     <gpxdata:distance>7753.00</gpxdata:distance>
     <gpxdata:speed>1.714</gpxdata:speed>
    </extensions>
   </trkpt>
   <trkpt lat="48.3990626" lon="9.9925732">
    <ele>504</ele>
    <time>2026-06-15T06:40:15Z</time>
    <extensions>
     <gpxdata:distance>7755.00</gpxdata:distance>
     <gpxdata:speed>1.722</gpxdata:speed>
    </extensions>
   </trkpt>
   <trkpt lat="48.3990629" lon="9.9925959">
    <ele>504</ele>
    <time>2026-06-15T06:40:16Z</time>
    <extensions>
     <gpxdata:distance>7756.50</gpxdata:distance>
     <gpxdata:speed>1.689</gpxdata:speed>
    </extensions>
   </trkpt>
   <trkpt lat="48.3990631" lon="9.9926182">
    <ele>504</ele>
    <time>2026-06-15T06:40:17Z</time>
    <extensions>
     <gpxdata:distance>7758.00</gpxdata:distance>
     <gpxdata:speed>1.661</gpxdata:speed>
    </extensions>
   </trkpt>
   <trkpt lat="48.3990634" lon="9.9926407">
    <ele>504</ele>
    <time>2026-06-15T06:40:18Z</time>
    <extensions>
     <gpxdata:distance>7759.50</gpxdata:distance>
     <gpxdata:speed>1.667</gpxdata:speed>
    </extensions>
   </trkpt>
   <trkpt lat="48.3990640" lon="9.9926629">
    <ele>504</ele>
    <time>2026-06-15T06:40:19Z</time>
    <extensions>
     <gpxdata:distance>7761.00</gpxdata:distance>
     <gpxdata:speed>1.653</gpxdata:speed>
    </extensions>
   </trkpt>
   <trkpt lat="48.3990652" lon="9.9926851">
    <ele>504</ele>
    <time>2026-06-15T06:40:20Z</time>
    <extensions>
     <gpxdata:distance>7763.00</gpxdata:distance>
     <gpxdata:speed>1.653</gpxdata:speed>
    </extensions>
   </trkpt>
   <trkpt lat="48.3990667" lon="9.9927079">
    <ele>504</ele>
    <time>2026-06-15T06:40:21Z</time>
    <extensions>
     <gpxdata:distance>7765.00</gpxdata:distance>
     <gpxdata:speed>1.692</gpxdata:speed>
    </extensions>
   </trkpt>
   <trkpt lat="48.3990682" lon="9.9927309">
    <ele>504</ele>
    <time>2026-06-15T06:40:22Z</time>
    <extensions>
     <gpxdata:distance>7766.50</gpxdata:distance>
     <gpxdata:speed>1.706</gpxdata:speed>
    </extensions>
   </trkpt>
   <trkpt lat="48.3990696" lon="9.9927537">
    <ele>504</ele>
    <time>2026-06-15T06:40:23Z</time>
    <extensions>
     <gpxdata:distance>7768.00</gpxdata:distance>
     <gpxdata:speed>1.686</gpxdata:speed>
    </extensions>
   </trkpt>
   <trkpt lat="48.3990714" lon="9.9927772">
    <ele>504</ele>
    <time>2026-06-15T06:40:24Z</time>
    <extensions>
     <gpxdata:distance>7770.00</gpxdata:distance>
     <gpxdata:speed>1.744</gpxdata:speed>
    </extensions>
   </trkpt>
   <trkpt lat="48.3990734" lon="9.9928019">
    <ele>504</ele>
    <time>2026-06-15T06:40:25Z</time>
    <extensions>
     <gpxdata:distance>7772.00</gpxdata:distance>
     <gpxdata:speed>1.836</gpxdata:speed>
    </extensions>
   </trkpt>
   <trkpt lat="48.3990750" lon="9.9928279">
    <ele>504</ele>
    <time>2026-06-15T06:40:26Z</time>
    <extensions>
     <gpxdata:distance>7774.00</gpxdata:distance>
     <gpxdata:speed>1.917</gpxdata:speed>
    </extensions>
   </trkpt>
   <trkpt lat="48.3990756" lon="9.9928543">
    <ele>504</ele>
    <time>2026-06-15T06:40:27Z</time>
    <extensions>
     <gpxdata:distance>7776.00</gpxdata:distance>
     <gpxdata:speed>1.953</gpxdata:speed>
    </extensions>
   </trkpt>
   <trkpt lat="48.3990754" lon="9.9928786">
    <ele>504</ele>
    <time>2026-06-15T06:40:28Z</time>
    <extensions>
     <gpxdata:distance>7777.00</gpxdata:distance>
     <gpxdata:speed>1.828</gpxdata:speed>
    </extensions>
   </trkpt>
   <trkpt lat="48.3990749" lon="9.9929008">
    <ele>504</ele>
    <time>2026-06-15T06:40:29Z</time>
    <extensions>
     <gpxdata:distance>7778.00</gpxdata:distance>
     <gpxdata:speed>1.683</gpxdata:speed>
    </extensions>
   </trkpt>
   <trkpt lat="48.3990748" lon="9.9929224">
    <ele>504</ele>
    <time>2026-06-15T06:40:30Z</time>
    <extensions>
     <gpxdata:distance>7780.00</gpxdata:distance>
     <gpxdata:speed>1.631</gpxdata:speed>
    </extensions>
   </trkpt>
   <trkpt lat="48.3990756" lon="9.9929442">
    <ele>504</ele>
    <time>2026-06-15T06:40:31Z</time>
    <extensions>
     <gpxdata:distance>7782.00</gpxdata:distance>
     <gpxdata:speed>1.642</gpxdata:speed>
    </extensions>
   </trkpt>
   <trkpt lat="48.3990774" lon="9.9929665">
    <ele>504</ele>
    <time>2026-06-15T06:40:32Z</time>
    <extensions>
     <gpxdata:distance>7784.00</gpxdata:distance>
     <gpxdata:speed>1.667</gpxdata:speed>
    </extensions>
   </trkpt>
   <trkpt lat="48.3990794" lon="9.9929902">
    <ele>504</ele>
    <time>2026-06-15T06:40:33Z</time>
    <extensions>
     <gpxdata:distance>7786.00</gpxdata:distance>
     <gpxdata:speed>1.761</gpxdata:speed>
    </extensions>
   </trkpt>
   <trkpt lat="48.3990814" lon="9.9930152">
    <ele>504</ele>
    <time>2026-06-15T06:40:34Z</time>
    <extensions>
     <gpxdata:distance>7788.00</gpxdata:distance>
     <gpxdata:speed>1.844</gpxdata:speed>
    </extensions>
   </trkpt>
   <trkpt lat="48.3990835" lon="9.9930410">
    <ele>504</ele>
    <time>2026-06-15T06:40:35Z</time>
    <extensions>
     <gpxdata:distance>7790.00</gpxdata:distance>
     <gpxdata:speed>1.903</gpxdata:speed>
    </extensions>
   </trkpt>
   <trkpt lat="48.3990857" lon="9.9930664">
    <ele>504</ele>
    <time>2026-06-15T06:40:36Z</time>
    <extensions>
     <gpxdata:distance>7791.50</gpxdata:distance>
     <gpxdata:speed>1.886</gpxdata:speed>
    </extensions>
   </trkpt>
   <trkpt lat="48.3990877" lon="9.9930909">
    <ele>504</ele>
    <time>2026-06-15T06:40:37Z</time>
    <extensions>
     <gpxdata:distance>7793.00</gpxdata:distance>
     <gpxdata:speed>1.825</gpxdata:speed>
    </extensions>
   </trkpt>
   <trkpt lat="48.3990890" lon="9.9931155">
    <ele>504</ele>
    <time>2026-06-15T06:40:38Z</time>
    <extensions>
     <gpxdata:distance>7795.00</gpxdata:distance>
     <gpxdata:speed>1.833</gpxdata:speed>
    </extensions>
   </trkpt>
   <trkpt lat="48.3990898" lon="9.9931403">
    <ele>504</ele>
    <time>2026-06-15T06:40:39Z</time>
    <extensions>
     <gpxdata:distance>7797.00</gpxdata:distance>
     <gpxdata:speed>1.847</gpxdata:speed>
    </extensions>
   </trkpt>
   <trkpt lat="48.3990906" lon="9.9931649">
    <ele>504</ele>
    <time>2026-06-15T06:40:40Z</time>
    <extensions>
     <gpxdata:distance>7798.50</gpxdata:distance>
     <gpxdata:speed>1.839</gpxdata:speed>
    </extensions>
   </trkpt>
   <trkpt lat="48.3990914" lon="9.9931889">
    <ele>504</ele>
    <time>2026-06-15T06:40:41Z</time>
    <extensions>
     <gpxdata:distance>7800.00</gpxdata:distance>
     <gpxdata:speed>1.792</gpxdata:speed>
    </extensions>
   </trkpt>
   <trkpt lat="48.3990926" lon="9.9932118">
    <ele>504</ele>
    <time>2026-06-15T06:40:42Z</time>
    <extensions>
     <gpxdata:distance>7801.50</gpxdata:distance>
     <gpxdata:speed>1.717</gpxdata:speed>
    </extensions>
   </trkpt>
   <trkpt lat="48.3990942" lon="9.9932339">
    <ele>504</ele>
    <time>2026-06-15T06:40:43Z</time>
    <extensions>
     <gpxdata:distance>7803.00</gpxdata:distance>
     <gpxdata:speed>1.667</gpxdata:speed>
    </extensions>
   </trkpt>
   <trkpt lat="48.3990957" lon="9.9932562">
    <ele>504</ele>
    <time>2026-06-15T06:40:44Z</time>
    <extensions>
     <gpxdata:distance>7805.00</gpxdata:distance>
     <gpxdata:speed>1.661</gpxdata:speed>
    </extensions>
   </trkpt>
   <trkpt lat="48.3990970" lon="9.9932778">
    <ele>504</ele>
    <time>2026-06-15T06:40:45Z</time>
    <extensions>
     <gpxdata:distance>7807.00</gpxdata:distance>
     <gpxdata:speed>1.614</gpxdata:speed>
    </extensions>
   </trkpt>
   <trkpt lat="48.3990979" lon="9.9932989">
    <ele>504</ele>
    <time>2026-06-15T06:40:46Z</time>
    <extensions>
     <gpxdata:distance>7808.50</gpxdata:distance>
     <gpxdata:speed>1.567</gpxdata:speed>
    </extensions>
   </trkpt>
   <trkpt lat="48.3990986" lon="9.9933200">
    <ele>504</ele>
    <time>2026-06-15T06:40:47Z</time>
    <extensions>
     <gpxdata:distance>7810.00</gpxdata:distance>
     <gpxdata:speed>1.567</gpxdata:speed>
    </extensions>
   </trkpt>
   <trkpt lat="48.3990987" lon="9.9933414">
    <ele>504</ele>
    <time>2026-06-15T06:40:48Z</time>
    <extensions>
     <gpxdata:distance>7811.50</gpxdata:distance>
     <gpxdata:speed>1.583</gpxdata:speed>
    </extensions>
   </trkpt>
   <trkpt lat="48.3990988" lon="9.9933632">
    <ele>504</ele>
    <time>2026-06-15T06:40:49Z</time>
    <extensions>
     <gpxdata:distance>7813.00</gpxdata:distance>
     <gpxdata:speed>1.603</gpxdata:speed>
    </extensions>
   </trkpt>
   <trkpt lat="48.3990984" lon="9.9933852">
    <ele>504</ele>
    <time>2026-06-15T06:40:50Z</time>
    <extensions>
     <gpxdata:distance>7814.50</gpxdata:distance>
     <gpxdata:speed>1.619</gpxdata:speed>
    </extensions>
   </trkpt>
   <trkpt lat="48.3990980" lon="9.9934062">
    <ele>504</ele>
    <time>2026-06-15T06:40:51Z</time>
    <extensions>
     <gpxdata:distance>7816.00</gpxdata:distance>
     <gpxdata:speed>1.553</gpxdata:speed>
    </extensions>
   </trkpt>
   <trkpt lat="48.3990979" lon="9.9934262">
    <ele>504</ele>
    <time>2026-06-15T06:40:52Z</time>
    <extensions>
     <gpxdata:distance>7817.50</gpxdata:distance>
     <gpxdata:speed>1.492</gpxdata:speed>
    </extensions>
   </trkpt>
   <trkpt lat="48.3990981" lon="9.9934462">
    <ele>504</ele>
    <time>2026-06-15T06:40:53Z</time>
    <extensions>
     <gpxdata:distance>7819.00</gpxdata:distance>
     <gpxdata:speed>1.486</gpxdata:speed>
    </extensions>
   </trkpt>
   <trkpt lat="48.3990980" lon="9.9934672">
    <ele>504</ele>
    <time>2026-06-15T06:40:54Z</time>
    <extensions>
     <gpxdata:distance>7820.50</gpxdata:distance>
     <gpxdata:speed>1.547</gpxdata:speed>
    </extensions>
   </trkpt>
   <trkpt lat="48.3990981" lon="9.9934888">
    <ele>504</ele>
    <time>2026-06-15T06:40:55Z</time>
    <extensions>
     <gpxdata:distance>7822.00</gpxdata:distance>
     <gpxdata:speed>1.586</gpxdata:speed>
    </extensions>
   </trkpt>
   <trkpt lat="48.3990984" lon="9.9935105">
    <ele>504</ele>
    <time>2026-06-15T06:40:56Z</time>
    <extensions>
     <gpxdata:distance>7823.50</gpxdata:distance>
     <gpxdata:speed>1.600</gpxdata:speed>
    </extensions>
   </trkpt>
   <trkpt lat="48.3990984" lon="9.9935312">
    <ele>504</ele>
    <time>2026-06-15T06:40:57Z</time>
    <extensions>
     <gpxdata:distance>7825.00</gpxdata:distance>
     <gpxdata:speed>1.531</gpxdata:speed>
    </extensions>
   </trkpt>
   <trkpt lat="48.3990982" lon="9.9935514">
    <ele>504</ele>
    <time>2026-06-15T06:40:58Z</time>
    <extensions>
     <gpxdata:distance>7826.50</gpxdata:distance>
     <gpxdata:speed>1.497</gpxdata:speed>
    </extensions>
   </trkpt>
   <trkpt lat="48.3990981" lon="9.9935711">
    <ele>504</ele>
    <time>2026-06-15T06:40:59Z</time>
    <extensions>
     <gpxdata:distance>7828.00</gpxdata:distance>
     <gpxdata:speed>1.467</gpxdata:speed>
    </extensions>
   </trkpt>
   <trkpt lat="48.3990969" lon="9.9935902">
    <ele>504</ele>
    <time>2026-06-15T06:41:00Z</time>
    <extensions>
     <gpxdata:distance>7829.50</gpxdata:distance>
     <gpxdata:speed>1.431</gpxdata:speed>
    </extensions>
   </trkpt>
   <trkpt lat="48.3990933" lon="9.9936082">
    <ele>504</ele>
    <time>2026-06-15T06:41:01Z</time>
    <extensions>
     <gpxdata:distance>7831.00</gpxdata:distance>
     <gpxdata:speed>1.469</gpxdata:speed>
    </extensions>
   </trkpt>
   <trkpt lat="48.3990866" lon="9.9936248">
    <ele>504</ele>
    <time>2026-06-15T06:41:02Z</time>
    <extensions>
     <gpxdata:distance>7832.50</gpxdata:distance>
     <gpxdata:speed>1.561</gpxdata:speed>
    </extensions>
   </trkpt>
   <trkpt lat="48.3990772" lon="9.9936389">
    <ele>504</ele>
    <time>2026-06-15T06:41:03Z</time>
    <extensions>
     <gpxdata:distance>7834.00</gpxdata:distance>
     <gpxdata:speed>1.628</gpxdata:speed>
    </extensions>
   </trkpt>
   <trkpt lat="48.3990655" lon="9.9936492">
    <ele>504</ele>
    <time>2026-06-15T06:41:04Z</time>
    <extensions>
     <gpxdata:distance>7835.50</gpxdata:distance>
     <gpxdata:speed>1.686</gpxdata:speed>
    </extensions>
   </trkpt>
   <trkpt lat="48.3990518" lon="9.9936559">
    <ele>504</ele>
    <time>2026-06-15T06:41:05Z</time>
    <extensions>
     <gpxdata:distance>7837.00</gpxdata:distance>
     <gpxdata:speed>1.769</gpxdata:speed>
    </extensions>
   </trkpt>
   <trkpt lat="48.3990365" lon="9.9936603">
    <ele>504</ele>
    <time>2026-06-15T06:41:06Z</time>
    <extensions>
     <gpxdata:distance>7839.00</gpxdata:distance>
     <gpxdata:speed>1.864</gpxdata:speed>
    </extensions>
   </trkpt>
   <trkpt lat="48.3990202" lon="9.9936635">
    <ele>504</ele>
    <time>2026-06-15T06:41:07Z</time>
    <extensions>
     <gpxdata:distance>7841.00</gpxdata:distance>
     <gpxdata:speed>1.928</gpxdata:speed>
    </extensions>
   </trkpt>
   <trkpt lat="48.3990034" lon="9.9936662">
    <ele>504</ele>
    <time>2026-06-15T06:41:08Z</time>
    <extensions>
     <gpxdata:distance>7843.00</gpxdata:distance>
     <gpxdata:speed>1.953</gpxdata:speed>
    </extensions>
   </trkpt>
   <trkpt lat="48.3989862" lon="9.9936685">
    <ele>504</ele>
    <time>2026-06-15T06:41:09Z</time>
    <extensions>
     <gpxdata:distance>7845.00</gpxdata:distance>
     <gpxdata:speed>1.972</gpxdata:speed>
    </extensions>
   </trkpt>
   <trkpt lat="48.3989689" lon="9.9936703">
    <ele>504</ele>
    <time>2026-06-15T06:41:10Z</time>
    <extensions>
     <gpxdata:distance>7847.00</gpxdata:distance>
     <gpxdata:speed>1.981</gpxdata:speed>
    </extensions>
   </trkpt>
   <trkpt lat="48.3989512" lon="9.9936721">
    <ele>504</ele>
    <time>2026-06-15T06:41:11Z</time>
    <extensions>
     <gpxdata:distance>7849.00</gpxdata:distance>
     <gpxdata:speed>2.003</gpxdata:speed>
    </extensions>
   </trkpt>
   <trkpt lat="48.3989264" lon="9.9936758">
    <ele>504</ele>
    <time>2026-06-15T06:41:12Z</time>
    <extensions>
     <gpxdata:distance>7851.00</gpxdata:distance>
     <gpxdata:speed>2.061</gpxdata:speed>
    </extensions>
   </trkpt>
   <trkpt lat="48.3989057" lon="9.9936773">
    <ele>504</ele>
    <time>2026-06-15T06:41:13Z</time>
    <extensions>
     <gpxdata:distance>7853.00</gpxdata:distance>
     <gpxdata:speed>2.069</gpxdata:speed>
    </extensions>
   </trkpt>
   <trkpt lat="48.3988863" lon="9.9936770">
    <ele>504</ele>
    <time>2026-06-15T06:41:14Z</time>
    <extensions>
     <gpxdata:distance>7855.00</gpxdata:distance>
     <gpxdata:speed>2.078</gpxdata:speed>
    </extensions>
   </trkpt>
   <trkpt lat="48.3988678" lon="9.9936760">
    <ele>504</ele>
    <time>2026-06-15T06:41:15Z</time>
    <extensions>
     <gpxdata:distance>7857.00</gpxdata:distance>
     <gpxdata:speed>2.058</gpxdata:speed>
    </extensions>
   </trkpt>
   <trkpt lat="48.3988502" lon="9.9936749">
    <ele>504</ele>
    <time>2026-06-15T06:41:16Z</time>
    <extensions>
     <gpxdata:distance>7859.00</gpxdata:distance>
     <gpxdata:speed>1.986</gpxdata:speed>
    </extensions>
   </trkpt>
   <trkpt lat="48.3988383" lon="9.9936742">
    <ele>504</ele>
    <time>2026-06-15T06:41:17Z</time>
    <extensions>
     <gpxdata:distance>7861.00</gpxdata:distance>
     <gpxdata:speed>1.892</gpxdata:speed>
    </extensions>
   </trkpt>
   <trkpt lat="48.3988255" lon="9.9936736">
    <ele>504</ele>
    <time>2026-06-15T06:41:18Z</time>
    <extensions>
     <gpxdata:distance>7862.50</gpxdata:distance>
     <gpxdata:speed>1.750</gpxdata:speed>
    </extensions>
   </trkpt>
   <trkpt lat="48.3988122" lon="9.9936721">
    <ele>504</ele>
    <time>2026-06-15T06:41:19Z</time>
    <extensions>
     <gpxdata:distance>7864.00</gpxdata:distance>
     <gpxdata:speed>1.669</gpxdata:speed>
    </extensions>
   </trkpt>
   <trkpt lat="48.3987985" lon="9.9936694">
    <ele>504</ele>
    <time>2026-06-15T06:41:20Z</time>
    <extensions>
     <gpxdata:distance>7865.50</gpxdata:distance>
     <gpxdata:speed>1.653</gpxdata:speed>
    </extensions>
   </trkpt>
   <trkpt lat="48.3987849" lon="9.9936659">
    <ele>504</ele>
    <time>2026-06-15T06:41:21Z</time>
    <extensions>
     <gpxdata:distance>7867.00</gpxdata:distance>
     <gpxdata:speed>1.608</gpxdata:speed>
    </extensions>
   </trkpt>
   <trkpt lat="48.3987720" lon="9.9936613">
    <ele>504</ele>
    <time>2026-06-15T06:41:22Z</time>
    <extensions>
     <gpxdata:distance>7868.00</gpxdata:distance>
     <gpxdata:speed>1.519</gpxdata:speed>
    </extensions>
   </trkpt>
   <trkpt lat="48.3987596" lon="9.9936567">
    <ele>504</ele>
    <time>2026-06-15T06:41:23Z</time>
    <extensions>
     <gpxdata:distance>7869.00</gpxdata:distance>
     <gpxdata:speed>1.456</gpxdata:speed>
    </extensions>
   </trkpt>
   <trkpt lat="48.3987468" lon="9.9936533">
    <ele>504</ele>
    <time>2026-06-15T06:41:24Z</time>
    <extensions>
     <gpxdata:distance>7871.00</gpxdata:distance>
     <gpxdata:speed>1.467</gpxdata:speed>
    </extensions>
   </trkpt>
   <trkpt lat="48.3987327" lon="9.9936520">
    <ele>504</ele>
    <time>2026-06-15T06:41:25Z</time>
    <extensions>
     <gpxdata:distance>7873.00</gpxdata:distance>
     <gpxdata:speed>1.581</gpxdata:speed>
    </extensions>
   </trkpt>
   <trkpt lat="48.3987162" lon="9.9936535">
    <ele>504</ele>
    <time>2026-06-15T06:41:26Z</time>
    <extensions>
     <gpxdata:distance>7876.00</gpxdata:distance>
     <gpxdata:speed>1.831</gpxdata:speed>
    </extensions>
   </trkpt>
   <trkpt lat="48.3986961" lon="9.9936564">
    <ele>504</ele>
    <time>2026-06-15T06:41:27Z</time>
    <extensions>
     <gpxdata:distance>7879.00</gpxdata:distance>
     <gpxdata:speed>2.642</gpxdata:speed>
    </extensions>
   </trkpt>
   <trkpt lat="48.3986636" lon="9.9936591">
    <ele>504</ele>
    <time>2026-06-15T06:41:28Z</time>
    <extensions>
     <gpxdata:distance>7883.00</gpxdata:distance>
     <gpxdata:speed>3.178</gpxdata:speed>
    </extensions>
   </trkpt>
   <trkpt lat="48.3986122" lon="9.9936599">
    <ele>504</ele>
    <time>2026-06-15T06:41:29Z</time>
    <extensions>
     <gpxdata:distance>7887.00</gpxdata:distance>
     <gpxdata:speed>3.650</gpxdata:speed>
    </extensions>
   </trkpt>
   <trkpt lat="48.3985728" lon="9.9936576">
    <ele>504</ele>
    <time>2026-06-15T06:41:30Z</time>
    <extensions>
     <gpxdata:distance>7891.50</gpxdata:distance>
     <gpxdata:speed>4.108</gpxdata:speed>
    </extensions>
   </trkpt>
   <trkpt lat="48.3985331" lon="9.9936562">
    <ele>504</ele>
    <time>2026-06-15T06:41:31Z</time>
    <extensions>
     <gpxdata:distance>7896.00</gpxdata:distance>
     <gpxdata:speed>4.386</gpxdata:speed>
    </extensions>
   </trkpt>
   <trkpt lat="48.3984928" lon="9.9936568">
    <ele>504</ele>
    <time>2026-06-15T06:41:32Z</time>
    <extensions>
     <gpxdata:distance>7900.50</gpxdata:distance>
     <gpxdata:speed>4.439</gpxdata:speed>
    </extensions>
   </trkpt>
   <trkpt lat="48.3984531" lon="9.9936584">
    <ele>504</ele>
    <time>2026-06-15T06:41:33Z</time>
    <extensions>
     <gpxdata:distance>7905.00</gpxdata:distance>
     <gpxdata:speed>4.375</gpxdata:speed>
    </extensions>
   </trkpt>
   <trkpt lat="48.3984153" lon="9.9936601">
    <ele>504</ele>
    <time>2026-06-15T06:41:34Z</time>
    <extensions>
     <gpxdata:distance>7908.50</gpxdata:distance>
     <gpxdata:speed>4.161</gpxdata:speed>
    </extensions>
   </trkpt>
   <trkpt lat="48.3983795" lon="9.9936625">
    <ele>504</ele>
    <time>2026-06-15T06:41:35Z</time>
    <extensions>
     <gpxdata:distance>7912.00</gpxdata:distance>
     <gpxdata:speed>3.969</gpxdata:speed>
    </extensions>
   </trkpt>
   <trkpt lat="48.3983466" lon="9.9936641">
    <ele>504</ele>
    <time>2026-06-15T06:41:36Z</time>
    <extensions>
     <gpxdata:distance>7915.00</gpxdata:distance>
     <gpxdata:speed>3.803</gpxdata:speed>
    </extensions>
   </trkpt>
   <trkpt lat="48.3983175" lon="9.9936625">
    <ele>504</ele>
    <time>2026-06-15T06:41:37Z</time>
    <extensions>
     <gpxdata:distance>7918.00</gpxdata:distance>
     <gpxdata:speed>3.536</gpxdata:speed>
    </extensions>
   </trkpt>
   <trkpt lat="48.3982936" lon="9.9936568">
    <ele>504</ele>
    <time>2026-06-15T06:41:38Z</time>
    <extensions>
     <gpxdata:distance>7920.00</gpxdata:distance>
     <gpxdata:speed>2.758</gpxdata:speed>
    </extensions>
   </trkpt>
   <trkpt lat="48.3982833" lon="9.9936515">
    <ele>504</ele>
    <time>2026-06-15T06:41:39Z</time>
    <extensions>
     <gpxdata:distance>7922.00</gpxdata:distance>
     <gpxdata:speed>2.186</gpxdata:speed>
    </extensions>
   </trkpt>
   <trkpt lat="48.3982729" lon="9.9936406">
    <ele>504</ele>
    <time>2026-06-15T06:41:40Z</time>
    <extensions>
     <gpxdata:distance>7923.50</gpxdata:distance>
     <gpxdata:speed>1.939</gpxdata:speed>
    </extensions>
   </trkpt>
   <trkpt lat="48.3982673" lon="9.9936293">
    <ele>505</ele>
    <time>2026-06-15T06:41:41Z</time>
    <extensions>
     <gpxdata:distance>7925.00</gpxdata:distance>
     <gpxdata:speed>1.797</gpxdata:speed>
    </extensions>
   </trkpt>
   <trkpt lat="48.3982631" lon="9.9936144">
    <ele>505</ele>
    <time>2026-06-15T06:41:42Z</time>
    <extensions>
     <gpxdata:distance>7926.00</gpxdata:distance>
     <gpxdata:speed>1.583</gpxdata:speed>
    </extensions>
   </trkpt>
   <trkpt lat="48.3982606" lon="9.9935980">
    <ele>505</ele>
    <time>2026-06-15T06:41:43Z</time>
    <extensions>
     <gpxdata:distance>7927.00</gpxdata:distance>
     <gpxdata:speed>1.397</gpxdata:speed>
    </extensions>
   </trkpt>
   <trkpt lat="48.3982597" lon="9.9935816">
    <ele>505</ele>
    <time>2026-06-15T06:41:44Z</time>
    <extensions>
     <gpxdata:distance>7928.00</gpxdata:distance>
     <gpxdata:speed>1.250</gpxdata:speed>
    </extensions>
   </trkpt>
   <trkpt lat="48.3982598" lon="9.9935660">
    <ele>505</ele>
    <time>2026-06-15T06:41:45Z</time>
    <extensions>
     <gpxdata:distance>7929.00</gpxdata:distance>
     <gpxdata:speed>1.106</gpxdata:speed>
    </extensions>
   </trkpt>
   <trkpt lat="48.3982607" lon="9.9935503">
    <ele>505</ele>
    <time>2026-06-15T06:41:46Z</time>
    <extensions>
     <gpxdata:distance>7930.50</gpxdata:distance>
     <gpxdata:speed>1.186</gpxdata:speed>
    </extensions>
   </trkpt>
   <trkpt lat="48.3982620" lon="9.9935334">
    <ele>505</ele>
    <time>2026-06-15T06:41:47Z</time>
    <extensions>
     <gpxdata:distance>7932.00</gpxdata:distance>
     <gpxdata:speed>1.350</gpxdata:speed>
    </extensions>
   </trkpt>
   <trkpt lat="48.3982636" lon="9.9935150">
    <ele>505</ele>
    <time>2026-06-15T06:41:48Z</time>
    <extensions>
     <gpxdata:distance>7934.00</gpxdata:distance>
     <gpxdata:speed>1.406</gpxdata:speed>
    </extensions>
   </trkpt>
   <trkpt lat="48.3982647" lon="9.9934942">
    <ele>505</ele>
    <time>2026-06-15T06:41:49Z</time>
    <extensions>
     <gpxdata:distance>7936.00</gpxdata:distance>
     <gpxdata:speed>1.553</gpxdata:speed>
    </extensions>
   </trkpt>
   <trkpt lat="48.3982651" lon="9.9934716">
    <ele>505</ele>
    <time>2026-06-15T06:41:50Z</time>
    <extensions>
     <gpxdata:distance>7938.00</gpxdata:distance>
     <gpxdata:speed>1.667</gpxdata:speed>
    </extensions>
   </trkpt>
   <trkpt lat="48.3982647" lon="9.9934470">
    <ele>505</ele>
    <time>2026-06-15T06:41:51Z</time>
    <extensions>
     <gpxdata:distance>7940.00</gpxdata:distance>
     <gpxdata:speed>1.814</gpxdata:speed>
    </extensions>
   </trkpt>
   <trkpt lat="48.3982629" lon="9.9934203">
    <ele>505</ele>
    <time>2026-06-15T06:41:52Z</time>
    <extensions>
     <gpxdata:distance>7942.00</gpxdata:distance>
     <gpxdata:speed>1.978</gpxdata:speed>
    </extensions>
   </trkpt>
   <trkpt lat="48.3982601" lon="9.9933922">
    <ele>505</ele>
    <time>2026-06-15T06:41:53Z</time>
    <extensions>
     <gpxdata:distance>7944.00</gpxdata:distance>
     <gpxdata:speed>2.106</gpxdata:speed>
    </extensions>
   </trkpt>
   <trkpt lat="48.3982561" lon="9.9933538">
    <ele>505</ele>
    <time>2026-06-15T06:41:54Z</time>
    <extensions>
     <gpxdata:distance>7946.00</gpxdata:distance>
     <gpxdata:speed>2.156</gpxdata:speed>
    </extensions>
   </trkpt>
   <trkpt lat="48.3982529" lon="9.9933222">
    <ele>505</ele>
    <time>2026-06-15T06:41:55Z</time>
    <extensions>
     <gpxdata:distance>7948.00</gpxdata:distance>
     <gpxdata:speed>2.089</gpxdata:speed>
    </extensions>
   </trkpt>
   <trkpt lat="48.3982509" lon="9.9932931">
    <ele>505</ele>
    <time>2026-06-15T06:41:56Z</time>
    <extensions>
     <gpxdata:distance>7950.00</gpxdata:distance>
     <gpxdata:speed>2.072</gpxdata:speed>
    </extensions>
   </trkpt>
   <trkpt lat="48.3982496" lon="9.9932654">
    <ele>505</ele>
    <time>2026-06-15T06:41:57Z</time>
    <extensions>
     <gpxdata:distance>7952.00</gpxdata:distance>
     <gpxdata:speed>2.022</gpxdata:speed>
    </extensions>
   </trkpt>
   <trkpt lat="48.3982490" lon="9.9932376">
    <ele>505</ele>
    <time>2026-06-15T06:41:58Z</time>
    <extensions>
     <gpxdata:distance>7954.50</gpxdata:distance>
     <gpxdata:speed>2.064</gpxdata:speed>
    </extensions>
   </trkpt>
   <trkpt lat="48.3982487" lon="9.9932094">
    <ele>505</ele>
    <time>2026-06-15T06:41:59Z</time>
    <extensions>
     <gpxdata:distance>7957.00</gpxdata:distance>
     <gpxdata:speed>2.111</gpxdata:speed>
    </extensions>
   </trkpt>
   <trkpt lat="48.3982487" lon="9.9931800">
    <ele>505</ele>
    <time>2026-06-15T06:42:00Z</time>
    <extensions>
     <gpxdata:distance>7959.50</gpxdata:distance>
     <gpxdata:speed>2.222</gpxdata:speed>
    </extensions>
   </trkpt>
   <trkpt lat="48.3982487" lon="9.9931493">
    <ele>505</ele>
    <time>2026-06-15T06:42:01Z</time>
    <extensions>
     <gpxdata:distance>7962.00</gpxdata:distance>
     <gpxdata:speed>2.297</gpxdata:speed>
    </extensions>
   </trkpt>
   <trkpt lat="48.3982491" lon="9.9931174">
    <ele>505</ele>
    <time>2026-06-15T06:42:02Z</time>
    <extensions>
     <gpxdata:distance>7964.50</gpxdata:distance>
     <gpxdata:speed>2.353</gpxdata:speed>
    </extensions>
   </trkpt>
   <trkpt lat="48.3982502" lon="9.9930843">
    <ele>505</ele>
    <time>2026-06-15T06:42:03Z</time>
    <extensions>
     <gpxdata:distance>7967.00</gpxdata:distance>
     <gpxdata:speed>2.425</gpxdata:speed>
    </extensions>
   </trkpt>
   <trkpt lat="48.3982510" lon="9.9930514">
    <ele>505</ele>
    <time>2026-06-15T06:42:04Z</time>
    <extensions>
     <gpxdata:distance>7969.00</gpxdata:distance>
     <gpxdata:speed>2.428</gpxdata:speed>
    </extensions>
   </trkpt>
   <trkpt lat="48.3982500" lon="9.9930197">
    <ele>505</ele>
    <time>2026-06-15T06:42:05Z</time>
    <extensions>
     <gpxdata:distance>7971.00</gpxdata:distance>
     <gpxdata:speed>2.386</gpxdata:speed>
    </extensions>
   </trkpt>
   <trkpt lat="48.3982459" lon="9.9929906">
    <ele>505</ele>
    <time>2026-06-15T06:42:06Z</time>
    <extensions>
     <gpxdata:distance>7973.00</gpxdata:distance>
     <gpxdata:speed>2.322</gpxdata:speed>
    </extensions>
   </trkpt>
   <trkpt lat="48.3982381" lon="9.9929645">
    <ele>505</ele>
    <time>2026-06-15T06:42:07Z</time>
    <extensions>
     <gpxdata:distance>7975.00</gpxdata:distance>
     <gpxdata:speed>2.278</gpxdata:speed>
    </extensions>
   </trkpt>
   <trkpt lat="48.3982262" lon="9.9929441">
    <ele>505</ele>
    <time>2026-06-15T06:42:08Z</time>
    <extensions>
     <gpxdata:distance>7977.00</gpxdata:distance>
     <gpxdata:speed>2.267</gpxdata:speed>
    </extensions>
   </trkpt>
   <trkpt lat="48.3982112" lon="9.9929319">
    <ele>505</ele>
    <time>2026-06-15T06:42:09Z</time>
    <extensions>
     <gpxdata:distance>7979.00</gpxdata:distance>
     <gpxdata:speed>2.242</gpxdata:speed>
    </extensions>
   </trkpt>
   <trkpt lat="48.3981947" lon="9.9929264">
    <ele>505</ele>
    <time>2026-06-15T06:42:10Z</time>
    <extensions>
     <gpxdata:distance>7980.50</gpxdata:distance>
     <gpxdata:speed>2.186</gpxdata:speed>
    </extensions>
   </trkpt>
   <trkpt lat="48.3981789" lon="9.9929249">
    <ele>505</ele>
    <time>2026-06-15T06:42:11Z</time>
    <extensions>
     <gpxdata:distance>7982.00</gpxdata:distance>
     <gpxdata:speed>2.017</gpxdata:speed>
    </extensions>
   </trkpt>
   <trkpt lat="48.3981631" lon="9.9929268">
    <ele>505</ele>
    <time>2026-06-15T06:42:12Z</time>
    <extensions>
     <gpxdata:distance>7984.00</gpxdata:distance>
     <gpxdata:speed>1.947</gpxdata:speed>
    </extensions>
   </trkpt>
   <trkpt lat="48.3981514" lon="9.9929303">
    <ele>505</ele>
    <time>2026-06-15T06:42:13Z</time>
    <extensions>
     <gpxdata:distance>7986.00</gpxdata:distance>
     <gpxdata:speed>1.944</gpxdata:speed>
    </extensions>
   </trkpt>
   <trkpt lat="48.3981372" lon="9.9929360">
    <ele>505</ele>
    <time>2026-06-15T06:42:14Z</time>
    <extensions>
     <gpxdata:distance>7988.00</gpxdata:distance>
     <gpxdata:speed>1.967</gpxdata:speed>
    </extensions>
   </trkpt>
   <trkpt lat="48.3981221" lon="9.9929425">
    <ele>505</ele>
    <time>2026-06-15T06:42:15Z</time>
    <extensions>
     <gpxdata:distance>7990.00</gpxdata:distance>
     <gpxdata:speed>1.892</gpxdata:speed>
    </extensions>
   </trkpt>
   <trkpt lat="48.3981067" lon="9.9929496">
    <ele>505</ele>
    <time>2026-06-15T06:42:16Z</time>
    <extensions>
     <gpxdata:distance>7991.50</gpxdata:distance>
     <gpxdata:speed>1.833</gpxdata:speed>
    </extensions>
   </trkpt>
   <trkpt lat="48.3980917" lon="9.9929573">
    <ele>505</ele>
    <time>2026-06-15T06:42:17Z</time>
    <extensions>
     <gpxdata:distance>7993.00</gpxdata:distance>
     <gpxdata:speed>1.753</gpxdata:speed>
    </extensions>
   </trkpt>
   <trkpt lat="48.3980767" lon="9.9929654">
    <ele>505</ele>
    <time>2026-06-15T06:42:18Z</time>
    <extensions>
     <gpxdata:distance>7995.00</gpxdata:distance>
     <gpxdata:speed>1.778</gpxdata:speed>
    </extensions>
   </trkpt>
   <trkpt lat="48.3980608" lon="9.9929733">
    <ele>505</ele>
    <time>2026-06-15T06:42:19Z</time>
    <extensions>
     <gpxdata:distance>7997.00</gpxdata:distance>
     <gpxdata:speed>1.872</gpxdata:speed>
    </extensions>
   </trkpt>
   <trkpt lat="48.3980435" lon="9.9929820">
    <ele>505</ele>
    <time>2026-06-15T06:42:20Z</time>
    <extensions>
     <gpxdata:distance>7999.50</gpxdata:distance>
     <gpxdata:speed>2.025</gpxdata:speed>
    </extensions>
   </trkpt>
   <trkpt lat="48.3980181" lon="9.9929956">
    <ele>506</ele>
    <time>2026-06-15T06:42:21Z</time>
    <extensions>
     <gpxdata:distance>8002.00</gpxdata:distance>
     <gpxdata:speed>2.197</gpxdata:speed>
    </extensions>
   </trkpt>
   <trkpt lat="48.3979953" lon="9.9930071">
    <ele>506</ele>
    <time>2026-06-15T06:42:22Z</time>
    <extensions>
     <gpxdata:distance>8005.00</gpxdata:distance>
     <gpxdata:speed>2.325</gpxdata:speed>
    </extensions>
   </trkpt>
   <trkpt lat="48.3979728" lon="9.9930183">
    <ele>506</ele>
    <time>2026-06-15T06:42:23Z</time>
    <extensions>
     <gpxdata:distance>8008.00</gpxdata:distance>
     <gpxdata:speed>2.461</gpxdata:speed>
    </extensions>
   </trkpt>
   <trkpt lat="48.3979504" lon="9.9930283">
    <ele>506</ele>
    <time>2026-06-15T06:42:24Z</time>
    <extensions>
     <gpxdata:distance>8010.50</gpxdata:distance>
     <gpxdata:speed>2.517</gpxdata:speed>
    </extensions>
   </trkpt>
   <trkpt lat="48.3979274" lon="9.9930372">
    <ele>506</ele>
    <time>2026-06-15T06:42:25Z</time>
    <extensions>
     <gpxdata:distance>8013.00</gpxdata:distance>
     <gpxdata:speed>2.686</gpxdata:speed>
    </extensions>
   </trkpt>
   <trkpt lat="48.3979041" lon="9.9930460">
    <ele>506</ele>
    <time>2026-06-15T06:42:26Z</time>
    <extensions>
     <gpxdata:distance>8015.50</gpxdata:distance>
     <gpxdata:speed>2.714</gpxdata:speed>
    </extensions>
   </trkpt>
   <trkpt lat="48.3978811" lon="9.9930539">
    <ele>506</ele>
    <time>2026-06-15T06:42:27Z</time>
    <extensions>
     <gpxdata:distance>8018.00</gpxdata:distance>
     <gpxdata:speed>2.614</gpxdata:speed>
    </extensions>
   </trkpt>
   <trkpt lat="48.3978580" lon="9.9930618">
    <ele>506</ele>
    <time>2026-06-15T06:42:28Z</time>
    <extensions>
     <gpxdata:distance>8020.50</gpxdata:distance>
     <gpxdata:speed>2.656</gpxdata:speed>
    </extensions>
   </trkpt>
   <trkpt lat="48.3978352" lon="9.9930684">
    <ele>506</ele>
    <time>2026-06-15T06:42:29Z</time>
    <extensions>
     <gpxdata:distance>8023.00</gpxdata:distance>
     <gpxdata:speed>2.575</gpxdata:speed>
    </extensions>
   </trkpt>
   <trkpt lat="48.3978126" lon="9.9930735">
    <ele>506</ele>
    <time>2026-06-15T06:42:30Z</time>
    <extensions>
     <gpxdata:distance>8025.50</gpxdata:distance>
     <gpxdata:speed>2.558</gpxdata:speed>
    </extensions>
   </trkpt>
   <trkpt lat="48.3977909" lon="9.9930774">
    <ele>506</ele>
    <time>2026-06-15T06:42:31Z</time>
    <extensions>
     <gpxdata:distance>8028.00</gpxdata:distance>
     <gpxdata:speed>2.469</gpxdata:speed>
    </extensions>
   </trkpt>
   <trkpt lat="48.3977698" lon="9.9930809">
    <ele>506</ele>
    <time>2026-06-15T06:42:32Z</time>
    <extensions>
     <gpxdata:distance>8030.50</gpxdata:distance>
     <gpxdata:speed>2.403</gpxdata:speed>
    </extensions>
   </trkpt>
   <trkpt lat="48.3977488" lon="9.9930852">
    <ele>506</ele>
    <time>2026-06-15T06:42:33Z</time>
    <extensions>
     <gpxdata:distance>8033.00</gpxdata:distance>
     <gpxdata:speed>2.386</gpxdata:speed>
    </extensions>
   </trkpt>
   <trkpt lat="48.3977271" lon="9.9930901">
    <ele>506</ele>
    <time>2026-06-15T06:42:34Z</time>
    <extensions>
     <gpxdata:distance>8035.50</gpxdata:distance>
     <gpxdata:speed>2.436</gpxdata:speed>
    </extensions>
   </trkpt>
   <trkpt lat="48.3977051" lon="9.9930949">
    <ele>506</ele>
    <time>2026-06-15T06:42:35Z</time>
    <extensions>
     <gpxdata:distance>8038.00</gpxdata:distance>
     <gpxdata:speed>2.461</gpxdata:speed>
    </extensions>
   </trkpt>
   <trkpt lat="48.3976832" lon="9.9930990">
    <ele>506</ele>
    <time>2026-06-15T06:42:36Z</time>
    <extensions>
     <gpxdata:distance>8040.00</gpxdata:distance>
     <gpxdata:speed>2.444</gpxdata:speed>
    </extensions>
   </trkpt>
   <trkpt lat="48.3976621" lon="9.9931026">
    <ele>506</ele>
    <time>2026-06-15T06:42:37Z</time>
    <extensions>
     <gpxdata:distance>8042.00</gpxdata:distance>
     <gpxdata:speed>2.375</gpxdata:speed>
    </extensions>
   </trkpt>
   <trkpt lat="48.3976428" lon="9.9931055">
    <ele>506</ele>
    <time>2026-06-15T06:42:38Z</time>
    <extensions>
     <gpxdata:distance>8044.00</gpxdata:distance>
     <gpxdata:speed>2.053</gpxdata:speed>
    </extensions>
   </trkpt>
   <trkpt lat="48.3976247" lon="9.9931081">
    <ele>506</ele>
    <time>2026-06-15T06:42:39Z</time>
    <extensions>
     <gpxdata:distance>8046.00</gpxdata:distance>
     <gpxdata:speed>1.950</gpxdata:speed>
    </extensions>
   </trkpt>
   <trkpt lat="48.3976121" lon="9.9931104">
    <ele>506</ele>
    <time>2026-06-15T06:42:40Z</time>
    <extensions>
     <gpxdata:distance>8047.50</gpxdata:distance>
     <gpxdata:speed>1.919</gpxdata:speed>
    </extensions>
   </trkpt>
   <trkpt lat="48.3975978" lon="9.9931135">
    <ele>506</ele>
    <time>2026-06-15T06:42:41Z</time>
    <extensions>
     <gpxdata:distance>8049.00</gpxdata:distance>
     <gpxdata:speed>1.814</gpxdata:speed>
    </extensions>
   </trkpt>
   <trkpt lat="48.3975842" lon="9.9931148">
    <ele>506</ele>
    <time>2026-06-15T06:42:42Z</time>
    <extensions>
     <gpxdata:distance>8050.00</gpxdata:distance>
     <gpxdata:speed>1.478</gpxdata:speed>
    </extensions>
   </trkpt>
   <trkpt lat="48.3975726" lon="9.9931123">
    <ele>506</ele>
    <time>2026-06-15T06:42:43Z</time>
    <extensions>
     <gpxdata:distance>8051.00</gpxdata:distance>
     <gpxdata:speed>1.311</gpxdata:speed>
    </extensions>
   </trkpt>
   <trkpt lat="48.3975631" lon="9.9931036">
    <ele>506</ele>
    <time>2026-06-15T06:42:44Z</time>
    <extensions>
     <gpxdata:distance>8052.50</gpxdata:distance>
     <gpxdata:speed>1.597</gpxdata:speed>
    </extensions>
   </trkpt>
   <trkpt lat="48.3975561" lon="9.9930881">
    <ele>506</ele>
    <time>2026-06-15T06:42:45Z</time>
    <extensions>
     <gpxdata:distance>8054.00</gpxdata:distance>
     <gpxdata:speed>1.911</gpxdata:speed>
    </extensions>
   </trkpt>
   <trkpt lat="48.3975513" lon="9.9930668">
    <ele>506</ele>
    <time>2026-06-15T06:42:46Z</time>
    <extensions>
     <gpxdata:distance>8056.50</gpxdata:distance>
     <gpxdata:speed>2.125</gpxdata:speed>
    </extensions>
   </trkpt>
   <trkpt lat="48.3975464" lon="9.9930306">
    <ele>506</ele>
    <time>2026-06-15T06:42:47Z</time>
    <extensions>
     <gpxdata:distance>8059.00</gpxdata:distance>
     <gpxdata:speed>2.328</gpxdata:speed>
    </extensions>
   </trkpt>
   <trkpt lat="48.3975435" lon="9.9929956">
    <ele>506</ele>
    <time>2026-06-15T06:42:48Z</time>
    <extensions>
     <gpxdata:distance>8062.00</gpxdata:distance>
     <gpxdata:speed>2.628</gpxdata:speed>
    </extensions>
   </trkpt>
   <trkpt lat="48.3975415" lon="9.9929606">
    <ele>506</ele>
    <time>2026-06-15T06:42:49Z</time>
    <extensions>
     <gpxdata:distance>8065.00</gpxdata:distance>
     <gpxdata:speed>2.667</gpxdata:speed>
    </extensions>
   </trkpt>
   <trkpt lat="48.3975403" lon="9.9929256">
    <ele>506</ele>
    <time>2026-06-15T06:42:50Z</time>
    <extensions>
     <gpxdata:distance>8067.50</gpxdata:distance>
     <gpxdata:speed>2.667</gpxdata:speed>
    </extensions>
   </trkpt>
   <trkpt lat="48.3975403" lon="9.9928907">
    <ele>506</ele>
    <time>2026-06-15T06:42:51Z</time>
    <extensions>
     <gpxdata:distance>8070.00</gpxdata:distance>
     <gpxdata:speed>2.639</gpxdata:speed>
    </extensions>
   </trkpt>
   <trkpt lat="48.3975414" lon="9.9928569">
    <ele>506</ele>
    <time>2026-06-15T06:42:52Z</time>
    <extensions>
     <gpxdata:distance>8072.50</gpxdata:distance>
     <gpxdata:speed>2.492</gpxdata:speed>
    </extensions>
   </trkpt>
   <trkpt lat="48.3975444" lon="9.9928242">
    <ele>506</ele>
    <time>2026-06-15T06:42:53Z</time>
    <extensions>
     <gpxdata:distance>8075.00</gpxdata:distance>
     <gpxdata:speed>2.461</gpxdata:speed>
    </extensions>
   </trkpt>
   <trkpt lat="48.3975482" lon="9.9927927">
    <ele>506</ele>
    <time>2026-06-15T06:42:54Z</time>
    <extensions>
     <gpxdata:distance>8077.00</gpxdata:distance>
     <gpxdata:speed>2.358</gpxdata:speed>
    </extensions>
   </trkpt>
   <trkpt lat="48.3975526" lon="9.9927617">
    <ele>506</ele>
    <time>2026-06-15T06:42:55Z</time>
    <extensions>
     <gpxdata:distance>8079.00</gpxdata:distance>
     <gpxdata:speed>2.344</gpxdata:speed>
    </extensions>
   </trkpt>
   <trkpt lat="48.3975567" lon="9.9927303">
    <ele>506</ele>
    <time>2026-06-15T06:42:56Z</time>
    <extensions>
     <gpxdata:distance>8081.50</gpxdata:distance>
     <gpxdata:speed>2.403</gpxdata:speed>
    </extensions>
   </trkpt>
   <trkpt lat="48.3975605" lon="9.9926980">
    <ele>506</ele>
    <time>2026-06-15T06:42:57Z</time>
    <extensions>
     <gpxdata:distance>8084.00</gpxdata:distance>
     <gpxdata:speed>2.439</gpxdata:speed>
    </extensions>
   </trkpt>
   <trkpt lat="48.3975644" lon="9.9926654">
    <ele>506</ele>
    <time>2026-06-15T06:42:58Z</time>
    <extensions>
     <gpxdata:distance>8087.00</gpxdata:distance>
     <gpxdata:speed>2.456</gpxdata:speed>
    </extensions>
   </trkpt>
   <trkpt lat="48.3975681" lon="9.9926315">
    <ele>506</ele>
    <time>2026-06-15T06:42:59Z</time>
    <extensions>
     <gpxdata:distance>8090.00</gpxdata:distance>
     <gpxdata:speed>2.519</gpxdata:speed>
    </extensions>
   </trkpt>
   <trkpt lat="48.3975714" lon="9.9925963">
    <ele>506</ele>
    <time>2026-06-15T06:43:00Z</time>
    <extensions>
     <gpxdata:distance>8092.50</gpxdata:distance>
     <gpxdata:speed>2.592</gpxdata:speed>
    </extensions>
   </trkpt>
   <trkpt lat="48.3975747" lon="9.9925595">
    <ele>506</ele>
    <time>2026-06-15T06:43:01Z</time>
    <extensions>
     <gpxdata:distance>8095.00</gpxdata:distance>
     <gpxdata:speed>2.692</gpxdata:speed>
    </extensions>
   </trkpt>
   <trkpt lat="48.3975770" lon="9.9925199">
    <ele>506</ele>
    <time>2026-06-15T06:43:02Z</time>
    <extensions>
     <gpxdata:distance>8098.50</gpxdata:distance>
     <gpxdata:speed>2.858</gpxdata:speed>
    </extensions>
   </trkpt>
   <trkpt lat="48.3975782" lon="9.9924788">
    <ele>506</ele>
    <time>2026-06-15T06:43:03Z</time>
    <extensions>
     <gpxdata:distance>8102.00</gpxdata:distance>
     <gpxdata:speed>2.969</gpxdata:speed>
    </extensions>
   </trkpt>
   <trkpt lat="48.3975791" lon="9.9924373">
    <ele>506</ele>
    <time>2026-06-15T06:43:04Z</time>
    <extensions>
     <gpxdata:distance>8105.00</gpxdata:distance>
     <gpxdata:speed>3.028</gpxdata:speed>
    </extensions>
   </trkpt>
   <trkpt lat="48.3975808" lon="9.9923703">
    <ele>506</ele>
    <time>2026-06-15T06:43:05Z</time>
    <extensions>
     <gpxdata:distance>8108.00</gpxdata:distance>
     <gpxdata:speed>3.031</gpxdata:speed>
    </extensions>
   </trkpt>
   <trkpt lat="48.3975826" lon="9.9923250">
    <ele>506</ele>
    <time>2026-06-15T06:43:06Z</time>
    <extensions>
     <gpxdata:distance>8110.50</gpxdata:distance>
     <gpxdata:speed>3.008</gpxdata:speed>
    </extensions>
   </trkpt>
   <trkpt lat="48.3975838" lon="9.9922849">
    <ele>506</ele>
    <time>2026-06-15T06:43:07Z</time>
    <extensions>
     <gpxdata:distance>8113.00</gpxdata:distance>
     <gpxdata:speed>2.956</gpxdata:speed>
    </extensions>
   </trkpt>
   <trkpt lat="48.3975839" lon="9.9922632">
    <ele>506</ele>
    <time>2026-06-15T06:43:08Z</time>
    <extensions>
     <gpxdata:distance>8116.00</gpxdata:distance>
     <gpxdata:speed>2.886</gpxdata:speed>
    </extensions>
   </trkpt>
   <trkpt lat="48.3975829" lon="9.9922333">
    <ele>506</ele>
    <time>2026-06-15T06:43:09Z</time>
    <extensions>
     <gpxdata:distance>8119.00</gpxdata:distance>
     <gpxdata:speed>2.856</gpxdata:speed>
    </extensions>
   </trkpt>
   <trkpt lat="48.3975817" lon="9.9921991">
    <ele>506</ele>
    <time>2026-06-15T06:43:10Z</time>
    <extensions>
     <gpxdata:distance>8121.50</gpxdata:distance>
     <gpxdata:speed>2.839</gpxdata:speed>
    </extensions>
   </trkpt>
   <trkpt lat="48.3975794" lon="9.9921640">
    <ele>506</ele>
    <time>2026-06-15T06:43:11Z</time>
    <extensions>
     <gpxdata:distance>8124.00</gpxdata:distance>
     <gpxdata:speed>2.775</gpxdata:speed>
    </extensions>
   </trkpt>
   <trkpt lat="48.3975751" lon="9.9921304">
    <ele>506</ele>
    <time>2026-06-15T06:43:12Z</time>
    <extensions>
     <gpxdata:distance>8126.50</gpxdata:distance>
     <gpxdata:speed>2.667</gpxdata:speed>
    </extensions>
   </trkpt>
   <trkpt lat="48.3975686" lon="9.9920981">
    <ele>506</ele>
    <time>2026-06-15T06:43:13Z</time>
    <extensions>
     <gpxdata:distance>8129.00</gpxdata:distance>
     <gpxdata:speed>2.614</gpxdata:speed>
    </extensions>
   </trkpt>
   <trkpt lat="48.3975587" lon="9.9920678">
    <ele>506</ele>
    <time>2026-06-15T06:43:14Z</time>
    <extensions>
     <gpxdata:distance>8131.50</gpxdata:distance>
     <gpxdata:speed>2.606</gpxdata:speed>
    </extensions>
   </trkpt>
   <trkpt lat="48.3975441" lon="9.9920406">
    <ele>506</ele>
    <time>2026-06-15T06:43:15Z</time>
    <extensions>
     <gpxdata:distance>8134.00</gpxdata:distance>
     <gpxdata:speed>2.697</gpxdata:speed>
    </extensions>
   </trkpt>
   <trkpt lat="48.3975267" lon="9.9920173">
    <ele>506</ele>
    <time>2026-06-15T06:43:16Z</time>
    <extensions>
     <gpxdata:distance>8136.50</gpxdata:distance>
     <gpxdata:speed>2.692</gpxdata:speed>
    </extensions>
   </trkpt>
   <trkpt lat="48.3975088" lon="9.9919998">
    <ele>506</ele>
    <time>2026-06-15T06:43:17Z</time>
    <extensions>
     <gpxdata:distance>8139.00</gpxdata:distance>
     <gpxdata:speed>2.539</gpxdata:speed>
    </extensions>
   </trkpt>
   <trkpt lat="48.3974914" lon="9.9919879">
    <ele>505</ele>
    <time>2026-06-15T06:43:18Z</time>
    <extensions>
     <gpxdata:distance>8140.50</gpxdata:distance>
     <gpxdata:speed>2.331</gpxdata:speed>
    </extensions>
   </trkpt>
   <trkpt lat="48.3974749" lon="9.9919795">
    <ele>506</ele>
    <time>2026-06-15T06:43:19Z</time>
    <extensions>
     <gpxdata:distance>8142.00</gpxdata:distance>
     <gpxdata:speed>2.144</gpxdata:speed>
    </extensions>
   </trkpt>
   <trkpt lat="48.3974598" lon="9.9919728">
    <ele>506</ele>
    <time>2026-06-15T06:43:20Z</time>
    <extensions>
     <gpxdata:distance>8143.50</gpxdata:distance>
     <gpxdata:speed>1.936</gpxdata:speed>
    </extensions>
   </trkpt>
   <trkpt lat="48.3974486" lon="9.9919701">
    <ele>506</ele>
    <time>2026-06-15T06:43:21Z</time>
    <extensions>
     <gpxdata:distance>8145.00</gpxdata:distance>
     <gpxdata:speed>1.878</gpxdata:speed>
    </extensions>
   </trkpt>
   <trkpt lat="48.3974355" lon="9.9919682">
    <ele>506</ele>
    <time>2026-06-15T06:43:22Z</time>
    <extensions>
     <gpxdata:distance>8146.50</gpxdata:distance>
     <gpxdata:speed>1.747</gpxdata:speed>
    </extensions>
   </trkpt>
   <trkpt lat="48.3974218" lon="9.9919669">
    <ele>506</ele>
    <time>2026-06-15T06:43:23Z</time>
    <extensions>
     <gpxdata:distance>8148.00</gpxdata:distance>
     <gpxdata:speed>1.589</gpxdata:speed>
    </extensions>
   </trkpt>
   <trkpt lat="48.3974085" lon="9.9919670">
    <ele>506</ele>
    <time>2026-06-15T06:43:24Z</time>
    <extensions>
     <gpxdata:distance>8149.50</gpxdata:distance>
     <gpxdata:speed>1.450</gpxdata:speed>
    </extensions>
   </trkpt>
   <trkpt lat="48.3973961" lon="9.9919688">
    <ele>506</ele>
    <time>2026-06-15T06:43:25Z</time>
    <extensions>
     <gpxdata:distance>8151.00</gpxdata:distance>
     <gpxdata:speed>1.322</gpxdata:speed>
    </extensions>
   </trkpt>
   <trkpt lat="48.3973321" lon="9.9920556">
    <ele>506</ele>
    <time>2026-06-15T06:44:16Z</time>
    <extensions>
     <gpxdata:distance>8163.00</gpxdata:distance>
     <gpxdata:speed>1.019</gpxdata:speed>
    </extensions>
   </trkpt>
   <trkpt lat="48.3973207" lon="9.9920700">
    <ele>506</ele>
    <time>2026-06-15T06:44:17Z</time>
    <extensions>
     <gpxdata:distance>8163.00</gpxdata:distance>
     <gpxdata:speed>1.269</gpxdata:speed>
    </extensions>
   </trkpt>
   <trkpt lat="48.3973098" lon="9.9920855">
    <ele>506</ele>
    <time>2026-06-15T06:44:18Z</time>
    <extensions>
     <gpxdata:distance>8165.00</gpxdata:distance>
     <gpxdata:speed>1.497</gpxdata:speed>
    </extensions>
   </trkpt>
   <trkpt lat="48.3972994" lon="9.9921046">
    <ele>506</ele>
    <time>2026-06-15T06:44:19Z</time>
    <extensions>
     <gpxdata:distance>8167.00</gpxdata:distance>
     <gpxdata:speed>1.917</gpxdata:speed>
    </extensions>
   </trkpt>
   <trkpt lat="48.3972903" lon="9.9921282">
    <ele>506</ele>
    <time>2026-06-15T06:44:20Z</time>
    <extensions>
     <gpxdata:distance>8169.50</gpxdata:distance>
     <gpxdata:speed>2.278</gpxdata:speed>
    </extensions>
   </trkpt>
   <trkpt lat="48.3972814" lon="9.9921665">
    <ele>506</ele>
    <time>2026-06-15T06:44:21Z</time>
    <extensions>
     <gpxdata:distance>8172.00</gpxdata:distance>
     <gpxdata:speed>2.539</gpxdata:speed>
    </extensions>
   </trkpt>
   <trkpt lat="48.3972774" lon="9.9922027">
    <ele>506</ele>
    <time>2026-06-15T06:44:22Z</time>
    <extensions>
     <gpxdata:distance>8175.00</gpxdata:distance>
     <gpxdata:speed>2.675</gpxdata:speed>
    </extensions>
   </trkpt>
   <trkpt lat="48.3972767" lon="9.9922386">
    <ele>506</ele>
    <time>2026-06-15T06:44:23Z</time>
    <extensions>
     <gpxdata:distance>8178.00</gpxdata:distance>
     <gpxdata:speed>2.731</gpxdata:speed>
    </extensions>
   </trkpt>
   <trkpt lat="48.3972784" lon="9.9922743">
    <ele>506</ele>
    <time>2026-06-15T06:44:24Z</time>
    <extensions>
     <gpxdata:distance>8180.50</gpxdata:distance>
     <gpxdata:speed>2.708</gpxdata:speed>
    </extensions>
   </trkpt>
   <trkpt lat="48.3972811" lon="9.9923087">
    <ele>506</ele>
    <time>2026-06-15T06:44:25Z</time>
    <extensions>
     <gpxdata:distance>8183.00</gpxdata:distance>
     <gpxdata:speed>2.564</gpxdata:speed>
    </extensions>
   </trkpt>
   <trkpt lat="48.3972854" lon="9.9923418">
    <ele>506</ele>
    <time>2026-06-15T06:44:26Z</time>
    <extensions>
     <gpxdata:distance>8185.00</gpxdata:distance>
     <gpxdata:speed>2.544</gpxdata:speed>
    </extensions>
   </trkpt>
   <trkpt lat="48.3972903" lon="9.9923741">
    <ele>506</ele>
    <time>2026-06-15T06:44:27Z</time>
    <extensions>
     <gpxdata:distance>8187.00</gpxdata:distance>
     <gpxdata:speed>2.519</gpxdata:speed>
    </extensions>
   </trkpt>
   <trkpt lat="48.3972954" lon="9.9924064">
    <ele>506</ele>
    <time>2026-06-15T06:44:28Z</time>
    <extensions>
     <gpxdata:distance>8189.50</gpxdata:distance>
     <gpxdata:speed>2.517</gpxdata:speed>
    </extensions>
   </trkpt>
   <trkpt lat="48.3972998" lon="9.9924393">
    <ele>506</ele>
    <time>2026-06-15T06:44:29Z</time>
    <extensions>
     <gpxdata:distance>8192.00</gpxdata:distance>
     <gpxdata:speed>2.517</gpxdata:speed>
    </extensions>
   </trkpt>
   <trkpt lat="48.3973030" lon="9.9924721">
    <ele>506</ele>
    <time>2026-06-15T06:44:30Z</time>
    <extensions>
     <gpxdata:distance>8194.50</gpxdata:distance>
     <gpxdata:speed>2.486</gpxdata:speed>
    </extensions>
   </trkpt>
   <trkpt lat="48.3973063" lon="9.9925031">
    <ele>506</ele>
    <time>2026-06-15T06:44:31Z</time>
    <extensions>
     <gpxdata:distance>8197.00</gpxdata:distance>
     <gpxdata:speed>2.375</gpxdata:speed>
    </extensions>
   </trkpt>
   <trkpt lat="48.3973090" lon="9.9925325">
    <ele>506</ele>
    <time>2026-06-15T06:44:32Z</time>
    <extensions>
     <gpxdata:distance>8199.00</gpxdata:distance>
     <gpxdata:speed>2.258</gpxdata:speed>
    </extensions>
   </trkpt>
   <trkpt lat="48.3973112" lon="9.9925625">
    <ele>506</ele>
    <time>2026-06-15T06:44:33Z</time>
    <extensions>
     <gpxdata:distance>8201.00</gpxdata:distance>
     <gpxdata:speed>2.269</gpxdata:speed>
    </extensions>
   </trkpt>
   <trkpt lat="48.3973129" lon="9.9925943">
    <ele>506</ele>
    <time>2026-06-15T06:44:34Z</time>
    <extensions>
     <gpxdata:distance>8203.50</gpxdata:distance>
     <gpxdata:speed>2.347</gpxdata:speed>
    </extensions>
   </trkpt>
   <trkpt lat="48.3973141" lon="9.9926272">
    <ele>506</ele>
    <time>2026-06-15T06:44:35Z</time>
    <extensions>
     <gpxdata:distance>8206.00</gpxdata:distance>
     <gpxdata:speed>2.403</gpxdata:speed>
    </extensions>
   </trkpt>
   <trkpt lat="48.3973145" lon="9.9926610">
    <ele>506</ele>
    <time>2026-06-15T06:44:36Z</time>
    <extensions>
     <gpxdata:distance>8209.00</gpxdata:distance>
     <gpxdata:speed>2.464</gpxdata:speed>
    </extensions>
   </trkpt>
   <trkpt lat="48.3973151" lon="9.9926951">
    <ele>506</ele>
    <time>2026-06-15T06:44:37Z</time>
    <extensions>
     <gpxdata:distance>8212.00</gpxdata:distance>
     <gpxdata:speed>2.492</gpxdata:speed>
    </extensions>
   </trkpt>
   <trkpt lat="48.3973157" lon="9.9927287">
    <ele>506</ele>
    <time>2026-06-15T06:44:38Z</time>
    <extensions>
     <gpxdata:distance>8214.00</gpxdata:distance>
     <gpxdata:speed>2.475</gpxdata:speed>
    </extensions>
   </trkpt>
   <trkpt lat="48.3973159" lon="9.9927604">
    <ele>506</ele>
    <time>2026-06-15T06:44:39Z</time>
    <extensions>
     <gpxdata:distance>8216.00</gpxdata:distance>
     <gpxdata:speed>2.372</gpxdata:speed>
    </extensions>
   </trkpt>
   <trkpt lat="48.3973146" lon="9.9927891">
    <ele>506</ele>
    <time>2026-06-15T06:44:40Z</time>
    <extensions>
     <gpxdata:distance>8217.50</gpxdata:distance>
     <gpxdata:speed>2.219</gpxdata:speed>
    </extensions>
   </trkpt>
   <trkpt lat="48.3973099" lon="9.9928132">
    <ele>506</ele>
    <time>2026-06-15T06:44:41Z</time>
    <extensions>
     <gpxdata:distance>8219.00</gpxdata:distance>
     <gpxdata:speed>2.075</gpxdata:speed>
    </extensions>
   </trkpt>
   <trkpt lat="48.3973015" lon="9.9928310">
    <ele>506</ele>
    <time>2026-06-15T06:44:42Z</time>
    <extensions>
     <gpxdata:distance>8220.00</gpxdata:distance>
     <gpxdata:speed>1.808</gpxdata:speed>
    </extensions>
   </trkpt>
   <trkpt lat="48.3972944" lon="9.9928403">
    <ele>506</ele>
    <time>2026-06-15T06:44:43Z</time>
    <extensions>
     <gpxdata:distance>8221.00</gpxdata:distance>
     <gpxdata:speed>1.517</gpxdata:speed>
    </extensions>
   </trkpt>
   <trkpt lat="48.3972848" lon="9.9928486">
    <ele>506</ele>
    <time>2026-06-15T06:44:44Z</time>
    <extensions>
     <gpxdata:distance>8223.00</gpxdata:distance>
     <gpxdata:speed>1.569</gpxdata:speed>
    </extensions>
   </trkpt>
   <trkpt lat="48.3972731" lon="9.9928550">
    <ele>506</ele>
    <time>2026-06-15T06:44:45Z</time>
    <extensions>
     <gpxdata:distance>8225.00</gpxdata:distance>
     <gpxdata:speed>1.658</gpxdata:speed>
    </extensions>
   </trkpt>
   <trkpt lat="48.3972602" lon="9.9928595">
    <ele>506</ele>
    <time>2026-06-15T06:44:46Z</time>
    <extensions>
     <gpxdata:distance>8226.50</gpxdata:distance>
     <gpxdata:speed>1.647</gpxdata:speed>
    </extensions>
   </trkpt>
   <trkpt lat="48.3972462" lon="9.9928625">
    <ele>506</ele>
    <time>2026-06-15T06:44:47Z</time>
    <extensions>
     <gpxdata:distance>8228.00</gpxdata:distance>
     <gpxdata:speed>1.703</gpxdata:speed>
    </extensions>
   </trkpt>
   <trkpt lat="48.3972311" lon="9.9928643">
    <ele>506</ele>
    <time>2026-06-15T06:44:48Z</time>
    <extensions>
     <gpxdata:distance>8230.50</gpxdata:distance>
     <gpxdata:speed>1.758</gpxdata:speed>
    </extensions>
   </trkpt>
   <trkpt lat="48.3972136" lon="9.9928657">
    <ele>506</ele>
    <time>2026-06-15T06:44:49Z</time>
    <extensions>
     <gpxdata:distance>8233.00</gpxdata:distance>
     <gpxdata:speed>1.997</gpxdata:speed>
    </extensions>
   </trkpt>
   <trkpt lat="48.3971929" lon="9.9928674">
    <ele>506</ele>
    <time>2026-06-15T06:44:50Z</time>
    <extensions>
     <gpxdata:distance>8236.00</gpxdata:distance>
     <gpxdata:speed>2.667</gpxdata:speed>
    </extensions>
   </trkpt>
   <trkpt lat="48.3971617" lon="9.9928705">
    <ele>506</ele>
    <time>2026-06-15T06:44:51Z</time>
    <extensions>
     <gpxdata:distance>8239.00</gpxdata:distance>
     <gpxdata:speed>2.872</gpxdata:speed>
    </extensions>
   </trkpt>
   <trkpt lat="48.3971332" lon="9.9928742">
    <ele>506</ele>
    <time>2026-06-15T06:44:52Z</time>
    <extensions>
     <gpxdata:distance>8242.00</gpxdata:distance>
     <gpxdata:speed>3.067</gpxdata:speed>
    </extensions>
   </trkpt>
   <trkpt lat="48.3970885" lon="9.9928813">
    <ele>506</ele>
    <time>2026-06-15T06:44:53Z</time>
    <extensions>
     <gpxdata:distance>8245.00</gpxdata:distance>
     <gpxdata:speed>3.081</gpxdata:speed>
    </extensions>
   </trkpt>
   <trkpt lat="48.3970574" lon="9.9928904">
    <ele>506</ele>
    <time>2026-06-15T06:44:54Z</time>
    <extensions>
     <gpxdata:distance>8249.00</gpxdata:distance>
     <gpxdata:speed>3.208</gpxdata:speed>
    </extensions>
   </trkpt>
   <trkpt lat="48.3970264" lon="9.9929035">
    <ele>505</ele>
    <time>2026-06-15T06:44:55Z</time>
    <extensions>
     <gpxdata:distance>8253.00</gpxdata:distance>
     <gpxdata:speed>3.578</gpxdata:speed>
    </extensions>
   </trkpt>
   <trkpt lat="48.3969926" lon="9.9929191">
    <ele>505</ele>
    <time>2026-06-15T06:44:56Z</time>
    <extensions>
     <gpxdata:distance>8257.50</gpxdata:distance>
     <gpxdata:speed>3.997</gpxdata:speed>
    </extensions>
   </trkpt>
   <trkpt lat="48.3969540" lon="9.9929334">
    <ele>505</ele>
    <time>2026-06-15T06:44:57Z</time>
    <extensions>
     <gpxdata:distance>8262.00</gpxdata:distance>
     <gpxdata:speed>4.469</gpxdata:speed>
    </extensions>
   </trkpt>
   <trkpt lat="48.3969132" lon="9.9929390">
    <ele>505</ele>
    <time>2026-06-15T06:44:58Z</time>
    <extensions>
     <gpxdata:distance>8267.00</gpxdata:distance>
     <gpxdata:speed>4.583</gpxdata:speed>
    </extensions>
   </trkpt>
   <trkpt lat="48.3968703" lon="9.9929392">
    <ele>505</ele>
    <time>2026-06-15T06:44:59Z</time>
    <extensions>
     <gpxdata:distance>8272.00</gpxdata:distance>
     <gpxdata:speed>4.786</gpxdata:speed>
    </extensions>
   </trkpt>
   <trkpt lat="48.3968276" lon="9.9929366">
    <ele>505</ele>
    <time>2026-06-15T06:45:00Z</time>
    <extensions>
     <gpxdata:distance>8275.50</gpxdata:distance>
     <gpxdata:speed>4.764</gpxdata:speed>
    </extensions>
   </trkpt>
   <trkpt lat="48.3967913" lon="9.9929331">
    <ele>505</ele>
    <time>2026-06-15T06:45:01Z</time>
    <extensions>
     <gpxdata:distance>8279.00</gpxdata:distance>
     <gpxdata:speed>4.347</gpxdata:speed>
    </extensions>
   </trkpt>
   <trkpt lat="48.3967651" lon="9.9929344">
    <ele>504</ele>
    <time>2026-06-15T06:45:02Z</time>
    <extensions>
     <gpxdata:distance>8280.50</gpxdata:distance>
     <gpxdata:speed>2.969</gpxdata:speed>
    </extensions>
   </trkpt>
   <trkpt lat="48.3967549" lon="9.9929397">
    <ele>504</ele>
    <time>2026-06-15T06:45:03Z</time>
    <extensions>
     <gpxdata:distance>8282.00</gpxdata:distance>
     <gpxdata:speed>2.597</gpxdata:speed>
    </extensions>
   </trkpt>
   <trkpt lat="48.3967428" lon="9.9929534">
    <ele>504</ele>
    <time>2026-06-15T06:45:04Z</time>
    <extensions>
     <gpxdata:distance>8285.00</gpxdata:distance>
     <gpxdata:speed>2.569</gpxdata:speed>
    </extensions>
   </trkpt>
   <trkpt lat="48.3967306" lon="9.9929760">
    <ele>504</ele>
    <time>2026-06-15T06:45:05Z</time>
    <extensions>
     <gpxdata:distance>8288.00</gpxdata:distance>
     <gpxdata:speed>2.653</gpxdata:speed>
    </extensions>
   </trkpt>
   <trkpt lat="48.3967176" lon="9.9930051">
    <ele>504</ele>
    <time>2026-06-15T06:45:06Z</time>
    <extensions>
     <gpxdata:distance>8291.50</gpxdata:distance>
     <gpxdata:speed>2.800</gpxdata:speed>
    </extensions>
   </trkpt>
   <trkpt lat="48.3967028" lon="9.9930388">
    <ele>504</ele>
    <time>2026-06-15T06:45:07Z</time>
    <extensions>
     <gpxdata:distance>8295.00</gpxdata:distance>
     <gpxdata:speed>3.247</gpxdata:speed>
    </extensions>
   </trkpt>
   <trkpt lat="48.3966770" lon="9.9930987">
    <ele>504</ele>
    <time>2026-06-15T06:45:08Z</time>
    <extensions>
     <gpxdata:distance>8298.50</gpxdata:distance>
     <gpxdata:speed>3.422</gpxdata:speed>
    </extensions>
   </trkpt>
   <trkpt lat="48.3966585" lon="9.9931430">
    <ele>504</ele>
    <time>2026-06-15T06:45:09Z</time>
    <extensions>
     <gpxdata:distance>8302.00</gpxdata:distance>
     <gpxdata:speed>3.472</gpxdata:speed>
    </extensions>
   </trkpt>
   <trkpt lat="48.3966434" lon="9.9931837">
    <ele>504</ele>
    <time>2026-06-15T06:45:10Z</time>
    <extensions>
     <gpxdata:distance>8305.00</gpxdata:distance>
     <gpxdata:speed>3.344</gpxdata:speed>
    </extensions>
   </trkpt>
   <trkpt lat="48.3966315" lon="9.9932250">
    <ele>504</ele>
    <time>2026-06-15T06:45:11Z</time>
    <extensions>
     <gpxdata:distance>8308.00</gpxdata:distance>
     <gpxdata:speed>3.319</gpxdata:speed>
    </extensions>
   </trkpt>
   <trkpt lat="48.3966224" lon="9.9932667">
    <ele>504</ele>
    <time>2026-06-15T06:45:12Z</time>
    <extensions>
     <gpxdata:distance>8311.00</gpxdata:distance>
     <gpxdata:speed>3.267</gpxdata:speed>
    </extensions>
   </trkpt>
   <trkpt lat="48.3966167" lon="9.9933066">
    <ele>504</ele>
    <time>2026-06-15T06:45:13Z</time>
    <extensions>
     <gpxdata:distance>8314.00</gpxdata:distance>
     <gpxdata:speed>3.142</gpxdata:speed>
    </extensions>
   </trkpt>
   <trkpt lat="48.3966149" lon="9.9933398">
    <ele>503</ele>
    <time>2026-06-15T06:45:14Z</time>
    <extensions>
     <gpxdata:distance>8315.50</gpxdata:distance>
     <gpxdata:speed>2.464</gpxdata:speed>
    </extensions>
   </trkpt>
   <trkpt lat="48.3966154" lon="9.9933546">
    <ele>503</ele>
    <time>2026-06-15T06:45:15Z</time>
    <extensions>
     <gpxdata:distance>8317.00</gpxdata:distance>
     <gpxdata:speed>1.911</gpxdata:speed>
    </extensions>
   </trkpt>
   <trkpt lat="48.3966158" lon="9.9933668">
    <ele>503</ele>
    <time>2026-06-15T06:45:16Z</time>
    <extensions>
     <gpxdata:distance>8318.00</gpxdata:distance>
     <gpxdata:speed>1.600</gpxdata:speed>
    </extensions>
   </trkpt>
   <trkpt lat="48.3966168" lon="9.9933811">
    <ele>503</ele>
    <time>2026-06-15T06:45:17Z</time>
    <extensions>
     <gpxdata:distance>8319.00</gpxdata:distance>
     <gpxdata:speed>1.361</gpxdata:speed>
    </extensions>
   </trkpt>
   <trkpt lat="48.3966180" lon="9.9933959">
    <ele>503</ele>
    <time>2026-06-15T06:45:18Z</time>
    <extensions>
     <gpxdata:distance>8320.00</gpxdata:distance>
     <gpxdata:speed>1.206</gpxdata:speed>
    </extensions>
   </trkpt>
   <trkpt lat="48.3966280" lon="9.9935391">
    <ele>503</ele>
    <time>2026-06-15T06:45:35Z</time>
    <extensions>
     <gpxdata:distance>8333.00</gpxdata:distance>
     <gpxdata:speed>1.336</gpxdata:speed>
    </extensions>
   </trkpt>
   <trkpt lat="48.3966295" lon="9.9935564">
    <ele>503</ele>
    <time>2026-06-15T06:45:36Z</time>
    <extensions>
     <gpxdata:distance>8333.00</gpxdata:distance>
     <gpxdata:speed>1.308</gpxdata:speed>
    </extensions>
   </trkpt>
   <trkpt lat="48.3966310" lon="9.9935731">
    <ele>503</ele>
    <time>2026-06-15T06:45:37Z</time>
    <extensions>
     <gpxdata:distance>8333.50</gpxdata:distance>
     <gpxdata:speed>1.214</gpxdata:speed>
    </extensions>
   </trkpt>
   <trkpt lat="48.3966082" lon="9.9937054">
    <ele>503</ele>
    <time>2026-06-15T06:55:37Z</time>
    <extensions>
     <gpxdata:distance>8346.00</gpxdata:distance>
     <gpxdata:speed>1.142</gpxdata:speed>
    </extensions>
   </trkpt>
   <trkpt lat="48.3966057" lon="9.9937226">
    <ele>503</ele>
    <time>2026-06-15T06:55:38Z</time>
    <extensions>
     <gpxdata:distance>8346.00</gpxdata:distance>
     <gpxdata:speed>1.233</gpxdata:speed>
    </extensions>
   </trkpt>
   <trkpt lat="48.3966033" lon="9.9937404">
    <ele>503</ele>
    <time>2026-06-15T06:55:39Z</time>
    <extensions>
     <gpxdata:distance>8347.50</gpxdata:distance>
     <gpxdata:speed>1.317</gpxdata:speed>
    </extensions>
   </trkpt>
   <trkpt lat="48.3966009" lon="9.9937589">
    <ele>504</ele>
    <time>2026-06-15T06:55:40Z</time>
    <extensions>
     <gpxdata:distance>8349.00</gpxdata:distance>
     <gpxdata:speed>1.417</gpxdata:speed>
    </extensions>
   </trkpt>
   <trkpt lat="48.3965986" lon="9.9937784">
    <ele>504</ele>
    <time>2026-06-15T06:55:41Z</time>
    <extensions>
     <gpxdata:distance>8350.50</gpxdata:distance>
     <gpxdata:speed>1.528</gpxdata:speed>
    </extensions>
   </trkpt>
   <trkpt lat="48.3965963" lon="9.9937980">
    <ele>504</ele>
    <time>2026-06-15T06:55:42Z</time>
    <extensions>
     <gpxdata:distance>8352.00</gpxdata:distance>
     <gpxdata:speed>1.481</gpxdata:speed>
    </extensions>
   </trkpt>
   <trkpt lat="48.3965941" lon="9.9938154">
    <ele>504</ele>
    <time>2026-06-15T06:55:43Z</time>
    <extensions>
     <gpxdata:distance>8352.00</gpxdata:distance>
     <gpxdata:speed>1.272</gpxdata:speed>
    </extensions>
   </trkpt>
   <trkpt lat="48.3965924" lon="9.9938231">
    <ele>504</ele>
    <time>2026-06-15T06:55:44Z</time>
    <extensions>
     <gpxdata:distance>8352.00</gpxdata:distance>
     <gpxdata:speed>1.272</gpxdata:speed>
    </extensions>
   </trkpt>
   <trkpt lat="48.3965908" lon="9.9938308">
    <ele>503</ele>
    <time>2026-06-15T06:55:45Z</time>
    <extensions>
     <gpxdata:distance>8353.00</gpxdata:distance>
     <gpxdata:speed>0.892</gpxdata:speed>
    </extensions>
   </trkpt>
   <trkpt lat="48.3965875" lon="9.9938437">
    <ele>503</ele>
    <time>2026-06-15T06:55:46Z</time>
    <extensions>
     <gpxdata:distance>8354.00</gpxdata:distance>
     <gpxdata:speed>0.822</gpxdata:speed>
    </extensions>
   </trkpt>
   <trkpt lat="48.3965468" lon="9.9939851">
    <ele>503</ele>
    <time>2026-06-15T06:55:59Z</time>
    <extensions>
     <gpxdata:distance>8366.00</gpxdata:distance>
     <gpxdata:speed>0.942</gpxdata:speed>
    </extensions>
   </trkpt>
   <trkpt lat="48.3965472" lon="9.9939959">
    <ele>503</ele>
    <time>2026-06-15T06:56:00Z</time>
    <extensions>
     <gpxdata:distance>8366.00</gpxdata:distance>
     <gpxdata:speed>0.911</gpxdata:speed>
    </extensions>
   </trkpt>
   <trkpt lat="48.3965476" lon="9.9940075">
    <ele>503</ele>
    <time>2026-06-15T06:56:01Z</time>
    <extensions>
     <gpxdata:distance>8367.00</gpxdata:distance>
     <gpxdata:speed>0.942</gpxdata:speed>
    </extensions>
   </trkpt>
   <trkpt lat="48.3965484" lon="9.9940199">
    <ele>503</ele>
    <time>2026-06-15T06:56:02Z</time>
    <extensions>
     <gpxdata:distance>8368.00</gpxdata:distance>
     <gpxdata:speed>0.972</gpxdata:speed>
    </extensions>
   </trkpt>
   <trkpt lat="48.3965488" lon="9.9940336">
    <ele>503</ele>
    <time>2026-06-15T06:56:03Z</time>
    <extensions>
     <gpxdata:distance>8369.50</gpxdata:distance>
     <gpxdata:speed>1.039</gpxdata:speed>
    </extensions>
   </trkpt>
   <trkpt lat="48.3965496" lon="9.9940485">
    <ele>503</ele>
    <time>2026-06-15T06:56:04Z</time>
    <extensions>
     <gpxdata:distance>8371.00</gpxdata:distance>
     <gpxdata:speed>1.117</gpxdata:speed>
    </extensions>
   </trkpt>
   <trkpt lat="48.3965505" lon="9.9940644">
    <ele>503</ele>
    <time>2026-06-15T06:56:05Z</time>
    <extensions>
     <gpxdata:distance>8372.00</gpxdata:distance>
     <gpxdata:speed>1.189</gpxdata:speed>
    </extensions>
   </trkpt>
   <trkpt lat="48.3965507" lon="9.9940808">
    <ele>503</ele>
    <time>2026-06-15T06:56:06Z</time>
    <extensions>
     <gpxdata:distance>8373.00</gpxdata:distance>
     <gpxdata:speed>1.225</gpxdata:speed>
    </extensions>
   </trkpt>
   <trkpt lat="48.3965504" lon="9.9940980">
    <ele>503</ele>
    <time>2026-06-15T06:56:07Z</time>
    <extensions>
     <gpxdata:distance>8374.50</gpxdata:distance>
     <gpxdata:speed>1.283</gpxdata:speed>
    </extensions>
   </trkpt>
   <trkpt lat="48.3965493" lon="9.9941162">
    <ele>503</ele>
    <time>2026-06-15T06:56:08Z</time>
    <extensions>
     <gpxdata:distance>8376.00</gpxdata:distance>
     <gpxdata:speed>1.450</gpxdata:speed>
    </extensions>
   </trkpt>
   <trkpt lat="48.3965475" lon="9.9941352">
    <ele>503</ele>
    <time>2026-06-15T06:56:09Z</time>
    <extensions>
     <gpxdata:distance>8377.50</gpxdata:distance>
     <gpxdata:speed>1.506</gpxdata:speed>
    </extensions>
   </trkpt>
   <trkpt lat="48.3965454" lon="9.9941547">
    <ele>503</ele>
    <time>2026-06-15T06:56:10Z</time>
    <extensions>
     <gpxdata:distance>8379.00</gpxdata:distance>
     <gpxdata:speed>1.533</gpxdata:speed>
    </extensions>
   </trkpt>
   <trkpt lat="48.3965430" lon="9.9941748">
    <ele>503</ele>
    <time>2026-06-15T06:56:11Z</time>
    <extensions>
     <gpxdata:distance>8381.00</gpxdata:distance>
     <gpxdata:speed>1.567</gpxdata:speed>
    </extensions>
   </trkpt>
   <trkpt lat="48.3965402" lon="9.9941962">
    <ele>503</ele>
    <time>2026-06-15T06:56:12Z</time>
    <extensions>
     <gpxdata:distance>8383.00</gpxdata:distance>
     <gpxdata:speed>1.708</gpxdata:speed>
    </extensions>
   </trkpt>
   <trkpt lat="48.3965371" lon="9.9942184">
    <ele>503</ele>
    <time>2026-06-15T06:56:13Z</time>
    <extensions>
     <gpxdata:distance>8384.50</gpxdata:distance>
     <gpxdata:speed>1.750</gpxdata:speed>
    </extensions>
   </trkpt>
   <trkpt lat="48.3965345" lon="9.9942401">
    <ele>503</ele>
    <time>2026-06-15T06:56:14Z</time>
    <extensions>
     <gpxdata:distance>8386.00</gpxdata:distance>
     <gpxdata:speed>1.672</gpxdata:speed>
    </extensions>
   </trkpt>
   <trkpt lat="48.3965321" lon="9.9942606">
    <ele>503</ele>
    <time>2026-06-15T06:56:15Z</time>
    <extensions>
     <gpxdata:distance>8387.50</gpxdata:distance>
     <gpxdata:speed>1.578</gpxdata:speed>
    </extensions>
   </trkpt>
   <trkpt lat="48.3965289" lon="9.9942812">
    <ele>503</ele>
    <time>2026-06-15T06:56:16Z</time>
    <extensions>
     <gpxdata:distance>8389.00</gpxdata:distance>
     <gpxdata:speed>1.594</gpxdata:speed>
    </extensions>
   </trkpt>
   <trkpt lat="48.3965251" lon="9.9943023">
    <ele>503</ele>
    <time>2026-06-15T06:56:17Z</time>
    <extensions>
     <gpxdata:distance>8391.00</gpxdata:distance>
     <gpxdata:speed>1.633</gpxdata:speed>
    </extensions>
   </trkpt>
   <trkpt lat="48.3965202" lon="9.9943243">
    <ele>503</ele>
    <time>2026-06-15T06:56:18Z</time>
    <extensions>
     <gpxdata:distance>8393.00</gpxdata:distance>
     <gpxdata:speed>1.722</gpxdata:speed>
    </extensions>
   </trkpt>
   <trkpt lat="48.3965146" lon="9.9943481">
    <ele>502</ele>
    <time>2026-06-15T06:56:19Z</time>
    <extensions>
     <gpxdata:distance>8395.00</gpxdata:distance>
     <gpxdata:speed>1.856</gpxdata:speed>
    </extensions>
   </trkpt>
   <trkpt lat="48.3965081" lon="9.9943732">
    <ele>502</ele>
    <time>2026-06-15T06:56:20Z</time>
    <extensions>
     <gpxdata:distance>8397.00</gpxdata:distance>
     <gpxdata:speed>1.975</gpxdata:speed>
    </extensions>
   </trkpt>
   <trkpt lat="48.3965007" lon="9.9943991">
    <ele>502</ele>
    <time>2026-06-15T06:56:21Z</time>
    <extensions>
     <gpxdata:distance>8399.50</gpxdata:distance>
     <gpxdata:speed>2.078</gpxdata:speed>
    </extensions>
   </trkpt>
   <trkpt lat="48.3964895" lon="9.9944342">
    <ele>502</ele>
    <time>2026-06-15T06:56:22Z</time>
    <extensions>
     <gpxdata:distance>8402.00</gpxdata:distance>
     <gpxdata:speed>2.122</gpxdata:speed>
    </extensions>
   </trkpt>
   <trkpt lat="48.3964808" lon="9.9944626">
    <ele>502</ele>
    <time>2026-06-15T06:56:23Z</time>
    <extensions>
     <gpxdata:distance>8403.50</gpxdata:distance>
     <gpxdata:speed>2.067</gpxdata:speed>
    </extensions>
   </trkpt>
   <trkpt lat="48.3964727" lon="9.9944884">
    <ele>502</ele>
    <time>2026-06-15T06:56:24Z</time>
    <extensions>
     <gpxdata:distance>8405.00</gpxdata:distance>
     <gpxdata:speed>2.047</gpxdata:speed>
    </extensions>
   </trkpt>
   <trkpt lat="48.3964644" lon="9.9945134">
    <ele>502</ele>
    <time>2026-06-15T06:56:25Z</time>
    <extensions>
     <gpxdata:distance>8407.50</gpxdata:distance>
     <gpxdata:speed>2.053</gpxdata:speed>
    </extensions>
   </trkpt>
   <trkpt lat="48.3964563" lon="9.9945378">
    <ele>502</ele>
    <time>2026-06-15T06:56:26Z</time>
    <extensions>
     <gpxdata:distance>8410.00</gpxdata:distance>
     <gpxdata:speed>2.042</gpxdata:speed>
    </extensions>
   </trkpt>
   <trkpt lat="48.3964478" lon="9.9945619">
    <ele>502</ele>
    <time>2026-06-15T06:56:27Z</time>
    <extensions>
     <gpxdata:distance>8411.50</gpxdata:distance>
     <gpxdata:speed>2.036</gpxdata:speed>
    </extensions>
   </trkpt>
   <trkpt lat="48.3964388" lon="9.9945850">
    <ele>502</ele>
    <time>2026-06-15T06:56:28Z</time>
    <extensions>
     <gpxdata:distance>8413.00</gpxdata:distance>
     <gpxdata:speed>2.011</gpxdata:speed>
    </extensions>
   </trkpt>
   <trkpt lat="48.3964306" lon="9.9946079">
    <ele>502</ele>
    <time>2026-06-15T06:56:29Z</time>
    <extensions>
     <gpxdata:distance>8415.00</gpxdata:distance>
     <gpxdata:speed>1.958</gpxdata:speed>
    </extensions>
   </trkpt>
   <trkpt lat="48.3964243" lon="9.9946238">
    <ele>502</ele>
    <time>2026-06-15T06:56:30Z</time>
    <extensions>
     <gpxdata:distance>8417.00</gpxdata:distance>
     <gpxdata:speed>1.936</gpxdata:speed>
    </extensions>
   </trkpt>
   <trkpt lat="48.3964171" lon="9.9946423">
    <ele>502</ele>
    <time>2026-06-15T06:56:31Z</time>
    <extensions>
     <gpxdata:distance>8419.00</gpxdata:distance>
     <gpxdata:speed>1.894</gpxdata:speed>
    </extensions>
   </trkpt>
   <trkpt lat="48.3964102" lon="9.9946624">
    <ele>502</ele>
    <time>2026-06-15T06:56:32Z</time>
    <extensions>
     <gpxdata:distance>8421.00</gpxdata:distance>
     <gpxdata:speed>1.850</gpxdata:speed>
    </extensions>
   </trkpt>
   <trkpt lat="48.3964037" lon="9.9946834">
    <ele>502</ele>
    <time>2026-06-15T06:56:33Z</time>
    <extensions>
     <gpxdata:distance>8422.50</gpxdata:distance>
     <gpxdata:speed>1.808</gpxdata:speed>
    </extensions>
   </trkpt>
   <trkpt lat="48.3963974" lon="9.9947059">
    <ele>502</ele>
    <time>2026-06-15T06:56:34Z</time>
    <extensions>
     <gpxdata:distance>8424.00</gpxdata:distance>
     <gpxdata:speed>1.856</gpxdata:speed>
    </extensions>
   </trkpt>
   <trkpt lat="48.3963915" lon="9.9947281">
    <ele>502</ele>
    <time>2026-06-15T06:56:35Z</time>
    <extensions>
     <gpxdata:distance>8425.50</gpxdata:distance>
     <gpxdata:speed>1.800</gpxdata:speed>
    </extensions>
   </trkpt>
   <trkpt lat="48.3963859" lon="9.9947493">
    <ele>502</ele>
    <time>2026-06-15T06:56:36Z</time>
    <extensions>
     <gpxdata:distance>8427.00</gpxdata:distance>
     <gpxdata:speed>1.706</gpxdata:speed>
    </extensions>
   </trkpt>
   <trkpt lat="48.3963800" lon="9.9947703">
    <ele>502</ele>
    <time>2026-06-15T06:56:37Z</time>
    <extensions>
     <gpxdata:distance>8429.00</gpxdata:distance>
     <gpxdata:speed>1.694</gpxdata:speed>
    </extensions>
   </trkpt>
   <trkpt lat="48.3963745" lon="9.9947922">
    <ele>502</ele>
    <time>2026-06-15T06:56:38Z</time>
    <extensions>
     <gpxdata:distance>8431.00</gpxdata:distance>
     <gpxdata:speed>1.736</gpxdata:speed>
    </extensions>
   </trkpt>
   <trkpt lat="48.3963690" lon="9.9948154">
    <ele>502</ele>
    <time>2026-06-15T06:56:39Z</time>
    <extensions>
     <gpxdata:distance>8433.50</gpxdata:distance>
     <gpxdata:speed>1.811</gpxdata:speed>
    </extensions>
   </trkpt>
   <trkpt lat="48.3963632" lon="9.9948409">
    <ele>502</ele>
    <time>2026-06-15T06:56:40Z</time>
    <extensions>
     <gpxdata:distance>8436.00</gpxdata:distance>
     <gpxdata:speed>1.961</gpxdata:speed>
    </extensions>
   </trkpt>
   <trkpt lat="48.3963563" lon="9.9948689">
    <ele>502</ele>
    <time>2026-06-15T06:56:41Z</time>
    <extensions>
     <gpxdata:distance>8438.50</gpxdata:distance>
     <gpxdata:speed>2.175</gpxdata:speed>
    </extensions>
   </trkpt>
   <trkpt lat="48.3963458" lon="9.9949106">
    <ele>502</ele>
    <time>2026-06-15T06:56:42Z</time>
    <extensions>
     <gpxdata:distance>8441.00</gpxdata:distance>
     <gpxdata:speed>2.639</gpxdata:speed>
    </extensions>
   </trkpt>
   <trkpt lat="48.3963369" lon="9.9949491">
    <ele>501</ele>
    <time>2026-06-15T06:56:43Z</time>
    <extensions>
     <gpxdata:distance>8444.50</gpxdata:distance>
     <gpxdata:speed>2.886</gpxdata:speed>
    </extensions>
   </trkpt>
   <trkpt lat="48.3963295" lon="9.9949893">
    <ele>501</ele>
    <time>2026-06-15T06:56:44Z</time>
    <extensions>
     <gpxdata:distance>8448.00</gpxdata:distance>
     <gpxdata:speed>3.189</gpxdata:speed>
    </extensions>
   </trkpt>
   <trkpt lat="48.3963208" lon="9.9950565">
    <ele>501</ele>
    <time>2026-06-15T06:56:45Z</time>
    <extensions>
     <gpxdata:distance>8451.50</gpxdata:distance>
     <gpxdata:speed>3.200</gpxdata:speed>
    </extensions>
   </trkpt>
   <trkpt lat="48.3963162" lon="9.9951067">
    <ele>501</ele>
    <time>2026-06-15T06:56:46Z</time>
    <extensions>
     <gpxdata:distance>8455.00</gpxdata:distance>
     <gpxdata:speed>3.433</gpxdata:speed>
    </extensions>
   </trkpt>
   <trkpt lat="48.3963118" lon="9.9951566">
    <ele>501</ele>
    <time>2026-06-15T06:56:47Z</time>
    <extensions>
     <gpxdata:distance>8459.00</gpxdata:distance>
     <gpxdata:speed>3.692</gpxdata:speed>
    </extensions>
   </trkpt>
   <trkpt lat="48.3963058" lon="9.9952079">
    <ele>501</ele>
    <time>2026-06-15T06:56:48Z</time>
    <extensions>
     <gpxdata:distance>8463.00</gpxdata:distance>
     <gpxdata:speed>3.853</gpxdata:speed>
    </extensions>
   </trkpt>
   <trkpt lat="48.3962989" lon="9.9952604">
    <ele>501</ele>
    <time>2026-06-15T06:56:49Z</time>
    <extensions>
     <gpxdata:distance>8467.00</gpxdata:distance>
     <gpxdata:speed>3.942</gpxdata:speed>
    </extensions>
   </trkpt>
   <trkpt lat="48.3962921" lon="9.9953132">
    <ele>501</ele>
    <time>2026-06-15T06:56:50Z</time>
    <extensions>
     <gpxdata:distance>8471.00</gpxdata:distance>
     <gpxdata:speed>3.947</gpxdata:speed>
    </extensions>
   </trkpt>
   <trkpt lat="48.3962862" lon="9.9953662">
    <ele>501</ele>
    <time>2026-06-15T06:56:51Z</time>
    <extensions>
     <gpxdata:distance>8474.50</gpxdata:distance>
     <gpxdata:speed>3.947</gpxdata:speed>
    </extensions>
   </trkpt>
   <trkpt lat="48.3962812" lon="9.9954190">
    <ele>500</ele>
    <time>2026-06-15T06:56:52Z</time>
    <extensions>
     <gpxdata:distance>8478.00</gpxdata:distance>
     <gpxdata:speed>3.933</gpxdata:speed>
    </extensions>
   </trkpt>
   <trkpt lat="48.3962739" lon="9.9954726">
    <ele>500</ele>
    <time>2026-06-15T06:56:53Z</time>
    <extensions>
     <gpxdata:distance>8482.50</gpxdata:distance>
     <gpxdata:speed>4.039</gpxdata:speed>
    </extensions>
   </trkpt>
   <trkpt lat="48.3962659" lon="9.9955273">
    <ele>500</ele>
    <time>2026-06-15T06:56:54Z</time>
    <extensions>
     <gpxdata:distance>8487.00</gpxdata:distance>
     <gpxdata:speed>4.111</gpxdata:speed>
    </extensions>
   </trkpt>
   <trkpt lat="48.3962577" lon="9.9955785">
    <ele>500</ele>
    <time>2026-06-15T06:56:55Z</time>
    <extensions>
     <gpxdata:distance>8490.00</gpxdata:distance>
     <gpxdata:speed>3.972</gpxdata:speed>
    </extensions>
   </trkpt>
   <trkpt lat="48.3962516" lon="9.9956244">
    <ele>500</ele>
    <time>2026-06-15T06:56:56Z</time>
    <extensions>
     <gpxdata:distance>8493.00</gpxdata:distance>
     <gpxdata:speed>3.722</gpxdata:speed>
    </extensions>
   </trkpt>
   <trkpt lat="48.3962478" lon="9.9956660">
    <ele>500</ele>
    <time>2026-06-15T06:56:57Z</time>
    <extensions>
     <gpxdata:distance>8495.50</gpxdata:distance>
     <gpxdata:speed>3.153</gpxdata:speed>
    </extensions>
   </trkpt>
   <trkpt lat="48.3962452" lon="9.9957036">
    <ele>500</ele>
    <time>2026-06-15T06:56:58Z</time>
    <extensions>
     <gpxdata:distance>8498.00</gpxdata:distance>
     <gpxdata:speed>2.814</gpxdata:speed>
    </extensions>
   </trkpt>
   <trkpt lat="48.3962444" lon="9.9957218">
    <ele>500</ele>
    <time>2026-06-15T06:56:59Z</time>
    <extensions>
     <gpxdata:distance>8499.50</gpxdata:distance>
     <gpxdata:speed>2.361</gpxdata:speed>
    </extensions>
   </trkpt>
   <trkpt lat="48.3962425" lon="9.9957420">
    <ele>500</ele>
    <time>2026-06-15T06:57:00Z</time>
    <extensions>
     <gpxdata:distance>8501.00</gpxdata:distance>
     <gpxdata:speed>1.797</gpxdata:speed>
    </extensions>
   </trkpt>
   <trkpt lat="48.3962397" lon="9.9957541">
    <ele>500</ele>
    <time>2026-06-15T06:57:01Z</time>
    <extensions>
     <gpxdata:distance>8502.00</gpxdata:distance>
     <gpxdata:speed>1.422</gpxdata:speed>
    </extensions>
   </trkpt>
   <trkpt lat="48.3962352" lon="9.9957649">
    <ele>500</ele>
    <time>2026-06-15T06:57:02Z</time>
    <extensions>
     <gpxdata:distance>8503.00</gpxdata:distance>
     <gpxdata:speed>1.178</gpxdata:speed>
    </extensions>
   </trkpt>
   <trkpt lat="48.3962293" lon="9.9957733">
    <ele>500</ele>
    <time>2026-06-15T06:57:03Z</time>
    <extensions>
     <gpxdata:distance>8503.50</gpxdata:distance>
     <gpxdata:speed>1.028</gpxdata:speed>
    </extensions>
   </trkpt>
   <trkpt lat="48.3962082" lon="9.9957942">
    <ele>500</ele>
    <time>2026-06-15T06:57:04Z</time>
    <extensions>
     <gpxdata:distance>8504.00</gpxdata:distance>
     <gpxdata:speed>0.847</gpxdata:speed>
    </extensions>
   </trkpt>
  </trkseg>
 </trk>
</gpx>
