<?xml version="1.0" encoding="UTF-8"?>
<gpx xmlns="http://www.topografix.com/GPX/1/1" xmlns:gpxdata="http://www.cluetrust.com/XML/GPXDATA/1/0" xmlns:xsi="http://www.w3.org/2001/XMLSchema-instance" xsi:schemaLocation="http://www.topografix.com/GPX/1/1 https://www.topografix.com/GPX/1/1/gpx.xsd http://www.cluetrust.com/XML/GPXDATA/1/0 https://www.cluetrust.com/Schemas/gpxdata10.xsd" creator="COROS Wearables" version="1.1">
 <metadata>
  <link href="https://www.coros.com">
   <text>COROS</text>
  </link>
  <time>2026-07-05T07:19:07Z</time>
 </metadata>
 <trk>
  <name>Štúrovo Gravel</name>
  <type>Other</type>
  <trkseg>
   <trkpt lat="47.7942557" lon="18.6945351">
    <ele>122</ele>
    <time>2026-07-05T07:19:07Z</time>
    <extensions>
     <gpxdata:distance>0.00</gpxdata:distance>
     <gpxdata:speed>3.239</gpxdata:speed>
    </extensions>
   </trkpt>
   <trkpt lat="47.7942398" lon="18.6945514">
    <ele>122</ele>
    <time>2026-07-05T07:19:08Z</time>
    <extensions>
     <gpxdata:distance>0.00</gpxdata:distance>
     <gpxdata:speed>3.239</gpxdata:speed>
    </extensions>
   </trkpt>
   <trkpt lat="47.7942224" lon="18.6945704">
    <ele>122</ele>
    <time>2026-07-05T07:19:09Z</time>
    <extensions>
     <gpxdata:distance>0.00</gpxdata:distance>
     <gpxdata:speed>3.239</gpxdata:speed>
    </extensions>
   </trkpt>
   <trkpt lat="47.7942042" lon="18.6945914">
    <ele>122</ele>
    <time>2026-07-05T07:19:10Z</time>
    <extensions>
     <gpxdata:distance>6.00</gpxdata:distance>
     <gpxdata:speed>3.214</gpxdata:speed>
    </extensions>
   </trkpt>
   <trkpt lat="47.7941856" lon="18.6946122">
    <ele>122</ele>
    <time>2026-07-05T07:19:11Z</time>
    <extensions>
     <gpxdata:distance>12.00</gpxdata:distance>
     <gpxdata:speed>3.514</gpxdata:speed>
    </extensions>
   </trkpt>
   <trkpt lat="47.7941674" lon="18.6946308">
    <ele>122</ele>
    <time>2026-07-05T07:19:12Z</time>
    <extensions>
     <gpxdata:distance>14.50</gpxdata:distance>
     <gpxdata:speed>3.353</gpxdata:speed>
    </extensions>
   </trkpt>
   <trkpt lat="47.7941500" lon="18.6946471">
    <ele>122</ele>
    <time>2026-07-05T07:19:13Z</time>
    <extensions>
     <gpxdata:distance>17.00</gpxdata:distance>
     <gpxdata:speed>3.061</gpxdata:speed>
    </extensions>
   </trkpt>
   <trkpt lat="47.7941406" lon="18.6946561">
    <ele>122</ele>
    <time>2026-07-05T07:19:14Z</time>
    <extensions>
     <gpxdata:distance>19.00</gpxdata:distance>
     <gpxdata:speed>2.750</gpxdata:speed>
    </extensions>
   </trkpt>
   <trkpt lat="47.7941282" lon="18.6946685">
    <ele>122</ele>
    <time>2026-07-05T07:19:15Z</time>
    <extensions>
     <gpxdata:distance>21.00</gpxdata:distance>
     <gpxdata:speed>2.508</gpxdata:speed>
    </extensions>
   </trkpt>
   <trkpt lat="47.7941146" lon="18.6946826">
    <ele>122</ele>
    <time>2026-07-05T07:19:16Z</time>
    <extensions>
     <gpxdata:distance>23.00</gpxdata:distance>
     <gpxdata:speed>2.314</gpxdata:speed>
    </extensions>
   </trkpt>
   <trkpt lat="47.7941004" lon="18.6946969">
    <ele>122</ele>
    <time>2026-07-05T07:19:17Z</time>
    <extensions>
     <gpxdata:distance>25.00</gpxdata:distance>
     <gpxdata:speed>2.164</gpxdata:speed>
    </extensions>
   </trkpt>
   <trkpt lat="47.7940865" lon="18.6947109">
    <ele>122</ele>
    <time>2026-07-05T07:19:18Z</time>
    <extensions>
     <gpxdata:distance>26.50</gpxdata:distance>
     <gpxdata:speed>2.036</gpxdata:speed>
    </extensions>
   </trkpt>
   <trkpt lat="47.7940770" lon="18.6947207">
    <ele>122</ele>
    <time>2026-07-05T07:19:19Z</time>
    <extensions>
     <gpxdata:distance>28.00</gpxdata:distance>
     <gpxdata:speed>1.906</gpxdata:speed>
    </extensions>
   </trkpt>
   <trkpt lat="47.7940665" lon="18.6947316">
    <ele>122</ele>
    <time>2026-07-05T07:19:20Z</time>
    <extensions>
     <gpxdata:distance>29.50</gpxdata:distance>
     <gpxdata:speed>1.775</gpxdata:speed>
    </extensions>
   </trkpt>
   <trkpt lat="47.7940557" lon="18.6947431">
    <ele>122</ele>
    <time>2026-07-05T07:19:21Z</time>
    <extensions>
     <gpxdata:distance>31.00</gpxdata:distance>
     <gpxdata:speed>1.658</gpxdata:speed>
    </extensions>
   </trkpt>
   <trkpt lat="47.7940446" lon="18.6947546">
    <ele>122</ele>
    <time>2026-07-05T07:19:22Z</time>
    <extensions>
     <gpxdata:distance>32.50</gpxdata:distance>
     <gpxdata:speed>1.572</gpxdata:speed>
    </extensions>
   </trkpt>
   <trkpt lat="47.7940336" lon="18.6947666">
    <ele>122</ele>
    <time>2026-07-05T07:19:23Z</time>
    <extensions>
     <gpxdata:distance>34.00</gpxdata:distance>
     <gpxdata:speed>1.525</gpxdata:speed>
    </extensions>
   </trkpt>
   <trkpt lat="47.7940228" lon="18.6947786">
    <ele>122</ele>
    <time>2026-07-05T07:19:24Z</time>
    <extensions>
     <gpxdata:distance>35.50</gpxdata:distance>
     <gpxdata:speed>1.506</gpxdata:speed>
    </extensions>
   </trkpt>
   <trkpt lat="47.7940120" lon="18.6947905">
    <ele>122</ele>
    <time>2026-07-05T07:19:25Z</time>
    <extensions>
     <gpxdata:distance>37.00</gpxdata:distance>
     <gpxdata:speed>1.481</gpxdata:speed>
    </extensions>
   </trkpt>
   <trkpt lat="47.7940003" lon="18.6948019">
    <ele>122</ele>
    <time>2026-07-05T07:19:26Z</time>
    <extensions>
     <gpxdata:distance>39.00</gpxdata:distance>
     <gpxdata:speed>1.461</gpxdata:speed>
    </extensions>
   </trkpt>
   <trkpt lat="47.7939869" lon="18.6948143">
    <ele>122</ele>
    <time>2026-07-05T07:19:27Z</time>
    <extensions>
     <gpxdata:distance>41.00</gpxdata:distance>
     <gpxdata:speed>1.472</gpxdata:speed>
    </extensions>
   </trkpt>
   <trkpt lat="47.7939720" lon="18.6948291">
    <ele>122</ele>
    <time>2026-07-05T07:19:28Z</time>
    <extensions>
     <gpxdata:distance>43.50</gpxdata:distance>
     <gpxdata:speed>1.544</gpxdata:speed>
    </extensions>
   </trkpt>
   <trkpt lat="47.7939496" lon="18.6948528">
    <ele>122</ele>
    <time>2026-07-05T07:19:29Z</time>
    <extensions>
     <gpxdata:distance>46.00</gpxdata:distance>
     <gpxdata:speed>2.153</gpxdata:speed>
    </extensions>
   </trkpt>
   <trkpt lat="47.7939290" lon="18.6948762">
    <ele>122</ele>
    <time>2026-07-05T07:19:30Z</time>
    <extensions>
     <gpxdata:distance>49.00</gpxdata:distance>
     <gpxdata:speed>2.522</gpxdata:speed>
    </extensions>
   </trkpt>
   <trkpt lat="47.7939074" lon="18.6949001">
    <ele>122</ele>
    <time>2026-07-05T07:19:31Z</time>
    <extensions>
     <gpxdata:distance>52.00</gpxdata:distance>
     <gpxdata:speed>2.814</gpxdata:speed>
    </extensions>
   </trkpt>
   <trkpt lat="47.7938694" lon="18.6949404">
    <ele>122</ele>
    <time>2026-07-05T07:19:32Z</time>
    <extensions>
     <gpxdata:distance>55.50</gpxdata:distance>
     <gpxdata:speed>3.108</gpxdata:speed>
    </extensions>
   </trkpt>
   <trkpt lat="47.7938402" lon="18.6949707">
    <ele>122</ele>
    <time>2026-07-05T07:19:33Z</time>
    <extensions>
     <gpxdata:distance>59.00</gpxdata:distance>
     <gpxdata:speed>3.389</gpxdata:speed>
    </extensions>
   </trkpt>
   <trkpt lat="47.7938111" lon="18.6950001">
    <ele>122</ele>
    <time>2026-07-05T07:19:34Z</time>
    <extensions>
     <gpxdata:distance>63.00</gpxdata:distance>
     <gpxdata:speed>3.656</gpxdata:speed>
    </extensions>
   </trkpt>
   <trkpt lat="47.7937810" lon="18.6950293">
    <ele>122</ele>
    <time>2026-07-05T07:19:35Z</time>
    <extensions>
     <gpxdata:distance>67.00</gpxdata:distance>
     <gpxdata:speed>3.867</gpxdata:speed>
    </extensions>
   </trkpt>
   <trkpt lat="47.7937511" lon="18.6950581">
    <ele>122</ele>
    <time>2026-07-05T07:19:36Z</time>
    <extensions>
     <gpxdata:distance>71.00</gpxdata:distance>
     <gpxdata:speed>3.967</gpxdata:speed>
    </extensions>
   </trkpt>
   <trkpt lat="47.7937218" lon="18.6950861">
    <ele>122</ele>
    <time>2026-07-05T07:19:37Z</time>
    <extensions>
     <gpxdata:distance>75.00</gpxdata:distance>
     <gpxdata:speed>3.931</gpxdata:speed>
    </extensions>
   </trkpt>
   <trkpt lat="47.7936936" lon="18.6951138">
    <ele>122</ele>
    <time>2026-07-05T07:19:38Z</time>
    <extensions>
     <gpxdata:distance>78.50</gpxdata:distance>
     <gpxdata:speed>3.844</gpxdata:speed>
    </extensions>
   </trkpt>
   <trkpt lat="47.7936662" lon="18.6951412">
    <ele>122</ele>
    <time>2026-07-05T07:19:39Z</time>
    <extensions>
     <gpxdata:distance>82.00</gpxdata:distance>
     <gpxdata:speed>3.733</gpxdata:speed>
    </extensions>
   </trkpt>
   <trkpt lat="47.7936386" lon="18.6951691">
    <ele>122</ele>
    <time>2026-07-05T07:19:40Z</time>
    <extensions>
     <gpxdata:distance>85.50</gpxdata:distance>
     <gpxdata:speed>3.722</gpxdata:speed>
    </extensions>
   </trkpt>
   <trkpt lat="47.7936099" lon="18.6951973">
    <ele>122</ele>
    <time>2026-07-05T07:19:41Z</time>
    <extensions>
     <gpxdata:distance>89.00</gpxdata:distance>
     <gpxdata:speed>3.750</gpxdata:speed>
    </extensions>
   </trkpt>
   <trkpt lat="47.7935806" lon="18.6952256">
    <ele>122</ele>
    <time>2026-07-05T07:19:42Z</time>
    <extensions>
     <gpxdata:distance>93.00</gpxdata:distance>
     <gpxdata:speed>3.808</gpxdata:speed>
    </extensions>
   </trkpt>
   <trkpt lat="47.7935515" lon="18.6952539">
    <ele>122</ele>
    <time>2026-07-05T07:19:43Z</time>
    <extensions>
     <gpxdata:distance>97.00</gpxdata:distance>
     <gpxdata:speed>3.850</gpxdata:speed>
    </extensions>
   </trkpt>
   <trkpt lat="47.7935236" lon="18.6952810">
    <ele>122</ele>
    <time>2026-07-05T07:19:44Z</time>
    <extensions>
     <gpxdata:distance>101.00</gpxdata:distance>
     <gpxdata:speed>3.844</gpxdata:speed>
    </extensions>
   </trkpt>
   <trkpt lat="47.7934974" lon="18.6953063">
    <ele>122</ele>
    <time>2026-07-05T07:19:45Z</time>
    <extensions>
     <gpxdata:distance>105.00</gpxdata:distance>
     <gpxdata:speed>3.767</gpxdata:speed>
    </extensions>
   </trkpt>
   <trkpt lat="47.7934720" lon="18.6953310">
    <ele>122</ele>
    <time>2026-07-05T07:19:46Z</time>
    <extensions>
     <gpxdata:distance>108.00</gpxdata:distance>
     <gpxdata:speed>3.631</gpxdata:speed>
    </extensions>
   </trkpt>
   <trkpt lat="47.7934459" lon="18.6953551">
    <ele>122</ele>
    <time>2026-07-05T07:19:47Z</time>
    <extensions>
     <gpxdata:distance>111.00</gpxdata:distance>
     <gpxdata:speed>3.531</gpxdata:speed>
    </extensions>
   </trkpt>
   <trkpt lat="47.7934186" lon="18.6953805">
    <ele>122</ele>
    <time>2026-07-05T07:19:48Z</time>
    <extensions>
     <gpxdata:distance>115.00</gpxdata:distance>
     <gpxdata:speed>3.503</gpxdata:speed>
    </extensions>
   </trkpt>
   <trkpt lat="47.7933897" lon="18.6954086">
    <ele>122</ele>
    <time>2026-07-05T07:19:49Z</time>
    <extensions>
     <gpxdata:distance>119.00</gpxdata:distance>
     <gpxdata:speed>3.567</gpxdata:speed>
    </extensions>
   </trkpt>
   <trkpt lat="47.7933601" lon="18.6954381">
    <ele>122</ele>
    <time>2026-07-05T07:19:50Z</time>
    <extensions>
     <gpxdata:distance>123.00</gpxdata:distance>
     <gpxdata:speed>3.700</gpxdata:speed>
    </extensions>
   </trkpt>
   <trkpt lat="47.7933300" lon="18.6954686">
    <ele>122</ele>
    <time>2026-07-05T07:19:51Z</time>
    <extensions>
     <gpxdata:distance>127.00</gpxdata:distance>
     <gpxdata:speed>3.803</gpxdata:speed>
    </extensions>
   </trkpt>
   <trkpt lat="47.7932997" lon="18.6954997">
    <ele>122</ele>
    <time>2026-07-05T07:19:52Z</time>
    <extensions>
     <gpxdata:distance>131.00</gpxdata:distance>
     <gpxdata:speed>3.897</gpxdata:speed>
    </extensions>
   </trkpt>
   <trkpt lat="47.7932688" lon="18.6955307">
    <ele>122</ele>
    <time>2026-07-05T07:19:53Z</time>
    <extensions>
     <gpxdata:distance>135.00</gpxdata:distance>
     <gpxdata:speed>3.964</gpxdata:speed>
    </extensions>
   </trkpt>
   <trkpt lat="47.7932378" lon="18.6955613">
    <ele>122</ele>
    <time>2026-07-05T07:19:54Z</time>
    <extensions>
     <gpxdata:distance>139.00</gpxdata:distance>
     <gpxdata:speed>4.036</gpxdata:speed>
    </extensions>
   </trkpt>
   <trkpt lat="47.7932073" lon="18.6955911">
    <ele>122</ele>
    <time>2026-07-05T07:19:55Z</time>
    <extensions>
     <gpxdata:distance>143.00</gpxdata:distance>
     <gpxdata:speed>4.072</gpxdata:speed>
    </extensions>
   </trkpt>
   <trkpt lat="47.7931777" lon="18.6956205">
    <ele>122</ele>
    <time>2026-07-05T07:19:56Z</time>
    <extensions>
     <gpxdata:distance>147.00</gpxdata:distance>
     <gpxdata:speed>4.064</gpxdata:speed>
    </extensions>
   </trkpt>
   <trkpt lat="47.7931498" lon="18.6956497">
    <ele>122</ele>
    <time>2026-07-05T07:19:57Z</time>
    <extensions>
     <gpxdata:distance>151.00</gpxdata:distance>
     <gpxdata:speed>4.019</gpxdata:speed>
    </extensions>
   </trkpt>
   <trkpt lat="47.7931230" lon="18.6956779">
    <ele>122</ele>
    <time>2026-07-05T07:19:58Z</time>
    <extensions>
     <gpxdata:distance>154.50</gpxdata:distance>
     <gpxdata:speed>3.922</gpxdata:speed>
    </extensions>
   </trkpt>
   <trkpt lat="47.7930971" lon="18.6957048">
    <ele>122</ele>
    <time>2026-07-05T07:19:59Z</time>
    <extensions>
     <gpxdata:distance>158.00</gpxdata:distance>
     <gpxdata:speed>3.814</gpxdata:speed>
    </extensions>
   </trkpt>
   <trkpt lat="47.7930721" lon="18.6957299">
    <ele>122</ele>
    <time>2026-07-05T07:20:00Z</time>
    <extensions>
     <gpxdata:distance>161.50</gpxdata:distance>
     <gpxdata:speed>3.692</gpxdata:speed>
    </extensions>
   </trkpt>
   <trkpt lat="47.7930466" lon="18.6957534">
    <ele>122</ele>
    <time>2026-07-05T07:20:01Z</time>
    <extensions>
     <gpxdata:distance>165.00</gpxdata:distance>
     <gpxdata:speed>3.550</gpxdata:speed>
    </extensions>
   </trkpt>
   <trkpt lat="47.7930199" lon="18.6957776">
    <ele>122</ele>
    <time>2026-07-05T07:20:02Z</time>
    <extensions>
     <gpxdata:distance>168.50</gpxdata:distance>
     <gpxdata:speed>3.478</gpxdata:speed>
    </extensions>
   </trkpt>
   <trkpt lat="47.7929918" lon="18.6958042">
    <ele>122</ele>
    <time>2026-07-05T07:20:03Z</time>
    <extensions>
     <gpxdata:distance>172.00</gpxdata:distance>
     <gpxdata:speed>3.500</gpxdata:speed>
    </extensions>
   </trkpt>
   <trkpt lat="47.7929628" lon="18.6958333">
    <ele>122</ele>
    <time>2026-07-05T07:20:04Z</time>
    <extensions>
     <gpxdata:distance>176.00</gpxdata:distance>
     <gpxdata:speed>3.606</gpxdata:speed>
    </extensions>
   </trkpt>
   <trkpt lat="47.7929331" lon="18.6958638">
    <ele>122</ele>
    <time>2026-07-05T07:20:05Z</time>
    <extensions>
     <gpxdata:distance>180.00</gpxdata:distance>
     <gpxdata:speed>3.725</gpxdata:speed>
    </extensions>
   </trkpt>
   <trkpt lat="47.7929029" lon="18.6958950">
    <ele>122</ele>
    <time>2026-07-05T07:20:06Z</time>
    <extensions>
     <gpxdata:distance>184.00</gpxdata:distance>
     <gpxdata:speed>3.839</gpxdata:speed>
    </extensions>
   </trkpt>
   <trkpt lat="47.7928726" lon="18.6959269">
    <ele>122</ele>
    <time>2026-07-05T07:20:07Z</time>
    <extensions>
     <gpxdata:distance>188.00</gpxdata:distance>
     <gpxdata:speed>3.933</gpxdata:speed>
    </extensions>
   </trkpt>
   <trkpt lat="47.7928415" lon="18.6959588">
    <ele>122</ele>
    <time>2026-07-05T07:20:08Z</time>
    <extensions>
     <gpxdata:distance>190.00</gpxdata:distance>
     <gpxdata:speed>4.003</gpxdata:speed>
    </extensions>
   </trkpt>
   <trkpt lat="47.7928094" lon="18.6959903">
    <ele>122</ele>
    <time>2026-07-05T07:20:09Z</time>
    <extensions>
     <gpxdata:distance>192.00</gpxdata:distance>
     <gpxdata:speed>4.003</gpxdata:speed>
    </extensions>
   </trkpt>
   <trkpt lat="47.7927768" lon="18.6960216">
    <ele>122</ele>
    <time>2026-07-05T07:20:10Z</time>
    <extensions>
     <gpxdata:distance>198.50</gpxdata:distance>
     <gpxdata:speed>4.003</gpxdata:speed>
    </extensions>
   </trkpt>
   <trkpt lat="47.7927439" lon="18.6960531">
    <ele>122</ele>
    <time>2026-07-05T07:20:11Z</time>
    <extensions>
     <gpxdata:distance>205.00</gpxdata:distance>
     <gpxdata:speed>4.303</gpxdata:speed>
    </extensions>
   </trkpt>
   <trkpt lat="47.7927105" lon="18.6960839">
    <ele>122</ele>
    <time>2026-07-05T07:20:12Z</time>
    <extensions>
     <gpxdata:distance>209.50</gpxdata:distance>
     <gpxdata:speed>4.344</gpxdata:speed>
    </extensions>
   </trkpt>
   <trkpt lat="47.7926763" lon="18.6961143">
    <ele>122</ele>
    <time>2026-07-05T07:20:13Z</time>
    <extensions>
     <gpxdata:distance>214.00</gpxdata:distance>
     <gpxdata:speed>4.364</gpxdata:speed>
    </extensions>
   </trkpt>
   <trkpt lat="47.7926413" lon="18.6961464">
    <ele>122</ele>
    <time>2026-07-05T07:20:14Z</time>
    <extensions>
     <gpxdata:distance>218.50</gpxdata:distance>
     <gpxdata:speed>4.431</gpxdata:speed>
    </extensions>
   </trkpt>
   <trkpt lat="47.7926067" lon="18.6961812">
    <ele>122</ele>
    <time>2026-07-05T07:20:15Z</time>
    <extensions>
     <gpxdata:distance>223.00</gpxdata:distance>
     <gpxdata:speed>4.567</gpxdata:speed>
    </extensions>
   </trkpt>
   <trkpt lat="47.7925723" lon="18.6962182">
    <ele>122</ele>
    <time>2026-07-05T07:20:16Z</time>
    <extensions>
     <gpxdata:distance>228.00</gpxdata:distance>
     <gpxdata:speed>4.631</gpxdata:speed>
    </extensions>
   </trkpt>
   <trkpt lat="47.7925376" lon="18.6962549">
    <ele>122</ele>
    <time>2026-07-05T07:20:17Z</time>
    <extensions>
     <gpxdata:distance>233.00</gpxdata:distance>
     <gpxdata:speed>4.694</gpxdata:speed>
    </extensions>
   </trkpt>
   <trkpt lat="47.7925019" lon="18.6962904">
    <ele>122</ele>
    <time>2026-07-05T07:20:18Z</time>
    <extensions>
     <gpxdata:distance>237.50</gpxdata:distance>
     <gpxdata:speed>4.717</gpxdata:speed>
    </extensions>
   </trkpt>
   <trkpt lat="47.7924656" lon="18.6963256">
    <ele>122</ele>
    <time>2026-07-05T07:20:19Z</time>
    <extensions>
     <gpxdata:distance>242.00</gpxdata:distance>
     <gpxdata:speed>4.753</gpxdata:speed>
    </extensions>
   </trkpt>
   <trkpt lat="47.7924287" lon="18.6963617">
    <ele>122</ele>
    <time>2026-07-05T07:20:20Z</time>
    <extensions>
     <gpxdata:distance>247.00</gpxdata:distance>
     <gpxdata:speed>4.819</gpxdata:speed>
    </extensions>
   </trkpt>
   <trkpt lat="47.7923918" lon="18.6963985">
    <ele>122</ele>
    <time>2026-07-05T07:20:21Z</time>
    <extensions>
     <gpxdata:distance>252.00</gpxdata:distance>
     <gpxdata:speed>4.900</gpxdata:speed>
    </extensions>
   </trkpt>
   <trkpt lat="47.7923548" lon="18.6964359">
    <ele>122</ele>
    <time>2026-07-05T07:20:22Z</time>
    <extensions>
     <gpxdata:distance>257.00</gpxdata:distance>
     <gpxdata:speed>4.936</gpxdata:speed>
    </extensions>
   </trkpt>
   <trkpt lat="47.7923178" lon="18.6964733">
    <ele>122</ele>
    <time>2026-07-05T07:20:23Z</time>
    <extensions>
     <gpxdata:distance>262.00</gpxdata:distance>
     <gpxdata:speed>4.967</gpxdata:speed>
    </extensions>
   </trkpt>
   <trkpt lat="47.7922814" lon="18.6965104">
    <ele>122</ele>
    <time>2026-07-05T07:20:24Z</time>
    <extensions>
     <gpxdata:distance>267.00</gpxdata:distance>
     <gpxdata:speed>4.969</gpxdata:speed>
    </extensions>
   </trkpt>
   <trkpt lat="47.7922473" lon="18.6965454">
    <ele>122</ele>
    <time>2026-07-05T07:20:25Z</time>
    <extensions>
     <gpxdata:distance>272.00</gpxdata:distance>
     <gpxdata:speed>4.917</gpxdata:speed>
    </extensions>
   </trkpt>
   <trkpt lat="47.7922155" lon="18.6965770">
    <ele>122</ele>
    <time>2026-07-05T07:20:26Z</time>
    <extensions>
     <gpxdata:distance>276.00</gpxdata:distance>
     <gpxdata:speed>4.733</gpxdata:speed>
    </extensions>
   </trkpt>
   <trkpt lat="47.7921846" lon="18.6966065">
    <ele>122</ele>
    <time>2026-07-05T07:20:27Z</time>
    <extensions>
     <gpxdata:distance>280.00</gpxdata:distance>
     <gpxdata:speed>4.494</gpxdata:speed>
    </extensions>
   </trkpt>
   <trkpt lat="47.7921534" lon="18.6966363">
    <ele>122</ele>
    <time>2026-07-05T07:20:28Z</time>
    <extensions>
     <gpxdata:distance>284.00</gpxdata:distance>
     <gpxdata:speed>4.331</gpxdata:speed>
    </extensions>
   </trkpt>
   <trkpt lat="47.7921217" lon="18.6966681">
    <ele>122</ele>
    <time>2026-07-05T07:20:29Z</time>
    <extensions>
     <gpxdata:distance>288.00</gpxdata:distance>
     <gpxdata:speed>4.272</gpxdata:speed>
    </extensions>
   </trkpt>
   <trkpt lat="47.7920892" lon="18.6967026">
    <ele>122</ele>
    <time>2026-07-05T07:20:30Z</time>
    <extensions>
     <gpxdata:distance>292.50</gpxdata:distance>
     <gpxdata:speed>4.292</gpxdata:speed>
    </extensions>
   </trkpt>
   <trkpt lat="47.7920556" lon="18.6967381">
    <ele>122</ele>
    <time>2026-07-05T07:20:31Z</time>
    <extensions>
     <gpxdata:distance>297.00</gpxdata:distance>
     <gpxdata:speed>4.367</gpxdata:speed>
    </extensions>
   </trkpt>
   <trkpt lat="47.7920208" lon="18.6967739">
    <ele>122</ele>
    <time>2026-07-05T07:20:32Z</time>
    <extensions>
     <gpxdata:distance>302.00</gpxdata:distance>
     <gpxdata:speed>4.461</gpxdata:speed>
    </extensions>
   </trkpt>
   <trkpt lat="47.7919851" lon="18.6968100">
    <ele>122</ele>
    <time>2026-07-05T07:20:33Z</time>
    <extensions>
     <gpxdata:distance>307.00</gpxdata:distance>
     <gpxdata:speed>4.553</gpxdata:speed>
    </extensions>
   </trkpt>
   <trkpt lat="47.7919486" lon="18.6968464">
    <ele>122</ele>
    <time>2026-07-05T07:20:34Z</time>
    <extensions>
     <gpxdata:distance>312.00</gpxdata:distance>
     <gpxdata:speed>4.650</gpxdata:speed>
    </extensions>
   </trkpt>
   <trkpt lat="47.7919114" lon="18.6968834">
    <ele>122</ele>
    <time>2026-07-05T07:20:35Z</time>
    <extensions>
     <gpxdata:distance>317.00</gpxdata:distance>
     <gpxdata:speed>4.742</gpxdata:speed>
    </extensions>
   </trkpt>
   <trkpt lat="47.7918742" lon="18.6969217">
    <ele>122</ele>
    <time>2026-07-05T07:20:36Z</time>
    <extensions>
     <gpxdata:distance>322.00</gpxdata:distance>
     <gpxdata:speed>4.944</gpxdata:speed>
    </extensions>
   </trkpt>
   <trkpt lat="47.7918368" lon="18.6969601">
    <ele>122</ele>
    <time>2026-07-05T07:20:37Z</time>
    <extensions>
     <gpxdata:distance>327.00</gpxdata:distance>
     <gpxdata:speed>5.019</gpxdata:speed>
    </extensions>
   </trkpt>
   <trkpt lat="47.7917986" lon="18.6969974">
    <ele>122</ele>
    <time>2026-07-05T07:20:38Z</time>
    <extensions>
     <gpxdata:distance>332.00</gpxdata:distance>
     <gpxdata:speed>5.050</gpxdata:speed>
    </extensions>
   </trkpt>
   <trkpt lat="47.7917596" lon="18.6970340">
    <ele>122</ele>
    <time>2026-07-05T07:20:39Z</time>
    <extensions>
     <gpxdata:distance>337.00</gpxdata:distance>
     <gpxdata:speed>5.078</gpxdata:speed>
    </extensions>
   </trkpt>
   <trkpt lat="47.7917202" lon="18.6970710">
    <ele>122</ele>
    <time>2026-07-05T07:20:40Z</time>
    <extensions>
     <gpxdata:distance>342.50</gpxdata:distance>
     <gpxdata:speed>5.125</gpxdata:speed>
    </extensions>
   </trkpt>
   <trkpt lat="47.7916803" lon="18.6971090">
    <ele>122</ele>
    <time>2026-07-05T07:20:41Z</time>
    <extensions>
     <gpxdata:distance>348.00</gpxdata:distance>
     <gpxdata:speed>5.194</gpxdata:speed>
    </extensions>
   </trkpt>
   <trkpt lat="47.7916403" lon="18.6971480">
    <ele>121</ele>
    <time>2026-07-05T07:20:42Z</time>
    <extensions>
     <gpxdata:distance>353.00</gpxdata:distance>
     <gpxdata:speed>5.261</gpxdata:speed>
    </extensions>
   </trkpt>
   <trkpt lat="47.7916010" lon="18.6971880">
    <ele>121</ele>
    <time>2026-07-05T07:20:43Z</time>
    <extensions>
     <gpxdata:distance>358.00</gpxdata:distance>
     <gpxdata:speed>5.308</gpxdata:speed>
    </extensions>
   </trkpt>
   <trkpt lat="47.7915654" lon="18.6972264">
    <ele>121</ele>
    <time>2026-07-05T07:20:44Z</time>
    <extensions>
     <gpxdata:distance>363.00</gpxdata:distance>
     <gpxdata:speed>5.306</gpxdata:speed>
    </extensions>
   </trkpt>
   <trkpt lat="47.7915372" lon="18.6972586">
    <ele>121</ele>
    <time>2026-07-05T07:20:45Z</time>
    <extensions>
     <gpxdata:distance>368.00</gpxdata:distance>
     <gpxdata:speed>4.811</gpxdata:speed>
    </extensions>
   </trkpt>
   <trkpt lat="47.7915168" lon="18.6972825">
    <ele>121</ele>
    <time>2026-07-05T07:20:46Z</time>
    <extensions>
     <gpxdata:distance>370.00</gpxdata:distance>
     <gpxdata:speed>3.817</gpxdata:speed>
    </extensions>
   </trkpt>
   <trkpt lat="47.7915079" lon="18.6972923">
    <ele>121</ele>
    <time>2026-07-05T07:20:47Z</time>
    <extensions>
     <gpxdata:distance>372.00</gpxdata:distance>
     <gpxdata:speed>2.769</gpxdata:speed>
    </extensions>
   </trkpt>
   <trkpt lat="47.7914959" lon="18.6973037">
    <ele>121</ele>
    <time>2026-07-05T07:20:48Z</time>
    <extensions>
     <gpxdata:distance>374.00</gpxdata:distance>
     <gpxdata:speed>2.214</gpxdata:speed>
    </extensions>
   </trkpt>
   <trkpt lat="47.7914811" lon="18.6973165">
    <ele>121</ele>
    <time>2026-07-05T07:20:49Z</time>
    <extensions>
     <gpxdata:distance>376.00</gpxdata:distance>
     <gpxdata:speed>2.131</gpxdata:speed>
    </extensions>
   </trkpt>
   <trkpt lat="47.7914633" lon="18.6973314">
    <ele>121</ele>
    <time>2026-07-05T07:20:50Z</time>
    <extensions>
     <gpxdata:distance>378.50</gpxdata:distance>
     <gpxdata:speed>2.333</gpxdata:speed>
    </extensions>
   </trkpt>
   <trkpt lat="47.7914426" lon="18.6973489">
    <ele>121</ele>
    <time>2026-07-05T07:20:51Z</time>
    <extensions>
     <gpxdata:distance>381.00</gpxdata:distance>
     <gpxdata:speed>2.631</gpxdata:speed>
    </extensions>
   </trkpt>
   <trkpt lat="47.7914195" lon="18.6973697">
    <ele>121</ele>
    <time>2026-07-05T07:20:52Z</time>
    <extensions>
     <gpxdata:distance>384.50</gpxdata:distance>
     <gpxdata:speed>2.931</gpxdata:speed>
    </extensions>
   </trkpt>
   <trkpt lat="47.7913786" lon="18.6974087">
    <ele>121</ele>
    <time>2026-07-05T07:20:53Z</time>
    <extensions>
     <gpxdata:distance>388.00</gpxdata:distance>
     <gpxdata:speed>3.242</gpxdata:speed>
    </extensions>
   </trkpt>
   <trkpt lat="47.7913477" lon="18.6974397">
    <ele>121</ele>
    <time>2026-07-05T07:20:54Z</time>
    <extensions>
     <gpxdata:distance>392.00</gpxdata:distance>
     <gpxdata:speed>3.536</gpxdata:speed>
    </extensions>
   </trkpt>
   <trkpt lat="47.7913180" lon="18.6974703">
    <ele>121</ele>
    <time>2026-07-05T07:20:55Z</time>
    <extensions>
     <gpxdata:distance>396.00</gpxdata:distance>
     <gpxdata:speed>3.686</gpxdata:speed>
    </extensions>
   </trkpt>
   <trkpt lat="47.7912880" lon="18.6975016">
    <ele>121</ele>
    <time>2026-07-05T07:20:56Z</time>
    <extensions>
     <gpxdata:distance>400.00</gpxdata:distance>
     <gpxdata:speed>3.906</gpxdata:speed>
    </extensions>
   </trkpt>
   <trkpt lat="47.7912571" lon="18.6975338">
    <ele>121</ele>
    <time>2026-07-05T07:20:57Z</time>
    <extensions>
     <gpxdata:distance>404.00</gpxdata:distance>
     <gpxdata:speed>4.047</gpxdata:speed>
    </extensions>
   </trkpt>
   <trkpt lat="47.7912251" lon="18.6975663">
    <ele>121</ele>
    <time>2026-07-05T07:20:58Z</time>
    <extensions>
     <gpxdata:distance>408.50</gpxdata:distance>
     <gpxdata:speed>4.183</gpxdata:speed>
    </extensions>
   </trkpt>
   <trkpt lat="47.7911920" lon="18.6975991">
    <ele>121</ele>
    <time>2026-07-05T07:20:59Z</time>
    <extensions>
     <gpxdata:distance>413.00</gpxdata:distance>
     <gpxdata:speed>4.308</gpxdata:speed>
    </extensions>
   </trkpt>
   <trkpt lat="47.7911590" lon="18.6976329">
    <ele>121</ele>
    <time>2026-07-05T07:21:00Z</time>
    <extensions>
     <gpxdata:distance>417.50</gpxdata:distance>
     <gpxdata:speed>4.417</gpxdata:speed>
    </extensions>
   </trkpt>
   <trkpt lat="47.7911253" lon="18.6976673">
    <ele>122</ele>
    <time>2026-07-05T07:21:01Z</time>
    <extensions>
     <gpxdata:distance>422.00</gpxdata:distance>
     <gpxdata:speed>4.442</gpxdata:speed>
    </extensions>
   </trkpt>
   <trkpt lat="47.7910909" lon="18.6977022">
    <ele>122</ele>
    <time>2026-07-05T07:21:02Z</time>
    <extensions>
     <gpxdata:distance>426.50</gpxdata:distance>
     <gpxdata:speed>4.544</gpxdata:speed>
    </extensions>
   </trkpt>
   <trkpt lat="47.7910557" lon="18.6977370">
    <ele>122</ele>
    <time>2026-07-05T07:21:03Z</time>
    <extensions>
     <gpxdata:distance>431.00</gpxdata:distance>
     <gpxdata:speed>4.631</gpxdata:speed>
    </extensions>
   </trkpt>
   <trkpt lat="47.7910197" lon="18.6977722">
    <ele>122</ele>
    <time>2026-07-05T07:21:04Z</time>
    <extensions>
     <gpxdata:distance>436.00</gpxdata:distance>
     <gpxdata:speed>4.694</gpxdata:speed>
    </extensions>
   </trkpt>
   <trkpt lat="47.7909836" lon="18.6978079">
    <ele>122</ele>
    <time>2026-07-05T07:21:05Z</time>
    <extensions>
     <gpxdata:distance>441.00</gpxdata:distance>
     <gpxdata:speed>4.753</gpxdata:speed>
    </extensions>
   </trkpt>
   <trkpt lat="47.7909472" lon="18.6978446">
    <ele>121</ele>
    <time>2026-07-05T07:21:06Z</time>
    <extensions>
     <gpxdata:distance>446.00</gpxdata:distance>
     <gpxdata:speed>4.792</gpxdata:speed>
    </extensions>
   </trkpt>
   <trkpt lat="47.7909107" lon="18.6978823">
    <ele>121</ele>
    <time>2026-07-05T07:21:07Z</time>
    <extensions>
     <gpxdata:distance>451.00</gpxdata:distance>
     <gpxdata:speed>4.844</gpxdata:speed>
    </extensions>
   </trkpt>
   <trkpt lat="47.7908744" lon="18.6979202">
    <ele>121</ele>
    <time>2026-07-05T07:21:08Z</time>
    <extensions>
     <gpxdata:distance>456.00</gpxdata:distance>
     <gpxdata:speed>4.894</gpxdata:speed>
    </extensions>
   </trkpt>
   <trkpt lat="47.7908377" lon="18.6979576">
    <ele>121</ele>
    <time>2026-07-05T07:21:09Z</time>
    <extensions>
     <gpxdata:distance>461.00</gpxdata:distance>
     <gpxdata:speed>4.914</gpxdata:speed>
    </extensions>
   </trkpt>
   <trkpt lat="47.7908004" lon="18.6979944">
    <ele>121</ele>
    <time>2026-07-05T07:21:10Z</time>
    <extensions>
     <gpxdata:distance>466.00</gpxdata:distance>
     <gpxdata:speed>4.933</gpxdata:speed>
    </extensions>
   </trkpt>
   <trkpt lat="47.7907624" lon="18.6980308">
    <ele>121</ele>
    <time>2026-07-05T07:21:11Z</time>
    <extensions>
     <gpxdata:distance>471.00</gpxdata:distance>
     <gpxdata:speed>4.964</gpxdata:speed>
    </extensions>
   </trkpt>
   <trkpt lat="47.7907243" lon="18.6980678">
    <ele>121</ele>
    <time>2026-07-05T07:21:12Z</time>
    <extensions>
     <gpxdata:distance>476.00</gpxdata:distance>
     <gpxdata:speed>4.997</gpxdata:speed>
    </extensions>
   </trkpt>
   <trkpt lat="47.7906863" lon="18.6981059">
    <ele>121</ele>
    <time>2026-07-05T07:21:13Z</time>
    <extensions>
     <gpxdata:distance>481.00</gpxdata:distance>
     <gpxdata:speed>5.025</gpxdata:speed>
    </extensions>
   </trkpt>
   <trkpt lat="47.7906484" lon="18.6981446">
    <ele>121</ele>
    <time>2026-07-05T07:21:14Z</time>
    <extensions>
     <gpxdata:distance>486.00</gpxdata:distance>
     <gpxdata:speed>5.064</gpxdata:speed>
    </extensions>
   </trkpt>
   <trkpt lat="47.7906104" lon="18.6981834">
    <ele>121</ele>
    <time>2026-07-05T07:21:15Z</time>
    <extensions>
     <gpxdata:distance>491.00</gpxdata:distance>
     <gpxdata:speed>5.081</gpxdata:speed>
    </extensions>
   </trkpt>
   <trkpt lat="47.7905724" lon="18.6982219">
    <ele>121</ele>
    <time>2026-07-05T07:21:16Z</time>
    <extensions>
     <gpxdata:distance>496.50</gpxdata:distance>
     <gpxdata:speed>5.103</gpxdata:speed>
    </extensions>
   </trkpt>
   <trkpt lat="47.7905351" lon="18.6982596">
    <ele>121</ele>
    <time>2026-07-05T07:21:17Z</time>
    <extensions>
     <gpxdata:distance>502.00</gpxdata:distance>
     <gpxdata:speed>5.106</gpxdata:speed>
    </extensions>
   </trkpt>
   <trkpt lat="47.7904987" lon="18.6982957">
    <ele>122</ele>
    <time>2026-07-05T07:21:18Z</time>
    <extensions>
     <gpxdata:distance>506.50</gpxdata:distance>
     <gpxdata:speed>5.058</gpxdata:speed>
    </extensions>
   </trkpt>
   <trkpt lat="47.7904628" lon="18.6983310">
    <ele>122</ele>
    <time>2026-07-05T07:21:19Z</time>
    <extensions>
     <gpxdata:distance>511.00</gpxdata:distance>
     <gpxdata:speed>4.969</gpxdata:speed>
    </extensions>
   </trkpt>
   <trkpt lat="47.7904278" lon="18.6983666">
    <ele>122</ele>
    <time>2026-07-05T07:21:20Z</time>
    <extensions>
     <gpxdata:distance>515.50</gpxdata:distance>
     <gpxdata:speed>4.897</gpxdata:speed>
    </extensions>
   </trkpt>
   <trkpt lat="47.7903935" lon="18.6984021">
    <ele>121</ele>
    <time>2026-07-05T07:21:21Z</time>
    <extensions>
     <gpxdata:distance>520.00</gpxdata:distance>
     <gpxdata:speed>4.825</gpxdata:speed>
    </extensions>
   </trkpt>
   <trkpt lat="47.7903594" lon="18.6984357">
    <ele>121</ele>
    <time>2026-07-05T07:21:22Z</time>
    <extensions>
     <gpxdata:distance>524.50</gpxdata:distance>
     <gpxdata:speed>4.753</gpxdata:speed>
    </extensions>
   </trkpt>
   <trkpt lat="47.7903257" lon="18.6984678">
    <ele>121</ele>
    <time>2026-07-05T07:21:23Z</time>
    <extensions>
     <gpxdata:distance>529.00</gpxdata:distance>
     <gpxdata:speed>4.669</gpxdata:speed>
    </extensions>
   </trkpt>
   <trkpt lat="47.7902939" lon="18.6985019">
    <ele>121</ele>
    <time>2026-07-05T07:21:24Z</time>
    <extensions>
     <gpxdata:distance>533.50</gpxdata:distance>
     <gpxdata:speed>4.575</gpxdata:speed>
    </extensions>
   </trkpt>
   <trkpt lat="47.7902636" lon="18.6985384">
    <ele>121</ele>
    <time>2026-07-05T07:21:25Z</time>
    <extensions>
     <gpxdata:distance>538.00</gpxdata:distance>
     <gpxdata:speed>4.447</gpxdata:speed>
    </extensions>
   </trkpt>
   <trkpt lat="47.7902323" lon="18.6985741">
    <ele>121</ele>
    <time>2026-07-05T07:21:26Z</time>
    <extensions>
     <gpxdata:distance>542.50</gpxdata:distance>
     <gpxdata:speed>4.389</gpxdata:speed>
    </extensions>
   </trkpt>
   <trkpt lat="47.7901989" lon="18.6986082">
    <ele>121</ele>
    <time>2026-07-05T07:21:27Z</time>
    <extensions>
     <gpxdata:distance>547.00</gpxdata:distance>
     <gpxdata:speed>4.422</gpxdata:speed>
    </extensions>
   </trkpt>
   <trkpt lat="47.7901643" lon="18.6986428">
    <ele>121</ele>
    <time>2026-07-05T07:21:28Z</time>
    <extensions>
     <gpxdata:distance>551.50</gpxdata:distance>
     <gpxdata:speed>4.500</gpxdata:speed>
    </extensions>
   </trkpt>
   <trkpt lat="47.7901290" lon="18.6986790">
    <ele>121</ele>
    <time>2026-07-05T07:21:29Z</time>
    <extensions>
     <gpxdata:distance>556.00</gpxdata:distance>
     <gpxdata:speed>4.581</gpxdata:speed>
    </extensions>
   </trkpt>
   <trkpt lat="47.7900929" lon="18.6987160">
    <ele>121</ele>
    <time>2026-07-05T07:21:30Z</time>
    <extensions>
     <gpxdata:distance>561.00</gpxdata:distance>
     <gpxdata:speed>4.667</gpxdata:speed>
    </extensions>
   </trkpt>
   <trkpt lat="47.7900561" lon="18.6987531">
    <ele>121</ele>
    <time>2026-07-05T07:21:31Z</time>
    <extensions>
     <gpxdata:distance>566.00</gpxdata:distance>
     <gpxdata:speed>4.756</gpxdata:speed>
    </extensions>
   </trkpt>
   <trkpt lat="47.7900186" lon="18.6987904">
    <ele>121</ele>
    <time>2026-07-05T07:21:32Z</time>
    <extensions>
     <gpxdata:distance>571.00</gpxdata:distance>
     <gpxdata:speed>4.831</gpxdata:speed>
    </extensions>
   </trkpt>
   <trkpt lat="47.7899804" lon="18.6988282">
    <ele>121</ele>
    <time>2026-07-05T07:21:33Z</time>
    <extensions>
     <gpxdata:distance>576.00</gpxdata:distance>
     <gpxdata:speed>4.903</gpxdata:speed>
    </extensions>
   </trkpt>
   <trkpt lat="47.7899420" lon="18.6988670">
    <ele>121</ele>
    <time>2026-07-05T07:21:34Z</time>
    <extensions>
     <gpxdata:distance>581.50</gpxdata:distance>
     <gpxdata:speed>4.994</gpxdata:speed>
    </extensions>
   </trkpt>
   <trkpt lat="47.7899034" lon="18.6989064">
    <ele>121</ele>
    <time>2026-07-05T07:21:35Z</time>
    <extensions>
     <gpxdata:distance>587.00</gpxdata:distance>
     <gpxdata:speed>5.069</gpxdata:speed>
    </extensions>
   </trkpt>
   <trkpt lat="47.7898645" lon="18.6989458">
    <ele>121</ele>
    <time>2026-07-05T07:21:36Z</time>
    <extensions>
     <gpxdata:distance>592.00</gpxdata:distance>
     <gpxdata:speed>5.156</gpxdata:speed>
    </extensions>
   </trkpt>
   <trkpt lat="47.7898252" lon="18.6989854">
    <ele>121</ele>
    <time>2026-07-05T07:21:37Z</time>
    <extensions>
     <gpxdata:distance>597.00</gpxdata:distance>
     <gpxdata:speed>5.206</gpxdata:speed>
    </extensions>
   </trkpt>
   <trkpt lat="47.7897859" lon="18.6990258">
    <ele>121</ele>
    <time>2026-07-05T07:21:38Z</time>
    <extensions>
     <gpxdata:distance>602.50</gpxdata:distance>
     <gpxdata:speed>5.244</gpxdata:speed>
    </extensions>
   </trkpt>
   <trkpt lat="47.7897465" lon="18.6990664">
    <ele>121</ele>
    <time>2026-07-05T07:21:39Z</time>
    <extensions>
     <gpxdata:distance>608.00</gpxdata:distance>
     <gpxdata:speed>5.275</gpxdata:speed>
    </extensions>
   </trkpt>
   <trkpt lat="47.7897066" lon="18.6991066">
    <ele>121</ele>
    <time>2026-07-05T07:21:40Z</time>
    <extensions>
     <gpxdata:distance>613.50</gpxdata:distance>
     <gpxdata:speed>5.300</gpxdata:speed>
    </extensions>
   </trkpt>
   <trkpt lat="47.7896659" lon="18.6991471">
    <ele>121</ele>
    <time>2026-07-05T07:21:41Z</time>
    <extensions>
     <gpxdata:distance>619.00</gpxdata:distance>
     <gpxdata:speed>5.336</gpxdata:speed>
    </extensions>
   </trkpt>
   <trkpt lat="47.7896249" lon="18.6991888">
    <ele>121</ele>
    <time>2026-07-05T07:21:42Z</time>
    <extensions>
     <gpxdata:distance>624.50</gpxdata:distance>
     <gpxdata:speed>5.386</gpxdata:speed>
    </extensions>
   </trkpt>
   <trkpt lat="47.7895838" lon="18.6992319">
    <ele>121</ele>
    <time>2026-07-05T07:21:43Z</time>
    <extensions>
     <gpxdata:distance>630.00</gpxdata:distance>
     <gpxdata:speed>5.450</gpxdata:speed>
    </extensions>
   </trkpt>
   <trkpt lat="47.7895426" lon="18.6992760">
    <ele>121</ele>
    <time>2026-07-05T07:21:44Z</time>
    <extensions>
     <gpxdata:distance>635.50</gpxdata:distance>
     <gpxdata:speed>5.511</gpxdata:speed>
    </extensions>
   </trkpt>
   <trkpt lat="47.7895011" lon="18.6993201">
    <ele>121</ele>
    <time>2026-07-05T07:21:45Z</time>
    <extensions>
     <gpxdata:distance>641.00</gpxdata:distance>
     <gpxdata:speed>5.567</gpxdata:speed>
    </extensions>
   </trkpt>
   <trkpt lat="47.7894591" lon="18.6993634">
    <ele>121</ele>
    <time>2026-07-05T07:21:46Z</time>
    <extensions>
     <gpxdata:distance>647.00</gpxdata:distance>
     <gpxdata:speed>5.606</gpxdata:speed>
    </extensions>
   </trkpt>
   <trkpt lat="47.7894163" lon="18.6994053">
    <ele>121</ele>
    <time>2026-07-05T07:21:47Z</time>
    <extensions>
     <gpxdata:distance>653.00</gpxdata:distance>
     <gpxdata:speed>5.636</gpxdata:speed>
    </extensions>
   </trkpt>
   <trkpt lat="47.7893728" lon="18.6994463">
    <ele>121</ele>
    <time>2026-07-05T07:21:48Z</time>
    <extensions>
     <gpxdata:distance>658.50</gpxdata:distance>
     <gpxdata:speed>5.667</gpxdata:speed>
    </extensions>
   </trkpt>
   <trkpt lat="47.7893291" lon="18.6994877">
    <ele>121</ele>
    <time>2026-07-05T07:21:49Z</time>
    <extensions>
     <gpxdata:distance>664.00</gpxdata:distance>
     <gpxdata:speed>5.692</gpxdata:speed>
    </extensions>
   </trkpt>
   <trkpt lat="47.7892855" lon="18.6995298">
    <ele>121</ele>
    <time>2026-07-05T07:21:50Z</time>
    <extensions>
     <gpxdata:distance>670.00</gpxdata:distance>
     <gpxdata:speed>5.725</gpxdata:speed>
    </extensions>
   </trkpt>
   <trkpt lat="47.7892417" lon="18.6995722">
    <ele>121</ele>
    <time>2026-07-05T07:21:51Z</time>
    <extensions>
     <gpxdata:distance>676.00</gpxdata:distance>
     <gpxdata:speed>5.750</gpxdata:speed>
    </extensions>
   </trkpt>
   <trkpt lat="47.7891979" lon="18.6996154">
    <ele>121</ele>
    <time>2026-07-05T07:21:52Z</time>
    <extensions>
     <gpxdata:distance>681.50</gpxdata:distance>
     <gpxdata:speed>5.778</gpxdata:speed>
    </extensions>
   </trkpt>
   <trkpt lat="47.7891540" lon="18.6996591">
    <ele>121</ele>
    <time>2026-07-05T07:21:53Z</time>
    <extensions>
     <gpxdata:distance>687.00</gpxdata:distance>
     <gpxdata:speed>5.803</gpxdata:speed>
    </extensions>
   </trkpt>
   <trkpt lat="47.7891100" lon="18.6997031">
    <ele>121</ele>
    <time>2026-07-05T07:21:54Z</time>
    <extensions>
     <gpxdata:distance>693.00</gpxdata:distance>
     <gpxdata:speed>5.836</gpxdata:speed>
    </extensions>
   </trkpt>
   <trkpt lat="47.7890660" lon="18.6997470">
    <ele>121</ele>
    <time>2026-07-05T07:21:55Z</time>
    <extensions>
     <gpxdata:distance>699.00</gpxdata:distance>
     <gpxdata:speed>5.858</gpxdata:speed>
    </extensions>
   </trkpt>
   <trkpt lat="47.7890220" lon="18.6997905">
    <ele>121</ele>
    <time>2026-07-05T07:21:56Z</time>
    <extensions>
     <gpxdata:distance>705.00</gpxdata:distance>
     <gpxdata:speed>5.875</gpxdata:speed>
    </extensions>
   </trkpt>
   <trkpt lat="47.7889782" lon="18.6998338">
    <ele>121</ele>
    <time>2026-07-05T07:21:57Z</time>
    <extensions>
     <gpxdata:distance>711.00</gpxdata:distance>
     <gpxdata:speed>5.872</gpxdata:speed>
    </extensions>
   </trkpt>
   <trkpt lat="47.7889352" lon="18.6998771">
    <ele>121</ele>
    <time>2026-07-05T07:21:58Z</time>
    <extensions>
     <gpxdata:distance>717.00</gpxdata:distance>
     <gpxdata:speed>5.858</gpxdata:speed>
    </extensions>
   </trkpt>
   <trkpt lat="47.7888925" lon="18.6999206">
    <ele>121</ele>
    <time>2026-07-05T07:21:59Z</time>
    <extensions>
     <gpxdata:distance>723.00</gpxdata:distance>
     <gpxdata:speed>5.825</gpxdata:speed>
    </extensions>
   </trkpt>
   <trkpt lat="47.7888502" lon="18.6999639">
    <ele>121</ele>
    <time>2026-07-05T07:22:00Z</time>
    <extensions>
     <gpxdata:distance>728.50</gpxdata:distance>
     <gpxdata:speed>5.797</gpxdata:speed>
    </extensions>
   </trkpt>
   <trkpt lat="47.7888085" lon="18.7000079">
    <ele>121</ele>
    <time>2026-07-05T07:22:01Z</time>
    <extensions>
     <gpxdata:distance>734.00</gpxdata:distance>
     <gpxdata:speed>5.764</gpxdata:speed>
    </extensions>
   </trkpt>
   <trkpt lat="47.7887668" lon="18.7000528">
    <ele>121</ele>
    <time>2026-07-05T07:22:02Z</time>
    <extensions>
     <gpxdata:distance>739.50</gpxdata:distance>
     <gpxdata:speed>5.736</gpxdata:speed>
    </extensions>
   </trkpt>
   <trkpt lat="47.7887242" lon="18.7000963">
    <ele>121</ele>
    <time>2026-07-05T07:22:03Z</time>
    <extensions>
     <gpxdata:distance>745.00</gpxdata:distance>
     <gpxdata:speed>5.739</gpxdata:speed>
    </extensions>
   </trkpt>
   <trkpt lat="47.7886804" lon="18.7001381">
    <ele>121</ele>
    <time>2026-07-05T07:22:04Z</time>
    <extensions>
     <gpxdata:distance>751.00</gpxdata:distance>
     <gpxdata:speed>5.750</gpxdata:speed>
    </extensions>
   </trkpt>
   <trkpt lat="47.7886359" lon="18.7001801">
    <ele>121</ele>
    <time>2026-07-05T07:22:05Z</time>
    <extensions>
     <gpxdata:distance>757.00</gpxdata:distance>
     <gpxdata:speed>5.772</gpxdata:speed>
    </extensions>
   </trkpt>
   <trkpt lat="47.7885913" lon="18.7002228">
    <ele>121</ele>
    <time>2026-07-05T07:22:06Z</time>
    <extensions>
     <gpxdata:distance>763.00</gpxdata:distance>
     <gpxdata:speed>5.814</gpxdata:speed>
    </extensions>
   </trkpt>
   <trkpt lat="47.7885466" lon="18.7002662">
    <ele>121</ele>
    <time>2026-07-05T07:22:07Z</time>
    <extensions>
     <gpxdata:distance>769.00</gpxdata:distance>
     <gpxdata:speed>5.850</gpxdata:speed>
    </extensions>
   </trkpt>
   <trkpt lat="47.7885021" lon="18.7003109">
    <ele>121</ele>
    <time>2026-07-05T07:22:08Z</time>
    <extensions>
     <gpxdata:distance>775.00</gpxdata:distance>
     <gpxdata:speed>5.886</gpxdata:speed>
    </extensions>
   </trkpt>
   <trkpt lat="47.7884583" lon="18.7003561">
    <ele>121</ele>
    <time>2026-07-05T07:22:09Z</time>
    <extensions>
     <gpxdata:distance>781.00</gpxdata:distance>
     <gpxdata:speed>5.919</gpxdata:speed>
    </extensions>
   </trkpt>
   <trkpt lat="47.7884153" lon="18.7004008">
    <ele>121</ele>
    <time>2026-07-05T07:22:10Z</time>
    <extensions>
     <gpxdata:distance>786.50</gpxdata:distance>
     <gpxdata:speed>5.919</gpxdata:speed>
    </extensions>
   </trkpt>
   <trkpt lat="47.7883733" lon="18.7004452">
    <ele>121</ele>
    <time>2026-07-05T07:22:11Z</time>
    <extensions>
     <gpxdata:distance>792.00</gpxdata:distance>
     <gpxdata:speed>5.872</gpxdata:speed>
    </extensions>
   </trkpt>
   <trkpt lat="47.7883312" lon="18.7004884">
    <ele>120</ele>
    <time>2026-07-05T07:22:12Z</time>
    <extensions>
     <gpxdata:distance>798.00</gpxdata:distance>
     <gpxdata:speed>5.814</gpxdata:speed>
    </extensions>
   </trkpt>
   <trkpt lat="47.7882885" lon="18.7005303">
    <ele>120</ele>
    <time>2026-07-05T07:22:13Z</time>
    <extensions>
     <gpxdata:distance>804.00</gpxdata:distance>
     <gpxdata:speed>5.767</gpxdata:speed>
    </extensions>
   </trkpt>
   <trkpt lat="47.7882454" lon="18.7005721">
    <ele>121</ele>
    <time>2026-07-05T07:22:14Z</time>
    <extensions>
     <gpxdata:distance>809.50</gpxdata:distance>
     <gpxdata:speed>5.750</gpxdata:speed>
    </extensions>
   </trkpt>
   <trkpt lat="47.7882023" lon="18.7006149">
    <ele>121</ele>
    <time>2026-07-05T07:22:15Z</time>
    <extensions>
     <gpxdata:distance>815.00</gpxdata:distance>
     <gpxdata:speed>5.744</gpxdata:speed>
    </extensions>
   </trkpt>
   <trkpt lat="47.7881592" lon="18.7006581">
    <ele>121</ele>
    <time>2026-07-05T07:22:16Z</time>
    <extensions>
     <gpxdata:distance>821.00</gpxdata:distance>
     <gpxdata:speed>5.758</gpxdata:speed>
    </extensions>
   </trkpt>
   <trkpt lat="47.7881163" lon="18.7007017">
    <ele>121</ele>
    <time>2026-07-05T07:22:17Z</time>
    <extensions>
     <gpxdata:distance>827.00</gpxdata:distance>
     <gpxdata:speed>5.772</gpxdata:speed>
    </extensions>
   </trkpt>
   <trkpt lat="47.7880738" lon="18.7007452">
    <ele>121</ele>
    <time>2026-07-05T07:22:18Z</time>
    <extensions>
     <gpxdata:distance>832.50</gpxdata:distance>
     <gpxdata:speed>5.772</gpxdata:speed>
    </extensions>
   </trkpt>
   <trkpt lat="47.7880322" lon="18.7007884">
    <ele>121</ele>
    <time>2026-07-05T07:22:19Z</time>
    <extensions>
     <gpxdata:distance>838.00</gpxdata:distance>
     <gpxdata:speed>5.750</gpxdata:speed>
    </extensions>
   </trkpt>
   <trkpt lat="47.7879924" lon="18.7008324">
    <ele>121</ele>
    <time>2026-07-05T07:22:20Z</time>
    <extensions>
     <gpxdata:distance>843.50</gpxdata:distance>
     <gpxdata:speed>5.697</gpxdata:speed>
    </extensions>
   </trkpt>
   <trkpt lat="47.7879564" lon="18.7008793">
    <ele>121</ele>
    <time>2026-07-05T07:22:21Z</time>
    <extensions>
     <gpxdata:distance>849.00</gpxdata:distance>
     <gpxdata:speed>5.619</gpxdata:speed>
    </extensions>
   </trkpt>
   <trkpt lat="47.7879241" lon="18.7009300">
    <ele>121</ele>
    <time>2026-07-05T07:22:22Z</time>
    <extensions>
     <gpxdata:distance>854.00</gpxdata:distance>
     <gpxdata:speed>5.500</gpxdata:speed>
    </extensions>
   </trkpt>
   <trkpt lat="47.7878935" lon="18.7009836">
    <ele>121</ele>
    <time>2026-07-05T07:22:23Z</time>
    <extensions>
     <gpxdata:distance>859.00</gpxdata:distance>
     <gpxdata:speed>5.406</gpxdata:speed>
    </extensions>
   </trkpt>
   <trkpt lat="47.7878633" lon="18.7010390">
    <ele>121</ele>
    <time>2026-07-05T07:22:24Z</time>
    <extensions>
     <gpxdata:distance>864.50</gpxdata:distance>
     <gpxdata:speed>5.367</gpxdata:speed>
    </extensions>
   </trkpt>
   <trkpt lat="47.7878324" lon="18.7010948">
    <ele>121</ele>
    <time>2026-07-05T07:22:25Z</time>
    <extensions>
     <gpxdata:distance>870.00</gpxdata:distance>
     <gpxdata:speed>5.372</gpxdata:speed>
    </extensions>
   </trkpt>
   <trkpt lat="47.7878003" lon="18.7011504">
    <ele>121</ele>
    <time>2026-07-05T07:22:26Z</time>
    <extensions>
     <gpxdata:distance>875.50</gpxdata:distance>
     <gpxdata:speed>5.389</gpxdata:speed>
    </extensions>
   </trkpt>
   <trkpt lat="47.7877667" lon="18.7012056">
    <ele>121</ele>
    <time>2026-07-05T07:22:27Z</time>
    <extensions>
     <gpxdata:distance>881.00</gpxdata:distance>
     <gpxdata:speed>5.431</gpxdata:speed>
    </extensions>
   </trkpt>
   <trkpt lat="47.7877321" lon="18.7012608">
    <ele>121</ele>
    <time>2026-07-05T07:22:28Z</time>
    <extensions>
     <gpxdata:distance>887.00</gpxdata:distance>
     <gpxdata:speed>5.489</gpxdata:speed>
    </extensions>
   </trkpt>
   <trkpt lat="47.7876969" lon="18.7013162">
    <ele>121</ele>
    <time>2026-07-05T07:22:29Z</time>
    <extensions>
     <gpxdata:distance>893.00</gpxdata:distance>
     <gpxdata:speed>5.550</gpxdata:speed>
    </extensions>
   </trkpt>
   <trkpt lat="47.7876615" lon="18.7013714">
    <ele>121</ele>
    <time>2026-07-05T07:22:30Z</time>
    <extensions>
     <gpxdata:distance>898.50</gpxdata:distance>
     <gpxdata:speed>5.606</gpxdata:speed>
    </extensions>
   </trkpt>
   <trkpt lat="47.7876268" lon="18.7014271">
    <ele>121</ele>
    <time>2026-07-05T07:22:31Z</time>
    <extensions>
     <gpxdata:distance>904.00</gpxdata:distance>
     <gpxdata:speed>5.639</gpxdata:speed>
    </extensions>
   </trkpt>
   <trkpt lat="47.7875933" lon="18.7014834">
    <ele>121</ele>
    <time>2026-07-05T07:22:32Z</time>
    <extensions>
     <gpxdata:distance>909.50</gpxdata:distance>
     <gpxdata:speed>5.647</gpxdata:speed>
    </extensions>
   </trkpt>
   <trkpt lat="47.7875613" lon="18.7015406">
    <ele>121</ele>
    <time>2026-07-05T07:22:33Z</time>
    <extensions>
     <gpxdata:distance>915.00</gpxdata:distance>
     <gpxdata:speed>5.636</gpxdata:speed>
    </extensions>
   </trkpt>
   <trkpt lat="47.7875317" lon="18.7015980">
    <ele>121</ele>
    <time>2026-07-05T07:22:34Z</time>
    <extensions>
     <gpxdata:distance>920.50</gpxdata:distance>
     <gpxdata:speed>5.600</gpxdata:speed>
    </extensions>
   </trkpt>
   <trkpt lat="47.7875041" lon="18.7016541">
    <ele>121</ele>
    <time>2026-07-05T07:22:35Z</time>
    <extensions>
     <gpxdata:distance>926.00</gpxdata:distance>
     <gpxdata:speed>5.517</gpxdata:speed>
    </extensions>
   </trkpt>
   <trkpt lat="47.7874774" lon="18.7017071">
    <ele>121</ele>
    <time>2026-07-05T07:22:36Z</time>
    <extensions>
     <gpxdata:distance>931.00</gpxdata:distance>
     <gpxdata:speed>5.375</gpxdata:speed>
    </extensions>
   </trkpt>
   <trkpt lat="47.7874505" lon="18.7017577">
    <ele>121</ele>
    <time>2026-07-05T07:22:37Z</time>
    <extensions>
     <gpxdata:distance>936.00</gpxdata:distance>
     <gpxdata:speed>5.197</gpxdata:speed>
    </extensions>
   </trkpt>
   <trkpt lat="47.7874218" lon="18.7018051">
    <ele>121</ele>
    <time>2026-07-05T07:22:38Z</time>
    <extensions>
     <gpxdata:distance>940.50</gpxdata:distance>
     <gpxdata:speed>5.056</gpxdata:speed>
    </extensions>
   </trkpt>
   <trkpt lat="47.7873911" lon="18.7018484">
    <ele>121</ele>
    <time>2026-07-05T07:22:39Z</time>
    <extensions>
     <gpxdata:distance>945.00</gpxdata:distance>
     <gpxdata:speed>4.961</gpxdata:speed>
    </extensions>
   </trkpt>
   <trkpt lat="47.7873591" lon="18.7018898">
    <ele>121</ele>
    <time>2026-07-05T07:22:40Z</time>
    <extensions>
     <gpxdata:distance>950.00</gpxdata:distance>
     <gpxdata:speed>4.875</gpxdata:speed>
    </extensions>
   </trkpt>
   <trkpt lat="47.7873270" lon="18.7019324">
    <ele>121</ele>
    <time>2026-07-05T07:22:41Z</time>
    <extensions>
     <gpxdata:distance>955.00</gpxdata:distance>
     <gpxdata:speed>4.825</gpxdata:speed>
    </extensions>
   </trkpt>
   <trkpt lat="47.7872952" lon="18.7019786">
    <ele>121</ele>
    <time>2026-07-05T07:22:42Z</time>
    <extensions>
     <gpxdata:distance>960.00</gpxdata:distance>
     <gpxdata:speed>4.825</gpxdata:speed>
    </extensions>
   </trkpt>
   <trkpt lat="47.7872640" lon="18.7020280">
    <ele>121</ele>
    <time>2026-07-05T07:22:43Z</time>
    <extensions>
     <gpxdata:distance>965.00</gpxdata:distance>
     <gpxdata:speed>4.892</gpxdata:speed>
    </extensions>
   </trkpt>
   <trkpt lat="47.7872326" lon="18.7020801">
    <ele>121</ele>
    <time>2026-07-05T07:22:44Z</time>
    <extensions>
     <gpxdata:distance>970.00</gpxdata:distance>
     <gpxdata:speed>4.969</gpxdata:speed>
    </extensions>
   </trkpt>
   <trkpt lat="47.7872008" lon="18.7021342">
    <ele>121</ele>
    <time>2026-07-05T07:22:45Z</time>
    <extensions>
     <gpxdata:distance>975.00</gpxdata:distance>
     <gpxdata:speed>5.078</gpxdata:speed>
    </extensions>
   </trkpt>
   <trkpt lat="47.7871685" lon="18.7021901">
    <ele>121</ele>
    <time>2026-07-05T07:22:46Z</time>
    <extensions>
     <gpxdata:distance>980.50</gpxdata:distance>
     <gpxdata:speed>5.197</gpxdata:speed>
    </extensions>
   </trkpt>
   <trkpt lat="47.7871362" lon="18.7022473">
    <ele>121</ele>
    <time>2026-07-05T07:22:47Z</time>
    <extensions>
     <gpxdata:distance>986.00</gpxdata:distance>
     <gpxdata:speed>5.325</gpxdata:speed>
    </extensions>
   </trkpt>
   <trkpt lat="47.7871037" lon="18.7023045">
    <ele>121</ele>
    <time>2026-07-05T07:22:48Z</time>
    <extensions>
     <gpxdata:distance>992.00</gpxdata:distance>
     <gpxdata:speed>5.422</gpxdata:speed>
    </extensions>
   </trkpt>
   <trkpt lat="47.7870704" lon="18.7023610">
    <ele>121</ele>
    <time>2026-07-05T07:22:49Z</time>
    <extensions>
     <gpxdata:distance>998.00</gpxdata:distance>
     <gpxdata:speed>5.481</gpxdata:speed>
    </extensions>
   </trkpt>
   <trkpt lat="47.7870360" lon="18.7024163">
    <ele>121</ele>
    <time>2026-07-05T07:22:50Z</time>
    <extensions>
     <gpxdata:distance>1003.50</gpxdata:distance>
     <gpxdata:speed>5.536</gpxdata:speed>
    </extensions>
   </trkpt>
   <trkpt lat="47.7870005" lon="18.7024710">
    <ele>121</ele>
    <time>2026-07-05T07:22:51Z</time>
    <extensions>
     <gpxdata:distance>1009.00</gpxdata:distance>
     <gpxdata:speed>5.575</gpxdata:speed>
    </extensions>
   </trkpt>
   <trkpt lat="47.7869648" lon="18.7025257">
    <ele>121</ele>
    <time>2026-07-05T07:22:52Z</time>
    <extensions>
     <gpxdata:distance>1014.50</gpxdata:distance>
     <gpxdata:speed>5.622</gpxdata:speed>
    </extensions>
   </trkpt>
   <trkpt lat="47.7869290" lon="18.7025808">
    <ele>121</ele>
    <time>2026-07-05T07:22:53Z</time>
    <extensions>
     <gpxdata:distance>1020.00</gpxdata:distance>
     <gpxdata:speed>5.656</gpxdata:speed>
    </extensions>
   </trkpt>
   <trkpt lat="47.7868937" lon="18.7026363">
    <ele>121</ele>
    <time>2026-07-05T07:22:54Z</time>
    <extensions>
     <gpxdata:distance>1026.00</gpxdata:distance>
     <gpxdata:speed>5.686</gpxdata:speed>
    </extensions>
   </trkpt>
   <trkpt lat="47.7868594" lon="18.7026927">
    <ele>121</ele>
    <time>2026-07-05T07:22:55Z</time>
    <extensions>
     <gpxdata:distance>1032.00</gpxdata:distance>
     <gpxdata:speed>5.694</gpxdata:speed>
    </extensions>
   </trkpt>
   <trkpt lat="47.7868254" lon="18.7027487">
    <ele>121</ele>
    <time>2026-07-05T07:22:56Z</time>
    <extensions>
     <gpxdata:distance>1037.50</gpxdata:distance>
     <gpxdata:speed>5.689</gpxdata:speed>
    </extensions>
   </trkpt>
   <trkpt lat="47.7867910" lon="18.7028036">
    <ele>121</ele>
    <time>2026-07-05T07:22:57Z</time>
    <extensions>
     <gpxdata:distance>1043.00</gpxdata:distance>
     <gpxdata:speed>5.664</gpxdata:speed>
    </extensions>
   </trkpt>
   <trkpt lat="47.7867574" lon="18.7028594">
    <ele>121</ele>
    <time>2026-07-05T07:22:58Z</time>
    <extensions>
     <gpxdata:distance>1048.50</gpxdata:distance>
     <gpxdata:speed>5.647</gpxdata:speed>
    </extensions>
   </trkpt>
   <trkpt lat="47.7867254" lon="18.7029169">
    <ele>121</ele>
    <time>2026-07-05T07:22:59Z</time>
    <extensions>
     <gpxdata:distance>1054.00</gpxdata:distance>
     <gpxdata:speed>5.636</gpxdata:speed>
    </extensions>
   </trkpt>
   <trkpt lat="47.7866949" lon="18.7029757">
    <ele>122</ele>
    <time>2026-07-05T07:23:00Z</time>
    <extensions>
     <gpxdata:distance>1059.50</gpxdata:distance>
     <gpxdata:speed>5.617</gpxdata:speed>
    </extensions>
   </trkpt>
   <trkpt lat="47.7866654" lon="18.7030350">
    <ele>122</ele>
    <time>2026-07-05T07:23:01Z</time>
    <extensions>
     <gpxdata:distance>1065.00</gpxdata:distance>
     <gpxdata:speed>5.594</gpxdata:speed>
    </extensions>
   </trkpt>
   <trkpt lat="47.7866361" lon="18.7030941">
    <ele>122</ele>
    <time>2026-07-05T07:23:02Z</time>
    <extensions>
     <gpxdata:distance>1070.50</gpxdata:distance>
     <gpxdata:speed>5.561</gpxdata:speed>
    </extensions>
   </trkpt>
   <trkpt lat="47.7866058" lon="18.7031518">
    <ele>122</ele>
    <time>2026-07-05T07:23:03Z</time>
    <extensions>
     <gpxdata:distance>1076.00</gpxdata:distance>
     <gpxdata:speed>5.533</gpxdata:speed>
    </extensions>
   </trkpt>
   <trkpt lat="47.7865744" lon="18.7032080">
    <ele>122</ele>
    <time>2026-07-05T07:23:04Z</time>
    <extensions>
     <gpxdata:distance>1081.50</gpxdata:distance>
     <gpxdata:speed>5.517</gpxdata:speed>
    </extensions>
   </trkpt>
   <trkpt lat="47.7865423" lon="18.7032632">
    <ele>122</ele>
    <time>2026-07-05T07:23:05Z</time>
    <extensions>
     <gpxdata:distance>1087.00</gpxdata:distance>
     <gpxdata:speed>5.494</gpxdata:speed>
    </extensions>
   </trkpt>
   <trkpt lat="47.7865098" lon="18.7033176">
    <ele>122</ele>
    <time>2026-07-05T07:23:06Z</time>
    <extensions>
     <gpxdata:distance>1092.50</gpxdata:distance>
     <gpxdata:speed>5.483</gpxdata:speed>
    </extensions>
   </trkpt>
   <trkpt lat="47.7864771" lon="18.7033722">
    <ele>121</ele>
    <time>2026-07-05T07:23:07Z</time>
    <extensions>
     <gpxdata:distance>1098.00</gpxdata:distance>
     <gpxdata:speed>5.467</gpxdata:speed>
    </extensions>
   </trkpt>
   <trkpt lat="47.7864452" lon="18.7034285">
    <ele>121</ele>
    <time>2026-07-05T07:23:08Z</time>
    <extensions>
     <gpxdata:distance>1103.50</gpxdata:distance>
     <gpxdata:speed>5.472</gpxdata:speed>
    </extensions>
   </trkpt>
   <trkpt lat="47.7864131" lon="18.7034852">
    <ele>121</ele>
    <time>2026-07-05T07:23:09Z</time>
    <extensions>
     <gpxdata:distance>1109.00</gpxdata:distance>
     <gpxdata:speed>5.492</gpxdata:speed>
    </extensions>
   </trkpt>
   <trkpt lat="47.7863803" lon="18.7035409">
    <ele>121</ele>
    <time>2026-07-05T07:23:10Z</time>
    <extensions>
     <gpxdata:distance>1114.50</gpxdata:distance>
     <gpxdata:speed>5.517</gpxdata:speed>
    </extensions>
   </trkpt>
   <trkpt lat="47.7863470" lon="18.7035960">
    <ele>121</ele>
    <time>2026-07-05T07:23:11Z</time>
    <extensions>
     <gpxdata:distance>1120.00</gpxdata:distance>
     <gpxdata:speed>5.517</gpxdata:speed>
    </extensions>
   </trkpt>
   <trkpt lat="47.7863138" lon="18.7036517">
    <ele>121</ele>
    <time>2026-07-05T07:23:12Z</time>
    <extensions>
     <gpxdata:distance>1125.50</gpxdata:distance>
     <gpxdata:speed>5.531</gpxdata:speed>
    </extensions>
   </trkpt>
   <trkpt lat="47.7862811" lon="18.7037087">
    <ele>122</ele>
    <time>2026-07-05T07:23:13Z</time>
    <extensions>
     <gpxdata:distance>1131.00</gpxdata:distance>
     <gpxdata:speed>5.547</gpxdata:speed>
    </extensions>
   </trkpt>
   <trkpt lat="47.7862499" lon="18.7037674">
    <ele>122</ele>
    <time>2026-07-05T07:23:14Z</time>
    <extensions>
     <gpxdata:distance>1137.00</gpxdata:distance>
     <gpxdata:speed>5.572</gpxdata:speed>
    </extensions>
   </trkpt>
   <trkpt lat="47.7862210" lon="18.7038280">
    <ele>122</ele>
    <time>2026-07-05T07:23:15Z</time>
    <extensions>
     <gpxdata:distance>1143.00</gpxdata:distance>
     <gpxdata:speed>5.583</gpxdata:speed>
    </extensions>
   </trkpt>
   <trkpt lat="47.7861947" lon="18.7038906">
    <ele>122</ele>
    <time>2026-07-05T07:23:16Z</time>
    <extensions>
     <gpxdata:distance>1148.50</gpxdata:distance>
     <gpxdata:speed>5.569</gpxdata:speed>
    </extensions>
   </trkpt>
   <trkpt lat="47.7861708" lon="18.7039548">
    <ele>122</ele>
    <time>2026-07-05T07:23:17Z</time>
    <extensions>
     <gpxdata:distance>1154.00</gpxdata:distance>
     <gpxdata:speed>5.553</gpxdata:speed>
    </extensions>
   </trkpt>
   <trkpt lat="47.7861495" lon="18.7040206">
    <ele>122</ele>
    <time>2026-07-05T07:23:18Z</time>
    <extensions>
     <gpxdata:distance>1159.50</gpxdata:distance>
     <gpxdata:speed>5.528</gpxdata:speed>
    </extensions>
   </trkpt>
   <trkpt lat="47.7861313" lon="18.7040884">
    <ele>122</ele>
    <time>2026-07-05T07:23:19Z</time>
    <extensions>
     <gpxdata:distance>1165.00</gpxdata:distance>
     <gpxdata:speed>5.503</gpxdata:speed>
    </extensions>
   </trkpt>
   <trkpt lat="47.7861166" lon="18.7041576">
    <ele>122</ele>
    <time>2026-07-05T07:23:20Z</time>
    <extensions>
     <gpxdata:distance>1170.00</gpxdata:distance>
     <gpxdata:speed>5.494</gpxdata:speed>
    </extensions>
   </trkpt>
   <trkpt lat="47.7861053" lon="18.7042284">
    <ele>122</ele>
    <time>2026-07-05T07:23:21Z</time>
    <extensions>
     <gpxdata:distance>1175.00</gpxdata:distance>
     <gpxdata:speed>5.472</gpxdata:speed>
    </extensions>
   </trkpt>
   <trkpt lat="47.7860970" lon="18.7043007">
    <ele>122</ele>
    <time>2026-07-05T07:23:22Z</time>
    <extensions>
     <gpxdata:distance>1180.50</gpxdata:distance>
     <gpxdata:speed>5.467</gpxdata:speed>
    </extensions>
   </trkpt>
   <trkpt lat="47.7860916" lon="18.7043743">
    <ele>122</ele>
    <time>2026-07-05T07:23:23Z</time>
    <extensions>
     <gpxdata:distance>1186.00</gpxdata:distance>
     <gpxdata:speed>5.486</gpxdata:speed>
    </extensions>
   </trkpt>
   <trkpt lat="47.7860895" lon="18.7044491">
    <ele>122</ele>
    <time>2026-07-05T07:23:24Z</time>
    <extensions>
     <gpxdata:distance>1192.00</gpxdata:distance>
     <gpxdata:speed>5.511</gpxdata:speed>
    </extensions>
   </trkpt>
   <trkpt lat="47.7860911" lon="18.7045244">
    <ele>122</ele>
    <time>2026-07-05T07:23:25Z</time>
    <extensions>
     <gpxdata:distance>1198.00</gpxdata:distance>
     <gpxdata:speed>5.550</gpxdata:speed>
    </extensions>
   </trkpt>
   <trkpt lat="47.7860960" lon="18.7045978">
    <ele>122</ele>
    <time>2026-07-05T07:23:26Z</time>
    <extensions>
     <gpxdata:distance>1203.50</gpxdata:distance>
     <gpxdata:speed>5.586</gpxdata:speed>
    </extensions>
   </trkpt>
   <trkpt lat="47.7861003" lon="18.7046658">
    <ele>122</ele>
    <time>2026-07-05T07:23:27Z</time>
    <extensions>
     <gpxdata:distance>1209.00</gpxdata:distance>
     <gpxdata:speed>5.544</gpxdata:speed>
    </extensions>
   </trkpt>
   <trkpt lat="47.7861024" lon="18.7047271">
    <ele>122</ele>
    <time>2026-07-05T07:23:28Z</time>
    <extensions>
     <gpxdata:distance>1213.00</gpxdata:distance>
     <gpxdata:speed>5.047</gpxdata:speed>
    </extensions>
   </trkpt>
   <trkpt lat="47.7861062" lon="18.7047838">
    <ele>122</ele>
    <time>2026-07-05T07:23:29Z</time>
    <extensions>
     <gpxdata:distance>1217.00</gpxdata:distance>
     <gpxdata:speed>4.553</gpxdata:speed>
    </extensions>
   </trkpt>
   <trkpt lat="47.7861148" lon="18.7048376">
    <ele>122</ele>
    <time>2026-07-05T07:23:30Z</time>
    <extensions>
     <gpxdata:distance>1221.00</gpxdata:distance>
     <gpxdata:speed>4.311</gpxdata:speed>
    </extensions>
   </trkpt>
   <trkpt lat="47.7861290" lon="18.7048896">
    <ele>122</ele>
    <time>2026-07-05T07:23:31Z</time>
    <extensions>
     <gpxdata:distance>1225.00</gpxdata:distance>
     <gpxdata:speed>4.275</gpxdata:speed>
    </extensions>
   </trkpt>
   <trkpt lat="47.7861474" lon="18.7049413">
    <ele>122</ele>
    <time>2026-07-05T07:23:32Z</time>
    <extensions>
     <gpxdata:distance>1229.50</gpxdata:distance>
     <gpxdata:speed>4.344</gpxdata:speed>
    </extensions>
   </trkpt>
   <trkpt lat="47.7861679" lon="18.7049939">
    <ele>122</ele>
    <time>2026-07-05T07:23:33Z</time>
    <extensions>
     <gpxdata:distance>1234.00</gpxdata:distance>
     <gpxdata:speed>4.464</gpxdata:speed>
    </extensions>
   </trkpt>
   <trkpt lat="47.7861893" lon="18.7050479">
    <ele>122</ele>
    <time>2026-07-05T07:23:34Z</time>
    <extensions>
     <gpxdata:distance>1239.00</gpxdata:distance>
     <gpxdata:speed>4.567</gpxdata:speed>
    </extensions>
   </trkpt>
   <trkpt lat="47.7862112" lon="18.7051025">
    <ele>122</ele>
    <time>2026-07-05T07:23:35Z</time>
    <extensions>
     <gpxdata:distance>1244.00</gpxdata:distance>
     <gpxdata:speed>4.678</gpxdata:speed>
    </extensions>
   </trkpt>
   <trkpt lat="47.7862335" lon="18.7051574">
    <ele>122</ele>
    <time>2026-07-05T07:23:36Z</time>
    <extensions>
     <gpxdata:distance>1248.50</gpxdata:distance>
     <gpxdata:speed>4.694</gpxdata:speed>
    </extensions>
   </trkpt>
   <trkpt lat="47.7862563" lon="18.7052128">
    <ele>122</ele>
    <time>2026-07-05T07:23:37Z</time>
    <extensions>
     <gpxdata:distance>1253.00</gpxdata:distance>
     <gpxdata:speed>4.714</gpxdata:speed>
    </extensions>
   </trkpt>
   <trkpt lat="47.7862792" lon="18.7052687">
    <ele>122</ele>
    <time>2026-07-05T07:23:38Z</time>
    <extensions>
     <gpxdata:distance>1258.00</gpxdata:distance>
     <gpxdata:speed>4.772</gpxdata:speed>
    </extensions>
   </trkpt>
   <trkpt lat="47.7863020" lon="18.7053247">
    <ele>122</ele>
    <time>2026-07-05T07:23:39Z</time>
    <extensions>
     <gpxdata:distance>1263.00</gpxdata:distance>
     <gpxdata:speed>4.828</gpxdata:speed>
    </extensions>
   </trkpt>
   <trkpt lat="47.7863245" lon="18.7053809">
    <ele>122</ele>
    <time>2026-07-05T07:23:40Z</time>
    <extensions>
     <gpxdata:distance>1268.00</gpxdata:distance>
     <gpxdata:speed>4.864</gpxdata:speed>
    </extensions>
   </trkpt>
   <trkpt lat="47.7863467" lon="18.7054368">
    <ele>122</ele>
    <time>2026-07-05T07:23:41Z</time>
    <extensions>
     <gpxdata:distance>1273.00</gpxdata:distance>
     <gpxdata:speed>4.878</gpxdata:speed>
    </extensions>
   </trkpt>
   <trkpt lat="47.7863690" lon="18.7054925">
    <ele>122</ele>
    <time>2026-07-05T07:23:42Z</time>
    <extensions>
     <gpxdata:distance>1278.00</gpxdata:distance>
     <gpxdata:speed>4.875</gpxdata:speed>
    </extensions>
   </trkpt>
   <trkpt lat="47.7863917" lon="18.7055476">
    <ele>122</ele>
    <time>2026-07-05T07:23:43Z</time>
    <extensions>
     <gpxdata:distance>1283.00</gpxdata:distance>
     <gpxdata:speed>4.864</gpxdata:speed>
    </extensions>
   </trkpt>
   <trkpt lat="47.7864146" lon="18.7056021">
    <ele>122</ele>
    <time>2026-07-05T07:23:44Z</time>
    <extensions>
     <gpxdata:distance>1287.50</gpxdata:distance>
     <gpxdata:speed>4.856</gpxdata:speed>
    </extensions>
   </trkpt>
   <trkpt lat="47.7864368" lon="18.7056561">
    <ele>122</ele>
    <time>2026-07-05T07:23:45Z</time>
    <extensions>
     <gpxdata:distance>1292.00</gpxdata:distance>
     <gpxdata:speed>4.836</gpxdata:speed>
    </extensions>
   </trkpt>
   <trkpt lat="47.7864581" lon="18.7057100">
    <ele>122</ele>
    <time>2026-07-05T07:23:46Z</time>
    <extensions>
     <gpxdata:distance>1297.00</gpxdata:distance>
     <gpxdata:speed>4.789</gpxdata:speed>
    </extensions>
   </trkpt>
   <trkpt lat="47.7864784" lon="18.7057641">
    <ele>122</ele>
    <time>2026-07-05T07:23:47Z</time>
    <extensions>
     <gpxdata:distance>1302.00</gpxdata:distance>
     <gpxdata:speed>4.742</gpxdata:speed>
    </extensions>
   </trkpt>
   <trkpt lat="47.7864984" lon="18.7058176">
    <ele>122</ele>
    <time>2026-07-05T07:23:48Z</time>
    <extensions>
     <gpxdata:distance>1306.50</gpxdata:distance>
     <gpxdata:speed>4.697</gpxdata:speed>
    </extensions>
   </trkpt>
   <trkpt lat="47.7865190" lon="18.7058701">
    <ele>122</ele>
    <time>2026-07-05T07:23:49Z</time>
    <extensions>
     <gpxdata:distance>1311.00</gpxdata:distance>
     <gpxdata:speed>4.653</gpxdata:speed>
    </extensions>
   </trkpt>
   <trkpt lat="47.7865390" lon="18.7059220">
    <ele>122</ele>
    <time>2026-07-05T07:23:50Z</time>
    <extensions>
     <gpxdata:distance>1315.50</gpxdata:distance>
     <gpxdata:speed>4.608</gpxdata:speed>
    </extensions>
   </trkpt>
   <trkpt lat="47.7865578" lon="18.7059735">
    <ele>122</ele>
    <time>2026-07-05T07:23:51Z</time>
    <extensions>
     <gpxdata:distance>1320.00</gpxdata:distance>
     <gpxdata:speed>4.553</gpxdata:speed>
    </extensions>
   </trkpt>
   <trkpt lat="47.7865764" lon="18.7060241">
    <ele>122</ele>
    <time>2026-07-05T07:23:52Z</time>
    <extensions>
     <gpxdata:distance>1324.00</gpxdata:distance>
     <gpxdata:speed>4.478</gpxdata:speed>
    </extensions>
   </trkpt>
   <trkpt lat="47.7865950" lon="18.7060738">
    <ele>122</ele>
    <time>2026-07-05T07:23:53Z</time>
    <extensions>
     <gpxdata:distance>1328.00</gpxdata:distance>
     <gpxdata:speed>4.408</gpxdata:speed>
    </extensions>
   </trkpt>
   <trkpt lat="47.7866136" lon="18.7061224">
    <ele>122</ele>
    <time>2026-07-05T07:23:54Z</time>
    <extensions>
     <gpxdata:distance>1332.00</gpxdata:distance>
     <gpxdata:speed>4.342</gpxdata:speed>
    </extensions>
   </trkpt>
   <trkpt lat="47.7866323" lon="18.7061699">
    <ele>123</ele>
    <time>2026-07-05T07:23:55Z</time>
    <extensions>
     <gpxdata:distance>1336.00</gpxdata:distance>
     <gpxdata:speed>4.269</gpxdata:speed>
    </extensions>
   </trkpt>
   <trkpt lat="47.7866514" lon="18.7062169">
    <ele>123</ele>
    <time>2026-07-05T07:23:56Z</time>
    <extensions>
     <gpxdata:distance>1340.50</gpxdata:distance>
     <gpxdata:speed>4.203</gpxdata:speed>
    </extensions>
   </trkpt>
   <trkpt lat="47.7866705" lon="18.7062636">
    <ele>123</ele>
    <time>2026-07-05T07:23:57Z</time>
    <extensions>
     <gpxdata:distance>1345.00</gpxdata:distance>
     <gpxdata:speed>4.150</gpxdata:speed>
    </extensions>
   </trkpt>
   <trkpt lat="47.7866897" lon="18.7063104">
    <ele>123</ele>
    <time>2026-07-05T07:23:58Z</time>
    <extensions>
     <gpxdata:distance>1349.00</gpxdata:distance>
     <gpxdata:speed>4.117</gpxdata:speed>
    </extensions>
   </trkpt>
   <trkpt lat="47.7867088" lon="18.7063573">
    <ele>123</ele>
    <time>2026-07-05T07:23:59Z</time>
    <extensions>
     <gpxdata:distance>1353.00</gpxdata:distance>
     <gpxdata:speed>4.108</gpxdata:speed>
    </extensions>
   </trkpt>
   <trkpt lat="47.7867282" lon="18.7064039">
    <ele>123</ele>
    <time>2026-07-05T07:24:00Z</time>
    <extensions>
     <gpxdata:distance>1357.00</gpxdata:distance>
     <gpxdata:speed>4.097</gpxdata:speed>
    </extensions>
   </trkpt>
   <trkpt lat="47.7867478" lon="18.7064502">
    <ele>123</ele>
    <time>2026-07-05T07:24:01Z</time>
    <extensions>
     <gpxdata:distance>1361.00</gpxdata:distance>
     <gpxdata:speed>4.089</gpxdata:speed>
    </extensions>
   </trkpt>
   <trkpt lat="47.7867673" lon="18.7064964">
    <ele>123</ele>
    <time>2026-07-05T07:24:02Z</time>
    <extensions>
     <gpxdata:distance>1365.00</gpxdata:distance>
     <gpxdata:speed>4.086</gpxdata:speed>
    </extensions>
   </trkpt>
   <trkpt lat="47.7867861" lon="18.7065427">
    <ele>124</ele>
    <time>2026-07-05T07:24:03Z</time>
    <extensions>
     <gpxdata:distance>1369.00</gpxdata:distance>
     <gpxdata:speed>4.078</gpxdata:speed>
    </extensions>
   </trkpt>
   <trkpt lat="47.7868041" lon="18.7065895">
    <ele>124</ele>
    <time>2026-07-05T07:24:04Z</time>
    <extensions>
     <gpxdata:distance>1373.00</gpxdata:distance>
     <gpxdata:speed>4.058</gpxdata:speed>
    </extensions>
   </trkpt>
   <trkpt lat="47.7868225" lon="18.7066369">
    <ele>124</ele>
    <time>2026-07-05T07:24:05Z</time>
    <extensions>
     <gpxdata:distance>1377.00</gpxdata:distance>
     <gpxdata:speed>4.053</gpxdata:speed>
    </extensions>
   </trkpt>
   <trkpt lat="47.7868418" lon="18.7066839">
    <ele>124</ele>
    <time>2026-07-05T07:24:06Z</time>
    <extensions>
     <gpxdata:distance>1381.50</gpxdata:distance>
     <gpxdata:speed>4.075</gpxdata:speed>
    </extensions>
   </trkpt>
   <trkpt lat="47.7868614" lon="18.7067309">
    <ele>124</ele>
    <time>2026-07-05T07:24:07Z</time>
    <extensions>
     <gpxdata:distance>1386.00</gpxdata:distance>
     <gpxdata:speed>4.097</gpxdata:speed>
    </extensions>
   </trkpt>
   <trkpt lat="47.7868800" lon="18.7067787">
    <ele>124</ele>
    <time>2026-07-05T07:24:08Z</time>
    <extensions>
     <gpxdata:distance>1390.00</gpxdata:distance>
     <gpxdata:speed>4.111</gpxdata:speed>
    </extensions>
   </trkpt>
   <trkpt lat="47.7868979" lon="18.7068269">
    <ele>124</ele>
    <time>2026-07-05T07:24:09Z</time>
    <extensions>
     <gpxdata:distance>1394.00</gpxdata:distance>
     <gpxdata:speed>4.119</gpxdata:speed>
    </extensions>
   </trkpt>
   <trkpt lat="47.7869160" lon="18.7068748">
    <ele>124</ele>
    <time>2026-07-05T07:24:10Z</time>
    <extensions>
     <gpxdata:distance>1398.00</gpxdata:distance>
     <gpxdata:speed>4.117</gpxdata:speed>
    </extensions>
   </trkpt>
   <trkpt lat="47.7869342" lon="18.7069222">
    <ele>125</ele>
    <time>2026-07-05T07:24:11Z</time>
    <extensions>
     <gpxdata:distance>1402.00</gpxdata:distance>
     <gpxdata:speed>4.114</gpxdata:speed>
    </extensions>
   </trkpt>
   <trkpt lat="47.7869523" lon="18.7069697">
    <ele>125</ele>
    <time>2026-07-05T07:24:12Z</time>
    <extensions>
     <gpxdata:distance>1406.00</gpxdata:distance>
     <gpxdata:speed>4.097</gpxdata:speed>
    </extensions>
   </trkpt>
   <trkpt lat="47.7869703" lon="18.7070180">
    <ele>125</ele>
    <time>2026-07-05T07:24:13Z</time>
    <extensions>
     <gpxdata:distance>1410.00</gpxdata:distance>
     <gpxdata:speed>4.094</gpxdata:speed>
    </extensions>
   </trkpt>
   <trkpt lat="47.7869886" lon="18.7070664">
    <ele>125</ele>
    <time>2026-07-05T07:24:14Z</time>
    <extensions>
     <gpxdata:distance>1414.50</gpxdata:distance>
     <gpxdata:speed>4.117</gpxdata:speed>
    </extensions>
   </trkpt>
   <trkpt lat="47.7870077" lon="18.7071144">
    <ele>125</ele>
    <time>2026-07-05T07:24:15Z</time>
    <extensions>
     <gpxdata:distance>1419.00</gpxdata:distance>
     <gpxdata:speed>4.133</gpxdata:speed>
    </extensions>
   </trkpt>
   <trkpt lat="47.7870273" lon="18.7071624">
    <ele>125</ele>
    <time>2026-07-05T07:24:16Z</time>
    <extensions>
     <gpxdata:distance>1423.00</gpxdata:distance>
     <gpxdata:speed>4.147</gpxdata:speed>
    </extensions>
   </trkpt>
   <trkpt lat="47.7870472" lon="18.7072107">
    <ele>125</ele>
    <time>2026-07-05T07:24:17Z</time>
    <extensions>
     <gpxdata:distance>1427.00</gpxdata:distance>
     <gpxdata:speed>4.169</gpxdata:speed>
    </extensions>
   </trkpt>
   <trkpt lat="47.7870683" lon="18.7072585">
    <ele>125</ele>
    <time>2026-07-05T07:24:18Z</time>
    <extensions>
     <gpxdata:distance>1431.50</gpxdata:distance>
     <gpxdata:speed>4.200</gpxdata:speed>
    </extensions>
   </trkpt>
   <trkpt lat="47.7870894" lon="18.7073062">
    <ele>125</ele>
    <time>2026-07-05T07:24:19Z</time>
    <extensions>
     <gpxdata:distance>1436.00</gpxdata:distance>
     <gpxdata:speed>4.233</gpxdata:speed>
    </extensions>
   </trkpt>
   <trkpt lat="47.7871094" lon="18.7073552">
    <ele>125</ele>
    <time>2026-07-05T07:24:20Z</time>
    <extensions>
     <gpxdata:distance>1440.00</gpxdata:distance>
     <gpxdata:speed>4.244</gpxdata:speed>
    </extensions>
   </trkpt>
   <trkpt lat="47.7871281" lon="18.7074054">
    <ele>125</ele>
    <time>2026-07-05T07:24:21Z</time>
    <extensions>
     <gpxdata:distance>1444.00</gpxdata:distance>
     <gpxdata:speed>4.261</gpxdata:speed>
    </extensions>
   </trkpt>
   <trkpt lat="47.7871463" lon="18.7074564">
    <ele>125</ele>
    <time>2026-07-05T07:24:22Z</time>
    <extensions>
     <gpxdata:distance>1448.50</gpxdata:distance>
     <gpxdata:speed>4.278</gpxdata:speed>
    </extensions>
   </trkpt>
   <trkpt lat="47.7871649" lon="18.7075072">
    <ele>125</ele>
    <time>2026-07-05T07:24:23Z</time>
    <extensions>
     <gpxdata:distance>1453.00</gpxdata:distance>
     <gpxdata:speed>4.300</gpxdata:speed>
    </extensions>
   </trkpt>
   <trkpt lat="47.7871838" lon="18.7075576">
    <ele>125</ele>
    <time>2026-07-05T07:24:24Z</time>
    <extensions>
     <gpxdata:distance>1457.00</gpxdata:distance>
     <gpxdata:speed>4.308</gpxdata:speed>
    </extensions>
   </trkpt>
   <trkpt lat="47.7872031" lon="18.7076077">
    <ele>125</ele>
    <time>2026-07-05T07:24:25Z</time>
    <extensions>
     <gpxdata:distance>1461.00</gpxdata:distance>
     <gpxdata:speed>4.308</gpxdata:speed>
    </extensions>
   </trkpt>
   <trkpt lat="47.7872235" lon="18.7076570">
    <ele>126</ele>
    <time>2026-07-05T07:24:26Z</time>
    <extensions>
     <gpxdata:distance>1465.50</gpxdata:distance>
     <gpxdata:speed>4.314</gpxdata:speed>
    </extensions>
   </trkpt>
   <trkpt lat="47.7872443" lon="18.7077060">
    <ele>126</ele>
    <time>2026-07-05T07:24:27Z</time>
    <extensions>
     <gpxdata:distance>1470.00</gpxdata:distance>
     <gpxdata:speed>4.322</gpxdata:speed>
    </extensions>
   </trkpt>
   <trkpt lat="47.7872646" lon="18.7077561">
    <ele>126</ele>
    <time>2026-07-05T07:24:28Z</time>
    <extensions>
     <gpxdata:distance>1474.50</gpxdata:distance>
     <gpxdata:speed>4.331</gpxdata:speed>
    </extensions>
   </trkpt>
   <trkpt lat="47.7872841" lon="18.7078076">
    <ele>126</ele>
    <time>2026-07-05T07:24:29Z</time>
    <extensions>
     <gpxdata:distance>1479.00</gpxdata:distance>
     <gpxdata:speed>4.350</gpxdata:speed>
    </extensions>
   </trkpt>
   <trkpt lat="47.7873036" lon="18.7078601">
    <ele>126</ele>
    <time>2026-07-05T07:24:30Z</time>
    <extensions>
     <gpxdata:distance>1483.50</gpxdata:distance>
     <gpxdata:speed>4.386</gpxdata:speed>
    </extensions>
   </trkpt>
   <trkpt lat="47.7873242" lon="18.7079132">
    <ele>126</ele>
    <time>2026-07-05T07:24:31Z</time>
    <extensions>
     <gpxdata:distance>1488.00</gpxdata:distance>
     <gpxdata:speed>4.433</gpxdata:speed>
    </extensions>
   </trkpt>
   <trkpt lat="47.7873454" lon="18.7079670">
    <ele>126</ele>
    <time>2026-07-05T07:24:32Z</time>
    <extensions>
     <gpxdata:distance>1492.50</gpxdata:distance>
     <gpxdata:speed>4.500</gpxdata:speed>
    </extensions>
   </trkpt>
   <trkpt lat="47.7873669" lon="18.7080219">
    <ele>126</ele>
    <time>2026-07-05T07:24:33Z</time>
    <extensions>
     <gpxdata:distance>1497.00</gpxdata:distance>
     <gpxdata:speed>4.569</gpxdata:speed>
    </extensions>
   </trkpt>
   <trkpt lat="47.7873883" lon="18.7080781">
    <ele>126</ele>
    <time>2026-07-05T07:24:34Z</time>
    <extensions>
     <gpxdata:distance>1502.00</gpxdata:distance>
     <gpxdata:speed>4.644</gpxdata:speed>
    </extensions>
   </trkpt>
   <trkpt lat="47.7874100" lon="18.7081355">
    <ele>126</ele>
    <time>2026-07-05T07:24:35Z</time>
    <extensions>
     <gpxdata:distance>1507.00</gpxdata:distance>
     <gpxdata:speed>4.728</gpxdata:speed>
    </extensions>
   </trkpt>
   <trkpt lat="47.7874320" lon="18.7081929">
    <ele>126</ele>
    <time>2026-07-05T07:24:36Z</time>
    <extensions>
     <gpxdata:distance>1512.00</gpxdata:distance>
     <gpxdata:speed>4.811</gpxdata:speed>
    </extensions>
   </trkpt>
   <trkpt lat="47.7874548" lon="18.7082492">
    <ele>126</ele>
    <time>2026-07-05T07:24:37Z</time>
    <extensions>
     <gpxdata:distance>1517.00</gpxdata:distance>
     <gpxdata:speed>4.861</gpxdata:speed>
    </extensions>
   </trkpt>
   <trkpt lat="47.7874777" lon="18.7083049">
    <ele>126</ele>
    <time>2026-07-05T07:24:38Z</time>
    <extensions>
     <gpxdata:distance>1522.00</gpxdata:distance>
     <gpxdata:speed>4.883</gpxdata:speed>
    </extensions>
   </trkpt>
   <trkpt lat="47.7874999" lon="18.7083607">
    <ele>126</ele>
    <time>2026-07-05T07:24:39Z</time>
    <extensions>
     <gpxdata:distance>1527.00</gpxdata:distance>
     <gpxdata:speed>4.883</gpxdata:speed>
    </extensions>
   </trkpt>
   <trkpt lat="47.7875215" lon="18.7084165">
    <ele>126</ele>
    <time>2026-07-05T07:24:40Z</time>
    <extensions>
     <gpxdata:distance>1531.50</gpxdata:distance>
     <gpxdata:speed>4.869</gpxdata:speed>
    </extensions>
   </trkpt>
   <trkpt lat="47.7875433" lon="18.7084720">
    <ele>126</ele>
    <time>2026-07-05T07:24:41Z</time>
    <extensions>
     <gpxdata:distance>1536.00</gpxdata:distance>
     <gpxdata:speed>4.850</gpxdata:speed>
    </extensions>
   </trkpt>
   <trkpt lat="47.7875652" lon="18.7085272">
    <ele>126</ele>
    <time>2026-07-05T07:24:42Z</time>
    <extensions>
     <gpxdata:distance>1541.00</gpxdata:distance>
     <gpxdata:speed>4.839</gpxdata:speed>
    </extensions>
   </trkpt>
   <trkpt lat="47.7875868" lon="18.7085823">
    <ele>126</ele>
    <time>2026-07-05T07:24:43Z</time>
    <extensions>
     <gpxdata:distance>1546.00</gpxdata:distance>
     <gpxdata:speed>4.822</gpxdata:speed>
    </extensions>
   </trkpt>
   <trkpt lat="47.7876083" lon="18.7086374">
    <ele>126</ele>
    <time>2026-07-05T07:24:44Z</time>
    <extensions>
     <gpxdata:distance>1550.50</gpxdata:distance>
     <gpxdata:speed>4.803</gpxdata:speed>
    </extensions>
   </trkpt>
   <trkpt lat="47.7876304" lon="18.7086923">
    <ele>126</ele>
    <time>2026-07-05T07:24:45Z</time>
    <extensions>
     <gpxdata:distance>1555.00</gpxdata:distance>
     <gpxdata:speed>4.789</gpxdata:speed>
    </extensions>
   </trkpt>
   <trkpt lat="47.7876531" lon="18.7087477">
    <ele>125</ele>
    <time>2026-07-05T07:24:46Z</time>
    <extensions>
     <gpxdata:distance>1560.00</gpxdata:distance>
     <gpxdata:speed>4.792</gpxdata:speed>
    </extensions>
   </trkpt>
   <trkpt lat="47.7876758" lon="18.7088039">
    <ele>125</ele>
    <time>2026-07-05T07:24:47Z</time>
    <extensions>
     <gpxdata:distance>1565.00</gpxdata:distance>
     <gpxdata:speed>4.819</gpxdata:speed>
    </extensions>
   </trkpt>
   <trkpt lat="47.7876986" lon="18.7088617">
    <ele>125</ele>
    <time>2026-07-05T07:24:48Z</time>
    <extensions>
     <gpxdata:distance>1570.00</gpxdata:distance>
     <gpxdata:speed>4.861</gpxdata:speed>
    </extensions>
   </trkpt>
   <trkpt lat="47.7877218" lon="18.7089206">
    <ele>125</ele>
    <time>2026-07-05T07:24:49Z</time>
    <extensions>
     <gpxdata:distance>1575.00</gpxdata:distance>
     <gpxdata:speed>4.925</gpxdata:speed>
    </extensions>
   </trkpt>
   <trkpt lat="47.7877456" lon="18.7089802">
    <ele>125</ele>
    <time>2026-07-05T07:24:50Z</time>
    <extensions>
     <gpxdata:distance>1580.50</gpxdata:distance>
     <gpxdata:speed>5.003</gpxdata:speed>
    </extensions>
   </trkpt>
   <trkpt lat="47.7877695" lon="18.7090409">
    <ele>125</ele>
    <time>2026-07-05T07:24:51Z</time>
    <extensions>
     <gpxdata:distance>1586.00</gpxdata:distance>
     <gpxdata:speed>5.078</gpxdata:speed>
    </extensions>
   </trkpt>
   <trkpt lat="47.7877934" lon="18.7091031">
    <ele>125</ele>
    <time>2026-07-05T07:24:52Z</time>
    <extensions>
     <gpxdata:distance>1591.50</gpxdata:distance>
     <gpxdata:speed>5.153</gpxdata:speed>
    </extensions>
   </trkpt>
   <trkpt lat="47.7878179" lon="18.7091663">
    <ele>125</ele>
    <time>2026-07-05T07:24:53Z</time>
    <extensions>
     <gpxdata:distance>1597.00</gpxdata:distance>
     <gpxdata:speed>5.242</gpxdata:speed>
    </extensions>
   </trkpt>
   <trkpt lat="47.7878432" lon="18.7092305">
    <ele>125</ele>
    <time>2026-07-05T07:24:54Z</time>
    <extensions>
     <gpxdata:distance>1602.50</gpxdata:distance>
     <gpxdata:speed>5.336</gpxdata:speed>
    </extensions>
   </trkpt>
   <trkpt lat="47.7878697" lon="18.7092953">
    <ele>125</ele>
    <time>2026-07-05T07:24:55Z</time>
    <extensions>
     <gpxdata:distance>1608.00</gpxdata:distance>
     <gpxdata:speed>5.494</gpxdata:speed>
    </extensions>
   </trkpt>
   <trkpt lat="47.7878974" lon="18.7093606">
    <ele>125</ele>
    <time>2026-07-05T07:24:56Z</time>
    <extensions>
     <gpxdata:distance>1613.50</gpxdata:distance>
     <gpxdata:speed>5.642</gpxdata:speed>
    </extensions>
   </trkpt>
   <trkpt lat="47.7879264" lon="18.7094260">
    <ele>125</ele>
    <time>2026-07-05T07:24:57Z</time>
    <extensions>
     <gpxdata:distance>1619.00</gpxdata:distance>
     <gpxdata:speed>5.750</gpxdata:speed>
    </extensions>
   </trkpt>
   <trkpt lat="47.7879557" lon="18.7094927">
    <ele>125</ele>
    <time>2026-07-05T07:24:58Z</time>
    <extensions>
     <gpxdata:distance>1625.00</gpxdata:distance>
     <gpxdata:speed>5.844</gpxdata:speed>
    </extensions>
   </trkpt>
   <trkpt lat="47.7879843" lon="18.7095621">
    <ele>124</ele>
    <time>2026-07-05T07:24:59Z</time>
    <extensions>
     <gpxdata:distance>1631.00</gpxdata:distance>
     <gpxdata:speed>5.956</gpxdata:speed>
    </extensions>
   </trkpt>
   <trkpt lat="47.7880220" lon="18.7096588">
    <ele>124</ele>
    <time>2026-07-05T07:25:00Z</time>
    <extensions>
     <gpxdata:distance>1637.50</gpxdata:distance>
     <gpxdata:speed>6.106</gpxdata:speed>
    </extensions>
   </trkpt>
   <trkpt lat="47.7880511" lon="18.7097379">
    <ele>124</ele>
    <time>2026-07-05T07:25:01Z</time>
    <extensions>
     <gpxdata:distance>1644.00</gpxdata:distance>
     <gpxdata:speed>6.286</gpxdata:speed>
    </extensions>
   </trkpt>
   <trkpt lat="47.7880784" lon="18.7098169">
    <ele>124</ele>
    <time>2026-07-05T07:25:02Z</time>
    <extensions>
     <gpxdata:distance>1650.50</gpxdata:distance>
     <gpxdata:speed>6.436</gpxdata:speed>
    </extensions>
   </trkpt>
   <trkpt lat="47.7881046" lon="18.7098969">
    <ele>124</ele>
    <time>2026-07-05T07:25:03Z</time>
    <extensions>
     <gpxdata:distance>1657.00</gpxdata:distance>
     <gpxdata:speed>6.550</gpxdata:speed>
    </extensions>
   </trkpt>
   <trkpt lat="47.7881319" lon="18.7099774">
    <ele>124</ele>
    <time>2026-07-05T07:25:04Z</time>
    <extensions>
     <gpxdata:distance>1664.00</gpxdata:distance>
     <gpxdata:speed>6.600</gpxdata:speed>
    </extensions>
   </trkpt>
   <trkpt lat="47.7881623" lon="18.7100581">
    <ele>124</ele>
    <time>2026-07-05T07:25:05Z</time>
    <extensions>
     <gpxdata:distance>1671.00</gpxdata:distance>
     <gpxdata:speed>6.703</gpxdata:speed>
    </extensions>
   </trkpt>
   <trkpt lat="47.7881946" lon="18.7101397">
    <ele>123</ele>
    <time>2026-07-05T07:25:06Z</time>
    <extensions>
     <gpxdata:distance>1678.00</gpxdata:distance>
     <gpxdata:speed>6.886</gpxdata:speed>
    </extensions>
   </trkpt>
   <trkpt lat="47.7882281" lon="18.7102231">
    <ele>123</ele>
    <time>2026-07-05T07:25:07Z</time>
    <extensions>
     <gpxdata:distance>1685.00</gpxdata:distance>
     <gpxdata:speed>7.033</gpxdata:speed>
    </extensions>
   </trkpt>
   <trkpt lat="47.7882627" lon="18.7103088">
    <ele>123</ele>
    <time>2026-07-05T07:25:08Z</time>
    <extensions>
     <gpxdata:distance>1692.50</gpxdata:distance>
     <gpxdata:speed>7.211</gpxdata:speed>
    </extensions>
   </trkpt>
   <trkpt lat="47.7882974" lon="18.7103980">
    <ele>123</ele>
    <time>2026-07-05T07:25:09Z</time>
    <extensions>
     <gpxdata:distance>1700.00</gpxdata:distance>
     <gpxdata:speed>7.414</gpxdata:speed>
    </extensions>
   </trkpt>
   <trkpt lat="47.7883333" lon="18.7104899">
    <ele>122</ele>
    <time>2026-07-05T07:25:10Z</time>
    <extensions>
     <gpxdata:distance>1708.00</gpxdata:distance>
     <gpxdata:speed>7.639</gpxdata:speed>
    </extensions>
   </trkpt>
   <trkpt lat="47.7883705" lon="18.7105844">
    <ele>122</ele>
    <time>2026-07-05T07:25:11Z</time>
    <extensions>
     <gpxdata:distance>1716.00</gpxdata:distance>
     <gpxdata:speed>7.867</gpxdata:speed>
    </extensions>
   </trkpt>
   <trkpt lat="47.7884092" lon="18.7106821">
    <ele>122</ele>
    <time>2026-07-05T07:25:12Z</time>
    <extensions>
     <gpxdata:distance>1724.50</gpxdata:distance>
     <gpxdata:speed>8.100</gpxdata:speed>
    </extensions>
   </trkpt>
   <trkpt lat="47.7884491" lon="18.7107826">
    <ele>122</ele>
    <time>2026-07-05T07:25:13Z</time>
    <extensions>
     <gpxdata:distance>1733.00</gpxdata:distance>
     <gpxdata:speed>8.400</gpxdata:speed>
    </extensions>
   </trkpt>
   <trkpt lat="47.7884888" lon="18.7108856">
    <ele>122</ele>
    <time>2026-07-05T07:25:14Z</time>
    <extensions>
     <gpxdata:distance>1742.00</gpxdata:distance>
     <gpxdata:speed>8.622</gpxdata:speed>
    </extensions>
   </trkpt>
   <trkpt lat="47.7885277" lon="18.7109912">
    <ele>121</ele>
    <time>2026-07-05T07:25:15Z</time>
    <extensions>
     <gpxdata:distance>1751.00</gpxdata:distance>
     <gpxdata:speed>8.775</gpxdata:speed>
    </extensions>
   </trkpt>
   <trkpt lat="47.7885671" lon="18.7110983">
    <ele>121</ele>
    <time>2026-07-05T07:25:16Z</time>
    <extensions>
     <gpxdata:distance>1760.00</gpxdata:distance>
     <gpxdata:speed>8.917</gpxdata:speed>
    </extensions>
   </trkpt>
   <trkpt lat="47.7886083" lon="18.7112053">
    <ele>120</ele>
    <time>2026-07-05T07:25:17Z</time>
    <extensions>
     <gpxdata:distance>1769.00</gpxdata:distance>
     <gpxdata:speed>9.064</gpxdata:speed>
    </extensions>
   </trkpt>
   <trkpt lat="47.7886514" lon="18.7113118">
    <ele>120</ele>
    <time>2026-07-05T07:25:18Z</time>
    <extensions>
     <gpxdata:distance>1778.50</gpxdata:distance>
     <gpxdata:speed>9.164</gpxdata:speed>
    </extensions>
   </trkpt>
   <trkpt lat="47.7886958" lon="18.7114177">
    <ele>120</ele>
    <time>2026-07-05T07:25:19Z</time>
    <extensions>
     <gpxdata:distance>1788.00</gpxdata:distance>
     <gpxdata:speed>9.247</gpxdata:speed>
    </extensions>
   </trkpt>
   <trkpt lat="47.7887404" lon="18.7115231">
    <ele>120</ele>
    <time>2026-07-05T07:25:20Z</time>
    <extensions>
     <gpxdata:distance>1797.00</gpxdata:distance>
     <gpxdata:speed>9.292</gpxdata:speed>
    </extensions>
   </trkpt>
   <trkpt lat="47.7887848" lon="18.7116277">
    <ele>119</ele>
    <time>2026-07-05T07:25:21Z</time>
    <extensions>
     <gpxdata:distance>1806.00</gpxdata:distance>
     <gpxdata:speed>9.283</gpxdata:speed>
    </extensions>
   </trkpt>
   <trkpt lat="47.7888286" lon="18.7117311">
    <ele>119</ele>
    <time>2026-07-05T07:25:22Z</time>
    <extensions>
     <gpxdata:distance>1815.50</gpxdata:distance>
     <gpxdata:speed>9.239</gpxdata:speed>
    </extensions>
   </trkpt>
   <trkpt lat="47.7888716" lon="18.7118331">
    <ele>118</ele>
    <time>2026-07-05T07:25:23Z</time>
    <extensions>
     <gpxdata:distance>1825.00</gpxdata:distance>
     <gpxdata:speed>9.147</gpxdata:speed>
    </extensions>
   </trkpt>
   <trkpt lat="47.7889149" lon="18.7119330">
    <ele>118</ele>
    <time>2026-07-05T07:25:24Z</time>
    <extensions>
     <gpxdata:distance>1833.50</gpxdata:distance>
     <gpxdata:speed>9.050</gpxdata:speed>
    </extensions>
   </trkpt>
   <trkpt lat="47.7889586" lon="18.7120303">
    <ele>118</ele>
    <time>2026-07-05T07:25:25Z</time>
    <extensions>
     <gpxdata:distance>1842.00</gpxdata:distance>
     <gpxdata:speed>8.983</gpxdata:speed>
    </extensions>
   </trkpt>
   <trkpt lat="47.7890024" lon="18.7121250">
    <ele>117</ele>
    <time>2026-07-05T07:25:26Z</time>
    <extensions>
     <gpxdata:distance>1851.00</gpxdata:distance>
     <gpxdata:speed>8.897</gpxdata:speed>
    </extensions>
   </trkpt>
   <trkpt lat="47.7890470" lon="18.7122171">
    <ele>117</ele>
    <time>2026-07-05T07:25:27Z</time>
    <extensions>
     <gpxdata:distance>1860.00</gpxdata:distance>
     <gpxdata:speed>8.783</gpxdata:speed>
    </extensions>
   </trkpt>
   <trkpt lat="47.7890930" lon="18.7123060">
    <ele>116</ele>
    <time>2026-07-05T07:25:28Z</time>
    <extensions>
     <gpxdata:distance>1868.00</gpxdata:distance>
     <gpxdata:speed>8.678</gpxdata:speed>
    </extensions>
   </trkpt>
   <trkpt lat="47.7891414" lon="18.7123909">
    <ele>116</ele>
    <time>2026-07-05T07:25:29Z</time>
    <extensions>
     <gpxdata:distance>1876.00</gpxdata:distance>
     <gpxdata:speed>8.572</gpxdata:speed>
    </extensions>
   </trkpt>
   <trkpt lat="47.7891929" lon="18.7124719">
    <ele>116</ele>
    <time>2026-07-05T07:25:30Z</time>
    <extensions>
     <gpxdata:distance>1884.50</gpxdata:distance>
     <gpxdata:speed>8.467</gpxdata:speed>
    </extensions>
   </trkpt>
   <trkpt lat="47.7892466" lon="18.7125504">
    <ele>116</ele>
    <time>2026-07-05T07:25:31Z</time>
    <extensions>
     <gpxdata:distance>1893.00</gpxdata:distance>
     <gpxdata:speed>8.400</gpxdata:speed>
    </extensions>
   </trkpt>
   <trkpt lat="47.7893015" lon="18.7126265">
    <ele>115</ele>
    <time>2026-07-05T07:25:32Z</time>
    <extensions>
     <gpxdata:distance>1901.50</gpxdata:distance>
     <gpxdata:speed>8.394</gpxdata:speed>
    </extensions>
   </trkpt>
   <trkpt lat="47.7893570" lon="18.7126992">
    <ele>115</ele>
    <time>2026-07-05T07:25:33Z</time>
    <extensions>
     <gpxdata:distance>1910.00</gpxdata:distance>
     <gpxdata:speed>8.356</gpxdata:speed>
    </extensions>
   </trkpt>
   <trkpt lat="47.7894127" lon="18.7127677">
    <ele>115</ele>
    <time>2026-07-05T07:25:34Z</time>
    <extensions>
     <gpxdata:distance>1918.00</gpxdata:distance>
     <gpxdata:speed>8.239</gpxdata:speed>
    </extensions>
   </trkpt>
   <trkpt lat="47.7894683" lon="18.7128312">
    <ele>115</ele>
    <time>2026-07-05T07:25:35Z</time>
    <extensions>
     <gpxdata:distance>1926.00</gpxdata:distance>
     <gpxdata:speed>8.069</gpxdata:speed>
    </extensions>
   </trkpt>
   <trkpt lat="47.7895230" lon="18.7128903">
    <ele>114</ele>
    <time>2026-07-05T07:25:36Z</time>
    <extensions>
     <gpxdata:distance>1933.50</gpxdata:distance>
     <gpxdata:speed>7.847</gpxdata:speed>
    </extensions>
   </trkpt>
   <trkpt lat="47.7895754" lon="18.7129459">
    <ele>114</ele>
    <time>2026-07-05T07:25:37Z</time>
    <extensions>
     <gpxdata:distance>1941.00</gpxdata:distance>
     <gpxdata:speed>7.586</gpxdata:speed>
    </extensions>
   </trkpt>
   <trkpt lat="47.7896257" lon="18.7129995">
    <ele>114</ele>
    <time>2026-07-05T07:25:38Z</time>
    <extensions>
     <gpxdata:distance>1947.50</gpxdata:distance>
     <gpxdata:speed>7.247</gpxdata:speed>
    </extensions>
   </trkpt>
   <trkpt lat="47.7896727" lon="18.7130506">
    <ele>114</ele>
    <time>2026-07-05T07:25:39Z</time>
    <extensions>
     <gpxdata:distance>1954.00</gpxdata:distance>
     <gpxdata:speed>6.997</gpxdata:speed>
    </extensions>
   </trkpt>
   <trkpt lat="47.7897147" lon="18.7131005">
    <ele>114</ele>
    <time>2026-07-05T07:25:40Z</time>
    <extensions>
     <gpxdata:distance>1960.00</gpxdata:distance>
     <gpxdata:speed>6.586</gpxdata:speed>
    </extensions>
   </trkpt>
   <trkpt lat="47.7897496" lon="18.7131542">
    <ele>114</ele>
    <time>2026-07-05T07:25:41Z</time>
    <extensions>
     <gpxdata:distance>1966.00</gpxdata:distance>
     <gpxdata:speed>6.111</gpxdata:speed>
    </extensions>
   </trkpt>
   <trkpt lat="47.7897680" lon="18.7131986">
    <ele>114</ele>
    <time>2026-07-05T07:25:42Z</time>
    <extensions>
     <gpxdata:distance>1971.50</gpxdata:distance>
     <gpxdata:speed>5.792</gpxdata:speed>
    </extensions>
   </trkpt>
   <trkpt lat="47.7897846" lon="18.7132596">
    <ele>114</ele>
    <time>2026-07-05T07:25:43Z</time>
    <extensions>
     <gpxdata:distance>1977.00</gpxdata:distance>
     <gpxdata:speed>5.642</gpxdata:speed>
    </extensions>
   </trkpt>
   <trkpt lat="47.7897955" lon="18.7133258">
    <ele>114</ele>
    <time>2026-07-05T07:25:44Z</time>
    <extensions>
     <gpxdata:distance>1982.00</gpxdata:distance>
     <gpxdata:speed>5.522</gpxdata:speed>
    </extensions>
   </trkpt>
   <trkpt lat="47.7897999" lon="18.7133908">
    <ele>113</ele>
    <time>2026-07-05T07:25:45Z</time>
    <extensions>
     <gpxdata:distance>1987.00</gpxdata:distance>
     <gpxdata:speed>5.275</gpxdata:speed>
    </extensions>
   </trkpt>
   <trkpt lat="47.7897987" lon="18.7134498">
    <ele>113</ele>
    <time>2026-07-05T07:25:46Z</time>
    <extensions>
     <gpxdata:distance>1991.50</gpxdata:distance>
     <gpxdata:speed>4.928</gpxdata:speed>
    </extensions>
   </trkpt>
   <trkpt lat="47.7897942" lon="18.7134981">
    <ele>113</ele>
    <time>2026-07-05T07:25:47Z</time>
    <extensions>
     <gpxdata:distance>1996.00</gpxdata:distance>
     <gpxdata:speed>4.386</gpxdata:speed>
    </extensions>
   </trkpt>
   <trkpt lat="47.7897891" lon="18.7135337">
    <ele>113</ele>
    <time>2026-07-05T07:25:48Z</time>
    <extensions>
     <gpxdata:distance>1998.00</gpxdata:distance>
     <gpxdata:speed>3.600</gpxdata:speed>
    </extensions>
   </trkpt>
   <trkpt lat="47.7898573" lon="18.7135189">
    <ele>113</ele>
    <time>2026-07-05T07:26:37Z</time>
    <extensions>
     <gpxdata:distance>2014.00</gpxdata:distance>
     <gpxdata:speed>1.933</gpxdata:speed>
    </extensions>
   </trkpt>
   <trkpt lat="47.7898773" lon="18.7135366">
    <ele>113</ele>
    <time>2026-07-05T07:26:38Z</time>
    <extensions>
     <gpxdata:distance>2014.00</gpxdata:distance>
     <gpxdata:speed>2.086</gpxdata:speed>
    </extensions>
   </trkpt>
   <trkpt lat="47.7898959" lon="18.7135546">
    <ele>113</ele>
    <time>2026-07-05T07:26:39Z</time>
    <extensions>
     <gpxdata:distance>2016.50</gpxdata:distance>
     <gpxdata:speed>2.247</gpxdata:speed>
    </extensions>
   </trkpt>
   <trkpt lat="47.7899158" lon="18.7135736">
    <ele>113</ele>
    <time>2026-07-05T07:26:40Z</time>
    <extensions>
     <gpxdata:distance>2019.00</gpxdata:distance>
     <gpxdata:speed>2.481</gpxdata:speed>
    </extensions>
   </trkpt>
   <trkpt lat="47.7899384" lon="18.7135932">
    <ele>113</ele>
    <time>2026-07-05T07:26:41Z</time>
    <extensions>
     <gpxdata:distance>2022.50</gpxdata:distance>
     <gpxdata:speed>2.811</gpxdata:speed>
    </extensions>
   </trkpt>
   <trkpt lat="47.7899801" lon="18.7136244">
    <ele>113</ele>
    <time>2026-07-05T07:26:42Z</time>
    <extensions>
     <gpxdata:distance>2026.00</gpxdata:distance>
     <gpxdata:speed>3.147</gpxdata:speed>
    </extensions>
   </trkpt>
   <trkpt lat="47.7900126" lon="18.7136454">
    <ele>113</ele>
    <time>2026-07-05T07:26:43Z</time>
    <extensions>
     <gpxdata:distance>2030.00</gpxdata:distance>
     <gpxdata:speed>3.436</gpxdata:speed>
    </extensions>
   </trkpt>
   <trkpt lat="47.7900439" lon="18.7136648">
    <ele>113</ele>
    <time>2026-07-05T07:26:44Z</time>
    <extensions>
     <gpxdata:distance>2034.00</gpxdata:distance>
     <gpxdata:speed>3.628</gpxdata:speed>
    </extensions>
   </trkpt>
   <trkpt lat="47.7900741" lon="18.7136844">
    <ele>113</ele>
    <time>2026-07-05T07:26:45Z</time>
    <extensions>
     <gpxdata:distance>2037.50</gpxdata:distance>
     <gpxdata:speed>3.694</gpxdata:speed>
    </extensions>
   </trkpt>
   <trkpt lat="47.7901014" lon="18.7137012">
    <ele>113</ele>
    <time>2026-07-05T07:26:46Z</time>
    <extensions>
     <gpxdata:distance>2041.00</gpxdata:distance>
     <gpxdata:speed>3.622</gpxdata:speed>
    </extensions>
   </trkpt>
   <trkpt lat="47.7901253" lon="18.7137127">
    <ele>113</ele>
    <time>2026-07-05T07:26:47Z</time>
    <extensions>
     <gpxdata:distance>2043.50</gpxdata:distance>
     <gpxdata:speed>3.403</gpxdata:speed>
    </extensions>
   </trkpt>
   <trkpt lat="47.7901463" lon="18.7137228">
    <ele>113</ele>
    <time>2026-07-05T07:26:48Z</time>
    <extensions>
     <gpxdata:distance>2046.00</gpxdata:distance>
     <gpxdata:speed>3.097</gpxdata:speed>
    </extensions>
   </trkpt>
   <trkpt lat="47.7901574" lon="18.7137302">
    <ele>113</ele>
    <time>2026-07-05T07:26:49Z</time>
    <extensions>
     <gpxdata:distance>2048.50</gpxdata:distance>
     <gpxdata:speed>2.831</gpxdata:speed>
    </extensions>
   </trkpt>
   <trkpt lat="47.7901733" lon="18.7137428">
    <ele>113</ele>
    <time>2026-07-05T07:26:50Z</time>
    <extensions>
     <gpxdata:distance>2051.00</gpxdata:distance>
     <gpxdata:speed>2.697</gpxdata:speed>
    </extensions>
   </trkpt>
   <trkpt lat="47.7901927" lon="18.7137587">
    <ele>113</ele>
    <time>2026-07-05T07:26:51Z</time>
    <extensions>
     <gpxdata:distance>2054.00</gpxdata:distance>
     <gpxdata:speed>2.694</gpxdata:speed>
    </extensions>
   </trkpt>
   <trkpt lat="47.7902145" lon="18.7137764">
    <ele>113</ele>
    <time>2026-07-05T07:26:52Z</time>
    <extensions>
     <gpxdata:distance>2057.00</gpxdata:distance>
     <gpxdata:speed>2.761</gpxdata:speed>
    </extensions>
   </trkpt>
   <trkpt lat="47.7902381" lon="18.7137947">
    <ele>113</ele>
    <time>2026-07-05T07:26:53Z</time>
    <extensions>
     <gpxdata:distance>2060.00</gpxdata:distance>
     <gpxdata:speed>2.858</gpxdata:speed>
    </extensions>
   </trkpt>
   <trkpt lat="47.7902624" lon="18.7138127">
    <ele>113</ele>
    <time>2026-07-05T07:26:54Z</time>
    <extensions>
     <gpxdata:distance>2063.00</gpxdata:distance>
     <gpxdata:speed>2.947</gpxdata:speed>
    </extensions>
   </trkpt>
   <trkpt lat="47.7902866" lon="18.7138297">
    <ele>113</ele>
    <time>2026-07-05T07:26:55Z</time>
    <extensions>
     <gpxdata:distance>2066.00</gpxdata:distance>
     <gpxdata:speed>2.983</gpxdata:speed>
    </extensions>
   </trkpt>
   <trkpt lat="47.7903091" lon="18.7138445">
    <ele>113</ele>
    <time>2026-07-05T07:26:56Z</time>
    <extensions>
     <gpxdata:distance>2069.00</gpxdata:distance>
     <gpxdata:speed>2.953</gpxdata:speed>
    </extensions>
   </trkpt>
   <trkpt lat="47.7903298" lon="18.7138542">
    <ele>112</ele>
    <time>2026-07-05T07:26:57Z</time>
    <extensions>
     <gpxdata:distance>2071.00</gpxdata:distance>
     <gpxdata:speed>2.786</gpxdata:speed>
    </extensions>
   </trkpt>
   <trkpt lat="47.7903492" lon="18.7138543">
    <ele>112</ele>
    <time>2026-07-05T07:26:58Z</time>
    <extensions>
     <gpxdata:distance>2073.00</gpxdata:distance>
     <gpxdata:speed>2.575</gpxdata:speed>
    </extensions>
   </trkpt>
   <trkpt lat="47.7903680" lon="18.7138434">
    <ele>112</ele>
    <time>2026-07-05T07:26:59Z</time>
    <extensions>
     <gpxdata:distance>2075.00</gpxdata:distance>
     <gpxdata:speed>2.508</gpxdata:speed>
    </extensions>
   </trkpt>
   <trkpt lat="47.7903875" lon="18.7138258">
    <ele>112</ele>
    <time>2026-07-05T07:27:00Z</time>
    <extensions>
     <gpxdata:distance>2077.00</gpxdata:distance>
     <gpxdata:speed>2.600</gpxdata:speed>
    </extensions>
   </trkpt>
   <trkpt lat="47.7904092" lon="18.7138080">
    <ele>112</ele>
    <time>2026-07-05T07:27:01Z</time>
    <extensions>
     <gpxdata:distance>2080.00</gpxdata:distance>
     <gpxdata:speed>2.725</gpxdata:speed>
    </extensions>
   </trkpt>
   <trkpt lat="47.7904337" lon="18.7137932">
    <ele>112</ele>
    <time>2026-07-05T07:27:02Z</time>
    <extensions>
     <gpxdata:distance>2083.00</gpxdata:distance>
     <gpxdata:speed>2.847</gpxdata:speed>
    </extensions>
   </trkpt>
   <trkpt lat="47.7904613" lon="18.7137812">
    <ele>112</ele>
    <time>2026-07-05T07:27:03Z</time>
    <extensions>
     <gpxdata:distance>2086.50</gpxdata:distance>
     <gpxdata:speed>2.978</gpxdata:speed>
    </extensions>
   </trkpt>
   <trkpt lat="47.7905105" lon="18.7137648">
    <ele>112</ele>
    <time>2026-07-05T07:27:04Z</time>
    <extensions>
     <gpxdata:distance>2090.00</gpxdata:distance>
     <gpxdata:speed>3.175</gpxdata:speed>
    </extensions>
   </trkpt>
   <trkpt lat="47.7905472" lon="18.7137546">
    <ele>112</ele>
    <time>2026-07-05T07:27:05Z</time>
    <extensions>
     <gpxdata:distance>2094.00</gpxdata:distance>
     <gpxdata:speed>3.375</gpxdata:speed>
    </extensions>
   </trkpt>
   <trkpt lat="47.7905809" lon="18.7137444">
    <ele>112</ele>
    <time>2026-07-05T07:27:06Z</time>
    <extensions>
     <gpxdata:distance>2098.00</gpxdata:distance>
     <gpxdata:speed>3.547</gpxdata:speed>
    </extensions>
   </trkpt>
   <trkpt lat="47.7906126" lon="18.7137322">
    <ele>112</ele>
    <time>2026-07-05T07:27:07Z</time>
    <extensions>
     <gpxdata:distance>2101.50</gpxdata:distance>
     <gpxdata:speed>3.692</gpxdata:speed>
    </extensions>
   </trkpt>
   <trkpt lat="47.7906414" lon="18.7137169">
    <ele>112</ele>
    <time>2026-07-05T07:27:08Z</time>
    <extensions>
     <gpxdata:distance>2105.00</gpxdata:distance>
     <gpxdata:speed>3.611</gpxdata:speed>
    </extensions>
   </trkpt>
   <trkpt lat="47.7906668" lon="18.7137020">
    <ele>112</ele>
    <time>2026-07-05T07:27:09Z</time>
    <extensions>
     <gpxdata:distance>2108.00</gpxdata:distance>
     <gpxdata:speed>3.411</gpxdata:speed>
    </extensions>
   </trkpt>
   <trkpt lat="47.7906888" lon="18.7136945">
    <ele>112</ele>
    <time>2026-07-05T07:27:10Z</time>
    <extensions>
     <gpxdata:distance>2111.00</gpxdata:distance>
     <gpxdata:speed>3.186</gpxdata:speed>
    </extensions>
   </trkpt>
   <trkpt lat="47.7906986" lon="18.7136958">
    <ele>112</ele>
    <time>2026-07-05T07:27:11Z</time>
    <extensions>
     <gpxdata:distance>2112.50</gpxdata:distance>
     <gpxdata:speed>2.592</gpxdata:speed>
    </extensions>
   </trkpt>
   <trkpt lat="47.7906773" lon="18.7137433">
    <ele>114</ele>
    <time>2026-07-05T07:44:22Z</time>
    <extensions>
     <gpxdata:distance>2115.00</gpxdata:distance>
    </extensions>
   </trkpt>
   <trkpt lat="47.7906736" lon="18.7137441">
    <ele>114</ele>
    <time>2026-07-05T07:44:23Z</time>
    <extensions>
     <gpxdata:distance>2115.00</gpxdata:distance>
    </extensions>
   </trkpt>
   <trkpt lat="47.7906686" lon="18.7137455">
    <ele>114</ele>
    <time>2026-07-05T07:44:24Z</time>
    <extensions>
     <gpxdata:distance>2115.00</gpxdata:distance>
    </extensions>
   </trkpt>
   <trkpt lat="47.7906619" lon="18.7137468">
    <ele>114</ele>
    <time>2026-07-05T07:44:25Z</time>
    <extensions>
     <gpxdata:distance>2115.00</gpxdata:distance>
    </extensions>
   </trkpt>
   <trkpt lat="47.7906524" lon="18.7137481">
    <ele>114</ele>
    <time>2026-07-05T07:44:26Z</time>
    <extensions>
     <gpxdata:distance>2117.50</gpxdata:distance>
    </extensions>
   </trkpt>
   <trkpt lat="47.7906405" lon="18.7137491">
    <ele>114</ele>
    <time>2026-07-05T07:44:27Z</time>
    <extensions>
     <gpxdata:distance>2120.00</gpxdata:distance>
     <gpxdata:speed>0.992</gpxdata:speed>
    </extensions>
   </trkpt>
   <trkpt lat="47.7906282" lon="18.7137493">
    <ele>114</ele>
    <time>2026-07-05T07:44:28Z</time>
    <extensions>
     <gpxdata:distance>2121.50</gpxdata:distance>
     <gpxdata:speed>1.417</gpxdata:speed>
    </extensions>
   </trkpt>
   <trkpt lat="47.7905153" lon="18.7137081">
    <ele>113</ele>
    <time>2026-07-05T07:44:58Z</time>
    <extensions>
     <gpxdata:distance>2138.00</gpxdata:distance>
     <gpxdata:speed>2.225</gpxdata:speed>
    </extensions>
   </trkpt>
   <trkpt lat="47.7904924" lon="18.7136913">
    <ele>113</ele>
    <time>2026-07-05T07:44:59Z</time>
    <extensions>
     <gpxdata:distance>2138.00</gpxdata:distance>
     <gpxdata:speed>2.483</gpxdata:speed>
    </extensions>
   </trkpt>
   <trkpt lat="47.7904697" lon="18.7136727">
    <ele>113</ele>
    <time>2026-07-05T07:45:00Z</time>
    <extensions>
     <gpxdata:distance>2141.00</gpxdata:distance>
     <gpxdata:speed>2.722</gpxdata:speed>
    </extensions>
   </trkpt>
   <trkpt lat="47.7904473" lon="18.7136518">
    <ele>113</ele>
    <time>2026-07-05T07:45:01Z</time>
    <extensions>
     <gpxdata:distance>2144.00</gpxdata:distance>
     <gpxdata:speed>2.917</gpxdata:speed>
    </extensions>
   </trkpt>
   <trkpt lat="47.7904116" lon="18.7136151">
    <ele>113</ele>
    <time>2026-07-05T07:45:02Z</time>
    <extensions>
     <gpxdata:distance>2147.00</gpxdata:distance>
     <gpxdata:speed>3.044</gpxdata:speed>
    </extensions>
   </trkpt>
   <trkpt lat="47.7903871" lon="18.7135891">
    <ele>113</ele>
    <time>2026-07-05T07:45:03Z</time>
    <extensions>
     <gpxdata:distance>2150.00</gpxdata:distance>
     <gpxdata:speed>3.092</gpxdata:speed>
    </extensions>
   </trkpt>
   <trkpt lat="47.7903650" lon="18.7135655">
    <ele>113</ele>
    <time>2026-07-05T07:45:04Z</time>
    <extensions>
     <gpxdata:distance>2153.00</gpxdata:distance>
     <gpxdata:speed>3.097</gpxdata:speed>
    </extensions>
   </trkpt>
   <trkpt lat="47.7903423" lon="18.7135428">
    <ele>113</ele>
    <time>2026-07-05T07:45:05Z</time>
    <extensions>
     <gpxdata:distance>2156.00</gpxdata:distance>
     <gpxdata:speed>3.094</gpxdata:speed>
    </extensions>
   </trkpt>
   <trkpt lat="47.7903176" lon="18.7135195">
    <ele>113</ele>
    <time>2026-07-05T07:45:06Z</time>
    <extensions>
     <gpxdata:distance>2159.50</gpxdata:distance>
     <gpxdata:speed>3.108</gpxdata:speed>
    </extensions>
   </trkpt>
   <trkpt lat="47.7902911" lon="18.7134946">
    <ele>113</ele>
    <time>2026-07-05T07:45:07Z</time>
    <extensions>
     <gpxdata:distance>2163.00</gpxdata:distance>
     <gpxdata:speed>3.203</gpxdata:speed>
    </extensions>
   </trkpt>
   <trkpt lat="47.7902643" lon="18.7134671">
    <ele>113</ele>
    <time>2026-07-05T07:45:08Z</time>
    <extensions>
     <gpxdata:distance>2166.50</gpxdata:distance>
     <gpxdata:speed>3.356</gpxdata:speed>
    </extensions>
   </trkpt>
   <trkpt lat="47.7902384" lon="18.7134352">
    <ele>113</ele>
    <time>2026-07-05T07:45:09Z</time>
    <extensions>
     <gpxdata:distance>2170.00</gpxdata:distance>
     <gpxdata:speed>3.489</gpxdata:speed>
    </extensions>
   </trkpt>
   <trkpt lat="47.7902145" lon="18.7133972">
    <ele>113</ele>
    <time>2026-07-05T07:45:10Z</time>
    <extensions>
     <gpxdata:distance>2174.00</gpxdata:distance>
     <gpxdata:speed>3.592</gpxdata:speed>
    </extensions>
   </trkpt>
   <trkpt lat="47.7901923" lon="18.7133534">
    <ele>113</ele>
    <time>2026-07-05T07:45:11Z</time>
    <extensions>
     <gpxdata:distance>2178.00</gpxdata:distance>
     <gpxdata:speed>3.739</gpxdata:speed>
    </extensions>
   </trkpt>
   <trkpt lat="47.7901699" lon="18.7133077">
    <ele>114</ele>
    <time>2026-07-05T07:45:12Z</time>
    <extensions>
     <gpxdata:distance>2182.50</gpxdata:distance>
     <gpxdata:speed>3.931</gpxdata:speed>
    </extensions>
   </trkpt>
   <trkpt lat="47.7901455" lon="18.7132647">
    <ele>114</ele>
    <time>2026-07-05T07:45:13Z</time>
    <extensions>
     <gpxdata:distance>2187.00</gpxdata:distance>
     <gpxdata:speed>4.078</gpxdata:speed>
    </extensions>
   </trkpt>
   <trkpt lat="47.7901181" lon="18.7132270">
    <ele>114</ele>
    <time>2026-07-05T07:45:14Z</time>
    <extensions>
     <gpxdata:distance>2191.00</gpxdata:distance>
     <gpxdata:speed>4.153</gpxdata:speed>
    </extensions>
   </trkpt>
   <trkpt lat="47.7900871" lon="18.7131980">
    <ele>114</ele>
    <time>2026-07-05T07:45:15Z</time>
    <extensions>
     <gpxdata:distance>2195.00</gpxdata:distance>
     <gpxdata:speed>4.189</gpxdata:speed>
    </extensions>
   </trkpt>
   <trkpt lat="47.7900530" lon="18.7131826">
    <ele>114</ele>
    <time>2026-07-05T07:45:16Z</time>
    <extensions>
     <gpxdata:distance>2199.00</gpxdata:distance>
     <gpxdata:speed>4.211</gpxdata:speed>
    </extensions>
   </trkpt>
   <trkpt lat="47.7900176" lon="18.7131843">
    <ele>114</ele>
    <time>2026-07-05T07:45:17Z</time>
    <extensions>
     <gpxdata:distance>2203.00</gpxdata:distance>
     <gpxdata:speed>4.214</gpxdata:speed>
    </extensions>
   </trkpt>
   <trkpt lat="47.7899839" lon="18.7132029">
    <ele>114</ele>
    <time>2026-07-05T07:45:18Z</time>
    <extensions>
     <gpxdata:distance>2207.00</gpxdata:distance>
     <gpxdata:speed>4.225</gpxdata:speed>
    </extensions>
   </trkpt>
   <trkpt lat="47.7899546" lon="18.7132360">
    <ele>114</ele>
    <time>2026-07-05T07:45:19Z</time>
    <extensions>
     <gpxdata:distance>2211.00</gpxdata:distance>
     <gpxdata:speed>4.239</gpxdata:speed>
    </extensions>
   </trkpt>
   <trkpt lat="47.7899310" lon="18.7132792">
    <ele>114</ele>
    <time>2026-07-05T07:45:20Z</time>
    <extensions>
     <gpxdata:distance>2215.50</gpxdata:distance>
     <gpxdata:speed>4.258</gpxdata:speed>
    </extensions>
   </trkpt>
   <trkpt lat="47.7899129" lon="18.7133276">
    <ele>114</ele>
    <time>2026-07-05T07:45:21Z</time>
    <extensions>
     <gpxdata:distance>2220.00</gpxdata:distance>
     <gpxdata:speed>4.253</gpxdata:speed>
    </extensions>
   </trkpt>
   <trkpt lat="47.7898985" lon="18.7133779">
    <ele>114</ele>
    <time>2026-07-05T07:45:22Z</time>
    <extensions>
     <gpxdata:distance>2224.00</gpxdata:distance>
     <gpxdata:speed>4.228</gpxdata:speed>
    </extensions>
   </trkpt>
   <trkpt lat="47.7898849" lon="18.7134260">
    <ele>114</ele>
    <time>2026-07-05T07:45:23Z</time>
    <extensions>
     <gpxdata:distance>2228.00</gpxdata:distance>
     <gpxdata:speed>4.194</gpxdata:speed>
    </extensions>
   </trkpt>
   <trkpt lat="47.7898716" lon="18.7134670">
    <ele>114</ele>
    <time>2026-07-05T07:45:24Z</time>
    <extensions>
     <gpxdata:distance>2231.00</gpxdata:distance>
     <gpxdata:speed>4.142</gpxdata:speed>
    </extensions>
   </trkpt>
   <trkpt lat="47.7898586" lon="18.7134948">
    <ele>114</ele>
    <time>2026-07-05T07:45:25Z</time>
    <extensions>
     <gpxdata:distance>2234.00</gpxdata:distance>
     <gpxdata:speed>3.861</gpxdata:speed>
    </extensions>
   </trkpt>
   <trkpt lat="47.7898513" lon="18.7135013">
    <ele>114</ele>
    <time>2026-07-05T07:45:26Z</time>
    <extensions>
     <gpxdata:distance>2235.00</gpxdata:distance>
     <gpxdata:speed>2.542</gpxdata:speed>
    </extensions>
   </trkpt>
   <trkpt lat="47.7898415" lon="18.7135016">
    <ele>114</ele>
    <time>2026-07-05T07:45:27Z</time>
    <extensions>
     <gpxdata:distance>2236.00</gpxdata:distance>
     <gpxdata:speed>2.011</gpxdata:speed>
    </extensions>
   </trkpt>
   <trkpt lat="47.7898337" lon="18.7134977">
    <ele>114</ele>
    <time>2026-07-05T07:45:28Z</time>
    <extensions>
     <gpxdata:distance>2237.50</gpxdata:distance>
     <gpxdata:speed>1.822</gpxdata:speed>
    </extensions>
   </trkpt>
   <trkpt lat="47.7898239" lon="18.7134933">
    <ele>114</ele>
    <time>2026-07-05T07:45:29Z</time>
    <extensions>
     <gpxdata:distance>2239.00</gpxdata:distance>
     <gpxdata:speed>1.683</gpxdata:speed>
    </extensions>
   </trkpt>
   <trkpt lat="47.7898132" lon="18.7134927">
    <ele>114</ele>
    <time>2026-07-05T07:45:30Z</time>
    <extensions>
     <gpxdata:distance>2240.50</gpxdata:distance>
     <gpxdata:speed>1.553</gpxdata:speed>
    </extensions>
   </trkpt>
   <trkpt lat="47.7898035" lon="18.7134982">
    <ele>114</ele>
    <time>2026-07-05T07:45:31Z</time>
    <extensions>
     <gpxdata:distance>2242.00</gpxdata:distance>
     <gpxdata:speed>1.583</gpxdata:speed>
    </extensions>
   </trkpt>
   <trkpt lat="47.7897960" lon="18.7135096">
    <ele>114</ele>
    <time>2026-07-05T07:45:32Z</time>
    <extensions>
     <gpxdata:distance>2243.00</gpxdata:distance>
     <gpxdata:speed>1.614</gpxdata:speed>
    </extensions>
   </trkpt>
   <trkpt lat="47.7897895" lon="18.7135262">
    <ele>114</ele>
    <time>2026-07-05T07:45:33Z</time>
    <extensions>
     <gpxdata:distance>2244.00</gpxdata:distance>
     <gpxdata:speed>1.708</gpxdata:speed>
    </extensions>
   </trkpt>
   <trkpt lat="47.7897823" lon="18.7135461">
    <ele>114</ele>
    <time>2026-07-05T07:45:34Z</time>
    <extensions>
     <gpxdata:distance>2246.00</gpxdata:distance>
     <gpxdata:speed>1.894</gpxdata:speed>
    </extensions>
   </trkpt>
   <trkpt lat="47.7897741" lon="18.7135684">
    <ele>114</ele>
    <time>2026-07-05T07:45:35Z</time>
    <extensions>
     <gpxdata:distance>2248.00</gpxdata:distance>
     <gpxdata:speed>1.983</gpxdata:speed>
    </extensions>
   </trkpt>
   <trkpt lat="47.7897612" lon="18.7136001">
    <ele>114</ele>
    <time>2026-07-05T07:45:36Z</time>
    <extensions>
     <gpxdata:distance>2250.50</gpxdata:distance>
     <gpxdata:speed>2.086</gpxdata:speed>
    </extensions>
   </trkpt>
   <trkpt lat="47.7897485" lon="18.7136271">
    <ele>114</ele>
    <time>2026-07-05T07:45:37Z</time>
    <extensions>
     <gpxdata:distance>2253.00</gpxdata:distance>
     <gpxdata:speed>2.178</gpxdata:speed>
    </extensions>
   </trkpt>
   <trkpt lat="47.7897347" lon="18.7136517">
    <ele>114</ele>
    <time>2026-07-05T07:45:38Z</time>
    <extensions>
     <gpxdata:distance>2255.50</gpxdata:distance>
     <gpxdata:speed>2.253</gpxdata:speed>
    </extensions>
   </trkpt>
   <trkpt lat="47.7897199" lon="18.7136749">
    <ele>114</ele>
    <time>2026-07-05T07:45:39Z</time>
    <extensions>
     <gpxdata:distance>2258.00</gpxdata:distance>
     <gpxdata:speed>2.339</gpxdata:speed>
    </extensions>
   </trkpt>
   <trkpt lat="47.7896332" lon="18.7138476">
    <ele>114</ele>
    <time>2026-07-05T07:46:02Z</time>
    <extensions>
     <gpxdata:distance>2277.00</gpxdata:distance>
     <gpxdata:speed>2.419</gpxdata:speed>
    </extensions>
   </trkpt>
   <trkpt lat="47.7896165" lon="18.7138747">
    <ele>114</ele>
    <time>2026-07-05T07:46:03Z</time>
    <extensions>
     <gpxdata:distance>2277.00</gpxdata:distance>
     <gpxdata:speed>2.689</gpxdata:speed>
    </extensions>
   </trkpt>
   <trkpt lat="47.7895999" lon="18.7139026">
    <ele>114</ele>
    <time>2026-07-05T07:46:04Z</time>
    <extensions>
     <gpxdata:distance>2280.00</gpxdata:distance>
     <gpxdata:speed>2.781</gpxdata:speed>
    </extensions>
   </trkpt>
   <trkpt lat="47.7895836" lon="18.7139311">
    <ele>114</ele>
    <time>2026-07-05T07:46:05Z</time>
    <extensions>
     <gpxdata:distance>2283.00</gpxdata:distance>
     <gpxdata:speed>2.828</gpxdata:speed>
    </extensions>
   </trkpt>
   <trkpt lat="47.7895675" lon="18.7139585">
    <ele>114</ele>
    <time>2026-07-05T07:46:06Z</time>
    <extensions>
     <gpxdata:distance>2285.50</gpxdata:distance>
     <gpxdata:speed>2.839</gpxdata:speed>
    </extensions>
   </trkpt>
   <trkpt lat="47.7895509" lon="18.7139839">
    <ele>114</ele>
    <time>2026-07-05T07:46:07Z</time>
    <extensions>
     <gpxdata:distance>2288.00</gpxdata:distance>
     <gpxdata:speed>2.697</gpxdata:speed>
    </extensions>
   </trkpt>
   <trkpt lat="47.7895338" lon="18.7140087">
    <ele>114</ele>
    <time>2026-07-05T07:46:08Z</time>
    <extensions>
     <gpxdata:distance>2290.50</gpxdata:distance>
     <gpxdata:speed>2.683</gpxdata:speed>
    </extensions>
   </trkpt>
   <trkpt lat="47.7895176" lon="18.7140347">
    <ele>114</ele>
    <time>2026-07-05T07:46:09Z</time>
    <extensions>
     <gpxdata:distance>2293.00</gpxdata:distance>
     <gpxdata:speed>2.697</gpxdata:speed>
    </extensions>
   </trkpt>
   <trkpt lat="47.7895020" lon="18.7140623">
    <ele>114</ele>
    <time>2026-07-05T07:46:10Z</time>
    <extensions>
     <gpxdata:distance>2296.00</gpxdata:distance>
     <gpxdata:speed>2.714</gpxdata:speed>
    </extensions>
   </trkpt>
   <trkpt lat="47.7894858" lon="18.7140907">
    <ele>114</ele>
    <time>2026-07-05T07:46:11Z</time>
    <extensions>
     <gpxdata:distance>2299.00</gpxdata:distance>
     <gpxdata:speed>2.736</gpxdata:speed>
    </extensions>
   </trkpt>
   <trkpt lat="47.7894686" lon="18.7141190">
    <ele>114</ele>
    <time>2026-07-05T07:46:12Z</time>
    <extensions>
     <gpxdata:distance>2302.00</gpxdata:distance>
     <gpxdata:speed>2.803</gpxdata:speed>
    </extensions>
   </trkpt>
   <trkpt lat="47.7894504" lon="18.7141464">
    <ele>114</ele>
    <time>2026-07-05T07:46:13Z</time>
    <extensions>
     <gpxdata:distance>2305.00</gpxdata:distance>
     <gpxdata:speed>2.881</gpxdata:speed>
    </extensions>
   </trkpt>
   <trkpt lat="47.7894317" lon="18.7141736">
    <ele>114</ele>
    <time>2026-07-05T07:46:14Z</time>
    <extensions>
     <gpxdata:distance>2308.00</gpxdata:distance>
     <gpxdata:speed>2.900</gpxdata:speed>
    </extensions>
   </trkpt>
   <trkpt lat="47.7894130" lon="18.7142012">
    <ele>114</ele>
    <time>2026-07-05T07:46:15Z</time>
    <extensions>
     <gpxdata:distance>2311.00</gpxdata:distance>
     <gpxdata:speed>2.914</gpxdata:speed>
    </extensions>
   </trkpt>
   <trkpt lat="47.7893943" lon="18.7142296">
    <ele>114</ele>
    <time>2026-07-05T07:46:16Z</time>
    <extensions>
     <gpxdata:distance>2314.00</gpxdata:distance>
     <gpxdata:speed>2.936</gpxdata:speed>
    </extensions>
   </trkpt>
   <trkpt lat="47.7893755" lon="18.7142587">
    <ele>114</ele>
    <time>2026-07-05T07:46:17Z</time>
    <extensions>
     <gpxdata:distance>2317.00</gpxdata:distance>
     <gpxdata:speed>2.969</gpxdata:speed>
    </extensions>
   </trkpt>
   <trkpt lat="47.7893444" lon="18.7143069">
    <ele>114</ele>
    <time>2026-07-05T07:46:18Z</time>
    <extensions>
     <gpxdata:distance>2320.00</gpxdata:distance>
     <gpxdata:speed>3.008</gpxdata:speed>
    </extensions>
   </trkpt>
   <trkpt lat="47.7893226" lon="18.7143412">
    <ele>114</ele>
    <time>2026-07-05T07:46:19Z</time>
    <extensions>
     <gpxdata:distance>2323.00</gpxdata:distance>
     <gpxdata:speed>3.056</gpxdata:speed>
    </extensions>
   </trkpt>
   <trkpt lat="47.7893029" lon="18.7143741">
    <ele>114</ele>
    <time>2026-07-05T07:46:20Z</time>
    <extensions>
     <gpxdata:distance>2326.00</gpxdata:distance>
     <gpxdata:speed>3.103</gpxdata:speed>
    </extensions>
   </trkpt>
   <trkpt lat="47.7892840" lon="18.7144074">
    <ele>114</ele>
    <time>2026-07-05T07:46:21Z</time>
    <extensions>
     <gpxdata:distance>2329.00</gpxdata:distance>
     <gpxdata:speed>3.150</gpxdata:speed>
    </extensions>
   </trkpt>
   <trkpt lat="47.7892646" lon="18.7144406">
    <ele>114</ele>
    <time>2026-07-05T07:46:22Z</time>
    <extensions>
     <gpxdata:distance>2332.50</gpxdata:distance>
     <gpxdata:speed>3.186</gpxdata:speed>
    </extensions>
   </trkpt>
   <trkpt lat="47.7892440" lon="18.7144725">
    <ele>115</ele>
    <time>2026-07-05T07:46:23Z</time>
    <extensions>
     <gpxdata:distance>2336.00</gpxdata:distance>
     <gpxdata:speed>3.233</gpxdata:speed>
    </extensions>
   </trkpt>
   <trkpt lat="47.7892236" lon="18.7145040">
    <ele>115</ele>
    <time>2026-07-05T07:46:24Z</time>
    <extensions>
     <gpxdata:distance>2339.00</gpxdata:distance>
     <gpxdata:speed>3.261</gpxdata:speed>
    </extensions>
   </trkpt>
   <trkpt lat="47.7892044" lon="18.7145357">
    <ele>115</ele>
    <time>2026-07-05T07:46:25Z</time>
    <extensions>
     <gpxdata:distance>2342.00</gpxdata:distance>
     <gpxdata:speed>3.264</gpxdata:speed>
    </extensions>
   </trkpt>
   <trkpt lat="47.7891860" lon="18.7145673">
    <ele>115</ele>
    <time>2026-07-05T07:46:26Z</time>
    <extensions>
     <gpxdata:distance>2345.50</gpxdata:distance>
     <gpxdata:speed>3.233</gpxdata:speed>
    </extensions>
   </trkpt>
   <trkpt lat="47.7891683" lon="18.7145986">
    <ele>115</ele>
    <time>2026-07-05T07:46:27Z</time>
    <extensions>
     <gpxdata:distance>2349.00</gpxdata:distance>
     <gpxdata:speed>3.192</gpxdata:speed>
    </extensions>
   </trkpt>
   <trkpt lat="47.7891513" lon="18.7146288">
    <ele>115</ele>
    <time>2026-07-05T07:46:28Z</time>
    <extensions>
     <gpxdata:distance>2351.50</gpxdata:distance>
     <gpxdata:speed>3.136</gpxdata:speed>
    </extensions>
   </trkpt>
   <trkpt lat="47.7891341" lon="18.7146563">
    <ele>115</ele>
    <time>2026-07-05T07:46:29Z</time>
    <extensions>
     <gpxdata:distance>2354.00</gpxdata:distance>
     <gpxdata:speed>3.053</gpxdata:speed>
    </extensions>
   </trkpt>
   <trkpt lat="47.7891237" lon="18.7146696">
    <ele>115</ele>
    <time>2026-07-05T07:46:30Z</time>
    <extensions>
     <gpxdata:distance>2357.00</gpxdata:distance>
     <gpxdata:speed>2.950</gpxdata:speed>
    </extensions>
   </trkpt>
   <trkpt lat="47.7891084" lon="18.7146865">
    <ele>115</ele>
    <time>2026-07-05T07:46:31Z</time>
    <extensions>
     <gpxdata:distance>2360.00</gpxdata:distance>
     <gpxdata:speed>2.847</gpxdata:speed>
    </extensions>
   </trkpt>
   <trkpt lat="47.7890903" lon="18.7147064">
    <ele>115</ele>
    <time>2026-07-05T07:46:32Z</time>
    <extensions>
     <gpxdata:distance>2362.50</gpxdata:distance>
     <gpxdata:speed>2.783</gpxdata:speed>
    </extensions>
   </trkpt>
   <trkpt lat="47.7890716" lon="18.7147299">
    <ele>115</ele>
    <time>2026-07-05T07:46:33Z</time>
    <extensions>
     <gpxdata:distance>2365.00</gpxdata:distance>
     <gpxdata:speed>2.803</gpxdata:speed>
    </extensions>
   </trkpt>
   <trkpt lat="47.7890532" lon="18.7147566">
    <ele>115</ele>
    <time>2026-07-05T07:46:34Z</time>
    <extensions>
     <gpxdata:distance>2368.00</gpxdata:distance>
     <gpxdata:speed>2.842</gpxdata:speed>
    </extensions>
   </trkpt>
   <trkpt lat="47.7890354" lon="18.7147859">
    <ele>115</ele>
    <time>2026-07-05T07:46:35Z</time>
    <extensions>
     <gpxdata:distance>2371.00</gpxdata:distance>
     <gpxdata:speed>2.894</gpxdata:speed>
    </extensions>
   </trkpt>
   <trkpt lat="47.7890194" lon="18.7148172">
    <ele>115</ele>
    <time>2026-07-05T07:46:36Z</time>
    <extensions>
     <gpxdata:distance>2374.00</gpxdata:distance>
     <gpxdata:speed>2.947</gpxdata:speed>
    </extensions>
   </trkpt>
   <trkpt lat="47.7890060" lon="18.7148500">
    <ele>115</ele>
    <time>2026-07-05T07:46:37Z</time>
    <extensions>
     <gpxdata:distance>2377.00</gpxdata:distance>
     <gpxdata:speed>2.956</gpxdata:speed>
    </extensions>
   </trkpt>
   <trkpt lat="47.7889952" lon="18.7148832">
    <ele>115</ele>
    <time>2026-07-05T07:46:38Z</time>
    <extensions>
     <gpxdata:distance>2379.50</gpxdata:distance>
     <gpxdata:speed>2.917</gpxdata:speed>
    </extensions>
   </trkpt>
   <trkpt lat="47.7889853" lon="18.7149164">
    <ele>115</ele>
    <time>2026-07-05T07:46:39Z</time>
    <extensions>
     <gpxdata:distance>2382.00</gpxdata:distance>
     <gpxdata:speed>2.836</gpxdata:speed>
    </extensions>
   </trkpt>
   <trkpt lat="47.7889753" lon="18.7149499">
    <ele>115</ele>
    <time>2026-07-05T07:46:40Z</time>
    <extensions>
     <gpxdata:distance>2385.00</gpxdata:distance>
     <gpxdata:speed>2.783</gpxdata:speed>
    </extensions>
   </trkpt>
   <trkpt lat="47.7889652" lon="18.7149847">
    <ele>115</ele>
    <time>2026-07-05T07:46:41Z</time>
    <extensions>
     <gpxdata:distance>2388.00</gpxdata:distance>
     <gpxdata:speed>2.789</gpxdata:speed>
    </extensions>
   </trkpt>
   <trkpt lat="47.7889555" lon="18.7150207">
    <ele>115</ele>
    <time>2026-07-05T07:46:42Z</time>
    <extensions>
     <gpxdata:distance>2391.00</gpxdata:distance>
     <gpxdata:speed>2.839</gpxdata:speed>
    </extensions>
   </trkpt>
   <trkpt lat="47.7889463" lon="18.7150582">
    <ele>115</ele>
    <time>2026-07-05T07:46:43Z</time>
    <extensions>
     <gpxdata:distance>2394.00</gpxdata:distance>
     <gpxdata:speed>2.892</gpxdata:speed>
    </extensions>
   </trkpt>
   <trkpt lat="47.7889384" lon="18.7150966">
    <ele>115</ele>
    <time>2026-07-05T07:46:44Z</time>
    <extensions>
     <gpxdata:distance>2397.00</gpxdata:distance>
     <gpxdata:speed>2.958</gpxdata:speed>
    </extensions>
   </trkpt>
   <trkpt lat="47.7889316" lon="18.7151357">
    <ele>115</ele>
    <time>2026-07-05T07:46:45Z</time>
    <extensions>
     <gpxdata:distance>2400.00</gpxdata:distance>
     <gpxdata:speed>2.989</gpxdata:speed>
    </extensions>
   </trkpt>
   <trkpt lat="47.7889226" lon="18.7152013">
    <ele>115</ele>
    <time>2026-07-05T07:46:46Z</time>
    <extensions>
     <gpxdata:distance>2403.00</gpxdata:distance>
     <gpxdata:speed>3.008</gpxdata:speed>
    </extensions>
   </trkpt>
   <trkpt lat="47.7889185" lon="18.7152499">
    <ele>115</ele>
    <time>2026-07-05T07:46:47Z</time>
    <extensions>
     <gpxdata:distance>2406.00</gpxdata:distance>
     <gpxdata:speed>3.064</gpxdata:speed>
    </extensions>
   </trkpt>
   <trkpt lat="47.7889162" lon="18.7152962">
    <ele>115</ele>
    <time>2026-07-05T07:46:48Z</time>
    <extensions>
     <gpxdata:distance>2409.50</gpxdata:distance>
     <gpxdata:speed>3.181</gpxdata:speed>
    </extensions>
   </trkpt>
   <trkpt lat="47.7889156" lon="18.7153425">
    <ele>115</ele>
    <time>2026-07-05T07:46:49Z</time>
    <extensions>
     <gpxdata:distance>2413.00</gpxdata:distance>
     <gpxdata:speed>3.275</gpxdata:speed>
    </extensions>
   </trkpt>
   <trkpt lat="47.7889174" lon="18.7153891">
    <ele>115</ele>
    <time>2026-07-05T07:46:50Z</time>
    <extensions>
     <gpxdata:distance>2416.50</gpxdata:distance>
     <gpxdata:speed>3.347</gpxdata:speed>
    </extensions>
   </trkpt>
   <trkpt lat="47.7889208" lon="18.7154350">
    <ele>115</ele>
    <time>2026-07-05T07:46:51Z</time>
    <extensions>
     <gpxdata:distance>2420.00</gpxdata:distance>
     <gpxdata:speed>3.447</gpxdata:speed>
    </extensions>
   </trkpt>
   <trkpt lat="47.7889259" lon="18.7154789">
    <ele>115</ele>
    <time>2026-07-05T07:46:52Z</time>
    <extensions>
     <gpxdata:distance>2423.50</gpxdata:distance>
     <gpxdata:speed>3.439</gpxdata:speed>
    </extensions>
   </trkpt>
   <trkpt lat="47.7889332" lon="18.7155212">
    <ele>115</ele>
    <time>2026-07-05T07:46:53Z</time>
    <extensions>
     <gpxdata:distance>2427.00</gpxdata:distance>
     <gpxdata:speed>3.375</gpxdata:speed>
    </extensions>
   </trkpt>
   <trkpt lat="47.7889417" lon="18.7155636">
    <ele>115</ele>
    <time>2026-07-05T07:46:54Z</time>
    <extensions>
     <gpxdata:distance>2430.50</gpxdata:distance>
     <gpxdata:speed>3.331</gpxdata:speed>
    </extensions>
   </trkpt>
   <trkpt lat="47.7889503" lon="18.7156060">
    <ele>115</ele>
    <time>2026-07-05T07:46:55Z</time>
    <extensions>
     <gpxdata:distance>2434.00</gpxdata:distance>
     <gpxdata:speed>3.336</gpxdata:speed>
    </extensions>
   </trkpt>
   <trkpt lat="47.7889586" lon="18.7156483">
    <ele>115</ele>
    <time>2026-07-05T07:46:56Z</time>
    <extensions>
     <gpxdata:distance>2437.00</gpxdata:distance>
     <gpxdata:speed>3.333</gpxdata:speed>
    </extensions>
   </trkpt>
   <trkpt lat="47.7889656" lon="18.7156899">
    <ele>115</ele>
    <time>2026-07-05T07:46:57Z</time>
    <extensions>
     <gpxdata:distance>2440.00</gpxdata:distance>
     <gpxdata:speed>3.314</gpxdata:speed>
    </extensions>
   </trkpt>
   <trkpt lat="47.7889721" lon="18.7157299">
    <ele>115</ele>
    <time>2026-07-05T07:46:58Z</time>
    <extensions>
     <gpxdata:distance>2443.00</gpxdata:distance>
     <gpxdata:speed>3.267</gpxdata:speed>
    </extensions>
   </trkpt>
   <trkpt lat="47.7889788" lon="18.7157672">
    <ele>115</ele>
    <time>2026-07-05T07:46:59Z</time>
    <extensions>
     <gpxdata:distance>2446.00</gpxdata:distance>
     <gpxdata:speed>3.175</gpxdata:speed>
    </extensions>
   </trkpt>
   <trkpt lat="47.7889856" lon="18.7158029">
    <ele>115</ele>
    <time>2026-07-05T07:47:00Z</time>
    <extensions>
     <gpxdata:distance>2449.00</gpxdata:distance>
     <gpxdata:speed>3.044</gpxdata:speed>
    </extensions>
   </trkpt>
   <trkpt lat="47.7889893" lon="18.7158230">
    <ele>115</ele>
    <time>2026-07-05T07:47:01Z</time>
    <extensions>
     <gpxdata:distance>2452.00</gpxdata:distance>
     <gpxdata:speed>2.936</gpxdata:speed>
    </extensions>
   </trkpt>
   <trkpt lat="47.7889945" lon="18.7158506">
    <ele>115</ele>
    <time>2026-07-05T07:47:02Z</time>
    <extensions>
     <gpxdata:distance>2454.50</gpxdata:distance>
     <gpxdata:speed>2.853</gpxdata:speed>
    </extensions>
   </trkpt>
   <trkpt lat="47.7890003" lon="18.7158826">
    <ele>115</ele>
    <time>2026-07-05T07:47:03Z</time>
    <extensions>
     <gpxdata:distance>2457.00</gpxdata:distance>
     <gpxdata:speed>2.794</gpxdata:speed>
    </extensions>
   </trkpt>
   <trkpt lat="47.7890064" lon="18.7159178">
    <ele>115</ele>
    <time>2026-07-05T07:47:04Z</time>
    <extensions>
     <gpxdata:distance>2460.00</gpxdata:distance>
     <gpxdata:speed>2.778</gpxdata:speed>
    </extensions>
   </trkpt>
   <trkpt lat="47.7890123" lon="18.7159566">
    <ele>115</ele>
    <time>2026-07-05T07:47:05Z</time>
    <extensions>
     <gpxdata:distance>2463.00</gpxdata:distance>
     <gpxdata:speed>2.825</gpxdata:speed>
    </extensions>
   </trkpt>
   <trkpt lat="47.7890181" lon="18.7159980">
    <ele>115</ele>
    <time>2026-07-05T07:47:06Z</time>
    <extensions>
     <gpxdata:distance>2466.50</gpxdata:distance>
     <gpxdata:speed>2.967</gpxdata:speed>
    </extensions>
   </trkpt>
   <trkpt lat="47.7890288" lon="18.7160680">
    <ele>115</ele>
    <time>2026-07-05T07:47:07Z</time>
    <extensions>
     <gpxdata:distance>2470.00</gpxdata:distance>
     <gpxdata:speed>3.097</gpxdata:speed>
    </extensions>
   </trkpt>
   <trkpt lat="47.7890372" lon="18.7161185">
    <ele>115</ele>
    <time>2026-07-05T07:47:08Z</time>
    <extensions>
     <gpxdata:distance>2473.50</gpxdata:distance>
     <gpxdata:speed>3.219</gpxdata:speed>
    </extensions>
   </trkpt>
   <trkpt lat="47.7890447" lon="18.7161666">
    <ele>115</ele>
    <time>2026-07-05T07:47:09Z</time>
    <extensions>
     <gpxdata:distance>2477.00</gpxdata:distance>
     <gpxdata:speed>3.339</gpxdata:speed>
    </extensions>
   </trkpt>
   <trkpt lat="47.7890512" lon="18.7162155">
    <ele>115</ele>
    <time>2026-07-05T07:47:10Z</time>
    <extensions>
     <gpxdata:distance>2480.50</gpxdata:distance>
     <gpxdata:speed>3.453</gpxdata:speed>
    </extensions>
   </trkpt>
   <trkpt lat="47.7890568" lon="18.7162655">
    <ele>115</ele>
    <time>2026-07-05T07:47:11Z</time>
    <extensions>
     <gpxdata:distance>2484.00</gpxdata:distance>
     <gpxdata:speed>3.569</gpxdata:speed>
    </extensions>
   </trkpt>
   <trkpt lat="47.7890601" lon="18.7163167">
    <ele>115</ele>
    <time>2026-07-05T07:47:12Z</time>
    <extensions>
     <gpxdata:distance>2488.00</gpxdata:distance>
     <gpxdata:speed>3.764</gpxdata:speed>
    </extensions>
   </trkpt>
   <trkpt lat="47.7890604" lon="18.7163689">
    <ele>115</ele>
    <time>2026-07-05T07:47:13Z</time>
    <extensions>
     <gpxdata:distance>2492.00</gpxdata:distance>
     <gpxdata:speed>3.850</gpxdata:speed>
    </extensions>
   </trkpt>
   <trkpt lat="47.7890584" lon="18.7164216">
    <ele>115</ele>
    <time>2026-07-05T07:47:14Z</time>
    <extensions>
     <gpxdata:distance>2496.00</gpxdata:distance>
     <gpxdata:speed>3.911</gpxdata:speed>
    </extensions>
   </trkpt>
   <trkpt lat="47.7890561" lon="18.7164743">
    <ele>115</ele>
    <time>2026-07-05T07:47:15Z</time>
    <extensions>
     <gpxdata:distance>2500.00</gpxdata:distance>
     <gpxdata:speed>3.956</gpxdata:speed>
    </extensions>
   </trkpt>
   <trkpt lat="47.7890562" lon="18.7165274">
    <ele>115</ele>
    <time>2026-07-05T07:47:16Z</time>
    <extensions>
     <gpxdata:distance>2504.00</gpxdata:distance>
     <gpxdata:speed>3.961</gpxdata:speed>
    </extensions>
   </trkpt>
   <trkpt lat="47.7890609" lon="18.7165819">
    <ele>115</ele>
    <time>2026-07-05T07:47:17Z</time>
    <extensions>
     <gpxdata:distance>2508.00</gpxdata:distance>
     <gpxdata:speed>3.986</gpxdata:speed>
    </extensions>
   </trkpt>
   <trkpt lat="47.7890700" lon="18.7166369">
    <ele>115</ele>
    <time>2026-07-05T07:47:18Z</time>
    <extensions>
     <gpxdata:distance>2512.50</gpxdata:distance>
     <gpxdata:speed>4.158</gpxdata:speed>
    </extensions>
   </trkpt>
   <trkpt lat="47.7890825" lon="18.7166925">
    <ele>115</ele>
    <time>2026-07-05T07:47:19Z</time>
    <extensions>
     <gpxdata:distance>2517.00</gpxdata:distance>
     <gpxdata:speed>4.247</gpxdata:speed>
    </extensions>
   </trkpt>
   <trkpt lat="47.7890963" lon="18.7167482">
    <ele>115</ele>
    <time>2026-07-05T07:47:20Z</time>
    <extensions>
     <gpxdata:distance>2521.50</gpxdata:distance>
     <gpxdata:speed>4.333</gpxdata:speed>
    </extensions>
   </trkpt>
   <trkpt lat="47.7891105" lon="18.7168024">
    <ele>115</ele>
    <time>2026-07-05T07:47:21Z</time>
    <extensions>
     <gpxdata:distance>2526.00</gpxdata:distance>
     <gpxdata:speed>4.378</gpxdata:speed>
    </extensions>
   </trkpt>
   <trkpt lat="47.7891241" lon="18.7168552">
    <ele>115</ele>
    <time>2026-07-05T07:47:22Z</time>
    <extensions>
     <gpxdata:distance>2530.00</gpxdata:distance>
     <gpxdata:speed>4.350</gpxdata:speed>
    </extensions>
   </trkpt>
   <trkpt lat="47.7891360" lon="18.7169075">
    <ele>115</ele>
    <time>2026-07-05T07:47:23Z</time>
    <extensions>
     <gpxdata:distance>2534.00</gpxdata:distance>
     <gpxdata:speed>4.292</gpxdata:speed>
    </extensions>
   </trkpt>
   <trkpt lat="47.7891450" lon="18.7169601">
    <ele>115</ele>
    <time>2026-07-05T07:47:24Z</time>
    <extensions>
     <gpxdata:distance>2538.00</gpxdata:distance>
     <gpxdata:speed>4.222</gpxdata:speed>
    </extensions>
   </trkpt>
   <trkpt lat="47.7891521" lon="18.7170121">
    <ele>115</ele>
    <time>2026-07-05T07:47:25Z</time>
    <extensions>
     <gpxdata:distance>2542.00</gpxdata:distance>
     <gpxdata:speed>4.164</gpxdata:speed>
    </extensions>
   </trkpt>
   <trkpt lat="47.7891594" lon="18.7170627">
    <ele>115</ele>
    <time>2026-07-05T07:47:26Z</time>
    <extensions>
     <gpxdata:distance>2546.00</gpxdata:distance>
     <gpxdata:speed>4.086</gpxdata:speed>
    </extensions>
   </trkpt>
   <trkpt lat="47.7891669" lon="18.7171115">
    <ele>115</ele>
    <time>2026-07-05T07:47:27Z</time>
    <extensions>
     <gpxdata:distance>2550.00</gpxdata:distance>
     <gpxdata:speed>4.000</gpxdata:speed>
    </extensions>
   </trkpt>
   <trkpt lat="47.7891715" lon="18.7171576">
    <ele>115</ele>
    <time>2026-07-05T07:47:28Z</time>
    <extensions>
     <gpxdata:distance>2553.00</gpxdata:distance>
     <gpxdata:speed>3.894</gpxdata:speed>
    </extensions>
   </trkpt>
   <trkpt lat="47.7891697" lon="18.7171992">
    <ele>115</ele>
    <time>2026-07-05T07:47:29Z</time>
    <extensions>
     <gpxdata:distance>2556.00</gpxdata:distance>
     <gpxdata:speed>3.508</gpxdata:speed>
    </extensions>
   </trkpt>
   <trkpt lat="47.7891636" lon="18.7172365">
    <ele>115</ele>
    <time>2026-07-05T07:47:30Z</time>
    <extensions>
     <gpxdata:distance>2559.00</gpxdata:distance>
     <gpxdata:speed>3.214</gpxdata:speed>
    </extensions>
   </trkpt>
   <trkpt lat="47.7891604" lon="18.7172570">
    <ele>115</ele>
    <time>2026-07-05T07:47:31Z</time>
    <extensions>
     <gpxdata:distance>2562.00</gpxdata:distance>
     <gpxdata:speed>2.950</gpxdata:speed>
    </extensions>
   </trkpt>
   <trkpt lat="47.7891585" lon="18.7172860">
    <ele>115</ele>
    <time>2026-07-05T07:47:32Z</time>
    <extensions>
     <gpxdata:distance>2564.50</gpxdata:distance>
     <gpxdata:speed>2.833</gpxdata:speed>
    </extensions>
   </trkpt>
   <trkpt lat="47.7891594" lon="18.7173197">
    <ele>115</ele>
    <time>2026-07-05T07:47:33Z</time>
    <extensions>
     <gpxdata:distance>2567.00</gpxdata:distance>
     <gpxdata:speed>2.878</gpxdata:speed>
    </extensions>
   </trkpt>
   <trkpt lat="47.7891630" lon="18.7173548">
    <ele>115</ele>
    <time>2026-07-05T07:47:34Z</time>
    <extensions>
     <gpxdata:distance>2570.00</gpxdata:distance>
     <gpxdata:speed>2.906</gpxdata:speed>
    </extensions>
   </trkpt>
   <trkpt lat="47.7891697" lon="18.7173883">
    <ele>115</ele>
    <time>2026-07-05T07:47:35Z</time>
    <extensions>
     <gpxdata:distance>2573.00</gpxdata:distance>
     <gpxdata:speed>2.828</gpxdata:speed>
    </extensions>
   </trkpt>
   <trkpt lat="47.7891796" lon="18.7174180">
    <ele>115</ele>
    <time>2026-07-05T07:47:36Z</time>
    <extensions>
     <gpxdata:distance>2575.00</gpxdata:distance>
     <gpxdata:speed>2.683</gpxdata:speed>
    </extensions>
   </trkpt>
   <trkpt lat="47.7891929" lon="18.7174434">
    <ele>115</ele>
    <time>2026-07-05T07:47:37Z</time>
    <extensions>
     <gpxdata:distance>2577.00</gpxdata:distance>
     <gpxdata:speed>2.517</gpxdata:speed>
    </extensions>
   </trkpt>
   <trkpt lat="47.7892090" lon="18.7174672">
    <ele>115</ele>
    <time>2026-07-05T07:47:38Z</time>
    <extensions>
     <gpxdata:distance>2580.00</gpxdata:distance>
     <gpxdata:speed>2.511</gpxdata:speed>
    </extensions>
   </trkpt>
   <trkpt lat="47.7892256" lon="18.7174930">
    <ele>115</ele>
    <time>2026-07-05T07:47:39Z</time>
    <extensions>
     <gpxdata:distance>2583.00</gpxdata:distance>
     <gpxdata:speed>2.594</gpxdata:speed>
    </extensions>
   </trkpt>
   <trkpt lat="47.7892407" lon="18.7175227">
    <ele>115</ele>
    <time>2026-07-05T07:47:40Z</time>
    <extensions>
     <gpxdata:distance>2585.50</gpxdata:distance>
     <gpxdata:speed>2.697</gpxdata:speed>
    </extensions>
   </trkpt>
   <trkpt lat="47.7892529" lon="18.7175565">
    <ele>115</ele>
    <time>2026-07-05T07:47:41Z</time>
    <extensions>
     <gpxdata:distance>2588.00</gpxdata:distance>
     <gpxdata:speed>2.814</gpxdata:speed>
    </extensions>
   </trkpt>
   <trkpt lat="47.7892624" lon="18.7175939">
    <ele>115</ele>
    <time>2026-07-05T07:47:42Z</time>
    <extensions>
     <gpxdata:distance>2591.50</gpxdata:distance>
     <gpxdata:speed>2.914</gpxdata:speed>
    </extensions>
   </trkpt>
   <trkpt lat="47.7892752" lon="18.7176604">
    <ele>115</ele>
    <time>2026-07-05T07:47:43Z</time>
    <extensions>
     <gpxdata:distance>2595.00</gpxdata:distance>
     <gpxdata:speed>3.019</gpxdata:speed>
    </extensions>
   </trkpt>
   <trkpt lat="47.7892843" lon="18.7177103">
    <ele>115</ele>
    <time>2026-07-05T07:47:44Z</time>
    <extensions>
     <gpxdata:distance>2598.50</gpxdata:distance>
     <gpxdata:speed>3.158</gpxdata:speed>
    </extensions>
   </trkpt>
   <trkpt lat="47.7892928" lon="18.7177571">
    <ele>115</ele>
    <time>2026-07-05T07:47:45Z</time>
    <extensions>
     <gpxdata:distance>2602.00</gpxdata:distance>
     <gpxdata:speed>3.322</gpxdata:speed>
    </extensions>
   </trkpt>
   <trkpt lat="47.7893002" lon="18.7178031">
    <ele>115</ele>
    <time>2026-07-05T07:47:46Z</time>
    <extensions>
     <gpxdata:distance>2605.50</gpxdata:distance>
     <gpxdata:speed>3.414</gpxdata:speed>
    </extensions>
   </trkpt>
   <trkpt lat="47.7893077" lon="18.7178476">
    <ele>115</ele>
    <time>2026-07-05T07:47:47Z</time>
    <extensions>
     <gpxdata:distance>2609.00</gpxdata:distance>
     <gpxdata:speed>3.483</gpxdata:speed>
    </extensions>
   </trkpt>
   <trkpt lat="47.7893157" lon="18.7178914">
    <ele>115</ele>
    <time>2026-07-05T07:47:48Z</time>
    <extensions>
     <gpxdata:distance>2612.50</gpxdata:distance>
     <gpxdata:speed>3.417</gpxdata:speed>
    </extensions>
   </trkpt>
   <trkpt lat="47.7893239" lon="18.7179347">
    <ele>115</ele>
    <time>2026-07-05T07:47:49Z</time>
    <extensions>
     <gpxdata:distance>2616.00</gpxdata:distance>
     <gpxdata:speed>3.406</gpxdata:speed>
    </extensions>
   </trkpt>
   <trkpt lat="47.7893315" lon="18.7179771">
    <ele>115</ele>
    <time>2026-07-05T07:47:50Z</time>
    <extensions>
     <gpxdata:distance>2619.00</gpxdata:distance>
     <gpxdata:speed>3.383</gpxdata:speed>
    </extensions>
   </trkpt>
   <trkpt lat="47.7893381" lon="18.7180186">
    <ele>115</ele>
    <time>2026-07-05T07:47:51Z</time>
    <extensions>
     <gpxdata:distance>2622.00</gpxdata:distance>
     <gpxdata:speed>3.325</gpxdata:speed>
    </extensions>
   </trkpt>
   <trkpt lat="47.7893431" lon="18.7180594">
    <ele>115</ele>
    <time>2026-07-05T07:47:52Z</time>
    <extensions>
     <gpxdata:distance>2625.00</gpxdata:distance>
     <gpxdata:speed>3.264</gpxdata:speed>
    </extensions>
   </trkpt>
   <trkpt lat="47.7893485" lon="18.7180996">
    <ele>115</ele>
    <time>2026-07-05T07:47:53Z</time>
    <extensions>
     <gpxdata:distance>2628.00</gpxdata:distance>
     <gpxdata:speed>3.197</gpxdata:speed>
    </extensions>
   </trkpt>
   <trkpt lat="47.7893552" lon="18.7181395">
    <ele>115</ele>
    <time>2026-07-05T07:47:54Z</time>
    <extensions>
     <gpxdata:distance>2631.00</gpxdata:distance>
     <gpxdata:speed>3.147</gpxdata:speed>
    </extensions>
   </trkpt>
   <trkpt lat="47.7893627" lon="18.7181795">
    <ele>115</ele>
    <time>2026-07-05T07:47:55Z</time>
    <extensions>
     <gpxdata:distance>2634.00</gpxdata:distance>
     <gpxdata:speed>3.128</gpxdata:speed>
    </extensions>
   </trkpt>
   <trkpt lat="47.7893690" lon="18.7182203">
    <ele>115</ele>
    <time>2026-07-05T07:47:56Z</time>
    <extensions>
     <gpxdata:distance>2637.50</gpxdata:distance>
     <gpxdata:speed>3.122</gpxdata:speed>
    </extensions>
   </trkpt>
   <trkpt lat="47.7893746" lon="18.7182622">
    <ele>115</ele>
    <time>2026-07-05T07:47:57Z</time>
    <extensions>
     <gpxdata:distance>2641.00</gpxdata:distance>
     <gpxdata:speed>3.131</gpxdata:speed>
    </extensions>
   </trkpt>
   <trkpt lat="47.7893800" lon="18.7183047">
    <ele>115</ele>
    <time>2026-07-05T07:47:58Z</time>
    <extensions>
     <gpxdata:distance>2644.00</gpxdata:distance>
     <gpxdata:speed>3.161</gpxdata:speed>
    </extensions>
   </trkpt>
   <trkpt lat="47.7893860" lon="18.7183472">
    <ele>115</ele>
    <time>2026-07-05T07:47:59Z</time>
    <extensions>
     <gpxdata:distance>2647.00</gpxdata:distance>
     <gpxdata:speed>3.192</gpxdata:speed>
    </extensions>
   </trkpt>
   <trkpt lat="47.7893932" lon="18.7183895">
    <ele>115</ele>
    <time>2026-07-05T07:48:00Z</time>
    <extensions>
     <gpxdata:distance>2650.50</gpxdata:distance>
     <gpxdata:speed>3.211</gpxdata:speed>
    </extensions>
   </trkpt>
   <trkpt lat="47.7894017" lon="18.7184315">
    <ele>115</ele>
    <time>2026-07-05T07:48:01Z</time>
    <extensions>
     <gpxdata:distance>2654.00</gpxdata:distance>
     <gpxdata:speed>3.233</gpxdata:speed>
    </extensions>
   </trkpt>
   <trkpt lat="47.7894111" lon="18.7184729">
    <ele>115</ele>
    <time>2026-07-05T07:48:02Z</time>
    <extensions>
     <gpxdata:distance>2657.00</gpxdata:distance>
     <gpxdata:speed>3.253</gpxdata:speed>
    </extensions>
   </trkpt>
   <trkpt lat="47.7894218" lon="18.7185145">
    <ele>115</ele>
    <time>2026-07-05T07:48:03Z</time>
    <extensions>
     <gpxdata:distance>2660.00</gpxdata:distance>
     <gpxdata:speed>3.256</gpxdata:speed>
    </extensions>
   </trkpt>
   <trkpt lat="47.7894324" lon="18.7185563">
    <ele>115</ele>
    <time>2026-07-05T07:48:04Z</time>
    <extensions>
     <gpxdata:distance>2663.50</gpxdata:distance>
     <gpxdata:speed>3.294</gpxdata:speed>
    </extensions>
   </trkpt>
   <trkpt lat="47.7894423" lon="18.7185981">
    <ele>115</ele>
    <time>2026-07-05T07:48:05Z</time>
    <extensions>
     <gpxdata:distance>2667.00</gpxdata:distance>
     <gpxdata:speed>3.317</gpxdata:speed>
    </extensions>
   </trkpt>
   <trkpt lat="47.7894517" lon="18.7186399">
    <ele>115</ele>
    <time>2026-07-05T07:48:06Z</time>
    <extensions>
     <gpxdata:distance>2670.50</gpxdata:distance>
     <gpxdata:speed>3.308</gpxdata:speed>
    </extensions>
   </trkpt>
   <trkpt lat="47.7894615" lon="18.7186814">
    <ele>115</ele>
    <time>2026-07-05T07:48:07Z</time>
    <extensions>
     <gpxdata:distance>2674.00</gpxdata:distance>
     <gpxdata:speed>3.303</gpxdata:speed>
    </extensions>
   </trkpt>
   <trkpt lat="47.7894717" lon="18.7187230">
    <ele>115</ele>
    <time>2026-07-05T07:48:08Z</time>
    <extensions>
     <gpxdata:distance>2677.00</gpxdata:distance>
     <gpxdata:speed>3.300</gpxdata:speed>
    </extensions>
   </trkpt>
   <trkpt lat="47.7894820" lon="18.7187655">
    <ele>115</ele>
    <time>2026-07-05T07:48:09Z</time>
    <extensions>
     <gpxdata:distance>2680.00</gpxdata:distance>
     <gpxdata:speed>3.311</gpxdata:speed>
    </extensions>
   </trkpt>
   <trkpt lat="47.7894918" lon="18.7188086">
    <ele>115</ele>
    <time>2026-07-05T07:48:10Z</time>
    <extensions>
     <gpxdata:distance>2683.50</gpxdata:distance>
     <gpxdata:speed>3.344</gpxdata:speed>
    </extensions>
   </trkpt>
   <trkpt lat="47.7895009" lon="18.7188529">
    <ele>115</ele>
    <time>2026-07-05T07:48:11Z</time>
    <extensions>
     <gpxdata:distance>2687.00</gpxdata:distance>
     <gpxdata:speed>3.372</gpxdata:speed>
    </extensions>
   </trkpt>
   <trkpt lat="47.7895093" lon="18.7188978">
    <ele>115</ele>
    <time>2026-07-05T07:48:12Z</time>
    <extensions>
     <gpxdata:distance>2690.50</gpxdata:distance>
     <gpxdata:speed>3.408</gpxdata:speed>
    </extensions>
   </trkpt>
   <trkpt lat="47.7895164" lon="18.7189434">
    <ele>115</ele>
    <time>2026-07-05T07:48:13Z</time>
    <extensions>
     <gpxdata:distance>2694.00</gpxdata:distance>
     <gpxdata:speed>3.439</gpxdata:speed>
    </extensions>
   </trkpt>
   <trkpt lat="47.7895231" lon="18.7189904">
    <ele>114</ele>
    <time>2026-07-05T07:48:14Z</time>
    <extensions>
     <gpxdata:distance>2697.50</gpxdata:distance>
     <gpxdata:speed>3.464</gpxdata:speed>
    </extensions>
   </trkpt>
   <trkpt lat="47.7895293" lon="18.7190399">
    <ele>114</ele>
    <time>2026-07-05T07:48:15Z</time>
    <extensions>
     <gpxdata:distance>2701.00</gpxdata:distance>
     <gpxdata:speed>3.522</gpxdata:speed>
    </extensions>
   </trkpt>
   <trkpt lat="47.7895359" lon="18.7190914">
    <ele>114</ele>
    <time>2026-07-05T07:48:16Z</time>
    <extensions>
     <gpxdata:distance>2705.00</gpxdata:distance>
     <gpxdata:speed>3.633</gpxdata:speed>
    </extensions>
   </trkpt>
   <trkpt lat="47.7895424" lon="18.7191446">
    <ele>114</ele>
    <time>2026-07-05T07:48:17Z</time>
    <extensions>
     <gpxdata:distance>2709.00</gpxdata:distance>
     <gpxdata:speed>3.761</gpxdata:speed>
    </extensions>
   </trkpt>
   <trkpt lat="47.7895490" lon="18.7191987">
    <ele>114</ele>
    <time>2026-07-05T07:48:18Z</time>
    <extensions>
     <gpxdata:distance>2713.50</gpxdata:distance>
     <gpxdata:speed>3.881</gpxdata:speed>
    </extensions>
   </trkpt>
   <trkpt lat="47.7895566" lon="18.7192527">
    <ele>114</ele>
    <time>2026-07-05T07:48:19Z</time>
    <extensions>
     <gpxdata:distance>2718.00</gpxdata:distance>
     <gpxdata:speed>4.006</gpxdata:speed>
    </extensions>
   </trkpt>
   <trkpt lat="47.7895647" lon="18.7193054">
    <ele>114</ele>
    <time>2026-07-05T07:48:20Z</time>
    <extensions>
     <gpxdata:distance>2722.00</gpxdata:distance>
     <gpxdata:speed>4.078</gpxdata:speed>
    </extensions>
   </trkpt>
   <trkpt lat="47.7895727" lon="18.7193566">
    <ele>114</ele>
    <time>2026-07-05T07:48:21Z</time>
    <extensions>
     <gpxdata:distance>2726.00</gpxdata:distance>
     <gpxdata:speed>4.031</gpxdata:speed>
    </extensions>
   </trkpt>
   <trkpt lat="47.7895813" lon="18.7194064">
    <ele>114</ele>
    <time>2026-07-05T07:48:22Z</time>
    <extensions>
     <gpxdata:distance>2729.50</gpxdata:distance>
     <gpxdata:speed>3.956</gpxdata:speed>
    </extensions>
   </trkpt>
   <trkpt lat="47.7895902" lon="18.7194533">
    <ele>114</ele>
    <time>2026-07-05T07:48:23Z</time>
    <extensions>
     <gpxdata:distance>2733.00</gpxdata:distance>
     <gpxdata:speed>3.906</gpxdata:speed>
    </extensions>
   </trkpt>
   <trkpt lat="47.7895980" lon="18.7194939">
    <ele>114</ele>
    <time>2026-07-05T07:48:24Z</time>
    <extensions>
     <gpxdata:distance>2736.00</gpxdata:distance>
     <gpxdata:speed>3.783</gpxdata:speed>
    </extensions>
   </trkpt>
   <trkpt lat="47.7896032" lon="18.7195263">
    <ele>114</ele>
    <time>2026-07-05T07:48:25Z</time>
    <extensions>
     <gpxdata:distance>2739.00</gpxdata:distance>
     <gpxdata:speed>3.119</gpxdata:speed>
    </extensions>
   </trkpt>
   <trkpt lat="47.7896050" lon="18.7195420">
    <ele>114</ele>
    <time>2026-07-05T07:48:26Z</time>
    <extensions>
     <gpxdata:distance>2741.00</gpxdata:distance>
     <gpxdata:speed>2.456</gpxdata:speed>
    </extensions>
   </trkpt>
   <trkpt lat="47.7896080" lon="18.7195632">
    <ele>114</ele>
    <time>2026-07-05T07:48:27Z</time>
    <extensions>
     <gpxdata:distance>2743.00</gpxdata:distance>
     <gpxdata:speed>2.122</gpxdata:speed>
    </extensions>
   </trkpt>
   <trkpt lat="47.7896129" lon="18.7195889">
    <ele>114</ele>
    <time>2026-07-05T07:48:28Z</time>
    <extensions>
     <gpxdata:distance>2745.50</gpxdata:distance>
     <gpxdata:speed>2.178</gpxdata:speed>
    </extensions>
   </trkpt>
   <trkpt lat="47.7896198" lon="18.7196187">
    <ele>114</ele>
    <time>2026-07-05T07:48:29Z</time>
    <extensions>
     <gpxdata:distance>2748.00</gpxdata:distance>
     <gpxdata:speed>2.394</gpxdata:speed>
    </extensions>
   </trkpt>
   <trkpt lat="47.7896276" lon="18.7196523">
    <ele>114</ele>
    <time>2026-07-05T07:48:30Z</time>
    <extensions>
     <gpxdata:distance>2751.00</gpxdata:distance>
     <gpxdata:speed>2.675</gpxdata:speed>
    </extensions>
   </trkpt>
   <trkpt lat="47.7896355" lon="18.7196884">
    <ele>114</ele>
    <time>2026-07-05T07:48:31Z</time>
    <extensions>
     <gpxdata:distance>2754.00</gpxdata:distance>
     <gpxdata:speed>2.781</gpxdata:speed>
    </extensions>
   </trkpt>
   <trkpt lat="47.7896440" lon="18.7197259">
    <ele>114</ele>
    <time>2026-07-05T07:48:32Z</time>
    <extensions>
     <gpxdata:distance>2757.00</gpxdata:distance>
     <gpxdata:speed>2.847</gpxdata:speed>
    </extensions>
   </trkpt>
   <trkpt lat="47.7896536" lon="18.7197633">
    <ele>114</ele>
    <time>2026-07-05T07:48:33Z</time>
    <extensions>
     <gpxdata:distance>2760.00</gpxdata:distance>
     <gpxdata:speed>2.925</gpxdata:speed>
    </extensions>
   </trkpt>
   <trkpt lat="47.7896632" lon="18.7197997">
    <ele>114</ele>
    <time>2026-07-05T07:48:34Z</time>
    <extensions>
     <gpxdata:distance>2763.00</gpxdata:distance>
     <gpxdata:speed>2.953</gpxdata:speed>
    </extensions>
   </trkpt>
   <trkpt lat="47.7896719" lon="18.7198356">
    <ele>114</ele>
    <time>2026-07-05T07:48:35Z</time>
    <extensions>
     <gpxdata:distance>2766.00</gpxdata:distance>
     <gpxdata:speed>2.922</gpxdata:speed>
    </extensions>
   </trkpt>
   <trkpt lat="47.7896804" lon="18.7198720">
    <ele>114</ele>
    <time>2026-07-05T07:48:36Z</time>
    <extensions>
     <gpxdata:distance>2768.50</gpxdata:distance>
     <gpxdata:speed>2.825</gpxdata:speed>
    </extensions>
   </trkpt>
   <trkpt lat="47.7896890" lon="18.7199099">
    <ele>114</ele>
    <time>2026-07-05T07:48:37Z</time>
    <extensions>
     <gpxdata:distance>2771.00</gpxdata:distance>
     <gpxdata:speed>2.919</gpxdata:speed>
    </extensions>
   </trkpt>
   <trkpt lat="47.7897042" lon="18.7199733">
    <ele>114</ele>
    <time>2026-07-05T07:48:38Z</time>
    <extensions>
     <gpxdata:distance>2774.50</gpxdata:distance>
     <gpxdata:speed>3.025</gpxdata:speed>
    </extensions>
   </trkpt>
   <trkpt lat="47.7897154" lon="18.7200191">
    <ele>114</ele>
    <time>2026-07-05T07:48:39Z</time>
    <extensions>
     <gpxdata:distance>2778.00</gpxdata:distance>
     <gpxdata:speed>3.111</gpxdata:speed>
    </extensions>
   </trkpt>
   <trkpt lat="47.7897255" lon="18.7200618">
    <ele>114</ele>
    <time>2026-07-05T07:48:40Z</time>
    <extensions>
     <gpxdata:distance>2781.50</gpxdata:distance>
     <gpxdata:speed>3.189</gpxdata:speed>
    </extensions>
   </trkpt>
   <trkpt lat="47.7897356" lon="18.7201044">
    <ele>114</ele>
    <time>2026-07-05T07:48:41Z</time>
    <extensions>
     <gpxdata:distance>2785.00</gpxdata:distance>
     <gpxdata:speed>3.242</gpxdata:speed>
    </extensions>
   </trkpt>
   <trkpt lat="47.7897459" lon="18.7201471">
    <ele>114</ele>
    <time>2026-07-05T07:48:42Z</time>
    <extensions>
     <gpxdata:distance>2788.00</gpxdata:distance>
     <gpxdata:speed>3.292</gpxdata:speed>
    </extensions>
   </trkpt>
   <trkpt lat="47.7897574" lon="18.7201897">
    <ele>114</ele>
    <time>2026-07-05T07:48:43Z</time>
    <extensions>
     <gpxdata:distance>2791.00</gpxdata:distance>
     <gpxdata:speed>3.328</gpxdata:speed>
    </extensions>
   </trkpt>
   <trkpt lat="47.7897703" lon="18.7202313">
    <ele>114</ele>
    <time>2026-07-05T07:48:44Z</time>
    <extensions>
     <gpxdata:distance>2794.50</gpxdata:distance>
     <gpxdata:speed>3.375</gpxdata:speed>
    </extensions>
   </trkpt>
   <trkpt lat="47.7897839" lon="18.7202713">
    <ele>114</ele>
    <time>2026-07-05T07:48:45Z</time>
    <extensions>
     <gpxdata:distance>2798.00</gpxdata:distance>
     <gpxdata:speed>3.397</gpxdata:speed>
    </extensions>
   </trkpt>
   <trkpt lat="47.7897977" lon="18.7203092">
    <ele>114</ele>
    <time>2026-07-05T07:48:46Z</time>
    <extensions>
     <gpxdata:distance>2801.50</gpxdata:distance>
     <gpxdata:speed>3.372</gpxdata:speed>
    </extensions>
   </trkpt>
   <trkpt lat="47.7898110" lon="18.7203463">
    <ele>114</ele>
    <time>2026-07-05T07:48:47Z</time>
    <extensions>
     <gpxdata:distance>2805.00</gpxdata:distance>
     <gpxdata:speed>3.300</gpxdata:speed>
    </extensions>
   </trkpt>
   <trkpt lat="47.7898239" lon="18.7203849">
    <ele>114</ele>
    <time>2026-07-05T07:48:48Z</time>
    <extensions>
     <gpxdata:distance>2808.00</gpxdata:distance>
     <gpxdata:speed>3.236</gpxdata:speed>
    </extensions>
   </trkpt>
   <trkpt lat="47.7898366" lon="18.7204259">
    <ele>114</ele>
    <time>2026-07-05T07:48:49Z</time>
    <extensions>
     <gpxdata:distance>2811.00</gpxdata:distance>
     <gpxdata:speed>3.256</gpxdata:speed>
    </extensions>
   </trkpt>
   <trkpt lat="47.7898492" lon="18.7204690">
    <ele>114</ele>
    <time>2026-07-05T07:48:50Z</time>
    <extensions>
     <gpxdata:distance>2814.50</gpxdata:distance>
     <gpxdata:speed>3.325</gpxdata:speed>
    </extensions>
   </trkpt>
   <trkpt lat="47.7898628" lon="18.7205138">
    <ele>114</ele>
    <time>2026-07-05T07:48:51Z</time>
    <extensions>
     <gpxdata:distance>2818.00</gpxdata:distance>
     <gpxdata:speed>3.414</gpxdata:speed>
    </extensions>
   </trkpt>
   <trkpt lat="47.7898769" lon="18.7205600">
    <ele>114</ele>
    <time>2026-07-05T07:48:52Z</time>
    <extensions>
     <gpxdata:distance>2822.00</gpxdata:distance>
     <gpxdata:speed>3.531</gpxdata:speed>
    </extensions>
   </trkpt>
   <trkpt lat="47.7898901" lon="18.7206068">
    <ele>113</ele>
    <time>2026-07-05T07:48:53Z</time>
    <extensions>
     <gpxdata:distance>2826.00</gpxdata:distance>
     <gpxdata:speed>3.639</gpxdata:speed>
    </extensions>
   </trkpt>
   <trkpt lat="47.7899039" lon="18.7206527">
    <ele>113</ele>
    <time>2026-07-05T07:48:54Z</time>
    <extensions>
     <gpxdata:distance>2829.50</gpxdata:distance>
     <gpxdata:speed>3.692</gpxdata:speed>
    </extensions>
   </trkpt>
   <trkpt lat="47.7899186" lon="18.7206969">
    <ele>113</ele>
    <time>2026-07-05T07:48:55Z</time>
    <extensions>
     <gpxdata:distance>2833.00</gpxdata:distance>
     <gpxdata:speed>3.717</gpxdata:speed>
    </extensions>
   </trkpt>
   <trkpt lat="47.7899339" lon="18.7207391">
    <ele>113</ele>
    <time>2026-07-05T07:48:56Z</time>
    <extensions>
     <gpxdata:distance>2836.50</gpxdata:distance>
     <gpxdata:speed>3.697</gpxdata:speed>
    </extensions>
   </trkpt>
   <trkpt lat="47.7899496" lon="18.7207798">
    <ele>113</ele>
    <time>2026-07-05T07:48:57Z</time>
    <extensions>
     <gpxdata:distance>2840.00</gpxdata:distance>
     <gpxdata:speed>3.653</gpxdata:speed>
    </extensions>
   </trkpt>
   <trkpt lat="47.7899660" lon="18.7208191">
    <ele>113</ele>
    <time>2026-07-05T07:48:58Z</time>
    <extensions>
     <gpxdata:distance>2843.50</gpxdata:distance>
     <gpxdata:speed>3.597</gpxdata:speed>
    </extensions>
   </trkpt>
   <trkpt lat="47.7899829" lon="18.7208596">
    <ele>113</ele>
    <time>2026-07-05T07:48:59Z</time>
    <extensions>
     <gpxdata:distance>2847.00</gpxdata:distance>
     <gpxdata:speed>3.547</gpxdata:speed>
    </extensions>
   </trkpt>
   <trkpt lat="47.7900002" lon="18.7209038">
    <ele>113</ele>
    <time>2026-07-05T07:49:00Z</time>
    <extensions>
     <gpxdata:distance>2851.00</gpxdata:distance>
     <gpxdata:speed>3.575</gpxdata:speed>
    </extensions>
   </trkpt>
   <trkpt lat="47.7900185" lon="18.7209511">
    <ele>113</ele>
    <time>2026-07-05T07:49:01Z</time>
    <extensions>
     <gpxdata:distance>2855.00</gpxdata:distance>
     <gpxdata:speed>3.706</gpxdata:speed>
    </extensions>
   </trkpt>
   <trkpt lat="47.7900383" lon="18.7210005">
    <ele>113</ele>
    <time>2026-07-05T07:49:02Z</time>
    <extensions>
     <gpxdata:distance>2859.50</gpxdata:distance>
     <gpxdata:speed>3.875</gpxdata:speed>
    </extensions>
   </trkpt>
   <trkpt lat="47.7900598" lon="18.7210508">
    <ele>113</ele>
    <time>2026-07-05T07:49:03Z</time>
    <extensions>
     <gpxdata:distance>2864.00</gpxdata:distance>
     <gpxdata:speed>4.050</gpxdata:speed>
    </extensions>
   </trkpt>
   <trkpt lat="47.7900823" lon="18.7211015">
    <ele>113</ele>
    <time>2026-07-05T07:49:04Z</time>
    <extensions>
     <gpxdata:distance>2868.50</gpxdata:distance>
     <gpxdata:speed>4.214</gpxdata:speed>
    </extensions>
   </trkpt>
   <trkpt lat="47.7901049" lon="18.7211527">
    <ele>113</ele>
    <time>2026-07-05T07:49:05Z</time>
    <extensions>
     <gpxdata:distance>2873.00</gpxdata:distance>
     <gpxdata:speed>4.406</gpxdata:speed>
    </extensions>
   </trkpt>
   <trkpt lat="47.7901264" lon="18.7212043">
    <ele>113</ele>
    <time>2026-07-05T07:49:06Z</time>
    <extensions>
     <gpxdata:distance>2877.50</gpxdata:distance>
     <gpxdata:speed>4.539</gpxdata:speed>
    </extensions>
   </trkpt>
   <trkpt lat="47.7901462" lon="18.7212544">
    <ele>113</ele>
    <time>2026-07-05T07:49:07Z</time>
    <extensions>
     <gpxdata:distance>2882.00</gpxdata:distance>
     <gpxdata:speed>4.497</gpxdata:speed>
    </extensions>
   </trkpt>
   <trkpt lat="47.7901633" lon="18.7213010">
    <ele>113</ele>
    <time>2026-07-05T07:49:08Z</time>
    <extensions>
     <gpxdata:distance>2886.00</gpxdata:distance>
     <gpxdata:speed>4.319</gpxdata:speed>
    </extensions>
   </trkpt>
   <trkpt lat="47.7901797" lon="18.7213405">
    <ele>113</ele>
    <time>2026-07-05T07:49:09Z</time>
    <extensions>
     <gpxdata:distance>2890.00</gpxdata:distance>
     <gpxdata:speed>3.986</gpxdata:speed>
    </extensions>
   </trkpt>
   <trkpt lat="47.7901976" lon="18.7213736">
    <ele>113</ele>
    <time>2026-07-05T07:49:10Z</time>
    <extensions>
     <gpxdata:distance>2893.00</gpxdata:distance>
     <gpxdata:speed>3.686</gpxdata:speed>
    </extensions>
   </trkpt>
   <trkpt lat="47.7902174" lon="18.7214052">
    <ele>113</ele>
    <time>2026-07-05T07:49:11Z</time>
    <extensions>
     <gpxdata:distance>2896.00</gpxdata:distance>
     <gpxdata:speed>3.486</gpxdata:speed>
    </extensions>
   </trkpt>
   <trkpt lat="47.7902388" lon="18.7214385">
    <ele>113</ele>
    <time>2026-07-05T07:49:12Z</time>
    <extensions>
     <gpxdata:distance>2899.50</gpxdata:distance>
     <gpxdata:speed>3.425</gpxdata:speed>
    </extensions>
   </trkpt>
   <trkpt lat="47.7902612" lon="18.7214741">
    <ele>113</ele>
    <time>2026-07-05T07:49:13Z</time>
    <extensions>
     <gpxdata:distance>2903.00</gpxdata:distance>
     <gpxdata:speed>3.472</gpxdata:speed>
    </extensions>
   </trkpt>
   <trkpt lat="47.7902852" lon="18.7215107">
    <ele>113</ele>
    <time>2026-07-05T07:49:14Z</time>
    <extensions>
     <gpxdata:distance>2907.00</gpxdata:distance>
     <gpxdata:speed>3.553</gpxdata:speed>
    </extensions>
   </trkpt>
   <trkpt lat="47.7903109" lon="18.7215483">
    <ele>113</ele>
    <time>2026-07-05T07:49:15Z</time>
    <extensions>
     <gpxdata:distance>2911.00</gpxdata:distance>
     <gpxdata:speed>3.656</gpxdata:speed>
    </extensions>
   </trkpt>
   <trkpt lat="47.7903367" lon="18.7215878">
    <ele>113</ele>
    <time>2026-07-05T07:49:16Z</time>
    <extensions>
     <gpxdata:distance>2915.00</gpxdata:distance>
     <gpxdata:speed>3.792</gpxdata:speed>
    </extensions>
   </trkpt>
   <trkpt lat="47.7903629" lon="18.7216286">
    <ele>113</ele>
    <time>2026-07-05T07:49:17Z</time>
    <extensions>
     <gpxdata:distance>2919.00</gpxdata:distance>
     <gpxdata:speed>3.911</gpxdata:speed>
    </extensions>
   </trkpt>
   <trkpt lat="47.7903899" lon="18.7216701">
    <ele>113</ele>
    <time>2026-07-05T07:49:18Z</time>
    <extensions>
     <gpxdata:distance>2923.50</gpxdata:distance>
     <gpxdata:speed>4.022</gpxdata:speed>
    </extensions>
   </trkpt>
   <trkpt lat="47.7904180" lon="18.7217120">
    <ele>113</ele>
    <time>2026-07-05T07:49:19Z</time>
    <extensions>
     <gpxdata:distance>2928.00</gpxdata:distance>
     <gpxdata:speed>4.292</gpxdata:speed>
    </extensions>
   </trkpt>
   <trkpt lat="47.7904468" lon="18.7217550">
    <ele>113</ele>
    <time>2026-07-05T07:49:20Z</time>
    <extensions>
     <gpxdata:distance>2932.50</gpxdata:distance>
     <gpxdata:speed>4.414</gpxdata:speed>
    </extensions>
   </trkpt>
   <trkpt lat="47.7904758" lon="18.7217985">
    <ele>113</ele>
    <time>2026-07-05T07:49:21Z</time>
    <extensions>
     <gpxdata:distance>2937.00</gpxdata:distance>
     <gpxdata:speed>4.536</gpxdata:speed>
    </extensions>
   </trkpt>
   <trkpt lat="47.7905047" lon="18.7218423">
    <ele>113</ele>
    <time>2026-07-05T07:49:22Z</time>
    <extensions>
     <gpxdata:distance>2941.50</gpxdata:distance>
     <gpxdata:speed>4.561</gpxdata:speed>
    </extensions>
   </trkpt>
   <trkpt lat="47.7905336" lon="18.7218862">
    <ele>113</ele>
    <time>2026-07-05T07:49:23Z</time>
    <extensions>
     <gpxdata:distance>2946.00</gpxdata:distance>
     <gpxdata:speed>4.583</gpxdata:speed>
    </extensions>
   </trkpt>
   <trkpt lat="47.7905630" lon="18.7219286">
    <ele>113</ele>
    <time>2026-07-05T07:49:24Z</time>
    <extensions>
     <gpxdata:distance>2950.50</gpxdata:distance>
     <gpxdata:speed>4.578</gpxdata:speed>
    </extensions>
   </trkpt>
   <trkpt lat="47.7905930" lon="18.7219698">
    <ele>113</ele>
    <time>2026-07-05T07:49:25Z</time>
    <extensions>
     <gpxdata:distance>2955.00</gpxdata:distance>
     <gpxdata:speed>4.550</gpxdata:speed>
    </extensions>
   </trkpt>
   <trkpt lat="47.7906233" lon="18.7220110">
    <ele>113</ele>
    <time>2026-07-05T07:49:26Z</time>
    <extensions>
     <gpxdata:distance>2960.00</gpxdata:distance>
     <gpxdata:speed>4.558</gpxdata:speed>
    </extensions>
   </trkpt>
   <trkpt lat="47.7906547" lon="18.7220525">
    <ele>113</ele>
    <time>2026-07-05T07:49:27Z</time>
    <extensions>
     <gpxdata:distance>2965.00</gpxdata:distance>
     <gpxdata:speed>4.578</gpxdata:speed>
    </extensions>
   </trkpt>
   <trkpt lat="47.7906869" lon="18.7220936">
    <ele>113</ele>
    <time>2026-07-05T07:49:28Z</time>
    <extensions>
     <gpxdata:distance>2969.50</gpxdata:distance>
     <gpxdata:speed>4.636</gpxdata:speed>
    </extensions>
   </trkpt>
   <trkpt lat="47.7907192" lon="18.7221350">
    <ele>113</ele>
    <time>2026-07-05T07:49:29Z</time>
    <extensions>
     <gpxdata:distance>2974.00</gpxdata:distance>
     <gpxdata:speed>4.672</gpxdata:speed>
    </extensions>
   </trkpt>
   <trkpt lat="47.7907524" lon="18.7221770">
    <ele>113</ele>
    <time>2026-07-05T07:49:30Z</time>
    <extensions>
     <gpxdata:distance>2979.00</gpxdata:distance>
     <gpxdata:speed>4.706</gpxdata:speed>
    </extensions>
   </trkpt>
   <trkpt lat="47.7907870" lon="18.7222179">
    <ele>113</ele>
    <time>2026-07-05T07:49:31Z</time>
    <extensions>
     <gpxdata:distance>2984.00</gpxdata:distance>
     <gpxdata:speed>4.769</gpxdata:speed>
    </extensions>
   </trkpt>
   <trkpt lat="47.7908224" lon="18.7222585">
    <ele>113</ele>
    <time>2026-07-05T07:49:32Z</time>
    <extensions>
     <gpxdata:distance>2989.00</gpxdata:distance>
     <gpxdata:speed>4.831</gpxdata:speed>
    </extensions>
   </trkpt>
   <trkpt lat="47.7908586" lon="18.7222993">
    <ele>113</ele>
    <time>2026-07-05T07:49:33Z</time>
    <extensions>
     <gpxdata:distance>2994.00</gpxdata:distance>
     <gpxdata:speed>4.889</gpxdata:speed>
    </extensions>
   </trkpt>
   <trkpt lat="47.7908957" lon="18.7223398">
    <ele>113</ele>
    <time>2026-07-05T07:49:34Z</time>
    <extensions>
     <gpxdata:distance>2999.00</gpxdata:distance>
     <gpxdata:speed>4.956</gpxdata:speed>
    </extensions>
   </trkpt>
   <trkpt lat="47.7909339" lon="18.7223791">
    <ele>113</ele>
    <time>2026-07-05T07:49:35Z</time>
    <extensions>
     <gpxdata:distance>3004.00</gpxdata:distance>
     <gpxdata:speed>5.022</gpxdata:speed>
    </extensions>
   </trkpt>
   <trkpt lat="47.7909730" lon="18.7224173">
    <ele>113</ele>
    <time>2026-07-05T07:49:36Z</time>
    <extensions>
     <gpxdata:distance>3009.50</gpxdata:distance>
     <gpxdata:speed>5.078</gpxdata:speed>
    </extensions>
   </trkpt>
   <trkpt lat="47.7910124" lon="18.7224544">
    <ele>113</ele>
    <time>2026-07-05T07:49:37Z</time>
    <extensions>
     <gpxdata:distance>3015.00</gpxdata:distance>
     <gpxdata:speed>5.125</gpxdata:speed>
    </extensions>
   </trkpt>
   <trkpt lat="47.7910516" lon="18.7224908">
    <ele>113</ele>
    <time>2026-07-05T07:49:38Z</time>
    <extensions>
     <gpxdata:distance>3020.00</gpxdata:distance>
     <gpxdata:speed>5.147</gpxdata:speed>
    </extensions>
   </trkpt>
   <trkpt lat="47.7910907" lon="18.7225265">
    <ele>113</ele>
    <time>2026-07-05T07:49:39Z</time>
    <extensions>
     <gpxdata:distance>3025.00</gpxdata:distance>
     <gpxdata:speed>5.136</gpxdata:speed>
    </extensions>
   </trkpt>
   <trkpt lat="47.7911295" lon="18.7225613">
    <ele>113</ele>
    <time>2026-07-05T07:49:40Z</time>
    <extensions>
     <gpxdata:distance>3030.00</gpxdata:distance>
     <gpxdata:speed>5.119</gpxdata:speed>
    </extensions>
   </trkpt>
   <trkpt lat="47.7911678" lon="18.7225953">
    <ele>113</ele>
    <time>2026-07-05T07:49:41Z</time>
    <extensions>
     <gpxdata:distance>3035.00</gpxdata:distance>
     <gpxdata:speed>5.086</gpxdata:speed>
    </extensions>
   </trkpt>
   <trkpt lat="47.7912061" lon="18.7226287">
    <ele>113</ele>
    <time>2026-07-05T07:49:42Z</time>
    <extensions>
     <gpxdata:distance>3040.00</gpxdata:distance>
     <gpxdata:speed>5.033</gpxdata:speed>
    </extensions>
   </trkpt>
   <trkpt lat="47.7912439" lon="18.7226616">
    <ele>113</ele>
    <time>2026-07-05T07:49:43Z</time>
    <extensions>
     <gpxdata:distance>3045.00</gpxdata:distance>
     <gpxdata:speed>5.000</gpxdata:speed>
    </extensions>
   </trkpt>
   <trkpt lat="47.7912805" lon="18.7226936">
    <ele>113</ele>
    <time>2026-07-05T07:49:44Z</time>
    <extensions>
     <gpxdata:distance>3049.50</gpxdata:distance>
     <gpxdata:speed>4.950</gpxdata:speed>
    </extensions>
   </trkpt>
   <trkpt lat="47.7913150" lon="18.7227242">
    <ele>113</ele>
    <time>2026-07-05T07:49:45Z</time>
    <extensions>
     <gpxdata:distance>3054.00</gpxdata:distance>
     <gpxdata:speed>4.842</gpxdata:speed>
    </extensions>
   </trkpt>
   <trkpt lat="47.7913482" lon="18.7227525">
    <ele>113</ele>
    <time>2026-07-05T07:49:46Z</time>
    <extensions>
     <gpxdata:distance>3058.00</gpxdata:distance>
     <gpxdata:speed>4.675</gpxdata:speed>
    </extensions>
   </trkpt>
   <trkpt lat="47.7913803" lon="18.7227774">
    <ele>113</ele>
    <time>2026-07-05T07:49:47Z</time>
    <extensions>
     <gpxdata:distance>3062.00</gpxdata:distance>
     <gpxdata:speed>4.500</gpxdata:speed>
    </extensions>
   </trkpt>
   <trkpt lat="47.7914116" lon="18.7228003">
    <ele>113</ele>
    <time>2026-07-05T07:49:48Z</time>
    <extensions>
     <gpxdata:distance>3066.00</gpxdata:distance>
     <gpxdata:speed>4.311</gpxdata:speed>
    </extensions>
   </trkpt>
   <trkpt lat="47.7914425" lon="18.7228229">
    <ele>113</ele>
    <time>2026-07-05T07:49:49Z</time>
    <extensions>
     <gpxdata:distance>3070.00</gpxdata:distance>
     <gpxdata:speed>4.144</gpxdata:speed>
    </extensions>
   </trkpt>
   <trkpt lat="47.7914737" lon="18.7228450">
    <ele>113</ele>
    <time>2026-07-05T07:49:50Z</time>
    <extensions>
     <gpxdata:distance>3074.00</gpxdata:distance>
     <gpxdata:speed>4.042</gpxdata:speed>
    </extensions>
   </trkpt>
   <trkpt lat="47.7915057" lon="18.7228667">
    <ele>113</ele>
    <time>2026-07-05T07:49:51Z</time>
    <extensions>
     <gpxdata:distance>3078.00</gpxdata:distance>
     <gpxdata:speed>3.975</gpxdata:speed>
    </extensions>
   </trkpt>
   <trkpt lat="47.7915381" lon="18.7228894">
    <ele>113</ele>
    <time>2026-07-05T07:49:52Z</time>
    <extensions>
     <gpxdata:distance>3082.00</gpxdata:distance>
     <gpxdata:speed>3.961</gpxdata:speed>
    </extensions>
   </trkpt>
   <trkpt lat="47.7915701" lon="18.7229133">
    <ele>113</ele>
    <time>2026-07-05T07:49:53Z</time>
    <extensions>
     <gpxdata:distance>3086.00</gpxdata:distance>
     <gpxdata:speed>3.978</gpxdata:speed>
    </extensions>
   </trkpt>
   <trkpt lat="47.7916020" lon="18.7229367">
    <ele>113</ele>
    <time>2026-07-05T07:49:54Z</time>
    <extensions>
     <gpxdata:distance>3090.00</gpxdata:distance>
     <gpxdata:speed>3.972</gpxdata:speed>
    </extensions>
   </trkpt>
   <trkpt lat="47.7916343" lon="18.7229590">
    <ele>113</ele>
    <time>2026-07-05T07:49:55Z</time>
    <extensions>
     <gpxdata:distance>3094.00</gpxdata:distance>
     <gpxdata:speed>3.958</gpxdata:speed>
    </extensions>
   </trkpt>
   <trkpt lat="47.7916671" lon="18.7229802">
    <ele>113</ele>
    <time>2026-07-05T07:49:56Z</time>
    <extensions>
     <gpxdata:distance>3098.00</gpxdata:distance>
     <gpxdata:speed>3.958</gpxdata:speed>
    </extensions>
   </trkpt>
   <trkpt lat="47.7917007" lon="18.7230000">
    <ele>113</ele>
    <time>2026-07-05T07:49:57Z</time>
    <extensions>
     <gpxdata:distance>3102.00</gpxdata:distance>
     <gpxdata:speed>3.972</gpxdata:speed>
    </extensions>
   </trkpt>
   <trkpt lat="47.7917342" lon="18.7230184">
    <ele>113</ele>
    <time>2026-07-05T07:49:58Z</time>
    <extensions>
     <gpxdata:distance>3106.00</gpxdata:distance>
     <gpxdata:speed>3.994</gpxdata:speed>
    </extensions>
   </trkpt>
   <trkpt lat="47.7917667" lon="18.7230363">
    <ele>113</ele>
    <time>2026-07-05T07:49:59Z</time>
    <extensions>
     <gpxdata:distance>3110.00</gpxdata:distance>
     <gpxdata:speed>3.981</gpxdata:speed>
    </extensions>
   </trkpt>
   <trkpt lat="47.7917978" lon="18.7230531">
    <ele>113</ele>
    <time>2026-07-05T07:50:00Z</time>
    <extensions>
     <gpxdata:distance>3113.50</gpxdata:distance>
     <gpxdata:speed>3.917</gpxdata:speed>
    </extensions>
   </trkpt>
   <trkpt lat="47.7918274" lon="18.7230694">
    <ele>113</ele>
    <time>2026-07-05T07:50:01Z</time>
    <extensions>
     <gpxdata:distance>3117.00</gpxdata:distance>
     <gpxdata:speed>3.806</gpxdata:speed>
    </extensions>
   </trkpt>
   <trkpt lat="47.7918556" lon="18.7230861">
    <ele>113</ele>
    <time>2026-07-05T07:50:02Z</time>
    <extensions>
     <gpxdata:distance>3120.00</gpxdata:distance>
     <gpxdata:speed>3.686</gpxdata:speed>
    </extensions>
   </trkpt>
   <trkpt lat="47.7918826" lon="18.7231021">
    <ele>113</ele>
    <time>2026-07-05T07:50:03Z</time>
    <extensions>
     <gpxdata:distance>3123.00</gpxdata:distance>
     <gpxdata:speed>3.564</gpxdata:speed>
    </extensions>
   </trkpt>
   <trkpt lat="47.7919087" lon="18.7231163">
    <ele>113</ele>
    <time>2026-07-05T07:50:04Z</time>
    <extensions>
     <gpxdata:distance>3126.00</gpxdata:distance>
     <gpxdata:speed>3.431</gpxdata:speed>
    </extensions>
   </trkpt>
   <trkpt lat="47.7919341" lon="18.7231292">
    <ele>113</ele>
    <time>2026-07-05T07:50:05Z</time>
    <extensions>
     <gpxdata:distance>3129.00</gpxdata:distance>
     <gpxdata:speed>3.297</gpxdata:speed>
    </extensions>
   </trkpt>
   <trkpt lat="47.7919587" lon="18.7231413">
    <ele>113</ele>
    <time>2026-07-05T07:50:06Z</time>
    <extensions>
     <gpxdata:distance>3132.00</gpxdata:distance>
     <gpxdata:speed>3.172</gpxdata:speed>
    </extensions>
   </trkpt>
   <trkpt lat="47.7919834" lon="18.7231524">
    <ele>113</ele>
    <time>2026-07-05T07:50:07Z</time>
    <extensions>
     <gpxdata:distance>3135.00</gpxdata:distance>
     <gpxdata:speed>3.061</gpxdata:speed>
    </extensions>
   </trkpt>
   <trkpt lat="47.7919983" lon="18.7231586">
    <ele>113</ele>
    <time>2026-07-05T07:50:08Z</time>
    <extensions>
     <gpxdata:distance>3138.00</gpxdata:distance>
     <gpxdata:speed>2.997</gpxdata:speed>
    </extensions>
   </trkpt>
   <trkpt lat="47.7920342" lon="18.7231730">
    <ele>113</ele>
    <time>2026-07-05T07:50:09Z</time>
    <extensions>
     <gpxdata:distance>3141.00</gpxdata:distance>
     <gpxdata:speed>3.019</gpxdata:speed>
    </extensions>
   </trkpt>
   <trkpt lat="47.7920639" lon="18.7231846">
    <ele>113</ele>
    <time>2026-07-05T07:50:10Z</time>
    <extensions>
     <gpxdata:distance>3144.50</gpxdata:distance>
     <gpxdata:speed>3.072</gpxdata:speed>
    </extensions>
   </trkpt>
   <trkpt lat="47.7920927" lon="18.7231956">
    <ele>113</ele>
    <time>2026-07-05T07:50:11Z</time>
    <extensions>
     <gpxdata:distance>3148.00</gpxdata:distance>
     <gpxdata:speed>3.122</gpxdata:speed>
    </extensions>
   </trkpt>
   <trkpt lat="47.7921213" lon="18.7232072">
    <ele>113</ele>
    <time>2026-07-05T07:50:12Z</time>
    <extensions>
     <gpxdata:distance>3151.00</gpxdata:distance>
     <gpxdata:speed>3.175</gpxdata:speed>
    </extensions>
   </trkpt>
   <trkpt lat="47.7921493" lon="18.7232195">
    <ele>113</ele>
    <time>2026-07-05T07:50:13Z</time>
    <extensions>
     <gpxdata:distance>3154.00</gpxdata:distance>
     <gpxdata:speed>3.211</gpxdata:speed>
    </extensions>
   </trkpt>
   <trkpt lat="47.7921769" lon="18.7232316">
    <ele>113</ele>
    <time>2026-07-05T07:50:14Z</time>
    <extensions>
     <gpxdata:distance>3157.50</gpxdata:distance>
     <gpxdata:speed>3.214</gpxdata:speed>
    </extensions>
   </trkpt>
   <trkpt lat="47.7922048" lon="18.7232439">
    <ele>113</ele>
    <time>2026-07-05T07:50:15Z</time>
    <extensions>
     <gpxdata:distance>3161.00</gpxdata:distance>
     <gpxdata:speed>3.206</gpxdata:speed>
    </extensions>
   </trkpt>
   <trkpt lat="47.7922331" lon="18.7232552">
    <ele>113</ele>
    <time>2026-07-05T07:50:16Z</time>
    <extensions>
     <gpxdata:distance>3164.00</gpxdata:distance>
     <gpxdata:speed>3.219</gpxdata:speed>
    </extensions>
   </trkpt>
   <trkpt lat="47.7922629" lon="18.7232642">
    <ele>113</ele>
    <time>2026-07-05T07:50:17Z</time>
    <extensions>
     <gpxdata:distance>3167.00</gpxdata:distance>
     <gpxdata:speed>3.242</gpxdata:speed>
    </extensions>
   </trkpt>
   <trkpt lat="47.7922943" lon="18.7232725">
    <ele>113</ele>
    <time>2026-07-05T07:50:18Z</time>
    <extensions>
     <gpxdata:distance>3171.00</gpxdata:distance>
     <gpxdata:speed>3.317</gpxdata:speed>
    </extensions>
   </trkpt>
   <trkpt lat="47.7923270" lon="18.7232815">
    <ele>113</ele>
    <time>2026-07-05T07:50:19Z</time>
    <extensions>
     <gpxdata:distance>3175.00</gpxdata:distance>
     <gpxdata:speed>3.422</gpxdata:speed>
    </extensions>
   </trkpt>
   <trkpt lat="47.7923608" lon="18.7232908">
    <ele>113</ele>
    <time>2026-07-05T07:50:20Z</time>
    <extensions>
     <gpxdata:distance>3178.50</gpxdata:distance>
     <gpxdata:speed>3.542</gpxdata:speed>
    </extensions>
   </trkpt>
   <trkpt lat="47.7923946" lon="18.7233015">
    <ele>113</ele>
    <time>2026-07-05T07:50:21Z</time>
    <extensions>
     <gpxdata:distance>3182.00</gpxdata:distance>
     <gpxdata:speed>3.650</gpxdata:speed>
    </extensions>
   </trkpt>
   <trkpt lat="47.7924289" lon="18.7233123">
    <ele>113</ele>
    <time>2026-07-05T07:50:22Z</time>
    <extensions>
     <gpxdata:distance>3186.00</gpxdata:distance>
     <gpxdata:speed>3.717</gpxdata:speed>
    </extensions>
   </trkpt>
   <trkpt lat="47.7924635" lon="18.7233230">
    <ele>113</ele>
    <time>2026-07-05T07:50:23Z</time>
    <extensions>
     <gpxdata:distance>3190.00</gpxdata:distance>
     <gpxdata:speed>3.792</gpxdata:speed>
    </extensions>
   </trkpt>
   <trkpt lat="47.7924975" lon="18.7233331">
    <ele>113</ele>
    <time>2026-07-05T07:50:24Z</time>
    <extensions>
     <gpxdata:distance>3194.00</gpxdata:distance>
     <gpxdata:speed>3.842</gpxdata:speed>
    </extensions>
   </trkpt>
   <trkpt lat="47.7925308" lon="18.7233425">
    <ele>113</ele>
    <time>2026-07-05T07:50:25Z</time>
    <extensions>
     <gpxdata:distance>3198.00</gpxdata:distance>
     <gpxdata:speed>3.836</gpxdata:speed>
    </extensions>
   </trkpt>
   <trkpt lat="47.7925639" lon="18.7233501">
    <ele>113</ele>
    <time>2026-07-05T07:50:26Z</time>
    <extensions>
     <gpxdata:distance>3201.50</gpxdata:distance>
     <gpxdata:speed>3.806</gpxdata:speed>
    </extensions>
   </trkpt>
   <trkpt lat="47.7925950" lon="18.7233538">
    <ele>113</ele>
    <time>2026-07-05T07:50:27Z</time>
    <extensions>
     <gpxdata:distance>3205.00</gpxdata:distance>
     <gpxdata:speed>3.778</gpxdata:speed>
    </extensions>
   </trkpt>
   <trkpt lat="47.7926203" lon="18.7233532">
    <ele>113</ele>
    <time>2026-07-05T07:50:28Z</time>
    <extensions>
     <gpxdata:distance>3207.50</gpxdata:distance>
     <gpxdata:speed>3.636</gpxdata:speed>
    </extensions>
   </trkpt>
   <trkpt lat="47.7926384" lon="18.7233505">
    <ele>113</ele>
    <time>2026-07-05T07:50:29Z</time>
    <extensions>
     <gpxdata:distance>3210.00</gpxdata:distance>
     <gpxdata:speed>3.258</gpxdata:speed>
    </extensions>
   </trkpt>
   <trkpt lat="47.7926460" lon="18.7233490">
    <ele>113</ele>
    <time>2026-07-05T07:50:30Z</time>
    <extensions>
     <gpxdata:distance>3211.00</gpxdata:distance>
     <gpxdata:speed>2.714</gpxdata:speed>
    </extensions>
   </trkpt>
   <trkpt lat="47.7926566" lon="18.7233475">
    <ele>113</ele>
    <time>2026-07-05T07:50:31Z</time>
    <extensions>
     <gpxdata:distance>3212.00</gpxdata:distance>
     <gpxdata:speed>2.233</gpxdata:speed>
    </extensions>
   </trkpt>
   <trkpt lat="47.7926708" lon="18.7233478">
    <ele>113</ele>
    <time>2026-07-05T07:50:32Z</time>
    <extensions>
     <gpxdata:distance>3214.50</gpxdata:distance>
     <gpxdata:speed>2.006</gpxdata:speed>
    </extensions>
   </trkpt>
   <trkpt lat="47.7926895" lon="18.7233505">
    <ele>113</ele>
    <time>2026-07-05T07:50:33Z</time>
    <extensions>
     <gpxdata:distance>3217.00</gpxdata:distance>
     <gpxdata:speed>2.011</gpxdata:speed>
    </extensions>
   </trkpt>
   <trkpt lat="47.7927130" lon="18.7233548">
    <ele>113</ele>
    <time>2026-07-05T07:50:34Z</time>
    <extensions>
     <gpxdata:distance>3220.00</gpxdata:distance>
     <gpxdata:speed>2.542</gpxdata:speed>
    </extensions>
   </trkpt>
   <trkpt lat="47.7927412" lon="18.7233602">
    <ele>113</ele>
    <time>2026-07-05T07:50:35Z</time>
    <extensions>
     <gpxdata:distance>3223.00</gpxdata:distance>
     <gpxdata:speed>2.831</gpxdata:speed>
    </extensions>
   </trkpt>
   <trkpt lat="47.7927937" lon="18.7233707">
    <ele>113</ele>
    <time>2026-07-05T07:50:36Z</time>
    <extensions>
     <gpxdata:distance>3227.50</gpxdata:distance>
     <gpxdata:speed>3.161</gpxdata:speed>
    </extensions>
   </trkpt>
   <trkpt lat="47.7928346" lon="18.7233799">
    <ele>113</ele>
    <time>2026-07-05T07:50:37Z</time>
    <extensions>
     <gpxdata:distance>3232.00</gpxdata:distance>
     <gpxdata:speed>3.497</gpxdata:speed>
    </extensions>
   </trkpt>
   <trkpt lat="47.7928749" lon="18.7233903">
    <ele>113</ele>
    <time>2026-07-05T07:50:38Z</time>
    <extensions>
     <gpxdata:distance>3236.50</gpxdata:distance>
     <gpxdata:speed>4.167</gpxdata:speed>
    </extensions>
   </trkpt>
   <trkpt lat="47.7929172" lon="18.7234007">
    <ele>113</ele>
    <time>2026-07-05T07:50:39Z</time>
    <extensions>
     <gpxdata:distance>3241.00</gpxdata:distance>
     <gpxdata:speed>4.461</gpxdata:speed>
    </extensions>
   </trkpt>
   <trkpt lat="47.7929618" lon="18.7234105">
    <ele>113</ele>
    <time>2026-07-05T07:50:40Z</time>
    <extensions>
     <gpxdata:distance>3246.00</gpxdata:distance>
     <gpxdata:speed>4.756</gpxdata:speed>
    </extensions>
   </trkpt>
   <trkpt lat="47.7930080" lon="18.7234192">
    <ele>113</ele>
    <time>2026-07-05T07:50:41Z</time>
    <extensions>
     <gpxdata:distance>3251.00</gpxdata:distance>
     <gpxdata:speed>5.003</gpxdata:speed>
    </extensions>
   </trkpt>
   <trkpt lat="47.7930551" lon="18.7234272">
    <ele>113</ele>
    <time>2026-07-05T07:50:42Z</time>
    <extensions>
     <gpxdata:distance>3256.50</gpxdata:distance>
     <gpxdata:speed>5.161</gpxdata:speed>
    </extensions>
   </trkpt>
   <trkpt lat="47.7931024" lon="18.7234358">
    <ele>113</ele>
    <time>2026-07-05T07:50:43Z</time>
    <extensions>
     <gpxdata:distance>3262.00</gpxdata:distance>
     <gpxdata:speed>5.256</gpxdata:speed>
    </extensions>
   </trkpt>
   <trkpt lat="47.7931498" lon="18.7234460">
    <ele>113</ele>
    <time>2026-07-05T07:50:44Z</time>
    <extensions>
     <gpxdata:distance>3267.50</gpxdata:distance>
     <gpxdata:speed>5.258</gpxdata:speed>
    </extensions>
   </trkpt>
   <trkpt lat="47.7931972" lon="18.7234582">
    <ele>113</ele>
    <time>2026-07-05T07:50:45Z</time>
    <extensions>
     <gpxdata:distance>3273.00</gpxdata:distance>
     <gpxdata:speed>5.317</gpxdata:speed>
    </extensions>
   </trkpt>
   <trkpt lat="47.7932454" lon="18.7234716">
    <ele>113</ele>
    <time>2026-07-05T07:50:46Z</time>
    <extensions>
     <gpxdata:distance>3278.50</gpxdata:distance>
     <gpxdata:speed>5.361</gpxdata:speed>
    </extensions>
   </trkpt>
   <trkpt lat="47.7932945" lon="18.7234844">
    <ele>113</ele>
    <time>2026-07-05T07:50:47Z</time>
    <extensions>
     <gpxdata:distance>3284.00</gpxdata:distance>
     <gpxdata:speed>5.461</gpxdata:speed>
    </extensions>
   </trkpt>
   <trkpt lat="47.7933436" lon="18.7234964">
    <ele>113</ele>
    <time>2026-07-05T07:50:48Z</time>
    <extensions>
     <gpxdata:distance>3289.50</gpxdata:distance>
     <gpxdata:speed>5.556</gpxdata:speed>
    </extensions>
   </trkpt>
   <trkpt lat="47.7933920" lon="18.7235082">
    <ele>113</ele>
    <time>2026-07-05T07:50:49Z</time>
    <extensions>
     <gpxdata:distance>3295.00</gpxdata:distance>
     <gpxdata:speed>5.556</gpxdata:speed>
    </extensions>
   </trkpt>
   <trkpt lat="47.7934391" lon="18.7235194">
    <ele>113</ele>
    <time>2026-07-05T07:50:50Z</time>
    <extensions>
     <gpxdata:distance>3300.00</gpxdata:distance>
     <gpxdata:speed>5.506</gpxdata:speed>
    </extensions>
   </trkpt>
   <trkpt lat="47.7934858" lon="18.7235296">
    <ele>113</ele>
    <time>2026-07-05T07:50:51Z</time>
    <extensions>
     <gpxdata:distance>3305.00</gpxdata:distance>
     <gpxdata:speed>5.411</gpxdata:speed>
    </extensions>
   </trkpt>
   <trkpt lat="47.7935316" lon="18.7235392">
    <ele>113</ele>
    <time>2026-07-05T07:50:52Z</time>
    <extensions>
     <gpxdata:distance>3310.00</gpxdata:distance>
     <gpxdata:speed>5.350</gpxdata:speed>
    </extensions>
   </trkpt>
   <trkpt lat="47.7935759" lon="18.7235486">
    <ele>113</ele>
    <time>2026-07-05T07:50:53Z</time>
    <extensions>
     <gpxdata:distance>3315.00</gpxdata:distance>
     <gpxdata:speed>5.258</gpxdata:speed>
    </extensions>
   </trkpt>
   <trkpt lat="47.7936205" lon="18.7235587">
    <ele>113</ele>
    <time>2026-07-05T07:50:54Z</time>
    <extensions>
     <gpxdata:distance>3320.00</gpxdata:distance>
     <gpxdata:speed>5.139</gpxdata:speed>
    </extensions>
   </trkpt>
   <trkpt lat="47.7936666" lon="18.7235687">
    <ele>113</ele>
    <time>2026-07-05T07:50:55Z</time>
    <extensions>
     <gpxdata:distance>3325.00</gpxdata:distance>
     <gpxdata:speed>5.103</gpxdata:speed>
    </extensions>
   </trkpt>
   <trkpt lat="47.7937139" lon="18.7235786">
    <ele>113</ele>
    <time>2026-07-05T07:50:56Z</time>
    <extensions>
     <gpxdata:distance>3330.50</gpxdata:distance>
     <gpxdata:speed>5.164</gpxdata:speed>
    </extensions>
   </trkpt>
   <trkpt lat="47.7937622" lon="18.7235892">
    <ele>113</ele>
    <time>2026-07-05T07:50:57Z</time>
    <extensions>
     <gpxdata:distance>3336.00</gpxdata:distance>
     <gpxdata:speed>5.228</gpxdata:speed>
    </extensions>
   </trkpt>
   <trkpt lat="47.7938114" lon="18.7236010">
    <ele>113</ele>
    <time>2026-07-05T07:50:58Z</time>
    <extensions>
     <gpxdata:distance>3341.50</gpxdata:distance>
     <gpxdata:speed>5.314</gpxdata:speed>
    </extensions>
   </trkpt>
   <trkpt lat="47.7938617" lon="18.7236130">
    <ele>113</ele>
    <time>2026-07-05T07:50:59Z</time>
    <extensions>
     <gpxdata:distance>3347.00</gpxdata:distance>
     <gpxdata:speed>5.406</gpxdata:speed>
    </extensions>
   </trkpt>
   <trkpt lat="47.7939125" lon="18.7236235">
    <ele>113</ele>
    <time>2026-07-05T07:51:00Z</time>
    <extensions>
     <gpxdata:distance>3353.00</gpxdata:distance>
     <gpxdata:speed>5.511</gpxdata:speed>
    </extensions>
   </trkpt>
   <trkpt lat="47.7939632" lon="18.7236326">
    <ele>113</ele>
    <time>2026-07-05T07:51:01Z</time>
    <extensions>
     <gpxdata:distance>3359.00</gpxdata:distance>
     <gpxdata:speed>5.586</gpxdata:speed>
    </extensions>
   </trkpt>
   <trkpt lat="47.7940130" lon="18.7236415">
    <ele>113</ele>
    <time>2026-07-05T07:51:02Z</time>
    <extensions>
     <gpxdata:distance>3364.50</gpxdata:distance>
     <gpxdata:speed>5.614</gpxdata:speed>
    </extensions>
   </trkpt>
   <trkpt lat="47.7940621" lon="18.7236514">
    <ele>113</ele>
    <time>2026-07-05T07:51:03Z</time>
    <extensions>
     <gpxdata:distance>3370.00</gpxdata:distance>
     <gpxdata:speed>5.594</gpxdata:speed>
    </extensions>
   </trkpt>
   <trkpt lat="47.7941104" lon="18.7236616">
    <ele>113</ele>
    <time>2026-07-05T07:51:04Z</time>
    <extensions>
     <gpxdata:distance>3375.50</gpxdata:distance>
     <gpxdata:speed>5.567</gpxdata:speed>
    </extensions>
   </trkpt>
   <trkpt lat="47.7941581" lon="18.7236721">
    <ele>113</ele>
    <time>2026-07-05T07:51:05Z</time>
    <extensions>
     <gpxdata:distance>3381.00</gpxdata:distance>
     <gpxdata:speed>5.519</gpxdata:speed>
    </extensions>
   </trkpt>
   <trkpt lat="47.7942064" lon="18.7236836">
    <ele>113</ele>
    <time>2026-07-05T07:51:06Z</time>
    <extensions>
     <gpxdata:distance>3386.50</gpxdata:distance>
     <gpxdata:speed>5.458</gpxdata:speed>
    </extensions>
   </trkpt>
   <trkpt lat="47.7942559" lon="18.7236953">
    <ele>113</ele>
    <time>2026-07-05T07:51:07Z</time>
    <extensions>
     <gpxdata:distance>3392.00</gpxdata:distance>
     <gpxdata:speed>5.469</gpxdata:speed>
    </extensions>
   </trkpt>
   <trkpt lat="47.7943065" lon="18.7237066">
    <ele>113</ele>
    <time>2026-07-05T07:51:08Z</time>
    <extensions>
     <gpxdata:distance>3397.50</gpxdata:distance>
     <gpxdata:speed>5.536</gpxdata:speed>
    </extensions>
   </trkpt>
   <trkpt lat="47.7943573" lon="18.7237189">
    <ele>113</ele>
    <time>2026-07-05T07:51:09Z</time>
    <extensions>
     <gpxdata:distance>3403.00</gpxdata:distance>
     <gpxdata:speed>5.603</gpxdata:speed>
    </extensions>
   </trkpt>
   <trkpt lat="47.7944082" lon="18.7237315">
    <ele>113</ele>
    <time>2026-07-05T07:51:10Z</time>
    <extensions>
     <gpxdata:distance>3409.00</gpxdata:distance>
     <gpxdata:speed>5.647</gpxdata:speed>
    </extensions>
   </trkpt>
   <trkpt lat="47.7944600" lon="18.7237437">
    <ele>113</ele>
    <time>2026-07-05T07:51:11Z</time>
    <extensions>
     <gpxdata:distance>3415.00</gpxdata:distance>
     <gpxdata:speed>5.681</gpxdata:speed>
    </extensions>
   </trkpt>
   <trkpt lat="47.7945116" lon="18.7237561">
    <ele>113</ele>
    <time>2026-07-05T07:51:12Z</time>
    <extensions>
     <gpxdata:distance>3420.50</gpxdata:distance>
     <gpxdata:speed>5.744</gpxdata:speed>
    </extensions>
   </trkpt>
   <trkpt lat="47.7945628" lon="18.7237692">
    <ele>113</ele>
    <time>2026-07-05T07:51:13Z</time>
    <extensions>
     <gpxdata:distance>3426.00</gpxdata:distance>
     <gpxdata:speed>5.769</gpxdata:speed>
    </extensions>
   </trkpt>
   <trkpt lat="47.7946140" lon="18.7237832">
    <ele>113</ele>
    <time>2026-07-05T07:51:14Z</time>
    <extensions>
     <gpxdata:distance>3432.00</gpxdata:distance>
     <gpxdata:speed>5.769</gpxdata:speed>
    </extensions>
   </trkpt>
   <trkpt lat="47.7946650" lon="18.7237965">
    <ele>113</ele>
    <time>2026-07-05T07:51:15Z</time>
    <extensions>
     <gpxdata:distance>3438.00</gpxdata:distance>
     <gpxdata:speed>5.783</gpxdata:speed>
    </extensions>
   </trkpt>
   <trkpt lat="47.7947155" lon="18.7238088">
    <ele>113</ele>
    <time>2026-07-05T07:51:16Z</time>
    <extensions>
     <gpxdata:distance>3443.50</gpxdata:distance>
     <gpxdata:speed>5.775</gpxdata:speed>
    </extensions>
   </trkpt>
   <trkpt lat="47.7947653" lon="18.7238209">
    <ele>112</ele>
    <time>2026-07-05T07:51:17Z</time>
    <extensions>
     <gpxdata:distance>3449.00</gpxdata:distance>
     <gpxdata:speed>5.739</gpxdata:speed>
    </extensions>
   </trkpt>
   <trkpt lat="47.7948145" lon="18.7238331">
    <ele>112</ele>
    <time>2026-07-05T07:51:18Z</time>
    <extensions>
     <gpxdata:distance>3454.50</gpxdata:distance>
     <gpxdata:speed>5.681</gpxdata:speed>
    </extensions>
   </trkpt>
   <trkpt lat="47.7948635" lon="18.7238446">
    <ele>112</ele>
    <time>2026-07-05T07:51:19Z</time>
    <extensions>
     <gpxdata:distance>3460.00</gpxdata:distance>
     <gpxdata:speed>5.633</gpxdata:speed>
    </extensions>
   </trkpt>
   <trkpt lat="47.7949123" lon="18.7238548">
    <ele>112</ele>
    <time>2026-07-05T07:51:20Z</time>
    <extensions>
     <gpxdata:distance>3465.50</gpxdata:distance>
     <gpxdata:speed>5.589</gpxdata:speed>
    </extensions>
   </trkpt>
   <trkpt lat="47.7949603" lon="18.7238643">
    <ele>112</ele>
    <time>2026-07-05T07:51:21Z</time>
    <extensions>
     <gpxdata:distance>3471.00</gpxdata:distance>
     <gpxdata:speed>5.550</gpxdata:speed>
    </extensions>
   </trkpt>
   <trkpt lat="47.7950074" lon="18.7238732">
    <ele>112</ele>
    <time>2026-07-05T07:51:22Z</time>
    <extensions>
     <gpxdata:distance>3476.50</gpxdata:distance>
     <gpxdata:speed>5.475</gpxdata:speed>
    </extensions>
   </trkpt>
   <trkpt lat="47.7950535" lon="18.7238817">
    <ele>112</ele>
    <time>2026-07-05T07:51:23Z</time>
    <extensions>
     <gpxdata:distance>3482.00</gpxdata:distance>
     <gpxdata:speed>5.383</gpxdata:speed>
    </extensions>
   </trkpt>
   <trkpt lat="47.7950994" lon="18.7238907">
    <ele>112</ele>
    <time>2026-07-05T07:51:24Z</time>
    <extensions>
     <gpxdata:distance>3487.00</gpxdata:distance>
     <gpxdata:speed>5.294</gpxdata:speed>
    </extensions>
   </trkpt>
   <trkpt lat="47.7951458" lon="18.7238998">
    <ele>112</ele>
    <time>2026-07-05T07:51:25Z</time>
    <extensions>
     <gpxdata:distance>3492.00</gpxdata:distance>
     <gpxdata:speed>5.242</gpxdata:speed>
    </extensions>
   </trkpt>
   <trkpt lat="47.7951933" lon="18.7239084">
    <ele>112</ele>
    <time>2026-07-05T07:51:26Z</time>
    <extensions>
     <gpxdata:distance>3497.50</gpxdata:distance>
     <gpxdata:speed>5.236</gpxdata:speed>
    </extensions>
   </trkpt>
   <trkpt lat="47.7952419" lon="18.7239165">
    <ele>112</ele>
    <time>2026-07-05T07:51:27Z</time>
    <extensions>
     <gpxdata:distance>3503.00</gpxdata:distance>
     <gpxdata:speed>5.281</gpxdata:speed>
    </extensions>
   </trkpt>
   <trkpt lat="47.7952919" lon="18.7239246">
    <ele>112</ele>
    <time>2026-07-05T07:51:28Z</time>
    <extensions>
     <gpxdata:distance>3508.50</gpxdata:distance>
     <gpxdata:speed>5.356</gpxdata:speed>
    </extensions>
   </trkpt>
   <trkpt lat="47.7953430" lon="18.7239328">
    <ele>112</ele>
    <time>2026-07-05T07:51:29Z</time>
    <extensions>
     <gpxdata:distance>3514.00</gpxdata:distance>
     <gpxdata:speed>5.458</gpxdata:speed>
    </extensions>
   </trkpt>
   <trkpt lat="47.7953952" lon="18.7239409">
    <ele>112</ele>
    <time>2026-07-05T07:51:30Z</time>
    <extensions>
     <gpxdata:distance>3520.00</gpxdata:distance>
     <gpxdata:speed>5.561</gpxdata:speed>
    </extensions>
   </trkpt>
   <trkpt lat="47.7954482" lon="18.7239490">
    <ele>112</ele>
    <time>2026-07-05T07:51:31Z</time>
    <extensions>
     <gpxdata:distance>3526.00</gpxdata:distance>
     <gpxdata:speed>5.675</gpxdata:speed>
    </extensions>
   </trkpt>
   <trkpt lat="47.7955018" lon="18.7239571">
    <ele>112</ele>
    <time>2026-07-05T07:51:32Z</time>
    <extensions>
     <gpxdata:distance>3532.00</gpxdata:distance>
     <gpxdata:speed>5.775</gpxdata:speed>
    </extensions>
   </trkpt>
   <trkpt lat="47.7955556" lon="18.7239652">
    <ele>112</ele>
    <time>2026-07-05T07:51:33Z</time>
    <extensions>
     <gpxdata:distance>3538.00</gpxdata:distance>
     <gpxdata:speed>5.867</gpxdata:speed>
    </extensions>
   </trkpt>
   <trkpt lat="47.7956097" lon="18.7239729">
    <ele>112</ele>
    <time>2026-07-05T07:51:34Z</time>
    <extensions>
     <gpxdata:distance>3544.00</gpxdata:distance>
     <gpxdata:speed>5.928</gpxdata:speed>
    </extensions>
   </trkpt>
   <trkpt lat="47.7956823" lon="18.7239822">
    <ele>112</ele>
    <time>2026-07-05T07:51:35Z</time>
    <extensions>
     <gpxdata:distance>3550.00</gpxdata:distance>
     <gpxdata:speed>6.019</gpxdata:speed>
    </extensions>
   </trkpt>
   <trkpt lat="47.7957391" lon="18.7239901">
    <ele>112</ele>
    <time>2026-07-05T07:51:36Z</time>
    <extensions>
     <gpxdata:distance>3556.00</gpxdata:distance>
     <gpxdata:speed>6.061</gpxdata:speed>
    </extensions>
   </trkpt>
   <trkpt lat="47.7957943" lon="18.7240000">
    <ele>112</ele>
    <time>2026-07-05T07:51:37Z</time>
    <extensions>
     <gpxdata:distance>3562.00</gpxdata:distance>
     <gpxdata:speed>6.089</gpxdata:speed>
    </extensions>
   </trkpt>
   <trkpt lat="47.7958490" lon="18.7240119">
    <ele>112</ele>
    <time>2026-07-05T07:51:38Z</time>
    <extensions>
     <gpxdata:distance>3568.50</gpxdata:distance>
     <gpxdata:speed>6.136</gpxdata:speed>
    </extensions>
   </trkpt>
   <trkpt lat="47.7959036" lon="18.7240245">
    <ele>112</ele>
    <time>2026-07-05T07:51:39Z</time>
    <extensions>
     <gpxdata:distance>3575.00</gpxdata:distance>
     <gpxdata:speed>6.139</gpxdata:speed>
    </extensions>
   </trkpt>
   <trkpt lat="47.7959569" lon="18.7240372">
    <ele>112</ele>
    <time>2026-07-05T07:51:40Z</time>
    <extensions>
     <gpxdata:distance>3581.00</gpxdata:distance>
     <gpxdata:speed>6.142</gpxdata:speed>
    </extensions>
   </trkpt>
   <trkpt lat="47.7960094" lon="18.7240496">
    <ele>112</ele>
    <time>2026-07-05T07:51:41Z</time>
    <extensions>
     <gpxdata:distance>3587.00</gpxdata:distance>
     <gpxdata:speed>6.089</gpxdata:speed>
    </extensions>
   </trkpt>
   <trkpt lat="47.7960615" lon="18.7240604">
    <ele>112</ele>
    <time>2026-07-05T07:51:42Z</time>
    <extensions>
     <gpxdata:distance>3592.50</gpxdata:distance>
     <gpxdata:speed>6.025</gpxdata:speed>
    </extensions>
   </trkpt>
   <trkpt lat="47.7960989" lon="18.7240653">
    <ele>112</ele>
    <time>2026-07-05T07:51:43Z</time>
    <extensions>
     <gpxdata:distance>3598.00</gpxdata:distance>
     <gpxdata:speed>5.967</gpxdata:speed>
    </extensions>
   </trkpt>
   <trkpt lat="47.7961461" lon="18.7240674">
    <ele>112</ele>
    <time>2026-07-05T07:51:44Z</time>
    <extensions>
     <gpxdata:distance>3604.00</gpxdata:distance>
     <gpxdata:speed>5.903</gpxdata:speed>
    </extensions>
   </trkpt>
   <trkpt lat="47.7961962" lon="18.7240650">
    <ele>112</ele>
    <time>2026-07-05T07:51:45Z</time>
    <extensions>
     <gpxdata:distance>3610.00</gpxdata:distance>
     <gpxdata:speed>5.836</gpxdata:speed>
    </extensions>
   </trkpt>
   <trkpt lat="47.7962470" lon="18.7240592">
    <ele>112</ele>
    <time>2026-07-05T07:51:46Z</time>
    <extensions>
     <gpxdata:distance>3615.50</gpxdata:distance>
     <gpxdata:speed>5.789</gpxdata:speed>
    </extensions>
   </trkpt>
   <trkpt lat="47.7962978" lon="18.7240523">
    <ele>112</ele>
    <time>2026-07-05T07:51:47Z</time>
    <extensions>
     <gpxdata:distance>3621.00</gpxdata:distance>
     <gpxdata:speed>5.758</gpxdata:speed>
    </extensions>
   </trkpt>
   <trkpt lat="47.7963486" lon="18.7240469">
    <ele>112</ele>
    <time>2026-07-05T07:51:48Z</time>
    <extensions>
     <gpxdata:distance>3626.50</gpxdata:distance>
     <gpxdata:speed>5.728</gpxdata:speed>
    </extensions>
   </trkpt>
   <trkpt lat="47.7963992" lon="18.7240436">
    <ele>112</ele>
    <time>2026-07-05T07:51:49Z</time>
    <extensions>
     <gpxdata:distance>3632.00</gpxdata:distance>
     <gpxdata:speed>5.700</gpxdata:speed>
    </extensions>
   </trkpt>
   <trkpt lat="47.7964499" lon="18.7240417">
    <ele>112</ele>
    <time>2026-07-05T07:51:50Z</time>
    <extensions>
     <gpxdata:distance>3638.00</gpxdata:distance>
     <gpxdata:speed>5.669</gpxdata:speed>
    </extensions>
   </trkpt>
   <trkpt lat="47.7965005" lon="18.7240396">
    <ele>112</ele>
    <time>2026-07-05T07:51:51Z</time>
    <extensions>
     <gpxdata:distance>3644.00</gpxdata:distance>
     <gpxdata:speed>5.661</gpxdata:speed>
    </extensions>
   </trkpt>
   <trkpt lat="47.7965519" lon="18.7240376">
    <ele>112</ele>
    <time>2026-07-05T07:51:52Z</time>
    <extensions>
     <gpxdata:distance>3649.50</gpxdata:distance>
     <gpxdata:speed>5.647</gpxdata:speed>
    </extensions>
   </trkpt>
   <trkpt lat="47.7966036" lon="18.7240381">
    <ele>113</ele>
    <time>2026-07-05T07:51:53Z</time>
    <extensions>
     <gpxdata:distance>3655.00</gpxdata:distance>
     <gpxdata:speed>5.689</gpxdata:speed>
    </extensions>
   </trkpt>
   <trkpt lat="47.7966547" lon="18.7240429">
    <ele>113</ele>
    <time>2026-07-05T07:51:54Z</time>
    <extensions>
     <gpxdata:distance>3660.50</gpxdata:distance>
     <gpxdata:speed>5.717</gpxdata:speed>
    </extensions>
   </trkpt>
   <trkpt lat="47.7967046" lon="18.7240518">
    <ele>113</ele>
    <time>2026-07-05T07:51:55Z</time>
    <extensions>
     <gpxdata:distance>3666.00</gpxdata:distance>
     <gpxdata:speed>5.706</gpxdata:speed>
    </extensions>
   </trkpt>
   <trkpt lat="47.7967529" lon="18.7240622">
    <ele>113</ele>
    <time>2026-07-05T07:51:56Z</time>
    <extensions>
     <gpxdata:distance>3671.50</gpxdata:distance>
     <gpxdata:speed>5.650</gpxdata:speed>
    </extensions>
   </trkpt>
   <trkpt lat="47.7968000" lon="18.7240716">
    <ele>113</ele>
    <time>2026-07-05T07:51:57Z</time>
    <extensions>
     <gpxdata:distance>3677.00</gpxdata:distance>
     <gpxdata:speed>5.550</gpxdata:speed>
    </extensions>
   </trkpt>
   <trkpt lat="47.7968458" lon="18.7240800">
    <ele>113</ele>
    <time>2026-07-05T07:51:58Z</time>
    <extensions>
     <gpxdata:distance>3682.00</gpxdata:distance>
     <gpxdata:speed>5.436</gpxdata:speed>
    </extensions>
   </trkpt>
   <trkpt lat="47.7968912" lon="18.7240884">
    <ele>113</ele>
    <time>2026-07-05T07:51:59Z</time>
    <extensions>
     <gpxdata:distance>3687.00</gpxdata:distance>
     <gpxdata:speed>5.308</gpxdata:speed>
    </extensions>
   </trkpt>
   <trkpt lat="47.7969372" lon="18.7240977">
    <ele>113</ele>
    <time>2026-07-05T07:52:00Z</time>
    <extensions>
     <gpxdata:distance>3692.50</gpxdata:distance>
     <gpxdata:speed>5.231</gpxdata:speed>
    </extensions>
   </trkpt>
   <trkpt lat="47.7969839" lon="18.7241079">
    <ele>113</ele>
    <time>2026-07-05T07:52:01Z</time>
    <extensions>
     <gpxdata:distance>3698.00</gpxdata:distance>
     <gpxdata:speed>5.222</gpxdata:speed>
    </extensions>
   </trkpt>
   <trkpt lat="47.7970316" lon="18.7241182">
    <ele>112</ele>
    <time>2026-07-05T07:52:02Z</time>
    <extensions>
     <gpxdata:distance>3703.50</gpxdata:distance>
     <gpxdata:speed>5.247</gpxdata:speed>
    </extensions>
   </trkpt>
   <trkpt lat="47.7970802" lon="18.7241285">
    <ele>112</ele>
    <time>2026-07-05T07:52:03Z</time>
    <extensions>
     <gpxdata:distance>3709.00</gpxdata:distance>
     <gpxdata:speed>5.300</gpxdata:speed>
    </extensions>
   </trkpt>
   <trkpt lat="47.7971295" lon="18.7241385">
    <ele>113</ele>
    <time>2026-07-05T07:52:04Z</time>
    <extensions>
     <gpxdata:distance>3714.50</gpxdata:distance>
     <gpxdata:speed>5.358</gpxdata:speed>
    </extensions>
   </trkpt>
   <trkpt lat="47.7971789" lon="18.7241489">
    <ele>113</ele>
    <time>2026-07-05T07:52:05Z</time>
    <extensions>
     <gpxdata:distance>3720.00</gpxdata:distance>
     <gpxdata:speed>5.428</gpxdata:speed>
    </extensions>
   </trkpt>
   <trkpt lat="47.7972287" lon="18.7241595">
    <ele>113</ele>
    <time>2026-07-05T07:52:06Z</time>
    <extensions>
     <gpxdata:distance>3725.50</gpxdata:distance>
     <gpxdata:speed>5.472</gpxdata:speed>
    </extensions>
   </trkpt>
   <trkpt lat="47.7972787" lon="18.7241700">
    <ele>113</ele>
    <time>2026-07-05T07:52:07Z</time>
    <extensions>
     <gpxdata:distance>3731.00</gpxdata:distance>
     <gpxdata:speed>5.522</gpxdata:speed>
    </extensions>
   </trkpt>
   <trkpt lat="47.7973290" lon="18.7241805">
    <ele>113</ele>
    <time>2026-07-05T07:52:08Z</time>
    <extensions>
     <gpxdata:distance>3736.50</gpxdata:distance>
     <gpxdata:speed>5.567</gpxdata:speed>
    </extensions>
   </trkpt>
   <trkpt lat="47.7973792" lon="18.7241913">
    <ele>113</ele>
    <time>2026-07-05T07:52:09Z</time>
    <extensions>
     <gpxdata:distance>3742.00</gpxdata:distance>
     <gpxdata:speed>5.603</gpxdata:speed>
    </extensions>
   </trkpt>
   <trkpt lat="47.7974293" lon="18.7242013">
    <ele>113</ele>
    <time>2026-07-05T07:52:10Z</time>
    <extensions>
     <gpxdata:distance>3747.50</gpxdata:distance>
     <gpxdata:speed>5.628</gpxdata:speed>
    </extensions>
   </trkpt>
   <trkpt lat="47.7974795" lon="18.7242113">
    <ele>113</ele>
    <time>2026-07-05T07:52:11Z</time>
    <extensions>
     <gpxdata:distance>3753.00</gpxdata:distance>
     <gpxdata:speed>5.625</gpxdata:speed>
    </extensions>
   </trkpt>
   <trkpt lat="47.7975293" lon="18.7242221">
    <ele>113</ele>
    <time>2026-07-05T07:52:12Z</time>
    <extensions>
     <gpxdata:distance>3759.00</gpxdata:distance>
     <gpxdata:speed>5.633</gpxdata:speed>
    </extensions>
   </trkpt>
   <trkpt lat="47.7975790" lon="18.7242337">
    <ele>113</ele>
    <time>2026-07-05T07:52:13Z</time>
    <extensions>
     <gpxdata:distance>3765.00</gpxdata:distance>
     <gpxdata:speed>5.617</gpxdata:speed>
    </extensions>
   </trkpt>
   <trkpt lat="47.7976290" lon="18.7242462">
    <ele>113</ele>
    <time>2026-07-05T07:52:14Z</time>
    <extensions>
     <gpxdata:distance>3770.50</gpxdata:distance>
     <gpxdata:speed>5.617</gpxdata:speed>
    </extensions>
   </trkpt>
   <trkpt lat="47.7976787" lon="18.7242587">
    <ele>113</ele>
    <time>2026-07-05T07:52:15Z</time>
    <extensions>
     <gpxdata:distance>3776.00</gpxdata:distance>
     <gpxdata:speed>5.628</gpxdata:speed>
    </extensions>
   </trkpt>
   <trkpt lat="47.7977284" lon="18.7242710">
    <ele>113</ele>
    <time>2026-07-05T07:52:16Z</time>
    <extensions>
     <gpxdata:distance>3781.50</gpxdata:distance>
     <gpxdata:speed>5.617</gpxdata:speed>
    </extensions>
   </trkpt>
   <trkpt lat="47.7977781" lon="18.7242848">
    <ele>112</ele>
    <time>2026-07-05T07:52:17Z</time>
    <extensions>
     <gpxdata:distance>3787.00</gpxdata:distance>
     <gpxdata:speed>5.614</gpxdata:speed>
    </extensions>
   </trkpt>
   <trkpt lat="47.7978274" lon="18.7243005">
    <ele>112</ele>
    <time>2026-07-05T07:52:18Z</time>
    <extensions>
     <gpxdata:distance>3792.50</gpxdata:distance>
     <gpxdata:speed>5.619</gpxdata:speed>
    </extensions>
   </trkpt>
   <trkpt lat="47.7978755" lon="18.7243186">
    <ele>112</ele>
    <time>2026-07-05T07:52:19Z</time>
    <extensions>
     <gpxdata:distance>3798.00</gpxdata:distance>
     <gpxdata:speed>5.611</gpxdata:speed>
    </extensions>
   </trkpt>
   <trkpt lat="47.7979217" lon="18.7243403">
    <ele>112</ele>
    <time>2026-07-05T07:52:20Z</time>
    <extensions>
     <gpxdata:distance>3803.50</gpxdata:distance>
     <gpxdata:speed>5.567</gpxdata:speed>
    </extensions>
   </trkpt>
   <trkpt lat="47.7979657" lon="18.7243662">
    <ele>112</ele>
    <time>2026-07-05T07:52:21Z</time>
    <extensions>
     <gpxdata:distance>3809.00</gpxdata:distance>
     <gpxdata:speed>5.494</gpxdata:speed>
    </extensions>
   </trkpt>
   <trkpt lat="47.7980068" lon="18.7243966">
    <ele>112</ele>
    <time>2026-07-05T07:52:22Z</time>
    <extensions>
     <gpxdata:distance>3814.00</gpxdata:distance>
     <gpxdata:speed>5.397</gpxdata:speed>
    </extensions>
   </trkpt>
   <trkpt lat="47.7980441" lon="18.7244329">
    <ele>112</ele>
    <time>2026-07-05T07:52:23Z</time>
    <extensions>
     <gpxdata:distance>3819.00</gpxdata:distance>
     <gpxdata:speed>5.281</gpxdata:speed>
    </extensions>
   </trkpt>
   <trkpt lat="47.7980773" lon="18.7244730">
    <ele>112</ele>
    <time>2026-07-05T07:52:24Z</time>
    <extensions>
     <gpxdata:distance>3823.50</gpxdata:distance>
     <gpxdata:speed>5.156</gpxdata:speed>
    </extensions>
   </trkpt>
   <trkpt lat="47.7981071" lon="18.7245143">
    <ele>112</ele>
    <time>2026-07-05T07:52:25Z</time>
    <extensions>
     <gpxdata:distance>3828.00</gpxdata:distance>
     <gpxdata:speed>4.797</gpxdata:speed>
    </extensions>
   </trkpt>
   <trkpt lat="47.7981323" lon="18.7245536">
    <ele>112</ele>
    <time>2026-07-05T07:52:26Z</time>
    <extensions>
     <gpxdata:distance>3832.00</gpxdata:distance>
     <gpxdata:speed>4.531</gpxdata:speed>
    </extensions>
   </trkpt>
   <trkpt lat="47.7981508" lon="18.7245890">
    <ele>112</ele>
    <time>2026-07-05T07:52:27Z</time>
    <extensions>
     <gpxdata:distance>3836.00</gpxdata:distance>
     <gpxdata:speed>3.994</gpxdata:speed>
    </extensions>
   </trkpt>
   <trkpt lat="47.7981624" lon="18.7246210">
    <ele>112</ele>
    <time>2026-07-05T07:52:28Z</time>
    <extensions>
     <gpxdata:distance>3838.50</gpxdata:distance>
     <gpxdata:speed>3.275</gpxdata:speed>
    </extensions>
   </trkpt>
   <trkpt lat="47.7981641" lon="18.7246379">
    <ele>112</ele>
    <time>2026-07-05T07:52:29Z</time>
    <extensions>
     <gpxdata:distance>3841.00</gpxdata:distance>
     <gpxdata:speed>2.750</gpxdata:speed>
    </extensions>
   </trkpt>
   <trkpt lat="47.7981598" lon="18.7246557">
    <ele>112</ele>
    <time>2026-07-05T07:52:30Z</time>
    <extensions>
     <gpxdata:distance>3842.50</gpxdata:distance>
     <gpxdata:speed>2.461</gpxdata:speed>
    </extensions>
   </trkpt>
   <trkpt lat="47.7981499" lon="18.7246635">
    <ele>112</ele>
    <time>2026-07-05T07:52:31Z</time>
    <extensions>
     <gpxdata:distance>3844.00</gpxdata:distance>
     <gpxdata:speed>2.319</gpxdata:speed>
    </extensions>
   </trkpt>
   <trkpt lat="47.7981392" lon="18.7246574">
    <ele>112</ele>
    <time>2026-07-05T07:52:32Z</time>
    <extensions>
     <gpxdata:distance>3845.00</gpxdata:distance>
     <gpxdata:speed>2.319</gpxdata:speed>
    </extensions>
   </trkpt>
   <trkpt lat="47.7981318" lon="18.7246424">
    <ele>112</ele>
    <time>2026-07-05T07:52:33Z</time>
    <extensions>
     <gpxdata:distance>3846.00</gpxdata:distance>
     <gpxdata:speed>2.450</gpxdata:speed>
    </extensions>
   </trkpt>
   <trkpt lat="47.7981289" lon="18.7246249">
    <ele>112</ele>
    <time>2026-07-05T07:52:34Z</time>
    <extensions>
     <gpxdata:distance>3847.50</gpxdata:distance>
     <gpxdata:speed>2.178</gpxdata:speed>
    </extensions>
   </trkpt>
   <trkpt lat="47.7981299" lon="18.7246126">
    <ele>112</ele>
    <time>2026-07-05T07:52:35Z</time>
    <extensions>
     <gpxdata:distance>3849.00</gpxdata:distance>
     <gpxdata:speed>1.792</gpxdata:speed>
    </extensions>
   </trkpt>
   <trkpt lat="47.7981337" lon="18.7245980">
    <ele>112</ele>
    <time>2026-07-05T07:52:36Z</time>
    <extensions>
     <gpxdata:distance>3850.50</gpxdata:distance>
     <gpxdata:speed>1.597</gpxdata:speed>
    </extensions>
   </trkpt>
   <trkpt lat="47.7981402" lon="18.7245817">
    <ele>112</ele>
    <time>2026-07-05T07:52:37Z</time>
    <extensions>
     <gpxdata:distance>3852.00</gpxdata:distance>
     <gpxdata:speed>1.639</gpxdata:speed>
    </extensions>
   </trkpt>
   <trkpt lat="47.7981490" lon="18.7245638">
    <ele>112</ele>
    <time>2026-07-05T07:52:38Z</time>
    <extensions>
     <gpxdata:distance>3854.00</gpxdata:distance>
     <gpxdata:speed>1.731</gpxdata:speed>
    </extensions>
   </trkpt>
   <trkpt lat="47.7981638" lon="18.7245384">
    <ele>112</ele>
    <time>2026-07-05T07:52:39Z</time>
    <extensions>
     <gpxdata:distance>3856.00</gpxdata:distance>
     <gpxdata:speed>2.003</gpxdata:speed>
    </extensions>
   </trkpt>
   <trkpt lat="47.7981778" lon="18.7245174">
    <ele>112</ele>
    <time>2026-07-05T07:52:40Z</time>
    <extensions>
     <gpxdata:distance>3858.00</gpxdata:distance>
     <gpxdata:speed>2.072</gpxdata:speed>
    </extensions>
   </trkpt>
   <trkpt lat="47.7981907" lon="18.7244978">
    <ele>112</ele>
    <time>2026-07-05T07:52:41Z</time>
    <extensions>
     <gpxdata:distance>3860.00</gpxdata:distance>
     <gpxdata:speed>2.075</gpxdata:speed>
    </extensions>
   </trkpt>
   <trkpt lat="47.7982024" lon="18.7244785">
    <ele>112</ele>
    <time>2026-07-05T07:52:42Z</time>
    <extensions>
     <gpxdata:distance>3862.00</gpxdata:distance>
     <gpxdata:speed>2.031</gpxdata:speed>
    </extensions>
   </trkpt>
   <trkpt lat="47.7982104" lon="18.7244647">
    <ele>112</ele>
    <time>2026-07-05T07:52:43Z</time>
    <extensions>
     <gpxdata:distance>3864.00</gpxdata:distance>
     <gpxdata:speed>1.969</gpxdata:speed>
    </extensions>
   </trkpt>
   <trkpt lat="47.7982192" lon="18.7244485">
    <ele>112</ele>
    <time>2026-07-05T07:52:44Z</time>
    <extensions>
     <gpxdata:distance>3865.50</gpxdata:distance>
     <gpxdata:speed>1.925</gpxdata:speed>
    </extensions>
   </trkpt>
   <trkpt lat="47.7982282" lon="18.7244315">
    <ele>112</ele>
    <time>2026-07-05T07:52:45Z</time>
    <extensions>
     <gpxdata:distance>3867.00</gpxdata:distance>
     <gpxdata:speed>1.883</gpxdata:speed>
    </extensions>
   </trkpt>
   <trkpt lat="47.7982368" lon="18.7244143">
    <ele>112</ele>
    <time>2026-07-05T07:52:46Z</time>
    <extensions>
     <gpxdata:distance>3868.50</gpxdata:distance>
     <gpxdata:speed>1.808</gpxdata:speed>
    </extensions>
   </trkpt>
   <trkpt lat="47.7982452" lon="18.7243971">
    <ele>112</ele>
    <time>2026-07-05T07:52:47Z</time>
    <extensions>
     <gpxdata:distance>3870.00</gpxdata:distance>
     <gpxdata:speed>1.717</gpxdata:speed>
    </extensions>
   </trkpt>
   <trkpt lat="47.7982535" lon="18.7243795">
    <ele>112</ele>
    <time>2026-07-05T07:52:48Z</time>
    <extensions>
     <gpxdata:distance>3872.00</gpxdata:distance>
     <gpxdata:speed>1.653</gpxdata:speed>
    </extensions>
   </trkpt>
   <trkpt lat="47.7982616" lon="18.7243613">
    <ele>112</ele>
    <time>2026-07-05T07:52:49Z</time>
    <extensions>
     <gpxdata:distance>3874.00</gpxdata:distance>
     <gpxdata:speed>1.636</gpxdata:speed>
    </extensions>
   </trkpt>
   <trkpt lat="47.7982694" lon="18.7243421">
    <ele>112</ele>
    <time>2026-07-05T07:52:50Z</time>
    <extensions>
     <gpxdata:distance>3875.50</gpxdata:distance>
     <gpxdata:speed>1.642</gpxdata:speed>
    </extensions>
   </trkpt>
   <trkpt lat="47.7982765" lon="18.7243222">
    <ele>112</ele>
    <time>2026-07-05T07:52:51Z</time>
    <extensions>
     <gpxdata:distance>3877.00</gpxdata:distance>
     <gpxdata:speed>1.667</gpxdata:speed>
    </extensions>
   </trkpt>
   <trkpt lat="47.7982829" lon="18.7243023">
    <ele>113</ele>
    <time>2026-07-05T07:52:52Z</time>
    <extensions>
     <gpxdata:distance>3878.50</gpxdata:distance>
     <gpxdata:speed>1.675</gpxdata:speed>
    </extensions>
   </trkpt>
   <trkpt lat="47.7982894" lon="18.7242828">
    <ele>113</ele>
    <time>2026-07-05T07:52:53Z</time>
    <extensions>
     <gpxdata:distance>3880.00</gpxdata:distance>
     <gpxdata:speed>1.656</gpxdata:speed>
    </extensions>
   </trkpt>
   <trkpt lat="47.7982953" lon="18.7242641">
    <ele>113</ele>
    <time>2026-07-05T07:52:54Z</time>
    <extensions>
     <gpxdata:distance>3881.50</gpxdata:distance>
     <gpxdata:speed>1.625</gpxdata:speed>
    </extensions>
   </trkpt>
   <trkpt lat="47.7983005" lon="18.7242455">
    <ele>113</ele>
    <time>2026-07-05T07:52:55Z</time>
    <extensions>
     <gpxdata:distance>3883.00</gpxdata:distance>
     <gpxdata:speed>1.558</gpxdata:speed>
    </extensions>
   </trkpt>
   <trkpt lat="47.7983052" lon="18.7242267">
    <ele>113</ele>
    <time>2026-07-05T07:52:56Z</time>
    <extensions>
     <gpxdata:distance>3884.50</gpxdata:distance>
     <gpxdata:speed>1.514</gpxdata:speed>
    </extensions>
   </trkpt>
   <trkpt lat="47.7983094" lon="18.7242070">
    <ele>113</ele>
    <time>2026-07-05T07:52:57Z</time>
    <extensions>
     <gpxdata:distance>3886.00</gpxdata:distance>
     <gpxdata:speed>1.506</gpxdata:speed>
    </extensions>
   </trkpt>
   <trkpt lat="47.7983135" lon="18.7241871">
    <ele>113</ele>
    <time>2026-07-05T07:52:58Z</time>
    <extensions>
     <gpxdata:distance>3887.50</gpxdata:distance>
     <gpxdata:speed>1.544</gpxdata:speed>
    </extensions>
   </trkpt>
   <trkpt lat="47.7983185" lon="18.7241677">
    <ele>113</ele>
    <time>2026-07-05T07:52:59Z</time>
    <extensions>
     <gpxdata:distance>3889.00</gpxdata:distance>
     <gpxdata:speed>1.550</gpxdata:speed>
    </extensions>
   </trkpt>
   <trkpt lat="47.7983243" lon="18.7241495">
    <ele>113</ele>
    <time>2026-07-05T07:53:00Z</time>
    <extensions>
     <gpxdata:distance>3890.50</gpxdata:distance>
     <gpxdata:speed>1.558</gpxdata:speed>
    </extensions>
   </trkpt>
   <trkpt lat="47.7983304" lon="18.7241330">
    <ele>113</ele>
    <time>2026-07-05T07:53:01Z</time>
    <extensions>
     <gpxdata:distance>3892.00</gpxdata:distance>
     <gpxdata:speed>1.519</gpxdata:speed>
    </extensions>
   </trkpt>
   <trkpt lat="47.7983366" lon="18.7241177">
    <ele>113</ele>
    <time>2026-07-05T07:53:02Z</time>
    <extensions>
     <gpxdata:distance>3893.00</gpxdata:distance>
     <gpxdata:speed>1.428</gpxdata:speed>
    </extensions>
   </trkpt>
   <trkpt lat="47.7983428" lon="18.7241030">
    <ele>113</ele>
    <time>2026-07-05T07:53:03Z</time>
    <extensions>
     <gpxdata:distance>3894.00</gpxdata:distance>
     <gpxdata:speed>1.356</gpxdata:speed>
    </extensions>
   </trkpt>
   <trkpt lat="47.7983484" lon="18.7240887">
    <ele>113</ele>
    <time>2026-07-05T07:53:04Z</time>
    <extensions>
     <gpxdata:distance>3895.50</gpxdata:distance>
     <gpxdata:speed>1.308</gpxdata:speed>
    </extensions>
   </trkpt>
   <trkpt lat="47.7983537" lon="18.7240749">
    <ele>113</ele>
    <time>2026-07-05T07:53:05Z</time>
    <extensions>
     <gpxdata:distance>3897.00</gpxdata:distance>
     <gpxdata:speed>1.250</gpxdata:speed>
    </extensions>
   </trkpt>
   <trkpt lat="47.7983583" lon="18.7240611">
    <ele>113</ele>
    <time>2026-07-05T07:53:06Z</time>
    <extensions>
     <gpxdata:distance>3898.00</gpxdata:distance>
     <gpxdata:speed>1.197</gpxdata:speed>
    </extensions>
   </trkpt>
   <trkpt lat="47.7983625" lon="18.7240472">
    <ele>113</ele>
    <time>2026-07-05T07:53:07Z</time>
    <extensions>
     <gpxdata:distance>3899.00</gpxdata:distance>
     <gpxdata:speed>1.153</gpxdata:speed>
    </extensions>
   </trkpt>
   <trkpt lat="47.7983651" lon="18.7240327">
    <ele>113</ele>
    <time>2026-07-05T07:53:08Z</time>
    <extensions>
     <gpxdata:distance>3900.00</gpxdata:distance>
     <gpxdata:speed>1.133</gpxdata:speed>
    </extensions>
   </trkpt>
   <trkpt lat="47.7983664" lon="18.7240183">
    <ele>113</ele>
    <time>2026-07-05T07:53:09Z</time>
    <extensions>
     <gpxdata:distance>3901.00</gpxdata:distance>
     <gpxdata:speed>1.144</gpxdata:speed>
    </extensions>
   </trkpt>
   <trkpt lat="47.7983667" lon="18.7240042">
    <ele>113</ele>
    <time>2026-07-05T07:53:10Z</time>
    <extensions>
     <gpxdata:distance>3902.00</gpxdata:distance>
     <gpxdata:speed>1.125</gpxdata:speed>
    </extensions>
   </trkpt>
   <trkpt lat="47.7983663" lon="18.7239899">
    <ele>113</ele>
    <time>2026-07-05T07:53:11Z</time>
    <extensions>
     <gpxdata:distance>3903.00</gpxdata:distance>
     <gpxdata:speed>1.083</gpxdata:speed>
    </extensions>
   </trkpt>
   <trkpt lat="47.7983663" lon="18.7239732">
    <ele>113</ele>
    <time>2026-07-05T07:53:12Z</time>
    <extensions>
     <gpxdata:distance>3904.50</gpxdata:distance>
     <gpxdata:speed>1.094</gpxdata:speed>
    </extensions>
   </trkpt>
   <trkpt lat="47.7983668" lon="18.7239529">
    <ele>113</ele>
    <time>2026-07-05T07:53:13Z</time>
    <extensions>
     <gpxdata:distance>3906.00</gpxdata:distance>
     <gpxdata:speed>1.244</gpxdata:speed>
    </extensions>
   </trkpt>
   <trkpt lat="47.7983685" lon="18.7239297">
    <ele>113</ele>
    <time>2026-07-05T07:53:14Z</time>
    <extensions>
     <gpxdata:distance>3908.50</gpxdata:distance>
     <gpxdata:speed>1.789</gpxdata:speed>
    </extensions>
   </trkpt>
   <trkpt lat="47.7983718" lon="18.7239045">
    <ele>113</ele>
    <time>2026-07-05T07:53:15Z</time>
    <extensions>
     <gpxdata:distance>3911.00</gpxdata:distance>
     <gpxdata:speed>1.942</gpxdata:speed>
    </extensions>
   </trkpt>
   <trkpt lat="47.7983791" lon="18.7238689">
    <ele>113</ele>
    <time>2026-07-05T07:53:16Z</time>
    <extensions>
     <gpxdata:distance>3913.00</gpxdata:distance>
     <gpxdata:speed>2.144</gpxdata:speed>
    </extensions>
   </trkpt>
   <trkpt lat="47.7983872" lon="18.7238385">
    <ele>113</ele>
    <time>2026-07-05T07:53:17Z</time>
    <extensions>
     <gpxdata:distance>3915.00</gpxdata:distance>
     <gpxdata:speed>2.275</gpxdata:speed>
    </extensions>
   </trkpt>
   <trkpt lat="47.7983957" lon="18.7238097">
    <ele>113</ele>
    <time>2026-07-05T07:53:18Z</time>
    <extensions>
     <gpxdata:distance>3917.50</gpxdata:distance>
     <gpxdata:speed>2.311</gpxdata:speed>
    </extensions>
   </trkpt>
   <trkpt lat="47.7984041" lon="18.7237811">
    <ele>113</ele>
    <time>2026-07-05T07:53:19Z</time>
    <extensions>
     <gpxdata:distance>3920.00</gpxdata:distance>
     <gpxdata:speed>2.336</gpxdata:speed>
    </extensions>
   </trkpt>
   <trkpt lat="47.7984121" lon="18.7237522">
    <ele>113</ele>
    <time>2026-07-05T07:53:20Z</time>
    <extensions>
     <gpxdata:distance>3922.50</gpxdata:distance>
     <gpxdata:speed>2.356</gpxdata:speed>
    </extensions>
   </trkpt>
   <trkpt lat="47.7984198" lon="18.7237227">
    <ele>113</ele>
    <time>2026-07-05T07:53:21Z</time>
    <extensions>
     <gpxdata:distance>3925.00</gpxdata:distance>
     <gpxdata:speed>2.367</gpxdata:speed>
    </extensions>
   </trkpt>
   <trkpt lat="47.7984277" lon="18.7236927">
    <ele>113</ele>
    <time>2026-07-05T07:53:22Z</time>
    <extensions>
     <gpxdata:distance>3927.50</gpxdata:distance>
     <gpxdata:speed>2.414</gpxdata:speed>
    </extensions>
   </trkpt>
   <trkpt lat="47.7984361" lon="18.7236616">
    <ele>113</ele>
    <time>2026-07-05T07:53:23Z</time>
    <extensions>
     <gpxdata:distance>3930.00</gpxdata:distance>
     <gpxdata:speed>2.453</gpxdata:speed>
    </extensions>
   </trkpt>
   <trkpt lat="47.7984444" lon="18.7236295">
    <ele>113</ele>
    <time>2026-07-05T07:53:24Z</time>
    <extensions>
     <gpxdata:distance>3932.50</gpxdata:distance>
     <gpxdata:speed>2.519</gpxdata:speed>
    </extensions>
   </trkpt>
   <trkpt lat="47.7984523" lon="18.7235971">
    <ele>113</ele>
    <time>2026-07-05T07:53:25Z</time>
    <extensions>
     <gpxdata:distance>3935.00</gpxdata:distance>
     <gpxdata:speed>2.567</gpxdata:speed>
    </extensions>
   </trkpt>
   <trkpt lat="47.7984591" lon="18.7235646">
    <ele>113</ele>
    <time>2026-07-05T07:53:26Z</time>
    <extensions>
     <gpxdata:distance>3937.50</gpxdata:distance>
     <gpxdata:speed>2.575</gpxdata:speed>
    </extensions>
   </trkpt>
   <trkpt lat="47.7984657" lon="18.7235332">
    <ele>113</ele>
    <time>2026-07-05T07:53:27Z</time>
    <extensions>
     <gpxdata:distance>3940.00</gpxdata:distance>
     <gpxdata:speed>2.561</gpxdata:speed>
    </extensions>
   </trkpt>
   <trkpt lat="47.7984729" lon="18.7235035">
    <ele>113</ele>
    <time>2026-07-05T07:53:28Z</time>
    <extensions>
     <gpxdata:distance>3942.00</gpxdata:distance>
     <gpxdata:speed>2.497</gpxdata:speed>
    </extensions>
   </trkpt>
   <trkpt lat="47.7984814" lon="18.7234765">
    <ele>113</ele>
    <time>2026-07-05T07:53:29Z</time>
    <extensions>
     <gpxdata:distance>3944.00</gpxdata:distance>
     <gpxdata:speed>2.419</gpxdata:speed>
    </extensions>
   </trkpt>
   <trkpt lat="47.7984916" lon="18.7234544">
    <ele>113</ele>
    <time>2026-07-05T07:53:30Z</time>
    <extensions>
     <gpxdata:distance>3946.00</gpxdata:distance>
     <gpxdata:speed>2.319</gpxdata:speed>
    </extensions>
   </trkpt>
   <trkpt lat="47.7985043" lon="18.7234378">
    <ele>113</ele>
    <time>2026-07-05T07:53:31Z</time>
    <extensions>
     <gpxdata:distance>3948.00</gpxdata:distance>
     <gpxdata:speed>2.181</gpxdata:speed>
    </extensions>
   </trkpt>
   <trkpt lat="47.7985178" lon="18.7234238">
    <ele>113</ele>
    <time>2026-07-05T07:53:32Z</time>
    <extensions>
     <gpxdata:distance>3949.50</gpxdata:distance>
     <gpxdata:speed>2.094</gpxdata:speed>
    </extensions>
   </trkpt>
   <trkpt lat="47.7985314" lon="18.7234097">
    <ele>113</ele>
    <time>2026-07-05T07:53:33Z</time>
    <extensions>
     <gpxdata:distance>3951.00</gpxdata:distance>
     <gpxdata:speed>2.006</gpxdata:speed>
    </extensions>
   </trkpt>
   <trkpt lat="47.7985405" lon="18.7233979">
    <ele>113</ele>
    <time>2026-07-05T07:53:34Z</time>
    <extensions>
     <gpxdata:distance>3953.00</gpxdata:distance>
     <gpxdata:speed>1.947</gpxdata:speed>
    </extensions>
   </trkpt>
   <trkpt lat="47.7985505" lon="18.7233819">
    <ele>113</ele>
    <time>2026-07-05T07:53:35Z</time>
    <extensions>
     <gpxdata:distance>3955.00</gpxdata:distance>
     <gpxdata:speed>1.939</gpxdata:speed>
    </extensions>
   </trkpt>
   <trkpt lat="47.7985602" lon="18.7233624">
    <ele>113</ele>
    <time>2026-07-05T07:53:36Z</time>
    <extensions>
     <gpxdata:distance>3957.00</gpxdata:distance>
     <gpxdata:speed>1.964</gpxdata:speed>
    </extensions>
   </trkpt>
   <trkpt lat="47.7985723" lon="18.7233329">
    <ele>113</ele>
    <time>2026-07-05T07:53:37Z</time>
    <extensions>
     <gpxdata:distance>3959.00</gpxdata:distance>
     <gpxdata:speed>2.000</gpxdata:speed>
    </extensions>
   </trkpt>
   <trkpt lat="47.7985800" lon="18.7233072">
    <ele>113</ele>
    <time>2026-07-05T07:53:38Z</time>
    <extensions>
     <gpxdata:distance>3961.00</gpxdata:distance>
     <gpxdata:speed>2.003</gpxdata:speed>
    </extensions>
   </trkpt>
   <trkpt lat="47.7985829" lon="18.7232895">
    <ele>113</ele>
    <time>2026-07-05T07:53:39Z</time>
    <extensions>
     <gpxdata:distance>3963.00</gpxdata:distance>
     <gpxdata:speed>1.950</gpxdata:speed>
    </extensions>
   </trkpt>
   <trkpt lat="47.7985842" lon="18.7232687">
    <ele>113</ele>
    <time>2026-07-05T07:53:40Z</time>
    <extensions>
     <gpxdata:distance>3964.50</gpxdata:distance>
     <gpxdata:speed>1.908</gpxdata:speed>
    </extensions>
   </trkpt>
   <trkpt lat="47.7985845" lon="18.7232458">
    <ele>113</ele>
    <time>2026-07-05T07:53:41Z</time>
    <extensions>
     <gpxdata:distance>3966.00</gpxdata:distance>
     <gpxdata:speed>1.897</gpxdata:speed>
    </extensions>
   </trkpt>
   <trkpt lat="47.7985843" lon="18.7232215">
    <ele>113</ele>
    <time>2026-07-05T07:53:42Z</time>
    <extensions>
     <gpxdata:distance>3968.00</gpxdata:distance>
     <gpxdata:speed>1.908</gpxdata:speed>
    </extensions>
   </trkpt>
   <trkpt lat="47.7985845" lon="18.7231961">
    <ele>113</ele>
    <time>2026-07-05T07:53:43Z</time>
    <extensions>
     <gpxdata:distance>3970.00</gpxdata:distance>
     <gpxdata:speed>1.925</gpxdata:speed>
    </extensions>
   </trkpt>
   <trkpt lat="47.7985856" lon="18.7231695">
    <ele>113</ele>
    <time>2026-07-05T07:53:44Z</time>
    <extensions>
     <gpxdata:distance>3972.50</gpxdata:distance>
     <gpxdata:speed>1.958</gpxdata:speed>
    </extensions>
   </trkpt>
   <trkpt lat="47.7985888" lon="18.7231327">
    <ele>113</ele>
    <time>2026-07-05T07:53:45Z</time>
    <extensions>
     <gpxdata:distance>3975.00</gpxdata:distance>
     <gpxdata:speed>2.028</gpxdata:speed>
    </extensions>
   </trkpt>
   <trkpt lat="47.7985924" lon="18.7231027">
    <ele>113</ele>
    <time>2026-07-05T07:53:46Z</time>
    <extensions>
     <gpxdata:distance>3977.00</gpxdata:distance>
     <gpxdata:speed>2.069</gpxdata:speed>
    </extensions>
   </trkpt>
   <trkpt lat="47.7985962" lon="18.7230766">
    <ele>113</ele>
    <time>2026-07-05T07:53:47Z</time>
    <extensions>
     <gpxdata:distance>3979.00</gpxdata:distance>
     <gpxdata:speed>2.036</gpxdata:speed>
    </extensions>
   </trkpt>
   <trkpt lat="47.7985986" lon="18.7230597">
    <ele>113</ele>
    <time>2026-07-05T07:53:48Z</time>
    <extensions>
     <gpxdata:distance>3980.50</gpxdata:distance>
     <gpxdata:speed>1.947</gpxdata:speed>
    </extensions>
   </trkpt>
   <trkpt lat="47.7986004" lon="18.7230405">
    <ele>113</ele>
    <time>2026-07-05T07:53:49Z</time>
    <extensions>
     <gpxdata:distance>3982.00</gpxdata:distance>
     <gpxdata:speed>1.819</gpxdata:speed>
    </extensions>
   </trkpt>
   <trkpt lat="47.7986010" lon="18.7230189">
    <ele>113</ele>
    <time>2026-07-05T07:53:50Z</time>
    <extensions>
     <gpxdata:distance>3983.50</gpxdata:distance>
     <gpxdata:speed>1.761</gpxdata:speed>
    </extensions>
   </trkpt>
   <trkpt lat="47.7986004" lon="18.7229951">
    <ele>113</ele>
    <time>2026-07-05T07:53:51Z</time>
    <extensions>
     <gpxdata:distance>3985.00</gpxdata:distance>
     <gpxdata:speed>1.789</gpxdata:speed>
    </extensions>
   </trkpt>
   <trkpt lat="47.7985986" lon="18.7229696">
    <ele>113</ele>
    <time>2026-07-05T07:53:52Z</time>
    <extensions>
     <gpxdata:distance>3987.50</gpxdata:distance>
     <gpxdata:speed>1.867</gpxdata:speed>
    </extensions>
   </trkpt>
   <trkpt lat="47.7985962" lon="18.7229418">
    <ele>113</ele>
    <time>2026-07-05T07:53:53Z</time>
    <extensions>
     <gpxdata:distance>3990.00</gpxdata:distance>
     <gpxdata:speed>1.958</gpxdata:speed>
    </extensions>
   </trkpt>
   <trkpt lat="47.7985928" lon="18.7229015">
    <ele>113</ele>
    <time>2026-07-05T07:53:54Z</time>
    <extensions>
     <gpxdata:distance>3992.50</gpxdata:distance>
     <gpxdata:speed>2.094</gpxdata:speed>
    </extensions>
   </trkpt>
   <trkpt lat="47.7985913" lon="18.7228667">
    <ele>113</ele>
    <time>2026-07-05T07:53:55Z</time>
    <extensions>
     <gpxdata:distance>3995.00</gpxdata:distance>
     <gpxdata:speed>2.219</gpxdata:speed>
    </extensions>
   </trkpt>
   <trkpt lat="47.7985916" lon="18.7228353">
    <ele>113</ele>
    <time>2026-07-05T07:53:56Z</time>
    <extensions>
     <gpxdata:distance>3997.00</gpxdata:distance>
     <gpxdata:speed>2.286</gpxdata:speed>
    </extensions>
   </trkpt>
   <trkpt lat="47.7986337" lon="18.7226623">
    <ele>114</ele>
    <time>2026-07-05T07:59:09Z</time>
    <extensions>
     <gpxdata:distance>4014.00</gpxdata:distance>
     <gpxdata:speed>1.978</gpxdata:speed>
    </extensions>
   </trkpt>
   <trkpt lat="47.7986418" lon="18.7226268">
    <ele>114</ele>
    <time>2026-07-05T07:59:10Z</time>
    <extensions>
     <gpxdata:distance>4014.00</gpxdata:distance>
     <gpxdata:speed>2.119</gpxdata:speed>
    </extensions>
   </trkpt>
   <trkpt lat="47.7986483" lon="18.7225955">
    <ele>114</ele>
    <time>2026-07-05T07:59:11Z</time>
    <extensions>
     <gpxdata:distance>4016.00</gpxdata:distance>
     <gpxdata:speed>2.211</gpxdata:speed>
    </extensions>
   </trkpt>
   <trkpt lat="47.7986544" lon="18.7225652">
    <ele>114</ele>
    <time>2026-07-05T07:59:12Z</time>
    <extensions>
     <gpxdata:distance>4018.00</gpxdata:distance>
     <gpxdata:speed>2.283</gpxdata:speed>
    </extensions>
   </trkpt>
   <trkpt lat="47.7986609" lon="18.7225350">
    <ele>114</ele>
    <time>2026-07-05T07:59:13Z</time>
    <extensions>
     <gpxdata:distance>4020.50</gpxdata:distance>
     <gpxdata:speed>2.339</gpxdata:speed>
    </extensions>
   </trkpt>
   <trkpt lat="47.7986681" lon="18.7225046">
    <ele>114</ele>
    <time>2026-07-05T07:59:14Z</time>
    <extensions>
     <gpxdata:distance>4023.00</gpxdata:distance>
     <gpxdata:speed>2.394</gpxdata:speed>
    </extensions>
   </trkpt>
   <trkpt lat="47.7986762" lon="18.7224744">
    <ele>114</ele>
    <time>2026-07-05T07:59:15Z</time>
    <extensions>
     <gpxdata:distance>4025.50</gpxdata:distance>
     <gpxdata:speed>2.458</gpxdata:speed>
    </extensions>
   </trkpt>
   <trkpt lat="47.7986851" lon="18.7224444">
    <ele>114</ele>
    <time>2026-07-05T07:59:16Z</time>
    <extensions>
     <gpxdata:distance>4028.00</gpxdata:distance>
     <gpxdata:speed>2.478</gpxdata:speed>
    </extensions>
   </trkpt>
   <trkpt lat="47.7986942" lon="18.7224143">
    <ele>114</ele>
    <time>2026-07-05T07:59:17Z</time>
    <extensions>
     <gpxdata:distance>4030.50</gpxdata:distance>
     <gpxdata:speed>2.492</gpxdata:speed>
    </extensions>
   </trkpt>
   <trkpt lat="47.7987031" lon="18.7223843">
    <ele>114</ele>
    <time>2026-07-05T07:59:18Z</time>
    <extensions>
     <gpxdata:distance>4033.00</gpxdata:distance>
     <gpxdata:speed>2.503</gpxdata:speed>
    </extensions>
   </trkpt>
   <trkpt lat="47.7987114" lon="18.7223547">
    <ele>114</ele>
    <time>2026-07-05T07:59:19Z</time>
    <extensions>
     <gpxdata:distance>4035.50</gpxdata:distance>
     <gpxdata:speed>2.467</gpxdata:speed>
    </extensions>
   </trkpt>
   <trkpt lat="47.7987190" lon="18.7223258">
    <ele>114</ele>
    <time>2026-07-05T07:59:20Z</time>
    <extensions>
     <gpxdata:distance>4038.00</gpxdata:distance>
     <gpxdata:speed>2.411</gpxdata:speed>
    </extensions>
   </trkpt>
   <trkpt lat="47.7987258" lon="18.7222966">
    <ele>114</ele>
    <time>2026-07-05T07:59:21Z</time>
    <extensions>
     <gpxdata:distance>4040.00</gpxdata:distance>
     <gpxdata:speed>2.350</gpxdata:speed>
    </extensions>
   </trkpt>
   <trkpt lat="47.7987313" lon="18.7222658">
    <ele>114</ele>
    <time>2026-07-05T07:59:22Z</time>
    <extensions>
     <gpxdata:distance>4042.00</gpxdata:distance>
     <gpxdata:speed>2.333</gpxdata:speed>
    </extensions>
   </trkpt>
   <trkpt lat="47.7987353" lon="18.7222334">
    <ele>114</ele>
    <time>2026-07-05T07:59:23Z</time>
    <extensions>
     <gpxdata:distance>4044.50</gpxdata:distance>
     <gpxdata:speed>2.386</gpxdata:speed>
    </extensions>
   </trkpt>
   <trkpt lat="47.7987385" lon="18.7221998">
    <ele>114</ele>
    <time>2026-07-05T07:59:24Z</time>
    <extensions>
     <gpxdata:distance>4047.00</gpxdata:distance>
     <gpxdata:speed>2.456</gpxdata:speed>
    </extensions>
   </trkpt>
   <trkpt lat="47.7987423" lon="18.7221663">
    <ele>114</ele>
    <time>2026-07-05T07:59:25Z</time>
    <extensions>
     <gpxdata:distance>4050.00</gpxdata:distance>
     <gpxdata:speed>2.511</gpxdata:speed>
    </extensions>
   </trkpt>
   <trkpt lat="47.7987474" lon="18.7221341">
    <ele>114</ele>
    <time>2026-07-05T07:59:26Z</time>
    <extensions>
     <gpxdata:distance>4053.00</gpxdata:distance>
     <gpxdata:speed>2.522</gpxdata:speed>
    </extensions>
   </trkpt>
   <trkpt lat="47.7987543" lon="18.7221042">
    <ele>114</ele>
    <time>2026-07-05T07:59:27Z</time>
    <extensions>
     <gpxdata:distance>4055.00</gpxdata:distance>
     <gpxdata:speed>2.492</gpxdata:speed>
    </extensions>
   </trkpt>
   <trkpt lat="47.7987636" lon="18.7220791">
    <ele>114</ele>
    <time>2026-07-05T07:59:28Z</time>
    <extensions>
     <gpxdata:distance>4057.00</gpxdata:distance>
     <gpxdata:speed>2.419</gpxdata:speed>
    </extensions>
   </trkpt>
   <trkpt lat="47.7987753" lon="18.7220611">
    <ele>114</ele>
    <time>2026-07-05T07:59:29Z</time>
    <extensions>
     <gpxdata:distance>4058.50</gpxdata:distance>
     <gpxdata:speed>2.297</gpxdata:speed>
    </extensions>
   </trkpt>
   <trkpt lat="47.7987886" lon="18.7220518">
    <ele>114</ele>
    <time>2026-07-05T07:59:30Z</time>
    <extensions>
     <gpxdata:distance>4060.00</gpxdata:distance>
     <gpxdata:speed>2.156</gpxdata:speed>
    </extensions>
   </trkpt>
   <trkpt lat="47.7988021" lon="18.7220512">
    <ele>114</ele>
    <time>2026-07-05T07:59:31Z</time>
    <extensions>
     <gpxdata:distance>4061.50</gpxdata:distance>
     <gpxdata:speed>2.031</gpxdata:speed>
    </extensions>
   </trkpt>
   <trkpt lat="47.7988119" lon="18.7220565">
    <ele>114</ele>
    <time>2026-07-05T07:59:32Z</time>
    <extensions>
     <gpxdata:distance>4063.00</gpxdata:distance>
     <gpxdata:speed>1.947</gpxdata:speed>
    </extensions>
   </trkpt>
   <trkpt lat="47.7988226" lon="18.7220679">
    <ele>114</ele>
    <time>2026-07-05T07:59:33Z</time>
    <extensions>
     <gpxdata:distance>4065.00</gpxdata:distance>
     <gpxdata:speed>1.958</gpxdata:speed>
    </extensions>
   </trkpt>
   <trkpt lat="47.7988363" lon="18.7220910">
    <ele>114</ele>
    <time>2026-07-05T07:59:34Z</time>
    <extensions>
     <gpxdata:distance>4067.00</gpxdata:distance>
     <gpxdata:speed>2.000</gpxdata:speed>
    </extensions>
   </trkpt>
   <trkpt lat="47.7988451" lon="18.7221158">
    <ele>114</ele>
    <time>2026-07-05T07:59:35Z</time>
    <extensions>
     <gpxdata:distance>4069.00</gpxdata:distance>
     <gpxdata:speed>2.053</gpxdata:speed>
    </extensions>
   </trkpt>
   <trkpt lat="47.7988502" lon="18.7221419">
    <ele>114</ele>
    <time>2026-07-05T07:59:36Z</time>
    <extensions>
     <gpxdata:distance>4071.00</gpxdata:distance>
     <gpxdata:speed>2.103</gpxdata:speed>
    </extensions>
   </trkpt>
   <trkpt lat="47.7988521" lon="18.7221685">
    <ele>114</ele>
    <time>2026-07-05T07:59:37Z</time>
    <extensions>
     <gpxdata:distance>4073.00</gpxdata:distance>
     <gpxdata:speed>2.119</gpxdata:speed>
    </extensions>
   </trkpt>
   <trkpt lat="47.7988520" lon="18.7221958">
    <ele>114</ele>
    <time>2026-07-05T07:59:38Z</time>
    <extensions>
     <gpxdata:distance>4075.00</gpxdata:distance>
     <gpxdata:speed>2.117</gpxdata:speed>
    </extensions>
   </trkpt>
   <trkpt lat="47.7988509" lon="18.7222238">
    <ele>114</ele>
    <time>2026-07-05T07:59:39Z</time>
    <extensions>
     <gpxdata:distance>4077.00</gpxdata:distance>
     <gpxdata:speed>2.128</gpxdata:speed>
    </extensions>
   </trkpt>
   <trkpt lat="47.7988485" lon="18.7222518">
    <ele>114</ele>
    <time>2026-07-05T07:59:40Z</time>
    <extensions>
     <gpxdata:distance>4079.00</gpxdata:distance>
     <gpxdata:speed>2.153</gpxdata:speed>
    </extensions>
   </trkpt>
   <trkpt lat="47.7988450" lon="18.7222797">
    <ele>114</ele>
    <time>2026-07-05T07:59:41Z</time>
    <extensions>
     <gpxdata:distance>4081.00</gpxdata:distance>
     <gpxdata:speed>2.158</gpxdata:speed>
    </extensions>
   </trkpt>
   <trkpt lat="47.7988412" lon="18.7223076">
    <ele>114</ele>
    <time>2026-07-05T07:59:42Z</time>
    <extensions>
     <gpxdata:distance>4083.00</gpxdata:distance>
     <gpxdata:speed>2.161</gpxdata:speed>
    </extensions>
   </trkpt>
   <trkpt lat="47.7988377" lon="18.7223354">
    <ele>114</ele>
    <time>2026-07-05T07:59:43Z</time>
    <extensions>
     <gpxdata:distance>4085.00</gpxdata:distance>
     <gpxdata:speed>2.164</gpxdata:speed>
    </extensions>
   </trkpt>
   <trkpt lat="47.7988348" lon="18.7223631">
    <ele>114</ele>
    <time>2026-07-05T07:59:44Z</time>
    <extensions>
     <gpxdata:distance>4087.00</gpxdata:distance>
     <gpxdata:speed>2.139</gpxdata:speed>
    </extensions>
   </trkpt>
   <trkpt lat="47.7988325" lon="18.7223906">
    <ele>114</ele>
    <time>2026-07-05T07:59:45Z</time>
    <extensions>
     <gpxdata:distance>4089.50</gpxdata:distance>
     <gpxdata:speed>2.122</gpxdata:speed>
    </extensions>
   </trkpt>
   <trkpt lat="47.7988293" lon="18.7224181">
    <ele>114</ele>
    <time>2026-07-05T07:59:46Z</time>
    <extensions>
     <gpxdata:distance>4092.00</gpxdata:distance>
     <gpxdata:speed>2.089</gpxdata:speed>
    </extensions>
   </trkpt>
   <trkpt lat="47.7988247" lon="18.7224463">
    <ele>114</ele>
    <time>2026-07-05T07:59:47Z</time>
    <extensions>
     <gpxdata:distance>4094.00</gpxdata:distance>
     <gpxdata:speed>2.106</gpxdata:speed>
    </extensions>
   </trkpt>
   <trkpt lat="47.7988203" lon="18.7224755">
    <ele>114</ele>
    <time>2026-07-05T07:59:48Z</time>
    <extensions>
     <gpxdata:distance>4096.00</gpxdata:distance>
     <gpxdata:speed>2.169</gpxdata:speed>
    </extensions>
   </trkpt>
   <trkpt lat="47.7988161" lon="18.7225060">
    <ele>114</ele>
    <time>2026-07-05T07:59:49Z</time>
    <extensions>
     <gpxdata:distance>4098.50</gpxdata:distance>
     <gpxdata:speed>2.217</gpxdata:speed>
    </extensions>
   </trkpt>
   <trkpt lat="47.7988112" lon="18.7225378">
    <ele>114</ele>
    <time>2026-07-05T07:59:50Z</time>
    <extensions>
     <gpxdata:distance>4101.00</gpxdata:distance>
     <gpxdata:speed>2.292</gpxdata:speed>
    </extensions>
   </trkpt>
   <trkpt lat="47.7988052" lon="18.7225697">
    <ele>114</ele>
    <time>2026-07-05T07:59:51Z</time>
    <extensions>
     <gpxdata:distance>4103.50</gpxdata:distance>
     <gpxdata:speed>2.389</gpxdata:speed>
    </extensions>
   </trkpt>
   <trkpt lat="47.7987981" lon="18.7226008">
    <ele>114</ele>
    <time>2026-07-05T07:59:52Z</time>
    <extensions>
     <gpxdata:distance>4106.00</gpxdata:distance>
     <gpxdata:speed>2.433</gpxdata:speed>
    </extensions>
   </trkpt>
   <trkpt lat="47.7987905" lon="18.7226317">
    <ele>114</ele>
    <time>2026-07-05T07:59:53Z</time>
    <extensions>
     <gpxdata:distance>4108.50</gpxdata:distance>
     <gpxdata:speed>2.444</gpxdata:speed>
    </extensions>
   </trkpt>
   <trkpt lat="47.7987823" lon="18.7226621">
    <ele>114</ele>
    <time>2026-07-05T07:59:54Z</time>
    <extensions>
     <gpxdata:distance>4111.00</gpxdata:distance>
     <gpxdata:speed>2.456</gpxdata:speed>
    </extensions>
   </trkpt>
   <trkpt lat="47.7987732" lon="18.7226911">
    <ele>114</ele>
    <time>2026-07-05T07:59:55Z</time>
    <extensions>
     <gpxdata:distance>4113.50</gpxdata:distance>
     <gpxdata:speed>2.461</gpxdata:speed>
    </extensions>
   </trkpt>
   <trkpt lat="47.7987636" lon="18.7227182">
    <ele>114</ele>
    <time>2026-07-05T07:59:56Z</time>
    <extensions>
     <gpxdata:distance>4116.00</gpxdata:distance>
     <gpxdata:speed>2.425</gpxdata:speed>
    </extensions>
   </trkpt>
   <trkpt lat="47.7987537" lon="18.7227429">
    <ele>114</ele>
    <time>2026-07-05T07:59:57Z</time>
    <extensions>
     <gpxdata:distance>4118.00</gpxdata:distance>
     <gpxdata:speed>2.344</gpxdata:speed>
    </extensions>
   </trkpt>
   <trkpt lat="47.7987435" lon="18.7227657">
    <ele>114</ele>
    <time>2026-07-05T07:59:58Z</time>
    <extensions>
     <gpxdata:distance>4120.00</gpxdata:distance>
     <gpxdata:speed>2.233</gpxdata:speed>
    </extensions>
   </trkpt>
   <trkpt lat="47.7987337" lon="18.7227874">
    <ele>114</ele>
    <time>2026-07-05T07:59:59Z</time>
    <extensions>
     <gpxdata:distance>4121.50</gpxdata:distance>
     <gpxdata:speed>2.131</gpxdata:speed>
    </extensions>
   </trkpt>
   <trkpt lat="47.7987249" lon="18.7228088">
    <ele>114</ele>
    <time>2026-07-05T08:00:00Z</time>
    <extensions>
     <gpxdata:distance>4123.00</gpxdata:distance>
     <gpxdata:speed>2.036</gpxdata:speed>
    </extensions>
   </trkpt>
   <trkpt lat="47.7987191" lon="18.7228239">
    <ele>114</ele>
    <time>2026-07-05T08:00:01Z</time>
    <extensions>
     <gpxdata:distance>4125.00</gpxdata:distance>
     <gpxdata:speed>1.953</gpxdata:speed>
    </extensions>
   </trkpt>
   <trkpt lat="47.7987126" lon="18.7228410">
    <ele>114</ele>
    <time>2026-07-05T08:00:02Z</time>
    <extensions>
     <gpxdata:distance>4127.00</gpxdata:distance>
     <gpxdata:speed>1.867</gpxdata:speed>
    </extensions>
   </trkpt>
   <trkpt lat="47.7987058" lon="18.7228586">
    <ele>114</ele>
    <time>2026-07-05T08:00:03Z</time>
    <extensions>
     <gpxdata:distance>4128.50</gpxdata:distance>
     <gpxdata:speed>1.775</gpxdata:speed>
    </extensions>
   </trkpt>
   <trkpt lat="47.7986984" lon="18.7228756">
    <ele>114</ele>
    <time>2026-07-05T08:00:04Z</time>
    <extensions>
     <gpxdata:distance>4130.00</gpxdata:distance>
     <gpxdata:speed>1.681</gpxdata:speed>
    </extensions>
   </trkpt>
   <trkpt lat="47.7986901" lon="18.7228917">
    <ele>113</ele>
    <time>2026-07-05T08:00:05Z</time>
    <extensions>
     <gpxdata:distance>4131.50</gpxdata:distance>
     <gpxdata:speed>1.603</gpxdata:speed>
    </extensions>
   </trkpt>
   <trkpt lat="47.7986810" lon="18.7229072">
    <ele>113</ele>
    <time>2026-07-05T08:00:06Z</time>
    <extensions>
     <gpxdata:distance>4133.00</gpxdata:distance>
     <gpxdata:speed>1.550</gpxdata:speed>
    </extensions>
   </trkpt>
   <trkpt lat="47.7986710" lon="18.7229226">
    <ele>113</ele>
    <time>2026-07-05T08:00:07Z</time>
    <extensions>
     <gpxdata:distance>4134.50</gpxdata:distance>
     <gpxdata:speed>1.556</gpxdata:speed>
    </extensions>
   </trkpt>
   <trkpt lat="47.7986601" lon="18.7229381">
    <ele>114</ele>
    <time>2026-07-05T08:00:08Z</time>
    <extensions>
     <gpxdata:distance>4136.00</gpxdata:distance>
     <gpxdata:speed>1.597</gpxdata:speed>
    </extensions>
   </trkpt>
   <trkpt lat="47.7986490" lon="18.7229550">
    <ele>114</ele>
    <time>2026-07-05T08:00:09Z</time>
    <extensions>
     <gpxdata:distance>4138.00</gpxdata:distance>
     <gpxdata:speed>1.672</gpxdata:speed>
    </extensions>
   </trkpt>
   <trkpt lat="47.7986379" lon="18.7229730">
    <ele>114</ele>
    <time>2026-07-05T08:00:10Z</time>
    <extensions>
     <gpxdata:distance>4140.00</gpxdata:distance>
     <gpxdata:speed>1.756</gpxdata:speed>
    </extensions>
   </trkpt>
   <trkpt lat="47.7986267" lon="18.7229918">
    <ele>114</ele>
    <time>2026-07-05T08:00:11Z</time>
    <extensions>
     <gpxdata:distance>4142.00</gpxdata:distance>
     <gpxdata:speed>1.819</gpxdata:speed>
    </extensions>
   </trkpt>
   <trkpt lat="47.7986162" lon="18.7230119">
    <ele>114</ele>
    <time>2026-07-05T08:00:12Z</time>
    <extensions>
     <gpxdata:distance>4144.00</gpxdata:distance>
     <gpxdata:speed>1.869</gpxdata:speed>
    </extensions>
   </trkpt>
   <trkpt lat="47.7986074" lon="18.7230341">
    <ele>114</ele>
    <time>2026-07-05T08:00:13Z</time>
    <extensions>
     <gpxdata:distance>4146.00</gpxdata:distance>
     <gpxdata:speed>1.911</gpxdata:speed>
    </extensions>
   </trkpt>
   <trkpt lat="47.7986005" lon="18.7230590">
    <ele>114</ele>
    <time>2026-07-05T08:00:14Z</time>
    <extensions>
     <gpxdata:distance>4148.00</gpxdata:distance>
     <gpxdata:speed>1.967</gpxdata:speed>
    </extensions>
   </trkpt>
   <trkpt lat="47.7985935" lon="18.7230959">
    <ele>114</ele>
    <time>2026-07-05T08:00:15Z</time>
    <extensions>
     <gpxdata:distance>4150.00</gpxdata:distance>
     <gpxdata:speed>2.078</gpxdata:speed>
    </extensions>
   </trkpt>
   <trkpt lat="47.7985898" lon="18.7231284">
    <ele>114</ele>
    <time>2026-07-05T08:00:16Z</time>
    <extensions>
     <gpxdata:distance>4152.00</gpxdata:distance>
     <gpxdata:speed>2.172</gpxdata:speed>
    </extensions>
   </trkpt>
   <trkpt lat="47.7985886" lon="18.7231604">
    <ele>114</ele>
    <time>2026-07-05T08:00:17Z</time>
    <extensions>
     <gpxdata:distance>4154.50</gpxdata:distance>
     <gpxdata:speed>2.225</gpxdata:speed>
    </extensions>
   </trkpt>
   <trkpt lat="47.7985888" lon="18.7231929">
    <ele>114</ele>
    <time>2026-07-05T08:00:18Z</time>
    <extensions>
     <gpxdata:distance>4157.00</gpxdata:distance>
     <gpxdata:speed>2.311</gpxdata:speed>
    </extensions>
   </trkpt>
   <trkpt lat="47.7985885" lon="18.7232249">
    <ele>114</ele>
    <time>2026-07-05T08:00:19Z</time>
    <extensions>
     <gpxdata:distance>4159.50</gpxdata:distance>
     <gpxdata:speed>2.392</gpxdata:speed>
    </extensions>
   </trkpt>
   <trkpt lat="47.7985862" lon="18.7232552">
    <ele>114</ele>
    <time>2026-07-05T08:00:20Z</time>
    <extensions>
     <gpxdata:distance>4162.00</gpxdata:distance>
     <gpxdata:speed>2.392</gpxdata:speed>
    </extensions>
   </trkpt>
   <trkpt lat="47.7985811" lon="18.7232828">
    <ele>114</ele>
    <time>2026-07-05T08:00:21Z</time>
    <extensions>
     <gpxdata:distance>4164.00</gpxdata:distance>
     <gpxdata:speed>2.331</gpxdata:speed>
    </extensions>
   </trkpt>
   <trkpt lat="47.7985735" lon="18.7233071">
    <ele>113</ele>
    <time>2026-07-05T08:00:22Z</time>
    <extensions>
     <gpxdata:distance>4166.00</gpxdata:distance>
     <gpxdata:speed>2.261</gpxdata:speed>
    </extensions>
   </trkpt>
   <trkpt lat="47.7985638" lon="18.7233287">
    <ele>113</ele>
    <time>2026-07-05T08:00:23Z</time>
    <extensions>
     <gpxdata:distance>4168.00</gpxdata:distance>
     <gpxdata:speed>2.164</gpxdata:speed>
    </extensions>
   </trkpt>
   <trkpt lat="47.7985527" lon="18.7233476">
    <ele>113</ele>
    <time>2026-07-05T08:00:24Z</time>
    <extensions>
     <gpxdata:distance>4170.00</gpxdata:distance>
     <gpxdata:speed>2.083</gpxdata:speed>
    </extensions>
   </trkpt>
   <trkpt lat="47.7985413" lon="18.7233650">
    <ele>113</ele>
    <time>2026-07-05T08:00:25Z</time>
    <extensions>
     <gpxdata:distance>4171.50</gpxdata:distance>
     <gpxdata:speed>2.000</gpxdata:speed>
    </extensions>
   </trkpt>
   <trkpt lat="47.7985332" lon="18.7233770">
    <ele>113</ele>
    <time>2026-07-05T08:00:26Z</time>
    <extensions>
     <gpxdata:distance>4173.00</gpxdata:distance>
     <gpxdata:speed>1.914</gpxdata:speed>
    </extensions>
   </trkpt>
   <trkpt lat="47.7985242" lon="18.7233912">
    <ele>113</ele>
    <time>2026-07-05T08:00:27Z</time>
    <extensions>
     <gpxdata:distance>4174.50</gpxdata:distance>
     <gpxdata:speed>1.831</gpxdata:speed>
    </extensions>
   </trkpt>
   <trkpt lat="47.7985150" lon="18.7234072">
    <ele>113</ele>
    <time>2026-07-05T08:00:28Z</time>
    <extensions>
     <gpxdata:distance>4176.00</gpxdata:distance>
     <gpxdata:speed>1.764</gpxdata:speed>
    </extensions>
   </trkpt>
   <trkpt lat="47.7985063" lon="18.7234244">
    <ele>113</ele>
    <time>2026-07-05T08:00:29Z</time>
    <extensions>
     <gpxdata:distance>4178.00</gpxdata:distance>
     <gpxdata:speed>1.714</gpxdata:speed>
    </extensions>
   </trkpt>
   <trkpt lat="47.7984984" lon="18.7234424">
    <ele>113</ele>
    <time>2026-07-05T08:00:30Z</time>
    <extensions>
     <gpxdata:distance>4180.00</gpxdata:distance>
     <gpxdata:speed>1.658</gpxdata:speed>
    </extensions>
   </trkpt>
   <trkpt lat="47.7984908" lon="18.7234605">
    <ele>113</ele>
    <time>2026-07-05T08:00:31Z</time>
    <extensions>
     <gpxdata:distance>4181.50</gpxdata:distance>
     <gpxdata:speed>1.619</gpxdata:speed>
    </extensions>
   </trkpt>
   <trkpt lat="47.7984833" lon="18.7234781">
    <ele>113</ele>
    <time>2026-07-05T08:00:32Z</time>
    <extensions>
     <gpxdata:distance>4183.00</gpxdata:distance>
     <gpxdata:speed>1.589</gpxdata:speed>
    </extensions>
   </trkpt>
   <trkpt lat="47.7984753" lon="18.7234954">
    <ele>113</ele>
    <time>2026-07-05T08:00:33Z</time>
    <extensions>
     <gpxdata:distance>4184.50</gpxdata:distance>
     <gpxdata:speed>1.531</gpxdata:speed>
    </extensions>
   </trkpt>
   <trkpt lat="47.7984673" lon="18.7235132">
    <ele>114</ele>
    <time>2026-07-05T08:00:34Z</time>
    <extensions>
     <gpxdata:distance>4186.00</gpxdata:distance>
     <gpxdata:speed>1.550</gpxdata:speed>
    </extensions>
   </trkpt>
   <trkpt lat="47.7984592" lon="18.7235322">
    <ele>114</ele>
    <time>2026-07-05T08:00:35Z</time>
    <extensions>
     <gpxdata:distance>4187.50</gpxdata:distance>
     <gpxdata:speed>1.592</gpxdata:speed>
    </extensions>
   </trkpt>
   <trkpt lat="47.7984511" lon="18.7235534">
    <ele>114</ele>
    <time>2026-07-05T08:00:36Z</time>
    <extensions>
     <gpxdata:distance>4189.00</gpxdata:distance>
     <gpxdata:speed>1.667</gpxdata:speed>
    </extensions>
   </trkpt>
   <trkpt lat="47.7984430" lon="18.7235764">
    <ele>114</ele>
    <time>2026-07-05T08:00:37Z</time>
    <extensions>
     <gpxdata:distance>4191.50</gpxdata:distance>
     <gpxdata:speed>1.806</gpxdata:speed>
    </extensions>
   </trkpt>
   <trkpt lat="47.7984359" lon="18.7236014">
    <ele>114</ele>
    <time>2026-07-05T08:00:38Z</time>
    <extensions>
     <gpxdata:distance>4194.00</gpxdata:distance>
     <gpxdata:speed>1.925</gpxdata:speed>
    </extensions>
   </trkpt>
   <trkpt lat="47.7984279" lon="18.7236385">
    <ele>114</ele>
    <time>2026-07-05T08:00:39Z</time>
    <extensions>
     <gpxdata:distance>4196.00</gpxdata:distance>
     <gpxdata:speed>2.028</gpxdata:speed>
    </extensions>
   </trkpt>
   <trkpt lat="47.7984222" lon="18.7236714">
    <ele>114</ele>
    <time>2026-07-05T08:00:40Z</time>
    <extensions>
     <gpxdata:distance>4198.00</gpxdata:distance>
     <gpxdata:speed>2.153</gpxdata:speed>
    </extensions>
   </trkpt>
   <trkpt lat="47.7984167" lon="18.7237023">
    <ele>114</ele>
    <time>2026-07-05T08:00:41Z</time>
    <extensions>
     <gpxdata:distance>4200.50</gpxdata:distance>
     <gpxdata:speed>2.242</gpxdata:speed>
    </extensions>
   </trkpt>
   <trkpt lat="47.7984106" lon="18.7237317">
    <ele>114</ele>
    <time>2026-07-05T08:00:42Z</time>
    <extensions>
     <gpxdata:distance>4203.00</gpxdata:distance>
     <gpxdata:speed>2.283</gpxdata:speed>
    </extensions>
   </trkpt>
   <trkpt lat="47.7984034" lon="18.7237603">
    <ele>114</ele>
    <time>2026-07-05T08:00:43Z</time>
    <extensions>
     <gpxdata:distance>4205.50</gpxdata:distance>
     <gpxdata:speed>2.283</gpxdata:speed>
    </extensions>
   </trkpt>
   <trkpt lat="47.7983958" lon="18.7237885">
    <ele>113</ele>
    <time>2026-07-05T08:00:44Z</time>
    <extensions>
     <gpxdata:distance>4208.00</gpxdata:distance>
     <gpxdata:speed>2.294</gpxdata:speed>
    </extensions>
   </trkpt>
   <trkpt lat="47.7983889" lon="18.7238167">
    <ele>113</ele>
    <time>2026-07-05T08:00:45Z</time>
    <extensions>
     <gpxdata:distance>4210.00</gpxdata:distance>
     <gpxdata:speed>2.297</gpxdata:speed>
    </extensions>
   </trkpt>
   <trkpt lat="47.7983836" lon="18.7238457">
    <ele>113</ele>
    <time>2026-07-05T08:00:46Z</time>
    <extensions>
     <gpxdata:distance>4212.00</gpxdata:distance>
     <gpxdata:speed>2.272</gpxdata:speed>
    </extensions>
   </trkpt>
   <trkpt lat="47.7983813" lon="18.7238754">
    <ele>113</ele>
    <time>2026-07-05T08:00:47Z</time>
    <extensions>
     <gpxdata:distance>4214.50</gpxdata:distance>
     <gpxdata:speed>2.275</gpxdata:speed>
    </extensions>
   </trkpt>
   <trkpt lat="47.7983829" lon="18.7239050">
    <ele>113</ele>
    <time>2026-07-05T08:00:48Z</time>
    <extensions>
     <gpxdata:distance>4217.00</gpxdata:distance>
     <gpxdata:speed>2.292</gpxdata:speed>
    </extensions>
   </trkpt>
   <trkpt lat="47.7983879" lon="18.7239348">
    <ele>113</ele>
    <time>2026-07-05T08:00:49Z</time>
    <extensions>
     <gpxdata:distance>4219.00</gpxdata:distance>
     <gpxdata:speed>2.311</gpxdata:speed>
    </extensions>
   </trkpt>
   <trkpt lat="47.7983949" lon="18.7239658">
    <ele>113</ele>
    <time>2026-07-05T08:00:50Z</time>
    <extensions>
     <gpxdata:distance>4221.00</gpxdata:distance>
     <gpxdata:speed>2.369</gpxdata:speed>
    </extensions>
   </trkpt>
   <trkpt lat="47.7984023" lon="18.7239982">
    <ele>113</ele>
    <time>2026-07-05T08:00:51Z</time>
    <extensions>
     <gpxdata:distance>4224.00</gpxdata:distance>
     <gpxdata:speed>2.467</gpxdata:speed>
    </extensions>
   </trkpt>
   <trkpt lat="47.7984075" lon="18.7240308">
    <ele>113</ele>
    <time>2026-07-05T08:00:52Z</time>
    <extensions>
     <gpxdata:distance>4227.00</gpxdata:distance>
     <gpxdata:speed>2.544</gpxdata:speed>
    </extensions>
   </trkpt>
   <trkpt lat="47.7984091" lon="18.7240614">
    <ele>113</ele>
    <time>2026-07-05T08:00:53Z</time>
    <extensions>
     <gpxdata:distance>4229.00</gpxdata:distance>
     <gpxdata:speed>2.544</gpxdata:speed>
    </extensions>
   </trkpt>
   <trkpt lat="47.7984084" lon="18.7240882">
    <ele>113</ele>
    <time>2026-07-05T08:00:54Z</time>
    <extensions>
     <gpxdata:distance>4231.00</gpxdata:distance>
     <gpxdata:speed>2.428</gpxdata:speed>
    </extensions>
   </trkpt>
   <trkpt lat="47.7984079" lon="18.7240959">
    <ele>113</ele>
    <time>2026-07-05T08:00:55Z</time>
    <extensions>
     <gpxdata:distance>4231.50</gpxdata:distance>
     <gpxdata:speed>1.906</gpxdata:speed>
    </extensions>
   </trkpt>
   <trkpt lat="47.7984075" lon="18.7241037">
    <ele>113</ele>
    <time>2026-07-05T08:00:56Z</time>
    <extensions>
     <gpxdata:distance>4232.00</gpxdata:distance>
     <gpxdata:speed>1.906</gpxdata:speed>
    </extensions>
   </trkpt>
   <trkpt lat="47.7984064" lon="18.7241178">
    <ele>113</ele>
    <time>2026-07-05T08:00:57Z</time>
    <extensions>
     <gpxdata:distance>4232.00</gpxdata:distance>
     <gpxdata:speed>1.906</gpxdata:speed>
    </extensions>
   </trkpt>
   <trkpt lat="47.7984054" lon="18.7241302">
    <ele>113</ele>
    <time>2026-07-05T08:00:58Z</time>
    <extensions>
     <gpxdata:distance>4232.00</gpxdata:distance>
     <gpxdata:speed>1.906</gpxdata:speed>
    </extensions>
   </trkpt>
  </trkseg>
 </trk>
</gpx>
