<?xml version="1.0" encoding="UTF-8"?>
<gpx xmlns="http://www.topografix.com/GPX/1/1" xmlns:gpxdata="http://www.cluetrust.com/XML/GPXDATA/1/0" xmlns:xsi="http://www.w3.org/2001/XMLSchema-instance" xsi:schemaLocation="http://www.topografix.com/GPX/1/1 https://www.topografix.com/GPX/1/1/gpx.xsd http://www.cluetrust.com/XML/GPXDATA/1/0 https://www.cluetrust.com/Schemas/gpxdata10.xsd" creator="COROS Wearables" version="1.1">
 <metadata>
  <link href="https://www.coros.com">
   <text>COROS</text>
  </link>
  <time>2026-06-07T09:30:40Z</time>
 </metadata>
 <trk>
  <name>Verjux Gravel</name>
  <type>Other</type>
  <trkseg>
   <trkpt lat="46.8773573" lon="4.9670187">
    <ele>176</ele>
    <time>2026-06-07T09:33:22Z</time>
    <extensions>
     <gpxdata:distance>6.00</gpxdata:distance>
     <gpxdata:speed>0.900</gpxdata:speed>
    </extensions>
   </trkpt>
   <trkpt lat="46.8773551" lon="4.9670299">
    <ele>176</ele>
    <time>2026-06-07T09:33:23Z</time>
    <extensions>
     <gpxdata:distance>6.00</gpxdata:distance>
     <gpxdata:speed>1.036</gpxdata:speed>
    </extensions>
   </trkpt>
   <trkpt lat="46.8773536" lon="4.9670431">
    <ele>176</ele>
    <time>2026-06-07T09:33:24Z</time>
    <extensions>
     <gpxdata:distance>7.50</gpxdata:distance>
     <gpxdata:speed>1.172</gpxdata:speed>
    </extensions>
   </trkpt>
   <trkpt lat="46.8773525" lon="4.9670579">
    <ele>176</ele>
    <time>2026-06-07T09:33:25Z</time>
    <extensions>
     <gpxdata:distance>9.00</gpxdata:distance>
     <gpxdata:speed>1.267</gpxdata:speed>
    </extensions>
   </trkpt>
   <trkpt lat="46.8773515" lon="4.9670735">
    <ele>176</ele>
    <time>2026-06-07T09:33:26Z</time>
    <extensions>
     <gpxdata:distance>10.00</gpxdata:distance>
     <gpxdata:speed>1.308</gpxdata:speed>
    </extensions>
   </trkpt>
   <trkpt lat="46.8773505" lon="4.9670893">
    <ele>176</ele>
    <time>2026-06-07T09:33:27Z</time>
    <extensions>
     <gpxdata:distance>11.00</gpxdata:distance>
     <gpxdata:speed>1.308</gpxdata:speed>
    </extensions>
   </trkpt>
   <trkpt lat="46.8773496" lon="4.9671052">
    <ele>176</ele>
    <time>2026-06-07T09:33:28Z</time>
    <extensions>
     <gpxdata:distance>12.50</gpxdata:distance>
     <gpxdata:speed>1.311</gpxdata:speed>
    </extensions>
   </trkpt>
   <trkpt lat="46.8773483" lon="4.9671211">
    <ele>176</ele>
    <time>2026-06-07T09:33:29Z</time>
    <extensions>
     <gpxdata:distance>14.00</gpxdata:distance>
     <gpxdata:speed>1.306</gpxdata:speed>
    </extensions>
   </trkpt>
   <trkpt lat="46.8773467" lon="4.9671374">
    <ele>176</ele>
    <time>2026-06-07T09:33:30Z</time>
    <extensions>
     <gpxdata:distance>15.00</gpxdata:distance>
     <gpxdata:speed>1.308</gpxdata:speed>
    </extensions>
   </trkpt>
   <trkpt lat="46.8773453" lon="4.9671543">
    <ele>176</ele>
    <time>2026-06-07T09:33:31Z</time>
    <extensions>
     <gpxdata:distance>16.00</gpxdata:distance>
     <gpxdata:speed>1.319</gpxdata:speed>
    </extensions>
   </trkpt>
   <trkpt lat="46.8773442" lon="4.9671713">
    <ele>176</ele>
    <time>2026-06-07T09:33:32Z</time>
    <extensions>
     <gpxdata:distance>17.00</gpxdata:distance>
     <gpxdata:speed>1.319</gpxdata:speed>
    </extensions>
   </trkpt>
   <trkpt lat="46.8773433" lon="4.9671870">
    <ele>176</ele>
    <time>2026-06-07T09:33:33Z</time>
    <extensions>
     <gpxdata:distance>18.00</gpxdata:distance>
     <gpxdata:speed>1.286</gpxdata:speed>
    </extensions>
   </trkpt>
   <trkpt lat="46.8773428" lon="4.9671920">
    <ele>176</ele>
    <time>2026-06-07T09:33:34Z</time>
    <extensions>
     <gpxdata:distance>18.00</gpxdata:distance>
     <gpxdata:speed>1.286</gpxdata:speed>
    </extensions>
   </trkpt>
   <trkpt lat="46.8773423" lon="4.9671970">
    <ele>176</ele>
    <time>2026-06-07T09:33:35Z</time>
    <extensions>
     <gpxdata:distance>18.00</gpxdata:distance>
     <gpxdata:speed>0.889</gpxdata:speed>
    </extensions>
   </trkpt>
   <trkpt lat="46.8773418" lon="4.9672020">
    <ele>176</ele>
    <time>2026-06-07T09:33:36Z</time>
    <extensions>
     <gpxdata:distance>18.00</gpxdata:distance>
     <gpxdata:speed>0.822</gpxdata:speed>
    </extensions>
   </trkpt>
   <trkpt lat="46.8773406" lon="4.9672151">
    <ele>176</ele>
    <time>2026-06-07T09:33:37Z</time>
    <extensions>
     <gpxdata:distance>18.00</gpxdata:distance>
     <gpxdata:speed>0.781</gpxdata:speed>
    </extensions>
   </trkpt>
   <trkpt lat="46.8773394" lon="4.9672281">
    <ele>176</ele>
    <time>2026-06-07T09:33:38Z</time>
    <extensions>
     <gpxdata:distance>20.50</gpxdata:distance>
     <gpxdata:speed>0.764</gpxdata:speed>
    </extensions>
   </trkpt>
   <trkpt lat="46.8773388" lon="4.9672421">
    <ele>176</ele>
    <time>2026-06-07T09:33:39Z</time>
    <extensions>
     <gpxdata:distance>23.00</gpxdata:distance>
     <gpxdata:speed>0.789</gpxdata:speed>
    </extensions>
   </trkpt>
   <trkpt lat="46.8773399" lon="4.9672567">
    <ele>176</ele>
    <time>2026-06-07T09:33:40Z</time>
    <extensions>
     <gpxdata:distance>24.00</gpxdata:distance>
     <gpxdata:speed>0.861</gpxdata:speed>
    </extensions>
   </trkpt>
   <trkpt lat="46.8773441" lon="4.9672707">
    <ele>176</ele>
    <time>2026-06-07T09:33:41Z</time>
    <extensions>
     <gpxdata:distance>25.00</gpxdata:distance>
     <gpxdata:speed>0.950</gpxdata:speed>
    </extensions>
   </trkpt>
   <trkpt lat="46.8773521" lon="4.9672826">
    <ele>176</ele>
    <time>2026-06-07T09:33:42Z</time>
    <extensions>
     <gpxdata:distance>26.50</gpxdata:distance>
     <gpxdata:speed>1.058</gpxdata:speed>
    </extensions>
   </trkpt>
   <trkpt lat="46.8773634" lon="4.9672908">
    <ele>176</ele>
    <time>2026-06-07T09:33:43Z</time>
    <extensions>
     <gpxdata:distance>28.00</gpxdata:distance>
     <gpxdata:speed>1.317</gpxdata:speed>
    </extensions>
   </trkpt>
   <trkpt lat="46.8773768" lon="4.9672947">
    <ele>176</ele>
    <time>2026-06-07T09:33:44Z</time>
    <extensions>
     <gpxdata:distance>30.00</gpxdata:distance>
     <gpxdata:speed>1.567</gpxdata:speed>
    </extensions>
   </trkpt>
   <trkpt lat="46.8773910" lon="4.9672955">
    <ele>176</ele>
    <time>2026-06-07T09:33:45Z</time>
    <extensions>
     <gpxdata:distance>32.00</gpxdata:distance>
     <gpxdata:speed>1.703</gpxdata:speed>
    </extensions>
   </trkpt>
   <trkpt lat="46.8774049" lon="4.9672957">
    <ele>176</ele>
    <time>2026-06-07T09:33:46Z</time>
    <extensions>
     <gpxdata:distance>33.50</gpxdata:distance>
     <gpxdata:speed>1.689</gpxdata:speed>
    </extensions>
   </trkpt>
   <trkpt lat="46.8774185" lon="4.9672973">
    <ele>176</ele>
    <time>2026-06-07T09:33:47Z</time>
    <extensions>
     <gpxdata:distance>35.00</gpxdata:distance>
     <gpxdata:speed>1.664</gpxdata:speed>
    </extensions>
   </trkpt>
   <trkpt lat="46.8774322" lon="4.9673001">
    <ele>176</ele>
    <time>2026-06-07T09:33:48Z</time>
    <extensions>
     <gpxdata:distance>36.50</gpxdata:distance>
     <gpxdata:speed>1.669</gpxdata:speed>
    </extensions>
   </trkpt>
   <trkpt lat="46.8774464" lon="4.9673031">
    <ele>177</ele>
    <time>2026-06-07T09:33:49Z</time>
    <extensions>
     <gpxdata:distance>38.00</gpxdata:distance>
     <gpxdata:speed>1.700</gpxdata:speed>
    </extensions>
   </trkpt>
   <trkpt lat="46.8774616" lon="4.9673061">
    <ele>177</ele>
    <time>2026-06-07T09:33:50Z</time>
    <extensions>
     <gpxdata:distance>40.00</gpxdata:distance>
     <gpxdata:speed>1.772</gpxdata:speed>
    </extensions>
   </trkpt>
   <trkpt lat="46.8774774" lon="4.9673096">
    <ele>177</ele>
    <time>2026-06-07T09:33:51Z</time>
    <extensions>
     <gpxdata:distance>42.00</gpxdata:distance>
     <gpxdata:speed>1.822</gpxdata:speed>
    </extensions>
   </trkpt>
   <trkpt lat="46.8774927" lon="4.9673153">
    <ele>177</ele>
    <time>2026-06-07T09:33:52Z</time>
    <extensions>
     <gpxdata:distance>43.50</gpxdata:distance>
     <gpxdata:speed>1.828</gpxdata:speed>
    </extensions>
   </trkpt>
   <trkpt lat="46.8775065" lon="4.9673249">
    <ele>177</ele>
    <time>2026-06-07T09:33:53Z</time>
    <extensions>
     <gpxdata:distance>45.00</gpxdata:distance>
     <gpxdata:speed>1.828</gpxdata:speed>
    </extensions>
   </trkpt>
   <trkpt lat="46.8775191" lon="4.9673384">
    <ele>177</ele>
    <time>2026-06-07T09:33:54Z</time>
    <extensions>
     <gpxdata:distance>47.00</gpxdata:distance>
     <gpxdata:speed>1.919</gpxdata:speed>
    </extensions>
   </trkpt>
   <trkpt lat="46.8775309" lon="4.9673554">
    <ele>177</ele>
    <time>2026-06-07T09:33:55Z</time>
    <extensions>
     <gpxdata:distance>49.00</gpxdata:distance>
     <gpxdata:speed>2.014</gpxdata:speed>
    </extensions>
   </trkpt>
   <trkpt lat="46.8775464" lon="4.9673818">
    <ele>177</ele>
    <time>2026-06-07T09:33:56Z</time>
    <extensions>
     <gpxdata:distance>51.00</gpxdata:distance>
     <gpxdata:speed>2.069</gpxdata:speed>
    </extensions>
   </trkpt>
   <trkpt lat="46.8775598" lon="4.9674043">
    <ele>177</ele>
    <time>2026-06-07T09:33:57Z</time>
    <extensions>
     <gpxdata:distance>53.00</gpxdata:distance>
     <gpxdata:speed>2.089</gpxdata:speed>
    </extensions>
   </trkpt>
   <trkpt lat="46.8775737" lon="4.9674228">
    <ele>177</ele>
    <time>2026-06-07T09:33:58Z</time>
    <extensions>
     <gpxdata:distance>55.00</gpxdata:distance>
     <gpxdata:speed>2.086</gpxdata:speed>
    </extensions>
   </trkpt>
   <trkpt lat="46.8775890" lon="4.9674355">
    <ele>177</ele>
    <time>2026-06-07T09:33:59Z</time>
    <extensions>
     <gpxdata:distance>57.00</gpxdata:distance>
     <gpxdata:speed>2.067</gpxdata:speed>
    </extensions>
   </trkpt>
   <trkpt lat="46.8776057" lon="4.9674427">
    <ele>177</ele>
    <time>2026-06-07T09:34:00Z</time>
    <extensions>
     <gpxdata:distance>59.00</gpxdata:distance>
     <gpxdata:speed>2.083</gpxdata:speed>
    </extensions>
   </trkpt>
   <trkpt lat="46.8776234" lon="4.9674460">
    <ele>177</ele>
    <time>2026-06-07T09:34:01Z</time>
    <extensions>
     <gpxdata:distance>61.00</gpxdata:distance>
     <gpxdata:speed>2.097</gpxdata:speed>
    </extensions>
   </trkpt>
   <trkpt lat="46.8776421" lon="4.9674472">
    <ele>177</ele>
    <time>2026-06-07T09:34:02Z</time>
    <extensions>
     <gpxdata:distance>63.50</gpxdata:distance>
     <gpxdata:speed>2.136</gpxdata:speed>
    </extensions>
   </trkpt>
   <trkpt lat="46.8776618" lon="4.9674468">
    <ele>177</ele>
    <time>2026-06-07T09:34:03Z</time>
    <extensions>
     <gpxdata:distance>66.00</gpxdata:distance>
     <gpxdata:speed>2.208</gpxdata:speed>
    </extensions>
   </trkpt>
   <trkpt lat="46.8776827" lon="4.9674451">
    <ele>178</ele>
    <time>2026-06-07T09:34:04Z</time>
    <extensions>
     <gpxdata:distance>68.50</gpxdata:distance>
     <gpxdata:speed>2.308</gpxdata:speed>
    </extensions>
   </trkpt>
   <trkpt lat="46.8777047" lon="4.9674422">
    <ele>178</ele>
    <time>2026-06-07T09:34:05Z</time>
    <extensions>
     <gpxdata:distance>71.00</gpxdata:distance>
     <gpxdata:speed>2.411</gpxdata:speed>
    </extensions>
   </trkpt>
   <trkpt lat="46.8777270" lon="4.9674376">
    <ele>177</ele>
    <time>2026-06-07T09:34:06Z</time>
    <extensions>
     <gpxdata:distance>73.50</gpxdata:distance>
     <gpxdata:speed>2.478</gpxdata:speed>
    </extensions>
   </trkpt>
   <trkpt lat="46.8777494" lon="4.9674298">
    <ele>177</ele>
    <time>2026-06-07T09:34:07Z</time>
    <extensions>
     <gpxdata:distance>76.00</gpxdata:distance>
     <gpxdata:speed>2.539</gpxdata:speed>
    </extensions>
   </trkpt>
   <trkpt lat="46.8777721" lon="4.9674186">
    <ele>177</ele>
    <time>2026-06-07T09:34:08Z</time>
    <extensions>
     <gpxdata:distance>79.50</gpxdata:distance>
     <gpxdata:speed>2.647</gpxdata:speed>
    </extensions>
   </trkpt>
   <trkpt lat="46.8777959" lon="4.9674044">
    <ele>177</ele>
    <time>2026-06-07T09:34:09Z</time>
    <extensions>
     <gpxdata:distance>83.00</gpxdata:distance>
     <gpxdata:speed>3.000</gpxdata:speed>
    </extensions>
   </trkpt>
   <trkpt lat="46.8778358" lon="4.9673755">
    <ele>177</ele>
    <time>2026-06-07T09:34:10Z</time>
    <extensions>
     <gpxdata:distance>86.00</gpxdata:distance>
     <gpxdata:speed>3.206</gpxdata:speed>
    </extensions>
   </trkpt>
   <trkpt lat="46.8778615" lon="4.9673470">
    <ele>177</ele>
    <time>2026-06-07T09:34:11Z</time>
    <extensions>
     <gpxdata:distance>89.00</gpxdata:distance>
     <gpxdata:speed>3.336</gpxdata:speed>
    </extensions>
   </trkpt>
   <trkpt lat="46.8778799" lon="4.9673113">
    <ele>177</ele>
    <time>2026-06-07T09:34:12Z</time>
    <extensions>
     <gpxdata:distance>92.50</gpxdata:distance>
     <gpxdata:speed>3.494</gpxdata:speed>
    </extensions>
   </trkpt>
   <trkpt lat="46.8778922" lon="4.9672693">
    <ele>177</ele>
    <time>2026-06-07T09:34:13Z</time>
    <extensions>
     <gpxdata:distance>96.00</gpxdata:distance>
     <gpxdata:speed>3.592</gpxdata:speed>
    </extensions>
   </trkpt>
   <trkpt lat="46.8779006" lon="4.9672232">
    <ele>177</ele>
    <time>2026-06-07T09:34:14Z</time>
    <extensions>
     <gpxdata:distance>100.00</gpxdata:distance>
     <gpxdata:speed>3.667</gpxdata:speed>
    </extensions>
   </trkpt>
   <trkpt lat="46.8779073" lon="4.9671738">
    <ele>177</ele>
    <time>2026-06-07T09:34:15Z</time>
    <extensions>
     <gpxdata:distance>104.00</gpxdata:distance>
     <gpxdata:speed>3.850</gpxdata:speed>
    </extensions>
   </trkpt>
   <trkpt lat="46.8779147" lon="4.9671209">
    <ele>177</ele>
    <time>2026-06-07T09:34:16Z</time>
    <extensions>
     <gpxdata:distance>108.50</gpxdata:distance>
     <gpxdata:speed>4.122</gpxdata:speed>
    </extensions>
   </trkpt>
   <trkpt lat="46.8779233" lon="4.9670642">
    <ele>176</ele>
    <time>2026-06-07T09:34:17Z</time>
    <extensions>
     <gpxdata:distance>113.00</gpxdata:distance>
     <gpxdata:speed>4.417</gpxdata:speed>
    </extensions>
   </trkpt>
   <trkpt lat="46.8779323" lon="4.9670050">
    <ele>176</ele>
    <time>2026-06-07T09:34:18Z</time>
    <extensions>
     <gpxdata:distance>118.00</gpxdata:distance>
     <gpxdata:speed>4.592</gpxdata:speed>
    </extensions>
   </trkpt>
   <trkpt lat="46.8779428" lon="4.9669440">
    <ele>176</ele>
    <time>2026-06-07T09:34:19Z</time>
    <extensions>
     <gpxdata:distance>123.00</gpxdata:distance>
     <gpxdata:speed>4.750</gpxdata:speed>
    </extensions>
   </trkpt>
   <trkpt lat="46.8779539" lon="4.9668816">
    <ele>176</ele>
    <time>2026-06-07T09:34:20Z</time>
    <extensions>
     <gpxdata:distance>128.00</gpxdata:distance>
     <gpxdata:speed>4.872</gpxdata:speed>
    </extensions>
   </trkpt>
   <trkpt lat="46.8779647" lon="4.9668181">
    <ele>176</ele>
    <time>2026-06-07T09:34:21Z</time>
    <extensions>
     <gpxdata:distance>133.00</gpxdata:distance>
     <gpxdata:speed>4.950</gpxdata:speed>
    </extensions>
   </trkpt>
   <trkpt lat="46.8779752" lon="4.9667546">
    <ele>176</ele>
    <time>2026-06-07T09:34:22Z</time>
    <extensions>
     <gpxdata:distance>138.00</gpxdata:distance>
     <gpxdata:speed>4.933</gpxdata:speed>
    </extensions>
   </trkpt>
   <trkpt lat="46.8779863" lon="4.9666919">
    <ele>176</ele>
    <time>2026-06-07T09:34:23Z</time>
    <extensions>
     <gpxdata:distance>143.00</gpxdata:distance>
     <gpxdata:speed>4.911</gpxdata:speed>
    </extensions>
   </trkpt>
   <trkpt lat="46.8779985" lon="4.9666304">
    <ele>176</ele>
    <time>2026-06-07T09:34:24Z</time>
    <extensions>
     <gpxdata:distance>147.50</gpxdata:distance>
     <gpxdata:speed>4.897</gpxdata:speed>
    </extensions>
   </trkpt>
   <trkpt lat="46.8780115" lon="4.9665707">
    <ele>176</ele>
    <time>2026-06-07T09:34:25Z</time>
    <extensions>
     <gpxdata:distance>152.00</gpxdata:distance>
     <gpxdata:speed>4.764</gpxdata:speed>
    </extensions>
   </trkpt>
   <trkpt lat="46.8780264" lon="4.9665136">
    <ele>176</ele>
    <time>2026-06-07T09:34:26Z</time>
    <extensions>
     <gpxdata:distance>156.50</gpxdata:distance>
     <gpxdata:speed>4.706</gpxdata:speed>
    </extensions>
   </trkpt>
   <trkpt lat="46.8780448" lon="4.9664600">
    <ele>176</ele>
    <time>2026-06-07T09:34:27Z</time>
    <extensions>
     <gpxdata:distance>161.00</gpxdata:distance>
     <gpxdata:speed>4.658</gpxdata:speed>
    </extensions>
   </trkpt>
   <trkpt lat="46.8780695" lon="4.9664144">
    <ele>176</ele>
    <time>2026-06-07T09:34:28Z</time>
    <extensions>
     <gpxdata:distance>165.50</gpxdata:distance>
     <gpxdata:speed>4.611</gpxdata:speed>
    </extensions>
   </trkpt>
   <trkpt lat="46.8781015" lon="4.9663819">
    <ele>175</ele>
    <time>2026-06-07T09:34:29Z</time>
    <extensions>
     <gpxdata:distance>170.00</gpxdata:distance>
     <gpxdata:speed>4.603</gpxdata:speed>
    </extensions>
   </trkpt>
   <trkpt lat="46.8781404" lon="4.9663661">
    <ele>175</ele>
    <time>2026-06-07T09:34:30Z</time>
    <extensions>
     <gpxdata:distance>175.00</gpxdata:distance>
     <gpxdata:speed>4.689</gpxdata:speed>
    </extensions>
   </trkpt>
   <trkpt lat="46.8781837" lon="4.9663664">
    <ele>175</ele>
    <time>2026-06-07T09:34:31Z</time>
    <extensions>
     <gpxdata:distance>180.00</gpxdata:distance>
     <gpxdata:speed>4.833</gpxdata:speed>
    </extensions>
   </trkpt>
   <trkpt lat="46.8782294" lon="4.9663761">
    <ele>175</ele>
    <time>2026-06-07T09:34:32Z</time>
    <extensions>
     <gpxdata:distance>185.50</gpxdata:distance>
     <gpxdata:speed>4.975</gpxdata:speed>
    </extensions>
   </trkpt>
   <trkpt lat="46.8782764" lon="4.9663859">
    <ele>175</ele>
    <time>2026-06-07T09:34:33Z</time>
    <extensions>
     <gpxdata:distance>191.00</gpxdata:distance>
     <gpxdata:speed>5.078</gpxdata:speed>
    </extensions>
   </trkpt>
   <trkpt lat="46.8783245" lon="4.9663912">
    <ele>175</ele>
    <time>2026-06-07T09:34:34Z</time>
    <extensions>
     <gpxdata:distance>196.50</gpxdata:distance>
     <gpxdata:speed>5.194</gpxdata:speed>
    </extensions>
   </trkpt>
   <trkpt lat="46.8783732" lon="4.9663930">
    <ele>175</ele>
    <time>2026-06-07T09:34:35Z</time>
    <extensions>
     <gpxdata:distance>202.00</gpxdata:distance>
     <gpxdata:speed>5.283</gpxdata:speed>
    </extensions>
   </trkpt>
   <trkpt lat="46.8784221" lon="4.9663948">
    <ele>175</ele>
    <time>2026-06-07T09:34:36Z</time>
    <extensions>
     <gpxdata:distance>207.50</gpxdata:distance>
     <gpxdata:speed>5.386</gpxdata:speed>
    </extensions>
   </trkpt>
   <trkpt lat="46.8784715" lon="4.9663986">
    <ele>175</ele>
    <time>2026-06-07T09:34:37Z</time>
    <extensions>
     <gpxdata:distance>213.00</gpxdata:distance>
     <gpxdata:speed>5.503</gpxdata:speed>
    </extensions>
   </trkpt>
   <trkpt lat="46.8785216" lon="4.9664052">
    <ele>174</ele>
    <time>2026-06-07T09:34:38Z</time>
    <extensions>
     <gpxdata:distance>218.50</gpxdata:distance>
     <gpxdata:speed>5.606</gpxdata:speed>
    </extensions>
   </trkpt>
   <trkpt lat="46.8785722" lon="4.9664137">
    <ele>174</ele>
    <time>2026-06-07T09:34:39Z</time>
    <extensions>
     <gpxdata:distance>224.00</gpxdata:distance>
     <gpxdata:speed>5.669</gpxdata:speed>
    </extensions>
   </trkpt>
   <trkpt lat="46.8786231" lon="4.9664226">
    <ele>174</ele>
    <time>2026-06-07T09:34:40Z</time>
    <extensions>
     <gpxdata:distance>230.00</gpxdata:distance>
     <gpxdata:speed>5.694</gpxdata:speed>
    </extensions>
   </trkpt>
   <trkpt lat="46.8786745" lon="4.9664304">
    <ele>174</ele>
    <time>2026-06-07T09:34:41Z</time>
    <extensions>
     <gpxdata:distance>236.00</gpxdata:distance>
     <gpxdata:speed>5.747</gpxdata:speed>
    </extensions>
   </trkpt>
   <trkpt lat="46.8787259" lon="4.9664367">
    <ele>174</ele>
    <time>2026-06-07T09:34:42Z</time>
    <extensions>
     <gpxdata:distance>241.50</gpxdata:distance>
     <gpxdata:speed>5.728</gpxdata:speed>
    </extensions>
   </trkpt>
   <trkpt lat="46.8787771" lon="4.9664415">
    <ele>174</ele>
    <time>2026-06-07T09:34:43Z</time>
    <extensions>
     <gpxdata:distance>247.00</gpxdata:distance>
     <gpxdata:speed>5.714</gpxdata:speed>
    </extensions>
   </trkpt>
   <trkpt lat="46.8788280" lon="4.9664455">
    <ele>174</ele>
    <time>2026-06-07T09:34:44Z</time>
    <extensions>
     <gpxdata:distance>252.50</gpxdata:distance>
     <gpxdata:speed>5.689</gpxdata:speed>
    </extensions>
   </trkpt>
   <trkpt lat="46.8788778" lon="4.9664492">
    <ele>174</ele>
    <time>2026-06-07T09:34:45Z</time>
    <extensions>
     <gpxdata:distance>258.00</gpxdata:distance>
     <gpxdata:speed>5.608</gpxdata:speed>
    </extensions>
   </trkpt>
   <trkpt lat="46.8789262" lon="4.9664537">
    <ele>174</ele>
    <time>2026-06-07T09:34:46Z</time>
    <extensions>
     <gpxdata:distance>263.50</gpxdata:distance>
     <gpxdata:speed>5.517</gpxdata:speed>
    </extensions>
   </trkpt>
   <trkpt lat="46.8789743" lon="4.9664595">
    <ele>174</ele>
    <time>2026-06-07T09:34:47Z</time>
    <extensions>
     <gpxdata:distance>269.00</gpxdata:distance>
     <gpxdata:speed>5.469</gpxdata:speed>
    </extensions>
   </trkpt>
   <trkpt lat="46.8790229" lon="4.9664669">
    <ele>174</ele>
    <time>2026-06-07T09:34:48Z</time>
    <extensions>
     <gpxdata:distance>274.50</gpxdata:distance>
     <gpxdata:speed>5.469</gpxdata:speed>
    </extensions>
   </trkpt>
   <trkpt lat="46.8790716" lon="4.9664753">
    <ele>174</ele>
    <time>2026-06-07T09:34:49Z</time>
    <extensions>
     <gpxdata:distance>280.00</gpxdata:distance>
     <gpxdata:speed>5.469</gpxdata:speed>
    </extensions>
   </trkpt>
   <trkpt lat="46.8791201" lon="4.9664832">
    <ele>174</ele>
    <time>2026-06-07T09:34:50Z</time>
    <extensions>
     <gpxdata:distance>285.00</gpxdata:distance>
     <gpxdata:speed>5.447</gpxdata:speed>
    </extensions>
   </trkpt>
   <trkpt lat="46.8791689" lon="4.9664886">
    <ele>174</ele>
    <time>2026-06-07T09:34:51Z</time>
    <extensions>
     <gpxdata:distance>290.00</gpxdata:distance>
     <gpxdata:speed>5.444</gpxdata:speed>
    </extensions>
   </trkpt>
   <trkpt lat="46.8792185" lon="4.9664908">
    <ele>174</ele>
    <time>2026-06-07T09:34:52Z</time>
    <extensions>
     <gpxdata:distance>296.00</gpxdata:distance>
     <gpxdata:speed>5.492</gpxdata:speed>
    </extensions>
   </trkpt>
   <trkpt lat="46.8792694" lon="4.9664910">
    <ele>174</ele>
    <time>2026-06-07T09:34:53Z</time>
    <extensions>
     <gpxdata:distance>302.00</gpxdata:distance>
     <gpxdata:speed>5.569</gpxdata:speed>
    </extensions>
   </trkpt>
   <trkpt lat="46.8793214" lon="4.9664915">
    <ele>174</ele>
    <time>2026-06-07T09:34:54Z</time>
    <extensions>
     <gpxdata:distance>308.00</gpxdata:distance>
     <gpxdata:speed>5.664</gpxdata:speed>
    </extensions>
   </trkpt>
   <trkpt lat="46.8793747" lon="4.9664934">
    <ele>174</ele>
    <time>2026-06-07T09:34:55Z</time>
    <extensions>
     <gpxdata:distance>314.00</gpxdata:distance>
     <gpxdata:speed>5.781</gpxdata:speed>
    </extensions>
   </trkpt>
   <trkpt lat="46.8794288" lon="4.9664961">
    <ele>174</ele>
    <time>2026-06-07T09:34:56Z</time>
    <extensions>
     <gpxdata:distance>320.00</gpxdata:distance>
     <gpxdata:speed>5.889</gpxdata:speed>
    </extensions>
   </trkpt>
   <trkpt lat="46.8794832" lon="4.9664977">
    <ele>174</ele>
    <time>2026-06-07T09:34:57Z</time>
    <extensions>
     <gpxdata:distance>326.00</gpxdata:distance>
     <gpxdata:speed>5.953</gpxdata:speed>
    </extensions>
   </trkpt>
   <trkpt lat="46.8795373" lon="4.9664969">
    <ele>174</ele>
    <time>2026-06-07T09:34:58Z</time>
    <extensions>
     <gpxdata:distance>332.00</gpxdata:distance>
     <gpxdata:speed>5.983</gpxdata:speed>
    </extensions>
   </trkpt>
   <trkpt lat="46.8795912" lon="4.9664925">
    <ele>174</ele>
    <time>2026-06-07T09:34:59Z</time>
    <extensions>
     <gpxdata:distance>338.00</gpxdata:distance>
     <gpxdata:speed>6.003</gpxdata:speed>
    </extensions>
   </trkpt>
   <trkpt lat="46.8796625" lon="4.9664817">
    <ele>174</ele>
    <time>2026-06-07T09:35:00Z</time>
    <extensions>
     <gpxdata:distance>344.00</gpxdata:distance>
     <gpxdata:speed>5.989</gpxdata:speed>
    </extensions>
   </trkpt>
   <trkpt lat="46.8797023" lon="4.9664724">
    <ele>174</ele>
    <time>2026-06-07T09:35:01Z</time>
    <extensions>
     <gpxdata:distance>350.00</gpxdata:distance>
     <gpxdata:speed>5.961</gpxdata:speed>
    </extensions>
   </trkpt>
   <trkpt lat="46.8797505" lon="4.9664585">
    <ele>174</ele>
    <time>2026-06-07T09:35:02Z</time>
    <extensions>
     <gpxdata:distance>355.50</gpxdata:distance>
     <gpxdata:speed>5.914</gpxdata:speed>
    </extensions>
   </trkpt>
   <trkpt lat="46.8798003" lon="4.9664423">
    <ele>174</ele>
    <time>2026-06-07T09:35:03Z</time>
    <extensions>
     <gpxdata:distance>361.00</gpxdata:distance>
     <gpxdata:speed>5.856</gpxdata:speed>
    </extensions>
   </trkpt>
   <trkpt lat="46.8798498" lon="4.9664257">
    <ele>174</ele>
    <time>2026-06-07T09:35:04Z</time>
    <extensions>
     <gpxdata:distance>366.50</gpxdata:distance>
     <gpxdata:speed>5.775</gpxdata:speed>
    </extensions>
   </trkpt>
   <trkpt lat="46.8798986" lon="4.9664094">
    <ele>174</ele>
    <time>2026-06-07T09:35:05Z</time>
    <extensions>
     <gpxdata:distance>372.00</gpxdata:distance>
     <gpxdata:speed>5.689</gpxdata:speed>
    </extensions>
   </trkpt>
   <trkpt lat="46.8799471" lon="4.9663933">
    <ele>174</ele>
    <time>2026-06-07T09:35:06Z</time>
    <extensions>
     <gpxdata:distance>378.00</gpxdata:distance>
     <gpxdata:speed>5.628</gpxdata:speed>
    </extensions>
   </trkpt>
   <trkpt lat="46.8799957" lon="4.9663765">
    <ele>174</ele>
    <time>2026-06-07T09:35:07Z</time>
    <extensions>
     <gpxdata:distance>384.00</gpxdata:distance>
     <gpxdata:speed>5.603</gpxdata:speed>
    </extensions>
   </trkpt>
   <trkpt lat="46.8800445" lon="4.9663584">
    <ele>174</ele>
    <time>2026-06-07T09:35:08Z</time>
    <extensions>
     <gpxdata:distance>389.50</gpxdata:distance>
     <gpxdata:speed>5.611</gpxdata:speed>
    </extensions>
   </trkpt>
   <trkpt lat="46.8800937" lon="4.9663396">
    <ele>174</ele>
    <time>2026-06-07T09:35:09Z</time>
    <extensions>
     <gpxdata:distance>395.00</gpxdata:distance>
     <gpxdata:speed>5.628</gpxdata:speed>
    </extensions>
   </trkpt>
   <trkpt lat="46.8801435" lon="4.9663214">
    <ele>174</ele>
    <time>2026-06-07T09:35:10Z</time>
    <extensions>
     <gpxdata:distance>401.00</gpxdata:distance>
     <gpxdata:speed>5.664</gpxdata:speed>
    </extensions>
   </trkpt>
   <trkpt lat="46.8801941" lon="4.9663036">
    <ele>174</ele>
    <time>2026-06-07T09:35:11Z</time>
    <extensions>
     <gpxdata:distance>407.00</gpxdata:distance>
     <gpxdata:speed>5.719</gpxdata:speed>
    </extensions>
   </trkpt>
   <trkpt lat="46.8802447" lon="4.9662858">
    <ele>174</ele>
    <time>2026-06-07T09:35:12Z</time>
    <extensions>
     <gpxdata:distance>412.50</gpxdata:distance>
     <gpxdata:speed>5.742</gpxdata:speed>
    </extensions>
   </trkpt>
   <trkpt lat="46.8802949" lon="4.9662668">
    <ele>174</ele>
    <time>2026-06-07T09:35:13Z</time>
    <extensions>
     <gpxdata:distance>418.00</gpxdata:distance>
     <gpxdata:speed>5.744</gpxdata:speed>
    </extensions>
   </trkpt>
   <trkpt lat="46.8803448" lon="4.9662469">
    <ele>174</ele>
    <time>2026-06-07T09:35:14Z</time>
    <extensions>
     <gpxdata:distance>424.00</gpxdata:distance>
     <gpxdata:speed>5.756</gpxdata:speed>
    </extensions>
   </trkpt>
   <trkpt lat="46.8803948" lon="4.9662273">
    <ele>174</ele>
    <time>2026-06-07T09:35:15Z</time>
    <extensions>
     <gpxdata:distance>430.00</gpxdata:distance>
     <gpxdata:speed>5.761</gpxdata:speed>
    </extensions>
   </trkpt>
   <trkpt lat="46.8804454" lon="4.9662085">
    <ele>174</ele>
    <time>2026-06-07T09:35:16Z</time>
    <extensions>
     <gpxdata:distance>435.50</gpxdata:distance>
     <gpxdata:speed>5.789</gpxdata:speed>
    </extensions>
   </trkpt>
   <trkpt lat="46.8804966" lon="4.9661906">
    <ele>174</ele>
    <time>2026-06-07T09:35:17Z</time>
    <extensions>
     <gpxdata:distance>441.00</gpxdata:distance>
     <gpxdata:speed>5.828</gpxdata:speed>
    </extensions>
   </trkpt>
   <trkpt lat="46.8805485" lon="4.9661730">
    <ele>174</ele>
    <time>2026-06-07T09:35:18Z</time>
    <extensions>
     <gpxdata:distance>447.00</gpxdata:distance>
     <gpxdata:speed>5.872</gpxdata:speed>
    </extensions>
   </trkpt>
   <trkpt lat="46.8806006" lon="4.9661554">
    <ele>174</ele>
    <time>2026-06-07T09:35:19Z</time>
    <extensions>
     <gpxdata:distance>453.00</gpxdata:distance>
     <gpxdata:speed>5.906</gpxdata:speed>
    </extensions>
   </trkpt>
   <trkpt lat="46.8806528" lon="4.9661368">
    <ele>174</ele>
    <time>2026-06-07T09:35:20Z</time>
    <extensions>
     <gpxdata:distance>459.00</gpxdata:distance>
     <gpxdata:speed>5.931</gpxdata:speed>
    </extensions>
   </trkpt>
   <trkpt lat="46.8807047" lon="4.9661174">
    <ele>174</ele>
    <time>2026-06-07T09:35:21Z</time>
    <extensions>
     <gpxdata:distance>465.00</gpxdata:distance>
     <gpxdata:speed>5.936</gpxdata:speed>
    </extensions>
   </trkpt>
   <trkpt lat="46.8807566" lon="4.9660981">
    <ele>174</ele>
    <time>2026-06-07T09:35:22Z</time>
    <extensions>
     <gpxdata:distance>471.00</gpxdata:distance>
     <gpxdata:speed>5.944</gpxdata:speed>
    </extensions>
   </trkpt>
   <trkpt lat="46.8808086" lon="4.9660806">
    <ele>174</ele>
    <time>2026-06-07T09:35:23Z</time>
    <extensions>
     <gpxdata:distance>477.00</gpxdata:distance>
     <gpxdata:speed>5.944</gpxdata:speed>
    </extensions>
   </trkpt>
   <trkpt lat="46.8808601" lon="4.9660644">
    <ele>174</ele>
    <time>2026-06-07T09:35:24Z</time>
    <extensions>
     <gpxdata:distance>482.50</gpxdata:distance>
     <gpxdata:speed>5.903</gpxdata:speed>
    </extensions>
   </trkpt>
   <trkpt lat="46.8809105" lon="4.9660492">
    <ele>174</ele>
    <time>2026-06-07T09:35:25Z</time>
    <extensions>
     <gpxdata:distance>488.00</gpxdata:distance>
     <gpxdata:speed>5.825</gpxdata:speed>
    </extensions>
   </trkpt>
   <trkpt lat="46.8809603" lon="4.9660355">
    <ele>174</ele>
    <time>2026-06-07T09:35:26Z</time>
    <extensions>
     <gpxdata:distance>493.50</gpxdata:distance>
     <gpxdata:speed>5.747</gpxdata:speed>
    </extensions>
   </trkpt>
   <trkpt lat="46.8810095" lon="4.9660237">
    <ele>174</ele>
    <time>2026-06-07T09:35:27Z</time>
    <extensions>
     <gpxdata:distance>499.00</gpxdata:distance>
     <gpxdata:speed>5.669</gpxdata:speed>
    </extensions>
   </trkpt>
   <trkpt lat="46.8810581" lon="4.9660134">
    <ele>174</ele>
    <time>2026-06-07T09:35:28Z</time>
    <extensions>
     <gpxdata:distance>504.50</gpxdata:distance>
     <gpxdata:speed>5.581</gpxdata:speed>
    </extensions>
   </trkpt>
   <trkpt lat="46.8811053" lon="4.9660049">
    <ele>174</ele>
    <time>2026-06-07T09:35:29Z</time>
    <extensions>
     <gpxdata:distance>510.00</gpxdata:distance>
     <gpxdata:speed>5.453</gpxdata:speed>
    </extensions>
   </trkpt>
   <trkpt lat="46.8811514" lon="4.9659975">
    <ele>174</ele>
    <time>2026-06-07T09:35:30Z</time>
    <extensions>
     <gpxdata:distance>515.00</gpxdata:distance>
     <gpxdata:speed>5.275</gpxdata:speed>
    </extensions>
   </trkpt>
   <trkpt lat="46.8811966" lon="4.9659880">
    <ele>174</ele>
    <time>2026-06-07T09:35:31Z</time>
    <extensions>
     <gpxdata:distance>520.00</gpxdata:distance>
     <gpxdata:speed>5.131</gpxdata:speed>
    </extensions>
   </trkpt>
   <trkpt lat="46.8812396" lon="4.9659708">
    <ele>174</ele>
    <time>2026-06-07T09:35:32Z</time>
    <extensions>
     <gpxdata:distance>525.00</gpxdata:distance>
     <gpxdata:speed>5.050</gpxdata:speed>
    </extensions>
   </trkpt>
   <trkpt lat="46.8812788" lon="4.9659408">
    <ele>174</ele>
    <time>2026-06-07T09:35:33Z</time>
    <extensions>
     <gpxdata:distance>530.00</gpxdata:distance>
     <gpxdata:speed>5.092</gpxdata:speed>
    </extensions>
   </trkpt>
   <trkpt lat="46.8813129" lon="4.9658972">
    <ele>174</ele>
    <time>2026-06-07T09:35:34Z</time>
    <extensions>
     <gpxdata:distance>535.50</gpxdata:distance>
     <gpxdata:speed>5.219</gpxdata:speed>
    </extensions>
   </trkpt>
   <trkpt lat="46.8813416" lon="4.9658424">
    <ele>174</ele>
    <time>2026-06-07T09:35:35Z</time>
    <extensions>
     <gpxdata:distance>541.00</gpxdata:distance>
     <gpxdata:speed>5.314</gpxdata:speed>
    </extensions>
   </trkpt>
   <trkpt lat="46.8813654" lon="4.9657806">
    <ele>174</ele>
    <time>2026-06-07T09:35:36Z</time>
    <extensions>
     <gpxdata:distance>546.50</gpxdata:distance>
     <gpxdata:speed>5.361</gpxdata:speed>
    </extensions>
   </trkpt>
   <trkpt lat="46.8813852" lon="4.9657150">
    <ele>174</ele>
    <time>2026-06-07T09:35:37Z</time>
    <extensions>
     <gpxdata:distance>552.00</gpxdata:distance>
     <gpxdata:speed>5.389</gpxdata:speed>
    </extensions>
   </trkpt>
   <trkpt lat="46.8814016" lon="4.9656474">
    <ele>174</ele>
    <time>2026-06-07T09:35:38Z</time>
    <extensions>
     <gpxdata:distance>557.00</gpxdata:distance>
     <gpxdata:speed>5.397</gpxdata:speed>
    </extensions>
   </trkpt>
   <trkpt lat="46.8814135" lon="4.9655786">
    <ele>174</ele>
    <time>2026-06-07T09:35:39Z</time>
    <extensions>
     <gpxdata:distance>562.00</gpxdata:distance>
     <gpxdata:speed>5.389</gpxdata:speed>
    </extensions>
   </trkpt>
   <trkpt lat="46.8814189" lon="4.9655084">
    <ele>174</ele>
    <time>2026-06-07T09:35:40Z</time>
    <extensions>
     <gpxdata:distance>567.50</gpxdata:distance>
     <gpxdata:speed>5.400</gpxdata:speed>
    </extensions>
   </trkpt>
   <trkpt lat="46.8814155" lon="4.9654363">
    <ele>174</ele>
    <time>2026-06-07T09:35:41Z</time>
    <extensions>
     <gpxdata:distance>573.00</gpxdata:distance>
     <gpxdata:speed>5.500</gpxdata:speed>
    </extensions>
   </trkpt>
   <trkpt lat="46.8814033" lon="4.9653633">
    <ele>174</ele>
    <time>2026-06-07T09:35:42Z</time>
    <extensions>
     <gpxdata:distance>579.00</gpxdata:distance>
     <gpxdata:speed>5.642</gpxdata:speed>
    </extensions>
   </trkpt>
   <trkpt lat="46.8813849" lon="4.9652904">
    <ele>175</ele>
    <time>2026-06-07T09:35:43Z</time>
    <extensions>
     <gpxdata:distance>585.00</gpxdata:distance>
     <gpxdata:speed>5.769</gpxdata:speed>
    </extensions>
   </trkpt>
   <trkpt lat="46.8813637" lon="4.9652174">
    <ele>175</ele>
    <time>2026-06-07T09:35:44Z</time>
    <extensions>
     <gpxdata:distance>591.50</gpxdata:distance>
     <gpxdata:speed>5.869</gpxdata:speed>
    </extensions>
   </trkpt>
   <trkpt lat="46.8813407" lon="4.9651440">
    <ele>175</ele>
    <time>2026-06-07T09:35:45Z</time>
    <extensions>
     <gpxdata:distance>598.00</gpxdata:distance>
     <gpxdata:speed>6.019</gpxdata:speed>
    </extensions>
   </trkpt>
   <trkpt lat="46.8813089" lon="4.9650443">
    <ele>175</ele>
    <time>2026-06-07T09:35:46Z</time>
    <extensions>
     <gpxdata:distance>604.50</gpxdata:distance>
     <gpxdata:speed>6.203</gpxdata:speed>
    </extensions>
   </trkpt>
   <trkpt lat="46.8812840" lon="4.9649648">
    <ele>175</ele>
    <time>2026-06-07T09:35:47Z</time>
    <extensions>
     <gpxdata:distance>611.00</gpxdata:distance>
     <gpxdata:speed>6.336</gpxdata:speed>
    </extensions>
   </trkpt>
   <trkpt lat="46.8812589" lon="4.9648881">
    <ele>175</ele>
    <time>2026-06-07T09:35:48Z</time>
    <extensions>
     <gpxdata:distance>617.50</gpxdata:distance>
     <gpxdata:speed>6.392</gpxdata:speed>
    </extensions>
   </trkpt>
   <trkpt lat="46.8812329" lon="4.9648121">
    <ele>175</ele>
    <time>2026-06-07T09:35:49Z</time>
    <extensions>
     <gpxdata:distance>624.00</gpxdata:distance>
     <gpxdata:speed>6.431</gpxdata:speed>
    </extensions>
   </trkpt>
   <trkpt lat="46.8812065" lon="4.9647359">
    <ele>175</ele>
    <time>2026-06-07T09:35:50Z</time>
    <extensions>
     <gpxdata:distance>630.50</gpxdata:distance>
     <gpxdata:speed>6.478</gpxdata:speed>
    </extensions>
   </trkpt>
   <trkpt lat="46.8811800" lon="4.9646591">
    <ele>175</ele>
    <time>2026-06-07T09:35:51Z</time>
    <extensions>
     <gpxdata:distance>637.00</gpxdata:distance>
     <gpxdata:speed>6.525</gpxdata:speed>
    </extensions>
   </trkpt>
   <trkpt lat="46.8811532" lon="4.9645822">
    <ele>175</ele>
    <time>2026-06-07T09:35:52Z</time>
    <extensions>
     <gpxdata:distance>643.50</gpxdata:distance>
     <gpxdata:speed>6.553</gpxdata:speed>
    </extensions>
   </trkpt>
   <trkpt lat="46.8811261" lon="4.9645055">
    <ele>175</ele>
    <time>2026-06-07T09:35:53Z</time>
    <extensions>
     <gpxdata:distance>650.00</gpxdata:distance>
     <gpxdata:speed>6.550</gpxdata:speed>
    </extensions>
   </trkpt>
   <trkpt lat="46.8810988" lon="4.9644290">
    <ele>175</ele>
    <time>2026-06-07T09:35:54Z</time>
    <extensions>
     <gpxdata:distance>656.50</gpxdata:distance>
     <gpxdata:speed>6.561</gpxdata:speed>
    </extensions>
   </trkpt>
   <trkpt lat="46.8810715" lon="4.9643525">
    <ele>175</ele>
    <time>2026-06-07T09:35:55Z</time>
    <extensions>
     <gpxdata:distance>663.00</gpxdata:distance>
     <gpxdata:speed>6.569</gpxdata:speed>
    </extensions>
   </trkpt>
   <trkpt lat="46.8810447" lon="4.9642760">
    <ele>175</ele>
    <time>2026-06-07T09:35:56Z</time>
    <extensions>
     <gpxdata:distance>669.50</gpxdata:distance>
     <gpxdata:speed>6.558</gpxdata:speed>
    </extensions>
   </trkpt>
   <trkpt lat="46.8810192" lon="4.9641991">
    <ele>175</ele>
    <time>2026-06-07T09:35:57Z</time>
    <extensions>
     <gpxdata:distance>676.00</gpxdata:distance>
     <gpxdata:speed>6.539</gpxdata:speed>
    </extensions>
   </trkpt>
   <trkpt lat="46.8809943" lon="4.9641224">
    <ele>175</ele>
    <time>2026-06-07T09:35:58Z</time>
    <extensions>
     <gpxdata:distance>682.50</gpxdata:distance>
     <gpxdata:speed>6.508</gpxdata:speed>
    </extensions>
   </trkpt>
   <trkpt lat="46.8809695" lon="4.9640464">
    <ele>175</ele>
    <time>2026-06-07T09:35:59Z</time>
    <extensions>
     <gpxdata:distance>689.00</gpxdata:distance>
     <gpxdata:speed>6.472</gpxdata:speed>
    </extensions>
   </trkpt>
   <trkpt lat="46.8809439" lon="4.9639724">
    <ele>175</ele>
    <time>2026-06-07T09:36:00Z</time>
    <extensions>
     <gpxdata:distance>695.00</gpxdata:distance>
     <gpxdata:speed>6.411</gpxdata:speed>
    </extensions>
   </trkpt>
   <trkpt lat="46.8809179" lon="4.9639002">
    <ele>175</ele>
    <time>2026-06-07T09:36:01Z</time>
    <extensions>
     <gpxdata:distance>701.00</gpxdata:distance>
     <gpxdata:speed>6.339</gpxdata:speed>
    </extensions>
   </trkpt>
   <trkpt lat="46.8808925" lon="4.9638290">
    <ele>175</ele>
    <time>2026-06-07T09:36:02Z</time>
    <extensions>
     <gpxdata:distance>707.00</gpxdata:distance>
     <gpxdata:speed>6.258</gpxdata:speed>
    </extensions>
   </trkpt>
   <trkpt lat="46.8808685" lon="4.9637578">
    <ele>175</ele>
    <time>2026-06-07T09:36:03Z</time>
    <extensions>
     <gpxdata:distance>713.00</gpxdata:distance>
     <gpxdata:speed>6.183</gpxdata:speed>
    </extensions>
   </trkpt>
   <trkpt lat="46.8808463" lon="4.9636860">
    <ele>175</ele>
    <time>2026-06-07T09:36:04Z</time>
    <extensions>
     <gpxdata:distance>719.00</gpxdata:distance>
     <gpxdata:speed>6.114</gpxdata:speed>
    </extensions>
   </trkpt>
   <trkpt lat="46.8808248" lon="4.9636144">
    <ele>175</ele>
    <time>2026-06-07T09:36:05Z</time>
    <extensions>
     <gpxdata:distance>725.00</gpxdata:distance>
     <gpxdata:speed>6.053</gpxdata:speed>
    </extensions>
   </trkpt>
   <trkpt lat="46.8808043" lon="4.9635428">
    <ele>175</ele>
    <time>2026-06-07T09:36:06Z</time>
    <extensions>
     <gpxdata:distance>731.00</gpxdata:distance>
     <gpxdata:speed>5.997</gpxdata:speed>
    </extensions>
   </trkpt>
   <trkpt lat="46.8807901" lon="4.9634911">
    <ele>175</ele>
    <time>2026-06-07T09:36:07Z</time>
    <extensions>
     <gpxdata:distance>737.00</gpxdata:distance>
     <gpxdata:speed>5.933</gpxdata:speed>
    </extensions>
   </trkpt>
   <trkpt lat="46.8807717" lon="4.9634264">
    <ele>175</ele>
    <time>2026-06-07T09:36:08Z</time>
    <extensions>
     <gpxdata:distance>742.50</gpxdata:distance>
     <gpxdata:speed>5.842</gpxdata:speed>
    </extensions>
   </trkpt>
   <trkpt lat="46.8807508" lon="4.9633600">
    <ele>175</ele>
    <time>2026-06-07T09:36:09Z</time>
    <extensions>
     <gpxdata:distance>748.00</gpxdata:distance>
     <gpxdata:speed>5.722</gpxdata:speed>
    </extensions>
   </trkpt>
   <trkpt lat="46.8807291" lon="4.9632947">
    <ele>176</ele>
    <time>2026-06-07T09:36:10Z</time>
    <extensions>
     <gpxdata:distance>753.50</gpxdata:distance>
     <gpxdata:speed>5.578</gpxdata:speed>
    </extensions>
   </trkpt>
   <trkpt lat="46.8807081" lon="4.9632304">
    <ele>176</ele>
    <time>2026-06-07T09:36:11Z</time>
    <extensions>
     <gpxdata:distance>759.00</gpxdata:distance>
     <gpxdata:speed>5.450</gpxdata:speed>
    </extensions>
   </trkpt>
   <trkpt lat="46.8806888" lon="4.9631672">
    <ele>176</ele>
    <time>2026-06-07T09:36:12Z</time>
    <extensions>
     <gpxdata:distance>764.00</gpxdata:distance>
     <gpxdata:speed>5.292</gpxdata:speed>
    </extensions>
   </trkpt>
   <trkpt lat="46.8806708" lon="4.9631056">
    <ele>176</ele>
    <time>2026-06-07T09:36:13Z</time>
    <extensions>
     <gpxdata:distance>769.00</gpxdata:distance>
     <gpxdata:speed>5.094</gpxdata:speed>
    </extensions>
   </trkpt>
   <trkpt lat="46.8806535" lon="4.9630464">
    <ele>176</ele>
    <time>2026-06-07T09:36:14Z</time>
    <extensions>
     <gpxdata:distance>773.50</gpxdata:distance>
     <gpxdata:speed>4.897</gpxdata:speed>
    </extensions>
   </trkpt>
   <trkpt lat="46.8806365" lon="4.9629891">
    <ele>176</ele>
    <time>2026-06-07T09:36:15Z</time>
    <extensions>
     <gpxdata:distance>778.00</gpxdata:distance>
     <gpxdata:speed>4.764</gpxdata:speed>
    </extensions>
   </trkpt>
   <trkpt lat="46.8806198" lon="4.9629333">
    <ele>176</ele>
    <time>2026-06-07T09:36:16Z</time>
    <extensions>
     <gpxdata:distance>782.50</gpxdata:distance>
     <gpxdata:speed>4.656</gpxdata:speed>
    </extensions>
   </trkpt>
   <trkpt lat="46.8806035" lon="4.9628784">
    <ele>176</ele>
    <time>2026-06-07T09:36:17Z</time>
    <extensions>
     <gpxdata:distance>787.00</gpxdata:distance>
     <gpxdata:speed>4.569</gpxdata:speed>
    </extensions>
   </trkpt>
   <trkpt lat="46.8805873" lon="4.9628245">
    <ele>176</ele>
    <time>2026-06-07T09:36:18Z</time>
    <extensions>
     <gpxdata:distance>791.50</gpxdata:distance>
     <gpxdata:speed>4.494</gpxdata:speed>
    </extensions>
   </trkpt>
   <trkpt lat="46.8805707" lon="4.9627698">
    <ele>176</ele>
    <time>2026-06-07T09:36:19Z</time>
    <extensions>
     <gpxdata:distance>796.00</gpxdata:distance>
     <gpxdata:speed>4.592</gpxdata:speed>
    </extensions>
   </trkpt>
   <trkpt lat="46.8805532" lon="4.9627128">
    <ele>176</ele>
    <time>2026-06-07T09:36:20Z</time>
    <extensions>
     <gpxdata:distance>801.50</gpxdata:distance>
     <gpxdata:speed>4.794</gpxdata:speed>
    </extensions>
   </trkpt>
   <trkpt lat="46.8805350" lon="4.9626528">
    <ele>176</ele>
    <time>2026-06-07T09:36:21Z</time>
    <extensions>
     <gpxdata:distance>807.00</gpxdata:distance>
     <gpxdata:speed>4.925</gpxdata:speed>
    </extensions>
   </trkpt>
   <trkpt lat="46.8805159" lon="4.9625905">
    <ele>176</ele>
    <time>2026-06-07T09:36:22Z</time>
    <extensions>
     <gpxdata:distance>812.00</gpxdata:distance>
     <gpxdata:speed>5.044</gpxdata:speed>
    </extensions>
   </trkpt>
   <trkpt lat="46.8804957" lon="4.9625271">
    <ele>176</ele>
    <time>2026-06-07T09:36:23Z</time>
    <extensions>
     <gpxdata:distance>817.00</gpxdata:distance>
     <gpxdata:speed>5.156</gpxdata:speed>
    </extensions>
   </trkpt>
   <trkpt lat="46.8804742" lon="4.9624634">
    <ele>176</ele>
    <time>2026-06-07T09:36:24Z</time>
    <extensions>
     <gpxdata:distance>822.50</gpxdata:distance>
     <gpxdata:speed>5.250</gpxdata:speed>
    </extensions>
   </trkpt>
   <trkpt lat="46.8804517" lon="4.9623998">
    <ele>176</ele>
    <time>2026-06-07T09:36:25Z</time>
    <extensions>
     <gpxdata:distance>828.00</gpxdata:distance>
     <gpxdata:speed>5.322</gpxdata:speed>
    </extensions>
   </trkpt>
   <trkpt lat="46.8804277" lon="4.9623367">
    <ele>176</ele>
    <time>2026-06-07T09:36:26Z</time>
    <extensions>
     <gpxdata:distance>833.50</gpxdata:distance>
     <gpxdata:speed>5.394</gpxdata:speed>
    </extensions>
   </trkpt>
   <trkpt lat="46.8804033" lon="4.9622740">
    <ele>176</ele>
    <time>2026-06-07T09:36:27Z</time>
    <extensions>
     <gpxdata:distance>839.00</gpxdata:distance>
     <gpxdata:speed>5.425</gpxdata:speed>
    </extensions>
   </trkpt>
   <trkpt lat="46.8803795" lon="4.9622117">
    <ele>176</ele>
    <time>2026-06-07T09:36:28Z</time>
    <extensions>
     <gpxdata:distance>844.50</gpxdata:distance>
     <gpxdata:speed>5.422</gpxdata:speed>
    </extensions>
   </trkpt>
   <trkpt lat="46.8803570" lon="4.9621495">
    <ele>176</ele>
    <time>2026-06-07T09:36:29Z</time>
    <extensions>
     <gpxdata:distance>850.00</gpxdata:distance>
     <gpxdata:speed>5.397</gpxdata:speed>
    </extensions>
   </trkpt>
   <trkpt lat="46.8803355" lon="4.9620882">
    <ele>176</ele>
    <time>2026-06-07T09:36:30Z</time>
    <extensions>
     <gpxdata:distance>855.00</gpxdata:distance>
     <gpxdata:speed>5.328</gpxdata:speed>
    </extensions>
   </trkpt>
   <trkpt lat="46.8803145" lon="4.9620292">
    <ele>176</ele>
    <time>2026-06-07T09:36:31Z</time>
    <extensions>
     <gpxdata:distance>860.00</gpxdata:distance>
     <gpxdata:speed>5.206</gpxdata:speed>
    </extensions>
   </trkpt>
   <trkpt lat="46.8802944" lon="4.9619732">
    <ele>176</ele>
    <time>2026-06-07T09:36:32Z</time>
    <extensions>
     <gpxdata:distance>864.50</gpxdata:distance>
     <gpxdata:speed>5.036</gpxdata:speed>
    </extensions>
   </trkpt>
   <trkpt lat="46.8802739" lon="4.9619207">
    <ele>176</ele>
    <time>2026-06-07T09:36:33Z</time>
    <extensions>
     <gpxdata:distance>869.00</gpxdata:distance>
     <gpxdata:speed>4.856</gpxdata:speed>
    </extensions>
   </trkpt>
   <trkpt lat="46.8802548" lon="4.9618705">
    <ele>176</ele>
    <time>2026-06-07T09:36:34Z</time>
    <extensions>
     <gpxdata:distance>873.00</gpxdata:distance>
     <gpxdata:speed>4.661</gpxdata:speed>
    </extensions>
   </trkpt>
   <trkpt lat="46.8802362" lon="4.9618210">
    <ele>176</ele>
    <time>2026-06-07T09:36:35Z</time>
    <extensions>
     <gpxdata:distance>877.00</gpxdata:distance>
     <gpxdata:speed>4.531</gpxdata:speed>
    </extensions>
   </trkpt>
   <trkpt lat="46.8802194" lon="4.9617723">
    <ele>176</ele>
    <time>2026-06-07T09:36:36Z</time>
    <extensions>
     <gpxdata:distance>881.00</gpxdata:distance>
     <gpxdata:speed>4.381</gpxdata:speed>
    </extensions>
   </trkpt>
   <trkpt lat="46.8802040" lon="4.9617235">
    <ele>176</ele>
    <time>2026-06-07T09:36:37Z</time>
    <extensions>
     <gpxdata:distance>885.00</gpxdata:distance>
     <gpxdata:speed>4.272</gpxdata:speed>
    </extensions>
   </trkpt>
   <trkpt lat="46.8801896" lon="4.9616751">
    <ele>176</ele>
    <time>2026-06-07T09:36:38Z</time>
    <extensions>
     <gpxdata:distance>889.00</gpxdata:distance>
     <gpxdata:speed>4.172</gpxdata:speed>
    </extensions>
   </trkpt>
   <trkpt lat="46.8801749" lon="4.9616282">
    <ele>176</ele>
    <time>2026-06-07T09:36:39Z</time>
    <extensions>
     <gpxdata:distance>893.00</gpxdata:distance>
     <gpxdata:speed>4.069</gpxdata:speed>
    </extensions>
   </trkpt>
   <trkpt lat="46.8801592" lon="4.9615834">
    <ele>176</ele>
    <time>2026-06-07T09:36:40Z</time>
    <extensions>
     <gpxdata:distance>896.50</gpxdata:distance>
     <gpxdata:speed>3.853</gpxdata:speed>
    </extensions>
   </trkpt>
   <trkpt lat="46.8801427" lon="4.9615410">
    <ele>176</ele>
    <time>2026-06-07T09:36:41Z</time>
    <extensions>
     <gpxdata:distance>900.00</gpxdata:distance>
     <gpxdata:speed>3.717</gpxdata:speed>
    </extensions>
   </trkpt>
   <trkpt lat="46.8801290" lon="4.9614986">
    <ele>176</ele>
    <time>2026-06-07T09:36:42Z</time>
    <extensions>
     <gpxdata:distance>903.50</gpxdata:distance>
     <gpxdata:speed>3.600</gpxdata:speed>
    </extensions>
   </trkpt>
   <trkpt lat="46.8801238" lon="4.9614561">
    <ele>176</ele>
    <time>2026-06-07T09:36:43Z</time>
    <extensions>
     <gpxdata:distance>907.00</gpxdata:distance>
     <gpxdata:speed>3.511</gpxdata:speed>
    </extensions>
   </trkpt>
   <trkpt lat="46.8801271" lon="4.9614133">
    <ele>176</ele>
    <time>2026-06-07T09:36:44Z</time>
    <extensions>
     <gpxdata:distance>910.50</gpxdata:distance>
     <gpxdata:speed>3.494</gpxdata:speed>
    </extensions>
   </trkpt>
   <trkpt lat="46.8801326" lon="4.9613687">
    <ele>176</ele>
    <time>2026-06-07T09:36:45Z</time>
    <extensions>
     <gpxdata:distance>914.00</gpxdata:distance>
     <gpxdata:speed>3.514</gpxdata:speed>
    </extensions>
   </trkpt>
   <trkpt lat="46.8801339" lon="4.9613210">
    <ele>176</ele>
    <time>2026-06-07T09:36:46Z</time>
    <extensions>
     <gpxdata:distance>918.00</gpxdata:distance>
     <gpxdata:speed>3.614</gpxdata:speed>
    </extensions>
   </trkpt>
   <trkpt lat="46.8801263" lon="4.9612716">
    <ele>176</ele>
    <time>2026-06-07T09:36:47Z</time>
    <extensions>
     <gpxdata:distance>922.00</gpxdata:distance>
     <gpxdata:speed>3.803</gpxdata:speed>
    </extensions>
   </trkpt>
   <trkpt lat="46.8801099" lon="4.9612217">
    <ele>176</ele>
    <time>2026-06-07T09:36:48Z</time>
    <extensions>
     <gpxdata:distance>926.50</gpxdata:distance>
     <gpxdata:speed>4.044</gpxdata:speed>
    </extensions>
   </trkpt>
   <trkpt lat="46.8800892" lon="4.9611711">
    <ele>176</ele>
    <time>2026-06-07T09:36:49Z</time>
    <extensions>
     <gpxdata:distance>931.00</gpxdata:distance>
     <gpxdata:speed>4.236</gpxdata:speed>
    </extensions>
   </trkpt>
   <trkpt lat="46.8800712" lon="4.9611178">
    <ele>176</ele>
    <time>2026-06-07T09:36:50Z</time>
    <extensions>
     <gpxdata:distance>935.50</gpxdata:distance>
     <gpxdata:speed>4.350</gpxdata:speed>
    </extensions>
   </trkpt>
   <trkpt lat="46.8800601" lon="4.9610597">
    <ele>176</ele>
    <time>2026-06-07T09:36:51Z</time>
    <extensions>
     <gpxdata:distance>940.00</gpxdata:distance>
     <gpxdata:speed>4.672</gpxdata:speed>
    </extensions>
   </trkpt>
   <trkpt lat="46.8800551" lon="4.9609967">
    <ele>176</ele>
    <time>2026-06-07T09:36:52Z</time>
    <extensions>
     <gpxdata:distance>945.50</gpxdata:distance>
     <gpxdata:speed>4.928</gpxdata:speed>
    </extensions>
   </trkpt>
   <trkpt lat="46.8800531" lon="4.9609301">
    <ele>176</ele>
    <time>2026-06-07T09:36:53Z</time>
    <extensions>
     <gpxdata:distance>951.00</gpxdata:distance>
     <gpxdata:speed>5.100</gpxdata:speed>
    </extensions>
   </trkpt>
   <trkpt lat="46.8800525" lon="4.9608612">
    <ele>176</ele>
    <time>2026-06-07T09:36:54Z</time>
    <extensions>
     <gpxdata:distance>956.00</gpxdata:distance>
     <gpxdata:speed>5.231</gpxdata:speed>
    </extensions>
   </trkpt>
   <trkpt lat="46.8800528" lon="4.9607907">
    <ele>176</ele>
    <time>2026-06-07T09:36:55Z</time>
    <extensions>
     <gpxdata:distance>961.00</gpxdata:distance>
     <gpxdata:speed>5.328</gpxdata:speed>
    </extensions>
   </trkpt>
   <trkpt lat="46.8800532" lon="4.9607197">
    <ele>176</ele>
    <time>2026-06-07T09:36:56Z</time>
    <extensions>
     <gpxdata:distance>966.50</gpxdata:distance>
     <gpxdata:speed>5.367</gpxdata:speed>
    </extensions>
   </trkpt>
   <trkpt lat="46.8800532" lon="4.9606485">
    <ele>176</ele>
    <time>2026-06-07T09:36:57Z</time>
    <extensions>
     <gpxdata:distance>972.00</gpxdata:distance>
     <gpxdata:speed>5.406</gpxdata:speed>
    </extensions>
   </trkpt>
   <trkpt lat="46.8800531" lon="4.9605765">
    <ele>176</ele>
    <time>2026-06-07T09:36:58Z</time>
    <extensions>
     <gpxdata:distance>977.50</gpxdata:distance>
     <gpxdata:speed>5.478</gpxdata:speed>
    </extensions>
   </trkpt>
   <trkpt lat="46.8800529" lon="4.9605032">
    <ele>176</ele>
    <time>2026-06-07T09:36:59Z</time>
    <extensions>
     <gpxdata:distance>983.00</gpxdata:distance>
     <gpxdata:speed>5.572</gpxdata:speed>
    </extensions>
   </trkpt>
   <trkpt lat="46.8800531" lon="4.9604293">
    <ele>176</ele>
    <time>2026-06-07T09:37:00Z</time>
    <extensions>
     <gpxdata:distance>989.00</gpxdata:distance>
     <gpxdata:speed>5.622</gpxdata:speed>
    </extensions>
   </trkpt>
   <trkpt lat="46.8800535" lon="4.9603556">
    <ele>176</ele>
    <time>2026-06-07T09:37:01Z</time>
    <extensions>
     <gpxdata:distance>995.00</gpxdata:distance>
     <gpxdata:speed>5.619</gpxdata:speed>
    </extensions>
   </trkpt>
   <trkpt lat="46.8800537" lon="4.9602813">
    <ele>176</ele>
    <time>2026-06-07T09:37:02Z</time>
    <extensions>
     <gpxdata:distance>1000.50</gpxdata:distance>
     <gpxdata:speed>5.644</gpxdata:speed>
    </extensions>
   </trkpt>
   <trkpt lat="46.8800534" lon="4.9602065">
    <ele>176</ele>
    <time>2026-06-07T09:37:03Z</time>
    <extensions>
     <gpxdata:distance>1006.00</gpxdata:distance>
     <gpxdata:speed>5.675</gpxdata:speed>
    </extensions>
   </trkpt>
   <trkpt lat="46.8800531" lon="4.9601309">
    <ele>176</ele>
    <time>2026-06-07T09:37:04Z</time>
    <extensions>
     <gpxdata:distance>1012.00</gpxdata:distance>
     <gpxdata:speed>5.717</gpxdata:speed>
    </extensions>
   </trkpt>
   <trkpt lat="46.8800527" lon="4.9600545">
    <ele>176</ele>
    <time>2026-06-07T09:37:05Z</time>
    <extensions>
     <gpxdata:distance>1018.00</gpxdata:distance>
     <gpxdata:speed>5.761</gpxdata:speed>
    </extensions>
   </trkpt>
   <trkpt lat="46.8800519" lon="4.9599773">
    <ele>176</ele>
    <time>2026-06-07T09:37:06Z</time>
    <extensions>
     <gpxdata:distance>1024.00</gpxdata:distance>
     <gpxdata:speed>5.819</gpxdata:speed>
    </extensions>
   </trkpt>
   <trkpt lat="46.8800502" lon="4.9598998">
    <ele>176</ele>
    <time>2026-06-07T09:37:07Z</time>
    <extensions>
     <gpxdata:distance>1030.00</gpxdata:distance>
     <gpxdata:speed>5.850</gpxdata:speed>
    </extensions>
   </trkpt>
   <trkpt lat="46.8800479" lon="4.9598228">
    <ele>176</ele>
    <time>2026-06-07T09:37:08Z</time>
    <extensions>
     <gpxdata:distance>1035.50</gpxdata:distance>
     <gpxdata:speed>5.856</gpxdata:speed>
    </extensions>
   </trkpt>
   <trkpt lat="46.8800458" lon="4.9597469">
    <ele>176</ele>
    <time>2026-06-07T09:37:09Z</time>
    <extensions>
     <gpxdata:distance>1041.00</gpxdata:distance>
     <gpxdata:speed>5.814</gpxdata:speed>
    </extensions>
   </trkpt>
   <trkpt lat="46.8800444" lon="4.9596729">
    <ele>176</ele>
    <time>2026-06-07T09:37:10Z</time>
    <extensions>
     <gpxdata:distance>1046.50</gpxdata:distance>
     <gpxdata:speed>5.725</gpxdata:speed>
    </extensions>
   </trkpt>
   <trkpt lat="46.8800440" lon="4.9596000">
    <ele>176</ele>
    <time>2026-06-07T09:37:11Z</time>
    <extensions>
     <gpxdata:distance>1052.00</gpxdata:distance>
     <gpxdata:speed>5.658</gpxdata:speed>
    </extensions>
   </trkpt>
   <trkpt lat="46.8800437" lon="4.9595273">
    <ele>176</ele>
    <time>2026-06-07T09:37:12Z</time>
    <extensions>
     <gpxdata:distance>1057.50</gpxdata:distance>
     <gpxdata:speed>5.617</gpxdata:speed>
    </extensions>
   </trkpt>
   <trkpt lat="46.8800427" lon="4.9594546">
    <ele>176</ele>
    <time>2026-06-07T09:37:13Z</time>
    <extensions>
     <gpxdata:distance>1063.00</gpxdata:distance>
     <gpxdata:speed>5.589</gpxdata:speed>
    </extensions>
   </trkpt>
   <trkpt lat="46.8800413" lon="4.9593821">
    <ele>176</ele>
    <time>2026-06-07T09:37:14Z</time>
    <extensions>
     <gpxdata:distance>1068.50</gpxdata:distance>
     <gpxdata:speed>5.564</gpxdata:speed>
    </extensions>
   </trkpt>
   <trkpt lat="46.8800399" lon="4.9593106">
    <ele>176</ele>
    <time>2026-06-07T09:37:15Z</time>
    <extensions>
     <gpxdata:distance>1074.00</gpxdata:distance>
     <gpxdata:speed>5.506</gpxdata:speed>
    </extensions>
   </trkpt>
   <trkpt lat="46.8800383" lon="4.9592406">
    <ele>176</ele>
    <time>2026-06-07T09:37:16Z</time>
    <extensions>
     <gpxdata:distance>1079.00</gpxdata:distance>
     <gpxdata:speed>5.419</gpxdata:speed>
    </extensions>
   </trkpt>
   <trkpt lat="46.8800371" lon="4.9591721">
    <ele>176</ele>
    <time>2026-06-07T09:37:17Z</time>
    <extensions>
     <gpxdata:distance>1084.00</gpxdata:distance>
     <gpxdata:speed>5.325</gpxdata:speed>
    </extensions>
   </trkpt>
   <trkpt lat="46.8800367" lon="4.9591051">
    <ele>176</ele>
    <time>2026-06-07T09:37:18Z</time>
    <extensions>
     <gpxdata:distance>1089.00</gpxdata:distance>
     <gpxdata:speed>5.194</gpxdata:speed>
    </extensions>
   </trkpt>
   <trkpt lat="46.8800364" lon="4.9590396">
    <ele>176</ele>
    <time>2026-06-07T09:37:19Z</time>
    <extensions>
     <gpxdata:distance>1094.00</gpxdata:distance>
     <gpxdata:speed>5.047</gpxdata:speed>
    </extensions>
   </trkpt>
   <trkpt lat="46.8800351" lon="4.9589754">
    <ele>177</ele>
    <time>2026-06-07T09:37:20Z</time>
    <extensions>
     <gpxdata:distance>1099.00</gpxdata:distance>
     <gpxdata:speed>4.922</gpxdata:speed>
    </extensions>
   </trkpt>
   <trkpt lat="46.8800324" lon="4.9589122">
    <ele>177</ele>
    <time>2026-06-07T09:37:21Z</time>
    <extensions>
     <gpxdata:distance>1104.00</gpxdata:distance>
     <gpxdata:speed>4.858</gpxdata:speed>
    </extensions>
   </trkpt>
   <trkpt lat="46.8800291" lon="4.9588491">
    <ele>177</ele>
    <time>2026-06-07T09:37:22Z</time>
    <extensions>
     <gpxdata:distance>1108.50</gpxdata:distance>
     <gpxdata:speed>4.833</gpxdata:speed>
    </extensions>
   </trkpt>
   <trkpt lat="46.8800264" lon="4.9587862">
    <ele>177</ele>
    <time>2026-06-07T09:37:23Z</time>
    <extensions>
     <gpxdata:distance>1113.00</gpxdata:distance>
     <gpxdata:speed>4.814</gpxdata:speed>
    </extensions>
   </trkpt>
   <trkpt lat="46.8800249" lon="4.9587230">
    <ele>177</ele>
    <time>2026-06-07T09:37:24Z</time>
    <extensions>
     <gpxdata:distance>1118.00</gpxdata:distance>
     <gpxdata:speed>4.814</gpxdata:speed>
    </extensions>
   </trkpt>
   <trkpt lat="46.8800238" lon="4.9586593">
    <ele>177</ele>
    <time>2026-06-07T09:37:25Z</time>
    <extensions>
     <gpxdata:distance>1123.00</gpxdata:distance>
     <gpxdata:speed>4.842</gpxdata:speed>
    </extensions>
   </trkpt>
   <trkpt lat="46.8800227" lon="4.9585955">
    <ele>177</ele>
    <time>2026-06-07T09:37:26Z</time>
    <extensions>
     <gpxdata:distance>1128.00</gpxdata:distance>
     <gpxdata:speed>4.836</gpxdata:speed>
    </extensions>
   </trkpt>
   <trkpt lat="46.8800219" lon="4.9585326">
    <ele>177</ele>
    <time>2026-06-07T09:37:27Z</time>
    <extensions>
     <gpxdata:distance>1133.00</gpxdata:distance>
     <gpxdata:speed>4.803</gpxdata:speed>
    </extensions>
   </trkpt>
   <trkpt lat="46.8800210" lon="4.9584710">
    <ele>177</ele>
    <time>2026-06-07T09:37:28Z</time>
    <extensions>
     <gpxdata:distance>1137.50</gpxdata:distance>
     <gpxdata:speed>4.742</gpxdata:speed>
    </extensions>
   </trkpt>
   <trkpt lat="46.8800199" lon="4.9584109">
    <ele>177</ele>
    <time>2026-06-07T09:37:29Z</time>
    <extensions>
     <gpxdata:distance>1142.00</gpxdata:distance>
     <gpxdata:speed>4.664</gpxdata:speed>
    </extensions>
   </trkpt>
   <trkpt lat="46.8800192" lon="4.9583515">
    <ele>177</ele>
    <time>2026-06-07T09:37:30Z</time>
    <extensions>
     <gpxdata:distance>1146.50</gpxdata:distance>
     <gpxdata:speed>4.606</gpxdata:speed>
    </extensions>
   </trkpt>
   <trkpt lat="46.8800196" lon="4.9582929">
    <ele>178</ele>
    <time>2026-06-07T09:37:31Z</time>
    <extensions>
     <gpxdata:distance>1151.00</gpxdata:distance>
     <gpxdata:speed>4.550</gpxdata:speed>
    </extensions>
   </trkpt>
   <trkpt lat="46.8800211" lon="4.9582343">
    <ele>178</ele>
    <time>2026-06-07T09:37:32Z</time>
    <extensions>
     <gpxdata:distance>1155.50</gpxdata:distance>
     <gpxdata:speed>4.517</gpxdata:speed>
    </extensions>
   </trkpt>
   <trkpt lat="46.8800227" lon="4.9581756">
    <ele>178</ele>
    <time>2026-06-07T09:37:33Z</time>
    <extensions>
     <gpxdata:distance>1160.00</gpxdata:distance>
     <gpxdata:speed>4.500</gpxdata:speed>
    </extensions>
   </trkpt>
   <trkpt lat="46.8800239" lon="4.9581160">
    <ele>178</ele>
    <time>2026-06-07T09:37:34Z</time>
    <extensions>
     <gpxdata:distance>1164.50</gpxdata:distance>
     <gpxdata:speed>4.522</gpxdata:speed>
    </extensions>
   </trkpt>
   <trkpt lat="46.8800237" lon="4.9580543">
    <ele>178</ele>
    <time>2026-06-07T09:37:35Z</time>
    <extensions>
     <gpxdata:distance>1169.00</gpxdata:distance>
     <gpxdata:speed>4.606</gpxdata:speed>
    </extensions>
   </trkpt>
   <trkpt lat="46.8800216" lon="4.9579916">
    <ele>178</ele>
    <time>2026-06-07T09:37:36Z</time>
    <extensions>
     <gpxdata:distance>1173.50</gpxdata:distance>
     <gpxdata:speed>4.678</gpxdata:speed>
    </extensions>
   </trkpt>
   <trkpt lat="46.8800183" lon="4.9579304">
    <ele>178</ele>
    <time>2026-06-07T09:37:37Z</time>
    <extensions>
     <gpxdata:distance>1178.00</gpxdata:distance>
     <gpxdata:speed>4.644</gpxdata:speed>
    </extensions>
   </trkpt>
   <trkpt lat="46.8800150" lon="4.9578712">
    <ele>178</ele>
    <time>2026-06-07T09:37:38Z</time>
    <extensions>
     <gpxdata:distance>1182.50</gpxdata:distance>
     <gpxdata:speed>4.572</gpxdata:speed>
    </extensions>
   </trkpt>
   <trkpt lat="46.8800134" lon="4.9578123">
    <ele>178</ele>
    <time>2026-06-07T09:37:39Z</time>
    <extensions>
     <gpxdata:distance>1187.00</gpxdata:distance>
     <gpxdata:speed>4.550</gpxdata:speed>
    </extensions>
   </trkpt>
   <trkpt lat="46.8800134" lon="4.9577521">
    <ele>178</ele>
    <time>2026-06-07T09:37:40Z</time>
    <extensions>
     <gpxdata:distance>1192.00</gpxdata:distance>
     <gpxdata:speed>4.581</gpxdata:speed>
    </extensions>
   </trkpt>
   <trkpt lat="46.8800138" lon="4.9576912">
    <ele>179</ele>
    <time>2026-06-07T09:37:41Z</time>
    <extensions>
     <gpxdata:distance>1197.00</gpxdata:distance>
     <gpxdata:speed>4.608</gpxdata:speed>
    </extensions>
   </trkpt>
   <trkpt lat="46.8800137" lon="4.9576289">
    <ele>179</ele>
    <time>2026-06-07T09:37:42Z</time>
    <extensions>
     <gpxdata:distance>1201.50</gpxdata:distance>
     <gpxdata:speed>4.669</gpxdata:speed>
    </extensions>
   </trkpt>
   <trkpt lat="46.8800131" lon="4.9575651">
    <ele>179</ele>
    <time>2026-06-07T09:37:43Z</time>
    <extensions>
     <gpxdata:distance>1206.00</gpxdata:distance>
     <gpxdata:speed>4.750</gpxdata:speed>
    </extensions>
   </trkpt>
   <trkpt lat="46.8800125" lon="4.9575010">
    <ele>179</ele>
    <time>2026-06-07T09:37:44Z</time>
    <extensions>
     <gpxdata:distance>1211.00</gpxdata:distance>
     <gpxdata:speed>4.789</gpxdata:speed>
    </extensions>
   </trkpt>
   <trkpt lat="46.8800118" lon="4.9574377">
    <ele>179</ele>
    <time>2026-06-07T09:37:45Z</time>
    <extensions>
     <gpxdata:distance>1216.00</gpxdata:distance>
     <gpxdata:speed>4.786</gpxdata:speed>
    </extensions>
   </trkpt>
   <trkpt lat="46.8800110" lon="4.9573752">
    <ele>179</ele>
    <time>2026-06-07T09:37:46Z</time>
    <extensions>
     <gpxdata:distance>1220.50</gpxdata:distance>
     <gpxdata:speed>4.758</gpxdata:speed>
    </extensions>
   </trkpt>
   <trkpt lat="46.8800101" lon="4.9573141">
    <ele>179</ele>
    <time>2026-06-07T09:37:47Z</time>
    <extensions>
     <gpxdata:distance>1225.00</gpxdata:distance>
     <gpxdata:speed>4.708</gpxdata:speed>
    </extensions>
   </trkpt>
   <trkpt lat="46.8800088" lon="4.9572544">
    <ele>179</ele>
    <time>2026-06-07T09:37:48Z</time>
    <extensions>
     <gpxdata:distance>1229.50</gpxdata:distance>
     <gpxdata:speed>4.636</gpxdata:speed>
    </extensions>
   </trkpt>
   <trkpt lat="46.8800067" lon="4.9571966">
    <ele>179</ele>
    <time>2026-06-07T09:37:49Z</time>
    <extensions>
     <gpxdata:distance>1234.00</gpxdata:distance>
     <gpxdata:speed>4.542</gpxdata:speed>
    </extensions>
   </trkpt>
   <trkpt lat="46.8800040" lon="4.9571400">
    <ele>179</ele>
    <time>2026-06-07T09:37:50Z</time>
    <extensions>
     <gpxdata:distance>1238.00</gpxdata:distance>
     <gpxdata:speed>4.453</gpxdata:speed>
    </extensions>
   </trkpt>
   <trkpt lat="46.8799998" lon="4.9570846">
    <ele>179</ele>
    <time>2026-06-07T09:37:51Z</time>
    <extensions>
     <gpxdata:distance>1242.00</gpxdata:distance>
     <gpxdata:speed>4.367</gpxdata:speed>
    </extensions>
   </trkpt>
   <trkpt lat="46.8799943" lon="4.9570312">
    <ele>180</ele>
    <time>2026-06-07T09:37:52Z</time>
    <extensions>
     <gpxdata:distance>1246.00</gpxdata:distance>
     <gpxdata:speed>4.261</gpxdata:speed>
    </extensions>
   </trkpt>
   <trkpt lat="46.8799876" lon="4.9569812">
    <ele>180</ele>
    <time>2026-06-07T09:37:53Z</time>
    <extensions>
     <gpxdata:distance>1250.00</gpxdata:distance>
     <gpxdata:speed>3.872</gpxdata:speed>
    </extensions>
   </trkpt>
   <trkpt lat="46.8799804" lon="4.9569363">
    <ele>180</ele>
    <time>2026-06-07T09:37:54Z</time>
    <extensions>
     <gpxdata:distance>1253.00</gpxdata:distance>
     <gpxdata:speed>3.481</gpxdata:speed>
    </extensions>
   </trkpt>
   <trkpt lat="46.8799727" lon="4.9568968">
    <ele>180</ele>
    <time>2026-06-07T09:37:55Z</time>
    <extensions>
     <gpxdata:distance>1256.00</gpxdata:distance>
     <gpxdata:speed>3.094</gpxdata:speed>
    </extensions>
   </trkpt>
   <trkpt lat="46.8799649" lon="4.9568621">
    <ele>180</ele>
    <time>2026-06-07T09:37:56Z</time>
    <extensions>
     <gpxdata:distance>1258.00</gpxdata:distance>
     <gpxdata:speed>2.786</gpxdata:speed>
    </extensions>
   </trkpt>
   <trkpt lat="46.8799604" lon="4.9568446">
    <ele>180</ele>
    <time>2026-06-07T09:37:57Z</time>
    <extensions>
     <gpxdata:distance>1260.00</gpxdata:distance>
     <gpxdata:speed>2.508</gpxdata:speed>
    </extensions>
   </trkpt>
   <trkpt lat="46.8799543" lon="4.9568228">
    <ele>180</ele>
    <time>2026-06-07T09:37:58Z</time>
    <extensions>
     <gpxdata:distance>1262.00</gpxdata:distance>
     <gpxdata:speed>2.214</gpxdata:speed>
    </extensions>
   </trkpt>
   <trkpt lat="46.8799478" lon="4.9568012">
    <ele>181</ele>
    <time>2026-06-07T09:37:59Z</time>
    <extensions>
     <gpxdata:distance>1264.00</gpxdata:distance>
     <gpxdata:speed>1.878</gpxdata:speed>
    </extensions>
   </trkpt>
   <trkpt lat="46.8799433" lon="4.9567872">
    <ele>181</ele>
    <time>2026-06-07T09:38:00Z</time>
    <extensions>
     <gpxdata:distance>1264.50</gpxdata:distance>
     <gpxdata:speed>1.550</gpxdata:speed>
    </extensions>
   </trkpt>
   <trkpt lat="46.8798892" lon="4.9566841">
    <ele>181</ele>
    <time>2026-06-07T09:38:13Z</time>
    <extensions>
     <gpxdata:distance>1282.00</gpxdata:distance>
     <gpxdata:speed>3.206</gpxdata:speed>
    </extensions>
   </trkpt>
   <trkpt lat="46.8798586" lon="4.9566213">
    <ele>181</ele>
    <time>2026-06-07T09:38:14Z</time>
    <extensions>
     <gpxdata:distance>1282.00</gpxdata:distance>
     <gpxdata:speed>2.569</gpxdata:speed>
    </extensions>
   </trkpt>
   <trkpt lat="46.8798437" lon="4.9565933">
    <ele>181</ele>
    <time>2026-06-07T09:38:15Z</time>
    <extensions>
     <gpxdata:distance>1287.00</gpxdata:distance>
     <gpxdata:speed>2.911</gpxdata:speed>
    </extensions>
   </trkpt>
   <trkpt lat="46.8798215" lon="4.9565563">
    <ele>182</ele>
    <time>2026-06-07T09:38:16Z</time>
    <extensions>
     <gpxdata:distance>1292.00</gpxdata:distance>
     <gpxdata:speed>4.481</gpxdata:speed>
    </extensions>
   </trkpt>
   <trkpt lat="46.8797771" lon="4.9564899">
    <ele>182</ele>
    <time>2026-06-07T09:38:17Z</time>
    <extensions>
     <gpxdata:distance>1296.50</gpxdata:distance>
     <gpxdata:speed>4.725</gpxdata:speed>
    </extensions>
   </trkpt>
   <trkpt lat="46.8797435" lon="4.9564419">
    <ele>182</ele>
    <time>2026-06-07T09:38:18Z</time>
    <extensions>
     <gpxdata:distance>1301.00</gpxdata:distance>
     <gpxdata:speed>4.728</gpxdata:speed>
    </extensions>
   </trkpt>
   <trkpt lat="46.8797126" lon="4.9563972">
    <ele>182</ele>
    <time>2026-06-07T09:38:19Z</time>
    <extensions>
     <gpxdata:distance>1306.00</gpxdata:distance>
     <gpxdata:speed>4.736</gpxdata:speed>
    </extensions>
   </trkpt>
   <trkpt lat="46.8796830" lon="4.9563525">
    <ele>182</ele>
    <time>2026-06-07T09:38:20Z</time>
    <extensions>
     <gpxdata:distance>1311.00</gpxdata:distance>
     <gpxdata:speed>4.736</gpxdata:speed>
    </extensions>
   </trkpt>
   <trkpt lat="46.8796534" lon="4.9563067">
    <ele>182</ele>
    <time>2026-06-07T09:38:21Z</time>
    <extensions>
     <gpxdata:distance>1316.00</gpxdata:distance>
     <gpxdata:speed>4.831</gpxdata:speed>
    </extensions>
   </trkpt>
   <trkpt lat="46.8796232" lon="4.9562596">
    <ele>182</ele>
    <time>2026-06-07T09:38:22Z</time>
    <extensions>
     <gpxdata:distance>1321.00</gpxdata:distance>
     <gpxdata:speed>4.933</gpxdata:speed>
    </extensions>
   </trkpt>
   <trkpt lat="46.8795928" lon="4.9562119">
    <ele>182</ele>
    <time>2026-06-07T09:38:23Z</time>
    <extensions>
     <gpxdata:distance>1326.00</gpxdata:distance>
     <gpxdata:speed>4.975</gpxdata:speed>
    </extensions>
   </trkpt>
   <trkpt lat="46.8795621" lon="4.9561638">
    <ele>182</ele>
    <time>2026-06-07T09:38:24Z</time>
    <extensions>
     <gpxdata:distance>1331.00</gpxdata:distance>
     <gpxdata:speed>5.000</gpxdata:speed>
    </extensions>
   </trkpt>
   <trkpt lat="46.8795313" lon="4.9561150">
    <ele>182</ele>
    <time>2026-06-07T09:38:25Z</time>
    <extensions>
     <gpxdata:distance>1336.00</gpxdata:distance>
     <gpxdata:speed>5.031</gpxdata:speed>
    </extensions>
   </trkpt>
   <trkpt lat="46.8795005" lon="4.9560658">
    <ele>182</ele>
    <time>2026-06-07T09:38:26Z</time>
    <extensions>
     <gpxdata:distance>1341.00</gpxdata:distance>
     <gpxdata:speed>5.050</gpxdata:speed>
    </extensions>
   </trkpt>
   <trkpt lat="46.8794693" lon="4.9560156">
    <ele>182</ele>
    <time>2026-06-07T09:38:27Z</time>
    <extensions>
     <gpxdata:distance>1346.50</gpxdata:distance>
     <gpxdata:speed>5.106</gpxdata:speed>
    </extensions>
   </trkpt>
   <trkpt lat="46.8794371" lon="4.9559643">
    <ele>182</ele>
    <time>2026-06-07T09:38:28Z</time>
    <extensions>
     <gpxdata:distance>1352.00</gpxdata:distance>
     <gpxdata:speed>5.306</gpxdata:speed>
    </extensions>
   </trkpt>
   <trkpt lat="46.8794036" lon="4.9559109">
    <ele>182</ele>
    <time>2026-06-07T09:38:29Z</time>
    <extensions>
     <gpxdata:distance>1357.50</gpxdata:distance>
     <gpxdata:speed>5.525</gpxdata:speed>
    </extensions>
   </trkpt>
   <trkpt lat="46.8793685" lon="4.9558550">
    <ele>182</ele>
    <time>2026-06-07T09:38:30Z</time>
    <extensions>
     <gpxdata:distance>1363.00</gpxdata:distance>
     <gpxdata:speed>5.792</gpxdata:speed>
    </extensions>
   </trkpt>
   <trkpt lat="46.8793321" lon="4.9557963">
    <ele>182</ele>
    <time>2026-06-07T09:38:31Z</time>
    <extensions>
     <gpxdata:distance>1369.50</gpxdata:distance>
     <gpxdata:speed>6.025</gpxdata:speed>
    </extensions>
   </trkpt>
   <trkpt lat="46.8792813" lon="4.9557160">
    <ele>182</ele>
    <time>2026-06-07T09:38:32Z</time>
    <extensions>
     <gpxdata:distance>1376.00</gpxdata:distance>
     <gpxdata:speed>6.225</gpxdata:speed>
    </extensions>
   </trkpt>
   <trkpt lat="46.8792399" lon="4.9556510">
    <ele>182</ele>
    <time>2026-06-07T09:38:33Z</time>
    <extensions>
     <gpxdata:distance>1382.50</gpxdata:distance>
     <gpxdata:speed>6.417</gpxdata:speed>
    </extensions>
   </trkpt>
   <trkpt lat="46.8791996" lon="4.9555865">
    <ele>182</ele>
    <time>2026-06-07T09:38:34Z</time>
    <extensions>
     <gpxdata:distance>1389.00</gpxdata:distance>
     <gpxdata:speed>6.528</gpxdata:speed>
    </extensions>
   </trkpt>
   <trkpt lat="46.8791577" lon="4.9555207">
    <ele>182</ele>
    <time>2026-06-07T09:38:35Z</time>
    <extensions>
     <gpxdata:distance>1396.00</gpxdata:distance>
     <gpxdata:speed>6.767</gpxdata:speed>
    </extensions>
   </trkpt>
   <trkpt lat="46.8791154" lon="4.9554534">
    <ele>182</ele>
    <time>2026-06-07T09:38:36Z</time>
    <extensions>
     <gpxdata:distance>1403.00</gpxdata:distance>
     <gpxdata:speed>6.875</gpxdata:speed>
    </extensions>
   </trkpt>
   <trkpt lat="46.8790735" lon="4.9553861">
    <ele>182</ele>
    <time>2026-06-07T09:38:37Z</time>
    <extensions>
     <gpxdata:distance>1410.00</gpxdata:distance>
     <gpxdata:speed>6.864</gpxdata:speed>
    </extensions>
   </trkpt>
   <trkpt lat="46.8790303" lon="4.9553180">
    <ele>182</ele>
    <time>2026-06-07T09:38:38Z</time>
    <extensions>
     <gpxdata:distance>1417.00</gpxdata:distance>
     <gpxdata:speed>7.042</gpxdata:speed>
    </extensions>
   </trkpt>
   <trkpt lat="46.8789852" lon="4.9552480">
    <ele>182</ele>
    <time>2026-06-07T09:38:39Z</time>
    <extensions>
     <gpxdata:distance>1425.00</gpxdata:distance>
     <gpxdata:speed>7.267</gpxdata:speed>
    </extensions>
   </trkpt>
   <trkpt lat="46.8789386" lon="4.9551758">
    <ele>182</ele>
    <time>2026-06-07T09:38:40Z</time>
    <extensions>
     <gpxdata:distance>1433.00</gpxdata:distance>
     <gpxdata:speed>7.481</gpxdata:speed>
    </extensions>
   </trkpt>
   <trkpt lat="46.8788907" lon="4.9551006">
    <ele>182</ele>
    <time>2026-06-07T09:38:41Z</time>
    <extensions>
     <gpxdata:distance>1441.00</gpxdata:distance>
     <gpxdata:speed>7.728</gpxdata:speed>
    </extensions>
   </trkpt>
   <trkpt lat="46.8788417" lon="4.9550227">
    <ele>182</ele>
    <time>2026-06-07T09:38:42Z</time>
    <extensions>
     <gpxdata:distance>1449.00</gpxdata:distance>
     <gpxdata:speed>7.944</gpxdata:speed>
    </extensions>
   </trkpt>
   <trkpt lat="46.8787923" lon="4.9549432">
    <ele>182</ele>
    <time>2026-06-07T09:38:43Z</time>
    <extensions>
     <gpxdata:distance>1457.00</gpxdata:distance>
     <gpxdata:speed>8.081</gpxdata:speed>
    </extensions>
   </trkpt>
   <trkpt lat="46.8787430" lon="4.9548646">
    <ele>182</ele>
    <time>2026-06-07T09:38:44Z</time>
    <extensions>
     <gpxdata:distance>1465.00</gpxdata:distance>
     <gpxdata:speed>8.078</gpxdata:speed>
    </extensions>
   </trkpt>
   <trkpt lat="46.8786950" lon="4.9547886">
    <ele>182</ele>
    <time>2026-06-07T09:38:45Z</time>
    <extensions>
     <gpxdata:distance>1472.50</gpxdata:distance>
     <gpxdata:speed>7.981</gpxdata:speed>
    </extensions>
   </trkpt>
   <trkpt lat="46.8786485" lon="4.9547160">
    <ele>182</ele>
    <time>2026-06-07T09:38:46Z</time>
    <extensions>
     <gpxdata:distance>1480.00</gpxdata:distance>
     <gpxdata:speed>7.825</gpxdata:speed>
    </extensions>
   </trkpt>
   <trkpt lat="46.8786038" lon="4.9546467">
    <ele>182</ele>
    <time>2026-06-07T09:38:47Z</time>
    <extensions>
     <gpxdata:distance>1487.00</gpxdata:distance>
     <gpxdata:speed>7.622</gpxdata:speed>
    </extensions>
   </trkpt>
   <trkpt lat="46.8785605" lon="4.9545803">
    <ele>182</ele>
    <time>2026-06-07T09:38:48Z</time>
    <extensions>
     <gpxdata:distance>1494.00</gpxdata:distance>
     <gpxdata:speed>7.406</gpxdata:speed>
    </extensions>
   </trkpt>
   <trkpt lat="46.8785170" lon="4.9545129">
    <ele>182</ele>
    <time>2026-06-07T09:38:49Z</time>
    <extensions>
     <gpxdata:distance>1501.00</gpxdata:distance>
     <gpxdata:speed>7.308</gpxdata:speed>
    </extensions>
   </trkpt>
   <trkpt lat="46.8784728" lon="4.9544437">
    <ele>182</ele>
    <time>2026-06-07T09:38:50Z</time>
    <extensions>
     <gpxdata:distance>1508.00</gpxdata:distance>
     <gpxdata:speed>7.294</gpxdata:speed>
    </extensions>
   </trkpt>
   <trkpt lat="46.8784281" lon="4.9543726">
    <ele>182</ele>
    <time>2026-06-07T09:38:51Z</time>
    <extensions>
     <gpxdata:distance>1516.00</gpxdata:distance>
     <gpxdata:speed>7.317</gpxdata:speed>
    </extensions>
   </trkpt>
   <trkpt lat="46.8783833" lon="4.9542987">
    <ele>182</ele>
    <time>2026-06-07T09:38:52Z</time>
    <extensions>
     <gpxdata:distance>1524.00</gpxdata:distance>
     <gpxdata:speed>7.386</gpxdata:speed>
    </extensions>
   </trkpt>
   <trkpt lat="46.8783387" lon="4.9542205">
    <ele>182</ele>
    <time>2026-06-07T09:38:53Z</time>
    <extensions>
     <gpxdata:distance>1532.00</gpxdata:distance>
     <gpxdata:speed>7.517</gpxdata:speed>
    </extensions>
   </trkpt>
   <trkpt lat="46.8782939" lon="4.9541375">
    <ele>182</ele>
    <time>2026-06-07T09:38:54Z</time>
    <extensions>
     <gpxdata:distance>1540.00</gpxdata:distance>
     <gpxdata:speed>7.703</gpxdata:speed>
    </extensions>
   </trkpt>
   <trkpt lat="46.8782498" lon="4.9540508">
    <ele>182</ele>
    <time>2026-06-07T09:38:55Z</time>
    <extensions>
     <gpxdata:distance>1548.00</gpxdata:distance>
     <gpxdata:speed>7.883</gpxdata:speed>
    </extensions>
   </trkpt>
   <trkpt lat="46.8782065" lon="4.9539620">
    <ele>182</ele>
    <time>2026-06-07T09:38:56Z</time>
    <extensions>
     <gpxdata:distance>1556.00</gpxdata:distance>
     <gpxdata:speed>8.172</gpxdata:speed>
    </extensions>
   </trkpt>
   <trkpt lat="46.8781645" lon="4.9538715">
    <ele>182</ele>
    <time>2026-06-07T09:38:57Z</time>
    <extensions>
     <gpxdata:distance>1564.50</gpxdata:distance>
     <gpxdata:speed>8.250</gpxdata:speed>
    </extensions>
   </trkpt>
   <trkpt lat="46.8781242" lon="4.9537792">
    <ele>182</ele>
    <time>2026-06-07T09:38:58Z</time>
    <extensions>
     <gpxdata:distance>1573.00</gpxdata:distance>
     <gpxdata:speed>8.289</gpxdata:speed>
    </extensions>
   </trkpt>
   <trkpt lat="46.8780864" lon="4.9536848">
    <ele>181</ele>
    <time>2026-06-07T09:38:59Z</time>
    <extensions>
     <gpxdata:distance>1581.00</gpxdata:distance>
     <gpxdata:speed>8.306</gpxdata:speed>
    </extensions>
   </trkpt>
   <trkpt lat="46.8780513" lon="4.9535895">
    <ele>181</ele>
    <time>2026-06-07T09:39:00Z</time>
    <extensions>
     <gpxdata:distance>1589.00</gpxdata:distance>
     <gpxdata:speed>8.231</gpxdata:speed>
    </extensions>
   </trkpt>
   <trkpt lat="46.8780191" lon="4.9534929">
    <ele>181</ele>
    <time>2026-06-07T09:39:01Z</time>
    <extensions>
     <gpxdata:distance>1597.50</gpxdata:distance>
     <gpxdata:speed>8.186</gpxdata:speed>
    </extensions>
   </trkpt>
   <trkpt lat="46.8779905" lon="4.9533943">
    <ele>181</ele>
    <time>2026-06-07T09:39:02Z</time>
    <extensions>
     <gpxdata:distance>1606.00</gpxdata:distance>
     <gpxdata:speed>8.175</gpxdata:speed>
    </extensions>
   </trkpt>
   <trkpt lat="46.8779651" lon="4.9532942">
    <ele>181</ele>
    <time>2026-06-07T09:39:03Z</time>
    <extensions>
     <gpxdata:distance>1614.00</gpxdata:distance>
     <gpxdata:speed>8.156</gpxdata:speed>
    </extensions>
   </trkpt>
   <trkpt lat="46.8779419" lon="4.9531940">
    <ele>181</ele>
    <time>2026-06-07T09:39:04Z</time>
    <extensions>
     <gpxdata:distance>1622.00</gpxdata:distance>
     <gpxdata:speed>8.103</gpxdata:speed>
    </extensions>
   </trkpt>
   <trkpt lat="46.8779203" lon="4.9530949">
    <ele>180</ele>
    <time>2026-06-07T09:39:05Z</time>
    <extensions>
     <gpxdata:distance>1629.50</gpxdata:distance>
     <gpxdata:speed>8.025</gpxdata:speed>
    </extensions>
   </trkpt>
   <trkpt lat="46.8778997" lon="4.9529973">
    <ele>180</ele>
    <time>2026-06-07T09:39:06Z</time>
    <extensions>
     <gpxdata:distance>1637.00</gpxdata:distance>
     <gpxdata:speed>7.925</gpxdata:speed>
    </extensions>
   </trkpt>
   <trkpt lat="46.8778800" lon="4.9529012">
    <ele>180</ele>
    <time>2026-06-07T09:39:07Z</time>
    <extensions>
     <gpxdata:distance>1644.50</gpxdata:distance>
     <gpxdata:speed>7.819</gpxdata:speed>
    </extensions>
   </trkpt>
   <trkpt lat="46.8778609" lon="4.9528060">
    <ele>180</ele>
    <time>2026-06-07T09:39:08Z</time>
    <extensions>
     <gpxdata:distance>1652.00</gpxdata:distance>
     <gpxdata:speed>7.722</gpxdata:speed>
    </extensions>
   </trkpt>
   <trkpt lat="46.8778425" lon="4.9527110">
    <ele>180</ele>
    <time>2026-06-07T09:39:09Z</time>
    <extensions>
     <gpxdata:distance>1659.50</gpxdata:distance>
     <gpxdata:speed>7.650</gpxdata:speed>
    </extensions>
   </trkpt>
   <trkpt lat="46.8778248" lon="4.9526157">
    <ele>180</ele>
    <time>2026-06-07T09:39:10Z</time>
    <extensions>
     <gpxdata:distance>1667.00</gpxdata:distance>
     <gpxdata:speed>7.600</gpxdata:speed>
    </extensions>
   </trkpt>
   <trkpt lat="46.8778075" lon="4.9525205">
    <ele>180</ele>
    <time>2026-06-07T09:39:11Z</time>
    <extensions>
     <gpxdata:distance>1674.50</gpxdata:distance>
     <gpxdata:speed>7.561</gpxdata:speed>
    </extensions>
   </trkpt>
   <trkpt lat="46.8777906" lon="4.9524249">
    <ele>179</ele>
    <time>2026-06-07T09:39:12Z</time>
    <extensions>
     <gpxdata:distance>1682.00</gpxdata:distance>
     <gpxdata:speed>7.539</gpxdata:speed>
    </extensions>
   </trkpt>
   <trkpt lat="46.8777741" lon="4.9523291">
    <ele>179</ele>
    <time>2026-06-07T09:39:13Z</time>
    <extensions>
     <gpxdata:distance>1689.50</gpxdata:distance>
     <gpxdata:speed>7.525</gpxdata:speed>
    </extensions>
   </trkpt>
   <trkpt lat="46.8777571" lon="4.9522338">
    <ele>179</ele>
    <time>2026-06-07T09:39:14Z</time>
    <extensions>
     <gpxdata:distance>1697.00</gpxdata:distance>
     <gpxdata:speed>7.508</gpxdata:speed>
    </extensions>
   </trkpt>
   <trkpt lat="46.8777395" lon="4.9521395">
    <ele>179</ele>
    <time>2026-06-07T09:39:15Z</time>
    <extensions>
     <gpxdata:distance>1704.50</gpxdata:distance>
     <gpxdata:speed>7.475</gpxdata:speed>
    </extensions>
   </trkpt>
   <trkpt lat="46.8777217" lon="4.9520468">
    <ele>179</ele>
    <time>2026-06-07T09:39:16Z</time>
    <extensions>
     <gpxdata:distance>1712.00</gpxdata:distance>
     <gpxdata:speed>7.414</gpxdata:speed>
    </extensions>
   </trkpt>
   <trkpt lat="46.8777043" lon="4.9519558">
    <ele>179</ele>
    <time>2026-06-07T09:39:17Z</time>
    <extensions>
     <gpxdata:distance>1719.00</gpxdata:distance>
     <gpxdata:speed>7.328</gpxdata:speed>
    </extensions>
   </trkpt>
   <trkpt lat="46.8776874" lon="4.9518664">
    <ele>179</ele>
    <time>2026-06-07T09:39:18Z</time>
    <extensions>
     <gpxdata:distance>1726.00</gpxdata:distance>
     <gpxdata:speed>7.233</gpxdata:speed>
    </extensions>
   </trkpt>
   <trkpt lat="46.8776708" lon="4.9517780">
    <ele>178</ele>
    <time>2026-06-07T09:39:19Z</time>
    <extensions>
     <gpxdata:distance>1733.00</gpxdata:distance>
     <gpxdata:speed>7.139</gpxdata:speed>
    </extensions>
   </trkpt>
   <trkpt lat="46.8776538" lon="4.9516906">
    <ele>178</ele>
    <time>2026-06-07T09:39:20Z</time>
    <extensions>
     <gpxdata:distance>1740.00</gpxdata:distance>
     <gpxdata:speed>7.058</gpxdata:speed>
    </extensions>
   </trkpt>
   <trkpt lat="46.8776384" lon="4.9516065">
    <ele>178</ele>
    <time>2026-06-07T09:39:21Z</time>
    <extensions>
     <gpxdata:distance>1745.50</gpxdata:distance>
     <gpxdata:speed>6.886</gpxdata:speed>
    </extensions>
   </trkpt>
   <trkpt lat="46.8776292" lon="4.9515311">
    <ele>178</ele>
    <time>2026-06-07T09:39:22Z</time>
    <extensions>
     <gpxdata:distance>1751.00</gpxdata:distance>
     <gpxdata:speed>6.472</gpxdata:speed>
    </extensions>
   </trkpt>
   <trkpt lat="46.8776329" lon="4.9514672">
    <ele>178</ele>
    <time>2026-06-07T09:39:23Z</time>
    <extensions>
     <gpxdata:distance>1755.50</gpxdata:distance>
     <gpxdata:speed>5.944</gpxdata:speed>
    </extensions>
   </trkpt>
   <trkpt lat="46.8776467" lon="4.9514317">
    <ele>178</ele>
    <time>2026-06-07T09:39:24Z</time>
    <extensions>
     <gpxdata:distance>1760.00</gpxdata:distance>
     <gpxdata:speed>5.481</gpxdata:speed>
    </extensions>
   </trkpt>
   <trkpt lat="46.8776756" lon="4.9514039">
    <ele>178</ele>
    <time>2026-06-07T09:39:25Z</time>
    <extensions>
     <gpxdata:distance>1764.50</gpxdata:distance>
     <gpxdata:speed>4.822</gpxdata:speed>
    </extensions>
   </trkpt>
   <trkpt lat="46.8777141" lon="4.9513921">
    <ele>178</ele>
    <time>2026-06-07T09:39:26Z</time>
    <extensions>
     <gpxdata:distance>1769.00</gpxdata:distance>
     <gpxdata:speed>4.833</gpxdata:speed>
    </extensions>
   </trkpt>
   <trkpt lat="46.8777551" lon="4.9513958">
    <ele>178</ele>
    <time>2026-06-07T09:39:27Z</time>
    <extensions>
     <gpxdata:distance>1773.50</gpxdata:distance>
     <gpxdata:speed>4.689</gpxdata:speed>
    </extensions>
   </trkpt>
   <trkpt lat="46.8777933" lon="4.9514170">
    <ele>178</ele>
    <time>2026-06-07T09:39:28Z</time>
    <extensions>
     <gpxdata:distance>1778.00</gpxdata:distance>
     <gpxdata:speed>4.647</gpxdata:speed>
    </extensions>
   </trkpt>
   <trkpt lat="46.8778232" lon="4.9514575">
    <ele>178</ele>
    <time>2026-06-07T09:39:29Z</time>
    <extensions>
     <gpxdata:distance>1783.00</gpxdata:distance>
     <gpxdata:speed>4.814</gpxdata:speed>
    </extensions>
   </trkpt>
   <trkpt lat="46.8778442" lon="4.9515144">
    <ele>178</ele>
    <time>2026-06-07T09:39:30Z</time>
    <extensions>
     <gpxdata:distance>1788.00</gpxdata:distance>
     <gpxdata:speed>5.164</gpxdata:speed>
    </extensions>
   </trkpt>
   <trkpt lat="46.8778591" lon="4.9515819">
    <ele>178</ele>
    <time>2026-06-07T09:39:31Z</time>
    <extensions>
     <gpxdata:distance>1794.00</gpxdata:distance>
     <gpxdata:speed>5.300</gpxdata:speed>
    </extensions>
   </trkpt>
   <trkpt lat="46.8778710" lon="4.9516542">
    <ele>178</ele>
    <time>2026-06-07T09:39:32Z</time>
    <extensions>
     <gpxdata:distance>1800.00</gpxdata:distance>
     <gpxdata:speed>5.425</gpxdata:speed>
    </extensions>
   </trkpt>
   <trkpt lat="46.8778818" lon="4.9517285">
    <ele>177</ele>
    <time>2026-06-07T09:39:33Z</time>
    <extensions>
     <gpxdata:distance>1806.00</gpxdata:distance>
     <gpxdata:speed>5.544</gpxdata:speed>
    </extensions>
   </trkpt>
   <trkpt lat="46.8778927" lon="4.9518037">
    <ele>177</ele>
    <time>2026-06-07T09:39:34Z</time>
    <extensions>
     <gpxdata:distance>1812.00</gpxdata:distance>
     <gpxdata:speed>5.750</gpxdata:speed>
    </extensions>
   </trkpt>
   <trkpt lat="46.8779040" lon="4.9518791">
    <ele>177</ele>
    <time>2026-06-07T09:39:35Z</time>
    <extensions>
     <gpxdata:distance>1817.50</gpxdata:distance>
     <gpxdata:speed>5.814</gpxdata:speed>
    </extensions>
   </trkpt>
   <trkpt lat="46.8779154" lon="4.9519544">
    <ele>177</ele>
    <time>2026-06-07T09:39:36Z</time>
    <extensions>
     <gpxdata:distance>1823.00</gpxdata:distance>
     <gpxdata:speed>5.836</gpxdata:speed>
    </extensions>
   </trkpt>
   <trkpt lat="46.8779278" lon="4.9520298">
    <ele>177</ele>
    <time>2026-06-07T09:39:37Z</time>
    <extensions>
     <gpxdata:distance>1829.00</gpxdata:distance>
     <gpxdata:speed>5.889</gpxdata:speed>
    </extensions>
   </trkpt>
   <trkpt lat="46.8779421" lon="4.9521044">
    <ele>177</ele>
    <time>2026-06-07T09:39:38Z</time>
    <extensions>
     <gpxdata:distance>1835.00</gpxdata:distance>
     <gpxdata:speed>5.892</gpxdata:speed>
    </extensions>
   </trkpt>
   <trkpt lat="46.8779586" lon="4.9521776">
    <ele>177</ele>
    <time>2026-06-07T09:39:39Z</time>
    <extensions>
     <gpxdata:distance>1841.00</gpxdata:distance>
     <gpxdata:speed>5.864</gpxdata:speed>
    </extensions>
   </trkpt>
   <trkpt lat="46.8779765" lon="4.9522493">
    <ele>177</ele>
    <time>2026-06-07T09:39:40Z</time>
    <extensions>
     <gpxdata:distance>1847.00</gpxdata:distance>
     <gpxdata:speed>5.803</gpxdata:speed>
    </extensions>
   </trkpt>
   <trkpt lat="46.8779938" lon="4.9523197">
    <ele>177</ele>
    <time>2026-06-07T09:39:41Z</time>
    <extensions>
     <gpxdata:distance>1852.00</gpxdata:distance>
     <gpxdata:speed>5.692</gpxdata:speed>
    </extensions>
   </trkpt>
   <trkpt lat="46.8780080" lon="4.9523893">
    <ele>177</ele>
    <time>2026-06-07T09:39:42Z</time>
    <extensions>
     <gpxdata:distance>1857.00</gpxdata:distance>
     <gpxdata:speed>5.569</gpxdata:speed>
    </extensions>
   </trkpt>
   <trkpt lat="46.8780182" lon="4.9524583">
    <ele>177</ele>
    <time>2026-06-07T09:39:43Z</time>
    <extensions>
     <gpxdata:distance>1862.50</gpxdata:distance>
     <gpxdata:speed>5.475</gpxdata:speed>
    </extensions>
   </trkpt>
   <trkpt lat="46.8780263" lon="4.9525257">
    <ele>177</ele>
    <time>2026-06-07T09:39:44Z</time>
    <extensions>
     <gpxdata:distance>1868.00</gpxdata:distance>
     <gpxdata:speed>5.353</gpxdata:speed>
    </extensions>
   </trkpt>
   <trkpt lat="46.8780348" lon="4.9525900">
    <ele>177</ele>
    <time>2026-06-07T09:39:45Z</time>
    <extensions>
     <gpxdata:distance>1872.50</gpxdata:distance>
     <gpxdata:speed>5.186</gpxdata:speed>
    </extensions>
   </trkpt>
   <trkpt lat="46.8780448" lon="4.9526527">
    <ele>177</ele>
    <time>2026-06-07T09:39:46Z</time>
    <extensions>
     <gpxdata:distance>1877.00</gpxdata:distance>
     <gpxdata:speed>5.075</gpxdata:speed>
    </extensions>
   </trkpt>
   <trkpt lat="46.8780563" lon="4.9527153">
    <ele>177</ele>
    <time>2026-06-07T09:39:47Z</time>
    <extensions>
     <gpxdata:distance>1882.50</gpxdata:distance>
     <gpxdata:speed>5.028</gpxdata:speed>
    </extensions>
   </trkpt>
   <trkpt lat="46.8780686" lon="4.9527791">
    <ele>177</ele>
    <time>2026-06-07T09:39:48Z</time>
    <extensions>
     <gpxdata:distance>1888.00</gpxdata:distance>
     <gpxdata:speed>5.064</gpxdata:speed>
    </extensions>
   </trkpt>
   <trkpt lat="46.8780805" lon="4.9528452">
    <ele>177</ele>
    <time>2026-06-07T09:39:49Z</time>
    <extensions>
     <gpxdata:distance>1893.00</gpxdata:distance>
     <gpxdata:speed>5.178</gpxdata:speed>
    </extensions>
   </trkpt>
   <trkpt lat="46.8780911" lon="4.9529129">
    <ele>177</ele>
    <time>2026-06-07T09:39:50Z</time>
    <extensions>
     <gpxdata:distance>1898.00</gpxdata:distance>
     <gpxdata:speed>5.228</gpxdata:speed>
    </extensions>
   </trkpt>
   <trkpt lat="46.8781011" lon="4.9529807">
    <ele>177</ele>
    <time>2026-06-07T09:39:51Z</time>
    <extensions>
     <gpxdata:distance>1903.50</gpxdata:distance>
     <gpxdata:speed>5.233</gpxdata:speed>
    </extensions>
   </trkpt>
   <trkpt lat="46.8781125" lon="4.9530472">
    <ele>177</ele>
    <time>2026-06-07T09:39:52Z</time>
    <extensions>
     <gpxdata:distance>1909.00</gpxdata:distance>
     <gpxdata:speed>5.211</gpxdata:speed>
    </extensions>
   </trkpt>
   <trkpt lat="46.8781277" lon="4.9531103">
    <ele>177</ele>
    <time>2026-06-07T09:39:53Z</time>
    <extensions>
     <gpxdata:distance>1913.50</gpxdata:distance>
     <gpxdata:speed>5.167</gpxdata:speed>
    </extensions>
   </trkpt>
   <trkpt lat="46.8781480" lon="4.9531677">
    <ele>177</ele>
    <time>2026-06-07T09:39:54Z</time>
    <extensions>
     <gpxdata:distance>1918.00</gpxdata:distance>
     <gpxdata:speed>5.078</gpxdata:speed>
    </extensions>
   </trkpt>
   <trkpt lat="46.8781728" lon="4.9532159">
    <ele>177</ele>
    <time>2026-06-07T09:39:55Z</time>
    <extensions>
     <gpxdata:distance>1922.00</gpxdata:distance>
     <gpxdata:speed>4.889</gpxdata:speed>
    </extensions>
   </trkpt>
   <trkpt lat="46.8782009" lon="4.9532493">
    <ele>177</ele>
    <time>2026-06-07T09:39:56Z</time>
    <extensions>
     <gpxdata:distance>1926.00</gpxdata:distance>
     <gpxdata:speed>4.183</gpxdata:speed>
    </extensions>
   </trkpt>
   <trkpt lat="46.8782299" lon="4.9532632">
    <ele>177</ele>
    <time>2026-06-07T09:39:57Z</time>
    <extensions>
     <gpxdata:distance>1929.00</gpxdata:distance>
     <gpxdata:speed>3.708</gpxdata:speed>
    </extensions>
   </trkpt>
   <trkpt lat="46.8782588" lon="4.9532600">
    <ele>177</ele>
    <time>2026-06-07T09:39:58Z</time>
    <extensions>
     <gpxdata:distance>1932.00</gpxdata:distance>
     <gpxdata:speed>3.550</gpxdata:speed>
    </extensions>
   </trkpt>
   <trkpt lat="46.8782878" lon="4.9532517">
    <ele>177</ele>
    <time>2026-06-07T09:39:59Z</time>
    <extensions>
     <gpxdata:distance>1935.00</gpxdata:distance>
     <gpxdata:speed>3.408</gpxdata:speed>
    </extensions>
   </trkpt>
   <trkpt lat="46.8783162" lon="4.9532509">
    <ele>177</ele>
    <time>2026-06-07T09:40:00Z</time>
    <extensions>
     <gpxdata:distance>1938.00</gpxdata:distance>
     <gpxdata:speed>3.339</gpxdata:speed>
    </extensions>
   </trkpt>
   <trkpt lat="46.8783437" lon="4.9532626">
    <ele>177</ele>
    <time>2026-06-07T09:40:01Z</time>
    <extensions>
     <gpxdata:distance>1942.00</gpxdata:distance>
     <gpxdata:speed>3.461</gpxdata:speed>
    </extensions>
   </trkpt>
   <trkpt lat="46.8783723" lon="4.9532815">
    <ele>177</ele>
    <time>2026-06-07T09:40:02Z</time>
    <extensions>
     <gpxdata:distance>1946.00</gpxdata:distance>
     <gpxdata:speed>3.642</gpxdata:speed>
    </extensions>
   </trkpt>
   <trkpt lat="46.8784045" lon="4.9533000">
    <ele>177</ele>
    <time>2026-06-07T09:40:03Z</time>
    <extensions>
     <gpxdata:distance>1950.00</gpxdata:distance>
     <gpxdata:speed>3.803</gpxdata:speed>
    </extensions>
   </trkpt>
   <trkpt lat="46.8784396" lon="4.9533142">
    <ele>177</ele>
    <time>2026-06-07T09:40:04Z</time>
    <extensions>
     <gpxdata:distance>1954.00</gpxdata:distance>
     <gpxdata:speed>3.922</gpxdata:speed>
    </extensions>
   </trkpt>
   <trkpt lat="46.8784735" lon="4.9533268">
    <ele>177</ele>
    <time>2026-06-07T09:40:05Z</time>
    <extensions>
     <gpxdata:distance>1957.00</gpxdata:distance>
     <gpxdata:speed>3.853</gpxdata:speed>
    </extensions>
   </trkpt>
   <trkpt lat="46.8785012" lon="4.9533455">
    <ele>177</ele>
    <time>2026-06-07T09:40:06Z</time>
    <extensions>
     <gpxdata:distance>1960.00</gpxdata:distance>
     <gpxdata:speed>3.661</gpxdata:speed>
    </extensions>
   </trkpt>
   <trkpt lat="46.8785174" lon="4.9533724">
    <ele>177</ele>
    <time>2026-06-07T09:40:07Z</time>
    <extensions>
     <gpxdata:distance>1962.50</gpxdata:distance>
     <gpxdata:speed>3.433</gpxdata:speed>
    </extensions>
   </trkpt>
   <trkpt lat="46.8785204" lon="4.9534020">
    <ele>177</ele>
    <time>2026-06-07T09:40:08Z</time>
    <extensions>
     <gpxdata:distance>1965.00</gpxdata:distance>
     <gpxdata:speed>3.189</gpxdata:speed>
    </extensions>
   </trkpt>
   <trkpt lat="46.8785140" lon="4.9534301">
    <ele>177</ele>
    <time>2026-06-07T09:40:09Z</time>
    <extensions>
     <gpxdata:distance>1967.00</gpxdata:distance>
     <gpxdata:speed>2.633</gpxdata:speed>
    </extensions>
   </trkpt>
   <trkpt lat="46.8785082" lon="4.9534450">
    <ele>177</ele>
    <time>2026-06-07T09:40:10Z</time>
    <extensions>
     <gpxdata:distance>1969.00</gpxdata:distance>
     <gpxdata:speed>2.386</gpxdata:speed>
    </extensions>
   </trkpt>
   <trkpt lat="46.8784992" lon="4.9534671">
    <ele>177</ele>
    <time>2026-06-07T09:40:11Z</time>
    <extensions>
     <gpxdata:distance>1972.00</gpxdata:distance>
     <gpxdata:speed>2.536</gpxdata:speed>
    </extensions>
   </trkpt>
   <trkpt lat="46.8784885" lon="4.9534946">
    <ele>177</ele>
    <time>2026-06-07T09:40:12Z</time>
    <extensions>
     <gpxdata:distance>1975.00</gpxdata:distance>
     <gpxdata:speed>2.750</gpxdata:speed>
    </extensions>
   </trkpt>
   <trkpt lat="46.8784765" lon="4.9535248">
    <ele>177</ele>
    <time>2026-06-07T09:40:13Z</time>
    <extensions>
     <gpxdata:distance>1977.50</gpxdata:distance>
     <gpxdata:speed>2.836</gpxdata:speed>
    </extensions>
   </trkpt>
   <trkpt lat="46.8784643" lon="4.9535561">
    <ele>177</ele>
    <time>2026-06-07T09:40:14Z</time>
    <extensions>
     <gpxdata:distance>1980.00</gpxdata:distance>
     <gpxdata:speed>2.778</gpxdata:speed>
    </extensions>
   </trkpt>
   <trkpt lat="46.8784541" lon="4.9535905">
    <ele>177</ele>
    <time>2026-06-07T09:40:15Z</time>
    <extensions>
     <gpxdata:distance>1983.50</gpxdata:distance>
     <gpxdata:speed>2.972</gpxdata:speed>
    </extensions>
   </trkpt>
   <trkpt lat="46.8784489" lon="4.9536292">
    <ele>177</ele>
    <time>2026-06-07T09:40:16Z</time>
    <extensions>
     <gpxdata:distance>1987.00</gpxdata:distance>
     <gpxdata:speed>3.233</gpxdata:speed>
    </extensions>
   </trkpt>
   <trkpt lat="46.8784524" lon="4.9536969">
    <ele>177</ele>
    <time>2026-06-07T09:40:17Z</time>
    <extensions>
     <gpxdata:distance>1990.50</gpxdata:distance>
     <gpxdata:speed>3.606</gpxdata:speed>
    </extensions>
   </trkpt>
   <trkpt lat="46.8784665" lon="4.9537429">
    <ele>177</ele>
    <time>2026-06-07T09:40:18Z</time>
    <extensions>
     <gpxdata:distance>1994.00</gpxdata:distance>
     <gpxdata:speed>3.756</gpxdata:speed>
    </extensions>
   </trkpt>
   <trkpt lat="46.8784874" lon="4.9537814">
    <ele>177</ele>
    <time>2026-06-07T09:40:19Z</time>
    <extensions>
     <gpxdata:distance>1997.50</gpxdata:distance>
     <gpxdata:speed>3.822</gpxdata:speed>
    </extensions>
   </trkpt>
   <trkpt lat="46.8785097" lon="4.9538147">
    <ele>177</ele>
    <time>2026-06-07T09:40:20Z</time>
    <extensions>
     <gpxdata:distance>2001.00</gpxdata:distance>
     <gpxdata:speed>3.575</gpxdata:speed>
    </extensions>
   </trkpt>
   <trkpt lat="46.8785299" lon="4.9538404">
    <ele>177</ele>
    <time>2026-06-07T09:40:21Z</time>
    <extensions>
     <gpxdata:distance>2003.00</gpxdata:distance>
     <gpxdata:speed>2.894</gpxdata:speed>
    </extensions>
   </trkpt>
   <trkpt lat="46.8785407" lon="4.9538492">
    <ele>177</ele>
    <time>2026-06-07T09:40:22Z</time>
    <extensions>
     <gpxdata:distance>2005.00</gpxdata:distance>
     <gpxdata:speed>2.614</gpxdata:speed>
    </extensions>
   </trkpt>
   <trkpt lat="46.8785556" lon="4.9538534">
    <ele>177</ele>
    <time>2026-06-07T09:40:23Z</time>
    <extensions>
     <gpxdata:distance>2007.00</gpxdata:distance>
     <gpxdata:speed>2.486</gpxdata:speed>
    </extensions>
   </trkpt>
   <trkpt lat="46.8785722" lon="4.9538488">
    <ele>177</ele>
    <time>2026-06-07T09:40:24Z</time>
    <extensions>
     <gpxdata:distance>2009.00</gpxdata:distance>
     <gpxdata:speed>2.464</gpxdata:speed>
    </extensions>
   </trkpt>
   <trkpt lat="46.8785880" lon="4.9538318">
    <ele>177</ele>
    <time>2026-06-07T09:40:25Z</time>
    <extensions>
     <gpxdata:distance>2012.50</gpxdata:distance>
     <gpxdata:speed>2.653</gpxdata:speed>
    </extensions>
   </trkpt>
   <trkpt lat="46.8786006" lon="4.9538013">
    <ele>177</ele>
    <time>2026-06-07T09:40:26Z</time>
    <extensions>
     <gpxdata:distance>2016.00</gpxdata:distance>
     <gpxdata:speed>3.006</gpxdata:speed>
    </extensions>
   </trkpt>
   <trkpt lat="46.8786149" lon="4.9537341">
    <ele>177</ele>
    <time>2026-06-07T09:40:27Z</time>
    <extensions>
     <gpxdata:distance>2020.00</gpxdata:distance>
     <gpxdata:speed>3.381</gpxdata:speed>
    </extensions>
   </trkpt>
   <trkpt lat="46.8786229" lon="4.9536815">
    <ele>177</ele>
    <time>2026-06-07T09:40:28Z</time>
    <extensions>
     <gpxdata:distance>2024.00</gpxdata:distance>
     <gpxdata:speed>3.553</gpxdata:speed>
    </extensions>
   </trkpt>
   <trkpt lat="46.8786363" lon="4.9536375">
    <ele>177</ele>
    <time>2026-06-07T09:40:29Z</time>
    <extensions>
     <gpxdata:distance>2027.50</gpxdata:distance>
     <gpxdata:speed>3.625</gpxdata:speed>
    </extensions>
   </trkpt>
   <trkpt lat="46.8786586" lon="4.9536059">
    <ele>177</ele>
    <time>2026-06-07T09:40:30Z</time>
    <extensions>
     <gpxdata:distance>2031.00</gpxdata:distance>
     <gpxdata:speed>3.706</gpxdata:speed>
    </extensions>
   </trkpt>
   <trkpt lat="46.8786864" lon="4.9535868">
    <ele>177</ele>
    <time>2026-06-07T09:40:31Z</time>
    <extensions>
     <gpxdata:distance>2034.00</gpxdata:distance>
     <gpxdata:speed>3.667</gpxdata:speed>
    </extensions>
   </trkpt>
   <trkpt lat="46.8787146" lon="4.9535732">
    <ele>177</ele>
    <time>2026-06-07T09:40:32Z</time>
    <extensions>
     <gpxdata:distance>2037.00</gpxdata:distance>
     <gpxdata:speed>3.492</gpxdata:speed>
    </extensions>
   </trkpt>
   <trkpt lat="46.8787397" lon="4.9535584">
    <ele>177</ele>
    <time>2026-06-07T09:40:33Z</time>
    <extensions>
     <gpxdata:distance>2039.50</gpxdata:distance>
     <gpxdata:speed>3.281</gpxdata:speed>
    </extensions>
   </trkpt>
   <trkpt lat="46.8787589" lon="4.9535363">
    <ele>177</ele>
    <time>2026-06-07T09:40:34Z</time>
    <extensions>
     <gpxdata:distance>2042.00</gpxdata:distance>
     <gpxdata:speed>3.142</gpxdata:speed>
    </extensions>
   </trkpt>
   <trkpt lat="46.8787657" lon="4.9535066">
    <ele>177</ele>
    <time>2026-06-07T09:40:35Z</time>
    <extensions>
     <gpxdata:distance>2044.50</gpxdata:distance>
     <gpxdata:speed>3.086</gpxdata:speed>
    </extensions>
   </trkpt>
   <trkpt lat="46.8787566" lon="4.9534789">
    <ele>177</ele>
    <time>2026-06-07T09:40:36Z</time>
    <extensions>
     <gpxdata:distance>2047.00</gpxdata:distance>
     <gpxdata:speed>3.131</gpxdata:speed>
    </extensions>
   </trkpt>
   <trkpt lat="46.8787345" lon="4.9534602">
    <ele>177</ele>
    <time>2026-06-07T09:40:37Z</time>
    <extensions>
     <gpxdata:distance>2051.00</gpxdata:distance>
     <gpxdata:speed>3.253</gpxdata:speed>
    </extensions>
   </trkpt>
   <trkpt lat="46.8787034" lon="4.9534497">
    <ele>177</ele>
    <time>2026-06-07T09:40:38Z</time>
    <extensions>
     <gpxdata:distance>2055.00</gpxdata:distance>
     <gpxdata:speed>3.469</gpxdata:speed>
    </extensions>
   </trkpt>
   <trkpt lat="46.8786695" lon="4.9534464">
    <ele>177</ele>
    <time>2026-06-07T09:40:39Z</time>
    <extensions>
     <gpxdata:distance>2058.50</gpxdata:distance>
     <gpxdata:speed>3.569</gpxdata:speed>
    </extensions>
   </trkpt>
   <trkpt lat="46.8786352" lon="4.9534469">
    <ele>177</ele>
    <time>2026-06-07T09:40:40Z</time>
    <extensions>
     <gpxdata:distance>2062.00</gpxdata:distance>
     <gpxdata:speed>3.606</gpxdata:speed>
    </extensions>
   </trkpt>
   <trkpt lat="46.8786011" lon="4.9534473">
    <ele>177</ele>
    <time>2026-06-07T09:40:41Z</time>
    <extensions>
     <gpxdata:distance>2065.50</gpxdata:distance>
     <gpxdata:speed>3.644</gpxdata:speed>
    </extensions>
   </trkpt>
   <trkpt lat="46.8785696" lon="4.9534485">
    <ele>177</ele>
    <time>2026-06-07T09:40:42Z</time>
    <extensions>
     <gpxdata:distance>2069.00</gpxdata:distance>
     <gpxdata:speed>3.539</gpxdata:speed>
    </extensions>
   </trkpt>
   <trkpt lat="46.8785404" lon="4.9534558">
    <ele>177</ele>
    <time>2026-06-07T09:40:43Z</time>
    <extensions>
     <gpxdata:distance>2072.00</gpxdata:distance>
     <gpxdata:speed>3.456</gpxdata:speed>
    </extensions>
   </trkpt>
   <trkpt lat="46.8785139" lon="4.9534724">
    <ele>177</ele>
    <time>2026-06-07T09:40:44Z</time>
    <extensions>
     <gpxdata:distance>2075.00</gpxdata:distance>
     <gpxdata:speed>3.422</gpxdata:speed>
    </extensions>
   </trkpt>
   <trkpt lat="46.8784906" lon="4.9534967">
    <ele>177</ele>
    <time>2026-06-07T09:40:45Z</time>
    <extensions>
     <gpxdata:distance>2078.00</gpxdata:distance>
     <gpxdata:speed>3.372</gpxdata:speed>
    </extensions>
   </trkpt>
   <trkpt lat="46.8784701" lon="4.9535258">
    <ele>177</ele>
    <time>2026-06-07T09:40:46Z</time>
    <extensions>
     <gpxdata:distance>2081.00</gpxdata:distance>
     <gpxdata:speed>3.306</gpxdata:speed>
    </extensions>
   </trkpt>
   <trkpt lat="46.8784536" lon="4.9535564">
    <ele>177</ele>
    <time>2026-06-07T09:40:47Z</time>
    <extensions>
     <gpxdata:distance>2083.50</gpxdata:distance>
     <gpxdata:speed>2.961</gpxdata:speed>
    </extensions>
   </trkpt>
   <trkpt lat="46.8784472" lon="4.9535742">
    <ele>177</ele>
    <time>2026-06-07T09:40:48Z</time>
    <extensions>
     <gpxdata:distance>2086.00</gpxdata:distance>
     <gpxdata:speed>2.700</gpxdata:speed>
    </extensions>
   </trkpt>
   <trkpt lat="46.8784419" lon="4.9536010">
    <ele>177</ele>
    <time>2026-06-07T09:40:49Z</time>
    <extensions>
     <gpxdata:distance>2089.00</gpxdata:distance>
     <gpxdata:speed>2.764</gpxdata:speed>
    </extensions>
   </trkpt>
   <trkpt lat="46.8784402" lon="4.9536327">
    <ele>177</ele>
    <time>2026-06-07T09:40:50Z</time>
    <extensions>
     <gpxdata:distance>2092.00</gpxdata:distance>
     <gpxdata:speed>2.806</gpxdata:speed>
    </extensions>
   </trkpt>
   <trkpt lat="46.8784443" lon="4.9536666">
    <ele>177</ele>
    <time>2026-06-07T09:40:51Z</time>
    <extensions>
     <gpxdata:distance>2095.00</gpxdata:distance>
     <gpxdata:speed>2.919</gpxdata:speed>
    </extensions>
   </trkpt>
   <trkpt lat="46.8784545" lon="4.9537017">
    <ele>177</ele>
    <time>2026-06-07T09:40:52Z</time>
    <extensions>
     <gpxdata:distance>2098.00</gpxdata:distance>
     <gpxdata:speed>3.100</gpxdata:speed>
    </extensions>
   </trkpt>
   <trkpt lat="46.8784796" lon="4.9537565">
    <ele>177</ele>
    <time>2026-06-07T09:40:53Z</time>
    <extensions>
     <gpxdata:distance>2101.50</gpxdata:distance>
     <gpxdata:speed>3.208</gpxdata:speed>
    </extensions>
   </trkpt>
   <trkpt lat="46.8785031" lon="4.9537878">
    <ele>177</ele>
    <time>2026-06-07T09:40:54Z</time>
    <extensions>
     <gpxdata:distance>2105.00</gpxdata:distance>
     <gpxdata:speed>3.247</gpxdata:speed>
    </extensions>
   </trkpt>
   <trkpt lat="46.8785287" lon="4.9538068">
    <ele>177</ele>
    <time>2026-06-07T09:40:55Z</time>
    <extensions>
     <gpxdata:distance>2108.00</gpxdata:distance>
     <gpxdata:speed>3.247</gpxdata:speed>
    </extensions>
   </trkpt>
   <trkpt lat="46.8785555" lon="4.9538112">
    <ele>177</ele>
    <time>2026-06-07T09:40:56Z</time>
    <extensions>
     <gpxdata:distance>2111.00</gpxdata:distance>
     <gpxdata:speed>3.239</gpxdata:speed>
    </extensions>
   </trkpt>
   <trkpt lat="46.8785819" lon="4.9538007">
    <ele>177</ele>
    <time>2026-06-07T09:40:57Z</time>
    <extensions>
     <gpxdata:distance>2114.00</gpxdata:distance>
     <gpxdata:speed>3.264</gpxdata:speed>
    </extensions>
   </trkpt>
   <trkpt lat="46.8786061" lon="4.9537791">
    <ele>177</ele>
    <time>2026-06-07T09:40:58Z</time>
    <extensions>
     <gpxdata:distance>2117.00</gpxdata:distance>
     <gpxdata:speed>3.289</gpxdata:speed>
    </extensions>
   </trkpt>
   <trkpt lat="46.8786292" lon="4.9537515">
    <ele>177</ele>
    <time>2026-06-07T09:40:59Z</time>
    <extensions>
     <gpxdata:distance>2120.50</gpxdata:distance>
     <gpxdata:speed>3.325</gpxdata:speed>
    </extensions>
   </trkpt>
   <trkpt lat="46.8786531" lon="4.9537212">
    <ele>177</ele>
    <time>2026-06-07T09:41:00Z</time>
    <extensions>
     <gpxdata:distance>2124.00</gpxdata:distance>
     <gpxdata:speed>3.500</gpxdata:speed>
    </extensions>
   </trkpt>
   <trkpt lat="46.8786767" lon="4.9536910">
    <ele>177</ele>
    <time>2026-06-07T09:41:01Z</time>
    <extensions>
     <gpxdata:distance>2127.50</gpxdata:distance>
     <gpxdata:speed>3.461</gpxdata:speed>
    </extensions>
   </trkpt>
   <trkpt lat="46.8786987" lon="4.9536618">
    <ele>177</ele>
    <time>2026-06-07T09:41:02Z</time>
    <extensions>
     <gpxdata:distance>2131.00</gpxdata:distance>
     <gpxdata:speed>3.342</gpxdata:speed>
    </extensions>
   </trkpt>
   <trkpt lat="46.8787197" lon="4.9536312">
    <ele>177</ele>
    <time>2026-06-07T09:41:03Z</time>
    <extensions>
     <gpxdata:distance>2134.50</gpxdata:distance>
     <gpxdata:speed>3.325</gpxdata:speed>
    </extensions>
   </trkpt>
   <trkpt lat="46.8787415" lon="4.9535992">
    <ele>177</ele>
    <time>2026-06-07T09:41:04Z</time>
    <extensions>
     <gpxdata:distance>2138.00</gpxdata:distance>
     <gpxdata:speed>3.400</gpxdata:speed>
    </extensions>
   </trkpt>
   <trkpt lat="46.8787630" lon="4.9535688">
    <ele>177</ele>
    <time>2026-06-07T09:41:05Z</time>
    <extensions>
     <gpxdata:distance>2140.50</gpxdata:distance>
     <gpxdata:speed>3.353</gpxdata:speed>
    </extensions>
   </trkpt>
   <trkpt lat="46.8787792" lon="4.9535399">
    <ele>177</ele>
    <time>2026-06-07T09:41:06Z</time>
    <extensions>
     <gpxdata:distance>2143.00</gpxdata:distance>
     <gpxdata:speed>2.822</gpxdata:speed>
    </extensions>
   </trkpt>
   <trkpt lat="46.8787834" lon="4.9535226">
    <ele>177</ele>
    <time>2026-06-07T09:41:07Z</time>
    <extensions>
     <gpxdata:distance>2145.00</gpxdata:distance>
     <gpxdata:speed>2.719</gpxdata:speed>
    </extensions>
   </trkpt>
   <trkpt lat="46.8787826" lon="4.9534985">
    <ele>177</ele>
    <time>2026-06-07T09:41:08Z</time>
    <extensions>
     <gpxdata:distance>2147.00</gpxdata:distance>
     <gpxdata:speed>2.711</gpxdata:speed>
    </extensions>
   </trkpt>
   <trkpt lat="46.8787731" lon="4.9534748">
    <ele>177</ele>
    <time>2026-06-07T09:41:09Z</time>
    <extensions>
     <gpxdata:distance>2150.00</gpxdata:distance>
     <gpxdata:speed>2.806</gpxdata:speed>
    </extensions>
   </trkpt>
   <trkpt lat="46.8787536" lon="4.9534594">
    <ele>177</ele>
    <time>2026-06-07T09:41:10Z</time>
    <extensions>
     <gpxdata:distance>2153.00</gpxdata:distance>
     <gpxdata:speed>3.469</gpxdata:speed>
    </extensions>
   </trkpt>
   <trkpt lat="46.8787063" lon="4.9534506">
    <ele>177</ele>
    <time>2026-06-07T09:41:11Z</time>
    <extensions>
     <gpxdata:distance>2158.00</gpxdata:distance>
     <gpxdata:speed>4.242</gpxdata:speed>
    </extensions>
   </trkpt>
   <trkpt lat="46.8786655" lon="4.9534535">
    <ele>178</ele>
    <time>2026-06-07T09:41:12Z</time>
    <extensions>
     <gpxdata:distance>2163.00</gpxdata:distance>
     <gpxdata:speed>4.433</gpxdata:speed>
    </extensions>
   </trkpt>
   <trkpt lat="46.8786260" lon="4.9534561">
    <ele>178</ele>
    <time>2026-06-07T09:41:13Z</time>
    <extensions>
     <gpxdata:distance>2167.00</gpxdata:distance>
     <gpxdata:speed>4.386</gpxdata:speed>
    </extensions>
   </trkpt>
   <trkpt lat="46.8785882" lon="4.9534554">
    <ele>177</ele>
    <time>2026-06-07T09:41:14Z</time>
    <extensions>
     <gpxdata:distance>2171.00</gpxdata:distance>
     <gpxdata:speed>4.269</gpxdata:speed>
    </extensions>
   </trkpt>
   <trkpt lat="46.8785529" lon="4.9534563">
    <ele>177</ele>
    <time>2026-06-07T09:41:15Z</time>
    <extensions>
     <gpxdata:distance>2174.50</gpxdata:distance>
     <gpxdata:speed>3.908</gpxdata:speed>
    </extensions>
   </trkpt>
   <trkpt lat="46.8785210" lon="4.9534673">
    <ele>177</ele>
    <time>2026-06-07T09:41:16Z</time>
    <extensions>
     <gpxdata:distance>2178.00</gpxdata:distance>
     <gpxdata:speed>3.797</gpxdata:speed>
    </extensions>
   </trkpt>
   <trkpt lat="46.8784934" lon="4.9534904">
    <ele>177</ele>
    <time>2026-06-07T09:41:17Z</time>
    <extensions>
     <gpxdata:distance>2181.50</gpxdata:distance>
     <gpxdata:speed>3.806</gpxdata:speed>
    </extensions>
   </trkpt>
   <trkpt lat="46.8784693" lon="4.9535218">
    <ele>177</ele>
    <time>2026-06-07T09:41:18Z</time>
    <extensions>
     <gpxdata:distance>2185.00</gpxdata:distance>
     <gpxdata:speed>3.744</gpxdata:speed>
    </extensions>
   </trkpt>
   <trkpt lat="46.8784505" lon="4.9535564">
    <ele>177</ele>
    <time>2026-06-07T09:41:19Z</time>
    <extensions>
     <gpxdata:distance>2188.00</gpxdata:distance>
     <gpxdata:speed>3.469</gpxdata:speed>
    </extensions>
   </trkpt>
   <trkpt lat="46.8784383" lon="4.9535945">
    <ele>177</ele>
    <time>2026-06-07T09:41:20Z</time>
    <extensions>
     <gpxdata:distance>2191.00</gpxdata:distance>
     <gpxdata:speed>3.289</gpxdata:speed>
    </extensions>
   </trkpt>
   <trkpt lat="46.8784331" lon="4.9536352">
    <ele>177</ele>
    <time>2026-06-07T09:41:21Z</time>
    <extensions>
     <gpxdata:distance>2194.00</gpxdata:distance>
     <gpxdata:speed>3.256</gpxdata:speed>
    </extensions>
   </trkpt>
   <trkpt lat="46.8784362" lon="4.9536757">
    <ele>177</ele>
    <time>2026-06-07T09:41:22Z</time>
    <extensions>
     <gpxdata:distance>2197.00</gpxdata:distance>
     <gpxdata:speed>3.225</gpxdata:speed>
    </extensions>
   </trkpt>
   <trkpt lat="46.8784479" lon="4.9537155">
    <ele>177</ele>
    <time>2026-06-07T09:41:23Z</time>
    <extensions>
     <gpxdata:distance>2201.00</gpxdata:distance>
     <gpxdata:speed>3.322</gpxdata:speed>
    </extensions>
   </trkpt>
   <trkpt lat="46.8784660" lon="4.9537529">
    <ele>177</ele>
    <time>2026-06-07T09:41:24Z</time>
    <extensions>
     <gpxdata:distance>2205.00</gpxdata:distance>
     <gpxdata:speed>3.414</gpxdata:speed>
    </extensions>
   </trkpt>
   <trkpt lat="46.8784881" lon="4.9537874">
    <ele>177</ele>
    <time>2026-06-07T09:41:25Z</time>
    <extensions>
     <gpxdata:distance>2208.00</gpxdata:distance>
     <gpxdata:speed>3.478</gpxdata:speed>
    </extensions>
   </trkpt>
   <trkpt lat="46.8785113" lon="4.9538182">
    <ele>177</ele>
    <time>2026-06-07T09:41:26Z</time>
    <extensions>
     <gpxdata:distance>2211.00</gpxdata:distance>
     <gpxdata:speed>3.444</gpxdata:speed>
    </extensions>
   </trkpt>
   <trkpt lat="46.8785340" lon="4.9538398">
    <ele>177</ele>
    <time>2026-06-07T09:41:27Z</time>
    <extensions>
     <gpxdata:distance>2213.50</gpxdata:distance>
     <gpxdata:speed>3.228</gpxdata:speed>
    </extensions>
   </trkpt>
   <trkpt lat="46.8785563" lon="4.9538488">
    <ele>177</ele>
    <time>2026-06-07T09:41:28Z</time>
    <extensions>
     <gpxdata:distance>2216.00</gpxdata:distance>
     <gpxdata:speed>3.014</gpxdata:speed>
    </extensions>
   </trkpt>
   <trkpt lat="46.8785778" lon="4.9538439">
    <ele>177</ele>
    <time>2026-06-07T09:41:29Z</time>
    <extensions>
     <gpxdata:distance>2219.00</gpxdata:distance>
     <gpxdata:speed>2.892</gpxdata:speed>
    </extensions>
   </trkpt>
   <trkpt lat="46.8785900" lon="4.9538322">
    <ele>177</ele>
    <time>2026-06-07T09:41:30Z</time>
    <extensions>
     <gpxdata:distance>2222.00</gpxdata:distance>
     <gpxdata:speed>3.014</gpxdata:speed>
    </extensions>
   </trkpt>
   <trkpt lat="46.8786191" lon="4.9537897">
    <ele>177</ele>
    <time>2026-06-07T09:41:31Z</time>
    <extensions>
     <gpxdata:distance>2226.50</gpxdata:distance>
     <gpxdata:speed>3.333</gpxdata:speed>
    </extensions>
   </trkpt>
   <trkpt lat="46.8786437" lon="4.9537476">
    <ele>177</ele>
    <time>2026-06-07T09:41:32Z</time>
    <extensions>
     <gpxdata:distance>2231.00</gpxdata:distance>
     <gpxdata:speed>3.606</gpxdata:speed>
    </extensions>
   </trkpt>
   <trkpt lat="46.8786684" lon="4.9537076">
    <ele>177</ele>
    <time>2026-06-07T09:41:33Z</time>
    <extensions>
     <gpxdata:distance>2234.50</gpxdata:distance>
     <gpxdata:speed>3.739</gpxdata:speed>
    </extensions>
   </trkpt>
   <trkpt lat="46.8786925" lon="4.9536736">
    <ele>177</ele>
    <time>2026-06-07T09:41:34Z</time>
    <extensions>
     <gpxdata:distance>2238.00</gpxdata:distance>
     <gpxdata:speed>3.667</gpxdata:speed>
    </extensions>
   </trkpt>
   <trkpt lat="46.8787161" lon="4.9536423">
    <ele>177</ele>
    <time>2026-06-07T09:41:35Z</time>
    <extensions>
     <gpxdata:distance>2241.50</gpxdata:distance>
     <gpxdata:speed>3.600</gpxdata:speed>
    </extensions>
   </trkpt>
   <trkpt lat="46.8787403" lon="4.9536093">
    <ele>177</ele>
    <time>2026-06-07T09:41:36Z</time>
    <extensions>
     <gpxdata:distance>2245.00</gpxdata:distance>
     <gpxdata:speed>3.667</gpxdata:speed>
    </extensions>
   </trkpt>
   <trkpt lat="46.8787636" lon="4.9535763">
    <ele>177</ele>
    <time>2026-06-07T09:41:37Z</time>
    <extensions>
     <gpxdata:distance>2248.00</gpxdata:distance>
     <gpxdata:speed>3.642</gpxdata:speed>
    </extensions>
   </trkpt>
   <trkpt lat="46.8787813" lon="4.9535456">
    <ele>177</ele>
    <time>2026-06-07T09:41:38Z</time>
    <extensions>
     <gpxdata:distance>2251.00</gpxdata:distance>
     <gpxdata:speed>3.367</gpxdata:speed>
    </extensions>
   </trkpt>
   <trkpt lat="46.8787899" lon="4.9535160">
    <ele>177</ele>
    <time>2026-06-07T09:41:39Z</time>
    <extensions>
     <gpxdata:distance>2253.00</gpxdata:distance>
     <gpxdata:speed>3.058</gpxdata:speed>
    </extensions>
   </trkpt>
   <trkpt lat="46.8787879" lon="4.9534875">
    <ele>177</ele>
    <time>2026-06-07T09:41:40Z</time>
    <extensions>
     <gpxdata:distance>2255.00</gpxdata:distance>
     <gpxdata:speed>2.869</gpxdata:speed>
    </extensions>
   </trkpt>
   <trkpt lat="46.8787808" lon="4.9534736">
    <ele>177</ele>
    <time>2026-06-07T09:41:41Z</time>
    <extensions>
     <gpxdata:distance>2258.00</gpxdata:distance>
     <gpxdata:speed>2.814</gpxdata:speed>
    </extensions>
   </trkpt>
   <trkpt lat="46.8787649" lon="4.9534606">
    <ele>178</ele>
    <time>2026-06-07T09:41:42Z</time>
    <extensions>
     <gpxdata:distance>2261.00</gpxdata:distance>
     <gpxdata:speed>2.897</gpxdata:speed>
    </extensions>
   </trkpt>
   <trkpt lat="46.8787398" lon="4.9534543">
    <ele>178</ele>
    <time>2026-06-07T09:41:43Z</time>
    <extensions>
     <gpxdata:distance>2265.50</gpxdata:distance>
     <gpxdata:speed>3.239</gpxdata:speed>
    </extensions>
   </trkpt>
   <trkpt lat="46.8786868" lon="4.9534542">
    <ele>178</ele>
    <time>2026-06-07T09:41:44Z</time>
    <extensions>
     <gpxdata:distance>2270.00</gpxdata:distance>
     <gpxdata:speed>3.656</gpxdata:speed>
    </extensions>
   </trkpt>
   <trkpt lat="46.8786444" lon="4.9534575">
    <ele>178</ele>
    <time>2026-06-07T09:41:45Z</time>
    <extensions>
     <gpxdata:distance>2274.50</gpxdata:distance>
     <gpxdata:speed>3.944</gpxdata:speed>
    </extensions>
   </trkpt>
   <trkpt lat="46.8786039" lon="4.9534590">
    <ele>178</ele>
    <time>2026-06-07T09:41:46Z</time>
    <extensions>
     <gpxdata:distance>2279.00</gpxdata:distance>
     <gpxdata:speed>4.114</gpxdata:speed>
    </extensions>
   </trkpt>
   <trkpt lat="46.8785649" lon="4.9534610">
    <ele>178</ele>
    <time>2026-06-07T09:41:47Z</time>
    <extensions>
     <gpxdata:distance>2282.50</gpxdata:distance>
     <gpxdata:speed>4.167</gpxdata:speed>
    </extensions>
   </trkpt>
   <trkpt lat="46.8785288" lon="4.9534708">
    <ele>178</ele>
    <time>2026-06-07T09:41:48Z</time>
    <extensions>
     <gpxdata:distance>2286.00</gpxdata:distance>
     <gpxdata:speed>4.147</gpxdata:speed>
    </extensions>
   </trkpt>
   <trkpt lat="46.8784974" lon="4.9534933">
    <ele>178</ele>
    <time>2026-06-07T09:41:49Z</time>
    <extensions>
     <gpxdata:distance>2290.00</gpxdata:distance>
     <gpxdata:speed>4.133</gpxdata:speed>
    </extensions>
   </trkpt>
   <trkpt lat="46.8784710" lon="4.9535248">
    <ele>178</ele>
    <time>2026-06-07T09:41:50Z</time>
    <extensions>
     <gpxdata:distance>2294.00</gpxdata:distance>
     <gpxdata:speed>4.061</gpxdata:speed>
    </extensions>
   </trkpt>
   <trkpt lat="46.8784501" lon="4.9535611">
    <ele>177</ele>
    <time>2026-06-07T09:41:51Z</time>
    <extensions>
     <gpxdata:distance>2297.50</gpxdata:distance>
     <gpxdata:speed>3.897</gpxdata:speed>
    </extensions>
   </trkpt>
   <trkpt lat="46.8784361" lon="4.9536030">
    <ele>177</ele>
    <time>2026-06-07T09:41:52Z</time>
    <extensions>
     <gpxdata:distance>2301.00</gpxdata:distance>
     <gpxdata:speed>3.814</gpxdata:speed>
    </extensions>
   </trkpt>
   <trkpt lat="46.8784318" lon="4.9536494">
    <ele>177</ele>
    <time>2026-06-07T09:41:53Z</time>
    <extensions>
     <gpxdata:distance>2305.00</gpxdata:distance>
     <gpxdata:speed>3.803</gpxdata:speed>
    </extensions>
   </trkpt>
   <trkpt lat="46.8784390" lon="4.9536963">
    <ele>177</ele>
    <time>2026-06-07T09:41:54Z</time>
    <extensions>
     <gpxdata:distance>2309.00</gpxdata:distance>
     <gpxdata:speed>3.847</gpxdata:speed>
    </extensions>
   </trkpt>
   <trkpt lat="46.8784561" lon="4.9537401">
    <ele>177</ele>
    <time>2026-06-07T09:41:55Z</time>
    <extensions>
     <gpxdata:distance>2312.50</gpxdata:distance>
     <gpxdata:speed>3.908</gpxdata:speed>
    </extensions>
   </trkpt>
   <trkpt lat="46.8784787" lon="4.9537800">
    <ele>177</ele>
    <time>2026-06-07T09:41:56Z</time>
    <extensions>
     <gpxdata:distance>2316.00</gpxdata:distance>
     <gpxdata:speed>3.925</gpxdata:speed>
    </extensions>
   </trkpt>
   <trkpt lat="46.8785027" lon="4.9538161">
    <ele>177</ele>
    <time>2026-06-07T09:41:57Z</time>
    <extensions>
     <gpxdata:distance>2319.50</gpxdata:distance>
     <gpxdata:speed>3.847</gpxdata:speed>
    </extensions>
   </trkpt>
   <trkpt lat="46.8785265" lon="4.9538430">
    <ele>177</ele>
    <time>2026-06-07T09:41:58Z</time>
    <extensions>
     <gpxdata:distance>2323.00</gpxdata:distance>
     <gpxdata:speed>3.600</gpxdata:speed>
    </extensions>
   </trkpt>
   <trkpt lat="46.8785504" lon="4.9538550">
    <ele>177</ele>
    <time>2026-06-07T09:41:59Z</time>
    <extensions>
     <gpxdata:distance>2325.50</gpxdata:distance>
     <gpxdata:speed>3.350</gpxdata:speed>
    </extensions>
   </trkpt>
   <trkpt lat="46.8785747" lon="4.9538494">
    <ele>177</ele>
    <time>2026-06-07T09:42:00Z</time>
    <extensions>
     <gpxdata:distance>2328.00</gpxdata:distance>
     <gpxdata:speed>3.278</gpxdata:speed>
    </extensions>
   </trkpt>
   <trkpt lat="46.8785991" lon="4.9538247">
    <ele>177</ele>
    <time>2026-06-07T09:42:01Z</time>
    <extensions>
     <gpxdata:distance>2332.50</gpxdata:distance>
     <gpxdata:speed>3.469</gpxdata:speed>
    </extensions>
   </trkpt>
   <trkpt lat="46.8786247" lon="4.9537850">
    <ele>177</ele>
    <time>2026-06-07T09:42:02Z</time>
    <extensions>
     <gpxdata:distance>2337.00</gpxdata:distance>
     <gpxdata:speed>3.831</gpxdata:speed>
    </extensions>
   </trkpt>
   <trkpt lat="46.8786519" lon="4.9537385">
    <ele>177</ele>
    <time>2026-06-07T09:42:03Z</time>
    <extensions>
     <gpxdata:distance>2341.50</gpxdata:distance>
     <gpxdata:speed>4.147</gpxdata:speed>
    </extensions>
   </trkpt>
   <trkpt lat="46.8786796" lon="4.9536940">
    <ele>177</ele>
    <time>2026-06-07T09:42:04Z</time>
    <extensions>
     <gpxdata:distance>2346.00</gpxdata:distance>
     <gpxdata:speed>4.239</gpxdata:speed>
    </extensions>
   </trkpt>
   <trkpt lat="46.8787070" lon="4.9536543">
    <ele>177</ele>
    <time>2026-06-07T09:42:05Z</time>
    <extensions>
     <gpxdata:distance>2350.00</gpxdata:distance>
     <gpxdata:speed>4.192</gpxdata:speed>
    </extensions>
   </trkpt>
   <trkpt lat="46.8787343" lon="4.9536171">
    <ele>177</ele>
    <time>2026-06-07T09:42:06Z</time>
    <extensions>
     <gpxdata:distance>2354.00</gpxdata:distance>
     <gpxdata:speed>4.161</gpxdata:speed>
    </extensions>
   </trkpt>
   <trkpt lat="46.8787592" lon="4.9535827">
    <ele>177</ele>
    <time>2026-06-07T09:42:07Z</time>
    <extensions>
     <gpxdata:distance>2357.00</gpxdata:distance>
     <gpxdata:speed>3.992</gpxdata:speed>
    </extensions>
   </trkpt>
   <trkpt lat="46.8787797" lon="4.9535545">
    <ele>177</ele>
    <time>2026-06-07T09:42:08Z</time>
    <extensions>
     <gpxdata:distance>2360.00</gpxdata:distance>
     <gpxdata:speed>3.586</gpxdata:speed>
    </extensions>
   </trkpt>
   <trkpt lat="46.8787972" lon="4.9535338">
    <ele>177</ele>
    <time>2026-06-07T09:42:09Z</time>
    <extensions>
     <gpxdata:distance>2362.50</gpxdata:distance>
     <gpxdata:speed>3.150</gpxdata:speed>
    </extensions>
   </trkpt>
   <trkpt lat="46.8788169" lon="4.9535189">
    <ele>177</ele>
    <time>2026-06-07T09:42:10Z</time>
    <extensions>
     <gpxdata:distance>2365.00</gpxdata:distance>
     <gpxdata:speed>2.967</gpxdata:speed>
    </extensions>
   </trkpt>
   <trkpt lat="46.8788314" lon="4.9535119">
    <ele>177</ele>
    <time>2026-06-07T09:42:11Z</time>
    <extensions>
     <gpxdata:distance>2368.50</gpxdata:distance>
     <gpxdata:speed>3.083</gpxdata:speed>
    </extensions>
   </trkpt>
   <trkpt lat="46.8788702" lon="4.9534949">
    <ele>177</ele>
    <time>2026-06-07T09:42:12Z</time>
    <extensions>
     <gpxdata:distance>2372.00</gpxdata:distance>
     <gpxdata:speed>3.283</gpxdata:speed>
    </extensions>
   </trkpt>
   <trkpt lat="46.8789020" lon="4.9534791">
    <ele>177</ele>
    <time>2026-06-07T09:42:13Z</time>
    <extensions>
     <gpxdata:distance>2375.50</gpxdata:distance>
     <gpxdata:speed>3.350</gpxdata:speed>
    </extensions>
   </trkpt>
   <trkpt lat="46.8789297" lon="4.9534626">
    <ele>177</ele>
    <time>2026-06-07T09:42:14Z</time>
    <extensions>
     <gpxdata:distance>2379.00</gpxdata:distance>
     <gpxdata:speed>3.275</gpxdata:speed>
    </extensions>
   </trkpt>
   <trkpt lat="46.8789537" lon="4.9534456">
    <ele>177</ele>
    <time>2026-06-07T09:42:15Z</time>
    <extensions>
     <gpxdata:distance>2381.50</gpxdata:distance>
     <gpxdata:speed>3.111</gpxdata:speed>
    </extensions>
   </trkpt>
   <trkpt lat="46.8789743" lon="4.9534266">
    <ele>177</ele>
    <time>2026-06-07T09:42:16Z</time>
    <extensions>
     <gpxdata:distance>2384.00</gpxdata:distance>
     <gpxdata:speed>2.950</gpxdata:speed>
    </extensions>
   </trkpt>
   <trkpt lat="46.8789848" lon="4.9534138">
    <ele>177</ele>
    <time>2026-06-07T09:42:17Z</time>
    <extensions>
     <gpxdata:distance>2386.50</gpxdata:distance>
     <gpxdata:speed>2.856</gpxdata:speed>
    </extensions>
   </trkpt>
   <trkpt lat="46.8789985" lon="4.9533948">
    <ele>177</ele>
    <time>2026-06-07T09:42:18Z</time>
    <extensions>
     <gpxdata:distance>2389.00</gpxdata:distance>
     <gpxdata:speed>2.794</gpxdata:speed>
    </extensions>
   </trkpt>
   <trkpt lat="46.8790130" lon="4.9533722">
    <ele>177</ele>
    <time>2026-06-07T09:42:19Z</time>
    <extensions>
     <gpxdata:distance>2391.00</gpxdata:distance>
     <gpxdata:speed>2.711</gpxdata:speed>
    </extensions>
   </trkpt>
   <trkpt lat="46.8790257" lon="4.9533489">
    <ele>177</ele>
    <time>2026-06-07T09:42:20Z</time>
    <extensions>
     <gpxdata:distance>2393.00</gpxdata:distance>
     <gpxdata:speed>2.525</gpxdata:speed>
    </extensions>
   </trkpt>
   <trkpt lat="46.8791155" lon="4.9532781">
    <ele>177</ele>
    <time>2026-06-07T09:42:36Z</time>
    <extensions>
     <gpxdata:distance>2407.00</gpxdata:distance>
     <gpxdata:speed>1.289</gpxdata:speed>
    </extensions>
   </trkpt>
   <trkpt lat="46.8791277" lon="4.9532656">
    <ele>177</ele>
    <time>2026-06-07T09:42:37Z</time>
    <extensions>
     <gpxdata:distance>2407.00</gpxdata:distance>
     <gpxdata:speed>2.317</gpxdata:speed>
    </extensions>
   </trkpt>
   <trkpt lat="46.8791496" lon="4.9532384">
    <ele>177</ele>
    <time>2026-06-07T09:42:38Z</time>
    <extensions>
     <gpxdata:distance>2411.00</gpxdata:distance>
     <gpxdata:speed>3.183</gpxdata:speed>
    </extensions>
   </trkpt>
   <trkpt lat="46.8791845" lon="4.9531922">
    <ele>176</ele>
    <time>2026-06-07T09:42:39Z</time>
    <extensions>
     <gpxdata:distance>2415.00</gpxdata:distance>
     <gpxdata:speed>3.439</gpxdata:speed>
    </extensions>
   </trkpt>
   <trkpt lat="46.8792085" lon="4.9531627">
    <ele>176</ele>
    <time>2026-06-07T09:42:40Z</time>
    <extensions>
     <gpxdata:distance>2417.50</gpxdata:distance>
     <gpxdata:speed>3.114</gpxdata:speed>
    </extensions>
   </trkpt>
   <trkpt lat="46.8792292" lon="4.9531415">
    <ele>176</ele>
    <time>2026-06-07T09:42:41Z</time>
    <extensions>
     <gpxdata:distance>2420.00</gpxdata:distance>
     <gpxdata:speed>2.681</gpxdata:speed>
    </extensions>
   </trkpt>
   <trkpt lat="46.8792393" lon="4.9531332">
    <ele>176</ele>
    <time>2026-06-07T09:42:42Z</time>
    <extensions>
     <gpxdata:distance>2421.50</gpxdata:distance>
     <gpxdata:speed>2.433</gpxdata:speed>
    </extensions>
   </trkpt>
   <trkpt lat="46.8792520" lon="4.9531241">
    <ele>176</ele>
    <time>2026-06-07T09:42:43Z</time>
    <extensions>
     <gpxdata:distance>2423.00</gpxdata:distance>
     <gpxdata:speed>2.236</gpxdata:speed>
    </extensions>
   </trkpt>
   <trkpt lat="46.8792661" lon="4.9531161">
    <ele>176</ele>
    <time>2026-06-07T09:42:44Z</time>
    <extensions>
     <gpxdata:distance>2425.00</gpxdata:distance>
     <gpxdata:speed>2.094</gpxdata:speed>
    </extensions>
   </trkpt>
   <trkpt lat="46.8792814" lon="4.9531098">
    <ele>175</ele>
    <time>2026-06-07T09:42:45Z</time>
    <extensions>
     <gpxdata:distance>2427.00</gpxdata:distance>
     <gpxdata:speed>2.042</gpxdata:speed>
    </extensions>
   </trkpt>
   <trkpt lat="46.8792985" lon="4.9531036">
    <ele>175</ele>
    <time>2026-06-07T09:42:46Z</time>
    <extensions>
     <gpxdata:distance>2430.00</gpxdata:distance>
     <gpxdata:speed>2.097</gpxdata:speed>
    </extensions>
   </trkpt>
   <trkpt lat="46.8793181" lon="4.9530936">
    <ele>175</ele>
    <time>2026-06-07T09:42:47Z</time>
    <extensions>
     <gpxdata:distance>2433.00</gpxdata:distance>
     <gpxdata:speed>2.317</gpxdata:speed>
    </extensions>
   </trkpt>
   <trkpt lat="46.8793406" lon="4.9530769">
    <ele>175</ele>
    <time>2026-06-07T09:42:48Z</time>
    <extensions>
     <gpxdata:distance>2437.00</gpxdata:distance>
     <gpxdata:speed>2.683</gpxdata:speed>
    </extensions>
   </trkpt>
   <trkpt lat="46.8793654" lon="4.9530523">
    <ele>175</ele>
    <time>2026-06-07T09:42:49Z</time>
    <extensions>
     <gpxdata:distance>2441.00</gpxdata:distance>
     <gpxdata:speed>3.697</gpxdata:speed>
    </extensions>
   </trkpt>
   <trkpt lat="46.8794086" lon="4.9529993">
    <ele>175</ele>
    <time>2026-06-07T09:42:50Z</time>
    <extensions>
     <gpxdata:distance>2445.50</gpxdata:distance>
     <gpxdata:speed>4.242</gpxdata:speed>
    </extensions>
   </trkpt>
   <trkpt lat="46.8794398" lon="4.9529523">
    <ele>175</ele>
    <time>2026-06-07T09:42:51Z</time>
    <extensions>
     <gpxdata:distance>2450.00</gpxdata:distance>
     <gpxdata:speed>4.636</gpxdata:speed>
    </extensions>
   </trkpt>
   <trkpt lat="46.8794684" lon="4.9529032">
    <ele>175</ele>
    <time>2026-06-07T09:42:52Z</time>
    <extensions>
     <gpxdata:distance>2455.00</gpxdata:distance>
     <gpxdata:speed>4.825</gpxdata:speed>
    </extensions>
   </trkpt>
   <trkpt lat="46.8794962" lon="4.9528522">
    <ele>175</ele>
    <time>2026-06-07T09:42:53Z</time>
    <extensions>
     <gpxdata:distance>2460.00</gpxdata:distance>
     <gpxdata:speed>4.914</gpxdata:speed>
    </extensions>
   </trkpt>
   <trkpt lat="46.8795248" lon="4.9528004">
    <ele>175</ele>
    <time>2026-06-07T09:42:54Z</time>
    <extensions>
     <gpxdata:distance>2465.50</gpxdata:distance>
     <gpxdata:speed>5.036</gpxdata:speed>
    </extensions>
   </trkpt>
   <trkpt lat="46.8795548" lon="4.9527488">
    <ele>175</ele>
    <time>2026-06-07T09:42:55Z</time>
    <extensions>
     <gpxdata:distance>2471.00</gpxdata:distance>
     <gpxdata:speed>5.153</gpxdata:speed>
    </extensions>
   </trkpt>
   <trkpt lat="46.8795864" lon="4.9526972">
    <ele>175</ele>
    <time>2026-06-07T09:42:56Z</time>
    <extensions>
     <gpxdata:distance>2476.50</gpxdata:distance>
     <gpxdata:speed>5.289</gpxdata:speed>
    </extensions>
   </trkpt>
   <trkpt lat="46.8796186" lon="4.9526450">
    <ele>175</ele>
    <time>2026-06-07T09:42:57Z</time>
    <extensions>
     <gpxdata:distance>2482.00</gpxdata:distance>
     <gpxdata:speed>5.342</gpxdata:speed>
    </extensions>
   </trkpt>
   <trkpt lat="46.8796504" lon="4.9525917">
    <ele>175</ele>
    <time>2026-06-07T09:42:58Z</time>
    <extensions>
     <gpxdata:distance>2487.00</gpxdata:distance>
     <gpxdata:speed>5.381</gpxdata:speed>
    </extensions>
   </trkpt>
   <trkpt lat="46.8796822" lon="4.9525375">
    <ele>175</ele>
    <time>2026-06-07T09:42:59Z</time>
    <extensions>
     <gpxdata:distance>2492.00</gpxdata:distance>
     <gpxdata:speed>5.422</gpxdata:speed>
    </extensions>
   </trkpt>
   <trkpt lat="46.8797154" lon="4.9524849">
    <ele>175</ele>
    <time>2026-06-07T09:43:00Z</time>
    <extensions>
     <gpxdata:distance>2498.00</gpxdata:distance>
     <gpxdata:speed>5.458</gpxdata:speed>
    </extensions>
   </trkpt>
   <trkpt lat="46.8797511" lon="4.9524347">
    <ele>175</ele>
    <time>2026-06-07T09:43:01Z</time>
    <extensions>
     <gpxdata:distance>2504.00</gpxdata:distance>
     <gpxdata:speed>5.500</gpxdata:speed>
    </extensions>
   </trkpt>
   <trkpt lat="46.8797898" lon="4.9523877">
    <ele>175</ele>
    <time>2026-06-07T09:43:02Z</time>
    <extensions>
     <gpxdata:distance>2509.50</gpxdata:distance>
     <gpxdata:speed>5.572</gpxdata:speed>
    </extensions>
   </trkpt>
   <trkpt lat="46.8798316" lon="4.9523431">
    <ele>176</ele>
    <time>2026-06-07T09:43:03Z</time>
    <extensions>
     <gpxdata:distance>2515.00</gpxdata:distance>
     <gpxdata:speed>5.772</gpxdata:speed>
    </extensions>
   </trkpt>
   <trkpt lat="46.8798762" lon="4.9522992">
    <ele>176</ele>
    <time>2026-06-07T09:43:04Z</time>
    <extensions>
     <gpxdata:distance>2521.50</gpxdata:distance>
     <gpxdata:speed>5.997</gpxdata:speed>
    </extensions>
   </trkpt>
   <trkpt lat="46.8799236" lon="4.9522560">
    <ele>176</ele>
    <time>2026-06-07T09:43:05Z</time>
    <extensions>
     <gpxdata:distance>2528.00</gpxdata:distance>
     <gpxdata:speed>6.225</gpxdata:speed>
    </extensions>
   </trkpt>
   <trkpt lat="46.8799896" lon="4.9521989">
    <ele>176</ele>
    <time>2026-06-07T09:43:06Z</time>
    <extensions>
     <gpxdata:distance>2534.50</gpxdata:distance>
     <gpxdata:speed>6.392</gpxdata:speed>
    </extensions>
   </trkpt>
   <trkpt lat="46.8800420" lon="4.9521537">
    <ele>176</ele>
    <time>2026-06-07T09:43:07Z</time>
    <extensions>
     <gpxdata:distance>2541.00</gpxdata:distance>
     <gpxdata:speed>6.447</gpxdata:speed>
    </extensions>
   </trkpt>
   <trkpt lat="46.8800930" lon="4.9521094">
    <ele>176</ele>
    <time>2026-06-07T09:43:08Z</time>
    <extensions>
     <gpxdata:distance>2547.50</gpxdata:distance>
     <gpxdata:speed>6.511</gpxdata:speed>
    </extensions>
   </trkpt>
   <trkpt lat="46.8801441" lon="4.9520659">
    <ele>175</ele>
    <time>2026-06-07T09:43:09Z</time>
    <extensions>
     <gpxdata:distance>2554.00</gpxdata:distance>
     <gpxdata:speed>6.539</gpxdata:speed>
    </extensions>
   </trkpt>
   <trkpt lat="46.8801951" lon="4.9520225">
    <ele>175</ele>
    <time>2026-06-07T09:43:10Z</time>
    <extensions>
     <gpxdata:distance>2560.50</gpxdata:distance>
     <gpxdata:speed>6.547</gpxdata:speed>
    </extensions>
   </trkpt>
   <trkpt lat="46.8802460" lon="4.9519795">
    <ele>175</ele>
    <time>2026-06-07T09:43:11Z</time>
    <extensions>
     <gpxdata:distance>2567.00</gpxdata:distance>
     <gpxdata:speed>6.533</gpxdata:speed>
    </extensions>
   </trkpt>
   <trkpt lat="46.8802974" lon="4.9519381">
    <ele>175</ele>
    <time>2026-06-07T09:43:12Z</time>
    <extensions>
     <gpxdata:distance>2573.50</gpxdata:distance>
     <gpxdata:speed>6.528</gpxdata:speed>
    </extensions>
   </trkpt>
   <trkpt lat="46.8803497" lon="4.9518984">
    <ele>175</ele>
    <time>2026-06-07T09:43:13Z</time>
    <extensions>
     <gpxdata:distance>2580.00</gpxdata:distance>
     <gpxdata:speed>6.569</gpxdata:speed>
    </extensions>
   </trkpt>
   <trkpt lat="46.8804024" lon="4.9518595">
    <ele>175</ele>
    <time>2026-06-07T09:43:14Z</time>
    <extensions>
     <gpxdata:distance>2586.50</gpxdata:distance>
     <gpxdata:speed>6.567</gpxdata:speed>
    </extensions>
   </trkpt>
   <trkpt lat="46.8804550" lon="4.9518215">
    <ele>175</ele>
    <time>2026-06-07T09:43:15Z</time>
    <extensions>
     <gpxdata:distance>2593.00</gpxdata:distance>
     <gpxdata:speed>6.547</gpxdata:speed>
    </extensions>
   </trkpt>
   <trkpt lat="46.8805083" lon="4.9517853">
    <ele>175</ele>
    <time>2026-06-07T09:43:16Z</time>
    <extensions>
     <gpxdata:distance>2600.00</gpxdata:distance>
     <gpxdata:speed>6.553</gpxdata:speed>
    </extensions>
   </trkpt>
   <trkpt lat="46.8805627" lon="4.9517511">
    <ele>175</ele>
    <time>2026-06-07T09:43:17Z</time>
    <extensions>
     <gpxdata:distance>2607.00</gpxdata:distance>
     <gpxdata:speed>6.569</gpxdata:speed>
    </extensions>
   </trkpt>
   <trkpt lat="46.8806174" lon="4.9517179">
    <ele>175</ele>
    <time>2026-06-07T09:43:18Z</time>
    <extensions>
     <gpxdata:distance>2613.50</gpxdata:distance>
     <gpxdata:speed>6.575</gpxdata:speed>
    </extensions>
   </trkpt>
   <trkpt lat="46.8806716" lon="4.9516841">
    <ele>175</ele>
    <time>2026-06-07T09:43:19Z</time>
    <extensions>
     <gpxdata:distance>2620.00</gpxdata:distance>
     <gpxdata:speed>6.567</gpxdata:speed>
    </extensions>
   </trkpt>
   <trkpt lat="46.8807258" lon="4.9516490">
    <ele>175</ele>
    <time>2026-06-07T09:43:20Z</time>
    <extensions>
     <gpxdata:distance>2626.50</gpxdata:distance>
     <gpxdata:speed>6.581</gpxdata:speed>
    </extensions>
   </trkpt>
   <trkpt lat="46.8807801" lon="4.9516133">
    <ele>175</ele>
    <time>2026-06-07T09:43:21Z</time>
    <extensions>
     <gpxdata:distance>2633.00</gpxdata:distance>
     <gpxdata:speed>6.600</gpxdata:speed>
    </extensions>
   </trkpt>
   <trkpt lat="46.8808348" lon="4.9515784">
    <ele>175</ele>
    <time>2026-06-07T09:43:22Z</time>
    <extensions>
     <gpxdata:distance>2639.50</gpxdata:distance>
     <gpxdata:speed>6.611</gpxdata:speed>
    </extensions>
   </trkpt>
   <trkpt lat="46.8808905" lon="4.9515462">
    <ele>175</ele>
    <time>2026-06-07T09:43:23Z</time>
    <extensions>
     <gpxdata:distance>2646.00</gpxdata:distance>
     <gpxdata:speed>6.633</gpxdata:speed>
    </extensions>
   </trkpt>
   <trkpt lat="46.8809469" lon="4.9515162">
    <ele>175</ele>
    <time>2026-06-07T09:43:24Z</time>
    <extensions>
     <gpxdata:distance>2653.00</gpxdata:distance>
     <gpxdata:speed>6.653</gpxdata:speed>
    </extensions>
   </trkpt>
   <trkpt lat="46.8810038" lon="4.9514849">
    <ele>175</ele>
    <time>2026-06-07T09:43:25Z</time>
    <extensions>
     <gpxdata:distance>2660.00</gpxdata:distance>
     <gpxdata:speed>6.694</gpxdata:speed>
    </extensions>
   </trkpt>
   <trkpt lat="46.8810604" lon="4.9514508">
    <ele>175</ele>
    <time>2026-06-07T09:43:26Z</time>
    <extensions>
     <gpxdata:distance>2663.50</gpxdata:distance>
     <gpxdata:speed>6.739</gpxdata:speed>
    </extensions>
   </trkpt>
   <trkpt lat="46.8811162" lon="4.9514142">
    <ele>175</ele>
    <time>2026-06-07T09:43:27Z</time>
    <extensions>
     <gpxdata:distance>2667.00</gpxdata:distance>
     <gpxdata:speed>6.739</gpxdata:speed>
    </extensions>
   </trkpt>
   <trkpt lat="46.8811712" lon="4.9513763">
    <ele>175</ele>
    <time>2026-06-07T09:43:28Z</time>
    <extensions>
     <gpxdata:distance>2677.00</gpxdata:distance>
     <gpxdata:speed>6.761</gpxdata:speed>
    </extensions>
   </trkpt>
   <trkpt lat="46.8812260" lon="4.9513384">
    <ele>175</ele>
    <time>2026-06-07T09:43:29Z</time>
    <extensions>
     <gpxdata:distance>2687.00</gpxdata:distance>
     <gpxdata:speed>6.756</gpxdata:speed>
    </extensions>
   </trkpt>
   <trkpt lat="46.8812809" lon="4.9513016">
    <ele>175</ele>
    <time>2026-06-07T09:43:30Z</time>
    <extensions>
     <gpxdata:distance>2693.50</gpxdata:distance>
     <gpxdata:speed>6.742</gpxdata:speed>
    </extensions>
   </trkpt>
   <trkpt lat="46.8813353" lon="4.9512643">
    <ele>175</ele>
    <time>2026-06-07T09:43:31Z</time>
    <extensions>
     <gpxdata:distance>2700.00</gpxdata:distance>
     <gpxdata:speed>6.728</gpxdata:speed>
    </extensions>
   </trkpt>
   <trkpt lat="46.8813895" lon="4.9512273">
    <ele>175</ele>
    <time>2026-06-07T09:43:32Z</time>
    <extensions>
     <gpxdata:distance>2706.50</gpxdata:distance>
     <gpxdata:speed>6.700</gpxdata:speed>
    </extensions>
   </trkpt>
   <trkpt lat="46.8814428" lon="4.9511893">
    <ele>175</ele>
    <time>2026-06-07T09:43:33Z</time>
    <extensions>
     <gpxdata:distance>2713.00</gpxdata:distance>
     <gpxdata:speed>6.664</gpxdata:speed>
    </extensions>
   </trkpt>
   <trkpt lat="46.8814952" lon="4.9511492">
    <ele>175</ele>
    <time>2026-06-07T09:43:34Z</time>
    <extensions>
     <gpxdata:distance>2720.00</gpxdata:distance>
     <gpxdata:speed>6.639</gpxdata:speed>
    </extensions>
   </trkpt>
   <trkpt lat="46.8815479" lon="4.9511094">
    <ele>175</ele>
    <time>2026-06-07T09:43:35Z</time>
    <extensions>
     <gpxdata:distance>2727.00</gpxdata:distance>
     <gpxdata:speed>6.631</gpxdata:speed>
    </extensions>
   </trkpt>
   <trkpt lat="46.8816016" lon="4.9510718">
    <ele>175</ele>
    <time>2026-06-07T09:43:36Z</time>
    <extensions>
     <gpxdata:distance>2733.50</gpxdata:distance>
     <gpxdata:speed>6.631</gpxdata:speed>
    </extensions>
   </trkpt>
   <trkpt lat="46.8816564" lon="4.9510363">
    <ele>175</ele>
    <time>2026-06-07T09:43:37Z</time>
    <extensions>
     <gpxdata:distance>2740.00</gpxdata:distance>
     <gpxdata:speed>6.650</gpxdata:speed>
    </extensions>
   </trkpt>
   <trkpt lat="46.8817122" lon="4.9510020">
    <ele>175</ele>
    <time>2026-06-07T09:43:38Z</time>
    <extensions>
     <gpxdata:distance>2747.00</gpxdata:distance>
     <gpxdata:speed>6.681</gpxdata:speed>
    </extensions>
   </trkpt>
   <trkpt lat="46.8817692" lon="4.9509687">
    <ele>175</ele>
    <time>2026-06-07T09:43:39Z</time>
    <extensions>
     <gpxdata:distance>2754.00</gpxdata:distance>
     <gpxdata:speed>6.736</gpxdata:speed>
    </extensions>
   </trkpt>
   <trkpt lat="46.8818269" lon="4.9509360">
    <ele>175</ele>
    <time>2026-06-07T09:43:40Z</time>
    <extensions>
     <gpxdata:distance>2761.00</gpxdata:distance>
     <gpxdata:speed>6.786</gpxdata:speed>
    </extensions>
   </trkpt>
   <trkpt lat="46.8818855" lon="4.9509040">
    <ele>175</ele>
    <time>2026-06-07T09:43:41Z</time>
    <extensions>
     <gpxdata:distance>2768.00</gpxdata:distance>
     <gpxdata:speed>6.842</gpxdata:speed>
    </extensions>
   </trkpt>
   <trkpt lat="46.8819445" lon="4.9508734">
    <ele>175</ele>
    <time>2026-06-07T09:43:42Z</time>
    <extensions>
     <gpxdata:distance>2775.00</gpxdata:distance>
     <gpxdata:speed>6.881</gpxdata:speed>
    </extensions>
   </trkpt>
   <trkpt lat="46.8820040" lon="4.9508439">
    <ele>175</ele>
    <time>2026-06-07T09:43:43Z</time>
    <extensions>
     <gpxdata:distance>2782.00</gpxdata:distance>
     <gpxdata:speed>6.922</gpxdata:speed>
    </extensions>
   </trkpt>
   <trkpt lat="46.8820637" lon="4.9508153">
    <ele>175</ele>
    <time>2026-06-07T09:43:44Z</time>
    <extensions>
     <gpxdata:distance>2789.00</gpxdata:distance>
     <gpxdata:speed>6.942</gpxdata:speed>
    </extensions>
   </trkpt>
   <trkpt lat="46.8821236" lon="4.9507867">
    <ele>175</ele>
    <time>2026-06-07T09:43:45Z</time>
    <extensions>
     <gpxdata:distance>2796.00</gpxdata:distance>
     <gpxdata:speed>6.969</gpxdata:speed>
    </extensions>
   </trkpt>
   <trkpt lat="46.8821838" lon="4.9507579">
    <ele>175</ele>
    <time>2026-06-07T09:43:46Z</time>
    <extensions>
     <gpxdata:distance>2803.00</gpxdata:distance>
     <gpxdata:speed>7.003</gpxdata:speed>
    </extensions>
   </trkpt>
   <trkpt lat="46.8822444" lon="4.9507288">
    <ele>175</ele>
    <time>2026-06-07T09:43:47Z</time>
    <extensions>
     <gpxdata:distance>2810.00</gpxdata:distance>
     <gpxdata:speed>7.036</gpxdata:speed>
    </extensions>
   </trkpt>
   <trkpt lat="46.8823056" lon="4.9507002">
    <ele>175</ele>
    <time>2026-06-07T09:43:48Z</time>
    <extensions>
     <gpxdata:distance>2817.00</gpxdata:distance>
     <gpxdata:speed>7.078</gpxdata:speed>
    </extensions>
   </trkpt>
   <trkpt lat="46.8823672" lon="4.9506731">
    <ele>175</ele>
    <time>2026-06-07T09:43:49Z</time>
    <extensions>
     <gpxdata:distance>2824.00</gpxdata:distance>
     <gpxdata:speed>7.106</gpxdata:speed>
    </extensions>
   </trkpt>
   <trkpt lat="46.8824288" lon="4.9506458">
    <ele>175</ele>
    <time>2026-06-07T09:43:50Z</time>
    <extensions>
     <gpxdata:distance>2831.00</gpxdata:distance>
     <gpxdata:speed>7.122</gpxdata:speed>
    </extensions>
   </trkpt>
   <trkpt lat="46.8824900" lon="4.9506178">
    <ele>175</ele>
    <time>2026-06-07T09:43:51Z</time>
    <extensions>
     <gpxdata:distance>2838.00</gpxdata:distance>
     <gpxdata:speed>7.128</gpxdata:speed>
    </extensions>
   </trkpt>
   <trkpt lat="46.8825516" lon="4.9505910">
    <ele>175</ele>
    <time>2026-06-07T09:43:52Z</time>
    <extensions>
     <gpxdata:distance>2845.50</gpxdata:distance>
     <gpxdata:speed>7.136</gpxdata:speed>
    </extensions>
   </trkpt>
   <trkpt lat="46.8826134" lon="4.9505656">
    <ele>175</ele>
    <time>2026-06-07T09:43:53Z</time>
    <extensions>
     <gpxdata:distance>2853.00</gpxdata:distance>
     <gpxdata:speed>7.142</gpxdata:speed>
    </extensions>
   </trkpt>
   <trkpt lat="46.8826753" lon="4.9505406">
    <ele>175</ele>
    <time>2026-06-07T09:43:54Z</time>
    <extensions>
     <gpxdata:distance>2860.00</gpxdata:distance>
     <gpxdata:speed>7.144</gpxdata:speed>
    </extensions>
   </trkpt>
   <trkpt lat="46.8827371" lon="4.9505157">
    <ele>175</ele>
    <time>2026-06-07T09:43:55Z</time>
    <extensions>
     <gpxdata:distance>2867.00</gpxdata:distance>
     <gpxdata:speed>7.142</gpxdata:speed>
    </extensions>
   </trkpt>
   <trkpt lat="46.8827997" lon="4.9504922">
    <ele>175</ele>
    <time>2026-06-07T09:43:56Z</time>
    <extensions>
     <gpxdata:distance>2874.50</gpxdata:distance>
     <gpxdata:speed>7.161</gpxdata:speed>
    </extensions>
   </trkpt>
   <trkpt lat="46.8828627" lon="4.9504687">
    <ele>175</ele>
    <time>2026-06-07T09:43:57Z</time>
    <extensions>
     <gpxdata:distance>2882.00</gpxdata:distance>
     <gpxdata:speed>7.192</gpxdata:speed>
    </extensions>
   </trkpt>
   <trkpt lat="46.8829266" lon="4.9504447">
    <ele>176</ele>
    <time>2026-06-07T09:43:58Z</time>
    <extensions>
     <gpxdata:distance>2889.00</gpxdata:distance>
     <gpxdata:speed>7.250</gpxdata:speed>
    </extensions>
   </trkpt>
   <trkpt lat="46.8829909" lon="4.9504221">
    <ele>176</ele>
    <time>2026-06-07T09:43:59Z</time>
    <extensions>
     <gpxdata:distance>2896.00</gpxdata:distance>
     <gpxdata:speed>7.283</gpxdata:speed>
    </extensions>
   </trkpt>
   <trkpt lat="46.8830552" lon="4.9504002">
    <ele>176</ele>
    <time>2026-06-07T09:44:00Z</time>
    <extensions>
     <gpxdata:distance>2903.50</gpxdata:distance>
     <gpxdata:speed>7.300</gpxdata:speed>
    </extensions>
   </trkpt>
   <trkpt lat="46.8831195" lon="4.9503785">
    <ele>176</ele>
    <time>2026-06-07T09:44:01Z</time>
    <extensions>
     <gpxdata:distance>2911.00</gpxdata:distance>
     <gpxdata:speed>7.314</gpxdata:speed>
    </extensions>
   </trkpt>
   <trkpt lat="46.8831838" lon="4.9503574">
    <ele>176</ele>
    <time>2026-06-07T09:44:02Z</time>
    <extensions>
     <gpxdata:distance>2918.50</gpxdata:distance>
     <gpxdata:speed>7.325</gpxdata:speed>
    </extensions>
   </trkpt>
   <trkpt lat="46.8832483" lon="4.9503369">
    <ele>176</ele>
    <time>2026-06-07T09:44:03Z</time>
    <extensions>
     <gpxdata:distance>2926.00</gpxdata:distance>
     <gpxdata:speed>7.331</gpxdata:speed>
    </extensions>
   </trkpt>
   <trkpt lat="46.8833124" lon="4.9503163">
    <ele>176</ele>
    <time>2026-06-07T09:44:04Z</time>
    <extensions>
     <gpxdata:distance>2933.00</gpxdata:distance>
     <gpxdata:speed>7.319</gpxdata:speed>
    </extensions>
   </trkpt>
   <trkpt lat="46.8833765" lon="4.9502958">
    <ele>176</ele>
    <time>2026-06-07T09:44:05Z</time>
    <extensions>
     <gpxdata:distance>2940.00</gpxdata:distance>
     <gpxdata:speed>7.319</gpxdata:speed>
    </extensions>
   </trkpt>
   <trkpt lat="46.8834409" lon="4.9502753">
    <ele>176</ele>
    <time>2026-06-07T09:44:06Z</time>
    <extensions>
     <gpxdata:distance>2947.50</gpxdata:distance>
     <gpxdata:speed>7.322</gpxdata:speed>
    </extensions>
   </trkpt>
   <trkpt lat="46.8835058" lon="4.9502568">
    <ele>176</ele>
    <time>2026-06-07T09:44:07Z</time>
    <extensions>
     <gpxdata:distance>2955.00</gpxdata:distance>
     <gpxdata:speed>7.339</gpxdata:speed>
    </extensions>
   </trkpt>
   <trkpt lat="46.8835707" lon="4.9502395">
    <ele>176</ele>
    <time>2026-06-07T09:44:08Z</time>
    <extensions>
     <gpxdata:distance>2962.50</gpxdata:distance>
     <gpxdata:speed>7.342</gpxdata:speed>
    </extensions>
   </trkpt>
   <trkpt lat="46.8836354" lon="4.9502221">
    <ele>176</ele>
    <time>2026-06-07T09:44:09Z</time>
    <extensions>
     <gpxdata:distance>2970.00</gpxdata:distance>
     <gpxdata:speed>7.331</gpxdata:speed>
    </extensions>
   </trkpt>
   <trkpt lat="46.8836996" lon="4.9502048">
    <ele>176</ele>
    <time>2026-06-07T09:44:10Z</time>
    <extensions>
     <gpxdata:distance>2977.00</gpxdata:distance>
     <gpxdata:speed>7.303</gpxdata:speed>
    </extensions>
   </trkpt>
   <trkpt lat="46.8837637" lon="4.9501887">
    <ele>176</ele>
    <time>2026-06-07T09:44:11Z</time>
    <extensions>
     <gpxdata:distance>2984.00</gpxdata:distance>
     <gpxdata:speed>7.283</gpxdata:speed>
    </extensions>
   </trkpt>
   <trkpt lat="46.8838281" lon="4.9501743">
    <ele>176</ele>
    <time>2026-06-07T09:44:12Z</time>
    <extensions>
     <gpxdata:distance>2991.00</gpxdata:distance>
     <gpxdata:speed>7.275</gpxdata:speed>
    </extensions>
   </trkpt>
   <trkpt lat="46.8838920" lon="4.9501609">
    <ele>176</ele>
    <time>2026-06-07T09:44:13Z</time>
    <extensions>
     <gpxdata:distance>2998.00</gpxdata:distance>
     <gpxdata:speed>7.242</gpxdata:speed>
    </extensions>
   </trkpt>
   <trkpt lat="46.8839558" lon="4.9501477">
    <ele>176</ele>
    <time>2026-06-07T09:44:14Z</time>
    <extensions>
     <gpxdata:distance>3005.50</gpxdata:distance>
     <gpxdata:speed>7.219</gpxdata:speed>
    </extensions>
   </trkpt>
   <trkpt lat="46.8840206" lon="4.9501341">
    <ele>176</ele>
    <time>2026-06-07T09:44:15Z</time>
    <extensions>
     <gpxdata:distance>3013.00</gpxdata:distance>
     <gpxdata:speed>7.253</gpxdata:speed>
    </extensions>
   </trkpt>
   <trkpt lat="46.8840848" lon="4.9501210">
    <ele>176</ele>
    <time>2026-06-07T09:44:16Z</time>
    <extensions>
     <gpxdata:distance>3020.00</gpxdata:distance>
     <gpxdata:speed>7.228</gpxdata:speed>
    </extensions>
   </trkpt>
   <trkpt lat="46.8841470" lon="4.9501072">
    <ele>176</ele>
    <time>2026-06-07T09:44:17Z</time>
    <extensions>
     <gpxdata:distance>3027.00</gpxdata:distance>
     <gpxdata:speed>7.133</gpxdata:speed>
    </extensions>
   </trkpt>
   <trkpt lat="46.8842058" lon="4.9500924">
    <ele>176</ele>
    <time>2026-06-07T09:44:18Z</time>
    <extensions>
     <gpxdata:distance>3033.00</gpxdata:distance>
     <gpxdata:speed>6.947</gpxdata:speed>
    </extensions>
   </trkpt>
   <trkpt lat="46.8842599" lon="4.9500771">
    <ele>176</ele>
    <time>2026-06-07T09:44:19Z</time>
    <extensions>
     <gpxdata:distance>3039.00</gpxdata:distance>
     <gpxdata:speed>6.650</gpxdata:speed>
    </extensions>
   </trkpt>
   <trkpt lat="46.8843098" lon="4.9500624">
    <ele>176</ele>
    <time>2026-06-07T09:44:20Z</time>
    <extensions>
     <gpxdata:distance>3044.00</gpxdata:distance>
     <gpxdata:speed>6.300</gpxdata:speed>
    </extensions>
   </trkpt>
   <trkpt lat="46.8843558" lon="4.9500529">
    <ele>176</ele>
    <time>2026-06-07T09:44:21Z</time>
    <extensions>
     <gpxdata:distance>3049.00</gpxdata:distance>
     <gpxdata:speed>5.914</gpxdata:speed>
    </extensions>
   </trkpt>
   <trkpt lat="46.8843883" lon="4.9500510">
    <ele>176</ele>
    <time>2026-06-07T09:44:22Z</time>
    <extensions>
     <gpxdata:distance>3054.50</gpxdata:distance>
     <gpxdata:speed>5.628</gpxdata:speed>
    </extensions>
   </trkpt>
   <trkpt lat="46.8844304" lon="4.9500522">
    <ele>176</ele>
    <time>2026-06-07T09:44:23Z</time>
    <extensions>
     <gpxdata:distance>3060.00</gpxdata:distance>
     <gpxdata:speed>5.281</gpxdata:speed>
    </extensions>
   </trkpt>
   <trkpt lat="46.8844772" lon="4.9500558">
    <ele>176</ele>
    <time>2026-06-07T09:44:24Z</time>
    <extensions>
     <gpxdata:distance>3065.50</gpxdata:distance>
     <gpxdata:speed>5.433</gpxdata:speed>
    </extensions>
   </trkpt>
   <trkpt lat="46.8845273" lon="4.9500614">
    <ele>176</ele>
    <time>2026-06-07T09:44:25Z</time>
    <extensions>
     <gpxdata:distance>3071.00</gpxdata:distance>
     <gpxdata:speed>5.686</gpxdata:speed>
    </extensions>
   </trkpt>
   <trkpt lat="46.8845803" lon="4.9500680">
    <ele>176</ele>
    <time>2026-06-07T09:44:26Z</time>
    <extensions>
     <gpxdata:distance>3077.50</gpxdata:distance>
     <gpxdata:speed>5.817</gpxdata:speed>
    </extensions>
   </trkpt>
   <trkpt lat="46.8846354" lon="4.9500752">
    <ele>176</ele>
    <time>2026-06-07T09:44:27Z</time>
    <extensions>
     <gpxdata:distance>3084.00</gpxdata:distance>
     <gpxdata:speed>5.953</gpxdata:speed>
    </extensions>
   </trkpt>
   <trkpt lat="46.8846920" lon="4.9500835">
    <ele>177</ele>
    <time>2026-06-07T09:44:28Z</time>
    <extensions>
     <gpxdata:distance>3090.50</gpxdata:distance>
     <gpxdata:speed>6.094</gpxdata:speed>
    </extensions>
   </trkpt>
   <trkpt lat="46.8847677" lon="4.9500969">
    <ele>176</ele>
    <time>2026-06-07T09:44:29Z</time>
    <extensions>
     <gpxdata:distance>3097.00</gpxdata:distance>
     <gpxdata:speed>6.186</gpxdata:speed>
    </extensions>
   </trkpt>
   <trkpt lat="46.8848274" lon="4.9501095">
    <ele>176</ele>
    <time>2026-06-07T09:44:30Z</time>
    <extensions>
     <gpxdata:distance>3103.50</gpxdata:distance>
     <gpxdata:speed>6.389</gpxdata:speed>
    </extensions>
   </trkpt>
   <trkpt lat="46.8848860" lon="4.9501222">
    <ele>176</ele>
    <time>2026-06-07T09:44:31Z</time>
    <extensions>
     <gpxdata:distance>3110.00</gpxdata:distance>
     <gpxdata:speed>6.522</gpxdata:speed>
    </extensions>
   </trkpt>
   <trkpt lat="46.8849451" lon="4.9501359">
    <ele>176</ele>
    <time>2026-06-07T09:44:32Z</time>
    <extensions>
     <gpxdata:distance>3116.50</gpxdata:distance>
     <gpxdata:speed>6.608</gpxdata:speed>
    </extensions>
   </trkpt>
   <trkpt lat="46.8850040" lon="4.9501512">
    <ele>176</ele>
    <time>2026-06-07T09:44:33Z</time>
    <extensions>
     <gpxdata:distance>3123.00</gpxdata:distance>
     <gpxdata:speed>6.628</gpxdata:speed>
    </extensions>
   </trkpt>
   <trkpt lat="46.8850626" lon="4.9501673">
    <ele>176</ele>
    <time>2026-06-07T09:44:34Z</time>
    <extensions>
     <gpxdata:distance>3129.50</gpxdata:distance>
     <gpxdata:speed>6.619</gpxdata:speed>
    </extensions>
   </trkpt>
   <trkpt lat="46.8851213" lon="4.9501821">
    <ele>176</ele>
    <time>2026-06-07T09:44:35Z</time>
    <extensions>
     <gpxdata:distance>3136.00</gpxdata:distance>
     <gpxdata:speed>6.614</gpxdata:speed>
    </extensions>
   </trkpt>
   <trkpt lat="46.8851797" lon="4.9501954">
    <ele>176</ele>
    <time>2026-06-07T09:44:36Z</time>
    <extensions>
     <gpxdata:distance>3142.50</gpxdata:distance>
     <gpxdata:speed>6.583</gpxdata:speed>
    </extensions>
   </trkpt>
   <trkpt lat="46.8852372" lon="4.9502088">
    <ele>176</ele>
    <time>2026-06-07T09:44:37Z</time>
    <extensions>
     <gpxdata:distance>3149.00</gpxdata:distance>
     <gpxdata:speed>6.531</gpxdata:speed>
    </extensions>
   </trkpt>
   <trkpt lat="46.8852942" lon="4.9502242">
    <ele>176</ele>
    <time>2026-06-07T09:44:38Z</time>
    <extensions>
     <gpxdata:distance>3156.00</gpxdata:distance>
     <gpxdata:speed>6.511</gpxdata:speed>
    </extensions>
   </trkpt>
   <trkpt lat="46.8853528" lon="4.9502391">
    <ele>176</ele>
    <time>2026-06-07T09:44:39Z</time>
    <extensions>
     <gpxdata:distance>3163.00</gpxdata:distance>
     <gpxdata:speed>6.569</gpxdata:speed>
    </extensions>
   </trkpt>
   <trkpt lat="46.8854135" lon="4.9502524">
    <ele>176</ele>
    <time>2026-06-07T09:44:40Z</time>
    <extensions>
     <gpxdata:distance>3170.00</gpxdata:distance>
     <gpxdata:speed>6.678</gpxdata:speed>
    </extensions>
   </trkpt>
   <trkpt lat="46.8854757" lon="4.9502650">
    <ele>176</ele>
    <time>2026-06-07T09:44:41Z</time>
    <extensions>
     <gpxdata:distance>3177.00</gpxdata:distance>
     <gpxdata:speed>6.789</gpxdata:speed>
    </extensions>
   </trkpt>
   <trkpt lat="46.8855386" lon="4.9502780">
    <ele>176</ele>
    <time>2026-06-07T09:44:42Z</time>
    <extensions>
     <gpxdata:distance>3184.00</gpxdata:distance>
     <gpxdata:speed>6.878</gpxdata:speed>
    </extensions>
   </trkpt>
   <trkpt lat="46.8856011" lon="4.9502910">
    <ele>176</ele>
    <time>2026-06-07T09:44:43Z</time>
    <extensions>
     <gpxdata:distance>3191.00</gpxdata:distance>
     <gpxdata:speed>6.919</gpxdata:speed>
    </extensions>
   </trkpt>
   <trkpt lat="46.8856634" lon="4.9503030">
    <ele>176</ele>
    <time>2026-06-07T09:44:44Z</time>
    <extensions>
     <gpxdata:distance>3198.00</gpxdata:distance>
     <gpxdata:speed>6.936</gpxdata:speed>
    </extensions>
   </trkpt>
   <trkpt lat="46.8857252" lon="4.9503146">
    <ele>176</ele>
    <time>2026-06-07T09:44:45Z</time>
    <extensions>
     <gpxdata:distance>3205.00</gpxdata:distance>
     <gpxdata:speed>6.939</gpxdata:speed>
    </extensions>
   </trkpt>
   <trkpt lat="46.8857867" lon="4.9503266">
    <ele>176</ele>
    <time>2026-06-07T09:44:46Z</time>
    <extensions>
     <gpxdata:distance>3211.50</gpxdata:distance>
     <gpxdata:speed>6.928</gpxdata:speed>
    </extensions>
   </trkpt>
   <trkpt lat="46.8858478" lon="4.9503401">
    <ele>176</ele>
    <time>2026-06-07T09:44:47Z</time>
    <extensions>
     <gpxdata:distance>3218.00</gpxdata:distance>
     <gpxdata:speed>6.917</gpxdata:speed>
    </extensions>
   </trkpt>
   <trkpt lat="46.8859085" lon="4.9503565">
    <ele>176</ele>
    <time>2026-06-07T09:44:48Z</time>
    <extensions>
     <gpxdata:distance>3225.00</gpxdata:distance>
     <gpxdata:speed>6.906</gpxdata:speed>
    </extensions>
   </trkpt>
   <trkpt lat="46.8859694" lon="4.9503731">
    <ele>176</ele>
    <time>2026-06-07T09:44:49Z</time>
    <extensions>
     <gpxdata:distance>3232.00</gpxdata:distance>
     <gpxdata:speed>6.911</gpxdata:speed>
    </extensions>
   </trkpt>
   <trkpt lat="46.8860310" lon="4.9503867">
    <ele>176</ele>
    <time>2026-06-07T09:44:50Z</time>
    <extensions>
     <gpxdata:distance>3239.00</gpxdata:distance>
     <gpxdata:speed>6.922</gpxdata:speed>
    </extensions>
   </trkpt>
   <trkpt lat="46.8860928" lon="4.9503988">
    <ele>176</ele>
    <time>2026-06-07T09:44:51Z</time>
    <extensions>
     <gpxdata:distance>3246.00</gpxdata:distance>
     <gpxdata:speed>6.931</gpxdata:speed>
    </extensions>
   </trkpt>
   <trkpt lat="46.8861548" lon="4.9504112">
    <ele>176</ele>
    <time>2026-06-07T09:44:52Z</time>
    <extensions>
     <gpxdata:distance>3253.00</gpxdata:distance>
     <gpxdata:speed>6.939</gpxdata:speed>
    </extensions>
   </trkpt>
   <trkpt lat="46.8862160" lon="4.9504240">
    <ele>176</ele>
    <time>2026-06-07T09:44:53Z</time>
    <extensions>
     <gpxdata:distance>3260.00</gpxdata:distance>
     <gpxdata:speed>6.914</gpxdata:speed>
    </extensions>
   </trkpt>
   <trkpt lat="46.8862755" lon="4.9504368">
    <ele>176</ele>
    <time>2026-06-07T09:44:54Z</time>
    <extensions>
     <gpxdata:distance>3266.00</gpxdata:distance>
     <gpxdata:speed>6.819</gpxdata:speed>
    </extensions>
   </trkpt>
   <trkpt lat="46.8863327" lon="4.9504494">
    <ele>176</ele>
    <time>2026-06-07T09:44:55Z</time>
    <extensions>
     <gpxdata:distance>3272.00</gpxdata:distance>
     <gpxdata:speed>6.678</gpxdata:speed>
    </extensions>
   </trkpt>
   <trkpt lat="46.8863874" lon="4.9504601">
    <ele>176</ele>
    <time>2026-06-07T09:44:56Z</time>
    <extensions>
     <gpxdata:distance>3278.00</gpxdata:distance>
     <gpxdata:speed>6.483</gpxdata:speed>
    </extensions>
   </trkpt>
   <trkpt lat="46.8864403" lon="4.9504698">
    <ele>176</ele>
    <time>2026-06-07T09:44:57Z</time>
    <extensions>
     <gpxdata:distance>3284.00</gpxdata:distance>
     <gpxdata:speed>6.289</gpxdata:speed>
    </extensions>
   </trkpt>
   <trkpt lat="46.8864923" lon="4.9504825">
    <ele>176</ele>
    <time>2026-06-07T09:44:58Z</time>
    <extensions>
     <gpxdata:distance>3290.00</gpxdata:distance>
     <gpxdata:speed>6.064</gpxdata:speed>
    </extensions>
   </trkpt>
   <trkpt lat="46.8865442" lon="4.9504987">
    <ele>177</ele>
    <time>2026-06-07T09:44:59Z</time>
    <extensions>
     <gpxdata:distance>3296.00</gpxdata:distance>
     <gpxdata:speed>6.000</gpxdata:speed>
    </extensions>
   </trkpt>
   <trkpt lat="46.8865971" lon="4.9505172">
    <ele>177</ele>
    <time>2026-06-07T09:45:00Z</time>
    <extensions>
     <gpxdata:distance>3302.50</gpxdata:distance>
     <gpxdata:speed>6.081</gpxdata:speed>
    </extensions>
   </trkpt>
   <trkpt lat="46.8866510" lon="4.9505357">
    <ele>177</ele>
    <time>2026-06-07T09:45:01Z</time>
    <extensions>
     <gpxdata:distance>3309.00</gpxdata:distance>
     <gpxdata:speed>6.133</gpxdata:speed>
    </extensions>
   </trkpt>
   <trkpt lat="46.8867052" lon="4.9505546">
    <ele>177</ele>
    <time>2026-06-07T09:45:02Z</time>
    <extensions>
     <gpxdata:distance>3315.00</gpxdata:distance>
     <gpxdata:speed>6.169</gpxdata:speed>
    </extensions>
   </trkpt>
   <trkpt lat="46.8867593" lon="4.9505727">
    <ele>177</ele>
    <time>2026-06-07T09:45:03Z</time>
    <extensions>
     <gpxdata:distance>3321.00</gpxdata:distance>
     <gpxdata:speed>6.147</gpxdata:speed>
    </extensions>
   </trkpt>
   <trkpt lat="46.8868133" lon="4.9505900">
    <ele>177</ele>
    <time>2026-06-07T09:45:04Z</time>
    <extensions>
     <gpxdata:distance>3327.00</gpxdata:distance>
     <gpxdata:speed>6.139</gpxdata:speed>
    </extensions>
   </trkpt>
   <trkpt lat="46.8868676" lon="4.9506075">
    <ele>177</ele>
    <time>2026-06-07T09:45:05Z</time>
    <extensions>
     <gpxdata:distance>3333.00</gpxdata:distance>
     <gpxdata:speed>6.158</gpxdata:speed>
    </extensions>
   </trkpt>
   <trkpt lat="46.8869213" lon="4.9506261">
    <ele>177</ele>
    <time>2026-06-07T09:45:06Z</time>
    <extensions>
     <gpxdata:distance>3339.00</gpxdata:distance>
     <gpxdata:speed>6.150</gpxdata:speed>
    </extensions>
   </trkpt>
   <trkpt lat="46.8869746" lon="4.9506455">
    <ele>177</ele>
    <time>2026-06-07T09:45:07Z</time>
    <extensions>
     <gpxdata:distance>3345.00</gpxdata:distance>
     <gpxdata:speed>6.136</gpxdata:speed>
    </extensions>
   </trkpt>
   <trkpt lat="46.8870271" lon="4.9506655">
    <ele>177</ele>
    <time>2026-06-07T09:45:08Z</time>
    <extensions>
     <gpxdata:distance>3351.00</gpxdata:distance>
     <gpxdata:speed>6.103</gpxdata:speed>
    </extensions>
   </trkpt>
   <trkpt lat="46.8870793" lon="4.9506866">
    <ele>178</ele>
    <time>2026-06-07T09:45:09Z</time>
    <extensions>
     <gpxdata:distance>3357.00</gpxdata:distance>
     <gpxdata:speed>6.078</gpxdata:speed>
    </extensions>
   </trkpt>
   <trkpt lat="46.8871309" lon="4.9507076">
    <ele>178</ele>
    <time>2026-06-07T09:45:10Z</time>
    <extensions>
     <gpxdata:distance>3363.00</gpxdata:distance>
     <gpxdata:speed>6.036</gpxdata:speed>
    </extensions>
   </trkpt>
   <trkpt lat="46.8871830" lon="4.9507279">
    <ele>178</ele>
    <time>2026-06-07T09:45:11Z</time>
    <extensions>
     <gpxdata:distance>3369.00</gpxdata:distance>
     <gpxdata:speed>6.031</gpxdata:speed>
    </extensions>
   </trkpt>
   <trkpt lat="46.8872362" lon="4.9507476">
    <ele>178</ele>
    <time>2026-06-07T09:45:12Z</time>
    <extensions>
     <gpxdata:distance>3375.50</gpxdata:distance>
     <gpxdata:speed>6.067</gpxdata:speed>
    </extensions>
   </trkpt>
   <trkpt lat="46.8872905" lon="4.9507679">
    <ele>178</ele>
    <time>2026-06-07T09:45:13Z</time>
    <extensions>
     <gpxdata:distance>3382.00</gpxdata:distance>
     <gpxdata:speed>6.133</gpxdata:speed>
    </extensions>
   </trkpt>
   <trkpt lat="46.8873458" lon="4.9507892">
    <ele>178</ele>
    <time>2026-06-07T09:45:14Z</time>
    <extensions>
     <gpxdata:distance>3388.50</gpxdata:distance>
     <gpxdata:speed>6.214</gpxdata:speed>
    </extensions>
   </trkpt>
   <trkpt lat="46.8874010" lon="4.9508121">
    <ele>178</ele>
    <time>2026-06-07T09:45:15Z</time>
    <extensions>
     <gpxdata:distance>3395.00</gpxdata:distance>
     <gpxdata:speed>6.269</gpxdata:speed>
    </extensions>
   </trkpt>
   <trkpt lat="46.8874563" lon="4.9508359">
    <ele>178</ele>
    <time>2026-06-07T09:45:16Z</time>
    <extensions>
     <gpxdata:distance>3401.00</gpxdata:distance>
     <gpxdata:speed>6.317</gpxdata:speed>
    </extensions>
   </trkpt>
   <trkpt lat="46.8875113" lon="4.9508577">
    <ele>178</ele>
    <time>2026-06-07T09:45:17Z</time>
    <extensions>
     <gpxdata:distance>3407.00</gpxdata:distance>
     <gpxdata:speed>6.322</gpxdata:speed>
    </extensions>
   </trkpt>
   <trkpt lat="46.8875653" lon="4.9508763">
    <ele>178</ele>
    <time>2026-06-07T09:45:18Z</time>
    <extensions>
     <gpxdata:distance>3413.00</gpxdata:distance>
     <gpxdata:speed>6.267</gpxdata:speed>
    </extensions>
   </trkpt>
   <trkpt lat="46.8876173" lon="4.9508948">
    <ele>178</ele>
    <time>2026-06-07T09:45:19Z</time>
    <extensions>
     <gpxdata:distance>3419.00</gpxdata:distance>
     <gpxdata:speed>6.150</gpxdata:speed>
    </extensions>
   </trkpt>
   <trkpt lat="46.8876672" lon="4.9509150">
    <ele>178</ele>
    <time>2026-06-07T09:45:20Z</time>
    <extensions>
     <gpxdata:distance>3425.00</gpxdata:distance>
     <gpxdata:speed>6.019</gpxdata:speed>
    </extensions>
   </trkpt>
   <trkpt lat="46.8877157" lon="4.9509359">
    <ele>178</ele>
    <time>2026-06-07T09:45:21Z</time>
    <extensions>
     <gpxdata:distance>3431.00</gpxdata:distance>
     <gpxdata:speed>5.886</gpxdata:speed>
    </extensions>
   </trkpt>
   <trkpt lat="46.8877500" lon="4.9509502">
    <ele>178</ele>
    <time>2026-06-07T09:45:22Z</time>
    <extensions>
     <gpxdata:distance>3436.00</gpxdata:distance>
     <gpxdata:speed>5.578</gpxdata:speed>
    </extensions>
   </trkpt>
   <trkpt lat="46.8877922" lon="4.9509677">
    <ele>178</ele>
    <time>2026-06-07T09:45:23Z</time>
    <extensions>
     <gpxdata:distance>3441.00</gpxdata:distance>
     <gpxdata:speed>5.336</gpxdata:speed>
    </extensions>
   </trkpt>
   <trkpt lat="46.8878356" lon="4.9509845">
    <ele>178</ele>
    <time>2026-06-07T09:45:24Z</time>
    <extensions>
     <gpxdata:distance>3446.00</gpxdata:distance>
     <gpxdata:speed>5.125</gpxdata:speed>
    </extensions>
   </trkpt>
   <trkpt lat="46.8878795" lon="4.9509998">
    <ele>178</ele>
    <time>2026-06-07T09:45:25Z</time>
    <extensions>
     <gpxdata:distance>3451.00</gpxdata:distance>
     <gpxdata:speed>5.100</gpxdata:speed>
    </extensions>
   </trkpt>
   <trkpt lat="46.8879234" lon="4.9510145">
    <ele>178</ele>
    <time>2026-06-07T09:45:26Z</time>
    <extensions>
     <gpxdata:distance>3456.00</gpxdata:distance>
     <gpxdata:speed>5.058</gpxdata:speed>
    </extensions>
   </trkpt>
   <trkpt lat="46.8879671" lon="4.9510294">
    <ele>178</ele>
    <time>2026-06-07T09:45:27Z</time>
    <extensions>
     <gpxdata:distance>3461.00</gpxdata:distance>
     <gpxdata:speed>5.008</gpxdata:speed>
    </extensions>
   </trkpt>
   <trkpt lat="46.8880101" lon="4.9510452">
    <ele>179</ele>
    <time>2026-06-07T09:45:28Z</time>
    <extensions>
     <gpxdata:distance>3466.00</gpxdata:distance>
     <gpxdata:speed>4.942</gpxdata:speed>
    </extensions>
   </trkpt>
   <trkpt lat="46.8880528" lon="4.9510613">
    <ele>179</ele>
    <time>2026-06-07T09:45:29Z</time>
    <extensions>
     <gpxdata:distance>3471.00</gpxdata:distance>
     <gpxdata:speed>4.900</gpxdata:speed>
    </extensions>
   </trkpt>
   <trkpt lat="46.8880955" lon="4.9510764">
    <ele>179</ele>
    <time>2026-06-07T09:45:30Z</time>
    <extensions>
     <gpxdata:distance>3475.50</gpxdata:distance>
     <gpxdata:speed>4.881</gpxdata:speed>
    </extensions>
   </trkpt>
   <trkpt lat="46.8881380" lon="4.9510920">
    <ele>179</ele>
    <time>2026-06-07T09:45:31Z</time>
    <extensions>
     <gpxdata:distance>3480.00</gpxdata:distance>
     <gpxdata:speed>4.867</gpxdata:speed>
    </extensions>
   </trkpt>
   <trkpt lat="46.8881800" lon="4.9511078">
    <ele>179</ele>
    <time>2026-06-07T09:45:32Z</time>
    <extensions>
     <gpxdata:distance>3485.00</gpxdata:distance>
     <gpxdata:speed>4.839</gpxdata:speed>
    </extensions>
   </trkpt>
   <trkpt lat="46.8882215" lon="4.9511217">
    <ele>180</ele>
    <time>2026-06-07T09:45:33Z</time>
    <extensions>
     <gpxdata:distance>3490.00</gpxdata:distance>
     <gpxdata:speed>4.789</gpxdata:speed>
    </extensions>
   </trkpt>
   <trkpt lat="46.8882631" lon="4.9511330">
    <ele>180</ele>
    <time>2026-06-07T09:45:34Z</time>
    <extensions>
     <gpxdata:distance>3494.50</gpxdata:distance>
     <gpxdata:speed>4.758</gpxdata:speed>
    </extensions>
   </trkpt>
   <trkpt lat="46.8883051" lon="4.9511438">
    <ele>180</ele>
    <time>2026-06-07T09:45:35Z</time>
    <extensions>
     <gpxdata:distance>3499.00</gpxdata:distance>
     <gpxdata:speed>4.761</gpxdata:speed>
    </extensions>
   </trkpt>
   <trkpt lat="46.8883476" lon="4.9511566">
    <ele>180</ele>
    <time>2026-06-07T09:45:36Z</time>
    <extensions>
     <gpxdata:distance>3504.00</gpxdata:distance>
     <gpxdata:speed>4.803</gpxdata:speed>
    </extensions>
   </trkpt>
   <trkpt lat="46.8883907" lon="4.9511728">
    <ele>180</ele>
    <time>2026-06-07T09:45:37Z</time>
    <extensions>
     <gpxdata:distance>3509.00</gpxdata:distance>
     <gpxdata:speed>4.878</gpxdata:speed>
    </extensions>
   </trkpt>
   <trkpt lat="46.8884336" lon="4.9511925">
    <ele>180</ele>
    <time>2026-06-07T09:45:38Z</time>
    <extensions>
     <gpxdata:distance>3514.00</gpxdata:distance>
     <gpxdata:speed>4.925</gpxdata:speed>
    </extensions>
   </trkpt>
   <trkpt lat="46.8884749" lon="4.9512148">
    <ele>180</ele>
    <time>2026-06-07T09:45:39Z</time>
    <extensions>
     <gpxdata:distance>3519.00</gpxdata:distance>
     <gpxdata:speed>4.894</gpxdata:speed>
    </extensions>
   </trkpt>
   <trkpt lat="46.8885135" lon="4.9512390">
    <ele>180</ele>
    <time>2026-06-07T09:45:40Z</time>
    <extensions>
     <gpxdata:distance>3523.50</gpxdata:distance>
     <gpxdata:speed>4.778</gpxdata:speed>
    </extensions>
   </trkpt>
   <trkpt lat="46.8885498" lon="4.9512658">
    <ele>180</ele>
    <time>2026-06-07T09:45:41Z</time>
    <extensions>
     <gpxdata:distance>3528.00</gpxdata:distance>
     <gpxdata:speed>4.675</gpxdata:speed>
    </extensions>
   </trkpt>
   <trkpt lat="46.8885859" lon="4.9512942">
    <ele>180</ele>
    <time>2026-06-07T09:45:42Z</time>
    <extensions>
     <gpxdata:distance>3532.50</gpxdata:distance>
     <gpxdata:speed>4.647</gpxdata:speed>
    </extensions>
   </trkpt>
   <trkpt lat="46.8886228" lon="4.9513228">
    <ele>181</ele>
    <time>2026-06-07T09:45:43Z</time>
    <extensions>
     <gpxdata:distance>3537.00</gpxdata:distance>
     <gpxdata:speed>4.669</gpxdata:speed>
    </extensions>
   </trkpt>
   <trkpt lat="46.8886608" lon="4.9513523">
    <ele>181</ele>
    <time>2026-06-07T09:45:44Z</time>
    <extensions>
     <gpxdata:distance>3542.00</gpxdata:distance>
     <gpxdata:speed>4.725</gpxdata:speed>
    </extensions>
   </trkpt>
   <trkpt lat="46.8886992" lon="4.9513830">
    <ele>181</ele>
    <time>2026-06-07T09:45:45Z</time>
    <extensions>
     <gpxdata:distance>3547.00</gpxdata:distance>
     <gpxdata:speed>4.789</gpxdata:speed>
    </extensions>
   </trkpt>
   <trkpt lat="46.8887383" lon="4.9514140">
    <ele>181</ele>
    <time>2026-06-07T09:45:46Z</time>
    <extensions>
     <gpxdata:distance>3552.00</gpxdata:distance>
     <gpxdata:speed>4.850</gpxdata:speed>
    </extensions>
   </trkpt>
   <trkpt lat="46.8887780" lon="4.9514436">
    <ele>181</ele>
    <time>2026-06-07T09:45:47Z</time>
    <extensions>
     <gpxdata:distance>3557.00</gpxdata:distance>
     <gpxdata:speed>4.886</gpxdata:speed>
    </extensions>
   </trkpt>
   <trkpt lat="46.8888184" lon="4.9514720">
    <ele>181</ele>
    <time>2026-06-07T09:45:48Z</time>
    <extensions>
     <gpxdata:distance>3562.00</gpxdata:distance>
     <gpxdata:speed>4.922</gpxdata:speed>
    </extensions>
   </trkpt>
   <trkpt lat="46.8888593" lon="4.9514999">
    <ele>181</ele>
    <time>2026-06-07T09:45:49Z</time>
    <extensions>
     <gpxdata:distance>3567.00</gpxdata:distance>
     <gpxdata:speed>4.964</gpxdata:speed>
    </extensions>
   </trkpt>
   <trkpt lat="46.8889005" lon="4.9515271">
    <ele>181</ele>
    <time>2026-06-07T09:45:50Z</time>
    <extensions>
     <gpxdata:distance>3572.00</gpxdata:distance>
     <gpxdata:speed>4.989</gpxdata:speed>
    </extensions>
   </trkpt>
   <trkpt lat="46.8889413" lon="4.9515538">
    <ele>181</ele>
    <time>2026-06-07T09:45:51Z</time>
    <extensions>
     <gpxdata:distance>3577.00</gpxdata:distance>
     <gpxdata:speed>4.983</gpxdata:speed>
    </extensions>
   </trkpt>
   <trkpt lat="46.8889811" lon="4.9515794">
    <ele>181</ele>
    <time>2026-06-07T09:45:52Z</time>
    <extensions>
     <gpxdata:distance>3581.50</gpxdata:distance>
     <gpxdata:speed>4.917</gpxdata:speed>
    </extensions>
   </trkpt>
   <trkpt lat="46.8890199" lon="4.9516040">
    <ele>181</ele>
    <time>2026-06-07T09:45:53Z</time>
    <extensions>
     <gpxdata:distance>3586.00</gpxdata:distance>
     <gpxdata:speed>4.825</gpxdata:speed>
    </extensions>
   </trkpt>
   <trkpt lat="46.8890581" lon="4.9516289">
    <ele>181</ele>
    <time>2026-06-07T09:45:54Z</time>
    <extensions>
     <gpxdata:distance>3591.00</gpxdata:distance>
     <gpxdata:speed>4.764</gpxdata:speed>
    </extensions>
   </trkpt>
   <trkpt lat="46.8890964" lon="4.9516544">
    <ele>182</ele>
    <time>2026-06-07T09:45:55Z</time>
    <extensions>
     <gpxdata:distance>3596.00</gpxdata:distance>
     <gpxdata:speed>4.747</gpxdata:speed>
    </extensions>
   </trkpt>
   <trkpt lat="46.8891350" lon="4.9516796">
    <ele>182</ele>
    <time>2026-06-07T09:45:56Z</time>
    <extensions>
     <gpxdata:distance>3600.50</gpxdata:distance>
     <gpxdata:speed>4.733</gpxdata:speed>
    </extensions>
   </trkpt>
   <trkpt lat="46.8891737" lon="4.9517045">
    <ele>182</ele>
    <time>2026-06-07T09:45:57Z</time>
    <extensions>
     <gpxdata:distance>3605.00</gpxdata:distance>
     <gpxdata:speed>4.722</gpxdata:speed>
    </extensions>
   </trkpt>
   <trkpt lat="46.8892124" lon="4.9517292">
    <ele>182</ele>
    <time>2026-06-07T09:45:58Z</time>
    <extensions>
     <gpxdata:distance>3610.00</gpxdata:distance>
     <gpxdata:speed>4.708</gpxdata:speed>
    </extensions>
   </trkpt>
   <trkpt lat="46.8892509" lon="4.9517539">
    <ele>182</ele>
    <time>2026-06-07T09:45:59Z</time>
    <extensions>
     <gpxdata:distance>3615.00</gpxdata:distance>
     <gpxdata:speed>4.694</gpxdata:speed>
    </extensions>
   </trkpt>
   <trkpt lat="46.8892897" lon="4.9517788">
    <ele>182</ele>
    <time>2026-06-07T09:46:00Z</time>
    <extensions>
     <gpxdata:distance>3619.50</gpxdata:distance>
     <gpxdata:speed>4.706</gpxdata:speed>
    </extensions>
   </trkpt>
   <trkpt lat="46.8893289" lon="4.9518038">
    <ele>182</ele>
    <time>2026-06-07T09:46:01Z</time>
    <extensions>
     <gpxdata:distance>3624.00</gpxdata:distance>
     <gpxdata:speed>4.728</gpxdata:speed>
    </extensions>
   </trkpt>
   <trkpt lat="46.8893679" lon="4.9518294">
    <ele>182</ele>
    <time>2026-06-07T09:46:02Z</time>
    <extensions>
     <gpxdata:distance>3626.50</gpxdata:distance>
     <gpxdata:speed>4.739</gpxdata:speed>
    </extensions>
   </trkpt>
   <trkpt lat="46.8894065" lon="4.9518552">
    <ele>182</ele>
    <time>2026-06-07T09:46:03Z</time>
    <extensions>
     <gpxdata:distance>3629.00</gpxdata:distance>
     <gpxdata:speed>4.739</gpxdata:speed>
    </extensions>
   </trkpt>
   <trkpt lat="46.8894451" lon="4.9518805">
    <ele>182</ele>
    <time>2026-06-07T09:46:04Z</time>
    <extensions>
     <gpxdata:distance>3636.00</gpxdata:distance>
     <gpxdata:speed>4.719</gpxdata:speed>
    </extensions>
   </trkpt>
   <trkpt lat="46.8894841" lon="4.9519052">
    <ele>182</ele>
    <time>2026-06-07T09:46:05Z</time>
    <extensions>
     <gpxdata:distance>3643.00</gpxdata:distance>
     <gpxdata:speed>4.728</gpxdata:speed>
    </extensions>
   </trkpt>
   <trkpt lat="46.8895237" lon="4.9519300">
    <ele>182</ele>
    <time>2026-06-07T09:46:06Z</time>
    <extensions>
     <gpxdata:distance>3648.00</gpxdata:distance>
     <gpxdata:speed>4.761</gpxdata:speed>
    </extensions>
   </trkpt>
   <trkpt lat="46.8895634" lon="4.9519555">
    <ele>182</ele>
    <time>2026-06-07T09:46:07Z</time>
    <extensions>
     <gpxdata:distance>3653.00</gpxdata:distance>
     <gpxdata:speed>4.789</gpxdata:speed>
    </extensions>
   </trkpt>
   <trkpt lat="46.8896034" lon="4.9519824">
    <ele>182</ele>
    <time>2026-06-07T09:46:08Z</time>
    <extensions>
     <gpxdata:distance>3658.00</gpxdata:distance>
     <gpxdata:speed>4.842</gpxdata:speed>
    </extensions>
   </trkpt>
   <trkpt lat="46.8896442" lon="4.9520109">
    <ele>182</ele>
    <time>2026-06-07T09:46:09Z</time>
    <extensions>
     <gpxdata:distance>3663.00</gpxdata:distance>
     <gpxdata:speed>4.928</gpxdata:speed>
    </extensions>
   </trkpt>
   <trkpt lat="46.8896865" lon="4.9520396">
    <ele>182</ele>
    <time>2026-06-07T09:46:10Z</time>
    <extensions>
     <gpxdata:distance>3668.50</gpxdata:distance>
     <gpxdata:speed>5.044</gpxdata:speed>
    </extensions>
   </trkpt>
   <trkpt lat="46.8897304" lon="4.9520674">
    <ele>182</ele>
    <time>2026-06-07T09:46:11Z</time>
    <extensions>
     <gpxdata:distance>3674.00</gpxdata:distance>
     <gpxdata:speed>5.167</gpxdata:speed>
    </extensions>
   </trkpt>
   <trkpt lat="46.8897754" lon="4.9520939">
    <ele>182</ele>
    <time>2026-06-07T09:46:12Z</time>
    <extensions>
     <gpxdata:distance>3679.50</gpxdata:distance>
     <gpxdata:speed>5.258</gpxdata:speed>
    </extensions>
   </trkpt>
   <trkpt lat="46.8898205" lon="4.9521202">
    <ele>182</ele>
    <time>2026-06-07T09:46:13Z</time>
    <extensions>
     <gpxdata:distance>3685.00</gpxdata:distance>
     <gpxdata:speed>5.333</gpxdata:speed>
    </extensions>
   </trkpt>
   <trkpt lat="46.8898650" lon="4.9521478">
    <ele>182</ele>
    <time>2026-06-07T09:46:14Z</time>
    <extensions>
     <gpxdata:distance>3690.50</gpxdata:distance>
     <gpxdata:speed>5.364</gpxdata:speed>
    </extensions>
   </trkpt>
   <trkpt lat="46.8899098" lon="4.9521770">
    <ele>182</ele>
    <time>2026-06-07T09:46:15Z</time>
    <extensions>
     <gpxdata:distance>3696.00</gpxdata:distance>
     <gpxdata:speed>5.456</gpxdata:speed>
    </extensions>
   </trkpt>
   <trkpt lat="46.8899553" lon="4.9522070">
    <ele>182</ele>
    <time>2026-06-07T09:46:16Z</time>
    <extensions>
     <gpxdata:distance>3701.50</gpxdata:distance>
     <gpxdata:speed>5.556</gpxdata:speed>
    </extensions>
   </trkpt>
   <trkpt lat="46.8900025" lon="4.9522401">
    <ele>182</ele>
    <time>2026-06-07T09:46:17Z</time>
    <extensions>
     <gpxdata:distance>3707.00</gpxdata:distance>
     <gpxdata:speed>5.861</gpxdata:speed>
    </extensions>
   </trkpt>
   <trkpt lat="46.8900526" lon="4.9522779">
    <ele>182</ele>
    <time>2026-06-07T09:46:18Z</time>
    <extensions>
     <gpxdata:distance>3714.50</gpxdata:distance>
     <gpxdata:speed>6.353</gpxdata:speed>
    </extensions>
   </trkpt>
   <trkpt lat="46.8901248" lon="4.9523333">
    <ele>182</ele>
    <time>2026-06-07T09:46:19Z</time>
    <extensions>
     <gpxdata:distance>3722.00</gpxdata:distance>
     <gpxdata:speed>6.864</gpxdata:speed>
    </extensions>
   </trkpt>
   <trkpt lat="46.8901851" lon="4.9523789">
    <ele>182</ele>
    <time>2026-06-07T09:46:20Z</time>
    <extensions>
     <gpxdata:distance>3729.00</gpxdata:distance>
     <gpxdata:speed>7.161</gpxdata:speed>
    </extensions>
   </trkpt>
   <trkpt lat="46.8902455" lon="4.9524192">
    <ele>182</ele>
    <time>2026-06-07T09:46:21Z</time>
    <extensions>
     <gpxdata:distance>3736.00</gpxdata:distance>
     <gpxdata:speed>7.211</gpxdata:speed>
    </extensions>
   </trkpt>
   <trkpt lat="46.8903059" lon="4.9524514">
    <ele>181</ele>
    <time>2026-06-07T09:46:22Z</time>
    <extensions>
     <gpxdata:distance>3743.00</gpxdata:distance>
     <gpxdata:speed>7.072</gpxdata:speed>
    </extensions>
   </trkpt>
   <trkpt lat="46.8903650" lon="4.9524727">
    <ele>181</ele>
    <time>2026-06-07T09:46:23Z</time>
    <extensions>
     <gpxdata:distance>3750.00</gpxdata:distance>
     <gpxdata:speed>6.925</gpxdata:speed>
    </extensions>
   </trkpt>
   <trkpt lat="46.8904235" lon="4.9524821">
    <ele>180</ele>
    <time>2026-06-07T09:46:24Z</time>
    <extensions>
     <gpxdata:distance>3756.50</gpxdata:distance>
     <gpxdata:speed>6.664</gpxdata:speed>
    </extensions>
   </trkpt>
   <trkpt lat="46.8904830" lon="4.9524836">
    <ele>180</ele>
    <time>2026-06-07T09:46:25Z</time>
    <extensions>
     <gpxdata:distance>3763.00</gpxdata:distance>
     <gpxdata:speed>6.703</gpxdata:speed>
    </extensions>
   </trkpt>
   <trkpt lat="46.8905443" lon="4.9524815">
    <ele>180</ele>
    <time>2026-06-07T09:46:26Z</time>
    <extensions>
     <gpxdata:distance>3770.50</gpxdata:distance>
     <gpxdata:speed>6.839</gpxdata:speed>
    </extensions>
   </trkpt>
   <trkpt lat="46.8906098" lon="4.9524793">
    <ele>180</ele>
    <time>2026-06-07T09:46:27Z</time>
    <extensions>
     <gpxdata:distance>3778.00</gpxdata:distance>
     <gpxdata:speed>7.253</gpxdata:speed>
    </extensions>
   </trkpt>
   <trkpt lat="46.8906800" lon="4.9524789">
    <ele>180</ele>
    <time>2026-06-07T09:46:28Z</time>
    <extensions>
     <gpxdata:distance>3786.00</gpxdata:distance>
     <gpxdata:speed>7.542</gpxdata:speed>
    </extensions>
   </trkpt>
   <trkpt lat="46.8907502" lon="4.9524867">
    <ele>179</ele>
    <time>2026-06-07T09:46:29Z</time>
    <extensions>
     <gpxdata:distance>3794.00</gpxdata:distance>
     <gpxdata:speed>7.611</gpxdata:speed>
    </extensions>
   </trkpt>
   <trkpt lat="46.8908158" lon="4.9525081">
    <ele>179</ele>
    <time>2026-06-07T09:46:30Z</time>
    <extensions>
     <gpxdata:distance>3800.50</gpxdata:distance>
     <gpxdata:speed>7.539</gpxdata:speed>
    </extensions>
   </trkpt>
   <trkpt lat="46.8908704" lon="4.9525463">
    <ele>178</ele>
    <time>2026-06-07T09:46:31Z</time>
    <extensions>
     <gpxdata:distance>3807.00</gpxdata:distance>
     <gpxdata:speed>6.892</gpxdata:speed>
    </extensions>
   </trkpt>
   <trkpt lat="46.8909080" lon="4.9525985">
    <ele>178</ele>
    <time>2026-06-07T09:46:32Z</time>
    <extensions>
     <gpxdata:distance>3812.00</gpxdata:distance>
     <gpxdata:speed>6.119</gpxdata:speed>
    </extensions>
   </trkpt>
   <trkpt lat="46.8909334" lon="4.9526536">
    <ele>177</ele>
    <time>2026-06-07T09:46:33Z</time>
    <extensions>
     <gpxdata:distance>3817.00</gpxdata:distance>
     <gpxdata:speed>5.308</gpxdata:speed>
    </extensions>
   </trkpt>
   <trkpt lat="46.8909479" lon="4.9526877">
    <ele>177</ele>
    <time>2026-06-07T09:46:34Z</time>
    <extensions>
     <gpxdata:distance>3820.00</gpxdata:distance>
     <gpxdata:speed>4.419</gpxdata:speed>
    </extensions>
   </trkpt>
   <trkpt lat="46.8909653" lon="4.9527229">
    <ele>177</ele>
    <time>2026-06-07T09:46:35Z</time>
    <extensions>
     <gpxdata:distance>3823.00</gpxdata:distance>
     <gpxdata:speed>3.747</gpxdata:speed>
    </extensions>
   </trkpt>
   <trkpt lat="46.8909850" lon="4.9527542">
    <ele>177</ele>
    <time>2026-06-07T09:46:36Z</time>
    <extensions>
     <gpxdata:distance>3826.50</gpxdata:distance>
     <gpxdata:speed>3.550</gpxdata:speed>
    </extensions>
   </trkpt>
   <trkpt lat="46.8910073" lon="4.9527824">
    <ele>178</ele>
    <time>2026-06-07T09:46:37Z</time>
    <extensions>
     <gpxdata:distance>3830.00</gpxdata:distance>
     <gpxdata:speed>3.506</gpxdata:speed>
    </extensions>
   </trkpt>
   <trkpt lat="46.8910326" lon="4.9528090">
    <ele>178</ele>
    <time>2026-06-07T09:46:38Z</time>
    <extensions>
     <gpxdata:distance>3834.00</gpxdata:distance>
     <gpxdata:speed>3.608</gpxdata:speed>
    </extensions>
   </trkpt>
   <trkpt lat="46.8910606" lon="4.9528346">
    <ele>178</ele>
    <time>2026-06-07T09:46:39Z</time>
    <extensions>
     <gpxdata:distance>3838.00</gpxdata:distance>
     <gpxdata:speed>3.731</gpxdata:speed>
    </extensions>
   </trkpt>
   <trkpt lat="46.8910905" lon="4.9528604">
    <ele>178</ele>
    <time>2026-06-07T09:46:40Z</time>
    <extensions>
     <gpxdata:distance>3842.00</gpxdata:distance>
     <gpxdata:speed>3.883</gpxdata:speed>
    </extensions>
   </trkpt>
   <trkpt lat="46.8911213" lon="4.9528889">
    <ele>178</ele>
    <time>2026-06-07T09:46:41Z</time>
    <extensions>
     <gpxdata:distance>3846.00</gpxdata:distance>
     <gpxdata:speed>4.056</gpxdata:speed>
    </extensions>
   </trkpt>
   <trkpt lat="46.8911535" lon="4.9529208">
    <ele>179</ele>
    <time>2026-06-07T09:46:42Z</time>
    <extensions>
     <gpxdata:distance>3850.50</gpxdata:distance>
     <gpxdata:speed>4.194</gpxdata:speed>
    </extensions>
   </trkpt>
   <trkpt lat="46.8911882" lon="4.9529537">
    <ele>179</ele>
    <time>2026-06-07T09:46:43Z</time>
    <extensions>
     <gpxdata:distance>3855.00</gpxdata:distance>
     <gpxdata:speed>4.383</gpxdata:speed>
    </extensions>
   </trkpt>
   <trkpt lat="46.8912248" lon="4.9529874">
    <ele>179</ele>
    <time>2026-06-07T09:46:44Z</time>
    <extensions>
     <gpxdata:distance>3860.00</gpxdata:distance>
     <gpxdata:speed>4.767</gpxdata:speed>
    </extensions>
   </trkpt>
   <trkpt lat="46.8912626" lon="4.9530209">
    <ele>179</ele>
    <time>2026-06-07T09:46:45Z</time>
    <extensions>
     <gpxdata:distance>3865.00</gpxdata:distance>
     <gpxdata:speed>4.878</gpxdata:speed>
    </extensions>
   </trkpt>
   <trkpt lat="46.8913013" lon="4.9530541">
    <ele>179</ele>
    <time>2026-06-07T09:46:46Z</time>
    <extensions>
     <gpxdata:distance>3870.00</gpxdata:distance>
     <gpxdata:speed>4.964</gpxdata:speed>
    </extensions>
   </trkpt>
   <trkpt lat="46.8913406" lon="4.9530858">
    <ele>179</ele>
    <time>2026-06-07T09:46:47Z</time>
    <extensions>
     <gpxdata:distance>3875.00</gpxdata:distance>
     <gpxdata:speed>4.958</gpxdata:speed>
    </extensions>
   </trkpt>
   <trkpt lat="46.8913809" lon="4.9531157">
    <ele>179</ele>
    <time>2026-06-07T09:46:48Z</time>
    <extensions>
     <gpxdata:distance>3880.00</gpxdata:distance>
     <gpxdata:speed>5.017</gpxdata:speed>
    </extensions>
   </trkpt>
   <trkpt lat="46.8914214" lon="4.9531442">
    <ele>179</ele>
    <time>2026-06-07T09:46:49Z</time>
    <extensions>
     <gpxdata:distance>3885.00</gpxdata:distance>
     <gpxdata:speed>4.992</gpxdata:speed>
    </extensions>
   </trkpt>
   <trkpt lat="46.8914622" lon="4.9531731">
    <ele>179</ele>
    <time>2026-06-07T09:46:50Z</time>
    <extensions>
     <gpxdata:distance>3890.50</gpxdata:distance>
     <gpxdata:speed>5.053</gpxdata:speed>
    </extensions>
   </trkpt>
   <trkpt lat="46.8915037" lon="4.9532030">
    <ele>179</ele>
    <time>2026-06-07T09:46:51Z</time>
    <extensions>
     <gpxdata:distance>3896.00</gpxdata:distance>
     <gpxdata:speed>5.175</gpxdata:speed>
    </extensions>
   </trkpt>
   <trkpt lat="46.8915477" lon="4.9532336">
    <ele>179</ele>
    <time>2026-06-07T09:46:52Z</time>
    <extensions>
     <gpxdata:distance>3902.00</gpxdata:distance>
     <gpxdata:speed>5.469</gpxdata:speed>
    </extensions>
   </trkpt>
   <trkpt lat="46.8915952" lon="4.9532633">
    <ele>179</ele>
    <time>2026-06-07T09:46:53Z</time>
    <extensions>
     <gpxdata:distance>3908.00</gpxdata:distance>
     <gpxdata:speed>5.803</gpxdata:speed>
    </extensions>
   </trkpt>
   <trkpt lat="46.8916456" lon="4.9532911">
    <ele>179</ele>
    <time>2026-06-07T09:46:54Z</time>
    <extensions>
     <gpxdata:distance>3914.00</gpxdata:distance>
     <gpxdata:speed>5.994</gpxdata:speed>
    </extensions>
   </trkpt>
   <trkpt lat="46.8916983" lon="4.9533184">
    <ele>179</ele>
    <time>2026-06-07T09:46:55Z</time>
    <extensions>
     <gpxdata:distance>3920.00</gpxdata:distance>
     <gpxdata:speed>6.211</gpxdata:speed>
    </extensions>
   </trkpt>
   <trkpt lat="46.8917697" lon="4.9533576">
    <ele>179</ele>
    <time>2026-06-07T09:46:56Z</time>
    <extensions>
     <gpxdata:distance>3926.50</gpxdata:distance>
     <gpxdata:speed>6.336</gpxdata:speed>
    </extensions>
   </trkpt>
   <trkpt lat="46.8918245" lon="4.9533922">
    <ele>179</ele>
    <time>2026-06-07T09:46:57Z</time>
    <extensions>
     <gpxdata:distance>3933.00</gpxdata:distance>
     <gpxdata:speed>6.331</gpxdata:speed>
    </extensions>
   </trkpt>
   <trkpt lat="46.8918755" lon="4.9534325">
    <ele>179</ele>
    <time>2026-06-07T09:46:58Z</time>
    <extensions>
     <gpxdata:distance>3939.50</gpxdata:distance>
     <gpxdata:speed>6.394</gpxdata:speed>
    </extensions>
   </trkpt>
   <trkpt lat="46.8919219" lon="4.9534831">
    <ele>179</ele>
    <time>2026-06-07T09:46:59Z</time>
    <extensions>
     <gpxdata:distance>3946.00</gpxdata:distance>
     <gpxdata:speed>6.467</gpxdata:speed>
    </extensions>
   </trkpt>
   <trkpt lat="46.8919616" lon="4.9535479">
    <ele>179</ele>
    <time>2026-06-07T09:47:00Z</time>
    <extensions>
     <gpxdata:distance>3953.00</gpxdata:distance>
     <gpxdata:speed>6.681</gpxdata:speed>
    </extensions>
   </trkpt>
   <trkpt lat="46.8919951" lon="4.9536265">
    <ele>179</ele>
    <time>2026-06-07T09:47:01Z</time>
    <extensions>
     <gpxdata:distance>3960.00</gpxdata:distance>
     <gpxdata:speed>7.039</gpxdata:speed>
    </extensions>
   </trkpt>
   <trkpt lat="46.8920264" lon="4.9537137">
    <ele>179</ele>
    <time>2026-06-07T09:47:02Z</time>
    <extensions>
     <gpxdata:distance>3968.00</gpxdata:distance>
     <gpxdata:speed>7.378</gpxdata:speed>
    </extensions>
   </trkpt>
   <trkpt lat="46.8920602" lon="4.9538050">
    <ele>178</ele>
    <time>2026-06-07T09:47:03Z</time>
    <extensions>
     <gpxdata:distance>3976.00</gpxdata:distance>
     <gpxdata:speed>7.744</gpxdata:speed>
    </extensions>
   </trkpt>
   <trkpt lat="46.8921003" lon="4.9538968">
    <ele>178</ele>
    <time>2026-06-07T09:47:04Z</time>
    <extensions>
     <gpxdata:distance>3984.50</gpxdata:distance>
     <gpxdata:speed>8.153</gpxdata:speed>
    </extensions>
   </trkpt>
   <trkpt lat="46.8921451" lon="4.9539851">
    <ele>178</ele>
    <time>2026-06-07T09:47:05Z</time>
    <extensions>
     <gpxdata:distance>3993.00</gpxdata:distance>
     <gpxdata:speed>8.214</gpxdata:speed>
    </extensions>
   </trkpt>
   <trkpt lat="46.8921916" lon="4.9540680">
    <ele>177</ele>
    <time>2026-06-07T09:47:06Z</time>
    <extensions>
     <gpxdata:distance>4000.50</gpxdata:distance>
     <gpxdata:speed>8.033</gpxdata:speed>
    </extensions>
   </trkpt>
   <trkpt lat="46.8922375" lon="4.9541451">
    <ele>177</ele>
    <time>2026-06-07T09:47:07Z</time>
    <extensions>
     <gpxdata:distance>4008.00</gpxdata:distance>
     <gpxdata:speed>7.736</gpxdata:speed>
    </extensions>
   </trkpt>
   <trkpt lat="46.8922823" lon="4.9542172">
    <ele>176</ele>
    <time>2026-06-07T09:47:08Z</time>
    <extensions>
     <gpxdata:distance>4015.00</gpxdata:distance>
     <gpxdata:speed>7.453</gpxdata:speed>
    </extensions>
   </trkpt>
   <trkpt lat="46.8923252" lon="4.9542852">
    <ele>176</ele>
    <time>2026-06-07T09:47:09Z</time>
    <extensions>
     <gpxdata:distance>4022.00</gpxdata:distance>
     <gpxdata:speed>7.156</gpxdata:speed>
    </extensions>
   </trkpt>
   <trkpt lat="46.8923659" lon="4.9543533">
    <ele>176</ele>
    <time>2026-06-07T09:47:10Z</time>
    <extensions>
     <gpxdata:distance>4029.00</gpxdata:distance>
     <gpxdata:speed>7.042</gpxdata:speed>
    </extensions>
   </trkpt>
   <trkpt lat="46.8924050" lon="4.9544230">
    <ele>176</ele>
    <time>2026-06-07T09:47:11Z</time>
    <extensions>
     <gpxdata:distance>4036.00</gpxdata:distance>
     <gpxdata:speed>7.000</gpxdata:speed>
    </extensions>
   </trkpt>
   <trkpt lat="46.8924435" lon="4.9544939">
    <ele>176</ele>
    <time>2026-06-07T09:47:12Z</time>
    <extensions>
     <gpxdata:distance>4043.00</gpxdata:distance>
     <gpxdata:speed>6.972</gpxdata:speed>
    </extensions>
   </trkpt>
   <trkpt lat="46.8924821" lon="4.9545649">
    <ele>176</ele>
    <time>2026-06-07T09:47:13Z</time>
    <extensions>
     <gpxdata:distance>4050.00</gpxdata:distance>
     <gpxdata:speed>6.939</gpxdata:speed>
    </extensions>
   </trkpt>
   <trkpt lat="46.8925204" lon="4.9546373">
    <ele>175</ele>
    <time>2026-06-07T09:47:14Z</time>
    <extensions>
     <gpxdata:distance>4057.00</gpxdata:distance>
     <gpxdata:speed>6.969</gpxdata:speed>
    </extensions>
   </trkpt>
   <trkpt lat="46.8925566" lon="4.9547142">
    <ele>175</ele>
    <time>2026-06-07T09:47:15Z</time>
    <extensions>
     <gpxdata:distance>4064.00</gpxdata:distance>
     <gpxdata:speed>7.069</gpxdata:speed>
    </extensions>
   </trkpt>
   <trkpt lat="46.8925885" lon="4.9547963">
    <ele>175</ele>
    <time>2026-06-07T09:47:16Z</time>
    <extensions>
     <gpxdata:distance>4071.00</gpxdata:distance>
     <gpxdata:speed>7.156</gpxdata:speed>
    </extensions>
   </trkpt>
   <trkpt lat="46.8926160" lon="4.9548805">
    <ele>175</ele>
    <time>2026-06-07T09:47:17Z</time>
    <extensions>
     <gpxdata:distance>4078.00</gpxdata:distance>
     <gpxdata:speed>7.081</gpxdata:speed>
    </extensions>
   </trkpt>
   <trkpt lat="46.8926444" lon="4.9549626">
    <ele>175</ele>
    <time>2026-06-07T09:47:18Z</time>
    <extensions>
     <gpxdata:distance>4085.50</gpxdata:distance>
     <gpxdata:speed>7.019</gpxdata:speed>
    </extensions>
   </trkpt>
   <trkpt lat="46.8926776" lon="4.9550422">
    <ele>175</ele>
    <time>2026-06-07T09:47:19Z</time>
    <extensions>
     <gpxdata:distance>4093.00</gpxdata:distance>
     <gpxdata:speed>7.083</gpxdata:speed>
    </extensions>
   </trkpt>
   <trkpt lat="46.8927148" lon="4.9551173">
    <ele>175</ele>
    <time>2026-06-07T09:47:20Z</time>
    <extensions>
     <gpxdata:distance>4099.50</gpxdata:distance>
     <gpxdata:speed>7.075</gpxdata:speed>
    </extensions>
   </trkpt>
   <trkpt lat="46.8927542" lon="4.9551880">
    <ele>175</ele>
    <time>2026-06-07T09:47:21Z</time>
    <extensions>
     <gpxdata:distance>4106.00</gpxdata:distance>
     <gpxdata:speed>7.014</gpxdata:speed>
    </extensions>
   </trkpt>
   <trkpt lat="46.8927938" lon="4.9552559">
    <ele>175</ele>
    <time>2026-06-07T09:47:22Z</time>
    <extensions>
     <gpxdata:distance>4113.00</gpxdata:distance>
     <gpxdata:speed>6.928</gpxdata:speed>
    </extensions>
   </trkpt>
   <trkpt lat="46.8928325" lon="4.9553235">
    <ele>175</ele>
    <time>2026-06-07T09:47:23Z</time>
    <extensions>
     <gpxdata:distance>4120.00</gpxdata:distance>
     <gpxdata:speed>6.856</gpxdata:speed>
    </extensions>
   </trkpt>
   <trkpt lat="46.8928687" lon="4.9553933">
    <ele>175</ele>
    <time>2026-06-07T09:47:24Z</time>
    <extensions>
     <gpxdata:distance>4126.50</gpxdata:distance>
     <gpxdata:speed>6.794</gpxdata:speed>
    </extensions>
   </trkpt>
   <trkpt lat="46.8928999" lon="4.9554670">
    <ele>175</ele>
    <time>2026-06-07T09:47:25Z</time>
    <extensions>
     <gpxdata:distance>4133.00</gpxdata:distance>
     <gpxdata:speed>6.731</gpxdata:speed>
    </extensions>
   </trkpt>
   <trkpt lat="46.8929268" lon="4.9555442">
    <ele>175</ele>
    <time>2026-06-07T09:47:26Z</time>
    <extensions>
     <gpxdata:distance>4139.50</gpxdata:distance>
     <gpxdata:speed>6.683</gpxdata:speed>
    </extensions>
   </trkpt>
   <trkpt lat="46.8929505" lon="4.9556245">
    <ele>175</ele>
    <time>2026-06-07T09:47:27Z</time>
    <extensions>
     <gpxdata:distance>4146.00</gpxdata:distance>
     <gpxdata:speed>6.678</gpxdata:speed>
    </extensions>
   </trkpt>
   <trkpt lat="46.8929716" lon="4.9557082">
    <ele>175</ele>
    <time>2026-06-07T09:47:28Z</time>
    <extensions>
     <gpxdata:distance>4153.00</gpxdata:distance>
     <gpxdata:speed>6.722</gpxdata:speed>
    </extensions>
   </trkpt>
   <trkpt lat="46.8929927" lon="4.9557943">
    <ele>175</ele>
    <time>2026-06-07T09:47:29Z</time>
    <extensions>
     <gpxdata:distance>4160.00</gpxdata:distance>
     <gpxdata:speed>6.806</gpxdata:speed>
    </extensions>
   </trkpt>
   <trkpt lat="46.8930148" lon="4.9558807">
    <ele>175</ele>
    <time>2026-06-07T09:47:30Z</time>
    <extensions>
     <gpxdata:distance>4167.00</gpxdata:distance>
     <gpxdata:speed>6.869</gpxdata:speed>
    </extensions>
   </trkpt>
   <trkpt lat="46.8930373" lon="4.9559665">
    <ele>175</ele>
    <time>2026-06-07T09:47:31Z</time>
    <extensions>
     <gpxdata:distance>4174.00</gpxdata:distance>
     <gpxdata:speed>6.900</gpxdata:speed>
    </extensions>
   </trkpt>
   <trkpt lat="46.8930576" lon="4.9560521">
    <ele>175</ele>
    <time>2026-06-07T09:47:32Z</time>
    <extensions>
     <gpxdata:distance>4181.00</gpxdata:distance>
     <gpxdata:speed>6.889</gpxdata:speed>
    </extensions>
   </trkpt>
   <trkpt lat="46.8930750" lon="4.9561375">
    <ele>175</ele>
    <time>2026-06-07T09:47:33Z</time>
    <extensions>
     <gpxdata:distance>4188.00</gpxdata:distance>
     <gpxdata:speed>6.847</gpxdata:speed>
    </extensions>
   </trkpt>
   <trkpt lat="46.8930884" lon="4.9562215">
    <ele>175</ele>
    <time>2026-06-07T09:47:34Z</time>
    <extensions>
     <gpxdata:distance>4194.00</gpxdata:distance>
     <gpxdata:speed>6.742</gpxdata:speed>
    </extensions>
   </trkpt>
   <trkpt lat="46.8930986" lon="4.9563035">
    <ele>175</ele>
    <time>2026-06-07T09:47:35Z</time>
    <extensions>
     <gpxdata:distance>4200.00</gpxdata:distance>
     <gpxdata:speed>6.600</gpxdata:speed>
    </extensions>
   </trkpt>
   <trkpt lat="46.8931070" lon="4.9563858">
    <ele>175</ele>
    <time>2026-06-07T09:47:36Z</time>
    <extensions>
     <gpxdata:distance>4206.50</gpxdata:distance>
     <gpxdata:speed>6.517</gpxdata:speed>
    </extensions>
   </trkpt>
   <trkpt lat="46.8931153" lon="4.9564690">
    <ele>175</ele>
    <time>2026-06-07T09:47:37Z</time>
    <extensions>
     <gpxdata:distance>4213.00</gpxdata:distance>
     <gpxdata:speed>6.486</gpxdata:speed>
    </extensions>
   </trkpt>
   <trkpt lat="46.8931250" lon="4.9565527">
    <ele>175</ele>
    <time>2026-06-07T09:47:38Z</time>
    <extensions>
     <gpxdata:distance>4219.50</gpxdata:distance>
     <gpxdata:speed>6.475</gpxdata:speed>
    </extensions>
   </trkpt>
   <trkpt lat="46.8931366" lon="4.9566366">
    <ele>175</ele>
    <time>2026-06-07T09:47:39Z</time>
    <extensions>
     <gpxdata:distance>4226.00</gpxdata:distance>
     <gpxdata:speed>6.483</gpxdata:speed>
    </extensions>
   </trkpt>
   <trkpt lat="46.8931497" lon="4.9567211">
    <ele>175</ele>
    <time>2026-06-07T09:47:40Z</time>
    <extensions>
     <gpxdata:distance>4233.00</gpxdata:distance>
     <gpxdata:speed>6.517</gpxdata:speed>
    </extensions>
   </trkpt>
   <trkpt lat="46.8931635" lon="4.9568067">
    <ele>174</ele>
    <time>2026-06-07T09:47:41Z</time>
    <extensions>
     <gpxdata:distance>4240.00</gpxdata:distance>
     <gpxdata:speed>6.575</gpxdata:speed>
    </extensions>
   </trkpt>
   <trkpt lat="46.8931776" lon="4.9568927">
    <ele>174</ele>
    <time>2026-06-07T09:47:42Z</time>
    <extensions>
     <gpxdata:distance>4246.50</gpxdata:distance>
     <gpxdata:speed>6.625</gpxdata:speed>
    </extensions>
   </trkpt>
   <trkpt lat="46.8931928" lon="4.9569794">
    <ele>174</ele>
    <time>2026-06-07T09:47:43Z</time>
    <extensions>
     <gpxdata:distance>4253.00</gpxdata:distance>
     <gpxdata:speed>6.689</gpxdata:speed>
    </extensions>
   </trkpt>
   <trkpt lat="46.8932100" lon="4.9570675">
    <ele>174</ele>
    <time>2026-06-07T09:47:44Z</time>
    <extensions>
     <gpxdata:distance>4260.00</gpxdata:distance>
     <gpxdata:speed>6.794</gpxdata:speed>
    </extensions>
   </trkpt>
   <trkpt lat="46.8932289" lon="4.9571570">
    <ele>174</ele>
    <time>2026-06-07T09:47:45Z</time>
    <extensions>
     <gpxdata:distance>4267.00</gpxdata:distance>
     <gpxdata:speed>7.056</gpxdata:speed>
    </extensions>
   </trkpt>
   <trkpt lat="46.8932480" lon="4.9572474">
    <ele>174</ele>
    <time>2026-06-07T09:47:46Z</time>
    <extensions>
     <gpxdata:distance>4274.50</gpxdata:distance>
     <gpxdata:speed>7.119</gpxdata:speed>
    </extensions>
   </trkpt>
   <trkpt lat="46.8932663" lon="4.9573386">
    <ele>174</ele>
    <time>2026-06-07T09:47:47Z</time>
    <extensions>
     <gpxdata:distance>4282.00</gpxdata:distance>
     <gpxdata:speed>7.169</gpxdata:speed>
    </extensions>
   </trkpt>
   <trkpt lat="46.8932847" lon="4.9574300">
    <ele>174</ele>
    <time>2026-06-07T09:47:48Z</time>
    <extensions>
     <gpxdata:distance>4289.00</gpxdata:distance>
     <gpxdata:speed>7.214</gpxdata:speed>
    </extensions>
   </trkpt>
   <trkpt lat="46.8933034" lon="4.9575214">
    <ele>174</ele>
    <time>2026-06-07T09:47:49Z</time>
    <extensions>
     <gpxdata:distance>4296.00</gpxdata:distance>
     <gpxdata:speed>7.236</gpxdata:speed>
    </extensions>
   </trkpt>
   <trkpt lat="46.8933210" lon="4.9576138">
    <ele>174</ele>
    <time>2026-06-07T09:47:50Z</time>
    <extensions>
     <gpxdata:distance>4303.50</gpxdata:distance>
     <gpxdata:speed>7.281</gpxdata:speed>
    </extensions>
   </trkpt>
   <trkpt lat="46.8933370" lon="4.9577075">
    <ele>174</ele>
    <time>2026-06-07T09:47:51Z</time>
    <extensions>
     <gpxdata:distance>4311.00</gpxdata:distance>
     <gpxdata:speed>7.331</gpxdata:speed>
    </extensions>
   </trkpt>
   <trkpt lat="46.8933523" lon="4.9578024">
    <ele>174</ele>
    <time>2026-06-07T09:47:52Z</time>
    <extensions>
     <gpxdata:distance>4318.50</gpxdata:distance>
     <gpxdata:speed>7.389</gpxdata:speed>
    </extensions>
   </trkpt>
   <trkpt lat="46.8933675" lon="4.9578983">
    <ele>174</ele>
    <time>2026-06-07T09:47:53Z</time>
    <extensions>
     <gpxdata:distance>4326.00</gpxdata:distance>
     <gpxdata:speed>7.453</gpxdata:speed>
    </extensions>
   </trkpt>
   <trkpt lat="46.8933823" lon="4.9579953">
    <ele>174</ele>
    <time>2026-06-07T09:47:54Z</time>
    <extensions>
     <gpxdata:distance>4334.00</gpxdata:distance>
     <gpxdata:speed>7.519</gpxdata:speed>
    </extensions>
   </trkpt>
   <trkpt lat="46.8933963" lon="4.9580940">
    <ele>174</ele>
    <time>2026-06-07T09:47:55Z</time>
    <extensions>
     <gpxdata:distance>4342.00</gpxdata:distance>
     <gpxdata:speed>7.608</gpxdata:speed>
    </extensions>
   </trkpt>
   <trkpt lat="46.8934096" lon="4.9581937">
    <ele>174</ele>
    <time>2026-06-07T09:47:56Z</time>
    <extensions>
     <gpxdata:distance>4349.50</gpxdata:distance>
     <gpxdata:speed>7.672</gpxdata:speed>
    </extensions>
   </trkpt>
   <trkpt lat="46.8934223" lon="4.9582942">
    <ele>174</ele>
    <time>2026-06-07T09:47:57Z</time>
    <extensions>
     <gpxdata:distance>4357.00</gpxdata:distance>
     <gpxdata:speed>7.722</gpxdata:speed>
    </extensions>
   </trkpt>
   <trkpt lat="46.8934341" lon="4.9583946">
    <ele>174</ele>
    <time>2026-06-07T09:47:58Z</time>
    <extensions>
     <gpxdata:distance>4364.50</gpxdata:distance>
     <gpxdata:speed>7.728</gpxdata:speed>
    </extensions>
   </trkpt>
   <trkpt lat="46.8934448" lon="4.9584936">
    <ele>174</ele>
    <time>2026-06-07T09:47:59Z</time>
    <extensions>
     <gpxdata:distance>4372.00</gpxdata:distance>
     <gpxdata:speed>7.683</gpxdata:speed>
    </extensions>
   </trkpt>
   <trkpt lat="46.8934554" lon="4.9585906">
    <ele>174</ele>
    <time>2026-06-07T09:48:00Z</time>
    <extensions>
     <gpxdata:distance>4379.50</gpxdata:distance>
     <gpxdata:speed>7.597</gpxdata:speed>
    </extensions>
   </trkpt>
   <trkpt lat="46.8934659" lon="4.9586852">
    <ele>174</ele>
    <time>2026-06-07T09:48:01Z</time>
    <extensions>
     <gpxdata:distance>4387.00</gpxdata:distance>
     <gpxdata:speed>7.486</gpxdata:speed>
    </extensions>
   </trkpt>
   <trkpt lat="46.8934761" lon="4.9587772">
    <ele>174</ele>
    <time>2026-06-07T09:48:02Z</time>
    <extensions>
     <gpxdata:distance>4394.00</gpxdata:distance>
     <gpxdata:speed>7.347</gpxdata:speed>
    </extensions>
   </trkpt>
   <trkpt lat="46.8934858" lon="4.9588678">
    <ele>174</ele>
    <time>2026-06-07T09:48:03Z</time>
    <extensions>
     <gpxdata:distance>4401.00</gpxdata:distance>
     <gpxdata:speed>7.219</gpxdata:speed>
    </extensions>
   </trkpt>
   <trkpt lat="46.8934958" lon="4.9589589">
    <ele>174</ele>
    <time>2026-06-07T09:48:04Z</time>
    <extensions>
     <gpxdata:distance>4408.00</gpxdata:distance>
     <gpxdata:speed>7.158</gpxdata:speed>
    </extensions>
   </trkpt>
   <trkpt lat="46.8935068" lon="4.9590505">
    <ele>174</ele>
    <time>2026-06-07T09:48:05Z</time>
    <extensions>
     <gpxdata:distance>4415.00</gpxdata:distance>
     <gpxdata:speed>7.131</gpxdata:speed>
    </extensions>
   </trkpt>
   <trkpt lat="46.8935191" lon="4.9591430">
    <ele>174</ele>
    <time>2026-06-07T09:48:06Z</time>
    <extensions>
     <gpxdata:distance>4422.50</gpxdata:distance>
     <gpxdata:speed>7.144</gpxdata:speed>
    </extensions>
   </trkpt>
   <trkpt lat="46.8935315" lon="4.9592370">
    <ele>174</ele>
    <time>2026-06-07T09:48:07Z</time>
    <extensions>
     <gpxdata:distance>4430.00</gpxdata:distance>
     <gpxdata:speed>7.189</gpxdata:speed>
    </extensions>
   </trkpt>
   <trkpt lat="46.8935426" lon="4.9593331">
    <ele>174</ele>
    <time>2026-06-07T09:48:08Z</time>
    <extensions>
     <gpxdata:distance>4437.50</gpxdata:distance>
     <gpxdata:speed>7.267</gpxdata:speed>
    </extensions>
   </trkpt>
   <trkpt lat="46.8935531" lon="4.9594317">
    <ele>174</ele>
    <time>2026-06-07T09:48:09Z</time>
    <extensions>
     <gpxdata:distance>4445.00</gpxdata:distance>
     <gpxdata:speed>7.383</gpxdata:speed>
    </extensions>
   </trkpt>
   <trkpt lat="46.8935637" lon="4.9595321">
    <ele>174</ele>
    <time>2026-06-07T09:48:10Z</time>
    <extensions>
     <gpxdata:distance>4452.50</gpxdata:distance>
     <gpxdata:speed>7.503</gpxdata:speed>
    </extensions>
   </trkpt>
   <trkpt lat="46.8935745" lon="4.9596338">
    <ele>174</ele>
    <time>2026-06-07T09:48:11Z</time>
    <extensions>
     <gpxdata:distance>4460.00</gpxdata:distance>
     <gpxdata:speed>7.617</gpxdata:speed>
    </extensions>
   </trkpt>
   <trkpt lat="46.8935849" lon="4.9597365">
    <ele>174</ele>
    <time>2026-06-07T09:48:12Z</time>
    <extensions>
     <gpxdata:distance>4468.00</gpxdata:distance>
     <gpxdata:speed>7.819</gpxdata:speed>
    </extensions>
   </trkpt>
   <trkpt lat="46.8935946" lon="4.9598401">
    <ele>174</ele>
    <time>2026-06-07T09:48:13Z</time>
    <extensions>
     <gpxdata:distance>4476.00</gpxdata:distance>
     <gpxdata:speed>7.886</gpxdata:speed>
    </extensions>
   </trkpt>
   <trkpt lat="46.8936035" lon="4.9599448">
    <ele>174</ele>
    <time>2026-06-07T09:48:14Z</time>
    <extensions>
     <gpxdata:distance>4484.50</gpxdata:distance>
     <gpxdata:speed>7.989</gpxdata:speed>
    </extensions>
   </trkpt>
   <trkpt lat="46.8936117" lon="4.9600510">
    <ele>174</ele>
    <time>2026-06-07T09:48:15Z</time>
    <extensions>
     <gpxdata:distance>4493.00</gpxdata:distance>
     <gpxdata:speed>8.094</gpxdata:speed>
    </extensions>
   </trkpt>
   <trkpt lat="46.8936189" lon="4.9601580">
    <ele>174</ele>
    <time>2026-06-07T09:48:16Z</time>
    <extensions>
     <gpxdata:distance>4501.00</gpxdata:distance>
     <gpxdata:speed>8.142</gpxdata:speed>
    </extensions>
   </trkpt>
   <trkpt lat="46.8936252" lon="4.9602657">
    <ele>174</ele>
    <time>2026-06-07T09:48:17Z</time>
    <extensions>
     <gpxdata:distance>4509.00</gpxdata:distance>
     <gpxdata:speed>8.189</gpxdata:speed>
    </extensions>
   </trkpt>
   <trkpt lat="46.8936305" lon="4.9603740">
    <ele>174</ele>
    <time>2026-06-07T09:48:18Z</time>
    <extensions>
     <gpxdata:distance>4517.50</gpxdata:distance>
     <gpxdata:speed>8.236</gpxdata:speed>
    </extensions>
   </trkpt>
   <trkpt lat="46.8936352" lon="4.9604830">
    <ele>174</ele>
    <time>2026-06-07T09:48:19Z</time>
    <extensions>
     <gpxdata:distance>4526.00</gpxdata:distance>
     <gpxdata:speed>8.275</gpxdata:speed>
    </extensions>
   </trkpt>
   <trkpt lat="46.8936390" lon="4.9605919">
    <ele>174</ele>
    <time>2026-06-07T09:48:20Z</time>
    <extensions>
     <gpxdata:distance>4534.00</gpxdata:distance>
     <gpxdata:speed>8.278</gpxdata:speed>
    </extensions>
   </trkpt>
   <trkpt lat="46.8936415" lon="4.9607008">
    <ele>174</ele>
    <time>2026-06-07T09:48:21Z</time>
    <extensions>
     <gpxdata:distance>4542.00</gpxdata:distance>
     <gpxdata:speed>8.283</gpxdata:speed>
    </extensions>
   </trkpt>
   <trkpt lat="46.8936442" lon="4.9608098">
    <ele>174</ele>
    <time>2026-06-07T09:48:22Z</time>
    <extensions>
     <gpxdata:distance>4550.50</gpxdata:distance>
     <gpxdata:speed>8.294</gpxdata:speed>
    </extensions>
   </trkpt>
   <trkpt lat="46.8936484" lon="4.9609188">
    <ele>174</ele>
    <time>2026-06-07T09:48:23Z</time>
    <extensions>
     <gpxdata:distance>4559.00</gpxdata:distance>
     <gpxdata:speed>8.306</gpxdata:speed>
    </extensions>
   </trkpt>
   <trkpt lat="46.8936539" lon="4.9610278">
    <ele>174</ele>
    <time>2026-06-07T09:48:24Z</time>
    <extensions>
     <gpxdata:distance>4567.00</gpxdata:distance>
     <gpxdata:speed>8.314</gpxdata:speed>
    </extensions>
   </trkpt>
   <trkpt lat="46.8936598" lon="4.9611368">
    <ele>174</ele>
    <time>2026-06-07T09:48:25Z</time>
    <extensions>
     <gpxdata:distance>4575.00</gpxdata:distance>
     <gpxdata:speed>8.317</gpxdata:speed>
    </extensions>
   </trkpt>
   <trkpt lat="46.8936651" lon="4.9612456">
    <ele>174</ele>
    <time>2026-06-07T09:48:26Z</time>
    <extensions>
     <gpxdata:distance>4583.50</gpxdata:distance>
     <gpxdata:speed>8.308</gpxdata:speed>
    </extensions>
   </trkpt>
   <trkpt lat="46.8936699" lon="4.9613544">
    <ele>174</ele>
    <time>2026-06-07T09:48:27Z</time>
    <extensions>
     <gpxdata:distance>4592.00</gpxdata:distance>
     <gpxdata:speed>8.306</gpxdata:speed>
    </extensions>
   </trkpt>
   <trkpt lat="46.8936752" lon="4.9614632">
    <ele>174</ele>
    <time>2026-06-07T09:48:28Z</time>
    <extensions>
     <gpxdata:distance>4600.50</gpxdata:distance>
     <gpxdata:speed>8.300</gpxdata:speed>
    </extensions>
   </trkpt>
   <trkpt lat="46.8936809" lon="4.9615712">
    <ele>174</ele>
    <time>2026-06-07T09:48:29Z</time>
    <extensions>
     <gpxdata:distance>4609.00</gpxdata:distance>
     <gpxdata:speed>8.275</gpxdata:speed>
    </extensions>
   </trkpt>
   <trkpt lat="46.8936869" lon="4.9616782">
    <ele>174</ele>
    <time>2026-06-07T09:48:30Z</time>
    <extensions>
     <gpxdata:distance>4617.00</gpxdata:distance>
     <gpxdata:speed>8.233</gpxdata:speed>
    </extensions>
   </trkpt>
   <trkpt lat="46.8936934" lon="4.9617845">
    <ele>174</ele>
    <time>2026-06-07T09:48:31Z</time>
    <extensions>
     <gpxdata:distance>4625.00</gpxdata:distance>
     <gpxdata:speed>8.194</gpxdata:speed>
    </extensions>
   </trkpt>
   <trkpt lat="46.8937005" lon="4.9618905">
    <ele>174</ele>
    <time>2026-06-07T09:48:32Z</time>
    <extensions>
     <gpxdata:distance>4633.00</gpxdata:distance>
     <gpxdata:speed>8.167</gpxdata:speed>
    </extensions>
   </trkpt>
   <trkpt lat="46.8937074" lon="4.9619965">
    <ele>174</ele>
    <time>2026-06-07T09:48:33Z</time>
    <extensions>
     <gpxdata:distance>4641.00</gpxdata:distance>
     <gpxdata:speed>8.142</gpxdata:speed>
    </extensions>
   </trkpt>
   <trkpt lat="46.8937146" lon="4.9621023">
    <ele>174</ele>
    <time>2026-06-07T09:48:34Z</time>
    <extensions>
     <gpxdata:distance>4649.00</gpxdata:distance>
     <gpxdata:speed>8.125</gpxdata:speed>
    </extensions>
   </trkpt>
   <trkpt lat="46.8937216" lon="4.9622083">
    <ele>174</ele>
    <time>2026-06-07T09:48:35Z</time>
    <extensions>
     <gpxdata:distance>4657.00</gpxdata:distance>
     <gpxdata:speed>8.114</gpxdata:speed>
    </extensions>
   </trkpt>
   <trkpt lat="46.8937287" lon="4.9623147">
    <ele>174</ele>
    <time>2026-06-07T09:48:36Z</time>
    <extensions>
     <gpxdata:distance>4665.50</gpxdata:distance>
     <gpxdata:speed>8.122</gpxdata:speed>
    </extensions>
   </trkpt>
   <trkpt lat="46.8937365" lon="4.9624217">
    <ele>174</ele>
    <time>2026-06-07T09:48:37Z</time>
    <extensions>
     <gpxdata:distance>4674.00</gpxdata:distance>
     <gpxdata:speed>8.147</gpxdata:speed>
    </extensions>
   </trkpt>
   <trkpt lat="46.8937452" lon="4.9625294">
    <ele>174</ele>
    <time>2026-06-07T09:48:38Z</time>
    <extensions>
     <gpxdata:distance>4682.00</gpxdata:distance>
     <gpxdata:speed>8.181</gpxdata:speed>
    </extensions>
   </trkpt>
   <trkpt lat="46.8937551" lon="4.9626372">
    <ele>174</ele>
    <time>2026-06-07T09:48:39Z</time>
    <extensions>
     <gpxdata:distance>4690.00</gpxdata:distance>
     <gpxdata:speed>8.211</gpxdata:speed>
    </extensions>
   </trkpt>
   <trkpt lat="46.8937657" lon="4.9627453">
    <ele>174</ele>
    <time>2026-06-07T09:48:40Z</time>
    <extensions>
     <gpxdata:distance>4698.50</gpxdata:distance>
     <gpxdata:speed>8.244</gpxdata:speed>
    </extensions>
   </trkpt>
   <trkpt lat="46.8937766" lon="4.9628535">
    <ele>174</ele>
    <time>2026-06-07T09:48:41Z</time>
    <extensions>
     <gpxdata:distance>4707.00</gpxdata:distance>
     <gpxdata:speed>8.269</gpxdata:speed>
    </extensions>
   </trkpt>
   <trkpt lat="46.8937872" lon="4.9629620">
    <ele>174</ele>
    <time>2026-06-07T09:48:42Z</time>
    <extensions>
     <gpxdata:distance>4715.00</gpxdata:distance>
     <gpxdata:speed>8.292</gpxdata:speed>
    </extensions>
   </trkpt>
   <trkpt lat="46.8937979" lon="4.9630708">
    <ele>174</ele>
    <time>2026-06-07T09:48:43Z</time>
    <extensions>
     <gpxdata:distance>4723.00</gpxdata:distance>
     <gpxdata:speed>8.317</gpxdata:speed>
    </extensions>
   </trkpt>
   <trkpt lat="46.8938095" lon="4.9631790">
    <ele>174</ele>
    <time>2026-06-07T09:48:44Z</time>
    <extensions>
     <gpxdata:distance>4731.50</gpxdata:distance>
     <gpxdata:speed>8.322</gpxdata:speed>
    </extensions>
   </trkpt>
   <trkpt lat="46.8938218" lon="4.9632864">
    <ele>174</ele>
    <time>2026-06-07T09:48:45Z</time>
    <extensions>
     <gpxdata:distance>4740.00</gpxdata:distance>
     <gpxdata:speed>8.303</gpxdata:speed>
    </extensions>
   </trkpt>
   <trkpt lat="46.8938335" lon="4.9633912">
    <ele>174</ele>
    <time>2026-06-07T09:48:46Z</time>
    <extensions>
     <gpxdata:distance>4747.50</gpxdata:distance>
     <gpxdata:speed>8.211</gpxdata:speed>
    </extensions>
   </trkpt>
   <trkpt lat="46.8938442" lon="4.9634929">
    <ele>174</ele>
    <time>2026-06-07T09:48:47Z</time>
    <extensions>
     <gpxdata:distance>4755.00</gpxdata:distance>
     <gpxdata:speed>8.067</gpxdata:speed>
    </extensions>
   </trkpt>
   <trkpt lat="46.8938541" lon="4.9635926">
    <ele>174</ele>
    <time>2026-06-07T09:48:48Z</time>
    <extensions>
     <gpxdata:distance>4763.00</gpxdata:distance>
     <gpxdata:speed>7.925</gpxdata:speed>
    </extensions>
   </trkpt>
   <trkpt lat="46.8938643" lon="4.9636915">
    <ele>174</ele>
    <time>2026-06-07T09:48:49Z</time>
    <extensions>
     <gpxdata:distance>4771.00</gpxdata:distance>
     <gpxdata:speed>7.819</gpxdata:speed>
    </extensions>
   </trkpt>
   <trkpt lat="46.8938748" lon="4.9637903">
    <ele>174</ele>
    <time>2026-06-07T09:48:50Z</time>
    <extensions>
     <gpxdata:distance>4778.50</gpxdata:distance>
     <gpxdata:speed>7.753</gpxdata:speed>
    </extensions>
   </trkpt>
   <trkpt lat="46.8938857" lon="4.9638883">
    <ele>175</ele>
    <time>2026-06-07T09:48:51Z</time>
    <extensions>
     <gpxdata:distance>4786.00</gpxdata:distance>
     <gpxdata:speed>7.678</gpxdata:speed>
    </extensions>
   </trkpt>
   <trkpt lat="46.8938991" lon="4.9639840">
    <ele>175</ele>
    <time>2026-06-07T09:48:52Z</time>
    <extensions>
     <gpxdata:distance>4793.00</gpxdata:distance>
     <gpxdata:speed>7.522</gpxdata:speed>
    </extensions>
   </trkpt>
   <trkpt lat="46.8939164" lon="4.9640768">
    <ele>175</ele>
    <time>2026-06-07T09:48:53Z</time>
    <extensions>
     <gpxdata:distance>4800.00</gpxdata:distance>
     <gpxdata:speed>7.367</gpxdata:speed>
    </extensions>
   </trkpt>
   <trkpt lat="46.8939372" lon="4.9641655">
    <ele>175</ele>
    <time>2026-06-07T09:48:54Z</time>
    <extensions>
     <gpxdata:distance>4807.00</gpxdata:distance>
     <gpxdata:speed>7.178</gpxdata:speed>
    </extensions>
   </trkpt>
   <trkpt lat="46.8939611" lon="4.9642485">
    <ele>175</ele>
    <time>2026-06-07T09:48:55Z</time>
    <extensions>
     <gpxdata:distance>4814.00</gpxdata:distance>
     <gpxdata:speed>6.914</gpxdata:speed>
    </extensions>
   </trkpt>
   <trkpt lat="46.8939876" lon="4.9643260">
    <ele>175</ele>
    <time>2026-06-07T09:48:56Z</time>
    <extensions>
     <gpxdata:distance>4820.50</gpxdata:distance>
     <gpxdata:speed>6.661</gpxdata:speed>
    </extensions>
   </trkpt>
   <trkpt lat="46.8940149" lon="4.9644001">
    <ele>175</ele>
    <time>2026-06-07T09:48:57Z</time>
    <extensions>
     <gpxdata:distance>4827.00</gpxdata:distance>
     <gpxdata:speed>6.486</gpxdata:speed>
    </extensions>
   </trkpt>
   <trkpt lat="46.8940417" lon="4.9644745">
    <ele>176</ele>
    <time>2026-06-07T09:48:58Z</time>
    <extensions>
     <gpxdata:distance>4833.50</gpxdata:distance>
     <gpxdata:speed>6.486</gpxdata:speed>
    </extensions>
   </trkpt>
   <trkpt lat="46.8940649" lon="4.9645525">
    <ele>176</ele>
    <time>2026-06-07T09:48:59Z</time>
    <extensions>
     <gpxdata:distance>4840.00</gpxdata:distance>
     <gpxdata:speed>6.536</gpxdata:speed>
    </extensions>
   </trkpt>
   <trkpt lat="46.8940819" lon="4.9646360">
    <ele>176</ele>
    <time>2026-06-07T09:49:00Z</time>
    <extensions>
     <gpxdata:distance>4847.00</gpxdata:distance>
     <gpxdata:speed>6.600</gpxdata:speed>
    </extensions>
   </trkpt>
   <trkpt lat="46.8940902" lon="4.9647242">
    <ele>176</ele>
    <time>2026-06-07T09:49:01Z</time>
    <extensions>
     <gpxdata:distance>4854.00</gpxdata:distance>
     <gpxdata:speed>6.675</gpxdata:speed>
    </extensions>
   </trkpt>
   <trkpt lat="46.8940907" lon="4.9648133">
    <ele>176</ele>
    <time>2026-06-07T09:49:02Z</time>
    <extensions>
     <gpxdata:distance>4860.50</gpxdata:distance>
     <gpxdata:speed>6.692</gpxdata:speed>
    </extensions>
   </trkpt>
   <trkpt lat="46.8940906" lon="4.9649001">
    <ele>176</ele>
    <time>2026-06-07T09:49:03Z</time>
    <extensions>
     <gpxdata:distance>4867.00</gpxdata:distance>
     <gpxdata:speed>6.622</gpxdata:speed>
    </extensions>
   </trkpt>
   <trkpt lat="46.8940979" lon="4.9649823">
    <ele>176</ele>
    <time>2026-06-07T09:49:04Z</time>
    <extensions>
     <gpxdata:distance>4873.00</gpxdata:distance>
     <gpxdata:speed>6.508</gpxdata:speed>
    </extensions>
   </trkpt>
   <trkpt lat="46.8941158" lon="4.9650587">
    <ele>176</ele>
    <time>2026-06-07T09:49:05Z</time>
    <extensions>
     <gpxdata:distance>4879.00</gpxdata:distance>
     <gpxdata:speed>6.417</gpxdata:speed>
    </extensions>
   </trkpt>
   <trkpt lat="46.8941430" lon="4.9651312">
    <ele>176</ele>
    <time>2026-06-07T09:49:06Z</time>
    <extensions>
     <gpxdata:distance>4885.50</gpxdata:distance>
     <gpxdata:speed>6.411</gpxdata:speed>
    </extensions>
   </trkpt>
   <trkpt lat="46.8941755" lon="4.9652023">
    <ele>176</ele>
    <time>2026-06-07T09:49:07Z</time>
    <extensions>
     <gpxdata:distance>4892.00</gpxdata:distance>
     <gpxdata:speed>6.458</gpxdata:speed>
    </extensions>
   </trkpt>
   <trkpt lat="46.8942108" lon="4.9652728">
    <ele>176</ele>
    <time>2026-06-07T09:49:08Z</time>
    <extensions>
     <gpxdata:distance>4898.50</gpxdata:distance>
     <gpxdata:speed>6.517</gpxdata:speed>
    </extensions>
   </trkpt>
   <trkpt lat="46.8942468" lon="4.9653434">
    <ele>176</ele>
    <time>2026-06-07T09:49:09Z</time>
    <extensions>
     <gpxdata:distance>4905.00</gpxdata:distance>
     <gpxdata:speed>6.561</gpxdata:speed>
    </extensions>
   </trkpt>
   <trkpt lat="46.8942824" lon="4.9654143">
    <ele>176</ele>
    <time>2026-06-07T09:49:10Z</time>
    <extensions>
     <gpxdata:distance>4912.00</gpxdata:distance>
     <gpxdata:speed>6.589</gpxdata:speed>
    </extensions>
   </trkpt>
   <trkpt lat="46.8943165" lon="4.9654863">
    <ele>176</ele>
    <time>2026-06-07T09:49:11Z</time>
    <extensions>
     <gpxdata:distance>4919.00</gpxdata:distance>
     <gpxdata:speed>6.606</gpxdata:speed>
    </extensions>
   </trkpt>
   <trkpt lat="46.8943495" lon="4.9655594">
    <ele>176</ele>
    <time>2026-06-07T09:49:12Z</time>
    <extensions>
     <gpxdata:distance>4925.50</gpxdata:distance>
     <gpxdata:speed>6.625</gpxdata:speed>
    </extensions>
   </trkpt>
   <trkpt lat="46.8943818" lon="4.9656337">
    <ele>176</ele>
    <time>2026-06-07T09:49:13Z</time>
    <extensions>
     <gpxdata:distance>4932.00</gpxdata:distance>
     <gpxdata:speed>6.650</gpxdata:speed>
    </extensions>
   </trkpt>
   <trkpt lat="46.8944140" lon="4.9657088">
    <ele>176</ele>
    <time>2026-06-07T09:49:14Z</time>
    <extensions>
     <gpxdata:distance>4939.00</gpxdata:distance>
     <gpxdata:speed>6.686</gpxdata:speed>
    </extensions>
   </trkpt>
   <trkpt lat="46.8944459" lon="4.9657848">
    <ele>176</ele>
    <time>2026-06-07T09:49:15Z</time>
    <extensions>
     <gpxdata:distance>4946.00</gpxdata:distance>
     <gpxdata:speed>6.728</gpxdata:speed>
    </extensions>
   </trkpt>
   <trkpt lat="46.8944772" lon="4.9658621">
    <ele>176</ele>
    <time>2026-06-07T09:49:16Z</time>
    <extensions>
     <gpxdata:distance>4953.00</gpxdata:distance>
     <gpxdata:speed>6.769</gpxdata:speed>
    </extensions>
   </trkpt>
   <trkpt lat="46.8945086" lon="4.9659407">
    <ele>176</ele>
    <time>2026-06-07T09:49:17Z</time>
    <extensions>
     <gpxdata:distance>4960.00</gpxdata:distance>
     <gpxdata:speed>6.828</gpxdata:speed>
    </extensions>
   </trkpt>
   <trkpt lat="46.8945400" lon="4.9660207">
    <ele>176</ele>
    <time>2026-06-07T09:49:18Z</time>
    <extensions>
     <gpxdata:distance>4967.00</gpxdata:distance>
     <gpxdata:speed>6.894</gpxdata:speed>
    </extensions>
   </trkpt>
   <trkpt lat="46.8945716" lon="4.9661016">
    <ele>176</ele>
    <time>2026-06-07T09:49:19Z</time>
    <extensions>
     <gpxdata:distance>4974.00</gpxdata:distance>
     <gpxdata:speed>6.964</gpxdata:speed>
    </extensions>
   </trkpt>
   <trkpt lat="46.8946037" lon="4.9661830">
    <ele>176</ele>
    <time>2026-06-07T09:49:20Z</time>
    <extensions>
     <gpxdata:distance>4981.00</gpxdata:distance>
     <gpxdata:speed>7.031</gpxdata:speed>
    </extensions>
   </trkpt>
   <trkpt lat="46.8946360" lon="4.9662645">
    <ele>176</ele>
    <time>2026-06-07T09:49:21Z</time>
    <extensions>
     <gpxdata:distance>4988.00</gpxdata:distance>
     <gpxdata:speed>7.083</gpxdata:speed>
    </extensions>
   </trkpt>
   <trkpt lat="46.8946686" lon="4.9663460">
    <ele>176</ele>
    <time>2026-06-07T09:49:22Z</time>
    <extensions>
     <gpxdata:distance>4995.00</gpxdata:distance>
     <gpxdata:speed>7.117</gpxdata:speed>
    </extensions>
   </trkpt>
   <trkpt lat="46.8947015" lon="4.9664260">
    <ele>176</ele>
    <time>2026-06-07T09:49:23Z</time>
    <extensions>
     <gpxdata:distance>5002.00</gpxdata:distance>
     <gpxdata:speed>7.114</gpxdata:speed>
    </extensions>
   </trkpt>
   <trkpt lat="46.8947343" lon="4.9665042">
    <ele>176</ele>
    <time>2026-06-07T09:49:24Z</time>
    <extensions>
     <gpxdata:distance>5009.00</gpxdata:distance>
     <gpxdata:speed>7.061</gpxdata:speed>
    </extensions>
   </trkpt>
   <trkpt lat="46.8947661" lon="4.9665820">
    <ele>176</ele>
    <time>2026-06-07T09:49:25Z</time>
    <extensions>
     <gpxdata:distance>5016.00</gpxdata:distance>
     <gpxdata:speed>7.006</gpxdata:speed>
    </extensions>
   </trkpt>
   <trkpt lat="46.8947978" lon="4.9666600">
    <ele>176</ele>
    <time>2026-06-07T09:49:26Z</time>
    <extensions>
     <gpxdata:distance>5023.00</gpxdata:distance>
     <gpxdata:speed>6.981</gpxdata:speed>
    </extensions>
   </trkpt>
   <trkpt lat="46.8948313" lon="4.9667372">
    <ele>176</ele>
    <time>2026-06-07T09:49:27Z</time>
    <extensions>
     <gpxdata:distance>5030.00</gpxdata:distance>
     <gpxdata:speed>6.983</gpxdata:speed>
    </extensions>
   </trkpt>
   <trkpt lat="46.8948675" lon="4.9668131">
    <ele>176</ele>
    <time>2026-06-07T09:49:28Z</time>
    <extensions>
     <gpxdata:distance>5037.00</gpxdata:distance>
     <gpxdata:speed>7.008</gpxdata:speed>
    </extensions>
   </trkpt>
   <trkpt lat="46.8949057" lon="4.9668885">
    <ele>176</ele>
    <time>2026-06-07T09:49:29Z</time>
    <extensions>
     <gpxdata:distance>5044.00</gpxdata:distance>
     <gpxdata:speed>7.061</gpxdata:speed>
    </extensions>
   </trkpt>
   <trkpt lat="46.8949460" lon="4.9669636">
    <ele>176</ele>
    <time>2026-06-07T09:49:30Z</time>
    <extensions>
     <gpxdata:distance>5051.50</gpxdata:distance>
     <gpxdata:speed>7.131</gpxdata:speed>
    </extensions>
   </trkpt>
   <trkpt lat="46.8949870" lon="4.9670387">
    <ele>177</ele>
    <time>2026-06-07T09:49:31Z</time>
    <extensions>
     <gpxdata:distance>5059.00</gpxdata:distance>
     <gpxdata:speed>7.192</gpxdata:speed>
    </extensions>
   </trkpt>
   <trkpt lat="46.8950282" lon="4.9671139">
    <ele>177</ele>
    <time>2026-06-07T09:49:32Z</time>
    <extensions>
     <gpxdata:distance>5066.50</gpxdata:distance>
     <gpxdata:speed>7.236</gpxdata:speed>
    </extensions>
   </trkpt>
   <trkpt lat="46.8950698" lon="4.9671897">
    <ele>177</ele>
    <time>2026-06-07T09:49:33Z</time>
    <extensions>
     <gpxdata:distance>5074.00</gpxdata:distance>
     <gpxdata:speed>7.292</gpxdata:speed>
    </extensions>
   </trkpt>
   <trkpt lat="46.8951114" lon="4.9672659">
    <ele>177</ele>
    <time>2026-06-07T09:49:34Z</time>
    <extensions>
     <gpxdata:distance>5081.00</gpxdata:distance>
     <gpxdata:speed>7.336</gpxdata:speed>
    </extensions>
   </trkpt>
   <trkpt lat="46.8951532" lon="4.9673409">
    <ele>177</ele>
    <time>2026-06-07T09:49:35Z</time>
    <extensions>
     <gpxdata:distance>5088.00</gpxdata:distance>
     <gpxdata:speed>7.344</gpxdata:speed>
    </extensions>
   </trkpt>
   <trkpt lat="46.8951955" lon="4.9674151">
    <ele>177</ele>
    <time>2026-06-07T09:49:36Z</time>
    <extensions>
     <gpxdata:distance>5095.50</gpxdata:distance>
     <gpxdata:speed>7.350</gpxdata:speed>
    </extensions>
   </trkpt>
   <trkpt lat="46.8952384" lon="4.9674897">
    <ele>177</ele>
    <time>2026-06-07T09:49:37Z</time>
    <extensions>
     <gpxdata:distance>5103.00</gpxdata:distance>
     <gpxdata:speed>7.378</gpxdata:speed>
    </extensions>
   </trkpt>
   <trkpt lat="46.8952810" lon="4.9675646">
    <ele>177</ele>
    <time>2026-06-07T09:49:38Z</time>
    <extensions>
     <gpxdata:distance>5110.50</gpxdata:distance>
     <gpxdata:speed>7.394</gpxdata:speed>
    </extensions>
   </trkpt>
   <trkpt lat="46.8953221" lon="4.9676411">
    <ele>177</ele>
    <time>2026-06-07T09:49:39Z</time>
    <extensions>
     <gpxdata:distance>5118.00</gpxdata:distance>
     <gpxdata:speed>7.400</gpxdata:speed>
    </extensions>
   </trkpt>
   <trkpt lat="46.8953602" lon="4.9677196">
    <ele>177</ele>
    <time>2026-06-07T09:49:40Z</time>
    <extensions>
     <gpxdata:distance>5125.00</gpxdata:distance>
     <gpxdata:speed>7.369</gpxdata:speed>
    </extensions>
   </trkpt>
   <trkpt lat="46.8953951" lon="4.9677983">
    <ele>177</ele>
    <time>2026-06-07T09:49:41Z</time>
    <extensions>
     <gpxdata:distance>5132.00</gpxdata:distance>
     <gpxdata:speed>7.278</gpxdata:speed>
    </extensions>
   </trkpt>
   <trkpt lat="46.8954275" lon="4.9678756">
    <ele>177</ele>
    <time>2026-06-07T09:49:42Z</time>
    <extensions>
     <gpxdata:distance>5139.00</gpxdata:distance>
     <gpxdata:speed>7.131</gpxdata:speed>
    </extensions>
   </trkpt>
   <trkpt lat="46.8954584" lon="4.9679520">
    <ele>177</ele>
    <time>2026-06-07T09:49:43Z</time>
    <extensions>
     <gpxdata:distance>5146.00</gpxdata:distance>
     <gpxdata:speed>6.997</gpxdata:speed>
    </extensions>
   </trkpt>
   <trkpt lat="46.8954888" lon="4.9680290">
    <ele>177</ele>
    <time>2026-06-07T09:49:44Z</time>
    <extensions>
     <gpxdata:distance>5153.00</gpxdata:distance>
     <gpxdata:speed>6.922</gpxdata:speed>
    </extensions>
   </trkpt>
   <trkpt lat="46.8955202" lon="4.9681070">
    <ele>177</ele>
    <time>2026-06-07T09:49:45Z</time>
    <extensions>
     <gpxdata:distance>5160.00</gpxdata:distance>
     <gpxdata:speed>6.922</gpxdata:speed>
    </extensions>
   </trkpt>
   <trkpt lat="46.8955531" lon="4.9681863">
    <ele>177</ele>
    <time>2026-06-07T09:49:46Z</time>
    <extensions>
     <gpxdata:distance>5167.00</gpxdata:distance>
     <gpxdata:speed>6.975</gpxdata:speed>
    </extensions>
   </trkpt>
   <trkpt lat="46.8955866" lon="4.9682662">
    <ele>177</ele>
    <time>2026-06-07T09:49:47Z</time>
    <extensions>
     <gpxdata:distance>5174.00</gpxdata:distance>
     <gpxdata:speed>7.022</gpxdata:speed>
    </extensions>
   </trkpt>
   <trkpt lat="46.8956206" lon="4.9683459">
    <ele>177</ele>
    <time>2026-06-07T09:49:48Z</time>
    <extensions>
     <gpxdata:distance>5181.00</gpxdata:distance>
     <gpxdata:speed>7.053</gpxdata:speed>
    </extensions>
   </trkpt>
   <trkpt lat="46.8956560" lon="4.9684239">
    <ele>178</ele>
    <time>2026-06-07T09:49:49Z</time>
    <extensions>
     <gpxdata:distance>5188.00</gpxdata:distance>
     <gpxdata:speed>7.067</gpxdata:speed>
    </extensions>
   </trkpt>
   <trkpt lat="46.8956936" lon="4.9684991">
    <ele>178</ele>
    <time>2026-06-07T09:49:50Z</time>
    <extensions>
     <gpxdata:distance>5195.00</gpxdata:distance>
     <gpxdata:speed>7.069</gpxdata:speed>
    </extensions>
   </trkpt>
   <trkpt lat="46.8957319" lon="4.9685719">
    <ele>178</ele>
    <time>2026-06-07T09:49:51Z</time>
    <extensions>
     <gpxdata:distance>5202.00</gpxdata:distance>
     <gpxdata:speed>7.036</gpxdata:speed>
    </extensions>
   </trkpt>
   <trkpt lat="46.8957698" lon="4.9686412">
    <ele>178</ele>
    <time>2026-06-07T09:49:52Z</time>
    <extensions>
     <gpxdata:distance>5208.50</gpxdata:distance>
     <gpxdata:speed>6.925</gpxdata:speed>
    </extensions>
   </trkpt>
   <trkpt lat="46.8958084" lon="4.9687044">
    <ele>178</ele>
    <time>2026-06-07T09:49:53Z</time>
    <extensions>
     <gpxdata:distance>5215.00</gpxdata:distance>
     <gpxdata:speed>6.753</gpxdata:speed>
    </extensions>
   </trkpt>
   <trkpt lat="46.8958465" lon="4.9687615">
    <ele>178</ele>
    <time>2026-06-07T09:49:54Z</time>
    <extensions>
     <gpxdata:distance>5220.50</gpxdata:distance>
     <gpxdata:speed>6.200</gpxdata:speed>
    </extensions>
   </trkpt>
   <trkpt lat="46.8958815" lon="4.9688143">
    <ele>178</ele>
    <time>2026-06-07T09:49:55Z</time>
    <extensions>
     <gpxdata:distance>5226.00</gpxdata:distance>
     <gpxdata:speed>5.728</gpxdata:speed>
    </extensions>
   </trkpt>
   <trkpt lat="46.8959040" lon="4.9688498">
    <ele>177</ele>
    <time>2026-06-07T09:49:56Z</time>
    <extensions>
     <gpxdata:distance>5230.50</gpxdata:distance>
     <gpxdata:speed>5.236</gpxdata:speed>
    </extensions>
   </trkpt>
   <trkpt lat="46.8959297" lon="4.9688911">
    <ele>177</ele>
    <time>2026-06-07T09:49:57Z</time>
    <extensions>
     <gpxdata:distance>5235.00</gpxdata:distance>
     <gpxdata:speed>4.700</gpxdata:speed>
    </extensions>
   </trkpt>
   <trkpt lat="46.8959544" lon="4.9689325">
    <ele>177</ele>
    <time>2026-06-07T09:49:58Z</time>
    <extensions>
     <gpxdata:distance>5239.00</gpxdata:distance>
     <gpxdata:speed>4.356</gpxdata:speed>
    </extensions>
   </trkpt>
   <trkpt lat="46.8959779" lon="4.9689758">
    <ele>177</ele>
    <time>2026-06-07T09:49:59Z</time>
    <extensions>
     <gpxdata:distance>5243.00</gpxdata:distance>
     <gpxdata:speed>4.381</gpxdata:speed>
    </extensions>
   </trkpt>
   <trkpt lat="46.8960018" lon="4.9690254">
    <ele>177</ele>
    <time>2026-06-07T09:50:00Z</time>
    <extensions>
     <gpxdata:distance>5249.00</gpxdata:distance>
     <gpxdata:speed>4.789</gpxdata:speed>
    </extensions>
   </trkpt>
   <trkpt lat="46.8960288" lon="4.9690827">
    <ele>177</ele>
    <time>2026-06-07T09:50:01Z</time>
    <extensions>
     <gpxdata:distance>5255.00</gpxdata:distance>
     <gpxdata:speed>5.147</gpxdata:speed>
    </extensions>
   </trkpt>
   <trkpt lat="46.8960601" lon="4.9691459">
    <ele>177</ele>
    <time>2026-06-07T09:50:02Z</time>
    <extensions>
     <gpxdata:distance>5261.50</gpxdata:distance>
     <gpxdata:speed>5.542</gpxdata:speed>
    </extensions>
   </trkpt>
   <trkpt lat="46.8960957" lon="4.9692116">
    <ele>177</ele>
    <time>2026-06-07T09:50:03Z</time>
    <extensions>
     <gpxdata:distance>5268.00</gpxdata:distance>
     <gpxdata:speed>5.883</gpxdata:speed>
    </extensions>
   </trkpt>
   <trkpt lat="46.8961340" lon="4.9692776">
    <ele>177</ele>
    <time>2026-06-07T09:50:04Z</time>
    <extensions>
     <gpxdata:distance>5274.50</gpxdata:distance>
     <gpxdata:speed>6.136</gpxdata:speed>
    </extensions>
   </trkpt>
   <trkpt lat="46.8961863" lon="4.9693653">
    <ele>177</ele>
    <time>2026-06-07T09:50:05Z</time>
    <extensions>
     <gpxdata:distance>5281.00</gpxdata:distance>
     <gpxdata:speed>6.506</gpxdata:speed>
    </extensions>
   </trkpt>
   <trkpt lat="46.8962279" lon="4.9694333">
    <ele>177</ele>
    <time>2026-06-07T09:50:06Z</time>
    <extensions>
     <gpxdata:distance>5288.00</gpxdata:distance>
     <gpxdata:speed>6.589</gpxdata:speed>
    </extensions>
   </trkpt>
   <trkpt lat="46.8962696" lon="4.9694975">
    <ele>177</ele>
    <time>2026-06-07T09:50:07Z</time>
    <extensions>
     <gpxdata:distance>5295.00</gpxdata:distance>
     <gpxdata:speed>6.669</gpxdata:speed>
    </extensions>
   </trkpt>
   <trkpt lat="46.8963127" lon="4.9695602">
    <ele>176</ele>
    <time>2026-06-07T09:50:08Z</time>
    <extensions>
     <gpxdata:distance>5301.50</gpxdata:distance>
     <gpxdata:speed>6.736</gpxdata:speed>
    </extensions>
   </trkpt>
   <trkpt lat="46.8963563" lon="4.9696233">
    <ele>176</ele>
    <time>2026-06-07T09:50:09Z</time>
    <extensions>
     <gpxdata:distance>5308.00</gpxdata:distance>
     <gpxdata:speed>6.797</gpxdata:speed>
    </extensions>
   </trkpt>
   <trkpt lat="46.8964005" lon="4.9696868">
    <ele>176</ele>
    <time>2026-06-07T09:50:10Z</time>
    <extensions>
     <gpxdata:distance>5315.00</gpxdata:distance>
     <gpxdata:speed>6.875</gpxdata:speed>
    </extensions>
   </trkpt>
   <trkpt lat="46.8964454" lon="4.9697504">
    <ele>176</ele>
    <time>2026-06-07T09:50:11Z</time>
    <extensions>
     <gpxdata:distance>5322.00</gpxdata:distance>
     <gpxdata:speed>6.936</gpxdata:speed>
    </extensions>
   </trkpt>
   <trkpt lat="46.8964908" lon="4.9698142">
    <ele>176</ele>
    <time>2026-06-07T09:50:12Z</time>
    <extensions>
     <gpxdata:distance>5329.00</gpxdata:distance>
     <gpxdata:speed>6.972</gpxdata:speed>
    </extensions>
   </trkpt>
   <trkpt lat="46.8965371" lon="4.9698782">
    <ele>176</ele>
    <time>2026-06-07T09:50:13Z</time>
    <extensions>
     <gpxdata:distance>5336.00</gpxdata:distance>
     <gpxdata:speed>7.017</gpxdata:speed>
    </extensions>
   </trkpt>
   <trkpt lat="46.8965844" lon="4.9699422">
    <ele>176</ele>
    <time>2026-06-07T09:50:14Z</time>
    <extensions>
     <gpxdata:distance>5340.00</gpxdata:distance>
     <gpxdata:speed>7.075</gpxdata:speed>
    </extensions>
   </trkpt>
   <trkpt lat="46.8966327" lon="4.9700063">
    <ele>176</ele>
    <time>2026-06-07T09:50:15Z</time>
    <extensions>
     <gpxdata:distance>5344.00</gpxdata:distance>
     <gpxdata:speed>7.075</gpxdata:speed>
    </extensions>
   </trkpt>
   <trkpt lat="46.8966813" lon="4.9700707">
    <ele>176</ele>
    <time>2026-06-07T09:50:16Z</time>
    <extensions>
     <gpxdata:distance>5354.50</gpxdata:distance>
     <gpxdata:speed>7.211</gpxdata:speed>
    </extensions>
   </trkpt>
   <trkpt lat="46.8967298" lon="4.9701357">
    <ele>176</ele>
    <time>2026-06-07T09:50:17Z</time>
    <extensions>
     <gpxdata:distance>5365.00</gpxdata:distance>
     <gpxdata:speed>7.253</gpxdata:speed>
    </extensions>
   </trkpt>
   <trkpt lat="46.8967783" lon="4.9702009">
    <ele>176</ele>
    <time>2026-06-07T09:50:18Z</time>
    <extensions>
     <gpxdata:distance>5372.50</gpxdata:distance>
     <gpxdata:speed>7.281</gpxdata:speed>
    </extensions>
   </trkpt>
   <trkpt lat="46.8968266" lon="4.9702658">
    <ele>176</ele>
    <time>2026-06-07T09:50:19Z</time>
    <extensions>
     <gpxdata:distance>5380.00</gpxdata:distance>
     <gpxdata:speed>7.294</gpxdata:speed>
    </extensions>
   </trkpt>
   <trkpt lat="46.8968756" lon="4.9703312">
    <ele>176</ele>
    <time>2026-06-07T09:50:20Z</time>
    <extensions>
     <gpxdata:distance>5387.50</gpxdata:distance>
     <gpxdata:speed>7.342</gpxdata:speed>
    </extensions>
   </trkpt>
   <trkpt lat="46.8969249" lon="4.9703969">
    <ele>176</ele>
    <time>2026-06-07T09:50:21Z</time>
    <extensions>
     <gpxdata:distance>5395.00</gpxdata:distance>
     <gpxdata:speed>7.381</gpxdata:speed>
    </extensions>
   </trkpt>
   <trkpt lat="46.8969736" lon="4.9704642">
    <ele>176</ele>
    <time>2026-06-07T09:50:22Z</time>
    <extensions>
     <gpxdata:distance>5402.50</gpxdata:distance>
     <gpxdata:speed>7.414</gpxdata:speed>
    </extensions>
   </trkpt>
   <trkpt lat="46.8970215" lon="4.9705327">
    <ele>176</ele>
    <time>2026-06-07T09:50:23Z</time>
    <extensions>
     <gpxdata:distance>5410.00</gpxdata:distance>
     <gpxdata:speed>7.428</gpxdata:speed>
    </extensions>
   </trkpt>
   <trkpt lat="46.8970690" lon="4.9706010">
    <ele>176</ele>
    <time>2026-06-07T09:50:24Z</time>
    <extensions>
     <gpxdata:distance>5417.50</gpxdata:distance>
     <gpxdata:speed>7.417</gpxdata:speed>
    </extensions>
   </trkpt>
   <trkpt lat="46.8971164" lon="4.9706685">
    <ele>176</ele>
    <time>2026-06-07T09:50:25Z</time>
    <extensions>
     <gpxdata:distance>5425.00</gpxdata:distance>
     <gpxdata:speed>7.397</gpxdata:speed>
    </extensions>
   </trkpt>
   <trkpt lat="46.8971635" lon="4.9707349">
    <ele>176</ele>
    <time>2026-06-07T09:50:26Z</time>
    <extensions>
     <gpxdata:distance>5432.00</gpxdata:distance>
     <gpxdata:speed>7.353</gpxdata:speed>
    </extensions>
   </trkpt>
   <trkpt lat="46.8972106" lon="4.9707999">
    <ele>176</ele>
    <time>2026-06-07T09:50:27Z</time>
    <extensions>
     <gpxdata:distance>5439.00</gpxdata:distance>
     <gpxdata:speed>7.303</gpxdata:speed>
    </extensions>
   </trkpt>
   <trkpt lat="46.8972563" lon="4.9708653">
    <ele>176</ele>
    <time>2026-06-07T09:50:28Z</time>
    <extensions>
     <gpxdata:distance>5446.00</gpxdata:distance>
     <gpxdata:speed>7.236</gpxdata:speed>
    </extensions>
   </trkpt>
   <trkpt lat="46.8972997" lon="4.9709312">
    <ele>176</ele>
    <time>2026-06-07T09:50:29Z</time>
    <extensions>
     <gpxdata:distance>5453.00</gpxdata:distance>
     <gpxdata:speed>7.136</gpxdata:speed>
    </extensions>
   </trkpt>
   <trkpt lat="46.8973416" lon="4.9709954">
    <ele>176</ele>
    <time>2026-06-07T09:50:30Z</time>
    <extensions>
     <gpxdata:distance>5459.50</gpxdata:distance>
     <gpxdata:speed>6.992</gpxdata:speed>
    </extensions>
   </trkpt>
   <trkpt lat="46.8973831" lon="4.9710578">
    <ele>176</ele>
    <time>2026-06-07T09:50:31Z</time>
    <extensions>
     <gpxdata:distance>5466.00</gpxdata:distance>
     <gpxdata:speed>6.856</gpxdata:speed>
    </extensions>
   </trkpt>
   <trkpt lat="46.8974228" lon="4.9711201">
    <ele>176</ele>
    <time>2026-06-07T09:50:32Z</time>
    <extensions>
     <gpxdata:distance>5472.50</gpxdata:distance>
     <gpxdata:speed>6.642</gpxdata:speed>
    </extensions>
   </trkpt>
   <trkpt lat="46.8974597" lon="4.9711839">
    <ele>176</ele>
    <time>2026-06-07T09:50:33Z</time>
    <extensions>
     <gpxdata:distance>5479.00</gpxdata:distance>
     <gpxdata:speed>6.436</gpxdata:speed>
    </extensions>
   </trkpt>
   <trkpt lat="46.8974943" lon="4.9712489">
    <ele>176</ele>
    <time>2026-06-07T09:50:34Z</time>
    <extensions>
     <gpxdata:distance>5485.00</gpxdata:distance>
     <gpxdata:speed>6.322</gpxdata:speed>
    </extensions>
   </trkpt>
   <trkpt lat="46.8975284" lon="4.9713128">
    <ele>176</ele>
    <time>2026-06-07T09:50:35Z</time>
    <extensions>
     <gpxdata:distance>5491.00</gpxdata:distance>
     <gpxdata:speed>6.217</gpxdata:speed>
    </extensions>
   </trkpt>
   <trkpt lat="46.8975634" lon="4.9713737">
    <ele>176</ele>
    <time>2026-06-07T09:50:36Z</time>
    <extensions>
     <gpxdata:distance>5497.00</gpxdata:distance>
     <gpxdata:speed>6.106</gpxdata:speed>
    </extensions>
   </trkpt>
   <trkpt lat="46.8975994" lon="4.9714306">
    <ele>176</ele>
    <time>2026-06-07T09:50:37Z</time>
    <extensions>
     <gpxdata:distance>5503.00</gpxdata:distance>
     <gpxdata:speed>5.950</gpxdata:speed>
    </extensions>
   </trkpt>
   <trkpt lat="46.8976268" lon="4.9714667">
    <ele>176</ele>
    <time>2026-06-07T09:50:38Z</time>
    <extensions>
     <gpxdata:distance>5508.00</gpxdata:distance>
     <gpxdata:speed>5.731</gpxdata:speed>
    </extensions>
   </trkpt>
   <trkpt lat="46.8976641" lon="4.9715022">
    <ele>176</ele>
    <time>2026-06-07T09:50:39Z</time>
    <extensions>
     <gpxdata:distance>5513.00</gpxdata:distance>
     <gpxdata:speed>5.489</gpxdata:speed>
    </extensions>
   </trkpt>
   <trkpt lat="46.8977064" lon="4.9715239">
    <ele>176</ele>
    <time>2026-06-07T09:50:40Z</time>
    <extensions>
     <gpxdata:distance>5518.50</gpxdata:distance>
     <gpxdata:speed>5.306</gpxdata:speed>
    </extensions>
   </trkpt>
   <trkpt lat="46.8977515" lon="4.9715276">
    <ele>176</ele>
    <time>2026-06-07T09:50:41Z</time>
    <extensions>
     <gpxdata:distance>5524.00</gpxdata:distance>
     <gpxdata:speed>5.336</gpxdata:speed>
    </extensions>
   </trkpt>
   <trkpt lat="46.8977984" lon="4.9715178">
    <ele>176</ele>
    <time>2026-06-07T09:50:42Z</time>
    <extensions>
     <gpxdata:distance>5529.50</gpxdata:distance>
     <gpxdata:speed>5.433</gpxdata:speed>
    </extensions>
   </trkpt>
   <trkpt lat="46.8978465" lon="4.9715017">
    <ele>176</ele>
    <time>2026-06-07T09:50:43Z</time>
    <extensions>
     <gpxdata:distance>5535.00</gpxdata:distance>
     <gpxdata:speed>5.467</gpxdata:speed>
    </extensions>
   </trkpt>
   <trkpt lat="46.8978956" lon="4.9714845">
    <ele>176</ele>
    <time>2026-06-07T09:50:44Z</time>
    <extensions>
     <gpxdata:distance>5540.50</gpxdata:distance>
     <gpxdata:speed>5.511</gpxdata:speed>
    </extensions>
   </trkpt>
   <trkpt lat="46.8979458" lon="4.9714688">
    <ele>176</ele>
    <time>2026-06-07T09:50:45Z</time>
    <extensions>
     <gpxdata:distance>5546.00</gpxdata:distance>
     <gpxdata:speed>5.575</gpxdata:speed>
    </extensions>
   </trkpt>
   <trkpt lat="46.8979972" lon="4.9714563">
    <ele>176</ele>
    <time>2026-06-07T09:50:46Z</time>
    <extensions>
     <gpxdata:distance>5552.00</gpxdata:distance>
     <gpxdata:speed>5.653</gpxdata:speed>
    </extensions>
   </trkpt>
   <trkpt lat="46.8980498" lon="4.9714476">
    <ele>176</ele>
    <time>2026-06-07T09:50:47Z</time>
    <extensions>
     <gpxdata:distance>5558.00</gpxdata:distance>
     <gpxdata:speed>5.750</gpxdata:speed>
    </extensions>
   </trkpt>
   <trkpt lat="46.8981035" lon="4.9714405">
    <ele>176</ele>
    <time>2026-06-07T09:50:48Z</time>
    <extensions>
     <gpxdata:distance>5564.00</gpxdata:distance>
     <gpxdata:speed>5.853</gpxdata:speed>
    </extensions>
   </trkpt>
   <trkpt lat="46.8981582" lon="4.9714319">
    <ele>176</ele>
    <time>2026-06-07T09:50:49Z</time>
    <extensions>
     <gpxdata:distance>5570.00</gpxdata:distance>
     <gpxdata:speed>5.975</gpxdata:speed>
    </extensions>
   </trkpt>
   <trkpt lat="46.8982141" lon="4.9714212">
    <ele>176</ele>
    <time>2026-06-07T09:50:50Z</time>
    <extensions>
     <gpxdata:distance>5576.50</gpxdata:distance>
     <gpxdata:speed>6.247</gpxdata:speed>
    </extensions>
   </trkpt>
   <trkpt lat="46.8982900" lon="4.9714049">
    <ele>176</ele>
    <time>2026-06-07T09:50:51Z</time>
    <extensions>
     <gpxdata:distance>5583.00</gpxdata:distance>
     <gpxdata:speed>6.397</gpxdata:speed>
    </extensions>
   </trkpt>
   <trkpt lat="46.8983504" lon="4.9713916">
    <ele>176</ele>
    <time>2026-06-07T09:50:52Z</time>
    <extensions>
     <gpxdata:distance>5590.00</gpxdata:distance>
     <gpxdata:speed>6.489</gpxdata:speed>
    </extensions>
   </trkpt>
   <trkpt lat="46.8984093" lon="4.9713790">
    <ele>176</ele>
    <time>2026-06-07T09:50:53Z</time>
    <extensions>
     <gpxdata:distance>5597.00</gpxdata:distance>
     <gpxdata:speed>6.550</gpxdata:speed>
    </extensions>
   </trkpt>
   <trkpt lat="46.8984687" lon="4.9713665">
    <ele>176</ele>
    <time>2026-06-07T09:50:54Z</time>
    <extensions>
     <gpxdata:distance>5603.50</gpxdata:distance>
     <gpxdata:speed>6.636</gpxdata:speed>
    </extensions>
   </trkpt>
   <trkpt lat="46.8985286" lon="4.9713535">
    <ele>176</ele>
    <time>2026-06-07T09:50:55Z</time>
    <extensions>
     <gpxdata:distance>5610.00</gpxdata:distance>
     <gpxdata:speed>6.706</gpxdata:speed>
    </extensions>
   </trkpt>
   <trkpt lat="46.8985890" lon="4.9713379">
    <ele>176</ele>
    <time>2026-06-07T09:50:56Z</time>
    <extensions>
     <gpxdata:distance>5617.00</gpxdata:distance>
     <gpxdata:speed>6.806</gpxdata:speed>
    </extensions>
   </trkpt>
   <trkpt lat="46.8986496" lon="4.9713204">
    <ele>176</ele>
    <time>2026-06-07T09:50:57Z</time>
    <extensions>
     <gpxdata:distance>5624.00</gpxdata:distance>
     <gpxdata:speed>6.842</gpxdata:speed>
    </extensions>
   </trkpt>
   <trkpt lat="46.8987101" lon="4.9713040">
    <ele>176</ele>
    <time>2026-06-07T09:50:58Z</time>
    <extensions>
     <gpxdata:distance>5630.50</gpxdata:distance>
     <gpxdata:speed>6.825</gpxdata:speed>
    </extensions>
   </trkpt>
   <trkpt lat="46.8987700" lon="4.9712894">
    <ele>176</ele>
    <time>2026-06-07T09:50:59Z</time>
    <extensions>
     <gpxdata:distance>5637.00</gpxdata:distance>
     <gpxdata:speed>6.764</gpxdata:speed>
    </extensions>
   </trkpt>
   <trkpt lat="46.8988290" lon="4.9712756">
    <ele>176</ele>
    <time>2026-06-07T09:51:00Z</time>
    <extensions>
     <gpxdata:distance>5643.50</gpxdata:distance>
     <gpxdata:speed>6.686</gpxdata:speed>
    </extensions>
   </trkpt>
   <trkpt lat="46.8988873" lon="4.9712630">
    <ele>176</ele>
    <time>2026-06-07T09:51:01Z</time>
    <extensions>
     <gpxdata:distance>5650.00</gpxdata:distance>
     <gpxdata:speed>6.642</gpxdata:speed>
    </extensions>
   </trkpt>
   <trkpt lat="46.8989457" lon="4.9712523">
    <ele>175</ele>
    <time>2026-06-07T09:51:02Z</time>
    <extensions>
     <gpxdata:distance>5657.00</gpxdata:distance>
     <gpxdata:speed>6.617</gpxdata:speed>
    </extensions>
   </trkpt>
   <trkpt lat="46.8990039" lon="4.9712411">
    <ele>175</ele>
    <time>2026-06-07T09:51:03Z</time>
    <extensions>
     <gpxdata:distance>5664.00</gpxdata:distance>
     <gpxdata:speed>6.594</gpxdata:speed>
    </extensions>
   </trkpt>
   <trkpt lat="46.8990613" lon="4.9712283">
    <ele>175</ele>
    <time>2026-06-07T09:51:04Z</time>
    <extensions>
     <gpxdata:distance>5670.00</gpxdata:distance>
     <gpxdata:speed>6.542</gpxdata:speed>
    </extensions>
   </trkpt>
   <trkpt lat="46.8991172" lon="4.9712148">
    <ele>175</ele>
    <time>2026-06-07T09:51:05Z</time>
    <extensions>
     <gpxdata:distance>5676.00</gpxdata:distance>
     <gpxdata:speed>6.456</gpxdata:speed>
    </extensions>
   </trkpt>
   <trkpt lat="46.8991712" lon="4.9712024">
    <ele>175</ele>
    <time>2026-06-07T09:51:06Z</time>
    <extensions>
     <gpxdata:distance>5681.50</gpxdata:distance>
     <gpxdata:speed>6.139</gpxdata:speed>
    </extensions>
   </trkpt>
   <trkpt lat="46.8992225" lon="4.9711925">
    <ele>175</ele>
    <time>2026-06-07T09:51:07Z</time>
    <extensions>
     <gpxdata:distance>5687.00</gpxdata:distance>
     <gpxdata:speed>5.836</gpxdata:speed>
    </extensions>
   </trkpt>
   <trkpt lat="46.8992578" lon="4.9711862">
    <ele>175</ele>
    <time>2026-06-07T09:51:08Z</time>
    <extensions>
     <gpxdata:distance>5692.50</gpxdata:distance>
     <gpxdata:speed>5.572</gpxdata:speed>
    </extensions>
   </trkpt>
   <trkpt lat="46.8993014" lon="4.9711785">
    <ele>175</ele>
    <time>2026-06-07T09:51:09Z</time>
    <extensions>
     <gpxdata:distance>5698.00</gpxdata:distance>
     <gpxdata:speed>5.378</gpxdata:speed>
    </extensions>
   </trkpt>
   <trkpt lat="46.8993467" lon="4.9711709">
    <ele>175</ele>
    <time>2026-06-07T09:51:10Z</time>
    <extensions>
     <gpxdata:distance>5703.00</gpxdata:distance>
     <gpxdata:speed>5.244</gpxdata:speed>
    </extensions>
   </trkpt>
   <trkpt lat="46.8993922" lon="4.9711632">
    <ele>175</ele>
    <time>2026-06-07T09:51:11Z</time>
    <extensions>
     <gpxdata:distance>5708.00</gpxdata:distance>
     <gpxdata:speed>5.189</gpxdata:speed>
    </extensions>
   </trkpt>
   <trkpt lat="46.8994372" lon="4.9711542">
    <ele>175</ele>
    <time>2026-06-07T09:51:12Z</time>
    <extensions>
     <gpxdata:distance>5713.00</gpxdata:distance>
     <gpxdata:speed>5.092</gpxdata:speed>
    </extensions>
   </trkpt>
   <trkpt lat="46.8994818" lon="4.9711426">
    <ele>175</ele>
    <time>2026-06-07T09:51:13Z</time>
    <extensions>
     <gpxdata:distance>5718.00</gpxdata:distance>
     <gpxdata:speed>5.069</gpxdata:speed>
    </extensions>
   </trkpt>
   <trkpt lat="46.8995265" lon="4.9711298">
    <ele>175</ele>
    <time>2026-06-07T09:51:14Z</time>
    <extensions>
     <gpxdata:distance>5723.00</gpxdata:distance>
     <gpxdata:speed>5.092</gpxdata:speed>
    </extensions>
   </trkpt>
   <trkpt lat="46.8995712" lon="4.9711178">
    <ele>175</ele>
    <time>2026-06-07T09:51:15Z</time>
    <extensions>
     <gpxdata:distance>5728.00</gpxdata:distance>
     <gpxdata:speed>5.058</gpxdata:speed>
    </extensions>
   </trkpt>
   <trkpt lat="46.8996161" lon="4.9711067">
    <ele>175</ele>
    <time>2026-06-07T09:51:16Z</time>
    <extensions>
     <gpxdata:distance>5733.50</gpxdata:distance>
     <gpxdata:speed>5.050</gpxdata:speed>
    </extensions>
   </trkpt>
   <trkpt lat="46.8996611" lon="4.9710971">
    <ele>175</ele>
    <time>2026-06-07T09:51:17Z</time>
    <extensions>
     <gpxdata:distance>5739.00</gpxdata:distance>
     <gpxdata:speed>5.044</gpxdata:speed>
    </extensions>
   </trkpt>
   <trkpt lat="46.8997056" lon="4.9710866">
    <ele>175</ele>
    <time>2026-06-07T09:51:18Z</time>
    <extensions>
     <gpxdata:distance>5744.00</gpxdata:distance>
     <gpxdata:speed>5.017</gpxdata:speed>
    </extensions>
   </trkpt>
   <trkpt lat="46.8997497" lon="4.9710737">
    <ele>175</ele>
    <time>2026-06-07T09:51:19Z</time>
    <extensions>
     <gpxdata:distance>5749.00</gpxdata:distance>
     <gpxdata:speed>5.011</gpxdata:speed>
    </extensions>
   </trkpt>
   <trkpt lat="46.8997941" lon="4.9710608">
    <ele>175</ele>
    <time>2026-06-07T09:51:20Z</time>
    <extensions>
     <gpxdata:distance>5754.00</gpxdata:distance>
     <gpxdata:speed>5.031</gpxdata:speed>
    </extensions>
   </trkpt>
   <trkpt lat="46.8998388" lon="4.9710493">
    <ele>175</ele>
    <time>2026-06-07T09:51:21Z</time>
    <extensions>
     <gpxdata:distance>5759.00</gpxdata:distance>
     <gpxdata:speed>5.039</gpxdata:speed>
    </extensions>
   </trkpt>
   <trkpt lat="46.8998837" lon="4.9710386">
    <ele>175</ele>
    <time>2026-06-07T09:51:22Z</time>
    <extensions>
     <gpxdata:distance>5764.00</gpxdata:distance>
     <gpxdata:speed>5.047</gpxdata:speed>
    </extensions>
   </trkpt>
   <trkpt lat="46.8999287" lon="4.9710286">
    <ele>175</ele>
    <time>2026-06-07T09:51:23Z</time>
    <extensions>
     <gpxdata:distance>5769.00</gpxdata:distance>
     <gpxdata:speed>5.053</gpxdata:speed>
    </extensions>
   </trkpt>
   <trkpt lat="46.8999737" lon="4.9710192">
    <ele>175</ele>
    <time>2026-06-07T09:51:24Z</time>
    <extensions>
     <gpxdata:distance>5774.00</gpxdata:distance>
     <gpxdata:speed>5.053</gpxdata:speed>
    </extensions>
   </trkpt>
   <trkpt lat="46.9000182" lon="4.9710114">
    <ele>175</ele>
    <time>2026-06-07T09:51:25Z</time>
    <extensions>
     <gpxdata:distance>5779.00</gpxdata:distance>
     <gpxdata:speed>5.022</gpxdata:speed>
    </extensions>
   </trkpt>
   <trkpt lat="46.9000622" lon="4.9710057">
    <ele>175</ele>
    <time>2026-06-07T09:51:26Z</time>
    <extensions>
     <gpxdata:distance>5783.50</gpxdata:distance>
     <gpxdata:speed>4.972</gpxdata:speed>
    </extensions>
   </trkpt>
   <trkpt lat="46.9001056" lon="4.9710011">
    <ele>175</ele>
    <time>2026-06-07T09:51:27Z</time>
    <extensions>
     <gpxdata:distance>5788.00</gpxdata:distance>
     <gpxdata:speed>4.919</gpxdata:speed>
    </extensions>
   </trkpt>
   <trkpt lat="46.9001489" lon="4.9709949">
    <ele>175</ele>
    <time>2026-06-07T09:51:28Z</time>
    <extensions>
     <gpxdata:distance>5793.00</gpxdata:distance>
     <gpxdata:speed>4.894</gpxdata:speed>
    </extensions>
   </trkpt>
   <trkpt lat="46.9001921" lon="4.9709860">
    <ele>175</ele>
    <time>2026-06-07T09:51:29Z</time>
    <extensions>
     <gpxdata:distance>5798.00</gpxdata:distance>
     <gpxdata:speed>4.892</gpxdata:speed>
    </extensions>
   </trkpt>
   <trkpt lat="46.9002352" lon="4.9709760">
    <ele>175</ele>
    <time>2026-06-07T09:51:30Z</time>
    <extensions>
     <gpxdata:distance>5803.00</gpxdata:distance>
     <gpxdata:speed>4.878</gpxdata:speed>
    </extensions>
   </trkpt>
   <trkpt lat="46.9002781" lon="4.9709667">
    <ele>176</ele>
    <time>2026-06-07T09:51:31Z</time>
    <extensions>
     <gpxdata:distance>5808.00</gpxdata:distance>
     <gpxdata:speed>4.853</gpxdata:speed>
    </extensions>
   </trkpt>
   <trkpt lat="46.9003206" lon="4.9709584">
    <ele>176</ele>
    <time>2026-06-07T09:51:32Z</time>
    <extensions>
     <gpxdata:distance>5812.50</gpxdata:distance>
     <gpxdata:speed>4.814</gpxdata:speed>
    </extensions>
   </trkpt>
   <trkpt lat="46.9003626" lon="4.9709496">
    <ele>176</ele>
    <time>2026-06-07T09:51:33Z</time>
    <extensions>
     <gpxdata:distance>5817.00</gpxdata:distance>
     <gpxdata:speed>4.775</gpxdata:speed>
    </extensions>
   </trkpt>
   <trkpt lat="46.9004039" lon="4.9709399">
    <ele>176</ele>
    <time>2026-06-07T09:51:34Z</time>
    <extensions>
     <gpxdata:distance>5821.50</gpxdata:distance>
     <gpxdata:speed>4.722</gpxdata:speed>
    </extensions>
   </trkpt>
   <trkpt lat="46.9004445" lon="4.9709305">
    <ele>176</ele>
    <time>2026-06-07T09:51:35Z</time>
    <extensions>
     <gpxdata:distance>5826.00</gpxdata:distance>
     <gpxdata:speed>4.661</gpxdata:speed>
    </extensions>
   </trkpt>
   <trkpt lat="46.9004844" lon="4.9709223">
    <ele>176</ele>
    <time>2026-06-07T09:51:36Z</time>
    <extensions>
     <gpxdata:distance>5830.50</gpxdata:distance>
     <gpxdata:speed>4.581</gpxdata:speed>
    </extensions>
   </trkpt>
   <trkpt lat="46.9005232" lon="4.9709140">
    <ele>176</ele>
    <time>2026-06-07T09:51:37Z</time>
    <extensions>
     <gpxdata:distance>5835.00</gpxdata:distance>
     <gpxdata:speed>4.483</gpxdata:speed>
    </extensions>
   </trkpt>
   <trkpt lat="46.9005611" lon="4.9709039">
    <ele>176</ele>
    <time>2026-06-07T09:51:38Z</time>
    <extensions>
     <gpxdata:distance>5839.00</gpxdata:distance>
     <gpxdata:speed>4.403</gpxdata:speed>
    </extensions>
   </trkpt>
   <trkpt lat="46.9005982" lon="4.9708937">
    <ele>176</ele>
    <time>2026-06-07T09:51:39Z</time>
    <extensions>
     <gpxdata:distance>5843.00</gpxdata:distance>
     <gpxdata:speed>4.294</gpxdata:speed>
    </extensions>
   </trkpt>
   <trkpt lat="46.9006349" lon="4.9708850">
    <ele>176</ele>
    <time>2026-06-07T09:51:40Z</time>
    <extensions>
     <gpxdata:distance>5847.00</gpxdata:distance>
     <gpxdata:speed>4.186</gpxdata:speed>
    </extensions>
   </trkpt>
   <trkpt lat="46.9006708" lon="4.9708776">
    <ele>177</ele>
    <time>2026-06-07T09:51:41Z</time>
    <extensions>
     <gpxdata:distance>5851.00</gpxdata:distance>
     <gpxdata:speed>4.069</gpxdata:speed>
    </extensions>
   </trkpt>
   <trkpt lat="46.9007061" lon="4.9708707">
    <ele>177</ele>
    <time>2026-06-07T09:51:42Z</time>
    <extensions>
     <gpxdata:distance>5855.00</gpxdata:distance>
     <gpxdata:speed>3.975</gpxdata:speed>
    </extensions>
   </trkpt>
   <trkpt lat="46.9007406" lon="4.9708643">
    <ele>177</ele>
    <time>2026-06-07T09:51:43Z</time>
    <extensions>
     <gpxdata:distance>5859.00</gpxdata:distance>
     <gpxdata:speed>3.892</gpxdata:speed>
    </extensions>
   </trkpt>
   <trkpt lat="46.9007747" lon="4.9708590">
    <ele>177</ele>
    <time>2026-06-07T09:51:44Z</time>
    <extensions>
     <gpxdata:distance>5862.50</gpxdata:distance>
     <gpxdata:speed>3.822</gpxdata:speed>
    </extensions>
   </trkpt>
   <trkpt lat="46.9008082" lon="4.9708555">
    <ele>177</ele>
    <time>2026-06-07T09:51:45Z</time>
    <extensions>
     <gpxdata:distance>5866.00</gpxdata:distance>
     <gpxdata:speed>3.750</gpxdata:speed>
    </extensions>
   </trkpt>
   <trkpt lat="46.9008413" lon="4.9708570">
    <ele>177</ele>
    <time>2026-06-07T09:51:46Z</time>
    <extensions>
     <gpxdata:distance>5869.50</gpxdata:distance>
     <gpxdata:speed>3.733</gpxdata:speed>
    </extensions>
   </trkpt>
   <trkpt lat="46.9008715" lon="4.9708702">
    <ele>177</ele>
    <time>2026-06-07T09:51:47Z</time>
    <extensions>
     <gpxdata:distance>5873.00</gpxdata:distance>
     <gpxdata:speed>3.678</gpxdata:speed>
    </extensions>
   </trkpt>
   <trkpt lat="46.9008950" lon="4.9709002">
    <ele>177</ele>
    <time>2026-06-07T09:51:48Z</time>
    <extensions>
     <gpxdata:distance>5877.50</gpxdata:distance>
     <gpxdata:speed>3.797</gpxdata:speed>
    </extensions>
   </trkpt>
   <trkpt lat="46.9009118" lon="4.9709457">
    <ele>178</ele>
    <time>2026-06-07T09:51:49Z</time>
    <extensions>
     <gpxdata:distance>5882.00</gpxdata:distance>
     <gpxdata:speed>4.017</gpxdata:speed>
    </extensions>
   </trkpt>
   <trkpt lat="46.9009253" lon="4.9710010">
    <ele>178</ele>
    <time>2026-06-07T09:51:50Z</time>
    <extensions>
     <gpxdata:distance>5886.50</gpxdata:distance>
     <gpxdata:speed>4.256</gpxdata:speed>
    </extensions>
   </trkpt>
   <trkpt lat="46.9009388" lon="4.9710609">
    <ele>178</ele>
    <time>2026-06-07T09:51:51Z</time>
    <extensions>
     <gpxdata:distance>5891.00</gpxdata:distance>
     <gpxdata:speed>4.472</gpxdata:speed>
    </extensions>
   </trkpt>
   <trkpt lat="46.9009542" lon="4.9711227">
    <ele>178</ele>
    <time>2026-06-07T09:51:52Z</time>
    <extensions>
     <gpxdata:distance>5896.50</gpxdata:distance>
     <gpxdata:speed>4.672</gpxdata:speed>
    </extensions>
   </trkpt>
   <trkpt lat="46.9009708" lon="4.9711857">
    <ele>178</ele>
    <time>2026-06-07T09:51:53Z</time>
    <extensions>
     <gpxdata:distance>5902.00</gpxdata:distance>
     <gpxdata:speed>4.847</gpxdata:speed>
    </extensions>
   </trkpt>
   <trkpt lat="46.9009875" lon="4.9712507">
    <ele>178</ele>
    <time>2026-06-07T09:51:54Z</time>
    <extensions>
     <gpxdata:distance>5907.50</gpxdata:distance>
     <gpxdata:speed>5.019</gpxdata:speed>
    </extensions>
   </trkpt>
   <trkpt lat="46.9010043" lon="4.9713176">
    <ele>178</ele>
    <time>2026-06-07T09:51:55Z</time>
    <extensions>
     <gpxdata:distance>5913.00</gpxdata:distance>
     <gpxdata:speed>5.183</gpxdata:speed>
    </extensions>
   </trkpt>
   <trkpt lat="46.9010232" lon="4.9713861">
    <ele>178</ele>
    <time>2026-06-07T09:51:56Z</time>
    <extensions>
     <gpxdata:distance>5919.00</gpxdata:distance>
     <gpxdata:speed>5.372</gpxdata:speed>
    </extensions>
   </trkpt>
   <trkpt lat="46.9010444" lon="4.9714563">
    <ele>178</ele>
    <time>2026-06-07T09:51:57Z</time>
    <extensions>
     <gpxdata:distance>5925.00</gpxdata:distance>
     <gpxdata:speed>5.833</gpxdata:speed>
    </extensions>
   </trkpt>
   <trkpt lat="46.9010666" lon="4.9715278">
    <ele>178</ele>
    <time>2026-06-07T09:51:58Z</time>
    <extensions>
     <gpxdata:distance>5931.00</gpxdata:distance>
     <gpxdata:speed>5.958</gpxdata:speed>
    </extensions>
   </trkpt>
   <trkpt lat="46.9010891" lon="4.9715998">
    <ele>178</ele>
    <time>2026-06-07T09:51:59Z</time>
    <extensions>
     <gpxdata:distance>5937.00</gpxdata:distance>
     <gpxdata:speed>5.983</gpxdata:speed>
    </extensions>
   </trkpt>
   <trkpt lat="46.9011116" lon="4.9716712">
    <ele>178</ele>
    <time>2026-06-07T09:52:00Z</time>
    <extensions>
     <gpxdata:distance>5942.50</gpxdata:distance>
     <gpxdata:speed>5.978</gpxdata:speed>
    </extensions>
   </trkpt>
   <trkpt lat="46.9011342" lon="4.9717414">
    <ele>178</ele>
    <time>2026-06-07T09:52:01Z</time>
    <extensions>
     <gpxdata:distance>5948.00</gpxdata:distance>
     <gpxdata:speed>5.942</gpxdata:speed>
    </extensions>
   </trkpt>
   <trkpt lat="46.9011569" lon="4.9718110">
    <ele>178</ele>
    <time>2026-06-07T09:52:02Z</time>
    <extensions>
     <gpxdata:distance>5954.00</gpxdata:distance>
     <gpxdata:speed>5.925</gpxdata:speed>
    </extensions>
   </trkpt>
   <trkpt lat="46.9011792" lon="4.9718805">
    <ele>178</ele>
    <time>2026-06-07T09:52:03Z</time>
    <extensions>
     <gpxdata:distance>5960.00</gpxdata:distance>
     <gpxdata:speed>5.906</gpxdata:speed>
    </extensions>
   </trkpt>
   <trkpt lat="46.9012010" lon="4.9719503">
    <ele>178</ele>
    <time>2026-06-07T09:52:04Z</time>
    <extensions>
     <gpxdata:distance>5966.00</gpxdata:distance>
     <gpxdata:speed>5.889</gpxdata:speed>
    </extensions>
   </trkpt>
   <trkpt lat="46.9012224" lon="4.9720198">
    <ele>178</ele>
    <time>2026-06-07T09:52:05Z</time>
    <extensions>
     <gpxdata:distance>5972.00</gpxdata:distance>
     <gpxdata:speed>5.858</gpxdata:speed>
    </extensions>
   </trkpt>
   <trkpt lat="46.9012444" lon="4.9720890">
    <ele>178</ele>
    <time>2026-06-07T09:52:06Z</time>
    <extensions>
     <gpxdata:distance>5978.00</gpxdata:distance>
     <gpxdata:speed>5.839</gpxdata:speed>
    </extensions>
   </trkpt>
   <trkpt lat="46.9012673" lon="4.9721588">
    <ele>178</ele>
    <time>2026-06-07T09:52:07Z</time>
    <extensions>
     <gpxdata:distance>5984.00</gpxdata:distance>
     <gpxdata:speed>5.872</gpxdata:speed>
    </extensions>
   </trkpt>
   <trkpt lat="46.9012906" lon="4.9722305">
    <ele>178</ele>
    <time>2026-06-07T09:52:08Z</time>
    <extensions>
     <gpxdata:distance>5990.00</gpxdata:distance>
     <gpxdata:speed>5.956</gpxdata:speed>
    </extensions>
   </trkpt>
   <trkpt lat="46.9013138" lon="4.9723049">
    <ele>178</ele>
    <time>2026-06-07T09:52:09Z</time>
    <extensions>
     <gpxdata:distance>5996.00</gpxdata:distance>
     <gpxdata:speed>6.072</gpxdata:speed>
    </extensions>
   </trkpt>
   <trkpt lat="46.9013456" lon="4.9724076">
    <ele>178</ele>
    <time>2026-06-07T09:52:10Z</time>
    <extensions>
     <gpxdata:distance>6003.00</gpxdata:distance>
     <gpxdata:speed>6.236</gpxdata:speed>
    </extensions>
   </trkpt>
   <trkpt lat="46.9013725" lon="4.9724910">
    <ele>177</ele>
    <time>2026-06-07T09:52:11Z</time>
    <extensions>
     <gpxdata:distance>6010.00</gpxdata:distance>
     <gpxdata:speed>6.667</gpxdata:speed>
    </extensions>
   </trkpt>
   <trkpt lat="46.9014006" lon="4.9725745">
    <ele>177</ele>
    <time>2026-06-07T09:52:12Z</time>
    <extensions>
     <gpxdata:distance>6017.50</gpxdata:distance>
     <gpxdata:speed>6.958</gpxdata:speed>
    </extensions>
   </trkpt>
   <trkpt lat="46.9014300" lon="4.9726599">
    <ele>177</ele>
    <time>2026-06-07T09:52:13Z</time>
    <extensions>
     <gpxdata:distance>6025.00</gpxdata:distance>
     <gpxdata:speed>7.172</gpxdata:speed>
    </extensions>
   </trkpt>
   <trkpt lat="46.9014597" lon="4.9727464">
    <ele>177</ele>
    <time>2026-06-07T09:52:14Z</time>
    <extensions>
     <gpxdata:distance>6032.00</gpxdata:distance>
     <gpxdata:speed>7.261</gpxdata:speed>
    </extensions>
   </trkpt>
   <trkpt lat="46.9014891" lon="4.9728327">
    <ele>177</ele>
    <time>2026-06-07T09:52:15Z</time>
    <extensions>
     <gpxdata:distance>6039.00</gpxdata:distance>
     <gpxdata:speed>7.256</gpxdata:speed>
    </extensions>
   </trkpt>
   <trkpt lat="46.9015165" lon="4.9729190">
    <ele>177</ele>
    <time>2026-06-07T09:52:16Z</time>
    <extensions>
     <gpxdata:distance>6046.00</gpxdata:distance>
     <gpxdata:speed>7.200</gpxdata:speed>
    </extensions>
   </trkpt>
   <trkpt lat="46.9015409" lon="4.9730060">
    <ele>176</ele>
    <time>2026-06-07T09:52:17Z</time>
    <extensions>
     <gpxdata:distance>6053.00</gpxdata:distance>
     <gpxdata:speed>7.197</gpxdata:speed>
    </extensions>
   </trkpt>
   <trkpt lat="46.9015626" lon="4.9730942">
    <ele>176</ele>
    <time>2026-06-07T09:52:18Z</time>
    <extensions>
     <gpxdata:distance>6060.50</gpxdata:distance>
     <gpxdata:speed>7.197</gpxdata:speed>
    </extensions>
   </trkpt>
   <trkpt lat="46.9015829" lon="4.9731836">
    <ele>176</ele>
    <time>2026-06-07T09:52:19Z</time>
    <extensions>
     <gpxdata:distance>6068.00</gpxdata:distance>
     <gpxdata:speed>7.208</gpxdata:speed>
    </extensions>
   </trkpt>
   <trkpt lat="46.9016034" lon="4.9732737">
    <ele>176</ele>
    <time>2026-06-07T09:52:20Z</time>
    <extensions>
     <gpxdata:distance>6075.00</gpxdata:distance>
     <gpxdata:speed>7.225</gpxdata:speed>
    </extensions>
   </trkpt>
   <trkpt lat="46.9016238" lon="4.9733647">
    <ele>176</ele>
    <time>2026-06-07T09:52:21Z</time>
    <extensions>
     <gpxdata:distance>6082.00</gpxdata:distance>
     <gpxdata:speed>7.256</gpxdata:speed>
    </extensions>
   </trkpt>
   <trkpt lat="46.9016443" lon="4.9734576">
    <ele>176</ele>
    <time>2026-06-07T09:52:22Z</time>
    <extensions>
     <gpxdata:distance>6089.50</gpxdata:distance>
     <gpxdata:speed>7.325</gpxdata:speed>
    </extensions>
   </trkpt>
   <trkpt lat="46.9016637" lon="4.9735518">
    <ele>176</ele>
    <time>2026-06-07T09:52:23Z</time>
    <extensions>
     <gpxdata:distance>6097.00</gpxdata:distance>
     <gpxdata:speed>7.378</gpxdata:speed>
    </extensions>
   </trkpt>
   <trkpt lat="46.9016830" lon="4.9736467">
    <ele>176</ele>
    <time>2026-06-07T09:52:24Z</time>
    <extensions>
     <gpxdata:distance>6104.50</gpxdata:distance>
     <gpxdata:speed>7.422</gpxdata:speed>
    </extensions>
   </trkpt>
   <trkpt lat="46.9017024" lon="4.9737415">
    <ele>176</ele>
    <time>2026-06-07T09:52:25Z</time>
    <extensions>
     <gpxdata:distance>6112.00</gpxdata:distance>
     <gpxdata:speed>7.456</gpxdata:speed>
    </extensions>
   </trkpt>
   <trkpt lat="46.9017225" lon="4.9738354">
    <ele>176</ele>
    <time>2026-06-07T09:52:26Z</time>
    <extensions>
     <gpxdata:distance>6119.50</gpxdata:distance>
     <gpxdata:speed>7.467</gpxdata:speed>
    </extensions>
   </trkpt>
   <trkpt lat="46.9017429" lon="4.9739288">
    <ele>176</ele>
    <time>2026-06-07T09:52:27Z</time>
    <extensions>
     <gpxdata:distance>6127.00</gpxdata:distance>
     <gpxdata:speed>7.464</gpxdata:speed>
    </extensions>
   </trkpt>
   <trkpt lat="46.9017641" lon="4.9740217">
    <ele>175</ele>
    <time>2026-06-07T09:52:28Z</time>
    <extensions>
     <gpxdata:distance>6134.50</gpxdata:distance>
     <gpxdata:speed>7.464</gpxdata:speed>
    </extensions>
   </trkpt>
   <trkpt lat="46.9017854" lon="4.9741150">
    <ele>175</ele>
    <time>2026-06-07T09:52:29Z</time>
    <extensions>
     <gpxdata:distance>6142.00</gpxdata:distance>
     <gpxdata:speed>7.475</gpxdata:speed>
    </extensions>
   </trkpt>
   <trkpt lat="46.9018058" lon="4.9742091">
    <ele>175</ele>
    <time>2026-06-07T09:52:30Z</time>
    <extensions>
     <gpxdata:distance>6149.50</gpxdata:distance>
     <gpxdata:speed>7.492</gpxdata:speed>
    </extensions>
   </trkpt>
   <trkpt lat="46.9018253" lon="4.9743040">
    <ele>175</ele>
    <time>2026-06-07T09:52:31Z</time>
    <extensions>
     <gpxdata:distance>6157.00</gpxdata:distance>
     <gpxdata:speed>7.508</gpxdata:speed>
    </extensions>
   </trkpt>
   <trkpt lat="46.9018438" lon="4.9743992">
    <ele>175</ele>
    <time>2026-06-07T09:52:32Z</time>
    <extensions>
     <gpxdata:distance>6164.50</gpxdata:distance>
     <gpxdata:speed>7.508</gpxdata:speed>
    </extensions>
   </trkpt>
   <trkpt lat="46.9018627" lon="4.9744946">
    <ele>175</ele>
    <time>2026-06-07T09:52:33Z</time>
    <extensions>
     <gpxdata:distance>6172.00</gpxdata:distance>
     <gpxdata:speed>7.525</gpxdata:speed>
    </extensions>
   </trkpt>
   <trkpt lat="46.9018820" lon="4.9745901">
    <ele>175</ele>
    <time>2026-06-07T09:52:34Z</time>
    <extensions>
     <gpxdata:distance>6180.00</gpxdata:distance>
     <gpxdata:speed>7.544</gpxdata:speed>
    </extensions>
   </trkpt>
   <trkpt lat="46.9019026" lon="4.9746856">
    <ele>175</ele>
    <time>2026-06-07T09:52:35Z</time>
    <extensions>
     <gpxdata:distance>6188.00</gpxdata:distance>
     <gpxdata:speed>7.572</gpxdata:speed>
    </extensions>
   </trkpt>
   <trkpt lat="46.9019249" lon="4.9747802">
    <ele>175</ele>
    <time>2026-06-07T09:52:36Z</time>
    <extensions>
     <gpxdata:distance>6195.50</gpxdata:distance>
     <gpxdata:speed>7.583</gpxdata:speed>
    </extensions>
   </trkpt>
   <trkpt lat="46.9019465" lon="4.9748737">
    <ele>176</ele>
    <time>2026-06-07T09:52:37Z</time>
    <extensions>
     <gpxdata:distance>6203.00</gpxdata:distance>
     <gpxdata:speed>7.544</gpxdata:speed>
    </extensions>
   </trkpt>
   <trkpt lat="46.9019658" lon="4.9749649">
    <ele>176</ele>
    <time>2026-06-07T09:52:38Z</time>
    <extensions>
     <gpxdata:distance>6210.00</gpxdata:distance>
     <gpxdata:speed>7.436</gpxdata:speed>
    </extensions>
   </trkpt>
   <trkpt lat="46.9019832" lon="4.9750538">
    <ele>176</ele>
    <time>2026-06-07T09:52:39Z</time>
    <extensions>
     <gpxdata:distance>6217.00</gpxdata:distance>
     <gpxdata:speed>7.289</gpxdata:speed>
    </extensions>
   </trkpt>
   <trkpt lat="46.9019999" lon="4.9751394">
    <ele>176</ele>
    <time>2026-06-07T09:52:40Z</time>
    <extensions>
     <gpxdata:distance>6223.00</gpxdata:distance>
     <gpxdata:speed>7.103</gpxdata:speed>
    </extensions>
   </trkpt>
   <trkpt lat="46.9020173" lon="4.9752212">
    <ele>176</ele>
    <time>2026-06-07T09:52:41Z</time>
    <extensions>
     <gpxdata:distance>6229.00</gpxdata:distance>
     <gpxdata:speed>6.647</gpxdata:speed>
    </extensions>
   </trkpt>
   <trkpt lat="46.9020359" lon="4.9753021">
    <ele>176</ele>
    <time>2026-06-07T09:52:42Z</time>
    <extensions>
     <gpxdata:distance>6236.00</gpxdata:distance>
     <gpxdata:speed>6.597</gpxdata:speed>
    </extensions>
   </trkpt>
   <trkpt lat="46.9020550" lon="4.9753849">
    <ele>176</ele>
    <time>2026-06-07T09:52:43Z</time>
    <extensions>
     <gpxdata:distance>6243.00</gpxdata:distance>
     <gpxdata:speed>6.692</gpxdata:speed>
    </extensions>
   </trkpt>
   <trkpt lat="46.9020746" lon="4.9754688">
    <ele>176</ele>
    <time>2026-06-07T09:52:44Z</time>
    <extensions>
     <gpxdata:distance>6249.50</gpxdata:distance>
     <gpxdata:speed>6.744</gpxdata:speed>
    </extensions>
   </trkpt>
   <trkpt lat="46.9020940" lon="4.9755526">
    <ele>176</ele>
    <time>2026-06-07T09:52:45Z</time>
    <extensions>
     <gpxdata:distance>6256.00</gpxdata:distance>
     <gpxdata:speed>6.717</gpxdata:speed>
    </extensions>
   </trkpt>
   <trkpt lat="46.9021122" lon="4.9756355">
    <ele>176</ele>
    <time>2026-06-07T09:52:46Z</time>
    <extensions>
     <gpxdata:distance>6263.00</gpxdata:distance>
     <gpxdata:speed>6.608</gpxdata:speed>
    </extensions>
   </trkpt>
   <trkpt lat="46.9021299" lon="4.9757184">
    <ele>176</ele>
    <time>2026-06-07T09:52:47Z</time>
    <extensions>
     <gpxdata:distance>6270.00</gpxdata:distance>
     <gpxdata:speed>6.614</gpxdata:speed>
    </extensions>
   </trkpt>
   <trkpt lat="46.9021487" lon="4.9758024">
    <ele>176</ele>
    <time>2026-06-07T09:52:48Z</time>
    <extensions>
     <gpxdata:distance>6276.50</gpxdata:distance>
     <gpxdata:speed>6.694</gpxdata:speed>
    </extensions>
   </trkpt>
   <trkpt lat="46.9021670" lon="4.9758886">
    <ele>176</ele>
    <time>2026-06-07T09:52:49Z</time>
    <extensions>
     <gpxdata:distance>6283.00</gpxdata:distance>
     <gpxdata:speed>6.778</gpxdata:speed>
    </extensions>
   </trkpt>
   <trkpt lat="46.9021849" lon="4.9759764">
    <ele>176</ele>
    <time>2026-06-07T09:52:50Z</time>
    <extensions>
     <gpxdata:distance>6290.50</gpxdata:distance>
     <gpxdata:speed>6.853</gpxdata:speed>
    </extensions>
   </trkpt>
   <trkpt lat="46.9022026" lon="4.9760658">
    <ele>176</ele>
    <time>2026-06-07T09:52:51Z</time>
    <extensions>
     <gpxdata:distance>6298.00</gpxdata:distance>
     <gpxdata:speed>6.933</gpxdata:speed>
    </extensions>
   </trkpt>
   <trkpt lat="46.9022205" lon="4.9761570">
    <ele>176</ele>
    <time>2026-06-07T09:52:52Z</time>
    <extensions>
     <gpxdata:distance>6305.00</gpxdata:distance>
     <gpxdata:speed>7.044</gpxdata:speed>
    </extensions>
   </trkpt>
   <trkpt lat="46.9022403" lon="4.9762481">
    <ele>176</ele>
    <time>2026-06-07T09:52:53Z</time>
    <extensions>
     <gpxdata:distance>6312.00</gpxdata:distance>
     <gpxdata:speed>7.122</gpxdata:speed>
    </extensions>
   </trkpt>
   <trkpt lat="46.9022626" lon="4.9763385">
    <ele>176</ele>
    <time>2026-06-07T09:52:54Z</time>
    <extensions>
     <gpxdata:distance>6319.50</gpxdata:distance>
     <gpxdata:speed>7.186</gpxdata:speed>
    </extensions>
   </trkpt>
   <trkpt lat="46.9022871" lon="4.9764274">
    <ele>176</ele>
    <time>2026-06-07T09:52:55Z</time>
    <extensions>
     <gpxdata:distance>6327.00</gpxdata:distance>
     <gpxdata:speed>7.219</gpxdata:speed>
    </extensions>
   </trkpt>
   <trkpt lat="46.9023136" lon="4.9765103">
    <ele>176</ele>
    <time>2026-06-07T09:52:56Z</time>
    <extensions>
     <gpxdata:distance>6333.50</gpxdata:distance>
     <gpxdata:speed>7.108</gpxdata:speed>
    </extensions>
   </trkpt>
   <trkpt lat="46.9023432" lon="4.9765892">
    <ele>176</ele>
    <time>2026-06-07T09:52:57Z</time>
    <extensions>
     <gpxdata:distance>6340.00</gpxdata:distance>
     <gpxdata:speed>7.025</gpxdata:speed>
    </extensions>
   </trkpt>
   <trkpt lat="46.9023739" lon="4.9766650">
    <ele>176</ele>
    <time>2026-06-07T09:52:58Z</time>
    <extensions>
     <gpxdata:distance>6346.50</gpxdata:distance>
     <gpxdata:speed>6.914</gpxdata:speed>
    </extensions>
   </trkpt>
   <trkpt lat="46.9024037" lon="4.9767374">
    <ele>176</ele>
    <time>2026-06-07T09:52:59Z</time>
    <extensions>
     <gpxdata:distance>6353.00</gpxdata:distance>
     <gpxdata:speed>6.506</gpxdata:speed>
    </extensions>
   </trkpt>
   <trkpt lat="46.9024311" lon="4.9768039">
    <ele>176</ele>
    <time>2026-06-07T09:53:00Z</time>
    <extensions>
     <gpxdata:distance>6358.00</gpxdata:distance>
     <gpxdata:speed>6.000</gpxdata:speed>
    </extensions>
   </trkpt>
   <trkpt lat="46.9024569" lon="4.9768632">
    <ele>176</ele>
    <time>2026-06-07T09:53:01Z</time>
    <extensions>
     <gpxdata:distance>6363.00</gpxdata:distance>
     <gpxdata:speed>5.472</gpxdata:speed>
    </extensions>
   </trkpt>
   <trkpt lat="46.9024742" lon="4.9769027">
    <ele>177</ele>
    <time>2026-06-07T09:53:02Z</time>
    <extensions>
     <gpxdata:distance>6368.00</gpxdata:distance>
     <gpxdata:speed>5.108</gpxdata:speed>
    </extensions>
   </trkpt>
   <trkpt lat="46.9024951" lon="4.9769528">
    <ele>177</ele>
    <time>2026-06-07T09:53:03Z</time>
    <extensions>
     <gpxdata:distance>6373.00</gpxdata:distance>
     <gpxdata:speed>5.011</gpxdata:speed>
    </extensions>
   </trkpt>
   <trkpt lat="46.9025129" lon="4.9770090">
    <ele>177</ele>
    <time>2026-06-07T09:53:04Z</time>
    <extensions>
     <gpxdata:distance>6378.00</gpxdata:distance>
     <gpxdata:speed>4.972</gpxdata:speed>
    </extensions>
   </trkpt>
   <trkpt lat="46.9025237" lon="4.9770699">
    <ele>178</ele>
    <time>2026-06-07T09:53:05Z</time>
    <extensions>
     <gpxdata:distance>6383.00</gpxdata:distance>
     <gpxdata:speed>4.989</gpxdata:speed>
    </extensions>
   </trkpt>
   <trkpt lat="46.9025275" lon="4.9771354">
    <ele>178</ele>
    <time>2026-06-07T09:53:06Z</time>
    <extensions>
     <gpxdata:distance>6388.50</gpxdata:distance>
     <gpxdata:speed>5.153</gpxdata:speed>
    </extensions>
   </trkpt>
   <trkpt lat="46.9025273" lon="4.9772059">
    <ele>178</ele>
    <time>2026-06-07T09:53:07Z</time>
    <extensions>
     <gpxdata:distance>6394.00</gpxdata:distance>
     <gpxdata:speed>5.300</gpxdata:speed>
    </extensions>
   </trkpt>
   <trkpt lat="46.9025278" lon="4.9772825">
    <ele>178</ele>
    <time>2026-06-07T09:53:08Z</time>
    <extensions>
     <gpxdata:distance>6400.50</gpxdata:distance>
     <gpxdata:speed>5.558</gpxdata:speed>
    </extensions>
   </trkpt>
   <trkpt lat="46.9025332" lon="4.9773639">
    <ele>178</ele>
    <time>2026-06-07T09:53:09Z</time>
    <extensions>
     <gpxdata:distance>6407.00</gpxdata:distance>
     <gpxdata:speed>5.858</gpxdata:speed>
    </extensions>
   </trkpt>
   <trkpt lat="46.9025445" lon="4.9774483">
    <ele>178</ele>
    <time>2026-06-07T09:53:10Z</time>
    <extensions>
     <gpxdata:distance>6414.00</gpxdata:distance>
     <gpxdata:speed>6.492</gpxdata:speed>
    </extensions>
   </trkpt>
   <trkpt lat="46.9025658" lon="4.9775642">
    <ele>178</ele>
    <time>2026-06-07T09:53:11Z</time>
    <extensions>
     <gpxdata:distance>6421.00</gpxdata:distance>
     <gpxdata:speed>6.822</gpxdata:speed>
    </extensions>
   </trkpt>
   <trkpt lat="46.9025859" lon="4.9776565">
    <ele>178</ele>
    <time>2026-06-07T09:53:12Z</time>
    <extensions>
     <gpxdata:distance>6428.00</gpxdata:distance>
     <gpxdata:speed>6.986</gpxdata:speed>
    </extensions>
   </trkpt>
   <trkpt lat="46.9026058" lon="4.9777459">
    <ele>178</ele>
    <time>2026-06-07T09:53:13Z</time>
    <extensions>
     <gpxdata:distance>6435.00</gpxdata:distance>
     <gpxdata:speed>7.019</gpxdata:speed>
    </extensions>
   </trkpt>
   <trkpt lat="46.9026250" lon="4.9778350">
    <ele>178</ele>
    <time>2026-06-07T09:53:14Z</time>
    <extensions>
     <gpxdata:distance>6442.00</gpxdata:distance>
     <gpxdata:speed>7.033</gpxdata:speed>
    </extensions>
   </trkpt>
   <trkpt lat="46.9026435" lon="4.9779251">
    <ele>177</ele>
    <time>2026-06-07T09:53:15Z</time>
    <extensions>
     <gpxdata:distance>6449.00</gpxdata:distance>
     <gpxdata:speed>7.131</gpxdata:speed>
    </extensions>
   </trkpt>
   <trkpt lat="46.9026625" lon="4.9780167">
    <ele>177</ele>
    <time>2026-06-07T09:53:16Z</time>
    <extensions>
     <gpxdata:distance>6456.50</gpxdata:distance>
     <gpxdata:speed>7.258</gpxdata:speed>
    </extensions>
   </trkpt>
   <trkpt lat="46.9026836" lon="4.9781095">
    <ele>177</ele>
    <time>2026-06-07T09:53:17Z</time>
    <extensions>
     <gpxdata:distance>6464.00</gpxdata:distance>
     <gpxdata:speed>7.408</gpxdata:speed>
    </extensions>
   </trkpt>
   <trkpt lat="46.9027073" lon="4.9782034">
    <ele>177</ele>
    <time>2026-06-07T09:53:18Z</time>
    <extensions>
     <gpxdata:distance>6472.00</gpxdata:distance>
     <gpxdata:speed>7.561</gpxdata:speed>
    </extensions>
   </trkpt>
   <trkpt lat="46.9027326" lon="4.9782970">
    <ele>177</ele>
    <time>2026-06-07T09:53:19Z</time>
    <extensions>
     <gpxdata:distance>6480.00</gpxdata:distance>
     <gpxdata:speed>7.594</gpxdata:speed>
    </extensions>
   </trkpt>
   <trkpt lat="46.9027583" lon="4.9783904">
    <ele>177</ele>
    <time>2026-06-07T09:53:20Z</time>
    <extensions>
     <gpxdata:distance>6487.50</gpxdata:distance>
     <gpxdata:speed>7.625</gpxdata:speed>
    </extensions>
   </trkpt>
   <trkpt lat="46.9027836" lon="4.9784844">
    <ele>177</ele>
    <time>2026-06-07T09:53:21Z</time>
    <extensions>
     <gpxdata:distance>6495.00</gpxdata:distance>
     <gpxdata:speed>7.650</gpxdata:speed>
    </extensions>
   </trkpt>
   <trkpt lat="46.9028078" lon="4.9785791">
    <ele>176</ele>
    <time>2026-06-07T09:53:22Z</time>
    <extensions>
     <gpxdata:distance>6502.50</gpxdata:distance>
     <gpxdata:speed>7.672</gpxdata:speed>
    </extensions>
   </trkpt>
   <trkpt lat="46.9028297" lon="4.9786749">
    <ele>176</ele>
    <time>2026-06-07T09:53:23Z</time>
    <extensions>
     <gpxdata:distance>6510.00</gpxdata:distance>
     <gpxdata:speed>7.683</gpxdata:speed>
    </extensions>
   </trkpt>
   <trkpt lat="46.9028478" lon="4.9787715">
    <ele>176</ele>
    <time>2026-06-07T09:53:24Z</time>
    <extensions>
     <gpxdata:distance>6517.50</gpxdata:distance>
     <gpxdata:speed>7.667</gpxdata:speed>
    </extensions>
   </trkpt>
   <trkpt lat="46.9028626" lon="4.9788686">
    <ele>176</ele>
    <time>2026-06-07T09:53:25Z</time>
    <extensions>
     <gpxdata:distance>6525.00</gpxdata:distance>
     <gpxdata:speed>7.625</gpxdata:speed>
    </extensions>
   </trkpt>
   <trkpt lat="46.9028760" lon="4.9789662">
    <ele>176</ele>
    <time>2026-06-07T09:53:26Z</time>
    <extensions>
     <gpxdata:distance>6532.50</gpxdata:distance>
     <gpxdata:speed>7.608</gpxdata:speed>
    </extensions>
   </trkpt>
   <trkpt lat="46.9028884" lon="4.9790640">
    <ele>176</ele>
    <time>2026-06-07T09:53:27Z</time>
    <extensions>
     <gpxdata:distance>6540.00</gpxdata:distance>
     <gpxdata:speed>7.594</gpxdata:speed>
    </extensions>
   </trkpt>
   <trkpt lat="46.9029004" lon="4.9791615">
    <ele>176</ele>
    <time>2026-06-07T09:53:28Z</time>
    <extensions>
     <gpxdata:distance>6547.50</gpxdata:distance>
     <gpxdata:speed>7.569</gpxdata:speed>
    </extensions>
   </trkpt>
   <trkpt lat="46.9029117" lon="4.9792590">
    <ele>176</ele>
    <time>2026-06-07T09:53:29Z</time>
    <extensions>
     <gpxdata:distance>6555.00</gpxdata:distance>
     <gpxdata:speed>7.553</gpxdata:speed>
    </extensions>
   </trkpt>
   <trkpt lat="46.9029222" lon="4.9793556">
    <ele>176</ele>
    <time>2026-06-07T09:53:30Z</time>
    <extensions>
     <gpxdata:distance>6562.50</gpxdata:distance>
     <gpxdata:speed>7.506</gpxdata:speed>
    </extensions>
   </trkpt>
   <trkpt lat="46.9029314" lon="4.9794507">
    <ele>176</ele>
    <time>2026-06-07T09:53:31Z</time>
    <extensions>
     <gpxdata:distance>6570.00</gpxdata:distance>
     <gpxdata:speed>7.431</gpxdata:speed>
    </extensions>
   </trkpt>
   <trkpt lat="46.9029407" lon="4.9795439">
    <ele>176</ele>
    <time>2026-06-07T09:53:32Z</time>
    <extensions>
     <gpxdata:distance>6577.00</gpxdata:distance>
     <gpxdata:speed>7.331</gpxdata:speed>
    </extensions>
   </trkpt>
   <trkpt lat="46.9029502" lon="4.9796366">
    <ele>176</ele>
    <time>2026-06-07T09:53:33Z</time>
    <extensions>
     <gpxdata:distance>6584.00</gpxdata:distance>
     <gpxdata:speed>7.264</gpxdata:speed>
    </extensions>
   </trkpt>
   <trkpt lat="46.9029589" lon="4.9797292">
    <ele>176</ele>
    <time>2026-06-07T09:53:34Z</time>
    <extensions>
     <gpxdata:distance>6591.50</gpxdata:distance>
     <gpxdata:speed>7.214</gpxdata:speed>
    </extensions>
   </trkpt>
   <trkpt lat="46.9029664" lon="4.9798230">
    <ele>176</ele>
    <time>2026-06-07T09:53:35Z</time>
    <extensions>
     <gpxdata:distance>6599.00</gpxdata:distance>
     <gpxdata:speed>7.208</gpxdata:speed>
    </extensions>
   </trkpt>
   <trkpt lat="46.9029745" lon="4.9799172">
    <ele>176</ele>
    <time>2026-06-07T09:53:36Z</time>
    <extensions>
     <gpxdata:distance>6606.00</gpxdata:distance>
     <gpxdata:speed>7.211</gpxdata:speed>
    </extensions>
   </trkpt>
   <trkpt lat="46.9029829" lon="4.9800112">
    <ele>176</ele>
    <time>2026-06-07T09:53:37Z</time>
    <extensions>
     <gpxdata:distance>6613.00</gpxdata:distance>
     <gpxdata:speed>7.203</gpxdata:speed>
    </extensions>
   </trkpt>
   <trkpt lat="46.9029912" lon="4.9801030">
    <ele>176</ele>
    <time>2026-06-07T09:53:38Z</time>
    <extensions>
     <gpxdata:distance>6620.00</gpxdata:distance>
     <gpxdata:speed>7.131</gpxdata:speed>
    </extensions>
   </trkpt>
   <trkpt lat="46.9029987" lon="4.9801925">
    <ele>176</ele>
    <time>2026-06-07T09:53:39Z</time>
    <extensions>
     <gpxdata:distance>6627.00</gpxdata:distance>
     <gpxdata:speed>7.006</gpxdata:speed>
    </extensions>
   </trkpt>
   <trkpt lat="46.9030048" lon="4.9802804">
    <ele>176</ele>
    <time>2026-06-07T09:53:40Z</time>
    <extensions>
     <gpxdata:distance>6633.50</gpxdata:distance>
     <gpxdata:speed>6.839</gpxdata:speed>
    </extensions>
   </trkpt>
   <trkpt lat="46.9030105" lon="4.9803669">
    <ele>176</ele>
    <time>2026-06-07T09:53:41Z</time>
    <extensions>
     <gpxdata:distance>6640.00</gpxdata:distance>
     <gpxdata:speed>6.686</gpxdata:speed>
    </extensions>
   </trkpt>
   <trkpt lat="46.9030160" lon="4.9804518">
    <ele>176</ele>
    <time>2026-06-07T09:53:42Z</time>
    <extensions>
     <gpxdata:distance>6646.50</gpxdata:distance>
     <gpxdata:speed>6.561</gpxdata:speed>
    </extensions>
   </trkpt>
   <trkpt lat="46.9030209" lon="4.9805370">
    <ele>176</ele>
    <time>2026-06-07T09:53:43Z</time>
    <extensions>
     <gpxdata:distance>6653.00</gpxdata:distance>
     <gpxdata:speed>6.550</gpxdata:speed>
    </extensions>
   </trkpt>
   <trkpt lat="46.9030251" lon="4.9806231">
    <ele>176</ele>
    <time>2026-06-07T09:53:44Z</time>
    <extensions>
     <gpxdata:distance>6659.50</gpxdata:distance>
     <gpxdata:speed>6.583</gpxdata:speed>
    </extensions>
   </trkpt>
   <trkpt lat="46.9030289" lon="4.9807101">
    <ele>176</ele>
    <time>2026-06-07T09:53:45Z</time>
    <extensions>
     <gpxdata:distance>6666.00</gpxdata:distance>
     <gpxdata:speed>6.617</gpxdata:speed>
    </extensions>
   </trkpt>
   <trkpt lat="46.9030324" lon="4.9807980">
    <ele>176</ele>
    <time>2026-06-07T09:53:46Z</time>
    <extensions>
     <gpxdata:distance>6673.00</gpxdata:distance>
     <gpxdata:speed>6.650</gpxdata:speed>
    </extensions>
   </trkpt>
   <trkpt lat="46.9030362" lon="4.9808866">
    <ele>176</ele>
    <time>2026-06-07T09:53:47Z</time>
    <extensions>
     <gpxdata:distance>6680.00</gpxdata:distance>
     <gpxdata:speed>6.681</gpxdata:speed>
    </extensions>
   </trkpt>
   <trkpt lat="46.9030402" lon="4.9809759">
    <ele>176</ele>
    <time>2026-06-07T09:53:48Z</time>
    <extensions>
     <gpxdata:distance>6686.50</gpxdata:distance>
     <gpxdata:speed>6.722</gpxdata:speed>
    </extensions>
   </trkpt>
   <trkpt lat="46.9030440" lon="4.9810655">
    <ele>176</ele>
    <time>2026-06-07T09:53:49Z</time>
    <extensions>
     <gpxdata:distance>6693.00</gpxdata:distance>
     <gpxdata:speed>6.761</gpxdata:speed>
    </extensions>
   </trkpt>
   <trkpt lat="46.9030472" lon="4.9811558">
    <ele>176</ele>
    <time>2026-06-07T09:53:50Z</time>
    <extensions>
     <gpxdata:distance>6700.00</gpxdata:distance>
     <gpxdata:speed>6.800</gpxdata:speed>
    </extensions>
   </trkpt>
   <trkpt lat="46.9030495" lon="4.9812467">
    <ele>176</ele>
    <time>2026-06-07T09:53:51Z</time>
    <extensions>
     <gpxdata:distance>6707.00</gpxdata:distance>
     <gpxdata:speed>6.844</gpxdata:speed>
    </extensions>
   </trkpt>
   <trkpt lat="46.9030514" lon="4.9813381">
    <ele>176</ele>
    <time>2026-06-07T09:53:52Z</time>
    <extensions>
     <gpxdata:distance>6714.00</gpxdata:distance>
     <gpxdata:speed>6.844</gpxdata:speed>
    </extensions>
   </trkpt>
   <trkpt lat="46.9030530" lon="4.9814301">
    <ele>176</ele>
    <time>2026-06-07T09:53:53Z</time>
    <extensions>
     <gpxdata:distance>6721.00</gpxdata:distance>
     <gpxdata:speed>6.931</gpxdata:speed>
    </extensions>
   </trkpt>
   <trkpt lat="46.9030545" lon="4.9815221">
    <ele>176</ele>
    <time>2026-06-07T09:53:54Z</time>
    <extensions>
     <gpxdata:distance>6728.00</gpxdata:distance>
     <gpxdata:speed>6.953</gpxdata:speed>
    </extensions>
   </trkpt>
   <trkpt lat="46.9030553" lon="4.9816133">
    <ele>176</ele>
    <time>2026-06-07T09:53:55Z</time>
    <extensions>
     <gpxdata:distance>6735.00</gpxdata:distance>
     <gpxdata:speed>6.944</gpxdata:speed>
    </extensions>
   </trkpt>
   <trkpt lat="46.9030553" lon="4.9817040">
    <ele>176</ele>
    <time>2026-06-07T09:53:56Z</time>
    <extensions>
     <gpxdata:distance>6742.00</gpxdata:distance>
     <gpxdata:speed>6.928</gpxdata:speed>
    </extensions>
   </trkpt>
   <trkpt lat="46.9030550" lon="4.9817931">
    <ele>176</ele>
    <time>2026-06-07T09:53:57Z</time>
    <extensions>
     <gpxdata:distance>6749.00</gpxdata:distance>
     <gpxdata:speed>6.869</gpxdata:speed>
    </extensions>
   </trkpt>
   <trkpt lat="46.9030542" lon="4.9818795">
    <ele>176</ele>
    <time>2026-06-07T09:53:58Z</time>
    <extensions>
     <gpxdata:distance>6755.00</gpxdata:distance>
     <gpxdata:speed>6.756</gpxdata:speed>
    </extensions>
   </trkpt>
   <trkpt lat="46.9030526" lon="4.9819623">
    <ele>176</ele>
    <time>2026-06-07T09:53:59Z</time>
    <extensions>
     <gpxdata:distance>6761.00</gpxdata:distance>
     <gpxdata:speed>6.583</gpxdata:speed>
    </extensions>
   </trkpt>
   <trkpt lat="46.9030505" lon="4.9820418">
    <ele>176</ele>
    <time>2026-06-07T09:54:00Z</time>
    <extensions>
     <gpxdata:distance>6767.00</gpxdata:distance>
     <gpxdata:speed>6.167</gpxdata:speed>
    </extensions>
   </trkpt>
   <trkpt lat="46.9030477" lon="4.9821186">
    <ele>176</ele>
    <time>2026-06-07T09:54:01Z</time>
    <extensions>
     <gpxdata:distance>6773.00</gpxdata:distance>
     <gpxdata:speed>5.953</gpxdata:speed>
    </extensions>
   </trkpt>
   <trkpt lat="46.9030451" lon="4.9821725">
    <ele>176</ele>
    <time>2026-06-07T09:54:02Z</time>
    <extensions>
     <gpxdata:distance>6778.50</gpxdata:distance>
     <gpxdata:speed>5.767</gpxdata:speed>
    </extensions>
   </trkpt>
   <trkpt lat="46.9030413" lon="4.9822393">
    <ele>176</ele>
    <time>2026-06-07T09:54:03Z</time>
    <extensions>
     <gpxdata:distance>6784.00</gpxdata:distance>
     <gpxdata:speed>5.592</gpxdata:speed>
    </extensions>
   </trkpt>
   <trkpt lat="46.9030367" lon="4.9823086">
    <ele>176</ele>
    <time>2026-06-07T09:54:04Z</time>
    <extensions>
     <gpxdata:distance>6789.00</gpxdata:distance>
     <gpxdata:speed>5.447</gpxdata:speed>
    </extensions>
   </trkpt>
   <trkpt lat="46.9030321" lon="4.9823773">
    <ele>176</ele>
    <time>2026-06-07T09:54:05Z</time>
    <extensions>
     <gpxdata:distance>6794.00</gpxdata:distance>
     <gpxdata:speed>5.289</gpxdata:speed>
    </extensions>
   </trkpt>
   <trkpt lat="46.9030284" lon="4.9824465">
    <ele>176</ele>
    <time>2026-06-07T09:54:06Z</time>
    <extensions>
     <gpxdata:distance>6799.50</gpxdata:distance>
     <gpxdata:speed>5.342</gpxdata:speed>
    </extensions>
   </trkpt>
   <trkpt lat="46.9030267" lon="4.9825174">
    <ele>176</ele>
    <time>2026-06-07T09:54:07Z</time>
    <extensions>
     <gpxdata:distance>6805.00</gpxdata:distance>
     <gpxdata:speed>5.450</gpxdata:speed>
    </extensions>
   </trkpt>
   <trkpt lat="46.9030292" lon="4.9825886">
    <ele>176</ele>
    <time>2026-06-07T09:54:08Z</time>
    <extensions>
     <gpxdata:distance>6810.50</gpxdata:distance>
     <gpxdata:speed>5.431</gpxdata:speed>
    </extensions>
   </trkpt>
   <trkpt lat="46.9030380" lon="4.9826576">
    <ele>177</ele>
    <time>2026-06-07T09:54:09Z</time>
    <extensions>
     <gpxdata:distance>6816.00</gpxdata:distance>
     <gpxdata:speed>5.392</gpxdata:speed>
    </extensions>
   </trkpt>
   <trkpt lat="46.9030526" lon="4.9827262">
    <ele>177</ele>
    <time>2026-06-07T09:54:10Z</time>
    <extensions>
     <gpxdata:distance>6821.50</gpxdata:distance>
     <gpxdata:speed>5.450</gpxdata:speed>
    </extensions>
   </trkpt>
   <trkpt lat="46.9030699" lon="4.9827966">
    <ele>177</ele>
    <time>2026-06-07T09:54:11Z</time>
    <extensions>
     <gpxdata:distance>6827.00</gpxdata:distance>
     <gpxdata:speed>5.569</gpxdata:speed>
    </extensions>
   </trkpt>
   <trkpt lat="46.9030867" lon="4.9828700">
    <ele>177</ele>
    <time>2026-06-07T09:54:12Z</time>
    <extensions>
     <gpxdata:distance>6833.50</gpxdata:distance>
     <gpxdata:speed>5.706</gpxdata:speed>
    </extensions>
   </trkpt>
   <trkpt lat="46.9031016" lon="4.9829471">
    <ele>177</ele>
    <time>2026-06-07T09:54:13Z</time>
    <extensions>
     <gpxdata:distance>6840.00</gpxdata:distance>
     <gpxdata:speed>5.878</gpxdata:speed>
    </extensions>
   </trkpt>
   <trkpt lat="46.9031150" lon="4.9830283">
    <ele>177</ele>
    <time>2026-06-07T09:54:14Z</time>
    <extensions>
     <gpxdata:distance>6846.50</gpxdata:distance>
     <gpxdata:speed>6.322</gpxdata:speed>
    </extensions>
   </trkpt>
   <trkpt lat="46.9031323" lon="4.9831398">
    <ele>177</ele>
    <time>2026-06-07T09:54:15Z</time>
    <extensions>
     <gpxdata:distance>6853.00</gpxdata:distance>
     <gpxdata:speed>6.494</gpxdata:speed>
    </extensions>
   </trkpt>
   <trkpt lat="46.9031464" lon="4.9832287">
    <ele>177</ele>
    <time>2026-06-07T09:54:16Z</time>
    <extensions>
     <gpxdata:distance>6859.50</gpxdata:distance>
     <gpxdata:speed>6.614</gpxdata:speed>
    </extensions>
   </trkpt>
   <trkpt lat="46.9031597" lon="4.9833147">
    <ele>177</ele>
    <time>2026-06-07T09:54:17Z</time>
    <extensions>
     <gpxdata:distance>6866.00</gpxdata:distance>
     <gpxdata:speed>6.606</gpxdata:speed>
    </extensions>
   </trkpt>
   <trkpt lat="46.9031739" lon="4.9833997">
    <ele>176</ele>
    <time>2026-06-07T09:54:18Z</time>
    <extensions>
     <gpxdata:distance>6873.00</gpxdata:distance>
     <gpxdata:speed>6.619</gpxdata:speed>
    </extensions>
   </trkpt>
   <trkpt lat="46.9031889" lon="4.9834842">
    <ele>176</ele>
    <time>2026-06-07T09:54:19Z</time>
    <extensions>
     <gpxdata:distance>6880.00</gpxdata:distance>
     <gpxdata:speed>6.631</gpxdata:speed>
    </extensions>
   </trkpt>
   <trkpt lat="46.9032041" lon="4.9835693">
    <ele>176</ele>
    <time>2026-06-07T09:54:20Z</time>
    <extensions>
     <gpxdata:distance>6886.50</gpxdata:distance>
     <gpxdata:speed>6.683</gpxdata:speed>
    </extensions>
   </trkpt>
   <trkpt lat="46.9032198" lon="4.9836555">
    <ele>176</ele>
    <time>2026-06-07T09:54:21Z</time>
    <extensions>
     <gpxdata:distance>6893.00</gpxdata:distance>
     <gpxdata:speed>6.758</gpxdata:speed>
    </extensions>
   </trkpt>
   <trkpt lat="46.9032363" lon="4.9837413">
    <ele>176</ele>
    <time>2026-06-07T09:54:22Z</time>
    <extensions>
     <gpxdata:distance>6900.00</gpxdata:distance>
     <gpxdata:speed>6.778</gpxdata:speed>
    </extensions>
   </trkpt>
   <trkpt lat="46.9032532" lon="4.9838253">
    <ele>176</ele>
    <time>2026-06-07T09:54:23Z</time>
    <extensions>
     <gpxdata:distance>6907.00</gpxdata:distance>
     <gpxdata:speed>6.728</gpxdata:speed>
    </extensions>
   </trkpt>
   <trkpt lat="46.9032702" lon="4.9839058">
    <ele>176</ele>
    <time>2026-06-07T09:54:24Z</time>
    <extensions>
     <gpxdata:distance>6912.50</gpxdata:distance>
     <gpxdata:speed>6.597</gpxdata:speed>
    </extensions>
   </trkpt>
   <trkpt lat="46.9032866" lon="4.9839817">
    <ele>176</ele>
    <time>2026-06-07T09:54:25Z</time>
    <extensions>
     <gpxdata:distance>6918.00</gpxdata:distance>
     <gpxdata:speed>6.389</gpxdata:speed>
    </extensions>
   </trkpt>
   <trkpt lat="46.9033030" lon="4.9840541">
    <ele>176</ele>
    <time>2026-06-07T09:54:26Z</time>
    <extensions>
     <gpxdata:distance>6924.00</gpxdata:distance>
     <gpxdata:speed>6.183</gpxdata:speed>
    </extensions>
   </trkpt>
   <trkpt lat="46.9033197" lon="4.9841257">
    <ele>176</ele>
    <time>2026-06-07T09:54:27Z</time>
    <extensions>
     <gpxdata:distance>6930.00</gpxdata:distance>
     <gpxdata:speed>6.044</gpxdata:speed>
    </extensions>
   </trkpt>
   <trkpt lat="46.9033374" lon="4.9841980">
    <ele>176</ele>
    <time>2026-06-07T09:54:28Z</time>
    <extensions>
     <gpxdata:distance>6936.00</gpxdata:distance>
     <gpxdata:speed>5.992</gpxdata:speed>
    </extensions>
   </trkpt>
   <trkpt lat="46.9033514" lon="4.9842517">
    <ele>176</ele>
    <time>2026-06-07T09:54:29Z</time>
    <extensions>
     <gpxdata:distance>6942.00</gpxdata:distance>
     <gpxdata:speed>6.025</gpxdata:speed>
    </extensions>
   </trkpt>
   <trkpt lat="46.9033766" lon="4.9843454">
    <ele>176</ele>
    <time>2026-06-07T09:54:30Z</time>
    <extensions>
     <gpxdata:distance>6948.50</gpxdata:distance>
     <gpxdata:speed>6.083</gpxdata:speed>
    </extensions>
   </trkpt>
   <trkpt lat="46.9033976" lon="4.9844241">
    <ele>177</ele>
    <time>2026-06-07T09:54:31Z</time>
    <extensions>
     <gpxdata:distance>6955.00</gpxdata:distance>
     <gpxdata:speed>6.128</gpxdata:speed>
    </extensions>
   </trkpt>
   <trkpt lat="46.9034178" lon="4.9845018">
    <ele>177</ele>
    <time>2026-06-07T09:54:32Z</time>
    <extensions>
     <gpxdata:distance>6961.00</gpxdata:distance>
     <gpxdata:speed>6.175</gpxdata:speed>
    </extensions>
   </trkpt>
   <trkpt lat="46.9034371" lon="4.9845790">
    <ele>177</ele>
    <time>2026-06-07T09:54:33Z</time>
    <extensions>
     <gpxdata:distance>6967.00</gpxdata:distance>
     <gpxdata:speed>6.186</gpxdata:speed>
    </extensions>
   </trkpt>
   <trkpt lat="46.9034550" lon="4.9846543">
    <ele>177</ele>
    <time>2026-06-07T09:54:34Z</time>
    <extensions>
     <gpxdata:distance>6973.00</gpxdata:distance>
     <gpxdata:speed>6.131</gpxdata:speed>
    </extensions>
   </trkpt>
   <trkpt lat="46.9034716" lon="4.9847272">
    <ele>177</ele>
    <time>2026-06-07T09:54:35Z</time>
    <extensions>
     <gpxdata:distance>6979.00</gpxdata:distance>
     <gpxdata:speed>6.019</gpxdata:speed>
    </extensions>
   </trkpt>
   <trkpt lat="46.9034868" lon="4.9847985">
    <ele>177</ele>
    <time>2026-06-07T09:54:36Z</time>
    <extensions>
     <gpxdata:distance>6984.50</gpxdata:distance>
     <gpxdata:speed>5.906</gpxdata:speed>
    </extensions>
   </trkpt>
   <trkpt lat="46.9034975" lon="4.9848498">
    <ele>177</ele>
    <time>2026-06-07T09:54:37Z</time>
    <extensions>
     <gpxdata:distance>6990.00</gpxdata:distance>
     <gpxdata:speed>5.825</gpxdata:speed>
    </extensions>
   </trkpt>
   <trkpt lat="46.9035113" lon="4.9849155">
    <ele>177</ele>
    <time>2026-06-07T09:54:38Z</time>
    <extensions>
     <gpxdata:distance>6996.00</gpxdata:distance>
     <gpxdata:speed>5.783</gpxdata:speed>
    </extensions>
   </trkpt>
   <trkpt lat="46.9035258" lon="4.9849865">
    <ele>177</ele>
    <time>2026-06-07T09:54:39Z</time>
    <extensions>
     <gpxdata:distance>7002.00</gpxdata:distance>
     <gpxdata:speed>5.792</gpxdata:speed>
    </extensions>
   </trkpt>
   <trkpt lat="46.9035401" lon="4.9850604">
    <ele>177</ele>
    <time>2026-06-07T09:54:40Z</time>
    <extensions>
     <gpxdata:distance>7008.00</gpxdata:distance>
     <gpxdata:speed>5.836</gpxdata:speed>
    </extensions>
   </trkpt>
   <trkpt lat="46.9035541" lon="4.9851361">
    <ele>177</ele>
    <time>2026-06-07T09:54:41Z</time>
    <extensions>
     <gpxdata:distance>7014.00</gpxdata:distance>
     <gpxdata:speed>5.892</gpxdata:speed>
    </extensions>
   </trkpt>
   <trkpt lat="46.9035679" lon="4.9852125">
    <ele>177</ele>
    <time>2026-06-07T09:54:42Z</time>
    <extensions>
     <gpxdata:distance>7020.00</gpxdata:distance>
     <gpxdata:speed>5.936</gpxdata:speed>
    </extensions>
   </trkpt>
   <trkpt lat="46.9035808" lon="4.9852903">
    <ele>177</ele>
    <time>2026-06-07T09:54:43Z</time>
    <extensions>
     <gpxdata:distance>7026.00</gpxdata:distance>
     <gpxdata:speed>5.997</gpxdata:speed>
    </extensions>
   </trkpt>
   <trkpt lat="46.9035922" lon="4.9853697">
    <ele>177</ele>
    <time>2026-06-07T09:54:44Z</time>
    <extensions>
     <gpxdata:distance>7032.50</gpxdata:distance>
     <gpxdata:speed>6.072</gpxdata:speed>
    </extensions>
   </trkpt>
   <trkpt lat="46.9036058" lon="4.9854777">
    <ele>177</ele>
    <time>2026-06-07T09:54:45Z</time>
    <extensions>
     <gpxdata:distance>7039.00</gpxdata:distance>
     <gpxdata:speed>6.153</gpxdata:speed>
    </extensions>
   </trkpt>
   <trkpt lat="46.9036157" lon="4.9855636">
    <ele>177</ele>
    <time>2026-06-07T09:54:46Z</time>
    <extensions>
     <gpxdata:distance>7045.50</gpxdata:distance>
     <gpxdata:speed>6.231</gpxdata:speed>
    </extensions>
   </trkpt>
   <trkpt lat="46.9036254" lon="4.9856480">
    <ele>177</ele>
    <time>2026-06-07T09:54:47Z</time>
    <extensions>
     <gpxdata:distance>7052.00</gpxdata:distance>
     <gpxdata:speed>6.317</gpxdata:speed>
    </extensions>
   </trkpt>
   <trkpt lat="46.9036344" lon="4.9857337">
    <ele>177</ele>
    <time>2026-06-07T09:54:48Z</time>
    <extensions>
     <gpxdata:distance>7058.50</gpxdata:distance>
     <gpxdata:speed>6.414</gpxdata:speed>
    </extensions>
   </trkpt>
   <trkpt lat="46.9036438" lon="4.9858204">
    <ele>177</ele>
    <time>2026-06-07T09:54:49Z</time>
    <extensions>
     <gpxdata:distance>7065.00</gpxdata:distance>
     <gpxdata:speed>6.506</gpxdata:speed>
    </extensions>
   </trkpt>
   <trkpt lat="46.9036538" lon="4.9859078">
    <ele>177</ele>
    <time>2026-06-07T09:54:50Z</time>
    <extensions>
     <gpxdata:distance>7072.00</gpxdata:distance>
     <gpxdata:speed>6.586</gpxdata:speed>
    </extensions>
   </trkpt>
   <trkpt lat="46.9036639" lon="4.9859965">
    <ele>177</ele>
    <time>2026-06-07T09:54:51Z</time>
    <extensions>
     <gpxdata:distance>7079.00</gpxdata:distance>
     <gpxdata:speed>6.675</gpxdata:speed>
    </extensions>
   </trkpt>
   <trkpt lat="46.9036741" lon="4.9860863">
    <ele>177</ele>
    <time>2026-06-07T09:54:52Z</time>
    <extensions>
     <gpxdata:distance>7086.00</gpxdata:distance>
     <gpxdata:speed>6.761</gpxdata:speed>
    </extensions>
   </trkpt>
   <trkpt lat="46.9036841" lon="4.9861770">
    <ele>177</ele>
    <time>2026-06-07T09:54:53Z</time>
    <extensions>
     <gpxdata:distance>7093.00</gpxdata:distance>
     <gpxdata:speed>6.839</gpxdata:speed>
    </extensions>
   </trkpt>
   <trkpt lat="46.9036936" lon="4.9862687">
    <ele>177</ele>
    <time>2026-06-07T09:54:54Z</time>
    <extensions>
     <gpxdata:distance>7100.00</gpxdata:distance>
     <gpxdata:speed>6.914</gpxdata:speed>
    </extensions>
   </trkpt>
   <trkpt lat="46.9037025" lon="4.9863613">
    <ele>177</ele>
    <time>2026-06-07T09:54:55Z</time>
    <extensions>
     <gpxdata:distance>7107.00</gpxdata:distance>
     <gpxdata:speed>6.983</gpxdata:speed>
    </extensions>
   </trkpt>
   <trkpt lat="46.9037111" lon="4.9864545">
    <ele>177</ele>
    <time>2026-06-07T09:54:56Z</time>
    <extensions>
     <gpxdata:distance>7114.00</gpxdata:distance>
     <gpxdata:speed>7.042</gpxdata:speed>
    </extensions>
   </trkpt>
   <trkpt lat="46.9037197" lon="4.9865485">
    <ele>177</ele>
    <time>2026-06-07T09:54:57Z</time>
    <extensions>
     <gpxdata:distance>7121.00</gpxdata:distance>
     <gpxdata:speed>7.100</gpxdata:speed>
    </extensions>
   </trkpt>
   <trkpt lat="46.9037286" lon="4.9866433">
    <ele>177</ele>
    <time>2026-06-07T09:54:58Z</time>
    <extensions>
     <gpxdata:distance>7128.50</gpxdata:distance>
     <gpxdata:speed>7.164</gpxdata:speed>
    </extensions>
   </trkpt>
   <trkpt lat="46.9037387" lon="4.9867398">
    <ele>177</ele>
    <time>2026-06-07T09:54:59Z</time>
    <extensions>
     <gpxdata:distance>7136.00</gpxdata:distance>
     <gpxdata:speed>7.264</gpxdata:speed>
    </extensions>
   </trkpt>
   <trkpt lat="46.9037495" lon="4.9868382">
    <ele>177</ele>
    <time>2026-06-07T09:55:00Z</time>
    <extensions>
     <gpxdata:distance>7144.00</gpxdata:distance>
     <gpxdata:speed>7.378</gpxdata:speed>
    </extensions>
   </trkpt>
   <trkpt lat="46.9037612" lon="4.9869376">
    <ele>177</ele>
    <time>2026-06-07T09:55:01Z</time>
    <extensions>
     <gpxdata:distance>7152.00</gpxdata:distance>
     <gpxdata:speed>7.475</gpxdata:speed>
    </extensions>
   </trkpt>
   <trkpt lat="46.9037738" lon="4.9870368">
    <ele>177</ele>
    <time>2026-06-07T09:55:02Z</time>
    <extensions>
     <gpxdata:distance>7159.50</gpxdata:distance>
     <gpxdata:speed>7.539</gpxdata:speed>
    </extensions>
   </trkpt>
   <trkpt lat="46.9037882" lon="4.9871352">
    <ele>177</ele>
    <time>2026-06-07T09:55:03Z</time>
    <extensions>
     <gpxdata:distance>7167.00</gpxdata:distance>
     <gpxdata:speed>7.572</gpxdata:speed>
    </extensions>
   </trkpt>
   <trkpt lat="46.9038056" lon="4.9872323">
    <ele>177</ele>
    <time>2026-06-07T09:55:04Z</time>
    <extensions>
     <gpxdata:distance>7174.50</gpxdata:distance>
     <gpxdata:speed>7.594</gpxdata:speed>
    </extensions>
   </trkpt>
   <trkpt lat="46.9038267" lon="4.9873270">
    <ele>177</ele>
    <time>2026-06-07T09:55:05Z</time>
    <extensions>
     <gpxdata:distance>7182.00</gpxdata:distance>
     <gpxdata:speed>7.589</gpxdata:speed>
    </extensions>
   </trkpt>
   <trkpt lat="46.9038512" lon="4.9874190">
    <ele>177</ele>
    <time>2026-06-07T09:55:06Z</time>
    <extensions>
     <gpxdata:distance>7189.50</gpxdata:distance>
     <gpxdata:speed>7.561</gpxdata:speed>
    </extensions>
   </trkpt>
   <trkpt lat="46.9038788" lon="4.9875083">
    <ele>177</ele>
    <time>2026-06-07T09:55:07Z</time>
    <extensions>
     <gpxdata:distance>7197.00</gpxdata:distance>
     <gpxdata:speed>7.525</gpxdata:speed>
    </extensions>
   </trkpt>
   <trkpt lat="46.9039082" lon="4.9875962">
    <ele>177</ele>
    <time>2026-06-07T09:55:08Z</time>
    <extensions>
     <gpxdata:distance>7204.50</gpxdata:distance>
     <gpxdata:speed>7.497</gpxdata:speed>
    </extensions>
   </trkpt>
   <trkpt lat="46.9039385" lon="4.9876825">
    <ele>177</ele>
    <time>2026-06-07T09:55:09Z</time>
    <extensions>
     <gpxdata:distance>7212.00</gpxdata:distance>
     <gpxdata:speed>7.456</gpxdata:speed>
    </extensions>
   </trkpt>
   <trkpt lat="46.9039690" lon="4.9877678">
    <ele>176</ele>
    <time>2026-06-07T09:55:10Z</time>
    <extensions>
     <gpxdata:distance>7219.00</gpxdata:distance>
     <gpxdata:speed>7.406</gpxdata:speed>
    </extensions>
   </trkpt>
   <trkpt lat="46.9039987" lon="4.9878513">
    <ele>176</ele>
    <time>2026-06-07T09:55:11Z</time>
    <extensions>
     <gpxdata:distance>7226.00</gpxdata:distance>
     <gpxdata:speed>7.308</gpxdata:speed>
    </extensions>
   </trkpt>
   <trkpt lat="46.9040274" lon="4.9879333">
    <ele>176</ele>
    <time>2026-06-07T09:55:12Z</time>
    <extensions>
     <gpxdata:distance>7233.00</gpxdata:distance>
     <gpxdata:speed>7.308</gpxdata:speed>
    </extensions>
   </trkpt>
   <trkpt lat="46.9040550" lon="4.9880146">
    <ele>176</ele>
    <time>2026-06-07T09:55:13Z</time>
    <extensions>
     <gpxdata:distance>7240.00</gpxdata:distance>
     <gpxdata:speed>7.100</gpxdata:speed>
    </extensions>
   </trkpt>
   <trkpt lat="46.9040813" lon="4.9880965">
    <ele>176</ele>
    <time>2026-06-07T09:55:14Z</time>
    <extensions>
     <gpxdata:distance>7247.00</gpxdata:distance>
     <gpxdata:speed>7.033</gpxdata:speed>
    </extensions>
   </trkpt>
   <trkpt lat="46.9041068" lon="4.9881796">
    <ele>176</ele>
    <time>2026-06-07T09:55:15Z</time>
    <extensions>
     <gpxdata:distance>7254.00</gpxdata:distance>
     <gpxdata:speed>7.003</gpxdata:speed>
    </extensions>
   </trkpt>
   <trkpt lat="46.9041316" lon="4.9882636">
    <ele>176</ele>
    <time>2026-06-07T09:55:16Z</time>
    <extensions>
     <gpxdata:distance>7260.50</gpxdata:distance>
     <gpxdata:speed>6.986</gpxdata:speed>
    </extensions>
   </trkpt>
   <trkpt lat="46.9041553" lon="4.9883478">
    <ele>176</ele>
    <time>2026-06-07T09:55:17Z</time>
    <extensions>
     <gpxdata:distance>7267.00</gpxdata:distance>
     <gpxdata:speed>6.961</gpxdata:speed>
    </extensions>
   </trkpt>
   <trkpt lat="46.9041774" lon="4.9884321">
    <ele>176</ele>
    <time>2026-06-07T09:55:18Z</time>
    <extensions>
     <gpxdata:distance>7274.00</gpxdata:distance>
     <gpxdata:speed>6.922</gpxdata:speed>
    </extensions>
   </trkpt>
   <trkpt lat="46.9041980" lon="4.9885167">
    <ele>176</ele>
    <time>2026-06-07T09:55:19Z</time>
    <extensions>
     <gpxdata:distance>7281.00</gpxdata:distance>
     <gpxdata:speed>6.889</gpxdata:speed>
    </extensions>
   </trkpt>
   <trkpt lat="46.9042175" lon="4.9886016">
    <ele>176</ele>
    <time>2026-06-07T09:55:20Z</time>
    <extensions>
     <gpxdata:distance>7288.00</gpxdata:distance>
     <gpxdata:speed>6.861</gpxdata:speed>
    </extensions>
   </trkpt>
   <trkpt lat="46.9042363" lon="4.9886866">
    <ele>176</ele>
    <time>2026-06-07T09:55:21Z</time>
    <extensions>
     <gpxdata:distance>7295.00</gpxdata:distance>
     <gpxdata:speed>6.836</gpxdata:speed>
    </extensions>
   </trkpt>
   <trkpt lat="46.9042546" lon="4.9887711">
    <ele>176</ele>
    <time>2026-06-07T09:55:22Z</time>
    <extensions>
     <gpxdata:distance>7301.50</gpxdata:distance>
     <gpxdata:speed>6.803</gpxdata:speed>
    </extensions>
   </trkpt>
   <trkpt lat="46.9042726" lon="4.9888550">
    <ele>176</ele>
    <time>2026-06-07T09:55:23Z</time>
    <extensions>
     <gpxdata:distance>7308.00</gpxdata:distance>
     <gpxdata:speed>6.761</gpxdata:speed>
    </extensions>
   </trkpt>
   <trkpt lat="46.9042901" lon="4.9889387">
    <ele>176</ele>
    <time>2026-06-07T09:55:24Z</time>
    <extensions>
     <gpxdata:distance>7314.50</gpxdata:distance>
     <gpxdata:speed>6.725</gpxdata:speed>
    </extensions>
   </trkpt>
   <trkpt lat="46.9043070" lon="4.9890221">
    <ele>176</ele>
    <time>2026-06-07T09:55:25Z</time>
    <extensions>
     <gpxdata:distance>7321.00</gpxdata:distance>
     <gpxdata:speed>6.686</gpxdata:speed>
    </extensions>
   </trkpt>
   <trkpt lat="46.9043236" lon="4.9891064">
    <ele>176</ele>
    <time>2026-06-07T09:55:26Z</time>
    <extensions>
     <gpxdata:distance>7328.00</gpxdata:distance>
     <gpxdata:speed>6.689</gpxdata:speed>
    </extensions>
   </trkpt>
   <trkpt lat="46.9043404" lon="4.9891923">
    <ele>176</ele>
    <time>2026-06-07T09:55:27Z</time>
    <extensions>
     <gpxdata:distance>7335.00</gpxdata:distance>
     <gpxdata:speed>6.733</gpxdata:speed>
    </extensions>
   </trkpt>
   <trkpt lat="46.9043575" lon="4.9892795">
    <ele>176</ele>
    <time>2026-06-07T09:55:28Z</time>
    <extensions>
     <gpxdata:distance>7342.00</gpxdata:distance>
     <gpxdata:speed>6.792</gpxdata:speed>
    </extensions>
   </trkpt>
   <trkpt lat="46.9043749" lon="4.9893677">
    <ele>176</ele>
    <time>2026-06-07T09:55:29Z</time>
    <extensions>
     <gpxdata:distance>7349.00</gpxdata:distance>
     <gpxdata:speed>6.856</gpxdata:speed>
    </extensions>
   </trkpt>
   <trkpt lat="46.9043918" lon="4.9894566">
    <ele>176</ele>
    <time>2026-06-07T09:55:30Z</time>
    <extensions>
     <gpxdata:distance>7356.00</gpxdata:distance>
     <gpxdata:speed>6.906</gpxdata:speed>
    </extensions>
   </trkpt>
   <trkpt lat="46.9044087" lon="4.9895456">
    <ele>176</ele>
    <time>2026-06-07T09:55:31Z</time>
    <extensions>
     <gpxdata:distance>7363.00</gpxdata:distance>
     <gpxdata:speed>6.942</gpxdata:speed>
    </extensions>
   </trkpt>
   <trkpt lat="46.9044253" lon="4.9896344">
    <ele>176</ele>
    <time>2026-06-07T09:55:32Z</time>
    <extensions>
     <gpxdata:distance>7370.00</gpxdata:distance>
     <gpxdata:speed>6.958</gpxdata:speed>
    </extensions>
   </trkpt>
   <trkpt lat="46.9044415" lon="4.9897226">
    <ele>176</ele>
    <time>2026-06-07T09:55:33Z</time>
    <extensions>
     <gpxdata:distance>7377.00</gpxdata:distance>
     <gpxdata:speed>6.950</gpxdata:speed>
    </extensions>
   </trkpt>
   <trkpt lat="46.9044575" lon="4.9898099">
    <ele>176</ele>
    <time>2026-06-07T09:55:34Z</time>
    <extensions>
     <gpxdata:distance>7383.50</gpxdata:distance>
     <gpxdata:speed>6.919</gpxdata:speed>
    </extensions>
   </trkpt>
   <trkpt lat="46.9044737" lon="4.9898960">
    <ele>176</ele>
    <time>2026-06-07T09:55:35Z</time>
    <extensions>
     <gpxdata:distance>7390.00</gpxdata:distance>
     <gpxdata:speed>6.875</gpxdata:speed>
    </extensions>
   </trkpt>
   <trkpt lat="46.9044903" lon="4.9899811">
    <ele>176</ele>
    <time>2026-06-07T09:55:36Z</time>
    <extensions>
     <gpxdata:distance>7397.00</gpxdata:distance>
     <gpxdata:speed>6.828</gpxdata:speed>
    </extensions>
   </trkpt>
   <trkpt lat="46.9045073" lon="4.9900653">
    <ele>176</ele>
    <time>2026-06-07T09:55:37Z</time>
    <extensions>
     <gpxdata:distance>7404.00</gpxdata:distance>
     <gpxdata:speed>6.778</gpxdata:speed>
    </extensions>
   </trkpt>
   <trkpt lat="46.9045239" lon="4.9901490">
    <ele>176</ele>
    <time>2026-06-07T09:55:38Z</time>
    <extensions>
     <gpxdata:distance>7410.50</gpxdata:distance>
     <gpxdata:speed>6.725</gpxdata:speed>
    </extensions>
   </trkpt>
   <trkpt lat="46.9045393" lon="4.9902315">
    <ele>177</ele>
    <time>2026-06-07T09:55:39Z</time>
    <extensions>
     <gpxdata:distance>7417.00</gpxdata:distance>
     <gpxdata:speed>6.644</gpxdata:speed>
    </extensions>
   </trkpt>
   <trkpt lat="46.9045538" lon="4.9903116">
    <ele>177</ele>
    <time>2026-06-07T09:55:40Z</time>
    <extensions>
     <gpxdata:distance>7422.50</gpxdata:distance>
     <gpxdata:speed>6.514</gpxdata:speed>
    </extensions>
   </trkpt>
   <trkpt lat="46.9045681" lon="4.9903870">
    <ele>177</ele>
    <time>2026-06-07T09:55:41Z</time>
    <extensions>
     <gpxdata:distance>7428.00</gpxdata:distance>
     <gpxdata:speed>6.303</gpxdata:speed>
    </extensions>
   </trkpt>
   <trkpt lat="46.9045823" lon="4.9904576">
    <ele>177</ele>
    <time>2026-06-07T09:55:42Z</time>
    <extensions>
     <gpxdata:distance>7433.00</gpxdata:distance>
     <gpxdata:speed>6.056</gpxdata:speed>
    </extensions>
   </trkpt>
   <trkpt lat="46.9045967" lon="4.9905213">
    <ele>177</ele>
    <time>2026-06-07T09:55:43Z</time>
    <extensions>
     <gpxdata:distance>7438.00</gpxdata:distance>
     <gpxdata:speed>5.711</gpxdata:speed>
    </extensions>
   </trkpt>
   <trkpt lat="46.9046069" lon="4.9905605">
    <ele>177</ele>
    <time>2026-06-07T09:55:44Z</time>
    <extensions>
     <gpxdata:distance>7442.00</gpxdata:distance>
     <gpxdata:speed>5.233</gpxdata:speed>
    </extensions>
   </trkpt>
   <trkpt lat="46.9046197" lon="4.9906046">
    <ele>177</ele>
    <time>2026-06-07T09:55:45Z</time>
    <extensions>
     <gpxdata:distance>7446.00</gpxdata:distance>
     <gpxdata:speed>4.106</gpxdata:speed>
    </extensions>
   </trkpt>
   <trkpt lat="46.9046336" lon="4.9906497">
    <ele>177</ele>
    <time>2026-06-07T09:55:46Z</time>
    <extensions>
     <gpxdata:distance>7450.00</gpxdata:distance>
     <gpxdata:speed>4.008</gpxdata:speed>
    </extensions>
   </trkpt>
   <trkpt lat="46.9046472" lon="4.9906962">
    <ele>178</ele>
    <time>2026-06-07T09:55:47Z</time>
    <extensions>
     <gpxdata:distance>7454.00</gpxdata:distance>
     <gpxdata:speed>3.997</gpxdata:speed>
    </extensions>
   </trkpt>
   <trkpt lat="46.9046589" lon="4.9907440">
    <ele>178</ele>
    <time>2026-06-07T09:55:48Z</time>
    <extensions>
     <gpxdata:distance>7458.00</gpxdata:distance>
     <gpxdata:speed>3.944</gpxdata:speed>
    </extensions>
   </trkpt>
   <trkpt lat="46.9046690" lon="4.9907934">
    <ele>178</ele>
    <time>2026-06-07T09:55:49Z</time>
    <extensions>
     <gpxdata:distance>7462.00</gpxdata:distance>
     <gpxdata:speed>3.972</gpxdata:speed>
    </extensions>
   </trkpt>
   <trkpt lat="46.9046790" lon="4.9908451">
    <ele>178</ele>
    <time>2026-06-07T09:55:50Z</time>
    <extensions>
     <gpxdata:distance>7466.50</gpxdata:distance>
     <gpxdata:speed>4.122</gpxdata:speed>
    </extensions>
   </trkpt>
   <trkpt lat="46.9046887" lon="4.9908995">
    <ele>178</ele>
    <time>2026-06-07T09:55:51Z</time>
    <extensions>
     <gpxdata:distance>7471.00</gpxdata:distance>
     <gpxdata:speed>4.203</gpxdata:speed>
    </extensions>
   </trkpt>
   <trkpt lat="46.9046987" lon="4.9909576">
    <ele>178</ele>
    <time>2026-06-07T09:55:52Z</time>
    <extensions>
     <gpxdata:distance>7476.00</gpxdata:distance>
     <gpxdata:speed>4.364</gpxdata:speed>
    </extensions>
   </trkpt>
   <trkpt lat="46.9047096" lon="4.9910196">
    <ele>178</ele>
    <time>2026-06-07T09:55:53Z</time>
    <extensions>
     <gpxdata:distance>7481.00</gpxdata:distance>
     <gpxdata:speed>4.850</gpxdata:speed>
    </extensions>
   </trkpt>
   <trkpt lat="46.9047216" lon="4.9910853">
    <ele>178</ele>
    <time>2026-06-07T09:55:54Z</time>
    <extensions>
     <gpxdata:distance>7486.50</gpxdata:distance>
     <gpxdata:speed>5.161</gpxdata:speed>
    </extensions>
   </trkpt>
   <trkpt lat="46.9047352" lon="4.9911550">
    <ele>178</ele>
    <time>2026-06-07T09:55:55Z</time>
    <extensions>
     <gpxdata:distance>7492.00</gpxdata:distance>
     <gpxdata:speed>5.503</gpxdata:speed>
    </extensions>
   </trkpt>
   <trkpt lat="46.9047496" lon="4.9912280">
    <ele>178</ele>
    <time>2026-06-07T09:55:56Z</time>
    <extensions>
     <gpxdata:distance>7498.00</gpxdata:distance>
     <gpxdata:speed>5.744</gpxdata:speed>
    </extensions>
   </trkpt>
   <trkpt lat="46.9047638" lon="4.9913033">
    <ele>178</ele>
    <time>2026-06-07T09:55:57Z</time>
    <extensions>
     <gpxdata:distance>7504.00</gpxdata:distance>
     <gpxdata:speed>5.897</gpxdata:speed>
    </extensions>
   </trkpt>
   <trkpt lat="46.9047783" lon="4.9913788">
    <ele>177</ele>
    <time>2026-06-07T09:55:58Z</time>
    <extensions>
     <gpxdata:distance>7510.00</gpxdata:distance>
     <gpxdata:speed>5.911</gpxdata:speed>
    </extensions>
   </trkpt>
   <trkpt lat="46.9047932" lon="4.9914539">
    <ele>177</ele>
    <time>2026-06-07T09:55:59Z</time>
    <extensions>
     <gpxdata:distance>7516.00</gpxdata:distance>
     <gpxdata:speed>5.897</gpxdata:speed>
    </extensions>
   </trkpt>
   <trkpt lat="46.9048084" lon="4.9915289">
    <ele>177</ele>
    <time>2026-06-07T09:56:00Z</time>
    <extensions>
     <gpxdata:distance>7522.00</gpxdata:distance>
     <gpxdata:speed>5.931</gpxdata:speed>
    </extensions>
   </trkpt>
   <trkpt lat="46.9048232" lon="4.9916055">
    <ele>177</ele>
    <time>2026-06-07T09:56:01Z</time>
    <extensions>
     <gpxdata:distance>7528.00</gpxdata:distance>
     <gpxdata:speed>6.075</gpxdata:speed>
    </extensions>
   </trkpt>
   <trkpt lat="46.9048431" lon="4.9917117">
    <ele>177</ele>
    <time>2026-06-07T09:56:02Z</time>
    <extensions>
     <gpxdata:distance>7534.50</gpxdata:distance>
     <gpxdata:speed>6.314</gpxdata:speed>
    </extensions>
   </trkpt>
   <trkpt lat="46.9048584" lon="4.9917990">
    <ele>177</ele>
    <time>2026-06-07T09:56:03Z</time>
    <extensions>
     <gpxdata:distance>7541.00</gpxdata:distance>
     <gpxdata:speed>6.547</gpxdata:speed>
    </extensions>
   </trkpt>
   <trkpt lat="46.9048724" lon="4.9918864">
    <ele>177</ele>
    <time>2026-06-07T09:56:04Z</time>
    <extensions>
     <gpxdata:distance>7548.00</gpxdata:distance>
     <gpxdata:speed>6.714</gpxdata:speed>
    </extensions>
   </trkpt>
   <trkpt lat="46.9048859" lon="4.9919749">
    <ele>177</ele>
    <time>2026-06-07T09:56:05Z</time>
    <extensions>
     <gpxdata:distance>7555.00</gpxdata:distance>
     <gpxdata:speed>6.786</gpxdata:speed>
    </extensions>
   </trkpt>
   <trkpt lat="46.9048990" lon="4.9920640">
    <ele>177</ele>
    <time>2026-06-07T09:56:06Z</time>
    <extensions>
     <gpxdata:distance>7562.00</gpxdata:distance>
     <gpxdata:speed>6.839</gpxdata:speed>
    </extensions>
   </trkpt>
   <trkpt lat="46.9049115" lon="4.9921543">
    <ele>177</ele>
    <time>2026-06-07T09:56:07Z</time>
    <extensions>
     <gpxdata:distance>7569.00</gpxdata:distance>
     <gpxdata:speed>6.953</gpxdata:speed>
    </extensions>
   </trkpt>
   <trkpt lat="46.9049236" lon="4.9922458">
    <ele>177</ele>
    <time>2026-06-07T09:56:08Z</time>
    <extensions>
     <gpxdata:distance>7576.50</gpxdata:distance>
     <gpxdata:speed>7.044</gpxdata:speed>
    </extensions>
   </trkpt>
   <trkpt lat="46.9049346" lon="4.9923383">
    <ele>177</ele>
    <time>2026-06-07T09:56:09Z</time>
    <extensions>
     <gpxdata:distance>7584.00</gpxdata:distance>
     <gpxdata:speed>7.103</gpxdata:speed>
    </extensions>
   </trkpt>
   <trkpt lat="46.9049449" lon="4.9924327">
    <ele>177</ele>
    <time>2026-06-07T09:56:10Z</time>
    <extensions>
     <gpxdata:distance>7591.00</gpxdata:distance>
     <gpxdata:speed>7.239</gpxdata:speed>
    </extensions>
   </trkpt>
   <trkpt lat="46.9049543" lon="4.9925286">
    <ele>177</ele>
    <time>2026-06-07T09:56:11Z</time>
    <extensions>
     <gpxdata:distance>7598.00</gpxdata:distance>
     <gpxdata:speed>7.331</gpxdata:speed>
    </extensions>
   </trkpt>
   <trkpt lat="46.9049630" lon="4.9926251">
    <ele>177</ele>
    <time>2026-06-07T09:56:12Z</time>
    <extensions>
     <gpxdata:distance>7605.50</gpxdata:distance>
     <gpxdata:speed>7.356</gpxdata:speed>
    </extensions>
   </trkpt>
   <trkpt lat="46.9049702" lon="4.9927227">
    <ele>177</ele>
    <time>2026-06-07T09:56:13Z</time>
    <extensions>
     <gpxdata:distance>7613.00</gpxdata:distance>
     <gpxdata:speed>7.436</gpxdata:speed>
    </extensions>
   </trkpt>
   <trkpt lat="46.9049754" lon="4.9928215">
    <ele>176</ele>
    <time>2026-06-07T09:56:14Z</time>
    <extensions>
     <gpxdata:distance>7620.50</gpxdata:distance>
     <gpxdata:speed>7.508</gpxdata:speed>
    </extensions>
   </trkpt>
   <trkpt lat="46.9049779" lon="4.9929215">
    <ele>176</ele>
    <time>2026-06-07T09:56:15Z</time>
    <extensions>
     <gpxdata:distance>7628.00</gpxdata:distance>
     <gpxdata:speed>7.572</gpxdata:speed>
    </extensions>
   </trkpt>
   <trkpt lat="46.9049773" lon="4.9930216">
    <ele>176</ele>
    <time>2026-06-07T09:56:16Z</time>
    <extensions>
     <gpxdata:distance>7636.00</gpxdata:distance>
     <gpxdata:speed>7.589</gpxdata:speed>
    </extensions>
   </trkpt>
   <trkpt lat="46.9049760" lon="4.9931212">
    <ele>176</ele>
    <time>2026-06-07T09:56:17Z</time>
    <extensions>
     <gpxdata:distance>7644.00</gpxdata:distance>
     <gpxdata:speed>7.564</gpxdata:speed>
    </extensions>
   </trkpt>
   <trkpt lat="46.9049750" lon="4.9932209">
    <ele>176</ele>
    <time>2026-06-07T09:56:18Z</time>
    <extensions>
     <gpxdata:distance>7651.50</gpxdata:distance>
     <gpxdata:speed>7.581</gpxdata:speed>
    </extensions>
   </trkpt>
   <trkpt lat="46.9049740" lon="4.9933220">
    <ele>176</ele>
    <time>2026-06-07T09:56:19Z</time>
    <extensions>
     <gpxdata:distance>7659.00</gpxdata:distance>
     <gpxdata:speed>7.647</gpxdata:speed>
    </extensions>
   </trkpt>
   <trkpt lat="46.9049720" lon="4.9934251">
    <ele>176</ele>
    <time>2026-06-07T09:56:20Z</time>
    <extensions>
     <gpxdata:distance>7667.00</gpxdata:distance>
     <gpxdata:speed>7.739</gpxdata:speed>
    </extensions>
   </trkpt>
   <trkpt lat="46.9049682" lon="4.9935287">
    <ele>176</ele>
    <time>2026-06-07T09:56:21Z</time>
    <extensions>
     <gpxdata:distance>7675.00</gpxdata:distance>
     <gpxdata:speed>7.792</gpxdata:speed>
    </extensions>
   </trkpt>
   <trkpt lat="46.9049618" lon="4.9936335">
    <ele>176</ele>
    <time>2026-06-07T09:56:22Z</time>
    <extensions>
     <gpxdata:distance>7683.00</gpxdata:distance>
     <gpxdata:speed>7.875</gpxdata:speed>
    </extensions>
   </trkpt>
   <trkpt lat="46.9049529" lon="4.9937393">
    <ele>176</ele>
    <time>2026-06-07T09:56:23Z</time>
    <extensions>
     <gpxdata:distance>7691.00</gpxdata:distance>
     <gpxdata:speed>7.958</gpxdata:speed>
    </extensions>
   </trkpt>
   <trkpt lat="46.9049422" lon="4.9938445">
    <ele>176</ele>
    <time>2026-06-07T09:56:24Z</time>
    <extensions>
     <gpxdata:distance>7699.00</gpxdata:distance>
     <gpxdata:speed>7.994</gpxdata:speed>
    </extensions>
   </trkpt>
   <trkpt lat="46.9049310" lon="4.9939469">
    <ele>176</ele>
    <time>2026-06-07T09:56:25Z</time>
    <extensions>
     <gpxdata:distance>7707.00</gpxdata:distance>
     <gpxdata:speed>7.939</gpxdata:speed>
    </extensions>
   </trkpt>
   <trkpt lat="46.9049198" lon="4.9940452">
    <ele>176</ele>
    <time>2026-06-07T09:56:26Z</time>
    <extensions>
     <gpxdata:distance>7714.00</gpxdata:distance>
     <gpxdata:speed>7.800</gpxdata:speed>
    </extensions>
   </trkpt>
   <trkpt lat="46.9049097" lon="4.9941402">
    <ele>176</ele>
    <time>2026-06-07T09:56:27Z</time>
    <extensions>
     <gpxdata:distance>7721.00</gpxdata:distance>
     <gpxdata:speed>7.628</gpxdata:speed>
    </extensions>
   </trkpt>
   <trkpt lat="46.9049010" lon="4.9942342">
    <ele>176</ele>
    <time>2026-06-07T09:56:28Z</time>
    <extensions>
     <gpxdata:distance>7728.50</gpxdata:distance>
     <gpxdata:speed>7.497</gpxdata:speed>
    </extensions>
   </trkpt>
   <trkpt lat="46.9048949" lon="4.9943288">
    <ele>176</ele>
    <time>2026-06-07T09:56:29Z</time>
    <extensions>
     <gpxdata:distance>7736.00</gpxdata:distance>
     <gpxdata:speed>7.419</gpxdata:speed>
    </extensions>
   </trkpt>
   <trkpt lat="46.9048920" lon="4.9944254">
    <ele>176</ele>
    <time>2026-06-07T09:56:30Z</time>
    <extensions>
     <gpxdata:distance>7743.50</gpxdata:distance>
     <gpxdata:speed>7.414</gpxdata:speed>
    </extensions>
   </trkpt>
   <trkpt lat="46.9048912" lon="4.9945245">
    <ele>176</ele>
    <time>2026-06-07T09:56:31Z</time>
    <extensions>
     <gpxdata:distance>7751.00</gpxdata:distance>
     <gpxdata:speed>7.467</gpxdata:speed>
    </extensions>
   </trkpt>
   <trkpt lat="46.9048912" lon="4.9946266">
    <ele>176</ele>
    <time>2026-06-07T09:56:32Z</time>
    <extensions>
     <gpxdata:distance>7759.00</gpxdata:distance>
     <gpxdata:speed>7.575</gpxdata:speed>
    </extensions>
   </trkpt>
   <trkpt lat="46.9048907" lon="4.9947306">
    <ele>176</ele>
    <time>2026-06-07T09:56:33Z</time>
    <extensions>
     <gpxdata:distance>7767.00</gpxdata:distance>
     <gpxdata:speed>7.683</gpxdata:speed>
    </extensions>
   </trkpt>
   <trkpt lat="46.9048878" lon="4.9948353">
    <ele>176</ele>
    <time>2026-06-07T09:56:34Z</time>
    <extensions>
     <gpxdata:distance>7775.00</gpxdata:distance>
     <gpxdata:speed>7.772</gpxdata:speed>
    </extensions>
   </trkpt>
   <trkpt lat="46.9048820" lon="4.9949396">
    <ele>176</ele>
    <time>2026-06-07T09:56:35Z</time>
    <extensions>
     <gpxdata:distance>7783.00</gpxdata:distance>
     <gpxdata:speed>7.828</gpxdata:speed>
    </extensions>
   </trkpt>
   <trkpt lat="46.9048736" lon="4.9950427">
    <ele>176</ele>
    <time>2026-06-07T09:56:36Z</time>
    <extensions>
     <gpxdata:distance>7790.50</gpxdata:distance>
     <gpxdata:speed>7.842</gpxdata:speed>
    </extensions>
   </trkpt>
   <trkpt lat="46.9048618" lon="4.9951427">
    <ele>176</ele>
    <time>2026-06-07T09:56:37Z</time>
    <extensions>
     <gpxdata:distance>7798.00</gpxdata:distance>
     <gpxdata:speed>7.792</gpxdata:speed>
    </extensions>
   </trkpt>
   <trkpt lat="46.9048451" lon="4.9952387">
    <ele>176</ele>
    <time>2026-06-07T09:56:38Z</time>
    <extensions>
     <gpxdata:distance>7805.50</gpxdata:distance>
     <gpxdata:speed>7.706</gpxdata:speed>
    </extensions>
   </trkpt>
   <trkpt lat="46.9048240" lon="4.9953304">
    <ele>176</ele>
    <time>2026-06-07T09:56:39Z</time>
    <extensions>
     <gpxdata:distance>7813.00</gpxdata:distance>
     <gpxdata:speed>7.589</gpxdata:speed>
    </extensions>
   </trkpt>
   <trkpt lat="46.9047992" lon="4.9954195">
    <ele>176</ele>
    <time>2026-06-07T09:56:40Z</time>
    <extensions>
     <gpxdata:distance>7820.50</gpxdata:distance>
     <gpxdata:speed>7.503</gpxdata:speed>
    </extensions>
   </trkpt>
   <trkpt lat="46.9047705" lon="4.9955065">
    <ele>176</ele>
    <time>2026-06-07T09:56:41Z</time>
    <extensions>
     <gpxdata:distance>7828.00</gpxdata:distance>
     <gpxdata:speed>7.458</gpxdata:speed>
    </extensions>
   </trkpt>
   <trkpt lat="46.9047385" lon="4.9955928">
    <ele>176</ele>
    <time>2026-06-07T09:56:42Z</time>
    <extensions>
     <gpxdata:distance>7835.50</gpxdata:distance>
     <gpxdata:speed>7.467</gpxdata:speed>
    </extensions>
   </trkpt>
   <trkpt lat="46.9047052" lon="4.9956787">
    <ele>176</ele>
    <time>2026-06-07T09:56:43Z</time>
    <extensions>
     <gpxdata:distance>7843.00</gpxdata:distance>
     <gpxdata:speed>7.475</gpxdata:speed>
    </extensions>
   </trkpt>
   <trkpt lat="46.9046722" lon="4.9957647">
    <ele>176</ele>
    <time>2026-06-07T09:56:44Z</time>
    <extensions>
     <gpxdata:distance>7850.50</gpxdata:distance>
     <gpxdata:speed>7.475</gpxdata:speed>
    </extensions>
   </trkpt>
   <trkpt lat="46.9046395" lon="4.9958504">
    <ele>176</ele>
    <time>2026-06-07T09:56:45Z</time>
    <extensions>
     <gpxdata:distance>7858.00</gpxdata:distance>
     <gpxdata:speed>7.464</gpxdata:speed>
    </extensions>
   </trkpt>
   <trkpt lat="46.9046061" lon="4.9959356">
    <ele>176</ele>
    <time>2026-06-07T09:56:46Z</time>
    <extensions>
     <gpxdata:distance>7865.50</gpxdata:distance>
     <gpxdata:speed>7.464</gpxdata:speed>
    </extensions>
   </trkpt>
   <trkpt lat="46.9045713" lon="4.9960198">
    <ele>176</ele>
    <time>2026-06-07T09:56:47Z</time>
    <extensions>
     <gpxdata:distance>7873.00</gpxdata:distance>
     <gpxdata:speed>7.469</gpxdata:speed>
    </extensions>
   </trkpt>
   <trkpt lat="46.9045352" lon="4.9961024">
    <ele>176</ele>
    <time>2026-06-07T09:56:48Z</time>
    <extensions>
     <gpxdata:distance>7880.00</gpxdata:distance>
     <gpxdata:speed>7.464</gpxdata:speed>
    </extensions>
   </trkpt>
   <trkpt lat="46.9044979" lon="4.9961821">
    <ele>176</ele>
    <time>2026-06-07T09:56:49Z</time>
    <extensions>
     <gpxdata:distance>7887.00</gpxdata:distance>
     <gpxdata:speed>7.417</gpxdata:speed>
    </extensions>
   </trkpt>
   <trkpt lat="46.9044603" lon="4.9962597">
    <ele>176</ele>
    <time>2026-06-07T09:56:50Z</time>
    <extensions>
     <gpxdata:distance>7894.50</gpxdata:distance>
     <gpxdata:speed>7.350</gpxdata:speed>
    </extensions>
   </trkpt>
   <trkpt lat="46.9044213" lon="4.9963367">
    <ele>176</ele>
    <time>2026-06-07T09:56:51Z</time>
    <extensions>
     <gpxdata:distance>7902.00</gpxdata:distance>
     <gpxdata:speed>7.339</gpxdata:speed>
    </extensions>
   </trkpt>
   <trkpt lat="46.9043820" lon="4.9964138">
    <ele>176</ele>
    <time>2026-06-07T09:56:52Z</time>
    <extensions>
     <gpxdata:distance>7909.50</gpxdata:distance>
     <gpxdata:speed>7.336</gpxdata:speed>
    </extensions>
   </trkpt>
   <trkpt lat="46.9043422" lon="4.9964915">
    <ele>176</ele>
    <time>2026-06-07T09:56:53Z</time>
    <extensions>
     <gpxdata:distance>7917.00</gpxdata:distance>
     <gpxdata:speed>7.356</gpxdata:speed>
    </extensions>
   </trkpt>
   <trkpt lat="46.9043013" lon="4.9965685">
    <ele>176</ele>
    <time>2026-06-07T09:56:54Z</time>
    <extensions>
     <gpxdata:distance>7924.00</gpxdata:distance>
     <gpxdata:speed>7.378</gpxdata:speed>
    </extensions>
   </trkpt>
   <trkpt lat="46.9042588" lon="4.9966437">
    <ele>176</ele>
    <time>2026-06-07T09:56:55Z</time>
    <extensions>
     <gpxdata:distance>7931.00</gpxdata:distance>
     <gpxdata:speed>7.386</gpxdata:speed>
    </extensions>
   </trkpt>
   <trkpt lat="46.9042146" lon="4.9967178">
    <ele>176</ele>
    <time>2026-06-07T09:56:56Z</time>
    <extensions>
     <gpxdata:distance>7938.50</gpxdata:distance>
     <gpxdata:speed>7.425</gpxdata:speed>
    </extensions>
   </trkpt>
   <trkpt lat="46.9041696" lon="4.9967899">
    <ele>176</ele>
    <time>2026-06-07T09:56:57Z</time>
    <extensions>
     <gpxdata:distance>7946.00</gpxdata:distance>
     <gpxdata:speed>7.414</gpxdata:speed>
    </extensions>
   </trkpt>
   <trkpt lat="46.9041240" lon="4.9968588">
    <ele>176</ele>
    <time>2026-06-07T09:56:58Z</time>
    <extensions>
     <gpxdata:distance>7953.50</gpxdata:distance>
     <gpxdata:speed>7.364</gpxdata:speed>
    </extensions>
   </trkpt>
   <trkpt lat="46.9040780" lon="4.9969268">
    <ele>176</ele>
    <time>2026-06-07T09:56:59Z</time>
    <extensions>
     <gpxdata:distance>7961.00</gpxdata:distance>
     <gpxdata:speed>7.336</gpxdata:speed>
    </extensions>
   </trkpt>
   <trkpt lat="46.9040306" lon="4.9969951">
    <ele>176</ele>
    <time>2026-06-07T09:57:00Z</time>
    <extensions>
     <gpxdata:distance>7968.50</gpxdata:distance>
     <gpxdata:speed>7.375</gpxdata:speed>
    </extensions>
   </trkpt>
   <trkpt lat="46.9039820" lon="4.9970640">
    <ele>176</ele>
    <time>2026-06-07T09:57:01Z</time>
    <extensions>
     <gpxdata:distance>7976.00</gpxdata:distance>
     <gpxdata:speed>7.436</gpxdata:speed>
    </extensions>
   </trkpt>
   <trkpt lat="46.9039323" lon="4.9971338">
    <ele>176</ele>
    <time>2026-06-07T09:57:02Z</time>
    <extensions>
     <gpxdata:distance>7983.50</gpxdata:distance>
     <gpxdata:speed>7.517</gpxdata:speed>
    </extensions>
   </trkpt>
   <trkpt lat="46.9038817" lon="4.9972024">
    <ele>176</ele>
    <time>2026-06-07T09:57:03Z</time>
    <extensions>
     <gpxdata:distance>7991.00</gpxdata:distance>
     <gpxdata:speed>7.567</gpxdata:speed>
    </extensions>
   </trkpt>
   <trkpt lat="46.9038296" lon="4.9972703">
    <ele>176</ele>
    <time>2026-06-07T09:57:04Z</time>
    <extensions>
     <gpxdata:distance>7999.00</gpxdata:distance>
     <gpxdata:speed>7.633</gpxdata:speed>
    </extensions>
   </trkpt>
   <trkpt lat="46.9037768" lon="4.9973383">
    <ele>176</ele>
    <time>2026-06-07T09:57:05Z</time>
    <extensions>
     <gpxdata:distance>8007.00</gpxdata:distance>
     <gpxdata:speed>7.700</gpxdata:speed>
    </extensions>
   </trkpt>
   <trkpt lat="46.9037241" lon="4.9974059">
    <ele>176</ele>
    <time>2026-06-07T09:57:06Z</time>
    <extensions>
     <gpxdata:distance>8014.50</gpxdata:distance>
     <gpxdata:speed>7.725</gpxdata:speed>
    </extensions>
   </trkpt>
   <trkpt lat="46.9036722" lon="4.9974726">
    <ele>176</ele>
    <time>2026-06-07T09:57:07Z</time>
    <extensions>
     <gpxdata:distance>8022.00</gpxdata:distance>
     <gpxdata:speed>7.703</gpxdata:speed>
    </extensions>
   </trkpt>
   <trkpt lat="46.9036212" lon="4.9975388">
    <ele>176</ele>
    <time>2026-06-07T09:57:08Z</time>
    <extensions>
     <gpxdata:distance>8029.50</gpxdata:distance>
     <gpxdata:speed>7.658</gpxdata:speed>
    </extensions>
   </trkpt>
   <trkpt lat="46.9035695" lon="4.9976038">
    <ele>176</ele>
    <time>2026-06-07T09:57:09Z</time>
    <extensions>
     <gpxdata:distance>8037.00</gpxdata:distance>
     <gpxdata:speed>7.642</gpxdata:speed>
    </extensions>
   </trkpt>
   <trkpt lat="46.9035166" lon="4.9976676">
    <ele>176</ele>
    <time>2026-06-07T09:57:10Z</time>
    <extensions>
     <gpxdata:distance>8045.00</gpxdata:distance>
     <gpxdata:speed>7.644</gpxdata:speed>
    </extensions>
   </trkpt>
   <trkpt lat="46.9034638" lon="4.9977308">
    <ele>176</ele>
    <time>2026-06-07T09:57:11Z</time>
    <extensions>
     <gpxdata:distance>8053.00</gpxdata:distance>
     <gpxdata:speed>7.625</gpxdata:speed>
    </extensions>
   </trkpt>
   <trkpt lat="46.9034128" lon="4.9977927">
    <ele>176</ele>
    <time>2026-06-07T09:57:12Z</time>
    <extensions>
     <gpxdata:distance>8059.50</gpxdata:distance>
     <gpxdata:speed>7.522</gpxdata:speed>
    </extensions>
   </trkpt>
   <trkpt lat="46.9033675" lon="4.9978530">
    <ele>176</ele>
    <time>2026-06-07T09:57:13Z</time>
    <extensions>
     <gpxdata:distance>8066.00</gpxdata:distance>
     <gpxdata:speed>7.256</gpxdata:speed>
    </extensions>
   </trkpt>
   <trkpt lat="46.9033350" lon="4.9979128">
    <ele>176</ele>
    <time>2026-06-07T09:57:14Z</time>
    <extensions>
     <gpxdata:distance>8070.50</gpxdata:distance>
     <gpxdata:speed>6.742</gpxdata:speed>
    </extensions>
   </trkpt>
   <trkpt lat="46.9033225" lon="4.9979714">
    <ele>176</ele>
    <time>2026-06-07T09:57:15Z</time>
    <extensions>
     <gpxdata:distance>8075.00</gpxdata:distance>
     <gpxdata:speed>6.114</gpxdata:speed>
    </extensions>
   </trkpt>
   <trkpt lat="46.9033300" lon="4.9980226">
    <ele>176</ele>
    <time>2026-06-07T09:57:16Z</time>
    <extensions>
     <gpxdata:distance>8079.00</gpxdata:distance>
     <gpxdata:speed>5.511</gpxdata:speed>
    </extensions>
   </trkpt>
   <trkpt lat="46.9033450" lon="4.9980526">
    <ele>176</ele>
    <time>2026-06-07T09:57:17Z</time>
    <extensions>
     <gpxdata:distance>8083.00</gpxdata:distance>
     <gpxdata:speed>4.256</gpxdata:speed>
    </extensions>
   </trkpt>
   <trkpt lat="46.9033694" lon="4.9980866">
    <ele>176</ele>
    <time>2026-06-07T09:57:18Z</time>
    <extensions>
     <gpxdata:distance>8087.50</gpxdata:distance>
     <gpxdata:speed>4.128</gpxdata:speed>
    </extensions>
   </trkpt>
   <trkpt lat="46.9033973" lon="4.9981215">
    <ele>176</ele>
    <time>2026-06-07T09:57:19Z</time>
    <extensions>
     <gpxdata:distance>8092.00</gpxdata:distance>
     <gpxdata:speed>4.122</gpxdata:speed>
    </extensions>
   </trkpt>
   <trkpt lat="46.9034261" lon="4.9981568">
    <ele>176</ele>
    <time>2026-06-07T09:57:20Z</time>
    <extensions>
     <gpxdata:distance>8096.00</gpxdata:distance>
     <gpxdata:speed>4.128</gpxdata:speed>
    </extensions>
   </trkpt>
   <trkpt lat="46.9034556" lon="4.9981920">
    <ele>176</ele>
    <time>2026-06-07T09:57:21Z</time>
    <extensions>
     <gpxdata:distance>8100.00</gpxdata:distance>
     <gpxdata:speed>4.169</gpxdata:speed>
    </extensions>
   </trkpt>
   <trkpt lat="46.9034834" lon="4.9982294">
    <ele>177</ele>
    <time>2026-06-07T09:57:22Z</time>
    <extensions>
     <gpxdata:distance>8104.50</gpxdata:distance>
     <gpxdata:speed>4.156</gpxdata:speed>
    </extensions>
   </trkpt>
   <trkpt lat="46.9035138" lon="4.9982659">
    <ele>177</ele>
    <time>2026-06-07T09:57:23Z</time>
    <extensions>
     <gpxdata:distance>8109.00</gpxdata:distance>
     <gpxdata:speed>4.417</gpxdata:speed>
    </extensions>
   </trkpt>
   <trkpt lat="46.9035439" lon="4.9983005">
    <ele>177</ele>
    <time>2026-06-07T09:57:24Z</time>
    <extensions>
     <gpxdata:distance>8112.50</gpxdata:distance>
     <gpxdata:speed>4.194</gpxdata:speed>
    </extensions>
   </trkpt>
   <trkpt lat="46.9035708" lon="4.9983323">
    <ele>177</ele>
    <time>2026-06-07T09:57:25Z</time>
    <extensions>
     <gpxdata:distance>8116.00</gpxdata:distance>
     <gpxdata:speed>3.767</gpxdata:speed>
    </extensions>
   </trkpt>
   <trkpt lat="46.9035901" lon="4.9983630">
    <ele>177</ele>
    <time>2026-06-07T09:57:26Z</time>
    <extensions>
     <gpxdata:distance>8118.00</gpxdata:distance>
     <gpxdata:speed>3.172</gpxdata:speed>
    </extensions>
   </trkpt>
   <trkpt lat="46.9035993" lon="4.9983935">
    <ele>177</ele>
    <time>2026-06-07T09:57:27Z</time>
    <extensions>
     <gpxdata:distance>8120.00</gpxdata:distance>
     <gpxdata:speed>2.764</gpxdata:speed>
    </extensions>
   </trkpt>
   <trkpt lat="46.9035986" lon="4.9984115">
    <ele>177</ele>
    <time>2026-06-07T09:57:28Z</time>
    <extensions>
     <gpxdata:distance>8123.50</gpxdata:distance>
     <gpxdata:speed>2.786</gpxdata:speed>
    </extensions>
   </trkpt>
   <trkpt lat="46.9035915" lon="4.9984386">
    <ele>177</ele>
    <time>2026-06-07T09:57:29Z</time>
    <extensions>
     <gpxdata:distance>8127.00</gpxdata:distance>
     <gpxdata:speed>3.011</gpxdata:speed>
    </extensions>
   </trkpt>
   <trkpt lat="46.9035692" lon="4.9984983">
    <ele>177</ele>
    <time>2026-06-07T09:57:30Z</time>
    <extensions>
     <gpxdata:distance>8132.00</gpxdata:distance>
     <gpxdata:speed>3.428</gpxdata:speed>
    </extensions>
   </trkpt>
   <trkpt lat="46.9035478" lon="4.9985550">
    <ele>177</ele>
    <time>2026-06-07T09:57:31Z</time>
    <extensions>
     <gpxdata:distance>8137.00</gpxdata:distance>
     <gpxdata:speed>4.706</gpxdata:speed>
    </extensions>
   </trkpt>
   <trkpt lat="46.9035295" lon="4.9986212">
    <ele>177</ele>
    <time>2026-06-07T09:57:32Z</time>
    <extensions>
     <gpxdata:distance>8143.50</gpxdata:distance>
     <gpxdata:speed>5.436</gpxdata:speed>
    </extensions>
   </trkpt>
   <trkpt lat="46.9035186" lon="4.9986978">
    <ele>177</ele>
    <time>2026-06-07T09:57:33Z</time>
    <extensions>
     <gpxdata:distance>8150.00</gpxdata:distance>
     <gpxdata:speed>6.008</gpxdata:speed>
    </extensions>
   </trkpt>
   <trkpt lat="46.9035179" lon="4.9988099">
    <ele>177</ele>
    <time>2026-06-07T09:57:34Z</time>
    <extensions>
     <gpxdata:distance>8157.00</gpxdata:distance>
     <gpxdata:speed>6.456</gpxdata:speed>
    </extensions>
   </trkpt>
   <trkpt lat="46.9035328" lon="4.9989014">
    <ele>177</ele>
    <time>2026-06-07T09:57:35Z</time>
    <extensions>
     <gpxdata:distance>8164.00</gpxdata:distance>
     <gpxdata:speed>6.839</gpxdata:speed>
    </extensions>
   </trkpt>
   <trkpt lat="46.9035611" lon="4.9989878">
    <ele>176</ele>
    <time>2026-06-07T09:57:36Z</time>
    <extensions>
     <gpxdata:distance>8171.50</gpxdata:distance>
     <gpxdata:speed>7.144</gpxdata:speed>
    </extensions>
   </trkpt>
   <trkpt lat="46.9035996" lon="4.9990694">
    <ele>176</ele>
    <time>2026-06-07T09:57:37Z</time>
    <extensions>
     <gpxdata:distance>8179.00</gpxdata:distance>
     <gpxdata:speed>7.381</gpxdata:speed>
    </extensions>
   </trkpt>
   <trkpt lat="46.9036452" lon="4.9991464">
    <ele>176</ele>
    <time>2026-06-07T09:57:38Z</time>
    <extensions>
     <gpxdata:distance>8186.50</gpxdata:distance>
     <gpxdata:speed>7.589</gpxdata:speed>
    </extensions>
   </trkpt>
   <trkpt lat="46.9036937" lon="4.9992209">
    <ele>176</ele>
    <time>2026-06-07T09:57:39Z</time>
    <extensions>
     <gpxdata:distance>8194.00</gpxdata:distance>
     <gpxdata:speed>7.681</gpxdata:speed>
    </extensions>
   </trkpt>
   <trkpt lat="46.9037415" lon="4.9992970">
    <ele>176</ele>
    <time>2026-06-07T09:57:40Z</time>
    <extensions>
     <gpxdata:distance>8202.00</gpxdata:distance>
     <gpxdata:speed>7.753</gpxdata:speed>
    </extensions>
   </trkpt>
   <trkpt lat="46.9037879" lon="4.9993751">
    <ele>176</ele>
    <time>2026-06-07T09:57:41Z</time>
    <extensions>
     <gpxdata:distance>8210.00</gpxdata:distance>
     <gpxdata:speed>7.806</gpxdata:speed>
    </extensions>
   </trkpt>
   <trkpt lat="46.9038340" lon="4.9994535">
    <ele>176</ele>
    <time>2026-06-07T09:57:42Z</time>
    <extensions>
     <gpxdata:distance>8218.00</gpxdata:distance>
     <gpxdata:speed>7.828</gpxdata:speed>
    </extensions>
   </trkpt>
   <trkpt lat="46.9038803" lon="4.9995316">
    <ele>176</ele>
    <time>2026-06-07T09:57:43Z</time>
    <extensions>
     <gpxdata:distance>8226.00</gpxdata:distance>
     <gpxdata:speed>7.839</gpxdata:speed>
    </extensions>
   </trkpt>
   <trkpt lat="46.9039266" lon="4.9996096">
    <ele>176</ele>
    <time>2026-06-07T09:57:44Z</time>
    <extensions>
     <gpxdata:distance>8233.50</gpxdata:distance>
     <gpxdata:speed>7.850</gpxdata:speed>
    </extensions>
   </trkpt>
   <trkpt lat="46.9039727" lon="4.9996885">
    <ele>176</ele>
    <time>2026-06-07T09:57:45Z</time>
    <extensions>
     <gpxdata:distance>8241.00</gpxdata:distance>
     <gpxdata:speed>7.892</gpxdata:speed>
    </extensions>
   </trkpt>
   <trkpt lat="46.9040181" lon="4.9997693">
    <ele>176</ele>
    <time>2026-06-07T09:57:46Z</time>
    <extensions>
     <gpxdata:distance>8249.50</gpxdata:distance>
     <gpxdata:speed>7.931</gpxdata:speed>
    </extensions>
   </trkpt>
   <trkpt lat="46.9040634" lon="4.9998513">
    <ele>175</ele>
    <time>2026-06-07T09:57:47Z</time>
    <extensions>
     <gpxdata:distance>8258.00</gpxdata:distance>
     <gpxdata:speed>7.992</gpxdata:speed>
    </extensions>
   </trkpt>
   <trkpt lat="46.9041098" lon="4.9999319">
    <ele>175</ele>
    <time>2026-06-07T09:57:48Z</time>
    <extensions>
     <gpxdata:distance>8266.00</gpxdata:distance>
     <gpxdata:speed>8.008</gpxdata:speed>
    </extensions>
   </trkpt>
   <trkpt lat="46.9041580" lon="5.0000107">
    <ele>175</ele>
    <time>2026-06-07T09:57:49Z</time>
    <extensions>
     <gpxdata:distance>8274.00</gpxdata:distance>
     <gpxdata:speed>8.019</gpxdata:speed>
    </extensions>
   </trkpt>
   <trkpt lat="46.9042069" lon="5.0000886">
    <ele>175</ele>
    <time>2026-06-07T09:57:50Z</time>
    <extensions>
     <gpxdata:distance>8282.00</gpxdata:distance>
     <gpxdata:speed>8.031</gpxdata:speed>
    </extensions>
   </trkpt>
   <trkpt lat="46.9042558" lon="5.0001671">
    <ele>175</ele>
    <time>2026-06-07T09:57:51Z</time>
    <extensions>
     <gpxdata:distance>8290.00</gpxdata:distance>
     <gpxdata:speed>8.050</gpxdata:speed>
    </extensions>
   </trkpt>
   <trkpt lat="46.9043046" lon="5.0002466">
    <ele>175</ele>
    <time>2026-06-07T09:57:52Z</time>
    <extensions>
     <gpxdata:distance>8298.00</gpxdata:distance>
     <gpxdata:speed>8.081</gpxdata:speed>
    </extensions>
   </trkpt>
   <trkpt lat="46.9043530" lon="5.0003263">
    <ele>175</ele>
    <time>2026-06-07T09:57:53Z</time>
    <extensions>
     <gpxdata:distance>8306.00</gpxdata:distance>
     <gpxdata:speed>8.089</gpxdata:speed>
    </extensions>
   </trkpt>
   <trkpt lat="46.9044012" lon="5.0004059">
    <ele>175</ele>
    <time>2026-06-07T09:57:54Z</time>
    <extensions>
     <gpxdata:distance>8314.00</gpxdata:distance>
     <gpxdata:speed>8.089</gpxdata:speed>
    </extensions>
   </trkpt>
   <trkpt lat="46.9044492" lon="5.0004860">
    <ele>175</ele>
    <time>2026-06-07T09:57:55Z</time>
    <extensions>
     <gpxdata:distance>8322.00</gpxdata:distance>
     <gpxdata:speed>8.097</gpxdata:speed>
    </extensions>
   </trkpt>
   <trkpt lat="46.9044969" lon="5.0005673">
    <ele>175</ele>
    <time>2026-06-07T09:57:56Z</time>
    <extensions>
     <gpxdata:distance>8330.50</gpxdata:distance>
     <gpxdata:speed>8.119</gpxdata:speed>
    </extensions>
   </trkpt>
   <trkpt lat="46.9045447" lon="5.0006499">
    <ele>175</ele>
    <time>2026-06-07T09:57:57Z</time>
    <extensions>
     <gpxdata:distance>8339.00</gpxdata:distance>
     <gpxdata:speed>8.164</gpxdata:speed>
    </extensions>
   </trkpt>
   <trkpt lat="46.9045929" lon="5.0007328">
    <ele>175</ele>
    <time>2026-06-07T09:57:58Z</time>
    <extensions>
     <gpxdata:distance>8347.00</gpxdata:distance>
     <gpxdata:speed>8.206</gpxdata:speed>
    </extensions>
   </trkpt>
   <trkpt lat="46.9046416" lon="5.0008152">
    <ele>175</ele>
    <time>2026-06-07T09:57:59Z</time>
    <extensions>
     <gpxdata:distance>8355.00</gpxdata:distance>
     <gpxdata:speed>8.233</gpxdata:speed>
    </extensions>
   </trkpt>
   <trkpt lat="46.9046909" lon="5.0008970">
    <ele>175</ele>
    <time>2026-06-07T09:58:00Z</time>
    <extensions>
     <gpxdata:distance>8363.50</gpxdata:distance>
     <gpxdata:speed>8.256</gpxdata:speed>
    </extensions>
   </trkpt>
   <trkpt lat="46.9047409" lon="5.0009783">
    <ele>175</ele>
    <time>2026-06-07T09:58:01Z</time>
    <extensions>
     <gpxdata:distance>8372.00</gpxdata:distance>
     <gpxdata:speed>8.278</gpxdata:speed>
    </extensions>
   </trkpt>
   <trkpt lat="46.9047915" lon="5.0010597">
    <ele>175</ele>
    <time>2026-06-07T09:58:02Z</time>
    <extensions>
     <gpxdata:distance>8380.50</gpxdata:distance>
     <gpxdata:speed>8.317</gpxdata:speed>
    </extensions>
   </trkpt>
   <trkpt lat="46.9048427" lon="5.0011419">
    <ele>175</ele>
    <time>2026-06-07T09:58:03Z</time>
    <extensions>
     <gpxdata:distance>8389.00</gpxdata:distance>
     <gpxdata:speed>8.375</gpxdata:speed>
    </extensions>
   </trkpt>
   <trkpt lat="46.9048931" lon="5.0012255">
    <ele>175</ele>
    <time>2026-06-07T09:58:04Z</time>
    <extensions>
     <gpxdata:distance>8397.50</gpxdata:distance>
     <gpxdata:speed>8.417</gpxdata:speed>
    </extensions>
   </trkpt>
   <trkpt lat="46.9049421" lon="5.0013111">
    <ele>175</ele>
    <time>2026-06-07T09:58:05Z</time>
    <extensions>
     <gpxdata:distance>8406.00</gpxdata:distance>
     <gpxdata:speed>8.442</gpxdata:speed>
    </extensions>
   </trkpt>
   <trkpt lat="46.9049892" lon="5.0013976">
    <ele>175</ele>
    <time>2026-06-07T09:58:06Z</time>
    <extensions>
     <gpxdata:distance>8414.00</gpxdata:distance>
     <gpxdata:speed>8.431</gpxdata:speed>
    </extensions>
   </trkpt>
   <trkpt lat="46.9050347" lon="5.0014827">
    <ele>175</ele>
    <time>2026-06-07T09:58:07Z</time>
    <extensions>
     <gpxdata:distance>8422.00</gpxdata:distance>
     <gpxdata:speed>8.344</gpxdata:speed>
    </extensions>
   </trkpt>
   <trkpt lat="46.9050792" lon="5.0015640">
    <ele>175</ele>
    <time>2026-06-07T09:58:08Z</time>
    <extensions>
     <gpxdata:distance>8429.50</gpxdata:distance>
     <gpxdata:speed>8.178</gpxdata:speed>
    </extensions>
   </trkpt>
   <trkpt lat="46.9051224" lon="5.0016411">
    <ele>175</ele>
    <time>2026-06-07T09:58:09Z</time>
    <extensions>
     <gpxdata:distance>8437.00</gpxdata:distance>
     <gpxdata:speed>7.961</gpxdata:speed>
    </extensions>
   </trkpt>
   <trkpt lat="46.9051634" lon="5.0017146">
    <ele>175</ele>
    <time>2026-06-07T09:58:10Z</time>
    <extensions>
     <gpxdata:distance>8444.00</gpxdata:distance>
     <gpxdata:speed>7.369</gpxdata:speed>
    </extensions>
   </trkpt>
   <trkpt lat="46.9052034" lon="5.0017853">
    <ele>175</ele>
    <time>2026-06-07T09:58:11Z</time>
    <extensions>
     <gpxdata:distance>8451.00</gpxdata:distance>
     <gpxdata:speed>7.122</gpxdata:speed>
    </extensions>
   </trkpt>
   <trkpt lat="46.9052437" lon="5.0018551">
    <ele>176</ele>
    <time>2026-06-07T09:58:12Z</time>
    <extensions>
     <gpxdata:distance>8458.00</gpxdata:distance>
     <gpxdata:speed>7.072</gpxdata:speed>
    </extensions>
   </trkpt>
   <trkpt lat="46.9052844" lon="5.0019244">
    <ele>176</ele>
    <time>2026-06-07T09:58:13Z</time>
    <extensions>
     <gpxdata:distance>8465.00</gpxdata:distance>
     <gpxdata:speed>7.025</gpxdata:speed>
    </extensions>
   </trkpt>
   <trkpt lat="46.9053244" lon="5.0019931">
    <ele>176</ele>
    <time>2026-06-07T09:58:14Z</time>
    <extensions>
     <gpxdata:distance>8472.00</gpxdata:distance>
     <gpxdata:speed>6.908</gpxdata:speed>
    </extensions>
   </trkpt>
   <trkpt lat="46.9053636" lon="5.0020614">
    <ele>176</ele>
    <time>2026-06-07T09:58:15Z</time>
    <extensions>
     <gpxdata:distance>8479.00</gpxdata:distance>
     <gpxdata:speed>6.819</gpxdata:speed>
    </extensions>
   </trkpt>
   <trkpt lat="46.9054022" lon="5.0021282">
    <ele>176</ele>
    <time>2026-06-07T09:58:16Z</time>
    <extensions>
     <gpxdata:distance>8485.50</gpxdata:distance>
     <gpxdata:speed>6.692</gpxdata:speed>
    </extensions>
   </trkpt>
   <trkpt lat="46.9054400" lon="5.0021945">
    <ele>176</ele>
    <time>2026-06-07T09:58:17Z</time>
    <extensions>
     <gpxdata:distance>8492.00</gpxdata:distance>
     <gpxdata:speed>6.606</gpxdata:speed>
    </extensions>
   </trkpt>
   <trkpt lat="46.9054784" lon="5.0022617">
    <ele>176</ele>
    <time>2026-06-07T09:58:18Z</time>
    <extensions>
     <gpxdata:distance>8499.00</gpxdata:distance>
     <gpxdata:speed>6.636</gpxdata:speed>
    </extensions>
   </trkpt>
   <trkpt lat="46.9055183" lon="5.0023312">
    <ele>176</ele>
    <time>2026-06-07T09:58:19Z</time>
    <extensions>
     <gpxdata:distance>8506.00</gpxdata:distance>
     <gpxdata:speed>6.764</gpxdata:speed>
    </extensions>
   </trkpt>
   <trkpt lat="46.9055609" lon="5.0024035">
    <ele>176</ele>
    <time>2026-06-07T09:58:20Z</time>
    <extensions>
     <gpxdata:distance>8513.50</gpxdata:distance>
     <gpxdata:speed>6.958</gpxdata:speed>
    </extensions>
   </trkpt>
   <trkpt lat="46.9056056" lon="5.0024785">
    <ele>176</ele>
    <time>2026-06-07T09:58:21Z</time>
    <extensions>
     <gpxdata:distance>8521.00</gpxdata:distance>
     <gpxdata:speed>7.186</gpxdata:speed>
    </extensions>
   </trkpt>
   <trkpt lat="46.9056511" lon="5.0025559">
    <ele>176</ele>
    <time>2026-06-07T09:58:22Z</time>
    <extensions>
     <gpxdata:distance>8529.00</gpxdata:distance>
     <gpxdata:speed>7.383</gpxdata:speed>
    </extensions>
   </trkpt>
   <trkpt lat="46.9056968" lon="5.0026353">
    <ele>176</ele>
    <time>2026-06-07T09:58:23Z</time>
    <extensions>
     <gpxdata:distance>8537.00</gpxdata:distance>
     <gpxdata:speed>7.558</gpxdata:speed>
    </extensions>
   </trkpt>
   <trkpt lat="46.9057428" lon="5.0027149">
    <ele>176</ele>
    <time>2026-06-07T09:58:24Z</time>
    <extensions>
     <gpxdata:distance>8544.50</gpxdata:distance>
     <gpxdata:speed>7.817</gpxdata:speed>
    </extensions>
   </trkpt>
   <trkpt lat="46.9057891" lon="5.0027939">
    <ele>176</ele>
    <time>2026-06-07T09:58:25Z</time>
    <extensions>
     <gpxdata:distance>8552.00</gpxdata:distance>
     <gpxdata:speed>7.856</gpxdata:speed>
    </extensions>
   </trkpt>
   <trkpt lat="46.9058355" lon="5.0028721">
    <ele>176</ele>
    <time>2026-06-07T09:58:26Z</time>
    <extensions>
     <gpxdata:distance>8560.00</gpxdata:distance>
     <gpxdata:speed>7.847</gpxdata:speed>
    </extensions>
   </trkpt>
   <trkpt lat="46.9058815" lon="5.0029501">
    <ele>176</ele>
    <time>2026-06-07T09:58:27Z</time>
    <extensions>
     <gpxdata:distance>8568.00</gpxdata:distance>
     <gpxdata:speed>7.825</gpxdata:speed>
    </extensions>
   </trkpt>
   <trkpt lat="46.9059284" lon="5.0030274">
    <ele>176</ele>
    <time>2026-06-07T09:58:28Z</time>
    <extensions>
     <gpxdata:distance>8576.00</gpxdata:distance>
     <gpxdata:speed>7.867</gpxdata:speed>
    </extensions>
   </trkpt>
   <trkpt lat="46.9059761" lon="5.0031042">
    <ele>176</ele>
    <time>2026-06-07T09:58:29Z</time>
    <extensions>
     <gpxdata:distance>8584.00</gpxdata:distance>
     <gpxdata:speed>7.900</gpxdata:speed>
    </extensions>
   </trkpt>
   <trkpt lat="46.9060245" lon="5.0031816">
    <ele>176</ele>
    <time>2026-06-07T09:58:30Z</time>
    <extensions>
     <gpxdata:distance>8592.00</gpxdata:distance>
     <gpxdata:speed>7.967</gpxdata:speed>
    </extensions>
   </trkpt>
   <trkpt lat="46.9060734" lon="5.0032590">
    <ele>176</ele>
    <time>2026-06-07T09:58:31Z</time>
    <extensions>
     <gpxdata:distance>8600.00</gpxdata:distance>
     <gpxdata:speed>7.994</gpxdata:speed>
    </extensions>
   </trkpt>
   <trkpt lat="46.9061218" lon="5.0033373">
    <ele>176</ele>
    <time>2026-06-07T09:58:32Z</time>
    <extensions>
     <gpxdata:distance>8608.00</gpxdata:distance>
     <gpxdata:speed>8.008</gpxdata:speed>
    </extensions>
   </trkpt>
   <trkpt lat="46.9061674" lon="5.0034178">
    <ele>176</ele>
    <time>2026-06-07T09:58:33Z</time>
    <extensions>
     <gpxdata:distance>8616.00</gpxdata:distance>
     <gpxdata:speed>7.981</gpxdata:speed>
    </extensions>
   </trkpt>
   <trkpt lat="46.9062095" lon="5.0034994">
    <ele>175</ele>
    <time>2026-06-07T09:58:34Z</time>
    <extensions>
     <gpxdata:distance>8623.00</gpxdata:distance>
     <gpxdata:speed>7.889</gpxdata:speed>
    </extensions>
   </trkpt>
   <trkpt lat="46.9062500" lon="5.0035763">
    <ele>175</ele>
    <time>2026-06-07T09:58:35Z</time>
    <extensions>
     <gpxdata:distance>8630.00</gpxdata:distance>
     <gpxdata:speed>7.442</gpxdata:speed>
    </extensions>
   </trkpt>
   <trkpt lat="46.9062900" lon="5.0036416">
    <ele>175</ele>
    <time>2026-06-07T09:58:36Z</time>
    <extensions>
     <gpxdata:distance>8635.50</gpxdata:distance>
     <gpxdata:speed>6.817</gpxdata:speed>
    </extensions>
   </trkpt>
   <trkpt lat="46.9063278" lon="5.0036904">
    <ele>175</ele>
    <time>2026-06-07T09:58:37Z</time>
    <extensions>
     <gpxdata:distance>8641.00</gpxdata:distance>
     <gpxdata:speed>5.806</gpxdata:speed>
    </extensions>
   </trkpt>
   <trkpt lat="46.9063497" lon="5.0037176">
    <ele>176</ele>
    <time>2026-06-07T09:58:38Z</time>
    <extensions>
     <gpxdata:distance>8644.50</gpxdata:distance>
     <gpxdata:speed>5.633</gpxdata:speed>
    </extensions>
   </trkpt>
   <trkpt lat="46.9063692" lon="5.0037492">
    <ele>176</ele>
    <time>2026-06-07T09:58:39Z</time>
    <extensions>
     <gpxdata:distance>8648.00</gpxdata:distance>
     <gpxdata:speed>3.806</gpxdata:speed>
    </extensions>
   </trkpt>
   <trkpt lat="46.9063851" lon="5.0037840">
    <ele>176</ele>
    <time>2026-06-07T09:58:40Z</time>
    <extensions>
     <gpxdata:distance>8651.50</gpxdata:distance>
     <gpxdata:speed>3.619</gpxdata:speed>
    </extensions>
   </trkpt>
   <trkpt lat="46.9064018" lon="5.0038239">
    <ele>176</ele>
    <time>2026-06-07T09:58:41Z</time>
    <extensions>
     <gpxdata:distance>8655.00</gpxdata:distance>
     <gpxdata:speed>3.969</gpxdata:speed>
    </extensions>
   </trkpt>
   <trkpt lat="46.9064204" lon="5.0038714">
    <ele>176</ele>
    <time>2026-06-07T09:58:42Z</time>
    <extensions>
     <gpxdata:distance>8660.50</gpxdata:distance>
     <gpxdata:speed>4.481</gpxdata:speed>
    </extensions>
   </trkpt>
   <trkpt lat="46.9064419" lon="5.0039252">
    <ele>176</ele>
    <time>2026-06-07T09:58:43Z</time>
    <extensions>
     <gpxdata:distance>8666.00</gpxdata:distance>
     <gpxdata:speed>4.867</gpxdata:speed>
    </extensions>
   </trkpt>
   <trkpt lat="46.9064667" lon="5.0039819">
    <ele>176</ele>
    <time>2026-06-07T09:58:44Z</time>
    <extensions>
     <gpxdata:distance>8671.00</gpxdata:distance>
     <gpxdata:speed>5.064</gpxdata:speed>
    </extensions>
   </trkpt>
   <trkpt lat="46.9064943" lon="5.0040389">
    <ele>175</ele>
    <time>2026-06-07T09:58:45Z</time>
    <extensions>
     <gpxdata:distance>8676.00</gpxdata:distance>
     <gpxdata:speed>5.161</gpxdata:speed>
    </extensions>
   </trkpt>
   <trkpt lat="46.9065235" lon="5.0040963">
    <ele>175</ele>
    <time>2026-06-07T09:58:46Z</time>
    <extensions>
     <gpxdata:distance>8681.50</gpxdata:distance>
     <gpxdata:speed>5.275</gpxdata:speed>
    </extensions>
   </trkpt>
   <trkpt lat="46.9065536" lon="5.0041539">
    <ele>175</ele>
    <time>2026-06-07T09:58:47Z</time>
    <extensions>
     <gpxdata:distance>8687.00</gpxdata:distance>
     <gpxdata:speed>5.353</gpxdata:speed>
    </extensions>
   </trkpt>
   <trkpt lat="46.9065843" lon="5.0042111">
    <ele>175</ele>
    <time>2026-06-07T09:58:48Z</time>
    <extensions>
     <gpxdata:distance>8692.50</gpxdata:distance>
     <gpxdata:speed>5.483</gpxdata:speed>
    </extensions>
   </trkpt>
   <trkpt lat="46.9066159" lon="5.0042673">
    <ele>175</ele>
    <time>2026-06-07T09:58:49Z</time>
    <extensions>
     <gpxdata:distance>8698.00</gpxdata:distance>
     <gpxdata:speed>5.508</gpxdata:speed>
    </extensions>
   </trkpt>
   <trkpt lat="46.9066493" lon="5.0043210">
    <ele>175</ele>
    <time>2026-06-07T09:58:50Z</time>
    <extensions>
     <gpxdata:distance>8704.00</gpxdata:distance>
     <gpxdata:speed>5.528</gpxdata:speed>
    </extensions>
   </trkpt>
   <trkpt lat="46.9066862" lon="5.0043706">
    <ele>175</ele>
    <time>2026-06-07T09:58:51Z</time>
    <extensions>
     <gpxdata:distance>8710.00</gpxdata:distance>
     <gpxdata:speed>5.603</gpxdata:speed>
    </extensions>
   </trkpt>
   <trkpt lat="46.9067254" lon="5.0044177">
    <ele>175</ele>
    <time>2026-06-07T09:58:52Z</time>
    <extensions>
     <gpxdata:distance>8715.50</gpxdata:distance>
     <gpxdata:speed>5.650</gpxdata:speed>
    </extensions>
   </trkpt>
   <trkpt lat="46.9067647" lon="5.0044661">
    <ele>175</ele>
    <time>2026-06-07T09:58:53Z</time>
    <extensions>
     <gpxdata:distance>8721.00</gpxdata:distance>
     <gpxdata:speed>5.692</gpxdata:speed>
    </extensions>
   </trkpt>
   <trkpt lat="46.9068027" lon="5.0045177">
    <ele>175</ele>
    <time>2026-06-07T09:58:54Z</time>
    <extensions>
     <gpxdata:distance>8727.00</gpxdata:distance>
     <gpxdata:speed>5.733</gpxdata:speed>
    </extensions>
   </trkpt>
   <trkpt lat="46.9068388" lon="5.0045727">
    <ele>175</ele>
    <time>2026-06-07T09:58:55Z</time>
    <extensions>
     <gpxdata:distance>8733.00</gpxdata:distance>
     <gpxdata:speed>5.769</gpxdata:speed>
    </extensions>
   </trkpt>
   <trkpt lat="46.9068722" lon="5.0046316">
    <ele>175</ele>
    <time>2026-06-07T09:58:56Z</time>
    <extensions>
     <gpxdata:distance>8738.50</gpxdata:distance>
     <gpxdata:speed>5.800</gpxdata:speed>
    </extensions>
   </trkpt>
   <trkpt lat="46.9069027" lon="5.0046938">
    <ele>175</ele>
    <time>2026-06-07T09:58:57Z</time>
    <extensions>
     <gpxdata:distance>8744.00</gpxdata:distance>
     <gpxdata:speed>5.811</gpxdata:speed>
    </extensions>
   </trkpt>
   <trkpt lat="46.9069306" lon="5.0047579">
    <ele>175</ele>
    <time>2026-06-07T09:58:58Z</time>
    <extensions>
     <gpxdata:distance>8750.00</gpxdata:distance>
     <gpxdata:speed>5.797</gpxdata:speed>
    </extensions>
   </trkpt>
   <trkpt lat="46.9069568" lon="5.0048226">
    <ele>175</ele>
    <time>2026-06-07T09:58:59Z</time>
    <extensions>
     <gpxdata:distance>8756.00</gpxdata:distance>
     <gpxdata:speed>5.761</gpxdata:speed>
    </extensions>
   </trkpt>
   <trkpt lat="46.9069821" lon="5.0048874">
    <ele>175</ele>
    <time>2026-06-07T09:59:00Z</time>
    <extensions>
     <gpxdata:distance>8761.50</gpxdata:distance>
     <gpxdata:speed>5.722</gpxdata:speed>
    </extensions>
   </trkpt>
   <trkpt lat="46.9070063" lon="5.0049530">
    <ele>175</ele>
    <time>2026-06-07T09:59:01Z</time>
    <extensions>
     <gpxdata:distance>8767.00</gpxdata:distance>
     <gpxdata:speed>5.708</gpxdata:speed>
    </extensions>
   </trkpt>
   <trkpt lat="46.9070307" lon="5.0050189">
    <ele>176</ele>
    <time>2026-06-07T09:59:02Z</time>
    <extensions>
     <gpxdata:distance>8773.00</gpxdata:distance>
     <gpxdata:speed>5.708</gpxdata:speed>
    </extensions>
   </trkpt>
   <trkpt lat="46.9070558" lon="5.0050842">
    <ele>176</ele>
    <time>2026-06-07T09:59:03Z</time>
    <extensions>
     <gpxdata:distance>8779.00</gpxdata:distance>
     <gpxdata:speed>5.708</gpxdata:speed>
    </extensions>
   </trkpt>
   <trkpt lat="46.9070816" lon="5.0051490">
    <ele>176</ele>
    <time>2026-06-07T09:59:04Z</time>
    <extensions>
     <gpxdata:distance>8784.50</gpxdata:distance>
     <gpxdata:speed>5.703</gpxdata:speed>
    </extensions>
   </trkpt>
   <trkpt lat="46.9071069" lon="5.0052140">
    <ele>176</ele>
    <time>2026-06-07T09:59:05Z</time>
    <extensions>
     <gpxdata:distance>8790.00</gpxdata:distance>
     <gpxdata:speed>5.694</gpxdata:speed>
    </extensions>
   </trkpt>
   <trkpt lat="46.9071316" lon="5.0052793">
    <ele>176</ele>
    <time>2026-06-07T09:59:06Z</time>
    <extensions>
     <gpxdata:distance>8795.50</gpxdata:distance>
     <gpxdata:speed>5.686</gpxdata:speed>
    </extensions>
   </trkpt>
   <trkpt lat="46.9071557" lon="5.0053454">
    <ele>176</ele>
    <time>2026-06-07T09:59:07Z</time>
    <extensions>
     <gpxdata:distance>8801.00</gpxdata:distance>
     <gpxdata:speed>5.692</gpxdata:speed>
    </extensions>
   </trkpt>
   <trkpt lat="46.9071790" lon="5.0054125">
    <ele>176</ele>
    <time>2026-06-07T09:59:08Z</time>
    <extensions>
     <gpxdata:distance>8807.00</gpxdata:distance>
     <gpxdata:speed>5.706</gpxdata:speed>
    </extensions>
   </trkpt>
   <trkpt lat="46.9072014" lon="5.0054804">
    <ele>176</ele>
    <time>2026-06-07T09:59:09Z</time>
    <extensions>
     <gpxdata:distance>8813.00</gpxdata:distance>
     <gpxdata:speed>5.717</gpxdata:speed>
    </extensions>
   </trkpt>
   <trkpt lat="46.9072238" lon="5.0055477">
    <ele>176</ele>
    <time>2026-06-07T09:59:10Z</time>
    <extensions>
     <gpxdata:distance>8818.50</gpxdata:distance>
     <gpxdata:speed>5.703</gpxdata:speed>
    </extensions>
   </trkpt>
   <trkpt lat="46.9072465" lon="5.0056133">
    <ele>176</ele>
    <time>2026-06-07T09:59:11Z</time>
    <extensions>
     <gpxdata:distance>8824.00</gpxdata:distance>
     <gpxdata:speed>5.647</gpxdata:speed>
    </extensions>
   </trkpt>
   <trkpt lat="46.9072697" lon="5.0056760">
    <ele>176</ele>
    <time>2026-06-07T09:59:12Z</time>
    <extensions>
     <gpxdata:distance>8829.00</gpxdata:distance>
     <gpxdata:speed>5.544</gpxdata:speed>
    </extensions>
   </trkpt>
   <trkpt lat="46.9072933" lon="5.0057353">
    <ele>176</ele>
    <time>2026-06-07T09:59:13Z</time>
    <extensions>
     <gpxdata:distance>8834.00</gpxdata:distance>
     <gpxdata:speed>5.397</gpxdata:speed>
    </extensions>
   </trkpt>
   <trkpt lat="46.9073157" lon="5.0057918">
    <ele>176</ele>
    <time>2026-06-07T09:59:14Z</time>
    <extensions>
     <gpxdata:distance>8838.50</gpxdata:distance>
     <gpxdata:speed>5.206</gpxdata:speed>
    </extensions>
   </trkpt>
   <trkpt lat="46.9073361" lon="5.0058462">
    <ele>176</ele>
    <time>2026-06-07T09:59:15Z</time>
    <extensions>
     <gpxdata:distance>8843.00</gpxdata:distance>
     <gpxdata:speed>4.758</gpxdata:speed>
    </extensions>
   </trkpt>
   <trkpt lat="46.9073555" lon="5.0058974">
    <ele>176</ele>
    <time>2026-06-07T09:59:16Z</time>
    <extensions>
     <gpxdata:distance>8847.00</gpxdata:distance>
     <gpxdata:speed>4.450</gpxdata:speed>
    </extensions>
   </trkpt>
   <trkpt lat="46.9073745" lon="5.0059446">
    <ele>176</ele>
    <time>2026-06-07T09:59:17Z</time>
    <extensions>
     <gpxdata:distance>8851.00</gpxdata:distance>
     <gpxdata:speed>4.167</gpxdata:speed>
    </extensions>
   </trkpt>
   <trkpt lat="46.9073930" lon="5.0059888">
    <ele>176</ele>
    <time>2026-06-07T09:59:18Z</time>
    <extensions>
     <gpxdata:distance>8855.00</gpxdata:distance>
     <gpxdata:speed>3.964</gpxdata:speed>
    </extensions>
   </trkpt>
   <trkpt lat="46.9074110" lon="5.0060313">
    <ele>176</ele>
    <time>2026-06-07T09:59:19Z</time>
    <extensions>
     <gpxdata:distance>8859.00</gpxdata:distance>
     <gpxdata:speed>3.833</gpxdata:speed>
    </extensions>
   </trkpt>
   <trkpt lat="46.9074276" lon="5.0060736">
    <ele>176</ele>
    <time>2026-06-07T09:59:20Z</time>
    <extensions>
     <gpxdata:distance>8862.50</gpxdata:distance>
     <gpxdata:speed>3.753</gpxdata:speed>
    </extensions>
   </trkpt>
   <trkpt lat="46.9074434" lon="5.0061164">
    <ele>176</ele>
    <time>2026-06-07T09:59:21Z</time>
    <extensions>
     <gpxdata:distance>8866.00</gpxdata:distance>
     <gpxdata:speed>3.739</gpxdata:speed>
    </extensions>
   </trkpt>
   <trkpt lat="46.9074595" lon="5.0061595">
    <ele>176</ele>
    <time>2026-06-07T09:59:22Z</time>
    <extensions>
     <gpxdata:distance>8870.00</gpxdata:distance>
     <gpxdata:speed>3.764</gpxdata:speed>
    </extensions>
   </trkpt>
   <trkpt lat="46.9074760" lon="5.0062041">
    <ele>176</ele>
    <time>2026-06-07T09:59:23Z</time>
    <extensions>
     <gpxdata:distance>8874.00</gpxdata:distance>
     <gpxdata:speed>3.811</gpxdata:speed>
    </extensions>
   </trkpt>
   <trkpt lat="46.9074925" lon="5.0062509">
    <ele>176</ele>
    <time>2026-06-07T09:59:24Z</time>
    <extensions>
     <gpxdata:distance>8878.50</gpxdata:distance>
     <gpxdata:speed>3.900</gpxdata:speed>
    </extensions>
   </trkpt>
   <trkpt lat="46.9075095" lon="5.0062999">
    <ele>176</ele>
    <time>2026-06-07T09:59:25Z</time>
    <extensions>
     <gpxdata:distance>8883.00</gpxdata:distance>
     <gpxdata:speed>4.017</gpxdata:speed>
    </extensions>
   </trkpt>
   <trkpt lat="46.9075275" lon="5.0063496">
    <ele>176</ele>
    <time>2026-06-07T09:59:26Z</time>
    <extensions>
     <gpxdata:distance>8887.00</gpxdata:distance>
     <gpxdata:speed>4.117</gpxdata:speed>
    </extensions>
   </trkpt>
   <trkpt lat="46.9075467" lon="5.0063987">
    <ele>177</ele>
    <time>2026-06-07T09:59:27Z</time>
    <extensions>
     <gpxdata:distance>8891.00</gpxdata:distance>
     <gpxdata:speed>4.181</gpxdata:speed>
    </extensions>
   </trkpt>
   <trkpt lat="46.9075672" lon="5.0064466">
    <ele>177</ele>
    <time>2026-06-07T09:59:28Z</time>
    <extensions>
     <gpxdata:distance>8895.50</gpxdata:distance>
     <gpxdata:speed>4.222</gpxdata:speed>
    </extensions>
   </trkpt>
   <trkpt lat="46.9075884" lon="5.0064940">
    <ele>177</ele>
    <time>2026-06-07T09:59:29Z</time>
    <extensions>
     <gpxdata:distance>8900.00</gpxdata:distance>
     <gpxdata:speed>4.264</gpxdata:speed>
    </extensions>
   </trkpt>
   <trkpt lat="46.9076102" lon="5.0065420">
    <ele>177</ele>
    <time>2026-06-07T09:59:30Z</time>
    <extensions>
     <gpxdata:distance>8904.50</gpxdata:distance>
     <gpxdata:speed>4.322</gpxdata:speed>
    </extensions>
   </trkpt>
   <trkpt lat="46.9076321" lon="5.0065905">
    <ele>177</ele>
    <time>2026-06-07T09:59:31Z</time>
    <extensions>
     <gpxdata:distance>8909.00</gpxdata:distance>
     <gpxdata:speed>4.372</gpxdata:speed>
    </extensions>
   </trkpt>
   <trkpt lat="46.9076532" lon="5.0066394">
    <ele>177</ele>
    <time>2026-06-07T09:59:32Z</time>
    <extensions>
     <gpxdata:distance>8913.00</gpxdata:distance>
     <gpxdata:speed>4.389</gpxdata:speed>
    </extensions>
   </trkpt>
   <trkpt lat="46.9076727" lon="5.0066868">
    <ele>177</ele>
    <time>2026-06-07T09:59:33Z</time>
    <extensions>
     <gpxdata:distance>8917.00</gpxdata:distance>
     <gpxdata:speed>4.289</gpxdata:speed>
    </extensions>
   </trkpt>
   <trkpt lat="46.9076907" lon="5.0067296">
    <ele>177</ele>
    <time>2026-06-07T09:59:34Z</time>
    <extensions>
     <gpxdata:distance>8920.00</gpxdata:distance>
     <gpxdata:speed>3.786</gpxdata:speed>
    </extensions>
   </trkpt>
   <trkpt lat="46.9077076" lon="5.0067656">
    <ele>177</ele>
    <time>2026-06-07T09:59:35Z</time>
    <extensions>
     <gpxdata:distance>8923.00</gpxdata:distance>
     <gpxdata:speed>3.303</gpxdata:speed>
    </extensions>
   </trkpt>
   <trkpt lat="46.9077232" lon="5.0067952">
    <ele>177</ele>
    <time>2026-06-07T09:59:36Z</time>
    <extensions>
     <gpxdata:distance>8925.00</gpxdata:distance>
     <gpxdata:speed>2.836</gpxdata:speed>
    </extensions>
   </trkpt>
   <trkpt lat="46.9077311" lon="5.0068093">
    <ele>178</ele>
    <time>2026-06-07T09:59:37Z</time>
    <extensions>
     <gpxdata:distance>8927.00</gpxdata:distance>
     <gpxdata:speed>2.458</gpxdata:speed>
    </extensions>
   </trkpt>
   <trkpt lat="46.9077410" lon="5.0068280">
    <ele>178</ele>
    <time>2026-06-07T09:59:38Z</time>
    <extensions>
     <gpxdata:distance>8929.50</gpxdata:distance>
     <gpxdata:speed>2.308</gpxdata:speed>
    </extensions>
   </trkpt>
   <trkpt lat="46.9077512" lon="5.0068490">
    <ele>178</ele>
    <time>2026-06-07T09:59:39Z</time>
    <extensions>
     <gpxdata:distance>8932.00</gpxdata:distance>
     <gpxdata:speed>2.158</gpxdata:speed>
    </extensions>
   </trkpt>
   <trkpt lat="46.9077603" lon="5.0068701">
    <ele>178</ele>
    <time>2026-06-07T09:59:40Z</time>
    <extensions>
     <gpxdata:distance>8933.50</gpxdata:distance>
     <gpxdata:speed>1.903</gpxdata:speed>
    </extensions>
   </trkpt>
   <trkpt lat="46.9077661" lon="5.0068848">
    <ele>178</ele>
    <time>2026-06-07T09:59:41Z</time>
    <extensions>
     <gpxdata:distance>8935.00</gpxdata:distance>
     <gpxdata:speed>1.744</gpxdata:speed>
    </extensions>
   </trkpt>
   <trkpt lat="46.9077721" lon="5.0069026">
    <ele>178</ele>
    <time>2026-06-07T09:59:42Z</time>
    <extensions>
     <gpxdata:distance>8937.00</gpxdata:distance>
     <gpxdata:speed>1.767</gpxdata:speed>
    </extensions>
   </trkpt>
   <trkpt lat="46.9077783" lon="5.0069232">
    <ele>178</ele>
    <time>2026-06-07T09:59:43Z</time>
    <extensions>
     <gpxdata:distance>8939.00</gpxdata:distance>
     <gpxdata:speed>1.936</gpxdata:speed>
    </extensions>
   </trkpt>
   <trkpt lat="46.9077844" lon="5.0069465">
    <ele>178</ele>
    <time>2026-06-07T09:59:44Z</time>
    <extensions>
     <gpxdata:distance>8941.50</gpxdata:distance>
     <gpxdata:speed>2.006</gpxdata:speed>
    </extensions>
   </trkpt>
   <trkpt lat="46.9077927" lon="5.0069822">
    <ele>178</ele>
    <time>2026-06-07T09:59:45Z</time>
    <extensions>
     <gpxdata:distance>8944.00</gpxdata:distance>
     <gpxdata:speed>2.169</gpxdata:speed>
    </extensions>
   </trkpt>
   <trkpt lat="46.9077982" lon="5.0070160">
    <ele>178</ele>
    <time>2026-06-07T09:59:46Z</time>
    <extensions>
     <gpxdata:distance>8946.50</gpxdata:distance>
     <gpxdata:speed>2.336</gpxdata:speed>
    </extensions>
   </trkpt>
   <trkpt lat="46.9078009" lon="5.0070504">
    <ele>178</ele>
    <time>2026-06-07T09:59:47Z</time>
    <extensions>
     <gpxdata:distance>8949.00</gpxdata:distance>
     <gpxdata:speed>2.492</gpxdata:speed>
    </extensions>
   </trkpt>
   <trkpt lat="46.9078017" lon="5.0070865">
    <ele>179</ele>
    <time>2026-06-07T09:59:48Z</time>
    <extensions>
     <gpxdata:distance>8952.50</gpxdata:distance>
     <gpxdata:speed>2.656</gpxdata:speed>
    </extensions>
   </trkpt>
   <trkpt lat="46.9078019" lon="5.0071256">
    <ele>179</ele>
    <time>2026-06-07T09:59:49Z</time>
    <extensions>
     <gpxdata:distance>8956.00</gpxdata:distance>
     <gpxdata:speed>3.125</gpxdata:speed>
    </extensions>
   </trkpt>
   <trkpt lat="46.9078027" lon="5.0071958">
    <ele>179</ele>
    <time>2026-06-07T09:59:50Z</time>
    <extensions>
     <gpxdata:distance>8960.00</gpxdata:distance>
     <gpxdata:speed>3.522</gpxdata:speed>
    </extensions>
   </trkpt>
   <trkpt lat="46.9078037" lon="5.0072509">
    <ele>179</ele>
    <time>2026-06-07T09:59:51Z</time>
    <extensions>
     <gpxdata:distance>8964.00</gpxdata:distance>
     <gpxdata:speed>3.892</gpxdata:speed>
    </extensions>
   </trkpt>
   <trkpt lat="46.9078045" lon="5.0073056">
    <ele>179</ele>
    <time>2026-06-07T09:59:52Z</time>
    <extensions>
     <gpxdata:distance>8968.50</gpxdata:distance>
     <gpxdata:speed>4.097</gpxdata:speed>
    </extensions>
   </trkpt>
   <trkpt lat="46.9078053" lon="5.0073618">
    <ele>179</ele>
    <time>2026-06-07T09:59:53Z</time>
    <extensions>
     <gpxdata:distance>8973.00</gpxdata:distance>
     <gpxdata:speed>4.239</gpxdata:speed>
    </extensions>
   </trkpt>
   <trkpt lat="46.9078067" lon="5.0074200">
    <ele>179</ele>
    <time>2026-06-07T09:59:54Z</time>
    <extensions>
     <gpxdata:distance>8977.50</gpxdata:distance>
     <gpxdata:speed>4.408</gpxdata:speed>
    </extensions>
   </trkpt>
   <trkpt lat="46.9078090" lon="5.0074816">
    <ele>179</ele>
    <time>2026-06-07T09:59:55Z</time>
    <extensions>
     <gpxdata:distance>8982.00</gpxdata:distance>
     <gpxdata:speed>4.706</gpxdata:speed>
    </extensions>
   </trkpt>
   <trkpt lat="46.9078111" lon="5.0075465">
    <ele>179</ele>
    <time>2026-06-07T09:59:56Z</time>
    <extensions>
     <gpxdata:distance>8987.50</gpxdata:distance>
     <gpxdata:speed>4.928</gpxdata:speed>
    </extensions>
   </trkpt>
   <trkpt lat="46.9078130" lon="5.0076145">
    <ele>179</ele>
    <time>2026-06-07T09:59:57Z</time>
    <extensions>
     <gpxdata:distance>8993.00</gpxdata:distance>
     <gpxdata:speed>5.164</gpxdata:speed>
    </extensions>
   </trkpt>
   <trkpt lat="46.9078147" lon="5.0076859">
    <ele>179</ele>
    <time>2026-06-07T09:59:58Z</time>
    <extensions>
     <gpxdata:distance>8998.50</gpxdata:distance>
     <gpxdata:speed>5.422</gpxdata:speed>
    </extensions>
   </trkpt>
   <trkpt lat="46.9078168" lon="5.0077605">
    <ele>179</ele>
    <time>2026-06-07T09:59:59Z</time>
    <extensions>
     <gpxdata:distance>9004.00</gpxdata:distance>
     <gpxdata:speed>5.658</gpxdata:speed>
    </extensions>
   </trkpt>
   <trkpt lat="46.9078195" lon="5.0078394">
    <ele>178</ele>
    <time>2026-06-07T10:00:00Z</time>
    <extensions>
     <gpxdata:distance>9010.50</gpxdata:distance>
     <gpxdata:speed>6.011</gpxdata:speed>
    </extensions>
   </trkpt>
   <trkpt lat="46.9078231" lon="5.0079504">
    <ele>178</ele>
    <time>2026-06-07T10:00:01Z</time>
    <extensions>
     <gpxdata:distance>9017.00</gpxdata:distance>
     <gpxdata:speed>6.331</gpxdata:speed>
    </extensions>
   </trkpt>
   <trkpt lat="46.9078251" lon="5.0080423">
    <ele>178</ele>
    <time>2026-06-07T10:00:02Z</time>
    <extensions>
     <gpxdata:distance>9024.00</gpxdata:distance>
     <gpxdata:speed>6.628</gpxdata:speed>
    </extensions>
   </trkpt>
   <trkpt lat="46.9078256" lon="5.0081339">
    <ele>177</ele>
    <time>2026-06-07T10:00:03Z</time>
    <extensions>
     <gpxdata:distance>9031.00</gpxdata:distance>
     <gpxdata:speed>6.817</gpxdata:speed>
    </extensions>
   </trkpt>
   <trkpt lat="46.9078255" lon="5.0082255">
    <ele>177</ele>
    <time>2026-06-07T10:00:04Z</time>
    <extensions>
     <gpxdata:distance>9038.00</gpxdata:distance>
     <gpxdata:speed>6.867</gpxdata:speed>
    </extensions>
   </trkpt>
   <trkpt lat="46.9078264" lon="5.0083164">
    <ele>177</ele>
    <time>2026-06-07T10:00:05Z</time>
    <extensions>
     <gpxdata:distance>9045.00</gpxdata:distance>
     <gpxdata:speed>6.853</gpxdata:speed>
    </extensions>
   </trkpt>
   <trkpt lat="46.9078288" lon="5.0084078">
    <ele>177</ele>
    <time>2026-06-07T10:00:06Z</time>
    <extensions>
     <gpxdata:distance>9052.00</gpxdata:distance>
     <gpxdata:speed>6.933</gpxdata:speed>
    </extensions>
   </trkpt>
   <trkpt lat="46.9078317" lon="5.0085014">
    <ele>176</ele>
    <time>2026-06-07T10:00:07Z</time>
    <extensions>
     <gpxdata:distance>9059.00</gpxdata:distance>
     <gpxdata:speed>7.100</gpxdata:speed>
    </extensions>
   </trkpt>
   <trkpt lat="46.9078342" lon="5.0085954">
    <ele>176</ele>
    <time>2026-06-07T10:00:08Z</time>
    <extensions>
     <gpxdata:distance>9066.50</gpxdata:distance>
     <gpxdata:speed>7.117</gpxdata:speed>
    </extensions>
   </trkpt>
   <trkpt lat="46.9078370" lon="5.0086890">
    <ele>176</ele>
    <time>2026-06-07T10:00:09Z</time>
    <extensions>
     <gpxdata:distance>9074.00</gpxdata:distance>
     <gpxdata:speed>7.125</gpxdata:speed>
    </extensions>
   </trkpt>
   <trkpt lat="46.9078419" lon="5.0087805">
    <ele>176</ele>
    <time>2026-06-07T10:00:10Z</time>
    <extensions>
     <gpxdata:distance>9080.50</gpxdata:distance>
     <gpxdata:speed>7.067</gpxdata:speed>
    </extensions>
   </trkpt>
   <trkpt lat="46.9078480" lon="5.0088689">
    <ele>176</ele>
    <time>2026-06-07T10:00:11Z</time>
    <extensions>
     <gpxdata:distance>9087.00</gpxdata:distance>
     <gpxdata:speed>6.939</gpxdata:speed>
    </extensions>
   </trkpt>
   <trkpt lat="46.9078544" lon="5.0089555">
    <ele>176</ele>
    <time>2026-06-07T10:00:12Z</time>
    <extensions>
     <gpxdata:distance>9093.50</gpxdata:distance>
     <gpxdata:speed>6.828</gpxdata:speed>
    </extensions>
   </trkpt>
   <trkpt lat="46.9078610" lon="5.0090432">
    <ele>176</ele>
    <time>2026-06-07T10:00:13Z</time>
    <extensions>
     <gpxdata:distance>9100.00</gpxdata:distance>
     <gpxdata:speed>6.806</gpxdata:speed>
    </extensions>
   </trkpt>
   <trkpt lat="46.9078671" lon="5.0091335">
    <ele>176</ele>
    <time>2026-06-07T10:00:14Z</time>
    <extensions>
     <gpxdata:distance>9107.50</gpxdata:distance>
     <gpxdata:speed>6.858</gpxdata:speed>
    </extensions>
   </trkpt>
   <trkpt lat="46.9078731" lon="5.0092258">
    <ele>176</ele>
    <time>2026-06-07T10:00:15Z</time>
    <extensions>
     <gpxdata:distance>9115.00</gpxdata:distance>
     <gpxdata:speed>6.928</gpxdata:speed>
    </extensions>
   </trkpt>
   <trkpt lat="46.9078788" lon="5.0093194">
    <ele>176</ele>
    <time>2026-06-07T10:00:16Z</time>
    <extensions>
     <gpxdata:distance>9122.00</gpxdata:distance>
     <gpxdata:speed>6.997</gpxdata:speed>
    </extensions>
   </trkpt>
   <trkpt lat="46.9078843" lon="5.0094137">
    <ele>176</ele>
    <time>2026-06-07T10:00:17Z</time>
    <extensions>
     <gpxdata:distance>9129.00</gpxdata:distance>
     <gpxdata:speed>7.061</gpxdata:speed>
    </extensions>
   </trkpt>
   <trkpt lat="46.9078894" lon="5.0095091">
    <ele>175</ele>
    <time>2026-06-07T10:00:18Z</time>
    <extensions>
     <gpxdata:distance>9136.50</gpxdata:distance>
     <gpxdata:speed>7.133</gpxdata:speed>
    </extensions>
   </trkpt>
   <trkpt lat="46.9078937" lon="5.0096052">
    <ele>175</ele>
    <time>2026-06-07T10:00:19Z</time>
    <extensions>
     <gpxdata:distance>9144.00</gpxdata:distance>
     <gpxdata:speed>7.197</gpxdata:speed>
    </extensions>
   </trkpt>
   <trkpt lat="46.9078969" lon="5.0097001">
    <ele>175</ele>
    <time>2026-06-07T10:00:20Z</time>
    <extensions>
     <gpxdata:distance>9151.00</gpxdata:distance>
     <gpxdata:speed>7.197</gpxdata:speed>
    </extensions>
   </trkpt>
   <trkpt lat="46.9078996" lon="5.0097946">
    <ele>175</ele>
    <time>2026-06-07T10:00:21Z</time>
    <extensions>
     <gpxdata:distance>9158.00</gpxdata:distance>
     <gpxdata:speed>7.197</gpxdata:speed>
    </extensions>
   </trkpt>
   <trkpt lat="46.9079013" lon="5.0098871">
    <ele>175</ele>
    <time>2026-06-07T10:00:22Z</time>
    <extensions>
     <gpxdata:distance>9165.00</gpxdata:distance>
     <gpxdata:speed>7.142</gpxdata:speed>
    </extensions>
   </trkpt>
   <trkpt lat="46.9079021" lon="5.0099771">
    <ele>175</ele>
    <time>2026-06-07T10:00:23Z</time>
    <extensions>
     <gpxdata:distance>9172.00</gpxdata:distance>
     <gpxdata:speed>7.031</gpxdata:speed>
    </extensions>
   </trkpt>
   <trkpt lat="46.9079018" lon="5.0100652">
    <ele>175</ele>
    <time>2026-06-07T10:00:24Z</time>
    <extensions>
     <gpxdata:distance>9178.50</gpxdata:distance>
     <gpxdata:speed>6.917</gpxdata:speed>
    </extensions>
   </trkpt>
   <trkpt lat="46.9078999" lon="5.0101521">
    <ele>175</ele>
    <time>2026-06-07T10:00:25Z</time>
    <extensions>
     <gpxdata:distance>9185.00</gpxdata:distance>
     <gpxdata:speed>6.817</gpxdata:speed>
    </extensions>
   </trkpt>
   <trkpt lat="46.9078976" lon="5.0102395">
    <ele>175</ele>
    <time>2026-06-07T10:00:26Z</time>
    <extensions>
     <gpxdata:distance>9191.50</gpxdata:distance>
     <gpxdata:speed>6.764</gpxdata:speed>
    </extensions>
   </trkpt>
   <trkpt lat="46.9078952" lon="5.0103283">
    <ele>175</ele>
    <time>2026-06-07T10:00:27Z</time>
    <extensions>
     <gpxdata:distance>9198.00</gpxdata:distance>
     <gpxdata:speed>6.767</gpxdata:speed>
    </extensions>
   </trkpt>
   <trkpt lat="46.9078905" lon="5.0104195">
    <ele>175</ele>
    <time>2026-06-07T10:00:28Z</time>
    <extensions>
     <gpxdata:distance>9205.50</gpxdata:distance>
     <gpxdata:speed>6.844</gpxdata:speed>
    </extensions>
   </trkpt>
   <trkpt lat="46.9078836" lon="5.0105131">
    <ele>175</ele>
    <time>2026-06-07T10:00:29Z</time>
    <extensions>
     <gpxdata:distance>9213.00</gpxdata:distance>
     <gpxdata:speed>6.953</gpxdata:speed>
    </extensions>
   </trkpt>
   <trkpt lat="46.9078737" lon="5.0106079">
    <ele>175</ele>
    <time>2026-06-07T10:00:30Z</time>
    <extensions>
     <gpxdata:distance>9220.00</gpxdata:distance>
     <gpxdata:speed>7.067</gpxdata:speed>
    </extensions>
   </trkpt>
   <trkpt lat="46.9078617" lon="5.0107025">
    <ele>175</ele>
    <time>2026-06-07T10:00:31Z</time>
    <extensions>
     <gpxdata:distance>9227.00</gpxdata:distance>
     <gpxdata:speed>7.142</gpxdata:speed>
    </extensions>
   </trkpt>
   <trkpt lat="46.9078492" lon="5.0107952">
    <ele>176</ele>
    <time>2026-06-07T10:00:32Z</time>
    <extensions>
     <gpxdata:distance>9234.00</gpxdata:distance>
     <gpxdata:speed>7.133</gpxdata:speed>
    </extensions>
   </trkpt>
   <trkpt lat="46.9078363" lon="5.0108846">
    <ele>176</ele>
    <time>2026-06-07T10:00:33Z</time>
    <extensions>
     <gpxdata:distance>9241.00</gpxdata:distance>
     <gpxdata:speed>7.053</gpxdata:speed>
    </extensions>
   </trkpt>
   <trkpt lat="46.9078238" lon="5.0109706">
    <ele>176</ele>
    <time>2026-06-07T10:00:34Z</time>
    <extensions>
     <gpxdata:distance>9247.50</gpxdata:distance>
     <gpxdata:speed>6.919</gpxdata:speed>
    </extensions>
   </trkpt>
   <trkpt lat="46.9078114" lon="5.0110542">
    <ele>176</ele>
    <time>2026-06-07T10:00:35Z</time>
    <extensions>
     <gpxdata:distance>9254.00</gpxdata:distance>
     <gpxdata:speed>6.781</gpxdata:speed>
    </extensions>
   </trkpt>
   <trkpt lat="46.9077980" lon="5.0111361">
    <ele>176</ele>
    <time>2026-06-07T10:00:36Z</time>
    <extensions>
     <gpxdata:distance>9260.50</gpxdata:distance>
     <gpxdata:speed>6.656</gpxdata:speed>
    </extensions>
   </trkpt>
   <trkpt lat="46.9077845" lon="5.0112167">
    <ele>175</ele>
    <time>2026-06-07T10:00:37Z</time>
    <extensions>
     <gpxdata:distance>9267.00</gpxdata:distance>
     <gpxdata:speed>6.536</gpxdata:speed>
    </extensions>
   </trkpt>
   <trkpt lat="46.9077707" lon="5.0112981">
    <ele>176</ele>
    <time>2026-06-07T10:00:38Z</time>
    <extensions>
     <gpxdata:distance>9273.50</gpxdata:distance>
     <gpxdata:speed>6.486</gpxdata:speed>
    </extensions>
   </trkpt>
   <trkpt lat="46.9077572" lon="5.0113793">
    <ele>176</ele>
    <time>2026-06-07T10:00:39Z</time>
    <extensions>
     <gpxdata:distance>9280.00</gpxdata:distance>
     <gpxdata:speed>6.383</gpxdata:speed>
    </extensions>
   </trkpt>
   <trkpt lat="46.9077439" lon="5.0114604">
    <ele>176</ele>
    <time>2026-06-07T10:00:40Z</time>
    <extensions>
     <gpxdata:distance>9286.00</gpxdata:distance>
     <gpxdata:speed>6.350</gpxdata:speed>
    </extensions>
   </trkpt>
   <trkpt lat="46.9077313" lon="5.0115392">
    <ele>176</ele>
    <time>2026-06-07T10:00:41Z</time>
    <extensions>
     <gpxdata:distance>9292.00</gpxdata:distance>
     <gpxdata:speed>6.164</gpxdata:speed>
    </extensions>
   </trkpt>
   <trkpt lat="46.9077186" lon="5.0116165">
    <ele>176</ele>
    <time>2026-06-07T10:00:42Z</time>
    <extensions>
     <gpxdata:distance>9298.00</gpxdata:distance>
     <gpxdata:speed>6.083</gpxdata:speed>
    </extensions>
   </trkpt>
   <trkpt lat="46.9077055" lon="5.0116936">
    <ele>176</ele>
    <time>2026-06-07T10:00:43Z</time>
    <extensions>
     <gpxdata:distance>9304.00</gpxdata:distance>
     <gpxdata:speed>6.078</gpxdata:speed>
    </extensions>
   </trkpt>
   <trkpt lat="46.9076915" lon="5.0117709">
    <ele>176</ele>
    <time>2026-06-07T10:00:44Z</time>
    <extensions>
     <gpxdata:distance>9310.00</gpxdata:distance>
     <gpxdata:speed>6.108</gpxdata:speed>
    </extensions>
   </trkpt>
   <trkpt lat="46.9076770" lon="5.0118479">
    <ele>176</ele>
    <time>2026-06-07T10:00:45Z</time>
    <extensions>
     <gpxdata:distance>9316.00</gpxdata:distance>
     <gpxdata:speed>6.086</gpxdata:speed>
    </extensions>
   </trkpt>
   <trkpt lat="46.9076617" lon="5.0119257">
    <ele>176</ele>
    <time>2026-06-07T10:00:46Z</time>
    <extensions>
     <gpxdata:distance>9322.00</gpxdata:distance>
     <gpxdata:speed>6.122</gpxdata:speed>
    </extensions>
   </trkpt>
   <trkpt lat="46.9076460" lon="5.0120032">
    <ele>176</ele>
    <time>2026-06-07T10:00:47Z</time>
    <extensions>
     <gpxdata:distance>9328.00</gpxdata:distance>
     <gpxdata:speed>6.128</gpxdata:speed>
    </extensions>
   </trkpt>
   <trkpt lat="46.9076296" lon="5.0120801">
    <ele>176</ele>
    <time>2026-06-07T10:00:48Z</time>
    <extensions>
     <gpxdata:distance>9334.50</gpxdata:distance>
     <gpxdata:speed>6.122</gpxdata:speed>
    </extensions>
   </trkpt>
   <trkpt lat="46.9076128" lon="5.0121565">
    <ele>176</ele>
    <time>2026-06-07T10:00:49Z</time>
    <extensions>
     <gpxdata:distance>9341.00</gpxdata:distance>
     <gpxdata:speed>6.114</gpxdata:speed>
    </extensions>
   </trkpt>
   <trkpt lat="46.9075953" lon="5.0122313">
    <ele>176</ele>
    <time>2026-06-07T10:00:50Z</time>
    <extensions>
     <gpxdata:distance>9346.50</gpxdata:distance>
     <gpxdata:speed>6.075</gpxdata:speed>
    </extensions>
   </trkpt>
   <trkpt lat="46.9075778" lon="5.0123049">
    <ele>176</ele>
    <time>2026-06-07T10:00:51Z</time>
    <extensions>
     <gpxdata:distance>9352.00</gpxdata:distance>
     <gpxdata:speed>6.014</gpxdata:speed>
    </extensions>
   </trkpt>
   <trkpt lat="46.9075599" lon="5.0123764">
    <ele>176</ele>
    <time>2026-06-07T10:00:52Z</time>
    <extensions>
     <gpxdata:distance>9358.00</gpxdata:distance>
     <gpxdata:speed>5.936</gpxdata:speed>
    </extensions>
   </trkpt>
   <trkpt lat="46.9075465" lon="5.0124280">
    <ele>176</ele>
    <time>2026-06-07T10:00:53Z</time>
    <extensions>
     <gpxdata:distance>9364.00</gpxdata:distance>
     <gpxdata:speed>5.894</gpxdata:speed>
    </extensions>
   </trkpt>
   <trkpt lat="46.9075291" lon="5.0124940">
    <ele>176</ele>
    <time>2026-06-07T10:00:54Z</time>
    <extensions>
     <gpxdata:distance>9370.00</gpxdata:distance>
     <gpxdata:speed>5.886</gpxdata:speed>
    </extensions>
   </trkpt>
   <trkpt lat="46.9075107" lon="5.0125638">
    <ele>176</ele>
    <time>2026-06-07T10:00:55Z</time>
    <extensions>
     <gpxdata:distance>9376.00</gpxdata:distance>
     <gpxdata:speed>5.853</gpxdata:speed>
    </extensions>
   </trkpt>
   <trkpt lat="46.9074919" lon="5.0126343">
    <ele>176</ele>
    <time>2026-06-07T10:00:56Z</time>
    <extensions>
     <gpxdata:distance>9381.50</gpxdata:distance>
     <gpxdata:speed>5.822</gpxdata:speed>
    </extensions>
   </trkpt>
   <trkpt lat="46.9074729" lon="5.0127047">
    <ele>176</ele>
    <time>2026-06-07T10:00:57Z</time>
    <extensions>
     <gpxdata:distance>9387.00</gpxdata:distance>
     <gpxdata:speed>5.794</gpxdata:speed>
    </extensions>
   </trkpt>
   <trkpt lat="46.9074533" lon="5.0127754">
    <ele>176</ele>
    <time>2026-06-07T10:00:58Z</time>
    <extensions>
     <gpxdata:distance>9393.00</gpxdata:distance>
     <gpxdata:speed>5.800</gpxdata:speed>
    </extensions>
   </trkpt>
   <trkpt lat="46.9074332" lon="5.0128468">
    <ele>176</ele>
    <time>2026-06-07T10:00:59Z</time>
    <extensions>
     <gpxdata:distance>9399.00</gpxdata:distance>
     <gpxdata:speed>5.833</gpxdata:speed>
    </extensions>
   </trkpt>
   <trkpt lat="46.9074121" lon="5.0129181">
    <ele>176</ele>
    <time>2026-06-07T10:01:00Z</time>
    <extensions>
     <gpxdata:distance>9405.00</gpxdata:distance>
     <gpxdata:speed>5.861</gpxdata:speed>
    </extensions>
   </trkpt>
   <trkpt lat="46.9073900" lon="5.0129890">
    <ele>176</ele>
    <time>2026-06-07T10:01:01Z</time>
    <extensions>
     <gpxdata:distance>9411.00</gpxdata:distance>
     <gpxdata:speed>5.886</gpxdata:speed>
    </extensions>
   </trkpt>
   <trkpt lat="46.9073678" lon="5.0130597">
    <ele>176</ele>
    <time>2026-06-07T10:01:02Z</time>
    <extensions>
     <gpxdata:distance>9417.00</gpxdata:distance>
     <gpxdata:speed>5.894</gpxdata:speed>
    </extensions>
   </trkpt>
   <trkpt lat="46.9073449" lon="5.0131307">
    <ele>176</ele>
    <time>2026-06-07T10:01:03Z</time>
    <extensions>
     <gpxdata:distance>9423.00</gpxdata:distance>
     <gpxdata:speed>5.931</gpxdata:speed>
    </extensions>
   </trkpt>
   <trkpt lat="46.9073208" lon="5.0132019">
    <ele>176</ele>
    <time>2026-06-07T10:01:04Z</time>
    <extensions>
     <gpxdata:distance>9429.00</gpxdata:distance>
     <gpxdata:speed>5.978</gpxdata:speed>
    </extensions>
   </trkpt>
   <trkpt lat="46.9072955" lon="5.0132733">
    <ele>176</ele>
    <time>2026-06-07T10:01:05Z</time>
    <extensions>
     <gpxdata:distance>9435.00</gpxdata:distance>
     <gpxdata:speed>6.042</gpxdata:speed>
    </extensions>
   </trkpt>
   <trkpt lat="46.9072583" lon="5.0133694">
    <ele>176</ele>
    <time>2026-06-07T10:01:06Z</time>
    <extensions>
     <gpxdata:distance>9442.00</gpxdata:distance>
     <gpxdata:speed>6.164</gpxdata:speed>
    </extensions>
   </trkpt>
   <trkpt lat="46.9072257" lon="5.0134463">
    <ele>176</ele>
    <time>2026-06-07T10:01:07Z</time>
    <extensions>
     <gpxdata:distance>9449.00</gpxdata:distance>
     <gpxdata:speed>6.561</gpxdata:speed>
    </extensions>
   </trkpt>
   <trkpt lat="46.9071915" lon="5.0135219">
    <ele>176</ele>
    <time>2026-06-07T10:01:08Z</time>
    <extensions>
     <gpxdata:distance>9456.00</gpxdata:distance>
     <gpxdata:speed>6.783</gpxdata:speed>
    </extensions>
   </trkpt>
   <trkpt lat="46.9071550" lon="5.0135978">
    <ele>176</ele>
    <time>2026-06-07T10:01:09Z</time>
    <extensions>
     <gpxdata:distance>9463.00</gpxdata:distance>
     <gpxdata:speed>6.967</gpxdata:speed>
    </extensions>
   </trkpt>
   <trkpt lat="46.9071165" lon="5.0136734">
    <ele>176</ele>
    <time>2026-06-07T10:01:10Z</time>
    <extensions>
     <gpxdata:distance>9470.00</gpxdata:distance>
     <gpxdata:speed>7.086</gpxdata:speed>
    </extensions>
   </trkpt>
   <trkpt lat="46.9070768" lon="5.0137493">
    <ele>176</ele>
    <time>2026-06-07T10:01:11Z</time>
    <extensions>
     <gpxdata:distance>9477.00</gpxdata:distance>
     <gpxdata:speed>7.192</gpxdata:speed>
    </extensions>
   </trkpt>
   <trkpt lat="46.9070366" lon="5.0138253">
    <ele>176</ele>
    <time>2026-06-07T10:01:12Z</time>
    <extensions>
     <gpxdata:distance>9484.50</gpxdata:distance>
     <gpxdata:speed>7.250</gpxdata:speed>
    </extensions>
   </trkpt>
   <trkpt lat="46.9069966" lon="5.0139022">
    <ele>176</ele>
    <time>2026-06-07T10:01:13Z</time>
    <extensions>
     <gpxdata:distance>9492.00</gpxdata:distance>
     <gpxdata:speed>7.311</gpxdata:speed>
    </extensions>
   </trkpt>
   <trkpt lat="46.9069573" lon="5.0139801">
    <ele>176</ele>
    <time>2026-06-07T10:01:14Z</time>
    <extensions>
     <gpxdata:distance>9499.50</gpxdata:distance>
     <gpxdata:speed>7.333</gpxdata:speed>
    </extensions>
   </trkpt>
   <trkpt lat="46.9069184" lon="5.0140582">
    <ele>176</ele>
    <time>2026-06-07T10:01:15Z</time>
    <extensions>
     <gpxdata:distance>9507.00</gpxdata:distance>
     <gpxdata:speed>7.336</gpxdata:speed>
    </extensions>
   </trkpt>
   <trkpt lat="46.9068793" lon="5.0141364">
    <ele>176</ele>
    <time>2026-06-07T10:01:16Z</time>
    <extensions>
     <gpxdata:distance>9514.00</gpxdata:distance>
     <gpxdata:speed>7.369</gpxdata:speed>
    </extensions>
   </trkpt>
   <trkpt lat="46.9068388" lon="5.0142131">
    <ele>176</ele>
    <time>2026-06-07T10:01:17Z</time>
    <extensions>
     <gpxdata:distance>9521.00</gpxdata:distance>
     <gpxdata:speed>7.386</gpxdata:speed>
    </extensions>
   </trkpt>
   <trkpt lat="46.9067977" lon="5.0142910">
    <ele>176</ele>
    <time>2026-06-07T10:01:18Z</time>
    <extensions>
     <gpxdata:distance>9529.00</gpxdata:distance>
     <gpxdata:speed>7.444</gpxdata:speed>
    </extensions>
   </trkpt>
   <trkpt lat="46.9067558" lon="5.0143710">
    <ele>176</ele>
    <time>2026-06-07T10:01:19Z</time>
    <extensions>
     <gpxdata:distance>9537.00</gpxdata:distance>
     <gpxdata:speed>7.539</gpxdata:speed>
    </extensions>
   </trkpt>
   <trkpt lat="46.9067125" lon="5.0144521">
    <ele>176</ele>
    <time>2026-06-07T10:01:20Z</time>
    <extensions>
     <gpxdata:distance>9545.00</gpxdata:distance>
     <gpxdata:speed>7.653</gpxdata:speed>
    </extensions>
   </trkpt>
   <trkpt lat="46.9066685" lon="5.0145342">
    <ele>176</ele>
    <time>2026-06-07T10:01:21Z</time>
    <extensions>
     <gpxdata:distance>9553.00</gpxdata:distance>
     <gpxdata:speed>7.756</gpxdata:speed>
    </extensions>
   </trkpt>
   <trkpt lat="46.9066244" lon="5.0146182">
    <ele>176</ele>
    <time>2026-06-07T10:01:22Z</time>
    <extensions>
     <gpxdata:distance>9561.00</gpxdata:distance>
     <gpxdata:speed>7.867</gpxdata:speed>
    </extensions>
   </trkpt>
   <trkpt lat="46.9065802" lon="5.0147042">
    <ele>176</ele>
    <time>2026-06-07T10:01:23Z</time>
    <extensions>
     <gpxdata:distance>9569.00</gpxdata:distance>
     <gpxdata:speed>8.092</gpxdata:speed>
    </extensions>
   </trkpt>
   <trkpt lat="46.9065358" lon="5.0147910">
    <ele>176</ele>
    <time>2026-06-07T10:01:24Z</time>
    <extensions>
     <gpxdata:distance>9577.50</gpxdata:distance>
     <gpxdata:speed>8.181</gpxdata:speed>
    </extensions>
   </trkpt>
   <trkpt lat="46.9064913" lon="5.0148776">
    <ele>176</ele>
    <time>2026-06-07T10:01:25Z</time>
    <extensions>
     <gpxdata:distance>9586.00</gpxdata:distance>
     <gpxdata:speed>8.200</gpxdata:speed>
    </extensions>
   </trkpt>
   <trkpt lat="46.9064467" lon="5.0149638">
    <ele>176</ele>
    <time>2026-06-07T10:01:26Z</time>
    <extensions>
     <gpxdata:distance>9594.00</gpxdata:distance>
     <gpxdata:speed>8.203</gpxdata:speed>
    </extensions>
   </trkpt>
   <trkpt lat="46.9064017" lon="5.0150496">
    <ele>176</ele>
    <time>2026-06-07T10:01:27Z</time>
    <extensions>
     <gpxdata:distance>9602.00</gpxdata:distance>
     <gpxdata:speed>8.211</gpxdata:speed>
    </extensions>
   </trkpt>
   <trkpt lat="46.9063569" lon="5.0151360">
    <ele>176</ele>
    <time>2026-06-07T10:01:28Z</time>
    <extensions>
     <gpxdata:distance>9610.50</gpxdata:distance>
     <gpxdata:speed>8.244</gpxdata:speed>
    </extensions>
   </trkpt>
   <trkpt lat="46.9063126" lon="5.0152233">
    <ele>176</ele>
    <time>2026-06-07T10:01:29Z</time>
    <extensions>
     <gpxdata:distance>9619.00</gpxdata:distance>
     <gpxdata:speed>8.264</gpxdata:speed>
    </extensions>
   </trkpt>
   <trkpt lat="46.9062685" lon="5.0153110">
    <ele>176</ele>
    <time>2026-06-07T10:01:30Z</time>
    <extensions>
     <gpxdata:distance>9627.00</gpxdata:distance>
     <gpxdata:speed>8.275</gpxdata:speed>
    </extensions>
   </trkpt>
   <trkpt lat="46.9062241" lon="5.0153979">
    <ele>176</ele>
    <time>2026-06-07T10:01:31Z</time>
    <extensions>
     <gpxdata:distance>9635.00</gpxdata:distance>
     <gpxdata:speed>8.264</gpxdata:speed>
    </extensions>
   </trkpt>
   <trkpt lat="46.9061797" lon="5.0154843">
    <ele>176</ele>
    <time>2026-06-07T10:01:32Z</time>
    <extensions>
     <gpxdata:distance>9643.00</gpxdata:distance>
     <gpxdata:speed>8.247</gpxdata:speed>
    </extensions>
   </trkpt>
   <trkpt lat="46.9061355" lon="5.0155700">
    <ele>176</ele>
    <time>2026-06-07T10:01:33Z</time>
    <extensions>
     <gpxdata:distance>9651.00</gpxdata:distance>
     <gpxdata:speed>8.214</gpxdata:speed>
    </extensions>
   </trkpt>
   <trkpt lat="46.9060921" lon="5.0156564">
    <ele>176</ele>
    <time>2026-06-07T10:01:34Z</time>
    <extensions>
     <gpxdata:distance>9659.50</gpxdata:distance>
     <gpxdata:speed>8.197</gpxdata:speed>
    </extensions>
   </trkpt>
   <trkpt lat="46.9060493" lon="5.0157426">
    <ele>176</ele>
    <time>2026-06-07T10:01:35Z</time>
    <extensions>
     <gpxdata:distance>9668.00</gpxdata:distance>
     <gpxdata:speed>8.161</gpxdata:speed>
    </extensions>
   </trkpt>
   <trkpt lat="46.9060062" lon="5.0158289">
    <ele>176</ele>
    <time>2026-06-07T10:01:36Z</time>
    <extensions>
     <gpxdata:distance>9676.00</gpxdata:distance>
     <gpxdata:speed>8.153</gpxdata:speed>
    </extensions>
   </trkpt>
   <trkpt lat="46.9059620" lon="5.0159146">
    <ele>176</ele>
    <time>2026-06-07T10:01:37Z</time>
    <extensions>
     <gpxdata:distance>9684.00</gpxdata:distance>
     <gpxdata:speed>8.158</gpxdata:speed>
    </extensions>
   </trkpt>
   <trkpt lat="46.9059169" lon="5.0160000">
    <ele>176</ele>
    <time>2026-06-07T10:01:38Z</time>
    <extensions>
     <gpxdata:distance>9692.00</gpxdata:distance>
     <gpxdata:speed>8.178</gpxdata:speed>
    </extensions>
   </trkpt>
   <trkpt lat="46.9058711" lon="5.0160851">
    <ele>176</ele>
    <time>2026-06-07T10:01:39Z</time>
    <extensions>
     <gpxdata:distance>9700.00</gpxdata:distance>
     <gpxdata:speed>8.197</gpxdata:speed>
    </extensions>
   </trkpt>
   <trkpt lat="46.9058257" lon="5.0161698">
    <ele>176</ele>
    <time>2026-06-07T10:01:40Z</time>
    <extensions>
     <gpxdata:distance>9708.50</gpxdata:distance>
     <gpxdata:speed>8.189</gpxdata:speed>
    </extensions>
   </trkpt>
   <trkpt lat="46.9057810" lon="5.0162549">
    <ele>176</ele>
    <time>2026-06-07T10:01:41Z</time>
    <extensions>
     <gpxdata:distance>9717.00</gpxdata:distance>
     <gpxdata:speed>8.175</gpxdata:speed>
    </extensions>
   </trkpt>
   <trkpt lat="46.9057377" lon="5.0163410">
    <ele>176</ele>
    <time>2026-06-07T10:01:42Z</time>
    <extensions>
     <gpxdata:distance>9725.00</gpxdata:distance>
     <gpxdata:speed>8.158</gpxdata:speed>
    </extensions>
   </trkpt>
   <trkpt lat="46.9056954" lon="5.0164282">
    <ele>176</ele>
    <time>2026-06-07T10:01:43Z</time>
    <extensions>
     <gpxdata:distance>9733.00</gpxdata:distance>
     <gpxdata:speed>8.156</gpxdata:speed>
    </extensions>
   </trkpt>
   <trkpt lat="46.9056543" lon="5.0165163">
    <ele>176</ele>
    <time>2026-06-07T10:01:44Z</time>
    <extensions>
     <gpxdata:distance>9741.00</gpxdata:distance>
     <gpxdata:speed>8.139</gpxdata:speed>
    </extensions>
   </trkpt>
   <trkpt lat="46.9056139" lon="5.0166047">
    <ele>176</ele>
    <time>2026-06-07T10:01:45Z</time>
    <extensions>
     <gpxdata:distance>9749.00</gpxdata:distance>
     <gpxdata:speed>8.122</gpxdata:speed>
    </extensions>
   </trkpt>
   <trkpt lat="46.9055743" lon="5.0166918">
    <ele>176</ele>
    <time>2026-06-07T10:01:46Z</time>
    <extensions>
     <gpxdata:distance>9757.00</gpxdata:distance>
     <gpxdata:speed>8.056</gpxdata:speed>
    </extensions>
   </trkpt>
   <trkpt lat="46.9055349" lon="5.0167760">
    <ele>176</ele>
    <time>2026-06-07T10:01:47Z</time>
    <extensions>
     <gpxdata:distance>9765.00</gpxdata:distance>
     <gpxdata:speed>7.944</gpxdata:speed>
    </extensions>
   </trkpt>
   <trkpt lat="46.9054959" lon="5.0168575">
    <ele>176</ele>
    <time>2026-06-07T10:01:48Z</time>
    <extensions>
     <gpxdata:distance>9772.00</gpxdata:distance>
     <gpxdata:speed>7.803</gpxdata:speed>
    </extensions>
   </trkpt>
   <trkpt lat="46.9054580" lon="5.0169371">
    <ele>176</ele>
    <time>2026-06-07T10:01:49Z</time>
    <extensions>
     <gpxdata:distance>9779.00</gpxdata:distance>
     <gpxdata:speed>7.647</gpxdata:speed>
    </extensions>
   </trkpt>
   <trkpt lat="46.9054219" lon="5.0170163">
    <ele>176</ele>
    <time>2026-06-07T10:01:50Z</time>
    <extensions>
     <gpxdata:distance>9786.00</gpxdata:distance>
     <gpxdata:speed>7.425</gpxdata:speed>
    </extensions>
   </trkpt>
   <trkpt lat="46.9053874" lon="5.0170948">
    <ele>176</ele>
    <time>2026-06-07T10:01:51Z</time>
    <extensions>
     <gpxdata:distance>9793.00</gpxdata:distance>
     <gpxdata:speed>7.175</gpxdata:speed>
    </extensions>
   </trkpt>
   <trkpt lat="46.9053540" lon="5.0171711">
    <ele>176</ele>
    <time>2026-06-07T10:01:52Z</time>
    <extensions>
     <gpxdata:distance>9800.00</gpxdata:distance>
     <gpxdata:speed>6.958</gpxdata:speed>
    </extensions>
   </trkpt>
   <trkpt lat="46.9053209" lon="5.0172446">
    <ele>176</ele>
    <time>2026-06-07T10:01:53Z</time>
    <extensions>
     <gpxdata:distance>9807.00</gpxdata:distance>
     <gpxdata:speed>6.769</gpxdata:speed>
    </extensions>
   </trkpt>
   <trkpt lat="46.9052888" lon="5.0173154">
    <ele>176</ele>
    <time>2026-06-07T10:01:54Z</time>
    <extensions>
     <gpxdata:distance>9813.00</gpxdata:distance>
     <gpxdata:speed>6.531</gpxdata:speed>
    </extensions>
   </trkpt>
   <trkpt lat="46.9052593" lon="5.0173832">
    <ele>176</ele>
    <time>2026-06-07T10:01:55Z</time>
    <extensions>
     <gpxdata:distance>9819.00</gpxdata:distance>
     <gpxdata:speed>6.200</gpxdata:speed>
    </extensions>
   </trkpt>
   <trkpt lat="46.9052317" lon="5.0174458">
    <ele>176</ele>
    <time>2026-06-07T10:01:56Z</time>
    <extensions>
     <gpxdata:distance>9824.00</gpxdata:distance>
     <gpxdata:speed>5.758</gpxdata:speed>
    </extensions>
   </trkpt>
   <trkpt lat="46.9052129" lon="5.0174847">
    <ele>176</ele>
    <time>2026-06-07T10:01:57Z</time>
    <extensions>
     <gpxdata:distance>9829.00</gpxdata:distance>
     <gpxdata:speed>5.172</gpxdata:speed>
    </extensions>
   </trkpt>
   <trkpt lat="46.9051911" lon="5.0175257">
    <ele>176</ele>
    <time>2026-06-07T10:01:58Z</time>
    <extensions>
     <gpxdata:distance>9832.00</gpxdata:distance>
     <gpxdata:speed>4.394</gpxdata:speed>
    </extensions>
   </trkpt>
   <trkpt lat="46.9051721" lon="5.0175605">
    <ele>176</ele>
    <time>2026-06-07T10:01:59Z</time>
    <extensions>
     <gpxdata:distance>9835.00</gpxdata:distance>
     <gpxdata:speed>3.469</gpxdata:speed>
    </extensions>
   </trkpt>
   <trkpt lat="46.9051592" lon="5.0175894">
    <ele>176</ele>
    <time>2026-06-07T10:02:00Z</time>
    <extensions>
     <gpxdata:distance>9836.50</gpxdata:distance>
     <gpxdata:speed>3.342</gpxdata:speed>
    </extensions>
   </trkpt>
   <trkpt lat="46.9051544" lon="5.0176142">
    <ele>176</ele>
    <time>2026-06-07T10:02:01Z</time>
    <extensions>
     <gpxdata:distance>9838.00</gpxdata:distance>
     <gpxdata:speed>2.869</gpxdata:speed>
    </extensions>
   </trkpt>
   <trkpt lat="46.9051548" lon="5.0176265">
    <ele>176</ele>
    <time>2026-06-07T10:02:02Z</time>
    <extensions>
     <gpxdata:distance>9839.50</gpxdata:distance>
     <gpxdata:speed>1.903</gpxdata:speed>
    </extensions>
   </trkpt>
   <trkpt lat="46.9051548" lon="5.0176381">
    <ele>176</ele>
    <time>2026-06-07T10:02:03Z</time>
    <extensions>
     <gpxdata:distance>9841.00</gpxdata:distance>
     <gpxdata:speed>1.758</gpxdata:speed>
    </extensions>
   </trkpt>
   <trkpt lat="46.9051519" lon="5.0176545">
    <ele>176</ele>
    <time>2026-06-07T10:02:04Z</time>
    <extensions>
     <gpxdata:distance>9843.50</gpxdata:distance>
     <gpxdata:speed>2.067</gpxdata:speed>
    </extensions>
   </trkpt>
   <trkpt lat="46.9051420" lon="5.0176835">
    <ele>176</ele>
    <time>2026-06-07T10:02:05Z</time>
    <extensions>
     <gpxdata:distance>9846.00</gpxdata:distance>
     <gpxdata:speed>2.575</gpxdata:speed>
    </extensions>
   </trkpt>
   <trkpt lat="46.9051280" lon="5.0177133">
    <ele>176</ele>
    <time>2026-06-07T10:02:06Z</time>
    <extensions>
     <gpxdata:distance>9850.00</gpxdata:distance>
     <gpxdata:speed>3.086</gpxdata:speed>
    </extensions>
   </trkpt>
   <trkpt lat="46.9051021" lon="5.0177666">
    <ele>176</ele>
    <time>2026-06-07T10:02:07Z</time>
    <extensions>
     <gpxdata:distance>9854.00</gpxdata:distance>
     <gpxdata:speed>3.194</gpxdata:speed>
    </extensions>
   </trkpt>
   <trkpt lat="46.9050836" lon="5.0178106">
    <ele>176</ele>
    <time>2026-06-07T10:02:08Z</time>
    <extensions>
     <gpxdata:distance>9858.00</gpxdata:distance>
     <gpxdata:speed>3.425</gpxdata:speed>
    </extensions>
   </trkpt>
   <trkpt lat="46.9050657" lon="5.0178575">
    <ele>176</ele>
    <time>2026-06-07T10:02:09Z</time>
    <extensions>
     <gpxdata:distance>9862.00</gpxdata:distance>
     <gpxdata:speed>4.028</gpxdata:speed>
    </extensions>
   </trkpt>
   <trkpt lat="46.9050466" lon="5.0179071">
    <ele>176</ele>
    <time>2026-06-07T10:02:10Z</time>
    <extensions>
     <gpxdata:distance>9866.50</gpxdata:distance>
     <gpxdata:speed>4.306</gpxdata:speed>
    </extensions>
   </trkpt>
   <trkpt lat="46.9050253" lon="5.0179580">
    <ele>176</ele>
    <time>2026-06-07T10:02:11Z</time>
    <extensions>
     <gpxdata:distance>9871.00</gpxdata:distance>
     <gpxdata:speed>4.517</gpxdata:speed>
    </extensions>
   </trkpt>
   <trkpt lat="46.9050017" lon="5.0180107">
    <ele>176</ele>
    <time>2026-06-07T10:02:12Z</time>
    <extensions>
     <gpxdata:distance>9876.50</gpxdata:distance>
     <gpxdata:speed>4.781</gpxdata:speed>
    </extensions>
   </trkpt>
   <trkpt lat="46.9049766" lon="5.0180665">
    <ele>176</ele>
    <time>2026-06-07T10:02:13Z</time>
    <extensions>
     <gpxdata:distance>9882.00</gpxdata:distance>
     <gpxdata:speed>5.081</gpxdata:speed>
    </extensions>
   </trkpt>
   <trkpt lat="46.9049497" lon="5.0181253">
    <ele>176</ele>
    <time>2026-06-07T10:02:14Z</time>
    <extensions>
     <gpxdata:distance>9887.50</gpxdata:distance>
     <gpxdata:speed>5.372</gpxdata:speed>
    </extensions>
   </trkpt>
   <trkpt lat="46.9049211" lon="5.0181866">
    <ele>176</ele>
    <time>2026-06-07T10:02:15Z</time>
    <extensions>
     <gpxdata:distance>9893.00</gpxdata:distance>
     <gpxdata:speed>5.628</gpxdata:speed>
    </extensions>
   </trkpt>
   <trkpt lat="46.9048916" lon="5.0182499">
    <ele>176</ele>
    <time>2026-06-07T10:02:16Z</time>
    <extensions>
     <gpxdata:distance>9899.00</gpxdata:distance>
     <gpxdata:speed>5.803</gpxdata:speed>
    </extensions>
   </trkpt>
   <trkpt lat="46.9048619" lon="5.0183153">
    <ele>176</ele>
    <time>2026-06-07T10:02:17Z</time>
    <extensions>
     <gpxdata:distance>9905.00</gpxdata:distance>
     <gpxdata:speed>5.939</gpxdata:speed>
    </extensions>
   </trkpt>
   <trkpt lat="46.9048332" lon="5.0183835">
    <ele>176</ele>
    <time>2026-06-07T10:02:18Z</time>
    <extensions>
     <gpxdata:distance>9911.50</gpxdata:distance>
     <gpxdata:speed>6.069</gpxdata:speed>
    </extensions>
   </trkpt>
   <trkpt lat="46.9047959" lon="5.0184775">
    <ele>176</ele>
    <time>2026-06-07T10:02:19Z</time>
    <extensions>
     <gpxdata:distance>9918.00</gpxdata:distance>
     <gpxdata:speed>6.189</gpxdata:speed>
    </extensions>
   </trkpt>
   <trkpt lat="46.9047667" lon="5.0185538">
    <ele>176</ele>
    <time>2026-06-07T10:02:20Z</time>
    <extensions>
     <gpxdata:distance>9924.50</gpxdata:distance>
     <gpxdata:speed>6.347</gpxdata:speed>
    </extensions>
   </trkpt>
   <trkpt lat="46.9047374" lon="5.0186300">
    <ele>176</ele>
    <time>2026-06-07T10:02:21Z</time>
    <extensions>
     <gpxdata:distance>9931.00</gpxdata:distance>
     <gpxdata:speed>6.553</gpxdata:speed>
    </extensions>
   </trkpt>
   <trkpt lat="46.9047074" lon="5.0187082">
    <ele>176</ele>
    <time>2026-06-07T10:02:22Z</time>
    <extensions>
     <gpxdata:distance>9938.00</gpxdata:distance>
     <gpxdata:speed>6.742</gpxdata:speed>
    </extensions>
   </trkpt>
   <trkpt lat="46.9046767" lon="5.0187880">
    <ele>176</ele>
    <time>2026-06-07T10:02:23Z</time>
    <extensions>
     <gpxdata:distance>9945.00</gpxdata:distance>
     <gpxdata:speed>6.886</gpxdata:speed>
    </extensions>
   </trkpt>
   <trkpt lat="46.9046457" lon="5.0188692">
    <ele>176</ele>
    <time>2026-06-07T10:02:24Z</time>
    <extensions>
     <gpxdata:distance>9952.00</gpxdata:distance>
     <gpxdata:speed>6.994</gpxdata:speed>
    </extensions>
   </trkpt>
   <trkpt lat="46.9046146" lon="5.0189503">
    <ele>176</ele>
    <time>2026-06-07T10:02:25Z</time>
    <extensions>
     <gpxdata:distance>9959.00</gpxdata:distance>
     <gpxdata:speed>7.019</gpxdata:speed>
    </extensions>
   </trkpt>
   <trkpt lat="46.9045830" lon="5.0190320">
    <ele>176</ele>
    <time>2026-06-07T10:02:26Z</time>
    <extensions>
     <gpxdata:distance>9966.50</gpxdata:distance>
     <gpxdata:speed>7.103</gpxdata:speed>
    </extensions>
   </trkpt>
   <trkpt lat="46.9045513" lon="5.0191148">
    <ele>176</ele>
    <time>2026-06-07T10:02:27Z</time>
    <extensions>
     <gpxdata:distance>9974.00</gpxdata:distance>
     <gpxdata:speed>7.189</gpxdata:speed>
    </extensions>
   </trkpt>
   <trkpt lat="46.9045195" lon="5.0191989">
    <ele>176</ele>
    <time>2026-06-07T10:02:28Z</time>
    <extensions>
     <gpxdata:distance>9981.50</gpxdata:distance>
     <gpxdata:speed>7.275</gpxdata:speed>
    </extensions>
   </trkpt>
   <trkpt lat="46.9044885" lon="5.0192842">
    <ele>176</ele>
    <time>2026-06-07T10:02:29Z</time>
    <extensions>
     <gpxdata:distance>9989.00</gpxdata:distance>
     <gpxdata:speed>7.311</gpxdata:speed>
    </extensions>
   </trkpt>
   <trkpt lat="46.9044582" lon="5.0193699">
    <ele>176</ele>
    <time>2026-06-07T10:02:30Z</time>
    <extensions>
     <gpxdata:distance>9996.00</gpxdata:distance>
     <gpxdata:speed>7.333</gpxdata:speed>
    </extensions>
   </trkpt>
   <trkpt lat="46.9044281" lon="5.0194556">
    <ele>176</ele>
    <time>2026-06-07T10:02:31Z</time>
    <extensions>
     <gpxdata:distance>10003.00</gpxdata:distance>
     <gpxdata:speed>7.342</gpxdata:speed>
    </extensions>
   </trkpt>
   <trkpt lat="46.9043969" lon="5.0195424">
    <ele>176</ele>
    <time>2026-06-07T10:02:32Z</time>
    <extensions>
     <gpxdata:distance>10010.50</gpxdata:distance>
     <gpxdata:speed>7.403</gpxdata:speed>
    </extensions>
   </trkpt>
   <trkpt lat="46.9043647" lon="5.0196289">
    <ele>176</ele>
    <time>2026-06-07T10:02:33Z</time>
    <extensions>
     <gpxdata:distance>10018.00</gpxdata:distance>
     <gpxdata:speed>7.439</gpxdata:speed>
    </extensions>
   </trkpt>
   <trkpt lat="46.9043326" lon="5.0197155">
    <ele>176</ele>
    <time>2026-06-07T10:02:34Z</time>
    <extensions>
     <gpxdata:distance>10025.50</gpxdata:distance>
     <gpxdata:speed>7.461</gpxdata:speed>
    </extensions>
   </trkpt>
   <trkpt lat="46.9043002" lon="5.0198019">
    <ele>176</ele>
    <time>2026-06-07T10:02:35Z</time>
    <extensions>
     <gpxdata:distance>10033.00</gpxdata:distance>
     <gpxdata:speed>7.472</gpxdata:speed>
    </extensions>
   </trkpt>
   <trkpt lat="46.9042672" lon="5.0198887">
    <ele>176</ele>
    <time>2026-06-07T10:02:36Z</time>
    <extensions>
     <gpxdata:distance>10041.00</gpxdata:distance>
     <gpxdata:speed>7.508</gpxdata:speed>
    </extensions>
   </trkpt>
   <trkpt lat="46.9042338" lon="5.0199772">
    <ele>176</ele>
    <time>2026-06-07T10:02:37Z</time>
    <extensions>
     <gpxdata:distance>10049.00</gpxdata:distance>
     <gpxdata:speed>7.583</gpxdata:speed>
    </extensions>
   </trkpt>
   <trkpt lat="46.9042005" lon="5.0200670">
    <ele>176</ele>
    <time>2026-06-07T10:02:38Z</time>
    <extensions>
     <gpxdata:distance>10056.50</gpxdata:distance>
     <gpxdata:speed>7.647</gpxdata:speed>
    </extensions>
   </trkpt>
   <trkpt lat="46.9041675" lon="5.0201572">
    <ele>176</ele>
    <time>2026-06-07T10:02:39Z</time>
    <extensions>
     <gpxdata:distance>10064.00</gpxdata:distance>
     <gpxdata:speed>7.692</gpxdata:speed>
    </extensions>
   </trkpt>
   <trkpt lat="46.9041347" lon="5.0202476">
    <ele>177</ele>
    <time>2026-06-07T10:02:40Z</time>
    <extensions>
     <gpxdata:distance>10072.00</gpxdata:distance>
     <gpxdata:speed>7.722</gpxdata:speed>
    </extensions>
   </trkpt>
   <trkpt lat="46.9041016" lon="5.0203379">
    <ele>177</ele>
    <time>2026-06-07T10:02:41Z</time>
    <extensions>
     <gpxdata:distance>10080.00</gpxdata:distance>
     <gpxdata:speed>7.747</gpxdata:speed>
    </extensions>
   </trkpt>
   <trkpt lat="46.9040683" lon="5.0204288">
    <ele>177</ele>
    <time>2026-06-07T10:02:42Z</time>
    <extensions>
     <gpxdata:distance>10088.00</gpxdata:distance>
     <gpxdata:speed>7.786</gpxdata:speed>
    </extensions>
   </trkpt>
   <trkpt lat="46.9040350" lon="5.0205203">
    <ele>177</ele>
    <time>2026-06-07T10:02:43Z</time>
    <extensions>
     <gpxdata:distance>10096.00</gpxdata:distance>
     <gpxdata:speed>7.822</gpxdata:speed>
    </extensions>
   </trkpt>
   <trkpt lat="46.9040022" lon="5.0206124">
    <ele>177</ele>
    <time>2026-06-07T10:02:44Z</time>
    <extensions>
     <gpxdata:distance>10103.50</gpxdata:distance>
     <gpxdata:speed>7.850</gpxdata:speed>
    </extensions>
   </trkpt>
   <trkpt lat="46.9039702" lon="5.0207053">
    <ele>177</ele>
    <time>2026-06-07T10:02:45Z</time>
    <extensions>
     <gpxdata:distance>10111.00</gpxdata:distance>
     <gpxdata:speed>7.872</gpxdata:speed>
    </extensions>
   </trkpt>
   <trkpt lat="46.9039387" lon="5.0207982">
    <ele>177</ele>
    <time>2026-06-07T10:02:46Z</time>
    <extensions>
     <gpxdata:distance>10119.00</gpxdata:distance>
     <gpxdata:speed>7.878</gpxdata:speed>
    </extensions>
   </trkpt>
   <trkpt lat="46.9039060" lon="5.0208902">
    <ele>177</ele>
    <time>2026-06-07T10:02:47Z</time>
    <extensions>
     <gpxdata:distance>10127.00</gpxdata:distance>
     <gpxdata:speed>7.883</gpxdata:speed>
    </extensions>
   </trkpt>
   <trkpt lat="46.9038718" lon="5.0209809">
    <ele>177</ele>
    <time>2026-06-07T10:02:48Z</time>
    <extensions>
     <gpxdata:distance>10135.00</gpxdata:distance>
     <gpxdata:speed>7.886</gpxdata:speed>
    </extensions>
   </trkpt>
   <trkpt lat="46.9038372" lon="5.0210701">
    <ele>177</ele>
    <time>2026-06-07T10:02:49Z</time>
    <extensions>
     <gpxdata:distance>10143.00</gpxdata:distance>
     <gpxdata:speed>7.850</gpxdata:speed>
    </extensions>
   </trkpt>
   <trkpt lat="46.9038028" lon="5.0211577">
    <ele>177</ele>
    <time>2026-06-07T10:02:50Z</time>
    <extensions>
     <gpxdata:distance>10150.50</gpxdata:distance>
     <gpxdata:speed>7.786</gpxdata:speed>
    </extensions>
   </trkpt>
   <trkpt lat="46.9037701" lon="5.0212437">
    <ele>177</ele>
    <time>2026-06-07T10:02:51Z</time>
    <extensions>
     <gpxdata:distance>10158.00</gpxdata:distance>
     <gpxdata:speed>7.675</gpxdata:speed>
    </extensions>
   </trkpt>
   <trkpt lat="46.9037383" lon="5.0213277">
    <ele>177</ele>
    <time>2026-06-07T10:02:52Z</time>
    <extensions>
     <gpxdata:distance>10165.00</gpxdata:distance>
     <gpxdata:speed>7.539</gpxdata:speed>
    </extensions>
   </trkpt>
   <trkpt lat="46.9037075" lon="5.0214092">
    <ele>177</ele>
    <time>2026-06-07T10:02:53Z</time>
    <extensions>
     <gpxdata:distance>10172.00</gpxdata:distance>
     <gpxdata:speed>7.369</gpxdata:speed>
    </extensions>
   </trkpt>
   <trkpt lat="46.9036776" lon="5.0214882">
    <ele>177</ele>
    <time>2026-06-07T10:02:54Z</time>
    <extensions>
     <gpxdata:distance>10178.50</gpxdata:distance>
     <gpxdata:speed>6.967</gpxdata:speed>
    </extensions>
   </trkpt>
   <trkpt lat="46.9036484" lon="5.0215643">
    <ele>177</ele>
    <time>2026-06-07T10:02:55Z</time>
    <extensions>
     <gpxdata:distance>10185.00</gpxdata:distance>
     <gpxdata:speed>6.728</gpxdata:speed>
    </extensions>
   </trkpt>
   <trkpt lat="46.9036196" lon="5.0216380">
    <ele>177</ele>
    <time>2026-06-07T10:02:56Z</time>
    <extensions>
     <gpxdata:distance>10191.50</gpxdata:distance>
     <gpxdata:speed>6.542</gpxdata:speed>
    </extensions>
   </trkpt>
   <trkpt lat="46.9035912" lon="5.0217101">
    <ele>177</ele>
    <time>2026-06-07T10:02:57Z</time>
    <extensions>
     <gpxdata:distance>10198.00</gpxdata:distance>
     <gpxdata:speed>6.408</gpxdata:speed>
    </extensions>
   </trkpt>
   <trkpt lat="46.9035638" lon="5.0217810">
    <ele>177</ele>
    <time>2026-06-07T10:02:58Z</time>
    <extensions>
     <gpxdata:distance>10204.00</gpxdata:distance>
     <gpxdata:speed>6.267</gpxdata:speed>
    </extensions>
   </trkpt>
   <trkpt lat="46.9035373" lon="5.0218504">
    <ele>177</ele>
    <time>2026-06-07T10:02:59Z</time>
    <extensions>
     <gpxdata:distance>10210.00</gpxdata:distance>
     <gpxdata:speed>6.111</gpxdata:speed>
    </extensions>
   </trkpt>
   <trkpt lat="46.9035111" lon="5.0219188">
    <ele>177</ele>
    <time>2026-06-07T10:03:00Z</time>
    <extensions>
     <gpxdata:distance>10216.00</gpxdata:distance>
     <gpxdata:speed>6.022</gpxdata:speed>
    </extensions>
   </trkpt>
   <trkpt lat="46.9034851" lon="5.0219863">
    <ele>177</ele>
    <time>2026-06-07T10:03:01Z</time>
    <extensions>
     <gpxdata:distance>10222.00</gpxdata:distance>
     <gpxdata:speed>5.944</gpxdata:speed>
    </extensions>
   </trkpt>
   <trkpt lat="46.9034658" lon="5.0220353">
    <ele>177</ele>
    <time>2026-06-07T10:03:02Z</time>
    <extensions>
     <gpxdata:distance>10228.00</gpxdata:distance>
     <gpxdata:speed>5.939</gpxdata:speed>
    </extensions>
   </trkpt>
   <trkpt lat="46.9034413" lon="5.0220988">
    <ele>177</ele>
    <time>2026-06-07T10:03:03Z</time>
    <extensions>
     <gpxdata:distance>10234.00</gpxdata:distance>
     <gpxdata:speed>5.978</gpxdata:speed>
    </extensions>
   </trkpt>
   <trkpt lat="46.9034150" lon="5.0221686">
    <ele>177</ele>
    <time>2026-06-07T10:03:04Z</time>
    <extensions>
     <gpxdata:distance>10240.50</gpxdata:distance>
     <gpxdata:speed>6.069</gpxdata:speed>
    </extensions>
   </trkpt>
   <trkpt lat="46.9033785" lon="5.0222651">
    <ele>177</ele>
    <time>2026-06-07T10:03:05Z</time>
    <extensions>
     <gpxdata:distance>10247.00</gpxdata:distance>
     <gpxdata:speed>6.175</gpxdata:speed>
    </extensions>
   </trkpt>
   <trkpt lat="46.9033487" lon="5.0223419">
    <ele>177</ele>
    <time>2026-06-07T10:03:06Z</time>
    <extensions>
     <gpxdata:distance>10253.50</gpxdata:distance>
     <gpxdata:speed>6.269</gpxdata:speed>
    </extensions>
   </trkpt>
   <trkpt lat="46.9033195" lon="5.0224169">
    <ele>177</ele>
    <time>2026-06-07T10:03:07Z</time>
    <extensions>
     <gpxdata:distance>10260.00</gpxdata:distance>
     <gpxdata:speed>6.358</gpxdata:speed>
    </extensions>
   </trkpt>
   <trkpt lat="46.9032923" lon="5.0224897">
    <ele>177</ele>
    <time>2026-06-07T10:03:08Z</time>
    <extensions>
     <gpxdata:distance>10265.00</gpxdata:distance>
     <gpxdata:speed>6.317</gpxdata:speed>
    </extensions>
   </trkpt>
   <trkpt lat="46.9032696" lon="5.0225550">
    <ele>176</ele>
    <time>2026-06-07T10:03:09Z</time>
    <extensions>
     <gpxdata:distance>10270.00</gpxdata:distance>
     <gpxdata:speed>5.617</gpxdata:speed>
    </extensions>
   </trkpt>
   <trkpt lat="46.9032569" lon="5.0225942">
    <ele>176</ele>
    <time>2026-06-07T10:03:10Z</time>
    <extensions>
     <gpxdata:distance>10274.00</gpxdata:distance>
     <gpxdata:speed>4.708</gpxdata:speed>
    </extensions>
   </trkpt>
   <trkpt lat="46.9032442" lon="5.0226373">
    <ele>176</ele>
    <time>2026-06-07T10:03:11Z</time>
    <extensions>
     <gpxdata:distance>10278.00</gpxdata:distance>
     <gpxdata:speed>4.003</gpxdata:speed>
    </extensions>
   </trkpt>
   <trkpt lat="46.9032338" lon="5.0226798">
    <ele>176</ele>
    <time>2026-06-07T10:03:12Z</time>
    <extensions>
     <gpxdata:distance>10281.00</gpxdata:distance>
     <gpxdata:speed>3.681</gpxdata:speed>
    </extensions>
   </trkpt>
   <trkpt lat="46.9032269" lon="5.0227230">
    <ele>176</ele>
    <time>2026-06-07T10:03:13Z</time>
    <extensions>
     <gpxdata:distance>10284.00</gpxdata:distance>
     <gpxdata:speed>3.597</gpxdata:speed>
    </extensions>
   </trkpt>
   <trkpt lat="46.9032241" lon="5.0227679">
    <ele>176</ele>
    <time>2026-06-07T10:03:14Z</time>
    <extensions>
     <gpxdata:distance>10288.00</gpxdata:distance>
     <gpxdata:speed>3.608</gpxdata:speed>
    </extensions>
   </trkpt>
   <trkpt lat="46.9032258" lon="5.0228147">
    <ele>176</ele>
    <time>2026-06-07T10:03:15Z</time>
    <extensions>
     <gpxdata:distance>10292.00</gpxdata:distance>
     <gpxdata:speed>3.681</gpxdata:speed>
    </extensions>
   </trkpt>
   <trkpt lat="46.9032323" lon="5.0228623">
    <ele>176</ele>
    <time>2026-06-07T10:03:16Z</time>
    <extensions>
     <gpxdata:distance>10296.00</gpxdata:distance>
     <gpxdata:speed>3.753</gpxdata:speed>
    </extensions>
   </trkpt>
   <trkpt lat="46.9032434" lon="5.0229116">
    <ele>176</ele>
    <time>2026-06-07T10:03:17Z</time>
    <extensions>
     <gpxdata:distance>10300.00</gpxdata:distance>
     <gpxdata:speed>3.992</gpxdata:speed>
    </extensions>
   </trkpt>
   <trkpt lat="46.9032582" lon="5.0229627">
    <ele>176</ele>
    <time>2026-06-07T10:03:18Z</time>
    <extensions>
     <gpxdata:distance>10304.50</gpxdata:distance>
     <gpxdata:speed>4.228</gpxdata:speed>
    </extensions>
   </trkpt>
   <trkpt lat="46.9032762" lon="5.0230154">
    <ele>176</ele>
    <time>2026-06-07T10:03:19Z</time>
    <extensions>
     <gpxdata:distance>10309.00</gpxdata:distance>
     <gpxdata:speed>4.372</gpxdata:speed>
    </extensions>
   </trkpt>
   <trkpt lat="46.9032969" lon="5.0230700">
    <ele>176</ele>
    <time>2026-06-07T10:03:20Z</time>
    <extensions>
     <gpxdata:distance>10314.00</gpxdata:distance>
     <gpxdata:speed>4.711</gpxdata:speed>
    </extensions>
   </trkpt>
   <trkpt lat="46.9033199" lon="5.0231264">
    <ele>176</ele>
    <time>2026-06-07T10:03:21Z</time>
    <extensions>
     <gpxdata:distance>10319.00</gpxdata:distance>
     <gpxdata:speed>4.967</gpxdata:speed>
    </extensions>
   </trkpt>
   <trkpt lat="46.9033437" lon="5.0231847">
    <ele>176</ele>
    <time>2026-06-07T10:03:22Z</time>
    <extensions>
     <gpxdata:distance>10324.50</gpxdata:distance>
     <gpxdata:speed>5.131</gpxdata:speed>
    </extensions>
   </trkpt>
   <trkpt lat="46.9033669" lon="5.0232455">
    <ele>176</ele>
    <time>2026-06-07T10:03:23Z</time>
    <extensions>
     <gpxdata:distance>10330.00</gpxdata:distance>
     <gpxdata:speed>5.269</gpxdata:speed>
    </extensions>
   </trkpt>
   <trkpt lat="46.9033889" lon="5.0233086">
    <ele>177</ele>
    <time>2026-06-07T10:03:24Z</time>
    <extensions>
     <gpxdata:distance>10335.50</gpxdata:distance>
     <gpxdata:speed>5.364</gpxdata:speed>
    </extensions>
   </trkpt>
   <trkpt lat="46.9034098" lon="5.0233738">
    <ele>177</ele>
    <time>2026-06-07T10:03:25Z</time>
    <extensions>
     <gpxdata:distance>10341.00</gpxdata:distance>
     <gpxdata:speed>5.453</gpxdata:speed>
    </extensions>
   </trkpt>
   <trkpt lat="46.9034291" lon="5.0234408">
    <ele>177</ele>
    <time>2026-06-07T10:03:26Z</time>
    <extensions>
     <gpxdata:distance>10346.50</gpxdata:distance>
     <gpxdata:speed>5.522</gpxdata:speed>
    </extensions>
   </trkpt>
   <trkpt lat="46.9034460" lon="5.0235093">
    <ele>177</ele>
    <time>2026-06-07T10:03:27Z</time>
    <extensions>
     <gpxdata:distance>10352.00</gpxdata:distance>
     <gpxdata:speed>5.522</gpxdata:speed>
    </extensions>
   </trkpt>
   <trkpt lat="46.9034610" lon="5.0235790">
    <ele>177</ele>
    <time>2026-06-07T10:03:28Z</time>
    <extensions>
     <gpxdata:distance>10357.50</gpxdata:distance>
     <gpxdata:speed>5.556</gpxdata:speed>
    </extensions>
   </trkpt>
   <trkpt lat="46.9034762" lon="5.0236491">
    <ele>177</ele>
    <time>2026-06-07T10:03:29Z</time>
    <extensions>
     <gpxdata:distance>10363.00</gpxdata:distance>
     <gpxdata:speed>5.603</gpxdata:speed>
    </extensions>
   </trkpt>
   <trkpt lat="46.9034920" lon="5.0237197">
    <ele>177</ele>
    <time>2026-06-07T10:03:30Z</time>
    <extensions>
     <gpxdata:distance>10369.00</gpxdata:distance>
     <gpxdata:speed>5.644</gpxdata:speed>
    </extensions>
   </trkpt>
   <trkpt lat="46.9035077" lon="5.0237912">
    <ele>177</ele>
    <time>2026-06-07T10:03:31Z</time>
    <extensions>
     <gpxdata:distance>10375.00</gpxdata:distance>
     <gpxdata:speed>5.689</gpxdata:speed>
    </extensions>
   </trkpt>
   <trkpt lat="46.9035229" lon="5.0238641">
    <ele>177</ele>
    <time>2026-06-07T10:03:32Z</time>
    <extensions>
     <gpxdata:distance>10381.00</gpxdata:distance>
     <gpxdata:speed>5.742</gpxdata:speed>
    </extensions>
   </trkpt>
   <trkpt lat="46.9035381" lon="5.0239389">
    <ele>177</ele>
    <time>2026-06-07T10:03:33Z</time>
    <extensions>
     <gpxdata:distance>10387.00</gpxdata:distance>
     <gpxdata:speed>5.839</gpxdata:speed>
    </extensions>
   </trkpt>
   <trkpt lat="46.9035546" lon="5.0240143">
    <ele>177</ele>
    <time>2026-06-07T10:03:34Z</time>
    <extensions>
     <gpxdata:distance>10393.00</gpxdata:distance>
     <gpxdata:speed>5.919</gpxdata:speed>
    </extensions>
   </trkpt>
   <trkpt lat="46.9035741" lon="5.0240887">
    <ele>177</ele>
    <time>2026-06-07T10:03:35Z</time>
    <extensions>
     <gpxdata:distance>10399.00</gpxdata:distance>
     <gpxdata:speed>5.983</gpxdata:speed>
    </extensions>
   </trkpt>
   <trkpt lat="46.9035974" lon="5.0241607">
    <ele>177</ele>
    <time>2026-06-07T10:03:36Z</time>
    <extensions>
     <gpxdata:distance>10405.00</gpxdata:distance>
     <gpxdata:speed>6.028</gpxdata:speed>
    </extensions>
   </trkpt>
   <trkpt lat="46.9036331" lon="5.0242527">
    <ele>177</ele>
    <time>2026-06-07T10:03:37Z</time>
    <extensions>
     <gpxdata:distance>10411.00</gpxdata:distance>
     <gpxdata:speed>6.033</gpxdata:speed>
    </extensions>
   </trkpt>
   <trkpt lat="46.9036628" lon="5.0243199">
    <ele>177</ele>
    <time>2026-06-07T10:03:38Z</time>
    <extensions>
     <gpxdata:distance>10416.50</gpxdata:distance>
     <gpxdata:speed>5.950</gpxdata:speed>
    </extensions>
   </trkpt>
   <trkpt lat="46.9036825" lon="5.0243635">
    <ele>177</ele>
    <time>2026-06-07T10:03:39Z</time>
    <extensions>
     <gpxdata:distance>10422.00</gpxdata:distance>
     <gpxdata:speed>5.756</gpxdata:speed>
    </extensions>
   </trkpt>
   <trkpt lat="46.9037036" lon="5.0244165">
    <ele>177</ele>
    <time>2026-06-07T10:03:40Z</time>
    <extensions>
     <gpxdata:distance>10426.00</gpxdata:distance>
     <gpxdata:speed>5.133</gpxdata:speed>
    </extensions>
   </trkpt>
   <trkpt lat="46.9037179" lon="5.0244710">
    <ele>178</ele>
    <time>2026-06-07T10:03:41Z</time>
    <extensions>
     <gpxdata:distance>10430.00</gpxdata:distance>
     <gpxdata:speed>4.664</gpxdata:speed>
    </extensions>
   </trkpt>
   <trkpt lat="46.9037187" lon="5.0245216">
    <ele>178</ele>
    <time>2026-06-07T10:03:42Z</time>
    <extensions>
     <gpxdata:distance>10433.50</gpxdata:distance>
     <gpxdata:speed>4.250</gpxdata:speed>
    </extensions>
   </trkpt>
   <trkpt lat="46.9037045" lon="5.0245597">
    <ele>178</ele>
    <time>2026-06-07T10:03:43Z</time>
    <extensions>
     <gpxdata:distance>10437.00</gpxdata:distance>
     <gpxdata:speed>3.981</gpxdata:speed>
    </extensions>
   </trkpt>
   <trkpt lat="46.9036814" lon="5.0245810">
    <ele>178</ele>
    <time>2026-06-07T10:03:44Z</time>
    <extensions>
     <gpxdata:distance>10439.50</gpxdata:distance>
     <gpxdata:speed>3.553</gpxdata:speed>
    </extensions>
   </trkpt>
   <trkpt lat="46.9036574" lon="5.0245913">
    <ele>178</ele>
    <time>2026-06-07T10:03:45Z</time>
    <extensions>
     <gpxdata:distance>10442.00</gpxdata:distance>
     <gpxdata:speed>2.875</gpxdata:speed>
    </extensions>
   </trkpt>
   <trkpt lat="46.9036467" lon="5.0245967">
    <ele>178</ele>
    <time>2026-06-07T10:03:46Z</time>
    <extensions>
     <gpxdata:distance>10443.00</gpxdata:distance>
     <gpxdata:speed>2.217</gpxdata:speed>
    </extensions>
   </trkpt>
   <trkpt lat="46.9036377" lon="5.0246065">
    <ele>178</ele>
    <time>2026-06-07T10:03:47Z</time>
    <extensions>
     <gpxdata:distance>10444.00</gpxdata:distance>
     <gpxdata:speed>1.858</gpxdata:speed>
    </extensions>
   </trkpt>
   <trkpt lat="46.9036356" lon="5.0246158">
    <ele>179</ele>
    <time>2026-06-07T10:03:48Z</time>
    <extensions>
     <gpxdata:distance>10445.50</gpxdata:distance>
     <gpxdata:speed>1.781</gpxdata:speed>
    </extensions>
   </trkpt>
   <trkpt lat="46.9036387" lon="5.0246286">
    <ele>179</ele>
    <time>2026-06-07T10:03:49Z</time>
    <extensions>
     <gpxdata:distance>10447.00</gpxdata:distance>
     <gpxdata:speed>2.039</gpxdata:speed>
    </extensions>
   </trkpt>
   <trkpt lat="46.9036506" lon="5.0246510">
    <ele>179</ele>
    <time>2026-06-07T10:03:50Z</time>
    <extensions>
     <gpxdata:distance>10450.00</gpxdata:distance>
     <gpxdata:speed>2.478</gpxdata:speed>
    </extensions>
   </trkpt>
   <trkpt lat="46.9036661" lon="5.0246756">
    <ele>179</ele>
    <time>2026-06-07T10:03:51Z</time>
    <extensions>
     <gpxdata:distance>10453.00</gpxdata:distance>
     <gpxdata:speed>2.717</gpxdata:speed>
    </extensions>
   </trkpt>
   <trkpt lat="46.9036839" lon="5.0247043">
    <ele>179</ele>
    <time>2026-06-07T10:03:52Z</time>
    <extensions>
     <gpxdata:distance>10456.50</gpxdata:distance>
     <gpxdata:speed>2.975</gpxdata:speed>
    </extensions>
   </trkpt>
   <trkpt lat="46.9037035" lon="5.0247367">
    <ele>179</ele>
    <time>2026-06-07T10:03:53Z</time>
    <extensions>
     <gpxdata:distance>10460.00</gpxdata:distance>
     <gpxdata:speed>3.231</gpxdata:speed>
    </extensions>
   </trkpt>
   <trkpt lat="46.9037379" lon="5.0247927">
    <ele>179</ele>
    <time>2026-06-07T10:03:54Z</time>
    <extensions>
     <gpxdata:distance>10464.00</gpxdata:distance>
     <gpxdata:speed>3.683</gpxdata:speed>
    </extensions>
   </trkpt>
   <trkpt lat="46.9037645" lon="5.0248317">
    <ele>179</ele>
    <time>2026-06-07T10:03:55Z</time>
    <extensions>
     <gpxdata:distance>10468.00</gpxdata:distance>
     <gpxdata:speed>3.822</gpxdata:speed>
    </extensions>
   </trkpt>
   <trkpt lat="46.9037913" lon="5.0248666">
    <ele>180</ele>
    <time>2026-06-07T10:03:56Z</time>
    <extensions>
     <gpxdata:distance>10472.00</gpxdata:distance>
     <gpxdata:speed>3.939</gpxdata:speed>
    </extensions>
   </trkpt>
   <trkpt lat="46.9038200" lon="5.0248991">
    <ele>180</ele>
    <time>2026-06-07T10:03:57Z</time>
    <extensions>
     <gpxdata:distance>10476.00</gpxdata:distance>
     <gpxdata:speed>4.047</gpxdata:speed>
    </extensions>
   </trkpt>
   <trkpt lat="46.9038503" lon="5.0249295">
    <ele>180</ele>
    <time>2026-06-07T10:03:58Z</time>
    <extensions>
     <gpxdata:distance>10480.50</gpxdata:distance>
     <gpxdata:speed>4.097</gpxdata:speed>
    </extensions>
   </trkpt>
   <trkpt lat="46.9038817" lon="5.0249583">
    <ele>180</ele>
    <time>2026-06-07T10:03:59Z</time>
    <extensions>
     <gpxdata:distance>10485.00</gpxdata:distance>
     <gpxdata:speed>4.117</gpxdata:speed>
    </extensions>
   </trkpt>
   <trkpt lat="46.9039132" lon="5.0249873">
    <ele>180</ele>
    <time>2026-06-07T10:04:00Z</time>
    <extensions>
     <gpxdata:distance>10489.00</gpxdata:distance>
     <gpxdata:speed>4.131</gpxdata:speed>
    </extensions>
   </trkpt>
   <trkpt lat="46.9039441" lon="5.0250174">
    <ele>180</ele>
    <time>2026-06-07T10:04:01Z</time>
    <extensions>
     <gpxdata:distance>10493.00</gpxdata:distance>
     <gpxdata:speed>4.158</gpxdata:speed>
    </extensions>
   </trkpt>
   <trkpt lat="46.9039740" lon="5.0250481">
    <ele>180</ele>
    <time>2026-06-07T10:04:02Z</time>
    <extensions>
     <gpxdata:distance>10497.00</gpxdata:distance>
     <gpxdata:speed>4.119</gpxdata:speed>
    </extensions>
   </trkpt>
   <trkpt lat="46.9040033" lon="5.0250776">
    <ele>180</ele>
    <time>2026-06-07T10:04:03Z</time>
    <extensions>
     <gpxdata:distance>10501.00</gpxdata:distance>
     <gpxdata:speed>4.050</gpxdata:speed>
    </extensions>
   </trkpt>
   <trkpt lat="46.9040329" lon="5.0251041">
    <ele>180</ele>
    <time>2026-06-07T10:04:04Z</time>
    <extensions>
     <gpxdata:distance>10504.50</gpxdata:distance>
     <gpxdata:speed>3.975</gpxdata:speed>
    </extensions>
   </trkpt>
   <trkpt lat="46.9040630" lon="5.0251272">
    <ele>180</ele>
    <time>2026-06-07T10:04:05Z</time>
    <extensions>
     <gpxdata:distance>10508.00</gpxdata:distance>
     <gpxdata:speed>3.903</gpxdata:speed>
    </extensions>
   </trkpt>
   <trkpt lat="46.9040924" lon="5.0251495">
    <ele>180</ele>
    <time>2026-06-07T10:04:06Z</time>
    <extensions>
     <gpxdata:distance>10511.50</gpxdata:distance>
     <gpxdata:speed>3.811</gpxdata:speed>
    </extensions>
   </trkpt>
   <trkpt lat="46.9041180" lon="5.0251762">
    <ele>180</ele>
    <time>2026-06-07T10:04:07Z</time>
    <extensions>
     <gpxdata:distance>10515.00</gpxdata:distance>
     <gpxdata:speed>3.706</gpxdata:speed>
    </extensions>
   </trkpt>
   <trkpt lat="46.9041358" lon="5.0252102">
    <ele>180</ele>
    <time>2026-06-07T10:04:08Z</time>
    <extensions>
     <gpxdata:distance>10518.00</gpxdata:distance>
     <gpxdata:speed>3.603</gpxdata:speed>
    </extensions>
   </trkpt>
   <trkpt lat="46.9041397" lon="5.0252497">
    <ele>180</ele>
    <time>2026-06-07T10:04:09Z</time>
    <extensions>
     <gpxdata:distance>10521.00</gpxdata:distance>
     <gpxdata:speed>3.586</gpxdata:speed>
    </extensions>
   </trkpt>
   <trkpt lat="46.9041258" lon="5.0252880">
    <ele>180</ele>
    <time>2026-06-07T10:04:10Z</time>
    <extensions>
     <gpxdata:distance>10525.50</gpxdata:distance>
     <gpxdata:speed>3.775</gpxdata:speed>
    </extensions>
   </trkpt>
   <trkpt lat="46.9040963" lon="5.0253128">
    <ele>180</ele>
    <time>2026-06-07T10:04:11Z</time>
    <extensions>
     <gpxdata:distance>10530.00</gpxdata:distance>
     <gpxdata:speed>4.053</gpxdata:speed>
    </extensions>
   </trkpt>
   <trkpt lat="46.9040575" lon="5.0253145">
    <ele>180</ele>
    <time>2026-06-07T10:04:12Z</time>
    <extensions>
     <gpxdata:distance>10535.00</gpxdata:distance>
     <gpxdata:speed>4.828</gpxdata:speed>
    </extensions>
   </trkpt>
   <trkpt lat="46.9040160" lon="5.0252922">
    <ele>180</ele>
    <time>2026-06-07T10:04:13Z</time>
    <extensions>
     <gpxdata:distance>10540.00</gpxdata:distance>
     <gpxdata:speed>5.250</gpxdata:speed>
    </extensions>
   </trkpt>
   <trkpt lat="46.9039745" lon="5.0252543">
    <ele>179</ele>
    <time>2026-06-07T10:04:14Z</time>
    <extensions>
     <gpxdata:distance>10546.00</gpxdata:distance>
     <gpxdata:speed>5.500</gpxdata:speed>
    </extensions>
   </trkpt>
   <trkpt lat="46.9039321" lon="5.0252108">
    <ele>179</ele>
    <time>2026-06-07T10:04:15Z</time>
    <extensions>
     <gpxdata:distance>10552.00</gpxdata:distance>
     <gpxdata:speed>5.678</gpxdata:speed>
    </extensions>
   </trkpt>
   <trkpt lat="46.9038880" lon="5.0251673">
    <ele>179</ele>
    <time>2026-06-07T10:04:16Z</time>
    <extensions>
     <gpxdata:distance>10557.50</gpxdata:distance>
     <gpxdata:speed>5.808</gpxdata:speed>
    </extensions>
   </trkpt>
   <trkpt lat="46.9038431" lon="5.0251238">
    <ele>179</ele>
    <time>2026-06-07T10:04:17Z</time>
    <extensions>
     <gpxdata:distance>10563.00</gpxdata:distance>
     <gpxdata:speed>5.917</gpxdata:speed>
    </extensions>
   </trkpt>
   <trkpt lat="46.9037975" lon="5.0250802">
    <ele>179</ele>
    <time>2026-06-07T10:04:18Z</time>
    <extensions>
     <gpxdata:distance>10569.50</gpxdata:distance>
     <gpxdata:speed>6.014</gpxdata:speed>
    </extensions>
   </trkpt>
   <trkpt lat="46.9037347" lon="5.0250247">
    <ele>179</ele>
    <time>2026-06-07T10:04:19Z</time>
    <extensions>
     <gpxdata:distance>10576.00</gpxdata:distance>
     <gpxdata:speed>6.108</gpxdata:speed>
    </extensions>
   </trkpt>
   <trkpt lat="46.9036828" lon="5.0249856">
    <ele>178</ele>
    <time>2026-06-07T10:04:20Z</time>
    <extensions>
     <gpxdata:distance>10582.50</gpxdata:distance>
     <gpxdata:speed>6.219</gpxdata:speed>
    </extensions>
   </trkpt>
   <trkpt lat="46.9036306" lon="5.0249510">
    <ele>178</ele>
    <time>2026-06-07T10:04:21Z</time>
    <extensions>
     <gpxdata:distance>10589.00</gpxdata:distance>
     <gpxdata:speed>6.317</gpxdata:speed>
    </extensions>
   </trkpt>
   <trkpt lat="46.9035768" lon="5.0249195">
    <ele>178</ele>
    <time>2026-06-07T10:04:22Z</time>
    <extensions>
     <gpxdata:distance>10595.50</gpxdata:distance>
     <gpxdata:speed>6.403</gpxdata:speed>
    </extensions>
   </trkpt>
   <trkpt lat="46.9035222" lon="5.0248889">
    <ele>178</ele>
    <time>2026-06-07T10:04:23Z</time>
    <extensions>
     <gpxdata:distance>10602.00</gpxdata:distance>
     <gpxdata:speed>6.453</gpxdata:speed>
    </extensions>
   </trkpt>
   <trkpt lat="46.9034676" lon="5.0248574">
    <ele>178</ele>
    <time>2026-06-07T10:04:24Z</time>
    <extensions>
     <gpxdata:distance>10608.50</gpxdata:distance>
     <gpxdata:speed>6.494</gpxdata:speed>
    </extensions>
   </trkpt>
   <trkpt lat="46.9034130" lon="5.0248260">
    <ele>178</ele>
    <time>2026-06-07T10:04:25Z</time>
    <extensions>
     <gpxdata:distance>10615.00</gpxdata:distance>
     <gpxdata:speed>6.511</gpxdata:speed>
    </extensions>
   </trkpt>
   <trkpt lat="46.9033582" lon="5.0247952">
    <ele>178</ele>
    <time>2026-06-07T10:04:26Z</time>
    <extensions>
     <gpxdata:distance>10621.50</gpxdata:distance>
     <gpxdata:speed>6.528</gpxdata:speed>
    </extensions>
   </trkpt>
   <trkpt lat="46.9033031" lon="5.0247641">
    <ele>178</ele>
    <time>2026-06-07T10:04:27Z</time>
    <extensions>
     <gpxdata:distance>10628.00</gpxdata:distance>
     <gpxdata:speed>6.564</gpxdata:speed>
    </extensions>
   </trkpt>
   <trkpt lat="46.9032474" lon="5.0247318">
    <ele>178</ele>
    <time>2026-06-07T10:04:28Z</time>
    <extensions>
     <gpxdata:distance>10634.50</gpxdata:distance>
     <gpxdata:speed>6.628</gpxdata:speed>
    </extensions>
   </trkpt>
   <trkpt lat="46.9031913" lon="5.0246974">
    <ele>178</ele>
    <time>2026-06-07T10:04:29Z</time>
    <extensions>
     <gpxdata:distance>10641.00</gpxdata:distance>
     <gpxdata:speed>6.697</gpxdata:speed>
    </extensions>
   </trkpt>
   <trkpt lat="46.9031344" lon="5.0246611">
    <ele>178</ele>
    <time>2026-06-07T10:04:30Z</time>
    <extensions>
     <gpxdata:distance>10648.00</gpxdata:distance>
     <gpxdata:speed>6.786</gpxdata:speed>
    </extensions>
   </trkpt>
   <trkpt lat="46.9030767" lon="5.0246232">
    <ele>178</ele>
    <time>2026-06-07T10:04:31Z</time>
    <extensions>
     <gpxdata:distance>10655.00</gpxdata:distance>
     <gpxdata:speed>6.886</gpxdata:speed>
    </extensions>
   </trkpt>
   <trkpt lat="46.9030187" lon="5.0245838">
    <ele>178</ele>
    <time>2026-06-07T10:04:32Z</time>
    <extensions>
     <gpxdata:distance>10662.50</gpxdata:distance>
     <gpxdata:speed>6.969</gpxdata:speed>
    </extensions>
   </trkpt>
   <trkpt lat="46.9029612" lon="5.0245439">
    <ele>177</ele>
    <time>2026-06-07T10:04:33Z</time>
    <extensions>
     <gpxdata:distance>10670.00</gpxdata:distance>
     <gpxdata:speed>7.008</gpxdata:speed>
    </extensions>
   </trkpt>
   <trkpt lat="46.9029048" lon="5.0245046">
    <ele>177</ele>
    <time>2026-06-07T10:04:34Z</time>
    <extensions>
     <gpxdata:distance>10676.50</gpxdata:distance>
     <gpxdata:speed>6.983</gpxdata:speed>
    </extensions>
   </trkpt>
   <trkpt lat="46.9028507" lon="5.0244665">
    <ele>177</ele>
    <time>2026-06-07T10:04:35Z</time>
    <extensions>
     <gpxdata:distance>10683.00</gpxdata:distance>
     <gpxdata:speed>6.864</gpxdata:speed>
    </extensions>
   </trkpt>
   <trkpt lat="46.9028007" lon="5.0244295">
    <ele>177</ele>
    <time>2026-06-07T10:04:36Z</time>
    <extensions>
     <gpxdata:distance>10688.50</gpxdata:distance>
     <gpxdata:speed>6.625</gpxdata:speed>
    </extensions>
   </trkpt>
   <trkpt lat="46.9027561" lon="5.0243948">
    <ele>177</ele>
    <time>2026-06-07T10:04:37Z</time>
    <extensions>
     <gpxdata:distance>10694.00</gpxdata:distance>
     <gpxdata:speed>5.803</gpxdata:speed>
    </extensions>
   </trkpt>
   <trkpt lat="46.9027278" lon="5.0243733">
    <ele>177</ele>
    <time>2026-06-07T10:04:38Z</time>
    <extensions>
     <gpxdata:distance>10698.00</gpxdata:distance>
     <gpxdata:speed>5.092</gpxdata:speed>
    </extensions>
   </trkpt>
   <trkpt lat="46.9026940" lon="5.0243532">
    <ele>177</ele>
    <time>2026-06-07T10:04:39Z</time>
    <extensions>
     <gpxdata:distance>10702.00</gpxdata:distance>
     <gpxdata:speed>4.594</gpxdata:speed>
    </extensions>
   </trkpt>
   <trkpt lat="46.9026593" lon="5.0243445">
    <ele>177</ele>
    <time>2026-06-07T10:04:40Z</time>
    <extensions>
     <gpxdata:distance>10706.00</gpxdata:distance>
     <gpxdata:speed>4.261</gpxdata:speed>
    </extensions>
   </trkpt>
   <trkpt lat="46.9026273" lon="5.0243543">
    <ele>177</ele>
    <time>2026-06-07T10:04:41Z</time>
    <extensions>
     <gpxdata:distance>10710.00</gpxdata:distance>
     <gpxdata:speed>4.108</gpxdata:speed>
    </extensions>
   </trkpt>
   <trkpt lat="46.9026021" lon="5.0243841">
    <ele>177</ele>
    <time>2026-06-07T10:04:42Z</time>
    <extensions>
     <gpxdata:distance>10714.00</gpxdata:distance>
     <gpxdata:speed>4.164</gpxdata:speed>
    </extensions>
   </trkpt>
   <trkpt lat="46.9025848" lon="5.0244286">
    <ele>177</ele>
    <time>2026-06-07T10:04:43Z</time>
    <extensions>
     <gpxdata:distance>10718.00</gpxdata:distance>
     <gpxdata:speed>4.233</gpxdata:speed>
    </extensions>
   </trkpt>
   <trkpt lat="46.9025731" lon="5.0244810">
    <ele>177</ele>
    <time>2026-06-07T10:04:44Z</time>
    <extensions>
     <gpxdata:distance>10722.50</gpxdata:distance>
     <gpxdata:speed>4.267</gpxdata:speed>
    </extensions>
   </trkpt>
   <trkpt lat="46.9025626" lon="5.0245367">
    <ele>177</ele>
    <time>2026-06-07T10:04:45Z</time>
    <extensions>
     <gpxdata:distance>10727.00</gpxdata:distance>
     <gpxdata:speed>4.350</gpxdata:speed>
    </extensions>
   </trkpt>
   <trkpt lat="46.9025498" lon="5.0245927">
    <ele>177</ele>
    <time>2026-06-07T10:04:46Z</time>
    <extensions>
     <gpxdata:distance>10731.50</gpxdata:distance>
     <gpxdata:speed>4.375</gpxdata:speed>
    </extensions>
   </trkpt>
   <trkpt lat="46.9025341" lon="5.0246484">
    <ele>176</ele>
    <time>2026-06-07T10:04:47Z</time>
    <extensions>
     <gpxdata:distance>10736.00</gpxdata:distance>
     <gpxdata:speed>4.461</gpxdata:speed>
    </extensions>
   </trkpt>
   <trkpt lat="46.9025177" lon="5.0247067">
    <ele>176</ele>
    <time>2026-06-07T10:04:48Z</time>
    <extensions>
     <gpxdata:distance>10741.00</gpxdata:distance>
     <gpxdata:speed>4.608</gpxdata:speed>
    </extensions>
   </trkpt>
   <trkpt lat="46.9025020" lon="5.0247681">
    <ele>176</ele>
    <time>2026-06-07T10:04:49Z</time>
    <extensions>
     <gpxdata:distance>10746.00</gpxdata:distance>
     <gpxdata:speed>4.781</gpxdata:speed>
    </extensions>
   </trkpt>
   <trkpt lat="46.9024854" lon="5.0248325">
    <ele>177</ele>
    <time>2026-06-07T10:04:50Z</time>
    <extensions>
     <gpxdata:distance>10751.50</gpxdata:distance>
     <gpxdata:speed>5.200</gpxdata:speed>
    </extensions>
   </trkpt>
   <trkpt lat="46.9024674" lon="5.0248992">
    <ele>177</ele>
    <time>2026-06-07T10:04:51Z</time>
    <extensions>
     <gpxdata:distance>10757.00</gpxdata:distance>
     <gpxdata:speed>5.450</gpxdata:speed>
    </extensions>
   </trkpt>
   <trkpt lat="46.9024478" lon="5.0249671">
    <ele>177</ele>
    <time>2026-06-07T10:04:52Z</time>
    <extensions>
     <gpxdata:distance>10763.00</gpxdata:distance>
     <gpxdata:speed>5.572</gpxdata:speed>
    </extensions>
   </trkpt>
   <trkpt lat="46.9024268" lon="5.0250356">
    <ele>177</ele>
    <time>2026-06-07T10:04:53Z</time>
    <extensions>
     <gpxdata:distance>10769.00</gpxdata:distance>
     <gpxdata:speed>5.681</gpxdata:speed>
    </extensions>
   </trkpt>
   <trkpt lat="46.9024050" lon="5.0251047">
    <ele>177</ele>
    <time>2026-06-07T10:04:54Z</time>
    <extensions>
     <gpxdata:distance>10775.00</gpxdata:distance>
     <gpxdata:speed>5.769</gpxdata:speed>
    </extensions>
   </trkpt>
   <trkpt lat="46.9023829" lon="5.0251752">
    <ele>177</ele>
    <time>2026-06-07T10:04:55Z</time>
    <extensions>
     <gpxdata:distance>10781.00</gpxdata:distance>
     <gpxdata:speed>5.894</gpxdata:speed>
    </extensions>
   </trkpt>
   <trkpt lat="46.9023601" lon="5.0252477">
    <ele>177</ele>
    <time>2026-06-07T10:04:56Z</time>
    <extensions>
     <gpxdata:distance>10787.00</gpxdata:distance>
     <gpxdata:speed>6.083</gpxdata:speed>
    </extensions>
   </trkpt>
   <trkpt lat="46.9023281" lon="5.0253458">
    <ele>177</ele>
    <time>2026-06-07T10:04:57Z</time>
    <extensions>
     <gpxdata:distance>10793.00</gpxdata:distance>
     <gpxdata:speed>6.197</gpxdata:speed>
    </extensions>
   </trkpt>
   <trkpt lat="46.9023021" lon="5.0254234">
    <ele>177</ele>
    <time>2026-06-07T10:04:58Z</time>
    <extensions>
     <gpxdata:distance>10799.50</gpxdata:distance>
     <gpxdata:speed>6.272</gpxdata:speed>
    </extensions>
   </trkpt>
   <trkpt lat="46.9022762" lon="5.0254991">
    <ele>176</ele>
    <time>2026-06-07T10:04:59Z</time>
    <extensions>
     <gpxdata:distance>10806.00</gpxdata:distance>
     <gpxdata:speed>6.361</gpxdata:speed>
    </extensions>
   </trkpt>
   <trkpt lat="46.9022492" lon="5.0255743">
    <ele>176</ele>
    <time>2026-06-07T10:05:00Z</time>
    <extensions>
     <gpxdata:distance>10812.50</gpxdata:distance>
     <gpxdata:speed>6.417</gpxdata:speed>
    </extensions>
   </trkpt>
   <trkpt lat="46.9022207" lon="5.0256491">
    <ele>176</ele>
    <time>2026-06-07T10:05:01Z</time>
    <extensions>
     <gpxdata:distance>10819.00</gpxdata:distance>
     <gpxdata:speed>6.483</gpxdata:speed>
    </extensions>
   </trkpt>
   <trkpt lat="46.9021905" lon="5.0257242">
    <ele>176</ele>
    <time>2026-06-07T10:05:02Z</time>
    <extensions>
     <gpxdata:distance>10825.50</gpxdata:distance>
     <gpxdata:speed>6.594</gpxdata:speed>
    </extensions>
   </trkpt>
   <trkpt lat="46.9021577" lon="5.0257984">
    <ele>176</ele>
    <time>2026-06-07T10:05:03Z</time>
    <extensions>
     <gpxdata:distance>10832.00</gpxdata:distance>
     <gpxdata:speed>6.689</gpxdata:speed>
    </extensions>
   </trkpt>
   <trkpt lat="46.9021225" lon="5.0258716">
    <ele>176</ele>
    <time>2026-06-07T10:05:04Z</time>
    <extensions>
     <gpxdata:distance>10839.00</gpxdata:distance>
     <gpxdata:speed>6.758</gpxdata:speed>
    </extensions>
   </trkpt>
   <trkpt lat="46.9020858" lon="5.0259442">
    <ele>176</ele>
    <time>2026-06-07T10:05:05Z</time>
    <extensions>
     <gpxdata:distance>10846.00</gpxdata:distance>
     <gpxdata:speed>6.833</gpxdata:speed>
    </extensions>
   </trkpt>
   <trkpt lat="46.9020475" lon="5.0260166">
    <ele>176</ele>
    <time>2026-06-07T10:05:06Z</time>
    <extensions>
     <gpxdata:distance>10853.00</gpxdata:distance>
     <gpxdata:speed>6.917</gpxdata:speed>
    </extensions>
   </trkpt>
   <trkpt lat="46.9020081" lon="5.0260883">
    <ele>176</ele>
    <time>2026-06-07T10:05:07Z</time>
    <extensions>
     <gpxdata:distance>10860.00</gpxdata:distance>
     <gpxdata:speed>6.964</gpxdata:speed>
    </extensions>
   </trkpt>
   <trkpt lat="46.9019685" lon="5.0261584">
    <ele>176</ele>
    <time>2026-06-07T10:05:08Z</time>
    <extensions>
     <gpxdata:distance>10867.00</gpxdata:distance>
     <gpxdata:speed>6.897</gpxdata:speed>
    </extensions>
   </trkpt>
   <trkpt lat="46.9019284" lon="5.0262283">
    <ele>176</ele>
    <time>2026-06-07T10:05:09Z</time>
    <extensions>
     <gpxdata:distance>10874.00</gpxdata:distance>
     <gpxdata:speed>6.933</gpxdata:speed>
    </extensions>
   </trkpt>
   <trkpt lat="46.9018881" lon="5.0262977">
    <ele>176</ele>
    <time>2026-06-07T10:05:10Z</time>
    <extensions>
     <gpxdata:distance>10881.00</gpxdata:distance>
     <gpxdata:speed>6.931</gpxdata:speed>
    </extensions>
   </trkpt>
   <trkpt lat="46.9018477" lon="5.0263668">
    <ele>176</ele>
    <time>2026-06-07T10:05:11Z</time>
    <extensions>
     <gpxdata:distance>10888.00</gpxdata:distance>
     <gpxdata:speed>6.931</gpxdata:speed>
    </extensions>
   </trkpt>
   <trkpt lat="46.9018071" lon="5.0264362">
    <ele>176</ele>
    <time>2026-06-07T10:05:12Z</time>
    <extensions>
     <gpxdata:distance>10895.00</gpxdata:distance>
     <gpxdata:speed>6.944</gpxdata:speed>
    </extensions>
   </trkpt>
   <trkpt lat="46.9017668" lon="5.0265045">
    <ele>176</ele>
    <time>2026-06-07T10:05:13Z</time>
    <extensions>
     <gpxdata:distance>10902.00</gpxdata:distance>
     <gpxdata:speed>6.906</gpxdata:speed>
    </extensions>
   </trkpt>
   <trkpt lat="46.9017276" lon="5.0265710">
    <ele>176</ele>
    <time>2026-06-07T10:05:14Z</time>
    <extensions>
     <gpxdata:distance>10908.50</gpxdata:distance>
     <gpxdata:speed>6.814</gpxdata:speed>
    </extensions>
   </trkpt>
   <trkpt lat="46.9016881" lon="5.0266364">
    <ele>176</ele>
    <time>2026-06-07T10:05:15Z</time>
    <extensions>
     <gpxdata:distance>10915.00</gpxdata:distance>
     <gpxdata:speed>6.761</gpxdata:speed>
    </extensions>
   </trkpt>
   <trkpt lat="46.9016475" lon="5.0267015">
    <ele>176</ele>
    <time>2026-06-07T10:05:16Z</time>
    <extensions>
     <gpxdata:distance>10922.00</gpxdata:distance>
     <gpxdata:speed>6.753</gpxdata:speed>
    </extensions>
   </trkpt>
   <trkpt lat="46.9016057" lon="5.0267675">
    <ele>176</ele>
    <time>2026-06-07T10:05:17Z</time>
    <extensions>
     <gpxdata:distance>10929.00</gpxdata:distance>
     <gpxdata:speed>6.792</gpxdata:speed>
    </extensions>
   </trkpt>
   <trkpt lat="46.9015636" lon="5.0268358">
    <ele>176</ele>
    <time>2026-06-07T10:05:18Z</time>
    <extensions>
     <gpxdata:distance>10936.00</gpxdata:distance>
     <gpxdata:speed>6.867</gpxdata:speed>
    </extensions>
   </trkpt>
   <trkpt lat="46.9015213" lon="5.0269061">
    <ele>176</ele>
    <time>2026-06-07T10:05:19Z</time>
    <extensions>
     <gpxdata:distance>10943.00</gpxdata:distance>
     <gpxdata:speed>6.958</gpxdata:speed>
    </extensions>
   </trkpt>
   <trkpt lat="46.9014784" lon="5.0269774">
    <ele>176</ele>
    <time>2026-06-07T10:05:20Z</time>
    <extensions>
     <gpxdata:distance>10950.00</gpxdata:distance>
     <gpxdata:speed>7.044</gpxdata:speed>
    </extensions>
   </trkpt>
   <trkpt lat="46.9014359" lon="5.0270498">
    <ele>176</ele>
    <time>2026-06-07T10:05:21Z</time>
    <extensions>
     <gpxdata:distance>10957.00</gpxdata:distance>
     <gpxdata:speed>7.114</gpxdata:speed>
    </extensions>
   </trkpt>
   <trkpt lat="46.9013935" lon="5.0271225">
    <ele>176</ele>
    <time>2026-06-07T10:05:22Z</time>
    <extensions>
     <gpxdata:distance>10964.50</gpxdata:distance>
     <gpxdata:speed>7.164</gpxdata:speed>
    </extensions>
   </trkpt>
   <trkpt lat="46.9013510" lon="5.0271947">
    <ele>176</ele>
    <time>2026-06-07T10:05:23Z</time>
    <extensions>
     <gpxdata:distance>10972.00</gpxdata:distance>
     <gpxdata:speed>7.189</gpxdata:speed>
    </extensions>
   </trkpt>
   <trkpt lat="46.9013083" lon="5.0272666">
    <ele>176</ele>
    <time>2026-06-07T10:05:24Z</time>
    <extensions>
     <gpxdata:distance>10979.00</gpxdata:distance>
     <gpxdata:speed>7.214</gpxdata:speed>
    </extensions>
   </trkpt>
   <trkpt lat="46.9012652" lon="5.0273387">
    <ele>176</ele>
    <time>2026-06-07T10:05:25Z</time>
    <extensions>
     <gpxdata:distance>10986.00</gpxdata:distance>
     <gpxdata:speed>7.242</gpxdata:speed>
    </extensions>
   </trkpt>
   <trkpt lat="46.9012211" lon="5.0274108">
    <ele>176</ele>
    <time>2026-06-07T10:05:26Z</time>
    <extensions>
     <gpxdata:distance>10993.50</gpxdata:distance>
     <gpxdata:speed>7.286</gpxdata:speed>
    </extensions>
   </trkpt>
   <trkpt lat="46.9011756" lon="5.0274821">
    <ele>176</ele>
    <time>2026-06-07T10:05:27Z</time>
    <extensions>
     <gpxdata:distance>11001.00</gpxdata:distance>
     <gpxdata:speed>7.336</gpxdata:speed>
    </extensions>
   </trkpt>
   <trkpt lat="46.9011283" lon="5.0275517">
    <ele>176</ele>
    <time>2026-06-07T10:05:28Z</time>
    <extensions>
     <gpxdata:distance>11008.50</gpxdata:distance>
     <gpxdata:speed>7.383</gpxdata:speed>
    </extensions>
   </trkpt>
   <trkpt lat="46.9010790" lon="5.0276197">
    <ele>176</ele>
    <time>2026-06-07T10:05:29Z</time>
    <extensions>
     <gpxdata:distance>11016.00</gpxdata:distance>
     <gpxdata:speed>7.442</gpxdata:speed>
    </extensions>
   </trkpt>
   <trkpt lat="46.9010286" lon="5.0276858">
    <ele>176</ele>
    <time>2026-06-07T10:05:30Z</time>
    <extensions>
     <gpxdata:distance>11023.50</gpxdata:distance>
     <gpxdata:speed>7.464</gpxdata:speed>
    </extensions>
   </trkpt>
   <trkpt lat="46.9009775" lon="5.0277486">
    <ele>176</ele>
    <time>2026-06-07T10:05:31Z</time>
    <extensions>
     <gpxdata:distance>11031.00</gpxdata:distance>
     <gpxdata:speed>7.444</gpxdata:speed>
    </extensions>
   </trkpt>
   <trkpt lat="46.9009257" lon="5.0278080">
    <ele>176</ele>
    <time>2026-06-07T10:05:32Z</time>
    <extensions>
     <gpxdata:distance>11038.50</gpxdata:distance>
     <gpxdata:speed>7.397</gpxdata:speed>
    </extensions>
   </trkpt>
   <trkpt lat="46.9008732" lon="5.0278642">
    <ele>176</ele>
    <time>2026-06-07T10:05:33Z</time>
    <extensions>
     <gpxdata:distance>11046.00</gpxdata:distance>
     <gpxdata:speed>7.344</gpxdata:speed>
    </extensions>
   </trkpt>
   <trkpt lat="46.9008202" lon="5.0279165">
    <ele>176</ele>
    <time>2026-06-07T10:05:34Z</time>
    <extensions>
     <gpxdata:distance>11053.00</gpxdata:distance>
     <gpxdata:speed>7.264</gpxdata:speed>
    </extensions>
   </trkpt>
   <trkpt lat="46.9007667" lon="5.0279652">
    <ele>176</ele>
    <time>2026-06-07T10:05:35Z</time>
    <extensions>
     <gpxdata:distance>11060.00</gpxdata:distance>
     <gpxdata:speed>7.175</gpxdata:speed>
    </extensions>
   </trkpt>
   <trkpt lat="46.9007137" lon="5.0280122">
    <ele>176</ele>
    <time>2026-06-07T10:05:36Z</time>
    <extensions>
     <gpxdata:distance>11066.50</gpxdata:distance>
     <gpxdata:speed>7.075</gpxdata:speed>
    </extensions>
   </trkpt>
   <trkpt lat="46.9006627" lon="5.0280601">
    <ele>176</ele>
    <time>2026-06-07T10:05:37Z</time>
    <extensions>
     <gpxdata:distance>11073.00</gpxdata:distance>
     <gpxdata:speed>6.961</gpxdata:speed>
    </extensions>
   </trkpt>
   <trkpt lat="46.9006131" lon="5.0281086">
    <ele>176</ele>
    <time>2026-06-07T10:05:38Z</time>
    <extensions>
     <gpxdata:distance>11079.50</gpxdata:distance>
     <gpxdata:speed>6.853</gpxdata:speed>
    </extensions>
   </trkpt>
   <trkpt lat="46.9005636" lon="5.0281554">
    <ele>176</ele>
    <time>2026-06-07T10:05:39Z</time>
    <extensions>
     <gpxdata:distance>11086.00</gpxdata:distance>
     <gpxdata:speed>6.753</gpxdata:speed>
    </extensions>
   </trkpt>
   <trkpt lat="46.9005136" lon="5.0282002">
    <ele>176</ele>
    <time>2026-06-07T10:05:40Z</time>
    <extensions>
     <gpxdata:distance>11092.50</gpxdata:distance>
     <gpxdata:speed>6.681</gpxdata:speed>
    </extensions>
   </trkpt>
   <trkpt lat="46.9004636" lon="5.0282452">
    <ele>176</ele>
    <time>2026-06-07T10:05:41Z</time>
    <extensions>
     <gpxdata:distance>11099.00</gpxdata:distance>
     <gpxdata:speed>6.631</gpxdata:speed>
    </extensions>
   </trkpt>
   <trkpt lat="46.9004139" lon="5.0282908">
    <ele>176</ele>
    <time>2026-06-07T10:05:42Z</time>
    <extensions>
     <gpxdata:distance>11105.50</gpxdata:distance>
     <gpxdata:speed>6.597</gpxdata:speed>
    </extensions>
   </trkpt>
   <trkpt lat="46.9003641" lon="5.0283369">
    <ele>176</ele>
    <time>2026-06-07T10:05:43Z</time>
    <extensions>
     <gpxdata:distance>11112.00</gpxdata:distance>
     <gpxdata:speed>6.583</gpxdata:speed>
    </extensions>
   </trkpt>
   <trkpt lat="46.9003144" lon="5.0283833">
    <ele>176</ele>
    <time>2026-06-07T10:05:44Z</time>
    <extensions>
     <gpxdata:distance>11119.00</gpxdata:distance>
     <gpxdata:speed>6.575</gpxdata:speed>
    </extensions>
   </trkpt>
   <trkpt lat="46.9002646" lon="5.0284301">
    <ele>176</ele>
    <time>2026-06-07T10:05:45Z</time>
    <extensions>
     <gpxdata:distance>11126.00</gpxdata:distance>
     <gpxdata:speed>6.578</gpxdata:speed>
    </extensions>
   </trkpt>
   <trkpt lat="46.9002145" lon="5.0284762">
    <ele>176</ele>
    <time>2026-06-07T10:05:46Z</time>
    <extensions>
     <gpxdata:distance>11132.50</gpxdata:distance>
     <gpxdata:speed>6.578</gpxdata:speed>
    </extensions>
   </trkpt>
   <trkpt lat="46.9001634" lon="5.0285202">
    <ele>176</ele>
    <time>2026-06-07T10:05:47Z</time>
    <extensions>
     <gpxdata:distance>11139.00</gpxdata:distance>
     <gpxdata:speed>6.583</gpxdata:speed>
    </extensions>
   </trkpt>
   <trkpt lat="46.9001116" lon="5.0285631">
    <ele>176</ele>
    <time>2026-06-07T10:05:48Z</time>
    <extensions>
     <gpxdata:distance>11145.50</gpxdata:distance>
     <gpxdata:speed>6.597</gpxdata:speed>
    </extensions>
   </trkpt>
   <trkpt lat="46.9000593" lon="5.0286064">
    <ele>176</ele>
    <time>2026-06-07T10:05:49Z</time>
    <extensions>
     <gpxdata:distance>11152.00</gpxdata:distance>
     <gpxdata:speed>6.636</gpxdata:speed>
    </extensions>
   </trkpt>
   <trkpt lat="46.9000057" lon="5.0286486">
    <ele>176</ele>
    <time>2026-06-07T10:05:50Z</time>
    <extensions>
     <gpxdata:distance>11159.00</gpxdata:distance>
     <gpxdata:speed>6.686</gpxdata:speed>
    </extensions>
   </trkpt>
   <trkpt lat="46.8999508" lon="5.0286876">
    <ele>176</ele>
    <time>2026-06-07T10:05:51Z</time>
    <extensions>
     <gpxdata:distance>11166.00</gpxdata:distance>
     <gpxdata:speed>6.719</gpxdata:speed>
    </extensions>
   </trkpt>
   <trkpt lat="46.8998954" lon="5.0287247">
    <ele>176</ele>
    <time>2026-06-07T10:05:52Z</time>
    <extensions>
     <gpxdata:distance>11172.50</gpxdata:distance>
     <gpxdata:speed>6.736</gpxdata:speed>
    </extensions>
   </trkpt>
   <trkpt lat="46.8998415" lon="5.0287617">
    <ele>176</ele>
    <time>2026-06-07T10:05:53Z</time>
    <extensions>
     <gpxdata:distance>11179.00</gpxdata:distance>
     <gpxdata:speed>6.689</gpxdata:speed>
    </extensions>
   </trkpt>
   <trkpt lat="46.8997913" lon="5.0287994">
    <ele>176</ele>
    <time>2026-06-07T10:05:54Z</time>
    <extensions>
     <gpxdata:distance>11184.50</gpxdata:distance>
     <gpxdata:speed>6.528</gpxdata:speed>
    </extensions>
   </trkpt>
   <trkpt lat="46.8997462" lon="5.0288382">
    <ele>176</ele>
    <time>2026-06-07T10:05:55Z</time>
    <extensions>
     <gpxdata:distance>11190.00</gpxdata:distance>
     <gpxdata:speed>6.267</gpxdata:speed>
    </extensions>
   </trkpt>
   <trkpt lat="46.8997065" lon="5.0288803">
    <ele>176</ele>
    <time>2026-06-07T10:05:56Z</time>
    <extensions>
     <gpxdata:distance>11195.50</gpxdata:distance>
     <gpxdata:speed>5.997</gpxdata:speed>
    </extensions>
   </trkpt>
   <trkpt lat="46.8996821" lon="5.0289151">
    <ele>176</ele>
    <time>2026-06-07T10:05:57Z</time>
    <extensions>
     <gpxdata:distance>11201.00</gpxdata:distance>
     <gpxdata:speed>5.758</gpxdata:speed>
    </extensions>
   </trkpt>
   <trkpt lat="46.8996562" lon="5.0289656">
    <ele>176</ele>
    <time>2026-06-07T10:05:58Z</time>
    <extensions>
     <gpxdata:distance>11206.50</gpxdata:distance>
     <gpxdata:speed>5.603</gpxdata:speed>
    </extensions>
   </trkpt>
   <trkpt lat="46.8996347" lon="5.0290260">
    <ele>176</ele>
    <time>2026-06-07T10:05:59Z</time>
    <extensions>
     <gpxdata:distance>11212.00</gpxdata:distance>
     <gpxdata:speed>5.536</gpxdata:speed>
    </extensions>
   </trkpt>
   <trkpt lat="46.8996184" lon="5.0290931">
    <ele>176</ele>
    <time>2026-06-07T10:06:00Z</time>
    <extensions>
     <gpxdata:distance>11217.50</gpxdata:distance>
     <gpxdata:speed>5.533</gpxdata:speed>
    </extensions>
   </trkpt>
   <trkpt lat="46.8996059" lon="5.0291637">
    <ele>176</ele>
    <time>2026-06-07T10:06:01Z</time>
    <extensions>
     <gpxdata:distance>11223.00</gpxdata:distance>
     <gpxdata:speed>5.567</gpxdata:speed>
    </extensions>
   </trkpt>
   <trkpt lat="46.8995953" lon="5.0292343">
    <ele>177</ele>
    <time>2026-06-07T10:06:02Z</time>
    <extensions>
     <gpxdata:distance>11228.00</gpxdata:distance>
     <gpxdata:speed>5.456</gpxdata:speed>
    </extensions>
   </trkpt>
   <trkpt lat="46.8995850" lon="5.0293024">
    <ele>177</ele>
    <time>2026-06-07T10:06:03Z</time>
    <extensions>
     <gpxdata:distance>11233.00</gpxdata:distance>
     <gpxdata:speed>5.233</gpxdata:speed>
    </extensions>
   </trkpt>
   <trkpt lat="46.8995742" lon="5.0293660">
    <ele>177</ele>
    <time>2026-06-07T10:06:04Z</time>
    <extensions>
     <gpxdata:distance>11237.50</gpxdata:distance>
     <gpxdata:speed>4.942</gpxdata:speed>
    </extensions>
   </trkpt>
   <trkpt lat="46.8995629" lon="5.0294243">
    <ele>177</ele>
    <time>2026-06-07T10:06:05Z</time>
    <extensions>
     <gpxdata:distance>11242.00</gpxdata:distance>
     <gpxdata:speed>4.581</gpxdata:speed>
    </extensions>
   </trkpt>
   <trkpt lat="46.8995524" lon="5.0294769">
    <ele>177</ele>
    <time>2026-06-07T10:06:06Z</time>
    <extensions>
     <gpxdata:distance>11245.50</gpxdata:distance>
     <gpxdata:speed>4.156</gpxdata:speed>
    </extensions>
   </trkpt>
   <trkpt lat="46.8995430" lon="5.0295232">
    <ele>177</ele>
    <time>2026-06-07T10:06:07Z</time>
    <extensions>
     <gpxdata:distance>11249.00</gpxdata:distance>
     <gpxdata:speed>3.681</gpxdata:speed>
    </extensions>
   </trkpt>
   <trkpt lat="46.8995345" lon="5.0295638">
    <ele>177</ele>
    <time>2026-06-07T10:06:08Z</time>
    <extensions>
     <gpxdata:distance>11251.50</gpxdata:distance>
     <gpxdata:speed>3.253</gpxdata:speed>
    </extensions>
   </trkpt>
   <trkpt lat="46.8995269" lon="5.0295995">
    <ele>178</ele>
    <time>2026-06-07T10:06:09Z</time>
    <extensions>
     <gpxdata:distance>11254.00</gpxdata:distance>
     <gpxdata:speed>2.886</gpxdata:speed>
    </extensions>
   </trkpt>
   <trkpt lat="46.8995231" lon="5.0296183">
    <ele>178</ele>
    <time>2026-06-07T10:06:10Z</time>
    <extensions>
     <gpxdata:distance>11256.50</gpxdata:distance>
     <gpxdata:speed>2.678</gpxdata:speed>
    </extensions>
   </trkpt>
   <trkpt lat="46.8995178" lon="5.0296441">
    <ele>178</ele>
    <time>2026-06-07T10:06:11Z</time>
    <extensions>
     <gpxdata:distance>11259.00</gpxdata:distance>
     <gpxdata:speed>2.669</gpxdata:speed>
    </extensions>
   </trkpt>
   <trkpt lat="46.8995106" lon="5.0296736">
    <ele>178</ele>
    <time>2026-06-07T10:06:12Z</time>
    <extensions>
     <gpxdata:distance>11262.00</gpxdata:distance>
     <gpxdata:speed>2.697</gpxdata:speed>
    </extensions>
   </trkpt>
   <trkpt lat="46.8995021" lon="5.0297050">
    <ele>178</ele>
    <time>2026-06-07T10:06:13Z</time>
    <extensions>
     <gpxdata:distance>11265.00</gpxdata:distance>
     <gpxdata:speed>2.733</gpxdata:speed>
    </extensions>
   </trkpt>
   <trkpt lat="46.8994935" lon="5.0297379">
    <ele>179</ele>
    <time>2026-06-07T10:06:14Z</time>
    <extensions>
     <gpxdata:distance>11268.00</gpxdata:distance>
     <gpxdata:speed>2.767</gpxdata:speed>
    </extensions>
   </trkpt>
   <trkpt lat="46.8994854" lon="5.0297723">
    <ele>179</ele>
    <time>2026-06-07T10:06:15Z</time>
    <extensions>
     <gpxdata:distance>11271.00</gpxdata:distance>
     <gpxdata:speed>2.781</gpxdata:speed>
    </extensions>
   </trkpt>
   <trkpt lat="46.8994773" lon="5.0298082">
    <ele>179</ele>
    <time>2026-06-07T10:06:16Z</time>
    <extensions>
     <gpxdata:distance>11274.00</gpxdata:distance>
     <gpxdata:speed>2.839</gpxdata:speed>
    </extensions>
   </trkpt>
   <trkpt lat="46.8994694" lon="5.0298450">
    <ele>179</ele>
    <time>2026-06-07T10:06:17Z</time>
    <extensions>
     <gpxdata:distance>11277.00</gpxdata:distance>
     <gpxdata:speed>2.892</gpxdata:speed>
    </extensions>
   </trkpt>
   <trkpt lat="46.8994613" lon="5.0298824">
    <ele>179</ele>
    <time>2026-06-07T10:06:18Z</time>
    <extensions>
     <gpxdata:distance>11280.00</gpxdata:distance>
     <gpxdata:speed>2.942</gpxdata:speed>
    </extensions>
   </trkpt>
   <trkpt lat="46.8994526" lon="5.0299199">
    <ele>180</ele>
    <time>2026-06-07T10:06:19Z</time>
    <extensions>
     <gpxdata:distance>11283.00</gpxdata:distance>
     <gpxdata:speed>2.989</gpxdata:speed>
    </extensions>
   </trkpt>
   <trkpt lat="46.8994430" lon="5.0299576">
    <ele>180</ele>
    <time>2026-06-07T10:06:20Z</time>
    <extensions>
     <gpxdata:distance>11286.00</gpxdata:distance>
     <gpxdata:speed>3.036</gpxdata:speed>
    </extensions>
   </trkpt>
   <trkpt lat="46.8994263" lon="5.0300193">
    <ele>180</ele>
    <time>2026-06-07T10:06:21Z</time>
    <extensions>
     <gpxdata:distance>11289.00</gpxdata:distance>
     <gpxdata:speed>3.089</gpxdata:speed>
    </extensions>
   </trkpt>
   <trkpt lat="46.8994142" lon="5.0300632">
    <ele>180</ele>
    <time>2026-06-07T10:06:22Z</time>
    <extensions>
     <gpxdata:distance>11292.50</gpxdata:distance>
     <gpxdata:speed>3.153</gpxdata:speed>
    </extensions>
   </trkpt>
   <trkpt lat="46.8994038" lon="5.0301036">
    <ele>181</ele>
    <time>2026-06-07T10:06:23Z</time>
    <extensions>
     <gpxdata:distance>11296.00</gpxdata:distance>
     <gpxdata:speed>3.164</gpxdata:speed>
    </extensions>
   </trkpt>
   <trkpt lat="46.8993956" lon="5.0301403">
    <ele>181</ele>
    <time>2026-06-07T10:06:24Z</time>
    <extensions>
     <gpxdata:distance>11298.00</gpxdata:distance>
     <gpxdata:speed>3.033</gpxdata:speed>
    </extensions>
   </trkpt>
   <trkpt lat="46.8993898" lon="5.0301723">
    <ele>181</ele>
    <time>2026-06-07T10:06:25Z</time>
    <extensions>
     <gpxdata:distance>11300.00</gpxdata:distance>
     <gpxdata:speed>2.492</gpxdata:speed>
    </extensions>
   </trkpt>
   <trkpt lat="46.8993872" lon="5.0301885">
    <ele>181</ele>
    <time>2026-06-07T10:06:26Z</time>
    <extensions>
     <gpxdata:distance>11302.00</gpxdata:distance>
     <gpxdata:speed>2.322</gpxdata:speed>
    </extensions>
   </trkpt>
   <trkpt lat="46.8993833" lon="5.0302103">
    <ele>182</ele>
    <time>2026-06-07T10:06:27Z</time>
    <extensions>
     <gpxdata:distance>11304.00</gpxdata:distance>
     <gpxdata:speed>2.261</gpxdata:speed>
    </extensions>
   </trkpt>
   <trkpt lat="46.8993773" lon="5.0302352">
    <ele>182</ele>
    <time>2026-06-07T10:06:28Z</time>
    <extensions>
     <gpxdata:distance>11306.50</gpxdata:distance>
     <gpxdata:speed>2.269</gpxdata:speed>
    </extensions>
   </trkpt>
   <trkpt lat="46.8993697" lon="5.0302624">
    <ele>182</ele>
    <time>2026-06-07T10:06:29Z</time>
    <extensions>
     <gpxdata:distance>11309.00</gpxdata:distance>
     <gpxdata:speed>2.381</gpxdata:speed>
    </extensions>
   </trkpt>
   <trkpt lat="46.8993609" lon="5.0302922">
    <ele>182</ele>
    <time>2026-06-07T10:06:30Z</time>
    <extensions>
     <gpxdata:distance>11312.00</gpxdata:distance>
     <gpxdata:speed>2.572</gpxdata:speed>
    </extensions>
   </trkpt>
   <trkpt lat="46.8993516" lon="5.0303253">
    <ele>182</ele>
    <time>2026-06-07T10:06:31Z</time>
    <extensions>
     <gpxdata:distance>11315.00</gpxdata:distance>
     <gpxdata:speed>2.739</gpxdata:speed>
    </extensions>
   </trkpt>
   <trkpt lat="46.8993424" lon="5.0303616">
    <ele>182</ele>
    <time>2026-06-07T10:06:32Z</time>
    <extensions>
     <gpxdata:distance>11318.50</gpxdata:distance>
     <gpxdata:speed>2.903</gpxdata:speed>
    </extensions>
   </trkpt>
   <trkpt lat="46.8993336" lon="5.0304005">
    <ele>182</ele>
    <time>2026-06-07T10:06:33Z</time>
    <extensions>
     <gpxdata:distance>11322.00</gpxdata:distance>
     <gpxdata:speed>3.047</gpxdata:speed>
    </extensions>
   </trkpt>
   <trkpt lat="46.8993194" lon="5.0304662">
    <ele>182</ele>
    <time>2026-06-07T10:06:34Z</time>
    <extensions>
     <gpxdata:distance>11325.50</gpxdata:distance>
     <gpxdata:speed>3.267</gpxdata:speed>
    </extensions>
   </trkpt>
   <trkpt lat="46.8993097" lon="5.0305121">
    <ele>182</ele>
    <time>2026-06-07T10:06:35Z</time>
    <extensions>
     <gpxdata:distance>11329.00</gpxdata:distance>
     <gpxdata:speed>3.256</gpxdata:speed>
    </extensions>
   </trkpt>
   <trkpt lat="46.8993010" lon="5.0305530">
    <ele>182</ele>
    <time>2026-06-07T10:06:36Z</time>
    <extensions>
     <gpxdata:distance>11332.00</gpxdata:distance>
     <gpxdata:speed>3.206</gpxdata:speed>
    </extensions>
   </trkpt>
   <trkpt lat="46.8992926" lon="5.0305917">
    <ele>183</ele>
    <time>2026-06-07T10:06:37Z</time>
    <extensions>
     <gpxdata:distance>11335.00</gpxdata:distance>
     <gpxdata:speed>3.100</gpxdata:speed>
    </extensions>
   </trkpt>
   <trkpt lat="46.8992851" lon="5.0306291">
    <ele>183</ele>
    <time>2026-06-07T10:06:38Z</time>
    <extensions>
     <gpxdata:distance>11337.50</gpxdata:distance>
     <gpxdata:speed>2.989</gpxdata:speed>
    </extensions>
   </trkpt>
   <trkpt lat="46.8992813" lon="5.0306497">
    <ele>183</ele>
    <time>2026-06-07T10:06:39Z</time>
    <extensions>
     <gpxdata:distance>11340.00</gpxdata:distance>
     <gpxdata:speed>2.875</gpxdata:speed>
    </extensions>
   </trkpt>
   <trkpt lat="46.8992759" lon="5.0306777">
    <ele>183</ele>
    <time>2026-06-07T10:06:40Z</time>
    <extensions>
     <gpxdata:distance>11343.00</gpxdata:distance>
     <gpxdata:speed>2.833</gpxdata:speed>
    </extensions>
   </trkpt>
   <trkpt lat="46.8992693" lon="5.0307098">
    <ele>183</ele>
    <time>2026-06-07T10:06:41Z</time>
    <extensions>
     <gpxdata:distance>11346.00</gpxdata:distance>
     <gpxdata:speed>2.833</gpxdata:speed>
    </extensions>
   </trkpt>
   <trkpt lat="46.8992614" lon="5.0307446">
    <ele>183</ele>
    <time>2026-06-07T10:06:42Z</time>
    <extensions>
     <gpxdata:distance>11349.00</gpxdata:distance>
     <gpxdata:speed>2.894</gpxdata:speed>
    </extensions>
   </trkpt>
   <trkpt lat="46.8992524" lon="5.0307813">
    <ele>183</ele>
    <time>2026-06-07T10:06:43Z</time>
    <extensions>
     <gpxdata:distance>11352.00</gpxdata:distance>
     <gpxdata:speed>2.981</gpxdata:speed>
    </extensions>
   </trkpt>
   <trkpt lat="46.8992426" lon="5.0308192">
    <ele>183</ele>
    <time>2026-06-07T10:06:44Z</time>
    <extensions>
     <gpxdata:distance>11355.00</gpxdata:distance>
     <gpxdata:speed>3.050</gpxdata:speed>
    </extensions>
   </trkpt>
   <trkpt lat="46.8992255" lon="5.0308803">
    <ele>183</ele>
    <time>2026-06-07T10:06:45Z</time>
    <extensions>
     <gpxdata:distance>11358.00</gpxdata:distance>
     <gpxdata:speed>3.064</gpxdata:speed>
    </extensions>
   </trkpt>
   <trkpt lat="46.8992135" lon="5.0309206">
    <ele>183</ele>
    <time>2026-06-07T10:06:46Z</time>
    <extensions>
     <gpxdata:distance>11361.00</gpxdata:distance>
     <gpxdata:speed>3.003</gpxdata:speed>
    </extensions>
   </trkpt>
   <trkpt lat="46.8992025" lon="5.0309547">
    <ele>183</ele>
    <time>2026-06-07T10:06:47Z</time>
    <extensions>
     <gpxdata:distance>11364.00</gpxdata:distance>
     <gpxdata:speed>2.900</gpxdata:speed>
    </extensions>
   </trkpt>
   <trkpt lat="46.8991965" lon="5.0309730">
    <ele>183</ele>
    <time>2026-06-07T10:06:48Z</time>
    <extensions>
     <gpxdata:distance>11366.50</gpxdata:distance>
     <gpxdata:speed>2.808</gpxdata:speed>
    </extensions>
   </trkpt>
   <trkpt lat="46.8991893" lon="5.0309977">
    <ele>183</ele>
    <time>2026-06-07T10:06:49Z</time>
    <extensions>
     <gpxdata:distance>11369.00</gpxdata:distance>
     <gpxdata:speed>2.706</gpxdata:speed>
    </extensions>
   </trkpt>
   <trkpt lat="46.8991841" lon="5.0310244">
    <ele>183</ele>
    <time>2026-06-07T10:06:50Z</time>
    <extensions>
     <gpxdata:distance>11370.50</gpxdata:distance>
     <gpxdata:speed>2.525</gpxdata:speed>
    </extensions>
   </trkpt>
   <trkpt lat="46.8991822" lon="5.0310505">
    <ele>183</ele>
    <time>2026-06-07T10:06:51Z</time>
    <extensions>
     <gpxdata:distance>11372.00</gpxdata:distance>
     <gpxdata:speed>2.072</gpxdata:speed>
    </extensions>
   </trkpt>
   <trkpt lat="46.8991817" lon="5.0310764">
    <ele>183</ele>
    <time>2026-06-07T10:06:52Z</time>
    <extensions>
     <gpxdata:distance>11374.50</gpxdata:distance>
     <gpxdata:speed>2.017</gpxdata:speed>
    </extensions>
   </trkpt>
   <trkpt lat="46.8991807" lon="5.0311042">
    <ele>183</ele>
    <time>2026-06-07T10:06:53Z</time>
    <extensions>
     <gpxdata:distance>11377.00</gpxdata:distance>
     <gpxdata:speed>2.222</gpxdata:speed>
    </extensions>
   </trkpt>
   <trkpt lat="46.8991782" lon="5.0311347">
    <ele>183</ele>
    <time>2026-06-07T10:06:54Z</time>
    <extensions>
     <gpxdata:distance>11379.50</gpxdata:distance>
     <gpxdata:speed>2.478</gpxdata:speed>
    </extensions>
   </trkpt>
   <trkpt lat="46.8991738" lon="5.0311679">
    <ele>183</ele>
    <time>2026-06-07T10:06:55Z</time>
    <extensions>
     <gpxdata:distance>11382.00</gpxdata:distance>
     <gpxdata:speed>2.689</gpxdata:speed>
    </extensions>
   </trkpt>
   <trkpt lat="46.8991678" lon="5.0312036">
    <ele>183</ele>
    <time>2026-06-07T10:06:56Z</time>
    <extensions>
     <gpxdata:distance>11385.50</gpxdata:distance>
     <gpxdata:speed>2.822</gpxdata:speed>
    </extensions>
   </trkpt>
   <trkpt lat="46.8991600" lon="5.0312405">
    <ele>183</ele>
    <time>2026-06-07T10:06:57Z</time>
    <extensions>
     <gpxdata:distance>11389.00</gpxdata:distance>
     <gpxdata:speed>2.928</gpxdata:speed>
    </extensions>
   </trkpt>
   <trkpt lat="46.8991491" lon="5.0312767">
    <ele>183</ele>
    <time>2026-06-07T10:06:58Z</time>
    <extensions>
     <gpxdata:distance>11392.00</gpxdata:distance>
     <gpxdata:speed>3.019</gpxdata:speed>
    </extensions>
   </trkpt>
   <trkpt lat="46.8991249" lon="5.0313303">
    <ele>183</ele>
    <time>2026-06-07T10:06:59Z</time>
    <extensions>
     <gpxdata:distance>11395.00</gpxdata:distance>
     <gpxdata:speed>3.078</gpxdata:speed>
    </extensions>
   </trkpt>
   <trkpt lat="46.8991018" lon="5.0313570">
    <ele>183</ele>
    <time>2026-06-07T10:07:00Z</time>
    <extensions>
     <gpxdata:distance>11397.50</gpxdata:distance>
     <gpxdata:speed>3.117</gpxdata:speed>
    </extensions>
   </trkpt>
   <trkpt lat="46.8990774" lon="5.0313674">
    <ele>183</ele>
    <time>2026-06-07T10:07:01Z</time>
    <extensions>
     <gpxdata:distance>11400.00</gpxdata:distance>
     <gpxdata:speed>3.028</gpxdata:speed>
    </extensions>
   </trkpt>
   <trkpt lat="46.8990530" lon="5.0313656">
    <ele>183</ele>
    <time>2026-06-07T10:07:02Z</time>
    <extensions>
     <gpxdata:distance>11402.50</gpxdata:distance>
     <gpxdata:speed>2.908</gpxdata:speed>
    </extensions>
   </trkpt>
   <trkpt lat="46.8990402" lon="5.0313605">
    <ele>183</ele>
    <time>2026-06-07T10:07:03Z</time>
    <extensions>
     <gpxdata:distance>11405.00</gpxdata:distance>
     <gpxdata:speed>2.717</gpxdata:speed>
    </extensions>
   </trkpt>
   <trkpt lat="46.8990234" lon="5.0313516">
    <ele>183</ele>
    <time>2026-06-07T10:07:04Z</time>
    <extensions>
     <gpxdata:distance>11407.50</gpxdata:distance>
     <gpxdata:speed>2.583</gpxdata:speed>
    </extensions>
   </trkpt>
   <trkpt lat="46.8990044" lon="5.0313415">
    <ele>183</ele>
    <time>2026-06-07T10:07:05Z</time>
    <extensions>
     <gpxdata:distance>11410.00</gpxdata:distance>
     <gpxdata:speed>2.539</gpxdata:speed>
    </extensions>
   </trkpt>
   <trkpt lat="46.8989833" lon="5.0313311">
    <ele>183</ele>
    <time>2026-06-07T10:07:06Z</time>
    <extensions>
     <gpxdata:distance>11413.00</gpxdata:distance>
     <gpxdata:speed>2.583</gpxdata:speed>
    </extensions>
   </trkpt>
   <trkpt lat="46.8989603" lon="5.0313203">
    <ele>183</ele>
    <time>2026-06-07T10:07:07Z</time>
    <extensions>
     <gpxdata:distance>11416.00</gpxdata:distance>
     <gpxdata:speed>2.692</gpxdata:speed>
    </extensions>
   </trkpt>
   <trkpt lat="46.8989351" lon="5.0313090">
    <ele>183</ele>
    <time>2026-06-07T10:07:08Z</time>
    <extensions>
     <gpxdata:distance>11419.50</gpxdata:distance>
     <gpxdata:speed>2.861</gpxdata:speed>
    </extensions>
   </trkpt>
   <trkpt lat="46.8989079" lon="5.0312975">
    <ele>183</ele>
    <time>2026-06-07T10:07:09Z</time>
    <extensions>
     <gpxdata:distance>11423.00</gpxdata:distance>
     <gpxdata:speed>3.039</gpxdata:speed>
    </extensions>
   </trkpt>
   <trkpt lat="46.8988621" lon="5.0312785">
    <ele>183</ele>
    <time>2026-06-07T10:07:10Z</time>
    <extensions>
     <gpxdata:distance>11426.00</gpxdata:distance>
     <gpxdata:speed>3.153</gpxdata:speed>
    </extensions>
   </trkpt>
   <trkpt lat="46.8988311" lon="5.0312660">
    <ele>183</ele>
    <time>2026-06-07T10:07:11Z</time>
    <extensions>
     <gpxdata:distance>11429.00</gpxdata:distance>
     <gpxdata:speed>3.142</gpxdata:speed>
    </extensions>
   </trkpt>
   <trkpt lat="46.8988045" lon="5.0312555">
    <ele>183</ele>
    <time>2026-06-07T10:07:12Z</time>
    <extensions>
     <gpxdata:distance>11431.50</gpxdata:distance>
     <gpxdata:speed>3.056</gpxdata:speed>
    </extensions>
   </trkpt>
   <trkpt lat="46.8987800" lon="5.0312463">
    <ele>183</ele>
    <time>2026-06-07T10:07:13Z</time>
    <extensions>
     <gpxdata:distance>11434.00</gpxdata:distance>
     <gpxdata:speed>2.944</gpxdata:speed>
    </extensions>
   </trkpt>
   <trkpt lat="46.8987669" lon="5.0312416">
    <ele>183</ele>
    <time>2026-06-07T10:07:14Z</time>
    <extensions>
     <gpxdata:distance>11436.50</gpxdata:distance>
     <gpxdata:speed>2.819</gpxdata:speed>
    </extensions>
   </trkpt>
   <trkpt lat="46.8987498" lon="5.0312352">
    <ele>183</ele>
    <time>2026-06-07T10:07:15Z</time>
    <extensions>
     <gpxdata:distance>11439.00</gpxdata:distance>
     <gpxdata:speed>2.669</gpxdata:speed>
    </extensions>
   </trkpt>
   <trkpt lat="46.8987312" lon="5.0312280">
    <ele>183</ele>
    <time>2026-06-07T10:07:16Z</time>
    <extensions>
     <gpxdata:distance>11441.00</gpxdata:distance>
     <gpxdata:speed>2.528</gpxdata:speed>
    </extensions>
   </trkpt>
   <trkpt lat="46.8987124" lon="5.0312211">
    <ele>183</ele>
    <time>2026-06-07T10:07:17Z</time>
    <extensions>
     <gpxdata:distance>11443.00</gpxdata:distance>
     <gpxdata:speed>2.389</gpxdata:speed>
    </extensions>
   </trkpt>
   <trkpt lat="46.8986941" lon="5.0312141">
    <ele>183</ele>
    <time>2026-06-07T10:07:18Z</time>
    <extensions>
     <gpxdata:distance>11445.00</gpxdata:distance>
     <gpxdata:speed>2.264</gpxdata:speed>
    </extensions>
   </trkpt>
   <trkpt lat="46.8986770" lon="5.0312078">
    <ele>183</ele>
    <time>2026-06-07T10:07:19Z</time>
    <extensions>
     <gpxdata:distance>11447.00</gpxdata:distance>
     <gpxdata:speed>2.097</gpxdata:speed>
    </extensions>
   </trkpt>
   <trkpt lat="46.8986953" lon="5.0312153">
    <ele>184</ele>
    <time>2026-06-07T10:07:34Z</time>
    <extensions>
     <gpxdata:distance>11458.00</gpxdata:distance>
     <gpxdata:speed>1.697</gpxdata:speed>
    </extensions>
   </trkpt>
   <trkpt lat="46.8987091" lon="5.0312210">
    <ele>184</ele>
    <time>2026-06-07T10:07:35Z</time>
    <extensions>
     <gpxdata:distance>11458.00</gpxdata:distance>
     <gpxdata:speed>1.883</gpxdata:speed>
    </extensions>
   </trkpt>
   <trkpt lat="46.8987245" lon="5.0312266">
    <ele>184</ele>
    <time>2026-06-07T10:07:36Z</time>
    <extensions>
     <gpxdata:distance>11460.00</gpxdata:distance>
     <gpxdata:speed>2.011</gpxdata:speed>
    </extensions>
   </trkpt>
   <trkpt lat="46.8987474" lon="5.0312346">
    <ele>184</ele>
    <time>2026-06-07T10:07:37Z</time>
    <extensions>
     <gpxdata:distance>11462.00</gpxdata:distance>
     <gpxdata:speed>2.136</gpxdata:speed>
    </extensions>
   </trkpt>
   <trkpt lat="46.8987676" lon="5.0312417">
    <ele>183</ele>
    <time>2026-06-07T10:07:38Z</time>
    <extensions>
     <gpxdata:distance>11464.50</gpxdata:distance>
     <gpxdata:speed>2.189</gpxdata:speed>
    </extensions>
   </trkpt>
   <trkpt lat="46.8987871" lon="5.0312486">
    <ele>183</ele>
    <time>2026-06-07T10:07:39Z</time>
    <extensions>
     <gpxdata:distance>11467.00</gpxdata:distance>
     <gpxdata:speed>2.228</gpxdata:speed>
    </extensions>
   </trkpt>
   <trkpt lat="46.8988064" lon="5.0312559">
    <ele>183</ele>
    <time>2026-06-07T10:07:40Z</time>
    <extensions>
     <gpxdata:distance>11469.00</gpxdata:distance>
     <gpxdata:speed>2.222</gpxdata:speed>
    </extensions>
   </trkpt>
   <trkpt lat="46.8988250" lon="5.0312633">
    <ele>183</ele>
    <time>2026-06-07T10:07:41Z</time>
    <extensions>
     <gpxdata:distance>11471.00</gpxdata:distance>
     <gpxdata:speed>2.186</gpxdata:speed>
    </extensions>
   </trkpt>
   <trkpt lat="46.8988428" lon="5.0312702">
    <ele>183</ele>
    <time>2026-06-07T10:07:42Z</time>
    <extensions>
     <gpxdata:distance>11473.00</gpxdata:distance>
     <gpxdata:speed>2.008</gpxdata:speed>
    </extensions>
   </trkpt>
   <trkpt lat="46.8988598" lon="5.0312771">
    <ele>183</ele>
    <time>2026-06-07T10:07:43Z</time>
    <extensions>
     <gpxdata:distance>11475.00</gpxdata:distance>
     <gpxdata:speed>1.967</gpxdata:speed>
    </extensions>
   </trkpt>
   <trkpt lat="46.8988715" lon="5.0312817">
    <ele>183</ele>
    <time>2026-06-07T10:07:44Z</time>
    <extensions>
     <gpxdata:distance>11476.50</gpxdata:distance>
     <gpxdata:speed>1.889</gpxdata:speed>
    </extensions>
   </trkpt>
   <trkpt lat="46.8988845" lon="5.0312868">
    <ele>183</ele>
    <time>2026-06-07T10:07:45Z</time>
    <extensions>
     <gpxdata:distance>11478.00</gpxdata:distance>
     <gpxdata:speed>1.789</gpxdata:speed>
    </extensions>
   </trkpt>
   <trkpt lat="46.8988977" lon="5.0312917">
    <ele>183</ele>
    <time>2026-06-07T10:07:46Z</time>
    <extensions>
     <gpxdata:distance>11479.50</gpxdata:distance>
     <gpxdata:speed>1.683</gpxdata:speed>
    </extensions>
   </trkpt>
   <trkpt lat="46.8989110" lon="5.0312961">
    <ele>183</ele>
    <time>2026-06-07T10:07:47Z</time>
    <extensions>
     <gpxdata:distance>11481.00</gpxdata:distance>
     <gpxdata:speed>1.592</gpxdata:speed>
    </extensions>
   </trkpt>
   <trkpt lat="46.8989242" lon="5.0313002">
    <ele>183</ele>
    <time>2026-06-07T10:07:48Z</time>
    <extensions>
     <gpxdata:distance>11482.50</gpxdata:distance>
     <gpxdata:speed>1.536</gpxdata:speed>
    </extensions>
   </trkpt>
   <trkpt lat="46.8989378" lon="5.0313049">
    <ele>183</ele>
    <time>2026-06-07T10:07:49Z</time>
    <extensions>
     <gpxdata:distance>11484.00</gpxdata:distance>
     <gpxdata:speed>1.553</gpxdata:speed>
    </extensions>
   </trkpt>
   <trkpt lat="46.8989518" lon="5.0313106">
    <ele>183</ele>
    <time>2026-06-07T10:07:50Z</time>
    <extensions>
     <gpxdata:distance>11486.00</gpxdata:distance>
     <gpxdata:speed>1.606</gpxdata:speed>
    </extensions>
   </trkpt>
   <trkpt lat="46.8989660" lon="5.0313171">
    <ele>183</ele>
    <time>2026-06-07T10:07:51Z</time>
    <extensions>
     <gpxdata:distance>11488.00</gpxdata:distance>
     <gpxdata:speed>1.631</gpxdata:speed>
    </extensions>
   </trkpt>
   <trkpt lat="46.8989801" lon="5.0313239">
    <ele>183</ele>
    <time>2026-06-07T10:07:52Z</time>
    <extensions>
     <gpxdata:distance>11489.50</gpxdata:distance>
     <gpxdata:speed>1.636</gpxdata:speed>
    </extensions>
   </trkpt>
   <trkpt lat="46.8989944" lon="5.0313309">
    <ele>183</ele>
    <time>2026-06-07T10:07:53Z</time>
    <extensions>
     <gpxdata:distance>11491.00</gpxdata:distance>
     <gpxdata:speed>1.658</gpxdata:speed>
    </extensions>
   </trkpt>
   <trkpt lat="46.8990097" lon="5.0313377">
    <ele>183</ele>
    <time>2026-06-07T10:07:54Z</time>
    <extensions>
     <gpxdata:distance>11493.50</gpxdata:distance>
     <gpxdata:speed>1.767</gpxdata:speed>
    </extensions>
   </trkpt>
   <trkpt lat="46.8990270" lon="5.0313437">
    <ele>183</ele>
    <time>2026-06-07T10:07:55Z</time>
    <extensions>
     <gpxdata:distance>11496.00</gpxdata:distance>
     <gpxdata:speed>2.172</gpxdata:speed>
    </extensions>
   </trkpt>
   <trkpt lat="46.8990525" lon="5.0313502">
    <ele>183</ele>
    <time>2026-06-07T10:07:56Z</time>
    <extensions>
     <gpxdata:distance>11498.00</gpxdata:distance>
     <gpxdata:speed>2.275</gpxdata:speed>
    </extensions>
   </trkpt>
   <trkpt lat="46.8990747" lon="5.0313533">
    <ele>183</ele>
    <time>2026-06-07T10:07:57Z</time>
    <extensions>
     <gpxdata:distance>11500.00</gpxdata:distance>
     <gpxdata:speed>2.292</gpxdata:speed>
    </extensions>
   </trkpt>
   <trkpt lat="46.8990947" lon="5.0313554">
    <ele>183</ele>
    <time>2026-06-07T10:07:58Z</time>
    <extensions>
     <gpxdata:distance>11501.50</gpxdata:distance>
     <gpxdata:speed>2.217</gpxdata:speed>
    </extensions>
   </trkpt>
   <trkpt lat="46.8991114" lon="5.0313608">
    <ele>183</ele>
    <time>2026-06-07T10:07:59Z</time>
    <extensions>
     <gpxdata:distance>11503.00</gpxdata:distance>
     <gpxdata:speed>2.061</gpxdata:speed>
    </extensions>
   </trkpt>
   <trkpt lat="46.8991229" lon="5.0313708">
    <ele>183</ele>
    <time>2026-06-07T10:08:00Z</time>
    <extensions>
     <gpxdata:distance>11504.00</gpxdata:distance>
     <gpxdata:speed>1.892</gpxdata:speed>
    </extensions>
   </trkpt>
   <trkpt lat="46.8991271" lon="5.0313796">
    <ele>183</ele>
    <time>2026-06-07T10:08:01Z</time>
    <extensions>
     <gpxdata:distance>11505.00</gpxdata:distance>
     <gpxdata:speed>1.689</gpxdata:speed>
    </extensions>
   </trkpt>
   <trkpt lat="46.8991301" lon="5.0313298">
    <ele>184</ele>
    <time>2026-06-07T10:11:29Z</time>
    <extensions>
     <gpxdata:distance>11518.00</gpxdata:distance>
     <gpxdata:speed>2.556</gpxdata:speed>
    </extensions>
   </trkpt>
   <trkpt lat="46.8991398" lon="5.0312972">
    <ele>183</ele>
    <time>2026-06-07T10:11:30Z</time>
    <extensions>
     <gpxdata:distance>11518.00</gpxdata:distance>
     <gpxdata:speed>2.903</gpxdata:speed>
    </extensions>
   </trkpt>
   <trkpt lat="46.8991501" lon="5.0312616">
    <ele>183</ele>
    <time>2026-06-07T10:11:31Z</time>
    <extensions>
     <gpxdata:distance>11521.50</gpxdata:distance>
     <gpxdata:speed>3.197</gpxdata:speed>
    </extensions>
   </trkpt>
   <trkpt lat="46.8991660" lon="5.0311986">
    <ele>183</ele>
    <time>2026-06-07T10:11:32Z</time>
    <extensions>
     <gpxdata:distance>11525.00</gpxdata:distance>
     <gpxdata:speed>3.372</gpxdata:speed>
    </extensions>
   </trkpt>
   <trkpt lat="46.8991746" lon="5.0311509">
    <ele>183</ele>
    <time>2026-06-07T10:11:33Z</time>
    <extensions>
     <gpxdata:distance>11528.50</gpxdata:distance>
     <gpxdata:speed>3.472</gpxdata:speed>
    </extensions>
   </trkpt>
   <trkpt lat="46.8991798" lon="5.0311056">
    <ele>183</ele>
    <time>2026-06-07T10:11:34Z</time>
    <extensions>
     <gpxdata:distance>11532.00</gpxdata:distance>
     <gpxdata:speed>3.453</gpxdata:speed>
    </extensions>
   </trkpt>
   <trkpt lat="46.8991838" lon="5.0310613">
    <ele>183</ele>
    <time>2026-06-07T10:11:35Z</time>
    <extensions>
     <gpxdata:distance>11535.50</gpxdata:distance>
     <gpxdata:speed>3.386</gpxdata:speed>
    </extensions>
   </trkpt>
   <trkpt lat="46.8991901" lon="5.0310189">
    <ele>183</ele>
    <time>2026-06-07T10:11:36Z</time>
    <extensions>
     <gpxdata:distance>11539.00</gpxdata:distance>
     <gpxdata:speed>3.333</gpxdata:speed>
    </extensions>
   </trkpt>
   <trkpt lat="46.8992001" lon="5.0309808">
    <ele>183</ele>
    <time>2026-06-07T10:11:37Z</time>
    <extensions>
     <gpxdata:distance>11541.50</gpxdata:distance>
     <gpxdata:speed>3.258</gpxdata:speed>
    </extensions>
   </trkpt>
   <trkpt lat="46.8992120" lon="5.0309484">
    <ele>183</ele>
    <time>2026-06-07T10:11:38Z</time>
    <extensions>
     <gpxdata:distance>11544.00</gpxdata:distance>
     <gpxdata:speed>3.044</gpxdata:speed>
    </extensions>
   </trkpt>
   <trkpt lat="46.8992233" lon="5.0309178">
    <ele>183</ele>
    <time>2026-06-07T10:11:39Z</time>
    <extensions>
     <gpxdata:distance>11547.00</gpxdata:distance>
     <gpxdata:speed>2.883</gpxdata:speed>
    </extensions>
   </trkpt>
   <trkpt lat="46.8992294" lon="5.0308994">
    <ele>183</ele>
    <time>2026-06-07T10:11:40Z</time>
    <extensions>
     <gpxdata:distance>11550.00</gpxdata:distance>
     <gpxdata:speed>2.861</gpxdata:speed>
    </extensions>
   </trkpt>
   <trkpt lat="46.8992379" lon="5.0308715">
    <ele>183</ele>
    <time>2026-06-07T10:11:41Z</time>
    <extensions>
     <gpxdata:distance>11553.50</gpxdata:distance>
     <gpxdata:speed>2.944</gpxdata:speed>
    </extensions>
   </trkpt>
   <trkpt lat="46.8992472" lon="5.0308366">
    <ele>183</ele>
    <time>2026-06-07T10:11:42Z</time>
    <extensions>
     <gpxdata:distance>11557.00</gpxdata:distance>
     <gpxdata:speed>3.078</gpxdata:speed>
    </extensions>
   </trkpt>
   <trkpt lat="46.8992623" lon="5.0307714">
    <ele>183</ele>
    <time>2026-06-07T10:11:43Z</time>
    <extensions>
     <gpxdata:distance>11560.50</gpxdata:distance>
     <gpxdata:speed>3.233</gpxdata:speed>
    </extensions>
   </trkpt>
   <trkpt lat="46.8992732" lon="5.0307211">
    <ele>183</ele>
    <time>2026-06-07T10:11:44Z</time>
    <extensions>
     <gpxdata:distance>11564.00</gpxdata:distance>
     <gpxdata:speed>3.417</gpxdata:speed>
    </extensions>
   </trkpt>
   <trkpt lat="46.8992840" lon="5.0306717">
    <ele>183</ele>
    <time>2026-06-07T10:11:45Z</time>
    <extensions>
     <gpxdata:distance>11568.00</gpxdata:distance>
     <gpxdata:speed>3.603</gpxdata:speed>
    </extensions>
   </trkpt>
   <trkpt lat="46.8992953" lon="5.0306211">
    <ele>183</ele>
    <time>2026-06-07T10:11:46Z</time>
    <extensions>
     <gpxdata:distance>11572.00</gpxdata:distance>
     <gpxdata:speed>3.786</gpxdata:speed>
    </extensions>
   </trkpt>
   <trkpt lat="46.8993068" lon="5.0305691">
    <ele>183</ele>
    <time>2026-06-07T10:11:47Z</time>
    <extensions>
     <gpxdata:distance>11576.50</gpxdata:distance>
     <gpxdata:speed>4.094</gpxdata:speed>
    </extensions>
   </trkpt>
   <trkpt lat="46.8993186" lon="5.0305161">
    <ele>183</ele>
    <time>2026-06-07T10:11:48Z</time>
    <extensions>
     <gpxdata:distance>11581.00</gpxdata:distance>
     <gpxdata:speed>4.217</gpxdata:speed>
    </extensions>
   </trkpt>
   <trkpt lat="46.8993304" lon="5.0304622">
    <ele>183</ele>
    <time>2026-06-07T10:11:49Z</time>
    <extensions>
     <gpxdata:distance>11585.00</gpxdata:distance>
     <gpxdata:speed>4.289</gpxdata:speed>
    </extensions>
   </trkpt>
   <trkpt lat="46.8993426" lon="5.0304084">
    <ele>183</ele>
    <time>2026-06-07T10:11:50Z</time>
    <extensions>
     <gpxdata:distance>11589.00</gpxdata:distance>
     <gpxdata:speed>4.281</gpxdata:speed>
    </extensions>
   </trkpt>
   <trkpt lat="46.8993548" lon="5.0303555">
    <ele>183</ele>
    <time>2026-06-07T10:11:51Z</time>
    <extensions>
     <gpxdata:distance>11593.50</gpxdata:distance>
     <gpxdata:speed>4.225</gpxdata:speed>
    </extensions>
   </trkpt>
   <trkpt lat="46.8993665" lon="5.0303035">
    <ele>183</ele>
    <time>2026-06-07T10:11:52Z</time>
    <extensions>
     <gpxdata:distance>11598.00</gpxdata:distance>
     <gpxdata:speed>4.192</gpxdata:speed>
    </extensions>
   </trkpt>
   <trkpt lat="46.8993777" lon="5.0302524">
    <ele>183</ele>
    <time>2026-06-07T10:11:53Z</time>
    <extensions>
     <gpxdata:distance>11602.00</gpxdata:distance>
     <gpxdata:speed>4.147</gpxdata:speed>
    </extensions>
   </trkpt>
   <trkpt lat="46.8993894" lon="5.0302014">
    <ele>183</ele>
    <time>2026-06-07T10:11:54Z</time>
    <extensions>
     <gpxdata:distance>11606.00</gpxdata:distance>
     <gpxdata:speed>4.136</gpxdata:speed>
    </extensions>
   </trkpt>
   <trkpt lat="46.8994020" lon="5.0301491">
    <ele>183</ele>
    <time>2026-06-07T10:11:55Z</time>
    <extensions>
     <gpxdata:distance>11610.50</gpxdata:distance>
     <gpxdata:speed>4.197</gpxdata:speed>
    </extensions>
   </trkpt>
   <trkpt lat="46.8994159" lon="5.0300931">
    <ele>183</ele>
    <time>2026-06-07T10:11:56Z</time>
    <extensions>
     <gpxdata:distance>11615.00</gpxdata:distance>
     <gpxdata:speed>4.369</gpxdata:speed>
    </extensions>
   </trkpt>
   <trkpt lat="46.8994311" lon="5.0300317">
    <ele>183</ele>
    <time>2026-06-07T10:11:57Z</time>
    <extensions>
     <gpxdata:distance>11621.00</gpxdata:distance>
     <gpxdata:speed>4.978</gpxdata:speed>
    </extensions>
   </trkpt>
   <trkpt lat="46.8994479" lon="5.0299645">
    <ele>183</ele>
    <time>2026-06-07T10:11:58Z</time>
    <extensions>
     <gpxdata:distance>11627.00</gpxdata:distance>
     <gpxdata:speed>5.453</gpxdata:speed>
    </extensions>
   </trkpt>
   <trkpt lat="46.8994664" lon="5.0298909">
    <ele>183</ele>
    <time>2026-06-07T10:11:59Z</time>
    <extensions>
     <gpxdata:distance>11633.50</gpxdata:distance>
     <gpxdata:speed>5.967</gpxdata:speed>
    </extensions>
   </trkpt>
   <trkpt lat="46.8994865" lon="5.0298103">
    <ele>182</ele>
    <time>2026-06-07T10:12:00Z</time>
    <extensions>
     <gpxdata:distance>11640.00</gpxdata:distance>
     <gpxdata:speed>6.497</gpxdata:speed>
    </extensions>
   </trkpt>
   <trkpt lat="46.8995156" lon="5.0296943">
    <ele>182</ele>
    <time>2026-06-07T10:12:01Z</time>
    <extensions>
     <gpxdata:distance>11648.00</gpxdata:distance>
     <gpxdata:speed>7.053</gpxdata:speed>
    </extensions>
   </trkpt>
   <trkpt lat="46.8995400" lon="5.0295978">
    <ele>182</ele>
    <time>2026-06-07T10:12:02Z</time>
    <extensions>
     <gpxdata:distance>11656.00</gpxdata:distance>
     <gpxdata:speed>7.381</gpxdata:speed>
    </extensions>
   </trkpt>
   <trkpt lat="46.8995626" lon="5.0295046">
    <ele>181</ele>
    <time>2026-06-07T10:12:03Z</time>
    <extensions>
     <gpxdata:distance>11662.50</gpxdata:distance>
     <gpxdata:speed>7.322</gpxdata:speed>
    </extensions>
   </trkpt>
   <trkpt lat="46.8995830" lon="5.0294162">
    <ele>181</ele>
    <time>2026-06-07T10:12:04Z</time>
    <extensions>
     <gpxdata:distance>11669.00</gpxdata:distance>
     <gpxdata:speed>7.025</gpxdata:speed>
    </extensions>
   </trkpt>
   <trkpt lat="46.8996010" lon="5.0293298">
    <ele>180</ele>
    <time>2026-06-07T10:12:05Z</time>
    <extensions>
     <gpxdata:distance>11676.00</gpxdata:distance>
     <gpxdata:speed>6.900</gpxdata:speed>
    </extensions>
   </trkpt>
   <trkpt lat="46.8996183" lon="5.0292423">
    <ele>180</ele>
    <time>2026-06-07T10:12:06Z</time>
    <extensions>
     <gpxdata:distance>11683.00</gpxdata:distance>
     <gpxdata:speed>6.992</gpxdata:speed>
    </extensions>
   </trkpt>
   <trkpt lat="46.8996359" lon="5.0291523">
    <ele>179</ele>
    <time>2026-06-07T10:12:07Z</time>
    <extensions>
     <gpxdata:distance>11690.50</gpxdata:distance>
     <gpxdata:speed>7.144</gpxdata:speed>
    </extensions>
   </trkpt>
   <trkpt lat="46.8996553" lon="5.0290620">
    <ele>179</ele>
    <time>2026-06-07T10:12:08Z</time>
    <extensions>
     <gpxdata:distance>11698.00</gpxdata:distance>
     <gpxdata:speed>7.203</gpxdata:speed>
    </extensions>
   </trkpt>
   <trkpt lat="46.8996789" lon="5.0289765">
    <ele>178</ele>
    <time>2026-06-07T10:12:09Z</time>
    <extensions>
     <gpxdata:distance>11704.50</gpxdata:distance>
     <gpxdata:speed>7.108</gpxdata:speed>
    </extensions>
   </trkpt>
   <trkpt lat="46.8997091" lon="5.0289016">
    <ele>178</ele>
    <time>2026-06-07T10:12:10Z</time>
    <extensions>
     <gpxdata:distance>11711.00</gpxdata:distance>
     <gpxdata:speed>6.931</gpxdata:speed>
    </extensions>
   </trkpt>
   <trkpt lat="46.8997477" lon="5.0288417">
    <ele>178</ele>
    <time>2026-06-07T10:12:11Z</time>
    <extensions>
     <gpxdata:distance>11717.00</gpxdata:distance>
     <gpxdata:speed>6.481</gpxdata:speed>
    </extensions>
   </trkpt>
   <trkpt lat="46.8997933" lon="5.0287958">
    <ele>178</ele>
    <time>2026-06-07T10:12:12Z</time>
    <extensions>
     <gpxdata:distance>11723.00</gpxdata:distance>
     <gpxdata:speed>6.322</gpxdata:speed>
    </extensions>
   </trkpt>
   <trkpt lat="46.8998435" lon="5.0287583">
    <ele>178</ele>
    <time>2026-06-07T10:12:13Z</time>
    <extensions>
     <gpxdata:distance>11729.50</gpxdata:distance>
     <gpxdata:speed>6.306</gpxdata:speed>
    </extensions>
   </trkpt>
   <trkpt lat="46.8998963" lon="5.0287243">
    <ele>177</ele>
    <time>2026-06-07T10:12:14Z</time>
    <extensions>
     <gpxdata:distance>11736.00</gpxdata:distance>
     <gpxdata:speed>6.342</gpxdata:speed>
    </extensions>
   </trkpt>
   <trkpt lat="46.8999499" lon="5.0286909">
    <ele>177</ele>
    <time>2026-06-07T10:12:15Z</time>
    <extensions>
     <gpxdata:distance>11742.50</gpxdata:distance>
     <gpxdata:speed>6.381</gpxdata:speed>
    </extensions>
   </trkpt>
   <trkpt lat="46.9000027" lon="5.0286564">
    <ele>177</ele>
    <time>2026-06-07T10:12:16Z</time>
    <extensions>
     <gpxdata:distance>11749.00</gpxdata:distance>
     <gpxdata:speed>6.375</gpxdata:speed>
    </extensions>
   </trkpt>
   <trkpt lat="46.9000538" lon="5.0286206">
    <ele>177</ele>
    <time>2026-06-07T10:12:17Z</time>
    <extensions>
     <gpxdata:distance>11755.00</gpxdata:distance>
     <gpxdata:speed>6.292</gpxdata:speed>
    </extensions>
   </trkpt>
   <trkpt lat="46.9001032" lon="5.0285834">
    <ele>177</ele>
    <time>2026-06-07T10:12:18Z</time>
    <extensions>
     <gpxdata:distance>11761.00</gpxdata:distance>
     <gpxdata:speed>6.192</gpxdata:speed>
    </extensions>
   </trkpt>
   <trkpt lat="46.9001501" lon="5.0285444">
    <ele>177</ele>
    <time>2026-06-07T10:12:19Z</time>
    <extensions>
     <gpxdata:distance>11767.00</gpxdata:distance>
     <gpxdata:speed>6.083</gpxdata:speed>
    </extensions>
   </trkpt>
   <trkpt lat="46.9001955" lon="5.0285041">
    <ele>177</ele>
    <time>2026-06-07T10:12:20Z</time>
    <extensions>
     <gpxdata:distance>11773.00</gpxdata:distance>
     <gpxdata:speed>6.011</gpxdata:speed>
    </extensions>
   </trkpt>
   <trkpt lat="46.9002406" lon="5.0284628">
    <ele>177</ele>
    <time>2026-06-07T10:12:21Z</time>
    <extensions>
     <gpxdata:distance>11779.00</gpxdata:distance>
     <gpxdata:speed>5.969</gpxdata:speed>
    </extensions>
   </trkpt>
   <trkpt lat="46.9002733" lon="5.0284325">
    <ele>177</ele>
    <time>2026-06-07T10:12:22Z</time>
    <extensions>
     <gpxdata:distance>11785.00</gpxdata:distance>
     <gpxdata:speed>5.983</gpxdata:speed>
    </extensions>
   </trkpt>
   <trkpt lat="46.9003152" lon="5.0283932">
    <ele>177</ele>
    <time>2026-06-07T10:12:23Z</time>
    <extensions>
     <gpxdata:distance>11791.00</gpxdata:distance>
     <gpxdata:speed>6.000</gpxdata:speed>
    </extensions>
   </trkpt>
   <trkpt lat="46.9003749" lon="5.0283369">
    <ele>177</ele>
    <time>2026-06-07T10:12:24Z</time>
    <extensions>
     <gpxdata:distance>11797.00</gpxdata:distance>
     <gpxdata:speed>6.011</gpxdata:speed>
    </extensions>
   </trkpt>
   <trkpt lat="46.9004221" lon="5.0282913">
    <ele>177</ele>
    <time>2026-06-07T10:12:25Z</time>
    <extensions>
     <gpxdata:distance>11803.00</gpxdata:distance>
     <gpxdata:speed>6.019</gpxdata:speed>
    </extensions>
   </trkpt>
   <trkpt lat="46.9004677" lon="5.0282471">
    <ele>177</ele>
    <time>2026-06-07T10:12:26Z</time>
    <extensions>
     <gpxdata:distance>11809.00</gpxdata:distance>
     <gpxdata:speed>6.025</gpxdata:speed>
    </extensions>
   </trkpt>
   <trkpt lat="46.9005136" lon="5.0282037">
    <ele>177</ele>
    <time>2026-06-07T10:12:27Z</time>
    <extensions>
     <gpxdata:distance>11815.00</gpxdata:distance>
     <gpxdata:speed>6.042</gpxdata:speed>
    </extensions>
   </trkpt>
   <trkpt lat="46.9005597" lon="5.0281605">
    <ele>177</ele>
    <time>2026-06-07T10:12:28Z</time>
    <extensions>
     <gpxdata:distance>11821.00</gpxdata:distance>
     <gpxdata:speed>6.056</gpxdata:speed>
    </extensions>
   </trkpt>
   <trkpt lat="46.9006052" lon="5.0281171">
    <ele>177</ele>
    <time>2026-06-07T10:12:29Z</time>
    <extensions>
     <gpxdata:distance>11827.00</gpxdata:distance>
     <gpxdata:speed>6.050</gpxdata:speed>
    </extensions>
   </trkpt>
   <trkpt lat="46.9006500" lon="5.0280734">
    <ele>177</ele>
    <time>2026-06-07T10:12:30Z</time>
    <extensions>
     <gpxdata:distance>11833.00</gpxdata:distance>
     <gpxdata:speed>6.031</gpxdata:speed>
    </extensions>
   </trkpt>
   <trkpt lat="46.9006940" lon="5.0280298">
    <ele>176</ele>
    <time>2026-06-07T10:12:31Z</time>
    <extensions>
     <gpxdata:distance>11839.00</gpxdata:distance>
     <gpxdata:speed>5.986</gpxdata:speed>
    </extensions>
   </trkpt>
   <trkpt lat="46.9007253" lon="5.0279992">
    <ele>176</ele>
    <time>2026-06-07T10:12:32Z</time>
    <extensions>
     <gpxdata:distance>11845.00</gpxdata:distance>
     <gpxdata:speed>5.908</gpxdata:speed>
    </extensions>
   </trkpt>
   <trkpt lat="46.9007643" lon="5.0279621">
    <ele>176</ele>
    <time>2026-06-07T10:12:33Z</time>
    <extensions>
     <gpxdata:distance>11850.50</gpxdata:distance>
     <gpxdata:speed>5.794</gpxdata:speed>
    </extensions>
   </trkpt>
   <trkpt lat="46.9008050" lon="5.0279249">
    <ele>176</ele>
    <time>2026-06-07T10:12:34Z</time>
    <extensions>
     <gpxdata:distance>11856.00</gpxdata:distance>
     <gpxdata:speed>5.650</gpxdata:speed>
    </extensions>
   </trkpt>
   <trkpt lat="46.9008448" lon="5.0278884">
    <ele>176</ele>
    <time>2026-06-07T10:12:35Z</time>
    <extensions>
     <gpxdata:distance>11861.00</gpxdata:distance>
     <gpxdata:speed>5.292</gpxdata:speed>
    </extensions>
   </trkpt>
   <trkpt lat="46.9008831" lon="5.0278512">
    <ele>176</ele>
    <time>2026-06-07T10:12:36Z</time>
    <extensions>
     <gpxdata:distance>11866.00</gpxdata:distance>
     <gpxdata:speed>5.169</gpxdata:speed>
    </extensions>
   </trkpt>
   <trkpt lat="46.9009205" lon="5.0278130">
    <ele>176</ele>
    <time>2026-06-07T10:12:37Z</time>
    <extensions>
     <gpxdata:distance>11871.00</gpxdata:distance>
     <gpxdata:speed>5.119</gpxdata:speed>
    </extensions>
   </trkpt>
   <trkpt lat="46.9009577" lon="5.0277731">
    <ele>176</ele>
    <time>2026-06-07T10:12:38Z</time>
    <extensions>
     <gpxdata:distance>11876.00</gpxdata:distance>
     <gpxdata:speed>5.175</gpxdata:speed>
    </extensions>
   </trkpt>
   <trkpt lat="46.9009944" lon="5.0277309">
    <ele>176</ele>
    <time>2026-06-07T10:12:39Z</time>
    <extensions>
     <gpxdata:distance>11881.50</gpxdata:distance>
     <gpxdata:speed>5.214</gpxdata:speed>
    </extensions>
   </trkpt>
   <trkpt lat="46.9010309" lon="5.0276868">
    <ele>176</ele>
    <time>2026-06-07T10:12:40Z</time>
    <extensions>
     <gpxdata:distance>11887.00</gpxdata:distance>
     <gpxdata:speed>5.278</gpxdata:speed>
    </extensions>
   </trkpt>
   <trkpt lat="46.9010672" lon="5.0276405">
    <ele>176</ele>
    <time>2026-06-07T10:12:41Z</time>
    <extensions>
     <gpxdata:distance>11892.50</gpxdata:distance>
     <gpxdata:speed>5.342</gpxdata:speed>
    </extensions>
   </trkpt>
   <trkpt lat="46.9011032" lon="5.0275929">
    <ele>176</ele>
    <time>2026-06-07T10:12:42Z</time>
    <extensions>
     <gpxdata:distance>11898.00</gpxdata:distance>
     <gpxdata:speed>5.364</gpxdata:speed>
    </extensions>
   </trkpt>
   <trkpt lat="46.9011391" lon="5.0275441">
    <ele>176</ele>
    <time>2026-06-07T10:12:43Z</time>
    <extensions>
     <gpxdata:distance>11903.50</gpxdata:distance>
     <gpxdata:speed>5.400</gpxdata:speed>
    </extensions>
   </trkpt>
   <trkpt lat="46.9011742" lon="5.0274939">
    <ele>176</ele>
    <time>2026-06-07T10:12:44Z</time>
    <extensions>
     <gpxdata:distance>11909.00</gpxdata:distance>
     <gpxdata:speed>5.422</gpxdata:speed>
    </extensions>
   </trkpt>
   <trkpt lat="46.9012083" lon="5.0274419">
    <ele>176</ele>
    <time>2026-06-07T10:12:45Z</time>
    <extensions>
     <gpxdata:distance>11914.50</gpxdata:distance>
     <gpxdata:speed>5.450</gpxdata:speed>
    </extensions>
   </trkpt>
   <trkpt lat="46.9012419" lon="5.0273889">
    <ele>176</ele>
    <time>2026-06-07T10:12:46Z</time>
    <extensions>
     <gpxdata:distance>11920.00</gpxdata:distance>
     <gpxdata:speed>5.475</gpxdata:speed>
    </extensions>
   </trkpt>
   <trkpt lat="46.9012752" lon="5.0273355">
    <ele>176</ele>
    <time>2026-06-07T10:12:47Z</time>
    <extensions>
     <gpxdata:distance>11925.50</gpxdata:distance>
     <gpxdata:speed>5.486</gpxdata:speed>
    </extensions>
   </trkpt>
   <trkpt lat="46.9013078" lon="5.0272809">
    <ele>176</ele>
    <time>2026-06-07T10:12:48Z</time>
    <extensions>
     <gpxdata:distance>11931.00</gpxdata:distance>
     <gpxdata:speed>5.503</gpxdata:speed>
    </extensions>
   </trkpt>
   <trkpt lat="46.9013404" lon="5.0272258">
    <ele>176</ele>
    <time>2026-06-07T10:12:49Z</time>
    <extensions>
     <gpxdata:distance>11936.50</gpxdata:distance>
     <gpxdata:speed>5.522</gpxdata:speed>
    </extensions>
   </trkpt>
   <trkpt lat="46.9013731" lon="5.0271709">
    <ele>176</ele>
    <time>2026-06-07T10:12:50Z</time>
    <extensions>
     <gpxdata:distance>11942.00</gpxdata:distance>
     <gpxdata:speed>5.533</gpxdata:speed>
    </extensions>
   </trkpt>
   <trkpt lat="46.9014060" lon="5.0271157">
    <ele>176</ele>
    <time>2026-06-07T10:12:51Z</time>
    <extensions>
     <gpxdata:distance>11947.50</gpxdata:distance>
     <gpxdata:speed>5.553</gpxdata:speed>
    </extensions>
   </trkpt>
   <trkpt lat="46.9014387" lon="5.0270595">
    <ele>176</ele>
    <time>2026-06-07T10:12:52Z</time>
    <extensions>
     <gpxdata:distance>11953.00</gpxdata:distance>
     <gpxdata:speed>5.581</gpxdata:speed>
    </extensions>
   </trkpt>
   <trkpt lat="46.9014717" lon="5.0270025">
    <ele>176</ele>
    <time>2026-06-07T10:12:53Z</time>
    <extensions>
     <gpxdata:distance>11959.00</gpxdata:distance>
     <gpxdata:speed>5.631</gpxdata:speed>
    </extensions>
   </trkpt>
   <trkpt lat="46.9015054" lon="5.0269452">
    <ele>176</ele>
    <time>2026-06-07T10:12:54Z</time>
    <extensions>
     <gpxdata:distance>11965.00</gpxdata:distance>
     <gpxdata:speed>5.683</gpxdata:speed>
    </extensions>
   </trkpt>
   <trkpt lat="46.9015398" lon="5.0268883">
    <ele>176</ele>
    <time>2026-06-07T10:12:55Z</time>
    <extensions>
     <gpxdata:distance>11970.50</gpxdata:distance>
     <gpxdata:speed>5.719</gpxdata:speed>
    </extensions>
   </trkpt>
   <trkpt lat="46.9015746" lon="5.0268317">
    <ele>176</ele>
    <time>2026-06-07T10:12:56Z</time>
    <extensions>
     <gpxdata:distance>11976.00</gpxdata:distance>
     <gpxdata:speed>5.747</gpxdata:speed>
    </extensions>
   </trkpt>
   <trkpt lat="46.9016094" lon="5.0267753">
    <ele>176</ele>
    <time>2026-06-07T10:12:57Z</time>
    <extensions>
     <gpxdata:distance>11982.00</gpxdata:distance>
     <gpxdata:speed>5.758</gpxdata:speed>
    </extensions>
   </trkpt>
   <trkpt lat="46.9016437" lon="5.0267184">
    <ele>176</ele>
    <time>2026-06-07T10:12:58Z</time>
    <extensions>
     <gpxdata:distance>11988.00</gpxdata:distance>
     <gpxdata:speed>5.761</gpxdata:speed>
    </extensions>
   </trkpt>
   <trkpt lat="46.9016776" lon="5.0266609">
    <ele>176</ele>
    <time>2026-06-07T10:12:59Z</time>
    <extensions>
     <gpxdata:distance>11993.50</gpxdata:distance>
     <gpxdata:speed>5.775</gpxdata:speed>
    </extensions>
   </trkpt>
   <trkpt lat="46.9017116" lon="5.0266035">
    <ele>176</ele>
    <time>2026-06-07T10:13:00Z</time>
    <extensions>
     <gpxdata:distance>11999.00</gpxdata:distance>
     <gpxdata:speed>5.778</gpxdata:speed>
    </extensions>
   </trkpt>
   <trkpt lat="46.9017462" lon="5.0265462">
    <ele>176</ele>
    <time>2026-06-07T10:13:01Z</time>
    <extensions>
     <gpxdata:distance>12005.00</gpxdata:distance>
     <gpxdata:speed>5.794</gpxdata:speed>
    </extensions>
   </trkpt>
   <trkpt lat="46.9017806" lon="5.0264884">
    <ele>176</ele>
    <time>2026-06-07T10:13:02Z</time>
    <extensions>
     <gpxdata:distance>12011.00</gpxdata:distance>
     <gpxdata:speed>5.814</gpxdata:speed>
    </extensions>
   </trkpt>
   <trkpt lat="46.9018148" lon="5.0264295">
    <ele>176</ele>
    <time>2026-06-07T10:13:03Z</time>
    <extensions>
     <gpxdata:distance>12017.00</gpxdata:distance>
     <gpxdata:speed>5.842</gpxdata:speed>
    </extensions>
   </trkpt>
   <trkpt lat="46.9018492" lon="5.0263705">
    <ele>176</ele>
    <time>2026-06-07T10:13:04Z</time>
    <extensions>
     <gpxdata:distance>12023.00</gpxdata:distance>
     <gpxdata:speed>5.867</gpxdata:speed>
    </extensions>
   </trkpt>
   <trkpt lat="46.9018844" lon="5.0263120">
    <ele>176</ele>
    <time>2026-06-07T10:13:05Z</time>
    <extensions>
     <gpxdata:distance>12029.00</gpxdata:distance>
     <gpxdata:speed>5.892</gpxdata:speed>
    </extensions>
   </trkpt>
   <trkpt lat="46.9019204" lon="5.0262540">
    <ele>176</ele>
    <time>2026-06-07T10:13:06Z</time>
    <extensions>
     <gpxdata:distance>12035.00</gpxdata:distance>
     <gpxdata:speed>5.919</gpxdata:speed>
    </extensions>
   </trkpt>
   <trkpt lat="46.9019565" lon="5.0261961">
    <ele>176</ele>
    <time>2026-06-07T10:13:07Z</time>
    <extensions>
     <gpxdata:distance>12041.00</gpxdata:distance>
     <gpxdata:speed>5.936</gpxdata:speed>
    </extensions>
   </trkpt>
   <trkpt lat="46.9019920" lon="5.0261379">
    <ele>176</ele>
    <time>2026-06-07T10:13:08Z</time>
    <extensions>
     <gpxdata:distance>12047.00</gpxdata:distance>
     <gpxdata:speed>5.931</gpxdata:speed>
    </extensions>
   </trkpt>
   <trkpt lat="46.9020260" lon="5.0260781">
    <ele>176</ele>
    <time>2026-06-07T10:13:09Z</time>
    <extensions>
     <gpxdata:distance>12052.50</gpxdata:distance>
     <gpxdata:speed>5.928</gpxdata:speed>
    </extensions>
   </trkpt>
   <trkpt lat="46.9020590" lon="5.0260172">
    <ele>176</ele>
    <time>2026-06-07T10:13:10Z</time>
    <extensions>
     <gpxdata:distance>12058.00</gpxdata:distance>
     <gpxdata:speed>5.922</gpxdata:speed>
    </extensions>
   </trkpt>
   <trkpt lat="46.9020908" lon="5.0259559">
    <ele>176</ele>
    <time>2026-06-07T10:13:11Z</time>
    <extensions>
     <gpxdata:distance>12064.00</gpxdata:distance>
     <gpxdata:speed>5.889</gpxdata:speed>
    </extensions>
   </trkpt>
   <trkpt lat="46.9021209" lon="5.0258937">
    <ele>176</ele>
    <time>2026-06-07T10:13:12Z</time>
    <extensions>
     <gpxdata:distance>12070.00</gpxdata:distance>
     <gpxdata:speed>5.853</gpxdata:speed>
    </extensions>
   </trkpt>
   <trkpt lat="46.9021500" lon="5.0258308">
    <ele>176</ele>
    <time>2026-06-07T10:13:13Z</time>
    <extensions>
     <gpxdata:distance>12075.50</gpxdata:distance>
     <gpxdata:speed>5.822</gpxdata:speed>
    </extensions>
   </trkpt>
   <trkpt lat="46.9021782" lon="5.0257671">
    <ele>176</ele>
    <time>2026-06-07T10:13:14Z</time>
    <extensions>
     <gpxdata:distance>12081.00</gpxdata:distance>
     <gpxdata:speed>5.808</gpxdata:speed>
    </extensions>
   </trkpt>
   <trkpt lat="46.9022061" lon="5.0257024">
    <ele>176</ele>
    <time>2026-06-07T10:13:15Z</time>
    <extensions>
     <gpxdata:distance>12087.00</gpxdata:distance>
     <gpxdata:speed>5.817</gpxdata:speed>
    </extensions>
   </trkpt>
   <trkpt lat="46.9022335" lon="5.0256369">
    <ele>176</ele>
    <time>2026-06-07T10:13:16Z</time>
    <extensions>
     <gpxdata:distance>12093.00</gpxdata:distance>
     <gpxdata:speed>5.831</gpxdata:speed>
    </extensions>
   </trkpt>
   <trkpt lat="46.9022604" lon="5.0255704">
    <ele>176</ele>
    <time>2026-06-07T10:13:17Z</time>
    <extensions>
     <gpxdata:distance>12099.00</gpxdata:distance>
     <gpxdata:speed>5.847</gpxdata:speed>
    </extensions>
   </trkpt>
   <trkpt lat="46.9022862" lon="5.0255023">
    <ele>176</ele>
    <time>2026-06-07T10:13:18Z</time>
    <extensions>
     <gpxdata:distance>12105.00</gpxdata:distance>
     <gpxdata:speed>5.883</gpxdata:speed>
    </extensions>
   </trkpt>
   <trkpt lat="46.9023112" lon="5.0254327">
    <ele>176</ele>
    <time>2026-06-07T10:13:19Z</time>
    <extensions>
     <gpxdata:distance>12111.00</gpxdata:distance>
     <gpxdata:speed>5.922</gpxdata:speed>
    </extensions>
   </trkpt>
   <trkpt lat="46.9023357" lon="5.0253625">
    <ele>176</ele>
    <time>2026-06-07T10:13:20Z</time>
    <extensions>
     <gpxdata:distance>12117.00</gpxdata:distance>
     <gpxdata:speed>5.947</gpxdata:speed>
    </extensions>
   </trkpt>
   <trkpt lat="46.9023595" lon="5.0252917">
    <ele>176</ele>
    <time>2026-06-07T10:13:21Z</time>
    <extensions>
     <gpxdata:distance>12123.00</gpxdata:distance>
     <gpxdata:speed>5.964</gpxdata:speed>
    </extensions>
   </trkpt>
   <trkpt lat="46.9023828" lon="5.0252205">
    <ele>176</ele>
    <time>2026-06-07T10:13:22Z</time>
    <extensions>
     <gpxdata:distance>12129.00</gpxdata:distance>
     <gpxdata:speed>5.978</gpxdata:speed>
    </extensions>
   </trkpt>
   <trkpt lat="46.9024056" lon="5.0251487">
    <ele>176</ele>
    <time>2026-06-07T10:13:23Z</time>
    <extensions>
     <gpxdata:distance>12135.00</gpxdata:distance>
     <gpxdata:speed>5.997</gpxdata:speed>
    </extensions>
   </trkpt>
   <trkpt lat="46.9024277" lon="5.0250773">
    <ele>176</ele>
    <time>2026-06-07T10:13:24Z</time>
    <extensions>
     <gpxdata:distance>12141.00</gpxdata:distance>
     <gpxdata:speed>5.972</gpxdata:speed>
    </extensions>
   </trkpt>
   <trkpt lat="46.9024485" lon="5.0250070">
    <ele>176</ele>
    <time>2026-06-07T10:13:25Z</time>
    <extensions>
     <gpxdata:distance>12146.50</gpxdata:distance>
     <gpxdata:speed>5.900</gpxdata:speed>
    </extensions>
   </trkpt>
   <trkpt lat="46.9024677" lon="5.0249376">
    <ele>176</ele>
    <time>2026-06-07T10:13:26Z</time>
    <extensions>
     <gpxdata:distance>12152.00</gpxdata:distance>
     <gpxdata:speed>5.808</gpxdata:speed>
    </extensions>
   </trkpt>
   <trkpt lat="46.9024861" lon="5.0248699">
    <ele>176</ele>
    <time>2026-06-07T10:13:27Z</time>
    <extensions>
     <gpxdata:distance>12157.50</gpxdata:distance>
     <gpxdata:speed>5.697</gpxdata:speed>
    </extensions>
   </trkpt>
   <trkpt lat="46.9025043" lon="5.0248040">
    <ele>176</ele>
    <time>2026-06-07T10:13:28Z</time>
    <extensions>
     <gpxdata:distance>12163.00</gpxdata:distance>
     <gpxdata:speed>5.575</gpxdata:speed>
    </extensions>
   </trkpt>
   <trkpt lat="46.9025224" lon="5.0247399">
    <ele>176</ele>
    <time>2026-06-07T10:13:29Z</time>
    <extensions>
     <gpxdata:distance>12168.00</gpxdata:distance>
     <gpxdata:speed>5.442</gpxdata:speed>
    </extensions>
   </trkpt>
   <trkpt lat="46.9025396" lon="5.0246775">
    <ele>176</ele>
    <time>2026-06-07T10:13:30Z</time>
    <extensions>
     <gpxdata:distance>12173.00</gpxdata:distance>
     <gpxdata:speed>5.142</gpxdata:speed>
    </extensions>
   </trkpt>
   <trkpt lat="46.9025560" lon="5.0246171">
    <ele>176</ele>
    <time>2026-06-07T10:13:31Z</time>
    <extensions>
     <gpxdata:distance>12177.50</gpxdata:distance>
     <gpxdata:speed>4.944</gpxdata:speed>
    </extensions>
   </trkpt>
   <trkpt lat="46.9025714" lon="5.0245577">
    <ele>176</ele>
    <time>2026-06-07T10:13:32Z</time>
    <extensions>
     <gpxdata:distance>12182.00</gpxdata:distance>
     <gpxdata:speed>4.847</gpxdata:speed>
    </extensions>
   </trkpt>
   <trkpt lat="46.9025859" lon="5.0244992">
    <ele>176</ele>
    <time>2026-06-07T10:13:33Z</time>
    <extensions>
     <gpxdata:distance>12187.00</gpxdata:distance>
     <gpxdata:speed>4.753</gpxdata:speed>
    </extensions>
   </trkpt>
   <trkpt lat="46.9025995" lon="5.0244424">
    <ele>176</ele>
    <time>2026-06-07T10:13:34Z</time>
    <extensions>
     <gpxdata:distance>12192.00</gpxdata:distance>
     <gpxdata:speed>4.569</gpxdata:speed>
    </extensions>
   </trkpt>
   <trkpt lat="46.9026121" lon="5.0243902">
    <ele>177</ele>
    <time>2026-06-07T10:13:35Z</time>
    <extensions>
     <gpxdata:distance>12195.00</gpxdata:distance>
     <gpxdata:speed>4.147</gpxdata:speed>
    </extensions>
   </trkpt>
   <trkpt lat="46.9026234" lon="5.0243460">
    <ele>177</ele>
    <time>2026-06-07T10:13:36Z</time>
    <extensions>
     <gpxdata:distance>12198.00</gpxdata:distance>
     <gpxdata:speed>3.525</gpxdata:speed>
    </extensions>
   </trkpt>
   <trkpt lat="46.9026323" lon="5.0243119">
    <ele>177</ele>
    <time>2026-06-07T10:13:37Z</time>
    <extensions>
     <gpxdata:distance>12199.50</gpxdata:distance>
     <gpxdata:speed>2.725</gpxdata:speed>
    </extensions>
   </trkpt>
   <trkpt lat="46.9026364" lon="5.0242992">
    <ele>177</ele>
    <time>2026-06-07T10:13:38Z</time>
    <extensions>
     <gpxdata:distance>12201.00</gpxdata:distance>
     <gpxdata:speed>1.869</gpxdata:speed>
    </extensions>
   </trkpt>
   <trkpt lat="46.9026888" lon="5.0243377">
    <ele>177</ele>
    <time>2026-06-07T10:16:55Z</time>
    <extensions>
     <gpxdata:distance>12212.00</gpxdata:distance>
     <gpxdata:speed>1.892</gpxdata:speed>
    </extensions>
   </trkpt>
   <trkpt lat="46.9027011" lon="5.0243550">
    <ele>177</ele>
    <time>2026-06-07T10:16:56Z</time>
    <extensions>
     <gpxdata:distance>12212.00</gpxdata:distance>
     <gpxdata:speed>2.222</gpxdata:speed>
    </extensions>
   </trkpt>
   <trkpt lat="46.9027209" lon="5.0243814">
    <ele>177</ele>
    <time>2026-06-07T10:16:57Z</time>
    <extensions>
     <gpxdata:distance>12215.50</gpxdata:distance>
     <gpxdata:speed>2.547</gpxdata:speed>
    </extensions>
   </trkpt>
   <trkpt lat="46.9027414" lon="5.0244046">
    <ele>177</ele>
    <time>2026-06-07T10:16:58Z</time>
    <extensions>
     <gpxdata:distance>12219.00</gpxdata:distance>
     <gpxdata:speed>2.908</gpxdata:speed>
    </extensions>
   </trkpt>
   <trkpt lat="46.9027650" lon="5.0244265">
    <ele>177</ele>
    <time>2026-06-07T10:16:59Z</time>
    <extensions>
     <gpxdata:distance>12222.50</gpxdata:distance>
     <gpxdata:speed>3.336</gpxdata:speed>
    </extensions>
   </trkpt>
   <trkpt lat="46.9028086" lon="5.0244623">
    <ele>177</ele>
    <time>2026-06-07T10:17:00Z</time>
    <extensions>
     <gpxdata:distance>12226.00</gpxdata:distance>
     <gpxdata:speed>3.711</gpxdata:speed>
    </extensions>
   </trkpt>
   <trkpt lat="46.9028433" lon="5.0244878">
    <ele>177</ele>
    <time>2026-06-07T10:17:01Z</time>
    <extensions>
     <gpxdata:distance>12230.50</gpxdata:distance>
     <gpxdata:speed>3.997</gpxdata:speed>
    </extensions>
   </trkpt>
   <trkpt lat="46.9028782" lon="5.0245113">
    <ele>177</ele>
    <time>2026-06-07T10:17:02Z</time>
    <extensions>
     <gpxdata:distance>12235.00</gpxdata:distance>
     <gpxdata:speed>4.222</gpxdata:speed>
    </extensions>
   </trkpt>
   <trkpt lat="46.9029145" lon="5.0245347">
    <ele>177</ele>
    <time>2026-06-07T10:17:03Z</time>
    <extensions>
     <gpxdata:distance>12239.50</gpxdata:distance>
     <gpxdata:speed>4.389</gpxdata:speed>
    </extensions>
   </trkpt>
   <trkpt lat="46.9029512" lon="5.0245593">
    <ele>177</ele>
    <time>2026-06-07T10:17:04Z</time>
    <extensions>
     <gpxdata:distance>12244.00</gpxdata:distance>
     <gpxdata:speed>4.467</gpxdata:speed>
    </extensions>
   </trkpt>
   <trkpt lat="46.9029876" lon="5.0245847">
    <ele>177</ele>
    <time>2026-06-07T10:17:05Z</time>
    <extensions>
     <gpxdata:distance>12248.50</gpxdata:distance>
     <gpxdata:speed>4.450</gpxdata:speed>
    </extensions>
   </trkpt>
   <trkpt lat="46.9030241" lon="5.0246096">
    <ele>177</ele>
    <time>2026-06-07T10:17:06Z</time>
    <extensions>
     <gpxdata:distance>12253.00</gpxdata:distance>
     <gpxdata:speed>4.472</gpxdata:speed>
    </extensions>
   </trkpt>
   <trkpt lat="46.9030610" lon="5.0246330">
    <ele>177</ele>
    <time>2026-06-07T10:17:07Z</time>
    <extensions>
     <gpxdata:distance>12257.50</gpxdata:distance>
     <gpxdata:speed>4.472</gpxdata:speed>
    </extensions>
   </trkpt>
   <trkpt lat="46.9030974" lon="5.0246548">
    <ele>177</ele>
    <time>2026-06-07T10:17:08Z</time>
    <extensions>
     <gpxdata:distance>12262.00</gpxdata:distance>
     <gpxdata:speed>4.439</gpxdata:speed>
    </extensions>
   </trkpt>
   <trkpt lat="46.9031324" lon="5.0246758">
    <ele>177</ele>
    <time>2026-06-07T10:17:09Z</time>
    <extensions>
     <gpxdata:distance>12266.00</gpxdata:distance>
     <gpxdata:speed>4.333</gpxdata:speed>
    </extensions>
   </trkpt>
   <trkpt lat="46.9031649" lon="5.0246971">
    <ele>177</ele>
    <time>2026-06-07T10:17:10Z</time>
    <extensions>
     <gpxdata:distance>12270.00</gpxdata:distance>
     <gpxdata:speed>4.164</gpxdata:speed>
    </extensions>
   </trkpt>
   <trkpt lat="46.9032212" lon="5.0247367">
    <ele>177</ele>
    <time>2026-06-07T10:17:11Z</time>
    <extensions>
     <gpxdata:distance>12273.19</gpxdata:distance>
     <gpxdata:speed>3.606</gpxdata:speed>
    </extensions>
   </trkpt>
  </trkseg>
 </trk>
</gpx>
