<?xml version="1.0" encoding="UTF-8"?>
<gpx xmlns="http://www.topografix.com/GPX/1/1" xmlns:gpxdata="http://www.cluetrust.com/XML/GPXDATA/1/0" xmlns:xsi="http://www.w3.org/2001/XMLSchema-instance" xsi:schemaLocation="http://www.topografix.com/GPX/1/1 https://www.topografix.com/GPX/1/1/gpx.xsd http://www.cluetrust.com/XML/GPXDATA/1/0 https://www.cluetrust.com/Schemas/gpxdata10.xsd" creator="COROS Wearables" version="1.1">
 <metadata>
  <link href="https://www.coros.com">
   <text>COROS</text>
  </link>
  <time>2026-08-07T06:18:46Z</time>
 </metadata>
 <trk>
  <name>Supetar Gravel</name>
  <type>Other</type>
  <trkseg>
   <trkpt lat="43.3809552" lon="16.5782458">
    <ele>10</ele>
    <time>2026-08-07T06:19:22Z</time>
    <extensions>
     <gpxdata:distance>3.00</gpxdata:distance>
     <gpxdata:speed>0.825</gpxdata:speed>
    </extensions>
   </trkpt>
   <trkpt lat="43.3809507" lon="16.5782491">
    <ele>10</ele>
    <time>2026-08-07T06:19:23Z</time>
    <extensions>
     <gpxdata:distance>3.00</gpxdata:distance>
     <gpxdata:speed>0.822</gpxdata:speed>
    </extensions>
   </trkpt>
   <trkpt lat="43.3809467" lon="16.5782532">
    <ele>10</ele>
    <time>2026-08-07T06:19:24Z</time>
    <extensions>
     <gpxdata:distance>3.50</gpxdata:distance>
     <gpxdata:speed>0.808</gpxdata:speed>
    </extensions>
   </trkpt>
   <trkpt lat="43.3809428" lon="16.5782575">
    <ele>10</ele>
    <time>2026-08-07T06:19:25Z</time>
    <extensions>
     <gpxdata:distance>4.00</gpxdata:distance>
     <gpxdata:speed>0.794</gpxdata:speed>
    </extensions>
   </trkpt>
   <trkpt lat="43.3809392" lon="16.5782627">
    <ele>10</ele>
    <time>2026-08-07T06:19:26Z</time>
    <extensions>
     <gpxdata:distance>5.00</gpxdata:distance>
     <gpxdata:speed>0.781</gpxdata:speed>
    </extensions>
   </trkpt>
   <trkpt lat="43.3809348" lon="16.5782694">
    <ele>10</ele>
    <time>2026-08-07T06:19:27Z</time>
    <extensions>
     <gpxdata:distance>6.00</gpxdata:distance>
     <gpxdata:speed>0.797</gpxdata:speed>
    </extensions>
   </trkpt>
   <trkpt lat="43.3809289" lon="16.5782764">
    <ele>10</ele>
    <time>2026-08-07T06:19:28Z</time>
    <extensions>
     <gpxdata:distance>7.50</gpxdata:distance>
     <gpxdata:speed>0.833</gpxdata:speed>
    </extensions>
   </trkpt>
   <trkpt lat="43.3809213" lon="16.5782834">
    <ele>10</ele>
    <time>2026-08-07T06:19:29Z</time>
    <extensions>
     <gpxdata:distance>9.00</gpxdata:distance>
     <gpxdata:speed>0.961</gpxdata:speed>
    </extensions>
   </trkpt>
   <trkpt lat="43.3809116" lon="16.5782892">
    <ele>10</ele>
    <time>2026-08-07T06:19:30Z</time>
    <extensions>
     <gpxdata:distance>10.50</gpxdata:distance>
     <gpxdata:speed>1.189</gpxdata:speed>
    </extensions>
   </trkpt>
   <trkpt lat="43.3809002" lon="16.5782916">
    <ele>10</ele>
    <time>2026-08-07T06:19:31Z</time>
    <extensions>
     <gpxdata:distance>12.00</gpxdata:distance>
     <gpxdata:speed>1.408</gpxdata:speed>
    </extensions>
   </trkpt>
   <trkpt lat="43.3808881" lon="16.5782897">
    <ele>10</ele>
    <time>2026-08-07T06:19:32Z</time>
    <extensions>
     <gpxdata:distance>13.50</gpxdata:distance>
     <gpxdata:speed>1.578</gpxdata:speed>
    </extensions>
   </trkpt>
   <trkpt lat="43.3808771" lon="16.5782829">
    <ele>10</ele>
    <time>2026-08-07T06:19:33Z</time>
    <extensions>
     <gpxdata:distance>15.00</gpxdata:distance>
     <gpxdata:speed>1.650</gpxdata:speed>
    </extensions>
   </trkpt>
   <trkpt lat="43.3808687" lon="16.5782721">
    <ele>10</ele>
    <time>2026-08-07T06:19:34Z</time>
    <extensions>
     <gpxdata:distance>16.00</gpxdata:distance>
     <gpxdata:speed>1.661</gpxdata:speed>
    </extensions>
   </trkpt>
   <trkpt lat="43.3808632" lon="16.5782591">
    <ele>10</ele>
    <time>2026-08-07T06:19:35Z</time>
    <extensions>
     <gpxdata:distance>17.00</gpxdata:distance>
     <gpxdata:speed>1.603</gpxdata:speed>
    </extensions>
   </trkpt>
   <trkpt lat="43.3808601" lon="16.5782456">
    <ele>10</ele>
    <time>2026-08-07T06:19:36Z</time>
    <extensions>
     <gpxdata:distance>17.50</gpxdata:distance>
     <gpxdata:speed>1.525</gpxdata:speed>
    </extensions>
   </trkpt>
   <trkpt lat="43.3808998" lon="16.5782992">
    <ele>10</ele>
    <time>2026-08-07T06:20:06Z</time>
    <extensions>
     <gpxdata:distance>37.00</gpxdata:distance>
     <gpxdata:speed>2.203</gpxdata:speed>
    </extensions>
   </trkpt>
   <trkpt lat="43.3809168" lon="16.5783062">
    <ele>10</ele>
    <time>2026-08-07T06:20:07Z</time>
    <extensions>
     <gpxdata:distance>37.00</gpxdata:distance>
     <gpxdata:speed>2.208</gpxdata:speed>
    </extensions>
   </trkpt>
   <trkpt lat="43.3809326" lon="16.5783170">
    <ele>10</ele>
    <time>2026-08-07T06:20:08Z</time>
    <extensions>
     <gpxdata:distance>39.00</gpxdata:distance>
     <gpxdata:speed>2.206</gpxdata:speed>
    </extensions>
   </trkpt>
   <trkpt lat="43.3809475" lon="16.5783292">
    <ele>10</ele>
    <time>2026-08-07T06:20:09Z</time>
    <extensions>
     <gpxdata:distance>41.00</gpxdata:distance>
     <gpxdata:speed>2.131</gpxdata:speed>
    </extensions>
   </trkpt>
   <trkpt lat="43.3809624" lon="16.5783389">
    <ele>10</ele>
    <time>2026-08-07T06:20:10Z</time>
    <extensions>
     <gpxdata:distance>42.50</gpxdata:distance>
     <gpxdata:speed>2.022</gpxdata:speed>
    </extensions>
   </trkpt>
   <trkpt lat="43.3809778" lon="16.5783428">
    <ele>10</ele>
    <time>2026-08-07T06:20:11Z</time>
    <extensions>
     <gpxdata:distance>44.00</gpxdata:distance>
     <gpxdata:speed>1.986</gpxdata:speed>
    </extensions>
   </trkpt>
   <trkpt lat="43.3809884" lon="16.5783403">
    <ele>10</ele>
    <time>2026-08-07T06:20:12Z</time>
    <extensions>
     <gpxdata:distance>45.50</gpxdata:distance>
     <gpxdata:speed>1.964</gpxdata:speed>
    </extensions>
   </trkpt>
   <trkpt lat="43.3809997" lon="16.5783332">
    <ele>10</ele>
    <time>2026-08-07T06:20:13Z</time>
    <extensions>
     <gpxdata:distance>47.00</gpxdata:distance>
     <gpxdata:speed>1.842</gpxdata:speed>
    </extensions>
   </trkpt>
   <trkpt lat="43.3810103" lon="16.5783223">
    <ele>10</ele>
    <time>2026-08-07T06:20:14Z</time>
    <extensions>
     <gpxdata:distance>48.50</gpxdata:distance>
     <gpxdata:speed>1.742</gpxdata:speed>
    </extensions>
   </trkpt>
   <trkpt lat="43.3810186" lon="16.5783087">
    <ele>10</ele>
    <time>2026-08-07T06:20:15Z</time>
    <extensions>
     <gpxdata:distance>50.00</gpxdata:distance>
     <gpxdata:speed>1.622</gpxdata:speed>
    </extensions>
   </trkpt>
   <trkpt lat="43.3810253" lon="16.5782943">
    <ele>10</ele>
    <time>2026-08-07T06:20:16Z</time>
    <extensions>
     <gpxdata:distance>51.00</gpxdata:distance>
     <gpxdata:speed>1.450</gpxdata:speed>
    </extensions>
   </trkpt>
   <trkpt lat="43.3810311" lon="16.5782811">
    <ele>10</ele>
    <time>2026-08-07T06:20:17Z</time>
    <extensions>
     <gpxdata:distance>52.00</gpxdata:distance>
     <gpxdata:speed>1.142</gpxdata:speed>
    </extensions>
   </trkpt>
   <trkpt lat="43.3810355" lon="16.5782698">
    <ele>10</ele>
    <time>2026-08-07T06:20:18Z</time>
    <extensions>
     <gpxdata:distance>52.00</gpxdata:distance>
     <gpxdata:speed>0.850</gpxdata:speed>
    </extensions>
   </trkpt>
   <trkpt lat="43.3811012" lon="16.5781955">
    <ele>11</ele>
    <time>2026-08-07T06:27:54Z</time>
    <extensions>
     <gpxdata:distance>64.00</gpxdata:distance>
     <gpxdata:speed>1.497</gpxdata:speed>
    </extensions>
   </trkpt>
   <trkpt lat="43.3811065" lon="16.5781813">
    <ele>11</ele>
    <time>2026-08-07T06:27:55Z</time>
    <extensions>
     <gpxdata:distance>64.00</gpxdata:distance>
     <gpxdata:speed>1.644</gpxdata:speed>
    </extensions>
   </trkpt>
   <trkpt lat="43.3811092" lon="16.5781641">
    <ele>11</ele>
    <time>2026-08-07T06:27:56Z</time>
    <extensions>
     <gpxdata:distance>66.00</gpxdata:distance>
     <gpxdata:speed>1.797</gpxdata:speed>
    </extensions>
   </trkpt>
   <trkpt lat="43.3811105" lon="16.5781452">
    <ele>11</ele>
    <time>2026-08-07T06:27:57Z</time>
    <extensions>
     <gpxdata:distance>68.00</gpxdata:distance>
     <gpxdata:speed>1.808</gpxdata:speed>
    </extensions>
   </trkpt>
   <trkpt lat="43.3811119" lon="16.5781252">
    <ele>11</ele>
    <time>2026-08-07T06:27:58Z</time>
    <extensions>
     <gpxdata:distance>70.00</gpxdata:distance>
     <gpxdata:speed>1.814</gpxdata:speed>
    </extensions>
   </trkpt>
   <trkpt lat="43.3811144" lon="16.5781049">
    <ele>11</ele>
    <time>2026-08-07T06:27:59Z</time>
    <extensions>
     <gpxdata:distance>72.00</gpxdata:distance>
     <gpxdata:speed>1.833</gpxdata:speed>
    </extensions>
   </trkpt>
   <trkpt lat="43.3811192" lon="16.5780846">
    <ele>11</ele>
    <time>2026-08-07T06:28:00Z</time>
    <extensions>
     <gpxdata:distance>73.50</gpxdata:distance>
     <gpxdata:speed>1.872</gpxdata:speed>
    </extensions>
   </trkpt>
   <trkpt lat="43.3811264" lon="16.5780654">
    <ele>11</ele>
    <time>2026-08-07T06:28:01Z</time>
    <extensions>
     <gpxdata:distance>75.00</gpxdata:distance>
     <gpxdata:speed>1.900</gpxdata:speed>
    </extensions>
   </trkpt>
   <trkpt lat="43.3811359" lon="16.5780477">
    <ele>11</ele>
    <time>2026-08-07T06:28:02Z</time>
    <extensions>
     <gpxdata:distance>77.00</gpxdata:distance>
     <gpxdata:speed>1.925</gpxdata:speed>
    </extensions>
   </trkpt>
   <trkpt lat="43.3811474" lon="16.5780309">
    <ele>11</ele>
    <time>2026-08-07T06:28:03Z</time>
    <extensions>
     <gpxdata:distance>79.00</gpxdata:distance>
     <gpxdata:speed>1.989</gpxdata:speed>
    </extensions>
   </trkpt>
   <trkpt lat="43.3811602" lon="16.5780140">
    <ele>11</ele>
    <time>2026-08-07T06:28:04Z</time>
    <extensions>
     <gpxdata:distance>81.50</gpxdata:distance>
     <gpxdata:speed>2.058</gpxdata:speed>
    </extensions>
   </trkpt>
   <trkpt lat="43.3811784" lon="16.5779899">
    <ele>11</ele>
    <time>2026-08-07T06:28:05Z</time>
    <extensions>
     <gpxdata:distance>84.00</gpxdata:distance>
     <gpxdata:speed>2.128</gpxdata:speed>
    </extensions>
   </trkpt>
   <trkpt lat="43.3811946" lon="16.5779697">
    <ele>11</ele>
    <time>2026-08-07T06:28:06Z</time>
    <extensions>
     <gpxdata:distance>86.00</gpxdata:distance>
     <gpxdata:speed>2.206</gpxdata:speed>
    </extensions>
   </trkpt>
   <trkpt lat="43.3812108" lon="16.5779513">
    <ele>12</ele>
    <time>2026-08-07T06:28:07Z</time>
    <extensions>
     <gpxdata:distance>88.00</gpxdata:distance>
     <gpxdata:speed>2.297</gpxdata:speed>
    </extensions>
   </trkpt>
   <trkpt lat="43.3812276" lon="16.5779339">
    <ele>12</ele>
    <time>2026-08-07T06:28:08Z</time>
    <extensions>
     <gpxdata:distance>90.50</gpxdata:distance>
     <gpxdata:speed>2.344</gpxdata:speed>
    </extensions>
   </trkpt>
   <trkpt lat="43.3812446" lon="16.5779172">
    <ele>12</ele>
    <time>2026-08-07T06:28:09Z</time>
    <extensions>
     <gpxdata:distance>93.00</gpxdata:distance>
     <gpxdata:speed>2.353</gpxdata:speed>
    </extensions>
   </trkpt>
   <trkpt lat="43.3812622" lon="16.5779006">
    <ele>12</ele>
    <time>2026-08-07T06:28:10Z</time>
    <extensions>
     <gpxdata:distance>95.50</gpxdata:distance>
     <gpxdata:speed>2.403</gpxdata:speed>
    </extensions>
   </trkpt>
   <trkpt lat="43.3812803" lon="16.5778839">
    <ele>12</ele>
    <time>2026-08-07T06:28:11Z</time>
    <extensions>
     <gpxdata:distance>98.00</gpxdata:distance>
     <gpxdata:speed>2.472</gpxdata:speed>
    </extensions>
   </trkpt>
   <trkpt lat="43.3812987" lon="16.5778678">
    <ele>12</ele>
    <time>2026-08-07T06:28:12Z</time>
    <extensions>
     <gpxdata:distance>100.50</gpxdata:distance>
     <gpxdata:speed>2.450</gpxdata:speed>
    </extensions>
   </trkpt>
   <trkpt lat="43.3813171" lon="16.5778529">
    <ele>12</ele>
    <time>2026-08-07T06:28:13Z</time>
    <extensions>
     <gpxdata:distance>103.00</gpxdata:distance>
     <gpxdata:speed>2.403</gpxdata:speed>
    </extensions>
   </trkpt>
   <trkpt lat="43.3813355" lon="16.5778389">
    <ele>12</ele>
    <time>2026-08-07T06:28:14Z</time>
    <extensions>
     <gpxdata:distance>105.00</gpxdata:distance>
     <gpxdata:speed>2.361</gpxdata:speed>
    </extensions>
   </trkpt>
   <trkpt lat="43.3813540" lon="16.5778251">
    <ele>12</ele>
    <time>2026-08-07T06:28:15Z</time>
    <extensions>
     <gpxdata:distance>107.00</gpxdata:distance>
     <gpxdata:speed>2.358</gpxdata:speed>
    </extensions>
   </trkpt>
   <trkpt lat="43.3813724" lon="16.5778112">
    <ele>12</ele>
    <time>2026-08-07T06:28:16Z</time>
    <extensions>
     <gpxdata:distance>109.50</gpxdata:distance>
     <gpxdata:speed>2.350</gpxdata:speed>
    </extensions>
   </trkpt>
   <trkpt lat="43.3813917" lon="16.5777973">
    <ele>12</ele>
    <time>2026-08-07T06:28:17Z</time>
    <extensions>
     <gpxdata:distance>112.00</gpxdata:distance>
     <gpxdata:speed>2.417</gpxdata:speed>
    </extensions>
   </trkpt>
   <trkpt lat="43.3814126" lon="16.5777834">
    <ele>12</ele>
    <time>2026-08-07T06:28:18Z</time>
    <extensions>
     <gpxdata:distance>115.00</gpxdata:distance>
     <gpxdata:speed>2.533</gpxdata:speed>
    </extensions>
   </trkpt>
   <trkpt lat="43.3814350" lon="16.5777701">
    <ele>12</ele>
    <time>2026-08-07T06:28:19Z</time>
    <extensions>
     <gpxdata:distance>118.00</gpxdata:distance>
     <gpxdata:speed>2.653</gpxdata:speed>
    </extensions>
   </trkpt>
   <trkpt lat="43.3814588" lon="16.5777572">
    <ele>12</ele>
    <time>2026-08-07T06:28:20Z</time>
    <extensions>
     <gpxdata:distance>121.50</gpxdata:distance>
     <gpxdata:speed>2.783</gpxdata:speed>
    </extensions>
   </trkpt>
   <trkpt lat="43.3814843" lon="16.5777444">
    <ele>12</ele>
    <time>2026-08-07T06:28:21Z</time>
    <extensions>
     <gpxdata:distance>125.00</gpxdata:distance>
     <gpxdata:speed>2.939</gpxdata:speed>
    </extensions>
   </trkpt>
   <trkpt lat="43.3815107" lon="16.5777320">
    <ele>12</ele>
    <time>2026-08-07T06:28:22Z</time>
    <extensions>
     <gpxdata:distance>128.00</gpxdata:distance>
     <gpxdata:speed>3.083</gpxdata:speed>
    </extensions>
   </trkpt>
   <trkpt lat="43.3815535" lon="16.5777120">
    <ele>12</ele>
    <time>2026-08-07T06:28:23Z</time>
    <extensions>
     <gpxdata:distance>131.00</gpxdata:distance>
     <gpxdata:speed>3.097</gpxdata:speed>
    </extensions>
   </trkpt>
   <trkpt lat="43.3815827" lon="16.5776983">
    <ele>12</ele>
    <time>2026-08-07T06:28:24Z</time>
    <extensions>
     <gpxdata:distance>134.00</gpxdata:distance>
     <gpxdata:speed>3.050</gpxdata:speed>
    </extensions>
   </trkpt>
   <trkpt lat="43.3816082" lon="16.5776862">
    <ele>12</ele>
    <time>2026-08-07T06:28:25Z</time>
    <extensions>
     <gpxdata:distance>137.00</gpxdata:distance>
     <gpxdata:speed>2.947</gpxdata:speed>
    </extensions>
   </trkpt>
   <trkpt lat="43.3816214" lon="16.5776802">
    <ele>11</ele>
    <time>2026-08-07T06:28:26Z</time>
    <extensions>
     <gpxdata:distance>139.00</gpxdata:distance>
     <gpxdata:speed>2.811</gpxdata:speed>
    </extensions>
   </trkpt>
   <trkpt lat="43.3816383" lon="16.5776732">
    <ele>11</ele>
    <time>2026-08-07T06:28:27Z</time>
    <extensions>
     <gpxdata:distance>141.00</gpxdata:distance>
     <gpxdata:speed>2.411</gpxdata:speed>
    </extensions>
   </trkpt>
   <trkpt lat="43.3816552" lon="16.5776665">
    <ele>11</ele>
    <time>2026-08-07T06:28:28Z</time>
    <extensions>
     <gpxdata:distance>142.50</gpxdata:distance>
     <gpxdata:speed>2.025</gpxdata:speed>
    </extensions>
   </trkpt>
   <trkpt lat="43.3816701" lon="16.5776611">
    <ele>11</ele>
    <time>2026-08-07T06:28:29Z</time>
    <extensions>
     <gpxdata:distance>144.00</gpxdata:distance>
     <gpxdata:speed>1.572</gpxdata:speed>
    </extensions>
   </trkpt>
   <trkpt lat="43.3816786" lon="16.5776588">
    <ele>11</ele>
    <time>2026-08-07T06:28:30Z</time>
    <extensions>
     <gpxdata:distance>144.50</gpxdata:distance>
     <gpxdata:speed>1.128</gpxdata:speed>
    </extensions>
   </trkpt>
   <trkpt lat="43.3816864" lon="16.5776592">
    <ele>11</ele>
    <time>2026-08-07T06:28:31Z</time>
    <extensions>
     <gpxdata:distance>145.00</gpxdata:distance>
     <gpxdata:speed>0.997</gpxdata:speed>
    </extensions>
   </trkpt>
   <trkpt lat="43.3816925" lon="16.5776627">
    <ele>11</ele>
    <time>2026-08-07T06:28:32Z</time>
    <extensions>
     <gpxdata:distance>145.00</gpxdata:distance>
     <gpxdata:speed>0.917</gpxdata:speed>
    </extensions>
   </trkpt>
   <trkpt lat="43.3816976" lon="16.5776684">
    <ele>11</ele>
    <time>2026-08-07T06:28:33Z</time>
    <extensions>
     <gpxdata:distance>145.00</gpxdata:distance>
     <gpxdata:speed>0.653</gpxdata:speed>
    </extensions>
   </trkpt>
   <trkpt lat="43.3817015" lon="16.5776743">
    <ele>10</ele>
    <time>2026-08-07T06:28:34Z</time>
    <extensions>
     <gpxdata:distance>145.00</gpxdata:distance>
     <gpxdata:speed>0.514</gpxdata:speed>
    </extensions>
   </trkpt>
   <trkpt lat="43.3817032" lon="16.5776804">
    <ele>10</ele>
    <time>2026-08-07T06:28:35Z</time>
    <extensions>
     <gpxdata:distance>145.00</gpxdata:distance>
     <gpxdata:speed>0.506</gpxdata:speed>
    </extensions>
   </trkpt>
   <trkpt lat="43.3817026" lon="16.5776869">
    <ele>10</ele>
    <time>2026-08-07T06:28:36Z</time>
    <extensions>
     <gpxdata:distance>146.00</gpxdata:distance>
     <gpxdata:speed>0.506</gpxdata:speed>
    </extensions>
   </trkpt>
   <trkpt lat="43.3817002" lon="16.5776931">
    <ele>10</ele>
    <time>2026-08-07T06:28:37Z</time>
    <extensions>
     <gpxdata:distance>147.00</gpxdata:distance>
     <gpxdata:speed>0.678</gpxdata:speed>
    </extensions>
   </trkpt>
   <trkpt lat="43.3816963" lon="16.5776983">
    <ele>10</ele>
    <time>2026-08-07T06:28:38Z</time>
    <extensions>
     <gpxdata:distance>148.00</gpxdata:distance>
     <gpxdata:speed>0.703</gpxdata:speed>
    </extensions>
   </trkpt>
   <trkpt lat="43.3816912" lon="16.5777025">
    <ele>10</ele>
    <time>2026-08-07T06:28:39Z</time>
    <extensions>
     <gpxdata:distance>149.00</gpxdata:distance>
     <gpxdata:speed>0.728</gpxdata:speed>
    </extensions>
   </trkpt>
   <trkpt lat="43.3816851" lon="16.5777057">
    <ele>10</ele>
    <time>2026-08-07T06:28:40Z</time>
    <extensions>
     <gpxdata:distance>149.50</gpxdata:distance>
     <gpxdata:speed>0.761</gpxdata:speed>
    </extensions>
   </trkpt>
   <trkpt lat="43.3816778" lon="16.5777080">
    <ele>10</ele>
    <time>2026-08-07T06:28:41Z</time>
    <extensions>
     <gpxdata:distance>150.00</gpxdata:distance>
     <gpxdata:speed>0.822</gpxdata:speed>
    </extensions>
   </trkpt>
   <trkpt lat="43.3816693" lon="16.5777097">
    <ele>10</ele>
    <time>2026-08-07T06:28:42Z</time>
    <extensions>
     <gpxdata:distance>151.50</gpxdata:distance>
     <gpxdata:speed>0.900</gpxdata:speed>
    </extensions>
   </trkpt>
   <trkpt lat="43.3816592" lon="16.5777115">
    <ele>10</ele>
    <time>2026-08-07T06:28:43Z</time>
    <extensions>
     <gpxdata:distance>153.00</gpxdata:distance>
     <gpxdata:speed>1.122</gpxdata:speed>
    </extensions>
   </trkpt>
   <trkpt lat="43.3816472" lon="16.5777144">
    <ele>11</ele>
    <time>2026-08-07T06:28:44Z</time>
    <extensions>
     <gpxdata:distance>154.50</gpxdata:distance>
     <gpxdata:speed>1.356</gpxdata:speed>
    </extensions>
   </trkpt>
   <trkpt lat="43.3816335" lon="16.5777191">
    <ele>11</ele>
    <time>2026-08-07T06:28:45Z</time>
    <extensions>
     <gpxdata:distance>156.00</gpxdata:distance>
     <gpxdata:speed>1.639</gpxdata:speed>
    </extensions>
   </trkpt>
   <trkpt lat="43.3816184" lon="16.5777253">
    <ele>11</ele>
    <time>2026-08-07T06:28:46Z</time>
    <extensions>
     <gpxdata:distance>158.00</gpxdata:distance>
     <gpxdata:speed>1.869</gpxdata:speed>
    </extensions>
   </trkpt>
   <trkpt lat="43.3815963" lon="16.5777341">
    <ele>11</ele>
    <time>2026-08-07T06:28:47Z</time>
    <extensions>
     <gpxdata:distance>160.00</gpxdata:distance>
     <gpxdata:speed>2.003</gpxdata:speed>
    </extensions>
   </trkpt>
   <trkpt lat="43.3815767" lon="16.5777408">
    <ele>11</ele>
    <time>2026-08-07T06:28:48Z</time>
    <extensions>
     <gpxdata:distance>162.50</gpxdata:distance>
     <gpxdata:speed>2.083</gpxdata:speed>
    </extensions>
   </trkpt>
   <trkpt lat="43.3815580" lon="16.5777462">
    <ele>11</ele>
    <time>2026-08-07T06:28:49Z</time>
    <extensions>
     <gpxdata:distance>165.00</gpxdata:distance>
     <gpxdata:speed>2.111</gpxdata:speed>
    </extensions>
   </trkpt>
   <trkpt lat="43.3815405" lon="16.5777523">
    <ele>11</ele>
    <time>2026-08-07T06:28:50Z</time>
    <extensions>
     <gpxdata:distance>166.50</gpxdata:distance>
     <gpxdata:speed>2.089</gpxdata:speed>
    </extensions>
   </trkpt>
   <trkpt lat="43.3815288" lon="16.5777565">
    <ele>11</ele>
    <time>2026-08-07T06:28:51Z</time>
    <extensions>
     <gpxdata:distance>168.00</gpxdata:distance>
     <gpxdata:speed>1.972</gpxdata:speed>
    </extensions>
   </trkpt>
   <trkpt lat="43.3815170" lon="16.5777607">
    <ele>11</ele>
    <time>2026-08-07T06:28:52Z</time>
    <extensions>
     <gpxdata:distance>169.50</gpxdata:distance>
     <gpxdata:speed>1.800</gpxdata:speed>
    </extensions>
   </trkpt>
   <trkpt lat="43.3815141" lon="16.5777613">
    <ele>11</ele>
    <time>2026-08-07T06:28:53Z</time>
    <extensions>
     <gpxdata:distance>171.00</gpxdata:distance>
     <gpxdata:speed>1.550</gpxdata:speed>
    </extensions>
   </trkpt>
   <trkpt lat="43.3815113" lon="16.5777619">
    <ele>11</ele>
    <time>2026-08-07T06:28:54Z</time>
    <extensions>
     <gpxdata:distance>171.00</gpxdata:distance>
     <gpxdata:speed>0.953</gpxdata:speed>
    </extensions>
   </trkpt>
   <trkpt lat="43.3815085" lon="16.5777625">
    <ele>11</ele>
    <time>2026-08-07T06:28:55Z</time>
    <extensions>
     <gpxdata:distance>171.00</gpxdata:distance>
     <gpxdata:speed>0.564</gpxdata:speed>
    </extensions>
   </trkpt>
   <trkpt lat="43.3815057" lon="16.5777632">
    <ele>11</ele>
    <time>2026-08-07T06:28:56Z</time>
    <extensions>
     <gpxdata:distance>171.00</gpxdata:distance>
     <gpxdata:speed>0.453</gpxdata:speed>
    </extensions>
   </trkpt>
   <trkpt lat="43.3814960" lon="16.5777643">
    <ele>11</ele>
    <time>2026-08-07T06:28:57Z</time>
    <extensions>
     <gpxdata:distance>171.00</gpxdata:distance>
     <gpxdata:speed>0.453</gpxdata:speed>
    </extensions>
   </trkpt>
   <trkpt lat="43.3814872" lon="16.5777632">
    <ele>11</ele>
    <time>2026-08-07T06:28:58Z</time>
    <extensions>
     <gpxdata:distance>172.50</gpxdata:distance>
     <gpxdata:speed>0.453</gpxdata:speed>
    </extensions>
   </trkpt>
   <trkpt lat="43.3814804" lon="16.5777600">
    <ele>11</ele>
    <time>2026-08-07T06:28:59Z</time>
    <extensions>
     <gpxdata:distance>174.00</gpxdata:distance>
     <gpxdata:speed>0.714</gpxdata:speed>
    </extensions>
   </trkpt>
   <trkpt lat="43.3814769" lon="16.5777558">
    <ele>11</ele>
    <time>2026-08-07T06:29:00Z</time>
    <extensions>
     <gpxdata:distance>174.00</gpxdata:distance>
     <gpxdata:speed>0.714</gpxdata:speed>
    </extensions>
   </trkpt>
   <trkpt lat="43.3814762" lon="16.5777514">
    <ele>11</ele>
    <time>2026-08-07T06:29:01Z</time>
    <extensions>
     <gpxdata:distance>174.00</gpxdata:distance>
     <gpxdata:speed>0.692</gpxdata:speed>
    </extensions>
   </trkpt>
   <trkpt lat="43.3814775" lon="16.5777476">
    <ele>11</ele>
    <time>2026-08-07T06:29:02Z</time>
    <extensions>
     <gpxdata:distance>174.00</gpxdata:distance>
     <gpxdata:speed>0.656</gpxdata:speed>
    </extensions>
   </trkpt>
   <trkpt lat="43.3815392" lon="16.5777564">
    <ele>11</ele>
    <time>2026-08-07T06:31:27Z</time>
    <extensions>
     <gpxdata:distance>187.00</gpxdata:distance>
     <gpxdata:speed>2.072</gpxdata:speed>
    </extensions>
   </trkpt>
   <trkpt lat="43.3815602" lon="16.5777449">
    <ele>11</ele>
    <time>2026-08-07T06:31:28Z</time>
    <extensions>
     <gpxdata:distance>187.00</gpxdata:distance>
     <gpxdata:speed>2.097</gpxdata:speed>
    </extensions>
   </trkpt>
   <trkpt lat="43.3815783" lon="16.5777319">
    <ele>11</ele>
    <time>2026-08-07T06:31:29Z</time>
    <extensions>
     <gpxdata:distance>189.50</gpxdata:distance>
     <gpxdata:speed>2.225</gpxdata:speed>
    </extensions>
   </trkpt>
   <trkpt lat="43.3815967" lon="16.5777178">
    <ele>11</ele>
    <time>2026-08-07T06:31:30Z</time>
    <extensions>
     <gpxdata:distance>192.00</gpxdata:distance>
     <gpxdata:speed>2.458</gpxdata:speed>
    </extensions>
   </trkpt>
   <trkpt lat="43.3816172" lon="16.5777031">
    <ele>11</ele>
    <time>2026-08-07T06:31:31Z</time>
    <extensions>
     <gpxdata:distance>195.00</gpxdata:distance>
     <gpxdata:speed>2.789</gpxdata:speed>
    </extensions>
   </trkpt>
   <trkpt lat="43.3816401" lon="16.5776876">
    <ele>11</ele>
    <time>2026-08-07T06:31:32Z</time>
    <extensions>
     <gpxdata:distance>198.00</gpxdata:distance>
     <gpxdata:speed>3.042</gpxdata:speed>
    </extensions>
   </trkpt>
   <trkpt lat="43.3816813" lon="16.5776624">
    <ele>10</ele>
    <time>2026-08-07T06:31:33Z</time>
    <extensions>
     <gpxdata:distance>202.00</gpxdata:distance>
     <gpxdata:speed>3.289</gpxdata:speed>
    </extensions>
   </trkpt>
   <trkpt lat="43.3817145" lon="16.5776455">
    <ele>10</ele>
    <time>2026-08-07T06:31:34Z</time>
    <extensions>
     <gpxdata:distance>206.00</gpxdata:distance>
     <gpxdata:speed>3.644</gpxdata:speed>
    </extensions>
   </trkpt>
   <trkpt lat="43.3817480" lon="16.5776297">
    <ele>10</ele>
    <time>2026-08-07T06:31:35Z</time>
    <extensions>
     <gpxdata:distance>210.00</gpxdata:distance>
     <gpxdata:speed>3.886</gpxdata:speed>
    </extensions>
   </trkpt>
   <trkpt lat="43.3817819" lon="16.5776146">
    <ele>10</ele>
    <time>2026-08-07T06:31:36Z</time>
    <extensions>
     <gpxdata:distance>214.00</gpxdata:distance>
     <gpxdata:speed>3.914</gpxdata:speed>
    </extensions>
   </trkpt>
   <trkpt lat="43.3818147" lon="16.5775996">
    <ele>10</ele>
    <time>2026-08-07T06:31:37Z</time>
    <extensions>
     <gpxdata:distance>217.50</gpxdata:distance>
     <gpxdata:speed>3.767</gpxdata:speed>
    </extensions>
   </trkpt>
   <trkpt lat="43.3818463" lon="16.5775826">
    <ele>10</ele>
    <time>2026-08-07T06:31:38Z</time>
    <extensions>
     <gpxdata:distance>221.00</gpxdata:distance>
     <gpxdata:speed>3.775</gpxdata:speed>
    </extensions>
   </trkpt>
   <trkpt lat="43.3818743" lon="16.5775632">
    <ele>10</ele>
    <time>2026-08-07T06:31:39Z</time>
    <extensions>
     <gpxdata:distance>224.50</gpxdata:distance>
     <gpxdata:speed>3.614</gpxdata:speed>
    </extensions>
   </trkpt>
   <trkpt lat="43.3819008" lon="16.5775433">
    <ele>10</ele>
    <time>2026-08-07T06:31:40Z</time>
    <extensions>
     <gpxdata:distance>228.00</gpxdata:distance>
     <gpxdata:speed>3.519</gpxdata:speed>
    </extensions>
   </trkpt>
   <trkpt lat="43.3819281" lon="16.5775241">
    <ele>10</ele>
    <time>2026-08-07T06:31:41Z</time>
    <extensions>
     <gpxdata:distance>231.50</gpxdata:distance>
     <gpxdata:speed>3.511</gpxdata:speed>
    </extensions>
   </trkpt>
   <trkpt lat="43.3819561" lon="16.5775061">
    <ele>10</ele>
    <time>2026-08-07T06:31:42Z</time>
    <extensions>
     <gpxdata:distance>235.00</gpxdata:distance>
     <gpxdata:speed>3.497</gpxdata:speed>
    </extensions>
   </trkpt>
   <trkpt lat="43.3819851" lon="16.5774893">
    <ele>10</ele>
    <time>2026-08-07T06:31:43Z</time>
    <extensions>
     <gpxdata:distance>238.50</gpxdata:distance>
     <gpxdata:speed>3.514</gpxdata:speed>
    </extensions>
   </trkpt>
   <trkpt lat="43.3820151" lon="16.5774735">
    <ele>9</ele>
    <time>2026-08-07T06:31:44Z</time>
    <extensions>
     <gpxdata:distance>242.00</gpxdata:distance>
     <gpxdata:speed>3.586</gpxdata:speed>
    </extensions>
   </trkpt>
   <trkpt lat="43.3820454" lon="16.5774621">
    <ele>9</ele>
    <time>2026-08-07T06:31:45Z</time>
    <extensions>
     <gpxdata:distance>245.50</gpxdata:distance>
     <gpxdata:speed>3.511</gpxdata:speed>
    </extensions>
   </trkpt>
   <trkpt lat="43.3820762" lon="16.5774604">
    <ele>9</ele>
    <time>2026-08-07T06:31:46Z</time>
    <extensions>
     <gpxdata:distance>249.00</gpxdata:distance>
     <gpxdata:speed>3.525</gpxdata:speed>
    </extensions>
   </trkpt>
   <trkpt lat="43.3821057" lon="16.5774727">
    <ele>9</ele>
    <time>2026-08-07T06:31:47Z</time>
    <extensions>
     <gpxdata:distance>252.50</gpxdata:distance>
     <gpxdata:speed>3.589</gpxdata:speed>
    </extensions>
   </trkpt>
   <trkpt lat="43.3821311" lon="16.5774980">
    <ele>8</ele>
    <time>2026-08-07T06:31:48Z</time>
    <extensions>
     <gpxdata:distance>256.00</gpxdata:distance>
     <gpxdata:speed>3.639</gpxdata:speed>
    </extensions>
   </trkpt>
   <trkpt lat="43.3821509" lon="16.5775327">
    <ele>8</ele>
    <time>2026-08-07T06:31:49Z</time>
    <extensions>
     <gpxdata:distance>259.50</gpxdata:distance>
     <gpxdata:speed>3.667</gpxdata:speed>
    </extensions>
   </trkpt>
   <trkpt lat="43.3821625" lon="16.5775731">
    <ele>8</ele>
    <time>2026-08-07T06:31:50Z</time>
    <extensions>
     <gpxdata:distance>263.00</gpxdata:distance>
     <gpxdata:speed>3.653</gpxdata:speed>
    </extensions>
   </trkpt>
   <trkpt lat="43.3821651" lon="16.5776163">
    <ele>8</ele>
    <time>2026-08-07T06:31:51Z</time>
    <extensions>
     <gpxdata:distance>266.50</gpxdata:distance>
     <gpxdata:speed>3.644</gpxdata:speed>
    </extensions>
   </trkpt>
   <trkpt lat="43.3821596" lon="16.5776579">
    <ele>8</ele>
    <time>2026-08-07T06:31:52Z</time>
    <extensions>
     <gpxdata:distance>270.00</gpxdata:distance>
     <gpxdata:speed>3.583</gpxdata:speed>
    </extensions>
   </trkpt>
   <trkpt lat="43.3821475" lon="16.5776942">
    <ele>8</ele>
    <time>2026-08-07T06:31:53Z</time>
    <extensions>
     <gpxdata:distance>272.50</gpxdata:distance>
     <gpxdata:speed>3.450</gpxdata:speed>
    </extensions>
   </trkpt>
   <trkpt lat="43.3821317" lon="16.5777241">
    <ele>8</ele>
    <time>2026-08-07T06:31:54Z</time>
    <extensions>
     <gpxdata:distance>275.00</gpxdata:distance>
     <gpxdata:speed>3.256</gpxdata:speed>
    </extensions>
   </trkpt>
   <trkpt lat="43.3821142" lon="16.5777490">
    <ele>8</ele>
    <time>2026-08-07T06:31:55Z</time>
    <extensions>
     <gpxdata:distance>277.50</gpxdata:distance>
     <gpxdata:speed>3.067</gpxdata:speed>
    </extensions>
   </trkpt>
   <trkpt lat="43.3820962" lon="16.5777698">
    <ele>7</ele>
    <time>2026-08-07T06:31:56Z</time>
    <extensions>
     <gpxdata:distance>280.00</gpxdata:distance>
     <gpxdata:speed>2.636</gpxdata:speed>
    </extensions>
   </trkpt>
   <trkpt lat="43.3820864" lon="16.5777798">
    <ele>7</ele>
    <time>2026-08-07T06:31:57Z</time>
    <extensions>
     <gpxdata:distance>282.00</gpxdata:distance>
     <gpxdata:speed>2.378</gpxdata:speed>
    </extensions>
   </trkpt>
   <trkpt lat="43.3820740" lon="16.5777924">
    <ele>7</ele>
    <time>2026-08-07T06:31:58Z</time>
    <extensions>
     <gpxdata:distance>284.00</gpxdata:distance>
     <gpxdata:speed>2.083</gpxdata:speed>
    </extensions>
   </trkpt>
   <trkpt lat="43.3820620" lon="16.5778045">
    <ele>7</ele>
    <time>2026-08-07T06:31:59Z</time>
    <extensions>
     <gpxdata:distance>285.00</gpxdata:distance>
     <gpxdata:speed>1.644</gpxdata:speed>
    </extensions>
   </trkpt>
   <trkpt lat="43.3820551" lon="16.5778123">
    <ele>7</ele>
    <time>2026-08-07T06:32:00Z</time>
    <extensions>
     <gpxdata:distance>286.00</gpxdata:distance>
     <gpxdata:speed>1.211</gpxdata:speed>
    </extensions>
   </trkpt>
   <trkpt lat="43.3819710" lon="16.5778565">
    <ele>8</ele>
    <time>2026-08-07T06:37:47Z</time>
    <extensions>
     <gpxdata:distance>299.00</gpxdata:distance>
     <gpxdata:speed>1.550</gpxdata:speed>
    </extensions>
   </trkpt>
   <trkpt lat="43.3819570" lon="16.5778613">
    <ele>8</ele>
    <time>2026-08-07T06:37:48Z</time>
    <extensions>
     <gpxdata:distance>299.00</gpxdata:distance>
     <gpxdata:speed>1.633</gpxdata:speed>
    </extensions>
   </trkpt>
   <trkpt lat="43.3819421" lon="16.5778661">
    <ele>8</ele>
    <time>2026-08-07T06:37:49Z</time>
    <extensions>
     <gpxdata:distance>301.00</gpxdata:distance>
     <gpxdata:speed>1.792</gpxdata:speed>
    </extensions>
   </trkpt>
   <trkpt lat="43.3819266" lon="16.5778718">
    <ele>8</ele>
    <time>2026-08-07T06:37:50Z</time>
    <extensions>
     <gpxdata:distance>303.00</gpxdata:distance>
     <gpxdata:speed>1.894</gpxdata:speed>
    </extensions>
   </trkpt>
   <trkpt lat="43.3819108" lon="16.5778788">
    <ele>8</ele>
    <time>2026-08-07T06:37:51Z</time>
    <extensions>
     <gpxdata:distance>305.00</gpxdata:distance>
     <gpxdata:speed>1.933</gpxdata:speed>
    </extensions>
   </trkpt>
   <trkpt lat="43.3818950" lon="16.5778872">
    <ele>8</ele>
    <time>2026-08-07T06:37:52Z</time>
    <extensions>
     <gpxdata:distance>307.00</gpxdata:distance>
     <gpxdata:speed>1.953</gpxdata:speed>
    </extensions>
   </trkpt>
   <trkpt lat="43.3818794" lon="16.5778965">
    <ele>8</ele>
    <time>2026-08-07T06:37:53Z</time>
    <extensions>
     <gpxdata:distance>309.00</gpxdata:distance>
     <gpxdata:speed>1.928</gpxdata:speed>
    </extensions>
   </trkpt>
   <trkpt lat="43.3818641" lon="16.5779065">
    <ele>8</ele>
    <time>2026-08-07T06:37:54Z</time>
    <extensions>
     <gpxdata:distance>311.00</gpxdata:distance>
     <gpxdata:speed>1.925</gpxdata:speed>
    </extensions>
   </trkpt>
   <trkpt lat="43.3818491" lon="16.5779168">
    <ele>8</ele>
    <time>2026-08-07T06:37:55Z</time>
    <extensions>
     <gpxdata:distance>312.50</gpxdata:distance>
     <gpxdata:speed>1.917</gpxdata:speed>
    </extensions>
   </trkpt>
   <trkpt lat="43.3818341" lon="16.5779270">
    <ele>8</ele>
    <time>2026-08-07T06:37:56Z</time>
    <extensions>
     <gpxdata:distance>314.00</gpxdata:distance>
     <gpxdata:speed>1.889</gpxdata:speed>
    </extensions>
   </trkpt>
   <trkpt lat="43.3818190" lon="16.5779368">
    <ele>9</ele>
    <time>2026-08-07T06:37:57Z</time>
    <extensions>
     <gpxdata:distance>316.00</gpxdata:distance>
     <gpxdata:speed>1.886</gpxdata:speed>
    </extensions>
   </trkpt>
   <trkpt lat="43.3818033" lon="16.5779463">
    <ele>9</ele>
    <time>2026-08-07T06:37:58Z</time>
    <extensions>
     <gpxdata:distance>318.00</gpxdata:distance>
     <gpxdata:speed>1.931</gpxdata:speed>
    </extensions>
   </trkpt>
   <trkpt lat="43.3817872" lon="16.5779562">
    <ele>9</ele>
    <time>2026-08-07T06:37:59Z</time>
    <extensions>
     <gpxdata:distance>320.00</gpxdata:distance>
     <gpxdata:speed>1.972</gpxdata:speed>
    </extensions>
   </trkpt>
   <trkpt lat="43.3817710" lon="16.5779662">
    <ele>9</ele>
    <time>2026-08-07T06:38:00Z</time>
    <extensions>
     <gpxdata:distance>322.00</gpxdata:distance>
     <gpxdata:speed>1.978</gpxdata:speed>
    </extensions>
   </trkpt>
   <trkpt lat="43.3817548" lon="16.5779761">
    <ele>9</ele>
    <time>2026-08-07T06:38:01Z</time>
    <extensions>
     <gpxdata:distance>324.00</gpxdata:distance>
     <gpxdata:speed>1.981</gpxdata:speed>
    </extensions>
   </trkpt>
   <trkpt lat="43.3817382" lon="16.5779856">
    <ele>9</ele>
    <time>2026-08-07T06:38:02Z</time>
    <extensions>
     <gpxdata:distance>326.00</gpxdata:distance>
     <gpxdata:speed>2.000</gpxdata:speed>
    </extensions>
   </trkpt>
   <trkpt lat="43.3817153" lon="16.5779983">
    <ele>9</ele>
    <time>2026-08-07T06:38:03Z</time>
    <extensions>
     <gpxdata:distance>328.50</gpxdata:distance>
     <gpxdata:speed>2.028</gpxdata:speed>
    </extensions>
   </trkpt>
   <trkpt lat="43.3816959" lon="16.5780090">
    <ele>9</ele>
    <time>2026-08-07T06:38:04Z</time>
    <extensions>
     <gpxdata:distance>331.00</gpxdata:distance>
     <gpxdata:speed>2.053</gpxdata:speed>
    </extensions>
   </trkpt>
   <trkpt lat="43.3816776" lon="16.5780197">
    <ele>9</ele>
    <time>2026-08-07T06:38:05Z</time>
    <extensions>
     <gpxdata:distance>333.00</gpxdata:distance>
     <gpxdata:speed>2.089</gpxdata:speed>
    </extensions>
   </trkpt>
   <trkpt lat="43.3816599" lon="16.5780304">
    <ele>9</ele>
    <time>2026-08-07T06:38:06Z</time>
    <extensions>
     <gpxdata:distance>335.00</gpxdata:distance>
     <gpxdata:speed>2.106</gpxdata:speed>
    </extensions>
   </trkpt>
   <trkpt lat="43.3816425" lon="16.5780411">
    <ele>9</ele>
    <time>2026-08-07T06:38:07Z</time>
    <extensions>
     <gpxdata:distance>337.00</gpxdata:distance>
     <gpxdata:speed>2.106</gpxdata:speed>
    </extensions>
   </trkpt>
   <trkpt lat="43.3816252" lon="16.5780519">
    <ele>9</ele>
    <time>2026-08-07T06:38:08Z</time>
    <extensions>
     <gpxdata:distance>339.00</gpxdata:distance>
     <gpxdata:speed>2.111</gpxdata:speed>
    </extensions>
   </trkpt>
   <trkpt lat="43.3816080" lon="16.5780626">
    <ele>9</ele>
    <time>2026-08-07T06:38:09Z</time>
    <extensions>
     <gpxdata:distance>341.00</gpxdata:distance>
     <gpxdata:speed>2.106</gpxdata:speed>
    </extensions>
   </trkpt>
   <trkpt lat="43.3815903" lon="16.5780727">
    <ele>9</ele>
    <time>2026-08-07T06:38:10Z</time>
    <extensions>
     <gpxdata:distance>343.00</gpxdata:distance>
     <gpxdata:speed>2.128</gpxdata:speed>
    </extensions>
   </trkpt>
   <trkpt lat="43.3815717" lon="16.5780822">
    <ele>9</ele>
    <time>2026-08-07T06:38:11Z</time>
    <extensions>
     <gpxdata:distance>345.50</gpxdata:distance>
     <gpxdata:speed>2.192</gpxdata:speed>
    </extensions>
   </trkpt>
   <trkpt lat="43.3815524" lon="16.5780916">
    <ele>9</ele>
    <time>2026-08-07T06:38:12Z</time>
    <extensions>
     <gpxdata:distance>348.00</gpxdata:distance>
     <gpxdata:speed>2.250</gpxdata:speed>
    </extensions>
   </trkpt>
   <trkpt lat="43.3815332" lon="16.5781021">
    <ele>9</ele>
    <time>2026-08-07T06:38:13Z</time>
    <extensions>
     <gpxdata:distance>350.50</gpxdata:distance>
     <gpxdata:speed>2.283</gpxdata:speed>
    </extensions>
   </trkpt>
   <trkpt lat="43.3815141" lon="16.5781136">
    <ele>9</ele>
    <time>2026-08-07T06:38:14Z</time>
    <extensions>
     <gpxdata:distance>353.00</gpxdata:distance>
     <gpxdata:speed>2.306</gpxdata:speed>
    </extensions>
   </trkpt>
   <trkpt lat="43.3814951" lon="16.5781268">
    <ele>9</ele>
    <time>2026-08-07T06:38:15Z</time>
    <extensions>
     <gpxdata:distance>355.50</gpxdata:distance>
     <gpxdata:speed>2.353</gpxdata:speed>
    </extensions>
   </trkpt>
   <trkpt lat="43.3814755" lon="16.5781416">
    <ele>9</ele>
    <time>2026-08-07T06:38:16Z</time>
    <extensions>
     <gpxdata:distance>358.00</gpxdata:distance>
     <gpxdata:speed>2.456</gpxdata:speed>
    </extensions>
   </trkpt>
   <trkpt lat="43.3814551" lon="16.5781570">
    <ele>9</ele>
    <time>2026-08-07T06:38:17Z</time>
    <extensions>
     <gpxdata:distance>360.50</gpxdata:distance>
     <gpxdata:speed>2.550</gpxdata:speed>
    </extensions>
   </trkpt>
   <trkpt lat="43.3814338" lon="16.5781712">
    <ele>9</ele>
    <time>2026-08-07T06:38:18Z</time>
    <extensions>
     <gpxdata:distance>363.00</gpxdata:distance>
     <gpxdata:speed>2.600</gpxdata:speed>
    </extensions>
   </trkpt>
   <trkpt lat="43.3814118" lon="16.5781839">
    <ele>10</ele>
    <time>2026-08-07T06:38:19Z</time>
    <extensions>
     <gpxdata:distance>366.00</gpxdata:distance>
     <gpxdata:speed>2.647</gpxdata:speed>
    </extensions>
   </trkpt>
   <trkpt lat="43.3813892" lon="16.5781957">
    <ele>10</ele>
    <time>2026-08-07T06:38:20Z</time>
    <extensions>
     <gpxdata:distance>369.00</gpxdata:distance>
     <gpxdata:speed>2.683</gpxdata:speed>
    </extensions>
   </trkpt>
   <trkpt lat="43.3813668" lon="16.5782061">
    <ele>10</ele>
    <time>2026-08-07T06:38:21Z</time>
    <extensions>
     <gpxdata:distance>371.50</gpxdata:distance>
     <gpxdata:speed>2.661</gpxdata:speed>
    </extensions>
   </trkpt>
   <trkpt lat="43.3813445" lon="16.5782150">
    <ele>10</ele>
    <time>2026-08-07T06:38:22Z</time>
    <extensions>
     <gpxdata:distance>374.00</gpxdata:distance>
     <gpxdata:speed>2.614</gpxdata:speed>
    </extensions>
   </trkpt>
   <trkpt lat="43.3813224" lon="16.5782229">
    <ele>10</ele>
    <time>2026-08-07T06:38:23Z</time>
    <extensions>
     <gpxdata:distance>376.50</gpxdata:distance>
     <gpxdata:speed>2.578</gpxdata:speed>
    </extensions>
   </trkpt>
   <trkpt lat="43.3813002" lon="16.5782300">
    <ele>10</ele>
    <time>2026-08-07T06:38:24Z</time>
    <extensions>
     <gpxdata:distance>379.00</gpxdata:distance>
     <gpxdata:speed>2.567</gpxdata:speed>
    </extensions>
   </trkpt>
   <trkpt lat="43.3812780" lon="16.5782358">
    <ele>10</ele>
    <time>2026-08-07T06:38:25Z</time>
    <extensions>
     <gpxdata:distance>381.50</gpxdata:distance>
     <gpxdata:speed>2.544</gpxdata:speed>
    </extensions>
   </trkpt>
   <trkpt lat="43.3812565" lon="16.5782402">
    <ele>10</ele>
    <time>2026-08-07T06:38:26Z</time>
    <extensions>
     <gpxdata:distance>384.00</gpxdata:distance>
     <gpxdata:speed>2.461</gpxdata:speed>
    </extensions>
   </trkpt>
   <trkpt lat="43.3812365" lon="16.5782419">
    <ele>10</ele>
    <time>2026-08-07T06:38:27Z</time>
    <extensions>
     <gpxdata:distance>385.50</gpxdata:distance>
     <gpxdata:speed>2.322</gpxdata:speed>
    </extensions>
   </trkpt>
   <trkpt lat="43.3812184" lon="16.5782408">
    <ele>10</ele>
    <time>2026-08-07T06:38:28Z</time>
    <extensions>
     <gpxdata:distance>387.00</gpxdata:distance>
     <gpxdata:speed>1.933</gpxdata:speed>
    </extensions>
   </trkpt>
   <trkpt lat="43.3812067" lon="16.5782391">
    <ele>10</ele>
    <time>2026-08-07T06:38:29Z</time>
    <extensions>
     <gpxdata:distance>388.50</gpxdata:distance>
     <gpxdata:speed>1.717</gpxdata:speed>
    </extensions>
   </trkpt>
   <trkpt lat="43.3811935" lon="16.5782370">
    <ele>10</ele>
    <time>2026-08-07T06:38:30Z</time>
    <extensions>
     <gpxdata:distance>390.00</gpxdata:distance>
     <gpxdata:speed>1.675</gpxdata:speed>
    </extensions>
   </trkpt>
   <trkpt lat="43.3811792" lon="16.5782352">
    <ele>10</ele>
    <time>2026-08-07T06:38:31Z</time>
    <extensions>
     <gpxdata:distance>392.00</gpxdata:distance>
     <gpxdata:speed>1.717</gpxdata:speed>
    </extensions>
   </trkpt>
   <trkpt lat="43.3811638" lon="16.5782344">
    <ele>10</ele>
    <time>2026-08-07T06:38:32Z</time>
    <extensions>
     <gpxdata:distance>394.00</gpxdata:distance>
     <gpxdata:speed>1.833</gpxdata:speed>
    </extensions>
   </trkpt>
   <trkpt lat="43.3811475" lon="16.5782357">
    <ele>10</ele>
    <time>2026-08-07T06:38:33Z</time>
    <extensions>
     <gpxdata:distance>396.00</gpxdata:distance>
     <gpxdata:speed>1.967</gpxdata:speed>
    </extensions>
   </trkpt>
   <trkpt lat="43.3811307" lon="16.5782396">
    <ele>10</ele>
    <time>2026-08-07T06:38:34Z</time>
    <extensions>
     <gpxdata:distance>398.00</gpxdata:distance>
     <gpxdata:speed>2.014</gpxdata:speed>
    </extensions>
   </trkpt>
   <trkpt lat="43.3811075" lon="16.5782496">
    <ele>10</ele>
    <time>2026-08-07T06:38:35Z</time>
    <extensions>
     <gpxdata:distance>400.50</gpxdata:distance>
     <gpxdata:speed>2.106</gpxdata:speed>
    </extensions>
   </trkpt>
   <trkpt lat="43.3810880" lon="16.5782618">
    <ele>10</ele>
    <time>2026-08-07T06:38:36Z</time>
    <extensions>
     <gpxdata:distance>403.00</gpxdata:distance>
     <gpxdata:speed>2.178</gpxdata:speed>
    </extensions>
   </trkpt>
   <trkpt lat="43.3810702" lon="16.5782762">
    <ele>10</ele>
    <time>2026-08-07T06:38:37Z</time>
    <extensions>
     <gpxdata:distance>405.00</gpxdata:distance>
     <gpxdata:speed>2.225</gpxdata:speed>
    </extensions>
   </trkpt>
   <trkpt lat="43.3810540" lon="16.5782922">
    <ele>10</ele>
    <time>2026-08-07T06:38:38Z</time>
    <extensions>
     <gpxdata:distance>407.00</gpxdata:distance>
     <gpxdata:speed>2.233</gpxdata:speed>
    </extensions>
   </trkpt>
   <trkpt lat="43.3810384" lon="16.5783094">
    <ele>10</ele>
    <time>2026-08-07T06:38:39Z</time>
    <extensions>
     <gpxdata:distance>409.00</gpxdata:distance>
     <gpxdata:speed>2.253</gpxdata:speed>
    </extensions>
   </trkpt>
   <trkpt lat="43.3810223" lon="16.5783253">
    <ele>10</ele>
    <time>2026-08-07T06:38:40Z</time>
    <extensions>
     <gpxdata:distance>411.00</gpxdata:distance>
     <gpxdata:speed>2.250</gpxdata:speed>
    </extensions>
   </trkpt>
   <trkpt lat="43.3810046" lon="16.5783365">
    <ele>10</ele>
    <time>2026-08-07T06:38:41Z</time>
    <extensions>
     <gpxdata:distance>413.50</gpxdata:distance>
     <gpxdata:speed>2.289</gpxdata:speed>
    </extensions>
   </trkpt>
   <trkpt lat="43.3809853" lon="16.5783408">
    <ele>10</ele>
    <time>2026-08-07T06:38:42Z</time>
    <extensions>
     <gpxdata:distance>416.00</gpxdata:distance>
     <gpxdata:speed>2.375</gpxdata:speed>
    </extensions>
   </trkpt>
   <trkpt lat="43.3809657" lon="16.5783378">
    <ele>10</ele>
    <time>2026-08-07T06:38:43Z</time>
    <extensions>
     <gpxdata:distance>418.00</gpxdata:distance>
     <gpxdata:speed>2.414</gpxdata:speed>
    </extensions>
   </trkpt>
   <trkpt lat="43.3809473" lon="16.5783282">
    <ele>10</ele>
    <time>2026-08-07T06:38:44Z</time>
    <extensions>
     <gpxdata:distance>420.00</gpxdata:distance>
     <gpxdata:speed>2.417</gpxdata:speed>
    </extensions>
   </trkpt>
   <trkpt lat="43.3809305" lon="16.5783134">
    <ele>10</ele>
    <time>2026-08-07T06:38:45Z</time>
    <extensions>
     <gpxdata:distance>422.00</gpxdata:distance>
     <gpxdata:speed>2.406</gpxdata:speed>
    </extensions>
   </trkpt>
   <trkpt lat="43.3809155" lon="16.5782960">
    <ele>10</ele>
    <time>2026-08-07T06:38:46Z</time>
    <extensions>
     <gpxdata:distance>424.00</gpxdata:distance>
     <gpxdata:speed>2.339</gpxdata:speed>
    </extensions>
   </trkpt>
   <trkpt lat="43.3809022" lon="16.5782778">
    <ele>10</ele>
    <time>2026-08-07T06:38:47Z</time>
    <extensions>
     <gpxdata:distance>426.00</gpxdata:distance>
     <gpxdata:speed>2.217</gpxdata:speed>
    </extensions>
   </trkpt>
   <trkpt lat="43.3808903" lon="16.5782596">
    <ele>10</ele>
    <time>2026-08-07T06:38:48Z</time>
    <extensions>
     <gpxdata:distance>428.00</gpxdata:distance>
     <gpxdata:speed>2.103</gpxdata:speed>
    </extensions>
   </trkpt>
   <trkpt lat="43.3808797" lon="16.5782417">
    <ele>10</ele>
    <time>2026-08-07T06:38:49Z</time>
    <extensions>
     <gpxdata:distance>429.50</gpxdata:distance>
     <gpxdata:speed>1.978</gpxdata:speed>
    </extensions>
   </trkpt>
   <trkpt lat="43.3808733" lon="16.5782296">
    <ele>11</ele>
    <time>2026-08-07T06:38:50Z</time>
    <extensions>
     <gpxdata:distance>431.00</gpxdata:distance>
     <gpxdata:speed>1.803</gpxdata:speed>
    </extensions>
   </trkpt>
   <trkpt lat="43.3808679" lon="16.5782158">
    <ele>11</ele>
    <time>2026-08-07T06:38:51Z</time>
    <extensions>
     <gpxdata:distance>432.00</gpxdata:distance>
     <gpxdata:speed>1.531</gpxdata:speed>
    </extensions>
   </trkpt>
   <trkpt lat="43.3808647" lon="16.5782009">
    <ele>11</ele>
    <time>2026-08-07T06:38:52Z</time>
    <extensions>
     <gpxdata:distance>433.00</gpxdata:distance>
     <gpxdata:speed>1.439</gpxdata:speed>
    </extensions>
   </trkpt>
   <trkpt lat="43.3808648" lon="16.5781851">
    <ele>11</ele>
    <time>2026-08-07T06:38:53Z</time>
    <extensions>
     <gpxdata:distance>434.50</gpxdata:distance>
     <gpxdata:speed>1.533</gpxdata:speed>
    </extensions>
   </trkpt>
   <trkpt lat="43.3808692" lon="16.5781689">
    <ele>11</ele>
    <time>2026-08-07T06:38:54Z</time>
    <extensions>
     <gpxdata:distance>436.00</gpxdata:distance>
     <gpxdata:speed>1.761</gpxdata:speed>
    </extensions>
   </trkpt>
   <trkpt lat="43.3808780" lon="16.5781523">
    <ele>11</ele>
    <time>2026-08-07T06:38:55Z</time>
    <extensions>
     <gpxdata:distance>438.50</gpxdata:distance>
     <gpxdata:speed>1.975</gpxdata:speed>
    </extensions>
   </trkpt>
   <trkpt lat="43.3808905" lon="16.5781353">
    <ele>11</ele>
    <time>2026-08-07T06:38:56Z</time>
    <extensions>
     <gpxdata:distance>441.00</gpxdata:distance>
     <gpxdata:speed>2.186</gpxdata:speed>
    </extensions>
   </trkpt>
   <trkpt lat="43.3809114" lon="16.5781113">
    <ele>11</ele>
    <time>2026-08-07T06:38:57Z</time>
    <extensions>
     <gpxdata:distance>444.00</gpxdata:distance>
     <gpxdata:speed>2.600</gpxdata:speed>
    </extensions>
   </trkpt>
   <trkpt lat="43.3809318" lon="16.5780903">
    <ele>12</ele>
    <time>2026-08-07T06:38:58Z</time>
    <extensions>
     <gpxdata:distance>447.00</gpxdata:distance>
     <gpxdata:speed>2.808</gpxdata:speed>
    </extensions>
   </trkpt>
   <trkpt lat="43.3809528" lon="16.5780700">
    <ele>12</ele>
    <time>2026-08-07T06:38:59Z</time>
    <extensions>
     <gpxdata:distance>450.00</gpxdata:distance>
     <gpxdata:speed>2.956</gpxdata:speed>
    </extensions>
   </trkpt>
   <trkpt lat="43.3809743" lon="16.5780495">
    <ele>12</ele>
    <time>2026-08-07T06:39:00Z</time>
    <extensions>
     <gpxdata:distance>453.00</gpxdata:distance>
     <gpxdata:speed>2.992</gpxdata:speed>
    </extensions>
   </trkpt>
   <trkpt lat="43.3809962" lon="16.5780293">
    <ele>12</ele>
    <time>2026-08-07T06:39:01Z</time>
    <extensions>
     <gpxdata:distance>456.00</gpxdata:distance>
     <gpxdata:speed>2.983</gpxdata:speed>
    </extensions>
   </trkpt>
   <trkpt lat="43.3810180" lon="16.5780098">
    <ele>12</ele>
    <time>2026-08-07T06:39:02Z</time>
    <extensions>
     <gpxdata:distance>459.00</gpxdata:distance>
     <gpxdata:speed>2.911</gpxdata:speed>
    </extensions>
   </trkpt>
   <trkpt lat="43.3810397" lon="16.5779902">
    <ele>12</ele>
    <time>2026-08-07T06:39:03Z</time>
    <extensions>
     <gpxdata:distance>462.00</gpxdata:distance>
     <gpxdata:speed>2.897</gpxdata:speed>
    </extensions>
   </trkpt>
   <trkpt lat="43.3810611" lon="16.5779702">
    <ele>12</ele>
    <time>2026-08-07T06:39:04Z</time>
    <extensions>
     <gpxdata:distance>465.00</gpxdata:distance>
     <gpxdata:speed>2.925</gpxdata:speed>
    </extensions>
   </trkpt>
   <trkpt lat="43.3810820" lon="16.5779492">
    <ele>12</ele>
    <time>2026-08-07T06:39:05Z</time>
    <extensions>
     <gpxdata:distance>468.00</gpxdata:distance>
     <gpxdata:speed>2.925</gpxdata:speed>
    </extensions>
   </trkpt>
   <trkpt lat="43.3811023" lon="16.5779272">
    <ele>12</ele>
    <time>2026-08-07T06:39:06Z</time>
    <extensions>
     <gpxdata:distance>471.00</gpxdata:distance>
     <gpxdata:speed>2.914</gpxdata:speed>
    </extensions>
   </trkpt>
   <trkpt lat="43.3811224" lon="16.5779043">
    <ele>13</ele>
    <time>2026-08-07T06:39:07Z</time>
    <extensions>
     <gpxdata:distance>474.00</gpxdata:distance>
     <gpxdata:speed>2.931</gpxdata:speed>
    </extensions>
   </trkpt>
   <trkpt lat="43.3811421" lon="16.5778800">
    <ele>13</ele>
    <time>2026-08-07T06:39:08Z</time>
    <extensions>
     <gpxdata:distance>477.00</gpxdata:distance>
     <gpxdata:speed>2.956</gpxdata:speed>
    </extensions>
   </trkpt>
   <trkpt lat="43.3811614" lon="16.5778538">
    <ele>13</ele>
    <time>2026-08-07T06:39:09Z</time>
    <extensions>
     <gpxdata:distance>480.00</gpxdata:distance>
     <gpxdata:speed>3.008</gpxdata:speed>
    </extensions>
   </trkpt>
   <trkpt lat="43.3811918" lon="16.5778076">
    <ele>13</ele>
    <time>2026-08-07T06:39:10Z</time>
    <extensions>
     <gpxdata:distance>483.00</gpxdata:distance>
     <gpxdata:speed>3.083</gpxdata:speed>
    </extensions>
   </trkpt>
   <trkpt lat="43.3812115" lon="16.5777730">
    <ele>13</ele>
    <time>2026-08-07T06:39:11Z</time>
    <extensions>
     <gpxdata:distance>486.50</gpxdata:distance>
     <gpxdata:speed>3.128</gpxdata:speed>
    </extensions>
   </trkpt>
   <trkpt lat="43.3812279" lon="16.5777392">
    <ele>13</ele>
    <time>2026-08-07T06:39:12Z</time>
    <extensions>
     <gpxdata:distance>490.00</gpxdata:distance>
     <gpxdata:speed>3.164</gpxdata:speed>
    </extensions>
   </trkpt>
   <trkpt lat="43.3812421" lon="16.5777046">
    <ele>13</ele>
    <time>2026-08-07T06:39:13Z</time>
    <extensions>
     <gpxdata:distance>493.00</gpxdata:distance>
     <gpxdata:speed>3.183</gpxdata:speed>
    </extensions>
   </trkpt>
   <trkpt lat="43.3812538" lon="16.5776689">
    <ele>13</ele>
    <time>2026-08-07T06:39:14Z</time>
    <extensions>
     <gpxdata:distance>496.00</gpxdata:distance>
     <gpxdata:speed>3.175</gpxdata:speed>
    </extensions>
   </trkpt>
   <trkpt lat="43.3812635" lon="16.5776327">
    <ele>13</ele>
    <time>2026-08-07T06:39:15Z</time>
    <extensions>
     <gpxdata:distance>499.00</gpxdata:distance>
     <gpxdata:speed>3.158</gpxdata:speed>
    </extensions>
   </trkpt>
   <trkpt lat="43.3812715" lon="16.5775963">
    <ele>13</ele>
    <time>2026-08-07T06:39:16Z</time>
    <extensions>
     <gpxdata:distance>502.00</gpxdata:distance>
     <gpxdata:speed>3.125</gpxdata:speed>
    </extensions>
   </trkpt>
   <trkpt lat="43.3812781" lon="16.5775596">
    <ele>13</ele>
    <time>2026-08-07T06:39:17Z</time>
    <extensions>
     <gpxdata:distance>505.00</gpxdata:distance>
     <gpxdata:speed>3.103</gpxdata:speed>
    </extensions>
   </trkpt>
   <trkpt lat="43.3812830" lon="16.5775227">
    <ele>13</ele>
    <time>2026-08-07T06:39:18Z</time>
    <extensions>
     <gpxdata:distance>508.00</gpxdata:distance>
     <gpxdata:speed>3.078</gpxdata:speed>
    </extensions>
   </trkpt>
   <trkpt lat="43.3812863" lon="16.5774848">
    <ele>14</ele>
    <time>2026-08-07T06:39:19Z</time>
    <extensions>
     <gpxdata:distance>511.00</gpxdata:distance>
     <gpxdata:speed>3.092</gpxdata:speed>
    </extensions>
   </trkpt>
   <trkpt lat="43.3812875" lon="16.5774462">
    <ele>14</ele>
    <time>2026-08-07T06:39:20Z</time>
    <extensions>
     <gpxdata:distance>514.00</gpxdata:distance>
     <gpxdata:speed>3.114</gpxdata:speed>
    </extensions>
   </trkpt>
   <trkpt lat="43.3812873" lon="16.5774072">
    <ele>14</ele>
    <time>2026-08-07T06:39:21Z</time>
    <extensions>
     <gpxdata:distance>517.50</gpxdata:distance>
     <gpxdata:speed>3.128</gpxdata:speed>
    </extensions>
   </trkpt>
   <trkpt lat="43.3812865" lon="16.5773680">
    <ele>14</ele>
    <time>2026-08-07T06:39:22Z</time>
    <extensions>
     <gpxdata:distance>521.00</gpxdata:distance>
     <gpxdata:speed>3.142</gpxdata:speed>
    </extensions>
   </trkpt>
   <trkpt lat="43.3812855" lon="16.5773292">
    <ele>14</ele>
    <time>2026-08-07T06:39:23Z</time>
    <extensions>
     <gpxdata:distance>524.00</gpxdata:distance>
     <gpxdata:speed>3.133</gpxdata:speed>
    </extensions>
   </trkpt>
   <trkpt lat="43.3812844" lon="16.5772913">
    <ele>14</ele>
    <time>2026-08-07T06:39:24Z</time>
    <extensions>
     <gpxdata:distance>527.00</gpxdata:distance>
     <gpxdata:speed>3.092</gpxdata:speed>
    </extensions>
   </trkpt>
   <trkpt lat="43.3812832" lon="16.5772535">
    <ele>14</ele>
    <time>2026-08-07T06:39:25Z</time>
    <extensions>
     <gpxdata:distance>530.00</gpxdata:distance>
     <gpxdata:speed>3.078</gpxdata:speed>
    </extensions>
   </trkpt>
   <trkpt lat="43.3812812" lon="16.5772151">
    <ele>14</ele>
    <time>2026-08-07T06:39:26Z</time>
    <extensions>
     <gpxdata:distance>533.00</gpxdata:distance>
     <gpxdata:speed>3.103</gpxdata:speed>
    </extensions>
   </trkpt>
   <trkpt lat="43.3812778" lon="16.5771768">
    <ele>14</ele>
    <time>2026-08-07T06:39:27Z</time>
    <extensions>
     <gpxdata:distance>536.00</gpxdata:distance>
     <gpxdata:speed>3.108</gpxdata:speed>
    </extensions>
   </trkpt>
   <trkpt lat="43.3812726" lon="16.5771384">
    <ele>14</ele>
    <time>2026-08-07T06:39:28Z</time>
    <extensions>
     <gpxdata:distance>539.00</gpxdata:distance>
     <gpxdata:speed>3.139</gpxdata:speed>
    </extensions>
   </trkpt>
   <trkpt lat="43.3812661" lon="16.5770998">
    <ele>14</ele>
    <time>2026-08-07T06:39:29Z</time>
    <extensions>
     <gpxdata:distance>542.50</gpxdata:distance>
     <gpxdata:speed>3.164</gpxdata:speed>
    </extensions>
   </trkpt>
   <trkpt lat="43.3812582" lon="16.5770616">
    <ele>14</ele>
    <time>2026-08-07T06:39:30Z</time>
    <extensions>
     <gpxdata:distance>546.00</gpxdata:distance>
     <gpxdata:speed>3.183</gpxdata:speed>
    </extensions>
   </trkpt>
   <trkpt lat="43.3812488" lon="16.5770238">
    <ele>14</ele>
    <time>2026-08-07T06:39:31Z</time>
    <extensions>
     <gpxdata:distance>549.00</gpxdata:distance>
     <gpxdata:speed>3.203</gpxdata:speed>
    </extensions>
   </trkpt>
   <trkpt lat="43.3812380" lon="16.5769865">
    <ele>14</ele>
    <time>2026-08-07T06:39:32Z</time>
    <extensions>
     <gpxdata:distance>552.00</gpxdata:distance>
     <gpxdata:speed>3.222</gpxdata:speed>
    </extensions>
   </trkpt>
   <trkpt lat="43.3812268" lon="16.5769488">
    <ele>14</ele>
    <time>2026-08-07T06:39:33Z</time>
    <extensions>
     <gpxdata:distance>555.50</gpxdata:distance>
     <gpxdata:speed>3.256</gpxdata:speed>
    </extensions>
   </trkpt>
   <trkpt lat="43.3812148" lon="16.5769110">
    <ele>14</ele>
    <time>2026-08-07T06:39:34Z</time>
    <extensions>
     <gpxdata:distance>559.00</gpxdata:distance>
     <gpxdata:speed>3.286</gpxdata:speed>
    </extensions>
   </trkpt>
   <trkpt lat="43.3812014" lon="16.5768742">
    <ele>15</ele>
    <time>2026-08-07T06:39:35Z</time>
    <extensions>
     <gpxdata:distance>562.50</gpxdata:distance>
     <gpxdata:speed>3.308</gpxdata:speed>
    </extensions>
   </trkpt>
   <trkpt lat="43.3811864" lon="16.5768384">
    <ele>15</ele>
    <time>2026-08-07T06:39:36Z</time>
    <extensions>
     <gpxdata:distance>566.00</gpxdata:distance>
     <gpxdata:speed>3.328</gpxdata:speed>
    </extensions>
   </trkpt>
   <trkpt lat="43.3811700" lon="16.5768033">
    <ele>15</ele>
    <time>2026-08-07T06:39:37Z</time>
    <extensions>
     <gpxdata:distance>569.50</gpxdata:distance>
     <gpxdata:speed>3.350</gpxdata:speed>
    </extensions>
   </trkpt>
   <trkpt lat="43.3811529" lon="16.5767685">
    <ele>15</ele>
    <time>2026-08-07T06:39:38Z</time>
    <extensions>
     <gpxdata:distance>573.00</gpxdata:distance>
     <gpxdata:speed>3.375</gpxdata:speed>
    </extensions>
   </trkpt>
   <trkpt lat="43.3811358" lon="16.5767339">
    <ele>15</ele>
    <time>2026-08-07T06:39:39Z</time>
    <extensions>
     <gpxdata:distance>576.00</gpxdata:distance>
     <gpxdata:speed>3.378</gpxdata:speed>
    </extensions>
   </trkpt>
   <trkpt lat="43.3811195" lon="16.5767003">
    <ele>15</ele>
    <time>2026-08-07T06:39:40Z</time>
    <extensions>
     <gpxdata:distance>579.00</gpxdata:distance>
     <gpxdata:speed>3.322</gpxdata:speed>
    </extensions>
   </trkpt>
   <trkpt lat="43.3811037" lon="16.5766682">
    <ele>15</ele>
    <time>2026-08-07T06:39:41Z</time>
    <extensions>
     <gpxdata:distance>582.00</gpxdata:distance>
     <gpxdata:speed>3.239</gpxdata:speed>
    </extensions>
   </trkpt>
   <trkpt lat="43.3810874" lon="16.5766377">
    <ele>15</ele>
    <time>2026-08-07T06:39:42Z</time>
    <extensions>
     <gpxdata:distance>585.00</gpxdata:distance>
     <gpxdata:speed>3.178</gpxdata:speed>
    </extensions>
   </trkpt>
   <trkpt lat="43.3810701" lon="16.5766085">
    <ele>15</ele>
    <time>2026-08-07T06:39:43Z</time>
    <extensions>
     <gpxdata:distance>588.00</gpxdata:distance>
     <gpxdata:speed>3.133</gpxdata:speed>
    </extensions>
   </trkpt>
   <trkpt lat="43.3810520" lon="16.5765795">
    <ele>16</ele>
    <time>2026-08-07T06:39:44Z</time>
    <extensions>
     <gpxdata:distance>591.00</gpxdata:distance>
     <gpxdata:speed>3.131</gpxdata:speed>
    </extensions>
   </trkpt>
   <trkpt lat="43.3810333" lon="16.5765493">
    <ele>16</ele>
    <time>2026-08-07T06:39:45Z</time>
    <extensions>
     <gpxdata:distance>594.50</gpxdata:distance>
     <gpxdata:speed>3.181</gpxdata:speed>
    </extensions>
   </trkpt>
   <trkpt lat="43.3810141" lon="16.5765181">
    <ele>16</ele>
    <time>2026-08-07T06:39:46Z</time>
    <extensions>
     <gpxdata:distance>598.00</gpxdata:distance>
     <gpxdata:speed>3.236</gpxdata:speed>
    </extensions>
   </trkpt>
   <trkpt lat="43.3809949" lon="16.5764869">
    <ele>16</ele>
    <time>2026-08-07T06:39:47Z</time>
    <extensions>
     <gpxdata:distance>601.50</gpxdata:distance>
     <gpxdata:speed>3.250</gpxdata:speed>
    </extensions>
   </trkpt>
   <trkpt lat="43.3809756" lon="16.5764552">
    <ele>16</ele>
    <time>2026-08-07T06:39:48Z</time>
    <extensions>
     <gpxdata:distance>605.00</gpxdata:distance>
     <gpxdata:speed>3.283</gpxdata:speed>
    </extensions>
   </trkpt>
   <trkpt lat="43.3809562" lon="16.5764235">
    <ele>16</ele>
    <time>2026-08-07T06:39:49Z</time>
    <extensions>
     <gpxdata:distance>608.00</gpxdata:distance>
     <gpxdata:speed>3.306</gpxdata:speed>
    </extensions>
   </trkpt>
   <trkpt lat="43.3809376" lon="16.5763915">
    <ele>17</ele>
    <time>2026-08-07T06:39:50Z</time>
    <extensions>
     <gpxdata:distance>611.00</gpxdata:distance>
     <gpxdata:speed>3.303</gpxdata:speed>
    </extensions>
   </trkpt>
   <trkpt lat="43.3809186" lon="16.5763587">
    <ele>17</ele>
    <time>2026-08-07T06:39:51Z</time>
    <extensions>
     <gpxdata:distance>615.00</gpxdata:distance>
     <gpxdata:speed>3.356</gpxdata:speed>
    </extensions>
   </trkpt>
   <trkpt lat="43.3808985" lon="16.5763250">
    <ele>17</ele>
    <time>2026-08-07T06:39:52Z</time>
    <extensions>
     <gpxdata:distance>619.00</gpxdata:distance>
     <gpxdata:speed>3.436</gpxdata:speed>
    </extensions>
   </trkpt>
   <trkpt lat="43.3808775" lon="16.5762900">
    <ele>17</ele>
    <time>2026-08-07T06:39:53Z</time>
    <extensions>
     <gpxdata:distance>622.50</gpxdata:distance>
     <gpxdata:speed>3.542</gpxdata:speed>
    </extensions>
   </trkpt>
   <trkpt lat="43.3808561" lon="16.5762539">
    <ele>17</ele>
    <time>2026-08-07T06:39:54Z</time>
    <extensions>
     <gpxdata:distance>626.00</gpxdata:distance>
     <gpxdata:speed>3.633</gpxdata:speed>
    </extensions>
   </trkpt>
   <trkpt lat="43.3808345" lon="16.5762173">
    <ele>17</ele>
    <time>2026-08-07T06:39:55Z</time>
    <extensions>
     <gpxdata:distance>630.00</gpxdata:distance>
     <gpxdata:speed>3.703</gpxdata:speed>
    </extensions>
   </trkpt>
   <trkpt lat="43.3808131" lon="16.5761802">
    <ele>17</ele>
    <time>2026-08-07T06:39:56Z</time>
    <extensions>
     <gpxdata:distance>634.00</gpxdata:distance>
     <gpxdata:speed>3.750</gpxdata:speed>
    </extensions>
   </trkpt>
   <trkpt lat="43.3807934" lon="16.5761441">
    <ele>18</ele>
    <time>2026-08-07T06:39:57Z</time>
    <extensions>
     <gpxdata:distance>637.50</gpxdata:distance>
     <gpxdata:speed>3.692</gpxdata:speed>
    </extensions>
   </trkpt>
   <trkpt lat="43.3807740" lon="16.5761085">
    <ele>18</ele>
    <time>2026-08-07T06:39:58Z</time>
    <extensions>
     <gpxdata:distance>641.00</gpxdata:distance>
     <gpxdata:speed>3.664</gpxdata:speed>
    </extensions>
   </trkpt>
   <trkpt lat="43.3807550" lon="16.5760720">
    <ele>18</ele>
    <time>2026-08-07T06:39:59Z</time>
    <extensions>
     <gpxdata:distance>644.50</gpxdata:distance>
     <gpxdata:speed>3.664</gpxdata:speed>
    </extensions>
   </trkpt>
   <trkpt lat="43.3807362" lon="16.5760347">
    <ele>18</ele>
    <time>2026-08-07T06:40:00Z</time>
    <extensions>
     <gpxdata:distance>648.00</gpxdata:distance>
     <gpxdata:speed>3.683</gpxdata:speed>
    </extensions>
   </trkpt>
   <trkpt lat="43.3807160" lon="16.5759974">
    <ele>18</ele>
    <time>2026-08-07T06:40:01Z</time>
    <extensions>
     <gpxdata:distance>652.00</gpxdata:distance>
     <gpxdata:speed>3.733</gpxdata:speed>
    </extensions>
   </trkpt>
   <trkpt lat="43.3806951" lon="16.5759586">
    <ele>18</ele>
    <time>2026-08-07T06:40:02Z</time>
    <extensions>
     <gpxdata:distance>656.00</gpxdata:distance>
     <gpxdata:speed>3.819</gpxdata:speed>
    </extensions>
   </trkpt>
   <trkpt lat="43.3806740" lon="16.5759179">
    <ele>18</ele>
    <time>2026-08-07T06:40:03Z</time>
    <extensions>
     <gpxdata:distance>660.50</gpxdata:distance>
     <gpxdata:speed>3.919</gpxdata:speed>
    </extensions>
   </trkpt>
   <trkpt lat="43.3806528" lon="16.5758753">
    <ele>18</ele>
    <time>2026-08-07T06:40:04Z</time>
    <extensions>
     <gpxdata:distance>665.00</gpxdata:distance>
     <gpxdata:speed>4.031</gpxdata:speed>
    </extensions>
   </trkpt>
   <trkpt lat="43.3806314" lon="16.5758313">
    <ele>18</ele>
    <time>2026-08-07T06:40:05Z</time>
    <extensions>
     <gpxdata:distance>669.50</gpxdata:distance>
     <gpxdata:speed>4.139</gpxdata:speed>
    </extensions>
   </trkpt>
   <trkpt lat="43.3806104" lon="16.5757854">
    <ele>18</ele>
    <time>2026-08-07T06:40:06Z</time>
    <extensions>
     <gpxdata:distance>674.00</gpxdata:distance>
     <gpxdata:speed>4.267</gpxdata:speed>
    </extensions>
   </trkpt>
   <trkpt lat="43.3805902" lon="16.5757368">
    <ele>18</ele>
    <time>2026-08-07T06:40:07Z</time>
    <extensions>
     <gpxdata:distance>678.50</gpxdata:distance>
     <gpxdata:speed>4.525</gpxdata:speed>
    </extensions>
   </trkpt>
   <trkpt lat="43.3805711" lon="16.5756856">
    <ele>18</ele>
    <time>2026-08-07T06:40:08Z</time>
    <extensions>
     <gpxdata:distance>683.00</gpxdata:distance>
     <gpxdata:speed>4.658</gpxdata:speed>
    </extensions>
   </trkpt>
   <trkpt lat="43.3805532" lon="16.5756326">
    <ele>18</ele>
    <time>2026-08-07T06:40:09Z</time>
    <extensions>
     <gpxdata:distance>688.00</gpxdata:distance>
     <gpxdata:speed>4.717</gpxdata:speed>
    </extensions>
   </trkpt>
   <trkpt lat="43.3805373" lon="16.5755780">
    <ele>18</ele>
    <time>2026-08-07T06:40:10Z</time>
    <extensions>
     <gpxdata:distance>693.00</gpxdata:distance>
     <gpxdata:speed>4.747</gpxdata:speed>
    </extensions>
   </trkpt>
   <trkpt lat="43.3805235" lon="16.5755221">
    <ele>18</ele>
    <time>2026-08-07T06:40:11Z</time>
    <extensions>
     <gpxdata:distance>697.50</gpxdata:distance>
     <gpxdata:speed>4.767</gpxdata:speed>
    </extensions>
   </trkpt>
   <trkpt lat="43.3805117" lon="16.5754652">
    <ele>18</ele>
    <time>2026-08-07T06:40:12Z</time>
    <extensions>
     <gpxdata:distance>702.00</gpxdata:distance>
     <gpxdata:speed>4.778</gpxdata:speed>
    </extensions>
   </trkpt>
   <trkpt lat="43.3805021" lon="16.5754085">
    <ele>18</ele>
    <time>2026-08-07T06:40:13Z</time>
    <extensions>
     <gpxdata:distance>706.50</gpxdata:distance>
     <gpxdata:speed>4.706</gpxdata:speed>
    </extensions>
   </trkpt>
   <trkpt lat="43.3804948" lon="16.5753538">
    <ele>18</ele>
    <time>2026-08-07T06:40:14Z</time>
    <extensions>
     <gpxdata:distance>711.00</gpxdata:distance>
     <gpxdata:speed>4.528</gpxdata:speed>
    </extensions>
   </trkpt>
   <trkpt lat="43.3804899" lon="16.5753018">
    <ele>18</ele>
    <time>2026-08-07T06:40:15Z</time>
    <extensions>
     <gpxdata:distance>715.00</gpxdata:distance>
     <gpxdata:speed>4.372</gpxdata:speed>
    </extensions>
   </trkpt>
   <trkpt lat="43.3804871" lon="16.5752521">
    <ele>18</ele>
    <time>2026-08-07T06:40:16Z</time>
    <extensions>
     <gpxdata:distance>719.00</gpxdata:distance>
     <gpxdata:speed>4.219</gpxdata:speed>
    </extensions>
   </trkpt>
   <trkpt lat="43.3804858" lon="16.5752039">
    <ele>18</ele>
    <time>2026-08-07T06:40:17Z</time>
    <extensions>
     <gpxdata:distance>722.50</gpxdata:distance>
     <gpxdata:speed>4.092</gpxdata:speed>
    </extensions>
   </trkpt>
   <trkpt lat="43.3804849" lon="16.5751565">
    <ele>18</ele>
    <time>2026-08-07T06:40:18Z</time>
    <extensions>
     <gpxdata:distance>726.00</gpxdata:distance>
     <gpxdata:speed>3.886</gpxdata:speed>
    </extensions>
   </trkpt>
   <trkpt lat="43.3804839" lon="16.5751098">
    <ele>18</ele>
    <time>2026-08-07T06:40:19Z</time>
    <extensions>
     <gpxdata:distance>730.00</gpxdata:distance>
     <gpxdata:speed>3.819</gpxdata:speed>
    </extensions>
   </trkpt>
   <trkpt lat="43.3804829" lon="16.5750642">
    <ele>18</ele>
    <time>2026-08-07T06:40:20Z</time>
    <extensions>
     <gpxdata:distance>734.00</gpxdata:distance>
     <gpxdata:speed>3.725</gpxdata:speed>
    </extensions>
   </trkpt>
   <trkpt lat="43.3804823" lon="16.5750183">
    <ele>18</ele>
    <time>2026-08-07T06:40:21Z</time>
    <extensions>
     <gpxdata:distance>737.50</gpxdata:distance>
     <gpxdata:speed>3.739</gpxdata:speed>
    </extensions>
   </trkpt>
   <trkpt lat="43.3804814" lon="16.5749719">
    <ele>19</ele>
    <time>2026-08-07T06:40:22Z</time>
    <extensions>
     <gpxdata:distance>741.00</gpxdata:distance>
     <gpxdata:speed>3.775</gpxdata:speed>
    </extensions>
   </trkpt>
   <trkpt lat="43.3804803" lon="16.5749250">
    <ele>19</ele>
    <time>2026-08-07T06:40:23Z</time>
    <extensions>
     <gpxdata:distance>745.00</gpxdata:distance>
     <gpxdata:speed>3.797</gpxdata:speed>
    </extensions>
   </trkpt>
   <trkpt lat="43.3804792" lon="16.5748783">
    <ele>19</ele>
    <time>2026-08-07T06:40:24Z</time>
    <extensions>
     <gpxdata:distance>749.00</gpxdata:distance>
     <gpxdata:speed>3.767</gpxdata:speed>
    </extensions>
   </trkpt>
   <trkpt lat="43.3804788" lon="16.5748320">
    <ele>19</ele>
    <time>2026-08-07T06:40:25Z</time>
    <extensions>
     <gpxdata:distance>752.50</gpxdata:distance>
     <gpxdata:speed>3.739</gpxdata:speed>
    </extensions>
   </trkpt>
   <trkpt lat="43.3804782" lon="16.5747853">
    <ele>19</ele>
    <time>2026-08-07T06:40:26Z</time>
    <extensions>
     <gpxdata:distance>756.00</gpxdata:distance>
     <gpxdata:speed>3.769</gpxdata:speed>
    </extensions>
   </trkpt>
   <trkpt lat="43.3804773" lon="16.5747376">
    <ele>19</ele>
    <time>2026-08-07T06:40:27Z</time>
    <extensions>
     <gpxdata:distance>760.00</gpxdata:distance>
     <gpxdata:speed>3.819</gpxdata:speed>
    </extensions>
   </trkpt>
   <trkpt lat="43.3804757" lon="16.5746892">
    <ele>19</ele>
    <time>2026-08-07T06:40:28Z</time>
    <extensions>
     <gpxdata:distance>764.00</gpxdata:distance>
     <gpxdata:speed>3.864</gpxdata:speed>
    </extensions>
   </trkpt>
   <trkpt lat="43.3804743" lon="16.5746407">
    <ele>19</ele>
    <time>2026-08-07T06:40:29Z</time>
    <extensions>
     <gpxdata:distance>768.00</gpxdata:distance>
     <gpxdata:speed>3.883</gpxdata:speed>
    </extensions>
   </trkpt>
   <trkpt lat="43.3804734" lon="16.5745928">
    <ele>20</ele>
    <time>2026-08-07T06:40:30Z</time>
    <extensions>
     <gpxdata:distance>772.00</gpxdata:distance>
     <gpxdata:speed>3.872</gpxdata:speed>
    </extensions>
   </trkpt>
   <trkpt lat="43.3804729" lon="16.5745456">
    <ele>20</ele>
    <time>2026-08-07T06:40:31Z</time>
    <extensions>
     <gpxdata:distance>776.00</gpxdata:distance>
     <gpxdata:speed>3.847</gpxdata:speed>
    </extensions>
   </trkpt>
   <trkpt lat="43.3804733" lon="16.5744986">
    <ele>20</ele>
    <time>2026-08-07T06:40:32Z</time>
    <extensions>
     <gpxdata:distance>780.00</gpxdata:distance>
     <gpxdata:speed>3.831</gpxdata:speed>
    </extensions>
   </trkpt>
   <trkpt lat="43.3804741" lon="16.5744520">
    <ele>20</ele>
    <time>2026-08-07T06:40:33Z</time>
    <extensions>
     <gpxdata:distance>783.50</gpxdata:distance>
     <gpxdata:speed>3.806</gpxdata:speed>
    </extensions>
   </trkpt>
   <trkpt lat="43.3804746" lon="16.5744051">
    <ele>20</ele>
    <time>2026-08-07T06:40:34Z</time>
    <extensions>
     <gpxdata:distance>787.00</gpxdata:distance>
     <gpxdata:speed>3.808</gpxdata:speed>
    </extensions>
   </trkpt>
   <trkpt lat="43.3804744" lon="16.5743580">
    <ele>20</ele>
    <time>2026-08-07T06:40:35Z</time>
    <extensions>
     <gpxdata:distance>791.00</gpxdata:distance>
     <gpxdata:speed>3.817</gpxdata:speed>
    </extensions>
   </trkpt>
   <trkpt lat="43.3804739" lon="16.5743105">
    <ele>20</ele>
    <time>2026-08-07T06:40:36Z</time>
    <extensions>
     <gpxdata:distance>795.00</gpxdata:distance>
     <gpxdata:speed>3.833</gpxdata:speed>
    </extensions>
   </trkpt>
   <trkpt lat="43.3804736" lon="16.5742625">
    <ele>20</ele>
    <time>2026-08-07T06:40:37Z</time>
    <extensions>
     <gpxdata:distance>799.00</gpxdata:distance>
     <gpxdata:speed>3.856</gpxdata:speed>
    </extensions>
   </trkpt>
   <trkpt lat="43.3804733" lon="16.5742148">
    <ele>21</ele>
    <time>2026-08-07T06:40:38Z</time>
    <extensions>
     <gpxdata:distance>803.00</gpxdata:distance>
     <gpxdata:speed>3.853</gpxdata:speed>
    </extensions>
   </trkpt>
   <trkpt lat="43.3804729" lon="16.5741674">
    <ele>21</ele>
    <time>2026-08-07T06:40:39Z</time>
    <extensions>
     <gpxdata:distance>806.50</gpxdata:distance>
     <gpxdata:speed>3.839</gpxdata:speed>
    </extensions>
   </trkpt>
   <trkpt lat="43.3804726" lon="16.5741206">
    <ele>21</ele>
    <time>2026-08-07T06:40:40Z</time>
    <extensions>
     <gpxdata:distance>810.00</gpxdata:distance>
     <gpxdata:speed>3.814</gpxdata:speed>
    </extensions>
   </trkpt>
   <trkpt lat="43.3804722" lon="16.5740743">
    <ele>21</ele>
    <time>2026-08-07T06:40:41Z</time>
    <extensions>
     <gpxdata:distance>814.00</gpxdata:distance>
     <gpxdata:speed>3.786</gpxdata:speed>
    </extensions>
   </trkpt>
   <trkpt lat="43.3804718" lon="16.5740274">
    <ele>21</ele>
    <time>2026-08-07T06:40:42Z</time>
    <extensions>
     <gpxdata:distance>818.00</gpxdata:distance>
     <gpxdata:speed>3.800</gpxdata:speed>
    </extensions>
   </trkpt>
   <trkpt lat="43.3804715" lon="16.5739796">
    <ele>21</ele>
    <time>2026-08-07T06:40:43Z</time>
    <extensions>
     <gpxdata:distance>822.00</gpxdata:distance>
     <gpxdata:speed>3.839</gpxdata:speed>
    </extensions>
   </trkpt>
   <trkpt lat="43.3804710" lon="16.5739319">
    <ele>21</ele>
    <time>2026-08-07T06:40:44Z</time>
    <extensions>
     <gpxdata:distance>826.00</gpxdata:distance>
     <gpxdata:speed>3.844</gpxdata:speed>
    </extensions>
   </trkpt>
   <trkpt lat="43.3804707" lon="16.5738854">
    <ele>21</ele>
    <time>2026-08-07T06:40:45Z</time>
    <extensions>
     <gpxdata:distance>829.50</gpxdata:distance>
     <gpxdata:speed>3.797</gpxdata:speed>
    </extensions>
   </trkpt>
   <trkpt lat="43.3804710" lon="16.5738398">
    <ele>21</ele>
    <time>2026-08-07T06:40:46Z</time>
    <extensions>
     <gpxdata:distance>833.00</gpxdata:distance>
     <gpxdata:speed>3.753</gpxdata:speed>
    </extensions>
   </trkpt>
   <trkpt lat="43.3804714" lon="16.5737948">
    <ele>21</ele>
    <time>2026-08-07T06:40:47Z</time>
    <extensions>
     <gpxdata:distance>836.50</gpxdata:distance>
     <gpxdata:speed>3.706</gpxdata:speed>
    </extensions>
   </trkpt>
   <trkpt lat="43.3804712" lon="16.5737500">
    <ele>21</ele>
    <time>2026-08-07T06:40:48Z</time>
    <extensions>
     <gpxdata:distance>840.00</gpxdata:distance>
     <gpxdata:speed>3.681</gpxdata:speed>
    </extensions>
   </trkpt>
   <trkpt lat="43.3804706" lon="16.5737049">
    <ele>21</ele>
    <time>2026-08-07T06:40:49Z</time>
    <extensions>
     <gpxdata:distance>844.00</gpxdata:distance>
     <gpxdata:speed>3.672</gpxdata:speed>
    </extensions>
   </trkpt>
   <trkpt lat="43.3804699" lon="16.5736590">
    <ele>21</ele>
    <time>2026-08-07T06:40:50Z</time>
    <extensions>
     <gpxdata:distance>848.00</gpxdata:distance>
     <gpxdata:speed>3.700</gpxdata:speed>
    </extensions>
   </trkpt>
   <trkpt lat="43.3804693" lon="16.5736120">
    <ele>22</ele>
    <time>2026-08-07T06:40:51Z</time>
    <extensions>
     <gpxdata:distance>851.50</gpxdata:distance>
     <gpxdata:speed>3.747</gpxdata:speed>
    </extensions>
   </trkpt>
   <trkpt lat="43.3804685" lon="16.5735642">
    <ele>22</ele>
    <time>2026-08-07T06:40:52Z</time>
    <extensions>
     <gpxdata:distance>855.00</gpxdata:distance>
     <gpxdata:speed>3.794</gpxdata:speed>
    </extensions>
   </trkpt>
   <trkpt lat="43.3804677" lon="16.5735149">
    <ele>22</ele>
    <time>2026-08-07T06:40:53Z</time>
    <extensions>
     <gpxdata:distance>859.50</gpxdata:distance>
     <gpxdata:speed>3.875</gpxdata:speed>
    </extensions>
   </trkpt>
   <trkpt lat="43.3804667" lon="16.5734636">
    <ele>22</ele>
    <time>2026-08-07T06:40:54Z</time>
    <extensions>
     <gpxdata:distance>864.00</gpxdata:distance>
     <gpxdata:speed>3.997</gpxdata:speed>
    </extensions>
   </trkpt>
   <trkpt lat="43.3804653" lon="16.5734105">
    <ele>22</ele>
    <time>2026-08-07T06:40:55Z</time>
    <extensions>
     <gpxdata:distance>868.50</gpxdata:distance>
     <gpxdata:speed>4.119</gpxdata:speed>
    </extensions>
   </trkpt>
   <trkpt lat="43.3804641" lon="16.5733565">
    <ele>22</ele>
    <time>2026-08-07T06:40:56Z</time>
    <extensions>
     <gpxdata:distance>873.00</gpxdata:distance>
     <gpxdata:speed>4.217</gpxdata:speed>
    </extensions>
   </trkpt>
   <trkpt lat="43.3804621" lon="16.5733030">
    <ele>22</ele>
    <time>2026-08-07T06:40:57Z</time>
    <extensions>
     <gpxdata:distance>877.00</gpxdata:distance>
     <gpxdata:speed>4.253</gpxdata:speed>
    </extensions>
   </trkpt>
   <trkpt lat="43.3804600" lon="16.5732500">
    <ele>22</ele>
    <time>2026-08-07T06:40:58Z</time>
    <extensions>
     <gpxdata:distance>881.00</gpxdata:distance>
     <gpxdata:speed>4.264</gpxdata:speed>
    </extensions>
   </trkpt>
   <trkpt lat="43.3804583" lon="16.5731970">
    <ele>22</ele>
    <time>2026-08-07T06:40:59Z</time>
    <extensions>
     <gpxdata:distance>885.50</gpxdata:distance>
     <gpxdata:speed>4.278</gpxdata:speed>
    </extensions>
   </trkpt>
   <trkpt lat="43.3804574" lon="16.5731442">
    <ele>22</ele>
    <time>2026-08-07T06:41:00Z</time>
    <extensions>
     <gpxdata:distance>890.00</gpxdata:distance>
     <gpxdata:speed>4.286</gpxdata:speed>
    </extensions>
   </trkpt>
   <trkpt lat="43.3804565" lon="16.5730914">
    <ele>22</ele>
    <time>2026-08-07T06:41:01Z</time>
    <extensions>
     <gpxdata:distance>894.00</gpxdata:distance>
     <gpxdata:speed>4.292</gpxdata:speed>
    </extensions>
   </trkpt>
   <trkpt lat="43.3804558" lon="16.5730383">
    <ele>22</ele>
    <time>2026-08-07T06:41:02Z</time>
    <extensions>
     <gpxdata:distance>898.00</gpxdata:distance>
     <gpxdata:speed>4.308</gpxdata:speed>
    </extensions>
   </trkpt>
   <trkpt lat="43.3804552" lon="16.5729850">
    <ele>22</ele>
    <time>2026-08-07T06:41:03Z</time>
    <extensions>
     <gpxdata:distance>902.50</gpxdata:distance>
     <gpxdata:speed>4.319</gpxdata:speed>
    </extensions>
   </trkpt>
   <trkpt lat="43.3804543" lon="16.5729318">
    <ele>22</ele>
    <time>2026-08-07T06:41:04Z</time>
    <extensions>
     <gpxdata:distance>907.00</gpxdata:distance>
     <gpxdata:speed>4.317</gpxdata:speed>
    </extensions>
   </trkpt>
   <trkpt lat="43.3804530" lon="16.5728789">
    <ele>22</ele>
    <time>2026-08-07T06:41:05Z</time>
    <extensions>
     <gpxdata:distance>911.00</gpxdata:distance>
     <gpxdata:speed>4.300</gpxdata:speed>
    </extensions>
   </trkpt>
   <trkpt lat="43.3804518" lon="16.5728260">
    <ele>22</ele>
    <time>2026-08-07T06:41:06Z</time>
    <extensions>
     <gpxdata:distance>915.00</gpxdata:distance>
     <gpxdata:speed>4.294</gpxdata:speed>
    </extensions>
   </trkpt>
   <trkpt lat="43.3804509" lon="16.5727729">
    <ele>22</ele>
    <time>2026-08-07T06:41:07Z</time>
    <extensions>
     <gpxdata:distance>919.50</gpxdata:distance>
     <gpxdata:speed>4.300</gpxdata:speed>
    </extensions>
   </trkpt>
   <trkpt lat="43.3804497" lon="16.5727195">
    <ele>22</ele>
    <time>2026-08-07T06:41:08Z</time>
    <extensions>
     <gpxdata:distance>924.00</gpxdata:distance>
     <gpxdata:speed>4.319</gpxdata:speed>
    </extensions>
   </trkpt>
   <trkpt lat="43.3804485" lon="16.5726652">
    <ele>22</ele>
    <time>2026-08-07T06:41:09Z</time>
    <extensions>
     <gpxdata:distance>928.50</gpxdata:distance>
     <gpxdata:speed>4.356</gpxdata:speed>
    </extensions>
   </trkpt>
   <trkpt lat="43.3804470" lon="16.5726105">
    <ele>22</ele>
    <time>2026-08-07T06:41:10Z</time>
    <extensions>
     <gpxdata:distance>933.00</gpxdata:distance>
     <gpxdata:speed>4.381</gpxdata:speed>
    </extensions>
   </trkpt>
   <trkpt lat="43.3804456" lon="16.5725563">
    <ele>22</ele>
    <time>2026-08-07T06:41:11Z</time>
    <extensions>
     <gpxdata:distance>937.50</gpxdata:distance>
     <gpxdata:speed>4.378</gpxdata:speed>
    </extensions>
   </trkpt>
   <trkpt lat="43.3804443" lon="16.5725030">
    <ele>23</ele>
    <time>2026-08-07T06:41:12Z</time>
    <extensions>
     <gpxdata:distance>942.00</gpxdata:distance>
     <gpxdata:speed>4.344</gpxdata:speed>
    </extensions>
   </trkpt>
   <trkpt lat="43.3804430" lon="16.5724503">
    <ele>23</ele>
    <time>2026-08-07T06:41:13Z</time>
    <extensions>
     <gpxdata:distance>946.00</gpxdata:distance>
     <gpxdata:speed>4.308</gpxdata:speed>
    </extensions>
   </trkpt>
   <trkpt lat="43.3804414" lon="16.5723976">
    <ele>23</ele>
    <time>2026-08-07T06:41:14Z</time>
    <extensions>
     <gpxdata:distance>950.00</gpxdata:distance>
     <gpxdata:speed>4.303</gpxdata:speed>
    </extensions>
   </trkpt>
   <trkpt lat="43.3804402" lon="16.5723441">
    <ele>23</ele>
    <time>2026-08-07T06:41:15Z</time>
    <extensions>
     <gpxdata:distance>954.50</gpxdata:distance>
     <gpxdata:speed>4.319</gpxdata:speed>
    </extensions>
   </trkpt>
   <trkpt lat="43.3804396" lon="16.5722905">
    <ele>23</ele>
    <time>2026-08-07T06:41:16Z</time>
    <extensions>
     <gpxdata:distance>959.00</gpxdata:distance>
     <gpxdata:speed>4.328</gpxdata:speed>
    </extensions>
   </trkpt>
   <trkpt lat="43.3804391" lon="16.5722375">
    <ele>23</ele>
    <time>2026-08-07T06:41:17Z</time>
    <extensions>
     <gpxdata:distance>963.00</gpxdata:distance>
     <gpxdata:speed>4.306</gpxdata:speed>
    </extensions>
   </trkpt>
   <trkpt lat="43.3804375" lon="16.5721848">
    <ele>23</ele>
    <time>2026-08-07T06:41:18Z</time>
    <extensions>
     <gpxdata:distance>967.00</gpxdata:distance>
     <gpxdata:speed>4.289</gpxdata:speed>
    </extensions>
   </trkpt>
   <trkpt lat="43.3804343" lon="16.5721326">
    <ele>23</ele>
    <time>2026-08-07T06:41:19Z</time>
    <extensions>
     <gpxdata:distance>971.50</gpxdata:distance>
     <gpxdata:speed>4.269</gpxdata:speed>
    </extensions>
   </trkpt>
   <trkpt lat="43.3804298" lon="16.5720804">
    <ele>23</ele>
    <time>2026-08-07T06:41:20Z</time>
    <extensions>
     <gpxdata:distance>976.00</gpxdata:distance>
     <gpxdata:speed>4.269</gpxdata:speed>
    </extensions>
   </trkpt>
   <trkpt lat="43.3804239" lon="16.5720273">
    <ele>23</ele>
    <time>2026-08-07T06:41:21Z</time>
    <extensions>
     <gpxdata:distance>980.50</gpxdata:distance>
     <gpxdata:speed>4.314</gpxdata:speed>
    </extensions>
   </trkpt>
   <trkpt lat="43.3804164" lon="16.5719730">
    <ele>23</ele>
    <time>2026-08-07T06:41:22Z</time>
    <extensions>
     <gpxdata:distance>985.00</gpxdata:distance>
     <gpxdata:speed>4.392</gpxdata:speed>
    </extensions>
   </trkpt>
   <trkpt lat="43.3804072" lon="16.5719167">
    <ele>23</ele>
    <time>2026-08-07T06:41:23Z</time>
    <extensions>
     <gpxdata:distance>990.00</gpxdata:distance>
     <gpxdata:speed>4.519</gpxdata:speed>
    </extensions>
   </trkpt>
   <trkpt lat="43.3803965" lon="16.5718583">
    <ele>23</ele>
    <time>2026-08-07T06:41:24Z</time>
    <extensions>
     <gpxdata:distance>995.00</gpxdata:distance>
     <gpxdata:speed>4.678</gpxdata:speed>
    </extensions>
   </trkpt>
   <trkpt lat="43.3803838" lon="16.5717974">
    <ele>23</ele>
    <time>2026-08-07T06:41:25Z</time>
    <extensions>
     <gpxdata:distance>1000.50</gpxdata:distance>
     <gpxdata:speed>5.108</gpxdata:speed>
    </extensions>
   </trkpt>
   <trkpt lat="43.3803691" lon="16.5717343">
    <ele>23</ele>
    <time>2026-08-07T06:41:26Z</time>
    <extensions>
     <gpxdata:distance>1006.00</gpxdata:distance>
     <gpxdata:speed>5.350</gpxdata:speed>
    </extensions>
   </trkpt>
   <trkpt lat="43.3803528" lon="16.5716698">
    <ele>23</ele>
    <time>2026-08-07T06:41:27Z</time>
    <extensions>
     <gpxdata:distance>1011.50</gpxdata:distance>
     <gpxdata:speed>5.500</gpxdata:speed>
    </extensions>
   </trkpt>
   <trkpt lat="43.3803354" lon="16.5716037">
    <ele>23</ele>
    <time>2026-08-07T06:41:28Z</time>
    <extensions>
     <gpxdata:distance>1017.00</gpxdata:distance>
     <gpxdata:speed>5.678</gpxdata:speed>
    </extensions>
   </trkpt>
   <trkpt lat="43.3803172" lon="16.5715354">
    <ele>23</ele>
    <time>2026-08-07T06:41:29Z</time>
    <extensions>
     <gpxdata:distance>1023.50</gpxdata:distance>
     <gpxdata:speed>5.878</gpxdata:speed>
    </extensions>
   </trkpt>
   <trkpt lat="43.3802984" lon="16.5714647">
    <ele>23</ele>
    <time>2026-08-07T06:41:30Z</time>
    <extensions>
     <gpxdata:distance>1030.00</gpxdata:distance>
     <gpxdata:speed>6.097</gpxdata:speed>
    </extensions>
   </trkpt>
   <trkpt lat="43.3802741" lon="16.5713670">
    <ele>23</ele>
    <time>2026-08-07T06:41:31Z</time>
    <extensions>
     <gpxdata:distance>1036.50</gpxdata:distance>
     <gpxdata:speed>6.258</gpxdata:speed>
    </extensions>
   </trkpt>
   <trkpt lat="43.3802571" lon="16.5712878">
    <ele>23</ele>
    <time>2026-08-07T06:41:32Z</time>
    <extensions>
     <gpxdata:distance>1043.00</gpxdata:distance>
     <gpxdata:speed>6.369</gpxdata:speed>
    </extensions>
   </trkpt>
   <trkpt lat="43.3802431" lon="16.5712092">
    <ele>23</ele>
    <time>2026-08-07T06:41:33Z</time>
    <extensions>
     <gpxdata:distance>1049.50</gpxdata:distance>
     <gpxdata:speed>6.456</gpxdata:speed>
    </extensions>
   </trkpt>
   <trkpt lat="43.3802314" lon="16.5711291">
    <ele>23</ele>
    <time>2026-08-07T06:41:34Z</time>
    <extensions>
     <gpxdata:distance>1056.00</gpxdata:distance>
     <gpxdata:speed>6.558</gpxdata:speed>
    </extensions>
   </trkpt>
   <trkpt lat="43.3802216" lon="16.5710481">
    <ele>23</ele>
    <time>2026-08-07T06:41:35Z</time>
    <extensions>
     <gpxdata:distance>1062.50</gpxdata:distance>
     <gpxdata:speed>6.603</gpxdata:speed>
    </extensions>
   </trkpt>
   <trkpt lat="43.3802139" lon="16.5709664">
    <ele>23</ele>
    <time>2026-08-07T06:41:36Z</time>
    <extensions>
     <gpxdata:distance>1069.00</gpxdata:distance>
     <gpxdata:speed>6.633</gpxdata:speed>
    </extensions>
   </trkpt>
   <trkpt lat="43.3802094" lon="16.5708841">
    <ele>22</ele>
    <time>2026-08-07T06:41:37Z</time>
    <extensions>
     <gpxdata:distance>1076.00</gpxdata:distance>
     <gpxdata:speed>6.661</gpxdata:speed>
    </extensions>
   </trkpt>
   <trkpt lat="43.3802085" lon="16.5708010">
    <ele>22</ele>
    <time>2026-08-07T06:41:38Z</time>
    <extensions>
     <gpxdata:distance>1083.00</gpxdata:distance>
     <gpxdata:speed>6.711</gpxdata:speed>
    </extensions>
   </trkpt>
   <trkpt lat="43.3802110" lon="16.5707171">
    <ele>22</ele>
    <time>2026-08-07T06:41:39Z</time>
    <extensions>
     <gpxdata:distance>1089.50</gpxdata:distance>
     <gpxdata:speed>6.758</gpxdata:speed>
    </extensions>
   </trkpt>
   <trkpt lat="43.3802171" lon="16.5706331">
    <ele>22</ele>
    <time>2026-08-07T06:41:40Z</time>
    <extensions>
     <gpxdata:distance>1096.00</gpxdata:distance>
     <gpxdata:speed>6.803</gpxdata:speed>
    </extensions>
   </trkpt>
   <trkpt lat="43.3802270" lon="16.5705494">
    <ele>22</ele>
    <time>2026-08-07T06:41:41Z</time>
    <extensions>
     <gpxdata:distance>1103.00</gpxdata:distance>
     <gpxdata:speed>6.833</gpxdata:speed>
    </extensions>
   </trkpt>
   <trkpt lat="43.3802411" lon="16.5704665">
    <ele>22</ele>
    <time>2026-08-07T06:41:42Z</time>
    <extensions>
     <gpxdata:distance>1110.00</gpxdata:distance>
     <gpxdata:speed>6.861</gpxdata:speed>
    </extensions>
   </trkpt>
   <trkpt lat="43.3802598" lon="16.5703849">
    <ele>21</ele>
    <time>2026-08-07T06:41:43Z</time>
    <extensions>
     <gpxdata:distance>1117.00</gpxdata:distance>
     <gpxdata:speed>6.886</gpxdata:speed>
    </extensions>
   </trkpt>
   <trkpt lat="43.3802823" lon="16.5703055">
    <ele>21</ele>
    <time>2026-08-07T06:41:44Z</time>
    <extensions>
     <gpxdata:distance>1124.00</gpxdata:distance>
     <gpxdata:speed>6.886</gpxdata:speed>
    </extensions>
   </trkpt>
   <trkpt lat="43.3803079" lon="16.5702298">
    <ele>21</ele>
    <time>2026-08-07T06:41:45Z</time>
    <extensions>
     <gpxdata:distance>1130.50</gpxdata:distance>
     <gpxdata:speed>6.828</gpxdata:speed>
    </extensions>
   </trkpt>
   <trkpt lat="43.3803357" lon="16.5701583">
    <ele>21</ele>
    <time>2026-08-07T06:41:46Z</time>
    <extensions>
     <gpxdata:distance>1137.00</gpxdata:distance>
     <gpxdata:speed>6.725</gpxdata:speed>
    </extensions>
   </trkpt>
   <trkpt lat="43.3803664" lon="16.5700923">
    <ele>21</ele>
    <time>2026-08-07T06:41:47Z</time>
    <extensions>
     <gpxdata:distance>1143.00</gpxdata:distance>
     <gpxdata:speed>6.581</gpxdata:speed>
    </extensions>
   </trkpt>
   <trkpt lat="43.3803997" lon="16.5700317">
    <ele>21</ele>
    <time>2026-08-07T06:41:48Z</time>
    <extensions>
     <gpxdata:distance>1149.00</gpxdata:distance>
     <gpxdata:speed>6.428</gpxdata:speed>
    </extensions>
   </trkpt>
   <trkpt lat="43.3804350" lon="16.5699756">
    <ele>21</ele>
    <time>2026-08-07T06:41:49Z</time>
    <extensions>
     <gpxdata:distance>1155.00</gpxdata:distance>
     <gpxdata:speed>6.097</gpxdata:speed>
    </extensions>
   </trkpt>
   <trkpt lat="43.3804713" lon="16.5699235">
    <ele>21</ele>
    <time>2026-08-07T06:41:50Z</time>
    <extensions>
     <gpxdata:distance>1161.00</gpxdata:distance>
     <gpxdata:speed>5.906</gpxdata:speed>
    </extensions>
   </trkpt>
   <trkpt lat="43.3804984" lon="16.5698889">
    <ele>20</ele>
    <time>2026-08-07T06:41:51Z</time>
    <extensions>
     <gpxdata:distance>1166.50</gpxdata:distance>
     <gpxdata:speed>5.756</gpxdata:speed>
    </extensions>
   </trkpt>
   <trkpt lat="43.3805334" lon="16.5698476">
    <ele>20</ele>
    <time>2026-08-07T06:41:52Z</time>
    <extensions>
     <gpxdata:distance>1172.00</gpxdata:distance>
     <gpxdata:speed>5.600</gpxdata:speed>
    </extensions>
   </trkpt>
   <trkpt lat="43.3805703" lon="16.5698058">
    <ele>20</ele>
    <time>2026-08-07T06:41:53Z</time>
    <extensions>
     <gpxdata:distance>1177.00</gpxdata:distance>
     <gpxdata:speed>5.453</gpxdata:speed>
    </extensions>
   </trkpt>
   <trkpt lat="43.3806067" lon="16.5697648">
    <ele>20</ele>
    <time>2026-08-07T06:41:54Z</time>
    <extensions>
     <gpxdata:distance>1182.00</gpxdata:distance>
     <gpxdata:speed>5.258</gpxdata:speed>
    </extensions>
   </trkpt>
   <trkpt lat="43.3806418" lon="16.5697252">
    <ele>20</ele>
    <time>2026-08-07T06:41:55Z</time>
    <extensions>
     <gpxdata:distance>1187.00</gpxdata:distance>
     <gpxdata:speed>5.061</gpxdata:speed>
    </extensions>
   </trkpt>
   <trkpt lat="43.3806752" lon="16.5696866">
    <ele>20</ele>
    <time>2026-08-07T06:41:56Z</time>
    <extensions>
     <gpxdata:distance>1192.00</gpxdata:distance>
     <gpxdata:speed>4.856</gpxdata:speed>
    </extensions>
   </trkpt>
   <trkpt lat="43.3807070" lon="16.5696494">
    <ele>21</ele>
    <time>2026-08-07T06:41:57Z</time>
    <extensions>
     <gpxdata:distance>1196.50</gpxdata:distance>
     <gpxdata:speed>4.658</gpxdata:speed>
    </extensions>
   </trkpt>
   <trkpt lat="43.3807377" lon="16.5696134">
    <ele>21</ele>
    <time>2026-08-07T06:41:58Z</time>
    <extensions>
     <gpxdata:distance>1201.00</gpxdata:distance>
     <gpxdata:speed>4.517</gpxdata:speed>
    </extensions>
   </trkpt>
   <trkpt lat="43.3807679" lon="16.5695774">
    <ele>21</ele>
    <time>2026-08-07T06:41:59Z</time>
    <extensions>
     <gpxdata:distance>1205.50</gpxdata:distance>
     <gpxdata:speed>4.486</gpxdata:speed>
    </extensions>
   </trkpt>
   <trkpt lat="43.3807978" lon="16.5695408">
    <ele>21</ele>
    <time>2026-08-07T06:42:00Z</time>
    <extensions>
     <gpxdata:distance>1210.00</gpxdata:distance>
     <gpxdata:speed>4.494</gpxdata:speed>
    </extensions>
   </trkpt>
   <trkpt lat="43.3808268" lon="16.5695027">
    <ele>21</ele>
    <time>2026-08-07T06:42:01Z</time>
    <extensions>
     <gpxdata:distance>1214.00</gpxdata:distance>
     <gpxdata:speed>4.469</gpxdata:speed>
    </extensions>
   </trkpt>
   <trkpt lat="43.3808546" lon="16.5694632">
    <ele>21</ele>
    <time>2026-08-07T06:42:02Z</time>
    <extensions>
     <gpxdata:distance>1218.00</gpxdata:distance>
     <gpxdata:speed>4.450</gpxdata:speed>
    </extensions>
   </trkpt>
   <trkpt lat="43.3808813" lon="16.5694231">
    <ele>21</ele>
    <time>2026-08-07T06:42:03Z</time>
    <extensions>
     <gpxdata:distance>1222.50</gpxdata:distance>
     <gpxdata:speed>4.403</gpxdata:speed>
    </extensions>
   </trkpt>
   <trkpt lat="43.3809071" lon="16.5693818">
    <ele>21</ele>
    <time>2026-08-07T06:42:04Z</time>
    <extensions>
     <gpxdata:distance>1227.00</gpxdata:distance>
     <gpxdata:speed>4.394</gpxdata:speed>
    </extensions>
   </trkpt>
   <trkpt lat="43.3809317" lon="16.5693389">
    <ele>21</ele>
    <time>2026-08-07T06:42:05Z</time>
    <extensions>
     <gpxdata:distance>1231.50</gpxdata:distance>
     <gpxdata:speed>4.431</gpxdata:speed>
    </extensions>
   </trkpt>
   <trkpt lat="43.3809546" lon="16.5692937">
    <ele>21</ele>
    <time>2026-08-07T06:42:06Z</time>
    <extensions>
     <gpxdata:distance>1236.00</gpxdata:distance>
     <gpxdata:speed>4.444</gpxdata:speed>
    </extensions>
   </trkpt>
   <trkpt lat="43.3809759" lon="16.5692462">
    <ele>22</ele>
    <time>2026-08-07T06:42:07Z</time>
    <extensions>
     <gpxdata:distance>1241.00</gpxdata:distance>
     <gpxdata:speed>4.486</gpxdata:speed>
    </extensions>
   </trkpt>
   <trkpt lat="43.3809961" lon="16.5691965">
    <ele>22</ele>
    <time>2026-08-07T06:42:08Z</time>
    <extensions>
     <gpxdata:distance>1246.00</gpxdata:distance>
     <gpxdata:speed>4.544</gpxdata:speed>
    </extensions>
   </trkpt>
   <trkpt lat="43.3810149" lon="16.5691454">
    <ele>22</ele>
    <time>2026-08-07T06:42:09Z</time>
    <extensions>
     <gpxdata:distance>1250.50</gpxdata:distance>
     <gpxdata:speed>4.578</gpxdata:speed>
    </extensions>
   </trkpt>
   <trkpt lat="43.3810325" lon="16.5690932">
    <ele>22</ele>
    <time>2026-08-07T06:42:10Z</time>
    <extensions>
     <gpxdata:distance>1255.00</gpxdata:distance>
     <gpxdata:speed>4.603</gpxdata:speed>
    </extensions>
   </trkpt>
   <trkpt lat="43.3810488" lon="16.5690405">
    <ele>22</ele>
    <time>2026-08-07T06:42:11Z</time>
    <extensions>
     <gpxdata:distance>1259.50</gpxdata:distance>
     <gpxdata:speed>4.614</gpxdata:speed>
    </extensions>
   </trkpt>
   <trkpt lat="43.3810640" lon="16.5689869">
    <ele>22</ele>
    <time>2026-08-07T06:42:12Z</time>
    <extensions>
     <gpxdata:distance>1264.00</gpxdata:distance>
     <gpxdata:speed>4.628</gpxdata:speed>
    </extensions>
   </trkpt>
   <trkpt lat="43.3810777" lon="16.5689327">
    <ele>22</ele>
    <time>2026-08-07T06:42:13Z</time>
    <extensions>
     <gpxdata:distance>1268.50</gpxdata:distance>
     <gpxdata:speed>4.633</gpxdata:speed>
    </extensions>
   </trkpt>
   <trkpt lat="43.3810900" lon="16.5688781">
    <ele>22</ele>
    <time>2026-08-07T06:42:14Z</time>
    <extensions>
     <gpxdata:distance>1273.00</gpxdata:distance>
     <gpxdata:speed>4.631</gpxdata:speed>
    </extensions>
   </trkpt>
   <trkpt lat="43.3811003" lon="16.5688233">
    <ele>22</ele>
    <time>2026-08-07T06:42:15Z</time>
    <extensions>
     <gpxdata:distance>1277.50</gpxdata:distance>
     <gpxdata:speed>4.614</gpxdata:speed>
    </extensions>
   </trkpt>
   <trkpt lat="43.3811088" lon="16.5687685">
    <ele>22</ele>
    <time>2026-08-07T06:42:16Z</time>
    <extensions>
     <gpxdata:distance>1282.00</gpxdata:distance>
     <gpxdata:speed>4.581</gpxdata:speed>
    </extensions>
   </trkpt>
   <trkpt lat="43.3811154" lon="16.5687138">
    <ele>22</ele>
    <time>2026-08-07T06:42:17Z</time>
    <extensions>
     <gpxdata:distance>1286.50</gpxdata:distance>
     <gpxdata:speed>4.539</gpxdata:speed>
    </extensions>
   </trkpt>
   <trkpt lat="43.3811210" lon="16.5686597">
    <ele>22</ele>
    <time>2026-08-07T06:42:18Z</time>
    <extensions>
     <gpxdata:distance>1291.00</gpxdata:distance>
     <gpxdata:speed>4.492</gpxdata:speed>
    </extensions>
   </trkpt>
   <trkpt lat="43.3811259" lon="16.5686057">
    <ele>22</ele>
    <time>2026-08-07T06:42:19Z</time>
    <extensions>
     <gpxdata:distance>1295.50</gpxdata:distance>
     <gpxdata:speed>4.458</gpxdata:speed>
    </extensions>
   </trkpt>
   <trkpt lat="43.3811300" lon="16.5685517">
    <ele>23</ele>
    <time>2026-08-07T06:42:20Z</time>
    <extensions>
     <gpxdata:distance>1300.00</gpxdata:distance>
     <gpxdata:speed>4.431</gpxdata:speed>
    </extensions>
   </trkpt>
   <trkpt lat="43.3811334" lon="16.5684979">
    <ele>23</ele>
    <time>2026-08-07T06:42:21Z</time>
    <extensions>
     <gpxdata:distance>1304.00</gpxdata:distance>
     <gpxdata:speed>4.406</gpxdata:speed>
    </extensions>
   </trkpt>
   <trkpt lat="43.3811355" lon="16.5684446">
    <ele>23</ele>
    <time>2026-08-07T06:42:22Z</time>
    <extensions>
     <gpxdata:distance>1308.00</gpxdata:distance>
     <gpxdata:speed>4.369</gpxdata:speed>
    </extensions>
   </trkpt>
   <trkpt lat="43.3811359" lon="16.5683919">
    <ele>23</ele>
    <time>2026-08-07T06:42:23Z</time>
    <extensions>
     <gpxdata:distance>1312.50</gpxdata:distance>
     <gpxdata:speed>4.317</gpxdata:speed>
    </extensions>
   </trkpt>
   <trkpt lat="43.3811350" lon="16.5683393">
    <ele>23</ele>
    <time>2026-08-07T06:42:24Z</time>
    <extensions>
     <gpxdata:distance>1317.00</gpxdata:distance>
     <gpxdata:speed>4.294</gpxdata:speed>
    </extensions>
   </trkpt>
   <trkpt lat="43.3811336" lon="16.5682863">
    <ele>23</ele>
    <time>2026-08-07T06:42:25Z</time>
    <extensions>
     <gpxdata:distance>1321.50</gpxdata:distance>
     <gpxdata:speed>4.297</gpxdata:speed>
    </extensions>
   </trkpt>
   <trkpt lat="43.3811322" lon="16.5682327">
    <ele>23</ele>
    <time>2026-08-07T06:42:26Z</time>
    <extensions>
     <gpxdata:distance>1326.00</gpxdata:distance>
     <gpxdata:speed>4.319</gpxdata:speed>
    </extensions>
   </trkpt>
   <trkpt lat="43.3811306" lon="16.5681788">
    <ele>23</ele>
    <time>2026-08-07T06:42:27Z</time>
    <extensions>
     <gpxdata:distance>1330.50</gpxdata:distance>
     <gpxdata:speed>4.333</gpxdata:speed>
    </extensions>
   </trkpt>
   <trkpt lat="43.3811288" lon="16.5681244">
    <ele>23</ele>
    <time>2026-08-07T06:42:28Z</time>
    <extensions>
     <gpxdata:distance>1335.00</gpxdata:distance>
     <gpxdata:speed>4.364</gpxdata:speed>
    </extensions>
   </trkpt>
   <trkpt lat="43.3811268" lon="16.5680692">
    <ele>23</ele>
    <time>2026-08-07T06:42:29Z</time>
    <extensions>
     <gpxdata:distance>1339.50</gpxdata:distance>
     <gpxdata:speed>4.414</gpxdata:speed>
    </extensions>
   </trkpt>
   <trkpt lat="43.3811245" lon="16.5680130">
    <ele>23</ele>
    <time>2026-08-07T06:42:30Z</time>
    <extensions>
     <gpxdata:distance>1344.00</gpxdata:distance>
     <gpxdata:speed>4.472</gpxdata:speed>
    </extensions>
   </trkpt>
   <trkpt lat="43.3811221" lon="16.5679562">
    <ele>23</ele>
    <time>2026-08-07T06:42:31Z</time>
    <extensions>
     <gpxdata:distance>1348.50</gpxdata:distance>
     <gpxdata:speed>4.522</gpxdata:speed>
    </extensions>
   </trkpt>
   <trkpt lat="43.3811194" lon="16.5678993">
    <ele>23</ele>
    <time>2026-08-07T06:42:32Z</time>
    <extensions>
     <gpxdata:distance>1353.00</gpxdata:distance>
     <gpxdata:speed>4.556</gpxdata:speed>
    </extensions>
   </trkpt>
   <trkpt lat="43.3811162" lon="16.5678429">
    <ele>23</ele>
    <time>2026-08-07T06:42:33Z</time>
    <extensions>
     <gpxdata:distance>1357.50</gpxdata:distance>
     <gpxdata:speed>4.561</gpxdata:speed>
    </extensions>
   </trkpt>
   <trkpt lat="43.3811120" lon="16.5677873">
    <ele>23</ele>
    <time>2026-08-07T06:42:34Z</time>
    <extensions>
     <gpxdata:distance>1362.00</gpxdata:distance>
     <gpxdata:speed>4.542</gpxdata:speed>
    </extensions>
   </trkpt>
   <trkpt lat="43.3811075" lon="16.5677323">
    <ele>24</ele>
    <time>2026-08-07T06:42:35Z</time>
    <extensions>
     <gpxdata:distance>1366.50</gpxdata:distance>
     <gpxdata:speed>4.514</gpxdata:speed>
    </extensions>
   </trkpt>
   <trkpt lat="43.3811031" lon="16.5676780">
    <ele>24</ele>
    <time>2026-08-07T06:42:36Z</time>
    <extensions>
     <gpxdata:distance>1371.00</gpxdata:distance>
     <gpxdata:speed>4.472</gpxdata:speed>
    </extensions>
   </trkpt>
   <trkpt lat="43.3810986" lon="16.5676244">
    <ele>24</ele>
    <time>2026-08-07T06:42:37Z</time>
    <extensions>
     <gpxdata:distance>1375.00</gpxdata:distance>
     <gpxdata:speed>4.433</gpxdata:speed>
    </extensions>
   </trkpt>
   <trkpt lat="43.3810935" lon="16.5675712">
    <ele>24</ele>
    <time>2026-08-07T06:42:38Z</time>
    <extensions>
     <gpxdata:distance>1379.00</gpxdata:distance>
     <gpxdata:speed>4.400</gpxdata:speed>
    </extensions>
   </trkpt>
   <trkpt lat="43.3810877" lon="16.5675181">
    <ele>24</ele>
    <time>2026-08-07T06:42:39Z</time>
    <extensions>
     <gpxdata:distance>1383.50</gpxdata:distance>
     <gpxdata:speed>4.381</gpxdata:speed>
    </extensions>
   </trkpt>
   <trkpt lat="43.3810813" lon="16.5674652">
    <ele>24</ele>
    <time>2026-08-07T06:42:40Z</time>
    <extensions>
     <gpxdata:distance>1388.00</gpxdata:distance>
     <gpxdata:speed>4.367</gpxdata:speed>
    </extensions>
   </trkpt>
   <trkpt lat="43.3810749" lon="16.5674120">
    <ele>24</ele>
    <time>2026-08-07T06:42:41Z</time>
    <extensions>
     <gpxdata:distance>1392.50</gpxdata:distance>
     <gpxdata:speed>4.369</gpxdata:speed>
    </extensions>
   </trkpt>
   <trkpt lat="43.3810682" lon="16.5673585">
    <ele>24</ele>
    <time>2026-08-07T06:42:42Z</time>
    <extensions>
     <gpxdata:distance>1397.00</gpxdata:distance>
     <gpxdata:speed>4.381</gpxdata:speed>
    </extensions>
   </trkpt>
   <trkpt lat="43.3810613" lon="16.5673049">
    <ele>24</ele>
    <time>2026-08-07T06:42:43Z</time>
    <extensions>
     <gpxdata:distance>1401.50</gpxdata:distance>
     <gpxdata:speed>4.389</gpxdata:speed>
    </extensions>
   </trkpt>
   <trkpt lat="43.3810541" lon="16.5672511">
    <ele>24</ele>
    <time>2026-08-07T06:42:44Z</time>
    <extensions>
     <gpxdata:distance>1406.00</gpxdata:distance>
     <gpxdata:speed>4.403</gpxdata:speed>
    </extensions>
   </trkpt>
   <trkpt lat="43.3810466" lon="16.5671976">
    <ele>24</ele>
    <time>2026-08-07T06:42:45Z</time>
    <extensions>
     <gpxdata:distance>1410.50</gpxdata:distance>
     <gpxdata:speed>4.403</gpxdata:speed>
    </extensions>
   </trkpt>
   <trkpt lat="43.3810389" lon="16.5671440">
    <ele>24</ele>
    <time>2026-08-07T06:42:46Z</time>
    <extensions>
     <gpxdata:distance>1415.00</gpxdata:distance>
     <gpxdata:speed>4.411</gpxdata:speed>
    </extensions>
   </trkpt>
   <trkpt lat="43.3810307" lon="16.5670902">
    <ele>25</ele>
    <time>2026-08-07T06:42:47Z</time>
    <extensions>
     <gpxdata:distance>1419.50</gpxdata:distance>
     <gpxdata:speed>4.428</gpxdata:speed>
    </extensions>
   </trkpt>
   <trkpt lat="43.3810219" lon="16.5670361">
    <ele>25</ele>
    <time>2026-08-07T06:42:48Z</time>
    <extensions>
     <gpxdata:distance>1424.00</gpxdata:distance>
     <gpxdata:speed>4.456</gpxdata:speed>
    </extensions>
   </trkpt>
   <trkpt lat="43.3810123" lon="16.5669818">
    <ele>25</ele>
    <time>2026-08-07T06:42:49Z</time>
    <extensions>
     <gpxdata:distance>1428.50</gpxdata:distance>
     <gpxdata:speed>4.483</gpxdata:speed>
    </extensions>
   </trkpt>
   <trkpt lat="43.3810021" lon="16.5669276">
    <ele>25</ele>
    <time>2026-08-07T06:42:50Z</time>
    <extensions>
     <gpxdata:distance>1433.00</gpxdata:distance>
     <gpxdata:speed>4.500</gpxdata:speed>
    </extensions>
   </trkpt>
   <trkpt lat="43.3809919" lon="16.5668734">
    <ele>25</ele>
    <time>2026-08-07T06:42:51Z</time>
    <extensions>
     <gpxdata:distance>1437.50</gpxdata:distance>
     <gpxdata:speed>4.511</gpxdata:speed>
    </extensions>
   </trkpt>
   <trkpt lat="43.3809816" lon="16.5668190">
    <ele>25</ele>
    <time>2026-08-07T06:42:52Z</time>
    <extensions>
     <gpxdata:distance>1442.00</gpxdata:distance>
     <gpxdata:speed>4.525</gpxdata:speed>
    </extensions>
   </trkpt>
   <trkpt lat="43.3809707" lon="16.5667645">
    <ele>25</ele>
    <time>2026-08-07T06:42:53Z</time>
    <extensions>
     <gpxdata:distance>1446.50</gpxdata:distance>
     <gpxdata:speed>4.547</gpxdata:speed>
    </extensions>
   </trkpt>
   <trkpt lat="43.3809591" lon="16.5667095">
    <ele>25</ele>
    <time>2026-08-07T06:42:54Z</time>
    <extensions>
     <gpxdata:distance>1451.00</gpxdata:distance>
     <gpxdata:speed>4.586</gpxdata:speed>
    </extensions>
   </trkpt>
   <trkpt lat="43.3809470" lon="16.5666545">
    <ele>25</ele>
    <time>2026-08-07T06:42:55Z</time>
    <extensions>
     <gpxdata:distance>1455.50</gpxdata:distance>
     <gpxdata:speed>4.611</gpxdata:speed>
    </extensions>
   </trkpt>
   <trkpt lat="43.3809347" lon="16.5665999">
    <ele>25</ele>
    <time>2026-08-07T06:42:56Z</time>
    <extensions>
     <gpxdata:distance>1460.00</gpxdata:distance>
     <gpxdata:speed>4.608</gpxdata:speed>
    </extensions>
   </trkpt>
   <trkpt lat="43.3809223" lon="16.5665461">
    <ele>25</ele>
    <time>2026-08-07T06:42:57Z</time>
    <extensions>
     <gpxdata:distance>1464.50</gpxdata:distance>
     <gpxdata:speed>4.589</gpxdata:speed>
    </extensions>
   </trkpt>
   <trkpt lat="43.3809094" lon="16.5664932">
    <ele>25</ele>
    <time>2026-08-07T06:42:58Z</time>
    <extensions>
     <gpxdata:distance>1469.00</gpxdata:distance>
     <gpxdata:speed>4.556</gpxdata:speed>
    </extensions>
   </trkpt>
   <trkpt lat="43.3808962" lon="16.5664414">
    <ele>25</ele>
    <time>2026-08-07T06:42:59Z</time>
    <extensions>
     <gpxdata:distance>1473.50</gpxdata:distance>
     <gpxdata:speed>4.508</gpxdata:speed>
    </extensions>
   </trkpt>
   <trkpt lat="43.3808828" lon="16.5663908">
    <ele>25</ele>
    <time>2026-08-07T06:43:00Z</time>
    <extensions>
     <gpxdata:distance>1478.00</gpxdata:distance>
     <gpxdata:speed>4.444</gpxdata:speed>
    </extensions>
   </trkpt>
   <trkpt lat="43.3808695" lon="16.5663406">
    <ele>25</ele>
    <time>2026-08-07T06:43:01Z</time>
    <extensions>
     <gpxdata:distance>1482.50</gpxdata:distance>
     <gpxdata:speed>4.397</gpxdata:speed>
    </extensions>
   </trkpt>
   <trkpt lat="43.3808565" lon="16.5662898">
    <ele>25</ele>
    <time>2026-08-07T06:43:02Z</time>
    <extensions>
     <gpxdata:distance>1487.00</gpxdata:distance>
     <gpxdata:speed>4.392</gpxdata:speed>
    </extensions>
   </trkpt>
   <trkpt lat="43.3808442" lon="16.5662382">
    <ele>26</ele>
    <time>2026-08-07T06:43:03Z</time>
    <extensions>
     <gpxdata:distance>1491.50</gpxdata:distance>
     <gpxdata:speed>4.403</gpxdata:speed>
    </extensions>
   </trkpt>
   <trkpt lat="43.3808321" lon="16.5661858">
    <ele>26</ele>
    <time>2026-08-07T06:43:04Z</time>
    <extensions>
     <gpxdata:distance>1496.00</gpxdata:distance>
     <gpxdata:speed>4.425</gpxdata:speed>
    </extensions>
   </trkpt>
   <trkpt lat="43.3808196" lon="16.5661326">
    <ele>26</ele>
    <time>2026-08-07T06:43:05Z</time>
    <extensions>
     <gpxdata:distance>1500.50</gpxdata:distance>
     <gpxdata:speed>4.472</gpxdata:speed>
    </extensions>
   </trkpt>
   <trkpt lat="43.3808064" lon="16.5660780">
    <ele>26</ele>
    <time>2026-08-07T06:43:06Z</time>
    <extensions>
     <gpxdata:distance>1505.00</gpxdata:distance>
     <gpxdata:speed>4.553</gpxdata:speed>
    </extensions>
   </trkpt>
   <trkpt lat="43.3807931" lon="16.5660221">
    <ele>26</ele>
    <time>2026-08-07T06:43:07Z</time>
    <extensions>
     <gpxdata:distance>1510.00</gpxdata:distance>
     <gpxdata:speed>4.636</gpxdata:speed>
    </extensions>
   </trkpt>
   <trkpt lat="43.3807795" lon="16.5659657">
    <ele>26</ele>
    <time>2026-08-07T06:43:08Z</time>
    <extensions>
     <gpxdata:distance>1515.00</gpxdata:distance>
     <gpxdata:speed>4.700</gpxdata:speed>
    </extensions>
   </trkpt>
   <trkpt lat="43.3807657" lon="16.5659090">
    <ele>26</ele>
    <time>2026-08-07T06:43:09Z</time>
    <extensions>
     <gpxdata:distance>1519.50</gpxdata:distance>
     <gpxdata:speed>4.747</gpxdata:speed>
    </extensions>
   </trkpt>
   <trkpt lat="43.3807522" lon="16.5658524">
    <ele>26</ele>
    <time>2026-08-07T06:43:10Z</time>
    <extensions>
     <gpxdata:distance>1524.00</gpxdata:distance>
     <gpxdata:speed>4.775</gpxdata:speed>
    </extensions>
   </trkpt>
   <trkpt lat="43.3807389" lon="16.5657956">
    <ele>26</ele>
    <time>2026-08-07T06:43:11Z</time>
    <extensions>
     <gpxdata:distance>1529.00</gpxdata:distance>
     <gpxdata:speed>4.797</gpxdata:speed>
    </extensions>
   </trkpt>
   <trkpt lat="43.3807251" lon="16.5657389">
    <ele>26</ele>
    <time>2026-08-07T06:43:12Z</time>
    <extensions>
     <gpxdata:distance>1534.00</gpxdata:distance>
     <gpxdata:speed>4.817</gpxdata:speed>
    </extensions>
   </trkpt>
   <trkpt lat="43.3807097" lon="16.5656812">
    <ele>26</ele>
    <time>2026-08-07T06:43:13Z</time>
    <extensions>
     <gpxdata:distance>1539.50</gpxdata:distance>
     <gpxdata:speed>4.906</gpxdata:speed>
    </extensions>
   </trkpt>
   <trkpt lat="43.3806939" lon="16.5656215">
    <ele>26</ele>
    <time>2026-08-07T06:43:14Z</time>
    <extensions>
     <gpxdata:distance>1545.00</gpxdata:distance>
     <gpxdata:speed>5.067</gpxdata:speed>
    </extensions>
   </trkpt>
   <trkpt lat="43.3806802" lon="16.5655597">
    <ele>26</ele>
    <time>2026-08-07T06:43:15Z</time>
    <extensions>
     <gpxdata:distance>1550.00</gpxdata:distance>
     <gpxdata:speed>5.189</gpxdata:speed>
    </extensions>
   </trkpt>
   <trkpt lat="43.3806679" lon="16.5654965">
    <ele>26</ele>
    <time>2026-08-07T06:43:16Z</time>
    <extensions>
     <gpxdata:distance>1555.00</gpxdata:distance>
     <gpxdata:speed>5.258</gpxdata:speed>
    </extensions>
   </trkpt>
   <trkpt lat="43.3806554" lon="16.5654337">
    <ele>26</ele>
    <time>2026-08-07T06:43:17Z</time>
    <extensions>
     <gpxdata:distance>1560.00</gpxdata:distance>
     <gpxdata:speed>5.244</gpxdata:speed>
    </extensions>
   </trkpt>
   <trkpt lat="43.3806419" lon="16.5653725">
    <ele>26</ele>
    <time>2026-08-07T06:43:18Z</time>
    <extensions>
     <gpxdata:distance>1565.00</gpxdata:distance>
     <gpxdata:speed>5.203</gpxdata:speed>
    </extensions>
   </trkpt>
   <trkpt lat="43.3806277" lon="16.5653125">
    <ele>26</ele>
    <time>2026-08-07T06:43:19Z</time>
    <extensions>
     <gpxdata:distance>1570.00</gpxdata:distance>
     <gpxdata:speed>5.158</gpxdata:speed>
    </extensions>
   </trkpt>
   <trkpt lat="43.3806135" lon="16.5652537">
    <ele>26</ele>
    <time>2026-08-07T06:43:20Z</time>
    <extensions>
     <gpxdata:distance>1575.00</gpxdata:distance>
     <gpxdata:speed>5.094</gpxdata:speed>
    </extensions>
   </trkpt>
   <trkpt lat="43.3805996" lon="16.5651959">
    <ele>26</ele>
    <time>2026-08-07T06:43:21Z</time>
    <extensions>
     <gpxdata:distance>1580.00</gpxdata:distance>
     <gpxdata:speed>5.031</gpxdata:speed>
    </extensions>
   </trkpt>
   <trkpt lat="43.3805859" lon="16.5651384">
    <ele>26</ele>
    <time>2026-08-07T06:43:22Z</time>
    <extensions>
     <gpxdata:distance>1585.00</gpxdata:distance>
     <gpxdata:speed>4.983</gpxdata:speed>
    </extensions>
   </trkpt>
   <trkpt lat="43.3805725" lon="16.5650812">
    <ele>26</ele>
    <time>2026-08-07T06:43:23Z</time>
    <extensions>
     <gpxdata:distance>1590.00</gpxdata:distance>
     <gpxdata:speed>4.936</gpxdata:speed>
    </extensions>
   </trkpt>
   <trkpt lat="43.3805593" lon="16.5650246">
    <ele>26</ele>
    <time>2026-08-07T06:43:24Z</time>
    <extensions>
     <gpxdata:distance>1595.00</gpxdata:distance>
     <gpxdata:speed>4.881</gpxdata:speed>
    </extensions>
   </trkpt>
   <trkpt lat="43.3805464" lon="16.5649681">
    <ele>26</ele>
    <time>2026-08-07T06:43:25Z</time>
    <extensions>
     <gpxdata:distance>1599.50</gpxdata:distance>
     <gpxdata:speed>4.842</gpxdata:speed>
    </extensions>
   </trkpt>
   <trkpt lat="43.3805336" lon="16.5649116">
    <ele>26</ele>
    <time>2026-08-07T06:43:26Z</time>
    <extensions>
     <gpxdata:distance>1604.00</gpxdata:distance>
     <gpxdata:speed>4.814</gpxdata:speed>
    </extensions>
   </trkpt>
   <trkpt lat="43.3805209" lon="16.5648556">
    <ele>27</ele>
    <time>2026-08-07T06:43:27Z</time>
    <extensions>
     <gpxdata:distance>1609.00</gpxdata:distance>
     <gpxdata:speed>4.783</gpxdata:speed>
    </extensions>
   </trkpt>
   <trkpt lat="43.3805080" lon="16.5648000">
    <ele>27</ele>
    <time>2026-08-07T06:43:28Z</time>
    <extensions>
     <gpxdata:distance>1614.00</gpxdata:distance>
     <gpxdata:speed>4.753</gpxdata:speed>
    </extensions>
   </trkpt>
   <trkpt lat="43.3804949" lon="16.5647451">
    <ele>27</ele>
    <time>2026-08-07T06:43:29Z</time>
    <extensions>
     <gpxdata:distance>1618.50</gpxdata:distance>
     <gpxdata:speed>4.714</gpxdata:speed>
    </extensions>
   </trkpt>
   <trkpt lat="43.3804821" lon="16.5646911">
    <ele>27</ele>
    <time>2026-08-07T06:43:30Z</time>
    <extensions>
     <gpxdata:distance>1623.00</gpxdata:distance>
     <gpxdata:speed>4.658</gpxdata:speed>
    </extensions>
   </trkpt>
   <trkpt lat="43.3804697" lon="16.5646379">
    <ele>27</ele>
    <time>2026-08-07T06:43:31Z</time>
    <extensions>
     <gpxdata:distance>1627.50</gpxdata:distance>
     <gpxdata:speed>4.597</gpxdata:speed>
    </extensions>
   </trkpt>
   <trkpt lat="43.3804576" lon="16.5645852">
    <ele>27</ele>
    <time>2026-08-07T06:43:32Z</time>
    <extensions>
     <gpxdata:distance>1632.00</gpxdata:distance>
     <gpxdata:speed>4.550</gpxdata:speed>
    </extensions>
   </trkpt>
   <trkpt lat="43.3804451" lon="16.5645332">
    <ele>28</ele>
    <time>2026-08-07T06:43:33Z</time>
    <extensions>
     <gpxdata:distance>1636.00</gpxdata:distance>
     <gpxdata:speed>4.500</gpxdata:speed>
    </extensions>
   </trkpt>
   <trkpt lat="43.3804330" lon="16.5644820">
    <ele>28</ele>
    <time>2026-08-07T06:43:34Z</time>
    <extensions>
     <gpxdata:distance>1640.00</gpxdata:distance>
     <gpxdata:speed>4.439</gpxdata:speed>
    </extensions>
   </trkpt>
   <trkpt lat="43.3804209" lon="16.5644316">
    <ele>28</ele>
    <time>2026-08-07T06:43:35Z</time>
    <extensions>
     <gpxdata:distance>1644.50</gpxdata:distance>
     <gpxdata:speed>4.375</gpxdata:speed>
    </extensions>
   </trkpt>
   <trkpt lat="43.3804090" lon="16.5643826">
    <ele>28</ele>
    <time>2026-08-07T06:43:36Z</time>
    <extensions>
     <gpxdata:distance>1649.00</gpxdata:distance>
     <gpxdata:speed>4.289</gpxdata:speed>
    </extensions>
   </trkpt>
   <trkpt lat="43.3803973" lon="16.5643349">
    <ele>28</ele>
    <time>2026-08-07T06:43:37Z</time>
    <extensions>
     <gpxdata:distance>1653.00</gpxdata:distance>
     <gpxdata:speed>4.189</gpxdata:speed>
    </extensions>
   </trkpt>
   <trkpt lat="43.3803857" lon="16.5642873">
    <ele>28</ele>
    <time>2026-08-07T06:43:38Z</time>
    <extensions>
     <gpxdata:distance>1657.00</gpxdata:distance>
     <gpxdata:speed>4.133</gpxdata:speed>
    </extensions>
   </trkpt>
   <trkpt lat="43.3803738" lon="16.5642385">
    <ele>28</ele>
    <time>2026-08-07T06:43:39Z</time>
    <extensions>
     <gpxdata:distance>1661.00</gpxdata:distance>
     <gpxdata:speed>4.164</gpxdata:speed>
    </extensions>
   </trkpt>
   <trkpt lat="43.3803612" lon="16.5641893">
    <ele>28</ele>
    <time>2026-08-07T06:43:40Z</time>
    <extensions>
     <gpxdata:distance>1665.00</gpxdata:distance>
     <gpxdata:speed>4.186</gpxdata:speed>
    </extensions>
   </trkpt>
   <trkpt lat="43.3803485" lon="16.5641406">
    <ele>28</ele>
    <time>2026-08-07T06:43:41Z</time>
    <extensions>
     <gpxdata:distance>1669.50</gpxdata:distance>
     <gpxdata:speed>4.172</gpxdata:speed>
    </extensions>
   </trkpt>
   <trkpt lat="43.3803355" lon="16.5640916">
    <ele>28</ele>
    <time>2026-08-07T06:43:42Z</time>
    <extensions>
     <gpxdata:distance>1674.00</gpxdata:distance>
     <gpxdata:speed>4.186</gpxdata:speed>
    </extensions>
   </trkpt>
   <trkpt lat="43.3803227" lon="16.5640423">
    <ele>28</ele>
    <time>2026-08-07T06:43:43Z</time>
    <extensions>
     <gpxdata:distance>1678.00</gpxdata:distance>
     <gpxdata:speed>4.203</gpxdata:speed>
    </extensions>
   </trkpt>
   <trkpt lat="43.3803106" lon="16.5639923">
    <ele>28</ele>
    <time>2026-08-07T06:43:44Z</time>
    <extensions>
     <gpxdata:distance>1682.00</gpxdata:distance>
     <gpxdata:speed>4.225</gpxdata:speed>
    </extensions>
   </trkpt>
   <trkpt lat="43.3802981" lon="16.5639413">
    <ele>28</ele>
    <time>2026-08-07T06:43:45Z</time>
    <extensions>
     <gpxdata:distance>1686.50</gpxdata:distance>
     <gpxdata:speed>4.283</gpxdata:speed>
    </extensions>
   </trkpt>
   <trkpt lat="43.3802851" lon="16.5638890">
    <ele>28</ele>
    <time>2026-08-07T06:43:46Z</time>
    <extensions>
     <gpxdata:distance>1691.00</gpxdata:distance>
     <gpxdata:speed>4.364</gpxdata:speed>
    </extensions>
   </trkpt>
   <trkpt lat="43.3802724" lon="16.5638353">
    <ele>28</ele>
    <time>2026-08-07T06:43:47Z</time>
    <extensions>
     <gpxdata:distance>1696.00</gpxdata:distance>
     <gpxdata:speed>4.450</gpxdata:speed>
    </extensions>
   </trkpt>
   <trkpt lat="43.3802605" lon="16.5637801">
    <ele>29</ele>
    <time>2026-08-07T06:43:48Z</time>
    <extensions>
     <gpxdata:distance>1701.00</gpxdata:distance>
     <gpxdata:speed>4.542</gpxdata:speed>
    </extensions>
   </trkpt>
   <trkpt lat="43.3802490" lon="16.5637232">
    <ele>29</ele>
    <time>2026-08-07T06:43:49Z</time>
    <extensions>
     <gpxdata:distance>1706.00</gpxdata:distance>
     <gpxdata:speed>4.642</gpxdata:speed>
    </extensions>
   </trkpt>
   <trkpt lat="43.3802380" lon="16.5636644">
    <ele>29</ele>
    <time>2026-08-07T06:43:50Z</time>
    <extensions>
     <gpxdata:distance>1711.00</gpxdata:distance>
     <gpxdata:speed>4.756</gpxdata:speed>
    </extensions>
   </trkpt>
   <trkpt lat="43.3802273" lon="16.5636042">
    <ele>29</ele>
    <time>2026-08-07T06:43:51Z</time>
    <extensions>
     <gpxdata:distance>1716.00</gpxdata:distance>
     <gpxdata:speed>4.864</gpxdata:speed>
    </extensions>
   </trkpt>
   <trkpt lat="43.3802173" lon="16.5635436">
    <ele>29</ele>
    <time>2026-08-07T06:43:52Z</time>
    <extensions>
     <gpxdata:distance>1721.00</gpxdata:distance>
     <gpxdata:speed>4.931</gpxdata:speed>
    </extensions>
   </trkpt>
   <trkpt lat="43.3802079" lon="16.5634835">
    <ele>29</ele>
    <time>2026-08-07T06:43:53Z</time>
    <extensions>
     <gpxdata:distance>1725.50</gpxdata:distance>
     <gpxdata:speed>4.939</gpxdata:speed>
    </extensions>
   </trkpt>
   <trkpt lat="43.3801987" lon="16.5634244">
    <ele>29</ele>
    <time>2026-08-07T06:43:54Z</time>
    <extensions>
     <gpxdata:distance>1730.00</gpxdata:distance>
     <gpxdata:speed>4.906</gpxdata:speed>
    </extensions>
   </trkpt>
   <trkpt lat="43.3801899" lon="16.5633664">
    <ele>29</ele>
    <time>2026-08-07T06:43:55Z</time>
    <extensions>
     <gpxdata:distance>1735.00</gpxdata:distance>
     <gpxdata:speed>4.847</gpxdata:speed>
    </extensions>
   </trkpt>
   <trkpt lat="43.3801816" lon="16.5633097">
    <ele>29</ele>
    <time>2026-08-07T06:43:56Z</time>
    <extensions>
     <gpxdata:distance>1740.00</gpxdata:distance>
     <gpxdata:speed>4.781</gpxdata:speed>
    </extensions>
   </trkpt>
   <trkpt lat="43.3801738" lon="16.5632537">
    <ele>29</ele>
    <time>2026-08-07T06:43:57Z</time>
    <extensions>
     <gpxdata:distance>1744.50</gpxdata:distance>
     <gpxdata:speed>4.717</gpxdata:speed>
    </extensions>
   </trkpt>
   <trkpt lat="43.3801666" lon="16.5631979">
    <ele>29</ele>
    <time>2026-08-07T06:43:58Z</time>
    <extensions>
     <gpxdata:distance>1749.00</gpxdata:distance>
     <gpxdata:speed>4.672</gpxdata:speed>
    </extensions>
   </trkpt>
   <trkpt lat="43.3801598" lon="16.5631427">
    <ele>29</ele>
    <time>2026-08-07T06:43:59Z</time>
    <extensions>
     <gpxdata:distance>1753.50</gpxdata:distance>
     <gpxdata:speed>4.617</gpxdata:speed>
    </extensions>
   </trkpt>
   <trkpt lat="43.3801529" lon="16.5630885">
    <ele>29</ele>
    <time>2026-08-07T06:44:00Z</time>
    <extensions>
     <gpxdata:distance>1758.00</gpxdata:distance>
     <gpxdata:speed>4.542</gpxdata:speed>
    </extensions>
   </trkpt>
   <trkpt lat="43.3801463" lon="16.5630355">
    <ele>29</ele>
    <time>2026-08-07T06:44:01Z</time>
    <extensions>
     <gpxdata:distance>1762.00</gpxdata:distance>
     <gpxdata:speed>4.456</gpxdata:speed>
    </extensions>
   </trkpt>
   <trkpt lat="43.3801401" lon="16.5629836">
    <ele>29</ele>
    <time>2026-08-07T06:44:02Z</time>
    <extensions>
     <gpxdata:distance>1766.00</gpxdata:distance>
     <gpxdata:speed>4.369</gpxdata:speed>
    </extensions>
   </trkpt>
   <trkpt lat="43.3801339" lon="16.5629320">
    <ele>29</ele>
    <time>2026-08-07T06:44:03Z</time>
    <extensions>
     <gpxdata:distance>1770.00</gpxdata:distance>
     <gpxdata:speed>4.311</gpxdata:speed>
    </extensions>
   </trkpt>
   <trkpt lat="43.3801276" lon="16.5628808">
    <ele>29</ele>
    <time>2026-08-07T06:44:04Z</time>
    <extensions>
     <gpxdata:distance>1774.00</gpxdata:distance>
     <gpxdata:speed>4.267</gpxdata:speed>
    </extensions>
   </trkpt>
   <trkpt lat="43.3801212" lon="16.5628298">
    <ele>30</ele>
    <time>2026-08-07T06:44:05Z</time>
    <extensions>
     <gpxdata:distance>1778.50</gpxdata:distance>
     <gpxdata:speed>4.219</gpxdata:speed>
    </extensions>
   </trkpt>
   <trkpt lat="43.3801146" lon="16.5627787">
    <ele>30</ele>
    <time>2026-08-07T06:44:06Z</time>
    <extensions>
     <gpxdata:distance>1783.00</gpxdata:distance>
     <gpxdata:speed>4.214</gpxdata:speed>
    </extensions>
   </trkpt>
   <trkpt lat="43.3801078" lon="16.5627277">
    <ele>30</ele>
    <time>2026-08-07T06:44:07Z</time>
    <extensions>
     <gpxdata:distance>1787.00</gpxdata:distance>
     <gpxdata:speed>4.203</gpxdata:speed>
    </extensions>
   </trkpt>
   <trkpt lat="43.3801013" lon="16.5626772">
    <ele>30</ele>
    <time>2026-08-07T06:44:08Z</time>
    <extensions>
     <gpxdata:distance>1791.00</gpxdata:distance>
     <gpxdata:speed>4.167</gpxdata:speed>
    </extensions>
   </trkpt>
   <trkpt lat="43.3800952" lon="16.5626272">
    <ele>30</ele>
    <time>2026-08-07T06:44:09Z</time>
    <extensions>
     <gpxdata:distance>1795.00</gpxdata:distance>
     <gpxdata:speed>4.133</gpxdata:speed>
    </extensions>
   </trkpt>
   <trkpt lat="43.3800890" lon="16.5625776">
    <ele>30</ele>
    <time>2026-08-07T06:44:10Z</time>
    <extensions>
     <gpxdata:distance>1799.00</gpxdata:distance>
     <gpxdata:speed>4.106</gpxdata:speed>
    </extensions>
   </trkpt>
   <trkpt lat="43.3800829" lon="16.5625281">
    <ele>30</ele>
    <time>2026-08-07T06:44:11Z</time>
    <extensions>
     <gpxdata:distance>1803.00</gpxdata:distance>
     <gpxdata:speed>4.086</gpxdata:speed>
    </extensions>
   </trkpt>
   <trkpt lat="43.3800773" lon="16.5624786">
    <ele>30</ele>
    <time>2026-08-07T06:44:12Z</time>
    <extensions>
     <gpxdata:distance>1807.00</gpxdata:distance>
     <gpxdata:speed>4.072</gpxdata:speed>
    </extensions>
   </trkpt>
   <trkpt lat="43.3800721" lon="16.5624290">
    <ele>30</ele>
    <time>2026-08-07T06:44:13Z</time>
    <extensions>
     <gpxdata:distance>1811.00</gpxdata:distance>
     <gpxdata:speed>4.069</gpxdata:speed>
    </extensions>
   </trkpt>
   <trkpt lat="43.3800675" lon="16.5623796">
    <ele>30</ele>
    <time>2026-08-07T06:44:14Z</time>
    <extensions>
     <gpxdata:distance>1815.00</gpxdata:distance>
     <gpxdata:speed>4.050</gpxdata:speed>
    </extensions>
   </trkpt>
   <trkpt lat="43.3800636" lon="16.5623306">
    <ele>30</ele>
    <time>2026-08-07T06:44:15Z</time>
    <extensions>
     <gpxdata:distance>1819.00</gpxdata:distance>
     <gpxdata:speed>4.019</gpxdata:speed>
    </extensions>
   </trkpt>
   <trkpt lat="43.3800608" lon="16.5622825">
    <ele>31</ele>
    <time>2026-08-07T06:44:16Z</time>
    <extensions>
     <gpxdata:distance>1823.00</gpxdata:distance>
     <gpxdata:speed>3.972</gpxdata:speed>
    </extensions>
   </trkpt>
   <trkpt lat="43.3800592" lon="16.5622349">
    <ele>31</ele>
    <time>2026-08-07T06:44:17Z</time>
    <extensions>
     <gpxdata:distance>1827.00</gpxdata:distance>
     <gpxdata:speed>3.922</gpxdata:speed>
    </extensions>
   </trkpt>
   <trkpt lat="43.3800587" lon="16.5621875">
    <ele>31</ele>
    <time>2026-08-07T06:44:18Z</time>
    <extensions>
     <gpxdata:distance>1831.00</gpxdata:distance>
     <gpxdata:speed>3.892</gpxdata:speed>
    </extensions>
   </trkpt>
   <trkpt lat="43.3800597" lon="16.5621399">
    <ele>31</ele>
    <time>2026-08-07T06:44:19Z</time>
    <extensions>
     <gpxdata:distance>1834.50</gpxdata:distance>
     <gpxdata:speed>3.883</gpxdata:speed>
    </extensions>
   </trkpt>
   <trkpt lat="43.3800625" lon="16.5620929">
    <ele>31</ele>
    <time>2026-08-07T06:44:20Z</time>
    <extensions>
     <gpxdata:distance>1838.00</gpxdata:distance>
     <gpxdata:speed>3.856</gpxdata:speed>
    </extensions>
   </trkpt>
   <trkpt lat="43.3800672" lon="16.5620468">
    <ele>31</ele>
    <time>2026-08-07T06:44:21Z</time>
    <extensions>
     <gpxdata:distance>1842.00</gpxdata:distance>
     <gpxdata:speed>3.822</gpxdata:speed>
    </extensions>
   </trkpt>
   <trkpt lat="43.3800743" lon="16.5620013">
    <ele>31</ele>
    <time>2026-08-07T06:44:22Z</time>
    <extensions>
     <gpxdata:distance>1846.00</gpxdata:distance>
     <gpxdata:speed>3.803</gpxdata:speed>
    </extensions>
   </trkpt>
   <trkpt lat="43.3800835" lon="16.5619556">
    <ele>31</ele>
    <time>2026-08-07T06:44:23Z</time>
    <extensions>
     <gpxdata:distance>1850.00</gpxdata:distance>
     <gpxdata:speed>3.831</gpxdata:speed>
    </extensions>
   </trkpt>
   <trkpt lat="43.3800941" lon="16.5619089">
    <ele>31</ele>
    <time>2026-08-07T06:44:24Z</time>
    <extensions>
     <gpxdata:distance>1854.00</gpxdata:distance>
     <gpxdata:speed>3.892</gpxdata:speed>
    </extensions>
   </trkpt>
   <trkpt lat="43.3801061" lon="16.5618616">
    <ele>32</ele>
    <time>2026-08-07T06:44:25Z</time>
    <extensions>
     <gpxdata:distance>1858.00</gpxdata:distance>
     <gpxdata:speed>3.958</gpxdata:speed>
    </extensions>
   </trkpt>
   <trkpt lat="43.3801195" lon="16.5618140">
    <ele>32</ele>
    <time>2026-08-07T06:44:26Z</time>
    <extensions>
     <gpxdata:distance>1862.00</gpxdata:distance>
     <gpxdata:speed>4.028</gpxdata:speed>
    </extensions>
   </trkpt>
   <trkpt lat="43.3801346" lon="16.5617662">
    <ele>32</ele>
    <time>2026-08-07T06:44:27Z</time>
    <extensions>
     <gpxdata:distance>1866.50</gpxdata:distance>
     <gpxdata:speed>4.106</gpxdata:speed>
    </extensions>
   </trkpt>
   <trkpt lat="43.3801511" lon="16.5617182">
    <ele>32</ele>
    <time>2026-08-07T06:44:28Z</time>
    <extensions>
     <gpxdata:distance>1871.00</gpxdata:distance>
     <gpxdata:speed>4.186</gpxdata:speed>
    </extensions>
   </trkpt>
   <trkpt lat="43.3801691" lon="16.5616700">
    <ele>32</ele>
    <time>2026-08-07T06:44:29Z</time>
    <extensions>
     <gpxdata:distance>1875.50</gpxdata:distance>
     <gpxdata:speed>4.264</gpxdata:speed>
    </extensions>
   </trkpt>
   <trkpt lat="43.3801883" lon="16.5616228">
    <ele>32</ele>
    <time>2026-08-07T06:44:30Z</time>
    <extensions>
     <gpxdata:distance>1880.00</gpxdata:distance>
     <gpxdata:speed>4.303</gpxdata:speed>
    </extensions>
   </trkpt>
   <trkpt lat="43.3802086" lon="16.5615771">
    <ele>32</ele>
    <time>2026-08-07T06:44:31Z</time>
    <extensions>
     <gpxdata:distance>1884.00</gpxdata:distance>
     <gpxdata:speed>4.314</gpxdata:speed>
    </extensions>
   </trkpt>
   <trkpt lat="43.3802297" lon="16.5615321">
    <ele>32</ele>
    <time>2026-08-07T06:44:32Z</time>
    <extensions>
     <gpxdata:distance>1888.00</gpxdata:distance>
     <gpxdata:speed>4.328</gpxdata:speed>
    </extensions>
   </trkpt>
   <trkpt lat="43.3802522" lon="16.5614872">
    <ele>32</ele>
    <time>2026-08-07T06:44:33Z</time>
    <extensions>
     <gpxdata:distance>1892.50</gpxdata:distance>
     <gpxdata:speed>4.375</gpxdata:speed>
    </extensions>
   </trkpt>
   <trkpt lat="43.3802753" lon="16.5614422">
    <ele>32</ele>
    <time>2026-08-07T06:44:34Z</time>
    <extensions>
     <gpxdata:distance>1897.00</gpxdata:distance>
     <gpxdata:speed>4.414</gpxdata:speed>
    </extensions>
   </trkpt>
   <trkpt lat="43.3802981" lon="16.5613984">
    <ele>32</ele>
    <time>2026-08-07T06:44:35Z</time>
    <extensions>
     <gpxdata:distance>1901.00</gpxdata:distance>
     <gpxdata:speed>4.375</gpxdata:speed>
    </extensions>
   </trkpt>
   <trkpt lat="43.3803205" lon="16.5613589">
    <ele>32</ele>
    <time>2026-08-07T06:44:36Z</time>
    <extensions>
     <gpxdata:distance>1905.00</gpxdata:distance>
     <gpxdata:speed>4.211</gpxdata:speed>
    </extensions>
   </trkpt>
   <trkpt lat="43.3803441" lon="16.5613263">
    <ele>32</ele>
    <time>2026-08-07T06:44:37Z</time>
    <extensions>
     <gpxdata:distance>1908.50</gpxdata:distance>
     <gpxdata:speed>4.011</gpxdata:speed>
    </extensions>
   </trkpt>
   <trkpt lat="43.3803707" lon="16.5613021">
    <ele>31</ele>
    <time>2026-08-07T06:44:38Z</time>
    <extensions>
     <gpxdata:distance>1912.00</gpxdata:distance>
     <gpxdata:speed>3.867</gpxdata:speed>
    </extensions>
   </trkpt>
   <trkpt lat="43.3804019" lon="16.5612846">
    <ele>31</ele>
    <time>2026-08-07T06:44:39Z</time>
    <extensions>
     <gpxdata:distance>1916.50</gpxdata:distance>
     <gpxdata:speed>3.897</gpxdata:speed>
    </extensions>
   </trkpt>
   <trkpt lat="43.3804374" lon="16.5612689">
    <ele>31</ele>
    <time>2026-08-07T06:44:40Z</time>
    <extensions>
     <gpxdata:distance>1921.00</gpxdata:distance>
     <gpxdata:speed>4.050</gpxdata:speed>
    </extensions>
   </trkpt>
   <trkpt lat="43.3804763" lon="16.5612499">
    <ele>31</ele>
    <time>2026-08-07T06:44:41Z</time>
    <extensions>
     <gpxdata:distance>1926.00</gpxdata:distance>
     <gpxdata:speed>4.311</gpxdata:speed>
    </extensions>
   </trkpt>
   <trkpt lat="43.3805165" lon="16.5612224">
    <ele>31</ele>
    <time>2026-08-07T06:44:42Z</time>
    <extensions>
     <gpxdata:distance>1931.00</gpxdata:distance>
     <gpxdata:speed>4.997</gpxdata:speed>
    </extensions>
   </trkpt>
   <trkpt lat="43.3805545" lon="16.5611831">
    <ele>31</ele>
    <time>2026-08-07T06:44:43Z</time>
    <extensions>
     <gpxdata:distance>1936.50</gpxdata:distance>
     <gpxdata:speed>5.358</gpxdata:speed>
    </extensions>
   </trkpt>
   <trkpt lat="43.3805854" lon="16.5611315">
    <ele>31</ele>
    <time>2026-08-07T06:44:44Z</time>
    <extensions>
     <gpxdata:distance>1942.00</gpxdata:distance>
     <gpxdata:speed>5.539</gpxdata:speed>
    </extensions>
   </trkpt>
   <trkpt lat="43.3806047" lon="16.5610689">
    <ele>31</ele>
    <time>2026-08-07T06:44:45Z</time>
    <extensions>
     <gpxdata:distance>1948.00</gpxdata:distance>
     <gpxdata:speed>5.717</gpxdata:speed>
    </extensions>
   </trkpt>
   <trkpt lat="43.3806093" lon="16.5609998">
    <ele>31</ele>
    <time>2026-08-07T06:44:46Z</time>
    <extensions>
     <gpxdata:distance>1954.00</gpxdata:distance>
     <gpxdata:speed>5.883</gpxdata:speed>
    </extensions>
   </trkpt>
   <trkpt lat="43.3805979" lon="16.5609300">
    <ele>31</ele>
    <time>2026-08-07T06:44:47Z</time>
    <extensions>
     <gpxdata:distance>1960.00</gpxdata:distance>
     <gpxdata:speed>6.067</gpxdata:speed>
    </extensions>
   </trkpt>
   <trkpt lat="43.3805646" lon="16.5608427">
    <ele>31</ele>
    <time>2026-08-07T06:44:48Z</time>
    <extensions>
     <gpxdata:distance>1966.00</gpxdata:distance>
     <gpxdata:speed>6.153</gpxdata:speed>
    </extensions>
   </trkpt>
   <trkpt lat="43.3805245" lon="16.5607861">
    <ele>30</ele>
    <time>2026-08-07T06:44:49Z</time>
    <extensions>
     <gpxdata:distance>1972.00</gpxdata:distance>
     <gpxdata:speed>6.181</gpxdata:speed>
    </extensions>
   </trkpt>
   <trkpt lat="43.3804779" lon="16.5607445">
    <ele>30</ele>
    <time>2026-08-07T06:44:50Z</time>
    <extensions>
     <gpxdata:distance>1978.00</gpxdata:distance>
     <gpxdata:speed>6.158</gpxdata:speed>
    </extensions>
   </trkpt>
   <trkpt lat="43.3804299" lon="16.5607149">
    <ele>31</ele>
    <time>2026-08-07T06:44:51Z</time>
    <extensions>
     <gpxdata:distance>1983.00</gpxdata:distance>
     <gpxdata:speed>5.978</gpxdata:speed>
    </extensions>
   </trkpt>
   <trkpt lat="43.3803979" lon="16.5606969">
    <ele>31</ele>
    <time>2026-08-07T06:44:52Z</time>
    <extensions>
     <gpxdata:distance>1988.00</gpxdata:distance>
     <gpxdata:speed>5.317</gpxdata:speed>
    </extensions>
   </trkpt>
   <trkpt lat="43.3803629" lon="16.5606727">
    <ele>31</ele>
    <time>2026-08-07T06:44:53Z</time>
    <extensions>
     <gpxdata:distance>1992.00</gpxdata:distance>
     <gpxdata:speed>4.778</gpxdata:speed>
    </extensions>
   </trkpt>
   <trkpt lat="43.3803328" lon="16.5606420">
    <ele>31</ele>
    <time>2026-08-07T06:44:54Z</time>
    <extensions>
     <gpxdata:distance>1996.00</gpxdata:distance>
     <gpxdata:speed>4.414</gpxdata:speed>
    </extensions>
   </trkpt>
   <trkpt lat="43.3803082" lon="16.5606052">
    <ele>31</ele>
    <time>2026-08-07T06:44:55Z</time>
    <extensions>
     <gpxdata:distance>2000.00</gpxdata:distance>
     <gpxdata:speed>4.267</gpxdata:speed>
    </extensions>
   </trkpt>
   <trkpt lat="43.3802878" lon="16.5605645">
    <ele>31</ele>
    <time>2026-08-07T06:44:56Z</time>
    <extensions>
     <gpxdata:distance>2004.00</gpxdata:distance>
     <gpxdata:speed>4.142</gpxdata:speed>
    </extensions>
   </trkpt>
   <trkpt lat="43.3802699" lon="16.5605219">
    <ele>32</ele>
    <time>2026-08-07T06:44:57Z</time>
    <extensions>
     <gpxdata:distance>2008.00</gpxdata:distance>
     <gpxdata:speed>4.042</gpxdata:speed>
    </extensions>
   </trkpt>
   <trkpt lat="43.3802531" lon="16.5604790">
    <ele>32</ele>
    <time>2026-08-07T06:44:58Z</time>
    <extensions>
     <gpxdata:distance>2012.00</gpxdata:distance>
     <gpxdata:speed>3.967</gpxdata:speed>
    </extensions>
   </trkpt>
   <trkpt lat="43.3802368" lon="16.5604357">
    <ele>32</ele>
    <time>2026-08-07T06:44:59Z</time>
    <extensions>
     <gpxdata:distance>2016.00</gpxdata:distance>
     <gpxdata:speed>3.950</gpxdata:speed>
    </extensions>
   </trkpt>
   <trkpt lat="43.3802214" lon="16.5603918">
    <ele>32</ele>
    <time>2026-08-07T06:45:00Z</time>
    <extensions>
     <gpxdata:distance>2020.00</gpxdata:distance>
     <gpxdata:speed>3.958</gpxdata:speed>
    </extensions>
   </trkpt>
   <trkpt lat="43.3802054" lon="16.5603483">
    <ele>32</ele>
    <time>2026-08-07T06:45:01Z</time>
    <extensions>
     <gpxdata:distance>2024.00</gpxdata:distance>
     <gpxdata:speed>3.917</gpxdata:speed>
    </extensions>
   </trkpt>
   <trkpt lat="43.3801888" lon="16.5603052">
    <ele>33</ele>
    <time>2026-08-07T06:45:02Z</time>
    <extensions>
     <gpxdata:distance>2028.00</gpxdata:distance>
     <gpxdata:speed>3.919</gpxdata:speed>
    </extensions>
   </trkpt>
   <trkpt lat="43.3801717" lon="16.5602622">
    <ele>33</ele>
    <time>2026-08-07T06:45:03Z</time>
    <extensions>
     <gpxdata:distance>2032.00</gpxdata:distance>
     <gpxdata:speed>3.939</gpxdata:speed>
    </extensions>
   </trkpt>
   <trkpt lat="43.3801546" lon="16.5602190">
    <ele>33</ele>
    <time>2026-08-07T06:45:04Z</time>
    <extensions>
     <gpxdata:distance>2036.00</gpxdata:distance>
     <gpxdata:speed>3.956</gpxdata:speed>
    </extensions>
   </trkpt>
   <trkpt lat="43.3801378" lon="16.5601749">
    <ele>34</ele>
    <time>2026-08-07T06:45:05Z</time>
    <extensions>
     <gpxdata:distance>2040.00</gpxdata:distance>
     <gpxdata:speed>3.989</gpxdata:speed>
    </extensions>
   </trkpt>
   <trkpt lat="43.3801216" lon="16.5601308">
    <ele>34</ele>
    <time>2026-08-07T06:45:06Z</time>
    <extensions>
     <gpxdata:distance>2044.00</gpxdata:distance>
     <gpxdata:speed>3.986</gpxdata:speed>
    </extensions>
   </trkpt>
   <trkpt lat="43.3801059" lon="16.5600876">
    <ele>34</ele>
    <time>2026-08-07T06:45:07Z</time>
    <extensions>
     <gpxdata:distance>2048.00</gpxdata:distance>
     <gpxdata:speed>3.942</gpxdata:speed>
    </extensions>
   </trkpt>
   <trkpt lat="43.3800910" lon="16.5600458">
    <ele>35</ele>
    <time>2026-08-07T06:45:08Z</time>
    <extensions>
     <gpxdata:distance>2052.00</gpxdata:distance>
     <gpxdata:speed>3.861</gpxdata:speed>
    </extensions>
   </trkpt>
   <trkpt lat="43.3800768" lon="16.5600046">
    <ele>35</ele>
    <time>2026-08-07T06:45:09Z</time>
    <extensions>
     <gpxdata:distance>2055.50</gpxdata:distance>
     <gpxdata:speed>3.789</gpxdata:speed>
    </extensions>
   </trkpt>
   <trkpt lat="43.3800630" lon="16.5599633">
    <ele>35</ele>
    <time>2026-08-07T06:45:10Z</time>
    <extensions>
     <gpxdata:distance>2059.00</gpxdata:distance>
     <gpxdata:speed>3.756</gpxdata:speed>
    </extensions>
   </trkpt>
   <trkpt lat="43.3800491" lon="16.5599216">
    <ele>36</ele>
    <time>2026-08-07T06:45:11Z</time>
    <extensions>
     <gpxdata:distance>2062.50</gpxdata:distance>
     <gpxdata:speed>3.742</gpxdata:speed>
    </extensions>
   </trkpt>
   <trkpt lat="43.3800356" lon="16.5598792">
    <ele>36</ele>
    <time>2026-08-07T06:45:12Z</time>
    <extensions>
     <gpxdata:distance>2066.00</gpxdata:distance>
     <gpxdata:speed>3.750</gpxdata:speed>
    </extensions>
   </trkpt>
   <trkpt lat="43.3800227" lon="16.5598364">
    <ele>36</ele>
    <time>2026-08-07T06:45:13Z</time>
    <extensions>
     <gpxdata:distance>2069.50</gpxdata:distance>
     <gpxdata:speed>3.747</gpxdata:speed>
    </extensions>
   </trkpt>
   <trkpt lat="43.3800107" lon="16.5597954">
    <ele>37</ele>
    <time>2026-08-07T06:45:14Z</time>
    <extensions>
     <gpxdata:distance>2073.00</gpxdata:distance>
     <gpxdata:speed>3.536</gpxdata:speed>
    </extensions>
   </trkpt>
   <trkpt lat="43.3800006" lon="16.5597600">
    <ele>37</ele>
    <time>2026-08-07T06:45:15Z</time>
    <extensions>
     <gpxdata:distance>2075.50</gpxdata:distance>
     <gpxdata:speed>2.986</gpxdata:speed>
    </extensions>
   </trkpt>
   <trkpt lat="43.3799959" lon="16.5597439">
    <ele>37</ele>
    <time>2026-08-07T06:45:16Z</time>
    <extensions>
     <gpxdata:distance>2078.00</gpxdata:distance>
     <gpxdata:speed>2.367</gpxdata:speed>
    </extensions>
   </trkpt>
   <trkpt lat="43.3799912" lon="16.5597271">
    <ele>38</ele>
    <time>2026-08-07T06:45:17Z</time>
    <extensions>
     <gpxdata:distance>2078.00</gpxdata:distance>
     <gpxdata:speed>1.628</gpxdata:speed>
    </extensions>
   </trkpt>
   <trkpt lat="43.3799890" lon="16.5597181">
    <ele>38</ele>
    <time>2026-08-07T06:45:18Z</time>
    <extensions>
     <gpxdata:distance>2078.00</gpxdata:distance>
     <gpxdata:speed>0.878</gpxdata:speed>
    </extensions>
   </trkpt>
   <trkpt lat="43.3799871" lon="16.5597097">
    <ele>38</ele>
    <time>2026-08-07T06:45:19Z</time>
    <extensions>
     <gpxdata:distance>2078.00</gpxdata:distance>
     <gpxdata:speed>0.700</gpxdata:speed>
    </extensions>
   </trkpt>
   <trkpt lat="43.3799849" lon="16.5597010">
    <ele>38</ele>
    <time>2026-08-07T06:45:20Z</time>
    <extensions>
     <gpxdata:distance>2078.00</gpxdata:distance>
     <gpxdata:speed>0.700</gpxdata:speed>
    </extensions>
   </trkpt>
   <trkpt lat="43.3799827" lon="16.5596913">
    <ele>38</ele>
    <time>2026-08-07T06:45:21Z</time>
    <extensions>
     <gpxdata:distance>2080.00</gpxdata:distance>
     <gpxdata:speed>0.911</gpxdata:speed>
    </extensions>
   </trkpt>
   <trkpt lat="43.3799803" lon="16.5596815">
    <ele>39</ele>
    <time>2026-08-07T06:45:22Z</time>
    <extensions>
     <gpxdata:distance>2082.00</gpxdata:distance>
     <gpxdata:speed>0.853</gpxdata:speed>
    </extensions>
   </trkpt>
   <trkpt lat="43.3799764" lon="16.5596725">
    <ele>39</ele>
    <time>2026-08-07T06:45:23Z</time>
    <extensions>
     <gpxdata:distance>2082.50</gpxdata:distance>
     <gpxdata:speed>0.667</gpxdata:speed>
    </extensions>
   </trkpt>
   <trkpt lat="43.3799714" lon="16.5596658">
    <ele>39</ele>
    <time>2026-08-07T06:45:24Z</time>
    <extensions>
     <gpxdata:distance>2083.00</gpxdata:distance>
     <gpxdata:speed>0.578</gpxdata:speed>
    </extensions>
   </trkpt>
   <trkpt lat="43.3799653" lon="16.5596610">
    <ele>39</ele>
    <time>2026-08-07T06:45:25Z</time>
    <extensions>
     <gpxdata:distance>2083.50</gpxdata:distance>
     <gpxdata:speed>0.578</gpxdata:speed>
    </extensions>
   </trkpt>
   <trkpt lat="43.3799591" lon="16.5596585">
    <ele>39</ele>
    <time>2026-08-07T06:45:26Z</time>
    <extensions>
     <gpxdata:distance>2084.00</gpxdata:distance>
     <gpxdata:speed>0.864</gpxdata:speed>
    </extensions>
   </trkpt>
   <trkpt lat="43.3799530" lon="16.5596574">
    <ele>39</ele>
    <time>2026-08-07T06:45:27Z</time>
    <extensions>
     <gpxdata:distance>2084.50</gpxdata:distance>
     <gpxdata:speed>0.761</gpxdata:speed>
    </extensions>
   </trkpt>
   <trkpt lat="43.3799463" lon="16.5596570">
    <ele>39</ele>
    <time>2026-08-07T06:45:28Z</time>
    <extensions>
     <gpxdata:distance>2085.00</gpxdata:distance>
     <gpxdata:speed>0.731</gpxdata:speed>
    </extensions>
   </trkpt>
   <trkpt lat="43.3799385" lon="16.5596574">
    <ele>39</ele>
    <time>2026-08-07T06:45:29Z</time>
    <extensions>
     <gpxdata:distance>2086.00</gpxdata:distance>
     <gpxdata:speed>0.792</gpxdata:speed>
    </extensions>
   </trkpt>
   <trkpt lat="43.3799298" lon="16.5596579">
    <ele>39</ele>
    <time>2026-08-07T06:45:30Z</time>
    <extensions>
     <gpxdata:distance>2087.00</gpxdata:distance>
     <gpxdata:speed>0.892</gpxdata:speed>
    </extensions>
   </trkpt>
   <trkpt lat="43.3799210" lon="16.5596579">
    <ele>39</ele>
    <time>2026-08-07T06:45:31Z</time>
    <extensions>
     <gpxdata:distance>2088.50</gpxdata:distance>
     <gpxdata:speed>0.967</gpxdata:speed>
    </extensions>
   </trkpt>
   <trkpt lat="43.3799124" lon="16.5596576">
    <ele>39</ele>
    <time>2026-08-07T06:45:32Z</time>
    <extensions>
     <gpxdata:distance>2090.00</gpxdata:distance>
     <gpxdata:speed>0.992</gpxdata:speed>
    </extensions>
   </trkpt>
   <trkpt lat="43.3799039" lon="16.5596576">
    <ele>39</ele>
    <time>2026-08-07T06:45:33Z</time>
    <extensions>
     <gpxdata:distance>2090.50</gpxdata:distance>
     <gpxdata:speed>0.964</gpxdata:speed>
    </extensions>
   </trkpt>
   <trkpt lat="43.3798954" lon="16.5596560">
    <ele>40</ele>
    <time>2026-08-07T06:45:34Z</time>
    <extensions>
     <gpxdata:distance>2091.00</gpxdata:distance>
     <gpxdata:speed>0.969</gpxdata:speed>
    </extensions>
   </trkpt>
   <trkpt lat="43.3798870" lon="16.5596518">
    <ele>40</ele>
    <time>2026-08-07T06:45:35Z</time>
    <extensions>
     <gpxdata:distance>2092.00</gpxdata:distance>
     <gpxdata:speed>1.011</gpxdata:speed>
    </extensions>
   </trkpt>
   <trkpt lat="43.3798792" lon="16.5596448">
    <ele>40</ele>
    <time>2026-08-07T06:45:36Z</time>
    <extensions>
     <gpxdata:distance>2093.00</gpxdata:distance>
     <gpxdata:speed>1.069</gpxdata:speed>
    </extensions>
   </trkpt>
   <trkpt lat="43.3798717" lon="16.5596359">
    <ele>40</ele>
    <time>2026-08-07T06:45:37Z</time>
    <extensions>
     <gpxdata:distance>2094.50</gpxdata:distance>
     <gpxdata:speed>1.139</gpxdata:speed>
    </extensions>
   </trkpt>
   <trkpt lat="43.3798647" lon="16.5596256">
    <ele>40</ele>
    <time>2026-08-07T06:45:38Z</time>
    <extensions>
     <gpxdata:distance>2096.00</gpxdata:distance>
     <gpxdata:speed>1.192</gpxdata:speed>
    </extensions>
   </trkpt>
   <trkpt lat="43.3798582" lon="16.5596143">
    <ele>40</ele>
    <time>2026-08-07T06:45:39Z</time>
    <extensions>
     <gpxdata:distance>2097.00</gpxdata:distance>
     <gpxdata:speed>1.228</gpxdata:speed>
    </extensions>
   </trkpt>
   <trkpt lat="43.3798516" lon="16.5596022">
    <ele>40</ele>
    <time>2026-08-07T06:45:40Z</time>
    <extensions>
     <gpxdata:distance>2098.00</gpxdata:distance>
     <gpxdata:speed>1.242</gpxdata:speed>
    </extensions>
   </trkpt>
   <trkpt lat="43.3798451" lon="16.5595893">
    <ele>40</ele>
    <time>2026-08-07T06:45:41Z</time>
    <extensions>
     <gpxdata:distance>2099.50</gpxdata:distance>
     <gpxdata:speed>1.278</gpxdata:speed>
    </extensions>
   </trkpt>
   <trkpt lat="43.3798387" lon="16.5595759">
    <ele>40</ele>
    <time>2026-08-07T06:45:42Z</time>
    <extensions>
     <gpxdata:distance>2101.00</gpxdata:distance>
     <gpxdata:speed>1.317</gpxdata:speed>
    </extensions>
   </trkpt>
   <trkpt lat="43.3798326" lon="16.5595623">
    <ele>40</ele>
    <time>2026-08-07T06:45:43Z</time>
    <extensions>
     <gpxdata:distance>2102.50</gpxdata:distance>
     <gpxdata:speed>1.336</gpxdata:speed>
    </extensions>
   </trkpt>
   <trkpt lat="43.3798266" lon="16.5595490">
    <ele>40</ele>
    <time>2026-08-07T06:45:44Z</time>
    <extensions>
     <gpxdata:distance>2104.00</gpxdata:distance>
     <gpxdata:speed>1.328</gpxdata:speed>
    </extensions>
   </trkpt>
   <trkpt lat="43.3798207" lon="16.5595359">
    <ele>40</ele>
    <time>2026-08-07T06:45:45Z</time>
    <extensions>
     <gpxdata:distance>2105.00</gpxdata:distance>
     <gpxdata:speed>1.294</gpxdata:speed>
    </extensions>
   </trkpt>
   <trkpt lat="43.3798157" lon="16.5595220">
    <ele>40</ele>
    <time>2026-08-07T06:45:46Z</time>
    <extensions>
     <gpxdata:distance>2106.00</gpxdata:distance>
     <gpxdata:speed>1.267</gpxdata:speed>
    </extensions>
   </trkpt>
   <trkpt lat="43.3798115" lon="16.5595075">
    <ele>40</ele>
    <time>2026-08-07T06:45:47Z</time>
    <extensions>
     <gpxdata:distance>2107.50</gpxdata:distance>
     <gpxdata:speed>1.281</gpxdata:speed>
    </extensions>
   </trkpt>
   <trkpt lat="43.3798077" lon="16.5594922">
    <ele>41</ele>
    <time>2026-08-07T06:45:48Z</time>
    <extensions>
     <gpxdata:distance>2109.00</gpxdata:distance>
     <gpxdata:speed>1.294</gpxdata:speed>
    </extensions>
   </trkpt>
   <trkpt lat="43.3798040" lon="16.5594762">
    <ele>41</ele>
    <time>2026-08-07T06:45:49Z</time>
    <extensions>
     <gpxdata:distance>2110.50</gpxdata:distance>
     <gpxdata:speed>1.319</gpxdata:speed>
    </extensions>
   </trkpt>
   <trkpt lat="43.3798000" lon="16.5594603">
    <ele>41</ele>
    <time>2026-08-07T06:45:50Z</time>
    <extensions>
     <gpxdata:distance>2112.00</gpxdata:distance>
     <gpxdata:speed>1.364</gpxdata:speed>
    </extensions>
   </trkpt>
   <trkpt lat="43.3797955" lon="16.5594446">
    <ele>41</ele>
    <time>2026-08-07T06:45:51Z</time>
    <extensions>
     <gpxdata:distance>2113.00</gpxdata:distance>
     <gpxdata:speed>1.364</gpxdata:speed>
    </extensions>
   </trkpt>
   <trkpt lat="43.3797905" lon="16.5594287">
    <ele>41</ele>
    <time>2026-08-07T06:45:52Z</time>
    <extensions>
     <gpxdata:distance>2114.00</gpxdata:distance>
     <gpxdata:speed>1.375</gpxdata:speed>
    </extensions>
   </trkpt>
   <trkpt lat="43.3797852" lon="16.5594127">
    <ele>41</ele>
    <time>2026-08-07T06:45:53Z</time>
    <extensions>
     <gpxdata:distance>2115.50</gpxdata:distance>
     <gpxdata:speed>1.403</gpxdata:speed>
    </extensions>
   </trkpt>
   <trkpt lat="43.3797800" lon="16.5593963">
    <ele>41</ele>
    <time>2026-08-07T06:45:54Z</time>
    <extensions>
     <gpxdata:distance>2117.00</gpxdata:distance>
     <gpxdata:speed>1.425</gpxdata:speed>
    </extensions>
   </trkpt>
   <trkpt lat="43.3797750" lon="16.5593796">
    <ele>41</ele>
    <time>2026-08-07T06:45:55Z</time>
    <extensions>
     <gpxdata:distance>2118.50</gpxdata:distance>
     <gpxdata:speed>1.456</gpxdata:speed>
    </extensions>
   </trkpt>
   <trkpt lat="43.3797700" lon="16.5593624">
    <ele>41</ele>
    <time>2026-08-07T06:45:56Z</time>
    <extensions>
     <gpxdata:distance>2120.00</gpxdata:distance>
     <gpxdata:speed>1.467</gpxdata:speed>
    </extensions>
   </trkpt>
   <trkpt lat="43.3797651" lon="16.5593451">
    <ele>42</ele>
    <time>2026-08-07T06:45:57Z</time>
    <extensions>
     <gpxdata:distance>2121.50</gpxdata:distance>
     <gpxdata:speed>1.497</gpxdata:speed>
    </extensions>
   </trkpt>
   <trkpt lat="43.3797601" lon="16.5593283">
    <ele>42</ele>
    <time>2026-08-07T06:45:58Z</time>
    <extensions>
     <gpxdata:distance>2123.00</gpxdata:distance>
     <gpxdata:speed>1.500</gpxdata:speed>
    </extensions>
   </trkpt>
   <trkpt lat="43.3797550" lon="16.5593117">
    <ele>42</ele>
    <time>2026-08-07T06:45:59Z</time>
    <extensions>
     <gpxdata:distance>2124.50</gpxdata:distance>
     <gpxdata:speed>1.483</gpxdata:speed>
    </extensions>
   </trkpt>
   <trkpt lat="43.3797497" lon="16.5592955">
    <ele>42</ele>
    <time>2026-08-07T06:46:00Z</time>
    <extensions>
     <gpxdata:distance>2126.00</gpxdata:distance>
     <gpxdata:speed>1.469</gpxdata:speed>
    </extensions>
   </trkpt>
   <trkpt lat="43.3797447" lon="16.5592794">
    <ele>42</ele>
    <time>2026-08-07T06:46:01Z</time>
    <extensions>
     <gpxdata:distance>2127.50</gpxdata:distance>
     <gpxdata:speed>1.442</gpxdata:speed>
    </extensions>
   </trkpt>
   <trkpt lat="43.3797400" lon="16.5592630">
    <ele>42</ele>
    <time>2026-08-07T06:46:02Z</time>
    <extensions>
     <gpxdata:distance>2129.00</gpxdata:distance>
     <gpxdata:speed>1.433</gpxdata:speed>
    </extensions>
   </trkpt>
   <trkpt lat="43.3797354" lon="16.5592467">
    <ele>42</ele>
    <time>2026-08-07T06:46:03Z</time>
    <extensions>
     <gpxdata:distance>2130.50</gpxdata:distance>
     <gpxdata:speed>1.433</gpxdata:speed>
    </extensions>
   </trkpt>
   <trkpt lat="43.3797303" lon="16.5592306">
    <ele>42</ele>
    <time>2026-08-07T06:46:04Z</time>
    <extensions>
     <gpxdata:distance>2132.00</gpxdata:distance>
     <gpxdata:speed>1.417</gpxdata:speed>
    </extensions>
   </trkpt>
   <trkpt lat="43.3797243" lon="16.5592151">
    <ele>42</ele>
    <time>2026-08-07T06:46:05Z</time>
    <extensions>
     <gpxdata:distance>2133.50</gpxdata:distance>
     <gpxdata:speed>1.425</gpxdata:speed>
    </extensions>
   </trkpt>
   <trkpt lat="43.3797181" lon="16.5592001">
    <ele>42</ele>
    <time>2026-08-07T06:46:06Z</time>
    <extensions>
     <gpxdata:distance>2135.00</gpxdata:distance>
     <gpxdata:speed>1.436</gpxdata:speed>
    </extensions>
   </trkpt>
   <trkpt lat="43.3797117" lon="16.5591860">
    <ele>43</ele>
    <time>2026-08-07T06:46:07Z</time>
    <extensions>
     <gpxdata:distance>2136.00</gpxdata:distance>
     <gpxdata:speed>1.406</gpxdata:speed>
    </extensions>
   </trkpt>
   <trkpt lat="43.3797048" lon="16.5591727">
    <ele>43</ele>
    <time>2026-08-07T06:46:08Z</time>
    <extensions>
     <gpxdata:distance>2137.00</gpxdata:distance>
     <gpxdata:speed>1.364</gpxdata:speed>
    </extensions>
   </trkpt>
   <trkpt lat="43.3796972" lon="16.5591603">
    <ele>43</ele>
    <time>2026-08-07T06:46:09Z</time>
    <extensions>
     <gpxdata:distance>2138.50</gpxdata:distance>
     <gpxdata:speed>1.344</gpxdata:speed>
    </extensions>
   </trkpt>
   <trkpt lat="43.3796888" lon="16.5591492">
    <ele>43</ele>
    <time>2026-08-07T06:46:10Z</time>
    <extensions>
     <gpxdata:distance>2140.00</gpxdata:distance>
     <gpxdata:speed>1.331</gpxdata:speed>
    </extensions>
   </trkpt>
   <trkpt lat="43.3796795" lon="16.5591394">
    <ele>43</ele>
    <time>2026-08-07T06:46:11Z</time>
    <extensions>
     <gpxdata:distance>2141.00</gpxdata:distance>
     <gpxdata:speed>1.331</gpxdata:speed>
    </extensions>
   </trkpt>
   <trkpt lat="43.3796697" lon="16.5591307">
    <ele>43</ele>
    <time>2026-08-07T06:46:12Z</time>
    <extensions>
     <gpxdata:distance>2142.00</gpxdata:distance>
     <gpxdata:speed>1.333</gpxdata:speed>
    </extensions>
   </trkpt>
   <trkpt lat="43.3796595" lon="16.5591231">
    <ele>43</ele>
    <time>2026-08-07T06:46:13Z</time>
    <extensions>
     <gpxdata:distance>2143.50</gpxdata:distance>
     <gpxdata:speed>1.325</gpxdata:speed>
    </extensions>
   </trkpt>
   <trkpt lat="43.3796490" lon="16.5591159">
    <ele>43</ele>
    <time>2026-08-07T06:46:14Z</time>
    <extensions>
     <gpxdata:distance>2145.00</gpxdata:distance>
     <gpxdata:speed>1.317</gpxdata:speed>
    </extensions>
   </trkpt>
   <trkpt lat="43.3796383" lon="16.5591093">
    <ele>43</ele>
    <time>2026-08-07T06:46:15Z</time>
    <extensions>
     <gpxdata:distance>2146.00</gpxdata:distance>
     <gpxdata:speed>1.322</gpxdata:speed>
    </extensions>
   </trkpt>
   <trkpt lat="43.3796275" lon="16.5591031">
    <ele>44</ele>
    <time>2026-08-07T06:46:16Z</time>
    <extensions>
     <gpxdata:distance>2147.00</gpxdata:distance>
     <gpxdata:speed>1.325</gpxdata:speed>
    </extensions>
   </trkpt>
   <trkpt lat="43.3796167" lon="16.5590977">
    <ele>44</ele>
    <time>2026-08-07T06:46:17Z</time>
    <extensions>
     <gpxdata:distance>2148.50</gpxdata:distance>
     <gpxdata:speed>1.311</gpxdata:speed>
    </extensions>
   </trkpt>
   <trkpt lat="43.3796060" lon="16.5590939">
    <ele>44</ele>
    <time>2026-08-07T06:46:18Z</time>
    <extensions>
     <gpxdata:distance>2150.00</gpxdata:distance>
     <gpxdata:speed>1.297</gpxdata:speed>
    </extensions>
   </trkpt>
   <trkpt lat="43.3795956" lon="16.5590925">
    <ele>44</ele>
    <time>2026-08-07T06:46:19Z</time>
    <extensions>
     <gpxdata:distance>2151.00</gpxdata:distance>
     <gpxdata:speed>1.264</gpxdata:speed>
    </extensions>
   </trkpt>
   <trkpt lat="43.3795860" lon="16.5590940">
    <ele>44</ele>
    <time>2026-08-07T06:46:20Z</time>
    <extensions>
     <gpxdata:distance>2152.00</gpxdata:distance>
     <gpxdata:speed>1.225</gpxdata:speed>
    </extensions>
   </trkpt>
   <trkpt lat="43.3795772" lon="16.5590975">
    <ele>44</ele>
    <time>2026-08-07T06:46:21Z</time>
    <extensions>
     <gpxdata:distance>2153.00</gpxdata:distance>
     <gpxdata:speed>1.183</gpxdata:speed>
    </extensions>
   </trkpt>
   <trkpt lat="43.3795688" lon="16.5591024">
    <ele>44</ele>
    <time>2026-08-07T06:46:22Z</time>
    <extensions>
     <gpxdata:distance>2154.00</gpxdata:distance>
     <gpxdata:speed>1.125</gpxdata:speed>
    </extensions>
   </trkpt>
   <trkpt lat="43.3795599" lon="16.5591086">
    <ele>45</ele>
    <time>2026-08-07T06:46:23Z</time>
    <extensions>
     <gpxdata:distance>2155.00</gpxdata:distance>
     <gpxdata:speed>1.106</gpxdata:speed>
    </extensions>
   </trkpt>
   <trkpt lat="43.3795505" lon="16.5591161">
    <ele>45</ele>
    <time>2026-08-07T06:46:24Z</time>
    <extensions>
     <gpxdata:distance>2156.00</gpxdata:distance>
     <gpxdata:speed>1.156</gpxdata:speed>
    </extensions>
   </trkpt>
   <trkpt lat="43.3795407" lon="16.5591248">
    <ele>45</ele>
    <time>2026-08-07T06:46:25Z</time>
    <extensions>
     <gpxdata:distance>2157.50</gpxdata:distance>
     <gpxdata:speed>1.228</gpxdata:speed>
    </extensions>
   </trkpt>
   <trkpt lat="43.3795308" lon="16.5591346">
    <ele>45</ele>
    <time>2026-08-07T06:46:26Z</time>
    <extensions>
     <gpxdata:distance>2159.00</gpxdata:distance>
     <gpxdata:speed>1.303</gpxdata:speed>
    </extensions>
   </trkpt>
   <trkpt lat="43.3795209" lon="16.5591455">
    <ele>45</ele>
    <time>2026-08-07T06:46:27Z</time>
    <extensions>
     <gpxdata:distance>2160.50</gpxdata:distance>
     <gpxdata:speed>1.369</gpxdata:speed>
    </extensions>
   </trkpt>
   <trkpt lat="43.3795113" lon="16.5591573">
    <ele>46</ele>
    <time>2026-08-07T06:46:28Z</time>
    <extensions>
     <gpxdata:distance>2162.00</gpxdata:distance>
     <gpxdata:speed>1.414</gpxdata:speed>
    </extensions>
   </trkpt>
   <trkpt lat="43.3795024" lon="16.5591689">
    <ele>46</ele>
    <time>2026-08-07T06:46:29Z</time>
    <extensions>
     <gpxdata:distance>2163.50</gpxdata:distance>
     <gpxdata:speed>1.439</gpxdata:speed>
    </extensions>
   </trkpt>
   <trkpt lat="43.3794940" lon="16.5591798">
    <ele>46</ele>
    <time>2026-08-07T06:46:30Z</time>
    <extensions>
     <gpxdata:distance>2165.00</gpxdata:distance>
     <gpxdata:speed>1.392</gpxdata:speed>
    </extensions>
   </trkpt>
   <trkpt lat="43.3794857" lon="16.5591905">
    <ele>46</ele>
    <time>2026-08-07T06:46:31Z</time>
    <extensions>
     <gpxdata:distance>2166.00</gpxdata:distance>
     <gpxdata:speed>1.314</gpxdata:speed>
    </extensions>
   </trkpt>
   <trkpt lat="43.3794776" lon="16.5592012">
    <ele>46</ele>
    <time>2026-08-07T06:46:32Z</time>
    <extensions>
     <gpxdata:distance>2167.00</gpxdata:distance>
     <gpxdata:speed>1.286</gpxdata:speed>
    </extensions>
   </trkpt>
   <trkpt lat="43.3794695" lon="16.5592124">
    <ele>46</ele>
    <time>2026-08-07T06:46:33Z</time>
    <extensions>
     <gpxdata:distance>2168.50</gpxdata:distance>
     <gpxdata:speed>1.269</gpxdata:speed>
    </extensions>
   </trkpt>
   <trkpt lat="43.3794613" lon="16.5592241">
    <ele>46</ele>
    <time>2026-08-07T06:46:34Z</time>
    <extensions>
     <gpxdata:distance>2170.00</gpxdata:distance>
     <gpxdata:speed>1.281</gpxdata:speed>
    </extensions>
   </trkpt>
   <trkpt lat="43.3794533" lon="16.5592362">
    <ele>46</ele>
    <time>2026-08-07T06:46:35Z</time>
    <extensions>
     <gpxdata:distance>2171.50</gpxdata:distance>
     <gpxdata:speed>1.311</gpxdata:speed>
    </extensions>
   </trkpt>
   <trkpt lat="43.3794457" lon="16.5592490">
    <ele>46</ele>
    <time>2026-08-07T06:46:36Z</time>
    <extensions>
     <gpxdata:distance>2173.00</gpxdata:distance>
     <gpxdata:speed>1.325</gpxdata:speed>
    </extensions>
   </trkpt>
   <trkpt lat="43.3794387" lon="16.5592626">
    <ele>47</ele>
    <time>2026-08-07T06:46:37Z</time>
    <extensions>
     <gpxdata:distance>2174.00</gpxdata:distance>
     <gpxdata:speed>1.342</gpxdata:speed>
    </extensions>
   </trkpt>
   <trkpt lat="43.3794327" lon="16.5592767">
    <ele>47</ele>
    <time>2026-08-07T06:46:38Z</time>
    <extensions>
     <gpxdata:distance>2175.00</gpxdata:distance>
     <gpxdata:speed>1.353</gpxdata:speed>
    </extensions>
   </trkpt>
   <trkpt lat="43.3794274" lon="16.5592914">
    <ele>47</ele>
    <time>2026-08-07T06:46:39Z</time>
    <extensions>
     <gpxdata:distance>2176.50</gpxdata:distance>
     <gpxdata:speed>1.339</gpxdata:speed>
    </extensions>
   </trkpt>
   <trkpt lat="43.3794228" lon="16.5593074">
    <ele>47</ele>
    <time>2026-08-07T06:46:40Z</time>
    <extensions>
     <gpxdata:distance>2178.00</gpxdata:distance>
     <gpxdata:speed>1.347</gpxdata:speed>
    </extensions>
   </trkpt>
   <trkpt lat="43.3794189" lon="16.5593245">
    <ele>47</ele>
    <time>2026-08-07T06:46:41Z</time>
    <extensions>
     <gpxdata:distance>2179.50</gpxdata:distance>
     <gpxdata:speed>1.403</gpxdata:speed>
    </extensions>
   </trkpt>
   <trkpt lat="43.3794161" lon="16.5593421">
    <ele>48</ele>
    <time>2026-08-07T06:46:42Z</time>
    <extensions>
     <gpxdata:distance>2181.00</gpxdata:distance>
     <gpxdata:speed>1.461</gpxdata:speed>
    </extensions>
   </trkpt>
   <trkpt lat="43.3794142" lon="16.5593593">
    <ele>48</ele>
    <time>2026-08-07T06:46:43Z</time>
    <extensions>
     <gpxdata:distance>2182.50</gpxdata:distance>
     <gpxdata:speed>1.475</gpxdata:speed>
    </extensions>
   </trkpt>
   <trkpt lat="43.3794132" lon="16.5593759">
    <ele>48</ele>
    <time>2026-08-07T06:46:44Z</time>
    <extensions>
     <gpxdata:distance>2184.00</gpxdata:distance>
     <gpxdata:speed>1.444</gpxdata:speed>
    </extensions>
   </trkpt>
   <trkpt lat="43.3794135" lon="16.5593920">
    <ele>48</ele>
    <time>2026-08-07T06:46:45Z</time>
    <extensions>
     <gpxdata:distance>2185.00</gpxdata:distance>
     <gpxdata:speed>1.383</gpxdata:speed>
    </extensions>
   </trkpt>
   <trkpt lat="43.3794154" lon="16.5594075">
    <ele>48</ele>
    <time>2026-08-07T06:46:46Z</time>
    <extensions>
     <gpxdata:distance>2186.00</gpxdata:distance>
     <gpxdata:speed>1.350</gpxdata:speed>
    </extensions>
   </trkpt>
   <trkpt lat="43.3794170" lon="16.5594145">
    <ele>48</ele>
    <time>2026-08-07T06:46:47Z</time>
    <extensions>
     <gpxdata:distance>2187.00</gpxdata:distance>
     <gpxdata:speed>1.333</gpxdata:speed>
    </extensions>
   </trkpt>
   <trkpt lat="43.3794186" lon="16.5594215">
    <ele>48</ele>
    <time>2026-08-07T06:46:48Z</time>
    <extensions>
     <gpxdata:distance>2188.00</gpxdata:distance>
     <gpxdata:speed>1.269</gpxdata:speed>
    </extensions>
   </trkpt>
   <trkpt lat="43.3794226" lon="16.5594338">
    <ele>48</ele>
    <time>2026-08-07T06:46:49Z</time>
    <extensions>
     <gpxdata:distance>2189.00</gpxdata:distance>
     <gpxdata:speed>1.164</gpxdata:speed>
    </extensions>
   </trkpt>
   <trkpt lat="43.3794276" lon="16.5594443">
    <ele>48</ele>
    <time>2026-08-07T06:46:50Z</time>
    <extensions>
     <gpxdata:distance>2190.00</gpxdata:distance>
     <gpxdata:speed>1.111</gpxdata:speed>
    </extensions>
   </trkpt>
   <trkpt lat="43.3794340" lon="16.5594527">
    <ele>48</ele>
    <time>2026-08-07T06:46:51Z</time>
    <extensions>
     <gpxdata:distance>2191.00</gpxdata:distance>
     <gpxdata:speed>1.089</gpxdata:speed>
    </extensions>
   </trkpt>
   <trkpt lat="43.3794417" lon="16.5594581">
    <ele>48</ele>
    <time>2026-08-07T06:46:52Z</time>
    <extensions>
     <gpxdata:distance>2192.00</gpxdata:distance>
     <gpxdata:speed>1.114</gpxdata:speed>
    </extensions>
   </trkpt>
   <trkpt lat="43.3794509" lon="16.5594611">
    <ele>48</ele>
    <time>2026-08-07T06:46:53Z</time>
    <extensions>
     <gpxdata:distance>2193.50</gpxdata:distance>
     <gpxdata:speed>1.186</gpxdata:speed>
    </extensions>
   </trkpt>
   <trkpt lat="43.3794621" lon="16.5594626">
    <ele>48</ele>
    <time>2026-08-07T06:46:54Z</time>
    <extensions>
     <gpxdata:distance>2195.00</gpxdata:distance>
     <gpxdata:speed>1.331</gpxdata:speed>
    </extensions>
   </trkpt>
   <trkpt lat="43.3794750" lon="16.5594650">
    <ele>48</ele>
    <time>2026-08-07T06:46:55Z</time>
    <extensions>
     <gpxdata:distance>2197.00</gpxdata:distance>
     <gpxdata:speed>1.492</gpxdata:speed>
    </extensions>
   </trkpt>
   <trkpt lat="43.3794890" lon="16.5594700">
    <ele>48</ele>
    <time>2026-08-07T06:46:56Z</time>
    <extensions>
     <gpxdata:distance>2199.00</gpxdata:distance>
     <gpxdata:speed>1.650</gpxdata:speed>
    </extensions>
   </trkpt>
   <trkpt lat="43.3795034" lon="16.5594776">
    <ele>48</ele>
    <time>2026-08-07T06:46:57Z</time>
    <extensions>
     <gpxdata:distance>2201.00</gpxdata:distance>
     <gpxdata:speed>1.764</gpxdata:speed>
    </extensions>
   </trkpt>
   <trkpt lat="43.3795177" lon="16.5594874">
    <ele>48</ele>
    <time>2026-08-07T06:46:58Z</time>
    <extensions>
     <gpxdata:distance>2203.00</gpxdata:distance>
     <gpxdata:speed>1.828</gpxdata:speed>
    </extensions>
   </trkpt>
   <trkpt lat="43.3795315" lon="16.5594990">
    <ele>48</ele>
    <time>2026-08-07T06:46:59Z</time>
    <extensions>
     <gpxdata:distance>2204.50</gpxdata:distance>
     <gpxdata:speed>1.847</gpxdata:speed>
    </extensions>
   </trkpt>
   <trkpt lat="43.3795443" lon="16.5595123">
    <ele>47</ele>
    <time>2026-08-07T06:47:00Z</time>
    <extensions>
     <gpxdata:distance>2206.00</gpxdata:distance>
     <gpxdata:speed>1.853</gpxdata:speed>
    </extensions>
   </trkpt>
   <trkpt lat="43.3795565" lon="16.5595276">
    <ele>47</ele>
    <time>2026-08-07T06:47:01Z</time>
    <extensions>
     <gpxdata:distance>2208.00</gpxdata:distance>
     <gpxdata:speed>1.892</gpxdata:speed>
    </extensions>
   </trkpt>
   <trkpt lat="43.3795677" lon="16.5595443">
    <ele>47</ele>
    <time>2026-08-07T06:47:02Z</time>
    <extensions>
     <gpxdata:distance>2210.00</gpxdata:distance>
     <gpxdata:speed>1.900</gpxdata:speed>
    </extensions>
   </trkpt>
   <trkpt lat="43.3795783" lon="16.5595616">
    <ele>47</ele>
    <time>2026-08-07T06:47:03Z</time>
    <extensions>
     <gpxdata:distance>2211.50</gpxdata:distance>
     <gpxdata:speed>1.875</gpxdata:speed>
    </extensions>
   </trkpt>
   <trkpt lat="43.3795884" lon="16.5595786">
    <ele>47</ele>
    <time>2026-08-07T06:47:04Z</time>
    <extensions>
     <gpxdata:distance>2213.00</gpxdata:distance>
     <gpxdata:speed>1.819</gpxdata:speed>
    </extensions>
   </trkpt>
   <trkpt lat="43.3795983" lon="16.5595952">
    <ele>47</ele>
    <time>2026-08-07T06:47:05Z</time>
    <extensions>
     <gpxdata:distance>2215.00</gpxdata:distance>
     <gpxdata:speed>1.775</gpxdata:speed>
    </extensions>
   </trkpt>
   <trkpt lat="43.3796078" lon="16.5596112">
    <ele>47</ele>
    <time>2026-08-07T06:47:06Z</time>
    <extensions>
     <gpxdata:distance>2217.00</gpxdata:distance>
     <gpxdata:speed>1.706</gpxdata:speed>
    </extensions>
   </trkpt>
   <trkpt lat="43.3796165" lon="16.5596267">
    <ele>46</ele>
    <time>2026-08-07T06:47:07Z</time>
    <extensions>
     <gpxdata:distance>2218.00</gpxdata:distance>
     <gpxdata:speed>1.608</gpxdata:speed>
    </extensions>
   </trkpt>
   <trkpt lat="43.3796242" lon="16.5596418">
    <ele>46</ele>
    <time>2026-08-07T06:47:08Z</time>
    <extensions>
     <gpxdata:distance>2219.00</gpxdata:distance>
     <gpxdata:speed>1.525</gpxdata:speed>
    </extensions>
   </trkpt>
   <trkpt lat="43.3796317" lon="16.5596567">
    <ele>46</ele>
    <time>2026-08-07T06:47:09Z</time>
    <extensions>
     <gpxdata:distance>2220.50</gpxdata:distance>
     <gpxdata:speed>1.486</gpxdata:speed>
    </extensions>
   </trkpt>
   <trkpt lat="43.3796023" lon="16.5596597">
    <ele>46</ele>
    <time>2026-08-07T07:07:46Z</time>
    <extensions>
     <gpxdata:distance>2222.00</gpxdata:distance>
    </extensions>
   </trkpt>
   <trkpt lat="43.3795918" lon="16.5596215">
    <ele>46</ele>
    <time>2026-08-07T07:07:52Z</time>
    <extensions>
     <gpxdata:distance>2228.00</gpxdata:distance>
     <gpxdata:speed>0.917</gpxdata:speed>
    </extensions>
   </trkpt>
   <trkpt lat="43.3795901" lon="16.5596065">
    <ele>46</ele>
    <time>2026-08-07T07:07:53Z</time>
    <extensions>
     <gpxdata:distance>2228.00</gpxdata:distance>
     <gpxdata:speed>1.208</gpxdata:speed>
    </extensions>
   </trkpt>
   <trkpt lat="43.3795875" lon="16.5595895">
    <ele>46</ele>
    <time>2026-08-07T07:07:54Z</time>
    <extensions>
     <gpxdata:distance>2229.50</gpxdata:distance>
     <gpxdata:speed>1.403</gpxdata:speed>
    </extensions>
   </trkpt>
   <trkpt lat="43.3795834" lon="16.5595710">
    <ele>46</ele>
    <time>2026-08-07T07:07:55Z</time>
    <extensions>
     <gpxdata:distance>2231.00</gpxdata:distance>
     <gpxdata:speed>1.617</gpxdata:speed>
    </extensions>
   </trkpt>
   <trkpt lat="43.3795778" lon="16.5595520">
    <ele>46</ele>
    <time>2026-08-07T07:07:56Z</time>
    <extensions>
     <gpxdata:distance>2233.00</gpxdata:distance>
     <gpxdata:speed>1.756</gpxdata:speed>
    </extensions>
   </trkpt>
   <trkpt lat="43.3795715" lon="16.5595325">
    <ele>46</ele>
    <time>2026-08-07T07:07:57Z</time>
    <extensions>
     <gpxdata:distance>2235.00</gpxdata:distance>
     <gpxdata:speed>1.853</gpxdata:speed>
    </extensions>
   </trkpt>
   <trkpt lat="43.3795654" lon="16.5595132">
    <ele>46</ele>
    <time>2026-08-07T07:07:58Z</time>
    <extensions>
     <gpxdata:distance>2237.00</gpxdata:distance>
     <gpxdata:speed>1.886</gpxdata:speed>
    </extensions>
   </trkpt>
   <trkpt lat="43.3795603" lon="16.5594943">
    <ele>46</ele>
    <time>2026-08-07T07:07:59Z</time>
    <extensions>
     <gpxdata:distance>2239.00</gpxdata:distance>
     <gpxdata:speed>1.836</gpxdata:speed>
    </extensions>
   </trkpt>
   <trkpt lat="43.3795564" lon="16.5594767">
    <ele>46</ele>
    <time>2026-08-07T07:08:00Z</time>
    <extensions>
     <gpxdata:distance>2240.00</gpxdata:distance>
     <gpxdata:speed>1.797</gpxdata:speed>
    </extensions>
   </trkpt>
   <trkpt lat="43.3795530" lon="16.5594614">
    <ele>46</ele>
    <time>2026-08-07T07:08:01Z</time>
    <extensions>
     <gpxdata:distance>2241.00</gpxdata:distance>
     <gpxdata:speed>1.686</gpxdata:speed>
    </extensions>
   </trkpt>
   <trkpt lat="43.3795490" lon="16.5594488">
    <ele>46</ele>
    <time>2026-08-07T07:08:02Z</time>
    <extensions>
     <gpxdata:distance>2242.00</gpxdata:distance>
     <gpxdata:speed>1.561</gpxdata:speed>
    </extensions>
   </trkpt>
   <trkpt lat="43.3795434" lon="16.5594394">
    <ele>46</ele>
    <time>2026-08-07T07:08:03Z</time>
    <extensions>
     <gpxdata:distance>2243.00</gpxdata:distance>
     <gpxdata:speed>1.444</gpxdata:speed>
    </extensions>
   </trkpt>
   <trkpt lat="43.3795355" lon="16.5594344">
    <ele>46</ele>
    <time>2026-08-07T07:08:04Z</time>
    <extensions>
     <gpxdata:distance>2243.50</gpxdata:distance>
     <gpxdata:speed>1.153</gpxdata:speed>
    </extensions>
   </trkpt>
   <trkpt lat="43.3795258" lon="16.5594350">
    <ele>46</ele>
    <time>2026-08-07T07:08:05Z</time>
    <extensions>
     <gpxdata:distance>2244.00</gpxdata:distance>
     <gpxdata:speed>1.244</gpxdata:speed>
    </extensions>
   </trkpt>
   <trkpt lat="43.3795149" lon="16.5594413">
    <ele>46</ele>
    <time>2026-08-07T07:08:06Z</time>
    <extensions>
     <gpxdata:distance>2246.00</gpxdata:distance>
     <gpxdata:speed>1.406</gpxdata:speed>
    </extensions>
   </trkpt>
   <trkpt lat="43.3795022" lon="16.5594514">
    <ele>46</ele>
    <time>2026-08-07T07:08:07Z</time>
    <extensions>
     <gpxdata:distance>2248.00</gpxdata:distance>
     <gpxdata:speed>1.603</gpxdata:speed>
    </extensions>
   </trkpt>
   <trkpt lat="43.3794878" lon="16.5594619">
    <ele>46</ele>
    <time>2026-08-07T07:08:08Z</time>
    <extensions>
     <gpxdata:distance>2250.00</gpxdata:distance>
     <gpxdata:speed>1.814</gpxdata:speed>
    </extensions>
   </trkpt>
   <trkpt lat="43.3794721" lon="16.5594693">
    <ele>46</ele>
    <time>2026-08-07T07:08:09Z</time>
    <extensions>
     <gpxdata:distance>2252.00</gpxdata:distance>
     <gpxdata:speed>1.950</gpxdata:speed>
    </extensions>
   </trkpt>
   <trkpt lat="43.3794507" lon="16.5594722">
    <ele>46</ele>
    <time>2026-08-07T07:08:10Z</time>
    <extensions>
     <gpxdata:distance>2254.00</gpxdata:distance>
     <gpxdata:speed>2.008</gpxdata:speed>
    </extensions>
   </trkpt>
   <trkpt lat="43.3794345" lon="16.5594671">
    <ele>46</ele>
    <time>2026-08-07T07:08:11Z</time>
    <extensions>
     <gpxdata:distance>2256.00</gpxdata:distance>
     <gpxdata:speed>2.011</gpxdata:speed>
    </extensions>
   </trkpt>
   <trkpt lat="43.3794261" lon="16.5594595">
    <ele>46</ele>
    <time>2026-08-07T07:08:12Z</time>
    <extensions>
     <gpxdata:distance>2257.00</gpxdata:distance>
     <gpxdata:speed>1.950</gpxdata:speed>
    </extensions>
   </trkpt>
   <trkpt lat="43.3794193" lon="16.5594479">
    <ele>46</ele>
    <time>2026-08-07T07:08:13Z</time>
    <extensions>
     <gpxdata:distance>2258.00</gpxdata:distance>
     <gpxdata:speed>1.828</gpxdata:speed>
    </extensions>
   </trkpt>
   <trkpt lat="43.3794147" lon="16.5594344">
    <ele>46</ele>
    <time>2026-08-07T07:08:14Z</time>
    <extensions>
     <gpxdata:distance>2259.00</gpxdata:distance>
     <gpxdata:speed>1.736</gpxdata:speed>
    </extensions>
   </trkpt>
   <trkpt lat="43.3794120" lon="16.5594218">
    <ele>46</ele>
    <time>2026-08-07T07:08:15Z</time>
    <extensions>
     <gpxdata:distance>2260.00</gpxdata:distance>
     <gpxdata:speed>1.597</gpxdata:speed>
    </extensions>
   </trkpt>
   <trkpt lat="43.3794099" lon="16.5594115">
    <ele>47</ele>
    <time>2026-08-07T07:08:16Z</time>
    <extensions>
     <gpxdata:distance>2260.00</gpxdata:distance>
     <gpxdata:speed>0.997</gpxdata:speed>
    </extensions>
   </trkpt>
   <trkpt lat="43.3794080" lon="16.5594013">
    <ele>47</ele>
    <time>2026-08-07T07:08:17Z</time>
    <extensions>
     <gpxdata:distance>2260.00</gpxdata:distance>
     <gpxdata:speed>0.550</gpxdata:speed>
    </extensions>
   </trkpt>
   <trkpt lat="43.3794065" lon="16.5593896">
    <ele>47</ele>
    <time>2026-08-07T07:08:18Z</time>
    <extensions>
     <gpxdata:distance>2260.00</gpxdata:distance>
     <gpxdata:speed>0.525</gpxdata:speed>
    </extensions>
   </trkpt>
   <trkpt lat="43.3794055" lon="16.5593749">
    <ele>47</ele>
    <time>2026-08-07T07:08:19Z</time>
    <extensions>
     <gpxdata:distance>2260.00</gpxdata:distance>
     <gpxdata:speed>0.525</gpxdata:speed>
    </extensions>
   </trkpt>
   <trkpt lat="43.3794054" lon="16.5593565">
    <ele>47</ele>
    <time>2026-08-07T07:08:20Z</time>
    <extensions>
     <gpxdata:distance>2263.00</gpxdata:distance>
     <gpxdata:speed>1.036</gpxdata:speed>
    </extensions>
   </trkpt>
   <trkpt lat="43.3794069" lon="16.5593336">
    <ele>47</ele>
    <time>2026-08-07T07:08:21Z</time>
    <extensions>
     <gpxdata:distance>2266.00</gpxdata:distance>
     <gpxdata:speed>1.406</gpxdata:speed>
    </extensions>
   </trkpt>
   <trkpt lat="43.3794135" lon="16.5592952">
    <ele>47</ele>
    <time>2026-08-07T07:08:22Z</time>
    <extensions>
     <gpxdata:distance>2268.50</gpxdata:distance>
     <gpxdata:speed>1.639</gpxdata:speed>
    </extensions>
   </trkpt>
   <trkpt lat="43.3794255" lon="16.5592564">
    <ele>47</ele>
    <time>2026-08-07T07:08:23Z</time>
    <extensions>
     <gpxdata:distance>2271.00</gpxdata:distance>
     <gpxdata:speed>2.275</gpxdata:speed>
    </extensions>
   </trkpt>
   <trkpt lat="43.3794554" lon="16.5591897">
    <ele>47</ele>
    <time>2026-08-07T07:08:24Z</time>
    <extensions>
     <gpxdata:distance>2275.00</gpxdata:distance>
     <gpxdata:speed>2.944</gpxdata:speed>
    </extensions>
   </trkpt>
   <trkpt lat="43.3794850" lon="16.5591424">
    <ele>47</ele>
    <time>2026-08-07T07:08:25Z</time>
    <extensions>
     <gpxdata:distance>2279.00</gpxdata:distance>
     <gpxdata:speed>3.719</gpxdata:speed>
    </extensions>
   </trkpt>
   <trkpt lat="43.3795176" lon="16.5591034">
    <ele>47</ele>
    <time>2026-08-07T07:08:26Z</time>
    <extensions>
     <gpxdata:distance>2284.00</gpxdata:distance>
     <gpxdata:speed>3.108</gpxdata:speed>
    </extensions>
   </trkpt>
   <trkpt lat="43.3795515" lon="16.5590750">
    <ele>47</ele>
    <time>2026-08-07T07:08:27Z</time>
    <extensions>
     <gpxdata:distance>2289.00</gpxdata:distance>
     <gpxdata:speed>4.669</gpxdata:speed>
    </extensions>
   </trkpt>
   <trkpt lat="43.3795853" lon="16.5590589">
    <ele>47</ele>
    <time>2026-08-07T07:08:28Z</time>
    <extensions>
     <gpxdata:distance>2293.00</gpxdata:distance>
     <gpxdata:speed>4.758</gpxdata:speed>
    </extensions>
   </trkpt>
   <trkpt lat="43.3796162" lon="16.5590541">
    <ele>47</ele>
    <time>2026-08-07T07:08:29Z</time>
    <extensions>
     <gpxdata:distance>2297.00</gpxdata:distance>
     <gpxdata:speed>4.406</gpxdata:speed>
    </extensions>
   </trkpt>
   <trkpt lat="43.3796442" lon="16.5590586">
    <ele>46</ele>
    <time>2026-08-07T07:08:30Z</time>
    <extensions>
     <gpxdata:distance>2300.50</gpxdata:distance>
     <gpxdata:speed>4.044</gpxdata:speed>
    </extensions>
   </trkpt>
   <trkpt lat="43.3796710" lon="16.5590734">
    <ele>46</ele>
    <time>2026-08-07T07:08:31Z</time>
    <extensions>
     <gpxdata:distance>2304.00</gpxdata:distance>
     <gpxdata:speed>3.514</gpxdata:speed>
    </extensions>
   </trkpt>
   <trkpt lat="43.3796968" lon="16.5591028">
    <ele>46</ele>
    <time>2026-08-07T07:08:32Z</time>
    <extensions>
     <gpxdata:distance>2307.00</gpxdata:distance>
     <gpxdata:speed>3.375</gpxdata:speed>
    </extensions>
   </trkpt>
   <trkpt lat="43.3797209" lon="16.5591486">
    <ele>45</ele>
    <time>2026-08-07T07:08:33Z</time>
    <extensions>
     <gpxdata:distance>2310.00</gpxdata:distance>
     <gpxdata:speed>3.417</gpxdata:speed>
    </extensions>
   </trkpt>
   <trkpt lat="43.3797438" lon="16.5592083">
    <ele>45</ele>
    <time>2026-08-07T07:08:34Z</time>
    <extensions>
     <gpxdata:distance>2315.00</gpxdata:distance>
     <gpxdata:speed>3.992</gpxdata:speed>
    </extensions>
   </trkpt>
   <trkpt lat="43.3797665" lon="16.5592796">
    <ele>44</ele>
    <time>2026-08-07T07:08:35Z</time>
    <extensions>
     <gpxdata:distance>2320.00</gpxdata:distance>
     <gpxdata:speed>4.481</gpxdata:speed>
    </extensions>
   </trkpt>
   <trkpt lat="43.3797986" lon="16.5593861">
    <ele>44</ele>
    <time>2026-08-07T07:08:36Z</time>
    <extensions>
     <gpxdata:distance>2327.00</gpxdata:distance>
     <gpxdata:speed>5.478</gpxdata:speed>
    </extensions>
   </trkpt>
   <trkpt lat="43.3798182" lon="16.5594527">
    <ele>44</ele>
    <time>2026-08-07T07:08:37Z</time>
    <extensions>
     <gpxdata:distance>2334.00</gpxdata:distance>
     <gpxdata:speed>6.253</gpxdata:speed>
    </extensions>
   </trkpt>
   <trkpt lat="43.3798436" lon="16.5595400">
    <ele>43</ele>
    <time>2026-08-07T07:08:38Z</time>
    <extensions>
     <gpxdata:distance>2341.50</gpxdata:distance>
     <gpxdata:speed>5.539</gpxdata:speed>
    </extensions>
   </trkpt>
   <trkpt lat="43.3798809" lon="16.5596685">
    <ele>43</ele>
    <time>2026-08-07T07:08:39Z</time>
    <extensions>
     <gpxdata:distance>2349.00</gpxdata:distance>
     <gpxdata:speed>5.892</gpxdata:speed>
    </extensions>
   </trkpt>
   <trkpt lat="43.3799126" lon="16.5597750">
    <ele>42</ele>
    <time>2026-08-07T07:08:40Z</time>
    <extensions>
     <gpxdata:distance>2358.00</gpxdata:distance>
     <gpxdata:speed>6.378</gpxdata:speed>
    </extensions>
   </trkpt>
   <trkpt lat="43.3799455" lon="16.5598822">
    <ele>42</ele>
    <time>2026-08-07T07:08:41Z</time>
    <extensions>
     <gpxdata:distance>2367.00</gpxdata:distance>
     <gpxdata:speed>6.947</gpxdata:speed>
    </extensions>
   </trkpt>
   <trkpt lat="43.3799796" lon="16.5599939">
    <ele>42</ele>
    <time>2026-08-07T07:08:42Z</time>
    <extensions>
     <gpxdata:distance>2376.50</gpxdata:distance>
     <gpxdata:speed>8.769</gpxdata:speed>
    </extensions>
   </trkpt>
   <trkpt lat="43.3800148" lon="16.5601100">
    <ele>41</ele>
    <time>2026-08-07T07:08:43Z</time>
    <extensions>
     <gpxdata:distance>2386.00</gpxdata:distance>
     <gpxdata:speed>9.214</gpxdata:speed>
    </extensions>
   </trkpt>
   <trkpt lat="43.3800508" lon="16.5602297">
    <ele>41</ele>
    <time>2026-08-07T07:08:44Z</time>
    <extensions>
     <gpxdata:distance>2396.00</gpxdata:distance>
     <gpxdata:speed>9.642</gpxdata:speed>
    </extensions>
   </trkpt>
   <trkpt lat="43.3800880" lon="16.5603495">
    <ele>40</ele>
    <time>2026-08-07T07:08:45Z</time>
    <extensions>
     <gpxdata:distance>2406.00</gpxdata:distance>
     <gpxdata:speed>10.000</gpxdata:speed>
    </extensions>
   </trkpt>
   <trkpt lat="43.3801253" lon="16.5604637">
    <ele>40</ele>
    <time>2026-08-07T07:08:46Z</time>
    <extensions>
     <gpxdata:distance>2416.50</gpxdata:distance>
     <gpxdata:speed>10.319</gpxdata:speed>
    </extensions>
   </trkpt>
   <trkpt lat="43.3801614" lon="16.5605693">
    <ele>39</ele>
    <time>2026-08-07T07:08:47Z</time>
    <extensions>
     <gpxdata:distance>2427.00</gpxdata:distance>
     <gpxdata:speed>10.392</gpxdata:speed>
    </extensions>
   </trkpt>
   <trkpt lat="43.3801942" lon="16.5606638">
    <ele>39</ele>
    <time>2026-08-07T07:08:48Z</time>
    <extensions>
     <gpxdata:distance>2436.50</gpxdata:distance>
     <gpxdata:speed>10.047</gpxdata:speed>
    </extensions>
   </trkpt>
   <trkpt lat="43.3802225" lon="16.5607485">
    <ele>38</ele>
    <time>2026-08-07T07:08:49Z</time>
    <extensions>
     <gpxdata:distance>2446.00</gpxdata:distance>
     <gpxdata:speed>9.736</gpxdata:speed>
    </extensions>
   </trkpt>
   <trkpt lat="43.3802442" lon="16.5608287">
    <ele>37</ele>
    <time>2026-08-07T07:08:50Z</time>
    <extensions>
     <gpxdata:distance>2453.00</gpxdata:distance>
     <gpxdata:speed>8.675</gpxdata:speed>
    </extensions>
   </trkpt>
   <trkpt lat="43.3802549" lon="16.5609097">
    <ele>36</ele>
    <time>2026-08-07T07:08:51Z</time>
    <extensions>
     <gpxdata:distance>2460.00</gpxdata:distance>
     <gpxdata:speed>7.817</gpxdata:speed>
    </extensions>
   </trkpt>
   <trkpt lat="43.3802549" lon="16.5609933">
    <ele>35</ele>
    <time>2026-08-07T07:08:52Z</time>
    <extensions>
     <gpxdata:distance>2467.00</gpxdata:distance>
     <gpxdata:speed>7.286</gpxdata:speed>
    </extensions>
   </trkpt>
   <trkpt lat="43.3802542" lon="16.5610779">
    <ele>34</ele>
    <time>2026-08-07T07:08:53Z</time>
    <extensions>
     <gpxdata:distance>2474.00</gpxdata:distance>
     <gpxdata:speed>7.058</gpxdata:speed>
    </extensions>
   </trkpt>
   <trkpt lat="43.3802649" lon="16.5611596">
    <ele>34</ele>
    <time>2026-08-07T07:08:54Z</time>
    <extensions>
     <gpxdata:distance>2481.00</gpxdata:distance>
     <gpxdata:speed>7.044</gpxdata:speed>
    </extensions>
   </trkpt>
   <trkpt lat="43.3802929" lon="16.5612303">
    <ele>33</ele>
    <time>2026-08-07T07:08:55Z</time>
    <extensions>
     <gpxdata:distance>2488.00</gpxdata:distance>
     <gpxdata:speed>6.964</gpxdata:speed>
    </extensions>
   </trkpt>
   <trkpt lat="43.3803374" lon="16.5612814">
    <ele>32</ele>
    <time>2026-08-07T07:08:56Z</time>
    <extensions>
     <gpxdata:distance>2494.50</gpxdata:distance>
     <gpxdata:speed>6.917</gpxdata:speed>
    </extensions>
   </trkpt>
   <trkpt lat="43.3803916" lon="16.5613088">
    <ele>32</ele>
    <time>2026-08-07T07:08:57Z</time>
    <extensions>
     <gpxdata:distance>2501.00</gpxdata:distance>
     <gpxdata:speed>6.856</gpxdata:speed>
    </extensions>
   </trkpt>
   <trkpt lat="43.3804484" lon="16.5613128">
    <ele>32</ele>
    <time>2026-08-07T07:08:58Z</time>
    <extensions>
     <gpxdata:distance>2507.50</gpxdata:distance>
     <gpxdata:speed>6.783</gpxdata:speed>
    </extensions>
   </trkpt>
   <trkpt lat="43.3805029" lon="16.5612937">
    <ele>31</ele>
    <time>2026-08-07T07:08:59Z</time>
    <extensions>
     <gpxdata:distance>2514.00</gpxdata:distance>
     <gpxdata:speed>6.617</gpxdata:speed>
    </extensions>
   </trkpt>
   <trkpt lat="43.3805519" lon="16.5612528">
    <ele>31</ele>
    <time>2026-08-07T07:09:00Z</time>
    <extensions>
     <gpxdata:distance>2520.00</gpxdata:distance>
     <gpxdata:speed>6.378</gpxdata:speed>
    </extensions>
   </trkpt>
   <trkpt lat="43.3805910" lon="16.5611939">
    <ele>31</ele>
    <time>2026-08-07T07:09:01Z</time>
    <extensions>
     <gpxdata:distance>2526.00</gpxdata:distance>
     <gpxdata:speed>6.272</gpxdata:speed>
    </extensions>
   </trkpt>
   <trkpt lat="43.3806182" lon="16.5611235">
    <ele>31</ele>
    <time>2026-08-07T07:09:02Z</time>
    <extensions>
     <gpxdata:distance>2532.50</gpxdata:distance>
     <gpxdata:speed>6.311</gpxdata:speed>
    </extensions>
   </trkpt>
   <trkpt lat="43.3806351" lon="16.5610467">
    <ele>30</ele>
    <time>2026-08-07T07:09:03Z</time>
    <extensions>
     <gpxdata:distance>2539.00</gpxdata:distance>
     <gpxdata:speed>6.392</gpxdata:speed>
    </extensions>
   </trkpt>
   <trkpt lat="43.3806500" lon="16.5609709">
    <ele>30</ele>
    <time>2026-08-07T07:09:04Z</time>
    <extensions>
     <gpxdata:distance>2545.50</gpxdata:distance>
     <gpxdata:speed>6.356</gpxdata:speed>
    </extensions>
   </trkpt>
   <trkpt lat="43.3806712" lon="16.5609000">
    <ele>30</ele>
    <time>2026-08-07T07:09:05Z</time>
    <extensions>
     <gpxdata:distance>2552.00</gpxdata:distance>
     <gpxdata:speed>6.350</gpxdata:speed>
    </extensions>
   </trkpt>
   <trkpt lat="43.3807031" lon="16.5608352">
    <ele>30</ele>
    <time>2026-08-07T07:09:06Z</time>
    <extensions>
     <gpxdata:distance>2558.00</gpxdata:distance>
     <gpxdata:speed>6.208</gpxdata:speed>
    </extensions>
   </trkpt>
   <trkpt lat="43.3807450" lon="16.5607760">
    <ele>30</ele>
    <time>2026-08-07T07:09:07Z</time>
    <extensions>
     <gpxdata:distance>2564.00</gpxdata:distance>
     <gpxdata:speed>6.189</gpxdata:speed>
    </extensions>
   </trkpt>
   <trkpt lat="43.3807940" lon="16.5607191">
    <ele>30</ele>
    <time>2026-08-07T07:09:08Z</time>
    <extensions>
     <gpxdata:distance>2571.00</gpxdata:distance>
     <gpxdata:speed>6.303</gpxdata:speed>
    </extensions>
   </trkpt>
   <trkpt lat="43.3808468" lon="16.5606633">
    <ele>30</ele>
    <time>2026-08-07T07:09:09Z</time>
    <extensions>
     <gpxdata:distance>2578.00</gpxdata:distance>
     <gpxdata:speed>6.481</gpxdata:speed>
    </extensions>
   </trkpt>
   <trkpt lat="43.3809011" lon="16.5606080">
    <ele>29</ele>
    <time>2026-08-07T07:09:10Z</time>
    <extensions>
     <gpxdata:distance>2585.50</gpxdata:distance>
     <gpxdata:speed>7.022</gpxdata:speed>
    </extensions>
   </trkpt>
   <trkpt lat="43.3809540" lon="16.5605525">
    <ele>29</ele>
    <time>2026-08-07T07:09:11Z</time>
    <extensions>
     <gpxdata:distance>2593.00</gpxdata:distance>
     <gpxdata:speed>7.258</gpxdata:speed>
    </extensions>
   </trkpt>
   <trkpt lat="43.3810048" lon="16.5604957">
    <ele>29</ele>
    <time>2026-08-07T07:09:12Z</time>
    <extensions>
     <gpxdata:distance>2600.00</gpxdata:distance>
     <gpxdata:speed>7.364</gpxdata:speed>
    </extensions>
   </trkpt>
   <trkpt lat="43.3810548" lon="16.5604368">
    <ele>29</ele>
    <time>2026-08-07T07:09:13Z</time>
    <extensions>
     <gpxdata:distance>2607.00</gpxdata:distance>
     <gpxdata:speed>7.331</gpxdata:speed>
    </extensions>
   </trkpt>
   <trkpt lat="43.3811056" lon="16.5603765">
    <ele>28</ele>
    <time>2026-08-07T07:09:14Z</time>
    <extensions>
     <gpxdata:distance>2614.50</gpxdata:distance>
     <gpxdata:speed>7.244</gpxdata:speed>
    </extensions>
   </trkpt>
   <trkpt lat="43.3811576" lon="16.5603143">
    <ele>28</ele>
    <time>2026-08-07T07:09:15Z</time>
    <extensions>
     <gpxdata:distance>2622.00</gpxdata:distance>
     <gpxdata:speed>7.322</gpxdata:speed>
    </extensions>
   </trkpt>
   <trkpt lat="43.3812117" lon="16.5602506">
    <ele>28</ele>
    <time>2026-08-07T07:09:16Z</time>
    <extensions>
     <gpxdata:distance>2630.00</gpxdata:distance>
     <gpxdata:speed>7.467</gpxdata:speed>
    </extensions>
   </trkpt>
   <trkpt lat="43.3812666" lon="16.5601858">
    <ele>27</ele>
    <time>2026-08-07T07:09:17Z</time>
    <extensions>
     <gpxdata:distance>2638.00</gpxdata:distance>
     <gpxdata:speed>7.658</gpxdata:speed>
    </extensions>
   </trkpt>
   <trkpt lat="43.3813204" lon="16.5601227">
    <ele>27</ele>
    <time>2026-08-07T07:09:18Z</time>
    <extensions>
     <gpxdata:distance>2646.00</gpxdata:distance>
     <gpxdata:speed>7.872</gpxdata:speed>
    </extensions>
   </trkpt>
   <trkpt lat="43.3813739" lon="16.5600622">
    <ele>27</ele>
    <time>2026-08-07T07:09:19Z</time>
    <extensions>
     <gpxdata:distance>2654.00</gpxdata:distance>
     <gpxdata:speed>7.978</gpxdata:speed>
    </extensions>
   </trkpt>
   <trkpt lat="43.3814275" lon="16.5600027">
    <ele>26</ele>
    <time>2026-08-07T07:09:20Z</time>
    <extensions>
     <gpxdata:distance>2661.50</gpxdata:distance>
     <gpxdata:speed>7.811</gpxdata:speed>
    </extensions>
   </trkpt>
   <trkpt lat="43.3814818" lon="16.5599435">
    <ele>26</ele>
    <time>2026-08-07T07:09:21Z</time>
    <extensions>
     <gpxdata:distance>2669.00</gpxdata:distance>
     <gpxdata:speed>7.700</gpxdata:speed>
    </extensions>
   </trkpt>
   <trkpt lat="43.3815376" lon="16.5598845">
    <ele>25</ele>
    <time>2026-08-07T07:09:22Z</time>
    <extensions>
     <gpxdata:distance>2676.50</gpxdata:distance>
     <gpxdata:speed>7.697</gpxdata:speed>
    </extensions>
   </trkpt>
   <trkpt lat="43.3815930" lon="16.5598262">
    <ele>25</ele>
    <time>2026-08-07T07:09:23Z</time>
    <extensions>
     <gpxdata:distance>2684.00</gpxdata:distance>
     <gpxdata:speed>7.736</gpxdata:speed>
    </extensions>
   </trkpt>
   <trkpt lat="43.3816469" lon="16.5597680">
    <ele>24</ele>
    <time>2026-08-07T07:09:24Z</time>
    <extensions>
     <gpxdata:distance>2692.00</gpxdata:distance>
     <gpxdata:speed>7.806</gpxdata:speed>
    </extensions>
   </trkpt>
   <trkpt lat="43.3816997" lon="16.5597086">
    <ele>24</ele>
    <time>2026-08-07T07:09:25Z</time>
    <extensions>
     <gpxdata:distance>2700.00</gpxdata:distance>
     <gpxdata:speed>7.794</gpxdata:speed>
    </extensions>
   </trkpt>
   <trkpt lat="43.3817531" lon="16.5596472">
    <ele>24</ele>
    <time>2026-08-07T07:09:26Z</time>
    <extensions>
     <gpxdata:distance>2707.50</gpxdata:distance>
     <gpxdata:speed>7.719</gpxdata:speed>
    </extensions>
   </trkpt>
   <trkpt lat="43.3818075" lon="16.5595838">
    <ele>23</ele>
    <time>2026-08-07T07:09:27Z</time>
    <extensions>
     <gpxdata:distance>2715.00</gpxdata:distance>
     <gpxdata:speed>7.683</gpxdata:speed>
    </extensions>
   </trkpt>
   <trkpt lat="43.3818613" lon="16.5595193">
    <ele>23</ele>
    <time>2026-08-07T07:09:28Z</time>
    <extensions>
     <gpxdata:distance>2723.00</gpxdata:distance>
     <gpxdata:speed>7.719</gpxdata:speed>
    </extensions>
   </trkpt>
   <trkpt lat="43.3819139" lon="16.5594602">
    <ele>22</ele>
    <time>2026-08-07T07:09:29Z</time>
    <extensions>
     <gpxdata:distance>2731.00</gpxdata:distance>
     <gpxdata:speed>7.806</gpxdata:speed>
    </extensions>
   </trkpt>
   <trkpt lat="43.3819635" lon="16.5594084">
    <ele>22</ele>
    <time>2026-08-07T07:09:30Z</time>
    <extensions>
     <gpxdata:distance>2738.50</gpxdata:distance>
     <gpxdata:speed>7.844</gpxdata:speed>
    </extensions>
   </trkpt>
   <trkpt lat="43.3820084" lon="16.5593581">
    <ele>22</ele>
    <time>2026-08-07T07:09:31Z</time>
    <extensions>
     <gpxdata:distance>2746.00</gpxdata:distance>
     <gpxdata:speed>7.708</gpxdata:speed>
    </extensions>
   </trkpt>
   <trkpt lat="43.3820516" lon="16.5593072">
    <ele>21</ele>
    <time>2026-08-07T07:09:32Z</time>
    <extensions>
     <gpxdata:distance>2752.50</gpxdata:distance>
     <gpxdata:speed>7.019</gpxdata:speed>
    </extensions>
   </trkpt>
   <trkpt lat="43.3820963" lon="16.5592559">
    <ele>21</ele>
    <time>2026-08-07T07:09:33Z</time>
    <extensions>
     <gpxdata:distance>2759.00</gpxdata:distance>
     <gpxdata:speed>6.608</gpxdata:speed>
    </extensions>
   </trkpt>
   <trkpt lat="43.3821421" lon="16.5592029">
    <ele>20</ele>
    <time>2026-08-07T07:09:34Z</time>
    <extensions>
     <gpxdata:distance>2765.50</gpxdata:distance>
     <gpxdata:speed>6.514</gpxdata:speed>
    </extensions>
   </trkpt>
   <trkpt lat="43.3821875" lon="16.5591487">
    <ele>20</ele>
    <time>2026-08-07T07:09:35Z</time>
    <extensions>
     <gpxdata:distance>2772.00</gpxdata:distance>
     <gpxdata:speed>6.600</gpxdata:speed>
    </extensions>
   </trkpt>
   <trkpt lat="43.3822296" lon="16.5590928">
    <ele>20</ele>
    <time>2026-08-07T07:09:36Z</time>
    <extensions>
     <gpxdata:distance>2778.50</gpxdata:distance>
     <gpxdata:speed>6.717</gpxdata:speed>
    </extensions>
   </trkpt>
   <trkpt lat="43.3822677" lon="16.5590342">
    <ele>20</ele>
    <time>2026-08-07T07:09:37Z</time>
    <extensions>
     <gpxdata:distance>2785.00</gpxdata:distance>
     <gpxdata:speed>6.681</gpxdata:speed>
    </extensions>
   </trkpt>
   <trkpt lat="43.3823017" lon="16.5589782">
    <ele>20</ele>
    <time>2026-08-07T07:09:38Z</time>
    <extensions>
     <gpxdata:distance>2791.50</gpxdata:distance>
     <gpxdata:speed>6.497</gpxdata:speed>
    </extensions>
   </trkpt>
   <trkpt lat="43.3823218" lon="16.5589447">
    <ele>19</ele>
    <time>2026-08-07T07:09:39Z</time>
    <extensions>
     <gpxdata:distance>2798.00</gpxdata:distance>
     <gpxdata:speed>6.394</gpxdata:speed>
    </extensions>
   </trkpt>
   <trkpt lat="43.3823437" lon="16.5589082">
    <ele>19</ele>
    <time>2026-08-07T07:09:40Z</time>
    <extensions>
     <gpxdata:distance>2802.50</gpxdata:distance>
     <gpxdata:speed>5.944</gpxdata:speed>
    </extensions>
   </trkpt>
   <trkpt lat="43.3823655" lon="16.5588704">
    <ele>19</ele>
    <time>2026-08-07T07:09:41Z</time>
    <extensions>
     <gpxdata:distance>2807.00</gpxdata:distance>
     <gpxdata:speed>4.992</gpxdata:speed>
    </extensions>
   </trkpt>
   <trkpt lat="43.3823879" lon="16.5588288">
    <ele>19</ele>
    <time>2026-08-07T07:09:42Z</time>
    <extensions>
     <gpxdata:distance>2811.00</gpxdata:distance>
     <gpxdata:speed>4.306</gpxdata:speed>
    </extensions>
   </trkpt>
   <trkpt lat="43.3824121" lon="16.5587825">
    <ele>18</ele>
    <time>2026-08-07T07:09:43Z</time>
    <extensions>
     <gpxdata:distance>2815.00</gpxdata:distance>
     <gpxdata:speed>4.194</gpxdata:speed>
    </extensions>
   </trkpt>
   <trkpt lat="43.3824383" lon="16.5587313">
    <ele>18</ele>
    <time>2026-08-07T07:09:44Z</time>
    <extensions>
     <gpxdata:distance>2820.00</gpxdata:distance>
     <gpxdata:speed>4.436</gpxdata:speed>
    </extensions>
   </trkpt>
   <trkpt lat="43.3824673" lon="16.5586755">
    <ele>17</ele>
    <time>2026-08-07T07:09:45Z</time>
    <extensions>
     <gpxdata:distance>2825.00</gpxdata:distance>
     <gpxdata:speed>4.772</gpxdata:speed>
    </extensions>
   </trkpt>
   <trkpt lat="43.3824988" lon="16.5586157">
    <ele>17</ele>
    <time>2026-08-07T07:09:46Z</time>
    <extensions>
     <gpxdata:distance>2830.50</gpxdata:distance>
     <gpxdata:speed>5.144</gpxdata:speed>
    </extensions>
   </trkpt>
   <trkpt lat="43.3825320" lon="16.5585529">
    <ele>17</ele>
    <time>2026-08-07T07:09:47Z</time>
    <extensions>
     <gpxdata:distance>2836.00</gpxdata:distance>
     <gpxdata:speed>5.381</gpxdata:speed>
    </extensions>
   </trkpt>
   <trkpt lat="43.3825762" lon="16.5584669">
    <ele>17</ele>
    <time>2026-08-07T07:09:48Z</time>
    <extensions>
     <gpxdata:distance>2842.50</gpxdata:distance>
     <gpxdata:speed>5.919</gpxdata:speed>
    </extensions>
   </trkpt>
   <trkpt lat="43.3826094" lon="16.5583998">
    <ele>16</ele>
    <time>2026-08-07T07:09:49Z</time>
    <extensions>
     <gpxdata:distance>2849.00</gpxdata:distance>
     <gpxdata:speed>6.097</gpxdata:speed>
    </extensions>
   </trkpt>
   <trkpt lat="43.3826402" lon="16.5583369">
    <ele>16</ele>
    <time>2026-08-07T07:09:50Z</time>
    <extensions>
     <gpxdata:distance>2855.50</gpxdata:distance>
     <gpxdata:speed>6.283</gpxdata:speed>
    </extensions>
   </trkpt>
   <trkpt lat="43.3826704" lon="16.5582771">
    <ele>16</ele>
    <time>2026-08-07T07:09:51Z</time>
    <extensions>
     <gpxdata:distance>2862.00</gpxdata:distance>
     <gpxdata:speed>6.236</gpxdata:speed>
    </extensions>
   </trkpt>
   <trkpt lat="43.3826927" lon="16.5582361">
    <ele>16</ele>
    <time>2026-08-07T07:09:52Z</time>
    <extensions>
     <gpxdata:distance>2867.50</gpxdata:distance>
     <gpxdata:speed>6.081</gpxdata:speed>
    </extensions>
   </trkpt>
   <trkpt lat="43.3827211" lon="16.5581855">
    <ele>16</ele>
    <time>2026-08-07T07:09:53Z</time>
    <extensions>
     <gpxdata:distance>2873.00</gpxdata:distance>
     <gpxdata:speed>5.925</gpxdata:speed>
    </extensions>
   </trkpt>
   <trkpt lat="43.3827495" lon="16.5581346">
    <ele>16</ele>
    <time>2026-08-07T07:09:54Z</time>
    <extensions>
     <gpxdata:distance>2879.00</gpxdata:distance>
     <gpxdata:speed>5.869</gpxdata:speed>
    </extensions>
   </trkpt>
   <trkpt lat="43.3827750" lon="16.5580883">
    <ele>16</ele>
    <time>2026-08-07T07:09:55Z</time>
    <extensions>
     <gpxdata:distance>2885.00</gpxdata:distance>
     <gpxdata:speed>5.781</gpxdata:speed>
    </extensions>
   </trkpt>
   <trkpt lat="43.3827955" lon="16.5580492">
    <ele>15</ele>
    <time>2026-08-07T07:09:56Z</time>
    <extensions>
     <gpxdata:distance>2889.00</gpxdata:distance>
     <gpxdata:speed>5.322</gpxdata:speed>
    </extensions>
   </trkpt>
   <trkpt lat="43.3828022" lon="16.5580343">
    <ele>15</ele>
    <time>2026-08-07T07:09:57Z</time>
    <extensions>
     <gpxdata:distance>2893.00</gpxdata:distance>
     <gpxdata:speed>4.689</gpxdata:speed>
    </extensions>
   </trkpt>
   <trkpt lat="43.3828089" lon="16.5580195">
    <ele>15</ele>
    <time>2026-08-07T07:09:58Z</time>
    <extensions>
     <gpxdata:distance>2895.50</gpxdata:distance>
     <gpxdata:speed>3.842</gpxdata:speed>
    </extensions>
   </trkpt>
   <trkpt lat="43.3828108" lon="16.5580131">
    <ele>15</ele>
    <time>2026-08-07T07:09:59Z</time>
    <extensions>
     <gpxdata:distance>2898.00</gpxdata:distance>
     <gpxdata:speed>3.664</gpxdata:speed>
    </extensions>
   </trkpt>
   <trkpt lat="43.3828124" lon="16.5580065">
    <ele>15</ele>
    <time>2026-08-07T07:10:00Z</time>
    <extensions>
     <gpxdata:distance>2898.00</gpxdata:distance>
     <gpxdata:speed>1.439</gpxdata:speed>
    </extensions>
   </trkpt>
   <trkpt lat="43.3828147" lon="16.5579983">
    <ele>15</ele>
    <time>2026-08-07T07:10:01Z</time>
    <extensions>
     <gpxdata:distance>2898.00</gpxdata:distance>
    </extensions>
   </trkpt>
   <trkpt lat="43.3828495" lon="16.5578843">
    <ele>14</ele>
    <time>2026-08-07T07:10:07Z</time>
    <extensions>
     <gpxdata:distance>2913.00</gpxdata:distance>
     <gpxdata:speed>2.639</gpxdata:speed>
    </extensions>
   </trkpt>
   <trkpt lat="43.3828562" lon="16.5578480">
    <ele>14</ele>
    <time>2026-08-07T07:10:08Z</time>
    <extensions>
     <gpxdata:distance>2913.00</gpxdata:distance>
     <gpxdata:speed>2.961</gpxdata:speed>
    </extensions>
   </trkpt>
   <trkpt lat="43.3828612" lon="16.5578092">
    <ele>15</ele>
    <time>2026-08-07T07:10:09Z</time>
    <extensions>
     <gpxdata:distance>2916.50</gpxdata:distance>
     <gpxdata:speed>2.961</gpxdata:speed>
    </extensions>
   </trkpt>
   <trkpt lat="43.3828670" lon="16.5577422">
    <ele>15</ele>
    <time>2026-08-07T07:10:10Z</time>
    <extensions>
     <gpxdata:distance>2920.00</gpxdata:distance>
     <gpxdata:speed>3.353</gpxdata:speed>
    </extensions>
   </trkpt>
   <trkpt lat="43.3828697" lon="16.5576927">
    <ele>15</ele>
    <time>2026-08-07T07:10:11Z</time>
    <extensions>
     <gpxdata:distance>2923.50</gpxdata:distance>
     <gpxdata:speed>3.536</gpxdata:speed>
    </extensions>
   </trkpt>
   <trkpt lat="43.3828723" lon="16.5576467">
    <ele>15</ele>
    <time>2026-08-07T07:10:12Z</time>
    <extensions>
     <gpxdata:distance>2927.00</gpxdata:distance>
     <gpxdata:speed>3.678</gpxdata:speed>
    </extensions>
   </trkpt>
   <trkpt lat="43.3828757" lon="16.5576037">
    <ele>15</ele>
    <time>2026-08-07T07:10:13Z</time>
    <extensions>
     <gpxdata:distance>2930.50</gpxdata:distance>
     <gpxdata:speed>3.650</gpxdata:speed>
    </extensions>
   </trkpt>
   <trkpt lat="43.3828808" lon="16.5575635">
    <ele>15</ele>
    <time>2026-08-07T07:10:14Z</time>
    <extensions>
     <gpxdata:distance>2934.00</gpxdata:distance>
     <gpxdata:speed>3.439</gpxdata:speed>
    </extensions>
   </trkpt>
   <trkpt lat="43.3828875" lon="16.5575254">
    <ele>15</ele>
    <time>2026-08-07T07:10:15Z</time>
    <extensions>
     <gpxdata:distance>2937.00</gpxdata:distance>
     <gpxdata:speed>3.319</gpxdata:speed>
    </extensions>
   </trkpt>
   <trkpt lat="43.3828946" lon="16.5574880">
    <ele>15</ele>
    <time>2026-08-07T07:10:16Z</time>
    <extensions>
     <gpxdata:distance>2940.00</gpxdata:distance>
     <gpxdata:speed>3.261</gpxdata:speed>
    </extensions>
   </trkpt>
   <trkpt lat="43.3829013" lon="16.5574503">
    <ele>15</ele>
    <time>2026-08-07T07:10:17Z</time>
    <extensions>
     <gpxdata:distance>2943.50</gpxdata:distance>
     <gpxdata:speed>3.219</gpxdata:speed>
    </extensions>
   </trkpt>
   <trkpt lat="43.3829076" lon="16.5574120">
    <ele>15</ele>
    <time>2026-08-07T07:10:18Z</time>
    <extensions>
     <gpxdata:distance>2947.00</gpxdata:distance>
     <gpxdata:speed>3.200</gpxdata:speed>
    </extensions>
   </trkpt>
   <trkpt lat="43.3829138" lon="16.5573731">
    <ele>15</ele>
    <time>2026-08-07T07:10:19Z</time>
    <extensions>
     <gpxdata:distance>2950.00</gpxdata:distance>
     <gpxdata:speed>3.203</gpxdata:speed>
    </extensions>
   </trkpt>
   <trkpt lat="43.3829200" lon="16.5573339">
    <ele>16</ele>
    <time>2026-08-07T07:10:20Z</time>
    <extensions>
     <gpxdata:distance>2953.00</gpxdata:distance>
     <gpxdata:speed>3.217</gpxdata:speed>
    </extensions>
   </trkpt>
   <trkpt lat="43.3829264" lon="16.5572952">
    <ele>16</ele>
    <time>2026-08-07T07:10:21Z</time>
    <extensions>
     <gpxdata:distance>2956.00</gpxdata:distance>
     <gpxdata:speed>3.222</gpxdata:speed>
    </extensions>
   </trkpt>
   <trkpt lat="43.3829337" lon="16.5572573">
    <ele>16</ele>
    <time>2026-08-07T07:10:22Z</time>
    <extensions>
     <gpxdata:distance>2959.00</gpxdata:distance>
     <gpxdata:speed>3.206</gpxdata:speed>
    </extensions>
   </trkpt>
   <trkpt lat="43.3829419" lon="16.5572202">
    <ele>16</ele>
    <time>2026-08-07T07:10:23Z</time>
    <extensions>
     <gpxdata:distance>2962.50</gpxdata:distance>
     <gpxdata:speed>3.181</gpxdata:speed>
    </extensions>
   </trkpt>
   <trkpt lat="43.3829510" lon="16.5571839">
    <ele>16</ele>
    <time>2026-08-07T07:10:24Z</time>
    <extensions>
     <gpxdata:distance>2966.00</gpxdata:distance>
     <gpxdata:speed>3.161</gpxdata:speed>
    </extensions>
   </trkpt>
   <trkpt lat="43.3829607" lon="16.5571476">
    <ele>16</ele>
    <time>2026-08-07T07:10:25Z</time>
    <extensions>
     <gpxdata:distance>2969.00</gpxdata:distance>
     <gpxdata:speed>3.142</gpxdata:speed>
    </extensions>
   </trkpt>
   <trkpt lat="43.3829719" lon="16.5571126">
    <ele>16</ele>
    <time>2026-08-07T07:10:26Z</time>
    <extensions>
     <gpxdata:distance>2972.00</gpxdata:distance>
     <gpxdata:speed>3.142</gpxdata:speed>
    </extensions>
   </trkpt>
   <trkpt lat="43.3829851" lon="16.5570805">
    <ele>16</ele>
    <time>2026-08-07T07:10:27Z</time>
    <extensions>
     <gpxdata:distance>2975.00</gpxdata:distance>
     <gpxdata:speed>3.125</gpxdata:speed>
    </extensions>
   </trkpt>
   <trkpt lat="43.3830001" lon="16.5570525">
    <ele>16</ele>
    <time>2026-08-07T07:10:28Z</time>
    <extensions>
     <gpxdata:distance>2978.00</gpxdata:distance>
     <gpxdata:speed>3.061</gpxdata:speed>
    </extensions>
   </trkpt>
   <trkpt lat="43.3830101" lon="16.5570396">
    <ele>16</ele>
    <time>2026-08-07T07:10:29Z</time>
    <extensions>
     <gpxdata:distance>2980.50</gpxdata:distance>
     <gpxdata:speed>2.956</gpxdata:speed>
    </extensions>
   </trkpt>
   <trkpt lat="43.3830257" lon="16.5570246">
    <ele>16</ele>
    <time>2026-08-07T07:10:30Z</time>
    <extensions>
     <gpxdata:distance>2983.00</gpxdata:distance>
     <gpxdata:speed>2.853</gpxdata:speed>
    </extensions>
   </trkpt>
   <trkpt lat="43.3830458" lon="16.5570089">
    <ele>16</ele>
    <time>2026-08-07T07:10:31Z</time>
    <extensions>
     <gpxdata:distance>2986.00</gpxdata:distance>
     <gpxdata:speed>2.806</gpxdata:speed>
    </extensions>
   </trkpt>
   <trkpt lat="43.3830693" lon="16.5569922">
    <ele>16</ele>
    <time>2026-08-07T07:10:32Z</time>
    <extensions>
     <gpxdata:distance>2989.00</gpxdata:distance>
     <gpxdata:speed>2.872</gpxdata:speed>
    </extensions>
   </trkpt>
   <trkpt lat="43.3831110" lon="16.5569631">
    <ele>16</ele>
    <time>2026-08-07T07:10:33Z</time>
    <extensions>
     <gpxdata:distance>2992.50</gpxdata:distance>
     <gpxdata:speed>3.025</gpxdata:speed>
    </extensions>
   </trkpt>
   <trkpt lat="43.3831416" lon="16.5569397">
    <ele>16</ele>
    <time>2026-08-07T07:10:34Z</time>
    <extensions>
     <gpxdata:distance>2996.00</gpxdata:distance>
     <gpxdata:speed>3.167</gpxdata:speed>
    </extensions>
   </trkpt>
   <trkpt lat="43.3831703" lon="16.5569126">
    <ele>16</ele>
    <time>2026-08-07T07:10:35Z</time>
    <extensions>
     <gpxdata:distance>3000.00</gpxdata:distance>
     <gpxdata:speed>3.322</gpxdata:speed>
    </extensions>
   </trkpt>
   <trkpt lat="43.3831984" lon="16.5568782">
    <ele>16</ele>
    <time>2026-08-07T07:10:36Z</time>
    <extensions>
     <gpxdata:distance>3004.00</gpxdata:distance>
     <gpxdata:speed>3.806</gpxdata:speed>
    </extensions>
   </trkpt>
   <trkpt lat="43.3832264" lon="16.5568365">
    <ele>16</ele>
    <time>2026-08-07T07:10:37Z</time>
    <extensions>
     <gpxdata:distance>3009.00</gpxdata:distance>
     <gpxdata:speed>4.228</gpxdata:speed>
    </extensions>
   </trkpt>
   <trkpt lat="43.3832546" lon="16.5567897">
    <ele>16</ele>
    <time>2026-08-07T07:10:38Z</time>
    <extensions>
     <gpxdata:distance>3014.00</gpxdata:distance>
     <gpxdata:speed>4.628</gpxdata:speed>
    </extensions>
   </trkpt>
   <trkpt lat="43.3832833" lon="16.5567401">
    <ele>16</ele>
    <time>2026-08-07T07:10:39Z</time>
    <extensions>
     <gpxdata:distance>3019.00</gpxdata:distance>
     <gpxdata:speed>4.917</gpxdata:speed>
    </extensions>
   </trkpt>
   <trkpt lat="43.3833118" lon="16.5566888">
    <ele>16</ele>
    <time>2026-08-07T07:10:40Z</time>
    <extensions>
     <gpxdata:distance>3024.00</gpxdata:distance>
     <gpxdata:speed>5.089</gpxdata:speed>
    </extensions>
   </trkpt>
   <trkpt lat="43.3833401" lon="16.5566367">
    <ele>15</ele>
    <time>2026-08-07T07:10:41Z</time>
    <extensions>
     <gpxdata:distance>3029.00</gpxdata:distance>
     <gpxdata:speed>5.167</gpxdata:speed>
    </extensions>
   </trkpt>
   <trkpt lat="43.3833683" lon="16.5565834">
    <ele>15</ele>
    <time>2026-08-07T07:10:42Z</time>
    <extensions>
     <gpxdata:distance>3034.00</gpxdata:distance>
     <gpxdata:speed>5.217</gpxdata:speed>
    </extensions>
   </trkpt>
   <trkpt lat="43.3833965" lon="16.5565287">
    <ele>15</ele>
    <time>2026-08-07T07:10:43Z</time>
    <extensions>
     <gpxdata:distance>3039.50</gpxdata:distance>
     <gpxdata:speed>5.311</gpxdata:speed>
    </extensions>
   </trkpt>
   <trkpt lat="43.3834248" lon="16.5564733">
    <ele>15</ele>
    <time>2026-08-07T07:10:44Z</time>
    <extensions>
     <gpxdata:distance>3045.00</gpxdata:distance>
     <gpxdata:speed>5.425</gpxdata:speed>
    </extensions>
   </trkpt>
   <trkpt lat="43.3834539" lon="16.5564172">
    <ele>15</ele>
    <time>2026-08-07T07:10:45Z</time>
    <extensions>
     <gpxdata:distance>3051.00</gpxdata:distance>
     <gpxdata:speed>5.475</gpxdata:speed>
    </extensions>
   </trkpt>
   <trkpt lat="43.3834841" lon="16.5563608">
    <ele>15</ele>
    <time>2026-08-07T07:10:46Z</time>
    <extensions>
     <gpxdata:distance>3057.00</gpxdata:distance>
     <gpxdata:speed>5.575</gpxdata:speed>
    </extensions>
   </trkpt>
   <trkpt lat="43.3835154" lon="16.5563054">
    <ele>14</ele>
    <time>2026-08-07T07:10:47Z</time>
    <extensions>
     <gpxdata:distance>3062.50</gpxdata:distance>
     <gpxdata:speed>5.653</gpxdata:speed>
    </extensions>
   </trkpt>
   <trkpt lat="43.3835477" lon="16.5562522">
    <ele>14</ele>
    <time>2026-08-07T07:10:48Z</time>
    <extensions>
     <gpxdata:distance>3068.00</gpxdata:distance>
     <gpxdata:speed>5.675</gpxdata:speed>
    </extensions>
   </trkpt>
   <trkpt lat="43.3835796" lon="16.5562018">
    <ele>14</ele>
    <time>2026-08-07T07:10:49Z</time>
    <extensions>
     <gpxdata:distance>3073.50</gpxdata:distance>
     <gpxdata:speed>5.639</gpxdata:speed>
    </extensions>
   </trkpt>
   <trkpt lat="43.3836088" lon="16.5561536">
    <ele>14</ele>
    <time>2026-08-07T07:10:50Z</time>
    <extensions>
     <gpxdata:distance>3079.00</gpxdata:distance>
     <gpxdata:speed>5.522</gpxdata:speed>
    </extensions>
   </trkpt>
   <trkpt lat="43.3836350" lon="16.5561073">
    <ele>14</ele>
    <time>2026-08-07T07:10:51Z</time>
    <extensions>
     <gpxdata:distance>3083.50</gpxdata:distance>
     <gpxdata:speed>5.314</gpxdata:speed>
    </extensions>
   </trkpt>
   <trkpt lat="43.3836585" lon="16.5560636">
    <ele>14</ele>
    <time>2026-08-07T07:10:52Z</time>
    <extensions>
     <gpxdata:distance>3088.00</gpxdata:distance>
     <gpxdata:speed>5.067</gpxdata:speed>
    </extensions>
   </trkpt>
   <trkpt lat="43.3836789" lon="16.5560230">
    <ele>13</ele>
    <time>2026-08-07T07:10:53Z</time>
    <extensions>
     <gpxdata:distance>3091.50</gpxdata:distance>
     <gpxdata:speed>4.461</gpxdata:speed>
    </extensions>
   </trkpt>
   <trkpt lat="43.3836956" lon="16.5559859">
    <ele>13</ele>
    <time>2026-08-07T07:10:54Z</time>
    <extensions>
     <gpxdata:distance>3095.00</gpxdata:distance>
     <gpxdata:speed>4.000</gpxdata:speed>
    </extensions>
   </trkpt>
   <trkpt lat="43.3837099" lon="16.5559514">
    <ele>13</ele>
    <time>2026-08-07T07:10:55Z</time>
    <extensions>
     <gpxdata:distance>3098.00</gpxdata:distance>
     <gpxdata:speed>3.544</gpxdata:speed>
    </extensions>
   </trkpt>
   <trkpt lat="43.3837240" lon="16.5559189">
    <ele>13</ele>
    <time>2026-08-07T07:10:56Z</time>
    <extensions>
     <gpxdata:distance>3101.00</gpxdata:distance>
     <gpxdata:speed>3.264</gpxdata:speed>
    </extensions>
   </trkpt>
   <trkpt lat="43.3837398" lon="16.5558873">
    <ele>12</ele>
    <time>2026-08-07T07:10:57Z</time>
    <extensions>
     <gpxdata:distance>3104.50</gpxdata:distance>
     <gpxdata:speed>3.139</gpxdata:speed>
    </extensions>
   </trkpt>
   <trkpt lat="43.3837574" lon="16.5558550">
    <ele>12</ele>
    <time>2026-08-07T07:10:58Z</time>
    <extensions>
     <gpxdata:distance>3108.00</gpxdata:distance>
     <gpxdata:speed>3.200</gpxdata:speed>
    </extensions>
   </trkpt>
   <trkpt lat="43.3837766" lon="16.5558234">
    <ele>12</ele>
    <time>2026-08-07T07:10:59Z</time>
    <extensions>
     <gpxdata:distance>3111.00</gpxdata:distance>
     <gpxdata:speed>3.342</gpxdata:speed>
    </extensions>
   </trkpt>
   <trkpt lat="43.3837960" lon="16.5557946">
    <ele>12</ele>
    <time>2026-08-07T07:11:00Z</time>
    <extensions>
     <gpxdata:distance>3114.00</gpxdata:distance>
     <gpxdata:speed>3.339</gpxdata:speed>
    </extensions>
   </trkpt>
   <trkpt lat="43.3838154" lon="16.5557705">
    <ele>12</ele>
    <time>2026-08-07T07:11:01Z</time>
    <extensions>
     <gpxdata:distance>3117.00</gpxdata:distance>
     <gpxdata:speed>3.131</gpxdata:speed>
    </extensions>
   </trkpt>
   <trkpt lat="43.3838256" lon="16.5557597">
    <ele>12</ele>
    <time>2026-08-07T07:11:02Z</time>
    <extensions>
     <gpxdata:distance>3120.00</gpxdata:distance>
     <gpxdata:speed>2.864</gpxdata:speed>
    </extensions>
   </trkpt>
   <trkpt lat="43.3838379" lon="16.5557485">
    <ele>12</ele>
    <time>2026-08-07T07:11:03Z</time>
    <extensions>
     <gpxdata:distance>3121.50</gpxdata:distance>
     <gpxdata:speed>2.481</gpxdata:speed>
    </extensions>
   </trkpt>
   <trkpt lat="43.3838457" lon="16.5557427">
    <ele>12</ele>
    <time>2026-08-07T07:11:04Z</time>
    <extensions>
     <gpxdata:distance>3123.00</gpxdata:distance>
     <gpxdata:speed>1.947</gpxdata:speed>
    </extensions>
   </trkpt>
   <trkpt lat="43.3839385" lon="16.5556681">
    <ele>11</ele>
    <time>2026-08-07T07:11:17Z</time>
    <extensions>
     <gpxdata:distance>3138.00</gpxdata:distance>
     <gpxdata:speed>2.108</gpxdata:speed>
    </extensions>
   </trkpt>
   <trkpt lat="43.3839651" lon="16.5556653">
    <ele>11</ele>
    <time>2026-08-07T07:11:18Z</time>
    <extensions>
     <gpxdata:distance>3138.00</gpxdata:distance>
     <gpxdata:speed>2.558</gpxdata:speed>
    </extensions>
   </trkpt>
   <trkpt lat="43.3840136" lon="16.5556694">
    <ele>11</ele>
    <time>2026-08-07T07:11:19Z</time>
    <extensions>
     <gpxdata:distance>3142.00</gpxdata:distance>
     <gpxdata:speed>3.125</gpxdata:speed>
    </extensions>
   </trkpt>
   <trkpt lat="43.3840514" lon="16.5556798">
    <ele>11</ele>
    <time>2026-08-07T07:11:20Z</time>
    <extensions>
     <gpxdata:distance>3146.00</gpxdata:distance>
     <gpxdata:speed>3.711</gpxdata:speed>
    </extensions>
   </trkpt>
   <trkpt lat="43.3840852" lon="16.5556939">
    <ele>11</ele>
    <time>2026-08-07T07:11:21Z</time>
    <extensions>
     <gpxdata:distance>3150.00</gpxdata:distance>
     <gpxdata:speed>4.069</gpxdata:speed>
    </extensions>
   </trkpt>
   <trkpt lat="43.3841123" lon="16.5557081">
    <ele>10</ele>
    <time>2026-08-07T07:11:22Z</time>
    <extensions>
     <gpxdata:distance>3154.00</gpxdata:distance>
     <gpxdata:speed>3.842</gpxdata:speed>
    </extensions>
   </trkpt>
   <trkpt lat="43.3841308" lon="16.5557197">
    <ele>10</ele>
    <time>2026-08-07T07:11:23Z</time>
    <extensions>
     <gpxdata:distance>3155.50</gpxdata:distance>
     <gpxdata:speed>3.397</gpxdata:speed>
    </extensions>
   </trkpt>
   <trkpt lat="43.3841323" lon="16.5557204">
    <ele>10</ele>
    <time>2026-08-07T07:11:24Z</time>
    <extensions>
     <gpxdata:distance>3157.00</gpxdata:distance>
     <gpxdata:speed>2.183</gpxdata:speed>
    </extensions>
   </trkpt>
   <trkpt lat="43.3841338" lon="16.5557212">
    <ele>10</ele>
    <time>2026-08-07T07:11:25Z</time>
    <extensions>
     <gpxdata:distance>3157.00</gpxdata:distance>
     <gpxdata:speed>1.200</gpxdata:speed>
    </extensions>
   </trkpt>
   <trkpt lat="43.3841354" lon="16.5557220">
    <ele>10</ele>
    <time>2026-08-07T07:11:26Z</time>
    <extensions>
     <gpxdata:distance>3157.00</gpxdata:distance>
     <gpxdata:speed>0.689</gpxdata:speed>
    </extensions>
   </trkpt>
   <trkpt lat="43.3841406" lon="16.5557236">
    <ele>10</ele>
    <time>2026-08-07T07:11:27Z</time>
    <extensions>
     <gpxdata:distance>3157.00</gpxdata:distance>
     <gpxdata:speed>0.539</gpxdata:speed>
    </extensions>
   </trkpt>
   <trkpt lat="43.3841468" lon="16.5557239">
    <ele>10</ele>
    <time>2026-08-07T07:11:28Z</time>
    <extensions>
     <gpxdata:distance>3157.00</gpxdata:distance>
     <gpxdata:speed>0.539</gpxdata:speed>
    </extensions>
   </trkpt>
   <trkpt lat="43.3841552" lon="16.5557219">
    <ele>10</ele>
    <time>2026-08-07T07:11:29Z</time>
    <extensions>
     <gpxdata:distance>3159.00</gpxdata:distance>
     <gpxdata:speed>0.539</gpxdata:speed>
    </extensions>
   </trkpt>
   <trkpt lat="43.3841656" lon="16.5557177">
    <ele>10</ele>
    <time>2026-08-07T07:11:30Z</time>
    <extensions>
     <gpxdata:distance>3161.00</gpxdata:distance>
     <gpxdata:speed>1.208</gpxdata:speed>
    </extensions>
   </trkpt>
   <trkpt lat="43.3841772" lon="16.5557128">
    <ele>9</ele>
    <time>2026-08-07T07:11:31Z</time>
    <extensions>
     <gpxdata:distance>3162.50</gpxdata:distance>
     <gpxdata:speed>1.494</gpxdata:speed>
    </extensions>
   </trkpt>
   <trkpt lat="43.3841894" lon="16.5557092">
    <ele>9</ele>
    <time>2026-08-07T07:11:32Z</time>
    <extensions>
     <gpxdata:distance>3164.00</gpxdata:distance>
     <gpxdata:speed>1.469</gpxdata:speed>
    </extensions>
   </trkpt>
   <trkpt lat="43.3842021" lon="16.5557078">
    <ele>9</ele>
    <time>2026-08-07T07:11:33Z</time>
    <extensions>
     <gpxdata:distance>3165.50</gpxdata:distance>
     <gpxdata:speed>1.439</gpxdata:speed>
    </extensions>
   </trkpt>
   <trkpt lat="43.3842148" lon="16.5557082">
    <ele>9</ele>
    <time>2026-08-07T07:11:34Z</time>
    <extensions>
     <gpxdata:distance>3167.00</gpxdata:distance>
     <gpxdata:speed>1.506</gpxdata:speed>
    </extensions>
   </trkpt>
   <trkpt lat="43.3842275" lon="16.5557107">
    <ele>9</ele>
    <time>2026-08-07T07:11:35Z</time>
    <extensions>
     <gpxdata:distance>3168.50</gpxdata:distance>
     <gpxdata:speed>1.503</gpxdata:speed>
    </extensions>
   </trkpt>
   <trkpt lat="43.3842403" lon="16.5557153">
    <ele>9</ele>
    <time>2026-08-07T07:11:36Z</time>
    <extensions>
     <gpxdata:distance>3170.00</gpxdata:distance>
     <gpxdata:speed>1.500</gpxdata:speed>
    </extensions>
   </trkpt>
   <trkpt lat="43.3842534" lon="16.5557212">
    <ele>9</ele>
    <time>2026-08-07T07:11:37Z</time>
    <extensions>
     <gpxdata:distance>3171.50</gpxdata:distance>
     <gpxdata:speed>1.575</gpxdata:speed>
    </extensions>
   </trkpt>
   <trkpt lat="43.3842669" lon="16.5557276">
    <ele>9</ele>
    <time>2026-08-07T07:11:38Z</time>
    <extensions>
     <gpxdata:distance>3173.00</gpxdata:distance>
     <gpxdata:speed>1.642</gpxdata:speed>
    </extensions>
   </trkpt>
   <trkpt lat="43.3842806" lon="16.5557336">
    <ele>9</ele>
    <time>2026-08-07T07:11:39Z</time>
    <extensions>
     <gpxdata:distance>3175.00</gpxdata:distance>
     <gpxdata:speed>1.664</gpxdata:speed>
    </extensions>
   </trkpt>
   <trkpt lat="43.3842944" lon="16.5557392">
    <ele>9</ele>
    <time>2026-08-07T07:11:40Z</time>
    <extensions>
     <gpxdata:distance>3177.00</gpxdata:distance>
     <gpxdata:speed>1.653</gpxdata:speed>
    </extensions>
   </trkpt>
   <trkpt lat="43.3843081" lon="16.5557440">
    <ele>9</ele>
    <time>2026-08-07T07:11:41Z</time>
    <extensions>
     <gpxdata:distance>3178.50</gpxdata:distance>
     <gpxdata:speed>1.631</gpxdata:speed>
    </extensions>
   </trkpt>
   <trkpt lat="43.3843216" lon="16.5557481">
    <ele>9</ele>
    <time>2026-08-07T07:11:42Z</time>
    <extensions>
     <gpxdata:distance>3180.00</gpxdata:distance>
     <gpxdata:speed>1.608</gpxdata:speed>
    </extensions>
   </trkpt>
   <trkpt lat="43.3843348" lon="16.5557516">
    <ele>9</ele>
    <time>2026-08-07T07:11:43Z</time>
    <extensions>
     <gpxdata:distance>3181.00</gpxdata:distance>
     <gpxdata:speed>1.561</gpxdata:speed>
    </extensions>
   </trkpt>
   <trkpt lat="43.3843481" lon="16.5557552">
    <ele>9</ele>
    <time>2026-08-07T07:11:44Z</time>
    <extensions>
     <gpxdata:distance>3182.00</gpxdata:distance>
     <gpxdata:speed>1.519</gpxdata:speed>
    </extensions>
   </trkpt>
   <trkpt lat="43.3843615" lon="16.5557584">
    <ele>9</ele>
    <time>2026-08-07T07:11:45Z</time>
    <extensions>
     <gpxdata:distance>3184.00</gpxdata:distance>
     <gpxdata:speed>1.519</gpxdata:speed>
    </extensions>
   </trkpt>
   <trkpt lat="43.3843751" lon="16.5557608">
    <ele>9</ele>
    <time>2026-08-07T07:11:46Z</time>
    <extensions>
     <gpxdata:distance>3186.00</gpxdata:distance>
     <gpxdata:speed>1.525</gpxdata:speed>
    </extensions>
   </trkpt>
   <trkpt lat="43.3843890" lon="16.5557630">
    <ele>8</ele>
    <time>2026-08-07T07:11:47Z</time>
    <extensions>
     <gpxdata:distance>3187.50</gpxdata:distance>
     <gpxdata:speed>1.539</gpxdata:speed>
    </extensions>
   </trkpt>
   <trkpt lat="43.3844035" lon="16.5557655">
    <ele>8</ele>
    <time>2026-08-07T07:11:48Z</time>
    <extensions>
     <gpxdata:distance>3189.00</gpxdata:distance>
     <gpxdata:speed>1.558</gpxdata:speed>
    </extensions>
   </trkpt>
   <trkpt lat="43.3844182" lon="16.5557689">
    <ele>8</ele>
    <time>2026-08-07T07:11:49Z</time>
    <extensions>
     <gpxdata:distance>3190.50</gpxdata:distance>
     <gpxdata:speed>1.614</gpxdata:speed>
    </extensions>
   </trkpt>
   <trkpt lat="43.3844327" lon="16.5557735">
    <ele>8</ele>
    <time>2026-08-07T07:11:50Z</time>
    <extensions>
     <gpxdata:distance>3192.00</gpxdata:distance>
     <gpxdata:speed>1.656</gpxdata:speed>
    </extensions>
   </trkpt>
   <trkpt lat="43.3844467" lon="16.5557789">
    <ele>8</ele>
    <time>2026-08-07T07:11:51Z</time>
    <extensions>
     <gpxdata:distance>3193.50</gpxdata:distance>
     <gpxdata:speed>1.661</gpxdata:speed>
    </extensions>
   </trkpt>
   <trkpt lat="43.3844604" lon="16.5557851">
    <ele>8</ele>
    <time>2026-08-07T07:11:52Z</time>
    <extensions>
     <gpxdata:distance>3195.00</gpxdata:distance>
     <gpxdata:speed>1.628</gpxdata:speed>
    </extensions>
   </trkpt>
   <trkpt lat="43.3844740" lon="16.5557915">
    <ele>8</ele>
    <time>2026-08-07T07:11:53Z</time>
    <extensions>
     <gpxdata:distance>3197.00</gpxdata:distance>
     <gpxdata:speed>1.622</gpxdata:speed>
    </extensions>
   </trkpt>
   <trkpt lat="43.3844872" lon="16.5557968">
    <ele>8</ele>
    <time>2026-08-07T07:11:54Z</time>
    <extensions>
     <gpxdata:distance>3199.00</gpxdata:distance>
     <gpxdata:speed>1.611</gpxdata:speed>
    </extensions>
   </trkpt>
   <trkpt lat="43.3845002" lon="16.5558010">
    <ele>8</ele>
    <time>2026-08-07T07:11:55Z</time>
    <extensions>
     <gpxdata:distance>3200.00</gpxdata:distance>
     <gpxdata:speed>1.556</gpxdata:speed>
    </extensions>
   </trkpt>
   <trkpt lat="43.3845135" lon="16.5558050">
    <ele>8</ele>
    <time>2026-08-07T07:11:56Z</time>
    <extensions>
     <gpxdata:distance>3201.00</gpxdata:distance>
     <gpxdata:speed>1.506</gpxdata:speed>
    </extensions>
   </trkpt>
   <trkpt lat="43.3845274" lon="16.5558088">
    <ele>8</ele>
    <time>2026-08-07T07:11:57Z</time>
    <extensions>
     <gpxdata:distance>3203.00</gpxdata:distance>
     <gpxdata:speed>1.533</gpxdata:speed>
    </extensions>
   </trkpt>
   <trkpt lat="43.3845417" lon="16.5558125">
    <ele>8</ele>
    <time>2026-08-07T07:11:58Z</time>
    <extensions>
     <gpxdata:distance>3205.00</gpxdata:distance>
     <gpxdata:speed>1.572</gpxdata:speed>
    </extensions>
   </trkpt>
   <trkpt lat="43.3845558" lon="16.5558162">
    <ele>8</ele>
    <time>2026-08-07T07:11:59Z</time>
    <extensions>
     <gpxdata:distance>3206.50</gpxdata:distance>
     <gpxdata:speed>1.608</gpxdata:speed>
    </extensions>
   </trkpt>
   <trkpt lat="43.3845697" lon="16.5558198">
    <ele>8</ele>
    <time>2026-08-07T07:12:00Z</time>
    <extensions>
     <gpxdata:distance>3208.00</gpxdata:distance>
     <gpxdata:speed>1.603</gpxdata:speed>
    </extensions>
   </trkpt>
   <trkpt lat="43.3845830" lon="16.5558232">
    <ele>8</ele>
    <time>2026-08-07T07:12:01Z</time>
    <extensions>
     <gpxdata:distance>3209.50</gpxdata:distance>
     <gpxdata:speed>1.575</gpxdata:speed>
    </extensions>
   </trkpt>
   <trkpt lat="43.3845957" lon="16.5558273">
    <ele>8</ele>
    <time>2026-08-07T07:12:02Z</time>
    <extensions>
     <gpxdata:distance>3211.00</gpxdata:distance>
     <gpxdata:speed>1.517</gpxdata:speed>
    </extensions>
   </trkpt>
   <trkpt lat="43.3846077" lon="16.5558319">
    <ele>8</ele>
    <time>2026-08-07T07:12:03Z</time>
    <extensions>
     <gpxdata:distance>3212.00</gpxdata:distance>
     <gpxdata:speed>1.469</gpxdata:speed>
    </extensions>
   </trkpt>
   <trkpt lat="43.3846187" lon="16.5558372">
    <ele>7</ele>
    <time>2026-08-07T07:12:04Z</time>
    <extensions>
     <gpxdata:distance>3213.00</gpxdata:distance>
     <gpxdata:speed>1.406</gpxdata:speed>
    </extensions>
   </trkpt>
   <trkpt lat="43.3846284" lon="16.5558434">
    <ele>7</ele>
    <time>2026-08-07T07:12:05Z</time>
    <extensions>
     <gpxdata:distance>3214.00</gpxdata:distance>
     <gpxdata:speed>1.325</gpxdata:speed>
    </extensions>
   </trkpt>
   <trkpt lat="43.3846374" lon="16.5558496">
    <ele>7</ele>
    <time>2026-08-07T07:12:06Z</time>
    <extensions>
     <gpxdata:distance>3215.00</gpxdata:distance>
     <gpxdata:speed>1.236</gpxdata:speed>
    </extensions>
   </trkpt>
   <trkpt lat="43.3846464" lon="16.5558557">
    <ele>7</ele>
    <time>2026-08-07T07:12:07Z</time>
    <extensions>
     <gpxdata:distance>3216.00</gpxdata:distance>
     <gpxdata:speed>1.158</gpxdata:speed>
    </extensions>
   </trkpt>
   <trkpt lat="43.3846562" lon="16.5558614">
    <ele>7</ele>
    <time>2026-08-07T07:12:08Z</time>
    <extensions>
     <gpxdata:distance>3217.00</gpxdata:distance>
     <gpxdata:speed>1.142</gpxdata:speed>
    </extensions>
   </trkpt>
   <trkpt lat="43.3846663" lon="16.5558672">
    <ele>7</ele>
    <time>2026-08-07T07:12:09Z</time>
    <extensions>
     <gpxdata:distance>3218.50</gpxdata:distance>
     <gpxdata:speed>1.181</gpxdata:speed>
    </extensions>
   </trkpt>
   <trkpt lat="43.3846770" lon="16.5558729">
    <ele>7</ele>
    <time>2026-08-07T07:12:10Z</time>
    <extensions>
     <gpxdata:distance>3220.00</gpxdata:distance>
     <gpxdata:speed>1.217</gpxdata:speed>
    </extensions>
   </trkpt>
   <trkpt lat="43.3846882" lon="16.5558787">
    <ele>7</ele>
    <time>2026-08-07T07:12:11Z</time>
    <extensions>
     <gpxdata:distance>3221.50</gpxdata:distance>
     <gpxdata:speed>1.272</gpxdata:speed>
    </extensions>
   </trkpt>
   <trkpt lat="43.3846998" lon="16.5558844">
    <ele>7</ele>
    <time>2026-08-07T07:12:12Z</time>
    <extensions>
     <gpxdata:distance>3223.00</gpxdata:distance>
     <gpxdata:speed>1.311</gpxdata:speed>
    </extensions>
   </trkpt>
   <trkpt lat="43.3847120" lon="16.5558898">
    <ele>7</ele>
    <time>2026-08-07T07:12:13Z</time>
    <extensions>
     <gpxdata:distance>3224.50</gpxdata:distance>
     <gpxdata:speed>1.367</gpxdata:speed>
    </extensions>
   </trkpt>
   <trkpt lat="43.3847245" lon="16.5558949">
    <ele>7</ele>
    <time>2026-08-07T07:12:14Z</time>
    <extensions>
     <gpxdata:distance>3226.00</gpxdata:distance>
     <gpxdata:speed>1.414</gpxdata:speed>
    </extensions>
   </trkpt>
   <trkpt lat="43.3847372" lon="16.5558997">
    <ele>7</ele>
    <time>2026-08-07T07:12:15Z</time>
    <extensions>
     <gpxdata:distance>3227.50</gpxdata:distance>
     <gpxdata:speed>1.447</gpxdata:speed>
    </extensions>
   </trkpt>
   <trkpt lat="43.3847496" lon="16.5559041">
    <ele>7</ele>
    <time>2026-08-07T07:12:16Z</time>
    <extensions>
     <gpxdata:distance>3229.00</gpxdata:distance>
     <gpxdata:speed>1.464</gpxdata:speed>
    </extensions>
   </trkpt>
   <trkpt lat="43.3847621" lon="16.5559077">
    <ele>7</ele>
    <time>2026-08-07T07:12:17Z</time>
    <extensions>
     <gpxdata:distance>3230.50</gpxdata:distance>
     <gpxdata:speed>1.439</gpxdata:speed>
    </extensions>
   </trkpt>
   <trkpt lat="43.3847749" lon="16.5559106">
    <ele>7</ele>
    <time>2026-08-07T07:12:18Z</time>
    <extensions>
     <gpxdata:distance>3232.00</gpxdata:distance>
     <gpxdata:speed>1.428</gpxdata:speed>
    </extensions>
   </trkpt>
   <trkpt lat="43.3847876" lon="16.5559134">
    <ele>7</ele>
    <time>2026-08-07T07:12:19Z</time>
    <extensions>
     <gpxdata:distance>3233.50</gpxdata:distance>
     <gpxdata:speed>1.453</gpxdata:speed>
    </extensions>
   </trkpt>
   <trkpt lat="43.3848004" lon="16.5559166">
    <ele>7</ele>
    <time>2026-08-07T07:12:20Z</time>
    <extensions>
     <gpxdata:distance>3235.00</gpxdata:distance>
     <gpxdata:speed>1.447</gpxdata:speed>
    </extensions>
   </trkpt>
   <trkpt lat="43.3848136" lon="16.5559202">
    <ele>7</ele>
    <time>2026-08-07T07:12:21Z</time>
    <extensions>
     <gpxdata:distance>3236.50</gpxdata:distance>
     <gpxdata:speed>1.453</gpxdata:speed>
    </extensions>
   </trkpt>
   <trkpt lat="43.3848269" lon="16.5559236">
    <ele>7</ele>
    <time>2026-08-07T07:12:22Z</time>
    <extensions>
     <gpxdata:distance>3238.00</gpxdata:distance>
     <gpxdata:speed>1.492</gpxdata:speed>
    </extensions>
   </trkpt>
   <trkpt lat="43.3848403" lon="16.5559260">
    <ele>7</ele>
    <time>2026-08-07T07:12:23Z</time>
    <extensions>
     <gpxdata:distance>3239.50</gpxdata:distance>
     <gpxdata:speed>1.508</gpxdata:speed>
    </extensions>
   </trkpt>
   <trkpt lat="43.3848541" lon="16.5559277">
    <ele>7</ele>
    <time>2026-08-07T07:12:24Z</time>
    <extensions>
     <gpxdata:distance>3241.00</gpxdata:distance>
     <gpxdata:speed>1.503</gpxdata:speed>
    </extensions>
   </trkpt>
   <trkpt lat="43.3848685" lon="16.5559290">
    <ele>6</ele>
    <time>2026-08-07T07:12:25Z</time>
    <extensions>
     <gpxdata:distance>3242.50</gpxdata:distance>
     <gpxdata:speed>1.550</gpxdata:speed>
    </extensions>
   </trkpt>
   <trkpt lat="43.3848835" lon="16.5559302">
    <ele>6</ele>
    <time>2026-08-07T07:12:26Z</time>
    <extensions>
     <gpxdata:distance>3244.00</gpxdata:distance>
     <gpxdata:speed>1.603</gpxdata:speed>
    </extensions>
   </trkpt>
   <trkpt lat="43.3848988" lon="16.5559315">
    <ele>6</ele>
    <time>2026-08-07T07:12:27Z</time>
    <extensions>
     <gpxdata:distance>3246.00</gpxdata:distance>
     <gpxdata:speed>1.658</gpxdata:speed>
    </extensions>
   </trkpt>
   <trkpt lat="43.3849136" lon="16.5559333">
    <ele>6</ele>
    <time>2026-08-07T07:12:28Z</time>
    <extensions>
     <gpxdata:distance>3248.00</gpxdata:distance>
     <gpxdata:speed>1.703</gpxdata:speed>
    </extensions>
   </trkpt>
   <trkpt lat="43.3849279" lon="16.5559351">
    <ele>6</ele>
    <time>2026-08-07T07:12:29Z</time>
    <extensions>
     <gpxdata:distance>3249.50</gpxdata:distance>
     <gpxdata:speed>1.667</gpxdata:speed>
    </extensions>
   </trkpt>
   <trkpt lat="43.3849415" lon="16.5559370">
    <ele>6</ele>
    <time>2026-08-07T07:12:30Z</time>
    <extensions>
     <gpxdata:distance>3251.00</gpxdata:distance>
     <gpxdata:speed>1.614</gpxdata:speed>
    </extensions>
   </trkpt>
   <trkpt lat="43.3849546" lon="16.5559394">
    <ele>6</ele>
    <time>2026-08-07T07:12:31Z</time>
    <extensions>
     <gpxdata:distance>3252.00</gpxdata:distance>
     <gpxdata:speed>1.547</gpxdata:speed>
    </extensions>
   </trkpt>
   <trkpt lat="43.3849675" lon="16.5559423">
    <ele>6</ele>
    <time>2026-08-07T07:12:32Z</time>
    <extensions>
     <gpxdata:distance>3253.00</gpxdata:distance>
     <gpxdata:speed>1.494</gpxdata:speed>
    </extensions>
   </trkpt>
   <trkpt lat="43.3849805" lon="16.5559450">
    <ele>6</ele>
    <time>2026-08-07T07:12:33Z</time>
    <extensions>
     <gpxdata:distance>3254.50</gpxdata:distance>
     <gpxdata:speed>1.464</gpxdata:speed>
    </extensions>
   </trkpt>
   <trkpt lat="43.3849940" lon="16.5559473">
    <ele>6</ele>
    <time>2026-08-07T07:12:34Z</time>
    <extensions>
     <gpxdata:distance>3256.00</gpxdata:distance>
     <gpxdata:speed>1.481</gpxdata:speed>
    </extensions>
   </trkpt>
   <trkpt lat="43.3850075" lon="16.5559495">
    <ele>6</ele>
    <time>2026-08-07T07:12:35Z</time>
    <extensions>
     <gpxdata:distance>3258.00</gpxdata:distance>
     <gpxdata:speed>1.506</gpxdata:speed>
    </extensions>
   </trkpt>
   <trkpt lat="43.3850206" lon="16.5559522">
    <ele>6</ele>
    <time>2026-08-07T07:12:36Z</time>
    <extensions>
     <gpxdata:distance>3260.00</gpxdata:distance>
     <gpxdata:speed>1.517</gpxdata:speed>
    </extensions>
   </trkpt>
   <trkpt lat="43.3850330" lon="16.5559553">
    <ele>6</ele>
    <time>2026-08-07T07:12:37Z</time>
    <extensions>
     <gpxdata:distance>3261.00</gpxdata:distance>
     <gpxdata:speed>1.483</gpxdata:speed>
    </extensions>
   </trkpt>
   <trkpt lat="43.3850445" lon="16.5559585">
    <ele>6</ele>
    <time>2026-08-07T07:12:38Z</time>
    <extensions>
     <gpxdata:distance>3262.00</gpxdata:distance>
     <gpxdata:speed>1.414</gpxdata:speed>
    </extensions>
   </trkpt>
   <trkpt lat="43.3850560" lon="16.5559618">
    <ele>6</ele>
    <time>2026-08-07T07:12:39Z</time>
    <extensions>
     <gpxdata:distance>3263.00</gpxdata:distance>
     <gpxdata:speed>1.331</gpxdata:speed>
    </extensions>
   </trkpt>
   <trkpt lat="43.3850678" lon="16.5559651">
    <ele>6</ele>
    <time>2026-08-07T07:12:40Z</time>
    <extensions>
     <gpxdata:distance>3264.00</gpxdata:distance>
     <gpxdata:speed>1.314</gpxdata:speed>
    </extensions>
   </trkpt>
   <trkpt lat="43.3850797" lon="16.5559684">
    <ele>6</ele>
    <time>2026-08-07T07:12:41Z</time>
    <extensions>
     <gpxdata:distance>3265.50</gpxdata:distance>
     <gpxdata:speed>1.342</gpxdata:speed>
    </extensions>
   </trkpt>
   <trkpt lat="43.3850913" lon="16.5559719">
    <ele>6</ele>
    <time>2026-08-07T07:12:42Z</time>
    <extensions>
     <gpxdata:distance>3267.00</gpxdata:distance>
     <gpxdata:speed>1.353</gpxdata:speed>
    </extensions>
   </trkpt>
   <trkpt lat="43.3851020" lon="16.5559749">
    <ele>6</ele>
    <time>2026-08-07T07:12:43Z</time>
    <extensions>
     <gpxdata:distance>3268.00</gpxdata:distance>
     <gpxdata:speed>1.317</gpxdata:speed>
    </extensions>
   </trkpt>
   <trkpt lat="43.3851122" lon="16.5559771">
    <ele>6</ele>
    <time>2026-08-07T07:12:44Z</time>
    <extensions>
     <gpxdata:distance>3269.00</gpxdata:distance>
     <gpxdata:speed>1.233</gpxdata:speed>
    </extensions>
   </trkpt>
   <trkpt lat="43.3851225" lon="16.5559782">
    <ele>6</ele>
    <time>2026-08-07T07:12:45Z</time>
    <extensions>
     <gpxdata:distance>3270.50</gpxdata:distance>
     <gpxdata:speed>1.167</gpxdata:speed>
    </extensions>
   </trkpt>
   <trkpt lat="43.3851332" lon="16.5559781">
    <ele>6</ele>
    <time>2026-08-07T07:12:46Z</time>
    <extensions>
     <gpxdata:distance>3272.00</gpxdata:distance>
     <gpxdata:speed>1.167</gpxdata:speed>
    </extensions>
   </trkpt>
   <trkpt lat="43.3851441" lon="16.5559772">
    <ele>6</ele>
    <time>2026-08-07T07:12:47Z</time>
    <extensions>
     <gpxdata:distance>3273.00</gpxdata:distance>
     <gpxdata:speed>1.203</gpxdata:speed>
    </extensions>
   </trkpt>
   <trkpt lat="43.3851547" lon="16.5559748">
    <ele>6</ele>
    <time>2026-08-07T07:12:48Z</time>
    <extensions>
     <gpxdata:distance>3274.00</gpxdata:distance>
     <gpxdata:speed>1.211</gpxdata:speed>
    </extensions>
   </trkpt>
   <trkpt lat="43.3851650" lon="16.5559704">
    <ele>6</ele>
    <time>2026-08-07T07:12:49Z</time>
    <extensions>
     <gpxdata:distance>3275.50</gpxdata:distance>
     <gpxdata:speed>1.225</gpxdata:speed>
    </extensions>
   </trkpt>
   <trkpt lat="43.3851750" lon="16.5559641">
    <ele>6</ele>
    <time>2026-08-07T07:12:50Z</time>
    <extensions>
     <gpxdata:distance>3277.00</gpxdata:distance>
     <gpxdata:speed>1.239</gpxdata:speed>
    </extensions>
   </trkpt>
   <trkpt lat="43.3851846" lon="16.5559558">
    <ele>6</ele>
    <time>2026-08-07T07:12:51Z</time>
    <extensions>
     <gpxdata:distance>3278.00</gpxdata:distance>
     <gpxdata:speed>1.261</gpxdata:speed>
    </extensions>
   </trkpt>
   <trkpt lat="43.3851940" lon="16.5559463">
    <ele>6</ele>
    <time>2026-08-07T07:12:52Z</time>
    <extensions>
     <gpxdata:distance>3279.00</gpxdata:distance>
     <gpxdata:speed>1.308</gpxdata:speed>
    </extensions>
   </trkpt>
   <trkpt lat="43.3852027" lon="16.5559360">
    <ele>6</ele>
    <time>2026-08-07T07:12:53Z</time>
    <extensions>
     <gpxdata:distance>3280.50</gpxdata:distance>
     <gpxdata:speed>1.333</gpxdata:speed>
    </extensions>
   </trkpt>
   <trkpt lat="43.3852105" lon="16.5559239">
    <ele>6</ele>
    <time>2026-08-07T07:12:54Z</time>
    <extensions>
     <gpxdata:distance>3282.00</gpxdata:distance>
     <gpxdata:speed>1.311</gpxdata:speed>
    </extensions>
   </trkpt>
   <trkpt lat="43.3852177" lon="16.5559100">
    <ele>6</ele>
    <time>2026-08-07T07:12:55Z</time>
    <extensions>
     <gpxdata:distance>3283.50</gpxdata:distance>
     <gpxdata:speed>1.356</gpxdata:speed>
    </extensions>
   </trkpt>
   <trkpt lat="43.3852245" lon="16.5558947">
    <ele>6</ele>
    <time>2026-08-07T07:12:56Z</time>
    <extensions>
     <gpxdata:distance>3285.00</gpxdata:distance>
     <gpxdata:speed>1.422</gpxdata:speed>
    </extensions>
   </trkpt>
   <trkpt lat="43.3852305" lon="16.5558788">
    <ele>6</ele>
    <time>2026-08-07T07:12:57Z</time>
    <extensions>
     <gpxdata:distance>3286.50</gpxdata:distance>
     <gpxdata:speed>1.478</gpxdata:speed>
    </extensions>
   </trkpt>
   <trkpt lat="43.3852361" lon="16.5558628">
    <ele>6</ele>
    <time>2026-08-07T07:12:58Z</time>
    <extensions>
     <gpxdata:distance>3288.00</gpxdata:distance>
     <gpxdata:speed>1.483</gpxdata:speed>
    </extensions>
   </trkpt>
   <trkpt lat="43.3852416" lon="16.5558469">
    <ele>6</ele>
    <time>2026-08-07T07:12:59Z</time>
    <extensions>
     <gpxdata:distance>3289.50</gpxdata:distance>
     <gpxdata:speed>1.461</gpxdata:speed>
    </extensions>
   </trkpt>
   <trkpt lat="43.3852470" lon="16.5558310">
    <ele>6</ele>
    <time>2026-08-07T07:13:00Z</time>
    <extensions>
     <gpxdata:distance>3291.00</gpxdata:distance>
     <gpxdata:speed>1.444</gpxdata:speed>
    </extensions>
   </trkpt>
   <trkpt lat="43.3852523" lon="16.5558151">
    <ele>6</ele>
    <time>2026-08-07T07:13:01Z</time>
    <extensions>
     <gpxdata:distance>3292.00</gpxdata:distance>
     <gpxdata:speed>1.442</gpxdata:speed>
    </extensions>
   </trkpt>
   <trkpt lat="43.3852572" lon="16.5557993">
    <ele>6</ele>
    <time>2026-08-07T07:13:02Z</time>
    <extensions>
     <gpxdata:distance>3293.00</gpxdata:distance>
     <gpxdata:speed>1.428</gpxdata:speed>
    </extensions>
   </trkpt>
   <trkpt lat="43.3852617" lon="16.5557833">
    <ele>6</ele>
    <time>2026-08-07T07:13:03Z</time>
    <extensions>
     <gpxdata:distance>3294.50</gpxdata:distance>
     <gpxdata:speed>1.403</gpxdata:speed>
    </extensions>
   </trkpt>
   <trkpt lat="43.3852657" lon="16.5557675">
    <ele>6</ele>
    <time>2026-08-07T07:13:04Z</time>
    <extensions>
     <gpxdata:distance>3296.00</gpxdata:distance>
     <gpxdata:speed>1.397</gpxdata:speed>
    </extensions>
   </trkpt>
   <trkpt lat="43.3852690" lon="16.5557522">
    <ele>6</ele>
    <time>2026-08-07T07:13:05Z</time>
    <extensions>
     <gpxdata:distance>3297.00</gpxdata:distance>
     <gpxdata:speed>1.372</gpxdata:speed>
    </extensions>
   </trkpt>
   <trkpt lat="43.3852717" lon="16.5557382">
    <ele>6</ele>
    <time>2026-08-07T07:13:06Z</time>
    <extensions>
     <gpxdata:distance>3298.00</gpxdata:distance>
     <gpxdata:speed>1.306</gpxdata:speed>
    </extensions>
   </trkpt>
   <trkpt lat="43.3852739" lon="16.5557261">
    <ele>6</ele>
    <time>2026-08-07T07:13:07Z</time>
    <extensions>
     <gpxdata:distance>3299.00</gpxdata:distance>
     <gpxdata:speed>1.197</gpxdata:speed>
    </extensions>
   </trkpt>
   <trkpt lat="43.3852753" lon="16.5557144">
    <ele>6</ele>
    <time>2026-08-07T07:13:08Z</time>
    <extensions>
     <gpxdata:distance>3300.00</gpxdata:distance>
     <gpxdata:speed>1.047</gpxdata:speed>
    </extensions>
   </trkpt>
   <trkpt lat="43.3852767" lon="16.5557046">
    <ele>6</ele>
    <time>2026-08-07T07:13:09Z</time>
    <extensions>
     <gpxdata:distance>3300.00</gpxdata:distance>
     <gpxdata:speed>0.883</gpxdata:speed>
    </extensions>
   </trkpt>
   <trkpt lat="43.3852784" lon="16.5556950">
    <ele>6</ele>
    <time>2026-08-07T07:13:10Z</time>
    <extensions>
     <gpxdata:distance>3300.00</gpxdata:distance>
    </extensions>
   </trkpt>
   <trkpt lat="43.3853089" lon="16.5555868">
    <ele>6</ele>
    <time>2026-08-07T07:14:49Z</time>
    <extensions>
     <gpxdata:distance>3312.00</gpxdata:distance>
     <gpxdata:speed>0.942</gpxdata:speed>
    </extensions>
   </trkpt>
   <trkpt lat="43.3853108" lon="16.5555754">
    <ele>6</ele>
    <time>2026-08-07T07:14:50Z</time>
    <extensions>
     <gpxdata:distance>3312.00</gpxdata:distance>
     <gpxdata:speed>0.975</gpxdata:speed>
    </extensions>
   </trkpt>
   <trkpt lat="43.3853130" lon="16.5555647">
    <ele>6</ele>
    <time>2026-08-07T07:14:51Z</time>
    <extensions>
     <gpxdata:distance>3313.00</gpxdata:distance>
     <gpxdata:speed>0.931</gpxdata:speed>
    </extensions>
   </trkpt>
   <trkpt lat="43.3853169" lon="16.5555547">
    <ele>6</ele>
    <time>2026-08-07T07:14:52Z</time>
    <extensions>
     <gpxdata:distance>3314.00</gpxdata:distance>
     <gpxdata:speed>0.892</gpxdata:speed>
    </extensions>
   </trkpt>
   <trkpt lat="43.3853228" lon="16.5555448">
    <ele>6</ele>
    <time>2026-08-07T07:14:53Z</time>
    <extensions>
     <gpxdata:distance>3315.00</gpxdata:distance>
     <gpxdata:speed>1.006</gpxdata:speed>
    </extensions>
   </trkpt>
   <trkpt lat="43.3853302" lon="16.5555342">
    <ele>6</ele>
    <time>2026-08-07T07:14:54Z</time>
    <extensions>
     <gpxdata:distance>3316.00</gpxdata:distance>
     <gpxdata:speed>1.208</gpxdata:speed>
    </extensions>
   </trkpt>
   <trkpt lat="43.3853375" lon="16.5555227">
    <ele>6</ele>
    <time>2026-08-07T07:14:55Z</time>
    <extensions>
     <gpxdata:distance>3317.50</gpxdata:distance>
     <gpxdata:speed>1.356</gpxdata:speed>
    </extensions>
   </trkpt>
   <trkpt lat="43.3853437" lon="16.5555103">
    <ele>6</ele>
    <time>2026-08-07T07:14:56Z</time>
    <extensions>
     <gpxdata:distance>3319.00</gpxdata:distance>
     <gpxdata:speed>1.350</gpxdata:speed>
    </extensions>
   </trkpt>
   <trkpt lat="43.3853484" lon="16.5554967">
    <ele>6</ele>
    <time>2026-08-07T07:14:57Z</time>
    <extensions>
     <gpxdata:distance>3320.00</gpxdata:distance>
     <gpxdata:speed>1.317</gpxdata:speed>
    </extensions>
   </trkpt>
   <trkpt lat="43.3853512" lon="16.5554819">
    <ele>6</ele>
    <time>2026-08-07T07:14:58Z</time>
    <extensions>
     <gpxdata:distance>3321.00</gpxdata:distance>
     <gpxdata:speed>1.319</gpxdata:speed>
    </extensions>
   </trkpt>
   <trkpt lat="43.3853518" lon="16.5554664">
    <ele>6</ele>
    <time>2026-08-07T07:14:59Z</time>
    <extensions>
     <gpxdata:distance>3322.50</gpxdata:distance>
     <gpxdata:speed>1.342</gpxdata:speed>
    </extensions>
   </trkpt>
   <trkpt lat="43.3853502" lon="16.5554507">
    <ele>6</ele>
    <time>2026-08-07T07:15:00Z</time>
    <extensions>
     <gpxdata:distance>3324.00</gpxdata:distance>
     <gpxdata:speed>1.369</gpxdata:speed>
    </extensions>
   </trkpt>
   <trkpt lat="43.3853467" lon="16.5554349">
    <ele>6</ele>
    <time>2026-08-07T07:15:01Z</time>
    <extensions>
     <gpxdata:distance>3325.50</gpxdata:distance>
     <gpxdata:speed>1.397</gpxdata:speed>
    </extensions>
   </trkpt>
   <trkpt lat="43.3853419" lon="16.5554195">
    <ele>6</ele>
    <time>2026-08-07T07:15:02Z</time>
    <extensions>
     <gpxdata:distance>3327.00</gpxdata:distance>
     <gpxdata:speed>1.436</gpxdata:speed>
    </extensions>
   </trkpt>
   <trkpt lat="43.3853361" lon="16.5554043">
    <ele>6</ele>
    <time>2026-08-07T07:15:03Z</time>
    <extensions>
     <gpxdata:distance>3328.50</gpxdata:distance>
     <gpxdata:speed>1.453</gpxdata:speed>
    </extensions>
   </trkpt>
   <trkpt lat="43.3853297" lon="16.5553896">
    <ele>6</ele>
    <time>2026-08-07T07:15:04Z</time>
    <extensions>
     <gpxdata:distance>3330.00</gpxdata:distance>
     <gpxdata:speed>1.458</gpxdata:speed>
    </extensions>
   </trkpt>
   <trkpt lat="43.3853227" lon="16.5553749">
    <ele>6</ele>
    <time>2026-08-07T07:15:05Z</time>
    <extensions>
     <gpxdata:distance>3331.50</gpxdata:distance>
     <gpxdata:speed>1.450</gpxdata:speed>
    </extensions>
   </trkpt>
   <trkpt lat="43.3853160" lon="16.5553595">
    <ele>6</ele>
    <time>2026-08-07T07:15:06Z</time>
    <extensions>
     <gpxdata:distance>3333.00</gpxdata:distance>
     <gpxdata:speed>1.461</gpxdata:speed>
    </extensions>
   </trkpt>
   <trkpt lat="43.3853100" lon="16.5553435">
    <ele>6</ele>
    <time>2026-08-07T07:15:07Z</time>
    <extensions>
     <gpxdata:distance>3334.50</gpxdata:distance>
     <gpxdata:speed>1.489</gpxdata:speed>
    </extensions>
   </trkpt>
   <trkpt lat="43.3853052" lon="16.5553278">
    <ele>6</ele>
    <time>2026-08-07T07:15:08Z</time>
    <extensions>
     <gpxdata:distance>3336.00</gpxdata:distance>
     <gpxdata:speed>1.486</gpxdata:speed>
    </extensions>
   </trkpt>
   <trkpt lat="43.3853002" lon="16.5553134">
    <ele>6</ele>
    <time>2026-08-07T07:15:09Z</time>
    <extensions>
     <gpxdata:distance>3337.00</gpxdata:distance>
     <gpxdata:speed>1.422</gpxdata:speed>
    </extensions>
   </trkpt>
   <trkpt lat="43.3852939" lon="16.5553009">
    <ele>6</ele>
    <time>2026-08-07T07:15:10Z</time>
    <extensions>
     <gpxdata:distance>3338.00</gpxdata:distance>
     <gpxdata:speed>1.350</gpxdata:speed>
    </extensions>
   </trkpt>
   <trkpt lat="43.3852863" lon="16.5552900">
    <ele>6</ele>
    <time>2026-08-07T07:15:11Z</time>
    <extensions>
     <gpxdata:distance>3339.00</gpxdata:distance>
     <gpxdata:speed>1.319</gpxdata:speed>
    </extensions>
   </trkpt>
   <trkpt lat="43.3852773" lon="16.5552798">
    <ele>6</ele>
    <time>2026-08-07T07:15:12Z</time>
    <extensions>
     <gpxdata:distance>3340.00</gpxdata:distance>
     <gpxdata:speed>1.317</gpxdata:speed>
    </extensions>
   </trkpt>
   <trkpt lat="43.3852673" lon="16.5552704">
    <ele>6</ele>
    <time>2026-08-07T07:15:13Z</time>
    <extensions>
     <gpxdata:distance>3341.50</gpxdata:distance>
     <gpxdata:speed>1.356</gpxdata:speed>
    </extensions>
   </trkpt>
   <trkpt lat="43.3852570" lon="16.5552609">
    <ele>6</ele>
    <time>2026-08-07T07:15:14Z</time>
    <extensions>
     <gpxdata:distance>3343.00</gpxdata:distance>
     <gpxdata:speed>1.386</gpxdata:speed>
    </extensions>
   </trkpt>
   <trkpt lat="43.3852464" lon="16.5552514">
    <ele>6</ele>
    <time>2026-08-07T07:15:15Z</time>
    <extensions>
     <gpxdata:distance>3344.50</gpxdata:distance>
     <gpxdata:speed>1.414</gpxdata:speed>
    </extensions>
   </trkpt>
   <trkpt lat="43.3852356" lon="16.5552424">
    <ele>6</ele>
    <time>2026-08-07T07:15:16Z</time>
    <extensions>
     <gpxdata:distance>3346.00</gpxdata:distance>
     <gpxdata:speed>1.428</gpxdata:speed>
    </extensions>
   </trkpt>
   <trkpt lat="43.3852246" lon="16.5552339">
    <ele>6</ele>
    <time>2026-08-07T07:15:17Z</time>
    <extensions>
     <gpxdata:distance>3347.50</gpxdata:distance>
     <gpxdata:speed>1.419</gpxdata:speed>
    </extensions>
   </trkpt>
   <trkpt lat="43.3852133" lon="16.5552264">
    <ele>6</ele>
    <time>2026-08-07T07:15:18Z</time>
    <extensions>
     <gpxdata:distance>3349.00</gpxdata:distance>
     <gpxdata:speed>1.422</gpxdata:speed>
    </extensions>
   </trkpt>
   <trkpt lat="43.3852017" lon="16.5552194">
    <ele>6</ele>
    <time>2026-08-07T07:15:19Z</time>
    <extensions>
     <gpxdata:distance>3350.50</gpxdata:distance>
     <gpxdata:speed>1.417</gpxdata:speed>
    </extensions>
   </trkpt>
   <trkpt lat="43.3851907" lon="16.5552130">
    <ele>6</ele>
    <time>2026-08-07T07:15:20Z</time>
    <extensions>
     <gpxdata:distance>3352.00</gpxdata:distance>
     <gpxdata:speed>1.422</gpxdata:speed>
    </extensions>
   </trkpt>
   <trkpt lat="43.3851801" lon="16.5552067">
    <ele>6</ele>
    <time>2026-08-07T07:15:21Z</time>
    <extensions>
     <gpxdata:distance>3353.00</gpxdata:distance>
     <gpxdata:speed>1.356</gpxdata:speed>
    </extensions>
   </trkpt>
   <trkpt lat="43.3851696" lon="16.5552011">
    <ele>6</ele>
    <time>2026-08-07T07:15:22Z</time>
    <extensions>
     <gpxdata:distance>3354.00</gpxdata:distance>
     <gpxdata:speed>1.311</gpxdata:speed>
    </extensions>
   </trkpt>
   <trkpt lat="43.3851589" lon="16.5551961">
    <ele>6</ele>
    <time>2026-08-07T07:15:23Z</time>
    <extensions>
     <gpxdata:distance>3355.00</gpxdata:distance>
     <gpxdata:speed>1.269</gpxdata:speed>
    </extensions>
   </trkpt>
   <trkpt lat="43.3851478" lon="16.5551917">
    <ele>6</ele>
    <time>2026-08-07T07:15:24Z</time>
    <extensions>
     <gpxdata:distance>3356.00</gpxdata:distance>
     <gpxdata:speed>1.272</gpxdata:speed>
    </extensions>
   </trkpt>
   <trkpt lat="43.3851363" lon="16.5551868">
    <ele>6</ele>
    <time>2026-08-07T07:15:25Z</time>
    <extensions>
     <gpxdata:distance>3357.50</gpxdata:distance>
     <gpxdata:speed>1.300</gpxdata:speed>
    </extensions>
   </trkpt>
   <trkpt lat="43.3851247" lon="16.5551806">
    <ele>6</ele>
    <time>2026-08-07T07:15:26Z</time>
    <extensions>
     <gpxdata:distance>3359.00</gpxdata:distance>
     <gpxdata:speed>1.336</gpxdata:speed>
    </extensions>
   </trkpt>
   <trkpt lat="43.3851129" lon="16.5551731">
    <ele>6</ele>
    <time>2026-08-07T07:15:27Z</time>
    <extensions>
     <gpxdata:distance>3360.50</gpxdata:distance>
     <gpxdata:speed>1.386</gpxdata:speed>
    </extensions>
   </trkpt>
   <trkpt lat="43.3851013" lon="16.5551646">
    <ele>6</ele>
    <time>2026-08-07T07:15:28Z</time>
    <extensions>
     <gpxdata:distance>3362.00</gpxdata:distance>
     <gpxdata:speed>1.447</gpxdata:speed>
    </extensions>
   </trkpt>
   <trkpt lat="43.3850899" lon="16.5551550">
    <ele>6</ele>
    <time>2026-08-07T07:15:29Z</time>
    <extensions>
     <gpxdata:distance>3363.50</gpxdata:distance>
     <gpxdata:speed>1.464</gpxdata:speed>
    </extensions>
   </trkpt>
   <trkpt lat="43.3850785" lon="16.5551443">
    <ele>6</ele>
    <time>2026-08-07T07:15:30Z</time>
    <extensions>
     <gpxdata:distance>3365.00</gpxdata:distance>
     <gpxdata:speed>1.500</gpxdata:speed>
    </extensions>
   </trkpt>
   <trkpt lat="43.3850672" lon="16.5551332">
    <ele>6</ele>
    <time>2026-08-07T07:15:31Z</time>
    <extensions>
     <gpxdata:distance>3367.00</gpxdata:distance>
     <gpxdata:speed>1.536</gpxdata:speed>
    </extensions>
   </trkpt>
   <trkpt lat="43.3850561" lon="16.5551224">
    <ele>6</ele>
    <time>2026-08-07T07:15:32Z</time>
    <extensions>
     <gpxdata:distance>3369.00</gpxdata:distance>
     <gpxdata:speed>1.553</gpxdata:speed>
    </extensions>
   </trkpt>
   <trkpt lat="43.3850453" lon="16.5551118">
    <ele>6</ele>
    <time>2026-08-07T07:15:33Z</time>
    <extensions>
     <gpxdata:distance>3370.00</gpxdata:distance>
     <gpxdata:speed>1.525</gpxdata:speed>
    </extensions>
   </trkpt>
   <trkpt lat="43.3850348" lon="16.5551012">
    <ele>6</ele>
    <time>2026-08-07T07:15:34Z</time>
    <extensions>
     <gpxdata:distance>3371.00</gpxdata:distance>
     <gpxdata:speed>1.492</gpxdata:speed>
    </extensions>
   </trkpt>
   <trkpt lat="43.3850244" lon="16.5550907">
    <ele>6</ele>
    <time>2026-08-07T07:15:35Z</time>
    <extensions>
     <gpxdata:distance>3372.50</gpxdata:distance>
     <gpxdata:speed>1.464</gpxdata:speed>
    </extensions>
   </trkpt>
   <trkpt lat="43.3850143" lon="16.5550803">
    <ele>6</ele>
    <time>2026-08-07T07:15:36Z</time>
    <extensions>
     <gpxdata:distance>3374.00</gpxdata:distance>
     <gpxdata:speed>1.444</gpxdata:speed>
    </extensions>
   </trkpt>
   <trkpt lat="43.3850042" lon="16.5550706">
    <ele>6</ele>
    <time>2026-08-07T07:15:37Z</time>
    <extensions>
     <gpxdata:distance>3375.50</gpxdata:distance>
     <gpxdata:speed>1.419</gpxdata:speed>
    </extensions>
   </trkpt>
   <trkpt lat="43.3849940" lon="16.5550614">
    <ele>6</ele>
    <time>2026-08-07T07:15:38Z</time>
    <extensions>
     <gpxdata:distance>3377.00</gpxdata:distance>
     <gpxdata:speed>1.381</gpxdata:speed>
    </extensions>
   </trkpt>
   <trkpt lat="43.3849838" lon="16.5550524">
    <ele>6</ele>
    <time>2026-08-07T07:15:39Z</time>
    <extensions>
     <gpxdata:distance>3378.00</gpxdata:distance>
     <gpxdata:speed>1.364</gpxdata:speed>
    </extensions>
   </trkpt>
   <trkpt lat="43.3849734" lon="16.5550439">
    <ele>6</ele>
    <time>2026-08-07T07:15:40Z</time>
    <extensions>
     <gpxdata:distance>3379.00</gpxdata:distance>
     <gpxdata:speed>1.353</gpxdata:speed>
    </extensions>
   </trkpt>
   <trkpt lat="43.3849627" lon="16.5550357">
    <ele>6</ele>
    <time>2026-08-07T07:15:41Z</time>
    <extensions>
     <gpxdata:distance>3380.50</gpxdata:distance>
     <gpxdata:speed>1.350</gpxdata:speed>
    </extensions>
   </trkpt>
   <trkpt lat="43.3849521" lon="16.5550270">
    <ele>6</ele>
    <time>2026-08-07T07:15:42Z</time>
    <extensions>
     <gpxdata:distance>3382.00</gpxdata:distance>
     <gpxdata:speed>1.361</gpxdata:speed>
    </extensions>
   </trkpt>
   <trkpt lat="43.3849415" lon="16.5550174">
    <ele>6</ele>
    <time>2026-08-07T07:15:43Z</time>
    <extensions>
     <gpxdata:distance>3383.50</gpxdata:distance>
     <gpxdata:speed>1.381</gpxdata:speed>
    </extensions>
   </trkpt>
   <trkpt lat="43.3849314" lon="16.5550070">
    <ele>6</ele>
    <time>2026-08-07T07:15:44Z</time>
    <extensions>
     <gpxdata:distance>3385.00</gpxdata:distance>
     <gpxdata:speed>1.406</gpxdata:speed>
    </extensions>
   </trkpt>
   <trkpt lat="43.3849219" lon="16.5549963">
    <ele>6</ele>
    <time>2026-08-07T07:15:45Z</time>
    <extensions>
     <gpxdata:distance>3386.50</gpxdata:distance>
     <gpxdata:speed>1.406</gpxdata:speed>
    </extensions>
   </trkpt>
   <trkpt lat="43.3849126" lon="16.5549855">
    <ele>6</ele>
    <time>2026-08-07T07:15:46Z</time>
    <extensions>
     <gpxdata:distance>3388.00</gpxdata:distance>
     <gpxdata:speed>1.381</gpxdata:speed>
    </extensions>
   </trkpt>
   <trkpt lat="43.3849033" lon="16.5549748">
    <ele>6</ele>
    <time>2026-08-07T07:15:47Z</time>
    <extensions>
     <gpxdata:distance>3389.00</gpxdata:distance>
     <gpxdata:speed>1.369</gpxdata:speed>
    </extensions>
   </trkpt>
   <trkpt lat="43.3848940" lon="16.5549646">
    <ele>6</ele>
    <time>2026-08-07T07:15:48Z</time>
    <extensions>
     <gpxdata:distance>3390.00</gpxdata:distance>
     <gpxdata:speed>1.353</gpxdata:speed>
    </extensions>
   </trkpt>
   <trkpt lat="43.3848847" lon="16.5549552">
    <ele>6</ele>
    <time>2026-08-07T07:15:49Z</time>
    <extensions>
     <gpxdata:distance>3391.50</gpxdata:distance>
     <gpxdata:speed>1.336</gpxdata:speed>
    </extensions>
   </trkpt>
   <trkpt lat="43.3848754" lon="16.5549466">
    <ele>6</ele>
    <time>2026-08-07T07:15:50Z</time>
    <extensions>
     <gpxdata:distance>3393.00</gpxdata:distance>
     <gpxdata:speed>1.294</gpxdata:speed>
    </extensions>
   </trkpt>
   <trkpt lat="43.3848657" lon="16.5549386">
    <ele>6</ele>
    <time>2026-08-07T07:15:51Z</time>
    <extensions>
     <gpxdata:distance>3394.00</gpxdata:distance>
     <gpxdata:speed>1.258</gpxdata:speed>
    </extensions>
   </trkpt>
   <trkpt lat="43.3848560" lon="16.5549301">
    <ele>6</ele>
    <time>2026-08-07T07:15:52Z</time>
    <extensions>
     <gpxdata:distance>3395.00</gpxdata:distance>
     <gpxdata:speed>1.269</gpxdata:speed>
    </extensions>
   </trkpt>
   <trkpt lat="43.3848467" lon="16.5549203">
    <ele>6</ele>
    <time>2026-08-07T07:15:53Z</time>
    <extensions>
     <gpxdata:distance>3396.50</gpxdata:distance>
     <gpxdata:speed>1.286</gpxdata:speed>
    </extensions>
   </trkpt>
   <trkpt lat="43.3848378" lon="16.5549098">
    <ele>6</ele>
    <time>2026-08-07T07:15:54Z</time>
    <extensions>
     <gpxdata:distance>3398.00</gpxdata:distance>
     <gpxdata:speed>1.314</gpxdata:speed>
    </extensions>
   </trkpt>
   <trkpt lat="43.3848290" lon="16.5548991">
    <ele>6</ele>
    <time>2026-08-07T07:15:55Z</time>
    <extensions>
     <gpxdata:distance>3399.50</gpxdata:distance>
     <gpxdata:speed>1.325</gpxdata:speed>
    </extensions>
   </trkpt>
   <trkpt lat="43.3848198" lon="16.5548889">
    <ele>6</ele>
    <time>2026-08-07T07:15:56Z</time>
    <extensions>
     <gpxdata:distance>3401.00</gpxdata:distance>
     <gpxdata:speed>1.317</gpxdata:speed>
    </extensions>
   </trkpt>
   <trkpt lat="43.3848106" lon="16.5548795">
    <ele>6</ele>
    <time>2026-08-07T07:15:57Z</time>
    <extensions>
     <gpxdata:distance>3402.00</gpxdata:distance>
     <gpxdata:speed>1.328</gpxdata:speed>
    </extensions>
   </trkpt>
   <trkpt lat="43.3848025" lon="16.5548713">
    <ele>6</ele>
    <time>2026-08-07T07:15:58Z</time>
    <extensions>
     <gpxdata:distance>3403.00</gpxdata:distance>
     <gpxdata:speed>1.289</gpxdata:speed>
    </extensions>
   </trkpt>
   <trkpt lat="43.3847058" lon="16.5548212">
    <ele>6</ele>
    <time>2026-08-07T07:16:21Z</time>
    <extensions>
     <gpxdata:distance>3416.00</gpxdata:distance>
     <gpxdata:speed>1.294</gpxdata:speed>
    </extensions>
   </trkpt>
   <trkpt lat="43.3846955" lon="16.5548157">
    <ele>6</ele>
    <time>2026-08-07T07:16:22Z</time>
    <extensions>
     <gpxdata:distance>3416.00</gpxdata:distance>
     <gpxdata:speed>1.292</gpxdata:speed>
    </extensions>
   </trkpt>
   <trkpt lat="43.3846853" lon="16.5548104">
    <ele>6</ele>
    <time>2026-08-07T07:16:23Z</time>
    <extensions>
     <gpxdata:distance>3417.00</gpxdata:distance>
     <gpxdata:speed>1.233</gpxdata:speed>
    </extensions>
   </trkpt>
   <trkpt lat="43.3846753" lon="16.5548057">
    <ele>6</ele>
    <time>2026-08-07T07:16:24Z</time>
    <extensions>
     <gpxdata:distance>3418.00</gpxdata:distance>
     <gpxdata:speed>1.211</gpxdata:speed>
    </extensions>
   </trkpt>
   <trkpt lat="43.3846653" lon="16.5548017">
    <ele>6</ele>
    <time>2026-08-07T07:16:25Z</time>
    <extensions>
     <gpxdata:distance>3419.00</gpxdata:distance>
     <gpxdata:speed>1.169</gpxdata:speed>
    </extensions>
   </trkpt>
   <trkpt lat="43.3846554" lon="16.5547984">
    <ele>6</ele>
    <time>2026-08-07T07:16:26Z</time>
    <extensions>
     <gpxdata:distance>3420.00</gpxdata:distance>
     <gpxdata:speed>1.150</gpxdata:speed>
    </extensions>
   </trkpt>
   <trkpt lat="43.3846452" lon="16.5547947">
    <ele>6</ele>
    <time>2026-08-07T07:16:27Z</time>
    <extensions>
     <gpxdata:distance>3421.50</gpxdata:distance>
     <gpxdata:speed>1.147</gpxdata:speed>
    </extensions>
   </trkpt>
   <trkpt lat="43.3846348" lon="16.5547904">
    <ele>6</ele>
    <time>2026-08-07T07:16:28Z</time>
    <extensions>
     <gpxdata:distance>3423.00</gpxdata:distance>
     <gpxdata:speed>1.175</gpxdata:speed>
    </extensions>
   </trkpt>
   <trkpt lat="43.3846240" lon="16.5547853">
    <ele>6</ele>
    <time>2026-08-07T07:16:29Z</time>
    <extensions>
     <gpxdata:distance>3424.00</gpxdata:distance>
     <gpxdata:speed>1.217</gpxdata:speed>
    </extensions>
   </trkpt>
   <trkpt lat="43.3846133" lon="16.5547792">
    <ele>6</ele>
    <time>2026-08-07T07:16:30Z</time>
    <extensions>
     <gpxdata:distance>3425.00</gpxdata:distance>
     <gpxdata:speed>1.269</gpxdata:speed>
    </extensions>
   </trkpt>
   <trkpt lat="43.3846033" lon="16.5547711">
    <ele>6</ele>
    <time>2026-08-07T07:16:31Z</time>
    <extensions>
     <gpxdata:distance>3426.50</gpxdata:distance>
     <gpxdata:speed>1.289</gpxdata:speed>
    </extensions>
   </trkpt>
   <trkpt lat="43.3845944" lon="16.5547608">
    <ele>6</ele>
    <time>2026-08-07T07:16:32Z</time>
    <extensions>
     <gpxdata:distance>3428.00</gpxdata:distance>
     <gpxdata:speed>1.322</gpxdata:speed>
    </extensions>
   </trkpt>
   <trkpt lat="43.3845865" lon="16.5547491">
    <ele>6</ele>
    <time>2026-08-07T07:16:33Z</time>
    <extensions>
     <gpxdata:distance>3429.50</gpxdata:distance>
     <gpxdata:speed>1.356</gpxdata:speed>
    </extensions>
   </trkpt>
   <trkpt lat="43.3845796" lon="16.5547373">
    <ele>6</ele>
    <time>2026-08-07T07:16:34Z</time>
    <extensions>
     <gpxdata:distance>3431.00</gpxdata:distance>
     <gpxdata:speed>1.347</gpxdata:speed>
    </extensions>
   </trkpt>
   <trkpt lat="43.3845730" lon="16.5547261">
    <ele>6</ele>
    <time>2026-08-07T07:16:35Z</time>
    <extensions>
     <gpxdata:distance>3432.00</gpxdata:distance>
     <gpxdata:speed>1.283</gpxdata:speed>
    </extensions>
   </trkpt>
   <trkpt lat="43.3845662" lon="16.5547157">
    <ele>6</ele>
    <time>2026-08-07T07:16:36Z</time>
    <extensions>
     <gpxdata:distance>3433.00</gpxdata:distance>
     <gpxdata:speed>1.214</gpxdata:speed>
    </extensions>
   </trkpt>
   <trkpt lat="43.3845592" lon="16.5547058">
    <ele>6</ele>
    <time>2026-08-07T07:16:37Z</time>
    <extensions>
     <gpxdata:distance>3434.00</gpxdata:distance>
     <gpxdata:speed>1.172</gpxdata:speed>
    </extensions>
   </trkpt>
   <trkpt lat="43.3845517" lon="16.5546961">
    <ele>6</ele>
    <time>2026-08-07T07:16:38Z</time>
    <extensions>
     <gpxdata:distance>3435.00</gpxdata:distance>
     <gpxdata:speed>1.147</gpxdata:speed>
    </extensions>
   </trkpt>
   <trkpt lat="43.3845437" lon="16.5546865">
    <ele>6</ele>
    <time>2026-08-07T07:16:39Z</time>
    <extensions>
     <gpxdata:distance>3436.00</gpxdata:distance>
     <gpxdata:speed>1.161</gpxdata:speed>
    </extensions>
   </trkpt>
   <trkpt lat="43.3845354" lon="16.5546771">
    <ele>6</ele>
    <time>2026-08-07T07:16:40Z</time>
    <extensions>
     <gpxdata:distance>3437.00</gpxdata:distance>
     <gpxdata:speed>1.183</gpxdata:speed>
    </extensions>
   </trkpt>
   <trkpt lat="43.3845267" lon="16.5546680">
    <ele>6</ele>
    <time>2026-08-07T07:16:41Z</time>
    <extensions>
     <gpxdata:distance>3438.50</gpxdata:distance>
     <gpxdata:speed>1.203</gpxdata:speed>
    </extensions>
   </trkpt>
   <trkpt lat="43.3845176" lon="16.5546594">
    <ele>6</ele>
    <time>2026-08-07T07:16:42Z</time>
    <extensions>
     <gpxdata:distance>3440.00</gpxdata:distance>
     <gpxdata:speed>1.214</gpxdata:speed>
    </extensions>
   </trkpt>
   <trkpt lat="43.3845084" lon="16.5546511">
    <ele>6</ele>
    <time>2026-08-07T07:16:43Z</time>
    <extensions>
     <gpxdata:distance>3441.00</gpxdata:distance>
     <gpxdata:speed>1.222</gpxdata:speed>
    </extensions>
   </trkpt>
   <trkpt lat="43.3844989" lon="16.5546430">
    <ele>6</ele>
    <time>2026-08-07T07:16:44Z</time>
    <extensions>
     <gpxdata:distance>3442.00</gpxdata:distance>
     <gpxdata:speed>1.233</gpxdata:speed>
    </extensions>
   </trkpt>
   <trkpt lat="43.3844893" lon="16.5546351">
    <ele>6</ele>
    <time>2026-08-07T07:16:45Z</time>
    <extensions>
     <gpxdata:distance>3443.50</gpxdata:distance>
     <gpxdata:speed>1.247</gpxdata:speed>
    </extensions>
   </trkpt>
   <trkpt lat="43.3844800" lon="16.5546280">
    <ele>6</ele>
    <time>2026-08-07T07:16:46Z</time>
    <extensions>
     <gpxdata:distance>3445.00</gpxdata:distance>
     <gpxdata:speed>1.244</gpxdata:speed>
    </extensions>
   </trkpt>
   <trkpt lat="43.3843948" lon="16.5545595">
    <ele>7</ele>
    <time>2026-08-07T07:20:12Z</time>
    <extensions>
     <gpxdata:distance>3459.00</gpxdata:distance>
     <gpxdata:speed>1.933</gpxdata:speed>
    </extensions>
   </trkpt>
   <trkpt lat="43.3843725" lon="16.5545470">
    <ele>7</ele>
    <time>2026-08-07T07:20:13Z</time>
    <extensions>
     <gpxdata:distance>3459.00</gpxdata:distance>
     <gpxdata:speed>2.003</gpxdata:speed>
    </extensions>
   </trkpt>
   <trkpt lat="43.3843530" lon="16.5545345">
    <ele>7</ele>
    <time>2026-08-07T07:20:14Z</time>
    <extensions>
     <gpxdata:distance>3461.00</gpxdata:distance>
     <gpxdata:speed>2.103</gpxdata:speed>
    </extensions>
   </trkpt>
   <trkpt lat="43.3843343" lon="16.5545205">
    <ele>7</ele>
    <time>2026-08-07T07:20:15Z</time>
    <extensions>
     <gpxdata:distance>3463.00</gpxdata:distance>
     <gpxdata:speed>2.267</gpxdata:speed>
    </extensions>
   </trkpt>
   <trkpt lat="43.3843154" lon="16.5545057">
    <ele>7</ele>
    <time>2026-08-07T07:20:16Z</time>
    <extensions>
     <gpxdata:distance>3465.50</gpxdata:distance>
     <gpxdata:speed>2.389</gpxdata:speed>
    </extensions>
   </trkpt>
   <trkpt lat="43.3842960" lon="16.5544907">
    <ele>7</ele>
    <time>2026-08-07T07:20:17Z</time>
    <extensions>
     <gpxdata:distance>3468.00</gpxdata:distance>
     <gpxdata:speed>2.489</gpxdata:speed>
    </extensions>
   </trkpt>
   <trkpt lat="43.3842761" lon="16.5544755">
    <ele>7</ele>
    <time>2026-08-07T07:20:18Z</time>
    <extensions>
     <gpxdata:distance>3471.00</gpxdata:distance>
     <gpxdata:speed>2.542</gpxdata:speed>
    </extensions>
   </trkpt>
   <trkpt lat="43.3842557" lon="16.5544607">
    <ele>7</ele>
    <time>2026-08-07T07:20:19Z</time>
    <extensions>
     <gpxdata:distance>3474.00</gpxdata:distance>
     <gpxdata:speed>2.589</gpxdata:speed>
    </extensions>
   </trkpt>
   <trkpt lat="43.3842348" lon="16.5544464">
    <ele>7</ele>
    <time>2026-08-07T07:20:20Z</time>
    <extensions>
     <gpxdata:distance>3476.50</gpxdata:distance>
     <gpxdata:speed>2.614</gpxdata:speed>
    </extensions>
   </trkpt>
   <trkpt lat="43.3842139" lon="16.5544320">
    <ele>7</ele>
    <time>2026-08-07T07:20:21Z</time>
    <extensions>
     <gpxdata:distance>3479.00</gpxdata:distance>
     <gpxdata:speed>2.628</gpxdata:speed>
    </extensions>
   </trkpt>
   <trkpt lat="43.3841929" lon="16.5544175">
    <ele>7</ele>
    <time>2026-08-07T07:20:22Z</time>
    <extensions>
     <gpxdata:distance>3481.50</gpxdata:distance>
     <gpxdata:speed>2.636</gpxdata:speed>
    </extensions>
   </trkpt>
   <trkpt lat="43.3841715" lon="16.5544027">
    <ele>7</ele>
    <time>2026-08-07T07:20:23Z</time>
    <extensions>
     <gpxdata:distance>3484.00</gpxdata:distance>
     <gpxdata:speed>2.639</gpxdata:speed>
    </extensions>
   </trkpt>
   <trkpt lat="43.3841497" lon="16.5543876">
    <ele>7</ele>
    <time>2026-08-07T07:20:24Z</time>
    <extensions>
     <gpxdata:distance>3487.00</gpxdata:distance>
     <gpxdata:speed>2.689</gpxdata:speed>
    </extensions>
   </trkpt>
   <trkpt lat="43.3841277" lon="16.5543723">
    <ele>7</ele>
    <time>2026-08-07T07:20:25Z</time>
    <extensions>
     <gpxdata:distance>3490.00</gpxdata:distance>
     <gpxdata:speed>2.725</gpxdata:speed>
    </extensions>
   </trkpt>
   <trkpt lat="43.3841060" lon="16.5543565">
    <ele>7</ele>
    <time>2026-08-07T07:20:26Z</time>
    <extensions>
     <gpxdata:distance>3492.50</gpxdata:distance>
     <gpxdata:speed>2.744</gpxdata:speed>
    </extensions>
   </trkpt>
   <trkpt lat="43.3840851" lon="16.5543396">
    <ele>7</ele>
    <time>2026-08-07T07:20:27Z</time>
    <extensions>
     <gpxdata:distance>3495.00</gpxdata:distance>
     <gpxdata:speed>2.742</gpxdata:speed>
    </extensions>
   </trkpt>
   <trkpt lat="43.3840648" lon="16.5543221">
    <ele>7</ele>
    <time>2026-08-07T07:20:28Z</time>
    <extensions>
     <gpxdata:distance>3497.50</gpxdata:distance>
     <gpxdata:speed>2.722</gpxdata:speed>
    </extensions>
   </trkpt>
   <trkpt lat="43.3840447" lon="16.5543040">
    <ele>7</ele>
    <time>2026-08-07T07:20:29Z</time>
    <extensions>
     <gpxdata:distance>3500.00</gpxdata:distance>
     <gpxdata:speed>2.694</gpxdata:speed>
    </extensions>
   </trkpt>
   <trkpt lat="43.3840246" lon="16.5542857">
    <ele>7</ele>
    <time>2026-08-07T07:20:30Z</time>
    <extensions>
     <gpxdata:distance>3503.00</gpxdata:distance>
     <gpxdata:speed>2.683</gpxdata:speed>
    </extensions>
   </trkpt>
   <trkpt lat="43.3840049" lon="16.5542667">
    <ele>7</ele>
    <time>2026-08-07T07:20:31Z</time>
    <extensions>
     <gpxdata:distance>3506.00</gpxdata:distance>
     <gpxdata:speed>2.694</gpxdata:speed>
    </extensions>
   </trkpt>
   <trkpt lat="43.3839866" lon="16.5542462">
    <ele>7</ele>
    <time>2026-08-07T07:20:32Z</time>
    <extensions>
     <gpxdata:distance>3508.50</gpxdata:distance>
     <gpxdata:speed>2.681</gpxdata:speed>
    </extensions>
   </trkpt>
   <trkpt lat="43.3839695" lon="16.5542242">
    <ele>7</ele>
    <time>2026-08-07T07:20:33Z</time>
    <extensions>
     <gpxdata:distance>3511.00</gpxdata:distance>
     <gpxdata:speed>2.658</gpxdata:speed>
    </extensions>
   </trkpt>
   <trkpt lat="43.3839534" lon="16.5542019">
    <ele>7</ele>
    <time>2026-08-07T07:20:34Z</time>
    <extensions>
     <gpxdata:distance>3513.50</gpxdata:distance>
     <gpxdata:speed>2.633</gpxdata:speed>
    </extensions>
   </trkpt>
   <trkpt lat="43.3839375" lon="16.5541802">
    <ele>7</ele>
    <time>2026-08-07T07:20:35Z</time>
    <extensions>
     <gpxdata:distance>3516.00</gpxdata:distance>
     <gpxdata:speed>2.583</gpxdata:speed>
    </extensions>
   </trkpt>
   <trkpt lat="43.3839214" lon="16.5541604">
    <ele>7</ele>
    <time>2026-08-07T07:20:36Z</time>
    <extensions>
     <gpxdata:distance>3518.50</gpxdata:distance>
     <gpxdata:speed>2.536</gpxdata:speed>
    </extensions>
   </trkpt>
   <trkpt lat="43.3839046" lon="16.5541427">
    <ele>7</ele>
    <time>2026-08-07T07:20:37Z</time>
    <extensions>
     <gpxdata:distance>3521.00</gpxdata:distance>
     <gpxdata:speed>2.461</gpxdata:speed>
    </extensions>
   </trkpt>
   <trkpt lat="43.3838865" lon="16.5541279">
    <ele>7</ele>
    <time>2026-08-07T07:20:38Z</time>
    <extensions>
     <gpxdata:distance>3523.00</gpxdata:distance>
     <gpxdata:speed>2.414</gpxdata:speed>
    </extensions>
   </trkpt>
   <trkpt lat="43.3838669" lon="16.5541169">
    <ele>7</ele>
    <time>2026-08-07T07:20:39Z</time>
    <extensions>
     <gpxdata:distance>3525.00</gpxdata:distance>
     <gpxdata:speed>2.406</gpxdata:speed>
    </extensions>
   </trkpt>
   <trkpt lat="43.3838462" lon="16.5541108">
    <ele>7</ele>
    <time>2026-08-07T07:20:40Z</time>
    <extensions>
     <gpxdata:distance>3527.50</gpxdata:distance>
     <gpxdata:speed>2.417</gpxdata:speed>
    </extensions>
   </trkpt>
   <trkpt lat="43.3838250" lon="16.5541104">
    <ele>7</ele>
    <time>2026-08-07T07:20:41Z</time>
    <extensions>
     <gpxdata:distance>3530.00</gpxdata:distance>
     <gpxdata:speed>2.439</gpxdata:speed>
    </extensions>
   </trkpt>
   <trkpt lat="43.3838041" lon="16.5541152">
    <ele>7</ele>
    <time>2026-08-07T07:20:42Z</time>
    <extensions>
     <gpxdata:distance>3532.50</gpxdata:distance>
     <gpxdata:speed>2.464</gpxdata:speed>
    </extensions>
   </trkpt>
   <trkpt lat="43.3837835" lon="16.5541231">
    <ele>7</ele>
    <time>2026-08-07T07:20:43Z</time>
    <extensions>
     <gpxdata:distance>3535.00</gpxdata:distance>
     <gpxdata:speed>2.472</gpxdata:speed>
    </extensions>
   </trkpt>
   <trkpt lat="43.3837630" lon="16.5541324">
    <ele>7</ele>
    <time>2026-08-07T07:20:44Z</time>
    <extensions>
     <gpxdata:distance>3537.50</gpxdata:distance>
     <gpxdata:speed>2.456</gpxdata:speed>
    </extensions>
   </trkpt>
   <trkpt lat="43.3837428" lon="16.5541418">
    <ele>7</ele>
    <time>2026-08-07T07:20:45Z</time>
    <extensions>
     <gpxdata:distance>3540.00</gpxdata:distance>
     <gpxdata:speed>2.458</gpxdata:speed>
    </extensions>
   </trkpt>
   <trkpt lat="43.3837231" lon="16.5541509">
    <ele>7</ele>
    <time>2026-08-07T07:20:46Z</time>
    <extensions>
     <gpxdata:distance>3542.00</gpxdata:distance>
     <gpxdata:speed>2.422</gpxdata:speed>
    </extensions>
   </trkpt>
   <trkpt lat="43.3837041" lon="16.5541600">
    <ele>7</ele>
    <time>2026-08-07T07:20:47Z</time>
    <extensions>
     <gpxdata:distance>3544.00</gpxdata:distance>
     <gpxdata:speed>2.361</gpxdata:speed>
    </extensions>
   </trkpt>
   <trkpt lat="43.3836858" lon="16.5541687">
    <ele>7</ele>
    <time>2026-08-07T07:20:48Z</time>
    <extensions>
     <gpxdata:distance>3546.00</gpxdata:distance>
     <gpxdata:speed>2.294</gpxdata:speed>
    </extensions>
   </trkpt>
   <trkpt lat="43.3836681" lon="16.5541768">
    <ele>7</ele>
    <time>2026-08-07T07:20:49Z</time>
    <extensions>
     <gpxdata:distance>3548.00</gpxdata:distance>
     <gpxdata:speed>2.211</gpxdata:speed>
    </extensions>
   </trkpt>
   <trkpt lat="43.3836509" lon="16.5541845">
    <ele>7</ele>
    <time>2026-08-07T07:20:50Z</time>
    <extensions>
     <gpxdata:distance>3550.00</gpxdata:distance>
     <gpxdata:speed>2.142</gpxdata:speed>
    </extensions>
   </trkpt>
   <trkpt lat="43.3836341" lon="16.5541904">
    <ele>7</ele>
    <time>2026-08-07T07:20:51Z</time>
    <extensions>
     <gpxdata:distance>3552.00</gpxdata:distance>
     <gpxdata:speed>2.061</gpxdata:speed>
    </extensions>
   </trkpt>
   <trkpt lat="43.3836222" lon="16.5541930">
    <ele>7</ele>
    <time>2026-08-07T07:20:52Z</time>
    <extensions>
     <gpxdata:distance>3554.00</gpxdata:distance>
     <gpxdata:speed>1.967</gpxdata:speed>
    </extensions>
   </trkpt>
   <trkpt lat="43.3836082" lon="16.5541946">
    <ele>7</ele>
    <time>2026-08-07T07:20:53Z</time>
    <extensions>
     <gpxdata:distance>3556.00</gpxdata:distance>
     <gpxdata:speed>1.886</gpxdata:speed>
    </extensions>
   </trkpt>
   <trkpt lat="43.3835934" lon="16.5541951">
    <ele>7</ele>
    <time>2026-08-07T07:20:54Z</time>
    <extensions>
     <gpxdata:distance>3557.50</gpxdata:distance>
     <gpxdata:speed>1.853</gpxdata:speed>
    </extensions>
   </trkpt>
   <trkpt lat="43.3835789" lon="16.5541948">
    <ele>7</ele>
    <time>2026-08-07T07:20:55Z</time>
    <extensions>
     <gpxdata:distance>3559.00</gpxdata:distance>
     <gpxdata:speed>1.778</gpxdata:speed>
    </extensions>
   </trkpt>
   <trkpt lat="43.3835651" lon="16.5541938">
    <ele>8</ele>
    <time>2026-08-07T07:20:56Z</time>
    <extensions>
     <gpxdata:distance>3560.50</gpxdata:distance>
     <gpxdata:speed>1.586</gpxdata:speed>
    </extensions>
   </trkpt>
   <trkpt lat="43.3835520" lon="16.5541925">
    <ele>8</ele>
    <time>2026-08-07T07:20:57Z</time>
    <extensions>
     <gpxdata:distance>3562.00</gpxdata:distance>
     <gpxdata:speed>1.483</gpxdata:speed>
    </extensions>
   </trkpt>
   <trkpt lat="43.3835391" lon="16.5541921">
    <ele>8</ele>
    <time>2026-08-07T07:20:58Z</time>
    <extensions>
     <gpxdata:distance>3563.00</gpxdata:distance>
     <gpxdata:speed>1.389</gpxdata:speed>
    </extensions>
   </trkpt>
   <trkpt lat="43.3835264" lon="16.5541927">
    <ele>8</ele>
    <time>2026-08-07T07:20:59Z</time>
    <extensions>
     <gpxdata:distance>3564.00</gpxdata:distance>
     <gpxdata:speed>1.392</gpxdata:speed>
    </extensions>
   </trkpt>
   <trkpt lat="43.3835141" lon="16.5541937">
    <ele>8</ele>
    <time>2026-08-07T07:21:00Z</time>
    <extensions>
     <gpxdata:distance>3565.50</gpxdata:distance>
     <gpxdata:speed>1.386</gpxdata:speed>
    </extensions>
   </trkpt>
   <trkpt lat="43.3835015" lon="16.5541940">
    <ele>8</ele>
    <time>2026-08-07T07:21:01Z</time>
    <extensions>
     <gpxdata:distance>3567.00</gpxdata:distance>
     <gpxdata:speed>1.333</gpxdata:speed>
    </extensions>
   </trkpt>
   <trkpt lat="43.3834886" lon="16.5541933">
    <ele>8</ele>
    <time>2026-08-07T07:21:02Z</time>
    <extensions>
     <gpxdata:distance>3568.50</gpxdata:distance>
     <gpxdata:speed>1.389</gpxdata:speed>
    </extensions>
   </trkpt>
   <trkpt lat="43.3834753" lon="16.5541920">
    <ele>8</ele>
    <time>2026-08-07T07:21:03Z</time>
    <extensions>
     <gpxdata:distance>3570.00</gpxdata:distance>
     <gpxdata:speed>1.428</gpxdata:speed>
    </extensions>
   </trkpt>
   <trkpt lat="43.3834615" lon="16.5541901">
    <ele>8</ele>
    <time>2026-08-07T07:21:04Z</time>
    <extensions>
     <gpxdata:distance>3571.50</gpxdata:distance>
     <gpxdata:speed>1.475</gpxdata:speed>
    </extensions>
   </trkpt>
   <trkpt lat="43.3834473" lon="16.5541878">
    <ele>8</ele>
    <time>2026-08-07T07:21:05Z</time>
    <extensions>
     <gpxdata:distance>3573.00</gpxdata:distance>
     <gpxdata:speed>1.522</gpxdata:speed>
    </extensions>
   </trkpt>
   <trkpt lat="43.3834329" lon="16.5541855">
    <ele>8</ele>
    <time>2026-08-07T07:21:06Z</time>
    <extensions>
     <gpxdata:distance>3575.00</gpxdata:distance>
     <gpxdata:speed>1.578</gpxdata:speed>
    </extensions>
   </trkpt>
   <trkpt lat="43.3834186" lon="16.5541835">
    <ele>8</ele>
    <time>2026-08-07T07:21:07Z</time>
    <extensions>
     <gpxdata:distance>3577.00</gpxdata:distance>
     <gpxdata:speed>1.603</gpxdata:speed>
    </extensions>
   </trkpt>
   <trkpt lat="43.3834043" lon="16.5541818">
    <ele>8</ele>
    <time>2026-08-07T07:21:08Z</time>
    <extensions>
     <gpxdata:distance>3578.50</gpxdata:distance>
     <gpxdata:speed>1.603</gpxdata:speed>
    </extensions>
   </trkpt>
   <trkpt lat="43.3833900" lon="16.5541810">
    <ele>8</ele>
    <time>2026-08-07T07:21:09Z</time>
    <extensions>
     <gpxdata:distance>3580.00</gpxdata:distance>
     <gpxdata:speed>1.597</gpxdata:speed>
    </extensions>
   </trkpt>
   <trkpt lat="43.3833761" lon="16.5541795">
    <ele>8</ele>
    <time>2026-08-07T07:21:10Z</time>
    <extensions>
     <gpxdata:distance>3581.50</gpxdata:distance>
     <gpxdata:speed>1.603</gpxdata:speed>
    </extensions>
   </trkpt>
   <trkpt lat="43.3833630" lon="16.5541771">
    <ele>8</ele>
    <time>2026-08-07T07:21:11Z</time>
    <extensions>
     <gpxdata:distance>3583.00</gpxdata:distance>
     <gpxdata:speed>1.569</gpxdata:speed>
    </extensions>
   </trkpt>
   <trkpt lat="43.3833512" lon="16.5541747">
    <ele>8</ele>
    <time>2026-08-07T07:21:12Z</time>
    <extensions>
     <gpxdata:distance>3584.00</gpxdata:distance>
     <gpxdata:speed>1.497</gpxdata:speed>
    </extensions>
   </trkpt>
   <trkpt lat="43.3833406" lon="16.5541732">
    <ele>8</ele>
    <time>2026-08-07T07:21:13Z</time>
    <extensions>
     <gpxdata:distance>3585.00</gpxdata:distance>
     <gpxdata:speed>1.367</gpxdata:speed>
    </extensions>
   </trkpt>
   <trkpt lat="43.3833306" lon="16.5541729">
    <ele>8</ele>
    <time>2026-08-07T07:21:14Z</time>
    <extensions>
     <gpxdata:distance>3586.00</gpxdata:distance>
     <gpxdata:speed>1.217</gpxdata:speed>
    </extensions>
   </trkpt>
   <trkpt lat="43.3833202" lon="16.5541722">
    <ele>9</ele>
    <time>2026-08-07T07:21:15Z</time>
    <extensions>
     <gpxdata:distance>3587.00</gpxdata:distance>
     <gpxdata:speed>1.150</gpxdata:speed>
    </extensions>
   </trkpt>
   <trkpt lat="43.3833089" lon="16.5541715">
    <ele>9</ele>
    <time>2026-08-07T07:21:16Z</time>
    <extensions>
     <gpxdata:distance>3588.50</gpxdata:distance>
     <gpxdata:speed>1.175</gpxdata:speed>
    </extensions>
   </trkpt>
   <trkpt lat="43.3832969" lon="16.5541709">
    <ele>9</ele>
    <time>2026-08-07T07:21:17Z</time>
    <extensions>
     <gpxdata:distance>3590.00</gpxdata:distance>
     <gpxdata:speed>1.258</gpxdata:speed>
    </extensions>
   </trkpt>
   <trkpt lat="43.3832849" lon="16.5541707">
    <ele>9</ele>
    <time>2026-08-07T07:21:18Z</time>
    <extensions>
     <gpxdata:distance>3591.50</gpxdata:distance>
     <gpxdata:speed>1.317</gpxdata:speed>
    </extensions>
   </trkpt>
   <trkpt lat="43.3832741" lon="16.5541691">
    <ele>9</ele>
    <time>2026-08-07T07:21:19Z</time>
    <extensions>
     <gpxdata:distance>3593.00</gpxdata:distance>
     <gpxdata:speed>1.319</gpxdata:speed>
    </extensions>
   </trkpt>
   <trkpt lat="43.3832640" lon="16.5541661">
    <ele>9</ele>
    <time>2026-08-07T07:21:20Z</time>
    <extensions>
     <gpxdata:distance>3593.50</gpxdata:distance>
     <gpxdata:speed>1.244</gpxdata:speed>
    </extensions>
   </trkpt>
   <trkpt lat="43.3832555" lon="16.5541624">
    <ele>9</ele>
    <time>2026-08-07T07:21:21Z</time>
    <extensions>
     <gpxdata:distance>3594.00</gpxdata:distance>
     <gpxdata:speed>1.200</gpxdata:speed>
    </extensions>
   </trkpt>
   <trkpt lat="43.3833328" lon="16.5541382">
    <ele>9</ele>
    <time>2026-08-07T07:21:45Z</time>
    <extensions>
     <gpxdata:distance>3612.00</gpxdata:distance>
     <gpxdata:speed>2.756</gpxdata:speed>
    </extensions>
   </trkpt>
   <trkpt lat="43.3833586" lon="16.5541373">
    <ele>9</ele>
    <time>2026-08-07T07:21:46Z</time>
    <extensions>
     <gpxdata:distance>3612.00</gpxdata:distance>
     <gpxdata:speed>2.997</gpxdata:speed>
    </extensions>
   </trkpt>
   <trkpt lat="43.3834005" lon="16.5541376">
    <ele>9</ele>
    <time>2026-08-07T07:21:47Z</time>
    <extensions>
     <gpxdata:distance>3614.50</gpxdata:distance>
     <gpxdata:speed>3.036</gpxdata:speed>
    </extensions>
   </trkpt>
   <trkpt lat="43.3834163" lon="16.5541393">
    <ele>9</ele>
    <time>2026-08-07T07:21:48Z</time>
    <extensions>
     <gpxdata:distance>3617.00</gpxdata:distance>
     <gpxdata:speed>2.933</gpxdata:speed>
    </extensions>
   </trkpt>
   <trkpt lat="43.3834353" lon="16.5541416">
    <ele>9</ele>
    <time>2026-08-07T07:21:49Z</time>
    <extensions>
     <gpxdata:distance>3619.50</gpxdata:distance>
     <gpxdata:speed>2.711</gpxdata:speed>
    </extensions>
   </trkpt>
   <trkpt lat="43.3834542" lon="16.5541434">
    <ele>9</ele>
    <time>2026-08-07T07:21:50Z</time>
    <extensions>
     <gpxdata:distance>3622.00</gpxdata:distance>
     <gpxdata:speed>2.619</gpxdata:speed>
    </extensions>
   </trkpt>
   <trkpt lat="43.3834712" lon="16.5541435">
    <ele>9</ele>
    <time>2026-08-07T07:21:51Z</time>
    <extensions>
     <gpxdata:distance>3623.50</gpxdata:distance>
     <gpxdata:speed>2.397</gpxdata:speed>
    </extensions>
   </trkpt>
   <trkpt lat="43.3834860" lon="16.5541398">
    <ele>9</ele>
    <time>2026-08-07T07:21:52Z</time>
    <extensions>
     <gpxdata:distance>3625.00</gpxdata:distance>
     <gpxdata:speed>2.131</gpxdata:speed>
    </extensions>
   </trkpt>
   <trkpt lat="43.3834964" lon="16.5541336">
    <ele>9</ele>
    <time>2026-08-07T07:21:53Z</time>
    <extensions>
     <gpxdata:distance>3627.00</gpxdata:distance>
     <gpxdata:speed>1.939</gpxdata:speed>
    </extensions>
   </trkpt>
   <trkpt lat="43.3835081" lon="16.5541216">
    <ele>8</ele>
    <time>2026-08-07T07:21:54Z</time>
    <extensions>
     <gpxdata:distance>3629.00</gpxdata:distance>
     <gpxdata:speed>1.928</gpxdata:speed>
    </extensions>
   </trkpt>
   <trkpt lat="43.3835238" lon="16.5540973">
    <ele>8</ele>
    <time>2026-08-07T07:21:55Z</time>
    <extensions>
     <gpxdata:distance>3631.50</gpxdata:distance>
     <gpxdata:speed>2.050</gpxdata:speed>
    </extensions>
   </trkpt>
   <trkpt lat="43.3835368" lon="16.5540705">
    <ele>8</ele>
    <time>2026-08-07T07:21:56Z</time>
    <extensions>
     <gpxdata:distance>3634.00</gpxdata:distance>
     <gpxdata:speed>2.194</gpxdata:speed>
    </extensions>
   </trkpt>
   <trkpt lat="43.3835473" lon="16.5540426">
    <ele>8</ele>
    <time>2026-08-07T07:21:57Z</time>
    <extensions>
     <gpxdata:distance>3636.50</gpxdata:distance>
     <gpxdata:speed>2.383</gpxdata:speed>
    </extensions>
   </trkpt>
   <trkpt lat="43.3835560" lon="16.5540159">
    <ele>8</ele>
    <time>2026-08-07T07:21:58Z</time>
    <extensions>
     <gpxdata:distance>3639.00</gpxdata:distance>
     <gpxdata:speed>2.456</gpxdata:speed>
    </extensions>
   </trkpt>
   <trkpt lat="43.3835629" lon="16.5539924">
    <ele>8</ele>
    <time>2026-08-07T07:21:59Z</time>
    <extensions>
     <gpxdata:distance>3640.50</gpxdata:distance>
     <gpxdata:speed>2.369</gpxdata:speed>
    </extensions>
   </trkpt>
   <trkpt lat="43.3835675" lon="16.5539730">
    <ele>8</ele>
    <time>2026-08-07T07:22:00Z</time>
    <extensions>
     <gpxdata:distance>3642.00</gpxdata:distance>
     <gpxdata:speed>2.067</gpxdata:speed>
    </extensions>
   </trkpt>
   <trkpt lat="43.3836076" lon="16.5538561">
    <ele>7</ele>
    <time>2026-08-07T07:22:13Z</time>
    <extensions>
     <gpxdata:distance>3655.00</gpxdata:distance>
     <gpxdata:speed>1.861</gpxdata:speed>
    </extensions>
   </trkpt>
   <trkpt lat="43.3836143" lon="16.5538343">
    <ele>7</ele>
    <time>2026-08-07T07:22:14Z</time>
    <extensions>
     <gpxdata:distance>3655.00</gpxdata:distance>
     <gpxdata:speed>1.944</gpxdata:speed>
    </extensions>
   </trkpt>
   <trkpt lat="43.3836235" lon="16.5538032">
    <ele>8</ele>
    <time>2026-08-07T07:22:15Z</time>
    <extensions>
     <gpxdata:distance>3657.50</gpxdata:distance>
     <gpxdata:speed>2.031</gpxdata:speed>
    </extensions>
   </trkpt>
   <trkpt lat="43.3836312" lon="16.5537762">
    <ele>8</ele>
    <time>2026-08-07T07:22:16Z</time>
    <extensions>
     <gpxdata:distance>3660.00</gpxdata:distance>
     <gpxdata:speed>2.128</gpxdata:speed>
    </extensions>
   </trkpt>
   <trkpt lat="43.3836382" lon="16.5537506">
    <ele>8</ele>
    <time>2026-08-07T07:22:17Z</time>
    <extensions>
     <gpxdata:distance>3662.00</gpxdata:distance>
     <gpxdata:speed>2.158</gpxdata:speed>
    </extensions>
   </trkpt>
   <trkpt lat="43.3836475" lon="16.5537267">
    <ele>8</ele>
    <time>2026-08-07T07:22:18Z</time>
    <extensions>
     <gpxdata:distance>3664.00</gpxdata:distance>
     <gpxdata:speed>2.178</gpxdata:speed>
    </extensions>
   </trkpt>
   <trkpt lat="43.3836553" lon="16.5537041">
    <ele>7</ele>
    <time>2026-08-07T07:22:19Z</time>
    <extensions>
     <gpxdata:distance>3666.00</gpxdata:distance>
     <gpxdata:speed>2.250</gpxdata:speed>
    </extensions>
   </trkpt>
   <trkpt lat="43.3836622" lon="16.5536828">
    <ele>7</ele>
    <time>2026-08-07T07:22:20Z</time>
    <extensions>
     <gpxdata:distance>3668.00</gpxdata:distance>
     <gpxdata:speed>2.156</gpxdata:speed>
    </extensions>
   </trkpt>
   <trkpt lat="43.3836687" lon="16.5536628">
    <ele>7</ele>
    <time>2026-08-07T07:22:21Z</time>
    <extensions>
     <gpxdata:distance>3669.50</gpxdata:distance>
     <gpxdata:speed>2.025</gpxdata:speed>
    </extensions>
   </trkpt>
   <trkpt lat="43.3836735" lon="16.5536489">
    <ele>7</ele>
    <time>2026-08-07T07:22:22Z</time>
    <extensions>
     <gpxdata:distance>3671.00</gpxdata:distance>
     <gpxdata:speed>1.903</gpxdata:speed>
    </extensions>
   </trkpt>
   <trkpt lat="43.3836802" lon="16.5536338">
    <ele>7</ele>
    <time>2026-08-07T07:22:23Z</time>
    <extensions>
     <gpxdata:distance>3672.50</gpxdata:distance>
     <gpxdata:speed>1.828</gpxdata:speed>
    </extensions>
   </trkpt>
   <trkpt lat="43.3836881" lon="16.5536199">
    <ele>7</ele>
    <time>2026-08-07T07:22:24Z</time>
    <extensions>
     <gpxdata:distance>3674.00</gpxdata:distance>
     <gpxdata:speed>1.775</gpxdata:speed>
    </extensions>
   </trkpt>
   <trkpt lat="43.3836964" lon="16.5536088">
    <ele>7</ele>
    <time>2026-08-07T07:22:25Z</time>
    <extensions>
     <gpxdata:distance>3675.00</gpxdata:distance>
     <gpxdata:speed>1.483</gpxdata:speed>
    </extensions>
   </trkpt>
   <trkpt lat="43.3837056" lon="16.5536006">
    <ele>7</ele>
    <time>2026-08-07T07:22:26Z</time>
    <extensions>
     <gpxdata:distance>3676.00</gpxdata:distance>
     <gpxdata:speed>1.228</gpxdata:speed>
    </extensions>
   </trkpt>
   <trkpt lat="43.3837165" lon="16.5535948">
    <ele>7</ele>
    <time>2026-08-07T07:22:27Z</time>
    <extensions>
     <gpxdata:distance>3677.50</gpxdata:distance>
     <gpxdata:speed>1.239</gpxdata:speed>
    </extensions>
   </trkpt>
   <trkpt lat="43.3837290" lon="16.5535904">
    <ele>7</ele>
    <time>2026-08-07T07:22:28Z</time>
    <extensions>
     <gpxdata:distance>3679.00</gpxdata:distance>
     <gpxdata:speed>1.408</gpxdata:speed>
    </extensions>
   </trkpt>
   <trkpt lat="43.3837422" lon="16.5535858">
    <ele>7</ele>
    <time>2026-08-07T07:22:29Z</time>
    <extensions>
     <gpxdata:distance>3681.00</gpxdata:distance>
     <gpxdata:speed>1.600</gpxdata:speed>
    </extensions>
   </trkpt>
   <trkpt lat="43.3837553" lon="16.5535804">
    <ele>7</ele>
    <time>2026-08-07T07:22:30Z</time>
    <extensions>
     <gpxdata:distance>3683.00</gpxdata:distance>
     <gpxdata:speed>1.614</gpxdata:speed>
    </extensions>
   </trkpt>
   <trkpt lat="43.3837676" lon="16.5535736">
    <ele>7</ele>
    <time>2026-08-07T07:22:31Z</time>
    <extensions>
     <gpxdata:distance>3684.00</gpxdata:distance>
     <gpxdata:speed>1.581</gpxdata:speed>
    </extensions>
   </trkpt>
   <trkpt lat="43.3837791" lon="16.5535662">
    <ele>7</ele>
    <time>2026-08-07T07:22:32Z</time>
    <extensions>
     <gpxdata:distance>3685.00</gpxdata:distance>
     <gpxdata:speed>1.525</gpxdata:speed>
    </extensions>
   </trkpt>
   <trkpt lat="43.3837903" lon="16.5535581">
    <ele>7</ele>
    <time>2026-08-07T07:22:33Z</time>
    <extensions>
     <gpxdata:distance>3686.50</gpxdata:distance>
     <gpxdata:speed>1.461</gpxdata:speed>
    </extensions>
   </trkpt>
   <trkpt lat="43.3838014" lon="16.5535491">
    <ele>7</ele>
    <time>2026-08-07T07:22:34Z</time>
    <extensions>
     <gpxdata:distance>3688.00</gpxdata:distance>
     <gpxdata:speed>1.436</gpxdata:speed>
    </extensions>
   </trkpt>
   <trkpt lat="43.3838124" lon="16.5535386">
    <ele>7</ele>
    <time>2026-08-07T07:22:35Z</time>
    <extensions>
     <gpxdata:distance>3689.50</gpxdata:distance>
     <gpxdata:speed>1.458</gpxdata:speed>
    </extensions>
   </trkpt>
   <trkpt lat="43.3838229" lon="16.5535273">
    <ele>7</ele>
    <time>2026-08-07T07:22:36Z</time>
    <extensions>
     <gpxdata:distance>3691.00</gpxdata:distance>
     <gpxdata:speed>1.506</gpxdata:speed>
    </extensions>
   </trkpt>
   <trkpt lat="43.3838332" lon="16.5535154">
    <ele>7</ele>
    <time>2026-08-07T07:22:37Z</time>
    <extensions>
     <gpxdata:distance>3692.50</gpxdata:distance>
     <gpxdata:speed>1.517</gpxdata:speed>
    </extensions>
   </trkpt>
   <trkpt lat="43.3838440" lon="16.5535045">
    <ele>7</ele>
    <time>2026-08-07T07:22:38Z</time>
    <extensions>
     <gpxdata:distance>3694.00</gpxdata:distance>
     <gpxdata:speed>1.511</gpxdata:speed>
    </extensions>
   </trkpt>
   <trkpt lat="43.3838561" lon="16.5534956">
    <ele>7</ele>
    <time>2026-08-07T07:22:39Z</time>
    <extensions>
     <gpxdata:distance>3695.50</gpxdata:distance>
     <gpxdata:speed>1.514</gpxdata:speed>
    </extensions>
   </trkpt>
   <trkpt lat="43.3838695" lon="16.5534892">
    <ele>7</ele>
    <time>2026-08-07T07:22:40Z</time>
    <extensions>
     <gpxdata:distance>3697.00</gpxdata:distance>
     <gpxdata:speed>1.572</gpxdata:speed>
    </extensions>
   </trkpt>
   <trkpt lat="43.3838834" lon="16.5534857">
    <ele>8</ele>
    <time>2026-08-07T07:22:41Z</time>
    <extensions>
     <gpxdata:distance>3699.00</gpxdata:distance>
     <gpxdata:speed>1.633</gpxdata:speed>
    </extensions>
   </trkpt>
   <trkpt lat="43.3838974" lon="16.5534858">
    <ele>8</ele>
    <time>2026-08-07T07:22:42Z</time>
    <extensions>
     <gpxdata:distance>3701.00</gpxdata:distance>
     <gpxdata:speed>1.650</gpxdata:speed>
    </extensions>
   </trkpt>
   <trkpt lat="43.3839111" lon="16.5534890">
    <ele>8</ele>
    <time>2026-08-07T07:22:43Z</time>
    <extensions>
     <gpxdata:distance>3702.50</gpxdata:distance>
     <gpxdata:speed>1.667</gpxdata:speed>
    </extensions>
   </trkpt>
   <trkpt lat="43.3839250" lon="16.5534937">
    <ele>8</ele>
    <time>2026-08-07T07:22:44Z</time>
    <extensions>
     <gpxdata:distance>3704.00</gpxdata:distance>
     <gpxdata:speed>1.658</gpxdata:speed>
    </extensions>
   </trkpt>
   <trkpt lat="43.3839394" lon="16.5534986">
    <ele>8</ele>
    <time>2026-08-07T07:22:45Z</time>
    <extensions>
     <gpxdata:distance>3705.50</gpxdata:distance>
     <gpxdata:speed>1.678</gpxdata:speed>
    </extensions>
   </trkpt>
   <trkpt lat="43.3839549" lon="16.5535034">
    <ele>8</ele>
    <time>2026-08-07T07:22:46Z</time>
    <extensions>
     <gpxdata:distance>3707.00</gpxdata:distance>
     <gpxdata:speed>1.714</gpxdata:speed>
    </extensions>
   </trkpt>
   <trkpt lat="43.3839716" lon="16.5535074">
    <ele>8</ele>
    <time>2026-08-07T07:22:47Z</time>
    <extensions>
     <gpxdata:distance>3709.00</gpxdata:distance>
     <gpxdata:speed>1.800</gpxdata:speed>
    </extensions>
   </trkpt>
   <trkpt lat="43.3839890" lon="16.5535096">
    <ele>8</ele>
    <time>2026-08-07T07:22:48Z</time>
    <extensions>
     <gpxdata:distance>3711.00</gpxdata:distance>
     <gpxdata:speed>1.903</gpxdata:speed>
    </extensions>
   </trkpt>
   <trkpt lat="43.3840067" lon="16.5535089">
    <ele>8</ele>
    <time>2026-08-07T07:22:49Z</time>
    <extensions>
     <gpxdata:distance>3713.00</gpxdata:distance>
     <gpxdata:speed>1.969</gpxdata:speed>
    </extensions>
   </trkpt>
   <trkpt lat="43.3840309" lon="16.5535034">
    <ele>8</ele>
    <time>2026-08-07T07:22:50Z</time>
    <extensions>
     <gpxdata:distance>3715.00</gpxdata:distance>
     <gpxdata:speed>2.022</gpxdata:speed>
    </extensions>
   </trkpt>
   <trkpt lat="43.3840511" lon="16.5534949">
    <ele>8</ele>
    <time>2026-08-07T07:22:51Z</time>
    <extensions>
     <gpxdata:distance>3717.50</gpxdata:distance>
     <gpxdata:speed>2.075</gpxdata:speed>
    </extensions>
   </trkpt>
   <trkpt lat="43.3840702" lon="16.5534845">
    <ele>8</ele>
    <time>2026-08-07T07:22:52Z</time>
    <extensions>
     <gpxdata:distance>3720.00</gpxdata:distance>
     <gpxdata:speed>2.139</gpxdata:speed>
    </extensions>
   </trkpt>
   <trkpt lat="43.3840897" lon="16.5534739">
    <ele>8</ele>
    <time>2026-08-07T07:22:53Z</time>
    <extensions>
     <gpxdata:distance>3722.50</gpxdata:distance>
     <gpxdata:speed>2.222</gpxdata:speed>
    </extensions>
   </trkpt>
   <trkpt lat="43.3841098" lon="16.5534643">
    <ele>8</ele>
    <time>2026-08-07T07:22:54Z</time>
    <extensions>
     <gpxdata:distance>3725.00</gpxdata:distance>
     <gpxdata:speed>2.347</gpxdata:speed>
    </extensions>
   </trkpt>
   <trkpt lat="43.3841307" lon="16.5534565">
    <ele>8</ele>
    <time>2026-08-07T07:22:55Z</time>
    <extensions>
     <gpxdata:distance>3727.50</gpxdata:distance>
     <gpxdata:speed>2.414</gpxdata:speed>
    </extensions>
   </trkpt>
   <trkpt lat="43.3841520" lon="16.5534509">
    <ele>8</ele>
    <time>2026-08-07T07:22:56Z</time>
    <extensions>
     <gpxdata:distance>3730.00</gpxdata:distance>
     <gpxdata:speed>2.464</gpxdata:speed>
    </extensions>
   </trkpt>
   <trkpt lat="43.3841734" lon="16.5534477">
    <ele>8</ele>
    <time>2026-08-07T07:22:57Z</time>
    <extensions>
     <gpxdata:distance>3732.00</gpxdata:distance>
     <gpxdata:speed>2.450</gpxdata:speed>
    </extensions>
   </trkpt>
   <trkpt lat="43.3841949" lon="16.5534465">
    <ele>8</ele>
    <time>2026-08-07T07:22:58Z</time>
    <extensions>
     <gpxdata:distance>3734.00</gpxdata:distance>
     <gpxdata:speed>2.428</gpxdata:speed>
    </extensions>
   </trkpt>
   <trkpt lat="43.3842162" lon="16.5534468">
    <ele>8</ele>
    <time>2026-08-07T07:22:59Z</time>
    <extensions>
     <gpxdata:distance>3736.50</gpxdata:distance>
     <gpxdata:speed>2.422</gpxdata:speed>
    </extensions>
   </trkpt>
   <trkpt lat="43.3842373" lon="16.5534475">
    <ele>8</ele>
    <time>2026-08-07T07:23:00Z</time>
    <extensions>
     <gpxdata:distance>3739.00</gpxdata:distance>
     <gpxdata:speed>2.408</gpxdata:speed>
    </extensions>
   </trkpt>
   <trkpt lat="43.3842582" lon="16.5534479">
    <ele>8</ele>
    <time>2026-08-07T07:23:01Z</time>
    <extensions>
     <gpxdata:distance>3741.50</gpxdata:distance>
     <gpxdata:speed>2.381</gpxdata:speed>
    </extensions>
   </trkpt>
   <trkpt lat="43.3842788" lon="16.5534479">
    <ele>8</ele>
    <time>2026-08-07T07:23:02Z</time>
    <extensions>
     <gpxdata:distance>3744.00</gpxdata:distance>
     <gpxdata:speed>2.358</gpxdata:speed>
    </extensions>
   </trkpt>
   <trkpt lat="43.3842990" lon="16.5534474">
    <ele>8</ele>
    <time>2026-08-07T07:23:03Z</time>
    <extensions>
     <gpxdata:distance>3746.00</gpxdata:distance>
     <gpxdata:speed>2.325</gpxdata:speed>
    </extensions>
   </trkpt>
   <trkpt lat="43.3843184" lon="16.5534461">
    <ele>8</ele>
    <time>2026-08-07T07:23:04Z</time>
    <extensions>
     <gpxdata:distance>3748.00</gpxdata:distance>
     <gpxdata:speed>2.278</gpxdata:speed>
    </extensions>
   </trkpt>
   <trkpt lat="43.3843372" lon="16.5534441">
    <ele>8</ele>
    <time>2026-08-07T07:23:05Z</time>
    <extensions>
     <gpxdata:distance>3750.00</gpxdata:distance>
     <gpxdata:speed>2.208</gpxdata:speed>
    </extensions>
   </trkpt>
   <trkpt lat="43.3843549" lon="16.5534412">
    <ele>8</ele>
    <time>2026-08-07T07:23:06Z</time>
    <extensions>
     <gpxdata:distance>3752.00</gpxdata:distance>
     <gpxdata:speed>2.136</gpxdata:speed>
    </extensions>
   </trkpt>
   <trkpt lat="43.3843713" lon="16.5534373">
    <ele>8</ele>
    <time>2026-08-07T07:23:07Z</time>
    <extensions>
     <gpxdata:distance>3753.50</gpxdata:distance>
     <gpxdata:speed>2.039</gpxdata:speed>
    </extensions>
   </trkpt>
   <trkpt lat="43.3843824" lon="16.5534344">
    <ele>8</ele>
    <time>2026-08-07T07:23:08Z</time>
    <extensions>
     <gpxdata:distance>3755.00</gpxdata:distance>
     <gpxdata:speed>1.914</gpxdata:speed>
    </extensions>
   </trkpt>
   <trkpt lat="43.3843954" lon="16.5534317">
    <ele>8</ele>
    <time>2026-08-07T07:23:09Z</time>
    <extensions>
     <gpxdata:distance>3757.00</gpxdata:distance>
     <gpxdata:speed>1.750</gpxdata:speed>
    </extensions>
   </trkpt>
   <trkpt lat="43.3844098" lon="16.5534296">
    <ele>8</ele>
    <time>2026-08-07T07:23:10Z</time>
    <extensions>
     <gpxdata:distance>3759.00</gpxdata:distance>
     <gpxdata:speed>1.728</gpxdata:speed>
    </extensions>
   </trkpt>
   <trkpt lat="43.3844255" lon="16.5534277">
    <ele>8</ele>
    <time>2026-08-07T07:23:11Z</time>
    <extensions>
     <gpxdata:distance>3761.00</gpxdata:distance>
     <gpxdata:speed>1.775</gpxdata:speed>
    </extensions>
   </trkpt>
   <trkpt lat="43.3844419" lon="16.5534253">
    <ele>8</ele>
    <time>2026-08-07T07:23:12Z</time>
    <extensions>
     <gpxdata:distance>3763.00</gpxdata:distance>
     <gpxdata:speed>1.856</gpxdata:speed>
    </extensions>
   </trkpt>
   <trkpt lat="43.3844592" lon="16.5534212">
    <ele>7</ele>
    <time>2026-08-07T07:23:13Z</time>
    <extensions>
     <gpxdata:distance>3765.00</gpxdata:distance>
     <gpxdata:speed>1.892</gpxdata:speed>
    </extensions>
   </trkpt>
   <trkpt lat="43.3844767" lon="16.5534161">
    <ele>8</ele>
    <time>2026-08-07T07:23:14Z</time>
    <extensions>
     <gpxdata:distance>3767.00</gpxdata:distance>
     <gpxdata:speed>1.986</gpxdata:speed>
    </extensions>
   </trkpt>
   <trkpt lat="43.3845004" lon="16.5534085">
    <ele>8</ele>
    <time>2026-08-07T07:23:15Z</time>
    <extensions>
     <gpxdata:distance>3769.00</gpxdata:distance>
     <gpxdata:speed>2.008</gpxdata:speed>
    </extensions>
   </trkpt>
   <trkpt lat="43.3845199" lon="16.5534030">
    <ele>8</ele>
    <time>2026-08-07T07:23:16Z</time>
    <extensions>
     <gpxdata:distance>3771.00</gpxdata:distance>
     <gpxdata:speed>2.006</gpxdata:speed>
    </extensions>
   </trkpt>
   <trkpt lat="43.3845327" lon="16.5533994">
    <ele>8</ele>
    <time>2026-08-07T07:23:17Z</time>
    <extensions>
     <gpxdata:distance>3772.50</gpxdata:distance>
     <gpxdata:speed>1.972</gpxdata:speed>
    </extensions>
   </trkpt>
   <trkpt lat="43.3845466" lon="16.5533951">
    <ele>8</ele>
    <time>2026-08-07T07:23:18Z</time>
    <extensions>
     <gpxdata:distance>3774.00</gpxdata:distance>
     <gpxdata:speed>1.942</gpxdata:speed>
    </extensions>
   </trkpt>
   <trkpt lat="43.3845605" lon="16.5533901">
    <ele>8</ele>
    <time>2026-08-07T07:23:19Z</time>
    <extensions>
     <gpxdata:distance>3775.50</gpxdata:distance>
     <gpxdata:speed>1.861</gpxdata:speed>
    </extensions>
   </trkpt>
   <trkpt lat="43.3845736" lon="16.5533837">
    <ele>8</ele>
    <time>2026-08-07T07:23:20Z</time>
    <extensions>
     <gpxdata:distance>3777.00</gpxdata:distance>
     <gpxdata:speed>1.750</gpxdata:speed>
    </extensions>
   </trkpt>
   <trkpt lat="43.3845859" lon="16.5533750">
    <ele>8</ele>
    <time>2026-08-07T07:23:21Z</time>
    <extensions>
     <gpxdata:distance>3778.50</gpxdata:distance>
     <gpxdata:speed>1.664</gpxdata:speed>
    </extensions>
   </trkpt>
   <trkpt lat="43.3845972" lon="16.5533638">
    <ele>8</ele>
    <time>2026-08-07T07:23:22Z</time>
    <extensions>
     <gpxdata:distance>3780.00</gpxdata:distance>
     <gpxdata:speed>1.633</gpxdata:speed>
    </extensions>
   </trkpt>
   <trkpt lat="43.3846064" lon="16.5533500">
    <ele>8</ele>
    <time>2026-08-07T07:23:23Z</time>
    <extensions>
     <gpxdata:distance>3781.50</gpxdata:distance>
     <gpxdata:speed>1.636</gpxdata:speed>
    </extensions>
   </trkpt>
   <trkpt lat="43.3846127" lon="16.5533340">
    <ele>8</ele>
    <time>2026-08-07T07:23:24Z</time>
    <extensions>
     <gpxdata:distance>3783.00</gpxdata:distance>
     <gpxdata:speed>1.631</gpxdata:speed>
    </extensions>
   </trkpt>
   <trkpt lat="43.3846166" lon="16.5533160">
    <ele>8</ele>
    <time>2026-08-07T07:23:25Z</time>
    <extensions>
     <gpxdata:distance>3784.50</gpxdata:distance>
     <gpxdata:speed>1.644</gpxdata:speed>
    </extensions>
   </trkpt>
   <trkpt lat="43.3846186" lon="16.5532967">
    <ele>8</ele>
    <time>2026-08-07T07:23:26Z</time>
    <extensions>
     <gpxdata:distance>3786.00</gpxdata:distance>
     <gpxdata:speed>1.681</gpxdata:speed>
    </extensions>
   </trkpt>
   <trkpt lat="43.3846197" lon="16.5532765">
    <ele>8</ele>
    <time>2026-08-07T07:23:27Z</time>
    <extensions>
     <gpxdata:distance>3788.00</gpxdata:distance>
     <gpxdata:speed>1.708</gpxdata:speed>
    </extensions>
   </trkpt>
   <trkpt lat="43.3846214" lon="16.5532559">
    <ele>8</ele>
    <time>2026-08-07T07:23:28Z</time>
    <extensions>
     <gpxdata:distance>3790.00</gpxdata:distance>
     <gpxdata:speed>1.728</gpxdata:speed>
    </extensions>
   </trkpt>
   <trkpt lat="43.3846241" lon="16.5532351">
    <ele>8</ele>
    <time>2026-08-07T07:23:29Z</time>
    <extensions>
     <gpxdata:distance>3791.50</gpxdata:distance>
     <gpxdata:speed>1.744</gpxdata:speed>
    </extensions>
   </trkpt>
   <trkpt lat="43.3846273" lon="16.5532140">
    <ele>8</ele>
    <time>2026-08-07T07:23:30Z</time>
    <extensions>
     <gpxdata:distance>3793.00</gpxdata:distance>
     <gpxdata:speed>1.764</gpxdata:speed>
    </extensions>
   </trkpt>
   <trkpt lat="43.3846305" lon="16.5531925">
    <ele>8</ele>
    <time>2026-08-07T07:23:31Z</time>
    <extensions>
     <gpxdata:distance>3795.00</gpxdata:distance>
     <gpxdata:speed>1.789</gpxdata:speed>
    </extensions>
   </trkpt>
   <trkpt lat="43.3846335" lon="16.5531711">
    <ele>8</ele>
    <time>2026-08-07T07:23:32Z</time>
    <extensions>
     <gpxdata:distance>3797.00</gpxdata:distance>
     <gpxdata:speed>1.803</gpxdata:speed>
    </extensions>
   </trkpt>
   <trkpt lat="43.3846363" lon="16.5531498">
    <ele>8</ele>
    <time>2026-08-07T07:23:33Z</time>
    <extensions>
     <gpxdata:distance>3798.50</gpxdata:distance>
     <gpxdata:speed>1.786</gpxdata:speed>
    </extensions>
   </trkpt>
   <trkpt lat="43.3846391" lon="16.5531278">
    <ele>8</ele>
    <time>2026-08-07T07:23:34Z</time>
    <extensions>
     <gpxdata:distance>3800.00</gpxdata:distance>
     <gpxdata:speed>1.775</gpxdata:speed>
    </extensions>
   </trkpt>
   <trkpt lat="43.3846420" lon="16.5531045">
    <ele>8</ele>
    <time>2026-08-07T07:23:35Z</time>
    <extensions>
     <gpxdata:distance>3802.50</gpxdata:distance>
     <gpxdata:speed>1.817</gpxdata:speed>
    </extensions>
   </trkpt>
   <trkpt lat="43.3846452" lon="16.5530803">
    <ele>8</ele>
    <time>2026-08-07T07:23:36Z</time>
    <extensions>
     <gpxdata:distance>3805.00</gpxdata:distance>
     <gpxdata:speed>1.906</gpxdata:speed>
    </extensions>
   </trkpt>
   <trkpt lat="43.3846485" lon="16.5530555">
    <ele>8</ele>
    <time>2026-08-07T07:23:37Z</time>
    <extensions>
     <gpxdata:distance>3807.00</gpxdata:distance>
     <gpxdata:speed>1.978</gpxdata:speed>
    </extensions>
   </trkpt>
   <trkpt lat="43.3846529" lon="16.5530208">
    <ele>8</ele>
    <time>2026-08-07T07:23:38Z</time>
    <extensions>
     <gpxdata:distance>3809.00</gpxdata:distance>
     <gpxdata:speed>2.028</gpxdata:speed>
    </extensions>
   </trkpt>
   <trkpt lat="43.3846562" lon="16.5529906">
    <ele>8</ele>
    <time>2026-08-07T07:23:39Z</time>
    <extensions>
     <gpxdata:distance>3811.50</gpxdata:distance>
     <gpxdata:speed>2.092</gpxdata:speed>
    </extensions>
   </trkpt>
   <trkpt lat="43.3846592" lon="16.5529615">
    <ele>8</ele>
    <time>2026-08-07T07:23:40Z</time>
    <extensions>
     <gpxdata:distance>3814.00</gpxdata:distance>
     <gpxdata:speed>2.164</gpxdata:speed>
    </extensions>
   </trkpt>
   <trkpt lat="43.3846621" lon="16.5529327">
    <ele>8</ele>
    <time>2026-08-07T07:23:41Z</time>
    <extensions>
     <gpxdata:distance>3816.00</gpxdata:distance>
     <gpxdata:speed>2.231</gpxdata:speed>
    </extensions>
   </trkpt>
   <trkpt lat="43.3846646" lon="16.5529042">
    <ele>8</ele>
    <time>2026-08-07T07:23:42Z</time>
    <extensions>
     <gpxdata:distance>3818.00</gpxdata:distance>
     <gpxdata:speed>2.281</gpxdata:speed>
    </extensions>
   </trkpt>
   <trkpt lat="43.3846667" lon="16.5528758">
    <ele>8</ele>
    <time>2026-08-07T07:23:43Z</time>
    <extensions>
     <gpxdata:distance>3820.50</gpxdata:distance>
     <gpxdata:speed>2.289</gpxdata:speed>
    </extensions>
   </trkpt>
   <trkpt lat="43.3846682" lon="16.5528475">
    <ele>8</ele>
    <time>2026-08-07T07:23:44Z</time>
    <extensions>
     <gpxdata:distance>3823.00</gpxdata:distance>
     <gpxdata:speed>2.300</gpxdata:speed>
    </extensions>
   </trkpt>
   <trkpt lat="43.3846689" lon="16.5528196">
    <ele>8</ele>
    <time>2026-08-07T07:23:45Z</time>
    <extensions>
     <gpxdata:distance>3825.00</gpxdata:distance>
     <gpxdata:speed>2.303</gpxdata:speed>
    </extensions>
   </trkpt>
   <trkpt lat="43.3846694" lon="16.5527918">
    <ele>8</ele>
    <time>2026-08-07T07:23:46Z</time>
    <extensions>
     <gpxdata:distance>3827.00</gpxdata:distance>
     <gpxdata:speed>2.272</gpxdata:speed>
    </extensions>
   </trkpt>
   <trkpt lat="43.3846707" lon="16.5527637">
    <ele>8</ele>
    <time>2026-08-07T07:23:47Z</time>
    <extensions>
     <gpxdata:distance>3829.50</gpxdata:distance>
     <gpxdata:speed>2.264</gpxdata:speed>
    </extensions>
   </trkpt>
   <trkpt lat="43.3846729" lon="16.5527345">
    <ele>8</ele>
    <time>2026-08-07T07:23:48Z</time>
    <extensions>
     <gpxdata:distance>3832.00</gpxdata:distance>
     <gpxdata:speed>2.289</gpxdata:speed>
    </extensions>
   </trkpt>
   <trkpt lat="43.3846755" lon="16.5527042">
    <ele>8</ele>
    <time>2026-08-07T07:23:49Z</time>
    <extensions>
     <gpxdata:distance>3834.50</gpxdata:distance>
     <gpxdata:speed>2.356</gpxdata:speed>
    </extensions>
   </trkpt>
   <trkpt lat="43.3846778" lon="16.5526732">
    <ele>8</ele>
    <time>2026-08-07T07:23:50Z</time>
    <extensions>
     <gpxdata:distance>3837.00</gpxdata:distance>
     <gpxdata:speed>2.428</gpxdata:speed>
    </extensions>
   </trkpt>
   <trkpt lat="43.3846799" lon="16.5526415">
    <ele>8</ele>
    <time>2026-08-07T07:23:51Z</time>
    <extensions>
     <gpxdata:distance>3839.50</gpxdata:distance>
     <gpxdata:speed>2.486</gpxdata:speed>
    </extensions>
   </trkpt>
   <trkpt lat="43.3846816" lon="16.5526092">
    <ele>8</ele>
    <time>2026-08-07T07:23:52Z</time>
    <extensions>
     <gpxdata:distance>3842.00</gpxdata:distance>
     <gpxdata:speed>2.536</gpxdata:speed>
    </extensions>
   </trkpt>
   <trkpt lat="43.3846827" lon="16.5525765">
    <ele>8</ele>
    <time>2026-08-07T07:23:53Z</time>
    <extensions>
     <gpxdata:distance>3845.00</gpxdata:distance>
     <gpxdata:speed>2.586</gpxdata:speed>
    </extensions>
   </trkpt>
   <trkpt lat="43.3846835" lon="16.5525430">
    <ele>8</ele>
    <time>2026-08-07T07:23:54Z</time>
    <extensions>
     <gpxdata:distance>3848.00</gpxdata:distance>
     <gpxdata:speed>2.619</gpxdata:speed>
    </extensions>
   </trkpt>
   <trkpt lat="43.3846839" lon="16.5525080">
    <ele>8</ele>
    <time>2026-08-07T07:23:55Z</time>
    <extensions>
     <gpxdata:distance>3851.00</gpxdata:distance>
     <gpxdata:speed>2.675</gpxdata:speed>
    </extensions>
   </trkpt>
   <trkpt lat="43.3846846" lon="16.5524717">
    <ele>8</ele>
    <time>2026-08-07T07:23:56Z</time>
    <extensions>
     <gpxdata:distance>3854.00</gpxdata:distance>
     <gpxdata:speed>2.778</gpxdata:speed>
    </extensions>
   </trkpt>
   <trkpt lat="43.3846860" lon="16.5524345">
    <ele>8</ele>
    <time>2026-08-07T07:23:57Z</time>
    <extensions>
     <gpxdata:distance>3857.00</gpxdata:distance>
     <gpxdata:speed>2.872</gpxdata:speed>
    </extensions>
   </trkpt>
   <trkpt lat="43.3846882" lon="16.5523969">
    <ele>8</ele>
    <time>2026-08-07T07:23:58Z</time>
    <extensions>
     <gpxdata:distance>3860.00</gpxdata:distance>
     <gpxdata:speed>2.956</gpxdata:speed>
    </extensions>
   </trkpt>
   <trkpt lat="43.3846928" lon="16.5523360">
    <ele>8</ele>
    <time>2026-08-07T07:23:59Z</time>
    <extensions>
     <gpxdata:distance>3863.00</gpxdata:distance>
     <gpxdata:speed>3.006</gpxdata:speed>
    </extensions>
   </trkpt>
   <trkpt lat="43.3846960" lon="16.5522943">
    <ele>8</ele>
    <time>2026-08-07T07:24:00Z</time>
    <extensions>
     <gpxdata:distance>3866.00</gpxdata:distance>
     <gpxdata:speed>3.028</gpxdata:speed>
    </extensions>
   </trkpt>
   <trkpt lat="43.3846985" lon="16.5522567">
    <ele>8</ele>
    <time>2026-08-07T07:24:01Z</time>
    <extensions>
     <gpxdata:distance>3869.00</gpxdata:distance>
     <gpxdata:speed>3.017</gpxdata:speed>
    </extensions>
   </trkpt>
   <trkpt lat="43.3846997" lon="16.5522357">
    <ele>8</ele>
    <time>2026-08-07T07:24:02Z</time>
    <extensions>
     <gpxdata:distance>3872.00</gpxdata:distance>
     <gpxdata:speed>2.997</gpxdata:speed>
    </extensions>
   </trkpt>
   <trkpt lat="43.3847013" lon="16.5522066">
    <ele>8</ele>
    <time>2026-08-07T07:24:03Z</time>
    <extensions>
     <gpxdata:distance>3875.00</gpxdata:distance>
     <gpxdata:speed>2.981</gpxdata:speed>
    </extensions>
   </trkpt>
   <trkpt lat="43.3847033" lon="16.5521731">
    <ele>8</ele>
    <time>2026-08-07T07:24:04Z</time>
    <extensions>
     <gpxdata:distance>3878.00</gpxdata:distance>
     <gpxdata:speed>2.983</gpxdata:speed>
    </extensions>
   </trkpt>
   <trkpt lat="43.3847056" lon="16.5521374">
    <ele>8</ele>
    <time>2026-08-07T07:24:05Z</time>
    <extensions>
     <gpxdata:distance>3881.00</gpxdata:distance>
     <gpxdata:speed>2.997</gpxdata:speed>
    </extensions>
   </trkpt>
   <trkpt lat="43.3847099" lon="16.5520775">
    <ele>8</ele>
    <time>2026-08-07T07:24:06Z</time>
    <extensions>
     <gpxdata:distance>3884.00</gpxdata:distance>
     <gpxdata:speed>3.014</gpxdata:speed>
    </extensions>
   </trkpt>
   <trkpt lat="43.3847134" lon="16.5520352">
    <ele>8</ele>
    <time>2026-08-07T07:24:07Z</time>
    <extensions>
     <gpxdata:distance>3887.00</gpxdata:distance>
     <gpxdata:speed>3.031</gpxdata:speed>
    </extensions>
   </trkpt>
   <trkpt lat="43.3847169" lon="16.5519956">
    <ele>8</ele>
    <time>2026-08-07T07:24:08Z</time>
    <extensions>
     <gpxdata:distance>3890.00</gpxdata:distance>
     <gpxdata:speed>3.053</gpxdata:speed>
    </extensions>
   </trkpt>
   <trkpt lat="43.3847201" lon="16.5519565">
    <ele>8</ele>
    <time>2026-08-07T07:24:09Z</time>
    <extensions>
     <gpxdata:distance>3893.50</gpxdata:distance>
     <gpxdata:speed>3.094</gpxdata:speed>
    </extensions>
   </trkpt>
   <trkpt lat="43.3847229" lon="16.5519180">
    <ele>8</ele>
    <time>2026-08-07T07:24:10Z</time>
    <extensions>
     <gpxdata:distance>3897.00</gpxdata:distance>
     <gpxdata:speed>3.119</gpxdata:speed>
    </extensions>
   </trkpt>
   <trkpt lat="43.3847263" lon="16.5518799">
    <ele>8</ele>
    <time>2026-08-07T07:24:11Z</time>
    <extensions>
     <gpxdata:distance>3900.00</gpxdata:distance>
     <gpxdata:speed>3.114</gpxdata:speed>
    </extensions>
   </trkpt>
   <trkpt lat="43.3847309" lon="16.5518417">
    <ele>8</ele>
    <time>2026-08-07T07:24:12Z</time>
    <extensions>
     <gpxdata:distance>3903.00</gpxdata:distance>
     <gpxdata:speed>3.106</gpxdata:speed>
    </extensions>
   </trkpt>
   <trkpt lat="43.3847357" lon="16.5518034">
    <ele>8</ele>
    <time>2026-08-07T07:24:13Z</time>
    <extensions>
     <gpxdata:distance>3906.00</gpxdata:distance>
     <gpxdata:speed>3.128</gpxdata:speed>
    </extensions>
   </trkpt>
   <trkpt lat="43.3847394" lon="16.5517647">
    <ele>8</ele>
    <time>2026-08-07T07:24:14Z</time>
    <extensions>
     <gpxdata:distance>3909.00</gpxdata:distance>
     <gpxdata:speed>3.133</gpxdata:speed>
    </extensions>
   </trkpt>
   <trkpt lat="43.3847421" lon="16.5517258">
    <ele>8</ele>
    <time>2026-08-07T07:24:15Z</time>
    <extensions>
     <gpxdata:distance>3912.00</gpxdata:distance>
     <gpxdata:speed>3.147</gpxdata:speed>
    </extensions>
   </trkpt>
   <trkpt lat="43.3847444" lon="16.5516865">
    <ele>8</ele>
    <time>2026-08-07T07:24:16Z</time>
    <extensions>
     <gpxdata:distance>3915.00</gpxdata:distance>
     <gpxdata:speed>3.153</gpxdata:speed>
    </extensions>
   </trkpt>
   <trkpt lat="43.3847473" lon="16.5516466">
    <ele>8</ele>
    <time>2026-08-07T07:24:17Z</time>
    <extensions>
     <gpxdata:distance>3918.50</gpxdata:distance>
     <gpxdata:speed>3.172</gpxdata:speed>
    </extensions>
   </trkpt>
   <trkpt lat="43.3847507" lon="16.5516065">
    <ele>8</ele>
    <time>2026-08-07T07:24:18Z</time>
    <extensions>
     <gpxdata:distance>3922.00</gpxdata:distance>
     <gpxdata:speed>3.206</gpxdata:speed>
    </extensions>
   </trkpt>
   <trkpt lat="43.3847544" lon="16.5515664">
    <ele>8</ele>
    <time>2026-08-07T07:24:19Z</time>
    <extensions>
     <gpxdata:distance>3925.00</gpxdata:distance>
     <gpxdata:speed>3.228</gpxdata:speed>
    </extensions>
   </trkpt>
   <trkpt lat="43.3847577" lon="16.5515262">
    <ele>8</ele>
    <time>2026-08-07T07:24:20Z</time>
    <extensions>
     <gpxdata:distance>3928.00</gpxdata:distance>
     <gpxdata:speed>3.242</gpxdata:speed>
    </extensions>
   </trkpt>
   <trkpt lat="43.3847606" lon="16.5514862">
    <ele>8</ele>
    <time>2026-08-07T07:24:21Z</time>
    <extensions>
     <gpxdata:distance>3931.50</gpxdata:distance>
     <gpxdata:speed>3.256</gpxdata:speed>
    </extensions>
   </trkpt>
   <trkpt lat="43.3847630" lon="16.5514467">
    <ele>8</ele>
    <time>2026-08-07T07:24:22Z</time>
    <extensions>
     <gpxdata:distance>3935.00</gpxdata:distance>
     <gpxdata:speed>3.250</gpxdata:speed>
    </extensions>
   </trkpt>
   <trkpt lat="43.3847650" lon="16.5514078">
    <ele>8</ele>
    <time>2026-08-07T07:24:23Z</time>
    <extensions>
     <gpxdata:distance>3938.00</gpxdata:distance>
     <gpxdata:speed>3.228</gpxdata:speed>
    </extensions>
   </trkpt>
   <trkpt lat="43.3847671" lon="16.5513694">
    <ele>8</ele>
    <time>2026-08-07T07:24:24Z</time>
    <extensions>
     <gpxdata:distance>3941.00</gpxdata:distance>
     <gpxdata:speed>3.192</gpxdata:speed>
    </extensions>
   </trkpt>
   <trkpt lat="43.3847699" lon="16.5513316">
    <ele>8</ele>
    <time>2026-08-07T07:24:25Z</time>
    <extensions>
     <gpxdata:distance>3944.00</gpxdata:distance>
     <gpxdata:speed>3.164</gpxdata:speed>
    </extensions>
   </trkpt>
   <trkpt lat="43.3847740" lon="16.5512943">
    <ele>8</ele>
    <time>2026-08-07T07:24:26Z</time>
    <extensions>
     <gpxdata:distance>3947.00</gpxdata:distance>
     <gpxdata:speed>3.128</gpxdata:speed>
    </extensions>
   </trkpt>
   <trkpt lat="43.3847790" lon="16.5512582">
    <ele>8</ele>
    <time>2026-08-07T07:24:27Z</time>
    <extensions>
     <gpxdata:distance>3950.00</gpxdata:distance>
     <gpxdata:speed>3.106</gpxdata:speed>
    </extensions>
   </trkpt>
   <trkpt lat="43.3847847" lon="16.5512233">
    <ele>8</ele>
    <time>2026-08-07T07:24:28Z</time>
    <extensions>
     <gpxdata:distance>3953.00</gpxdata:distance>
     <gpxdata:speed>3.044</gpxdata:speed>
    </extensions>
   </trkpt>
   <trkpt lat="43.3847880" lon="16.5512040">
    <ele>8</ele>
    <time>2026-08-07T07:24:29Z</time>
    <extensions>
     <gpxdata:distance>3956.00</gpxdata:distance>
     <gpxdata:speed>2.981</gpxdata:speed>
    </extensions>
   </trkpt>
   <trkpt lat="43.3847926" lon="16.5511784">
    <ele>8</ele>
    <time>2026-08-07T07:24:30Z</time>
    <extensions>
     <gpxdata:distance>3959.00</gpxdata:distance>
     <gpxdata:speed>2.914</gpxdata:speed>
    </extensions>
   </trkpt>
   <trkpt lat="43.3847985" lon="16.5511511">
    <ele>8</ele>
    <time>2026-08-07T07:24:31Z</time>
    <extensions>
     <gpxdata:distance>3961.00</gpxdata:distance>
     <gpxdata:speed>2.803</gpxdata:speed>
    </extensions>
   </trkpt>
   <trkpt lat="43.3848055" lon="16.5511244">
    <ele>8</ele>
    <time>2026-08-07T07:24:32Z</time>
    <extensions>
     <gpxdata:distance>3963.00</gpxdata:distance>
     <gpxdata:speed>2.661</gpxdata:speed>
    </extensions>
   </trkpt>
   <trkpt lat="43.3848129" lon="16.5510982">
    <ele>8</ele>
    <time>2026-08-07T07:24:33Z</time>
    <extensions>
     <gpxdata:distance>3965.50</gpxdata:distance>
     <gpxdata:speed>2.522</gpxdata:speed>
    </extensions>
   </trkpt>
   <trkpt lat="43.3848197" lon="16.5510721">
    <ele>8</ele>
    <time>2026-08-07T07:24:34Z</time>
    <extensions>
     <gpxdata:distance>3968.00</gpxdata:distance>
     <gpxdata:speed>2.417</gpxdata:speed>
    </extensions>
   </trkpt>
   <trkpt lat="43.3848251" lon="16.5510459">
    <ele>8</ele>
    <time>2026-08-07T07:24:35Z</time>
    <extensions>
     <gpxdata:distance>3970.00</gpxdata:distance>
     <gpxdata:speed>2.344</gpxdata:speed>
    </extensions>
   </trkpt>
   <trkpt lat="43.3848282" lon="16.5510195">
    <ele>8</ele>
    <time>2026-08-07T07:24:36Z</time>
    <extensions>
     <gpxdata:distance>3972.00</gpxdata:distance>
     <gpxdata:speed>2.289</gpxdata:speed>
    </extensions>
   </trkpt>
   <trkpt lat="43.3848289" lon="16.5509933">
    <ele>8</ele>
    <time>2026-08-07T07:24:37Z</time>
    <extensions>
     <gpxdata:distance>3974.00</gpxdata:distance>
     <gpxdata:speed>2.239</gpxdata:speed>
    </extensions>
   </trkpt>
   <trkpt lat="43.3848299" lon="16.5509676">
    <ele>8</ele>
    <time>2026-08-07T07:24:38Z</time>
    <extensions>
     <gpxdata:distance>3976.00</gpxdata:distance>
     <gpxdata:speed>2.203</gpxdata:speed>
    </extensions>
   </trkpt>
   <trkpt lat="43.3848338" lon="16.5509461">
    <ele>8</ele>
    <time>2026-08-07T07:24:39Z</time>
    <extensions>
     <gpxdata:distance>3977.50</gpxdata:distance>
     <gpxdata:speed>2.150</gpxdata:speed>
    </extensions>
   </trkpt>
   <trkpt lat="43.3848383" lon="16.5509382">
    <ele>8</ele>
    <time>2026-08-07T07:24:40Z</time>
    <extensions>
     <gpxdata:distance>3979.00</gpxdata:distance>
     <gpxdata:speed>2.011</gpxdata:speed>
    </extensions>
   </trkpt>
   <trkpt lat="43.3848445" lon="16.5509396">
    <ele>8</ele>
    <time>2026-08-07T07:24:41Z</time>
    <extensions>
     <gpxdata:distance>3979.00</gpxdata:distance>
     <gpxdata:speed>1.869</gpxdata:speed>
    </extensions>
   </trkpt>
   <trkpt lat="43.3848462" lon="16.5509522">
    <ele>8</ele>
    <time>2026-08-07T07:24:42Z</time>
    <extensions>
     <gpxdata:distance>3979.00</gpxdata:distance>
     <gpxdata:speed>1.869</gpxdata:speed>
    </extensions>
   </trkpt>
   <trkpt lat="43.3848432" lon="16.5509716">
    <ele>8</ele>
    <time>2026-08-07T07:24:43Z</time>
    <extensions>
     <gpxdata:distance>3981.50</gpxdata:distance>
     <gpxdata:speed>2.033</gpxdata:speed>
    </extensions>
   </trkpt>
   <trkpt lat="43.3848365" lon="16.5509951">
    <ele>8</ele>
    <time>2026-08-07T07:24:44Z</time>
    <extensions>
     <gpxdata:distance>3984.00</gpxdata:distance>
     <gpxdata:speed>2.178</gpxdata:speed>
    </extensions>
   </trkpt>
   <trkpt lat="43.3848274" lon="16.5510207">
    <ele>8</ele>
    <time>2026-08-07T07:24:45Z</time>
    <extensions>
     <gpxdata:distance>3986.50</gpxdata:distance>
     <gpxdata:speed>2.331</gpxdata:speed>
    </extensions>
   </trkpt>
   <trkpt lat="43.3848177" lon="16.5510483">
    <ele>8</ele>
    <time>2026-08-07T07:24:46Z</time>
    <extensions>
     <gpxdata:distance>3989.00</gpxdata:distance>
     <gpxdata:speed>2.436</gpxdata:speed>
    </extensions>
   </trkpt>
   <trkpt lat="43.3848081" lon="16.5510781">
    <ele>8</ele>
    <time>2026-08-07T07:24:47Z</time>
    <extensions>
     <gpxdata:distance>3992.00</gpxdata:distance>
     <gpxdata:speed>2.536</gpxdata:speed>
    </extensions>
   </trkpt>
   <trkpt lat="43.3847991" lon="16.5511099">
    <ele>8</ele>
    <time>2026-08-07T07:24:48Z</time>
    <extensions>
     <gpxdata:distance>3995.00</gpxdata:distance>
     <gpxdata:speed>2.644</gpxdata:speed>
    </extensions>
   </trkpt>
   <trkpt lat="43.3847912" lon="16.5511434">
    <ele>8</ele>
    <time>2026-08-07T07:24:49Z</time>
    <extensions>
     <gpxdata:distance>3998.00</gpxdata:distance>
     <gpxdata:speed>2.747</gpxdata:speed>
    </extensions>
   </trkpt>
   <trkpt lat="43.3847847" lon="16.5511796">
    <ele>8</ele>
    <time>2026-08-07T07:24:50Z</time>
    <extensions>
     <gpxdata:distance>4001.00</gpxdata:distance>
     <gpxdata:speed>2.839</gpxdata:speed>
    </extensions>
   </trkpt>
   <trkpt lat="43.3847803" lon="16.5512190">
    <ele>8</ele>
    <time>2026-08-07T07:24:51Z</time>
    <extensions>
     <gpxdata:distance>4004.50</gpxdata:distance>
     <gpxdata:speed>2.978</gpxdata:speed>
    </extensions>
   </trkpt>
   <trkpt lat="43.3847745" lon="16.5512884">
    <ele>8</ele>
    <time>2026-08-07T07:24:52Z</time>
    <extensions>
     <gpxdata:distance>4008.00</gpxdata:distance>
     <gpxdata:speed>3.167</gpxdata:speed>
    </extensions>
   </trkpt>
   <trkpt lat="43.3847718" lon="16.5513416">
    <ele>8</ele>
    <time>2026-08-07T07:24:53Z</time>
    <extensions>
     <gpxdata:distance>4012.00</gpxdata:distance>
     <gpxdata:speed>3.661</gpxdata:speed>
    </extensions>
   </trkpt>
   <trkpt lat="43.3847698" lon="16.5513963">
    <ele>8</ele>
    <time>2026-08-07T07:24:54Z</time>
    <extensions>
     <gpxdata:distance>4016.00</gpxdata:distance>
     <gpxdata:speed>3.969</gpxdata:speed>
    </extensions>
   </trkpt>
   <trkpt lat="43.3847657" lon="16.5514564">
    <ele>8</ele>
    <time>2026-08-07T07:24:55Z</time>
    <extensions>
     <gpxdata:distance>4021.00</gpxdata:distance>
     <gpxdata:speed>4.394</gpxdata:speed>
    </extensions>
   </trkpt>
   <trkpt lat="43.3847584" lon="16.5515217">
    <ele>8</ele>
    <time>2026-08-07T07:24:56Z</time>
    <extensions>
     <gpxdata:distance>4026.00</gpxdata:distance>
     <gpxdata:speed>4.897</gpxdata:speed>
    </extensions>
   </trkpt>
   <trkpt lat="43.3847490" lon="16.5515920">
    <ele>8</ele>
    <time>2026-08-07T07:24:57Z</time>
    <extensions>
     <gpxdata:distance>4032.00</gpxdata:distance>
     <gpxdata:speed>5.358</gpxdata:speed>
    </extensions>
   </trkpt>
   <trkpt lat="43.3847395" lon="16.5516662">
    <ele>8</ele>
    <time>2026-08-07T07:24:58Z</time>
    <extensions>
     <gpxdata:distance>4038.00</gpxdata:distance>
     <gpxdata:speed>5.758</gpxdata:speed>
    </extensions>
   </trkpt>
   <trkpt lat="43.3847280" lon="16.5517691">
    <ele>8</ele>
    <time>2026-08-07T07:24:59Z</time>
    <extensions>
     <gpxdata:distance>4044.50</gpxdata:distance>
     <gpxdata:speed>6.033</gpxdata:speed>
    </extensions>
   </trkpt>
   <trkpt lat="43.3847200" lon="16.5518518">
    <ele>8</ele>
    <time>2026-08-07T07:25:00Z</time>
    <extensions>
     <gpxdata:distance>4051.00</gpxdata:distance>
     <gpxdata:speed>6.267</gpxdata:speed>
    </extensions>
   </trkpt>
   <trkpt lat="43.3847127" lon="16.5519321">
    <ele>8</ele>
    <time>2026-08-07T07:25:01Z</time>
    <extensions>
     <gpxdata:distance>4057.50</gpxdata:distance>
     <gpxdata:speed>6.400</gpxdata:speed>
    </extensions>
   </trkpt>
   <trkpt lat="43.3847060" lon="16.5520115">
    <ele>8</ele>
    <time>2026-08-07T07:25:02Z</time>
    <extensions>
     <gpxdata:distance>4064.00</gpxdata:distance>
     <gpxdata:speed>6.439</gpxdata:speed>
    </extensions>
   </trkpt>
   <trkpt lat="43.3847005" lon="16.5520896">
    <ele>8</ele>
    <time>2026-08-07T07:25:03Z</time>
    <extensions>
     <gpxdata:distance>4070.50</gpxdata:distance>
     <gpxdata:speed>6.422</gpxdata:speed>
    </extensions>
   </trkpt>
   <trkpt lat="43.3846958" lon="16.5521655">
    <ele>8</ele>
    <time>2026-08-07T07:25:04Z</time>
    <extensions>
     <gpxdata:distance>4077.00</gpxdata:distance>
     <gpxdata:speed>6.322</gpxdata:speed>
    </extensions>
   </trkpt>
   <trkpt lat="43.3846908" lon="16.5522383">
    <ele>8</ele>
    <time>2026-08-07T07:25:05Z</time>
    <extensions>
     <gpxdata:distance>4082.50</gpxdata:distance>
     <gpxdata:speed>6.275</gpxdata:speed>
    </extensions>
   </trkpt>
   <trkpt lat="43.3846847" lon="16.5523076">
    <ele>8</ele>
    <time>2026-08-07T07:25:06Z</time>
    <extensions>
     <gpxdata:distance>4088.00</gpxdata:distance>
     <gpxdata:speed>6.136</gpxdata:speed>
    </extensions>
   </trkpt>
   <trkpt lat="43.3846799" lon="16.5523554">
    <ele>8</ele>
    <time>2026-08-07T07:25:07Z</time>
    <extensions>
     <gpxdata:distance>4093.50</gpxdata:distance>
     <gpxdata:speed>5.964</gpxdata:speed>
    </extensions>
   </trkpt>
   <trkpt lat="43.3846742" lon="16.5524142">
    <ele>8</ele>
    <time>2026-08-07T07:25:08Z</time>
    <extensions>
     <gpxdata:distance>4099.00</gpxdata:distance>
     <gpxdata:speed>5.522</gpxdata:speed>
    </extensions>
   </trkpt>
   <trkpt lat="43.3846686" lon="16.5524750">
    <ele>8</ele>
    <time>2026-08-07T07:25:09Z</time>
    <extensions>
     <gpxdata:distance>4104.00</gpxdata:distance>
     <gpxdata:speed>5.297</gpxdata:speed>
    </extensions>
   </trkpt>
   <trkpt lat="43.3846635" lon="16.5525351">
    <ele>8</ele>
    <time>2026-08-07T07:25:10Z</time>
    <extensions>
     <gpxdata:distance>4109.00</gpxdata:distance>
     <gpxdata:speed>5.122</gpxdata:speed>
    </extensions>
   </trkpt>
   <trkpt lat="43.3846595" lon="16.5525938">
    <ele>8</ele>
    <time>2026-08-07T07:25:11Z</time>
    <extensions>
     <gpxdata:distance>4114.00</gpxdata:distance>
     <gpxdata:speed>4.958</gpxdata:speed>
    </extensions>
   </trkpt>
   <trkpt lat="43.3846561" lon="16.5526512">
    <ele>8</ele>
    <time>2026-08-07T07:25:12Z</time>
    <extensions>
     <gpxdata:distance>4119.00</gpxdata:distance>
     <gpxdata:speed>4.800</gpxdata:speed>
    </extensions>
   </trkpt>
   <trkpt lat="43.3846534" lon="16.5527079">
    <ele>8</ele>
    <time>2026-08-07T07:25:13Z</time>
    <extensions>
     <gpxdata:distance>4123.50</gpxdata:distance>
     <gpxdata:speed>4.697</gpxdata:speed>
    </extensions>
   </trkpt>
   <trkpt lat="43.3846515" lon="16.5527644">
    <ele>8</ele>
    <time>2026-08-07T07:25:14Z</time>
    <extensions>
     <gpxdata:distance>4128.00</gpxdata:distance>
     <gpxdata:speed>4.622</gpxdata:speed>
    </extensions>
   </trkpt>
   <trkpt lat="43.3846503" lon="16.5528210">
    <ele>8</ele>
    <time>2026-08-07T07:25:15Z</time>
    <extensions>
     <gpxdata:distance>4132.50</gpxdata:distance>
     <gpxdata:speed>4.597</gpxdata:speed>
    </extensions>
   </trkpt>
   <trkpt lat="43.3846491" lon="16.5528776">
    <ele>8</ele>
    <time>2026-08-07T07:25:16Z</time>
    <extensions>
     <gpxdata:distance>4137.00</gpxdata:distance>
     <gpxdata:speed>4.603</gpxdata:speed>
    </extensions>
   </trkpt>
   <trkpt lat="43.3846468" lon="16.5529331">
    <ele>8</ele>
    <time>2026-08-07T07:25:17Z</time>
    <extensions>
     <gpxdata:distance>4141.50</gpxdata:distance>
     <gpxdata:speed>4.572</gpxdata:speed>
    </extensions>
   </trkpt>
   <trkpt lat="43.3846420" lon="16.5529871">
    <ele>8</ele>
    <time>2026-08-07T07:25:18Z</time>
    <extensions>
     <gpxdata:distance>4146.00</gpxdata:distance>
     <gpxdata:speed>4.519</gpxdata:speed>
    </extensions>
   </trkpt>
   <trkpt lat="43.3846352" lon="16.5530404">
    <ele>8</ele>
    <time>2026-08-07T07:25:19Z</time>
    <extensions>
     <gpxdata:distance>4150.50</gpxdata:distance>
     <gpxdata:speed>4.456</gpxdata:speed>
    </extensions>
   </trkpt>
   <trkpt lat="43.3846277" lon="16.5530933">
    <ele>8</ele>
    <time>2026-08-07T07:25:20Z</time>
    <extensions>
     <gpxdata:distance>4155.00</gpxdata:distance>
     <gpxdata:speed>4.422</gpxdata:speed>
    </extensions>
   </trkpt>
   <trkpt lat="43.3846205" lon="16.5531457">
    <ele>8</ele>
    <time>2026-08-07T07:25:21Z</time>
    <extensions>
     <gpxdata:distance>4159.00</gpxdata:distance>
     <gpxdata:speed>4.394</gpxdata:speed>
    </extensions>
   </trkpt>
   <trkpt lat="43.3846137" lon="16.5531980">
    <ele>8</ele>
    <time>2026-08-07T07:25:22Z</time>
    <extensions>
     <gpxdata:distance>4163.00</gpxdata:distance>
     <gpxdata:speed>4.358</gpxdata:speed>
    </extensions>
   </trkpt>
   <trkpt lat="43.3846068" lon="16.5532502">
    <ele>8</ele>
    <time>2026-08-07T07:25:23Z</time>
    <extensions>
     <gpxdata:distance>4167.50</gpxdata:distance>
     <gpxdata:speed>4.336</gpxdata:speed>
    </extensions>
   </trkpt>
   <trkpt lat="43.3845992" lon="16.5533023">
    <ele>8</ele>
    <time>2026-08-07T07:25:24Z</time>
    <extensions>
     <gpxdata:distance>4172.00</gpxdata:distance>
     <gpxdata:speed>4.317</gpxdata:speed>
    </extensions>
   </trkpt>
   <trkpt lat="43.3845882" lon="16.5533529">
    <ele>8</ele>
    <time>2026-08-07T07:25:25Z</time>
    <extensions>
     <gpxdata:distance>4176.00</gpxdata:distance>
     <gpxdata:speed>4.317</gpxdata:speed>
    </extensions>
   </trkpt>
   <trkpt lat="43.3845699" lon="16.5533971">
    <ele>8</ele>
    <time>2026-08-07T07:25:26Z</time>
    <extensions>
     <gpxdata:distance>4180.00</gpxdata:distance>
     <gpxdata:speed>4.303</gpxdata:speed>
    </extensions>
   </trkpt>
   <trkpt lat="43.3845436" lon="16.5534282">
    <ele>8</ele>
    <time>2026-08-07T07:25:27Z</time>
    <extensions>
     <gpxdata:distance>4184.00</gpxdata:distance>
     <gpxdata:speed>4.283</gpxdata:speed>
    </extensions>
   </trkpt>
   <trkpt lat="43.3845128" lon="16.5534444">
    <ele>8</ele>
    <time>2026-08-07T07:25:28Z</time>
    <extensions>
     <gpxdata:distance>4188.00</gpxdata:distance>
     <gpxdata:speed>4.225</gpxdata:speed>
    </extensions>
   </trkpt>
   <trkpt lat="43.3844824" lon="16.5534495">
    <ele>8</ele>
    <time>2026-08-07T07:25:29Z</time>
    <extensions>
     <gpxdata:distance>4191.50</gpxdata:distance>
     <gpxdata:speed>3.950</gpxdata:speed>
    </extensions>
   </trkpt>
   <trkpt lat="43.3844555" lon="16.5534487">
    <ele>8</ele>
    <time>2026-08-07T07:25:30Z</time>
    <extensions>
     <gpxdata:distance>4195.00</gpxdata:distance>
     <gpxdata:speed>3.481</gpxdata:speed>
    </extensions>
   </trkpt>
   <trkpt lat="43.3844425" lon="16.5534471">
    <ele>8</ele>
    <time>2026-08-07T07:25:31Z</time>
    <extensions>
     <gpxdata:distance>4197.00</gpxdata:distance>
     <gpxdata:speed>2.947</gpxdata:speed>
    </extensions>
   </trkpt>
   <trkpt lat="43.3844269" lon="16.5534453">
    <ele>8</ele>
    <time>2026-08-07T07:25:32Z</time>
    <extensions>
     <gpxdata:distance>4199.00</gpxdata:distance>
     <gpxdata:speed>2.486</gpxdata:speed>
    </extensions>
   </trkpt>
   <trkpt lat="43.3844107" lon="16.5534440">
    <ele>8</ele>
    <time>2026-08-07T07:25:33Z</time>
    <extensions>
     <gpxdata:distance>4200.50</gpxdata:distance>
     <gpxdata:speed>2.106</gpxdata:speed>
    </extensions>
   </trkpt>
   <trkpt lat="43.3843993" lon="16.5534446">
    <ele>8</ele>
    <time>2026-08-07T07:25:34Z</time>
    <extensions>
     <gpxdata:distance>4202.00</gpxdata:distance>
     <gpxdata:speed>1.914</gpxdata:speed>
    </extensions>
   </trkpt>
   <trkpt lat="43.3843861" lon="16.5534480">
    <ele>8</ele>
    <time>2026-08-07T07:25:35Z</time>
    <extensions>
     <gpxdata:distance>4204.00</gpxdata:distance>
     <gpxdata:speed>1.817</gpxdata:speed>
    </extensions>
   </trkpt>
   <trkpt lat="43.3843721" lon="16.5534538">
    <ele>8</ele>
    <time>2026-08-07T07:25:36Z</time>
    <extensions>
     <gpxdata:distance>4206.00</gpxdata:distance>
     <gpxdata:speed>1.858</gpxdata:speed>
    </extensions>
   </trkpt>
   <trkpt lat="43.3843585" lon="16.5534602">
    <ele>7</ele>
    <time>2026-08-07T07:25:37Z</time>
    <extensions>
     <gpxdata:distance>4207.50</gpxdata:distance>
     <gpxdata:speed>1.817</gpxdata:speed>
    </extensions>
   </trkpt>
   <trkpt lat="43.3843466" lon="16.5534657">
    <ele>7</ele>
    <time>2026-08-07T07:25:38Z</time>
    <extensions>
     <gpxdata:distance>4209.00</gpxdata:distance>
     <gpxdata:speed>1.581</gpxdata:speed>
    </extensions>
   </trkpt>
   <trkpt lat="43.3843889" lon="16.5534278">
    <ele>7</ele>
    <time>2026-08-07T07:26:33Z</time>
    <extensions>
     <gpxdata:distance>4221.00</gpxdata:distance>
     <gpxdata:speed>1.275</gpxdata:speed>
    </extensions>
   </trkpt>
   <trkpt lat="43.3843949" lon="16.5534218">
    <ele>7</ele>
    <time>2026-08-07T07:26:34Z</time>
    <extensions>
     <gpxdata:distance>4221.00</gpxdata:distance>
     <gpxdata:speed>1.142</gpxdata:speed>
    </extensions>
   </trkpt>
   <trkpt lat="43.3843993" lon="16.5534152">
    <ele>7</ele>
    <time>2026-08-07T07:26:35Z</time>
    <extensions>
     <gpxdata:distance>4221.50</gpxdata:distance>
     <gpxdata:speed>1.003</gpxdata:speed>
    </extensions>
   </trkpt>
   <trkpt lat="43.3844033" lon="16.5534091">
    <ele>7</ele>
    <time>2026-08-07T07:26:36Z</time>
    <extensions>
     <gpxdata:distance>4222.00</gpxdata:distance>
     <gpxdata:speed>0.878</gpxdata:speed>
    </extensions>
   </trkpt>
   <trkpt lat="43.3843659" lon="16.5534862">
    <ele>14</ele>
    <time>2026-08-07T08:15:57Z</time>
    <extensions>
     <gpxdata:distance>4234.00</gpxdata:distance>
     <gpxdata:speed>1.683</gpxdata:speed>
    </extensions>
   </trkpt>
   <trkpt lat="43.3843519" lon="16.5534850">
    <ele>14</ele>
    <time>2026-08-07T08:15:58Z</time>
    <extensions>
     <gpxdata:distance>4234.00</gpxdata:distance>
     <gpxdata:speed>1.783</gpxdata:speed>
    </extensions>
   </trkpt>
   <trkpt lat="43.3843367" lon="16.5534805">
    <ele>14</ele>
    <time>2026-08-07T08:15:59Z</time>
    <extensions>
     <gpxdata:distance>4236.00</gpxdata:distance>
     <gpxdata:speed>1.956</gpxdata:speed>
    </extensions>
   </trkpt>
   <trkpt lat="43.3843144" lon="16.5534724">
    <ele>14</ele>
    <time>2026-08-07T08:16:00Z</time>
    <extensions>
     <gpxdata:distance>4238.00</gpxdata:distance>
     <gpxdata:speed>2.067</gpxdata:speed>
    </extensions>
   </trkpt>
   <trkpt lat="43.3842938" lon="16.5534655">
    <ele>14</ele>
    <time>2026-08-07T08:16:01Z</time>
    <extensions>
     <gpxdata:distance>4240.00</gpxdata:distance>
     <gpxdata:speed>2.181</gpxdata:speed>
    </extensions>
   </trkpt>
   <trkpt lat="43.3842734" lon="16.5534602">
    <ele>14</ele>
    <time>2026-08-07T08:16:02Z</time>
    <extensions>
     <gpxdata:distance>4242.00</gpxdata:distance>
     <gpxdata:speed>2.306</gpxdata:speed>
    </extensions>
   </trkpt>
   <trkpt lat="43.3842527" lon="16.5534557">
    <ele>14</ele>
    <time>2026-08-07T08:16:03Z</time>
    <extensions>
     <gpxdata:distance>4244.50</gpxdata:distance>
     <gpxdata:speed>2.353</gpxdata:speed>
    </extensions>
   </trkpt>
   <trkpt lat="43.3842317" lon="16.5534507">
    <ele>14</ele>
    <time>2026-08-07T08:16:04Z</time>
    <extensions>
     <gpxdata:distance>4247.00</gpxdata:distance>
     <gpxdata:speed>2.403</gpxdata:speed>
    </extensions>
   </trkpt>
   <trkpt lat="43.3842103" lon="16.5534456">
    <ele>14</ele>
    <time>2026-08-07T08:16:05Z</time>
    <extensions>
     <gpxdata:distance>4249.50</gpxdata:distance>
     <gpxdata:speed>2.425</gpxdata:speed>
    </extensions>
   </trkpt>
   <trkpt lat="43.3841883" lon="16.5534410">
    <ele>14</ele>
    <time>2026-08-07T08:16:06Z</time>
    <extensions>
     <gpxdata:distance>4252.00</gpxdata:distance>
     <gpxdata:speed>2.464</gpxdata:speed>
    </extensions>
   </trkpt>
   <trkpt lat="43.3841661" lon="16.5534378">
    <ele>14</ele>
    <time>2026-08-07T08:16:07Z</time>
    <extensions>
     <gpxdata:distance>4254.50</gpxdata:distance>
     <gpxdata:speed>2.494</gpxdata:speed>
    </extensions>
   </trkpt>
   <trkpt lat="43.3841436" lon="16.5534370">
    <ele>14</ele>
    <time>2026-08-07T08:16:08Z</time>
    <extensions>
     <gpxdata:distance>4257.00</gpxdata:distance>
     <gpxdata:speed>2.519</gpxdata:speed>
    </extensions>
   </trkpt>
   <trkpt lat="43.3841210" lon="16.5534394">
    <ele>14</ele>
    <time>2026-08-07T08:16:09Z</time>
    <extensions>
     <gpxdata:distance>4259.50</gpxdata:distance>
     <gpxdata:speed>2.542</gpxdata:speed>
    </extensions>
   </trkpt>
   <trkpt lat="43.3840987" lon="16.5534447">
    <ele>14</ele>
    <time>2026-08-07T08:16:10Z</time>
    <extensions>
     <gpxdata:distance>4262.00</gpxdata:distance>
     <gpxdata:speed>2.569</gpxdata:speed>
    </extensions>
   </trkpt>
   <trkpt lat="43.3840776" lon="16.5534535">
    <ele>14</ele>
    <time>2026-08-07T08:16:11Z</time>
    <extensions>
     <gpxdata:distance>4264.50</gpxdata:distance>
     <gpxdata:speed>2.561</gpxdata:speed>
    </extensions>
   </trkpt>
   <trkpt lat="43.3840578" lon="16.5534664">
    <ele>14</ele>
    <time>2026-08-07T08:16:12Z</time>
    <extensions>
     <gpxdata:distance>4267.00</gpxdata:distance>
     <gpxdata:speed>2.536</gpxdata:speed>
    </extensions>
   </trkpt>
   <trkpt lat="43.3840393" lon="16.5534828">
    <ele>14</ele>
    <time>2026-08-07T08:16:13Z</time>
    <extensions>
     <gpxdata:distance>4269.50</gpxdata:distance>
     <gpxdata:speed>2.531</gpxdata:speed>
    </extensions>
   </trkpt>
   <trkpt lat="43.3840223" lon="16.5535024">
    <ele>14</ele>
    <time>2026-08-07T08:16:14Z</time>
    <extensions>
     <gpxdata:distance>4272.00</gpxdata:distance>
     <gpxdata:speed>2.531</gpxdata:speed>
    </extensions>
   </trkpt>
   <trkpt lat="43.3840070" lon="16.5535246">
    <ele>14</ele>
    <time>2026-08-07T08:16:15Z</time>
    <extensions>
     <gpxdata:distance>4274.50</gpxdata:distance>
     <gpxdata:speed>2.536</gpxdata:speed>
    </extensions>
   </trkpt>
   <trkpt lat="43.3839933" lon="16.5535484">
    <ele>14</ele>
    <time>2026-08-07T08:16:16Z</time>
    <extensions>
     <gpxdata:distance>4277.00</gpxdata:distance>
     <gpxdata:speed>2.542</gpxdata:speed>
    </extensions>
   </trkpt>
   <trkpt lat="43.3839802" lon="16.5535731">
    <ele>14</ele>
    <time>2026-08-07T08:16:17Z</time>
    <extensions>
     <gpxdata:distance>4279.50</gpxdata:distance>
     <gpxdata:speed>2.519</gpxdata:speed>
    </extensions>
   </trkpt>
   <trkpt lat="43.3839674" lon="16.5535980">
    <ele>14</ele>
    <time>2026-08-07T08:16:18Z</time>
    <extensions>
     <gpxdata:distance>4282.00</gpxdata:distance>
     <gpxdata:speed>2.511</gpxdata:speed>
    </extensions>
   </trkpt>
   <trkpt lat="43.3839551" lon="16.5536223">
    <ele>14</ele>
    <time>2026-08-07T08:16:19Z</time>
    <extensions>
     <gpxdata:distance>4284.50</gpxdata:distance>
     <gpxdata:speed>2.494</gpxdata:speed>
    </extensions>
   </trkpt>
   <trkpt lat="43.3839442" lon="16.5536461">
    <ele>14</ele>
    <time>2026-08-07T08:16:20Z</time>
    <extensions>
     <gpxdata:distance>4287.00</gpxdata:distance>
     <gpxdata:speed>2.436</gpxdata:speed>
    </extensions>
   </trkpt>
   <trkpt lat="43.3839344" lon="16.5536697">
    <ele>14</ele>
    <time>2026-08-07T08:16:21Z</time>
    <extensions>
     <gpxdata:distance>4289.00</gpxdata:distance>
     <gpxdata:speed>2.342</gpxdata:speed>
    </extensions>
   </trkpt>
   <trkpt lat="43.3839255" lon="16.5536929">
    <ele>14</ele>
    <time>2026-08-07T08:16:22Z</time>
    <extensions>
     <gpxdata:distance>4291.00</gpxdata:distance>
     <gpxdata:speed>2.261</gpxdata:speed>
    </extensions>
   </trkpt>
   <trkpt lat="43.3839177" lon="16.5537159">
    <ele>14</ele>
    <time>2026-08-07T08:16:23Z</time>
    <extensions>
     <gpxdata:distance>4293.00</gpxdata:distance>
     <gpxdata:speed>2.189</gpxdata:speed>
    </extensions>
   </trkpt>
   <trkpt lat="43.3839111" lon="16.5537383">
    <ele>14</ele>
    <time>2026-08-07T08:16:24Z</time>
    <extensions>
     <gpxdata:distance>4295.00</gpxdata:distance>
     <gpxdata:speed>2.106</gpxdata:speed>
    </extensions>
   </trkpt>
   <trkpt lat="43.3839049" lon="16.5537606">
    <ele>14</ele>
    <time>2026-08-07T08:16:25Z</time>
    <extensions>
     <gpxdata:distance>4296.50</gpxdata:distance>
     <gpxdata:speed>2.014</gpxdata:speed>
    </extensions>
   </trkpt>
   <trkpt lat="43.3838999" lon="16.5537769">
    <ele>14</ele>
    <time>2026-08-07T08:16:26Z</time>
    <extensions>
     <gpxdata:distance>4298.00</gpxdata:distance>
     <gpxdata:speed>1.961</gpxdata:speed>
    </extensions>
   </trkpt>
   <trkpt lat="43.3838931" lon="16.5537966">
    <ele>14</ele>
    <time>2026-08-07T08:16:27Z</time>
    <extensions>
     <gpxdata:distance>4300.50</gpxdata:distance>
     <gpxdata:speed>1.994</gpxdata:speed>
    </extensions>
   </trkpt>
   <trkpt lat="43.3838818" lon="16.5538258">
    <ele>14</ele>
    <time>2026-08-07T08:16:28Z</time>
    <extensions>
     <gpxdata:distance>4303.00</gpxdata:distance>
     <gpxdata:speed>2.058</gpxdata:speed>
    </extensions>
   </trkpt>
   <trkpt lat="43.3838710" lon="16.5538514">
    <ele>14</ele>
    <time>2026-08-07T08:16:29Z</time>
    <extensions>
     <gpxdata:distance>4305.00</gpxdata:distance>
     <gpxdata:speed>2.111</gpxdata:speed>
    </extensions>
   </trkpt>
   <trkpt lat="43.3838612" lon="16.5538759">
    <ele>14</ele>
    <time>2026-08-07T08:16:30Z</time>
    <extensions>
     <gpxdata:distance>4307.00</gpxdata:distance>
     <gpxdata:speed>2.153</gpxdata:speed>
    </extensions>
   </trkpt>
   <trkpt lat="43.3838524" lon="16.5539003">
    <ele>14</ele>
    <time>2026-08-07T08:16:31Z</time>
    <extensions>
     <gpxdata:distance>4309.50</gpxdata:distance>
     <gpxdata:speed>2.167</gpxdata:speed>
    </extensions>
   </trkpt>
   <trkpt lat="43.3838441" lon="16.5539240">
    <ele>14</ele>
    <time>2026-08-07T08:16:32Z</time>
    <extensions>
     <gpxdata:distance>4312.00</gpxdata:distance>
     <gpxdata:speed>2.167</gpxdata:speed>
    </extensions>
   </trkpt>
   <trkpt lat="43.3838363" lon="16.5539466">
    <ele>14</ele>
    <time>2026-08-07T08:16:33Z</time>
    <extensions>
     <gpxdata:distance>4313.50</gpxdata:distance>
     <gpxdata:speed>2.131</gpxdata:speed>
    </extensions>
   </trkpt>
   <trkpt lat="43.3838290" lon="16.5539685">
    <ele>14</ele>
    <time>2026-08-07T08:16:34Z</time>
    <extensions>
     <gpxdata:distance>4315.00</gpxdata:distance>
     <gpxdata:speed>2.058</gpxdata:speed>
    </extensions>
   </trkpt>
   <trkpt lat="43.3838242" lon="16.5539831">
    <ele>14</ele>
    <time>2026-08-07T08:16:35Z</time>
    <extensions>
     <gpxdata:distance>4317.00</gpxdata:distance>
     <gpxdata:speed>1.994</gpxdata:speed>
    </extensions>
   </trkpt>
   <trkpt lat="43.3838198" lon="16.5539991">
    <ele>14</ele>
    <time>2026-08-07T08:16:36Z</time>
    <extensions>
     <gpxdata:distance>4319.00</gpxdata:distance>
     <gpxdata:speed>1.864</gpxdata:speed>
    </extensions>
   </trkpt>
   <trkpt lat="43.3838174" lon="16.5540160">
    <ele>14</ele>
    <time>2026-08-07T08:16:37Z</time>
    <extensions>
     <gpxdata:distance>4320.00</gpxdata:distance>
     <gpxdata:speed>1.711</gpxdata:speed>
    </extensions>
   </trkpt>
   <trkpt lat="43.3838171" lon="16.5540337">
    <ele>14</ele>
    <time>2026-08-07T08:16:38Z</time>
    <extensions>
     <gpxdata:distance>4321.00</gpxdata:distance>
     <gpxdata:speed>1.617</gpxdata:speed>
    </extensions>
   </trkpt>
   <trkpt lat="43.3838187" lon="16.5540523">
    <ele>14</ele>
    <time>2026-08-07T08:16:39Z</time>
    <extensions>
     <gpxdata:distance>4323.00</gpxdata:distance>
     <gpxdata:speed>1.597</gpxdata:speed>
    </extensions>
   </trkpt>
   <trkpt lat="43.3838200" lon="16.5540712">
    <ele>14</ele>
    <time>2026-08-07T08:16:40Z</time>
    <extensions>
     <gpxdata:distance>4325.00</gpxdata:distance>
     <gpxdata:speed>1.625</gpxdata:speed>
    </extensions>
   </trkpt>
   <trkpt lat="43.3838182" lon="16.5540868">
    <ele>14</ele>
    <time>2026-08-07T08:16:41Z</time>
    <extensions>
     <gpxdata:distance>4326.00</gpxdata:distance>
     <gpxdata:speed>1.606</gpxdata:speed>
    </extensions>
   </trkpt>
   <trkpt lat="43.3838131" lon="16.5540951">
    <ele>14</ele>
    <time>2026-08-07T08:16:42Z</time>
    <extensions>
     <gpxdata:distance>4327.00</gpxdata:distance>
     <gpxdata:speed>1.556</gpxdata:speed>
    </extensions>
   </trkpt>
   <trkpt lat="43.3838080" lon="16.5540951">
    <ele>14</ele>
    <time>2026-08-07T08:16:43Z</time>
    <extensions>
     <gpxdata:distance>4327.00</gpxdata:distance>
     <gpxdata:speed>1.556</gpxdata:speed>
    </extensions>
   </trkpt>
   <trkpt lat="43.3838059" lon="16.5540881">
    <ele>14</ele>
    <time>2026-08-07T08:16:44Z</time>
    <extensions>
     <gpxdata:distance>4327.00</gpxdata:distance>
     <gpxdata:speed>1.581</gpxdata:speed>
    </extensions>
   </trkpt>
   <trkpt lat="43.3838075" lon="16.5540761">
    <ele>14</ele>
    <time>2026-08-07T08:16:45Z</time>
    <extensions>
     <gpxdata:distance>4328.00</gpxdata:distance>
     <gpxdata:speed>1.656</gpxdata:speed>
    </extensions>
   </trkpt>
   <trkpt lat="43.3838120" lon="16.5540604">
    <ele>14</ele>
    <time>2026-08-07T08:16:46Z</time>
    <extensions>
     <gpxdata:distance>4329.00</gpxdata:distance>
     <gpxdata:speed>1.767</gpxdata:speed>
    </extensions>
   </trkpt>
   <trkpt lat="43.3838177" lon="16.5540414">
    <ele>14</ele>
    <time>2026-08-07T08:16:47Z</time>
    <extensions>
     <gpxdata:distance>4331.50</gpxdata:distance>
     <gpxdata:speed>1.889</gpxdata:speed>
    </extensions>
   </trkpt>
   <trkpt lat="43.3838259" lon="16.5540117">
    <ele>14</ele>
    <time>2026-08-07T08:16:48Z</time>
    <extensions>
     <gpxdata:distance>4334.00</gpxdata:distance>
     <gpxdata:speed>2.008</gpxdata:speed>
    </extensions>
   </trkpt>
   <trkpt lat="43.3838329" lon="16.5539843">
    <ele>14</ele>
    <time>2026-08-07T08:16:49Z</time>
    <extensions>
     <gpxdata:distance>4336.50</gpxdata:distance>
     <gpxdata:speed>2.128</gpxdata:speed>
    </extensions>
   </trkpt>
   <trkpt lat="43.3838400" lon="16.5539578">
    <ele>14</ele>
    <time>2026-08-07T08:16:50Z</time>
    <extensions>
     <gpxdata:distance>4339.00</gpxdata:distance>
     <gpxdata:speed>2.217</gpxdata:speed>
    </extensions>
   </trkpt>
   <trkpt lat="43.3838471" lon="16.5539325">
    <ele>14</ele>
    <time>2026-08-07T08:16:51Z</time>
    <extensions>
     <gpxdata:distance>4341.00</gpxdata:distance>
     <gpxdata:speed>2.264</gpxdata:speed>
    </extensions>
   </trkpt>
   <trkpt lat="43.3838537" lon="16.5539096">
    <ele>14</ele>
    <time>2026-08-07T08:16:52Z</time>
    <extensions>
     <gpxdata:distance>4343.00</gpxdata:distance>
     <gpxdata:speed>2.242</gpxdata:speed>
    </extensions>
   </trkpt>
   <trkpt lat="43.3838590" lon="16.5538899">
    <ele>14</ele>
    <time>2026-08-07T08:16:53Z</time>
    <extensions>
     <gpxdata:distance>4344.50</gpxdata:distance>
     <gpxdata:speed>2.100</gpxdata:speed>
    </extensions>
   </trkpt>
   <trkpt lat="43.3838796" lon="16.5540094">
    <ele>14</ele>
    <time>2026-08-07T08:18:00Z</time>
    <extensions>
     <gpxdata:distance>4363.00</gpxdata:distance>
     <gpxdata:speed>3.472</gpxdata:speed>
    </extensions>
   </trkpt>
   <trkpt lat="43.3838855" lon="16.5540508">
    <ele>14</ele>
    <time>2026-08-07T08:18:01Z</time>
    <extensions>
     <gpxdata:distance>4363.00</gpxdata:distance>
     <gpxdata:speed>3.592</gpxdata:speed>
    </extensions>
   </trkpt>
   <trkpt lat="43.3838968" lon="16.5540884">
    <ele>14</ele>
    <time>2026-08-07T08:18:02Z</time>
    <extensions>
     <gpxdata:distance>4366.50</gpxdata:distance>
     <gpxdata:speed>3.514</gpxdata:speed>
    </extensions>
   </trkpt>
   <trkpt lat="43.3839116" lon="16.5541219">
    <ele>14</ele>
    <time>2026-08-07T08:18:03Z</time>
    <extensions>
     <gpxdata:distance>4370.00</gpxdata:distance>
     <gpxdata:speed>3.372</gpxdata:speed>
    </extensions>
   </trkpt>
   <trkpt lat="43.3839272" lon="16.5541523">
    <ele>14</ele>
    <time>2026-08-07T08:18:04Z</time>
    <extensions>
     <gpxdata:distance>4373.00</gpxdata:distance>
     <gpxdata:speed>3.225</gpxdata:speed>
    </extensions>
   </trkpt>
   <trkpt lat="43.3839424" lon="16.5541797">
    <ele>14</ele>
    <time>2026-08-07T08:18:05Z</time>
    <extensions>
     <gpxdata:distance>4376.00</gpxdata:distance>
     <gpxdata:speed>3.028</gpxdata:speed>
    </extensions>
   </trkpt>
   <trkpt lat="43.3839507" lon="16.5541924">
    <ele>14</ele>
    <time>2026-08-07T08:18:06Z</time>
    <extensions>
     <gpxdata:distance>4378.00</gpxdata:distance>
     <gpxdata:speed>2.906</gpxdata:speed>
    </extensions>
   </trkpt>
   <trkpt lat="43.3839610" lon="16.5542071">
    <ele>14</ele>
    <time>2026-08-07T08:18:07Z</time>
    <extensions>
     <gpxdata:distance>4380.00</gpxdata:distance>
     <gpxdata:speed>2.669</gpxdata:speed>
    </extensions>
   </trkpt>
   <trkpt lat="43.3839714" lon="16.5542232">
    <ele>14</ele>
    <time>2026-08-07T08:18:08Z</time>
    <extensions>
     <gpxdata:distance>4382.00</gpxdata:distance>
     <gpxdata:speed>2.050</gpxdata:speed>
    </extensions>
   </trkpt>
   <trkpt lat="43.3839792" lon="16.5542356">
    <ele>14</ele>
    <time>2026-08-07T08:18:09Z</time>
    <extensions>
     <gpxdata:distance>4384.00</gpxdata:distance>
     <gpxdata:speed>1.889</gpxdata:speed>
    </extensions>
   </trkpt>
   <trkpt lat="43.3839898" lon="16.5542502">
    <ele>14</ele>
    <time>2026-08-07T08:18:10Z</time>
    <extensions>
     <gpxdata:distance>4386.00</gpxdata:distance>
     <gpxdata:speed>1.981</gpxdata:speed>
    </extensions>
   </trkpt>
   <trkpt lat="43.3840079" lon="16.5542710">
    <ele>14</ele>
    <time>2026-08-07T08:18:11Z</time>
    <extensions>
     <gpxdata:distance>4388.00</gpxdata:distance>
     <gpxdata:speed>2.119</gpxdata:speed>
    </extensions>
   </trkpt>
   <trkpt lat="43.3840254" lon="16.5542891">
    <ele>14</ele>
    <time>2026-08-07T08:18:12Z</time>
    <extensions>
     <gpxdata:distance>4390.50</gpxdata:distance>
     <gpxdata:speed>2.217</gpxdata:speed>
    </extensions>
   </trkpt>
   <trkpt lat="43.3840431" lon="16.5543062">
    <ele>14</ele>
    <time>2026-08-07T08:18:13Z</time>
    <extensions>
     <gpxdata:distance>4393.00</gpxdata:distance>
     <gpxdata:speed>2.339</gpxdata:speed>
    </extensions>
   </trkpt>
   <trkpt lat="43.3840616" lon="16.5543228">
    <ele>14</ele>
    <time>2026-08-07T08:18:14Z</time>
    <extensions>
     <gpxdata:distance>4395.50</gpxdata:distance>
     <gpxdata:speed>2.400</gpxdata:speed>
    </extensions>
   </trkpt>
   <trkpt lat="43.3840809" lon="16.5543395">
    <ele>14</ele>
    <time>2026-08-07T08:18:15Z</time>
    <extensions>
     <gpxdata:distance>4398.00</gpxdata:distance>
     <gpxdata:speed>2.478</gpxdata:speed>
    </extensions>
   </trkpt>
   <trkpt lat="43.3841004" lon="16.5543569">
    <ele>14</ele>
    <time>2026-08-07T08:18:16Z</time>
    <extensions>
     <gpxdata:distance>4400.50</gpxdata:distance>
     <gpxdata:speed>2.539</gpxdata:speed>
    </extensions>
   </trkpt>
   <trkpt lat="43.3841200" lon="16.5543751">
    <ele>14</ele>
    <time>2026-08-07T08:18:17Z</time>
    <extensions>
     <gpxdata:distance>4403.00</gpxdata:distance>
     <gpxdata:speed>2.628</gpxdata:speed>
    </extensions>
   </trkpt>
   <trkpt lat="43.3841396" lon="16.5543938">
    <ele>14</ele>
    <time>2026-08-07T08:18:18Z</time>
    <extensions>
     <gpxdata:distance>4406.00</gpxdata:distance>
     <gpxdata:speed>2.658</gpxdata:speed>
    </extensions>
   </trkpt>
   <trkpt lat="43.3841592" lon="16.5544129">
    <ele>14</ele>
    <time>2026-08-07T08:18:19Z</time>
    <extensions>
     <gpxdata:distance>4409.00</gpxdata:distance>
     <gpxdata:speed>2.694</gpxdata:speed>
    </extensions>
   </trkpt>
   <trkpt lat="43.3841789" lon="16.5544319">
    <ele>14</ele>
    <time>2026-08-07T08:18:20Z</time>
    <extensions>
     <gpxdata:distance>4411.50</gpxdata:distance>
     <gpxdata:speed>2.708</gpxdata:speed>
    </extensions>
   </trkpt>
   <trkpt lat="43.3841991" lon="16.5544497">
    <ele>14</ele>
    <time>2026-08-07T08:18:21Z</time>
    <extensions>
     <gpxdata:distance>4414.00</gpxdata:distance>
     <gpxdata:speed>2.706</gpxdata:speed>
    </extensions>
   </trkpt>
   <trkpt lat="43.3842198" lon="16.5544668">
    <ele>14</ele>
    <time>2026-08-07T08:18:22Z</time>
    <extensions>
     <gpxdata:distance>4416.50</gpxdata:distance>
     <gpxdata:speed>2.694</gpxdata:speed>
    </extensions>
   </trkpt>
   <trkpt lat="43.3842412" lon="16.5544835">
    <ele>14</ele>
    <time>2026-08-07T08:18:23Z</time>
    <extensions>
     <gpxdata:distance>4419.00</gpxdata:distance>
     <gpxdata:speed>2.703</gpxdata:speed>
    </extensions>
   </trkpt>
   <trkpt lat="43.3842634" lon="16.5545001">
    <ele>14</ele>
    <time>2026-08-07T08:18:24Z</time>
    <extensions>
     <gpxdata:distance>4422.00</gpxdata:distance>
     <gpxdata:speed>2.744</gpxdata:speed>
    </extensions>
   </trkpt>
   <trkpt lat="43.3842864" lon="16.5545166">
    <ele>14</ele>
    <time>2026-08-07T08:18:25Z</time>
    <extensions>
     <gpxdata:distance>4425.00</gpxdata:distance>
     <gpxdata:speed>2.797</gpxdata:speed>
    </extensions>
   </trkpt>
   <trkpt lat="43.3843100" lon="16.5545337">
    <ele>14</ele>
    <time>2026-08-07T08:18:26Z</time>
    <extensions>
     <gpxdata:distance>4428.00</gpxdata:distance>
     <gpxdata:speed>2.861</gpxdata:speed>
    </extensions>
   </trkpt>
   <trkpt lat="43.3843338" lon="16.5545515">
    <ele>14</ele>
    <time>2026-08-07T08:18:27Z</time>
    <extensions>
     <gpxdata:distance>4431.00</gpxdata:distance>
     <gpxdata:speed>2.925</gpxdata:speed>
    </extensions>
   </trkpt>
   <trkpt lat="43.3843578" lon="16.5545699">
    <ele>14</ele>
    <time>2026-08-07T08:18:28Z</time>
    <extensions>
     <gpxdata:distance>4434.00</gpxdata:distance>
     <gpxdata:speed>2.989</gpxdata:speed>
    </extensions>
   </trkpt>
   <trkpt lat="43.3843966" lon="16.5546004">
    <ele>14</ele>
    <time>2026-08-07T08:18:29Z</time>
    <extensions>
     <gpxdata:distance>4437.00</gpxdata:distance>
     <gpxdata:speed>3.025</gpxdata:speed>
    </extensions>
   </trkpt>
   <trkpt lat="43.3844233" lon="16.5546215">
    <ele>14</ele>
    <time>2026-08-07T08:18:30Z</time>
    <extensions>
     <gpxdata:distance>4440.00</gpxdata:distance>
     <gpxdata:speed>3.044</gpxdata:speed>
    </extensions>
   </trkpt>
   <trkpt lat="43.3844476" lon="16.5546404">
    <ele>14</ele>
    <time>2026-08-07T08:18:31Z</time>
    <extensions>
     <gpxdata:distance>4443.00</gpxdata:distance>
     <gpxdata:speed>3.042</gpxdata:speed>
    </extensions>
   </trkpt>
   <trkpt lat="43.3844708" lon="16.5546583">
    <ele>14</ele>
    <time>2026-08-07T08:18:32Z</time>
    <extensions>
     <gpxdata:distance>4446.00</gpxdata:distance>
     <gpxdata:speed>3.039</gpxdata:speed>
    </extensions>
   </trkpt>
   <trkpt lat="43.3844833" lon="16.5546679">
    <ele>14</ele>
    <time>2026-08-07T08:18:33Z</time>
    <extensions>
     <gpxdata:distance>4449.00</gpxdata:distance>
     <gpxdata:speed>2.989</gpxdata:speed>
    </extensions>
   </trkpt>
   <trkpt lat="43.3844995" lon="16.5546806">
    <ele>14</ele>
    <time>2026-08-07T08:18:34Z</time>
    <extensions>
     <gpxdata:distance>4451.50</gpxdata:distance>
     <gpxdata:speed>2.894</gpxdata:speed>
    </extensions>
   </trkpt>
   <trkpt lat="43.3845174" lon="16.5546948">
    <ele>14</ele>
    <time>2026-08-07T08:18:35Z</time>
    <extensions>
     <gpxdata:distance>4454.00</gpxdata:distance>
     <gpxdata:speed>2.753</gpxdata:speed>
    </extensions>
   </trkpt>
   <trkpt lat="43.3845359" lon="16.5547095">
    <ele>14</ele>
    <time>2026-08-07T08:18:36Z</time>
    <extensions>
     <gpxdata:distance>4456.50</gpxdata:distance>
     <gpxdata:speed>2.644</gpxdata:speed>
    </extensions>
   </trkpt>
   <trkpt lat="43.3845548" lon="16.5547239">
    <ele>14</ele>
    <time>2026-08-07T08:18:37Z</time>
    <extensions>
     <gpxdata:distance>4459.00</gpxdata:distance>
     <gpxdata:speed>2.572</gpxdata:speed>
    </extensions>
   </trkpt>
   <trkpt lat="43.3845734" lon="16.5547376">
    <ele>14</ele>
    <time>2026-08-07T08:18:38Z</time>
    <extensions>
     <gpxdata:distance>4461.50</gpxdata:distance>
     <gpxdata:speed>2.500</gpxdata:speed>
    </extensions>
   </trkpt>
   <trkpt lat="43.3845917" lon="16.5547510">
    <ele>14</ele>
    <time>2026-08-07T08:18:39Z</time>
    <extensions>
     <gpxdata:distance>4464.00</gpxdata:distance>
     <gpxdata:speed>2.419</gpxdata:speed>
    </extensions>
   </trkpt>
   <trkpt lat="43.3846100" lon="16.5547645">
    <ele>14</ele>
    <time>2026-08-07T08:18:40Z</time>
    <extensions>
     <gpxdata:distance>4466.00</gpxdata:distance>
     <gpxdata:speed>2.303</gpxdata:speed>
    </extensions>
   </trkpt>
   <trkpt lat="43.3846288" lon="16.5547778">
    <ele>14</ele>
    <time>2026-08-07T08:18:41Z</time>
    <extensions>
     <gpxdata:distance>4468.00</gpxdata:distance>
     <gpxdata:speed>2.322</gpxdata:speed>
    </extensions>
   </trkpt>
   <trkpt lat="43.3846483" lon="16.5547911">
    <ele>14</ele>
    <time>2026-08-07T08:18:42Z</time>
    <extensions>
     <gpxdata:distance>4470.50</gpxdata:distance>
     <gpxdata:speed>2.361</gpxdata:speed>
    </extensions>
   </trkpt>
   <trkpt lat="43.3846691" lon="16.5548033">
    <ele>14</ele>
    <time>2026-08-07T08:18:43Z</time>
    <extensions>
     <gpxdata:distance>4473.00</gpxdata:distance>
     <gpxdata:speed>2.422</gpxdata:speed>
    </extensions>
   </trkpt>
   <trkpt lat="43.3846915" lon="16.5548154">
    <ele>14</ele>
    <time>2026-08-07T08:18:44Z</time>
    <extensions>
     <gpxdata:distance>4476.00</gpxdata:distance>
     <gpxdata:speed>2.508</gpxdata:speed>
    </extensions>
   </trkpt>
   <trkpt lat="43.3847147" lon="16.5548289">
    <ele>14</ele>
    <time>2026-08-07T08:18:45Z</time>
    <extensions>
     <gpxdata:distance>4479.00</gpxdata:distance>
     <gpxdata:speed>2.642</gpxdata:speed>
    </extensions>
   </trkpt>
   <trkpt lat="43.3847379" lon="16.5548444">
    <ele>14</ele>
    <time>2026-08-07T08:18:46Z</time>
    <extensions>
     <gpxdata:distance>4482.00</gpxdata:distance>
     <gpxdata:speed>2.756</gpxdata:speed>
    </extensions>
   </trkpt>
   <trkpt lat="43.3847604" lon="16.5548625">
    <ele>14</ele>
    <time>2026-08-07T08:18:47Z</time>
    <extensions>
     <gpxdata:distance>4485.00</gpxdata:distance>
     <gpxdata:speed>2.828</gpxdata:speed>
    </extensions>
   </trkpt>
   <trkpt lat="43.3847819" lon="16.5548830">
    <ele>14</ele>
    <time>2026-08-07T08:18:48Z</time>
    <extensions>
     <gpxdata:distance>4488.00</gpxdata:distance>
     <gpxdata:speed>2.883</gpxdata:speed>
    </extensions>
   </trkpt>
   <trkpt lat="43.3848032" lon="16.5549039">
    <ele>14</ele>
    <time>2026-08-07T08:18:49Z</time>
    <extensions>
     <gpxdata:distance>4491.00</gpxdata:distance>
     <gpxdata:speed>2.922</gpxdata:speed>
    </extensions>
   </trkpt>
   <trkpt lat="43.3848253" lon="16.5549237">
    <ele>14</ele>
    <time>2026-08-07T08:18:50Z</time>
    <extensions>
     <gpxdata:distance>4494.00</gpxdata:distance>
     <gpxdata:speed>2.933</gpxdata:speed>
    </extensions>
   </trkpt>
   <trkpt lat="43.3848484" lon="16.5549414">
    <ele>14</ele>
    <time>2026-08-07T08:18:51Z</time>
    <extensions>
     <gpxdata:distance>4497.00</gpxdata:distance>
     <gpxdata:speed>2.961</gpxdata:speed>
    </extensions>
   </trkpt>
   <trkpt lat="43.3848723" lon="16.5549568">
    <ele>14</ele>
    <time>2026-08-07T08:18:52Z</time>
    <extensions>
     <gpxdata:distance>4500.00</gpxdata:distance>
     <gpxdata:speed>2.972</gpxdata:speed>
    </extensions>
   </trkpt>
   <trkpt lat="43.3848969" lon="16.5549712">
    <ele>14</ele>
    <time>2026-08-07T08:18:53Z</time>
    <extensions>
     <gpxdata:distance>4503.00</gpxdata:distance>
     <gpxdata:speed>2.981</gpxdata:speed>
    </extensions>
   </trkpt>
   <trkpt lat="43.3849214" lon="16.5549867">
    <ele>14</ele>
    <time>2026-08-07T08:18:54Z</time>
    <extensions>
     <gpxdata:distance>4506.00</gpxdata:distance>
     <gpxdata:speed>2.994</gpxdata:speed>
    </extensions>
   </trkpt>
   <trkpt lat="43.3849604" lon="16.5550150">
    <ele>14</ele>
    <time>2026-08-07T08:18:55Z</time>
    <extensions>
     <gpxdata:distance>4509.00</gpxdata:distance>
     <gpxdata:speed>3.011</gpxdata:speed>
    </extensions>
   </trkpt>
   <trkpt lat="43.3849869" lon="16.5550370">
    <ele>15</ele>
    <time>2026-08-07T08:18:56Z</time>
    <extensions>
     <gpxdata:distance>4512.00</gpxdata:distance>
     <gpxdata:speed>3.031</gpxdata:speed>
    </extensions>
   </trkpt>
   <trkpt lat="43.3850108" lon="16.5550590">
    <ele>15</ele>
    <time>2026-08-07T08:18:57Z</time>
    <extensions>
     <gpxdata:distance>4515.00</gpxdata:distance>
     <gpxdata:speed>3.056</gpxdata:speed>
    </extensions>
   </trkpt>
   <trkpt lat="43.3850327" lon="16.5550820">
    <ele>15</ele>
    <time>2026-08-07T08:18:58Z</time>
    <extensions>
     <gpxdata:distance>4518.00</gpxdata:distance>
     <gpxdata:speed>3.078</gpxdata:speed>
    </extensions>
   </trkpt>
   <trkpt lat="43.3850541" lon="16.5551058">
    <ele>15</ele>
    <time>2026-08-07T08:18:59Z</time>
    <extensions>
     <gpxdata:distance>4521.00</gpxdata:distance>
     <gpxdata:speed>3.061</gpxdata:speed>
    </extensions>
   </trkpt>
   <trkpt lat="43.3850765" lon="16.5551285">
    <ele>15</ele>
    <time>2026-08-07T08:19:00Z</time>
    <extensions>
     <gpxdata:distance>4524.00</gpxdata:distance>
     <gpxdata:speed>3.061</gpxdata:speed>
    </extensions>
   </trkpt>
   <trkpt lat="43.3851003" lon="16.5551500">
    <ele>15</ele>
    <time>2026-08-07T08:19:01Z</time>
    <extensions>
     <gpxdata:distance>4527.00</gpxdata:distance>
     <gpxdata:speed>3.092</gpxdata:speed>
    </extensions>
   </trkpt>
   <trkpt lat="43.3851252" lon="16.5551705">
    <ele>15</ele>
    <time>2026-08-07T08:19:02Z</time>
    <extensions>
     <gpxdata:distance>4530.50</gpxdata:distance>
     <gpxdata:speed>3.133</gpxdata:speed>
    </extensions>
   </trkpt>
   <trkpt lat="43.3851507" lon="16.5551893">
    <ele>15</ele>
    <time>2026-08-07T08:19:03Z</time>
    <extensions>
     <gpxdata:distance>4534.00</gpxdata:distance>
     <gpxdata:speed>3.175</gpxdata:speed>
    </extensions>
   </trkpt>
   <trkpt lat="43.3851759" lon="16.5552072">
    <ele>15</ele>
    <time>2026-08-07T08:19:04Z</time>
    <extensions>
     <gpxdata:distance>4537.00</gpxdata:distance>
     <gpxdata:speed>3.192</gpxdata:speed>
    </extensions>
   </trkpt>
   <trkpt lat="43.3851989" lon="16.5552250">
    <ele>15</ele>
    <time>2026-08-07T08:19:05Z</time>
    <extensions>
     <gpxdata:distance>4540.00</gpxdata:distance>
     <gpxdata:speed>3.169</gpxdata:speed>
    </extensions>
   </trkpt>
   <trkpt lat="43.3852194" lon="16.5552442">
    <ele>15</ele>
    <time>2026-08-07T08:19:06Z</time>
    <extensions>
     <gpxdata:distance>4542.50</gpxdata:distance>
     <gpxdata:speed>3.058</gpxdata:speed>
    </extensions>
   </trkpt>
   <trkpt lat="43.3852295" lon="16.5552553">
    <ele>15</ele>
    <time>2026-08-07T08:19:07Z</time>
    <extensions>
     <gpxdata:distance>4545.00</gpxdata:distance>
     <gpxdata:speed>2.939</gpxdata:speed>
    </extensions>
   </trkpt>
   <trkpt lat="43.3852416" lon="16.5552704">
    <ele>15</ele>
    <time>2026-08-07T08:19:08Z</time>
    <extensions>
     <gpxdata:distance>4547.00</gpxdata:distance>
     <gpxdata:speed>2.761</gpxdata:speed>
    </extensions>
   </trkpt>
   <trkpt lat="43.3852534" lon="16.5552856">
    <ele>15</ele>
    <time>2026-08-07T08:19:09Z</time>
    <extensions>
     <gpxdata:distance>4549.00</gpxdata:distance>
     <gpxdata:speed>2.275</gpxdata:speed>
    </extensions>
   </trkpt>
   <trkpt lat="43.3852610" lon="16.5552955">
    <ele>15</ele>
    <time>2026-08-07T08:19:10Z</time>
    <extensions>
     <gpxdata:distance>4550.50</gpxdata:distance>
     <gpxdata:speed>1.844</gpxdata:speed>
    </extensions>
   </trkpt>
   <trkpt lat="43.3852695" lon="16.5553053">
    <ele>15</ele>
    <time>2026-08-07T08:19:11Z</time>
    <extensions>
     <gpxdata:distance>4552.00</gpxdata:distance>
     <gpxdata:speed>1.508</gpxdata:speed>
    </extensions>
   </trkpt>
   <trkpt lat="43.3852793" lon="16.5553141">
    <ele>15</ele>
    <time>2026-08-07T08:19:12Z</time>
    <extensions>
     <gpxdata:distance>4553.50</gpxdata:distance>
     <gpxdata:speed>1.350</gpxdata:speed>
    </extensions>
   </trkpt>
   <trkpt lat="43.3852910" lon="16.5553215">
    <ele>15</ele>
    <time>2026-08-07T08:19:13Z</time>
    <extensions>
     <gpxdata:distance>4555.00</gpxdata:distance>
     <gpxdata:speed>1.442</gpxdata:speed>
    </extensions>
   </trkpt>
   <trkpt lat="43.3853043" lon="16.5553284">
    <ele>15</ele>
    <time>2026-08-07T08:19:14Z</time>
    <extensions>
     <gpxdata:distance>4556.50</gpxdata:distance>
     <gpxdata:speed>1.631</gpxdata:speed>
    </extensions>
   </trkpt>
   <trkpt lat="43.3853189" lon="16.5553357">
    <ele>15</ele>
    <time>2026-08-07T08:19:15Z</time>
    <extensions>
     <gpxdata:distance>4558.00</gpxdata:distance>
     <gpxdata:speed>1.753</gpxdata:speed>
    </extensions>
   </trkpt>
   <trkpt lat="43.3853339" lon="16.5553438">
    <ele>15</ele>
    <time>2026-08-07T08:19:16Z</time>
    <extensions>
     <gpxdata:distance>4560.00</gpxdata:distance>
     <gpxdata:speed>1.889</gpxdata:speed>
    </extensions>
   </trkpt>
   <trkpt lat="43.3853483" lon="16.5553524">
    <ele>15</ele>
    <time>2026-08-07T08:19:17Z</time>
    <extensions>
     <gpxdata:distance>4562.00</gpxdata:distance>
     <gpxdata:speed>1.867</gpxdata:speed>
    </extensions>
   </trkpt>
   <trkpt lat="43.3853606" lon="16.5553605">
    <ele>15</ele>
    <time>2026-08-07T08:19:18Z</time>
    <extensions>
     <gpxdata:distance>4563.00</gpxdata:distance>
     <gpxdata:speed>1.700</gpxdata:speed>
    </extensions>
   </trkpt>
   <trkpt lat="43.3853711" lon="16.5553677">
    <ele>15</ele>
    <time>2026-08-07T08:19:19Z</time>
    <extensions>
     <gpxdata:distance>4564.00</gpxdata:distance>
     <gpxdata:speed>1.319</gpxdata:speed>
    </extensions>
   </trkpt>
   <trkpt lat="43.3853796" lon="16.5553739">
    <ele>15</ele>
    <time>2026-08-07T08:19:20Z</time>
    <extensions>
     <gpxdata:distance>4564.00</gpxdata:distance>
     <gpxdata:speed>1.017</gpxdata:speed>
    </extensions>
   </trkpt>
   <trkpt lat="43.3853864" lon="16.5553807">
    <ele>15</ele>
    <time>2026-08-07T08:19:21Z</time>
    <extensions>
     <gpxdata:distance>4564.00</gpxdata:distance>
     <gpxdata:speed>0.817</gpxdata:speed>
    </extensions>
   </trkpt>
   <trkpt lat="43.3853920" lon="16.5553889">
    <ele>15</ele>
    <time>2026-08-07T08:19:22Z</time>
    <extensions>
     <gpxdata:distance>4564.00</gpxdata:distance>
     <gpxdata:speed>0.747</gpxdata:speed>
    </extensions>
   </trkpt>
   <trkpt lat="43.3853956" lon="16.5553988">
    <ele>15</ele>
    <time>2026-08-07T08:19:23Z</time>
    <extensions>
     <gpxdata:distance>4564.00</gpxdata:distance>
     <gpxdata:speed>0.747</gpxdata:speed>
    </extensions>
   </trkpt>
   <trkpt lat="43.3853973" lon="16.5554097">
    <ele>15</ele>
    <time>2026-08-07T08:19:24Z</time>
    <extensions>
     <gpxdata:distance>4566.00</gpxdata:distance>
     <gpxdata:speed>0.853</gpxdata:speed>
    </extensions>
   </trkpt>
   <trkpt lat="43.3853969" lon="16.5554210">
    <ele>15</ele>
    <time>2026-08-07T08:19:25Z</time>
    <extensions>
     <gpxdata:distance>4568.00</gpxdata:distance>
     <gpxdata:speed>0.975</gpxdata:speed>
    </extensions>
   </trkpt>
   <trkpt lat="43.3853953" lon="16.5554325">
    <ele>15</ele>
    <time>2026-08-07T08:19:26Z</time>
    <extensions>
     <gpxdata:distance>4569.00</gpxdata:distance>
     <gpxdata:speed>1.011</gpxdata:speed>
    </extensions>
   </trkpt>
   <trkpt lat="43.3853930" lon="16.5554447">
    <ele>15</ele>
    <time>2026-08-07T08:19:27Z</time>
    <extensions>
     <gpxdata:distance>4570.00</gpxdata:distance>
     <gpxdata:speed>1.039</gpxdata:speed>
    </extensions>
   </trkpt>
   <trkpt lat="43.3853904" lon="16.5554580">
    <ele>15</ele>
    <time>2026-08-07T08:19:28Z</time>
    <extensions>
     <gpxdata:distance>4571.00</gpxdata:distance>
     <gpxdata:speed>1.050</gpxdata:speed>
    </extensions>
   </trkpt>
   <trkpt lat="43.3853879" lon="16.5554713">
    <ele>15</ele>
    <time>2026-08-07T08:19:29Z</time>
    <extensions>
     <gpxdata:distance>4572.00</gpxdata:distance>
     <gpxdata:speed>1.100</gpxdata:speed>
    </extensions>
   </trkpt>
   <trkpt lat="43.3853862" lon="16.5554838">
    <ele>15</ele>
    <time>2026-08-07T08:19:30Z</time>
    <extensions>
     <gpxdata:distance>4573.50</gpxdata:distance>
     <gpxdata:speed>1.172</gpxdata:speed>
    </extensions>
   </trkpt>
   <trkpt lat="43.3853855" lon="16.5554954">
    <ele>15</ele>
    <time>2026-08-07T08:19:31Z</time>
    <extensions>
     <gpxdata:distance>4575.00</gpxdata:distance>
     <gpxdata:speed>1.175</gpxdata:speed>
    </extensions>
   </trkpt>
   <trkpt lat="43.3853854" lon="16.5555060">
    <ele>15</ele>
    <time>2026-08-07T08:19:32Z</time>
    <extensions>
     <gpxdata:distance>4575.50</gpxdata:distance>
     <gpxdata:speed>1.092</gpxdata:speed>
    </extensions>
   </trkpt>
   <trkpt lat="43.3853855" lon="16.5555109">
    <ele>15</ele>
    <time>2026-08-07T08:19:33Z</time>
    <extensions>
     <gpxdata:distance>4576.00</gpxdata:distance>
     <gpxdata:speed>1.014</gpxdata:speed>
    </extensions>
   </trkpt>
   <trkpt lat="43.3853857" lon="16.5555158">
    <ele>15</ele>
    <time>2026-08-07T08:19:34Z</time>
    <extensions>
     <gpxdata:distance>4577.00</gpxdata:distance>
     <gpxdata:speed>0.919</gpxdata:speed>
    </extensions>
   </trkpt>
   <trkpt lat="43.3853404" lon="16.5556331">
    <ele>15</ele>
    <time>2026-08-07T08:19:52Z</time>
    <extensions>
     <gpxdata:distance>4591.00</gpxdata:distance>
     <gpxdata:speed>2.008</gpxdata:speed>
    </extensions>
   </trkpt>
   <trkpt lat="43.3853309" lon="16.5556587">
    <ele>15</ele>
    <time>2026-08-07T08:19:53Z</time>
    <extensions>
     <gpxdata:distance>4591.00</gpxdata:distance>
     <gpxdata:speed>2.117</gpxdata:speed>
    </extensions>
   </trkpt>
   <trkpt lat="43.3853213" lon="16.5556838">
    <ele>15</ele>
    <time>2026-08-07T08:19:54Z</time>
    <extensions>
     <gpxdata:distance>4593.00</gpxdata:distance>
     <gpxdata:speed>2.225</gpxdata:speed>
    </extensions>
   </trkpt>
   <trkpt lat="43.3853119" lon="16.5557097">
    <ele>15</ele>
    <time>2026-08-07T08:19:55Z</time>
    <extensions>
     <gpxdata:distance>4595.00</gpxdata:distance>
     <gpxdata:speed>2.317</gpxdata:speed>
    </extensions>
   </trkpt>
   <trkpt lat="43.3853028" lon="16.5557362">
    <ele>15</ele>
    <time>2026-08-07T08:19:56Z</time>
    <extensions>
     <gpxdata:distance>4597.50</gpxdata:distance>
     <gpxdata:speed>2.414</gpxdata:speed>
    </extensions>
   </trkpt>
   <trkpt lat="43.3852945" lon="16.5557643">
    <ele>15</ele>
    <time>2026-08-07T08:19:57Z</time>
    <extensions>
     <gpxdata:distance>4600.00</gpxdata:distance>
     <gpxdata:speed>2.414</gpxdata:speed>
    </extensions>
   </trkpt>
   <trkpt lat="43.3852864" lon="16.5557935">
    <ele>15</ele>
    <time>2026-08-07T08:19:58Z</time>
    <extensions>
     <gpxdata:distance>4603.00</gpxdata:distance>
     <gpxdata:speed>2.544</gpxdata:speed>
    </extensions>
   </trkpt>
   <trkpt lat="43.3852787" lon="16.5558229">
    <ele>15</ele>
    <time>2026-08-07T08:19:59Z</time>
    <extensions>
     <gpxdata:distance>4606.00</gpxdata:distance>
     <gpxdata:speed>2.608</gpxdata:speed>
    </extensions>
   </trkpt>
   <trkpt lat="43.3852712" lon="16.5558516">
    <ele>15</ele>
    <time>2026-08-07T08:20:00Z</time>
    <extensions>
     <gpxdata:distance>4608.00</gpxdata:distance>
     <gpxdata:speed>2.586</gpxdata:speed>
    </extensions>
   </trkpt>
   <trkpt lat="43.3852634" lon="16.5558778">
    <ele>15</ele>
    <time>2026-08-07T08:20:01Z</time>
    <extensions>
     <gpxdata:distance>4610.00</gpxdata:distance>
     <gpxdata:speed>2.525</gpxdata:speed>
    </extensions>
   </trkpt>
   <trkpt lat="43.3852547" lon="16.5559006">
    <ele>15</ele>
    <time>2026-08-07T08:20:02Z</time>
    <extensions>
     <gpxdata:distance>4612.00</gpxdata:distance>
     <gpxdata:speed>2.378</gpxdata:speed>
    </extensions>
   </trkpt>
   <trkpt lat="43.3852449" lon="16.5559205">
    <ele>16</ele>
    <time>2026-08-07T08:20:03Z</time>
    <extensions>
     <gpxdata:distance>4614.00</gpxdata:distance>
     <gpxdata:speed>2.219</gpxdata:speed>
    </extensions>
   </trkpt>
   <trkpt lat="43.3852346" lon="16.5559375">
    <ele>16</ele>
    <time>2026-08-07T08:20:04Z</time>
    <extensions>
     <gpxdata:distance>4615.50</gpxdata:distance>
     <gpxdata:speed>2.092</gpxdata:speed>
    </extensions>
   </trkpt>
   <trkpt lat="43.3852276" lon="16.5559480">
    <ele>16</ele>
    <time>2026-08-07T08:20:05Z</time>
    <extensions>
     <gpxdata:distance>4617.00</gpxdata:distance>
     <gpxdata:speed>1.928</gpxdata:speed>
    </extensions>
   </trkpt>
   <trkpt lat="43.3852208" lon="16.5559592">
    <ele>16</ele>
    <time>2026-08-07T08:20:06Z</time>
    <extensions>
     <gpxdata:distance>4618.00</gpxdata:distance>
     <gpxdata:speed>1.511</gpxdata:speed>
    </extensions>
   </trkpt>
   <trkpt lat="43.3852153" lon="16.5559715">
    <ele>16</ele>
    <time>2026-08-07T08:20:07Z</time>
    <extensions>
     <gpxdata:distance>4619.00</gpxdata:distance>
     <gpxdata:speed>1.247</gpxdata:speed>
    </extensions>
   </trkpt>
   <trkpt lat="43.3852113" lon="16.5559855">
    <ele>16</ele>
    <time>2026-08-07T08:20:08Z</time>
    <extensions>
     <gpxdata:distance>4620.50</gpxdata:distance>
     <gpxdata:speed>1.211</gpxdata:speed>
    </extensions>
   </trkpt>
   <trkpt lat="43.3852079" lon="16.5560013">
    <ele>16</ele>
    <time>2026-08-07T08:20:09Z</time>
    <extensions>
     <gpxdata:distance>4622.00</gpxdata:distance>
     <gpxdata:speed>1.347</gpxdata:speed>
    </extensions>
   </trkpt>
   <trkpt lat="43.3852033" lon="16.5560175">
    <ele>16</ele>
    <time>2026-08-07T08:20:10Z</time>
    <extensions>
     <gpxdata:distance>4623.50</gpxdata:distance>
     <gpxdata:speed>1.464</gpxdata:speed>
    </extensions>
   </trkpt>
   <trkpt lat="43.3851965" lon="16.5560338">
    <ele>16</ele>
    <time>2026-08-07T08:20:11Z</time>
    <extensions>
     <gpxdata:distance>4625.00</gpxdata:distance>
     <gpxdata:speed>1.544</gpxdata:speed>
    </extensions>
   </trkpt>
   <trkpt lat="43.3851894" lon="16.5560504">
    <ele>16</ele>
    <time>2026-08-07T08:20:12Z</time>
    <extensions>
     <gpxdata:distance>4626.50</gpxdata:distance>
     <gpxdata:speed>1.706</gpxdata:speed>
    </extensions>
   </trkpt>
   <trkpt lat="43.3851836" lon="16.5560654">
    <ele>16</ele>
    <time>2026-08-07T08:20:13Z</time>
    <extensions>
     <gpxdata:distance>4628.00</gpxdata:distance>
     <gpxdata:speed>1.658</gpxdata:speed>
    </extensions>
   </trkpt>
   <trkpt lat="43.3851822" lon="16.5560697">
    <ele>16</ele>
    <time>2026-08-07T08:20:14Z</time>
    <extensions>
     <gpxdata:distance>4628.50</gpxdata:distance>
     <gpxdata:speed>1.244</gpxdata:speed>
    </extensions>
   </trkpt>
   <trkpt lat="43.3851808" lon="16.5560741">
    <ele>16</ele>
    <time>2026-08-07T08:20:15Z</time>
    <extensions>
     <gpxdata:distance>4629.00</gpxdata:distance>
     <gpxdata:speed>0.717</gpxdata:speed>
    </extensions>
   </trkpt>
   <trkpt lat="43.3851795" lon="16.5560785">
    <ele>16</ele>
    <time>2026-08-07T08:20:16Z</time>
    <extensions>
     <gpxdata:distance>4629.00</gpxdata:distance>
     <gpxdata:speed>0.444</gpxdata:speed>
    </extensions>
   </trkpt>
   <trkpt lat="43.3851768" lon="16.5560899">
    <ele>16</ele>
    <time>2026-08-07T08:20:17Z</time>
    <extensions>
     <gpxdata:distance>4629.00</gpxdata:distance>
    </extensions>
   </trkpt>
   <trkpt lat="43.3851611" lon="16.5562201">
    <ele>16</ele>
    <time>2026-08-07T08:20:24Z</time>
    <extensions>
     <gpxdata:distance>4643.00</gpxdata:distance>
     <gpxdata:speed>2.031</gpxdata:speed>
    </extensions>
   </trkpt>
   <trkpt lat="43.3851571" lon="16.5562472">
    <ele>16</ele>
    <time>2026-08-07T08:20:25Z</time>
    <extensions>
     <gpxdata:distance>4643.00</gpxdata:distance>
     <gpxdata:speed>2.050</gpxdata:speed>
    </extensions>
   </trkpt>
   <trkpt lat="43.3851509" lon="16.5562721">
    <ele>16</ele>
    <time>2026-08-07T08:20:26Z</time>
    <extensions>
     <gpxdata:distance>4645.00</gpxdata:distance>
     <gpxdata:speed>2.072</gpxdata:speed>
    </extensions>
   </trkpt>
   <trkpt lat="43.3851422" lon="16.5562954">
    <ele>16</ele>
    <time>2026-08-07T08:20:27Z</time>
    <extensions>
     <gpxdata:distance>4647.00</gpxdata:distance>
     <gpxdata:speed>2.147</gpxdata:speed>
    </extensions>
   </trkpt>
   <trkpt lat="43.3851324" lon="16.5563173">
    <ele>16</ele>
    <time>2026-08-07T08:20:28Z</time>
    <extensions>
     <gpxdata:distance>4649.00</gpxdata:distance>
     <gpxdata:speed>2.197</gpxdata:speed>
    </extensions>
   </trkpt>
   <trkpt lat="43.3851236" lon="16.5563376">
    <ele>16</ele>
    <time>2026-08-07T08:20:29Z</time>
    <extensions>
     <gpxdata:distance>4651.00</gpxdata:distance>
     <gpxdata:speed>2.106</gpxdata:speed>
    </extensions>
   </trkpt>
   <trkpt lat="43.3851186" lon="16.5563510">
    <ele>16</ele>
    <time>2026-08-07T08:20:30Z</time>
    <extensions>
     <gpxdata:distance>4652.50</gpxdata:distance>
     <gpxdata:speed>1.958</gpxdata:speed>
    </extensions>
   </trkpt>
   <trkpt lat="43.3851138" lon="16.5563662">
    <ele>16</ele>
    <time>2026-08-07T08:20:31Z</time>
    <extensions>
     <gpxdata:distance>4654.00</gpxdata:distance>
     <gpxdata:speed>1.781</gpxdata:speed>
    </extensions>
   </trkpt>
   <trkpt lat="43.3851091" lon="16.5563830">
    <ele>16</ele>
    <time>2026-08-07T08:20:32Z</time>
    <extensions>
     <gpxdata:distance>4655.50</gpxdata:distance>
     <gpxdata:speed>1.656</gpxdata:speed>
    </extensions>
   </trkpt>
   <trkpt lat="43.3851039" lon="16.5564014">
    <ele>16</ele>
    <time>2026-08-07T08:20:33Z</time>
    <extensions>
     <gpxdata:distance>4657.00</gpxdata:distance>
     <gpxdata:speed>1.631</gpxdata:speed>
    </extensions>
   </trkpt>
   <trkpt lat="43.3850978" lon="16.5564212">
    <ele>16</ele>
    <time>2026-08-07T08:20:34Z</time>
    <extensions>
     <gpxdata:distance>4659.00</gpxdata:distance>
     <gpxdata:speed>1.681</gpxdata:speed>
    </extensions>
   </trkpt>
   <trkpt lat="43.3850907" lon="16.5564422">
    <ele>16</ele>
    <time>2026-08-07T08:20:35Z</time>
    <extensions>
     <gpxdata:distance>4661.00</gpxdata:distance>
     <gpxdata:speed>1.764</gpxdata:speed>
    </extensions>
   </trkpt>
   <trkpt lat="43.3850824" lon="16.5564646">
    <ele>16</ele>
    <time>2026-08-07T08:20:36Z</time>
    <extensions>
     <gpxdata:distance>4663.00</gpxdata:distance>
     <gpxdata:speed>1.875</gpxdata:speed>
    </extensions>
   </trkpt>
   <trkpt lat="43.3850697" lon="16.5564956">
    <ele>16</ele>
    <time>2026-08-07T08:20:37Z</time>
    <extensions>
     <gpxdata:distance>4665.00</gpxdata:distance>
     <gpxdata:speed>2.017</gpxdata:speed>
    </extensions>
   </trkpt>
   <trkpt lat="43.3850584" lon="16.5565210">
    <ele>16</ele>
    <time>2026-08-07T08:20:38Z</time>
    <extensions>
     <gpxdata:distance>4667.50</gpxdata:distance>
     <gpxdata:speed>2.103</gpxdata:speed>
    </extensions>
   </trkpt>
   <trkpt lat="43.3850481" lon="16.5565433">
    <ele>16</ele>
    <time>2026-08-07T08:20:39Z</time>
    <extensions>
     <gpxdata:distance>4670.00</gpxdata:distance>
     <gpxdata:speed>2.119</gpxdata:speed>
    </extensions>
   </trkpt>
   <trkpt lat="43.3850389" lon="16.5565649">
    <ele>16</ele>
    <time>2026-08-07T08:20:40Z</time>
    <extensions>
     <gpxdata:distance>4672.00</gpxdata:distance>
     <gpxdata:speed>2.056</gpxdata:speed>
    </extensions>
   </trkpt>
   <trkpt lat="43.3850305" lon="16.5565871">
    <ele>16</ele>
    <time>2026-08-07T08:20:41Z</time>
    <extensions>
     <gpxdata:distance>4674.00</gpxdata:distance>
     <gpxdata:speed>2.028</gpxdata:speed>
    </extensions>
   </trkpt>
   <trkpt lat="43.3850230" lon="16.5566103">
    <ele>16</ele>
    <time>2026-08-07T08:20:42Z</time>
    <extensions>
     <gpxdata:distance>4676.00</gpxdata:distance>
     <gpxdata:speed>2.044</gpxdata:speed>
    </extensions>
   </trkpt>
   <trkpt lat="43.3850158" lon="16.5566327">
    <ele>16</ele>
    <time>2026-08-07T08:20:43Z</time>
    <extensions>
     <gpxdata:distance>4678.00</gpxdata:distance>
     <gpxdata:speed>2.072</gpxdata:speed>
    </extensions>
   </trkpt>
   <trkpt lat="43.3850078" lon="16.5566537">
    <ele>16</ele>
    <time>2026-08-07T08:20:44Z</time>
    <extensions>
     <gpxdata:distance>4679.50</gpxdata:distance>
     <gpxdata:speed>2.022</gpxdata:speed>
    </extensions>
   </trkpt>
   <trkpt lat="43.3850018" lon="16.5566678">
    <ele>16</ele>
    <time>2026-08-07T08:20:45Z</time>
    <extensions>
     <gpxdata:distance>4681.00</gpxdata:distance>
     <gpxdata:speed>1.961</gpxdata:speed>
    </extensions>
   </trkpt>
   <trkpt lat="43.3849952" lon="16.5566838">
    <ele>16</ele>
    <time>2026-08-07T08:20:46Z</time>
    <extensions>
     <gpxdata:distance>4683.00</gpxdata:distance>
     <gpxdata:speed>1.889</gpxdata:speed>
    </extensions>
   </trkpt>
   <trkpt lat="43.3849891" lon="16.5567005">
    <ele>16</ele>
    <time>2026-08-07T08:20:47Z</time>
    <extensions>
     <gpxdata:distance>4685.00</gpxdata:distance>
     <gpxdata:speed>1.797</gpxdata:speed>
    </extensions>
   </trkpt>
   <trkpt lat="43.3849838" lon="16.5567168">
    <ele>16</ele>
    <time>2026-08-07T08:20:48Z</time>
    <extensions>
     <gpxdata:distance>4686.00</gpxdata:distance>
     <gpxdata:speed>1.683</gpxdata:speed>
    </extensions>
   </trkpt>
   <trkpt lat="43.3849796" lon="16.5567321">
    <ele>16</ele>
    <time>2026-08-07T08:20:49Z</time>
    <extensions>
     <gpxdata:distance>4687.00</gpxdata:distance>
     <gpxdata:speed>1.547</gpxdata:speed>
    </extensions>
   </trkpt>
   <trkpt lat="43.3849759" lon="16.5567455">
    <ele>16</ele>
    <time>2026-08-07T08:20:50Z</time>
    <extensions>
     <gpxdata:distance>4688.00</gpxdata:distance>
     <gpxdata:speed>1.267</gpxdata:speed>
    </extensions>
   </trkpt>
   <trkpt lat="43.3849034" lon="16.5566998">
    <ele>16</ele>
    <time>2026-08-07T08:21:16Z</time>
    <extensions>
     <gpxdata:distance>4700.00</gpxdata:distance>
     <gpxdata:speed>0.956</gpxdata:speed>
    </extensions>
   </trkpt>
   <trkpt lat="43.3848954" lon="16.5566961">
    <ele>16</ele>
    <time>2026-08-07T08:21:17Z</time>
    <extensions>
     <gpxdata:distance>4700.00</gpxdata:distance>
     <gpxdata:speed>0.997</gpxdata:speed>
    </extensions>
   </trkpt>
   <trkpt lat="43.3849665" lon="16.5567133">
    <ele>17</ele>
    <time>2026-08-07T08:26:00Z</time>
    <extensions>
     <gpxdata:distance>4720.00</gpxdata:distance>
     <gpxdata:speed>1.772</gpxdata:speed>
    </extensions>
   </trkpt>
   <trkpt lat="43.3849816" lon="16.5567190">
    <ele>17</ele>
    <time>2026-08-07T08:26:01Z</time>
    <extensions>
     <gpxdata:distance>4720.00</gpxdata:distance>
     <gpxdata:speed>1.778</gpxdata:speed>
    </extensions>
   </trkpt>
   <trkpt lat="43.3849972" lon="16.5567215">
    <ele>17</ele>
    <time>2026-08-07T08:26:02Z</time>
    <extensions>
     <gpxdata:distance>4722.00</gpxdata:distance>
     <gpxdata:speed>1.814</gpxdata:speed>
    </extensions>
   </trkpt>
   <trkpt lat="43.3850132" lon="16.5567181">
    <ele>17</ele>
    <time>2026-08-07T08:26:03Z</time>
    <extensions>
     <gpxdata:distance>4724.00</gpxdata:distance>
     <gpxdata:speed>1.881</gpxdata:speed>
    </extensions>
   </trkpt>
   <trkpt lat="43.3850343" lon="16.5567041">
    <ele>17</ele>
    <time>2026-08-07T08:26:04Z</time>
    <extensions>
     <gpxdata:distance>4726.00</gpxdata:distance>
     <gpxdata:speed>2.108</gpxdata:speed>
    </extensions>
   </trkpt>
   <trkpt lat="43.3850507" lon="16.5566850">
    <ele>17</ele>
    <time>2026-08-07T08:26:05Z</time>
    <extensions>
     <gpxdata:distance>4728.00</gpxdata:distance>
     <gpxdata:speed>2.300</gpxdata:speed>
    </extensions>
   </trkpt>
   <trkpt lat="43.3850648" lon="16.5566621">
    <ele>17</ele>
    <time>2026-08-07T08:26:06Z</time>
    <extensions>
     <gpxdata:distance>4730.50</gpxdata:distance>
     <gpxdata:speed>2.439</gpxdata:speed>
    </extensions>
   </trkpt>
   <trkpt lat="43.3850777" lon="16.5566363">
    <ele>17</ele>
    <time>2026-08-07T08:26:07Z</time>
    <extensions>
     <gpxdata:distance>4733.00</gpxdata:distance>
     <gpxdata:speed>2.536</gpxdata:speed>
    </extensions>
   </trkpt>
   <trkpt lat="43.3850904" lon="16.5566083">
    <ele>17</ele>
    <time>2026-08-07T08:26:08Z</time>
    <extensions>
     <gpxdata:distance>4736.00</gpxdata:distance>
     <gpxdata:speed>2.647</gpxdata:speed>
    </extensions>
   </trkpt>
   <trkpt lat="43.3851032" lon="16.5565781">
    <ele>17</ele>
    <time>2026-08-07T08:26:09Z</time>
    <extensions>
     <gpxdata:distance>4739.00</gpxdata:distance>
     <gpxdata:speed>2.775</gpxdata:speed>
    </extensions>
   </trkpt>
   <trkpt lat="43.3851161" lon="16.5565458">
    <ele>17</ele>
    <time>2026-08-07T08:26:10Z</time>
    <extensions>
     <gpxdata:distance>4742.00</gpxdata:distance>
     <gpxdata:speed>2.922</gpxdata:speed>
    </extensions>
   </trkpt>
   <trkpt lat="43.3851370" lon="16.5564898">
    <ele>17</ele>
    <time>2026-08-07T08:26:11Z</time>
    <extensions>
     <gpxdata:distance>4745.00</gpxdata:distance>
     <gpxdata:speed>3.078</gpxdata:speed>
    </extensions>
   </trkpt>
   <trkpt lat="43.3851504" lon="16.5564482">
    <ele>17</ele>
    <time>2026-08-07T08:26:12Z</time>
    <extensions>
     <gpxdata:distance>4748.50</gpxdata:distance>
     <gpxdata:speed>3.219</gpxdata:speed>
    </extensions>
   </trkpt>
   <trkpt lat="43.3851621" lon="16.5564081">
    <ele>17</ele>
    <time>2026-08-07T08:26:13Z</time>
    <extensions>
     <gpxdata:distance>4752.00</gpxdata:distance>
     <gpxdata:speed>3.328</gpxdata:speed>
    </extensions>
   </trkpt>
   <trkpt lat="43.3851719" lon="16.5563677">
    <ele>17</ele>
    <time>2026-08-07T08:26:14Z</time>
    <extensions>
     <gpxdata:distance>4755.50</gpxdata:distance>
     <gpxdata:speed>3.408</gpxdata:speed>
    </extensions>
   </trkpt>
   <trkpt lat="43.3851800" lon="16.5563270">
    <ele>17</ele>
    <time>2026-08-07T08:26:15Z</time>
    <extensions>
     <gpxdata:distance>4759.00</gpxdata:distance>
     <gpxdata:speed>3.442</gpxdata:speed>
    </extensions>
   </trkpt>
   <trkpt lat="43.3851873" lon="16.5562868">
    <ele>17</ele>
    <time>2026-08-07T08:26:16Z</time>
    <extensions>
     <gpxdata:distance>4762.50</gpxdata:distance>
     <gpxdata:speed>3.442</gpxdata:speed>
    </extensions>
   </trkpt>
   <trkpt lat="43.3851946" lon="16.5562473">
    <ele>17</ele>
    <time>2026-08-07T08:26:17Z</time>
    <extensions>
     <gpxdata:distance>4766.00</gpxdata:distance>
     <gpxdata:speed>3.425</gpxdata:speed>
    </extensions>
   </trkpt>
   <trkpt lat="43.3852025" lon="16.5562092">
    <ele>17</ele>
    <time>2026-08-07T08:26:18Z</time>
    <extensions>
     <gpxdata:distance>4769.00</gpxdata:distance>
     <gpxdata:speed>3.394</gpxdata:speed>
    </extensions>
   </trkpt>
   <trkpt lat="43.3852113" lon="16.5561733">
    <ele>17</ele>
    <time>2026-08-07T08:26:19Z</time>
    <extensions>
     <gpxdata:distance>4772.00</gpxdata:distance>
     <gpxdata:speed>3.350</gpxdata:speed>
    </extensions>
   </trkpt>
   <trkpt lat="43.3852210" lon="16.5561400">
    <ele>17</ele>
    <time>2026-08-07T08:26:20Z</time>
    <extensions>
     <gpxdata:distance>4775.00</gpxdata:distance>
     <gpxdata:speed>3.286</gpxdata:speed>
    </extensions>
   </trkpt>
   <trkpt lat="43.3852276" lon="16.5561224">
    <ele>17</ele>
    <time>2026-08-07T08:26:21Z</time>
    <extensions>
     <gpxdata:distance>4778.00</gpxdata:distance>
     <gpxdata:speed>2.939</gpxdata:speed>
    </extensions>
   </trkpt>
   <trkpt lat="43.3852377" lon="16.5560990">
    <ele>17</ele>
    <time>2026-08-07T08:26:22Z</time>
    <extensions>
     <gpxdata:distance>4780.50</gpxdata:distance>
     <gpxdata:speed>2.889</gpxdata:speed>
    </extensions>
   </trkpt>
   <trkpt lat="43.3852491" lon="16.5560722">
    <ele>17</ele>
    <time>2026-08-07T08:26:23Z</time>
    <extensions>
     <gpxdata:distance>4783.00</gpxdata:distance>
     <gpxdata:speed>2.836</gpxdata:speed>
    </extensions>
   </trkpt>
   <trkpt lat="43.3852599" lon="16.5560435">
    <ele>17</ele>
    <time>2026-08-07T08:26:24Z</time>
    <extensions>
     <gpxdata:distance>4786.00</gpxdata:distance>
     <gpxdata:speed>2.811</gpxdata:speed>
    </extensions>
   </trkpt>
   <trkpt lat="43.3852682" lon="16.5560136">
    <ele>17</ele>
    <time>2026-08-07T08:26:25Z</time>
    <extensions>
     <gpxdata:distance>4789.00</gpxdata:distance>
     <gpxdata:speed>2.761</gpxdata:speed>
    </extensions>
   </trkpt>
   <trkpt lat="43.3852743" lon="16.5559824">
    <ele>17</ele>
    <time>2026-08-07T08:26:26Z</time>
    <extensions>
     <gpxdata:distance>4791.50</gpxdata:distance>
     <gpxdata:speed>2.681</gpxdata:speed>
    </extensions>
   </trkpt>
   <trkpt lat="43.3852798" lon="16.5559494">
    <ele>17</ele>
    <time>2026-08-07T08:26:27Z</time>
    <extensions>
     <gpxdata:distance>4794.00</gpxdata:distance>
     <gpxdata:speed>2.683</gpxdata:speed>
    </extensions>
   </trkpt>
   <trkpt lat="43.3852865" lon="16.5559145">
    <ele>17</ele>
    <time>2026-08-07T08:26:28Z</time>
    <extensions>
     <gpxdata:distance>4797.00</gpxdata:distance>
     <gpxdata:speed>2.783</gpxdata:speed>
    </extensions>
   </trkpt>
   <trkpt lat="43.3852951" lon="16.5558778">
    <ele>17</ele>
    <time>2026-08-07T08:26:29Z</time>
    <extensions>
     <gpxdata:distance>4800.00</gpxdata:distance>
     <gpxdata:speed>2.919</gpxdata:speed>
    </extensions>
   </trkpt>
   <trkpt lat="43.3853109" lon="16.5558157">
    <ele>17</ele>
    <time>2026-08-07T08:26:30Z</time>
    <extensions>
     <gpxdata:distance>4803.50</gpxdata:distance>
     <gpxdata:speed>3.075</gpxdata:speed>
    </extensions>
   </trkpt>
   <trkpt lat="43.3853223" lon="16.5557713">
    <ele>17</ele>
    <time>2026-08-07T08:26:31Z</time>
    <extensions>
     <gpxdata:distance>4807.00</gpxdata:distance>
     <gpxdata:speed>3.208</gpxdata:speed>
    </extensions>
   </trkpt>
   <trkpt lat="43.3853322" lon="16.5557307">
    <ele>17</ele>
    <time>2026-08-07T08:26:32Z</time>
    <extensions>
     <gpxdata:distance>4810.50</gpxdata:distance>
     <gpxdata:speed>3.297</gpxdata:speed>
    </extensions>
   </trkpt>
   <trkpt lat="43.3853407" lon="16.5556916">
    <ele>17</ele>
    <time>2026-08-07T08:26:33Z</time>
    <extensions>
     <gpxdata:distance>4814.00</gpxdata:distance>
     <gpxdata:speed>3.325</gpxdata:speed>
    </extensions>
   </trkpt>
   <trkpt lat="43.3853461" lon="16.5556556">
    <ele>17</ele>
    <time>2026-08-07T08:26:34Z</time>
    <extensions>
     <gpxdata:distance>4817.00</gpxdata:distance>
     <gpxdata:speed>3.297</gpxdata:speed>
    </extensions>
   </trkpt>
   <trkpt lat="43.3853502" lon="16.5556195">
    <ele>17</ele>
    <time>2026-08-07T08:26:35Z</time>
    <extensions>
     <gpxdata:distance>4820.00</gpxdata:distance>
     <gpxdata:speed>3.150</gpxdata:speed>
    </extensions>
   </trkpt>
   <trkpt lat="43.3853543" lon="16.5555822">
    <ele>17</ele>
    <time>2026-08-07T08:26:36Z</time>
    <extensions>
     <gpxdata:distance>4823.00</gpxdata:distance>
     <gpxdata:speed>3.106</gpxdata:speed>
    </extensions>
   </trkpt>
   <trkpt lat="43.3853609" lon="16.5555459">
    <ele>17</ele>
    <time>2026-08-07T08:26:37Z</time>
    <extensions>
     <gpxdata:distance>4826.00</gpxdata:distance>
     <gpxdata:speed>3.119</gpxdata:speed>
    </extensions>
   </trkpt>
   <trkpt lat="43.3853716" lon="16.5555131">
    <ele>17</ele>
    <time>2026-08-07T08:26:38Z</time>
    <extensions>
     <gpxdata:distance>4829.00</gpxdata:distance>
     <gpxdata:speed>3.097</gpxdata:speed>
    </extensions>
   </trkpt>
   <trkpt lat="43.3853868" lon="16.5554838">
    <ele>17</ele>
    <time>2026-08-07T08:26:39Z</time>
    <extensions>
     <gpxdata:distance>4832.00</gpxdata:distance>
     <gpxdata:speed>3.033</gpxdata:speed>
    </extensions>
   </trkpt>
   <trkpt lat="43.3854072" lon="16.5554593">
    <ele>17</ele>
    <time>2026-08-07T08:26:40Z</time>
    <extensions>
     <gpxdata:distance>4835.00</gpxdata:distance>
     <gpxdata:speed>3.022</gpxdata:speed>
    </extensions>
   </trkpt>
   <trkpt lat="43.3854321" lon="16.5554400">
    <ele>17</ele>
    <time>2026-08-07T08:26:41Z</time>
    <extensions>
     <gpxdata:distance>4838.00</gpxdata:distance>
     <gpxdata:speed>3.061</gpxdata:speed>
    </extensions>
   </trkpt>
   <trkpt lat="43.3854584" lon="16.5554238">
    <ele>17</ele>
    <time>2026-08-07T08:26:42Z</time>
    <extensions>
     <gpxdata:distance>4841.00</gpxdata:distance>
     <gpxdata:speed>3.142</gpxdata:speed>
    </extensions>
   </trkpt>
   <trkpt lat="43.3854847" lon="16.5554086">
    <ele>17</ele>
    <time>2026-08-07T08:26:43Z</time>
    <extensions>
     <gpxdata:distance>4844.00</gpxdata:distance>
     <gpxdata:speed>3.158</gpxdata:speed>
    </extensions>
   </trkpt>
   <trkpt lat="43.3855096" lon="16.5553938">
    <ele>17</ele>
    <time>2026-08-07T08:26:44Z</time>
    <extensions>
     <gpxdata:distance>4847.00</gpxdata:distance>
     <gpxdata:speed>3.144</gpxdata:speed>
    </extensions>
   </trkpt>
   <trkpt lat="43.3855325" lon="16.5553797">
    <ele>17</ele>
    <time>2026-08-07T08:26:45Z</time>
    <extensions>
     <gpxdata:distance>4850.00</gpxdata:distance>
     <gpxdata:speed>3.075</gpxdata:speed>
    </extensions>
   </trkpt>
   <trkpt lat="43.3855445" lon="16.5553722">
    <ele>17</ele>
    <time>2026-08-07T08:26:46Z</time>
    <extensions>
     <gpxdata:distance>4852.50</gpxdata:distance>
     <gpxdata:speed>2.936</gpxdata:speed>
    </extensions>
   </trkpt>
   <trkpt lat="43.3855604" lon="16.5553619">
    <ele>17</ele>
    <time>2026-08-07T08:26:47Z</time>
    <extensions>
     <gpxdata:distance>4855.00</gpxdata:distance>
     <gpxdata:speed>2.772</gpxdata:speed>
    </extensions>
   </trkpt>
   <trkpt lat="43.3855773" lon="16.5553504">
    <ele>17</ele>
    <time>2026-08-07T08:26:48Z</time>
    <extensions>
     <gpxdata:distance>4857.00</gpxdata:distance>
     <gpxdata:speed>2.567</gpxdata:speed>
    </extensions>
   </trkpt>
   <trkpt lat="43.3855941" lon="16.5553386">
    <ele>17</ele>
    <time>2026-08-07T08:26:49Z</time>
    <extensions>
     <gpxdata:distance>4859.00</gpxdata:distance>
     <gpxdata:speed>2.267</gpxdata:speed>
    </extensions>
   </trkpt>
   <trkpt lat="43.3856102" lon="16.5553280">
    <ele>17</ele>
    <time>2026-08-07T08:26:50Z</time>
    <extensions>
     <gpxdata:distance>4861.00</gpxdata:distance>
     <gpxdata:speed>2.111</gpxdata:speed>
    </extensions>
   </trkpt>
   <trkpt lat="43.3856213" lon="16.5553214">
    <ele>17</ele>
    <time>2026-08-07T08:26:51Z</time>
    <extensions>
     <gpxdata:distance>4863.00</gpxdata:distance>
     <gpxdata:speed>1.936</gpxdata:speed>
    </extensions>
   </trkpt>
   <trkpt lat="43.3856338" lon="16.5553138">
    <ele>17</ele>
    <time>2026-08-07T08:26:52Z</time>
    <extensions>
     <gpxdata:distance>4864.50</gpxdata:distance>
     <gpxdata:speed>1.797</gpxdata:speed>
    </extensions>
   </trkpt>
   <trkpt lat="43.3856463" lon="16.5553050">
    <ele>17</ele>
    <time>2026-08-07T08:26:53Z</time>
    <extensions>
     <gpxdata:distance>4866.00</gpxdata:distance>
     <gpxdata:speed>1.697</gpxdata:speed>
    </extensions>
   </trkpt>
   <trkpt lat="43.3856584" lon="16.5552944">
    <ele>17</ele>
    <time>2026-08-07T08:26:54Z</time>
    <extensions>
     <gpxdata:distance>4867.50</gpxdata:distance>
     <gpxdata:speed>1.642</gpxdata:speed>
    </extensions>
   </trkpt>
   <trkpt lat="43.3856692" lon="16.5552822">
    <ele>17</ele>
    <time>2026-08-07T08:26:55Z</time>
    <extensions>
     <gpxdata:distance>4869.00</gpxdata:distance>
     <gpxdata:speed>1.642</gpxdata:speed>
    </extensions>
   </trkpt>
   <trkpt lat="43.3856789" lon="16.5552690">
    <ele>17</ele>
    <time>2026-08-07T08:26:56Z</time>
    <extensions>
     <gpxdata:distance>4870.50</gpxdata:distance>
     <gpxdata:speed>1.578</gpxdata:speed>
    </extensions>
   </trkpt>
   <trkpt lat="43.3856870" lon="16.5552549">
    <ele>17</ele>
    <time>2026-08-07T08:26:57Z</time>
    <extensions>
     <gpxdata:distance>4872.00</gpxdata:distance>
     <gpxdata:speed>1.522</gpxdata:speed>
    </extensions>
   </trkpt>
   <trkpt lat="43.3856936" lon="16.5552400">
    <ele>17</ele>
    <time>2026-08-07T08:26:58Z</time>
    <extensions>
     <gpxdata:distance>4873.50</gpxdata:distance>
     <gpxdata:speed>1.469</gpxdata:speed>
    </extensions>
   </trkpt>
   <trkpt lat="43.3856991" lon="16.5552247">
    <ele>17</ele>
    <time>2026-08-07T08:26:59Z</time>
    <extensions>
     <gpxdata:distance>4875.00</gpxdata:distance>
     <gpxdata:speed>1.431</gpxdata:speed>
    </extensions>
   </trkpt>
   <trkpt lat="43.3857038" lon="16.5552090">
    <ele>17</ele>
    <time>2026-08-07T08:27:00Z</time>
    <extensions>
     <gpxdata:distance>4876.50</gpxdata:distance>
     <gpxdata:speed>1.397</gpxdata:speed>
    </extensions>
   </trkpt>
   <trkpt lat="43.3857084" lon="16.5551930">
    <ele>17</ele>
    <time>2026-08-07T08:27:01Z</time>
    <extensions>
     <gpxdata:distance>4878.00</gpxdata:distance>
     <gpxdata:speed>1.389</gpxdata:speed>
    </extensions>
   </trkpt>
   <trkpt lat="43.3857134" lon="16.5551766">
    <ele>17</ele>
    <time>2026-08-07T08:27:02Z</time>
    <extensions>
     <gpxdata:distance>4879.50</gpxdata:distance>
     <gpxdata:speed>1.397</gpxdata:speed>
    </extensions>
   </trkpt>
   <trkpt lat="43.3857186" lon="16.5551603">
    <ele>17</ele>
    <time>2026-08-07T08:27:03Z</time>
    <extensions>
     <gpxdata:distance>4881.00</gpxdata:distance>
     <gpxdata:speed>1.431</gpxdata:speed>
    </extensions>
   </trkpt>
   <trkpt lat="43.3857235" lon="16.5551457">
    <ele>17</ele>
    <time>2026-08-07T08:27:04Z</time>
    <extensions>
     <gpxdata:distance>4882.00</gpxdata:distance>
     <gpxdata:speed>1.439</gpxdata:speed>
    </extensions>
   </trkpt>
   <trkpt lat="43.3857280" lon="16.5551328">
    <ele>17</ele>
    <time>2026-08-07T08:27:05Z</time>
    <extensions>
     <gpxdata:distance>4883.00</gpxdata:distance>
     <gpxdata:speed>1.175</gpxdata:speed>
    </extensions>
   </trkpt>
   <trkpt lat="43.3857321" lon="16.5551201">
    <ele>17</ele>
    <time>2026-08-07T08:27:06Z</time>
    <extensions>
     <gpxdata:distance>4884.00</gpxdata:distance>
     <gpxdata:speed>1.050</gpxdata:speed>
    </extensions>
   </trkpt>
   <trkpt lat="43.3857365" lon="16.5551066">
    <ele>17</ele>
    <time>2026-08-07T08:27:07Z</time>
    <extensions>
     <gpxdata:distance>4885.00</gpxdata:distance>
     <gpxdata:speed>1.064</gpxdata:speed>
    </extensions>
   </trkpt>
   <trkpt lat="43.3857418" lon="16.5550924">
    <ele>17</ele>
    <time>2026-08-07T08:27:08Z</time>
    <extensions>
     <gpxdata:distance>4886.50</gpxdata:distance>
     <gpxdata:speed>1.156</gpxdata:speed>
    </extensions>
   </trkpt>
   <trkpt lat="43.3857474" lon="16.5550784">
    <ele>17</ele>
    <time>2026-08-07T08:27:09Z</time>
    <extensions>
     <gpxdata:distance>4888.00</gpxdata:distance>
     <gpxdata:speed>1.256</gpxdata:speed>
    </extensions>
   </trkpt>
   <trkpt lat="43.3857532" lon="16.5550653">
    <ele>17</ele>
    <time>2026-08-07T08:27:10Z</time>
    <extensions>
     <gpxdata:distance>4889.00</gpxdata:distance>
     <gpxdata:speed>1.275</gpxdata:speed>
    </extensions>
   </trkpt>
   <trkpt lat="43.3857585" lon="16.5550539">
    <ele>17</ele>
    <time>2026-08-07T08:27:11Z</time>
    <extensions>
     <gpxdata:distance>4890.00</gpxdata:distance>
     <gpxdata:speed>1.228</gpxdata:speed>
    </extensions>
   </trkpt>
   <trkpt lat="43.3857604" lon="16.5550500">
    <ele>17</ele>
    <time>2026-08-07T08:27:12Z</time>
    <extensions>
     <gpxdata:distance>4890.50</gpxdata:distance>
     <gpxdata:speed>1.114</gpxdata:speed>
    </extensions>
   </trkpt>
   <trkpt lat="43.3857623" lon="16.5550461">
    <ele>17</ele>
    <time>2026-08-07T08:27:13Z</time>
    <extensions>
     <gpxdata:distance>4891.00</gpxdata:distance>
     <gpxdata:speed>0.764</gpxdata:speed>
    </extensions>
   </trkpt>
   <trkpt lat="43.3857643" lon="16.5550423">
    <ele>17</ele>
    <time>2026-08-07T08:27:14Z</time>
    <extensions>
     <gpxdata:distance>4891.00</gpxdata:distance>
    </extensions>
   </trkpt>
   <trkpt lat="43.3858488" lon="16.5549897">
    <ele>17</ele>
    <time>2026-08-07T08:27:24Z</time>
    <extensions>
     <gpxdata:distance>4902.00</gpxdata:distance>
     <gpxdata:speed>1.261</gpxdata:speed>
    </extensions>
   </trkpt>
   <trkpt lat="43.3858551" lon="16.5549835">
    <ele>17</ele>
    <time>2026-08-07T08:27:25Z</time>
    <extensions>
     <gpxdata:distance>4902.00</gpxdata:distance>
     <gpxdata:speed>1.119</gpxdata:speed>
    </extensions>
   </trkpt>
   <trkpt lat="43.3858602" lon="16.5549772">
    <ele>17</ele>
    <time>2026-08-07T08:27:26Z</time>
    <extensions>
     <gpxdata:distance>4903.00</gpxdata:distance>
     <gpxdata:speed>0.978</gpxdata:speed>
    </extensions>
   </trkpt>
   <trkpt lat="43.3858639" lon="16.5549699">
    <ele>17</ele>
    <time>2026-08-07T08:27:27Z</time>
    <extensions>
     <gpxdata:distance>4904.00</gpxdata:distance>
     <gpxdata:speed>0.853</gpxdata:speed>
    </extensions>
   </trkpt>
   <trkpt lat="43.3858665" lon="16.5549627">
    <ele>17</ele>
    <time>2026-08-07T08:27:28Z</time>
    <extensions>
     <gpxdata:distance>4904.00</gpxdata:distance>
     <gpxdata:speed>0.694</gpxdata:speed>
    </extensions>
   </trkpt>
   <trkpt lat="43.3858688" lon="16.5549543">
    <ele>17</ele>
    <time>2026-08-07T08:27:29Z</time>
    <extensions>
     <gpxdata:distance>4904.00</gpxdata:distance>
    </extensions>
   </trkpt>
   <trkpt lat="43.3858872" lon="16.5548412">
    <ele>17</ele>
    <time>2026-08-07T08:27:42Z</time>
    <extensions>
     <gpxdata:distance>4916.00</gpxdata:distance>
     <gpxdata:speed>0.775</gpxdata:speed>
    </extensions>
   </trkpt>
   <trkpt lat="43.3858902" lon="16.5548284">
    <ele>17</ele>
    <time>2026-08-07T08:27:43Z</time>
    <extensions>
     <gpxdata:distance>4916.00</gpxdata:distance>
     <gpxdata:speed>0.911</gpxdata:speed>
    </extensions>
   </trkpt>
   <trkpt lat="43.3858939" lon="16.5548145">
    <ele>17</ele>
    <time>2026-08-07T08:27:44Z</time>
    <extensions>
     <gpxdata:distance>4917.50</gpxdata:distance>
     <gpxdata:speed>0.992</gpxdata:speed>
    </extensions>
   </trkpt>
   <trkpt lat="43.3858982" lon="16.5548018">
    <ele>17</ele>
    <time>2026-08-07T08:27:45Z</time>
    <extensions>
     <gpxdata:distance>4919.00</gpxdata:distance>
     <gpxdata:speed>1.106</gpxdata:speed>
    </extensions>
   </trkpt>
   <trkpt lat="43.3859032" lon="16.5547905">
    <ele>17</ele>
    <time>2026-08-07T08:27:46Z</time>
    <extensions>
     <gpxdata:distance>4919.50</gpxdata:distance>
     <gpxdata:speed>1.097</gpxdata:speed>
    </extensions>
   </trkpt>
   <trkpt lat="43.3859084" lon="16.5547812">
    <ele>17</ele>
    <time>2026-08-07T08:27:47Z</time>
    <extensions>
     <gpxdata:distance>4920.00</gpxdata:distance>
     <gpxdata:speed>1.072</gpxdata:speed>
    </extensions>
   </trkpt>
   <trkpt lat="43.3859104" lon="16.5547780">
    <ele>17</ele>
    <time>2026-08-07T08:27:48Z</time>
    <extensions>
     <gpxdata:distance>4920.50</gpxdata:distance>
     <gpxdata:speed>0.975</gpxdata:speed>
    </extensions>
   </trkpt>
   <trkpt lat="43.3859124" lon="16.5547749">
    <ele>17</ele>
    <time>2026-08-07T08:27:49Z</time>
    <extensions>
     <gpxdata:distance>4921.00</gpxdata:distance>
     <gpxdata:speed>0.844</gpxdata:speed>
    </extensions>
   </trkpt>
   <trkpt lat="43.3859144" lon="16.5547718">
    <ele>17</ele>
    <time>2026-08-07T08:27:50Z</time>
    <extensions>
     <gpxdata:distance>4921.00</gpxdata:distance>
    </extensions>
   </trkpt>
   <trkpt lat="43.5015958" lon="16.4412775">
    <ele>19</ele>
    <time>2026-08-07T09:53:51Z</time>
    <extensions>
     <gpxdata:distance>4925.00</gpxdata:distance>
    </extensions>
   </trkpt>
   <trkpt lat="43.5016089" lon="16.4412767">
    <ele>19</ele>
    <time>2026-08-07T09:53:52Z</time>
    <extensions>
     <gpxdata:distance>4925.00</gpxdata:distance>
    </extensions>
   </trkpt>
   <trkpt lat="43.5016138" lon="16.4412751">
    <ele>19</ele>
    <time>2026-08-07T09:53:53Z</time>
    <extensions>
     <gpxdata:distance>4925.00</gpxdata:distance>
    </extensions>
   </trkpt>
   <trkpt lat="43.5016187" lon="16.4412735">
    <ele>19</ele>
    <time>2026-08-07T09:53:54Z</time>
    <extensions>
     <gpxdata:distance>4925.00</gpxdata:distance>
    </extensions>
   </trkpt>
   <trkpt lat="43.5016237" lon="16.4412719">
    <ele>19</ele>
    <time>2026-08-07T09:53:55Z</time>
    <extensions>
     <gpxdata:distance>4927.50</gpxdata:distance>
    </extensions>
   </trkpt>
   <trkpt lat="43.5016312" lon="16.4412721">
    <ele>19</ele>
    <time>2026-08-07T09:53:56Z</time>
    <extensions>
     <gpxdata:distance>4930.00</gpxdata:distance>
     <gpxdata:speed>1.350</gpxdata:speed>
    </extensions>
   </trkpt>
   <trkpt lat="43.5016378" lon="16.4412815">
    <ele>19</ele>
    <time>2026-08-07T09:53:57Z</time>
    <extensions>
     <gpxdata:distance>4930.00</gpxdata:distance>
     <gpxdata:speed>1.286</gpxdata:speed>
    </extensions>
   </trkpt>
   <trkpt lat="43.5016405" lon="16.4412940">
    <ele>19</ele>
    <time>2026-08-07T09:53:58Z</time>
    <extensions>
     <gpxdata:distance>4930.00</gpxdata:distance>
     <gpxdata:speed>1.286</gpxdata:speed>
    </extensions>
   </trkpt>
   <trkpt lat="43.5016399" lon="16.4413050">
    <ele>19</ele>
    <time>2026-08-07T09:53:59Z</time>
    <extensions>
     <gpxdata:distance>4931.50</gpxdata:distance>
     <gpxdata:speed>1.247</gpxdata:speed>
    </extensions>
   </trkpt>
   <trkpt lat="43.5016366" lon="16.4413135">
    <ele>19</ele>
    <time>2026-08-07T09:54:00Z</time>
    <extensions>
     <gpxdata:distance>4933.00</gpxdata:distance>
     <gpxdata:speed>1.331</gpxdata:speed>
    </extensions>
   </trkpt>
   <trkpt lat="43.5016322" lon="16.4413206">
    <ele>19</ele>
    <time>2026-08-07T09:54:01Z</time>
    <extensions>
     <gpxdata:distance>4933.50</gpxdata:distance>
     <gpxdata:speed>1.344</gpxdata:speed>
    </extensions>
   </trkpt>
   <trkpt lat="43.5016298" lon="16.4413232">
    <ele>19</ele>
    <time>2026-08-07T09:54:02Z</time>
    <extensions>
     <gpxdata:distance>4934.00</gpxdata:distance>
     <gpxdata:speed>1.317</gpxdata:speed>
    </extensions>
   </trkpt>
   <trkpt lat="43.5016274" lon="16.4413259">
    <ele>19</ele>
    <time>2026-08-07T09:54:03Z</time>
    <extensions>
     <gpxdata:distance>4934.50</gpxdata:distance>
     <gpxdata:speed>1.267</gpxdata:speed>
    </extensions>
   </trkpt>
   <trkpt lat="43.5015588" lon="16.4414059">
    <ele>19</ele>
    <time>2026-08-07T09:54:33Z</time>
    <extensions>
     <gpxdata:distance>4955.00</gpxdata:distance>
     <gpxdata:speed>1.983</gpxdata:speed>
    </extensions>
   </trkpt>
   <trkpt lat="43.5015468" lon="16.4414353">
    <ele>19</ele>
    <time>2026-08-07T09:54:34Z</time>
    <extensions>
     <gpxdata:distance>4955.00</gpxdata:distance>
     <gpxdata:speed>2.100</gpxdata:speed>
    </extensions>
   </trkpt>
   <trkpt lat="43.5015381" lon="16.4414557">
    <ele>19</ele>
    <time>2026-08-07T09:54:35Z</time>
    <extensions>
     <gpxdata:distance>4956.50</gpxdata:distance>
     <gpxdata:speed>2.044</gpxdata:speed>
    </extensions>
   </trkpt>
   <trkpt lat="43.5015335" lon="16.4414661">
    <ele>19</ele>
    <time>2026-08-07T09:54:36Z</time>
    <extensions>
     <gpxdata:distance>4958.00</gpxdata:distance>
     <gpxdata:speed>1.869</gpxdata:speed>
    </extensions>
   </trkpt>
   <trkpt lat="43.5015292" lon="16.4414755">
    <ele>19</ele>
    <time>2026-08-07T09:54:37Z</time>
    <extensions>
     <gpxdata:distance>4958.50</gpxdata:distance>
     <gpxdata:speed>1.667</gpxdata:speed>
    </extensions>
   </trkpt>
   <trkpt lat="43.5015258" lon="16.4414848">
    <ele>19</ele>
    <time>2026-08-07T09:54:38Z</time>
    <extensions>
     <gpxdata:distance>4959.00</gpxdata:distance>
     <gpxdata:speed>1.494</gpxdata:speed>
    </extensions>
   </trkpt>
   <trkpt lat="43.5015228" lon="16.4414952">
    <ele>19</ele>
    <time>2026-08-07T09:54:39Z</time>
    <extensions>
     <gpxdata:distance>4960.00</gpxdata:distance>
     <gpxdata:speed>1.372</gpxdata:speed>
    </extensions>
   </trkpt>
   <trkpt lat="43.5015202" lon="16.4415069">
    <ele>19</ele>
    <time>2026-08-07T09:54:40Z</time>
    <extensions>
     <gpxdata:distance>4961.00</gpxdata:distance>
     <gpxdata:speed>1.311</gpxdata:speed>
    </extensions>
   </trkpt>
   <trkpt lat="43.5015173" lon="16.4415191">
    <ele>19</ele>
    <time>2026-08-07T09:54:41Z</time>
    <extensions>
     <gpxdata:distance>4962.00</gpxdata:distance>
     <gpxdata:speed>1.147</gpxdata:speed>
    </extensions>
   </trkpt>
   <trkpt lat="43.5015160" lon="16.4415233">
    <ele>19</ele>
    <time>2026-08-07T09:54:42Z</time>
    <extensions>
     <gpxdata:distance>4963.00</gpxdata:distance>
     <gpxdata:speed>1.108</gpxdata:speed>
    </extensions>
   </trkpt>
   <trkpt lat="43.5015148" lon="16.4415275">
    <ele>19</ele>
    <time>2026-08-07T09:54:43Z</time>
    <extensions>
     <gpxdata:distance>4963.00</gpxdata:distance>
     <gpxdata:speed>0.811</gpxdata:speed>
    </extensions>
   </trkpt>
   <trkpt lat="43.5015136" lon="16.4415317">
    <ele>19</ele>
    <time>2026-08-07T09:54:44Z</time>
    <extensions>
     <gpxdata:distance>4963.00</gpxdata:distance>
     <gpxdata:speed>0.586</gpxdata:speed>
    </extensions>
   </trkpt>
   <trkpt lat="43.5015108" lon="16.4415430">
    <ele>19</ele>
    <time>2026-08-07T09:54:45Z</time>
    <extensions>
     <gpxdata:distance>4963.00</gpxdata:distance>
    </extensions>
   </trkpt>
   <trkpt lat="43.5014988" lon="16.4416577">
    <ele>19</ele>
    <time>2026-08-07T09:54:52Z</time>
    <extensions>
     <gpxdata:distance>4976.00</gpxdata:distance>
     <gpxdata:speed>1.847</gpxdata:speed>
    </extensions>
   </trkpt>
   <trkpt lat="43.5015040" lon="16.4416759">
    <ele>19</ele>
    <time>2026-08-07T09:54:53Z</time>
    <extensions>
     <gpxdata:distance>4976.00</gpxdata:distance>
     <gpxdata:speed>1.892</gpxdata:speed>
    </extensions>
   </trkpt>
   <trkpt lat="43.5015134" lon="16.4416913">
    <ele>19</ele>
    <time>2026-08-07T09:54:54Z</time>
    <extensions>
     <gpxdata:distance>4977.50</gpxdata:distance>
     <gpxdata:speed>1.989</gpxdata:speed>
    </extensions>
   </trkpt>
   <trkpt lat="43.5015305" lon="16.4417089">
    <ele>19</ele>
    <time>2026-08-07T09:54:55Z</time>
    <extensions>
     <gpxdata:distance>4979.00</gpxdata:distance>
     <gpxdata:speed>2.083</gpxdata:speed>
    </extensions>
   </trkpt>
   <trkpt lat="43.5015475" lon="16.4417210">
    <ele>19</ele>
    <time>2026-08-07T09:54:56Z</time>
    <extensions>
     <gpxdata:distance>4981.00</gpxdata:distance>
     <gpxdata:speed>2.139</gpxdata:speed>
    </extensions>
   </trkpt>
   <trkpt lat="43.5015645" lon="16.4417316">
    <ele>19</ele>
    <time>2026-08-07T09:54:57Z</time>
    <extensions>
     <gpxdata:distance>4983.00</gpxdata:distance>
     <gpxdata:speed>2.172</gpxdata:speed>
    </extensions>
   </trkpt>
   <trkpt lat="43.5015806" lon="16.4417434">
    <ele>19</ele>
    <time>2026-08-07T09:54:58Z</time>
    <extensions>
     <gpxdata:distance>4985.00</gpxdata:distance>
     <gpxdata:speed>2.172</gpxdata:speed>
    </extensions>
   </trkpt>
   <trkpt lat="43.5015933" lon="16.4417587">
    <ele>19</ele>
    <time>2026-08-07T09:54:59Z</time>
    <extensions>
     <gpxdata:distance>4987.00</gpxdata:distance>
     <gpxdata:speed>2.139</gpxdata:speed>
    </extensions>
   </trkpt>
   <trkpt lat="43.5016017" lon="16.4417772">
    <ele>19</ele>
    <time>2026-08-07T09:55:00Z</time>
    <extensions>
     <gpxdata:distance>4989.00</gpxdata:distance>
     <gpxdata:speed>2.100</gpxdata:speed>
    </extensions>
   </trkpt>
   <trkpt lat="43.5016065" lon="16.4417984">
    <ele>19</ele>
    <time>2026-08-07T09:55:01Z</time>
    <extensions>
     <gpxdata:distance>4991.00</gpxdata:distance>
     <gpxdata:speed>2.050</gpxdata:speed>
    </extensions>
   </trkpt>
   <trkpt lat="43.5016094" lon="16.4418215">
    <ele>19</ele>
    <time>2026-08-07T09:55:02Z</time>
    <extensions>
     <gpxdata:distance>4993.00</gpxdata:distance>
     <gpxdata:speed>2.025</gpxdata:speed>
    </extensions>
   </trkpt>
   <trkpt lat="43.5016117" lon="16.4418464">
    <ele>19</ele>
    <time>2026-08-07T09:55:03Z</time>
    <extensions>
     <gpxdata:distance>4995.00</gpxdata:distance>
     <gpxdata:speed>2.039</gpxdata:speed>
    </extensions>
   </trkpt>
   <trkpt lat="43.5016135" lon="16.4418731">
    <ele>19</ele>
    <time>2026-08-07T09:55:04Z</time>
    <extensions>
     <gpxdata:distance>4997.00</gpxdata:distance>
     <gpxdata:speed>2.092</gpxdata:speed>
    </extensions>
   </trkpt>
   <trkpt lat="43.5016150" lon="16.4419014">
    <ele>20</ele>
    <time>2026-08-07T09:55:05Z</time>
    <extensions>
     <gpxdata:distance>4999.00</gpxdata:distance>
     <gpxdata:speed>2.169</gpxdata:speed>
    </extensions>
   </trkpt>
   <trkpt lat="43.5016161" lon="16.4419309">
    <ele>20</ele>
    <time>2026-08-07T09:55:06Z</time>
    <extensions>
     <gpxdata:distance>5001.50</gpxdata:distance>
     <gpxdata:speed>2.267</gpxdata:speed>
    </extensions>
   </trkpt>
   <trkpt lat="43.5016170" lon="16.4419608">
    <ele>20</ele>
    <time>2026-08-07T09:55:07Z</time>
    <extensions>
     <gpxdata:distance>5004.00</gpxdata:distance>
     <gpxdata:speed>2.356</gpxdata:speed>
    </extensions>
   </trkpt>
   <trkpt lat="43.5016176" lon="16.4419906">
    <ele>20</ele>
    <time>2026-08-07T09:55:08Z</time>
    <extensions>
     <gpxdata:distance>5006.50</gpxdata:distance>
     <gpxdata:speed>2.394</gpxdata:speed>
    </extensions>
   </trkpt>
   <trkpt lat="43.5016173" lon="16.4420207">
    <ele>20</ele>
    <time>2026-08-07T09:55:09Z</time>
    <extensions>
     <gpxdata:distance>5009.00</gpxdata:distance>
     <gpxdata:speed>2.406</gpxdata:speed>
    </extensions>
   </trkpt>
   <trkpt lat="43.5016159" lon="16.4420514">
    <ele>20</ele>
    <time>2026-08-07T09:55:10Z</time>
    <extensions>
     <gpxdata:distance>5011.50</gpxdata:distance>
     <gpxdata:speed>2.433</gpxdata:speed>
    </extensions>
   </trkpt>
   <trkpt lat="43.5016141" lon="16.4420842">
    <ele>20</ele>
    <time>2026-08-07T09:55:11Z</time>
    <extensions>
     <gpxdata:distance>5014.00</gpxdata:distance>
     <gpxdata:speed>2.489</gpxdata:speed>
    </extensions>
   </trkpt>
   <trkpt lat="43.5016145" lon="16.4421188">
    <ele>20</ele>
    <time>2026-08-07T09:55:12Z</time>
    <extensions>
     <gpxdata:distance>5017.00</gpxdata:distance>
     <gpxdata:speed>2.764</gpxdata:speed>
    </extensions>
   </trkpt>
   <trkpt lat="43.5016201" lon="16.4421529">
    <ele>20</ele>
    <time>2026-08-07T09:55:13Z</time>
    <extensions>
     <gpxdata:distance>5020.00</gpxdata:distance>
     <gpxdata:speed>2.933</gpxdata:speed>
    </extensions>
   </trkpt>
   <trkpt lat="43.5016398" lon="16.4422025">
    <ele>19</ele>
    <time>2026-08-07T09:55:14Z</time>
    <extensions>
     <gpxdata:distance>5023.00</gpxdata:distance>
     <gpxdata:speed>3.042</gpxdata:speed>
    </extensions>
   </trkpt>
   <trkpt lat="43.5016625" lon="16.4422288">
    <ele>19</ele>
    <time>2026-08-07T09:55:15Z</time>
    <extensions>
     <gpxdata:distance>5026.00</gpxdata:distance>
     <gpxdata:speed>3.125</gpxdata:speed>
    </extensions>
   </trkpt>
   <trkpt lat="43.5016885" lon="16.4422447">
    <ele>19</ele>
    <time>2026-08-07T09:55:16Z</time>
    <extensions>
     <gpxdata:distance>5029.00</gpxdata:distance>
     <gpxdata:speed>3.261</gpxdata:speed>
    </extensions>
   </trkpt>
   <trkpt lat="43.5017164" lon="16.4422552">
    <ele>20</ele>
    <time>2026-08-07T09:55:17Z</time>
    <extensions>
     <gpxdata:distance>5032.00</gpxdata:distance>
     <gpxdata:speed>3.261</gpxdata:speed>
    </extensions>
   </trkpt>
   <trkpt lat="43.5017465" lon="16.4422643">
    <ele>20</ele>
    <time>2026-08-07T09:55:18Z</time>
    <extensions>
     <gpxdata:distance>5035.50</gpxdata:distance>
     <gpxdata:speed>3.264</gpxdata:speed>
    </extensions>
   </trkpt>
   <trkpt lat="43.5017796" lon="16.4422755">
    <ele>20</ele>
    <time>2026-08-07T09:55:19Z</time>
    <extensions>
     <gpxdata:distance>5039.00</gpxdata:distance>
     <gpxdata:speed>3.458</gpxdata:speed>
    </extensions>
   </trkpt>
   <trkpt lat="43.5018153" lon="16.4422897">
    <ele>20</ele>
    <time>2026-08-07T09:55:20Z</time>
    <extensions>
     <gpxdata:distance>5043.50</gpxdata:distance>
     <gpxdata:speed>3.847</gpxdata:speed>
    </extensions>
   </trkpt>
   <trkpt lat="43.5018527" lon="16.4423047">
    <ele>20</ele>
    <time>2026-08-07T09:55:21Z</time>
    <extensions>
     <gpxdata:distance>5048.00</gpxdata:distance>
     <gpxdata:speed>4.161</gpxdata:speed>
    </extensions>
   </trkpt>
   <trkpt lat="43.5018909" lon="16.4423190">
    <ele>20</ele>
    <time>2026-08-07T09:55:22Z</time>
    <extensions>
     <gpxdata:distance>5052.50</gpxdata:distance>
     <gpxdata:speed>4.303</gpxdata:speed>
    </extensions>
   </trkpt>
   <trkpt lat="43.5019300" lon="16.4423320">
    <ele>20</ele>
    <time>2026-08-07T09:55:23Z</time>
    <extensions>
     <gpxdata:distance>5057.00</gpxdata:distance>
     <gpxdata:speed>4.358</gpxdata:speed>
    </extensions>
   </trkpt>
   <trkpt lat="43.5019694" lon="16.4423444">
    <ele>20</ele>
    <time>2026-08-07T09:55:24Z</time>
    <extensions>
     <gpxdata:distance>5061.50</gpxdata:distance>
     <gpxdata:speed>4.447</gpxdata:speed>
    </extensions>
   </trkpt>
   <trkpt lat="43.5020088" lon="16.4423565">
    <ele>20</ele>
    <time>2026-08-07T09:55:25Z</time>
    <extensions>
     <gpxdata:distance>5066.00</gpxdata:distance>
     <gpxdata:speed>4.467</gpxdata:speed>
    </extensions>
   </trkpt>
   <trkpt lat="43.5020482" lon="16.4423691">
    <ele>20</ele>
    <time>2026-08-07T09:55:26Z</time>
    <extensions>
     <gpxdata:distance>5070.50</gpxdata:distance>
     <gpxdata:speed>4.478</gpxdata:speed>
    </extensions>
   </trkpt>
   <trkpt lat="43.5020875" lon="16.4423821">
    <ele>20</ele>
    <time>2026-08-07T09:55:27Z</time>
    <extensions>
     <gpxdata:distance>5075.00</gpxdata:distance>
     <gpxdata:speed>4.500</gpxdata:speed>
    </extensions>
   </trkpt>
   <trkpt lat="43.5021266" lon="16.4423961">
    <ele>20</ele>
    <time>2026-08-07T09:55:28Z</time>
    <extensions>
     <gpxdata:distance>5079.50</gpxdata:distance>
     <gpxdata:speed>4.489</gpxdata:speed>
    </extensions>
   </trkpt>
   <trkpt lat="43.5021653" lon="16.4424128">
    <ele>20</ele>
    <time>2026-08-07T09:55:29Z</time>
    <extensions>
     <gpxdata:distance>5084.00</gpxdata:distance>
     <gpxdata:speed>4.497</gpxdata:speed>
    </extensions>
   </trkpt>
   <trkpt lat="43.5022033" lon="16.4424322">
    <ele>20</ele>
    <time>2026-08-07T09:55:30Z</time>
    <extensions>
     <gpxdata:distance>5088.50</gpxdata:distance>
     <gpxdata:speed>4.533</gpxdata:speed>
    </extensions>
   </trkpt>
   <trkpt lat="43.5022401" lon="16.4424550">
    <ele>20</ele>
    <time>2026-08-07T09:55:31Z</time>
    <extensions>
     <gpxdata:distance>5093.00</gpxdata:distance>
     <gpxdata:speed>4.514</gpxdata:speed>
    </extensions>
   </trkpt>
   <trkpt lat="43.5022755" lon="16.4424801">
    <ele>20</ele>
    <time>2026-08-07T09:55:32Z</time>
    <extensions>
     <gpxdata:distance>5097.50</gpxdata:distance>
     <gpxdata:speed>4.511</gpxdata:speed>
    </extensions>
   </trkpt>
   <trkpt lat="43.5023094" lon="16.4425074">
    <ele>20</ele>
    <time>2026-08-07T09:55:33Z</time>
    <extensions>
     <gpxdata:distance>5102.00</gpxdata:distance>
     <gpxdata:speed>4.464</gpxdata:speed>
    </extensions>
   </trkpt>
   <trkpt lat="43.5023421" lon="16.4425374">
    <ele>20</ele>
    <time>2026-08-07T09:55:34Z</time>
    <extensions>
     <gpxdata:distance>5106.00</gpxdata:distance>
     <gpxdata:speed>4.428</gpxdata:speed>
    </extensions>
   </trkpt>
   <trkpt lat="43.5023733" lon="16.4425701">
    <ele>20</ele>
    <time>2026-08-07T09:55:35Z</time>
    <extensions>
     <gpxdata:distance>5110.00</gpxdata:distance>
     <gpxdata:speed>4.406</gpxdata:speed>
    </extensions>
   </trkpt>
   <trkpt lat="43.5024032" lon="16.4426052">
    <ele>20</ele>
    <time>2026-08-07T09:55:36Z</time>
    <extensions>
     <gpxdata:distance>5114.50</gpxdata:distance>
     <gpxdata:speed>4.400</gpxdata:speed>
    </extensions>
   </trkpt>
   <trkpt lat="43.5024322" lon="16.4426414">
    <ele>20</ele>
    <time>2026-08-07T09:55:37Z</time>
    <extensions>
     <gpxdata:distance>5119.00</gpxdata:distance>
     <gpxdata:speed>4.389</gpxdata:speed>
    </extensions>
   </trkpt>
   <trkpt lat="43.5024612" lon="16.4426776">
    <ele>20</ele>
    <time>2026-08-07T09:55:38Z</time>
    <extensions>
     <gpxdata:distance>5123.50</gpxdata:distance>
     <gpxdata:speed>4.372</gpxdata:speed>
    </extensions>
   </trkpt>
   <trkpt lat="43.5024904" lon="16.4427129">
    <ele>20</ele>
    <time>2026-08-07T09:55:39Z</time>
    <extensions>
     <gpxdata:distance>5128.00</gpxdata:distance>
     <gpxdata:speed>4.367</gpxdata:speed>
    </extensions>
   </trkpt>
   <trkpt lat="43.5025200" lon="16.4427473">
    <ele>20</ele>
    <time>2026-08-07T09:55:40Z</time>
    <extensions>
     <gpxdata:distance>5132.50</gpxdata:distance>
     <gpxdata:speed>4.344</gpxdata:speed>
    </extensions>
   </trkpt>
   <trkpt lat="43.5025497" lon="16.4427814">
    <ele>20</ele>
    <time>2026-08-07T09:55:41Z</time>
    <extensions>
     <gpxdata:distance>5137.00</gpxdata:distance>
     <gpxdata:speed>4.328</gpxdata:speed>
    </extensions>
   </trkpt>
   <trkpt lat="43.5025789" lon="16.4428152">
    <ele>20</ele>
    <time>2026-08-07T09:55:42Z</time>
    <extensions>
     <gpxdata:distance>5141.00</gpxdata:distance>
     <gpxdata:speed>4.322</gpxdata:speed>
    </extensions>
   </trkpt>
   <trkpt lat="43.5026058" lon="16.4428470">
    <ele>20</ele>
    <time>2026-08-07T09:55:43Z</time>
    <extensions>
     <gpxdata:distance>5145.00</gpxdata:distance>
     <gpxdata:speed>4.283</gpxdata:speed>
    </extensions>
   </trkpt>
   <trkpt lat="43.5026282" lon="16.4428744">
    <ele>20</ele>
    <time>2026-08-07T09:55:44Z</time>
    <extensions>
     <gpxdata:distance>5148.00</gpxdata:distance>
     <gpxdata:speed>3.908</gpxdata:speed>
    </extensions>
   </trkpt>
   <trkpt lat="43.5026453" lon="16.4428956">
    <ele>20</ele>
    <time>2026-08-07T09:55:45Z</time>
    <extensions>
     <gpxdata:distance>5151.00</gpxdata:distance>
     <gpxdata:speed>3.239</gpxdata:speed>
    </extensions>
   </trkpt>
   <trkpt lat="43.5026527" lon="16.4429053">
    <ele>20</ele>
    <time>2026-08-07T09:55:46Z</time>
    <extensions>
     <gpxdata:distance>5152.50</gpxdata:distance>
     <gpxdata:speed>2.472</gpxdata:speed>
    </extensions>
   </trkpt>
   <trkpt lat="43.5026591" lon="16.4429140">
    <ele>20</ele>
    <time>2026-08-07T09:55:47Z</time>
    <extensions>
     <gpxdata:distance>5154.00</gpxdata:distance>
     <gpxdata:speed>1.989</gpxdata:speed>
    </extensions>
   </trkpt>
   <trkpt lat="43.5026674" lon="16.4429254">
    <ele>20</ele>
    <time>2026-08-07T09:55:48Z</time>
    <extensions>
     <gpxdata:distance>5156.00</gpxdata:distance>
     <gpxdata:speed>1.831</gpxdata:speed>
    </extensions>
   </trkpt>
   <trkpt lat="43.5026770" lon="16.4429387">
    <ele>20</ele>
    <time>2026-08-07T09:55:49Z</time>
    <extensions>
     <gpxdata:distance>5158.00</gpxdata:distance>
     <gpxdata:speed>1.811</gpxdata:speed>
    </extensions>
   </trkpt>
   <trkpt lat="43.5026874" lon="16.4429530">
    <ele>20</ele>
    <time>2026-08-07T09:55:50Z</time>
    <extensions>
     <gpxdata:distance>5159.50</gpxdata:distance>
     <gpxdata:speed>1.811</gpxdata:speed>
    </extensions>
   </trkpt>
   <trkpt lat="43.5026977" lon="16.4429678">
    <ele>20</ele>
    <time>2026-08-07T09:55:51Z</time>
    <extensions>
     <gpxdata:distance>5161.00</gpxdata:distance>
     <gpxdata:speed>1.792</gpxdata:speed>
    </extensions>
   </trkpt>
   <trkpt lat="43.5027071" lon="16.4429835">
    <ele>20</ele>
    <time>2026-08-07T09:55:52Z</time>
    <extensions>
     <gpxdata:distance>5162.50</gpxdata:distance>
     <gpxdata:speed>1.672</gpxdata:speed>
    </extensions>
   </trkpt>
   <trkpt lat="43.5027160" lon="16.4430001">
    <ele>20</ele>
    <time>2026-08-07T09:55:53Z</time>
    <extensions>
     <gpxdata:distance>5164.00</gpxdata:distance>
     <gpxdata:speed>1.656</gpxdata:speed>
    </extensions>
   </trkpt>
   <trkpt lat="43.5027247" lon="16.4430182">
    <ele>20</ele>
    <time>2026-08-07T09:55:54Z</time>
    <extensions>
     <gpxdata:distance>5166.00</gpxdata:distance>
     <gpxdata:speed>1.703</gpxdata:speed>
    </extensions>
   </trkpt>
   <trkpt lat="43.5027329" lon="16.4430377">
    <ele>20</ele>
    <time>2026-08-07T09:55:55Z</time>
    <extensions>
     <gpxdata:distance>5168.00</gpxdata:distance>
     <gpxdata:speed>1.756</gpxdata:speed>
    </extensions>
   </trkpt>
   <trkpt lat="43.5027404" lon="16.4430591">
    <ele>20</ele>
    <time>2026-08-07T09:55:56Z</time>
    <extensions>
     <gpxdata:distance>5170.00</gpxdata:distance>
     <gpxdata:speed>1.833</gpxdata:speed>
    </extensions>
   </trkpt>
   <trkpt lat="43.5027475" lon="16.4430821">
    <ele>20</ele>
    <time>2026-08-07T09:55:57Z</time>
    <extensions>
     <gpxdata:distance>5172.00</gpxdata:distance>
     <gpxdata:speed>1.936</gpxdata:speed>
    </extensions>
   </trkpt>
   <trkpt lat="43.5027582" lon="16.4431139">
    <ele>20</ele>
    <time>2026-08-07T09:55:58Z</time>
    <extensions>
     <gpxdata:distance>5174.50</gpxdata:distance>
     <gpxdata:speed>2.031</gpxdata:speed>
    </extensions>
   </trkpt>
   <trkpt lat="43.5027681" lon="16.4431407">
    <ele>20</ele>
    <time>2026-08-07T09:55:59Z</time>
    <extensions>
     <gpxdata:distance>5177.00</gpxdata:distance>
     <gpxdata:speed>2.097</gpxdata:speed>
    </extensions>
   </trkpt>
   <trkpt lat="43.5027786" lon="16.4431662">
    <ele>20</ele>
    <time>2026-08-07T09:56:00Z</time>
    <extensions>
     <gpxdata:distance>5179.00</gpxdata:distance>
     <gpxdata:speed>2.153</gpxdata:speed>
    </extensions>
   </trkpt>
   <trkpt lat="43.5027914" lon="16.4431917">
    <ele>20</ele>
    <time>2026-08-07T09:56:01Z</time>
    <extensions>
     <gpxdata:distance>5181.00</gpxdata:distance>
     <gpxdata:speed>2.242</gpxdata:speed>
    </extensions>
   </trkpt>
   <trkpt lat="43.5028086" lon="16.4432167">
    <ele>20</ele>
    <time>2026-08-07T09:56:02Z</time>
    <extensions>
     <gpxdata:distance>5184.50</gpxdata:distance>
     <gpxdata:speed>2.603</gpxdata:speed>
    </extensions>
   </trkpt>
   <trkpt lat="43.5028458" lon="16.4432548">
    <ele>20</ele>
    <time>2026-08-07T09:56:03Z</time>
    <extensions>
     <gpxdata:distance>5188.00</gpxdata:distance>
     <gpxdata:speed>3.067</gpxdata:speed>
    </extensions>
   </trkpt>
   <trkpt lat="43.5028789" lon="16.4432758">
    <ele>20</ele>
    <time>2026-08-07T09:56:04Z</time>
    <extensions>
     <gpxdata:distance>5192.00</gpxdata:distance>
     <gpxdata:speed>3.550</gpxdata:speed>
    </extensions>
   </trkpt>
   <trkpt lat="43.5029137" lon="16.4432856">
    <ele>20</ele>
    <time>2026-08-07T09:56:05Z</time>
    <extensions>
     <gpxdata:distance>5196.00</gpxdata:distance>
     <gpxdata:speed>3.844</gpxdata:speed>
    </extensions>
   </trkpt>
   <trkpt lat="43.5029490" lon="16.4432832">
    <ele>20</ele>
    <time>2026-08-07T09:56:06Z</time>
    <extensions>
     <gpxdata:distance>5200.00</gpxdata:distance>
     <gpxdata:speed>3.983</gpxdata:speed>
    </extensions>
   </trkpt>
   <trkpt lat="43.5029828" lon="16.4432678">
    <ele>20</ele>
    <time>2026-08-07T09:56:07Z</time>
    <extensions>
     <gpxdata:distance>5204.00</gpxdata:distance>
     <gpxdata:speed>4.033</gpxdata:speed>
    </extensions>
   </trkpt>
   <trkpt lat="43.5030142" lon="16.4432410">
    <ele>20</ele>
    <time>2026-08-07T09:56:08Z</time>
    <extensions>
     <gpxdata:distance>5208.00</gpxdata:distance>
     <gpxdata:speed>4.106</gpxdata:speed>
    </extensions>
   </trkpt>
   <trkpt lat="43.5030438" lon="16.4432069">
    <ele>20</ele>
    <time>2026-08-07T09:56:09Z</time>
    <extensions>
     <gpxdata:distance>5212.00</gpxdata:distance>
     <gpxdata:speed>4.222</gpxdata:speed>
    </extensions>
   </trkpt>
   <trkpt lat="43.5030729" lon="16.4431687">
    <ele>20</ele>
    <time>2026-08-07T09:56:10Z</time>
    <extensions>
     <gpxdata:distance>5216.50</gpxdata:distance>
     <gpxdata:speed>4.331</gpxdata:speed>
    </extensions>
   </trkpt>
   <trkpt lat="43.5031028" lon="16.4431280">
    <ele>20</ele>
    <time>2026-08-07T09:56:11Z</time>
    <extensions>
     <gpxdata:distance>5221.00</gpxdata:distance>
     <gpxdata:speed>4.475</gpxdata:speed>
    </extensions>
   </trkpt>
   <trkpt lat="43.5031338" lon="16.4430857">
    <ele>20</ele>
    <time>2026-08-07T09:56:12Z</time>
    <extensions>
     <gpxdata:distance>5226.00</gpxdata:distance>
     <gpxdata:speed>4.667</gpxdata:speed>
    </extensions>
   </trkpt>
   <trkpt lat="43.5031671" lon="16.4430445">
    <ele>20</ele>
    <time>2026-08-07T09:56:13Z</time>
    <extensions>
     <gpxdata:distance>5231.00</gpxdata:distance>
     <gpxdata:speed>4.822</gpxdata:speed>
    </extensions>
   </trkpt>
   <trkpt lat="43.5032049" lon="16.4430077">
    <ele>20</ele>
    <time>2026-08-07T09:56:14Z</time>
    <extensions>
     <gpxdata:distance>5236.00</gpxdata:distance>
     <gpxdata:speed>4.978</gpxdata:speed>
    </extensions>
   </trkpt>
   <trkpt lat="43.5032482" lon="16.4429773">
    <ele>20</ele>
    <time>2026-08-07T09:56:15Z</time>
    <extensions>
     <gpxdata:distance>5241.00</gpxdata:distance>
     <gpxdata:speed>5.183</gpxdata:speed>
    </extensions>
   </trkpt>
   <trkpt lat="43.5032966" lon="16.4429513">
    <ele>20</ele>
    <time>2026-08-07T09:56:16Z</time>
    <extensions>
     <gpxdata:distance>5247.00</gpxdata:distance>
     <gpxdata:speed>5.475</gpxdata:speed>
    </extensions>
   </trkpt>
   <trkpt lat="43.5033483" lon="16.4429258">
    <ele>20</ele>
    <time>2026-08-07T09:56:17Z</time>
    <extensions>
     <gpxdata:distance>5253.00</gpxdata:distance>
     <gpxdata:speed>5.836</gpxdata:speed>
    </extensions>
   </trkpt>
   <trkpt lat="43.5034199" lon="16.4428900">
    <ele>20</ele>
    <time>2026-08-07T09:56:18Z</time>
    <extensions>
     <gpxdata:distance>5259.50</gpxdata:distance>
     <gpxdata:speed>6.097</gpxdata:speed>
    </extensions>
   </trkpt>
   <trkpt lat="43.5034787" lon="16.4428611">
    <ele>20</ele>
    <time>2026-08-07T09:56:19Z</time>
    <extensions>
     <gpxdata:distance>5266.00</gpxdata:distance>
     <gpxdata:speed>6.339</gpxdata:speed>
    </extensions>
   </trkpt>
   <trkpt lat="43.5035383" lon="16.4428332">
    <ele>20</ele>
    <time>2026-08-07T09:56:20Z</time>
    <extensions>
     <gpxdata:distance>5273.00</gpxdata:distance>
     <gpxdata:speed>6.589</gpxdata:speed>
    </extensions>
   </trkpt>
   <trkpt lat="43.5036009" lon="16.4428048">
    <ele>20</ele>
    <time>2026-08-07T09:56:21Z</time>
    <extensions>
     <gpxdata:distance>5280.00</gpxdata:distance>
     <gpxdata:speed>6.867</gpxdata:speed>
    </extensions>
   </trkpt>
   <trkpt lat="43.5036661" lon="16.4427753">
    <ele>20</ele>
    <time>2026-08-07T09:56:22Z</time>
    <extensions>
     <gpxdata:distance>5288.00</gpxdata:distance>
     <gpxdata:speed>7.217</gpxdata:speed>
    </extensions>
   </trkpt>
   <trkpt lat="43.5037334" lon="16.4427455">
    <ele>20</ele>
    <time>2026-08-07T09:56:23Z</time>
    <extensions>
     <gpxdata:distance>5296.00</gpxdata:distance>
     <gpxdata:speed>7.506</gpxdata:speed>
    </extensions>
   </trkpt>
   <trkpt lat="43.5038017" lon="16.4427160">
    <ele>20</ele>
    <time>2026-08-07T09:56:24Z</time>
    <extensions>
     <gpxdata:distance>5304.00</gpxdata:distance>
     <gpxdata:speed>7.733</gpxdata:speed>
    </extensions>
   </trkpt>
   <trkpt lat="43.5038699" lon="16.4426870">
    <ele>20</ele>
    <time>2026-08-07T09:56:25Z</time>
    <extensions>
     <gpxdata:distance>5312.00</gpxdata:distance>
     <gpxdata:speed>7.850</gpxdata:speed>
    </extensions>
   </trkpt>
   <trkpt lat="43.5039377" lon="16.4426595">
    <ele>20</ele>
    <time>2026-08-07T09:56:26Z</time>
    <extensions>
     <gpxdata:distance>5319.50</gpxdata:distance>
     <gpxdata:speed>7.864</gpxdata:speed>
    </extensions>
   </trkpt>
   <trkpt lat="43.5040043" lon="16.4426346">
    <ele>20</ele>
    <time>2026-08-07T09:56:27Z</time>
    <extensions>
     <gpxdata:distance>5327.00</gpxdata:distance>
     <gpxdata:speed>7.825</gpxdata:speed>
    </extensions>
   </trkpt>
   <trkpt lat="43.5040692" lon="16.4426131">
    <ele>20</ele>
    <time>2026-08-07T09:56:28Z</time>
    <extensions>
     <gpxdata:distance>5334.50</gpxdata:distance>
     <gpxdata:speed>7.686</gpxdata:speed>
    </extensions>
   </trkpt>
   <trkpt lat="43.5041322" lon="16.4425944">
    <ele>20</ele>
    <time>2026-08-07T09:56:29Z</time>
    <extensions>
     <gpxdata:distance>5342.00</gpxdata:distance>
     <gpxdata:speed>7.456</gpxdata:speed>
    </extensions>
   </trkpt>
   <trkpt lat="43.5041928" lon="16.4425772">
    <ele>20</ele>
    <time>2026-08-07T09:56:30Z</time>
    <extensions>
     <gpxdata:distance>5349.00</gpxdata:distance>
     <gpxdata:speed>7.339</gpxdata:speed>
    </extensions>
   </trkpt>
   <trkpt lat="43.5042458" lon="16.4425623">
    <ele>20</ele>
    <time>2026-08-07T09:56:31Z</time>
    <extensions>
     <gpxdata:distance>5356.00</gpxdata:distance>
     <gpxdata:speed>7.167</gpxdata:speed>
    </extensions>
   </trkpt>
   <trkpt lat="43.5042835" lon="16.4425526">
    <ele>20</ele>
    <time>2026-08-07T09:56:32Z</time>
    <extensions>
     <gpxdata:distance>5360.00</gpxdata:distance>
     <gpxdata:speed>6.183</gpxdata:speed>
    </extensions>
   </trkpt>
   <trkpt lat="43.5043030" lon="16.4425484">
    <ele>20</ele>
    <time>2026-08-07T09:56:33Z</time>
    <extensions>
     <gpxdata:distance>5364.00</gpxdata:distance>
     <gpxdata:speed>6.058</gpxdata:speed>
    </extensions>
   </trkpt>
   <trkpt lat="43.5043050" lon="16.4425481">
    <ele>20</ele>
    <time>2026-08-07T09:56:34Z</time>
    <extensions>
     <gpxdata:distance>5364.00</gpxdata:distance>
     <gpxdata:speed>1.061</gpxdata:speed>
    </extensions>
   </trkpt>
   <trkpt lat="43.5043074" lon="16.4425476">
    <ele>20</ele>
    <time>2026-08-07T09:56:35Z</time>
    <extensions>
     <gpxdata:distance>5364.00</gpxdata:distance>
     <gpxdata:speed>1.061</gpxdata:speed>
    </extensions>
   </trkpt>
   <trkpt lat="43.5043111" lon="16.4425461">
    <ele>20</ele>
    <time>2026-08-07T09:56:36Z</time>
    <extensions>
     <gpxdata:distance>5364.00</gpxdata:distance>
     <gpxdata:speed>1.042</gpxdata:speed>
    </extensions>
   </trkpt>
   <trkpt lat="43.5043169" lon="16.4425432">
    <ele>20</ele>
    <time>2026-08-07T09:56:37Z</time>
    <extensions>
     <gpxdata:distance>5364.00</gpxdata:distance>
     <gpxdata:speed>1.042</gpxdata:speed>
    </extensions>
   </trkpt>
   <trkpt lat="43.5043250" lon="16.4425376">
    <ele>20</ele>
    <time>2026-08-07T09:56:38Z</time>
    <extensions>
     <gpxdata:distance>5367.00</gpxdata:distance>
     <gpxdata:speed>1.272</gpxdata:speed>
    </extensions>
   </trkpt>
   <trkpt lat="43.5043363" lon="16.4425296">
    <ele>20</ele>
    <time>2026-08-07T09:56:39Z</time>
    <extensions>
     <gpxdata:distance>5370.00</gpxdata:distance>
     <gpxdata:speed>1.558</gpxdata:speed>
    </extensions>
   </trkpt>
   <trkpt lat="43.5043519" lon="16.4425219">
    <ele>20</ele>
    <time>2026-08-07T09:56:40Z</time>
    <extensions>
     <gpxdata:distance>5372.50</gpxdata:distance>
     <gpxdata:speed>1.967</gpxdata:speed>
    </extensions>
   </trkpt>
   <trkpt lat="43.5043805" lon="16.4425128">
    <ele>20</ele>
    <time>2026-08-07T09:56:41Z</time>
    <extensions>
     <gpxdata:distance>5375.00</gpxdata:distance>
     <gpxdata:speed>2.428</gpxdata:speed>
    </extensions>
   </trkpt>
   <trkpt lat="43.5044313" lon="16.4424988">
    <ele>20</ele>
    <time>2026-08-07T09:56:42Z</time>
    <extensions>
     <gpxdata:distance>5379.50</gpxdata:distance>
     <gpxdata:speed>3.161</gpxdata:speed>
    </extensions>
   </trkpt>
   <trkpt lat="43.5044745" lon="16.4424871">
    <ele>20</ele>
    <time>2026-08-07T09:56:43Z</time>
    <extensions>
     <gpxdata:distance>5384.00</gpxdata:distance>
     <gpxdata:speed>3.161</gpxdata:speed>
    </extensions>
   </trkpt>
   <trkpt lat="43.5045211" lon="16.4424750">
    <ele>20</ele>
    <time>2026-08-07T09:56:44Z</time>
    <extensions>
     <gpxdata:distance>5389.50</gpxdata:distance>
     <gpxdata:speed>3.347</gpxdata:speed>
    </extensions>
   </trkpt>
   <trkpt lat="43.5045717" lon="16.4424624">
    <ele>20</ele>
    <time>2026-08-07T09:56:45Z</time>
    <extensions>
     <gpxdata:distance>5395.00</gpxdata:distance>
     <gpxdata:speed>3.889</gpxdata:speed>
    </extensions>
   </trkpt>
   <trkpt lat="43.5046250" lon="16.4424485">
    <ele>20</ele>
    <time>2026-08-07T09:56:46Z</time>
    <extensions>
     <gpxdata:distance>5401.00</gpxdata:distance>
     <gpxdata:speed>5.658</gpxdata:speed>
    </extensions>
   </trkpt>
   <trkpt lat="43.5046793" lon="16.4424331">
    <ele>20</ele>
    <time>2026-08-07T09:56:47Z</time>
    <extensions>
     <gpxdata:distance>5407.00</gpxdata:distance>
     <gpxdata:speed>5.997</gpxdata:speed>
    </extensions>
   </trkpt>
   <trkpt lat="43.5047523" lon="16.4424118">
    <ele>20</ele>
    <time>2026-08-07T09:56:48Z</time>
    <extensions>
     <gpxdata:distance>5413.50</gpxdata:distance>
     <gpxdata:speed>6.106</gpxdata:speed>
    </extensions>
   </trkpt>
   <trkpt lat="43.5048099" lon="16.4423952">
    <ele>20</ele>
    <time>2026-08-07T09:56:49Z</time>
    <extensions>
     <gpxdata:distance>5420.00</gpxdata:distance>
     <gpxdata:speed>6.161</gpxdata:speed>
    </extensions>
   </trkpt>
   <trkpt lat="43.5048658" lon="16.4423793">
    <ele>20</ele>
    <time>2026-08-07T09:56:50Z</time>
    <extensions>
     <gpxdata:distance>5426.00</gpxdata:distance>
     <gpxdata:speed>6.250</gpxdata:speed>
    </extensions>
   </trkpt>
   <trkpt lat="43.5049218" lon="16.4423630">
    <ele>20</ele>
    <time>2026-08-07T09:56:51Z</time>
    <extensions>
     <gpxdata:distance>5432.00</gpxdata:distance>
     <gpxdata:speed>6.292</gpxdata:speed>
    </extensions>
   </trkpt>
   <trkpt lat="43.5049771" lon="16.4423454">
    <ele>20</ele>
    <time>2026-08-07T09:56:52Z</time>
    <extensions>
     <gpxdata:distance>5438.50</gpxdata:distance>
     <gpxdata:speed>6.336</gpxdata:speed>
    </extensions>
   </trkpt>
   <trkpt lat="43.5050322" lon="16.4423268">
    <ele>20</ele>
    <time>2026-08-07T09:56:53Z</time>
    <extensions>
     <gpxdata:distance>5445.00</gpxdata:distance>
     <gpxdata:speed>6.314</gpxdata:speed>
    </extensions>
   </trkpt>
   <trkpt lat="43.5050875" lon="16.4423090">
    <ele>20</ele>
    <time>2026-08-07T09:56:54Z</time>
    <extensions>
     <gpxdata:distance>5451.50</gpxdata:distance>
     <gpxdata:speed>6.339</gpxdata:speed>
    </extensions>
   </trkpt>
   <trkpt lat="43.5051427" lon="16.4422910">
    <ele>20</ele>
    <time>2026-08-07T09:56:55Z</time>
    <extensions>
     <gpxdata:distance>5458.00</gpxdata:distance>
     <gpxdata:speed>6.347</gpxdata:speed>
    </extensions>
   </trkpt>
   <trkpt lat="43.5051983" lon="16.4422714">
    <ele>20</ele>
    <time>2026-08-07T09:56:56Z</time>
    <extensions>
     <gpxdata:distance>5464.00</gpxdata:distance>
     <gpxdata:speed>6.336</gpxdata:speed>
    </extensions>
   </trkpt>
   <trkpt lat="43.5052539" lon="16.4422484">
    <ele>20</ele>
    <time>2026-08-07T09:56:57Z</time>
    <extensions>
     <gpxdata:distance>5470.00</gpxdata:distance>
     <gpxdata:speed>6.361</gpxdata:speed>
    </extensions>
   </trkpt>
   <trkpt lat="43.5053092" lon="16.4422214">
    <ele>20</ele>
    <time>2026-08-07T09:56:58Z</time>
    <extensions>
     <gpxdata:distance>5477.00</gpxdata:distance>
     <gpxdata:speed>6.403</gpxdata:speed>
    </extensions>
   </trkpt>
   <trkpt lat="43.5053645" lon="16.4421922">
    <ele>20</ele>
    <time>2026-08-07T09:56:59Z</time>
    <extensions>
     <gpxdata:distance>5484.00</gpxdata:distance>
     <gpxdata:speed>6.453</gpxdata:speed>
    </extensions>
   </trkpt>
   <trkpt lat="43.5054200" lon="16.4421626">
    <ele>20</ele>
    <time>2026-08-07T09:57:00Z</time>
    <extensions>
     <gpxdata:distance>5490.50</gpxdata:distance>
     <gpxdata:speed>6.500</gpxdata:speed>
    </extensions>
   </trkpt>
   <trkpt lat="43.5054757" lon="16.4421330">
    <ele>20</ele>
    <time>2026-08-07T09:57:01Z</time>
    <extensions>
     <gpxdata:distance>5497.00</gpxdata:distance>
     <gpxdata:speed>6.539</gpxdata:speed>
    </extensions>
   </trkpt>
   <trkpt lat="43.5055326" lon="16.4421030">
    <ele>20</ele>
    <time>2026-08-07T09:57:02Z</time>
    <extensions>
     <gpxdata:distance>5503.50</gpxdata:distance>
     <gpxdata:speed>6.578</gpxdata:speed>
    </extensions>
   </trkpt>
   <trkpt lat="43.5055920" lon="16.4420715">
    <ele>20</ele>
    <time>2026-08-07T09:57:03Z</time>
    <extensions>
     <gpxdata:distance>5510.00</gpxdata:distance>
     <gpxdata:speed>6.658</gpxdata:speed>
    </extensions>
   </trkpt>
   <trkpt lat="43.5056542" lon="16.4420383">
    <ele>20</ele>
    <time>2026-08-07T09:57:04Z</time>
    <extensions>
     <gpxdata:distance>5517.50</gpxdata:distance>
     <gpxdata:speed>7.025</gpxdata:speed>
    </extensions>
   </trkpt>
   <trkpt lat="43.5057185" lon="16.4420039">
    <ele>20</ele>
    <time>2026-08-07T09:57:05Z</time>
    <extensions>
     <gpxdata:distance>5525.00</gpxdata:distance>
     <gpxdata:speed>7.344</gpxdata:speed>
    </extensions>
   </trkpt>
   <trkpt lat="43.5057849" lon="16.4419681">
    <ele>20</ele>
    <time>2026-08-07T09:57:06Z</time>
    <extensions>
     <gpxdata:distance>5533.00</gpxdata:distance>
     <gpxdata:speed>7.581</gpxdata:speed>
    </extensions>
   </trkpt>
   <trkpt lat="43.5058530" lon="16.4419313">
    <ele>20</ele>
    <time>2026-08-07T09:57:07Z</time>
    <extensions>
     <gpxdata:distance>5541.00</gpxdata:distance>
     <gpxdata:speed>7.828</gpxdata:speed>
    </extensions>
   </trkpt>
   <trkpt lat="43.5059227" lon="16.4418948">
    <ele>20</ele>
    <time>2026-08-07T09:57:08Z</time>
    <extensions>
     <gpxdata:distance>5549.50</gpxdata:distance>
     <gpxdata:speed>8.047</gpxdata:speed>
    </extensions>
   </trkpt>
   <trkpt lat="43.5059926" lon="16.4418588">
    <ele>20</ele>
    <time>2026-08-07T09:57:09Z</time>
    <extensions>
     <gpxdata:distance>5558.00</gpxdata:distance>
     <gpxdata:speed>8.192</gpxdata:speed>
    </extensions>
   </trkpt>
   <trkpt lat="43.5060617" lon="16.4418238">
    <ele>20</ele>
    <time>2026-08-07T09:57:10Z</time>
    <extensions>
     <gpxdata:distance>5566.00</gpxdata:distance>
     <gpxdata:speed>8.225</gpxdata:speed>
    </extensions>
   </trkpt>
   <trkpt lat="43.5061293" lon="16.4417900">
    <ele>20</ele>
    <time>2026-08-07T09:57:11Z</time>
    <extensions>
     <gpxdata:distance>5574.00</gpxdata:distance>
     <gpxdata:speed>8.139</gpxdata:speed>
    </extensions>
   </trkpt>
   <trkpt lat="43.5061935" lon="16.4417571">
    <ele>20</ele>
    <time>2026-08-07T09:57:12Z</time>
    <extensions>
     <gpxdata:distance>5581.50</gpxdata:distance>
     <gpxdata:speed>7.989</gpxdata:speed>
    </extensions>
   </trkpt>
   <trkpt lat="43.5062499" lon="16.4417265">
    <ele>20</ele>
    <time>2026-08-07T09:57:13Z</time>
    <extensions>
     <gpxdata:distance>5589.00</gpxdata:distance>
     <gpxdata:speed>7.792</gpxdata:speed>
    </extensions>
   </trkpt>
   <trkpt lat="43.5062947" lon="16.4417014">
    <ele>20</ele>
    <time>2026-08-07T09:57:14Z</time>
    <extensions>
     <gpxdata:distance>5594.00</gpxdata:distance>
     <gpxdata:speed>6.892</gpxdata:speed>
    </extensions>
   </trkpt>
   <trkpt lat="43.5063271" lon="16.4416808">
    <ele>20</ele>
    <time>2026-08-07T09:57:15Z</time>
    <extensions>
     <gpxdata:distance>5599.00</gpxdata:distance>
     <gpxdata:speed>6.800</gpxdata:speed>
    </extensions>
   </trkpt>
   <trkpt lat="43.5063447" lon="16.4416676">
    <ele>20</ele>
    <time>2026-08-07T09:57:16Z</time>
    <extensions>
     <gpxdata:distance>5602.00</gpxdata:distance>
     <gpxdata:speed>4.275</gpxdata:speed>
    </extensions>
   </trkpt>
   <trkpt lat="43.5063662" lon="16.4416516">
    <ele>20</ele>
    <time>2026-08-07T09:57:17Z</time>
    <extensions>
     <gpxdata:distance>5605.00</gpxdata:distance>
     <gpxdata:speed>4.275</gpxdata:speed>
    </extensions>
   </trkpt>
   <trkpt lat="43.5063898" lon="16.4416329">
    <ele>20</ele>
    <time>2026-08-07T09:57:18Z</time>
    <extensions>
     <gpxdata:distance>5608.50</gpxdata:distance>
     <gpxdata:speed>3.444</gpxdata:speed>
    </extensions>
   </trkpt>
   <trkpt lat="43.5064144" lon="16.4416093">
    <ele>20</ele>
    <time>2026-08-07T09:57:19Z</time>
    <extensions>
     <gpxdata:distance>5612.00</gpxdata:distance>
     <gpxdata:speed>3.444</gpxdata:speed>
    </extensions>
   </trkpt>
   <trkpt lat="43.5064397" lon="16.4415803">
    <ele>20</ele>
    <time>2026-08-07T09:57:20Z</time>
    <extensions>
     <gpxdata:distance>5616.00</gpxdata:distance>
     <gpxdata:speed>3.564</gpxdata:speed>
    </extensions>
   </trkpt>
   <trkpt lat="43.5064661" lon="16.4415474">
    <ele>20</ele>
    <time>2026-08-07T09:57:21Z</time>
    <extensions>
     <gpxdata:distance>5620.00</gpxdata:distance>
     <gpxdata:speed>3.803</gpxdata:speed>
    </extensions>
   </trkpt>
   <trkpt lat="43.5064932" lon="16.4415110">
    <ele>20</ele>
    <time>2026-08-07T09:57:22Z</time>
    <extensions>
     <gpxdata:distance>5624.00</gpxdata:distance>
     <gpxdata:speed>4.033</gpxdata:speed>
    </extensions>
   </trkpt>
   <trkpt lat="43.5065201" lon="16.4414706">
    <ele>20</ele>
    <time>2026-08-07T09:57:23Z</time>
    <extensions>
     <gpxdata:distance>5628.00</gpxdata:distance>
     <gpxdata:speed>4.225</gpxdata:speed>
    </extensions>
   </trkpt>
   <trkpt lat="43.5065457" lon="16.4414253">
    <ele>20</ele>
    <time>2026-08-07T09:57:24Z</time>
    <extensions>
     <gpxdata:distance>5633.00</gpxdata:distance>
     <gpxdata:speed>4.439</gpxdata:speed>
    </extensions>
   </trkpt>
   <trkpt lat="43.5065709" lon="16.4413771">
    <ele>20</ele>
    <time>2026-08-07T09:57:25Z</time>
    <extensions>
     <gpxdata:distance>5638.00</gpxdata:distance>
     <gpxdata:speed>4.639</gpxdata:speed>
    </extensions>
   </trkpt>
   <trkpt lat="43.5065984" lon="16.4413292">
    <ele>20</ele>
    <time>2026-08-07T09:57:26Z</time>
    <extensions>
     <gpxdata:distance>5643.00</gpxdata:distance>
     <gpxdata:speed>4.767</gpxdata:speed>
    </extensions>
   </trkpt>
   <trkpt lat="43.5066300" lon="16.4412844">
    <ele>20</ele>
    <time>2026-08-07T09:57:27Z</time>
    <extensions>
     <gpxdata:distance>5648.00</gpxdata:distance>
     <gpxdata:speed>4.936</gpxdata:speed>
    </extensions>
   </trkpt>
   <trkpt lat="43.5066661" lon="16.4412465">
    <ele>20</ele>
    <time>2026-08-07T09:57:28Z</time>
    <extensions>
     <gpxdata:distance>5653.00</gpxdata:distance>
     <gpxdata:speed>5.064</gpxdata:speed>
    </extensions>
   </trkpt>
   <trkpt lat="43.5067055" lon="16.4412202">
    <ele>20</ele>
    <time>2026-08-07T09:57:29Z</time>
    <extensions>
     <gpxdata:distance>5658.00</gpxdata:distance>
     <gpxdata:speed>5.089</gpxdata:speed>
    </extensions>
   </trkpt>
   <trkpt lat="43.5067457" lon="16.4412102">
    <ele>20</ele>
    <time>2026-08-07T09:57:30Z</time>
    <extensions>
     <gpxdata:distance>5662.50</gpxdata:distance>
     <gpxdata:speed>4.978</gpxdata:speed>
    </extensions>
   </trkpt>
   <trkpt lat="43.5067842" lon="16.4412150">
    <ele>20</ele>
    <time>2026-08-07T09:57:31Z</time>
    <extensions>
     <gpxdata:distance>5667.00</gpxdata:distance>
     <gpxdata:speed>4.814</gpxdata:speed>
    </extensions>
   </trkpt>
   <trkpt lat="43.5068197" lon="16.4412298">
    <ele>20</ele>
    <time>2026-08-07T09:57:32Z</time>
    <extensions>
     <gpxdata:distance>5671.00</gpxdata:distance>
     <gpxdata:speed>4.647</gpxdata:speed>
    </extensions>
   </trkpt>
   <trkpt lat="43.5068511" lon="16.4412507">
    <ele>20</ele>
    <time>2026-08-07T09:57:33Z</time>
    <extensions>
     <gpxdata:distance>5675.00</gpxdata:distance>
     <gpxdata:speed>4.447</gpxdata:speed>
    </extensions>
   </trkpt>
   <trkpt lat="43.5068775" lon="16.4412769">
    <ele>21</ele>
    <time>2026-08-07T09:57:34Z</time>
    <extensions>
     <gpxdata:distance>5678.50</gpxdata:distance>
     <gpxdata:speed>3.925</gpxdata:speed>
    </extensions>
   </trkpt>
   <trkpt lat="43.5068990" lon="16.4413084">
    <ele>21</ele>
    <time>2026-08-07T09:57:35Z</time>
    <extensions>
     <gpxdata:distance>5682.00</gpxdata:distance>
     <gpxdata:speed>3.658</gpxdata:speed>
    </extensions>
   </trkpt>
   <trkpt lat="43.5069156" lon="16.4413442">
    <ele>21</ele>
    <time>2026-08-07T09:57:36Z</time>
    <extensions>
     <gpxdata:distance>5685.50</gpxdata:distance>
     <gpxdata:speed>3.561</gpxdata:speed>
    </extensions>
   </trkpt>
   <trkpt lat="43.5069275" lon="16.4413840">
    <ele>21</ele>
    <time>2026-08-07T09:57:37Z</time>
    <extensions>
     <gpxdata:distance>5689.00</gpxdata:distance>
     <gpxdata:speed>3.503</gpxdata:speed>
    </extensions>
   </trkpt>
   <trkpt lat="43.5069344" lon="16.4414276">
    <ele>22</ele>
    <time>2026-08-07T09:57:38Z</time>
    <extensions>
     <gpxdata:distance>5692.50</gpxdata:distance>
     <gpxdata:speed>3.550</gpxdata:speed>
    </extensions>
   </trkpt>
   <trkpt lat="43.5069369" lon="16.4414741">
    <ele>22</ele>
    <time>2026-08-07T09:57:39Z</time>
    <extensions>
     <gpxdata:distance>5696.00</gpxdata:distance>
     <gpxdata:speed>3.672</gpxdata:speed>
    </extensions>
   </trkpt>
   <trkpt lat="43.5069373" lon="16.4415228">
    <ele>22</ele>
    <time>2026-08-07T09:57:40Z</time>
    <extensions>
     <gpxdata:distance>5700.00</gpxdata:distance>
     <gpxdata:speed>3.800</gpxdata:speed>
    </extensions>
   </trkpt>
   <trkpt lat="43.5069375" lon="16.4415732">
    <ele>22</ele>
    <time>2026-08-07T09:57:41Z</time>
    <extensions>
     <gpxdata:distance>5704.00</gpxdata:distance>
     <gpxdata:speed>3.931</gpxdata:speed>
    </extensions>
   </trkpt>
   <trkpt lat="43.5069377" lon="16.4416254">
    <ele>22</ele>
    <time>2026-08-07T09:57:42Z</time>
    <extensions>
     <gpxdata:distance>5708.50</gpxdata:distance>
     <gpxdata:speed>4.039</gpxdata:speed>
    </extensions>
   </trkpt>
   <trkpt lat="43.5069380" lon="16.4416788">
    <ele>23</ele>
    <time>2026-08-07T09:57:43Z</time>
    <extensions>
     <gpxdata:distance>5713.00</gpxdata:distance>
     <gpxdata:speed>4.131</gpxdata:speed>
    </extensions>
   </trkpt>
   <trkpt lat="43.5069382" lon="16.4417330">
    <ele>23</ele>
    <time>2026-08-07T09:57:44Z</time>
    <extensions>
     <gpxdata:distance>5717.00</gpxdata:distance>
     <gpxdata:speed>4.211</gpxdata:speed>
    </extensions>
   </trkpt>
   <trkpt lat="43.5069378" lon="16.4417865">
    <ele>23</ele>
    <time>2026-08-07T09:57:45Z</time>
    <extensions>
     <gpxdata:distance>5721.00</gpxdata:distance>
     <gpxdata:speed>4.281</gpxdata:speed>
    </extensions>
   </trkpt>
   <trkpt lat="43.5069373" lon="16.4418387">
    <ele>24</ele>
    <time>2026-08-07T09:57:46Z</time>
    <extensions>
     <gpxdata:distance>5725.50</gpxdata:distance>
     <gpxdata:speed>4.286</gpxdata:speed>
    </extensions>
   </trkpt>
   <trkpt lat="43.5069364" lon="16.4418897">
    <ele>24</ele>
    <time>2026-08-07T09:57:47Z</time>
    <extensions>
     <gpxdata:distance>5730.00</gpxdata:distance>
     <gpxdata:speed>4.256</gpxdata:speed>
    </extensions>
   </trkpt>
   <trkpt lat="43.5069355" lon="16.4419400">
    <ele>24</ele>
    <time>2026-08-07T09:57:48Z</time>
    <extensions>
     <gpxdata:distance>5734.00</gpxdata:distance>
     <gpxdata:speed>4.200</gpxdata:speed>
    </extensions>
   </trkpt>
   <trkpt lat="43.5069347" lon="16.4419892">
    <ele>24</ele>
    <time>2026-08-07T09:57:49Z</time>
    <extensions>
     <gpxdata:distance>5738.00</gpxdata:distance>
     <gpxdata:speed>4.150</gpxdata:speed>
    </extensions>
   </trkpt>
   <trkpt lat="43.5069338" lon="16.4420361">
    <ele>25</ele>
    <time>2026-08-07T09:57:50Z</time>
    <extensions>
     <gpxdata:distance>5741.50</gpxdata:distance>
     <gpxdata:speed>4.081</gpxdata:speed>
    </extensions>
   </trkpt>
   <trkpt lat="43.5069329" lon="16.4420798">
    <ele>25</ele>
    <time>2026-08-07T09:57:51Z</time>
    <extensions>
     <gpxdata:distance>5745.00</gpxdata:distance>
     <gpxdata:speed>3.950</gpxdata:speed>
    </extensions>
   </trkpt>
   <trkpt lat="43.5069317" lon="16.4421185">
    <ele>25</ele>
    <time>2026-08-07T09:57:52Z</time>
    <extensions>
     <gpxdata:distance>5748.00</gpxdata:distance>
     <gpxdata:speed>3.761</gpxdata:speed>
    </extensions>
   </trkpt>
   <trkpt lat="43.5069298" lon="16.4421476">
    <ele>25</ele>
    <time>2026-08-07T09:57:53Z</time>
    <extensions>
     <gpxdata:distance>5751.00</gpxdata:distance>
     <gpxdata:speed>3.136</gpxdata:speed>
    </extensions>
   </trkpt>
   <trkpt lat="43.5069286" lon="16.4421538">
    <ele>25</ele>
    <time>2026-08-07T09:57:54Z</time>
    <extensions>
     <gpxdata:distance>5751.50</gpxdata:distance>
     <gpxdata:speed>2.264</gpxdata:speed>
    </extensions>
   </trkpt>
   <trkpt lat="43.5069265" lon="16.4421600">
    <ele>26</ele>
    <time>2026-08-07T09:57:55Z</time>
    <extensions>
     <gpxdata:distance>5752.00</gpxdata:distance>
     <gpxdata:speed>1.239</gpxdata:speed>
    </extensions>
   </trkpt>
   <trkpt lat="43.5069230" lon="16.4421656">
    <ele>26</ele>
    <time>2026-08-07T09:57:56Z</time>
    <extensions>
     <gpxdata:distance>5752.00</gpxdata:distance>
     <gpxdata:speed>0.800</gpxdata:speed>
    </extensions>
   </trkpt>
   <trkpt lat="43.5069178" lon="16.4421703">
    <ele>26</ele>
    <time>2026-08-07T09:57:57Z</time>
    <extensions>
     <gpxdata:distance>5752.00</gpxdata:distance>
     <gpxdata:speed>0.717</gpxdata:speed>
    </extensions>
   </trkpt>
   <trkpt lat="43.5069112" lon="16.4421732">
    <ele>26</ele>
    <time>2026-08-07T09:57:58Z</time>
    <extensions>
     <gpxdata:distance>5753.50</gpxdata:distance>
     <gpxdata:speed>0.717</gpxdata:speed>
    </extensions>
   </trkpt>
   <trkpt lat="43.5069037" lon="16.4421748">
    <ele>26</ele>
    <time>2026-08-07T09:57:59Z</time>
    <extensions>
     <gpxdata:distance>5755.00</gpxdata:distance>
     <gpxdata:speed>0.861</gpxdata:speed>
    </extensions>
   </trkpt>
   <trkpt lat="43.5068961" lon="16.4421758">
    <ele>26</ele>
    <time>2026-08-07T09:58:00Z</time>
    <extensions>
     <gpxdata:distance>5756.00</gpxdata:distance>
     <gpxdata:speed>0.958</gpxdata:speed>
    </extensions>
   </trkpt>
   <trkpt lat="43.5068892" lon="16.4421774">
    <ele>26</ele>
    <time>2026-08-07T09:58:01Z</time>
    <extensions>
     <gpxdata:distance>5757.00</gpxdata:distance>
     <gpxdata:speed>0.953</gpxdata:speed>
    </extensions>
   </trkpt>
   <trkpt lat="43.5068840" lon="16.4421802">
    <ele>26</ele>
    <time>2026-08-07T09:58:02Z</time>
    <extensions>
     <gpxdata:distance>5757.50</gpxdata:distance>
     <gpxdata:speed>0.869</gpxdata:speed>
    </extensions>
   </trkpt>
   <trkpt lat="43.5068809" lon="16.4421846">
    <ele>26</ele>
    <time>2026-08-07T09:58:03Z</time>
    <extensions>
     <gpxdata:distance>5758.00</gpxdata:distance>
     <gpxdata:speed>0.747</gpxdata:speed>
    </extensions>
   </trkpt>
   <trkpt lat="43.5068801" lon="16.4421896">
    <ele>26</ele>
    <time>2026-08-07T09:58:04Z</time>
    <extensions>
     <gpxdata:distance>5758.00</gpxdata:distance>
     <gpxdata:speed>0.636</gpxdata:speed>
    </extensions>
   </trkpt>
   <trkpt lat="43.5068812" lon="16.4421933">
    <ele>26</ele>
    <time>2026-08-07T09:58:05Z</time>
    <extensions>
     <gpxdata:distance>5758.00</gpxdata:distance>
     <gpxdata:speed>0.636</gpxdata:speed>
    </extensions>
   </trkpt>
   <trkpt lat="43.5068838" lon="16.4421946">
    <ele>26</ele>
    <time>2026-08-07T09:58:06Z</time>
    <extensions>
     <gpxdata:distance>5758.50</gpxdata:distance>
     <gpxdata:speed>0.636</gpxdata:speed>
    </extensions>
   </trkpt>
   <trkpt lat="43.5068854" lon="16.4421939">
    <ele>26</ele>
    <time>2026-08-07T09:58:07Z</time>
    <extensions>
     <gpxdata:distance>5759.00</gpxdata:distance>
     <gpxdata:speed>0.644</gpxdata:speed>
    </extensions>
   </trkpt>
   <trkpt lat="43.5068870" lon="16.4421933">
    <ele>26</ele>
    <time>2026-08-07T09:58:08Z</time>
    <extensions>
     <gpxdata:distance>5759.50</gpxdata:distance>
     <gpxdata:speed>0.661</gpxdata:speed>
    </extensions>
   </trkpt>
   <trkpt lat="43.5069779" lon="16.4421917">
    <ele>26</ele>
    <time>2026-08-07T09:58:44Z</time>
    <extensions>
     <gpxdata:distance>5771.00</gpxdata:distance>
     <gpxdata:speed>1.086</gpxdata:speed>
    </extensions>
   </trkpt>
   <trkpt lat="43.5069872" lon="16.4421912">
    <ele>26</ele>
    <time>2026-08-07T09:58:45Z</time>
    <extensions>
     <gpxdata:distance>5771.00</gpxdata:distance>
     <gpxdata:speed>1.056</gpxdata:speed>
    </extensions>
   </trkpt>
   <trkpt lat="43.5069963" lon="16.4421904">
    <ele>26</ele>
    <time>2026-08-07T09:58:46Z</time>
    <extensions>
     <gpxdata:distance>5772.00</gpxdata:distance>
     <gpxdata:speed>1.033</gpxdata:speed>
    </extensions>
   </trkpt>
   <trkpt lat="43.5070057" lon="16.4421901">
    <ele>26</ele>
    <time>2026-08-07T09:58:47Z</time>
    <extensions>
     <gpxdata:distance>5773.00</gpxdata:distance>
     <gpxdata:speed>1.028</gpxdata:speed>
    </extensions>
   </trkpt>
   <trkpt lat="43.5070155" lon="16.4421905">
    <ele>26</ele>
    <time>2026-08-07T09:58:48Z</time>
    <extensions>
     <gpxdata:distance>5774.50</gpxdata:distance>
     <gpxdata:speed>1.047</gpxdata:speed>
    </extensions>
   </trkpt>
   <trkpt lat="43.5070252" lon="16.4421919">
    <ele>26</ele>
    <time>2026-08-07T09:58:49Z</time>
    <extensions>
     <gpxdata:distance>5776.00</gpxdata:distance>
     <gpxdata:speed>1.094</gpxdata:speed>
    </extensions>
   </trkpt>
   <trkpt lat="43.5070346" lon="16.4421947">
    <ele>26</ele>
    <time>2026-08-07T09:58:50Z</time>
    <extensions>
     <gpxdata:distance>5777.00</gpxdata:distance>
     <gpxdata:speed>1.100</gpxdata:speed>
    </extensions>
   </trkpt>
   <trkpt lat="43.5070436" lon="16.4422000">
    <ele>26</ele>
    <time>2026-08-07T09:58:51Z</time>
    <extensions>
     <gpxdata:distance>5778.00</gpxdata:distance>
     <gpxdata:speed>1.086</gpxdata:speed>
    </extensions>
   </trkpt>
   <trkpt lat="43.5070516" lon="16.4422085">
    <ele>26</ele>
    <time>2026-08-07T09:58:52Z</time>
    <extensions>
     <gpxdata:distance>5779.00</gpxdata:distance>
     <gpxdata:speed>1.133</gpxdata:speed>
    </extensions>
   </trkpt>
   <trkpt lat="43.5070580" lon="16.4422200">
    <ele>26</ele>
    <time>2026-08-07T09:58:53Z</time>
    <extensions>
     <gpxdata:distance>5780.00</gpxdata:distance>
     <gpxdata:speed>1.222</gpxdata:speed>
    </extensions>
   </trkpt>
   <trkpt lat="43.5070629" lon="16.4422332">
    <ele>26</ele>
    <time>2026-08-07T09:58:54Z</time>
    <extensions>
     <gpxdata:distance>5781.50</gpxdata:distance>
     <gpxdata:speed>1.303</gpxdata:speed>
    </extensions>
   </trkpt>
   <trkpt lat="43.5070676" lon="16.4422468">
    <ele>26</ele>
    <time>2026-08-07T09:58:55Z</time>
    <extensions>
     <gpxdata:distance>5783.00</gpxdata:distance>
     <gpxdata:speed>1.317</gpxdata:speed>
    </extensions>
   </trkpt>
   <trkpt lat="43.5070739" lon="16.4422600">
    <ele>26</ele>
    <time>2026-08-07T09:58:56Z</time>
    <extensions>
     <gpxdata:distance>5784.00</gpxdata:distance>
     <gpxdata:speed>1.319</gpxdata:speed>
    </extensions>
   </trkpt>
   <trkpt lat="43.5070819" lon="16.4422725">
    <ele>26</ele>
    <time>2026-08-07T09:58:57Z</time>
    <extensions>
     <gpxdata:distance>5785.00</gpxdata:distance>
     <gpxdata:speed>1.372</gpxdata:speed>
    </extensions>
   </trkpt>
   <trkpt lat="43.5070914" lon="16.4422845">
    <ele>26</ele>
    <time>2026-08-07T09:58:58Z</time>
    <extensions>
     <gpxdata:distance>5787.00</gpxdata:distance>
     <gpxdata:speed>1.436</gpxdata:speed>
    </extensions>
   </trkpt>
   <trkpt lat="43.5071022" lon="16.4422957">
    <ele>26</ele>
    <time>2026-08-07T09:58:59Z</time>
    <extensions>
     <gpxdata:distance>5789.00</gpxdata:distance>
     <gpxdata:speed>1.500</gpxdata:speed>
    </extensions>
   </trkpt>
   <trkpt lat="43.5071138" lon="16.4423059">
    <ele>26</ele>
    <time>2026-08-07T09:59:00Z</time>
    <extensions>
     <gpxdata:distance>5790.50</gpxdata:distance>
     <gpxdata:speed>1.556</gpxdata:speed>
    </extensions>
   </trkpt>
   <trkpt lat="43.5071258" lon="16.4423146">
    <ele>26</ele>
    <time>2026-08-07T09:59:01Z</time>
    <extensions>
     <gpxdata:distance>5792.00</gpxdata:distance>
     <gpxdata:speed>1.589</gpxdata:speed>
    </extensions>
   </trkpt>
   <trkpt lat="43.5071383" lon="16.4423217">
    <ele>26</ele>
    <time>2026-08-07T09:59:02Z</time>
    <extensions>
     <gpxdata:distance>5793.50</gpxdata:distance>
     <gpxdata:speed>1.569</gpxdata:speed>
    </extensions>
   </trkpt>
   <trkpt lat="43.5071512" lon="16.4423270">
    <ele>26</ele>
    <time>2026-08-07T09:59:03Z</time>
    <extensions>
     <gpxdata:distance>5795.00</gpxdata:distance>
     <gpxdata:speed>1.556</gpxdata:speed>
    </extensions>
   </trkpt>
   <trkpt lat="43.5071644" lon="16.4423308">
    <ele>26</ele>
    <time>2026-08-07T09:59:04Z</time>
    <extensions>
     <gpxdata:distance>5796.50</gpxdata:distance>
     <gpxdata:speed>1.558</gpxdata:speed>
    </extensions>
   </trkpt>
   <trkpt lat="43.5071771" lon="16.4423334">
    <ele>26</ele>
    <time>2026-08-07T09:59:05Z</time>
    <extensions>
     <gpxdata:distance>5798.00</gpxdata:distance>
     <gpxdata:speed>1.553</gpxdata:speed>
    </extensions>
   </trkpt>
   <trkpt lat="43.5071889" lon="16.4423349">
    <ele>26</ele>
    <time>2026-08-07T09:59:06Z</time>
    <extensions>
     <gpxdata:distance>5799.00</gpxdata:distance>
     <gpxdata:speed>1.475</gpxdata:speed>
    </extensions>
   </trkpt>
   <trkpt lat="43.5072002" lon="16.4423351">
    <ele>26</ele>
    <time>2026-08-07T09:59:07Z</time>
    <extensions>
     <gpxdata:distance>5800.00</gpxdata:distance>
     <gpxdata:speed>1.372</gpxdata:speed>
    </extensions>
   </trkpt>
   <trkpt lat="43.5072108" lon="16.4423345">
    <ele>26</ele>
    <time>2026-08-07T09:59:08Z</time>
    <extensions>
     <gpxdata:distance>5801.00</gpxdata:distance>
     <gpxdata:speed>1.300</gpxdata:speed>
    </extensions>
   </trkpt>
   <trkpt lat="43.5072211" lon="16.4423334">
    <ele>26</ele>
    <time>2026-08-07T09:59:09Z</time>
    <extensions>
     <gpxdata:distance>5802.00</gpxdata:distance>
     <gpxdata:speed>1.228</gpxdata:speed>
    </extensions>
   </trkpt>
   <trkpt lat="43.5072312" lon="16.4423319">
    <ele>26</ele>
    <time>2026-08-07T09:59:10Z</time>
    <extensions>
     <gpxdata:distance>5803.00</gpxdata:distance>
     <gpxdata:speed>1.167</gpxdata:speed>
    </extensions>
   </trkpt>
   <trkpt lat="43.5072415" lon="16.4423295">
    <ele>26</ele>
    <time>2026-08-07T09:59:11Z</time>
    <extensions>
     <gpxdata:distance>5804.00</gpxdata:distance>
     <gpxdata:speed>1.144</gpxdata:speed>
    </extensions>
   </trkpt>
   <trkpt lat="43.5072523" lon="16.4423260">
    <ele>26</ele>
    <time>2026-08-07T09:59:12Z</time>
    <extensions>
     <gpxdata:distance>5805.50</gpxdata:distance>
     <gpxdata:speed>1.175</gpxdata:speed>
    </extensions>
   </trkpt>
   <trkpt lat="43.5072638" lon="16.4423214">
    <ele>26</ele>
    <time>2026-08-07T09:59:13Z</time>
    <extensions>
     <gpxdata:distance>5807.00</gpxdata:distance>
     <gpxdata:speed>1.231</gpxdata:speed>
    </extensions>
   </trkpt>
   <trkpt lat="43.5072757" lon="16.4423159">
    <ele>26</ele>
    <time>2026-08-07T09:59:14Z</time>
    <extensions>
     <gpxdata:distance>5808.50</gpxdata:distance>
     <gpxdata:speed>1.314</gpxdata:speed>
    </extensions>
   </trkpt>
   <trkpt lat="43.5072873" lon="16.4423097">
    <ele>26</ele>
    <time>2026-08-07T09:59:15Z</time>
    <extensions>
     <gpxdata:distance>5810.00</gpxdata:distance>
     <gpxdata:speed>1.383</gpxdata:speed>
    </extensions>
   </trkpt>
   <trkpt lat="43.5072983" lon="16.4423030">
    <ele>26</ele>
    <time>2026-08-07T09:59:16Z</time>
    <extensions>
     <gpxdata:distance>5811.50</gpxdata:distance>
     <gpxdata:speed>1.389</gpxdata:speed>
    </extensions>
   </trkpt>
   <trkpt lat="43.5073086" lon="16.4422964">
    <ele>26</ele>
    <time>2026-08-07T09:59:17Z</time>
    <extensions>
     <gpxdata:distance>5813.00</gpxdata:distance>
     <gpxdata:speed>1.344</gpxdata:speed>
    </extensions>
   </trkpt>
   <trkpt lat="43.5073190" lon="16.4422901">
    <ele>26</ele>
    <time>2026-08-07T09:59:18Z</time>
    <extensions>
     <gpxdata:distance>5814.00</gpxdata:distance>
     <gpxdata:speed>1.286</gpxdata:speed>
    </extensions>
   </trkpt>
   <trkpt lat="43.5073298" lon="16.4422841">
    <ele>26</ele>
    <time>2026-08-07T09:59:19Z</time>
    <extensions>
     <gpxdata:distance>5815.00</gpxdata:distance>
     <gpxdata:speed>1.283</gpxdata:speed>
    </extensions>
   </trkpt>
   <trkpt lat="43.5073409" lon="16.4422791">
    <ele>26</ele>
    <time>2026-08-07T09:59:20Z</time>
    <extensions>
     <gpxdata:distance>5816.50</gpxdata:distance>
     <gpxdata:speed>1.306</gpxdata:speed>
    </extensions>
   </trkpt>
   <trkpt lat="43.5073523" lon="16.4422757">
    <ele>26</ele>
    <time>2026-08-07T09:59:21Z</time>
    <extensions>
     <gpxdata:distance>5818.00</gpxdata:distance>
     <gpxdata:speed>1.303</gpxdata:speed>
    </extensions>
   </trkpt>
   <trkpt lat="43.5073642" lon="16.4422735">
    <ele>26</ele>
    <time>2026-08-07T09:59:22Z</time>
    <extensions>
     <gpxdata:distance>5819.00</gpxdata:distance>
     <gpxdata:speed>1.325</gpxdata:speed>
    </extensions>
   </trkpt>
   <trkpt lat="43.5073763" lon="16.4422724">
    <ele>26</ele>
    <time>2026-08-07T09:59:23Z</time>
    <extensions>
     <gpxdata:distance>5820.00</gpxdata:distance>
     <gpxdata:speed>1.353</gpxdata:speed>
    </extensions>
   </trkpt>
   <trkpt lat="43.5073886" lon="16.4422720">
    <ele>26</ele>
    <time>2026-08-07T09:59:24Z</time>
    <extensions>
     <gpxdata:distance>5821.50</gpxdata:distance>
     <gpxdata:speed>1.356</gpxdata:speed>
    </extensions>
   </trkpt>
   <trkpt lat="43.5074011" lon="16.4422721">
    <ele>26</ele>
    <time>2026-08-07T09:59:25Z</time>
    <extensions>
     <gpxdata:distance>5823.00</gpxdata:distance>
     <gpxdata:speed>1.386</gpxdata:speed>
    </extensions>
   </trkpt>
   <trkpt lat="43.5074130" lon="16.4422722">
    <ele>26</ele>
    <time>2026-08-07T09:59:26Z</time>
    <extensions>
     <gpxdata:distance>5824.50</gpxdata:distance>
     <gpxdata:speed>1.394</gpxdata:speed>
    </extensions>
   </trkpt>
   <trkpt lat="43.5074248" lon="16.4422724">
    <ele>26</ele>
    <time>2026-08-07T09:59:27Z</time>
    <extensions>
     <gpxdata:distance>5826.00</gpxdata:distance>
     <gpxdata:speed>1.336</gpxdata:speed>
    </extensions>
   </trkpt>
   <trkpt lat="43.5074374" lon="16.4422728">
    <ele>26</ele>
    <time>2026-08-07T09:59:28Z</time>
    <extensions>
     <gpxdata:distance>5827.50</gpxdata:distance>
     <gpxdata:speed>1.328</gpxdata:speed>
    </extensions>
   </trkpt>
   <trkpt lat="43.5074513" lon="16.4422734">
    <ele>26</ele>
    <time>2026-08-07T09:59:29Z</time>
    <extensions>
     <gpxdata:distance>5829.00</gpxdata:distance>
     <gpxdata:speed>1.397</gpxdata:speed>
    </extensions>
   </trkpt>
   <trkpt lat="43.5074664" lon="16.4422747">
    <ele>26</ele>
    <time>2026-08-07T09:59:30Z</time>
    <extensions>
     <gpxdata:distance>5831.00</gpxdata:distance>
     <gpxdata:speed>1.531</gpxdata:speed>
    </extensions>
   </trkpt>
   <trkpt lat="43.5074823" lon="16.4422759">
    <ele>26</ele>
    <time>2026-08-07T09:59:31Z</time>
    <extensions>
     <gpxdata:distance>5833.00</gpxdata:distance>
     <gpxdata:speed>1.664</gpxdata:speed>
    </extensions>
   </trkpt>
   <trkpt lat="43.5074988" lon="16.4422773">
    <ele>26</ele>
    <time>2026-08-07T09:59:32Z</time>
    <extensions>
     <gpxdata:distance>5835.00</gpxdata:distance>
     <gpxdata:speed>1.747</gpxdata:speed>
    </extensions>
   </trkpt>
   <trkpt lat="43.5075157" lon="16.4422785">
    <ele>26</ele>
    <time>2026-08-07T09:59:33Z</time>
    <extensions>
     <gpxdata:distance>5837.00</gpxdata:distance>
     <gpxdata:speed>1.819</gpxdata:speed>
    </extensions>
   </trkpt>
   <trkpt lat="43.5075328" lon="16.4422791">
    <ele>26</ele>
    <time>2026-08-07T09:59:34Z</time>
    <extensions>
     <gpxdata:distance>5839.00</gpxdata:distance>
     <gpxdata:speed>1.875</gpxdata:speed>
    </extensions>
   </trkpt>
   <trkpt lat="43.5075495" lon="16.4422794">
    <ele>26</ele>
    <time>2026-08-07T09:59:35Z</time>
    <extensions>
     <gpxdata:distance>5841.00</gpxdata:distance>
     <gpxdata:speed>1.903</gpxdata:speed>
    </extensions>
   </trkpt>
   <trkpt lat="43.5075658" lon="16.4422796">
    <ele>26</ele>
    <time>2026-08-07T09:59:36Z</time>
    <extensions>
     <gpxdata:distance>5842.50</gpxdata:distance>
     <gpxdata:speed>1.875</gpxdata:speed>
    </extensions>
   </trkpt>
   <trkpt lat="43.5075814" lon="16.4422805">
    <ele>26</ele>
    <time>2026-08-07T09:59:37Z</time>
    <extensions>
     <gpxdata:distance>5844.00</gpxdata:distance>
     <gpxdata:speed>1.831</gpxdata:speed>
    </extensions>
   </trkpt>
   <trkpt lat="43.5075963" lon="16.4422823">
    <ele>26</ele>
    <time>2026-08-07T09:59:38Z</time>
    <extensions>
     <gpxdata:distance>5845.50</gpxdata:distance>
     <gpxdata:speed>1.775</gpxdata:speed>
    </extensions>
   </trkpt>
   <trkpt lat="43.5076100" lon="16.4422850">
    <ele>26</ele>
    <time>2026-08-07T09:59:39Z</time>
    <extensions>
     <gpxdata:distance>5847.00</gpxdata:distance>
     <gpxdata:speed>1.694</gpxdata:speed>
    </extensions>
   </trkpt>
   <trkpt lat="43.5076229" lon="16.4422881">
    <ele>26</ele>
    <time>2026-08-07T09:59:40Z</time>
    <extensions>
     <gpxdata:distance>5848.50</gpxdata:distance>
     <gpxdata:speed>1.589</gpxdata:speed>
    </extensions>
   </trkpt>
   <trkpt lat="43.5076355" lon="16.4422911">
    <ele>26</ele>
    <time>2026-08-07T09:59:41Z</time>
    <extensions>
     <gpxdata:distance>5850.00</gpxdata:distance>
     <gpxdata:speed>1.489</gpxdata:speed>
    </extensions>
   </trkpt>
   <trkpt lat="43.5076482" lon="16.4422939">
    <ele>26</ele>
    <time>2026-08-07T09:59:42Z</time>
    <extensions>
     <gpxdata:distance>5851.00</gpxdata:distance>
     <gpxdata:speed>1.447</gpxdata:speed>
    </extensions>
   </trkpt>
   <trkpt lat="43.5076612" lon="16.4422966">
    <ele>26</ele>
    <time>2026-08-07T09:59:43Z</time>
    <extensions>
     <gpxdata:distance>5852.00</gpxdata:distance>
     <gpxdata:speed>1.442</gpxdata:speed>
    </extensions>
   </trkpt>
   <trkpt lat="43.5076745" lon="16.4422994">
    <ele>26</ele>
    <time>2026-08-07T09:59:44Z</time>
    <extensions>
     <gpxdata:distance>5854.00</gpxdata:distance>
     <gpxdata:speed>1.456</gpxdata:speed>
    </extensions>
   </trkpt>
   <trkpt lat="43.5076883" lon="16.4423029">
    <ele>27</ele>
    <time>2026-08-07T09:59:45Z</time>
    <extensions>
     <gpxdata:distance>5856.00</gpxdata:distance>
     <gpxdata:speed>1.494</gpxdata:speed>
    </extensions>
   </trkpt>
   <trkpt lat="43.5077019" lon="16.4423075">
    <ele>27</ele>
    <time>2026-08-07T09:59:46Z</time>
    <extensions>
     <gpxdata:distance>5857.50</gpxdata:distance>
     <gpxdata:speed>1.542</gpxdata:speed>
    </extensions>
   </trkpt>
   <trkpt lat="43.5077151" lon="16.4423129">
    <ele>27</ele>
    <time>2026-08-07T09:59:47Z</time>
    <extensions>
     <gpxdata:distance>5859.00</gpxdata:distance>
     <gpxdata:speed>1.553</gpxdata:speed>
    </extensions>
   </trkpt>
   <trkpt lat="43.5077279" lon="16.4423192">
    <ele>27</ele>
    <time>2026-08-07T09:59:48Z</time>
    <extensions>
     <gpxdata:distance>5860.50</gpxdata:distance>
     <gpxdata:speed>1.542</gpxdata:speed>
    </extensions>
   </trkpt>
   <trkpt lat="43.5077406" lon="16.4423258">
    <ele>27</ele>
    <time>2026-08-07T09:59:49Z</time>
    <extensions>
     <gpxdata:distance>5862.00</gpxdata:distance>
     <gpxdata:speed>1.525</gpxdata:speed>
    </extensions>
   </trkpt>
   <trkpt lat="43.5077532" lon="16.4423327">
    <ele>27</ele>
    <time>2026-08-07T09:59:50Z</time>
    <extensions>
     <gpxdata:distance>5863.50</gpxdata:distance>
     <gpxdata:speed>1.525</gpxdata:speed>
    </extensions>
   </trkpt>
   <trkpt lat="43.5077656" lon="16.4423398">
    <ele>27</ele>
    <time>2026-08-07T09:59:51Z</time>
    <extensions>
     <gpxdata:distance>5865.00</gpxdata:distance>
     <gpxdata:speed>1.519</gpxdata:speed>
    </extensions>
   </trkpt>
   <trkpt lat="43.5077773" lon="16.4423469">
    <ele>27</ele>
    <time>2026-08-07T09:59:52Z</time>
    <extensions>
     <gpxdata:distance>5866.00</gpxdata:distance>
     <gpxdata:speed>1.497</gpxdata:speed>
    </extensions>
   </trkpt>
   <trkpt lat="43.5077887" lon="16.4423540">
    <ele>27</ele>
    <time>2026-08-07T09:59:53Z</time>
    <extensions>
     <gpxdata:distance>5867.00</gpxdata:distance>
     <gpxdata:speed>1.447</gpxdata:speed>
    </extensions>
   </trkpt>
   <trkpt lat="43.5078000" lon="16.4423608">
    <ele>27</ele>
    <time>2026-08-07T09:59:54Z</time>
    <extensions>
     <gpxdata:distance>5868.50</gpxdata:distance>
     <gpxdata:speed>1.403</gpxdata:speed>
    </extensions>
   </trkpt>
   <trkpt lat="43.5078109" lon="16.4423682">
    <ele>27</ele>
    <time>2026-08-07T09:59:55Z</time>
    <extensions>
     <gpxdata:distance>5870.00</gpxdata:distance>
     <gpxdata:speed>1.381</gpxdata:speed>
    </extensions>
   </trkpt>
   <trkpt lat="43.5078217" lon="16.4423754">
    <ele>27</ele>
    <time>2026-08-07T09:59:56Z</time>
    <extensions>
     <gpxdata:distance>5871.50</gpxdata:distance>
     <gpxdata:speed>1.369</gpxdata:speed>
    </extensions>
   </trkpt>
   <trkpt lat="43.5078325" lon="16.4423815">
    <ele>27</ele>
    <time>2026-08-07T09:59:57Z</time>
    <extensions>
     <gpxdata:distance>5873.00</gpxdata:distance>
     <gpxdata:speed>1.344</gpxdata:speed>
    </extensions>
   </trkpt>
   <trkpt lat="43.5078435" lon="16.4423865">
    <ele>27</ele>
    <time>2026-08-07T09:59:58Z</time>
    <extensions>
     <gpxdata:distance>5874.00</gpxdata:distance>
     <gpxdata:speed>1.317</gpxdata:speed>
    </extensions>
   </trkpt>
   <trkpt lat="43.5078546" lon="16.4423913">
    <ele>27</ele>
    <time>2026-08-07T09:59:59Z</time>
    <extensions>
     <gpxdata:distance>5875.00</gpxdata:distance>
     <gpxdata:speed>1.306</gpxdata:speed>
    </extensions>
   </trkpt>
   <trkpt lat="43.5078658" lon="16.4423969">
    <ele>27</ele>
    <time>2026-08-07T10:00:00Z</time>
    <extensions>
     <gpxdata:distance>5876.50</gpxdata:distance>
     <gpxdata:speed>1.308</gpxdata:speed>
    </extensions>
   </trkpt>
   <trkpt lat="43.5078772" lon="16.4424033">
    <ele>27</ele>
    <time>2026-08-07T10:00:01Z</time>
    <extensions>
     <gpxdata:distance>5878.00</gpxdata:distance>
     <gpxdata:speed>1.339</gpxdata:speed>
    </extensions>
   </trkpt>
   <trkpt lat="43.5078885" lon="16.4424100">
    <ele>27</ele>
    <time>2026-08-07T10:00:02Z</time>
    <extensions>
     <gpxdata:distance>5879.50</gpxdata:distance>
     <gpxdata:speed>1.369</gpxdata:speed>
    </extensions>
   </trkpt>
   <trkpt lat="43.5078993" lon="16.4424162">
    <ele>27</ele>
    <time>2026-08-07T10:00:03Z</time>
    <extensions>
     <gpxdata:distance>5881.00</gpxdata:distance>
     <gpxdata:speed>1.369</gpxdata:speed>
    </extensions>
   </trkpt>
   <trkpt lat="43.5079096" lon="16.4424217">
    <ele>28</ele>
    <time>2026-08-07T10:00:04Z</time>
    <extensions>
     <gpxdata:distance>5882.00</gpxdata:distance>
     <gpxdata:speed>1.314</gpxdata:speed>
    </extensions>
   </trkpt>
   <trkpt lat="43.5079195" lon="16.4424273">
    <ele>28</ele>
    <time>2026-08-07T10:00:05Z</time>
    <extensions>
     <gpxdata:distance>5883.00</gpxdata:distance>
     <gpxdata:speed>1.239</gpxdata:speed>
    </extensions>
   </trkpt>
   <trkpt lat="43.5079295" lon="16.4424333">
    <ele>28</ele>
    <time>2026-08-07T10:00:06Z</time>
    <extensions>
     <gpxdata:distance>5884.00</gpxdata:distance>
     <gpxdata:speed>1.206</gpxdata:speed>
    </extensions>
   </trkpt>
   <trkpt lat="43.5079394" lon="16.4424399">
    <ele>28</ele>
    <time>2026-08-07T10:00:07Z</time>
    <extensions>
     <gpxdata:distance>5885.00</gpxdata:distance>
     <gpxdata:speed>1.222</gpxdata:speed>
    </extensions>
   </trkpt>
   <trkpt lat="43.5079492" lon="16.4424469">
    <ele>28</ele>
    <time>2026-08-07T10:00:08Z</time>
    <extensions>
     <gpxdata:distance>5886.50</gpxdata:distance>
     <gpxdata:speed>1.228</gpxdata:speed>
    </extensions>
   </trkpt>
   <trkpt lat="43.5079580" lon="16.4424538">
    <ele>28</ele>
    <time>2026-08-07T10:00:09Z</time>
    <extensions>
     <gpxdata:distance>5888.00</gpxdata:distance>
     <gpxdata:speed>1.228</gpxdata:speed>
    </extensions>
   </trkpt>
   <trkpt lat="43.5079284" lon="16.4425589">
    <ele>28</ele>
    <time>2026-08-07T10:00:27Z</time>
    <extensions>
     <gpxdata:distance>5899.00</gpxdata:distance>
     <gpxdata:speed>0.931</gpxdata:speed>
    </extensions>
   </trkpt>
   <trkpt lat="43.5079258" lon="16.4425725">
    <ele>28</ele>
    <time>2026-08-07T10:00:28Z</time>
    <extensions>
     <gpxdata:distance>5899.00</gpxdata:distance>
     <gpxdata:speed>1.075</gpxdata:speed>
    </extensions>
   </trkpt>
   <trkpt lat="43.5079239" lon="16.4425846">
    <ele>28</ele>
    <time>2026-08-07T10:00:29Z</time>
    <extensions>
     <gpxdata:distance>5899.50</gpxdata:distance>
     <gpxdata:speed>1.078</gpxdata:speed>
    </extensions>
   </trkpt>
  </trkseg>
 </trk>
</gpx>
